# Fix print output for fix f5
-7.12360943793258 1
-7.12348311180722 0.9999
-7.12334720152421 0.9998
-7.12321052267859 0.9997
-7.12309707885597 0.9996
-7.12298967297875 0.9995
-7.12292403754442 0.9994
-7.12286055480299 0.9993
-7.12283941644397 0.9992
-7.12286630242107 0.9991
-7.12288954972847 0.999
-7.12294165725336 0.9989
-7.1230096864958 0.9988
-7.12308281608704 0.9987
-7.1231585168052 0.9986
-7.12321223509338 0.9985
-7.12323508878252 0.9984
-7.12326070844466 0.9983
-7.12330142419178 0.9982
-7.12333431705328 0.9981
-7.12336182770772 0.998
-7.12337132902926 0.9979
-7.12336942797898 0.9978
-7.12337065325168 0.9977
-7.12336524552668 0.9976
-7.12337464006206 0.9975
-7.123399464137 0.9974
-7.12340321012168 0.9973
-7.12338935048326 0.9972
-7.12337531566856 0.9971
-7.12334590654185 0.997
-7.1233490207463 0.9969
-7.12333648394611 0.9968
-7.12332541697862 0.9967
-7.12327899643022 0.9966
-7.12325470821707 0.9965
-7.12325388736538 0.9964
-7.12325253082914 0.9963
-7.12325991731292 0.9962
-7.12326529728011 0.9961
-7.12327384222153 0.996
-7.12329189744775 0.9959
-7.12331218840659 0.9958
-7.12332426571659 0.9957
-7.12333795805402 0.9956
-7.1233479118655 0.9955
-7.12335543832535 0.9954
-7.12337900167392 0.9953
-7.12341101702763 0.9952
-7.12343501916067 0.9951
-7.12344227738204 0.995
-7.123456581657 0.9949
-7.12348313083716 0.9948
-7.12351398019833 0.9947
-7.12353796745244 0.9946
-7.12356575981645 0.9945
-7.12362056543165 0.9944
-7.12368162110413 0.9943
-7.12371225464735 0.9942
-7.12374766265872 0.9941
-7.12381586507154 0.994
-7.12390671519271 0.9939
-7.12403221689071 0.9938
-7.12416464126534 0.9937
-7.12430047992982 0.9936
-7.12443864878788 0.9935
-7.12456478171597 0.9934
-7.12467400651295 0.9933
-7.12478316787854 0.9932
-7.12490974001617 0.9931
-7.12500382727032 0.993
-7.1251022873404 0.9929
-7.12518445213341 0.9928
-7.12527354725804 0.9927
-7.12532377442092 0.9926
-7.12534682283222 0.9925
-7.12533303042757 0.9924
-7.12530610400446 0.9923
-7.12524743781712 0.9922
-7.12516742340207 0.9921
-7.12506332773239 0.992
-7.12495186235996 0.9919
-7.12483097068228 0.9918
-7.12471955147051 0.9917
-7.12459881984478 0.9916
-7.12448247742522 0.9915
-7.1243812428187 0.9914
-7.1242723779642 0.9913
-7.12417186200391 0.9912
-7.12406904337259 0.9911
-7.12396803162557 0.991
-7.12388465694102 0.9909
-7.12380244693008 0.9908
-7.12369718153715 0.9907
-7.12358975637364 0.9906
-7.12347392484239 0.9905
-7.12333755008385 0.9904
-7.12322361597423 0.9903
-7.12304503706896 0.9902
-7.12286465286889 0.9901
-7.12267837609011 0.99
-7.12247210626492 0.9899
-7.12225016349262 0.9898
-7.12207403987497 0.9897
-7.12190278768729 0.9896
-7.12174436884428 0.9895
-7.1215670886797 0.9894
-7.12143411316586 0.9893
-7.12132957866097 0.9892
-7.12123494108127 0.9891
-7.12113754053019 0.989
-7.12106232634244 0.9889
-7.12099832130824 0.9888
-7.12096830150353 0.9887
-7.12096304404096 0.9886
-7.12098031579277 0.9885
-7.12102752035183 0.9884
-7.12109749418989 0.9883
-7.12120003473996 0.9882
-7.12133715958631 0.9881
-7.12146937777857 0.988
-7.12163342650757 0.9879
-7.12182924698026 0.9878
-7.12205180301756 0.9877
-7.12225019126094 0.9876
-7.12244824905464 0.9875
-7.12263057260158 0.9874
-7.12281299378546 0.9873
-7.12299233654726 0.9872
-7.12315713152769 0.9871
-7.12332168008582 0.987
-7.12349367281095 0.9869
-7.12363940039525 0.9868
-7.12377959404354 0.9867
-7.12387544213811 0.9866
-7.12395462156514 0.9865
-7.1240236306894 0.9864
-7.12405355026482 0.9863
-7.12405072278846 0.9862
-7.12401496392654 0.9861
-7.12394516411182 0.986
-7.12384572394928 0.9859
-7.12372180120889 0.9858
-7.12360123914704 0.9857
-7.12347677853081 0.9856
-7.12336040422718 0.9855
-7.12322414337259 0.9854
-7.12310427860342 0.9853
-7.12301116514339 0.9852
-7.12288441017288 0.9851
-7.12276768000905 0.985
-7.12266851100149 0.9849
-7.12257116472903 0.9848
-7.1224858811898 0.9847
-7.12242805574184 0.9846
-7.12237524738795 0.9845
-7.12232774277877 0.9844
-7.1222898711984 0.9843
-7.1222636799291 0.9842
-7.12227114339285 0.9841
-7.12230130753729 0.984
-7.12233154427572 0.9839
-7.12236504315164 0.9838
-7.12241932281098 0.9837
-7.12243727690092 0.9836
-7.12243627586536 0.9835
-7.12246023136923 0.9834
-7.12247529447576 0.9833
-7.12249870418904 0.9832
-7.12247872444678 0.9831
-7.12248122131201 0.983
-7.12250879975538 0.9829
-7.12252554991542 0.9828
-7.1225469166418 0.9827
-7.12255918000678 0.9826
-7.12257636622943 0.9825
-7.12260085803299 0.9824
-7.12261550478222 0.9823
-7.12263756934037 0.9822
-7.12266592412183 0.9821
-7.12267313797436 0.982
-7.12269484032573 0.9819
-7.12271018396017 0.9818
-7.12270596493078 0.9817
-7.12270945054559 0.9816
-7.12273702025518 0.9815
-7.12277074002484 0.9814
-7.12284186538389 0.9813
-7.12292317366043 0.9812
-7.12301203074009 0.9811
-7.12315300804797 0.981
-7.12331137927815 0.9809
-7.12346981423997 0.9808
-7.12367732195807 0.9807
-7.12389642731257 0.9806
-7.12411041856872 0.9805
-7.12434672427971 0.9804
-7.12459342170204 0.9803
-7.12484988695789 0.9802
-7.12511203083665 0.9801
-7.12534908818074 0.98
-7.12555246821516 0.9799
-7.12575543532838 0.9798
-7.12596164365119 0.9797
-7.12611996434114 0.9796
-7.12626096111881 0.9795
-7.12637753945516 0.9794
-7.12647847208748 0.9793
-7.12652620601397 0.9792
-7.12651896717234 0.9791
-7.12648283815032 0.979
-7.12644005288006 0.9789
-7.1263665015604 0.9788
-7.12625809339668 0.9787
-7.12609351231029 0.9786
-7.12588055752777 0.9785
-7.12562353968488 0.9784
-7.1253550784233 0.9783
-7.12505711203265 0.9782
-7.12476204594514 0.9781
-7.12445049226792 0.978
-7.12414667978264 0.9779
-7.12386057578835 0.9778
-7.12357144111165 0.9777
-7.12331050539653 0.9776
-7.12305888104383 0.9775
-7.12279060272831 0.9774
-7.12254766456229 0.9773
-7.12235969185108 0.9772
-7.12221603356681 0.9771
-7.12207153911244 0.977
-7.12196283734285 0.9769
-7.12186542425945 0.9768
-7.12176976224167 0.9767
-7.12166496274508 0.9766
-7.1215795443414 0.9765
-7.12151647484592 0.9764
-7.12149186379355 0.9763
-7.12151824646291 0.9762
-7.12158349158665 0.9761
-7.12168686636124 0.976
-7.12182070785644 0.9759
-7.12199941313108 0.9758
-7.12218198091804 0.9757
-7.12236642784188 0.9756
-7.12257849086406 0.9755
-7.12277572142467 0.9754
-7.12293757412887 0.9753
-7.12309923170049 0.9752
-7.12328355563996 0.9751
-7.12347721311052 0.975
-7.12365621960956 0.9749
-7.1238366147607 0.9748
-7.1240276344003 0.9747
-7.12421106358419 0.9746
-7.12440373976597 0.9745
-7.1245784164203 0.9744
-7.12477283426806 0.9743
-7.1249484557924 0.9742
-7.12507889086913 0.9741
-7.12523442271108 0.974
-7.12538845506391 0.9739
-7.12554013515964 0.9738
-7.12566191852672 0.9737
-7.1257783932712 0.9736
-7.12589983144752 0.9735
-7.12600652082626 0.9734
-7.12608268570524 0.9733
-7.12617198255584 0.9732
-7.12628321155965 0.9731
-7.12642611928815 0.973
-7.12654871428282 0.9729
-7.12664845385964 0.9728
-7.12675311155017 0.9727
-7.12682768566175 0.9726
-7.12692138128418 0.9725
-7.12700252763385 0.9724
-7.12709874550768 0.9723
-7.12722670490075 0.9722
-7.1273712648968 0.9721
-7.12754845354609 0.972
-7.12775501124334 0.9719
-7.12796746312267 0.9718
-7.12816957613359 0.9717
-7.12835895501033 0.9716
-7.12852705614534 0.9715
-7.1286523489389 0.9714
-7.12877718073132 0.9713
-7.12889695487468 0.9712
-7.1290014866814 0.9711
-7.12907689461786 0.971
-7.12912298443039 0.9709
-7.12916344470761 0.9708
-7.12917690517357 0.9707
-7.12918301980062 0.9706
-7.12918998218311 0.9705
-7.12924004769235 0.9704
-7.12928180445337 0.9703
-7.12930131827452 0.9702
-7.12931609094553 0.9701
-7.12934712937522 0.97
-7.12937858492898 0.9699
-7.12942540922475 0.9698
-7.12945328249579 0.9697
-7.12947958525532 0.9696
-7.1294984509405 0.9695
-7.12950499945973 0.9694
-7.12950474533793 0.9693
-7.1295213439837 0.9692
-7.12952537135945 0.9691
-7.12951595105252 0.969
-7.12954159760281 0.9689
-7.12957038410701 0.9688
-7.12961042938392 0.9687
-7.12964861021019 0.9686
-7.12967969249481 0.9685
-7.12971573891 0.9684
-7.12976620917334 0.9683
-7.12981895974036 0.9682
-7.12986160934825 0.9681
-7.12988149868202 0.968
-7.12990340952049 0.9679
-7.12992813525254 0.9678
-7.12994815649017 0.9677
-7.12999901178875 0.9676
-7.13004045511019 0.9675
-7.13007776159318 0.9674
-7.13013627445475 0.9673
-7.13020417365725 0.9672
-7.13026037021021 0.9671
-7.13030240520941 0.967
-7.13034738582295 0.9669
-7.13037379018581 0.9668
-7.13036315090011 0.9667
-7.13034617361108 0.9666
-7.1302910062152 0.9665
-7.13022662532349 0.9664
-7.13016744535532 0.9663
-7.13009378224999 0.9662
-7.12997712144236 0.9661
-7.12986024883675 0.966
-7.12973422627373 0.9659
-7.12959120581579 0.9658
-7.12941715159707 0.9657
-7.1292136761997 0.9656
-7.12900226546754 0.9655
-7.12877219635852 0.9654
-7.12852245010827 0.9653
-7.12828839989646 0.9652
-7.1280701214615 0.9651
-7.12782364629459 0.965
-7.12758398095237 0.9649
-7.12736863204754 0.9648
-7.12716026370649 0.9647
-7.12699872707232 0.9646
-7.12682598621108 0.9645
-7.12668189807335 0.9644
-7.12658943211882 0.9643
-7.12650475977822 0.9642
-7.12640773415692 0.9641
-7.12633830680851 0.964
-7.12625176201502 0.9639
-7.12615960944641 0.9638
-7.12606428494971 0.9637
-7.1259988890772 0.9636
-7.12598816838941 0.9635
-7.12599932015067 0.9634
-7.12601501323905 0.9633
-7.12604546082816 0.9632
-7.12611698465184 0.9631
-7.12621502879524 0.963
-7.1263439488832 0.9629
-7.12645940526833 0.9628
-7.12656719298419 0.9627
-7.12670673197484 0.9626
-7.12684381847868 0.9625
-7.12700177475646 0.9624
-7.12715157417003 0.9623
-7.12731958686292 0.9622
-7.12748177157155 0.9621
-7.12764625923154 0.962
-7.12780155501191 0.9619
-7.12793139622592 0.9618
-7.12808860030394 0.9617
-7.12825708884836 0.9616
-7.12840903959458 0.9615
-7.12852972593058 0.9614
-7.12862847306542 0.9613
-7.12871516170868 0.9612
-7.12880837106038 0.9611
-7.12887825027486 0.961
-7.1289449832783 0.9609
-7.12898156627394 0.9608
-7.12899116888274 0.9607
-7.12896972927787 0.9606
-7.12895677185457 0.9605
-7.12893877535803 0.9604
-7.1289012487677 0.9603
-7.12886453010113 0.9602
-7.12883513269449 0.9601
-7.12882278989474 0.96
-7.12878845167952 0.9599
-7.12876834610085 0.9598
-7.12875541236787 0.9597
-7.12873262899023 0.9596
-7.12870917799546 0.9595
-7.12868804485259 0.9594
-7.12868314934502 0.9593
-7.12866573825038 0.9592
-7.12861718590136 0.9591
-7.12853542648557 0.959
-7.12841879562744 0.9589
-7.12830694961935 0.9588
-7.1282033321242 0.9587
-7.12809828278199 0.9586
-7.12801162096448 0.9585
-7.12792442887649 0.9584
-7.12783012079984 0.9583
-7.12773263720016 0.9582
-7.12759866998892 0.9581
-7.12745433290996 0.958
-7.12731040456713 0.9579
-7.12716125847561 0.9578
-7.12702760129327 0.9577
-7.12688548912859 0.9576
-7.12673361915294 0.9575
-7.1265749638116 0.9574
-7.12643962538279 0.9573
-7.12630188486537 0.9572
-7.12619590349658 0.9571
-7.12612111952959 0.957
-7.12608015550002 0.9569
-7.12602200453325 0.9568
-7.12597172825923 0.9567
-7.12594494513626 0.9566
-7.12593482366157 0.9565
-7.12594841306797 0.9564
-7.12595001198033 0.9563
-7.12600349233726 0.9562
-7.1261036106287 0.9561
-7.12622908231547 0.956
-7.12635824347321 0.9559
-7.12651096474737 0.9558
-7.1266786077629 0.9557
-7.12684708898168 0.9556
-7.12701621155292 0.9555
-7.12716739649789 0.9554
-7.1272974461254 0.9553
-7.12741112354792 0.9552
-7.1274957433642 0.9551
-7.12759430250562 0.955
-7.12769246140041 0.9549
-7.1277964794528 0.9548
-7.12791556677968 0.9547
-7.1279866885146 0.9546
-7.12805969768447 0.9545
-7.12811323947551 0.9544
-7.1281381962274 0.9543
-7.12811013777905 0.9542
-7.12809995218467 0.9541
-7.1280958655801 0.954
-7.12806148744471 0.9539
-7.12801109941192 0.9538
-7.12792810682796 0.9537
-7.1278409297026 0.9536
-7.12775620593621 0.9535
-7.12770254445259 0.9534
-7.1276560931888 0.9533
-7.12763560873368 0.9532
-7.12762037807645 0.9531
-7.12763002788297 0.953
-7.12770503892935 0.9529
-7.12781550021253 0.9528
-7.12795326311863 0.9527
-7.12810405422982 0.9526
-7.12825817267246 0.9525
-7.12844476169232 0.9524
-7.12866951271947 0.9523
-7.12893524067723 0.9522
-7.12922226616866 0.9521
-7.12949736670922 0.952
-7.12980213948215 0.9519
-7.13012364392582 0.9518
-7.13045907973386 0.9517
-7.13079922094506 0.9516
-7.13113214261174 0.9515
-7.13148438782815 0.9514
-7.13181504779468 0.9513
-7.13211600378753 0.9512
-7.13237561960265 0.9511
-7.13259511618453 0.951
-7.13280419513366 0.9509
-7.13300031555582 0.9508
-7.13319935736741 0.9507
-7.13341688385173 0.9506
-7.13361915733898 0.9505
-7.13380046544451 0.9504
-7.13394544586045 0.9503
-7.13407252315591 0.9502
-7.1341392171878 0.9501
-7.13416297379587 0.95
-7.13420076897047 0.9499
-7.13417436354445 0.9498
-7.134139560798 0.9497
-7.13410296983867 0.9496
-7.13406163480555 0.9495
-7.13400299189047 0.9494
-7.13392834375712 0.9493
-7.13383237894835 0.9492
-7.13374529972152 0.9491
-7.13365618900446 0.949
-7.13357337246204 0.9489
-7.13350354365442 0.9488
-7.1334353537751 0.9487
-7.13336999190446 0.9486
-7.13332661552615 0.9485
-7.13330195647901 0.9484
-7.13329665441967 0.9483
-7.13329748097368 0.9482
-7.13331412888054 0.9481
-7.13333875571674 0.948
-7.13337779081669 0.9479
-7.13344019693202 0.9478
-7.13349898087199 0.9477
-7.13357568707544 0.9476
-7.13364392712006 0.9475
-7.13371058778508 0.9474
-7.13378036956888 0.9473
-7.13384355853367 0.9472
-7.13389162857242 0.9471
-7.13394500057336 0.947
-7.13395014940446 0.9469
-7.13393717001864 0.9468
-7.13391051928452 0.9467
-7.13383470684762 0.9466
-7.13375486236413 0.9465
-7.13367065557068 0.9464
-7.13354908657478 0.9463
-7.13343109844589 0.9462
-7.13332328286042 0.9461
-7.13319526985581 0.946
-7.13306044965485 0.9459
-7.13291342747076 0.9458
-7.13278277644217 0.9457
-7.13265496118782 0.9456
-7.13254703207126 0.9455
-7.13243312176092 0.9454
-7.13235176487946 0.9453
-7.13228051845948 0.9452
-7.13223664741504 0.9451
-7.13222586064188 0.945
-7.1322278581521 0.9449
-7.13225120955497 0.9448
-7.13228742935237 0.9447
-7.13234396657214 0.9446
-7.1324187067712 0.9445
-7.1325090932715 0.9444
-7.13258778074498 0.9443
-7.1326595248621 0.9442
-7.13273987414557 0.9441
-7.13282331606535 0.944
-7.13291316815737 0.9439
-7.13300554472816 0.9438
-7.13311241551473 0.9437
-7.13323772489306 0.9436
-7.13339351959482 0.9435
-7.13352424653072 0.9434
-7.13363819185663 0.9433
-7.13376132775444 0.9432
-7.13388169132379 0.9431
-7.13401428724679 0.943
-7.13412844255371 0.9429
-7.13420271447371 0.9428
-7.13425255278051 0.9427
-7.13428075993668 0.9426
-7.13427031514331 0.9425
-7.13425293345642 0.9424
-7.13420060771412 0.9423
-7.13413840058118 0.9422
-7.13410856211793 0.9421
-7.13409690959911 0.942
-7.13405815761307 0.9419
-7.13400080786525 0.9418
-7.133935806501 0.9417
-7.13389434125179 0.9416
-7.13385995342704 0.9415
-7.13380939145084 0.9414
-7.13375352448871 0.9413
-7.13369916366475 0.9412
-7.1336398471208 0.9411
-7.13355001022683 0.941
-7.13346043840066 0.9409
-7.1333618507466 0.9408
-7.13329654626608 0.9407
-7.13323402638877 0.9406
-7.13318185635474 0.9405
-7.13311814952572 0.9404
-7.13307555129607 0.9403
-7.13303739470581 0.9402
-7.13300896201849 0.9401
-7.13297643486184 0.94
-7.13295826735443 0.9399
-7.13295101150537 0.9398
-7.13293571727957 0.9397
-7.13293423309686 0.9396
-7.13292176970563 0.9395
-7.13291535353772 0.9394
-7.13293119141555 0.9393
-7.13294001270118 0.9392
-7.13294348561224 0.9391
-7.13297601703578 0.939
-7.13301783016045 0.9389
-7.13305843507901 0.9388
-7.13308280535664 0.9387
-7.1331147826892 0.9386
-7.1331793358058 0.9385
-7.13325183361127 0.9384
-7.13331269766955 0.9383
-7.13340407264881 0.9382
-7.1334904261201 0.9381
-7.13356803825083 0.938
-7.13366485942559 0.9379
-7.13373591515234 0.9378
-7.13380713641978 0.9377
-7.13388219094663 0.9376
-7.1339279900587 0.9375
-7.13397561092232 0.9374
-7.13401727546214 0.9373
-7.134040540088 0.9372
-7.13406606561554 0.9371
-7.1340900684597 0.937
-7.13409084302133 0.9369
-7.1340900776162 0.9368
-7.13407979234916 0.9367
-7.13405462316379 0.9366
-7.13400390349812 0.9365
-7.13394028376478 0.9364
-7.13384658770948 0.9363
-7.13375215644401 0.9362
-7.13366007230977 0.9361
-7.13358456150292 0.936
-7.13350426193997 0.9359
-7.13342276548423 0.9358
-7.13332284479956 0.9357
-7.1332051140143 0.9356
-7.133050288689 0.9355
-7.1329128909637 0.9354
-7.1327657503668 0.9353
-7.13262809824559 0.9352
-7.13248704460537 0.9351
-7.13236745250501 0.935
-7.1322457272564 0.9349
-7.13210883825182 0.9348
-7.13194881709288 0.9347
-7.13181823598911 0.9346
-7.13170475528913 0.9345
-7.13161932420098 0.9344
-7.1315762547157 0.9343
-7.13154364424738 0.9342
-7.13154132118132 0.9341
-7.13152960866972 0.934
-7.13151863575587 0.9339
-7.13152849896933 0.9338
-7.13150227056745 0.9337
-7.13148850517625 0.9336
-7.13148856953995 0.9335
-7.13150163542234 0.9334
-7.13153990781755 0.9333
-7.13156128021187 0.9332
-7.13154398561523 0.9331
-7.13155750990618 0.933
-7.13157016750992 0.9329
-7.13160938882877 0.9328
-7.13166949805079 0.9327
-7.13176280949713 0.9326
-7.13187189740735 0.9325
-7.13197230627695 0.9324
-7.13206119060665 0.9323
-7.13215715730224 0.9322
-7.13227398556678 0.9321
-7.13240285752678 0.932
-7.13256444676953 0.9319
-7.13273484444049 0.9318
-7.13289591649271 0.9317
-7.13306391874723 0.9316
-7.13324199020351 0.9315
-7.13342763391103 0.9314
-7.13361408386145 0.9313
-7.13381094225376 0.9312
-7.13400315673099 0.9311
-7.13419217130037 0.931
-7.13437250731866 0.9309
-7.13457441365427 0.9308
-7.13475528066467 0.9307
-7.13495797043193 0.9306
-7.13512730505692 0.9305
-7.13529501486502 0.9304
-7.13545249067118 0.9303
-7.13560319508219 0.9302
-7.13574899688343 0.9301
-7.13587971057389 0.93
-7.13600548741244 0.9299
-7.13610689157582 0.9298
-7.13619350519568 0.9297
-7.1362679826382 0.9296
-7.13631123097927 0.9295
-7.13634631784466 0.9294
-7.13637060078295 0.9293
-7.13638446458755 0.9292
-7.13639346988576 0.9291
-7.13637973479654 0.929
-7.13636400972663 0.9289
-7.13630770449067 0.9288
-7.13622710527544 0.9287
-7.13616202095039 0.9286
-7.13611201436349 0.9285
-7.13603741162822 0.9284
-7.13596522357074 0.9283
-7.13589928649635 0.9282
-7.13583125233967 0.9281
-7.13575746209757 0.928
-7.13566708771346 0.9279
-7.13556739255551 0.9278
-7.13546300373428 0.9277
-7.13534621707725 0.9276
-7.13520558182487 0.9275
-7.13508012246946 0.9274
-7.134989159647 0.9273
-7.13493869844826 0.9272
-7.13487587260636 0.9271
-7.13481319494291 0.927
-7.13475959458206 0.9269
-7.13471899429981 0.9268
-7.13470415746442 0.9267
-7.13467318030585 0.9266
-7.13465336345937 0.9265
-7.13464854111763 0.9264
-7.13467212596474 0.9263
-7.13468352984813 0.9262
-7.13469030138319 0.9261
-7.13470709329621 0.926
-7.13474613507695 0.9259
-7.13475124178918 0.9258
-7.13475564393187 0.9257
-7.13473372806483 0.9256
-7.13468789293806 0.9255
-7.13461290339873 0.9254
-7.13449712072196 0.9253
-7.13434198789205 0.9252
-7.13417562661827 0.9251
-7.13401691497288 0.925
-7.13383703100317 0.9249
-7.13365081421819 0.9248
-7.13346988935437 0.9247
-7.13328783198775 0.9246
-7.13312507109369 0.9245
-7.13297326107151 0.9244
-7.13284511521803 0.9243
-7.13273997156465 0.9242
-7.1326467675634 0.9241
-7.13259168819885 0.924
-7.13255114677955 0.9239
-7.13251791564635 0.9238
-7.13252403792879 0.9237
-7.13252112949496 0.9236
-7.13255041871668 0.9235
-7.13263076072067 0.9234
-7.13272113884482 0.9233
-7.13282339707297 0.9232
-7.13294300202747 0.9231
-7.1330771559154 0.923
-7.13326407487967 0.9229
-7.13347706524234 0.9228
-7.13367625330576 0.9227
-7.1338829629949 0.9226
-7.13409975261747 0.9225
-7.13432400259894 0.9224
-7.13453926086418 0.9223
-7.13476357101478 0.9222
-7.13498045227609 0.9221
-7.13518697696777 0.922
-7.13537151309448 0.9219
-7.13551219562964 0.9218
-7.1356492822614 0.9217
-7.13575597177053 0.9216
-7.13585569919523 0.9215
-7.13595409672854 0.9214
-7.13606143988493 0.9213
-7.13617200338594 0.9212
-7.13626567512356 0.9211
-7.13633364877937 0.921
-7.13637589065922 0.9209
-7.13642662989286 0.9208
-7.13647341510423 0.9207
-7.13651824086611 0.9206
-7.13654470268662 0.9205
-7.13656189144866 0.9204
-7.13657977129986 0.9203
-7.13657438768239 0.9202
-7.13657189907687 0.9201
-7.1365426100536 0.92
-7.13652182488749 0.9199
-7.13648395824375 0.9198
-7.13643604844637 0.9197
-7.13636865612352 0.9196
-7.13627955349624 0.9195
-7.13617282390778 0.9194
-7.13608650315525 0.9193
-7.13600298688514 0.9192
-7.13592874192447 0.9191
-7.13584683351735 0.919
-7.13578669941212 0.9189
-7.13573129149488 0.9188
-7.13568443940856 0.9187
-7.13562755992521 0.9186
-7.1355742650076 0.9185
-7.1355303188204 0.9184
-7.13549212276728 0.9183
-7.13546848648703 0.9182
-7.13544784982261 0.9181
-7.13543240837014 0.918
-7.13540571435162 0.9179
-7.1353903612937 0.9178
-7.13536852837622 0.9177
-7.135342144089 0.9176
-7.13529304827154 0.9175
-7.13527501625616 0.9174
-7.13526556718801 0.9173
-7.13526593143011 0.9172
-7.1352725536292 0.9171
-7.13529265463646 0.917
-7.13534255921533 0.9169
-7.13541201224647 0.9168
-7.13549398916374 0.9167
-7.13559941643752 0.9166
-7.13574048301075 0.9165
-7.13593068583913 0.9164
-7.13615149526838 0.9163
-7.13639394345548 0.9162
-7.1366631128928 0.9161
-7.13694833193859 0.916
-7.13726583864205 0.9159
-7.13759278982101 0.9158
-7.137933700316 0.9157
-7.13825379969695 0.9156
-7.13856346373734 0.9155
-7.13883179159966 0.9154
-7.13909191169311 0.9153
-7.13933569599463 0.9152
-7.13953482469301 0.9151
-7.13972741737203 0.915
-7.13991595699419 0.9149
-7.14006935296368 0.9148
-7.14017329784604 0.9147
-7.1402473099618 0.9146
-7.14029721905486 0.9145
-7.14031292607777 0.9144
-7.14029042064994 0.9143
-7.14023307426407 0.9142
-7.14013993818112 0.9141
-7.14002537093071 0.914
-7.13989498049026 0.9139
-7.13974823944201 0.9138
-7.13957162552733 0.9137
-7.13939825383892 0.9136
-7.13923346274934 0.9135
-7.13908420072306 0.9134
-7.13896832726507 0.9133
-7.13887285149862 0.9132
-7.13880699068197 0.9131
-7.13873765780046 0.913
-7.13868399379233 0.9129
-7.1386562337643 0.9128
-7.13861388122258 0.9127
-7.13861048876957 0.9126
-7.13860055564306 0.9125
-7.13859442701302 0.9124
-7.138594486873 0.9123
-7.13860121732485 0.9122
-7.13861450001292 0.9121
-7.13863369669784 0.912
-7.1386386083916 0.9119
-7.13864692327487 0.9118
-7.1386662662071 0.9117
-7.13867353255395 0.9116
-7.13865739881371 0.9115
-7.13863183226578 0.9114
-7.13858146719799 0.9113
-7.13855954599999 0.9112
-7.1385320123816 0.9111
-7.13849553155668 0.911
-7.13844112631622 0.9109
-7.13839331761135 0.9108
-7.13835047557464 0.9107
-7.13828611189332 0.9106
-7.13823603886354 0.9105
-7.13817067398723 0.9104
-7.13810124709359 0.9103
-7.13803669619012 0.9102
-7.13797365774744 0.9101
-7.13789682156151 0.91
-7.13781510499457 0.9099
-7.13773634709596 0.9098
-7.13764158314719 0.9097
-7.137513509035 0.9096
-7.13736362732337 0.9095
-7.13718758796462 0.9094
-7.13701565554937 0.9093
-7.1368174439974 0.9092
-7.13661101153326 0.9091
-7.13641108083294 0.909
-7.13620462546989 0.9089
-7.13598906506909 0.9088
-7.13579094895374 0.9087
-7.1356421791477 0.9086
-7.13552769707887 0.9085
-7.13545060743161 0.9084
-7.13540332557135 0.9083
-7.13542210024089 0.9082
-7.13546260425473 0.9081
-7.13553962691542 0.908
-7.13565921388439 0.9079
-7.13581677400968 0.9078
-7.13602971025913 0.9077
-7.13625056396972 0.9076
-7.13648530124915 0.9075
-7.13671507403891 0.9074
-7.13690459844882 0.9073
-7.13709190513175 0.9072
-7.13729592242314 0.9071
-7.13750232578526 0.907
-7.13769422000293 0.9069
-7.13787034508304 0.9068
-7.13801540689384 0.9067
-7.13810565461851 0.9066
-7.13818915327422 0.9065
-7.13825562035242 0.9064
-7.13831830089658 0.9063
-7.13836474687592 0.9062
-7.13841606014689 0.9061
-7.13846012587633 0.906
-7.13849325986769 0.9059
-7.13853468465022 0.9058
-7.13860111694589 0.9057
-7.1386831574682 0.9056
-7.1387537620583 0.9055
-7.13883529846277 0.9054
-7.13892728214921 0.9053
-7.1390200999804 0.9052
-7.13911282006682 0.9051
-7.13921829005434 0.905
-7.13936728281988 0.9049
-7.13953018959992 0.9048
-7.13969934492347 0.9047
-7.13986904893436 0.9046
-7.14003728389799 0.9045
-7.14021652920773 0.9044
-7.14043760429744 0.9043
-7.14065698762974 0.9042
-7.14088284341466 0.9041
-7.14112386570075 0.904
-7.14136224341909 0.9039
-7.1415736530338 0.9038
-7.1417844558912 0.9037
-7.14200022453781 0.9036
-7.14220901523438 0.9035
-7.1424015781796 0.9034
-7.14261095968644 0.9033
-7.14278107695695 0.9032
-7.14292533069046 0.9031
-7.14306233000929 0.903
-7.14318593219127 0.9029
-7.14329285161967 0.9028
-7.14338709611628 0.9027
-7.1434484519155 0.9026
-7.14348422806809 0.9025
-7.143532042489 0.9024
-7.14356914880336 0.9023
-7.1436000241402 0.9022
-7.14362001330255 0.9021
-7.1436163252084 0.902
-7.14361817310755 0.9019
-7.14363831444644 0.9018
-7.14366191482002 0.9017
-7.14367119540392 0.9016
-7.14368164009113 0.9015
-7.1436846965238 0.9014
-7.14368458595049 0.9013
-7.1436665012745 0.9012
-7.14364950577287 0.9011
-7.14361371228451 0.901
-7.14354015858182 0.9009
-7.14345044374832 0.9008
-7.14334349672845 0.9007
-7.14322640868544 0.9006
-7.14310899863353 0.9005
-7.14299851295717 0.9004
-7.14288729118504 0.9003
-7.14276943915196 0.9002
-7.14267383070344 0.9001
-7.14255370453379 0.9
-7.14244890459058 0.8999
-7.14235004800361 0.8998
-7.14225466116354 0.8997
-7.14215261787799 0.8996
-7.14203044160362 0.8995
-7.14193610986255 0.8994
-7.14182693921973 0.8993
-7.14173128530618 0.8992
-7.14162365652458 0.8991
-7.14153399923377 0.899
-7.1414109255546 0.8989
-7.14128653640284 0.8988
-7.14115462727965 0.8987
-7.14105028417578 0.8986
-7.14097332528139 0.8985
-7.14091063202794 0.8984
-7.1408737335154 0.8983
-7.14087797740084 0.8982
-7.14086823235042 0.8981
-7.1408591227215 0.898
-7.14084469173952 0.8979
-7.14084536583567 0.8978
-7.14088405244547 0.8977
-7.1409152146421 0.8976
-7.14093298390937 0.8975
-7.14097091383316 0.8974
-7.14102099807847 0.8973
-7.1410614953187 0.8972
-7.14106553382229 0.8971
-7.14107736971918 0.897
-7.14108583637209 0.8969
-7.14108416098293 0.8968
-7.1411026131856 0.8967
-7.14114311374858 0.8966
-7.14117331448232 0.8965
-7.1411897816232 0.8964
-7.14120455552337 0.8963
-7.14123195930495 0.8962
-7.14124043773814 0.8961
-7.14124210129625 0.896
-7.14122433107537 0.8959
-7.14120930503979 0.8958
-7.14118427898884 0.8957
-7.14112185247411 0.8956
-7.14107480596117 0.8955
-7.14104012364343 0.8954
-7.14100635727828 0.8953
-7.14096450868776 0.8952
-7.14090242739715 0.8951
-7.14084213237332 0.895
-7.14080186283508 0.8949
-7.14078990497528 0.8948
-7.14077784386256 0.8947
-7.14075390157208 0.8946
-7.14071863409676 0.8945
-7.14069606934664 0.8944
-7.14067155754936 0.8943
-7.14065987402015 0.8942
-7.14062853862961 0.8941
-7.14060358178745 0.894
-7.14059165225004 0.8939
-7.14061347993723 0.8938
-7.14062202924596 0.8937
-7.14064175924446 0.8936
-7.14063539021109 0.8935
-7.14066444776043 0.8934
-7.14068439614663 0.8933
-7.14071175133905 0.8932
-7.1407703049915 0.8931
-7.14085556186505 0.893
-7.14096049752289 0.8929
-7.14106615822999 0.8928
-7.14117779693159 0.8927
-7.14132126286633 0.8926
-7.14143609884551 0.8925
-7.1415339407973 0.8924
-7.14160856636203 0.8923
-7.14170419701421 0.8922
-7.14181306231456 0.8921
-7.14189385734132 0.892
-7.14195059472614 0.8919
-7.14198034704864 0.8918
-7.14200640150867 0.8917
-7.1420103251832 0.8916
-7.1420004874139 0.8915
-7.14198789699175 0.8914
-7.14195515796689 0.8913
-7.14192251825983 0.8912
-7.14186807850843 0.8911
-7.1418271862381 0.891
-7.14178556907779 0.8909
-7.14174696552978 0.8908
-7.14172398871952 0.8907
-7.14172041982351 0.8906
-7.14172567369935 0.8905
-7.14173749033905 0.8904
-7.14176491324027 0.8903
-7.14179467417807 0.8902
-7.14184926012613 0.8901
-7.14192690242427 0.89
-7.14204166744642 0.8899
-7.14216183246858 0.8898
-7.14228861788184 0.8897
-7.14240183910499 0.8896
-7.14252041518161 0.8895
-7.14264799980713 0.8894
-7.14274880522202 0.8893
-7.14286221012192 0.8892
-7.14295724484202 0.8891
-7.14302638141644 0.889
-7.14309271675461 0.8889
-7.14315395945055 0.8888
-7.14319944512614 0.8887
-7.14323106658751 0.8886
-7.14325149809687 0.8885
-7.14326104190941 0.8884
-7.14325663084162 0.8883
-7.14325172614345 0.8882
-7.14323269428967 0.8881
-7.14321877222222 0.888
-7.143175505861 0.8879
-7.14310077247631 0.8878
-7.14302991609861 0.8877
-7.14298039895915 0.8876
-7.14294419365705 0.8875
-7.14291690302535 0.8874
-7.14289412119936 0.8873
-7.14287887335664 0.8872
-7.14286657393977 0.8871
-7.14285296228833 0.887
-7.14283080267062 0.8869
-7.14282570310012 0.8868
-7.14282740621236 0.8867
-7.14284765225769 0.8866
-7.14286886669624 0.8865
-7.14291604179162 0.8864
-7.14296789466381 0.8863
-7.14304961016628 0.8862
-7.14311843940128 0.8861
-7.14320781563945 0.886
-7.14334114903396 0.8859
-7.14349899912571 0.8858
-7.14369368069787 0.8857
-7.14391605929232 0.8856
-7.14414418200808 0.8855
-7.14438744956324 0.8854
-7.14462079567388 0.8853
-7.14484621717384 0.8852
-7.14507661859585 0.8851
-7.14530831222058 0.885
-7.14553105814598 0.8849
-7.14576270100837 0.8848
-7.1459765258269 0.8847
-7.14617756490942 0.8846
-7.14634036577477 0.8845
-7.14649641503845 0.8844
-7.14662845530891 0.8843
-7.14675588996416 0.8842
-7.14685222960162 0.8841
-7.14691845084924 0.884
-7.14694084381489 0.8839
-7.14695851620044 0.8838
-7.14697113141209 0.8837
-7.14694912163898 0.8836
-7.14692242534604 0.8835
-7.14684997811394 0.8834
-7.14675333885879 0.8833
-7.14664735537466 0.8832
-7.14654921756473 0.8831
-7.14642820350044 0.883
-7.14630365421297 0.8829
-7.1461822210728 0.8828
-7.14605200173826 0.8827
-7.14590874191128 0.8826
-7.14577693733712 0.8825
-7.14563727541566 0.8824
-7.14548561433142 0.8823
-7.14532092833667 0.8822
-7.14515589085328 0.8821
-7.14500875234027 0.882
-7.1448585599407 0.8819
-7.14467423710784 0.8818
-7.14451927800353 0.8817
-7.14436582369926 0.8816
-7.14420464179573 0.8815
-7.14400199333513 0.8814
-7.14378431988795 0.8813
-7.14358566065467 0.8812
-7.14338434062167 0.8811
-7.14317907290123 0.881
-7.14296017214037 0.8809
-7.14276294877732 0.8808
-7.14257914732137 0.8807
-7.14239495729017 0.8806
-7.1422124602857 0.8805
-7.14208439009724 0.8804
-7.14198507145127 0.8803
-7.14191204938318 0.8802
-7.1418627647782 0.8801
-7.14184014887459 0.88
-7.14184557294757 0.8799
-7.14189221080998 0.8798
-7.14196706826724 0.8797
-7.1420851438771 0.8796
-7.1422208328293 0.8795
-7.14239279277433 0.8794
-7.142587764613 0.8793
-7.14279785110652 0.8792
-7.14301728894898 0.8791
-7.14323694663996 0.879
-7.14345475024248 0.8789
-7.14367408937178 0.8788
-7.143923072632 0.8787
-7.14418571232507 0.8786
-7.14445538805498 0.8785
-7.14471540250674 0.8784
-7.14496822402477 0.8783
-7.14520437773917 0.8782
-7.14541681083661 0.8781
-7.14562110922397 0.878
-7.14581022762152 0.8779
-7.1459558459311 0.8778
-7.14609763771442 0.8777
-7.14620443226495 0.8776
-7.14630423186662 0.8775
-7.14637667488121 0.8774
-7.14642605342244 0.8773
-7.14645851936106 0.8772
-7.14646780896261 0.8771
-7.14644190264195 0.877
-7.14640992744117 0.8769
-7.14637840902242 0.8768
-7.14633387480615 0.8767
-7.14626717989262 0.8766
-7.14619167275026 0.8765
-7.14607695676742 0.8764
-7.14593243165824 0.8763
-7.1457580349689 0.8762
-7.14557052181497 0.8761
-7.14535808202928 0.876
-7.14513069173353 0.8759
-7.14487917042656 0.8758
-7.1446392354151 0.8757
-7.14442681544744 0.8756
-7.14422399834692 0.8755
-7.14403118069437 0.8754
-7.14386656225333 0.8753
-7.14370598215385 0.8752
-7.1435987994535 0.8751
-7.14353969790576 0.875
-7.14348106921208 0.8749
-7.14346180866182 0.8748
-7.14347111662643 0.8747
-7.1434797513715 0.8746
-7.1434936339561 0.8745
-7.14354624771696 0.8744
-7.14360054320424 0.8743
-7.14367950492798 0.8742
-7.14377421184249 0.8741
-7.14388750189158 0.874
-7.14400971902144 0.8739
-7.14416354088799 0.8738
-7.14432865483796 0.8737
-7.14451356255245 0.8736
-7.14470141024765 0.8735
-7.14486854903036 0.8734
-7.14505201611712 0.8733
-7.14521664415505 0.8732
-7.14536987002556 0.8731
-7.14551196648756 0.873
-7.14563301784703 0.8729
-7.14572950750774 0.8728
-7.14580280442177 0.8727
-7.14583326084411 0.8726
-7.14584279864027 0.8725
-7.14587293329147 0.8724
-7.14589493607651 0.8723
-7.14591970061653 0.8722
-7.14594258922669 0.8721
-7.14597178136414 0.872
-7.1459877506711 0.8719
-7.14601267151321 0.8718
-7.14604046739577 0.8717
-7.1460653164725 0.8716
-7.14610276594342 0.8715
-7.14614482159096 0.8714
-7.14619099912373 0.8713
-7.14623795353173 0.8712
-7.14631323720014 0.8711
-7.14639433847773 0.871
-7.14648411518378 0.8709
-7.14657342265387 0.8708
-7.1466431399666 0.8707
-7.14674071240585 0.8706
-7.14685816370632 0.8705
-7.14698573073 0.8704
-7.14708601102531 0.8703
-7.14717075303247 0.8702
-7.14725486071774 0.8701
-7.14734124192537 0.87
-7.14744904471077 0.8699
-7.1475636258338 0.8698
-7.14768580725091 0.8697
-7.14780227563649 0.8696
-7.14792331773945 0.8695
-7.14805530420032 0.8694
-7.14817462628975 0.8693
-7.14828185479709 0.8692
-7.14837101892987 0.8691
-7.14848217632092 0.869
-7.14858032302658 0.8689
-7.14865898224586 0.8688
-7.14872004063153 0.8687
-7.14875795241845 0.8686
-7.14880823017645 0.8685
-7.14884872263292 0.8684
-7.14888136017264 0.8683
-7.14890198185118 0.8682
-7.14890371041163 0.8681
-7.14889005803103 0.868
-7.148881977133 0.8679
-7.14886631939783 0.8678
-7.14884095631947 0.8677
-7.14881178368104 0.8676
-7.14877356511536 0.8675
-7.14873210572186 0.8674
-7.14866977771901 0.8673
-7.14860197153219 0.8672
-7.1485047668679 0.8671
-7.14839291963439 0.867
-7.14828549445433 0.8669
-7.14816125329687 0.8668
-7.14802271059416 0.8667
-7.1478861823258 0.8666
-7.14775297563764 0.8665
-7.14761621196623 0.8664
-7.14747371681715 0.8663
-7.14733052075392 0.8662
-7.14721829090445 0.8661
-7.14711865999616 0.866
-7.14704378908166 0.8659
-7.14695317621796 0.8658
-7.14688942403033 0.8657
-7.14685990071403 0.8656
-7.1468447097968 0.8655
-7.14684006186832 0.8654
-7.14684751897 0.8653
-7.14684676992918 0.8652
-7.14686636421513 0.8651
-7.1469370588945 0.865
-7.14702242593113 0.8649
-7.14710419667153 0.8648
-7.14718883867308 0.8647
-7.14727551748765 0.8646
-7.14736235398914 0.8645
-7.14746074824926 0.8644
-7.14755883519596 0.8643
-7.14766709121123 0.8642
-7.14775441193749 0.8641
-7.14782571676211 0.864
-7.1478694590723 0.8639
-7.14791171181804 0.8638
-7.14790859360181 0.8637
-7.14791665700201 0.8636
-7.14789674049864 0.8635
-7.14786913341101 0.8634
-7.14781806052484 0.8633
-7.14775000424138 0.8632
-7.14764783997282 0.8631
-7.14753810680841 0.863
-7.14741967240684 0.8629
-7.14730581822583 0.8628
-7.14720789085955 0.8627
-7.14711863972692 0.8626
-7.14702065136705 0.8625
-7.14694742927925 0.8624
-7.14687551446875 0.8623
-7.14684579498249 0.8622
-7.1468490748511 0.8621
-7.14687708496534 0.862
-7.14692922895137 0.8619
-7.14699411365801 0.8618
-7.14706884316857 0.8617
-7.14713430503155 0.8616
-7.1472196277694 0.8615
-7.14730336606122 0.8614
-7.14742204765442 0.8613
-7.1475550150422 0.8612
-7.14772980937958 0.8611
-7.14789732555753 0.861
-7.14807188990939 0.8609
-7.14824514628646 0.8608
-7.14840351624157 0.8607
-7.14854463997946 0.8606
-7.14867324969487 0.8605
-7.14880375457013 0.8604
-7.14895233974225 0.8603
-7.14911169382928 0.8602
-7.14925967469131 0.8601
-7.1494524551929 0.86
-7.14964655530651 0.8599
-7.14980021317498 0.8598
-7.14994304893883 0.8597
-7.15009368245196 0.8596
-7.15025024674865 0.8595
-7.15037494425847 0.8594
-7.150507464016 0.8593
-7.15061831296221 0.8592
-7.15070625591297 0.8591
-7.15076567845577 0.859
-7.15080203864282 0.8589
-7.15081980618588 0.8588
-7.15084214934663 0.8587
-7.15084427144591 0.8586
-7.15080069019397 0.8585
-7.15071570809672 0.8584
-7.15059428075989 0.8583
-7.15045269743537 0.8582
-7.15033496041363 0.8581
-7.15020943583918 0.858
-7.15009990246154 0.8579
-7.1499680171918 0.8578
-7.14984394852539 0.8577
-7.14975050760587 0.8576
-7.14965628977361 0.8575
-7.14957016778247 0.8574
-7.14950433487251 0.8573
-7.14944246148877 0.8572
-7.14937220540437 0.8571
-7.14930801840236 0.857
-7.14924705941633 0.8569
-7.14919527088711 0.8568
-7.14914685216967 0.8567
-7.14908265490215 0.8566
-7.1490139511256 0.8565
-7.14894008478055 0.8564
-7.14883474280076 0.8563
-7.14871620345179 0.8562
-7.14858976628325 0.8561
-7.14845359175285 0.856
-7.1483120474079 0.8559
-7.14816805251583 0.8558
-7.14805607020284 0.8557
-7.14798292920106 0.8556
-7.14791668971075 0.8555
-7.14786639907275 0.8554
-7.14781613088574 0.8553
-7.14776927327365 0.8552
-7.14774141153194 0.8551
-7.14772678659235 0.855
-7.14770624129447 0.8549
-7.14769178710053 0.8548
-7.14770508357226 0.8547
-7.14771262641261 0.8546
-7.14770738701421 0.8545
-7.14766466102003 0.8544
-7.14761106794255 0.8543
-7.14757545770704 0.8542
-7.1475281646809 0.8541
-7.14749068963517 0.854
-7.14744829283844 0.8539
-7.14739296425619 0.8538
-7.14735302103405 0.8537
-7.14733346252241 0.8536
-7.14731962166601 0.8535
-7.14730812649706 0.8534
-7.14730460418747 0.8533
-7.14730484998065 0.8532
-7.14732046737269 0.8531
-7.1473510359017 0.853
-7.1473891122246 0.8529
-7.14744627494372 0.8528
-7.1475301729997 0.8527
-7.14762842658382 0.8526
-7.14773940164606 0.8525
-7.14787612503218 0.8524
-7.14800161950429 0.8523
-7.14813475489057 0.8522
-7.14829744866901 0.8521
-7.14848134843411 0.852
-7.14865480530856 0.8519
-7.1488077858449 0.8518
-7.14893180060548 0.8517
-7.14902577068106 0.8516
-7.14909470071178 0.8515
-7.14915161195131 0.8514
-7.14921071793463 0.8513
-7.14925754306141 0.8512
-7.14931152166971 0.8511
-7.14935945247303 0.851
-7.14937293768864 0.8509
-7.14935964756215 0.8508
-7.14932797988025 0.8507
-7.14931117571749 0.8506
-7.14930163337316 0.8505
-7.14930655733715 0.8504
-7.14929703368816 0.8503
-7.14927809258586 0.8502
-7.14924797390173 0.8501
-7.1492429928826 0.85
-7.14925122603536 0.8499
-7.14925334825689 0.8498
-7.1492408910959 0.8497
-7.14921955983009 0.8496
-7.14919824698062 0.8495
-7.14916806102244 0.8494
-7.14914402744757 0.8493
-7.14913070847487 0.8492
-7.14912131661393 0.8491
-7.14907856691779 0.849
-7.14901938010972 0.8489
-7.14896801480121 0.8488
-7.14890698782731 0.8487
-7.14887588890973 0.8486
-7.14883542901706 0.8485
-7.14880134503149 0.8484
-7.14876228369707 0.8483
-7.14876321266675 0.8482
-7.14875667304885 0.8481
-7.14872819572705 0.848
-7.14870165789241 0.8479
-7.14867750059954 0.8478
-7.14864358329601 0.8477
-7.14862525338785 0.8476
-7.14860207256882 0.8475
-7.14857942024917 0.8474
-7.14855682236382 0.8473
-7.14855309294023 0.8472
-7.1485594729128 0.8471
-7.14856778811785 0.847
-7.14853950984095 0.8469
-7.1484866860554 0.8468
-7.14845592069123 0.8467
-7.14841084990841 0.8466
-7.14834405201826 0.8465
-7.14824428712027 0.8464
-7.14813312806976 0.8463
-7.14801958848348 0.8462
-7.14789586937792 0.8461
-7.14776723411713 0.846
-7.14763439971633 0.8459
-7.1475177599842 0.8458
-7.14742417098425 0.8457
-7.14735912637938 0.8456
-7.14729562831053 0.8455
-7.14722650869129 0.8454
-7.14721168914029 0.8453
-7.14719634442874 0.8452
-7.1471913419388 0.8451
-7.14718861011266 0.845
-7.14719779191485 0.8449
-7.1472383309529 0.8448
-7.14729963684781 0.8447
-7.14738944325881 0.8446
-7.14748091757033 0.8445
-7.14758022695376 0.8444
-7.1476836819383 0.8443
-7.14777967385109 0.8442
-7.14788258696356 0.8441
-7.14801265378389 0.844
-7.14813911139818 0.8439
-7.14825284226353 0.8438
-7.1483501218804 0.8437
-7.14843342756847 0.8436
-7.14851257176187 0.8435
-7.14860292463065 0.8434
-7.14872654666675 0.8433
-7.14887329418566 0.8432
-7.14901419078433 0.8431
-7.14914249163684 0.843
-7.14928801829979 0.8429
-7.14942363636366 0.8428
-7.14956528374012 0.8427
-7.14969361591321 0.8426
-7.14980002797927 0.8425
-7.14988896248482 0.8424
-7.149975669818 0.8423
-7.15005884212225 0.8422
-7.15011508870705 0.8421
-7.15016607396126 0.842
-7.15019102724798 0.8419
-7.15020587555094 0.8418
-7.15022859213058 0.8417
-7.15025678631767 0.8416
-7.15027102273059 0.8415
-7.15027704124135 0.8414
-7.15025912332589 0.8413
-7.15024039726447 0.8412
-7.15019916309709 0.8411
-7.15016100313087 0.841
-7.15014246333736 0.8409
-7.15012218096143 0.8408
-7.15012381053721 0.8407
-7.15012484573617 0.8406
-7.15013685876741 0.8405
-7.1501499442945 0.8404
-7.15016502753284 0.8403
-7.15019896061204 0.8402
-7.15024683465845 0.8401
-7.15028518565924 0.84
-7.15034104422351 0.8399
-7.15039061007107 0.8398
-7.15043157579441 0.8397
-7.15049151773454 0.8396
-7.15056148320037 0.8395
-7.15063171532668 0.8394
-7.15072020979446 0.8393
-7.15084130478846 0.8392
-7.15096903324822 0.8391
-7.15107357494923 0.839
-7.15119061183787 0.8389
-7.15132051465777 0.8388
-7.15146459842346 0.8387
-7.15160349013911 0.8386
-7.15174516070396 0.8385
-7.15187208654426 0.8384
-7.15201416567936 0.8383
-7.15213430074972 0.8382
-7.15226490053052 0.8381
-7.15238078388466 0.838
-7.15249770362696 0.8379
-7.15261298994987 0.8378
-7.15275107847007 0.8377
-7.1528841160095 0.8376
-7.15301571092983 0.8375
-7.15314233694064 0.8374
-7.15325390232191 0.8373
-7.15335564304905 0.8372
-7.15345172000423 0.8371
-7.15353946939011 0.837
-7.15363529707864 0.8369
-7.15371866333697 0.8368
-7.15380234735375 0.8367
-7.15385549942415 0.8366
-7.15388391223123 0.8365
-7.15390470562509 0.8364
-7.15391433056363 0.8363
-7.15391372246387 0.8362
-7.1538907011911 0.8361
-7.15386598517905 0.836
-7.15382627131479 0.8359
-7.15378075319215 0.8358
-7.15372897083089 0.8357
-7.15368045816213 0.8356
-7.15363010793905 0.8355
-7.15355717685913 0.8354
-7.15346454268622 0.8353
-7.15337563307771 0.8352
-7.15328025324288 0.8351
-7.15319092806124 0.835
-7.15311124129141 0.8349
-7.15304717217827 0.8348
-7.15300802441628 0.8347
-7.15295262978269 0.8346
-7.15293593398844 0.8345
-7.15292214686061 0.8344
-7.15293351000833 0.8343
-7.15295145838071 0.8342
-7.1529719835669 0.8341
-7.15298850188087 0.834
-7.15300210744211 0.8339
-7.1530249491307 0.8338
-7.15306634681174 0.8337
-7.15308580455233 0.8336
-7.15309860464866 0.8335
-7.1530731362272 0.8334
-7.1530312979556 0.8333
-7.15298812504372 0.8332
-7.15294629535087 0.8331
-7.15287133633934 0.833
-7.15278496364717 0.8329
-7.15268739540853 0.8328
-7.15257324506361 0.8327
-7.15243440753045 0.8326
-7.15228671002533 0.8325
-7.15213219406855 0.8324
-7.15196647688765 0.8323
-7.15180574173587 0.8322
-7.15166605901517 0.8321
-7.15151211149095 0.832
-7.15134670686278 0.8319
-7.15117158140467 0.8318
-7.15101232658558 0.8317
-7.15087468673948 0.8316
-7.15075293392424 0.8315
-7.15063514863145 0.8314
-7.15051655055076 0.8313
-7.15040555773793 0.8312
-7.15029509903036 0.8311
-7.15022430475807 0.831
-7.1501780393262 0.8309
-7.1501580733558 0.8308
-7.15019032927829 0.8307
-7.15023682560536 0.8306
-7.15029747728291 0.8305
-7.15036621901665 0.8304
-7.15044686852033 0.8303
-7.15053906998011 0.8302
-7.1506168868419 0.8301
-7.15068593066931 0.83
-7.15071874766843 0.8299
-7.15072442740636 0.8298
-7.15072482315877 0.8297
-7.15070879359233 0.8296
-7.15067206198975 0.8295
-7.15061196011756 0.8294
-7.15054082530784 0.8293
-7.15046149318186 0.8292
-7.15036981596654 0.8291
-7.15026365994018 0.829
-7.15017598279323 0.8289
-7.1501003102892 0.8288
-7.15003195315263 0.8287
-7.1499864689108 0.8286
-7.14994133825012 0.8285
-7.14991416283495 0.8284
-7.14990232968054 0.8283
-7.14989721892972 0.8282
-7.14989097153258 0.8281
-7.14986832460044 0.828
-7.14986583985653 0.8279
-7.14989633134572 0.8278
-7.14994530708205 0.8277
-7.14999066470799 0.8276
-7.15003662878378 0.8275
-7.1500498021533 0.8274
-7.15007640243009 0.8273
-7.15010350500867 0.8272
-7.15013226260027 0.8271
-7.15017409755928 0.827
-7.15022814372556 0.8269
-7.15026675702553 0.8268
-7.15031582723081 0.8267
-7.15039009706772 0.8266
-7.15045464558321 0.8265
-7.15050644229354 0.8264
-7.15054356923799 0.8263
-7.15056423865728 0.8262
-7.15061702605584 0.8261
-7.1506871257544 0.826
-7.15076115542388 0.8259
-7.15085494181939 0.8258
-7.15096896613482 0.8257
-7.15108884139534 0.8256
-7.15123565464371 0.8255
-7.15139473878839 0.8254
-7.15154988675483 0.8253
-7.15169308810617 0.8252
-7.15185600490875 0.8251
-7.15203322333181 0.825
-7.1522140625637 0.8249
-7.15239826132878 0.8248
-7.15257957351976 0.8247
-7.15276740193129 0.8246
-7.15294457315155 0.8245
-7.15309610170807 0.8244
-7.15325123741495 0.8243
-7.15342283429752 0.8242
-7.15359038867368 0.8241
-7.15375326489424 0.824
-7.15390531357338 0.8239
-7.15404398247306 0.8238
-7.15417171008965 0.8237
-7.1542843306831 0.8236
-7.15440340787235 0.8235
-7.15451569037909 0.8234
-7.15463213216463 0.8233
-7.1547425906453 0.8232
-7.15481624260997 0.8231
-7.15487927725606 0.823
-7.15492501281081 0.8229
-7.15495647628569 0.8228
-7.15498048427223 0.8227
-7.15497938457823 0.8226
-7.15495698624308 0.8225
-7.1549190782625 0.8224
-7.15486709497156 0.8223
-7.15480766770652 0.8222
-7.15473164506846 0.8221
-7.15464922618227 0.822
-7.15455558595873 0.8219
-7.1544295226972 0.8218
-7.15430988075066 0.8217
-7.15419441590888 0.8216
-7.15408221642538 0.8215
-7.15398176769324 0.8214
-7.15390332579244 0.8213
-7.15382570704921 0.8212
-7.15378382452472 0.8211
-7.15374475057142 0.821
-7.15373418450481 0.8209
-7.15370647221902 0.8208
-7.15370055115149 0.8207
-7.15372909525623 0.8206
-7.15380107859637 0.8205
-7.15387528216225 0.8204
-7.1539282696144 0.8203
-7.15397950424071 0.8202
-7.15399980402554 0.8201
-7.15401176061143 0.82
-7.1540263077003 0.8199
-7.15403961946786 0.8198
-7.15404086984177 0.8197
-7.15405182586126 0.8196
-7.15405219368204 0.8195
-7.15404503759403 0.8194
-7.15402357563297 0.8193
-7.1539952471529 0.8192
-7.15396910843364 0.8191
-7.15391735162528 0.819
-7.15386798055891 0.8189
-7.153832785495 0.8188
-7.15381313834431 0.8187
-7.15379744945927 0.8186
-7.15380850115307 0.8185
-7.15383413479897 0.8184
-7.15388588416178 0.8183
-7.15393083324824 0.8182
-7.15398364755845 0.8181
-7.15405397733741 0.818
-7.15414590473609 0.8179
-7.15424557356329 0.8178
-7.15437563111774 0.8177
-7.15452624441479 0.8176
-7.15469383968687 0.8175
-7.15486843983639 0.8174
-7.1550496566496 0.8173
-7.1552178692843 0.8172
-7.15541805483858 0.8171
-7.15563940011866 0.817
-7.1558538318595 0.8169
-7.15606273611963 0.8168
-7.15625008062334 0.8167
-7.15642817154571 0.8166
-7.15660619345407 0.8165
-7.15677635907181 0.8164
-7.1569284046215 0.8163
-7.15706376004906 0.8162
-7.15719205647526 0.8161
-7.15729392836846 0.816
-7.15738677236488 0.8159
-7.15747225396421 0.8158
-7.15752881350828 0.8157
-7.15756236042493 0.8156
-7.1575885514443 0.8155
-7.15759143774887 0.8154
-7.15755032527029 0.8153
-7.15751196722893 0.8152
-7.15746183340926 0.8151
-7.15738810885273 0.815
-7.15730710670538 0.8149
-7.15721016322165 0.8148
-7.15710525012601 0.8147
-7.1569907932901 0.8146
-7.15687813596121 0.8145
-7.15677470782768 0.8144
-7.15668500868441 0.8143
-7.1565925294473 0.8142
-7.15649888284314 0.8141
-7.15641424190764 0.814
-7.15630588312398 0.8139
-7.15616927927395 0.8138
-7.15602802730661 0.8137
-7.15586047710875 0.8136
-7.15573452246152 0.8135
-7.15558294847202 0.8134
-7.15542597077267 0.8133
-7.15522982102419 0.8132
-7.15502098869996 0.8131
-7.15479191771378 0.813
-7.15456926922319 0.8129
-7.15434703873574 0.8128
-7.15412468229258 0.8127
-7.15392374401663 0.8126
-7.15372701481661 0.8125
-7.15351338332491 0.8124
-7.15331738579255 0.8123
-7.1531128920993 0.8122
-7.15292367000607 0.8121
-7.15273101668448 0.812
-7.15257180939142 0.8119
-7.15243097461717 0.8118
-7.15229313060565 0.8117
-7.15217922470606 0.8116
-7.15206872083547 0.8115
-7.15196273932127 0.8114
-7.15186742447444 0.8113
-7.15176301193286 0.8112
-7.15167409519454 0.8111
-7.15159882774895 0.811
-7.15152315605436 0.8109
-7.15146481600381 0.8108
-7.15142502315576 0.8107
-7.15139473601166 0.8106
-7.15139231680973 0.8105
-7.15140039034085 0.8104
-7.15143050832665 0.8103
-7.15146597941453 0.8102
-7.15149663631734 0.8101
-7.15154011654548 0.81
-7.15158211734029 0.8099
-7.15165063108252 0.8098
-7.15172609457111 0.8097
-7.15180328156223 0.8096
-7.15187202537206 0.8095
-7.15193685385069 0.8094
-7.15199791527549 0.8093
-7.15204666143755 0.8092
-7.15209379515245 0.8091
-7.15216149402553 0.809
-7.15222732502862 0.8089
-7.15229037685156 0.8088
-7.15237550984066 0.8087
-7.15245157652708 0.8086
-7.15252515374969 0.8085
-7.15260605807192 0.8084
-7.15268300699638 0.8083
-7.15275693022044 0.8082
-7.15283305250531 0.8081
-7.15290173414075 0.808
-7.15295375640883 0.8079
-7.15299149587682 0.8078
-7.15303249666032 0.8077
-7.15305751336924 0.8076
-7.15309011332753 0.8075
-7.15310934476897 0.8074
-7.15310439225419 0.8073
-7.15312654067588 0.8072
-7.15316313301075 0.8071
-7.15320675209621 0.807
-7.1532564290191 0.8069
-7.15330869029101 0.8068
-7.15337087560434 0.8067
-7.15345821454767 0.8066
-7.15354570786134 0.8065
-7.15362694684622 0.8064
-7.15369642018569 0.8063
-7.15373486639162 0.8062
-7.15375789722753 0.8061
-7.15376650404758 0.806
-7.1537765868182 0.8059
-7.15378572820095 0.8058
-7.15380821151584 0.8057
-7.15383025105099 0.8056
-7.15384738546098 0.8055
-7.15385711725725 0.8054
-7.1538751278602 0.8053
-7.15389376146299 0.8052
-7.15390071170566 0.8051
-7.15389476623279 0.805
-7.15384395797132 0.8049
-7.15379331542106 0.8048
-7.15372512861145 0.8047
-7.15365114163948 0.8046
-7.15358312692069 0.8045
-7.15349560360278 0.8044
-7.15342564054594 0.8043
-7.1533541556449 0.8042
-7.15328706099019 0.8041
-7.15324030739752 0.804
-7.15318743950901 0.8039
-7.15314101216924 0.8038
-7.15310212754029 0.8037
-7.15307750637286 0.8036
-7.15305398217492 0.8035
-7.15302947316464 0.8034
-7.15301827039859 0.8033
-7.15302356065804 0.8032
-7.15305226235405 0.8031
-7.15312093973761 0.803
-7.15319176535774 0.8029
-7.15327712837979 0.8028
-7.15340325089882 0.8027
-7.15354590736106 0.8026
-7.15371331407529 0.8025
-7.1538917644726 0.8024
-7.15405413349689 0.8023
-7.15422921758491 0.8022
-7.15440898821855 0.8021
-7.15459178421983 0.802
-7.15479800600684 0.8019
-7.15500432029753 0.8018
-7.15521700440871 0.8017
-7.15539816693656 0.8016
-7.15554688926751 0.8015
-7.15567189139246 0.8014
-7.15578523750737 0.8013
-7.15586683090913 0.8012
-7.1559212852143 0.8011
-7.15595258902722 0.801
-7.15598500628259 0.8009
-7.15598614732801 0.8008
-7.15595936334455 0.8007
-7.15590532257186 0.8006
-7.15583313778657 0.8005
-7.1557681714116 0.8004
-7.1557137598874 0.8003
-7.15563679465237 0.8002
-7.15554822500665 0.8001
-7.15545221368884 0.8
-7.15534126813809 0.7999
-7.15520866124322 0.7998
-7.15510254555859 0.7997
-7.15500676188721 0.7996
-7.15492542767936 0.7995
-7.15486169475272 0.7994
-7.15481393474091 0.7993
-7.15478972998913 0.7992
-7.15479564640438 0.7991
-7.15479887138317 0.799
-7.15480016652585 0.7989
-7.15481942510896 0.7988
-7.15484367374473 0.7987
-7.15489698295984 0.7986
-7.15495979997755 0.7985
-7.15500894904532 0.7984
-7.15507619259349 0.7983
-7.15516328775972 0.7982
-7.15522807502936 0.7981
-7.15527787315314 0.798
-7.15531185215683 0.7979
-7.15531712102498 0.7978
-7.15530858128711 0.7977
-7.1552989982855 0.7976
-7.15528541965095 0.7975
-7.15527080474164 0.7974
-7.15523512005563 0.7973
-7.15517363402132 0.7972
-7.155100710889 0.7971
-7.15502909504814 0.797
-7.15494966858557 0.7969
-7.15487556202067 0.7968
-7.15482058898787 0.7967
-7.15474277658077 0.7966
-7.15466984551795 0.7965
-7.15461542269481 0.7964
-7.1545757710131 0.7963
-7.15455198322176 0.7962
-7.15453417434612 0.7961
-7.15452178272051 0.796
-7.15450094199331 0.7959
-7.15449137919709 0.7958
-7.15452003527646 0.7957
-7.15455772478058 0.7956
-7.1546158989173 0.7955
-7.15470335866617 0.7954
-7.15479097313539 0.7953
-7.15486977253284 0.7952
-7.15496221471171 0.7951
-7.15505552933552 0.795
-7.15515190623326 0.7949
-7.15526931447181 0.7948
-7.15540090613765 0.7947
-7.15549879536418 0.7946
-7.15559496730863 0.7945
-7.15568254882012 0.7944
-7.15575681713253 0.7943
-7.15582688139323 0.7942
-7.15588952952511 0.7941
-7.15596782972779 0.794
-7.15606215554456 0.7939
-7.156156727137 0.7938
-7.1562278399435 0.7937
-7.15629663278806 0.7936
-7.15637277730169 0.7935
-7.15645303366071 0.7934
-7.15653880558173 0.7933
-7.15660027706366 0.7932
-7.15668278271403 0.7931
-7.15673699724161 0.793
-7.15679478363755 0.7929
-7.15684203926722 0.7928
-7.15687317320069 0.7927
-7.15688315948779 0.7926
-7.15688189283889 0.7925
-7.15686711845752 0.7924
-7.15683406490141 0.7923
-7.15679038114101 0.7922
-7.15673990393942 0.7921
-7.15668247234273 0.792
-7.15661817739566 0.7919
-7.15655760599172 0.7918
-7.15649468144592 0.7917
-7.156439260604 0.7916
-7.15635295200429 0.7915
-7.15627436472164 0.7914
-7.15620515658578 0.7913
-7.15617045035198 0.7912
-7.15614737879288 0.7911
-7.15615725886507 0.791
-7.15616501155881 0.7909
-7.15618567162915 0.7908
-7.15622385303594 0.7907
-7.15630160440883 0.7906
-7.15640384448588 0.7905
-7.15654037734061 0.7904
-7.15668868292964 0.7903
-7.15687297047517 0.7902
-7.1570860226634 0.7901
-7.15732207613768 0.79
-7.15757940494862 0.7899
-7.15783066418428 0.7898
-7.15808674887951 0.7897
-7.15835053349234 0.7896
-7.15859787533705 0.7895
-7.15883378843986 0.7894
-7.15905512422169 0.7893
-7.1592626025017 0.7892
-7.15947368308093 0.7891
-7.15966697588791 0.789
-7.15983680146332 0.7889
-7.15998419034412 0.7888
-7.16011508205715 0.7887
-7.16022130495643 0.7886
-7.16030514432089 0.7885
-7.16038976920706 0.7884
-7.1604721737439 0.7883
-7.16055612308095 0.7882
-7.16061527447742 0.7881
-7.16067802467099 0.788
-7.16074632261156 0.7879
-7.16082925931463 0.7878
-7.16092678896636 0.7877
-7.16105186336711 0.7876
-7.16119491575299 0.7875
-7.16133763476022 0.7874
-7.16147542708946 0.7873
-7.16161422453447 0.7872
-7.16171222212571 0.7871
-7.16180611086123 0.787
-7.16190814724077 0.7869
-7.16198682407637 0.7868
-7.16204924196345 0.7867
-7.1620861497297 0.7866
-7.1620971796339 0.7865
-7.16206946735631 0.7864
-7.16199792481185 0.7863
-7.16191461302106 0.7862
-7.16182749882685 0.7861
-7.16169924950121 0.786
-7.16156422728086 0.7859
-7.16141724598906 0.7858
-7.16126160097297 0.7857
-7.16110255935133 0.7856
-7.16093703115934 0.7855
-7.16075495910817 0.7854
-7.16059174096435 0.7853
-7.16042761027506 0.7852
-7.16028421882975 0.7851
-7.16013620789455 0.785
-7.15999270902909 0.7849
-7.15984889940458 0.7848
-7.15972760367042 0.7847
-7.15961635765084 0.7846
-7.15953245638886 0.7845
-7.15947222968964 0.7844
-7.15942208077117 0.7843
-7.15940004416233 0.7842
-7.15939834097319 0.7841
-7.15941150739716 0.784
-7.15943780137864 0.7839
-7.15945601875193 0.7838
-7.15947156429364 0.7837
-7.15944913609913 0.7836
-7.15942198210208 0.7835
-7.15937356684942 0.7834
-7.15933194115285 0.7833
-7.15929907687029 0.7832
-7.15924748756565 0.7831
-7.15920163914806 0.783
-7.15915887013664 0.7829
-7.15912222528286 0.7828
-7.15907926167826 0.7827
-7.15903604272698 0.7826
-7.15899407037723 0.7825
-7.15896015219448 0.7824
-7.15893173406558 0.7823
-7.15890780764912 0.7822
-7.15888089003924 0.7821
-7.15884263719144 0.782
-7.15880030488418 0.7819
-7.15875342670525 0.7818
-7.15870377730964 0.7817
-7.15867246226537 0.7816
-7.15863592619588 0.7815
-7.15859948403321 0.7814
-7.15857740881044 0.7813
-7.15854292868528 0.7812
-7.1584980399508 0.7811
-7.15845839783721 0.781
-7.15841124804574 0.7809
-7.15836834762984 0.7808
-7.15832457323548 0.7807
-7.15826988402416 0.7806
-7.15821375485749 0.7805
-7.15815565545749 0.7804
-7.15810863356987 0.7803
-7.15807839139678 0.7802
-7.15802654003239 0.7801
-7.1579816728888 0.78
-7.15793764336938 0.7799
-7.15789238820596 0.7798
-7.15784272705168 0.7797
-7.15781769655987 0.7796
-7.15780230597073 0.7795
-7.15778999904246 0.7794
-7.15779305862006 0.7793
-7.15780260581579 0.7792
-7.15784621837421 0.7791
-7.15791720703421 0.779
-7.15801542660463 0.7789
-7.15814863545262 0.7788
-7.15828905474124 0.7787
-7.15846553617583 0.7786
-7.15863102313615 0.7785
-7.15879376608281 0.7784
-7.15895915754654 0.7783
-7.15912472898137 0.7782
-7.15928372338789 0.7781
-7.15945903585982 0.778
-7.15962922452695 0.7779
-7.15981040615333 0.7778
-7.15997347503894 0.7777
-7.16010787938041 0.7776
-7.16023617401671 0.7775
-7.16034843100795 0.7774
-7.16043266990903 0.7773
-7.16048680548392 0.7772
-7.16051559006016 0.7771
-7.1605277462279 0.777
-7.16052333513949 0.7769
-7.16052622064224 0.7768
-7.16053038346044 0.7767
-7.1605260860301 0.7766
-7.16050694583514 0.7765
-7.16046412407478 0.7764
-7.16038697691179 0.7763
-7.16028746820416 0.7762
-7.16019075301309 0.7761
-7.16006407212756 0.776
-7.15995811008999 0.7759
-7.15983662811351 0.7758
-7.15971302285058 0.7757
-7.15960422710497 0.7756
-7.15948896511501 0.7755
-7.15939417590179 0.7754
-7.1593152149034 0.7753
-7.15923447015613 0.7752
-7.15915558718722 0.7751
-7.15907257572964 0.775
-7.15898516623006 0.7749
-7.15889967636155 0.7748
-7.1588057251816 0.7747
-7.15871419767709 0.7746
-7.15862005242018 0.7745
-7.15852278755257 0.7744
-7.15842585463976 0.7743
-7.15832423070762 0.7742
-7.1582261417291 0.7741
-7.15814396747014 0.774
-7.15808089588296 0.7739
-7.15800349631081 0.7738
-7.15794724134954 0.7737
-7.15792451005139 0.7736
-7.15793515212333 0.7735
-7.15798388141065 0.7734
-7.15806238089723 0.7733
-7.15815856984371 0.7732
-7.15826759679759 0.7731
-7.15840823326736 0.773
-7.15859749656715 0.7729
-7.15880498891462 0.7728
-7.15904810466642 0.7727
-7.15930387922989 0.7726
-7.15957435855965 0.7725
-7.15986579371634 0.7724
-7.16015650021643 0.7723
-7.16045928437676 0.7722
-7.16078674265578 0.7721
-7.16113245464252 0.772
-7.16147398563668 0.7719
-7.16183414131462 0.7718
-7.16216459715873 0.7717
-7.16246888594403 0.7716
-7.1627403054595 0.7715
-7.16298404928891 0.7714
-7.16320456384415 0.7713
-7.16339932609186 0.7712
-7.1635578372648 0.7711
-7.16368025527496 0.771
-7.16375345895186 0.7709
-7.16380199645438 0.7708
-7.16381218134704 0.7707
-7.16380600096739 0.7706
-7.16377154502261 0.7705
-7.16369577729966 0.7704
-7.16359224497806 0.7703
-7.16348955202385 0.7702
-7.16338020076638 0.7701
-7.16326998253771 0.77
-7.1631482395076 0.7699
-7.16301760035592 0.7698
-7.16286680997915 0.7697
-7.16271154127752 0.7696
-7.16256870988416 0.7695
-7.16241349909128 0.7694
-7.16227433850526 0.7693
-7.16213516903796 0.7692
-7.16197661378913 0.7691
-7.1618281941786 0.769
-7.16168628281016 0.7689
-7.1615284006524 0.7688
-7.16138701763316 0.7687
-7.16125625105539 0.7686
-7.16113337430777 0.7685
-7.16100360811793 0.7684
-7.16090758576494 0.7683
-7.16082408200344 0.7682
-7.16076867010056 0.7681
-7.16071929962211 0.768
-7.16067109798446 0.7679
-7.16062564588229 0.7678
-7.16058579333367 0.7677
-7.1605620069839 0.7676
-7.16055207158526 0.7675
-7.16057325733744 0.7674
-7.16061087642827 0.7673
-7.16068550096572 0.7672
-7.16075078722871 0.7671
-7.16082737030628 0.767
-7.16089923021787 0.7669
-7.16097173040664 0.7668
-7.16105030956377 0.7667
-7.16110264827575 0.7666
-7.16115082391211 0.7665
-7.16119624073354 0.7664
-7.16122240189568 0.7663
-7.16125250528759 0.7662
-7.16127457744677 0.7661
-7.16130618205383 0.766
-7.16134305597508 0.7659
-7.16136525085944 0.7658
-7.16138723667996 0.7657
-7.16138234835654 0.7656
-7.1613661025023 0.7655
-7.16133089910362 0.7654
-7.16129638020069 0.7653
-7.16122515759014 0.7652
-7.16116430422861 0.7651
-7.16110748975974 0.765
-7.16104311115014 0.7649
-7.16098993941426 0.7648
-7.16093528158985 0.7647
-7.16088916820076 0.7646
-7.16086427716766 0.7645
-7.1608447810484 0.7644
-7.16081553736955 0.7643
-7.16082977134845 0.7642
-7.16086935063901 0.7641
-7.16092658403602 0.764
-7.16099447672337 0.7639
-7.16106576871583 0.7638
-7.16112735535719 0.7637
-7.16119674714967 0.7636
-7.16127717228228 0.7635
-7.1613481388772 0.7634
-7.1613980647153 0.7633
-7.16143584782109 0.7632
-7.16145641752692 0.7631
-7.16146949008205 0.763
-7.16147908689533 0.7629
-7.16150394410689 0.7628
-7.16156142925831 0.7627
-7.16162472697023 0.7626
-7.16166947901715 0.7625
-7.16172135245933 0.7624
-7.16176052396484 0.7623
-7.16178954169093 0.7622
-7.16184970359564 0.7621
-7.16191640979721 0.762
-7.16196533668565 0.7619
-7.16203677730178 0.7618
-7.16213686113649 0.7617
-7.16223753505517 0.7616
-7.16234434010501 0.7615
-7.16243360694 0.7614
-7.16252919542095 0.7613
-7.16261218541541 0.7612
-7.16269942874423 0.7611
-7.16278339895959 0.761
-7.16283498560854 0.7609
-7.16284621331262 0.7608
-7.16284669258357 0.7607
-7.16282235146001 0.7606
-7.16278267304707 0.7605
-7.16274326121469 0.7604
-7.16269656306077 0.7603
-7.16263406907198 0.7602
-7.1625464077327 0.7601
-7.16245751399003 0.76
-7.16236683559656 0.7599
-7.16226881128159 0.7598
-7.16213515138752 0.7597
-7.16200849403602 0.7596
-7.16189235374492 0.7595
-7.16178669503597 0.7594
-7.16167796835668 0.7593
-7.16159175998336 0.7592
-7.16152751326577 0.7591
-7.16146420689503 0.759
-7.16141857138866 0.7589
-7.16136641692478 0.7588
-7.16134135198752 0.7587
-7.16135473877445 0.7586
-7.16135942314951 0.7585
-7.16137332506938 0.7584
-7.16141780971486 0.7583
-7.16149336226453 0.7582
-7.16157991451111 0.7581
-7.16165730493361 0.758
-7.16175556754193 0.7579
-7.16185787612341 0.7578
-7.16196819796494 0.7577
-7.16206978389886 0.7576
-7.16217226714281 0.7575
-7.16228431766756 0.7574
-7.16238766762766 0.7573
-7.16250397919011 0.7572
-7.16263862579184 0.7571
-7.16278562375833 0.757
-7.16293466977633 0.7569
-7.16310692436347 0.7568
-7.16330011961833 0.7567
-7.16351985190427 0.7566
-7.16373642121183 0.7565
-7.16396147201727 0.7564
-7.16419239121727 0.7563
-7.16442332849055 0.7562
-7.16466246519536 0.7561
-7.16490531694585 0.756
-7.16514570842282 0.7559
-7.16540085089085 0.7558
-7.16564858832899 0.7557
-7.16588256003527 0.7556
-7.16609733400676 0.7555
-7.16630285045074 0.7554
-7.16647144958544 0.7553
-7.16660499497392 0.7552
-7.16670674605004 0.7551
-7.16677428741392 0.755
-7.16681052275169 0.7549
-7.16678633042404 0.7548
-7.1667271053208 0.7547
-7.16664287300491 0.7546
-7.16654452086765 0.7545
-7.16641505513686 0.7544
-7.16625786998206 0.7543
-7.16608990125471 0.7542
-7.16588549702422 0.7541
-7.16566614438464 0.754
-7.16543324914429 0.7539
-7.16520496675763 0.7538
-7.16499600422402 0.7537
-7.16481696511072 0.7536
-7.16465023830658 0.7535
-7.1644838923841 0.7534
-7.16434158404812 0.7533
-7.16422921808187 0.7532
-7.16414380559604 0.7531
-7.16408655671991 0.753
-7.16403088128197 0.7529
-7.16401086198585 0.7528
-7.16401582575416 0.7527
-7.16403447693066 0.7526
-7.16408227330778 0.7525
-7.16417271824187 0.7524
-7.16426527920508 0.7523
-7.16436186016139 0.7522
-7.16445695728389 0.7521
-7.16454240511815 0.752
-7.16461522451296 0.7519
-7.16467154865356 0.7518
-7.16472107919033 0.7517
-7.16477122352769 0.7516
-7.16477988083679 0.7515
-7.16474162320024 0.7514
-7.16466635875803 0.7513
-7.16456451548172 0.7512
-7.16445419531558 0.7511
-7.16432850289492 0.751
-7.16415520149319 0.7509
-7.1639635014901 0.7508
-7.16373160156861 0.7507
-7.16349398166403 0.7506
-7.16324465745408 0.7505
-7.16298672193792 0.7504
-7.16270603219281 0.7503
-7.16240852365254 0.7502
-7.16210301694835 0.7501
-7.16177319146056 0.75
-7.16145708172332 0.7499
-7.16114693377745 0.7498
-7.16081928999179 0.7497
-7.1605306941808 0.7496
-7.16025085584375 0.7495
-7.15997879449876 0.7494
-7.15975358930232 0.7493
-7.15953935846745 0.7492
-7.15935651994265 0.7491
-7.15922710631773 0.749
-7.15912365689846 0.7489
-7.15905182951987 0.7488
-7.15900416393718 0.7487
-7.15897108294111 0.7486
-7.15894169682677 0.7485
-7.1589456042111 0.7484
-7.1589639624577 0.7483
-7.15900524098703 0.7482
-7.15905603292073 0.7481
-7.15912143148676 0.748
-7.1592051354004 0.7479
-7.15930937523383 0.7478
-7.15940795711056 0.7477
-7.1595060986327 0.7476
-7.15959532373614 0.7475
-7.15969206837186 0.7474
-7.15978010513162 0.7473
-7.15982760327626 0.7472
-7.15987840096083 0.7471
-7.15995283181118 0.747
-7.16002842838017 0.7469
-7.16010000374912 0.7468
-7.160147759134 0.7467
-7.16016726614357 0.7466
-7.16019304780172 0.7465
-7.16021350060841 0.7464
-7.16024069509827 0.7463
-7.16029042592176 0.7462
-7.1603591184384 0.7461
-7.1604547821701 0.746
-7.16054691862674 0.7459
-7.16064650317441 0.7458
-7.16075504164285 0.7457
-7.16087673622369 0.7456
-7.16103608422043 0.7455
-7.16119562516087 0.7454
-7.16137069466598 0.7453
-7.16154808304257 0.7452
-7.16172043502611 0.7451
-7.16187849720014 0.745
-7.16202915406522 0.7449
-7.16220036352729 0.7448
-7.1623538937345 0.7447
-7.16251857329578 0.7446
-7.16269652975079 0.7445
-7.16287764066229 0.7444
-7.16305107524563 0.7443
-7.16320846039619 0.7442
-7.16335974464038 0.7441
-7.16350615233685 0.744
-7.16363977223659 0.7439
-7.16378044055742 0.7438
-7.16392051320297 0.7437
-7.16401780618033 0.7436
-7.16409470529026 0.7435
-7.16419232951337 0.7434
-7.1643013517094 0.7433
-7.16438893680087 0.7432
-7.16447255978148 0.7431
-7.16454742663447 0.743
-7.16460493146403 0.7429
-7.16467861935853 0.7428
-7.16473032515702 0.7427
-7.16480536453691 0.7426
-7.16489990479586 0.7425
-7.16498236183968 0.7424
-7.16507828851987 0.7423
-7.16517788832966 0.7422
-7.1652719702704 0.7421
-7.1653778980857 0.742
-7.1654669601936 0.7419
-7.16557105292632 0.7418
-7.16567195221997 0.7417
-7.16575128768404 0.7416
-7.16580861260668 0.7415
-7.16585637131375 0.7414
-7.16588560849492 0.7413
-7.16590057203142 0.7412
-7.16590117980085 0.7411
-7.16587775309456 0.741
-7.16585060080275 0.7409
-7.16579762824165 0.7408
-7.16574728004674 0.7407
-7.16567714697508 0.7406
-7.16559862089749 0.7405
-7.16551285533347 0.7404
-7.16543111501102 0.7403
-7.16534029338799 0.7402
-7.16523432051021 0.7401
-7.16511683298997 0.74
-7.16498732364461 0.7399
-7.16486092436985 0.7398
-7.16473660216012 0.7397
-7.16463088503014 0.7396
-7.16452975869326 0.7395
-7.16439786866024 0.7394
-7.1642658465274 0.7393
-7.16415256321418 0.7392
-7.16403837072064 0.7391
-7.16395343287281 0.739
-7.16388435527956 0.7389
-7.16382490391309 0.7388
-7.16375307975288 0.7387
-7.16366628171142 0.7386
-7.16356037196028 0.7385
-7.16345395307236 0.7384
-7.16334960905301 0.7383
-7.16324878057235 0.7382
-7.16315682829978 0.7381
-7.1630722047427 0.738
-7.16299520255168 0.7379
-7.1629089437844 0.7378
-7.16282426812055 0.7377
-7.16272775569854 0.7376
-7.16265654651147 0.7375
-7.1625921566082 0.7374
-7.1625180016328 0.7373
-7.16242720312582 0.7372
-7.16231934898235 0.7371
-7.16221031068478 0.737
-7.16210148852034 0.7369
-7.16200459802378 0.7368
-7.1619070930551 0.7367
-7.1618363912453 0.7366
-7.16179263095159 0.7365
-7.1618066168597 0.7364
-7.16183388079712 0.7363
-7.16185941827974 0.7362
-7.16190865484962 0.7361
-7.16196264967117 0.736
-7.16202358177772 0.7359
-7.16206638146362 0.7358
-7.16211081838369 0.7357
-7.1621673762352 0.7356
-7.1622320963134 0.7355
-7.16230637546478 0.7354
-7.16237226662566 0.7353
-7.16245190887145 0.7352
-7.16254080097649 0.7351
-7.16261186997577 0.735
-7.16268099023712 0.7349
-7.16274723735155 0.7348
-7.16281506447347 0.7347
-7.16285637557454 0.7346
-7.16287823023272 0.7345
-7.16286396784565 0.7344
-7.16284803739705 0.7343
-7.16280334308362 0.7342
-7.16275197797591 0.7341
-7.16268385800791 0.734
-7.16260353403447 0.7339
-7.16252490475523 0.7338
-7.16244160937346 0.7337
-7.16235892025527 0.7336
-7.16228261237768 0.7335
-7.16221558975514 0.7334
-7.16216445019825 0.7333
-7.16213464016761 0.7332
-7.1621050153668 0.7331
-7.16209667667678 0.733
-7.16209874058439 0.7329
-7.16211274876514 0.7328
-7.1621470868685 0.7327
-7.1622196051949 0.7326
-7.16231447313494 0.7325
-7.16242443495355 0.7324
-7.16254571871747 0.7323
-7.16269854131267 0.7322
-7.16286592762898 0.7321
-7.16305783488901 0.732
-7.16325314692844 0.7319
-7.16344407051763 0.7318
-7.16363262136139 0.7317
-7.16384453561997 0.7316
-7.16407620793192 0.7315
-7.16428842465398 0.7314
-7.16449205558493 0.7313
-7.16467204223426 0.7312
-7.16485352999918 0.7311
-7.16500421717463 0.731
-7.16514177424859 0.7309
-7.1652706156814 0.7308
-7.16538823642523 0.7307
-7.16549217793197 0.7306
-7.16555355246864 0.7305
-7.1655929516649 0.7304
-7.16560525607739 0.7303
-7.16559679443014 0.7302
-7.16559337602671 0.7301
-7.16553999193748 0.73
-7.16546556144041 0.7299
-7.16534814436264 0.7298
-7.16521976387909 0.7297
-7.1650804036021 0.7296
-7.16494603221003 0.7295
-7.16483082394666 0.7294
-7.16473876984252 0.7293
-7.16464128285842 0.7292
-7.16454306548102 0.7291
-7.1644608301849 0.729
-7.16439327727422 0.7289
-7.16433671395596 0.7288
-7.16428709870966 0.7287
-7.16427679501905 0.7286
-7.16428546452623 0.7285
-7.16431692153703 0.7284
-7.16435392431712 0.7283
-7.16439061307987 0.7282
-7.16447222512723 0.7281
-7.1645863731889 0.728
-7.16470268822873 0.7279
-7.16482823014935 0.7278
-7.16497366707591 0.7277
-7.16514033606532 0.7276
-7.16530863148045 0.7275
-7.16546596795775 0.7274
-7.16563278957937 0.7273
-7.16581772446442 0.7272
-7.16599129056822 0.7271
-7.16616095751572 0.727
-7.16635733654457 0.7269
-7.1665385963645 0.7268
-7.16668634940765 0.7267
-7.16682982922336 0.7266
-7.16697299822474 0.7265
-7.16711130751407 0.7264
-7.16721021362958 0.7263
-7.16725007495891 0.7262
-7.16727629358026 0.7261
-7.16728758830937 0.726
-7.16728008447072 0.7259
-7.16725565362345 0.7258
-7.16722188003091 0.7257
-7.16718591058197 0.7256
-7.16713851738422 0.7255
-7.16708078418859 0.7254
-7.16701591781944 0.7253
-7.16696666009133 0.7252
-7.16689059623547 0.7251
-7.16681117200753 0.725
-7.16674640902681 0.7249
-7.16668585450387 0.7248
-7.16663924406876 0.7247
-7.16656869851265 0.7246
-7.16651767113592 0.7245
-7.16647336807431 0.7244
-7.16643281677995 0.7243
-7.16640083057679 0.7242
-7.16637843571512 0.7241
-7.16636803910064 0.724
-7.16642148266526 0.7239
-7.16648034820419 0.7238
-7.16654513120066 0.7237
-7.16660996050482 0.7236
-7.16669324062563 0.7235
-7.16674302757536 0.7234
-7.16677445172376 0.7233
-7.16680685385663 0.7232
-7.16682267122026 0.7231
-7.1668375419475 0.723
-7.16686816315616 0.7229
-7.16689583593109 0.7228
-7.16692490549024 0.7227
-7.1669568289273 0.7226
-7.166984026774 0.7225
-7.16701053200227 0.7224
-7.16703219668501 0.7223
-7.16706164730586 0.7222
-7.16708965780001 0.7221
-7.16714492836895 0.722
-7.16722834103458 0.7219
-7.16730623740835 0.7218
-7.16738788666117 0.7217
-7.16746423843984 0.7216
-7.16754869356651 0.7215
-7.16761065837108 0.7214
-7.16766116006389 0.7213
-7.16768573398895 0.7212
-7.16770412206736 0.7211
-7.1677242101623 0.721
-7.16773345404419 0.7209
-7.167702340446 0.7208
-7.16765272444123 0.7207
-7.16758243878816 0.7206
-7.16750406721809 0.7205
-7.16742304637226 0.7204
-7.16733161426659 0.7203
-7.16725639813049 0.7202
-7.16717325015239 0.7201
-7.16710167891343 0.72
-7.1670260687647 0.7199
-7.16695608724916 0.7198
-7.16688457847411 0.7197
-7.16682108170015 0.7196
-7.1667458300416 0.7195
-7.16667388356777 0.7194
-7.16657714869213 0.7193
-7.1664611518835 0.7192
-7.16633442392555 0.7191
-7.16620174334939 0.719
-7.166060687646 0.7189
-7.16591247354211 0.7188
-7.16574149901931 0.7187
-7.16555358865446 0.7186
-7.16536574332651 0.7185
-7.16517891431904 0.7184
-7.16498767683993 0.7183
-7.16483311652259 0.7182
-7.16468181748109 0.7181
-7.16453643251571 0.718
-7.16442100392228 0.7179
-7.16434014016961 0.7178
-7.1642577459914 0.7177
-7.16419954478272 0.7176
-7.16416122379336 0.7175
-7.16413449276819 0.7174
-7.16413087037699 0.7173
-7.16413219592251 0.7172
-7.16413251056868 0.7171
-7.16414137429916 0.717
-7.16417181436715 0.7169
-7.16421674947688 0.7168
-7.16426170048382 0.7167
-7.16430524017317 0.7166
-7.16434570528652 0.7165
-7.16436745174009 0.7164
-7.16435692010563 0.7163
-7.16434888823724 0.7162
-7.16434077429653 0.7161
-7.16431090168544 0.716
-7.16427931894994 0.7159
-7.16423825992288 0.7158
-7.16419235578023 0.7157
-7.16415352032387 0.7156
-7.16412428369364 0.7155
-7.16411296713137 0.7154
-7.16409367964589 0.7153
-7.16408923904497 0.7152
-7.16408982234889 0.7151
-7.16411462774945 0.715
-7.16415947540826 0.7149
-7.16423122277484 0.7148
-7.16430393717223 0.7147
-7.16439964606379 0.7146
-7.16455575577978 0.7145
-7.16475624494664 0.7144
-7.16496332074392 0.7143
-7.16518496311259 0.7142
-7.16541490057518 0.7141
-7.16566230580385 0.714
-7.16594066228664 0.7139
-7.16620608458543 0.7138
-7.16645717894696 0.7137
-7.16671473291461 0.7136
-7.16694341784665 0.7135
-7.1671703648807 0.7134
-7.16740180243966 0.7133
-7.16761673071511 0.7132
-7.16780816210265 0.7131
-7.16798201840575 0.713
-7.16813402171199 0.7129
-7.16826105454816 0.7128
-7.16837075495064 0.7127
-7.16846535862703 0.7126
-7.16854702142592 0.7125
-7.16860676448822 0.7124
-7.16867026234565 0.7123
-7.16873348593378 0.7122
-7.16880201972468 0.7121
-7.16887478679569 0.712
-7.16895391891067 0.7119
-7.16904412260043 0.7118
-7.16913296965392 0.7117
-7.16920307273117 0.7116
-7.16925009733917 0.7115
-7.16929557017217 0.7114
-7.16933606555375 0.7113
-7.16933964739507 0.7112
-7.16934997443138 0.7111
-7.16935147158566 0.711
-7.16933425948344 0.7109
-7.16929753683423 0.7108
-7.16923945447288 0.7107
-7.16915537194342 0.7106
-7.16904662044967 0.7105
-7.16892651496804 0.7104
-7.16879028648057 0.7103
-7.16862951331719 0.7102
-7.16846780990653 0.7101
-7.16829474102247 0.71
-7.16811168627805 0.7099
-7.16790935506596 0.7098
-7.16770861463052 0.7097
-7.16751238540706 0.7096
-7.16734538129727 0.7095
-7.16721704320034 0.7094
-7.16709415942472 0.7093
-7.16696477490768 0.7092
-7.16685005549619 0.7091
-7.16675623647285 0.709
-7.16666335364103 0.7089
-7.16656830096581 0.7088
-7.16647474769394 0.7087
-7.1663846719169 0.7086
-7.16629784138693 0.7085
-7.16621733592965 0.7084
-7.16615472436652 0.7083
-7.16609466293814 0.7082
-7.1660011724926 0.7081
-7.16590243308721 0.708
-7.16579245371924 0.7079
-7.16569952792886 0.7078
-7.16560573752851 0.7077
-7.16551183240475 0.7076
-7.16543368973581 0.7075
-7.16537151753461 0.7074
-7.16530969861371 0.7073
-7.16525351369962 0.7072
-7.16519008027484 0.7071
-7.16514660316596 0.707
-7.16509674035569 0.7069
-7.16504367530832 0.7068
-7.1649980349083 0.7067
-7.16496606418147 0.7066
-7.16492338985747 0.7065
-7.16486998169862 0.7064
-7.16479112831317 0.7063
-7.16468646680117 0.7062
-7.16457414772186 0.7061
-7.16445293010171 0.706
-7.16432492746698 0.7059
-7.16416866831868 0.7058
-7.16401980563944 0.7057
-7.16388760948994 0.7056
-7.16377732622326 0.7055
-7.16369982473751 0.7054
-7.16365892174054 0.7053
-7.16363390119772 0.7052
-7.16361411034639 0.7051
-7.16360645687354 0.705
-7.16359453426155 0.7049
-7.16358440517448 0.7048
-7.16357183080682 0.7047
-7.16357339457689 0.7046
-7.16358221826261 0.7045
-7.16359953375814 0.7044
-7.16364420084916 0.7043
-7.16368119828473 0.7042
-7.16374371906159 0.7041
-7.16379783916531 0.704
-7.16385621497989 0.7039
-7.16393687192177 0.7038
-7.16400769357423 0.7037
-7.16408038685322 0.7036
-7.16415479476393 0.7035
-7.16421960126581 0.7034
-7.16428018093379 0.7033
-7.16433372926654 0.7032
-7.1643816983845 0.7031
-7.16442575671838 0.703
-7.16444306515975 0.7029
-7.16448406257383 0.7028
-7.16451868263184 0.7027
-7.16452558427451 0.7026
-7.16451227959142 0.7025
-7.16449400758782 0.7024
-7.16447705150061 0.7023
-7.1644521540196 0.7022
-7.16442971381598 0.7021
-7.16440141091732 0.702
-7.1643773344956 0.7019
-7.16436619234453 0.7018
-7.16439420236906 0.7017
-7.1644240318205 0.7016
-7.16447696459264 0.7015
-7.1645442163499 0.7014
-7.16463642487134 0.7013
-7.16473587750561 0.7012
-7.16485633121969 0.7011
-7.16501057572307 0.701
-7.16517957041555 0.7009
-7.16536194727227 0.7008
-7.16555560701333 0.7007
-7.16577366164352 0.7006
-7.1659900596477 0.7005
-7.16622957190917 0.7004
-7.16646616443709 0.7003
-7.16669584697719 0.7002
-7.16692874594118 0.7001
-7.16717353602379 0.7
-7.16742149468626 0.6999
-7.16765758204337 0.6998
-7.16785882403487 0.6997
-7.16806701031428 0.6996
-7.16826586149735 0.6995
-7.1684727585984 0.6994
-7.16867128601219 0.6993
-7.16884742279461 0.6992
-7.16900825181788 0.6991
-7.16914033700538 0.699
-7.16925706897344 0.6989
-7.16937552549895 0.6988
-7.16948729673181 0.6987
-7.16958865499987 0.6986
-7.1696874789429 0.6985
-7.16975124261011 0.6984
-7.16979791271044 0.6983
-7.16982751203126 0.6982
-7.16985676768438 0.6981
-7.1698744465333 0.698
-7.16987353203108 0.6979
-7.16986770122832 0.6978
-7.16983922916895 0.6977
-7.16979442083483 0.6976
-7.16972045599042 0.6975
-7.1696172202258 0.6974
-7.16947990389234 0.6973
-7.16931581982154 0.6972
-7.16912127220539 0.6971
-7.16892878846027 0.697
-7.16873007497398 0.6969
-7.16854313520425 0.6968
-7.16836257035752 0.6967
-7.16819627206123 0.6966
-7.16803024063041 0.6965
-7.16789064874814 0.6964
-7.16776233216046 0.6963
-7.1676342965188 0.6962
-7.16753814739619 0.6961
-7.16745270444228 0.696
-7.16739487918619 0.6959
-7.16735750346279 0.6958
-7.16733411226597 0.6957
-7.1673395975257 0.6956
-7.16734011045331 0.6955
-7.16738067123585 0.6954
-7.16742573123027 0.6953
-7.16748925701709 0.6952
-7.16754254201483 0.6951
-7.16760485865498 0.695
-7.16766626965288 0.6949
-7.1677354934961 0.6948
-7.1678250423323 0.6947
-7.16793340960602 0.6946
-7.16807837873318 0.6945
-7.16824725980913 0.6944
-7.1684255734471 0.6943
-7.16861857286901 0.6942
-7.16880568034744 0.6941
-7.16900395515346 0.694
-7.1692084701649 0.6939
-7.16942631402419 0.6938
-7.16964007852462 0.6937
-7.16984101469298 0.6936
-7.17002689249734 0.6935
-7.17020810978615 0.6934
-7.1703751884185 0.6933
-7.17051531390766 0.6932
-7.17064860385092 0.6931
-7.17075757482881 0.693
-7.17086599245409 0.6929
-7.17095518900931 0.6928
-7.17102917497538 0.6927
-7.1710943503799 0.6926
-7.17112901493864 0.6925
-7.17114213827968 0.6924
-7.17114872812503 0.6923
-7.17113490538693 0.6922
-7.17108952468566 0.6921
-7.17101720274788 0.692
-7.17094143202238 0.6919
-7.17085928656344 0.6918
-7.17080005155309 0.6917
-7.17077357731466 0.6916
-7.1707539676156 0.6915
-7.1707292231518 0.6914
-7.17070495829155 0.6913
-7.17069753725242 0.6912
-7.17070680477382 0.6911
-7.17070784384936 0.691
-7.17072306172636 0.6909
-7.17072411451071 0.6908
-7.17074479515969 0.6907
-7.17076742192332 0.6906
-7.17078268229019 0.6905
-7.17080050111086 0.6904
-7.17085802065642 0.6903
-7.17093760935217 0.6902
-7.17101027265659 0.6901
-7.17109670945854 0.69
-7.17121217616569 0.6899
-7.1713340784818 0.6898
-7.17147647547611 0.6897
-7.17162280226885 0.6896
-7.17177011895174 0.6895
-7.17191729662225 0.6894
-7.17204663212425 0.6893
-7.17215067916458 0.6892
-7.17222676309558 0.6891
-7.17228901087531 0.689
-7.17233811461561 0.6889
-7.17236285366096 0.6888
-7.17235505902146 0.6887
-7.17234343927379 0.6886
-7.17232621656199 0.6885
-7.17229505641092 0.6884
-7.17223972788835 0.6883
-7.17213620113371 0.6882
-7.17201151878581 0.6881
-7.17186351935101 0.688
-7.17170981785645 0.6879
-7.17152435778018 0.6878
-7.17131458668509 0.6877
-7.17108190150282 0.6876
-7.17083977706133 0.6875
-7.17060211108865 0.6874
-7.17037525570472 0.6873
-7.17017152857563 0.6872
-7.16999016627608 0.6871
-7.16983867745044 0.687
-7.16972217281537 0.6869
-7.16962821341175 0.6868
-7.1695565056706 0.6867
-7.16952128188743 0.6866
-7.16950160022506 0.6865
-7.16950307519317 0.6864
-7.16951830612016 0.6863
-7.16955902755599 0.6862
-7.16962508335669 0.6861
-7.16971392700875 0.686
-7.1698307112765 0.6859
-7.16994663818646 0.6858
-7.17005378677749 0.6857
-7.1701557426511 0.6856
-7.17024871357921 0.6855
-7.17032190213073 0.6854
-7.17037311914742 0.6853
-7.1704168417282 0.6852
-7.17045855197596 0.6851
-7.17049984248364 0.685
-7.17051925699594 0.6849
-7.17053070480014 0.6848
-7.17052929278244 0.6847
-7.17050225987154 0.6846
-7.17046986630155 0.6845
-7.17041287459177 0.6844
-7.17035373941646 0.6843
-7.17030041441216 0.6842
-7.17021908945756 0.6841
-7.1701033091082 0.684
-7.17000342574108 0.6839
-7.16989725911912 0.6838
-7.16979643839743 0.6837
-7.16971236443337 0.6836
-7.16961816438593 0.6835
-7.16952108997046 0.6834
-7.16944571293852 0.6833
-7.16938946388145 0.6832
-7.16935491785838 0.6831
-7.16930770606092 0.683
-7.16928622179784 0.6829
-7.16926961589862 0.6828
-7.16929391824583 0.6827
-7.16932280550468 0.6826
-7.16936235212426 0.6825
-7.1694419624021 0.6824
-7.16954446887833 0.6823
-7.16965058097706 0.6822
-7.16979472943008 0.6821
-7.16995117664373 0.682
-7.17011584388888 0.6819
-7.17030225045997 0.6818
-7.17050678358884 0.6817
-7.17068402197487 0.6816
-7.17084745178809 0.6815
-7.17102852756496 0.6814
-7.17120052401293 0.6813
-7.17134870575842 0.6812
-7.17150563262504 0.6811
-7.17164696539284 0.681
-7.17177552303005 0.6809
-7.17187753395404 0.6808
-7.17196049372098 0.6807
-7.17203771717293 0.6806
-7.17210728965406 0.6805
-7.17216170753847 0.6804
-7.17220102858745 0.6803
-7.1722380027918 0.6802
-7.17227159263451 0.6801
-7.17230887797601 0.68
-7.17233387792962 0.6799
-7.17235733305226 0.6798
-7.17235916763108 0.6797
-7.17234005442999 0.6796
-7.17229990509303 0.6795
-7.17225530044316 0.6794
-7.17219490984394 0.6793
-7.1721217160802 0.6792
-7.17206246820526 0.6791
-7.17198587401614 0.679
-7.17190516949483 0.6789
-7.17183502441706 0.6788
-7.17176578101943 0.6787
-7.17167408017163 0.6786
-7.17155939350559 0.6785
-7.17145754142349 0.6784
-7.17136282963277 0.6783
-7.17126905891985 0.6782
-7.17118966273504 0.6781
-7.17112777483579 0.678
-7.17105589754102 0.6779
-7.17099059039075 0.6778
-7.17093931960641 0.6777
-7.17088950886201 0.6776
-7.17081933229111 0.6775
-7.1707478762404 0.6774
-7.17070936013475 0.6773
-7.17070633730065 0.6772
-7.1707190280831 0.6771
-7.17074531604458 0.677
-7.17078404206586 0.6769
-7.17082558438672 0.6768
-7.17088211065698 0.6767
-7.1709423620707 0.6766
-7.17101490024473 0.6765
-7.17108550124275 0.6764
-7.17114797796869 0.6763
-7.17119960632144 0.6762
-7.17125738806926 0.6761
-7.17131421098829 0.676
-7.17137722624022 0.6759
-7.17143661307645 0.6758
-7.17149942221015 0.6757
-7.17155924911093 0.6756
-7.17162234955554 0.6755
-7.17169672195255 0.6754
-7.1718079354812 0.6753
-7.17192729807825 0.6752
-7.17206092000627 0.6751
-7.17220186129239 0.675
-7.17234565675979 0.6749
-7.17248786055198 0.6748
-7.17263257668461 0.6747
-7.17276867078552 0.6746
-7.17289263303609 0.6745
-7.17301738801835 0.6744
-7.17313815829639 0.6743
-7.17323524140959 0.6742
-7.17332549420245 0.6741
-7.17340941567611 0.674
-7.17348903117313 0.6739
-7.17354204338384 0.6738
-7.17357940501751 0.6737
-7.17360909938079 0.6736
-7.17360649091577 0.6735
-7.17358404095912 0.6734
-7.17354900854417 0.6733
-7.17351237908414 0.6732
-7.17348229051079 0.6731
-7.17342949001972 0.673
-7.17337365251762 0.6729
-7.17330623523969 0.6728
-7.17323557037911 0.6727
-7.17317159343623 0.6726
-7.17309989469208 0.6725
-7.17302355738028 0.6724
-7.17294428914045 0.6723
-7.17287422738132 0.6722
-7.17279967994815 0.6721
-7.17271985700374 0.672
-7.17262254801954 0.6719
-7.17250746862269 0.6718
-7.17238639226588 0.6717
-7.17226285104428 0.6716
-7.17213975498991 0.6715
-7.17201638730233 0.6714
-7.17187250841464 0.6713
-7.17174540850739 0.6712
-7.1716060252896 0.6711
-7.17147028844954 0.671
-7.1713624576695 0.6709
-7.17128147022676 0.6708
-7.17119797413219 0.6707
-7.17116120586591 0.6706
-7.17116690748538 0.6705
-7.17121914777359 0.6704
-7.17127579060723 0.6703
-7.17134113061668 0.6702
-7.17141555038169 0.6701
-7.17150404710437 0.67
-7.1716198060121 0.6699
-7.17176102734863 0.6698
-7.17190535097061 0.6697
-7.17207606030705 0.6696
-7.17224149166296 0.6695
-7.17240922523451 0.6694
-7.17255993547373 0.6693
-7.17269863210097 0.6692
-7.17283669834524 0.6691
-7.17295334323965 0.669
-7.17305003299883 0.6689
-7.17313230284367 0.6688
-7.17318378201101 0.6687
-7.17322626724997 0.6686
-7.17325760847187 0.6685
-7.17325718183477 0.6684
-7.17324828553251 0.6683
-7.17321665407194 0.6682
-7.17316501946212 0.6681
-7.17311936523822 0.668
-7.17305935376886 0.6679
-7.17298672674044 0.6678
-7.17291707282605 0.6677
-7.1728143874715 0.6676
-7.17270441523704 0.6675
-7.17260050225938 0.6674
-7.17250834886644 0.6673
-7.17243637371405 0.6672
-7.17237344945811 0.6671
-7.17233631655885 0.667
-7.17231644033034 0.6669
-7.17229393246068 0.6668
-7.17225854202569 0.6667
-7.17223187716677 0.6666
-7.17222469803262 0.6665
-7.17223610380647 0.6664
-7.17226618253025 0.6663
-7.1723106478004 0.6662
-7.17235175072755 0.6661
-7.17240659770261 0.666
-7.17245232735335 0.6659
-7.17250681531954 0.6658
-7.17255947603314 0.6657
-7.17260173288725 0.6656
-7.17263092245432 0.6655
-7.17266057685485 0.6654
-7.1727075267594 0.6653
-7.17274731828037 0.6652
-7.17276002220072 0.6651
-7.17276892253886 0.665
-7.17275192791578 0.6649
-7.17275161272858 0.6648
-7.17275007743715 0.6647
-7.17274087796495 0.6646
-7.17273394824484 0.6645
-7.17271215565926 0.6644
-7.17268753847886 0.6643
-7.17267693918278 0.6642
-7.17265924631282 0.6641
-7.17265984842355 0.664
-7.17267846788972 0.6639
-7.17270848993925 0.6638
-7.17270373759877 0.6637
-7.17268676825948 0.6636
-7.17266535888376 0.6635
-7.17263246391847 0.6634
-7.17258113761748 0.6633
-7.17252643860733 0.6632
-7.1724969115188 0.6631
-7.17245613899567 0.663
-7.17240653930621 0.6629
-7.17233832194145 0.6628
-7.17229449846929 0.6627
-7.17223280607683 0.6626
-7.17217395696535 0.6625
-7.17212618923963 0.6624
-7.17206631030117 0.6623
-7.17202600185885 0.6622
-7.17198345901772 0.6621
-7.1719329286496 0.662
-7.17190266965184 0.6619
-7.17186968324158 0.6618
-7.1718427650469 0.6617
-7.17182820350563 0.6616
-7.17182715340992 0.6615
-7.1718403671257 0.6614
-7.17187412206407 0.6613
-7.17193346621716 0.6612
-7.17200412309215 0.6611
-7.17206578021876 0.661
-7.17215826367588 0.6609
-7.17224234612276 0.6608
-7.17230427196441 0.6607
-7.17237648313354 0.6606
-7.17245712825248 0.6605
-7.17253021691813 0.6604
-7.17258390355205 0.6603
-7.17261795734978 0.6602
-7.17265501395934 0.6601
-7.17268703810161 0.66
-7.17273001580131 0.6599
-7.17279108885886 0.6598
-7.17286049483403 0.6597
-7.1729403310545 0.6596
-7.17301256261012 0.6595
-7.1731066384182 0.6594
-7.17320614092055 0.6593
-7.17331203601397 0.6592
-7.17342584155413 0.6591
-7.17353030401265 0.659
-7.1736557875316 0.6589
-7.17377663491006 0.6588
-7.17388834366209 0.6587
-7.17397583402933 0.6586
-7.17404314359732 0.6585
-7.17410336941768 0.6584
-7.17416951436103 0.6583
-7.17422693754648 0.6582
-7.17428980544966 0.6581
-7.17436316108881 0.658
-7.1744320115401 0.6579
-7.17452506063431 0.6578
-7.17462277092975 0.6577
-7.17472368116795 0.6576
-7.17483607173761 0.6575
-7.17494659686699 0.6574
-7.17507914977211 0.6573
-7.17522153289077 0.6572
-7.17539121545505 0.6571
-7.1755595253761 0.657
-7.17572222546468 0.6569
-7.17590515702086 0.6568
-7.17607701036356 0.6567
-7.1762401198348 0.6566
-7.17638763868478 0.6565
-7.1765083367436 0.6564
-7.17659607082873 0.6563
-7.17665462403573 0.6562
-7.17670486983148 0.6561
-7.17670022467555 0.656
-7.17665915558566 0.6559
-7.17657747844804 0.6558
-7.17646339644962 0.6557
-7.17632674296476 0.6556
-7.1762024651409 0.6555
-7.1760871549442 0.6554
-7.17596964994875 0.6553
-7.1758626207211 0.6552
-7.17575085884096 0.6551
-7.17567746954045 0.655
-7.17561042229285 0.6549
-7.17553004118975 0.6548
-7.17545566524882 0.6547
-7.17539197364674 0.6546
-7.17533061599062 0.6545
-7.17528818650104 0.6544
-7.17524268805105 0.6543
-7.17521165223467 0.6542
-7.17519988244215 0.6541
-7.17520043356244 0.654
-7.17522373518675 0.6539
-7.17525211319008 0.6538
-7.17529562363894 0.6537
-7.17534731128625 0.6536
-7.17539835581529 0.6535
-7.17544328815112 0.6534
-7.17544713873005 0.6533
-7.17545381273949 0.6532
-7.17545422976218 0.6531
-7.17545041813164 0.653
-7.17541884155294 0.6529
-7.175380135129 0.6528
-7.17532501387345 0.6527
-7.17526989761325 0.6526
-7.17520560088349 0.6525
-7.17511692599749 0.6524
-7.17500771798568 0.6523
-7.17488993045928 0.6522
-7.17476714061308 0.6521
-7.17461293662051 0.652
-7.17444749921473 0.6519
-7.17428941451733 0.6518
-7.17414150462393 0.6517
-7.17400672879386 0.6516
-7.17387274587838 0.6515
-7.17374653602321 0.6514
-7.173615839352 0.6513
-7.17349596802794 0.6512
-7.17338422002081 0.6511
-7.1732737640917 0.651
-7.17318107088895 0.6509
-7.17310663080123 0.6508
-7.17305114327243 0.6507
-7.17298409288987 0.6506
-7.17292994575573 0.6505
-7.17289180003634 0.6504
-7.17289649327984 0.6503
-7.17292015327388 0.6502
-7.17294900768465 0.6501
-7.17298946331104 0.65
-7.17303905550654 0.6499
-7.1731399625963 0.6498
-7.17326868261189 0.6497
-7.17340773110089 0.6496
-7.17356939687734 0.6495
-7.17375554613543 0.6494
-7.17394999075812 0.6493
-7.17415125616231 0.6492
-7.17435692218355 0.6491
-7.17456402440885 0.649
-7.17476785158251 0.6489
-7.17498764488343 0.6488
-7.17520252821284 0.6487
-7.17541462204749 0.6486
-7.1756429864953 0.6485
-7.17582844703473 0.6484
-7.17599784914227 0.6483
-7.17616283994992 0.6482
-7.17629723014925 0.6481
-7.17639492902974 0.648
-7.17647708460657 0.6479
-7.17653909126916 0.6478
-7.17655142945338 0.6477
-7.1765329866966 0.6476
-7.17649267932596 0.6475
-7.17643297345898 0.6474
-7.17634802020541 0.6473
-7.1762457713583 0.6472
-7.1761222363169 0.6471
-7.17599292566377 0.647
-7.17583824842987 0.6469
-7.17570693149075 0.6468
-7.17554969666355 0.6467
-7.17539707414055 0.6466
-7.17524395223826 0.6465
-7.17511156204612 0.6464
-7.17499397845908 0.6463
-7.17488743572595 0.6462
-7.17477738186102 0.6461
-7.17469096714383 0.646
-7.17463078035289 0.6459
-7.17460371575385 0.6458
-7.17459425283456 0.6457
-7.1745917538544 0.6456
-7.17462882221001 0.6455
-7.17471529259308 0.6454
-7.17481782590403 0.6453
-7.17494406067464 0.6452
-7.17508980957209 0.6451
-7.17523900430666 0.645
-7.17539136233834 0.6449
-7.17555205084789 0.6448
-7.17571288888445 0.6447
-7.17585195430025 0.6446
-7.17598360200747 0.6445
-7.17609444929028 0.6444
-7.17619887003588 0.6443
-7.17627519353649 0.6442
-7.1763346430051 0.6441
-7.17636302385732 0.644
-7.17636769209438 0.6439
-7.17636344770887 0.6438
-7.17635225733756 0.6437
-7.17631043310531 0.6436
-7.17624800375667 0.6435
-7.1761662136203 0.6434
-7.17606666218426 0.6433
-7.17591824930993 0.6432
-7.17575120087609 0.6431
-7.17559544964084 0.643
-7.1754348200339 0.6429
-7.17528958438953 0.6428
-7.17515780092707 0.6427
-7.17503168218398 0.6426
-7.17493000367251 0.6425
-7.17485380155513 0.6424
-7.17480242443051 0.6423
-7.17477622417889 0.6422
-7.17477558074063 0.6421
-7.17482034059299 0.642
-7.17488939003803 0.6419
-7.17497674800722 0.6418
-7.17508848864743 0.6417
-7.17522076192844 0.6416
-7.17537912368028 0.6415
-7.1755530537542 0.6414
-7.17576108595116 0.6413
-7.17597397257894 0.6412
-7.17618397787591 0.6411
-7.17637896642169 0.641
-7.17660009693477 0.6409
-7.1768104160363 0.6408
-7.17701850192016 0.6407
-7.177218428045 0.6406
-7.17738577546624 0.6405
-7.17755357004324 0.6404
-7.1777013844058 0.6403
-7.17781323070914 0.6402
-7.17790517990953 0.6401
-7.17796528631335 0.64
-7.17799905626181 0.6399
-7.17802843021453 0.6398
-7.17805563141516 0.6397
-7.17807338481492 0.6396
-7.17808459917058 0.6395
-7.1780830797293 0.6394
-7.17805723735045 0.6393
-7.17802758411371 0.6392
-7.17798554774565 0.6391
-7.17796601935687 0.639
-7.17793422762854 0.6389
-7.17788910666301 0.6388
-7.17783950593247 0.6387
-7.17779759565068 0.6386
-7.17775412299753 0.6385
-7.17770104228261 0.6384
-7.17764783814242 0.6383
-7.17760163849173 0.6382
-7.17755817279345 0.6381
-7.17752807293868 0.638
-7.17750578537413 0.6379
-7.17751664802926 0.6378
-7.17753246380209 0.6377
-7.17753897561506 0.6376
-7.17752641178284 0.6375
-7.17753227504347 0.6374
-7.17754434690159 0.6373
-7.17756137779947 0.6372
-7.17757557540991 0.6371
-7.17760135135815 0.637
-7.17762502798897 0.6369
-7.1776227501721 0.6368
-7.17763969410794 0.6367
-7.1776601845186 0.6366
-7.17767849899316 0.6365
-7.17768979765841 0.6364
-7.17770993617895 0.6363
-7.17772027028034 0.6362
-7.17774881851257 0.6361
-7.17777137919341 0.636
-7.17779558016823 0.6359
-7.17785082751487 0.6358
-7.17787798007771 0.6357
-7.1779158825571 0.6356
-7.17794547294942 0.6355
-7.17798536382418 0.6354
-7.17802772836202 0.6353
-7.17807783362274 0.6352
-7.17815178472453 0.6351
-7.1782237212449 0.635
-7.17825246536788 0.6349
-7.17825954549986 0.6348
-7.17825888531542 0.6347
-7.17825569356055 0.6346
-7.17825270896079 0.6345
-7.17825225022124 0.6344
-7.1782421499491 0.6343
-7.17822550771772 0.6342
-7.17820838343281 0.6341
-7.17817951805702 0.634
-7.17815546538872 0.6339
-7.17812766226494 0.6338
-7.17810607612771 0.6337
-7.1780826113514 0.6336
-7.1780495865975 0.6335
-7.17801845713732 0.6334
-7.17798431278609 0.6333
-7.17793217987066 0.6332
-7.17787343413946 0.6331
-7.17782223924664 0.633
-7.17775485956728 0.6329
-7.17768988723552 0.6328
-7.17763401327027 0.6327
-7.17758930749422 0.6326
-7.17754917616897 0.6325
-7.17751782328511 0.6324
-7.17748676516095 0.6323
-7.17745170847887 0.6322
-7.17742874533409 0.6321
-7.17742599548909 0.632
-7.17741504135119 0.6319
-7.17739048253357 0.6318
-7.1773732825665 0.6317
-7.17734973345266 0.6316
-7.17734393716036 0.6315
-7.1773419494894 0.6314
-7.17736044128012 0.6313
-7.17740036819658 0.6312
-7.1774654331516 0.6311
-7.17752422725993 0.631
-7.17758222555805 0.6309
-7.17762122912903 0.6308
-7.17766022357507 0.6307
-7.17769658884452 0.6306
-7.17772024907718 0.6305
-7.17775493517316 0.6304
-7.17778717225372 0.6303
-7.1778464018635 0.6302
-7.17788653215738 0.6301
-7.17790915735995 0.63
-7.17794917409539 0.6299
-7.17799332541199 0.6298
-7.17803981188597 0.6297
-7.17807442831847 0.6296
-7.17810552076755 0.6295
-7.1781231977534 0.6294
-7.17813004203646 0.6293
-7.178158351922 0.6292
-7.17817322429137 0.6291
-7.17817093703899 0.629
-7.17819588512572 0.6289
-7.17821083187101 0.6288
-7.17823060467662 0.6287
-7.17824941198645 0.6286
-7.17825564105539 0.6285
-7.17825796482816 0.6284
-7.17824880308172 0.6283
-7.17822095702138 0.6282
-7.17818588838894 0.6281
-7.17813822063596 0.628
-7.17810185043203 0.6279
-7.17806921615274 0.6278
-7.17802705206329 0.6277
-7.17796693492012 0.6276
-7.17792370679442 0.6275
-7.17786932320956 0.6274
-7.17784039109289 0.6273
-7.17781045507188 0.6272
-7.17780482749579 0.6271
-7.17781667978761 0.627
-7.17783621975345 0.6269
-7.1778876035171 0.6268
-7.17795065659685 0.6267
-7.17802016142894 0.6266
-7.17811822155128 0.6265
-7.17822569903094 0.6264
-7.17835777450766 0.6263
-7.17846647272588 0.6262
-7.17856085133706 0.6261
-7.1786555517539 0.626
-7.17872835859605 0.6259
-7.17878522841854 0.6258
-7.1788304796002 0.6257
-7.17885147810619 0.6256
-7.17884873329194 0.6255
-7.17880730712424 0.6254
-7.178749984768 0.6253
-7.1786446454102 0.6252
-7.17850387274315 0.6251
-7.17833692307725 0.625
-7.17817038007329 0.6249
-7.17800420392442 0.6248
-7.17783421929465 0.6247
-7.17766097365934 0.6246
-7.17748114538038 0.6245
-7.17729282118227 0.6244
-7.17710645071978 0.6243
-7.176925444448 0.6242
-7.17674682453576 0.6241
-7.17658454550741 0.624
-7.176442788184 0.6239
-7.17630847579634 0.6238
-7.1761742536208 0.6237
-7.17603907998202 0.6236
-7.17592957100526 0.6235
-7.17580958064878 0.6234
-7.17568671750649 0.6233
-7.17558837741466 0.6232
-7.17547598511838 0.6231
-7.17538245089184 0.623
-7.17530047547945 0.6229
-7.17523713108289 0.6228
-7.17518784026371 0.6227
-7.17512366904821 0.6226
-7.17507228197569 0.6225
-7.17503694573133 0.6224
-7.17501394385889 0.6223
-7.17498583387955 0.6222
-7.17497388618624 0.6221
-7.17496552965673 0.622
-7.17497129479511 0.6219
-7.1749743706333 0.6218
-7.17498202440575 0.6217
-7.17496564884461 0.6216
-7.17495905328626 0.6215
-7.17495448006349 0.6214
-7.17496401986992 0.6213
-7.1749820863153 0.6212
-7.1750004030046 0.6211
-7.17503542036921 0.621
-7.17508477589416 0.6209
-7.17514729250909 0.6208
-7.17522242354924 0.6207
-7.17531935569465 0.6206
-7.17540907820297 0.6205
-7.1755038739815 0.6204
-7.17559129626376 0.6203
-7.17568903682235 0.6202
-7.17578466535618 0.6201
-7.17589134344897 0.62
-7.1760126063234 0.6199
-7.17614346800172 0.6198
-7.1762733567415 0.6197
-7.17643875370748 0.6196
-7.17660351546256 0.6195
-7.17678578140711 0.6194
-7.17697214078729 0.6193
-7.17715442423294 0.6192
-7.17735266675177 0.6191
-7.17755806964131 0.619
-7.17776423410406 0.6189
-7.17795409314693 0.6188
-7.17815609100494 0.6187
-7.17834404032988 0.6186
-7.1785159700202 0.6185
-7.17865856598834 0.6184
-7.17878896831377 0.6183
-7.17890740238139 0.6182
-7.17902169473819 0.6181
-7.17913678340493 0.618
-7.17924188776834 0.6179
-7.1793468372378 0.6178
-7.17944274972477 0.6177
-7.17950474956075 0.6176
-7.17955307120939 0.6175
-7.17957098917449 0.6174
-7.17960122476771 0.6173
-7.17963368568935 0.6172
-7.17967527630499 0.6171
-7.17971472621013 0.617
-7.1797361151723 0.6169
-7.17973115292799 0.6168
-7.17970888124864 0.6167
-7.17969103416423 0.6166
-7.17967339929567 0.6165
-7.17964135849823 0.6164
-7.17960137599896 0.6163
-7.17955162458401 0.6162
-7.17949798283332 0.6161
-7.1794456874786 0.616
-7.17941950125902 0.6159
-7.1793989237241 0.6158
-7.17937830857214 0.6157
-7.17935516965168 0.6156
-7.17933017502321 0.6155
-7.17929162584139 0.6154
-7.17925862730622 0.6153
-7.17922747541492 0.6152
-7.17919547227134 0.6151
-7.1791468215522 0.615
-7.17908819139627 0.6149
-7.1790130152841 0.6148
-7.17895123626858 0.6147
-7.17886766152279 0.6146
-7.17877879679674 0.6145
-7.17866504575149 0.6144
-7.17854038668263 0.6143
-7.17841633448359 0.6142
-7.17828046817274 0.6141
-7.17815981871874 0.614
-7.17804029806691 0.6139
-7.17793644754052 0.6138
-7.17781735790789 0.6137
-7.17770896208686 0.6136
-7.17759402759104 0.6135
-7.17751356962064 0.6134
-7.1774371325764 0.6133
-7.17736391120217 0.6132
-7.177309291834 0.6131
-7.17727575659191 0.613
-7.1772602834097 0.6129
-7.17723919280809 0.6128
-7.1772492943691 0.6127
-7.17727211729204 0.6126
-7.17730144091256 0.6125
-7.17733463294452 0.6124
-7.17736983513735 0.6123
-7.17740589060791 0.6122
-7.17743455726703 0.6121
-7.17746873537189 0.612
-7.17749526272007 0.6119
-7.17753307647505 0.6118
-7.17757083037832 0.6117
-7.17762156470362 0.6116
-7.17766247966422 0.6115
-7.17770516471126 0.6114
-7.17777176455855 0.6113
-7.17785199972774 0.6112
-7.17793504457601 0.6111
-7.17802773194231 0.611
-7.17813278770692 0.6109
-7.17827177482714 0.6108
-7.1784130348505 0.6107
-7.17855008277059 0.6106
-7.17868879206845 0.6105
-7.17881947179004 0.6104
-7.17894168019239 0.6103
-7.17907679482952 0.6102
-7.17920933101372 0.6101
-7.1793387377126 0.61
-7.17946145437578 0.6099
-7.17958364208504 0.6098
-7.17969545088984 0.6097
-7.17980573555614 0.6096
-7.17992313140449 0.6095
-7.18003879218979 0.6094
-7.18015291445246 0.6093
-7.18025712015419 0.6092
-7.18032850845619 0.6091
-7.18038971105988 0.609
-7.18042986666687 0.6089
-7.1804608421795 0.6088
-7.18047365043329 0.6087
-7.18046112116915 0.6086
-7.1804337936278 0.6085
-7.18037438896413 0.6084
-7.18031685656344 0.6083
-7.18026295873041 0.6082
-7.18020774292564 0.6081
-7.18013571296175 0.608
-7.18003892702917 0.6079
-7.17992322873905 0.6078
-7.17979796063359 0.6077
-7.17966189079207 0.6076
-7.17953208602001 0.6075
-7.1793898573563 0.6074
-7.17923025650958 0.6073
-7.17906262470878 0.6072
-7.17889444605142 0.6071
-7.17872065082973 0.607
-7.17853124578308 0.6069
-7.17833721788696 0.6068
-7.17813642437581 0.6067
-7.17792080719637 0.6066
-7.177715158557 0.6065
-7.17751812317658 0.6064
-7.17734653138747 0.6063
-7.17721956396606 0.6062
-7.17711427313338 0.6061
-7.17703563429949 0.606
-7.17701247271004 0.6059
-7.17704840279419 0.6058
-7.17711150032243 0.6057
-7.17722544913546 0.6056
-7.177374381097 0.6055
-7.17757766161447 0.6054
-7.17780524755163 0.6053
-7.17803720691232 0.6052
-7.17829337303215 0.6051
-7.17856946116996 0.605
-7.17884879451562 0.6049
-7.17915245479531 0.6048
-7.17944735661145 0.6047
-7.17973872511609 0.6046
-7.1800272001955 0.6045
-7.18032921717314 0.6044
-7.18063019441576 0.6043
-7.18092007360052 0.6042
-7.18118606994415 0.6041
-7.18144445062714 0.604
-7.18168383159047 0.6039
-7.18188327922374 0.6038
-7.182053649771 0.6037
-7.18221279426943 0.6036
-7.18235561583704 0.6035
-7.18247758903204 0.6034
-7.18257344950759 0.6033
-7.18265384197059 0.6032
-7.18270763385413 0.6031
-7.1827260150334 0.603
-7.1827477885463 0.6029
-7.18275929869089 0.6028
-7.18277600651074 0.6027
-7.1827928546526 0.6026
-7.18279202414093 0.6025
-7.18276094492758 0.6024
-7.18273263358455 0.6023
-7.18269359491554 0.6022
-7.18261404826606 0.6021
-7.18253220439666 0.602
-7.18243991537545 0.6019
-7.18233607459784 0.6018
-7.18220646667271 0.6017
-7.18206673938063 0.6016
-7.18189947841208 0.6015
-7.18174394906596 0.6014
-7.18158391172609 0.6013
-7.18143014210909 0.6012
-7.18129026672224 0.6011
-7.18117426908073 0.601
-7.18104878649355 0.6009
-7.18093857640061 0.6008
-7.18083877924176 0.6007
-7.1807723906973 0.6006
-7.18071344936006 0.6005
-7.18067092719152 0.6004
-7.18063916944656 0.6003
-7.18062676019844 0.6002
-7.18061584359455 0.6001
-7.18062280685661 0.6
-7.18064114368956 0.5999
-7.1806711206323 0.5998
-7.18069475438553 0.5997
-7.18070575206749 0.5996
-7.18071347141768 0.5995
-7.18070585600564 0.5994
-7.18068331803935 0.5993
-7.18065047905392 0.5992
-7.1806224910529 0.5991
-7.18058569522115 0.599
-7.18052270655073 0.5989
-7.18045093521864 0.5988
-7.18039343439813 0.5987
-7.18033416666841 0.5986
-7.18027298313718 0.5985
-7.18020411405752 0.5984
-7.18015564957591 0.5983
-7.18011878381053 0.5982
-7.18008313730545 0.5981
-7.18006022079275 0.598
-7.18006786506779 0.5979
-7.18010794378119 0.5978
-7.18016513867848 0.5977
-7.18021390148562 0.5976
-7.18025375656424 0.5975
-7.18027987443149 0.5974
-7.18031427549459 0.5973
-7.18033751970076 0.5972
-7.18037308482606 0.5971
-7.18040522135368 0.597
-7.18040529861795 0.5969
-7.18038040889478 0.5968
-7.18034564301114 0.5967
-7.18028885815392 0.5966
-7.18021852345226 0.5965
-7.18012364011297 0.5964
-7.18002125646424 0.5963
-7.17991844731414 0.5962
-7.17982548584235 0.5961
-7.1797237384803 0.596
-7.1796393311851 0.5959
-7.17956320205809 0.5958
-7.17951392845024 0.5957
-7.17948017417659 0.5956
-7.17947053735077 0.5955
-7.17946563051983 0.5954
-7.17949198464868 0.5953
-7.17953263468669 0.5952
-7.17959436257341 0.5951
-7.1796726130039 0.595
-7.17975926609347 0.5949
-7.17983368133137 0.5948
-7.17990771460515 0.5947
-7.17997960839739 0.5946
-7.18005530123772 0.5945
-7.18013073853835 0.5944
-7.18019785487453 0.5943
-7.18027067140384 0.5942
-7.18034905090421 0.5941
-7.18043253505627 0.594
-7.18050703506701 0.5939
-7.18058230614878 0.5938
-7.18067242406943 0.5937
-7.18072494605115 0.5936
-7.18076851488301 0.5935
-7.18080984182646 0.5934
-7.1808268717048 0.5933
-7.18084076569293 0.5932
-7.18084798736262 0.5931
-7.18084402480717 0.593
-7.18081696849591 0.5929
-7.18078625645683 0.5928
-7.18074660440699 0.5927
-7.18072779504921 0.5926
-7.18070754525305 0.5925
-7.18068772193856 0.5924
-7.18064892634568 0.5923
-7.18062886405467 0.5922
-7.18061432105025 0.5921
-7.18061207209418 0.592
-7.18060711104565 0.5919
-7.18059068330543 0.5918
-7.18058905577377 0.5917
-7.18059251309695 0.5916
-7.18060050855646 0.5915
-7.18061515217864 0.5914
-7.18063078363584 0.5913
-7.18064970699729 0.5912
-7.18069150454723 0.5911
-7.18073306343576 0.591
-7.18078507257591 0.5909
-7.18084011829208 0.5908
-7.18091616463492 0.5907
-7.18099310878432 0.5906
-7.18105083759588 0.5905
-7.1811212295209 0.5904
-7.18120470364067 0.5903
-7.1812953820747 0.5902
-7.18138344798493 0.5901
-7.18145538169066 0.59
-7.18153053095369 0.5899
-7.18160442959992 0.5898
-7.18169135753702 0.5897
-7.18176116877852 0.5896
-7.18181824464267 0.5895
-7.18187523852039 0.5894
-7.18191767784916 0.5893
-7.18193817986633 0.5892
-7.18194106838917 0.5891
-7.1819160303135 0.589
-7.18189825706732 0.5889
-7.18187452971857 0.5888
-7.18184507838799 0.5887
-7.18182498400432 0.5886
-7.18179542515681 0.5885
-7.18176341092133 0.5884
-7.18175966279613 0.5883
-7.18176580658228 0.5882
-7.18178591754625 0.5881
-7.18181605543206 0.588
-7.18185123193595 0.5879
-7.18188549490507 0.5878
-7.18190666175504 0.5877
-7.18193258664491 0.5876
-7.18198928112939 0.5875
-7.18206982089426 0.5874
-7.18216999045524 0.5873
-7.18227002601147 0.5872
-7.18237568362905 0.5871
-7.1824822643111 0.587
-7.18258584665517 0.5869
-7.18268002220298 0.5868
-7.18278104876887 0.5867
-7.18291374476336 0.5866
-7.18305440603162 0.5865
-7.18319902228317 0.5864
-7.18335194901398 0.5863
-7.18351283107159 0.5862
-7.18366740180575 0.5861
-7.1838346037652 0.586
-7.18399689581433 0.5859
-7.18415252222732 0.5858
-7.18430549853106 0.5857
-7.1844525845156 0.5856
-7.18460611228111 0.5855
-7.18474875506493 0.5854
-7.1848810559478 0.5853
-7.18499861889996 0.5852
-7.18510646437524 0.5851
-7.18521271973675 0.585
-7.18529371318329 0.5849
-7.18535186339385 0.5848
-7.18537857761228 0.5847
-7.18540928177138 0.5846
-7.18543661982385 0.5845
-7.18545819839673 0.5844
-7.18546951730848 0.5843
-7.18547352692555 0.5842
-7.18545766467686 0.5841
-7.1854298349088 0.584
-7.18538971552322 0.5839
-7.18534772535517 0.5838
-7.1853080463017 0.5837
-7.18526150305556 0.5836
-7.18521391770046 0.5835
-7.18518403499197 0.5834
-7.18516487110625 0.5833
-7.18515005574145 0.5832
-7.18513003381356 0.5831
-7.1850861996405 0.583
-7.18502565039418 0.5829
-7.18496325312277 0.5828
-7.18487647819592 0.5827
-7.18477117713209 0.5826
-7.18465458073311 0.5825
-7.18452843413712 0.5824
-7.1843903738409 0.5823
-7.18421804436441 0.5822
-7.18404477711341 0.5821
-7.18387284829893 0.582
-7.18369558344658 0.5819
-7.18350594939365 0.5818
-7.18329496405337 0.5817
-7.18308190980008 0.5816
-7.18287479206411 0.5815
-7.18265370474596 0.5814
-7.18243774705749 0.5813
-7.18222303482935 0.5812
-7.18198815889617 0.5811
-7.18177577108915 0.581
-7.18157597001155 0.5809
-7.18138372778003 0.5808
-7.18120457399509 0.5807
-7.18101833269484 0.5806
-7.18081835625496 0.5805
-7.18061664347649 0.5804
-7.18042477383588 0.5803
-7.1802379849225 0.5802
-7.18005921983996 0.5801
-7.17988704901649 0.58
-7.17973353753298 0.5799
-7.17962806911276 0.5798
-7.17952269063494 0.5797
-7.17942526001335 0.5796
-7.17937112680837 0.5795
-7.1793512544922 0.5794
-7.17936692372114 0.5793
-7.17940587670707 0.5792
-7.17946907077222 0.5791
-7.17954823474827 0.579
-7.17965244420655 0.5789
-7.17976763580276 0.5788
-7.17990236667378 0.5787
-7.18003358997425 0.5786
-7.18019008406697 0.5785
-7.18037346470464 0.5784
-7.18058231279265 0.5783
-7.18081383043575 0.5782
-7.18104771622714 0.5781
-7.18128757099341 0.578
-7.1815183586365 0.5779
-7.18174460348535 0.5778
-7.18197552322913 0.5777
-7.18220114189143 0.5776
-7.18245128523905 0.5775
-7.1826802442538 0.5774
-7.1829013627853 0.5773
-7.18312632490707 0.5772
-7.18334247803833 0.5771
-7.18354189067615 0.577
-7.18371456038406 0.5769
-7.18385803100436 0.5768
-7.18398895479365 0.5767
-7.18410054068386 0.5766
-7.18421605692283 0.5765
-7.18434144194679 0.5764
-7.18447441833041 0.5763
-7.18457468253082 0.5762
-7.1846555877909 0.5761
-7.18471752847868 0.576
-7.18475587626336 0.5759
-7.18479695648015 0.5758
-7.18483140193903 0.5757
-7.1848492723112 0.5756
-7.18485940070201 0.5755
-7.18486973353591 0.5754
-7.184860737418 0.5753
-7.18484859842661 0.5752
-7.18482596182551 0.5751
-7.18480446550199 0.575
-7.18478567403223 0.5749
-7.18476637534163 0.5748
-7.18474686393929 0.5747
-7.18473280164385 0.5746
-7.18475219458858 0.5745
-7.18478829116156 0.5744
-7.18481086031331 0.5743
-7.18482626932807 0.5742
-7.18482962410715 0.5741
-7.1848485135285 0.574
-7.18486909565619 0.5739
-7.1848961204551 0.5738
-7.18492331486096 0.5737
-7.18497581990122 0.5736
-7.18504003718677 0.5735
-7.18509913709512 0.5734
-7.18515486123334 0.5733
-7.18520255234826 0.5732
-7.18525268228746 0.5731
-7.18529538562983 0.573
-7.18531634175266 0.5729
-7.18533294273774 0.5728
-7.18533131557756 0.5727
-7.18530368429994 0.5726
-7.18526202797964 0.5725
-7.18522614401278 0.5724
-7.18517307878409 0.5723
-7.1851305947031 0.5722
-7.18507221411562 0.5721
-7.1850273990668 0.572
-7.18495537027747 0.5719
-7.18488106546081 0.5718
-7.18478284283688 0.5717
-7.18469099566293 0.5716
-7.18458313761206 0.5715
-7.18448333628182 0.5714
-7.18438692673856 0.5713
-7.18429474226516 0.5712
-7.18419036050159 0.5711
-7.18406451554911 0.571
-7.1839442634829 0.5709
-7.18383180232184 0.5708
-7.18371465394105 0.5707
-7.18360406458876 0.5706
-7.18350599953869 0.5705
-7.1833944055162 0.5704
-7.1832819554205 0.5703
-7.18316181690623 0.5702
-7.18303922282527 0.5701
-7.18293793121748 0.57
-7.18284699446308 0.5699
-7.18276878285968 0.5698
-7.18271128472145 0.5697
-7.18267142283747 0.5696
-7.18264471184952 0.5695
-7.18260408812994 0.5694
-7.18257956268056 0.5693
-7.18257028709717 0.5692
-7.18257679462256 0.5691
-7.18258291572472 0.569
-7.18261779229523 0.5689
-7.18263942845772 0.5688
-7.18266913150854 0.5687
-7.18269622984402 0.5686
-7.18273943333664 0.5685
-7.1828108733554 0.5684
-7.18290111364102 0.5683
-7.18300076326426 0.5682
-7.18309133792831 0.5681
-7.18316311304794 0.568
-7.18322876117757 0.5679
-7.18328648846651 0.5678
-7.18333818949292 0.5677
-7.18339689880123 0.5676
-7.1834348807896 0.5675
-7.18345944175182 0.5674
-7.18349495854998 0.5673
-7.18353709114661 0.5672
-7.18359345799216 0.5671
-7.18366230679364 0.567
-7.18372951369191 0.5669
-7.1837648504602 0.5668
-7.18378138191049 0.5667
-7.18380382738003 0.5666
-7.183811604355 0.5665
-7.18381322506946 0.5664
-7.18380192030729 0.5663
-7.18378721192567 0.5662
-7.18375185203784 0.5661
-7.18369539301424 0.566
-7.18359191308205 0.5659
-7.18346285001417 0.5658
-7.18331470772818 0.5657
-7.18314498057456 0.5656
-7.18294865840852 0.5655
-7.18276105692153 0.5654
-7.18257061555193 0.5653
-7.18239577030369 0.5652
-7.18220266793848 0.5651
-7.1820322867496 0.565
-7.18186546613608 0.5649
-7.18173714709612 0.5648
-7.18160483119239 0.5647
-7.18151020754815 0.5646
-7.18143813686197 0.5645
-7.18136017974132 0.5644
-7.18131465460218 0.5643
-7.18128053129638 0.5642
-7.18128057136504 0.5641
-7.1813168878556 0.564
-7.18134659019557 0.5639
-7.18137854461908 0.5638
-7.18141276248622 0.5637
-7.18146120210273 0.5636
-7.18151568746449 0.5635
-7.18156881838201 0.5634
-7.18162519767914 0.5633
-7.18168649382398 0.5632
-7.18175491416155 0.5631
-7.18183087233371 0.563
-7.18187781419925 0.5629
-7.18192848611144 0.5628
-7.18199031357353 0.5627
-7.18208508352447 0.5626
-7.18218750822257 0.5625
-7.18231269985681 0.5624
-7.18246904380219 0.5623
-7.18262593847672 0.5622
-7.18278430220645 0.5621
-7.18293647045311 0.562
-7.1830923497169 0.5619
-7.18324797279651 0.5618
-7.18339340788875 0.5617
-7.18354266631253 0.5616
-7.18368234600917 0.5615
-7.18384356370135 0.5614
-7.18399367115662 0.5613
-7.18414547659553 0.5612
-7.18426963894864 0.5611
-7.18439754319915 0.561
-7.18451819643879 0.5609
-7.18464086877915 0.5608
-7.18476677890722 0.5607
-7.18488122397012 0.5606
-7.18498648858495 0.5605
-7.18509067828363 0.5604
-7.18519833508986 0.5603
-7.18530496973686 0.5602
-7.18541017461529 0.5601
-7.18548255655781 0.56
-7.18554152837579 0.5599
-7.18561342687241 0.5598
-7.18567070157322 0.5597
-7.18571315171438 0.5596
-7.18576835043712 0.5595
-7.18579752822141 0.5594
-7.18582660405622 0.5593
-7.18585180438172 0.5592
-7.18587249871804 0.5591
-7.18587713770359 0.559
-7.18585806316438 0.5589
-7.18581704500709 0.5588
-7.18579011419355 0.5587
-7.18577629388285 0.5586
-7.18573767529833 0.5585
-7.18567843107033 0.5584
-7.18561556815346 0.5583
-7.18555805715935 0.5582
-7.18550462552042 0.5581
-7.18545666812065 0.558
-7.18540149380461 0.5579
-7.18534186617012 0.5578
-7.18529498701541 0.5577
-7.18522489642117 0.5576
-7.18516060368836 0.5575
-7.1850965694239 0.5574
-7.18502586339651 0.5573
-7.18493327548263 0.5572
-7.18482662311274 0.5571
-7.18472708473791 0.557
-7.18462817808064 0.5569
-7.18452646030814 0.5568
-7.18443864812655 0.5567
-7.18434024194151 0.5566
-7.18423829820139 0.5565
-7.18416309107239 0.5564
-7.18410014731364 0.5563
-7.18403805380675 0.5562
-7.18397866177769 0.5561
-7.18393029770751 0.556
-7.18389296519904 0.5559
-7.18386594097921 0.5558
-7.18384918728969 0.5557
-7.18381730612714 0.5556
-7.18378936131171 0.5555
-7.18375097543986 0.5554
-7.18370903717409 0.5553
-7.18367315552472 0.5552
-7.18363011785209 0.5551
-7.18358673994628 0.555
-7.18354806263626 0.5549
-7.18352780539929 0.5548
-7.18351415166206 0.5547
-7.18350043105 0.5546
-7.18348630109339 0.5545
-7.18348751850594 0.5544
-7.18350094233289 0.5543
-7.18353103499356 0.5542
-7.18357381581082 0.5541
-7.18363285617805 0.554
-7.18372599678383 0.5539
-7.18386711969754 0.5538
-7.18402306205048 0.5537
-7.1841994409784 0.5536
-7.1843807130366 0.5535
-7.18457464157578 0.5534
-7.18477773393643 0.5533
-7.18498115523746 0.5532
-7.18518355090907 0.5531
-7.1853679341458 0.553
-7.18554147815913 0.5529
-7.18570156430625 0.5528
-7.18586544345149 0.5527
-7.18603731589939 0.5526
-7.18619807822817 0.5525
-7.18635220795209 0.5524
-7.18649741162318 0.5523
-7.18664154798771 0.5522
-7.18676048315015 0.5521
-7.18685401879334 0.552
-7.18693173779208 0.5519
-7.18698429907231 0.5518
-7.18700252439844 0.5517
-7.1869795399565 0.5516
-7.18694253550259 0.5515
-7.18687940937381 0.5514
-7.18681620951772 0.5513
-7.18673108256624 0.5512
-7.18662214304966 0.5511
-7.18648598007951 0.551
-7.18633427988191 0.5509
-7.18620217040932 0.5508
-7.18607335214987 0.5507
-7.18594300631138 0.5506
-7.18581404151246 0.5505
-7.18574113361759 0.5504
-7.18568545767162 0.5503
-7.18563514212962 0.5502
-7.18560470525715 0.5501
-7.18557989324323 0.55
-7.18558345950762 0.5499
-7.18562615188824 0.5498
-7.18570953963127 0.5497
-7.18579830248527 0.5496
-7.18589628406064 0.5495
-7.18601617440211 0.5494
-7.18617312612424 0.5493
-7.18633629052431 0.5492
-7.18648973065319 0.5491
-7.18666331926116 0.549
-7.18685159151628 0.5489
-7.18704183811828 0.5488
-7.18722272455217 0.5487
-7.18739142581546 0.5486
-7.18753662367886 0.5485
-7.18767632103501 0.5484
-7.18779468747346 0.5483
-7.1879024075066 0.5482
-7.18798562592557 0.5481
-7.18804586513171 0.548
-7.18808260563645 0.5479
-7.1880991925758 0.5478
-7.18810030392236 0.5477
-7.18809848975182 0.5476
-7.18808327306172 0.5475
-7.18806072512663 0.5474
-7.18803924507156 0.5473
-7.18800057468254 0.5472
-7.18796962130084 0.5471
-7.18792397332493 0.547
-7.18787459806583 0.5469
-7.18779838985597 0.5468
-7.18770246041167 0.5467
-7.18760077981541 0.5466
-7.18748152653402 0.5465
-7.1873580122051 0.5464
-7.18724222284233 0.5463
-7.18711750229333 0.5462
-7.18700783748292 0.5461
-7.18690665668982 0.546
-7.18681307818311 0.5459
-7.18672651186757 0.5458
-7.18665053996545 0.5457
-7.18658864445913 0.5456
-7.1865407390012 0.5455
-7.1865149562596 0.5454
-7.1865197293022 0.5453
-7.18654216635342 0.5452
-7.18657373182073 0.5451
-7.18661497682598 0.545
-7.18665506416004 0.5449
-7.18669346008093 0.5448
-7.18676956438159 0.5447
-7.18684738880525 0.5446
-7.18694661405244 0.5445
-7.18706157066919 0.5444
-7.18721202147603 0.5443
-7.18737054512964 0.5442
-7.18752360831757 0.5441
-7.18767929447766 0.544
-7.18783482701666 0.5439
-7.18798491208623 0.5438
-7.18813402327269 0.5437
-7.18827071863241 0.5436
-7.1883924215077 0.5435
-7.18847143704076 0.5434
-7.18855436612142 0.5433
-7.18862902151411 0.5432
-7.18870194426454 0.5431
-7.18874066674228 0.543
-7.18877280804106 0.5429
-7.18877680466092 0.5428
-7.18875388803433 0.5427
-7.18871380474101 0.5426
-7.18865103218997 0.5425
-7.18858977728058 0.5424
-7.1885468511032 0.5423
-7.18849899231083 0.5422
-7.18845743255475 0.5421
-7.18838209346237 0.542
-7.18828674474609 0.5419
-7.18818561049036 0.5418
-7.18808031692631 0.5417
-7.1879837418832 0.5416
-7.18788013236626 0.5415
-7.18779537621634 0.5414
-7.18771251112608 0.5413
-7.18764035778516 0.5412
-7.18755929367416 0.5411
-7.18746414355458 0.541
-7.18736971067113 0.5409
-7.18726229448568 0.5408
-7.18714081436731 0.5407
-7.18702724323463 0.5406
-7.18691870677633 0.5405
-7.18681415368078 0.5404
-7.18673152380856 0.5403
-7.18666036824893 0.5402
-7.18660392202113 0.5401
-7.18657011834908 0.54
-7.18653579443314 0.5399
-7.18650889915096 0.5398
-7.18648787952416 0.5397
-7.18647688332523 0.5396
-7.1864938344068 0.5395
-7.18653362295319 0.5394
-7.18660189932684 0.5393
-7.18668398477085 0.5392
-7.18677706597572 0.5391
-7.18686502729552 0.539
-7.18695628243839 0.5389
-7.18705346236719 0.5388
-7.18715777281148 0.5387
-7.18725551453462 0.5386
-7.1873589547923 0.5385
-7.18746730185738 0.5384
-7.18755521461563 0.5383
-7.18762697954523 0.5382
-7.18767978065721 0.5381
-7.18772721890719 0.538
-7.18776363541498 0.5379
-7.18780375370473 0.5378
-7.18786539417825 0.5377
-7.18791946313272 0.5376
-7.18800117356324 0.5375
-7.18809607410519 0.5374
-7.18818588956294 0.5373
-7.1882728510709 0.5372
-7.18834998654181 0.5371
-7.18844174851282 0.537
-7.18853529738844 0.5369
-7.18862935721451 0.5368
-7.188714471336 0.5367
-7.18880255326657 0.5366
-7.18887540719403 0.5365
-7.18892662210896 0.5364
-7.1889616221633 0.5363
-7.18897425052532 0.5362
-7.18897709366539 0.5361
-7.18896983625772 0.536
-7.18894938890813 0.5359
-7.18889750858668 0.5358
-7.18884214977858 0.5357
-7.18876117067922 0.5356
-7.18865530455172 0.5355
-7.18855384007431 0.5354
-7.18846014259687 0.5353
-7.18835095297822 0.5352
-7.188243330064 0.5351
-7.18812515243093 0.535
-7.18799422792762 0.5349
-7.18789609807883 0.5348
-7.18778353793911 0.5347
-7.18768914486527 0.5346
-7.18761323165964 0.5345
-7.18756524859257 0.5344
-7.18751948726451 0.5343
-7.18750378990276 0.5342
-7.18750898840119 0.5341
-7.18752541397542 0.534
-7.18754337902578 0.5339
-7.18755426123589 0.5338
-7.18758172746412 0.5337
-7.18762121757139 0.5336
-7.18767883499427 0.5335
-7.18771431234816 0.5334
-7.1877536831307 0.5333
-7.18779297070523 0.5332
-7.18782549505765 0.5331
-7.18787876875913 0.533
-7.1879122458528 0.5329
-7.18793917816021 0.5328
-7.18796002715495 0.5327
-7.18796945689446 0.5326
-7.18798143628259 0.5325
-7.18798512587829 0.5324
-7.1879679198059 0.5323
-7.18793657743123 0.5322
-7.18787491223918 0.5321
-7.18779293539687 0.532
-7.18769939830575 0.5319
-7.1876065118892 0.5318
-7.18749827108073 0.5317
-7.18736955224793 0.5316
-7.18724344389257 0.5315
-7.18710689497632 0.5314
-7.18698524158803 0.5313
-7.18686401334329 0.5312
-7.18674505064701 0.5311
-7.18661437321086 0.531
-7.18650374246824 0.5309
-7.18638826733452 0.5308
-7.18628669001845 0.5307
-7.18619067621642 0.5306
-7.18610163434673 0.5305
-7.18602156405834 0.5304
-7.18593461272335 0.5303
-7.18585615763022 0.5302
-7.18578747146427 0.5301
-7.18572817525427 0.53
-7.18569727383391 0.5299
-7.18567385570492 0.5298
-7.18566467413685 0.5297
-7.18568800532618 0.5296
-7.18570524307043 0.5295
-7.1857271261881 0.5294
-7.18575984070036 0.5293
-7.18580491869188 0.5292
-7.1858522398208 0.5291
-7.18590555711515 0.529
-7.18594629854269 0.5289
-7.18597353159844 0.5288
-7.18598605492392 0.5287
-7.18599047848374 0.5286
-7.18600323126482 0.5285
-7.18601199706981 0.5284
-7.18603032817685 0.5283
-7.18606141057298 0.5282
-7.18609092369879 0.5281
-7.18610600705505 0.528
-7.18611043462433 0.5279
-7.18611633113035 0.5278
-7.18612271698793 0.5277
-7.18613323173681 0.5276
-7.18612943130371 0.5275
-7.18612101713983 0.5274
-7.18610135280693 0.5273
-7.18608178461227 0.5272
-7.18604535916779 0.5271
-7.18601889329313 0.527
-7.18598659484061 0.5269
-7.18595328869401 0.5268
-7.18591693034914 0.5267
-7.18586741629091 0.5266
-7.18582797376967 0.5265
-7.18580417205443 0.5264
-7.18579947416827 0.5263
-7.18581957496724 0.5262
-7.18583590526455 0.5261
-7.1858492809914 0.526
-7.18586056677811 0.5259
-7.18586190243818 0.5258
-7.18586803126433 0.5257
-7.18586508777751 0.5256
-7.18586916885212 0.5255
-7.18590035696842 0.5254
-7.18593634269717 0.5253
-7.18598672006166 0.5252
-7.18603565617429 0.5251
-7.18608315489017 0.525
-7.18612301925873 0.5249
-7.18616737676954 0.5248
-7.18621107526261 0.5247
-7.1862485615704 0.5246
-7.18627928837969 0.5245
-7.18629730163597 0.5244
-7.18631179992397 0.5243
-7.18632155058465 0.5242
-7.18630771853463 0.5241
-7.18628991968357 0.524
-7.18627669127756 0.5239
-7.18626344037227 0.5238
-7.18625213416861 0.5237
-7.1862560717695 0.5236
-7.18628894160982 0.5235
-7.18631389436765 0.5234
-7.18634405464061 0.5233
-7.18642077843666 0.5232
-7.18651206606849 0.5231
-7.18660114743723 0.523
-7.18672269604154 0.5229
-7.18686856260617 0.5228
-7.18703462344352 0.5227
-7.18723899036966 0.5226
-7.18743840912051 0.5225
-7.18764768661884 0.5224
-7.18784946485004 0.5223
-7.18804885528591 0.5222
-7.18824733303525 0.5221
-7.1884341458546 0.522
-7.18859729557606 0.5219
-7.18875372605592 0.5218
-7.18889150167312 0.5217
-7.189013172174 0.5216
-7.18912479071154 0.5215
-7.18922746345335 0.5214
-7.18930351712625 0.5213
-7.18934781594059 0.5212
-7.18936382472631 0.5211
-7.18937767196543 0.521
-7.18936843593184 0.5209
-7.18935010393561 0.5208
-7.18931892656956 0.5207
-7.18928430162925 0.5206
-7.1892441852757 0.5205
-7.18921404747252 0.5204
-7.18918359769651 0.5203
-7.18915427741395 0.5202
-7.18912062299484 0.5201
-7.18908749386852 0.52
-7.18907779194129 0.5199
-7.18906725075643 0.5198
-7.18904395365893 0.5197
-7.18904712517577 0.5196
-7.18906131210005 0.5195
-7.18907606282291 0.5194
-7.18907757738613 0.5193
-7.18908903979288 0.5192
-7.18911706119146 0.5191
-7.18915554645242 0.519
-7.18921318811118 0.5189
-7.18927115252233 0.5188
-7.18933208394974 0.5187
-7.18938814708734 0.5186
-7.18946249187031 0.5185
-7.18955324223881 0.5184
-7.18964911819862 0.5183
-7.18974511977562 0.5182
-7.18985852336114 0.5181
-7.18998110595284 0.518
-7.19009318443129 0.5179
-7.19022108399036 0.5178
-7.19037488380245 0.5177
-7.19052691217151 0.5176
-7.19067267451716 0.5175
-7.19080173920791 0.5174
-7.19092816875084 0.5173
-7.19103115304297 0.5172
-7.19110514589131 0.5171
-7.19114503609296 0.517
-7.19117540526972 0.5169
-7.19120538664299 0.5168
-7.19123114351912 0.5167
-7.19125480403876 0.5166
-7.19128291554714 0.5165
-7.19130753348223 0.5164
-7.19132976504124 0.5163
-7.19133288708442 0.5162
-7.19130434360799 0.5161
-7.19125935749521 0.516
-7.19122083957131 0.5159
-7.19116709475036 0.5158
-7.19111404453847 0.5157
-7.19105601358968 0.5156
-7.191000318767 0.5155
-7.1909351743998 0.5154
-7.19087126986276 0.5153
-7.19082141507064 0.5152
-7.19076034041927 0.5151
-7.19070837667356 0.515
-7.19067613080753 0.5149
-7.19067330974251 0.5148
-7.19067337712153 0.5147
-7.19067094001584 0.5146
-7.19067251011406 0.5145
-7.19068973464266 0.5144
-7.19071227057283 0.5143
-7.19074454778338 0.5142
-7.19079581582882 0.5141
-7.19085371852371 0.514
-7.1909401342802 0.5139
-7.19107230566919 0.5138
-7.19120052659851 0.5137
-7.19134385797095 0.5136
-7.19146826525822 0.5135
-7.19160777070365 0.5134
-7.19176607711233 0.5133
-7.19191663569755 0.5132
-7.1920859829363 0.5131
-7.19226173605709 0.513
-7.19243718076857 0.5129
-7.19259949668307 0.5128
-7.19275094925081 0.5127
-7.19291152688403 0.5126
-7.19305024491471 0.5125
-7.19316457305769 0.5124
-7.19326348069289 0.5123
-7.19334891239567 0.5122
-7.19343416311029 0.5121
-7.19350050905319 0.512
-7.1935569710943 0.5119
-7.19360313710739 0.5118
-7.1936324769037 0.5117
-7.19363648402705 0.5116
-7.19362603819394 0.5115
-7.19359818116166 0.5114
-7.19355979750454 0.5113
-7.19350115224667 0.5112
-7.1934305722859 0.5111
-7.19335158548746 0.511
-7.19326478297688 0.5109
-7.19315861131952 0.5108
-7.19304153780948 0.5107
-7.19291547846863 0.5106
-7.19278654756393 0.5105
-7.19266337531113 0.5104
-7.19253208942816 0.5103
-7.19239843242506 0.5102
-7.19227110338653 0.5101
-7.1921356063412 0.51
-7.19199194688545 0.5099
-7.19183936055333 0.5098
-7.1916840856743 0.5097
-7.19154036239649 0.5096
-7.19142109896565 0.5095
-7.19131752309197 0.5094
-7.1912123939595 0.5093
-7.19111459990477 0.5092
-7.19103042580174 0.5091
-7.19096308055655 0.509
-7.1909099737971 0.5089
-7.19085667739248 0.5088
-7.19079923628381 0.5087
-7.19073495945061 0.5086
-7.19066437808689 0.5085
-7.19061676370486 0.5084
-7.19056159006822 0.5083
-7.19050972247796 0.5082
-7.19045339964409 0.5081
-7.19039465543389 0.508
-7.19035313059345 0.5079
-7.1903098643294 0.5078
-7.19030870742376 0.5077
-7.19030848563562 0.5076
-7.1903090716888 0.5075
-7.19033578656891 0.5074
-7.19037218997493 0.5073
-7.1904168062969 0.5072
-7.19044392467324 0.5071
-7.19047578036867 0.507
-7.19051060656233 0.5069
-7.19055711675992 0.5068
-7.19060570453569 0.5067
-7.19066591643732 0.5066
-7.19073782941521 0.5065
-7.19080857857222 0.5064
-7.19087395675754 0.5063
-7.19095826914356 0.5062
-7.19101478619724 0.5061
-7.19105036974878 0.506
-7.19107195801477 0.5059
-7.19107235691516 0.5058
-7.19106242055347 0.5057
-7.19104394337566 0.5056
-7.19102345929834 0.5055
-7.19098221953046 0.5054
-7.19094612862458 0.5053
-7.19090718862574 0.5052
-7.19086759933052 0.5051
-7.19083086773057 0.505
-7.19080354844163 0.5049
-7.19079693617346 0.5048
-7.19080707873224 0.5047
-7.19081728065765 0.5046
-7.19083910361917 0.5045
-7.19086832981728 0.5044
-7.19088629992666 0.5043
-7.19093669746876 0.5042
-7.19098278929583 0.5041
-7.19102302212649 0.504
-7.19105854934205 0.5039
-7.19107721695054 0.5038
-7.19110510376559 0.5037
-7.19112841844519 0.5036
-7.19112410599695 0.5035
-7.19111291657746 0.5034
-7.19110409926359 0.5033
-7.19108838930411 0.5032
-7.19106111608603 0.5031
-7.191036641956 0.503
-7.19100262370626 0.5029
-7.19094095896785 0.5028
-7.19086338847196 0.5027
-7.19078341954158 0.5026
-7.19070948519559 0.5025
-7.19062662587529 0.5024
-7.19053425979777 0.5023
-7.19046625777457 0.5022
-7.19039148099835 0.5021
-7.19033138934591 0.502
-7.19029294487986 0.5019
-7.1902730302158 0.5018
-7.1902782391182 0.5017
-7.19031813919258 0.5016
-7.19035892119005 0.5015
-7.1904107532008 0.5014
-7.1904850307167 0.5013
-7.19056828728239 0.5012
-7.19064961723222 0.5011
-7.19074522008684 0.501
-7.19086253879492 0.5009
-7.1909822705 0.5008
-7.19109919656646 0.5007
-7.1912478468133 0.5006
-7.1913989520339 0.5005
-7.19156560461534 0.5004
-7.19172830165638 0.5003
-7.19187424533671 0.5002
-7.1920032670021 0.5001
-7.19210318068919 0.5
-7.19220693738127 0.4999
-7.19229653377945 0.4998
-7.1923641227434 0.4997
-7.19243020242279 0.4996
-7.19246513953653 0.4995
-7.19248037745347 0.4994
-7.19246287428936 0.4993
-7.19245163070928 0.4992
-7.19242451568141 0.4991
-7.19238550150817 0.499
-7.19232154284722 0.4989
-7.19224107153321 0.4988
-7.19212903696171 0.4987
-7.19201100770852 0.4986
-7.19189662716034 0.4985
-7.19177273259645 0.4984
-7.19164329397262 0.4983
-7.19151950195876 0.4982
-7.1914249271006 0.4981
-7.19135125962324 0.498
-7.19128380267192 0.4979
-7.19123013951911 0.4978
-7.191189496683 0.4977
-7.19112581333225 0.4976
-7.19106612897099 0.4975
-7.19100599266883 0.4974
-7.19095597116322 0.4973
-7.19090605106672 0.4972
-7.19085349074684 0.4971
-7.19081165881819 0.497
-7.19076349618812 0.4969
-7.19073268378776 0.4968
-7.19070597677435 0.4967
-7.190688500521 0.4966
-7.19068005023346 0.4965
-7.19068508804097 0.4964
-7.19068754958875 0.4963
-7.19067307898236 0.4962
-7.19065761431672 0.4961
-7.19066212117268 0.496
-7.19068566073556 0.4959
-7.19070521269329 0.4958
-7.19071546984383 0.4957
-7.19075629770294 0.4956
-7.19079945373734 0.4955
-7.19084314245365 0.4954
-7.19090122114782 0.4953
-7.19099899026877 0.4952
-7.19109311626936 0.4951
-7.19119988469257 0.495
-7.19132346160313 0.4949
-7.19142623452845 0.4948
-7.19152630827519 0.4947
-7.19163504967954 0.4946
-7.1917651361897 0.4945
-7.1919002801096 0.4944
-7.19201779876751 0.4943
-7.19212947932779 0.4942
-7.19221032697172 0.4941
-7.19226770372273 0.494
-7.19228972255595 0.4939
-7.19228257204828 0.4938
-7.19225178491098 0.4937
-7.19219897262347 0.4936
-7.19213775887538 0.4935
-7.19207261670299 0.4934
-7.19202360026495 0.4933
-7.19197968653755 0.4932
-7.19195184049634 0.4931
-7.19191218603374 0.493
-7.19187223462777 0.4929
-7.19183491232456 0.4928
-7.19181091989422 0.4927
-7.19178160918168 0.4926
-7.19174499931704 0.4925
-7.19169480618229 0.4924
-7.19166139546019 0.4923
-7.19163845853535 0.4922
-7.19163673416509 0.4921
-7.19162585485182 0.492
-7.19161401403971 0.4919
-7.19161029706435 0.4918
-7.19163906952387 0.4917
-7.19166545069107 0.4916
-7.1917070819549 0.4915
-7.19173387628474 0.4914
-7.19177672723352 0.4913
-7.19185544322891 0.4912
-7.19194736379003 0.4911
-7.19204715570013 0.491
-7.19215250586224 0.4909
-7.19226188767681 0.4908
-7.19237431383488 0.4907
-7.1925025795167 0.4906
-7.19263109617977 0.4905
-7.19274745583024 0.4904
-7.19286674172455 0.4903
-7.19297363110284 0.4902
-7.19304799387891 0.4901
-7.19309047523601 0.49
-7.19310681569203 0.4899
-7.19308840114201 0.4898
-7.19305298983821 0.4897
-7.19298793691684 0.4896
-7.1928885246696 0.4895
-7.19276296759826 0.4894
-7.1926252904308 0.4893
-7.19248183682964 0.4892
-7.19231541437482 0.4891
-7.19214609455435 0.489
-7.19198833564196 0.4889
-7.19183996981246 0.4888
-7.19170508413669 0.4887
-7.19159097623628 0.4886
-7.19146478417489 0.4885
-7.19134916353431 0.4884
-7.19125884143231 0.4883
-7.19117517644271 0.4882
-7.19108838997087 0.4881
-7.19103078610893 0.488
-7.19100528203958 0.4879
-7.19099734923737 0.4878
-7.19098824767672 0.4877
-7.19096159348515 0.4876
-7.19095506824819 0.4875
-7.19096394717883 0.4874
-7.19100768143528 0.4873
-7.19106566286607 0.4872
-7.19113582710358 0.4871
-7.1912074008748 0.487
-7.1912773885251 0.4869
-7.19133795142164 0.4868
-7.19140599572702 0.4867
-7.19145759651236 0.4866
-7.19151862303969 0.4865
-7.19159308617713 0.4864
-7.1916617785545 0.4863
-7.19173008648064 0.4862
-7.19179603686555 0.4861
-7.19183273527474 0.486
-7.19186519943488 0.4859
-7.19191164225013 0.4858
-7.19196442756656 0.4857
-7.19202846962526 0.4856
-7.19211725466125 0.4855
-7.19221300744269 0.4854
-7.19231832076833 0.4853
-7.19241390189151 0.4852
-7.19252784348155 0.4851
-7.19263756110953 0.485
-7.19274687338086 0.4849
-7.19285955486043 0.4848
-7.19296615595199 0.4847
-7.19307703649219 0.4846
-7.19317587316629 0.4845
-7.19328030686079 0.4844
-7.1934034808294 0.4843
-7.19351718080415 0.4842
-7.19364671852642 0.4841
-7.19378765625472 0.484
-7.19392854668342 0.4839
-7.1940714621008 0.4838
-7.19420744292998 0.4837
-7.19431682002916 0.4836
-7.19442547821079 0.4835
-7.19454390791236 0.4834
-7.19465918675128 0.4833
-7.19475892495406 0.4832
-7.19484264991722 0.4831
-7.19490045225757 0.483
-7.1949302800521 0.4829
-7.1949439930948 0.4828
-7.19494575972845 0.4827
-7.19491549574825 0.4826
-7.19487162746331 0.4825
-7.19481349090181 0.4824
-7.1947582526329 0.4823
-7.19468339742845 0.4822
-7.19456316671763 0.4821
-7.19442647860987 0.482
-7.19428290659707 0.4819
-7.19412835613821 0.4818
-7.19395148612165 0.4817
-7.19376618547266 0.4816
-7.1935978868689 0.4815
-7.1934371915121 0.4814
-7.19330557386595 0.4813
-7.19320489812398 0.4812
-7.19312200912903 0.4811
-7.1930332165699 0.481
-7.1929470009596 0.4809
-7.19287343275868 0.4808
-7.19283060338428 0.4807
-7.19280883517082 0.4806
-7.1928123434843 0.4805
-7.19283972219222 0.4804
-7.19287667540504 0.4803
-7.19292689335862 0.4802
-7.19298620279762 0.4801
-7.19306649499435 0.48
-7.19315280061505 0.4799
-7.19324833337992 0.4798
-7.1933539109255 0.4797
-7.1934537071724 0.4796
-7.19355409449785 0.4795
-7.19364524774241 0.4794
-7.19374534237435 0.4793
-7.19384135687782 0.4792
-7.193926582362 0.4791
-7.19400604008611 0.479
-7.19406828522722 0.4789
-7.19413099088102 0.4788
-7.19418031098953 0.4787
-7.1942244358833 0.4786
-7.19427497763971 0.4785
-7.19430948735554 0.4784
-7.19432835973163 0.4783
-7.19435893245647 0.4782
-7.19438554949198 0.4781
-7.19441334399632 0.478
-7.1944441145739 0.4779
-7.19447367282904 0.4778
-7.19452204916849 0.4777
-7.19455250532658 0.4776
-7.19460257537448 0.4775
-7.19466131201044 0.4774
-7.19473264657706 0.4773
-7.1948151477694 0.4772
-7.19489594234085 0.4771
-7.19497956019997 0.477
-7.19505050141808 0.4769
-7.1951170320455 0.4768
-7.1951669350576 0.4767
-7.19519486657263 0.4766
-7.19520225845981 0.4765
-7.19517367712383 0.4764
-7.19512086442496 0.4763
-7.19504853373877 0.4762
-7.19495404242839 0.4761
-7.1948675824404 0.476
-7.19477950894465 0.4759
-7.19471246771181 0.4758
-7.19463664418644 0.4757
-7.19456341595202 0.4756
-7.19451854847146 0.4755
-7.19448586518962 0.4754
-7.19445833248664 0.4753
-7.19447181241056 0.4752
-7.19451188806796 0.4751
-7.19454509304501 0.475
-7.19459890405897 0.4749
-7.19465002526673 0.4748
-7.19469374814721 0.4747
-7.19474504740283 0.4746
-7.1947917147023 0.4745
-7.1948237748497 0.4744
-7.19487067806209 0.4743
-7.19488763190523 0.4742
-7.19490535752707 0.4741
-7.19492406088167 0.474
-7.1949631048282 0.4739
-7.19498931807915 0.4738
-7.19500417132361 0.4737
-7.19500445334693 0.4736
-7.19498771405024 0.4735
-7.19497739356783 0.4734
-7.19495640401476 0.4733
-7.19495660248196 0.4732
-7.19494382071788 0.4731
-7.19495137252927 0.473
-7.19497443522797 0.4729
-7.1950150438336 0.4728
-7.19504624518583 0.4727
-7.19507219600454 0.4726
-7.19507870700492 0.4725
-7.1950845477833 0.4724
-7.1950822733343 0.4723
-7.19509370265364 0.4722
-7.19509508744079 0.4721
-7.19506555925092 0.472
-7.19500841290863 0.4719
-7.19494560534604 0.4718
-7.19487074741202 0.4717
-7.19478726558974 0.4716
-7.19470375506626 0.4715
-7.19461858965143 0.4714
-7.19452997989059 0.4713
-7.19443758111957 0.4712
-7.19435523929795 0.4711
-7.19426445352921 0.471
-7.19417693632181 0.4709
-7.19408245917479 0.4708
-7.19398227051589 0.4707
-7.19386637292716 0.4706
-7.19375598524171 0.4705
-7.19365094168438 0.4704
-7.19354378576168 0.4703
-7.19343809628509 0.4702
-7.19333264544357 0.4701
-7.19324726388142 0.47
-7.19315920314878 0.4699
-7.19306538101023 0.4698
-7.19298613744152 0.4697
-7.19292284743181 0.4696
-7.19288795067618 0.4695
-7.19285040239175 0.4694
-7.1928185596741 0.4693
-7.19280122344623 0.4692
-7.19280085214317 0.4691
-7.19281785911179 0.469
-7.19282772140735 0.4689
-7.19284627387783 0.4688
-7.19287741298854 0.4687
-7.19292453551616 0.4686
-7.19297111511929 0.4685
-7.19300511731833 0.4684
-7.1930299754094 0.4683
-7.19305575169171 0.4682
-7.19308846833332 0.4681
-7.19312985923538 0.468
-7.19316685392356 0.4679
-7.19320649736001 0.4678
-7.19322032472757 0.4677
-7.19320268581806 0.4676
-7.19317235710963 0.4675
-7.19313572823684 0.4674
-7.19308642282407 0.4673
-7.19301993309251 0.4672
-7.19295518323426 0.4671
-7.19289219378544 0.467
-7.19280467355029 0.4669
-7.19270870664274 0.4668
-7.19261177028038 0.4667
-7.1925005801417 0.4666
-7.19240328853926 0.4665
-7.19231333268238 0.4664
-7.19224233570101 0.4663
-7.19217582631518 0.4662
-7.19210068717431 0.4661
-7.19203785906224 0.466
-7.19198765806039 0.4659
-7.19195706737713 0.4658
-7.19193197587455 0.4657
-7.19190273371817 0.4656
-7.19188462395188 0.4655
-7.19185369286622 0.4654
-7.19182096490804 0.4653
-7.19178981418805 0.4652
-7.19174968419462 0.4651
-7.19171242224011 0.465
-7.19166797868932 0.4649
-7.19161870999676 0.4648
-7.19155983779183 0.4647
-7.1914882504869 0.4646
-7.19142554104526 0.4645
-7.19137927913336 0.4644
-7.19137318115643 0.4643
-7.19136210027526 0.4642
-7.19135142951841 0.4641
-7.19136619486223 0.464
-7.19140882639157 0.4639
-7.19148224647988 0.4638
-7.19154892688942 0.4637
-7.19161573315666 0.4636
-7.19167242595442 0.4635
-7.19171648341081 0.4634
-7.19174466812788 0.4633
-7.19177116080319 0.4632
-7.19179384907279 0.4631
-7.19180096049901 0.463
-7.19179392207332 0.4629
-7.19176710429507 0.4628
-7.19173027247147 0.4627
-7.19171445836044 0.4626
-7.19171415661248 0.4625
-7.19169529347127 0.4624
-7.19167169577864 0.4623
-7.19165165799832 0.4622
-7.19163525829067 0.4621
-7.19161615350747 0.462
-7.19159653599645 0.4619
-7.19155642736276 0.4618
-7.19151047754452 0.4617
-7.19148137171542 0.4616
-7.19146240825866 0.4615
-7.19146904787414 0.4614
-7.1914937381382 0.4613
-7.19149659857673 0.4612
-7.19151336517212 0.4611
-7.19153526125671 0.461
-7.19155250881804 0.4609
-7.19156324903717 0.4608
-7.19158893938468 0.4607
-7.19163341651754 0.4606
-7.19167916925755 0.4605
-7.19172905519257 0.4604
-7.19178584916296 0.4603
-7.19186721898671 0.4602
-7.19195974869102 0.4601
-7.19205512068792 0.46
-7.19213431496106 0.4599
-7.19219064430221 0.4598
-7.19223898959767 0.4597
-7.1922909152585 0.4596
-7.19235409754396 0.4595
-7.19243067143752 0.4594
-7.19249732425296 0.4593
-7.19257848162534 0.4592
-7.19265881117119 0.4591
-7.19273399704539 0.459
-7.19279625682715 0.4589
-7.19288272098181 0.4588
-7.19296366066235 0.4587
-7.19304786691871 0.4586
-7.1931291270532 0.4585
-7.19321261174088 0.4584
-7.19332819836654 0.4583
-7.19343782644752 0.4582
-7.19354849339932 0.4581
-7.19365398864214 0.458
-7.19374913871363 0.4579
-7.1938599701335 0.4578
-7.19397283377336 0.4577
-7.19406143715334 0.4576
-7.19416055995885 0.4575
-7.19426537438173 0.4574
-7.194360001449 0.4573
-7.1944437670439 0.4572
-7.19452502022608 0.4571
-7.19459061707461 0.457
-7.19464487252472 0.4569
-7.19469397944818 0.4568
-7.19473495358861 0.4567
-7.19477349363322 0.4566
-7.19481726789042 0.4565
-7.1948519064133 0.4564
-7.19490234429199 0.4563
-7.1949643090046 0.4562
-7.1950320195691 0.4561
-7.19510160087489 0.456
-7.19514846718643 0.4559
-7.19519302372185 0.4558
-7.19523180918253 0.4557
-7.19526186761829 0.4556
-7.19530184822483 0.4555
-7.19532400451018 0.4554
-7.19532402644926 0.4553
-7.19530710140815 0.4552
-7.19529049836831 0.4551
-7.19525194323287 0.455
-7.19521126041416 0.4549
-7.1951535283448 0.4548
-7.19508082354032 0.4547
-7.19500449494344 0.4546
-7.19492772278478 0.4545
-7.19483764062733 0.4544
-7.19474583665082 0.4543
-7.19467383738351 0.4542
-7.19462675944436 0.4541
-7.19458008056185 0.454
-7.19454919345255 0.4539
-7.19454431283968 0.4538
-7.19454612179001 0.4537
-7.194559755834 0.4536
-7.19458178143066 0.4535
-7.19459303136888 0.4534
-7.19460627404913 0.4533
-7.19462263638192 0.4532
-7.19463125114222 0.4531
-7.19464982636835 0.453
-7.19467207187336 0.4529
-7.19470634787706 0.4528
-7.19474983699419 0.4527
-7.19478213021365 0.4526
-7.19480715646111 0.4525
-7.1948075182335 0.4524
-7.19478679488094 0.4523
-7.19476771579874 0.4522
-7.19477134001145 0.4521
-7.19476676186006 0.452
-7.19475377032066 0.4519
-7.19475489343872 0.4518
-7.1947558849345 0.4517
-7.19475158687392 0.4516
-7.19474404473253 0.4515
-7.19472522901141 0.4514
-7.19471626414661 0.4513
-7.19471470663864 0.4512
-7.19470114796562 0.4511
-7.19468055740189 0.451
-7.19467090313603 0.4509
-7.19467496483902 0.4508
-7.19467751374985 0.4507
-7.19468621143839 0.4506
-7.19468484737066 0.4505
-7.19469553062626 0.4504
-7.19470714960944 0.4503
-7.19470453266514 0.4502
-7.19472309018028 0.4501
-7.19475170474045 0.45
-7.19477486988206 0.4499
-7.19478689350132 0.4498
-7.19478388286051 0.4497
-7.19478590802696 0.4496
-7.19478990691363 0.4495
-7.19479752472933 0.4494
-7.19481646601487 0.4493
-7.19485983908852 0.4492
-7.19493182015714 0.4491
-7.19500859149773 0.449
-7.19511531223232 0.4489
-7.19523506455975 0.4488
-7.19535628235952 0.4487
-7.19548707106338 0.4486
-7.1956250358926 0.4485
-7.19573048573296 0.4484
-7.19583561829132 0.4483
-7.19590967327398 0.4482
-7.19599574446938 0.4481
-7.19609066047606 0.448
-7.19618639481305 0.4479
-7.19626310951924 0.4478
-7.19630063221648 0.4477
-7.19634953064122 0.4476
-7.19638412959963 0.4475
-7.19639852048558 0.4474
-7.19641218776192 0.4473
-7.19641143778663 0.4472
-7.19638982736623 0.4471
-7.19636174977351 0.447
-7.19633475403703 0.4469
-7.19630586494377 0.4468
-7.19627905968253 0.4467
-7.19626462814069 0.4466
-7.19626271012105 0.4465
-7.19627174915905 0.4464
-7.19624030823484 0.4463
-7.19621696456779 0.4462
-7.19621025325103 0.4461
-7.19620231036664 0.446
-7.19620565147015 0.4459
-7.19622051387869 0.4458
-7.1962280582183 0.4457
-7.19622838684404 0.4456
-7.19623141951241 0.4455
-7.19621990534628 0.4454
-7.19619119690004 0.4453
-7.19615031268221 0.4452
-7.19612543975283 0.4451
-7.19610694862683 0.445
-7.19609621748468 0.4449
-7.19606912241857 0.4448
-7.19604135585451 0.4447
-7.19600491096844 0.4446
-7.19597510667891 0.4445
-7.19595501438596 0.4444
-7.19593491809323 0.4443
-7.19593441160248 0.4442
-7.19595230508625 0.4441
-7.19596475749598 0.444
-7.1960062468423 0.4439
-7.19606326666427 0.4438
-7.19613622362515 0.4437
-7.19623442390359 0.4436
-7.19634328730402 0.4435
-7.19645049644641 0.4434
-7.19656518497878 0.4433
-7.19667553569492 0.4432
-7.19678102499277 0.4431
-7.19690982532218 0.443
-7.19703912608376 0.4429
-7.19717488700938 0.4428
-7.19730951939081 0.4427
-7.19743124697646 0.4426
-7.19753619518972 0.4425
-7.19764780710131 0.4424
-7.19776625813339 0.4423
-7.19789421109356 0.4422
-7.19801873262787 0.4421
-7.19815639224181 0.442
-7.19829900914339 0.4419
-7.19846160901482 0.4418
-7.19859878136814 0.4417
-7.19872902791536 0.4416
-7.19885097029675 0.4415
-7.19897958861885 0.4414
-7.1990958235379 0.4413
-7.19920429178355 0.4412
-7.19930361689356 0.4411
-7.19937312608417 0.441
-7.1994232879 0.4409
-7.19945788176419 0.4408
-7.19946736054139 0.4407
-7.19946957992927 0.4406
-7.19943867345256 0.4405
-7.19938887152408 0.4404
-7.19931982332245 0.4403
-7.19922663233564 0.4402
-7.19911945129936 0.4401
-7.19899374805897 0.44
-7.19885135388546 0.4399
-7.19869480053681 0.4398
-7.19852355868287 0.4397
-7.198340418084 0.4396
-7.19818986939945 0.4395
-7.19805226477476 0.4394
-7.19792657270576 0.4393
-7.19781870616359 0.4392
-7.19773122645013 0.4391
-7.19764448190659 0.439
-7.19755894521267 0.4389
-7.19747183565994 0.4388
-7.19739612050017 0.4387
-7.19734318804111 0.4386
-7.19730432771508 0.4385
-7.19726058608613 0.4384
-7.19724749042122 0.4383
-7.19723610936403 0.4382
-7.19720547606954 0.4381
-7.19715449464494 0.438
-7.19710496832756 0.4379
-7.19704695567199 0.4378
-7.19697302167932 0.4377
-7.19686828577838 0.4376
-7.1967519596618 0.4375
-7.19662139244586 0.4374
-7.19647785455293 0.4373
-7.19633571115975 0.4372
-7.19621084650163 0.4371
-7.19610474933459 0.437
-7.19601439748651 0.4369
-7.19593570512951 0.4368
-7.1958620222974 0.4367
-7.19582060987537 0.4366
-7.19579000061753 0.4365
-7.1957741112372 0.4364
-7.19575569930633 0.4363
-7.19574321499452 0.4362
-7.19574741876914 0.4361
-7.19574698000903 0.436
-7.1957500800547 0.4359
-7.19574937949195 0.4358
-7.19574491198264 0.4357
-7.1957213671955 0.4356
-7.19568859932271 0.4355
-7.19566572465834 0.4354
-7.19564068355286 0.4353
-7.19563282059383 0.4352
-7.19565372574885 0.4351
-7.19569612121811 0.435
-7.19574669758308 0.4349
-7.19581680537667 0.4348
-7.1958966569812 0.4347
-7.19597883394376 0.4346
-7.19608347814725 0.4345
-7.19620018044902 0.4344
-7.19634253707029 0.4343
-7.19648652720439 0.4342
-7.19664511338951 0.4341
-7.19680481621459 0.434
-7.19698475817036 0.4339
-7.19716926067527 0.4338
-7.19734788177874 0.4337
-7.19751647505479 0.4336
-7.19766998113829 0.4335
-7.19778913661432 0.4334
-7.19788657658607 0.4333
-7.19796231864745 0.4332
-7.19803129285153 0.4331
-7.19807716011857 0.433
-7.19809501389285 0.4329
-7.19809817992494 0.4328
-7.19809962349266 0.4327
-7.1980677643708 0.4326
-7.19801176393385 0.4325
-7.19794837221891 0.4324
-7.19786955215729 0.4323
-7.19778164067802 0.4322
-7.19770853937912 0.4321
-7.19764069039304 0.432
-7.19757561745137 0.4319
-7.19753069990543 0.4318
-7.19748242468402 0.4317
-7.19742850929711 0.4316
-7.1973976638464 0.4315
-7.19742159075513 0.4314
-7.19746085883899 0.4313
-7.19752756183747 0.4312
-7.19762542768904 0.4311
-7.19775751447374 0.431
-7.19789488729754 0.4309
-7.19804174726404 0.4308
-7.19817956475707 0.4307
-7.19830797334287 0.4306
-7.1984612330239 0.4305
-7.19861833832879 0.4304
-7.19878067771141 0.4303
-7.19895226819783 0.4302
-7.19911071821034 0.4301
-7.19926696526625 0.43
-7.19942671540696 0.4299
-7.1995742660004 0.4298
-7.19970854905455 0.4297
-7.19982507119577 0.4296
-7.19991842094464 0.4295
-7.20000062331202 0.4294
-7.20006046487691 0.4293
-7.20009618184261 0.4292
-7.20009962758056 0.4291
-7.20009017550072 0.429
-7.20006953573628 0.4289
-7.2000387238827 0.4288
-7.20000041411693 0.4287
-7.19993981065353 0.4286
-7.19987111138045 0.4285
-7.19980276793527 0.4284
-7.19973600214157 0.4283
-7.19966108488556 0.4282
-7.19958010447595 0.4281
-7.19948090646425 0.428
-7.19935753944462 0.4279
-7.19920759438007 0.4278
-7.19904494057193 0.4277
-7.19887212299119 0.4276
-7.19867362072409 0.4275
-7.19851115816433 0.4274
-7.19835333769762 0.4273
-7.19819663774817 0.4272
-7.19802434399169 0.4271
-7.19785675610838 0.427
-7.19770970472843 0.4269
-7.19756614185353 0.4268
-7.19741990170692 0.4267
-7.19728890630741 0.4266
-7.19716886305537 0.4265
-7.19705551045036 0.4264
-7.1969425844004 0.4263
-7.19684717759938 0.4262
-7.19675793268918 0.4261
-7.19667406032931 0.426
-7.19660753170146 0.4259
-7.19654559928767 0.4258
-7.19649055484883 0.4257
-7.1964632994031 0.4256
-7.19645436829563 0.4255
-7.19644026190096 0.4254
-7.19642515549329 0.4253
-7.19643187386666 0.4252
-7.1964446766857 0.4251
-7.19645774114368 0.425
-7.19646030719565 0.4249
-7.19645537726433 0.4248
-7.196451215916 0.4247
-7.19645741898719 0.4246
-7.19646666041154 0.4245
-7.19648884274608 0.4244
-7.19651479352738 0.4243
-7.19656364612001 0.4242
-7.19664210332915 0.4241
-7.19672089403566 0.424
-7.19679937136894 0.4239
-7.19687170021358 0.4238
-7.19694967129487 0.4237
-7.19702995078698 0.4236
-7.19710067298499 0.4235
-7.19717513213119 0.4234
-7.19724711917163 0.4233
-7.19732426622197 0.4232
-7.19739448888068 0.4231
-7.19746027581942 0.423
-7.19751004389593 0.4229
-7.19754973855699 0.4228
-7.19758437977964 0.4227
-7.19761252572497 0.4226
-7.19764209661587 0.4225
-7.19767798340342 0.4224
-7.19771415064056 0.4223
-7.1977339496163 0.4222
-7.19777024150785 0.4221
-7.19779645934025 0.422
-7.19780124924585 0.4219
-7.19780268571369 0.4218
-7.19778640475096 0.4217
-7.1977409598199 0.4216
-7.19769183510034 0.4215
-7.19762117810259 0.4214
-7.197559665272 0.4213
-7.19748617482622 0.4212
-7.19741737447416 0.4211
-7.19738209129974 0.421
-7.19735463091255 0.4209
-7.19732534829801 0.4208
-7.19729408601034 0.4207
-7.19729693672214 0.4206
-7.1973317998554 0.4205
-7.19738829128799 0.4204
-7.19746625238146 0.4203
-7.19754305746451 0.4202
-7.19763236683023 0.4201
-7.19772418053951 0.42
-7.19781565405162 0.4199
-7.19789844028373 0.4198
-7.19796550315808 0.4197
-7.19804323865026 0.4196
-7.19812921547734 0.4195
-7.1982081425125 0.4194
-7.19828406927803 0.4193
-7.19837794480092 0.4192
-7.19847960513327 0.4191
-7.19858107259115 0.419
-7.19869886669801 0.4189
-7.19883299570476 0.4188
-7.19896031268882 0.4187
-7.19909372984961 0.4186
-7.19923580603863 0.4185
-7.19939822710438 0.4184
-7.1995751396486 0.4183
-7.19975470894616 0.4182
-7.19995088594577 0.4181
-7.20014427158623 0.418
-7.20031395331699 0.4179
-7.20046884274285 0.4178
-7.20061469332915 0.4177
-7.20074849350094 0.4176
-7.20086964621514 0.4175
-7.20098361311218 0.4174
-7.20107213199053 0.4173
-7.20115214333308 0.4172
-7.2012172065677 0.4171
-7.20128070544558 0.417
-7.20133130679778 0.4169
-7.20139327329842 0.4168
-7.20144464212614 0.4167
-7.2014726637891 0.4166
-7.20149349563614 0.4165
-7.20149603058018 0.4164
-7.20145942614128 0.4163
-7.20140420463142 0.4162
-7.20133924162593 0.4161
-7.20124672899629 0.416
-7.20114460839206 0.4159
-7.20101943690499 0.4158
-7.20087310490421 0.4157
-7.20071700629129 0.4156
-7.2005560841465 0.4155
-7.200381844613 0.4154
-7.20020703431032 0.4153
-7.20002296764131 0.4152
-7.19981687108171 0.4151
-7.1996134859983 0.415
-7.1993886630974 0.4149
-7.19915282969285 0.4148
-7.19891300070138 0.4147
-7.19865861855246 0.4146
-7.19840420690022 0.4145
-7.19815077415376 0.4144
-7.1978758238851 0.4143
-7.19762871470598 0.4142
-7.19740012694615 0.4141
-7.19718250249576 0.414
-7.19699948184763 0.4139
-7.19683848275919 0.4138
-7.1967042994453 0.4137
-7.19658783656637 0.4136
-7.19647625567086 0.4135
-7.19639484556447 0.4134
-7.19633487114041 0.4133
-7.19631350343082 0.4132
-7.19629833893664 0.4131
-7.19630954357334 0.413
-7.19633681950803 0.4129
-7.19636437936478 0.4128
-7.19642413353567 0.4127
-7.19649205181899 0.4126
-7.19655290898676 0.4125
-7.19662770685103 0.4124
-7.19670981242214 0.4123
-7.19678836486094 0.4122
-7.19684846416749 0.4121
-7.19689380715586 0.412
-7.19692647227804 0.4119
-7.19696196882603 0.4118
-7.19700226729433 0.4117
-7.19704303437349 0.4116
-7.19708289727774 0.4115
-7.19710220152982 0.4114
-7.19715492022663 0.4113
-7.19721314979344 0.4112
-7.19727649582962 0.4111
-7.19734786229275 0.411
-7.19742875353651 0.4109
-7.19752700863747 0.4108
-7.19761286713403 0.4107
-7.19770877731033 0.4106
-7.19780677199381 0.4105
-7.19791498142333 0.4104
-7.19803444112177 0.4103
-7.19813844994639 0.4102
-7.19824031764061 0.4101
-7.19834044012967 0.41
-7.19846124314957 0.4099
-7.19857839738096 0.4098
-7.19871543173763 0.4097
-7.19885553102951 0.4096
-7.19900834736247 0.4095
-7.19915846843814 0.4094
-7.19931032901703 0.4093
-7.19947033755431 0.4092
-7.19962575420054 0.4091
-7.19978408754583 0.409
-7.19991858993356 0.4089
-7.20003140918851 0.4088
-7.20012878258592 0.4087
-7.20021545341161 0.4086
-7.2002973382522 0.4085
-7.20037241619787 0.4084
-7.20044455255807 0.4083
-7.20048837544133 0.4082
-7.2005063695293 0.4081
-7.20050685465299 0.408
-7.2004952781763 0.4079
-7.200492778962 0.4078
-7.20049726846616 0.4077
-7.20049582680912 0.4076
-7.20049774996977 0.4075
-7.20050004474182 0.4074
-7.20048857298271 0.4073
-7.20047296840386 0.4072
-7.20045880082374 0.4071
-7.20043591322229 0.407
-7.20041234515862 0.4069
-7.20038621558816 0.4068
-7.20036061701005 0.4067
-7.20034123444867 0.4066
-7.20033538037531 0.4065
-7.20034565362706 0.4064
-7.20036074268166 0.4063
-7.20037799389893 0.4062
-7.20039842790901 0.4061
-7.20041264028988 0.406
-7.20042974734922 0.4059
-7.20042980718 0.4058
-7.20044463400595 0.4057
-7.20045659706856 0.4056
-7.2004872206162 0.4055
-7.20051499150983 0.4054
-7.20054245317896 0.4053
-7.20057154618574 0.4052
-7.20059961475121 0.4051
-7.20064726460459 0.405
-7.20068855107432 0.4049
-7.20070742711883 0.4048
-7.20071954175327 0.4047
-7.20075719777989 0.4046
-7.20080922074297 0.4045
-7.20085342858533 0.4044
-7.20090906222808 0.4043
-7.20094837020651 0.4042
-7.20099097832564 0.4041
-7.20104693233787 0.404
-7.2011068447944 0.4039
-7.20115893896428 0.4038
-7.20121258038016 0.4037
-7.20124900189721 0.4036
-7.20126244269112 0.4035
-7.20126035306911 0.4034
-7.20125962753633 0.4033
-7.20126283472682 0.4032
-7.20127470374244 0.4031
-7.20129133526417 0.403
-7.20129961408052 0.4029
-7.20133362256552 0.4028
-7.20137438907544 0.4027
-7.20141491582499 0.4026
-7.20145289113604 0.4025
-7.20149207477843 0.4024
-7.20152495266 0.4023
-7.20155801961656 0.4022
-7.20159546256834 0.4021
-7.20163121306774 0.402
-7.20166230826197 0.4019
-7.20170241564204 0.4018
-7.20172895980852 0.4017
-7.20173376890125 0.4016
-7.20174046489797 0.4015
-7.20175068706461 0.4014
-7.2017530503179 0.4013
-7.20173774708026 0.4012
-7.2017028023085 0.4011
-7.20168308350585 0.401
-7.20165167384115 0.4009
-7.20161983561723 0.4008
-7.20156800539583 0.4007
-7.20151587581425 0.4006
-7.20146371980124 0.4005
-7.20141594439653 0.4004
-7.20138361952557 0.4003
-7.20136175064723 0.4002
-7.20133857818909 0.4001
-7.20132328615162 0.4
-7.2013281566817 0.3999
-7.20134374702262 0.3998
-7.20134878532625 0.3997
-7.20132436909172 0.3996
-7.20131102700686 0.3995
-7.20129794160983 0.3994
-7.20128353373897 0.3993
-7.20126458026805 0.3992
-7.2012538929203 0.3991
-7.20124186684858 0.399
-7.20123966698564 0.3989
-7.20123750423472 0.3988
-7.20122389153325 0.3987
-7.20121904883435 0.3986
-7.20122175883645 0.3985
-7.20124505994068 0.3984
-7.20124457106048 0.3983
-7.20124355360821 0.3982
-7.201256824886 0.3981
-7.20126207788688 0.398
-7.20125628957686 0.3979
-7.20124984439098 0.3978
-7.20121381390272 0.3977
-7.20117501218411 0.3976
-7.20114039614795 0.3975
-7.20109853145297 0.3974
-7.20108208047362 0.3973
-7.20107402566679 0.3972
-7.20107246418075 0.3971
-7.20106780967623 0.397
-7.20106080288062 0.3969
-7.20106754253265 0.3968
-7.2010782786853 0.3967
-7.20109784463383 0.3966
-7.20111225766595 0.3965
-7.20111493632788 0.3964
-7.20112874603813 0.3963
-7.20116431681645 0.3962
-7.20120054983597 0.3961
-7.20125038183191 0.396
-7.20130446947822 0.3959
-7.20139262086845 0.3958
-7.20150089300457 0.3957
-7.20162492184274 0.3956
-7.20177552221515 0.3955
-7.20193182389367 0.3954
-7.20210311556184 0.3953
-7.2022849552758 0.3952
-7.20247202626845 0.3951
-7.20266446470895 0.395
-7.20287425085547 0.3949
-7.20306495712773 0.3948
-7.20326359639504 0.3947
-7.20344935881085 0.3946
-7.20362640106697 0.3945
-7.20380836291027 0.3944
-7.20400231714541 0.3943
-7.20417883340697 0.3942
-7.20432399809549 0.3941
-7.20444758753347 0.394
-7.20455192952899 0.3939
-7.20463854304254 0.3938
-7.20471480919097 0.3937
-7.20478016092838 0.3936
-7.20484028053613 0.3935
-7.20488343679333 0.3934
-7.20490907157189 0.3933
-7.20491655443819 0.3932
-7.20491633010713 0.3931
-7.20493355769964 0.393
-7.20493019950317 0.3929
-7.20491970708603 0.3928
-7.20490640826581 0.3927
-7.20488178319428 0.3926
-7.20482554005457 0.3925
-7.20474784632621 0.3924
-7.20464898479521 0.3923
-7.2045317098871 0.3922
-7.20440265182263 0.3921
-7.204246003453 0.392
-7.20407156824969 0.3919
-7.20389923657049 0.3918
-7.20372195097482 0.3917
-7.20354757845667 0.3916
-7.20337249117415 0.3915
-7.20320335081547 0.3914
-7.20304739297293 0.3913
-7.20288668941569 0.3912
-7.20273163046842 0.3911
-7.2025634795829 0.391
-7.20238949474671 0.3909
-7.2022048030772 0.3908
-7.20204496849042 0.3907
-7.20190360516107 0.3906
-7.20176400895746 0.3905
-7.20163313084575 0.3904
-7.20152196934874 0.3903
-7.20142623569153 0.3902
-7.20136052813095 0.3901
-7.20131170732188 0.39
-7.20126683032295 0.3899
-7.20124412902592 0.3898
-7.20124303591701 0.3897
-7.20126220208445 0.3896
-7.20127187556359 0.3895
-7.20126378153942 0.3894
-7.20123389893273 0.3893
-7.20123847123262 0.3892
-7.20123624674566 0.3891
-7.20124606951252 0.389
-7.20125957366001 0.3889
-7.20127608588518 0.3888
-7.20129829885338 0.3887
-7.20133562850105 0.3886
-7.20137821359831 0.3885
-7.20140939864419 0.3884
-7.20141956556331 0.3883
-7.20143128235293 0.3882
-7.20142677658 0.3881
-7.20141438703743 0.388
-7.2013953856312 0.3879
-7.20137040587953 0.3878
-7.20132582697099 0.3877
-7.20129542387683 0.3876
-7.20124483281306 0.3875
-7.20120579929262 0.3874
-7.20114440214805 0.3873
-7.20107691516553 0.3872
-7.2010212786496 0.3871
-7.20096083090372 0.387
-7.20090038296124 0.3869
-7.20083466536746 0.3868
-7.20077943963092 0.3867
-7.20072640508619 0.3866
-7.20071227087264 0.3865
-7.20069521505711 0.3864
-7.20070502134589 0.3863
-7.20074106772577 0.3862
-7.20079899406934 0.3861
-7.20087554695337 0.386
-7.20096835086204 0.3859
-7.20109235331027 0.3858
-7.20123195163912 0.3857
-7.2013861969499 0.3856
-7.20155648234501 0.3855
-7.20172964408931 0.3854
-7.2019244363532 0.3853
-7.20213389434283 0.3852
-7.20233418204927 0.3851
-7.20253418047183 0.385
-7.20273252258875 0.3849
-7.20290720309244 0.3848
-7.20308266821264 0.3847
-7.20324411033941 0.3846
-7.20338348427931 0.3845
-7.20349489598627 0.3844
-7.20360588353759 0.3843
-7.20371613214299 0.3842
-7.20382231758299 0.3841
-7.20391632722091 0.384
-7.20402674833645 0.3839
-7.20414304944527 0.3838
-7.204263343191 0.3837
-7.2043531131048 0.3836
-7.20442853938732 0.3835
-7.20451580185758 0.3834
-7.20459177796153 0.3833
-7.20467885655058 0.3832
-7.20473137398413 0.3831
-7.20478245843615 0.383
-7.20483118844711 0.3829
-7.20486265307715 0.3828
-7.20489613557474 0.3827
-7.20493923507198 0.3826
-7.20498217695081 0.3825
-7.20501600480323 0.3824
-7.20503953216499 0.3823
-7.20506478277273 0.3822
-7.20509124092047 0.3821
-7.20511021430277 0.382
-7.20512284891388 0.3819
-7.20511872345293 0.3818
-7.20509644265435 0.3817
-7.20507522552565 0.3816
-7.2050400091271 0.3815
-7.20500807765204 0.3814
-7.20496695511938 0.3813
-7.20491228412781 0.3812
-7.20483941325558 0.3811
-7.20476614541563 0.381
-7.20467725489743 0.3809
-7.20458333337303 0.3808
-7.20447448164274 0.3807
-7.20433190903473 0.3806
-7.20417674647559 0.3805
-7.20403985021937 0.3804
-7.20390242766508 0.3803
-7.20376775570107 0.3802
-7.20363495095367 0.3801
-7.20351303526227 0.38
-7.20338707212357 0.3799
-7.20326108863554 0.3798
-7.20314298150308 0.3797
-7.20303594354672 0.3796
-7.20292758606322 0.3795
-7.2028310341732 0.3794
-7.2027294568062 0.3793
-7.20262560517671 0.3792
-7.20251765968491 0.3791
-7.20242046478138 0.379
-7.20235477462727 0.3789
-7.20229683279935 0.3788
-7.20223304646429 0.3787
-7.20216414220702 0.3786
-7.20211121113589 0.3785
-7.20206389006787 0.3784
-7.20201899835516 0.3783
-7.20197498650644 0.3782
-7.20191231960844 0.3781
-7.20186806099697 0.378
-7.20181470485611 0.3779
-7.20177304058447 0.3778
-7.20173122537727 0.3777
-7.2016955213473 0.3776
-7.20163983574905 0.3775
-7.20158893290395 0.3774
-7.20153410451863 0.3773
-7.20147781365552 0.3772
-7.20141847505787 0.3771
-7.2013501311891 0.377
-7.20128148587993 0.3769
-7.20120109038052 0.3768
-7.20111124127742 0.3767
-7.20103230206449 0.3766
-7.20096204266163 0.3765
-7.20092042411039 0.3764
-7.20090317036803 0.3763
-7.20092527599384 0.3762
-7.20098981084824 0.3761
-7.20106584917901 0.376
-7.20115673460201 0.3759
-7.20125908454073 0.3758
-7.20136701729079 0.3757
-7.20148030035962 0.3756
-7.20158630516172 0.3755
-7.20169243298565 0.3754
-7.20180268477133 0.3753
-7.20192634521852 0.3752
-7.20205280947781 0.3751
-7.20216654761165 0.375
-7.20227252435566 0.3749
-7.20238102259249 0.3748
-7.20249391332223 0.3747
-7.2026038543262 0.3746
-7.20270373069931 0.3745
-7.20278927530205 0.3744
-7.2028589444463 0.3743
-7.20290928567183 0.3742
-7.20295386044264 0.3741
-7.2029775074745 0.374
-7.20299989784118 0.3739
-7.20301902210077 0.3738
-7.20304454224306 0.3737
-7.20308406547549 0.3736
-7.20311754356806 0.3735
-7.20314915725468 0.3734
-7.20317042224671 0.3733
-7.20319914843996 0.3732
-7.20325787371504 0.3731
-7.2033599893601 0.373
-7.20347081845941 0.3729
-7.20357854763758 0.3728
-7.20369195348653 0.3727
-7.20381060006633 0.3726
-7.20392331454917 0.3725
-7.20406424457873 0.3724
-7.20418112251181 0.3723
-7.20427642876625 0.3722
-7.20437616140272 0.3721
-7.2044662603411 0.372
-7.20454711375795 0.3719
-7.20460435901912 0.3718
-7.20466865087016 0.3717
-7.20473420142263 0.3716
-7.20481910321136 0.3715
-7.20490302559408 0.3714
-7.20498467118494 0.3713
-7.20507051821351 0.3712
-7.20515881589706 0.3711
-7.20524703694833 0.371
-7.20533391913148 0.3709
-7.20540582808414 0.3708
-7.2054642155039 0.3707
-7.20550227680084 0.3706
-7.20553018146777 0.3705
-7.20555177814847 0.3704
-7.20557622604498 0.3703
-7.20558360477891 0.3702
-7.20558744277224 0.3701
-7.20556582277842 0.37
-7.20553651650008 0.3699
-7.20550697541201 0.3698
-7.20546759931751 0.3697
-7.20542102896483 0.3696
-7.20537084478548 0.3695
-7.20531776123492 0.3694
-7.2052570308539 0.3693
-7.2052304885393 0.3692
-7.20521235395005 0.3691
-7.20520558957435 0.369
-7.20519767593935 0.3689
-7.20519010879529 0.3688
-7.20519321523062 0.3687
-7.2051802336156 0.3686
-7.20518397102499 0.3685
-7.20519957986445 0.3684
-7.20522576682569 0.3683
-7.20524748405764 0.3682
-7.20525616024851 0.3681
-7.20527813597687 0.368
-7.20530785684379 0.3679
-7.20532817782189 0.3678
-7.20534627962536 0.3677
-7.20537135505831 0.3676
-7.20538615689941 0.3675
-7.20541203305533 0.3674
-7.20545276334057 0.3673
-7.20549974169496 0.3672
-7.20555675294234 0.3671
-7.20562097683194 0.367
-7.20568310971669 0.3669
-7.20573284282825 0.3668
-7.20579281021148 0.3667
-7.2058611788562 0.3666
-7.20593575280987 0.3665
-7.20598818267176 0.3664
-7.20602395276462 0.3663
-7.20605845830277 0.3662
-7.20608939726126 0.3661
-7.20612485032413 0.366
-7.20615168732352 0.3659
-7.20617409400137 0.3658
-7.20617496395084 0.3657
-7.20616827074701 0.3656
-7.20614440218725 0.3655
-7.2061119600297 0.3654
-7.20608888846467 0.3653
-7.20606657459173 0.3652
-7.2060470578656 0.3651
-7.20603044196081 0.365
-7.20602601315111 0.3649
-7.20602991042479 0.3648
-7.20605281634403 0.3647
-7.20607946817738 0.3646
-7.20613278495525 0.3645
-7.20619391346139 0.3644
-7.20626974646569 0.3643
-7.20636027856631 0.3642
-7.20645660532359 0.3641
-7.20655773535385 0.364
-7.20667102221647 0.3639
-7.206794359067 0.3638
-7.20691885281285 0.3637
-7.2070551181509 0.3636
-7.20717749561954 0.3635
-7.20728555922923 0.3634
-7.20738880762959 0.3633
-7.20748123418115 0.3632
-7.20759468886048 0.3631
-7.2077066558836 0.363
-7.20780042993582 0.3629
-7.20787617086268 0.3628
-7.20795237480989 0.3627
-7.20800777577562 0.3626
-7.20804380734585 0.3625
-7.20807830361052 0.3624
-7.20811478508325 0.3623
-7.20815343933017 0.3622
-7.20818753821635 0.3621
-7.20821139003077 0.362
-7.20823187813641 0.3619
-7.20823125626567 0.3618
-7.20823856818373 0.3617
-7.20825085798891 0.3616
-7.20825297077678 0.3615
-7.20824933037266 0.3614
-7.20825413862726 0.3613
-7.20826434136416 0.3612
-7.20827036888275 0.3611
-7.2082793247641 0.361
-7.20830135730483 0.3609
-7.20832808485649 0.3608
-7.20835474485976 0.3607
-7.20836502900146 0.3606
-7.20837467686593 0.3605
-7.20837896253724 0.3604
-7.20838927120285 0.3603
-7.20840237289391 0.3602
-7.20841759169316 0.3601
-7.20841422891604 0.36
-7.20840508801007 0.3599
-7.20837757542382 0.3598
-7.20833638445521 0.3597
-7.2082960419681 0.3596
-7.20826774432058 0.3595
-7.20821773396882 0.3594
-7.20819167172017 0.3593
-7.20817328503145 0.3592
-7.20815654218766 0.3591
-7.20813316826808 0.359
-7.20812531346326 0.3589
-7.208128279177 0.3588
-7.20815179899424 0.3587
-7.20818261862444 0.3586
-7.20821699193872 0.3585
-7.20823922967703 0.3584
-7.20826131897558 0.3583
-7.20827448274083 0.3582
-7.20826707431399 0.3581
-7.2082718337219 0.358
-7.20826174073354 0.3579
-7.20825193365195 0.3578
-7.20824057447049 0.3577
-7.20821401180881 0.3576
-7.20817629523265 0.3575
-7.20813919451656 0.3574
-7.20808711224835 0.3573
-7.20802890505319 0.3572
-7.20795420201589 0.3571
-7.2078919346059 0.357
-7.2078224841162 0.3569
-7.20775684861116 0.3568
-7.20770651918853 0.3567
-7.2076486684465 0.3566
-7.20759082536943 0.3565
-7.20753232146923 0.3564
-7.20747715442169 0.3563
-7.20743604046362 0.3562
-7.20739116489208 0.3561
-7.20736407916986 0.356
-7.20733004197016 0.3559
-7.20729241827012 0.3558
-7.20726032155148 0.3557
-7.20723175139183 0.3556
-7.20720442874771 0.3555
-7.2071587508726 0.3554
-7.20712102741771 0.3553
-7.20708268584931 0.3552
-7.20701906711108 0.3551
-7.20695220780553 0.355
-7.20687080060584 0.3549
-7.20677304857878 0.3548
-7.20667221230122 0.3547
-7.20657358442299 0.3546
-7.20647425073829 0.3545
-7.20637182598974 0.3544
-7.20627875158447 0.3543
-7.20619810340589 0.3542
-7.20612538880161 0.3541
-7.2060435836333 0.354
-7.2059972538348 0.3539
-7.20597382052058 0.3538
-7.20596546802649 0.3537
-7.2059582619947 0.3536
-7.20595843265916 0.3535
-7.20597923518502 0.3534
-7.20600633814623 0.3533
-7.20604953511761 0.3532
-7.20609094494283 0.3531
-7.20613416420395 0.353
-7.20616754767148 0.3529
-7.2061989023196 0.3528
-7.20624464028565 0.3527
-7.2062878011867 0.3526
-7.20632324105605 0.3525
-7.20636669403539 0.3524
-7.20640675972029 0.3523
-7.20644413330388 0.3522
-7.20648895623839 0.3521
-7.20652558326541 0.352
-7.20657581313126 0.3519
-7.20660202701879 0.3518
-7.20662376144573 0.3517
-7.206638003993 0.3516
-7.2066300788067 0.3515
-7.20661438571127 0.3514
-7.20660960578429 0.3513
-7.20661820739207 0.3512
-7.20664139844351 0.3511
-7.20665634962912 0.351
-7.20665475342126 0.3509
-7.20666507449115 0.3508
-7.20666269116181 0.3507
-7.20666930541727 0.3506
-7.20665903024612 0.3505
-7.20666184490573 0.3504
-7.20667678088889 0.3503
-7.20666852182723 0.3502
-7.20664631639855 0.3501
-7.20662709323486 0.35
-7.20658360058535 0.3499
-7.2065402855697 0.3498
-7.20647427513367 0.3497
-7.20640254285822 0.3496
-7.20632885837552 0.3495
-7.20626960713339 0.3494
-7.20619820330403 0.3493
-7.20612462497298 0.3492
-7.20606411679786 0.3491
-7.20600005041359 0.349
-7.20592658985889 0.3489
-7.20584158935196 0.3488
-7.20576600674467 0.3487
-7.20567920130502 0.3486
-7.20560661299118 0.3485
-7.2055408119263 0.3484
-7.20548918292756 0.3483
-7.20546053535872 0.3482
-7.20545346111918 0.3481
-7.20547250346601 0.348
-7.20550964934795 0.3479
-7.20554716128303 0.3478
-7.20562136309056 0.3477
-7.20571613239185 0.3476
-7.20582848587139 0.3475
-7.20596695974023 0.3474
-7.20608398355797 0.3473
-7.20620404393852 0.3472
-7.20634257841471 0.3471
-7.20649502849092 0.347
-7.20661970204072 0.3469
-7.20672988838854 0.3468
-7.20681589252346 0.3467
-7.20688229366621 0.3466
-7.2069252711537 0.3465
-7.2069480995363 0.3464
-7.20694516521809 0.3463
-7.20694389060527 0.3462
-7.20693269357535 0.3461
-7.20691313351985 0.346
-7.20687120279123 0.3459
-7.20682547324306 0.3458
-7.20676258369694 0.3457
-7.20670244523769 0.3456
-7.20666580316963 0.3455
-7.2066298569242 0.3454
-7.20659957526114 0.3453
-7.20657109888882 0.3452
-7.2065310292605 0.3451
-7.20649467241438 0.345
-7.20647467289606 0.3449
-7.20646036964665 0.3448
-7.20644668444818 0.3447
-7.20643879728756 0.3446
-7.20643236597749 0.3445
-7.20642283324685 0.3444
-7.20639473892732 0.3443
-7.20639474575154 0.3442
-7.20638162035516 0.3441
-7.20638542805681 0.344
-7.20641347524477 0.3439
-7.20645701366595 0.3438
-7.20650156270924 0.3437
-7.20653125254812 0.3436
-7.2065488702449 0.3435
-7.20656362875423 0.3434
-7.2065631964956 0.3433
-7.20655872199644 0.3432
-7.20654108365385 0.3431
-7.20651529069963 0.343
-7.20646837726595 0.3429
-7.20641782550363 0.3428
-7.20634986971132 0.3427
-7.20628627814928 0.3426
-7.20620561071788 0.3425
-7.20613429018503 0.3424
-7.20605879795967 0.3423
-7.20598212287772 0.3422
-7.20590557270181 0.3421
-7.20583375505912 0.342
-7.20575964414491 0.3419
-7.20568804809486 0.3418
-7.20559917266761 0.3417
-7.20553211187845 0.3416
-7.20547893769752 0.3415
-7.20544842449254 0.3414
-7.20542272248265 0.3413
-7.20540410919096 0.3412
-7.20541136554007 0.3411
-7.20543887420309 0.341
-7.20546719972885 0.3409
-7.20552632113996 0.3408
-7.20560772083458 0.3407
-7.2056987993923 0.3406
-7.20582013158752 0.3405
-7.20595323376006 0.3404
-7.20609832681813 0.3403
-7.20622991519687 0.3402
-7.20635702729197 0.3401
-7.20648772556202 0.34
-7.20661812466192 0.3399
-7.2067382213366 0.3398
-7.20685749968701 0.3397
-7.20697076492822 0.3396
-7.20707613148858 0.3395
-7.2071722026852 0.3394
-7.20724374541388 0.3393
-7.20729317445558 0.3392
-7.20732718738772 0.3391
-7.20735738020468 0.339
-7.20737842809832 0.3389
-7.20738808817905 0.3388
-7.20740294726992 0.3387
-7.20740907018941 0.3386
-7.20740512667524 0.3385
-7.20742067075988 0.3384
-7.20743793592329 0.3383
-7.20748326963618 0.3382
-7.20752952096632 0.3381
-7.20761677276675 0.338
-7.20771509516432 0.3379
-7.20783778955968 0.3378
-7.20798366597446 0.3377
-7.20812678717126 0.3376
-7.20826729743508 0.3375
-7.20840270767502 0.3374
-7.20854613645281 0.3373
-7.20868508601541 0.3372
-7.20880780858578 0.3371
-7.20892391145479 0.337
-7.20904846441224 0.3369
-7.2091630249343 0.3368
-7.20926909772273 0.3367
-7.20935239566278 0.3366
-7.20943369937652 0.3365
-7.20951321291254 0.3364
-7.20958515224084 0.3363
-7.20963899394086 0.3362
-7.20968999329501 0.3361
-7.20975696599537 0.336
-7.20980395368458 0.3359
-7.20984567216053 0.3358
-7.20986886983905 0.3357
-7.20989764748048 0.3356
-7.20990872051312 0.3355
-7.20989672724528 0.3354
-7.20986404926772 0.3353
-7.20981574648474 0.3352
-7.20974741951959 0.3351
-7.20967366534161 0.335
-7.20958331261988 0.3349
-7.20947742287036 0.3348
-7.20936110789741 0.3347
-7.20924810621004 0.3346
-7.20911943982111 0.3345
-7.20899434536854 0.3344
-7.20885026156611 0.3343
-7.20868596273419 0.3342
-7.20852630437424 0.3341
-7.20834400826678 0.334
-7.20817152934177 0.3339
-7.20798627545805 0.3338
-7.20781110903113 0.3337
-7.2076794697974 0.3336
-7.20755658087019 0.3335
-7.20744138201959 0.3334
-7.20733794848101 0.3333
-7.20725240137242 0.3332
-7.20718935383272 0.3331
-7.20713129730654 0.333
-7.20711875938254 0.3329
-7.20712099244713 0.3328
-7.20712043493926 0.3327
-7.2071321542053 0.3326
-7.20716891980132 0.3325
-7.2072056205019 0.3324
-7.20726555807376 0.3323
-7.20731676887873 0.3322
-7.20738051946507 0.3321
-7.20745417272939 0.332
-7.20754283302685 0.3319
-7.2076378626436 0.3318
-7.20772612928302 0.3317
-7.20781726369493 0.3316
-7.20791520264824 0.3315
-7.20799564535186 0.3314
-7.20808404970272 0.3313
-7.20819975313604 0.3312
-7.20830790114379 0.3311
-7.20841523640509 0.331
-7.20848634960678 0.3309
-7.20853394454821 0.3308
-7.20858017810964 0.3307
-7.2086131601753 0.3306
-7.20864285341924 0.3305
-7.20865588616593 0.3304
-7.20867393249781 0.3303
-7.20868597279652 0.3302
-7.20870474251931 0.3301
-7.20873092500578 0.33
-7.20874423870157 0.3299
-7.20874527160679 0.3298
-7.20874105973646 0.3297
-7.2087333966375 0.3296
-7.20872027138097 0.3295
-7.20869910038359 0.3294
-7.20867957160236 0.3293
-7.20864480957591 0.3292
-7.20861752448459 0.3291
-7.20857091979841 0.329
-7.20849146012923 0.3289
-7.20840737021696 0.3288
-7.2083291291359 0.3287
-7.20825477998848 0.3286
-7.20816965504457 0.3285
-7.20806550936441 0.3284
-7.20795135782416 0.3283
-7.20784184118335 0.3282
-7.20772915972781 0.3281
-7.2076382770865 0.328
-7.20757661943537 0.3279
-7.20753153470801 0.3278
-7.20750940989467 0.3277
-7.20748711400752 0.3276
-7.20744989355333 0.3275
-7.20740316565556 0.3274
-7.20734443487675 0.3273
-7.20730319944206 0.3272
-7.20727165097223 0.3271
-7.20722837817008 0.327
-7.20719603494995 0.3269
-7.2071577734814 0.3268
-7.20711419604397 0.3267
-7.20706376007958 0.3266
-7.20702324784314 0.3265
-7.20696767770685 0.3264
-7.20693927362784 0.3263
-7.20691035453552 0.3262
-7.20690273576736 0.3261
-7.20690984131183 0.326
-7.20692737674557 0.3259
-7.20695871945223 0.3258
-7.20698468196355 0.3257
-7.207021393306 0.3256
-7.20706856303232 0.3255
-7.20711816354944 0.3254
-7.2071760396689 0.3253
-7.20723415488083 0.3252
-7.20729240410494 0.3251
-7.20734710088625 0.325
-7.20739430873042 0.3249
-7.20741961616807 0.3248
-7.20745030196145 0.3247
-7.20747334639774 0.3246
-7.20749319466383 0.3245
-7.20748452056448 0.3244
-7.20746783556549 0.3243
-7.20744110491098 0.3242
-7.20740889629517 0.3241
-7.20736745305853 0.324
-7.20731368182459 0.3239
-7.20726726341861 0.3238
-7.2072052415412 0.3237
-7.20714189974599 0.3236
-7.20709717719015 0.3235
-7.20704318221209 0.3234
-7.20702010669422 0.3233
-7.20698317618398 0.3232
-7.2069436647592 0.3231
-7.20690896227855 0.323
-7.20689496834759 0.3229
-7.20689633269053 0.3228
-7.20692295653032 0.3227
-7.20697730225893 0.3226
-7.20704692897759 0.3225
-7.20713484215183 0.3224
-7.20724643964574 0.3223
-7.20736970617394 0.3222
-7.20751490117313 0.3221
-7.20766201776764 0.322
-7.2078162583265 0.3219
-7.20799400053777 0.3218
-7.20818930075852 0.3217
-7.20840406450005 0.3216
-7.20862286124964 0.3215
-7.20883717952829 0.3214
-7.20903826630677 0.3213
-7.20923892098188 0.3212
-7.20942913465207 0.3211
-7.20961499281506 0.321
-7.20977757085578 0.3209
-7.20993483855636 0.3208
-7.21006302802787 0.3207
-7.21015786788028 0.3206
-7.21022566409183 0.3205
-7.2102658744273 0.3204
-7.21031356887716 0.3203
-7.21036405962445 0.3202
-7.21038409795961 0.3201
-7.21037583791935 0.32
-7.2103626038823 0.3199
-7.21034790929043 0.3198
-7.21031571130224 0.3197
-7.21027982879294 0.3196
-7.21024099128884 0.3195
-7.21017493354685 0.3194
-7.21010461489724 0.3193
-7.21003323625996 0.3192
-7.20995631927532 0.3191
-7.20986604245451 0.319
-7.20978279029803 0.3189
-7.20970087026629 0.3188
-7.20961463678749 0.3187
-7.20953257978761 0.3186
-7.20945150847902 0.3185
-7.20937062929261 0.3184
-7.20928481388403 0.3183
-7.20918387330884 0.3182
-7.20908608417143 0.3181
-7.20900810546521 0.318
-7.20895159860825 0.3179
-7.20891640890676 0.3178
-7.20888707125021 0.3177
-7.20886958857676 0.3176
-7.20887784066663 0.3175
-7.20889901691048 0.3174
-7.20893011350419 0.3173
-7.20896311592258 0.3172
-7.20900455312192 0.3171
-7.2090606222285 0.317
-7.2091254971561 0.3169
-7.20919248091249 0.3168
-7.20927564598626 0.3167
-7.20937344146177 0.3166
-7.20943529997431 0.3165
-7.20949145174341 0.3164
-7.20952019290749 0.3163
-7.20953754950286 0.3162
-7.20952444703144 0.3161
-7.20949887025551 0.316
-7.20947001605381 0.3159
-7.20944909226846 0.3158
-7.20943613907647 0.3157
-7.20943094848302 0.3156
-7.2094346722606 0.3155
-7.20942373521997 0.3154
-7.20940181894458 0.3153
-7.20937745212991 0.3152
-7.20935195476629 0.3151
-7.20932245953785 0.315
-7.20928715394415 0.3149
-7.20924882158291 0.3148
-7.20921238101767 0.3147
-7.20917313591012 0.3146
-7.20913327734286 0.3145
-7.20909729312062 0.3144
-7.20906367599805 0.3143
-7.20904267953718 0.3142
-7.20901610742677 0.3141
-7.20900310612138 0.314
-7.20899400619133 0.3139
-7.20897265483456 0.3138
-7.20898086944167 0.3137
-7.20897731060482 0.3136
-7.20897879452344 0.3135
-7.20896359583847 0.3134
-7.20895626431795 0.3133
-7.20894308490733 0.3132
-7.20894303085784 0.3131
-7.20893176955949 0.313
-7.20891750655136 0.3129
-7.20889193925771 0.3128
-7.20887605842701 0.3127
-7.20888378002063 0.3126
-7.20888809219136 0.3125
-7.20891323257612 0.3124
-7.20894450745597 0.3123
-7.20898333915875 0.3122
-7.20904814959484 0.3121
-7.20912422304652 0.312
-7.20921822363112 0.3119
-7.20931066593775 0.3118
-7.20942008964776 0.3117
-7.2095485128564 0.3116
-7.20968237262409 0.3115
-7.20981984005311 0.3114
-7.20996782466924 0.3113
-7.21011870479933 0.3112
-7.21026494061575 0.3111
-7.21043094766531 0.311
-7.21058840572228 0.3109
-7.21073771278353 0.3108
-7.21088211587833 0.3107
-7.21100309733095 0.3106
-7.21110780493231 0.3105
-7.2111996765223 0.3104
-7.21127291914475 0.3103
-7.21132005127705 0.3102
-7.21135243672894 0.3101
-7.2113610354935 0.31
-7.21134949632283 0.3099
-7.21133212635675 0.3098
-7.21130268490837 0.3097
-7.21123544380752 0.3096
-7.21116899178004 0.3095
-7.21107313721148 0.3094
-7.2109576306646 0.3093
-7.21084583830721 0.3092
-7.21074287187825 0.3091
-7.21066049836427 0.309
-7.21058022696517 0.3089
-7.21048642261431 0.3088
-7.21040271484793 0.3087
-7.2103162726878 0.3086
-7.21023902525106 0.3085
-7.21018080475692 0.3084
-7.21011871057555 0.3083
-7.2100682148177 0.3082
-7.21000955879329 0.3081
-7.21000499170279 0.308
-7.21001059891091 0.3079
-7.21004212464076 0.3078
-7.21007781793397 0.3077
-7.21011371862084 0.3076
-7.21017012108716 0.3075
-7.21021966670379 0.3074
-7.21027726428675 0.3073
-7.21033352439468 0.3072
-7.21038580799112 0.3071
-7.21044405109405 0.307
-7.21049819606786 0.3069
-7.21056525651903 0.3068
-7.21063367373289 0.3067
-7.2106971964463 0.3066
-7.21074005520515 0.3065
-7.21080177983324 0.3064
-7.21084861788672 0.3063
-7.2108791727471 0.3062
-7.2108994261313 0.3061
-7.21090895610624 0.306
-7.21092186536933 0.3059
-7.21092386924235 0.3058
-7.21091313327248 0.3057
-7.21089634354073 0.3056
-7.21086150190713 0.3055
-7.21081882906145 0.3054
-7.21078512666986 0.3053
-7.21075524227342 0.3052
-7.21073396982098 0.3051
-7.21073706639149 0.305
-7.21076147475044 0.3049
-7.21079136870453 0.3048
-7.21084257971828 0.3047
-7.21090127992686 0.3046
-7.21097603659268 0.3045
-7.21108324254409 0.3044
-7.21121030107485 0.3043
-7.21135506308545 0.3042
-7.21150940738159 0.3041
-7.21166390002422 0.304
-7.21178452058285 0.3039
-7.21189083643575 0.3038
-7.21200838136555 0.3037
-7.21212002054358 0.3036
-7.212209133782 0.3035
-7.2122743874726 0.3034
-7.21232794969468 0.3033
-7.21236830072798 0.3032
-7.21240178521224 0.3031
-7.21244780906043 0.303
-7.21248455197802 0.3029
-7.21251729201687 0.3028
-7.21254522849579 0.3027
-7.21257617203583 0.3026
-7.21262134324095 0.3025
-7.21266940461742 0.3024
-7.21270713479616 0.3023
-7.21275597737862 0.3022
-7.21280619176879 0.3021
-7.21284190636713 0.302
-7.21288235241483 0.3019
-7.21290051652149 0.3018
-7.21291169884528 0.3017
-7.21292887510567 0.3016
-7.212942608271 0.3015
-7.21296757692276 0.3014
-7.21299312674449 0.3013
-7.21301557719268 0.3012
-7.21304498803426 0.3011
-7.21307586756389 0.301
-7.21310034529451 0.3009
-7.21314125683748 0.3008
-7.21318162111653 0.3007
-7.2132030122261 0.3006
-7.21322031127228 0.3005
-7.21323917552337 0.3004
-7.21326704114569 0.3003
-7.2132896457768 0.3002
-7.21331369015903 0.3001
-7.21335054145297 0.3
-7.21336531465129 0.2999
-7.21338596481573 0.2998
-7.21339182388868 0.2997
-7.21339649540454 0.2996
-7.21339423404452 0.2995
-7.213381915383 0.2994
-7.21335403971914 0.2993
-7.2133104796322 0.2992
-7.21325814338791 0.2991
-7.21320443596985 0.299
-7.21314922889141 0.2989
-7.213059196036 0.2988
-7.2129542282572 0.2987
-7.21284988310369 0.2986
-7.21276436199912 0.2985
-7.2126779212883 0.2984
-7.21261375982358 0.2983
-7.21255017952893 0.2982
-7.2124905116808 0.2981
-7.21244768229325 0.298
-7.21239649040823 0.2979
-7.21233346540376 0.2978
-7.21226644995889 0.2977
-7.21220996115512 0.2976
-7.21215659239429 0.2975
-7.21209221012806 0.2974
-7.2120316511824 0.2973
-7.21198345551302 0.2972
-7.21193672758346 0.2971
-7.21189033324679 0.297
-7.21182595264099 0.2969
-7.21175737564566 0.2968
-7.21168709550018 0.2967
-7.21160729788272 0.2966
-7.21152357924998 0.2965
-7.2114286166354 0.2964
-7.21132909231355 0.2963
-7.21121829918026 0.2962
-7.21109162971335 0.2961
-7.21096986720352 0.296
-7.21083352526728 0.2959
-7.21069261498161 0.2958
-7.21055359793631 0.2957
-7.21043205342737 0.2956
-7.21031154692229 0.2955
-7.2102012982332 0.2954
-7.21011776817863 0.2953
-7.2100601621716 0.2952
-7.21002129765607 0.2951
-7.21001398364593 0.295
-7.21004509206236 0.2949
-7.21010642364961 0.2948
-7.21019221332526 0.2947
-7.2103052714362 0.2946
-7.21043179968576 0.2945
-7.21055702449404 0.2944
-7.21069586059702 0.2943
-7.21083704091231 0.2942
-7.21097481549117 0.2941
-7.21110437522606 0.294
-7.21121993123172 0.2939
-7.21132183581893 0.2938
-7.21140725538381 0.2937
-7.21149295170527 0.2936
-7.21155683461334 0.2935
-7.21160652191317 0.2934
-7.21165226228683 0.2933
-7.21171354403721 0.2932
-7.21177149381928 0.2931
-7.21181781182647 0.293
-7.21183412479115 0.2929
-7.21187345289703 0.2928
-7.21192033141706 0.2927
-7.21197992000426 0.2926
-7.21202292909866 0.2925
-7.21207378507343 0.2924
-7.21211240335963 0.2923
-7.21214556315709 0.2922
-7.21219435740029 0.2921
-7.21223642366306 0.292
-7.21227789753661 0.2919
-7.21232052735106 0.2918
-7.21237872768962 0.2917
-7.21243389501987 0.2916
-7.21249914984418 0.2915
-7.21258517031695 0.2914
-7.21267249926425 0.2913
-7.21275573205781 0.2912
-7.21284062316626 0.2911
-7.21291460667161 0.291
-7.21298547560666 0.2909
-7.2130615676341 0.2908
-7.21314369546015 0.2907
-7.21320453469444 0.2906
-7.21324447762695 0.2905
-7.21326069515543 0.2904
-7.21325749819769 0.2903
-7.21323745047854 0.2902
-7.21320983841482 0.2901
-7.2131480170988 0.29
-7.21306426079867 0.2899
-7.21298328687722 0.2898
-7.21290399457259 0.2897
-7.21282134514719 0.2896
-7.21273379136184 0.2895
-7.21264496679676 0.2894
-7.21258798868069 0.2893
-7.21253909611456 0.2892
-7.21248943037988 0.2891
-7.21243439976833 0.289
-7.21236370072611 0.2889
-7.21228295767078 0.2888
-7.21221770258968 0.2887
-7.21215693301619 0.2886
-7.21208608378018 0.2885
-7.21201977718686 0.2884
-7.21196333650577 0.2883
-7.21193115834532 0.2882
-7.2119006484964 0.2881
-7.21188725014112 0.288
-7.21188174339482 0.2879
-7.21188068816314 0.2878
-7.21187915119592 0.2877
-7.21189975054919 0.2876
-7.21192725732162 0.2875
-7.21197227981293 0.2874
-7.21202959533819 0.2873
-7.21206570599893 0.2872
-7.2121216819443 0.2871
-7.2121727697406 0.287
-7.2122210385232 0.2869
-7.21225867137175 0.2868
-7.21230354616838 0.2867
-7.21235298052787 0.2866
-7.21239081272376 0.2865
-7.21240899097876 0.2864
-7.21242221607087 0.2863
-7.2124312898442 0.2862
-7.21245545571586 0.2861
-7.21247506103535 0.286
-7.21249684255481 0.2859
-7.21250920771908 0.2858
-7.21251127744513 0.2857
-7.21252112914816 0.2856
-7.21253195876512 0.2855
-7.21252961090618 0.2854
-7.21252175472554 0.2853
-7.21251964551277 0.2852
-7.21249822957554 0.2851
-7.21246601400716 0.285
-7.21241683399277 0.2849
-7.21233147666886 0.2848
-7.21223670596839 0.2847
-7.21213322375809 0.2846
-7.2120230503195 0.2845
-7.21190545792711 0.2844
-7.21179359485642 0.2843
-7.21167434363478 0.2842
-7.21155443710046 0.2841
-7.21143392318368 0.284
-7.21131853710858 0.2839
-7.21120405613199 0.2838
-7.21113987683912 0.2837
-7.21108323822761 0.2836
-7.21104618232066 0.2835
-7.21100138354258 0.2834
-7.21096779059391 0.2833
-7.21094737802184 0.2832
-7.21093648726102 0.2831
-7.21093409210908 0.283
-7.21093171990139 0.2829
-7.21093327573285 0.2828
-7.21094806769628 0.2827
-7.21097663972498 0.2826
-7.21100480435285 0.2825
-7.21104427385223 0.2824
-7.21110299489861 0.2823
-7.21115700495352 0.2822
-7.2112269071759 0.2821
-7.21129496124016 0.282
-7.21137553438937 0.2819
-7.21144718311247 0.2818
-7.2115122503134 0.2817
-7.21157608059263 0.2816
-7.21161700374128 0.2815
-7.21165525531993 0.2814
-7.21168995167739 0.2813
-7.21171212987798 0.2812
-7.21173481586783 0.2811
-7.2117720881942 0.281
-7.21179846142607 0.2809
-7.21183263001448 0.2808
-7.21186822533713 0.2807
-7.21189823280863 0.2806
-7.21193102976388 0.2805
-7.21197154195062 0.2804
-7.21203097873618 0.2803
-7.21209847688653 0.2802
-7.2121951349241 0.2801
-7.21228954355586 0.28
-7.21238360364601 0.2799
-7.21247795751221 0.2798
-7.21258993050215 0.2797
-7.21270133700197 0.2796
-7.21283434087776 0.2795
-7.2129606237577 0.2794
-7.21306052600754 0.2793
-7.2131514447712 0.2792
-7.21322170814562 0.2791
-7.2132769947469 0.279
-7.21331178769175 0.2789
-7.21332430414148 0.2788
-7.21331847789364 0.2787
-7.21329654891426 0.2786
-7.21322424038486 0.2785
-7.21313069012977 0.2784
-7.21303212238662 0.2783
-7.212914693823 0.2782
-7.21277696208912 0.2781
-7.21260349146136 0.278
-7.21243652810624 0.2779
-7.21228732800205 0.2778
-7.21213611561249 0.2777
-7.21198978838138 0.2776
-7.21183869122391 0.2775
-7.21171034630991 0.2774
-7.21160432332839 0.2773
-7.21149772207441 0.2772
-7.21142850830102 0.2771
-7.21137925014445 0.277
-7.21135319301374 0.2769
-7.21135019415692 0.2768
-7.2113460936577 0.2767
-7.21134675704476 0.2766
-7.21136128683515 0.2765
-7.21139671807721 0.2764
-7.21143885666063 0.2763
-7.21148151584179 0.2762
-7.21151245226141 0.2761
-7.21156247021176 0.276
-7.21161083045605 0.2759
-7.21166792322517 0.2758
-7.21172518946363 0.2757
-7.21177396869986 0.2756
-7.21178369939039 0.2755
-7.2117856219706 0.2754
-7.2117776694637 0.2753
-7.21174691169291 0.2752
-7.2117052688675 0.2751
-7.21165430521322 0.275
-7.21160501600675 0.2749
-7.21156751499256 0.2748
-7.21153772111461 0.2747
-7.21150174307144 0.2746
-7.21146797181323 0.2745
-7.21142091349156 0.2744
-7.21137401662005 0.2743
-7.21131284145633 0.2742
-7.21126646686381 0.2741
-7.21123333330256 0.274
-7.21122337210759 0.2739
-7.2112167094866 0.2738
-7.21120000833804 0.2737
-7.21120001821867 0.2736
-7.21121601075777 0.2735
-7.21123975675405 0.2734
-7.21127107280512 0.2733
-7.2112882982619 0.2732
-7.21130409161053 0.2731
-7.2113164197648 0.273
-7.21133805150201 0.2729
-7.21136893564454 0.2728
-7.2114118429952 0.2727
-7.21146318786579 0.2726
-7.2115058899643 0.2725
-7.21154368995107 0.2724
-7.21158967124059 0.2723
-7.21164617362828 0.2722
-7.21170895913464 0.2721
-7.21176738182284 0.272
-7.21182760249539 0.2719
-7.21188731259429 0.2718
-7.21194094749739 0.2717
-7.21197189815286 0.2716
-7.21197331624137 0.2715
-7.21194602407382 0.2714
-7.21189264060433 0.2713
-7.2118248863309 0.2712
-7.21174973419298 0.2711
-7.21169127463602 0.271
-7.21163523820895 0.2709
-7.21159670999085 0.2708
-7.21157952613058 0.2707
-7.21158532937292 0.2706
-7.21162357933061 0.2705
-7.21168742694947 0.2704
-7.21175534117393 0.2703
-7.21184832866509 0.2702
-7.21196958940067 0.2701
-7.21212387749789 0.27
-7.21231581781357 0.2699
-7.21249981655211 0.2698
-7.21268924243003 0.2697
-7.2128899808739 0.2696
-7.21310419734436 0.2695
-7.21332372045442 0.2694
-7.21356723896974 0.2693
-7.2138028079436 0.2692
-7.21403343764156 0.2691
-7.21423869861296 0.269
-7.21441781131915 0.2689
-7.21459037451646 0.2688
-7.21475569374463 0.2687
-7.21490159951348 0.2686
-7.21503633643485 0.2685
-7.21516287819281 0.2684
-7.21526739138039 0.2683
-7.21535204918803 0.2682
-7.2154218985921 0.2681
-7.21549417691792 0.268
-7.21555816320804 0.2679
-7.21560885011824 0.2678
-7.21564439819881 0.2677
-7.21565287961862 0.2676
-7.21564794464221 0.2675
-7.21562253245906 0.2674
-7.215598984304 0.2673
-7.21557486808193 0.2672
-7.21553285521512 0.2671
-7.21547851899504 0.267
-7.2154284197728 0.2669
-7.21539009489782 0.2668
-7.21534749946584 0.2667
-7.215316686781 0.2666
-7.21530202536673 0.2665
-7.21529036586907 0.2664
-7.21527759083442 0.2663
-7.21524986113025 0.2662
-7.21523866067412 0.2661
-7.21522886778327 0.266
-7.21522583201531 0.2659
-7.21522052249515 0.2658
-7.21522274061456 0.2657
-7.21525117693258 0.2656
-7.21528661792662 0.2655
-7.2153232426727 0.2654
-7.2153691002161 0.2653
-7.21540898231492 0.2652
-7.21545090941358 0.2651
-7.21546839312175 0.265
-7.2154815315827 0.2649
-7.21548310949617 0.2648
-7.2154785107806 0.2647
-7.21546653743759 0.2646
-7.21543035176372 0.2645
-7.21537412014079 0.2644
-7.21532361672649 0.2643
-7.21528366098546 0.2642
-7.21524696395276 0.2641
-7.21521501890968 0.264
-7.21520649362968 0.2639
-7.21519600245592 0.2638
-7.21520331202224 0.2637
-7.21521971216236 0.2636
-7.21524037954997 0.2635
-7.21526202843215 0.2634
-7.21528828436914 0.2633
-7.21532704286461 0.2632
-7.2153657912521 0.2631
-7.2154146198031 0.263
-7.21547253608124 0.2629
-7.21554559951602 0.2628
-7.21560137584659 0.2627
-7.21564711607842 0.2626
-7.21569607808528 0.2625
-7.21576167895676 0.2624
-7.21581426617112 0.2623
-7.21586404645845 0.2622
-7.21591639701438 0.2621
-7.21596713550884 0.262
-7.21603106787532 0.2619
-7.21609886728958 0.2618
-7.21617746494678 0.2617
-7.21626585051242 0.2616
-7.21633701776852 0.2615
-7.21639424120057 0.2614
-7.21645694332436 0.2613
-7.21650906995026 0.2612
-7.21655894168573 0.2611
-7.21659255440586 0.261
-7.21661571851006 0.2609
-7.21663471865414 0.2608
-7.21665349636481 0.2607
-7.21667676617827 0.2606
-7.2166855757352 0.2605
-7.21670920933032 0.2604
-7.21671943705916 0.2603
-7.21673965998155 0.2602
-7.21675314793611 0.2601
-7.21675023876181 0.26
-7.21674115953999 0.2599
-7.21673460411456 0.2598
-7.21672528588172 0.2597
-7.21672716910307 0.2596
-7.21672941263716 0.2595
-7.21672120321145 0.2594
-7.21672383093184 0.2593
-7.21672822161233 0.2592
-7.21672956355903 0.2591
-7.21673303028785 0.259
-7.21675763046742 0.2589
-7.21681223480586 0.2588
-7.21688211955306 0.2587
-7.21695761431082 0.2586
-7.2170347763753 0.2585
-7.21711557081502 0.2584
-7.21717542860843 0.2583
-7.21722204317235 0.2582
-7.21727894653611 0.2581
-7.21732652690169 0.258
-7.21736792876324 0.2579
-7.21739778051998 0.2578
-7.21740949495618 0.2577
-7.21740890969234 0.2576
-7.21740021854163 0.2575
-7.21739687241354 0.2574
-7.21739597547745 0.2573
-7.21742287266249 0.2572
-7.21744609337177 0.2571
-7.21746553839609 0.257
-7.21747115618665 0.2569
-7.21746294545782 0.2568
-7.21743612197534 0.2567
-7.21739717574165 0.2566
-7.21734925374397 0.2565
-7.21729110937022 0.2564
-7.21723692577562 0.2563
-7.21717785756665 0.2562
-7.21711302135087 0.2561
-7.21705336434004 0.256
-7.21700549866847 0.2559
-7.21696807210478 0.2558
-7.21694052002567 0.2557
-7.21689764957471 0.2556
-7.21685446611304 0.2555
-7.21681150865329 0.2554
-7.21676769002422 0.2553
-7.2167238335102 0.2552
-7.21668916600173 0.2551
-7.21664458597625 0.255
-7.2166162186085 0.2549
-7.21659465451427 0.2548
-7.21659378400278 0.2547
-7.21660125093877 0.2546
-7.21660363788041 0.2545
-7.21662367581253 0.2544
-7.21666103565076 0.2543
-7.21670649581219 0.2542
-7.21674424210687 0.2541
-7.21678272502048 0.254
-7.21681870547221 0.2539
-7.21685682881669 0.2538
-7.21689863390767 0.2537
-7.21693383376836 0.2536
-7.21696773762387 0.2535
-7.21700562639804 0.2534
-7.21704409765739 0.2533
-7.21708670189687 0.2532
-7.21712366581717 0.2531
-7.2171536061533 0.253
-7.2171782073099 0.2529
-7.21719886996372 0.2528
-7.21722462105606 0.2527
-7.2172394287467 0.2526
-7.21724202523456 0.2525
-7.2172555679701 0.2524
-7.21725946866864 0.2523
-7.21725699717509 0.2522
-7.2172529380962 0.2521
-7.21725570059439 0.252
-7.21725507808052 0.2519
-7.21726604743918 0.2518
-7.21728803282159 0.2517
-7.2173112109891 0.2516
-7.21735534746571 0.2515
-7.21741106655509 0.2514
-7.21748064128246 0.2513
-7.2175672225784 0.2512
-7.21767623607809 0.2511
-7.2177950174283 0.251
-7.21793460836846 0.2509
-7.21806894349985 0.2508
-7.21821107960525 0.2507
-7.21836157876061 0.2506
-7.21852613272577 0.2505
-7.21868177556336 0.2504
-7.21883646322183 0.2503
-7.21896771553148 0.2502
-7.21909012248544 0.2501
-7.21919317770331 0.25
-7.21926485959567 0.2499
-7.21934534296032 0.2498
-7.21943133531469 0.2497
-7.21950550878634 0.2496
-7.21955396628366 0.2495
-7.21959308230331 0.2494
-7.21962622430388 0.2493
-7.21963777792719 0.2492
-7.21962473816453 0.2491
-7.21958970373249 0.249
-7.21954551386058 0.2489
-7.21948397425237 0.2488
-7.21941568197163 0.2487
-7.21935231055693 0.2486
-7.21928285806752 0.2485
-7.21921283044368 0.2484
-7.21912253941844 0.2483
-7.21902672315024 0.2482
-7.2189395223189 0.2481
-7.21884157133181 0.248
-7.21877170339603 0.2479
-7.21873374607817 0.2478
-7.21871707413026 0.2477
-7.21870511878927 0.2476
-7.2187173628632 0.2475
-7.21874549077611 0.2474
-7.21879364190054 0.2473
-7.21883171357581 0.2472
-7.21888262327935 0.2471
-7.21893327204198 0.247
-7.21897385540488 0.2469
-7.21901299401911 0.2468
-7.21905434440974 0.2467
-7.21909074192835 0.2466
-7.21911202873526 0.2465
-7.21913095888972 0.2464
-7.21912706785562 0.2463
-7.21911568828487 0.2462
-7.21910505844631 0.2461
-7.21908824726399 0.246
-7.21905490109373 0.2459
-7.21901968644294 0.2458
-7.21898803776227 0.2457
-7.21894594369688 0.2456
-7.21890536448426 0.2455
-7.21886190326165 0.2454
-7.21881422142726 0.2453
-7.21877020326296 0.2452
-7.21871191013292 0.2451
-7.21864202382705 0.245
-7.21857014617952 0.2449
-7.21848578222692 0.2448
-7.21841280887807 0.2447
-7.21837163615911 0.2446
-7.21833353824449 0.2445
-7.21829954630994 0.2444
-7.21826429266227 0.2443
-7.2182278040906 0.2442
-7.21820462891464 0.2441
-7.21818430936522 0.244
-7.21818300170857 0.2439
-7.21820549246278 0.2438
-7.21823362250904 0.2437
-7.21826291707744 0.2436
-7.21829727706391 0.2435
-7.21833702026141 0.2434
-7.21836191253082 0.2433
-7.21838976064155 0.2432
-7.21842532234051 0.2431
-7.21845071762987 0.243
-7.21846329787919 0.2429
-7.21845348294986 0.2428
-7.21841688248758 0.2427
-7.21835753804448 0.2426
-7.21827646418799 0.2425
-7.21818663588619 0.2424
-7.2180821465911 0.2423
-7.21796133632723 0.2422
-7.21784530898199 0.2421
-7.21773079456736 0.242
-7.21763603624393 0.2419
-7.21753766594364 0.2418
-7.21744829597278 0.2417
-7.21735351763276 0.2416
-7.21726427171675 0.2415
-7.21719512974065 0.2414
-7.21713280925927 0.2413
-7.21709136646763 0.2412
-7.21703690386175 0.2411
-7.21700012236612 0.241
-7.21695993105345 0.2409
-7.21696458952724 0.2408
-7.2169866802686 0.2407
-7.21702071904204 0.2406
-7.2170521646161 0.2405
-7.21710939342994 0.2404
-7.21717804274102 0.2403
-7.21724099152042 0.2402
-7.21730125463871 0.2401
-7.21734580607008 0.24
-7.21738674540722 0.2399
-7.2174274448184 0.2398
-7.21747271182632 0.2397
-7.21751073929629 0.2396
-7.21752450374906 0.2395
-7.21753793044727 0.2394
-7.21756086769997 0.2393
-7.2175734852385 0.2392
-7.21759192736506 0.2391
-7.21761515773704 0.239
-7.21761857061386 0.2389
-7.21762239187201 0.2388
-7.21762331540395 0.2387
-7.21761094136298 0.2386
-7.217607429777 0.2385
-7.21760852987081 0.2384
-7.21761116272965 0.2383
-7.21761006054452 0.2382
-7.21762541811087 0.2381
-7.21765567042295 0.238
-7.21769241030998 0.2379
-7.21772789175405 0.2378
-7.21775850665374 0.2377
-7.21780444509879 0.2376
-7.21785381340186 0.2375
-7.21789317334556 0.2374
-7.21792205808107 0.2373
-7.21796735079431 0.2372
-7.21802430277094 0.2371
-7.21808958917618 0.237
-7.21817047696588 0.2369
-7.21826062043805 0.2368
-7.21834623146904 0.2367
-7.21843306367636 0.2366
-7.21852404476049 0.2365
-7.21860969857657 0.2364
-7.21868047089468 0.2363
-7.21874078537952 0.2362
-7.21877576650669 0.2361
-7.21878810536636 0.236
-7.21877777402149 0.2359
-7.21875067885114 0.2358
-7.21870545082122 0.2357
-7.21863138343745 0.2356
-7.21851379578908 0.2355
-7.21837659642298 0.2354
-7.21822859905542 0.2353
-7.21806924960212 0.2352
-7.21790624706348 0.2351
-7.21775399070393 0.235
-7.2176008133115 0.2349
-7.21744998574147 0.2348
-7.2173176658408 0.2347
-7.21718002475473 0.2346
-7.21705879906636 0.2345
-7.21696220667152 0.2344
-7.21688585729262 0.2343
-7.21682739914936 0.2342
-7.21680179798205 0.2341
-7.21678510655511 0.234
-7.21680189780341 0.2339
-7.21682535911119 0.2338
-7.21685986494742 0.2337
-7.21693186271073 0.2336
-7.21703057581481 0.2335
-7.2171501586072 0.2334
-7.21729891850214 0.2333
-7.21743360126454 0.2332
-7.21757193485138 0.2331
-7.21774061407126 0.233
-7.21790033006607 0.2329
-7.21806362508816 0.2328
-7.21821967737398 0.2327
-7.21835412086089 0.2326
-7.21848221099145 0.2325
-7.21860538032088 0.2324
-7.2187083025087 0.2323
-7.21878573152421 0.2322
-7.21884755769533 0.2321
-7.21888771060846 0.232
-7.21890500768853 0.2319
-7.21892537746223 0.2318
-7.21892496485283 0.2317
-7.21890996860649 0.2316
-7.21888303373805 0.2315
-7.21886861291418 0.2314
-7.21886408851392 0.2313
-7.2188505367727 0.2312
-7.21883432566864 0.2311
-7.21882608518709 0.231
-7.2188165699309 0.2309
-7.21882986705632 0.2308
-7.21884304500488 0.2307
-7.2188377939519 0.2306
-7.21886063267509 0.2305
-7.21887553246728 0.2304
-7.2188997186173 0.2303
-7.21891984698237 0.2302
-7.2189558665562 0.2301
-7.21900247854616 0.23
-7.21904880936751 0.2299
-7.21908500737572 0.2298
-7.21913005532813 0.2297
-7.21917368025542 0.2296
-7.219193056031 0.2295
-7.21918311548899 0.2294
-7.21919307022511 0.2293
-7.21921442623163 0.2292
-7.21921875624312 0.2291
-7.21922582978393 0.229
-7.21924417941725 0.2289
-7.21926446834904 0.2288
-7.21928114612422 0.2287
-7.21930123852513 0.2286
-7.21931277392883 0.2285
-7.21931890211942 0.2284
-7.21933663625474 0.2283
-7.21936158168629 0.2282
-7.21937197001184 0.2281
-7.21939257132727 0.228
-7.21940414674446 0.2279
-7.21942360183759 0.2278
-7.21943833616121 0.2277
-7.21945502372516 0.2276
-7.21948473783263 0.2275
-7.21950955761777 0.2274
-7.21951007231971 0.2273
-7.21949881535606 0.2272
-7.21949324061601 0.2271
-7.21949245763323 0.227
-7.21947725063314 0.2269
-7.21947560207318 0.2268
-7.21947546465008 0.2267
-7.21948744910237 0.2266
-7.21949613871396 0.2265
-7.21951393030076 0.2264
-7.219529985364 0.2263
-7.21955665074316 0.2262
-7.21958058887829 0.2261
-7.21959902601819 0.226
-7.21962348135476 0.2259
-7.21964746562476 0.2258
-7.21967091092491 0.2257
-7.21969786402214 0.2256
-7.21971662907518 0.2255
-7.21973960516346 0.2254
-7.21976517642798 0.2253
-7.21979083002649 0.2252
-7.21980842925944 0.2251
-7.21982554492709 0.225
-7.21982705829746 0.2249
-7.21981304213528 0.2248
-7.21980757660559 0.2247
-7.21978167392601 0.2246
-7.2197555683009 0.2245
-7.21971145257176 0.2244
-7.2196786918445 0.2243
-7.2196461456834 0.2242
-7.21960980586531 0.2241
-7.21957047509198 0.224
-7.21953079078599 0.2239
-7.21949864753431 0.2238
-7.2194653954088 0.2237
-7.21942088373989 0.2236
-7.21938112944459 0.2235
-7.21934283688346 0.2234
-7.21932567062882 0.2233
-7.21932373443345 0.2232
-7.21935055452917 0.2231
-7.21939328955481 0.223
-7.21945058495099 0.2229
-7.21951230514852 0.2228
-7.21960626525441 0.2227
-7.21972137124001 0.2226
-7.21983698674243 0.2225
-7.21997122359786 0.2224
-7.22010218376365 0.2223
-7.22022740667728 0.2222
-7.22036039882618 0.2221
-7.22048665469315 0.222
-7.2206142624933 0.2219
-7.22070965544588 0.2218
-7.22079384277959 0.2217
-7.22086788299343 0.2216
-7.22093143531881 0.2215
-7.22098041232088 0.2214
-7.22103566254387 0.2213
-7.22108440948235 0.2212
-7.22111114894297 0.2211
-7.22113051488067 0.221
-7.22114508881167 0.2209
-7.22116326254683 0.2208
-7.22117709836542 0.2207
-7.22119851559187 0.2206
-7.2212324758135 0.2205
-7.22125018471547 0.2204
-7.22127425177556 0.2203
-7.22130644494732 0.2202
-7.22134158848919 0.2201
-7.22136511537383 0.22
-7.22140205513114 0.2199
-7.22143424041763 0.2198
-7.22146571252829 0.2197
-7.22148489393589 0.2196
-7.22148056748061 0.2195
-7.22143871087918 0.2194
-7.22141572021535 0.2193
-7.2213903863992 0.2192
-7.22135750234315 0.2191
-7.22130517306354 0.219
-7.22126590228883 0.2189
-7.22121285461345 0.2188
-7.22116189057491 0.2187
-7.22109945707328 0.2186
-7.22102668759709 0.2185
-7.22096255758488 0.2184
-7.22090580072184 0.2183
-7.22084790943243 0.2182
-7.22080380761464 0.2181
-7.22075932120305 0.218
-7.22070850707914 0.2179
-7.22066653141702 0.2178
-7.22063410029134 0.2177
-7.22060206554139 0.2176
-7.22057993228804 0.2175
-7.22054103787388 0.2174
-7.22051508446837 0.2173
-7.2205054703759 0.2172
-7.22050478590548 0.2171
-7.22051660229701 0.217
-7.22052117895492 0.2169
-7.22052743468275 0.2168
-7.22052592111165 0.2167
-7.22051075843019 0.2166
-7.220464256713 0.2165
-7.22041084315273 0.2164
-7.22033236101939 0.2163
-7.22022077906214 0.2162
-7.22009183478724 0.2161
-7.21994209531353 0.216
-7.21980295009667 0.2159
-7.21965643200062 0.2158
-7.21948364752192 0.2157
-7.21929987782316 0.2156
-7.21912016828835 0.2155
-7.21894840178639 0.2154
-7.21877312369775 0.2153
-7.21861461091595 0.2152
-7.21848004481231 0.2151
-7.21836869326626 0.215
-7.21827960036861 0.2149
-7.21823109441509 0.2148
-7.21818482663116 0.2147
-7.2181498177252 0.2146
-7.21814495511384 0.2145
-7.21818022078892 0.2144
-7.21822919672061 0.2143
-7.21829546810966 0.2142
-7.21836422300919 0.2141
-7.21844650408273 0.214
-7.21853094550548 0.2139
-7.21862414696664 0.2138
-7.21871576838849 0.2137
-7.21881383108598 0.2136
-7.2189177280019 0.2135
-7.21900669819006 0.2134
-7.21909574463942 0.2133
-7.21917527355003 0.2132
-7.21924617671264 0.2131
-7.21932034821399 0.213
-7.21939446587365 0.2129
-7.21945426691748 0.2128
-7.21954326539196 0.2127
-7.21962004560636 0.2126
-7.21971481065713 0.2125
-7.21980722696616 0.2124
-7.21990237071047 0.2123
-7.21997989178206 0.2122
-7.2200500908428 0.2121
-7.22012211292094 0.212
-7.22018177966404 0.2119
-7.22025595509152 0.2118
-7.22033565028378 0.2117
-7.22042648573718 0.2116
-7.22052264270299 0.2115
-7.22062000040356 0.2114
-7.22069424340234 0.2113
-7.22074913522135 0.2112
-7.22078859623511 0.2111
-7.22082134543496 0.211
-7.22086843359186 0.2109
-7.22089807182671 0.2108
-7.22092842077766 0.2107
-7.22093546288722 0.2106
-7.22092210739934 0.2105
-7.22091566062063 0.2104
-7.22091356367176 0.2103
-7.22089892222045 0.2102
-7.22087359533232 0.2101
-7.22083540697348 0.21
-7.22079274343911 0.2099
-7.22074012958057 0.2098
-7.2206831546415 0.2097
-7.22062501018714 0.2096
-7.22057439033117 0.2095
-7.22051162703324 0.2094
-7.22043948125566 0.2093
-7.22035769952681 0.2092
-7.22027521910666 0.2091
-7.22021089738289 0.209
-7.22016030327783 0.2089
-7.22011683436024 0.2088
-7.22008319780915 0.2087
-7.22006188586726 0.2086
-7.22004711525708 0.2085
-7.22005576112759 0.2084
-7.2200945620767 0.2083
-7.22015636708143 0.2082
-7.22021772583785 0.2081
-7.22027956397247 0.208
-7.22035561386402 0.2079
-7.22043837713103 0.2078
-7.22050864140666 0.2077
-7.22056629669029 0.2076
-7.22062749074552 0.2075
-7.2206908413284 0.2074
-7.22077624915555 0.2073
-7.22086746453801 0.2072
-7.22095266828999 0.2071
-7.2210078347051 0.207
-7.22106291292323 0.2069
-7.22109823863281 0.2068
-7.22114084029237 0.2067
-7.2211795427735 0.2066
-7.22122901821586 0.2065
-7.22126822944724 0.2064
-7.22130992820419 0.2063
-7.22133791259946 0.2062
-7.2213650927998 0.2061
-7.22141897301738 0.206
-7.22148190304913 0.2059
-7.22157027228083 0.2058
-7.22167977668109 0.2057
-7.22181215055788 0.2056
-7.22194591677958 0.2055
-7.22210487384222 0.2054
-7.22226953897022 0.2053
-7.22243703659471 0.2052
-7.22257850919758 0.2051
-7.22272046944138 0.205
-7.22286753433022 0.2049
-7.22298867871656 0.2048
-7.22307929727008 0.2047
-7.22314802462551 0.2046
-7.22317263040386 0.2045
-7.22317392894908 0.2044
-7.22314871120528 0.2043
-7.22310018397209 0.2042
-7.22306539357144 0.2041
-7.22301619442533 0.204
-7.2229496033331 0.2039
-7.22287307338596 0.2038
-7.22278882797498 0.2037
-7.2227023441444 0.2036
-7.22261489075985 0.2035
-7.22255154914749 0.2034
-7.22250304327018 0.2033
-7.22243736617842 0.2032
-7.22237423442125 0.2031
-7.22232332991733 0.203
-7.22227847702124 0.2029
-7.2222582242742 0.2028
-7.22224917801787 0.2027
-7.22226551529678 0.2026
-7.22229211515871 0.2025
-7.22231420740799 0.2024
-7.22237123271496 0.2023
-7.22242652187075 0.2022
-7.2224810347426 0.2021
-7.22254958564233 0.202
-7.22264801985932 0.2019
-7.22274129848876 0.2018
-7.22280796781578 0.2017
-7.22286528915855 0.2016
-7.22292416730432 0.2015
-7.22296376615597 0.2014
-7.22298425672033 0.2013
-7.22299865064984 0.2012
-7.22298486692726 0.2011
-7.22296573764691 0.201
-7.22293910493434 0.2009
-7.22291979502016 0.2008
-7.22289387011297 0.2007
-7.22286264527054 0.2006
-7.22282222180294 0.2005
-7.22277210155959 0.2004
-7.22273615192846 0.2003
-7.22270110252172 0.2002
-7.22267228971651 0.2001
-7.22263205394141 0.2
-7.22259396007486 0.1999
-7.22255526009326 0.1998
-7.22251551991695 0.1997
-7.22247548662922 0.1996
-7.22244428855381 0.1995
-7.22240561578358 0.1994
-7.22234775879446 0.1993
-7.22227650663836 0.1992
-7.2222122937827 0.1991
-7.22213730979667 0.199
-7.22204832438091 0.1989
-7.22195082107655 0.1988
-7.22184489549581 0.1987
-7.22174411317941 0.1986
-7.22165340230317 0.1985
-7.22155206507113 0.1984
-7.22144824908071 0.1983
-7.22134708999959 0.1982
-7.22123310627196 0.1981
-7.22114133222785 0.198
-7.22103926004425 0.1979
-7.2209767334165 0.1978
-7.22094720973727 0.1977
-7.22094793574809 0.1976
-7.22098639087598 0.1975
-7.22104461253338 0.1974
-7.22112855332849 0.1973
-7.22121782255115 0.1972
-7.22132683804443 0.1971
-7.22145703476819 0.197
-7.22159184504217 0.1969
-7.22172649361578 0.1968
-7.2218706303147 0.1967
-7.22201816179938 0.1966
-7.22215203471586 0.1965
-7.22227485232815 0.1964
-7.22238610460231 0.1963
-7.22247679611889 0.1962
-7.22256042434983 0.1961
-7.22261755047453 0.196
-7.22266131689372 0.1959
-7.22267176712474 0.1958
-7.22267961932276 0.1957
-7.22265962340494 0.1956
-7.22263072607722 0.1955
-7.2225943726499 0.1954
-7.22255071862534 0.1953
-7.22249052183422 0.1952
-7.22242593210621 0.1951
-7.22235554688028 0.195
-7.22226481146424 0.1949
-7.22217960766629 0.1948
-7.22208841825242 0.1947
-7.22198034481266 0.1946
-7.22185754521899 0.1945
-7.22174335017361 0.1944
-7.22162802293517 0.1943
-7.22151960416701 0.1942
-7.22143483519872 0.1941
-7.22137718315255 0.194
-7.22135062891457 0.1939
-7.22135518539183 0.1938
-7.22138102909069 0.1937
-7.22141725631782 0.1936
-7.22146119927284 0.1935
-7.22151156534915 0.1934
-7.22156498476511 0.1933
-7.22161952382226 0.1932
-7.22167084232235 0.1931
-7.2217543374112 0.193
-7.22183064242971 0.1929
-7.22192231250111 0.1928
-7.22200296742436 0.1927
-7.22207091238229 0.1926
-7.22214322844276 0.1925
-7.2222093840879 0.1924
-7.22225774784125 0.1923
-7.22229232465094 0.1922
-7.22230916369526 0.1921
-7.22231449410483 0.192
-7.22230238759307 0.1919
-7.2222758760713 0.1918
-7.22224168317622 0.1917
-7.2221984781199 0.1916
-7.22214104844755 0.1915
-7.22209420287798 0.1914
-7.22207136303107 0.1913
-7.2220417702617 0.1912
-7.22200058218571 0.1911
-7.22195644976257 0.191
-7.22191829438973 0.1909
-7.22189025219257 0.1908
-7.22188011825964 0.1907
-7.22187224436581 0.1906
-7.2218804301185 0.1905
-7.22190922886605 0.1904
-7.22195244355312 0.1903
-7.22199323503711 0.1902
-7.22204251149331 0.1901
-7.22208752621124 0.19
-7.22215688049954 0.1899
-7.22223514979386 0.1898
-7.22232077271375 0.1897
-7.22241701477202 0.1896
-7.22250271741608 0.1895
-7.22258242084329 0.1894
-7.22265850284668 0.1893
-7.22269870374798 0.1892
-7.22272084622316 0.1891
-7.22275014302765 0.189
-7.22275892388782 0.1889
-7.22275741216968 0.1888
-7.22274652228728 0.1887
-7.22270608147251 0.1886
-7.22264604370369 0.1885
-7.22256552398024 0.1884
-7.22248556215335 0.1883
-7.22239825716964 0.1882
-7.22232259025074 0.1881
-7.22224409613879 0.188
-7.22217283811603 0.1879
-7.22209287267701 0.1878
-7.22201129589254 0.1877
-7.22191420935216 0.1876
-7.22181843340667 0.1875
-7.22172124985835 0.1874
-7.2216214197347 0.1873
-7.22153365328642 0.1872
-7.22145304677628 0.1871
-7.22139235100807 0.187
-7.22134708650173 0.1869
-7.22130353548759 0.1868
-7.22128795390949 0.1867
-7.22127096861221 0.1866
-7.22126715131312 0.1865
-7.22126880929498 0.1864
-7.22127883950639 0.1863
-7.22129304203894 0.1862
-7.22132979600278 0.1861
-7.22137423791933 0.186
-7.22144563945168 0.1859
-7.22152987649903 0.1858
-7.22163638799472 0.1857
-7.22175565191741 0.1856
-7.22186115104938 0.1855
-7.22196691595881 0.1854
-7.22207141609347 0.1853
-7.22218903437242 0.1852
-7.22230748530349 0.1851
-7.22243237787053 0.185
-7.2225537445023 0.1849
-7.22268575965875 0.1848
-7.22280318285457 0.1847
-7.22292066367406 0.1846
-7.22303102998335 0.1845
-7.22312619822967 0.1844
-7.22321813124869 0.1843
-7.22329750131197 0.1842
-7.22336288878689 0.1841
-7.22343433933161 0.184
-7.22351358493801 0.1839
-7.2235945847118 0.1838
-7.22366781553903 0.1837
-7.22375260369003 0.1836
-7.22384099523775 0.1835
-7.22394084688244 0.1834
-7.22403750150356 0.1833
-7.2241296353442 0.1832
-7.2242141968386 0.1831
-7.22427687957686 0.183
-7.22432864741212 0.1829
-7.22437438032699 0.1828
-7.22442230959031 0.1827
-7.22447611736851 0.1826
-7.22453064655884 0.1825
-7.22456505675651 0.1824
-7.22458249545692 0.1823
-7.2245771859912 0.1822
-7.22456559906759 0.1821
-7.22455352459305 0.182
-7.22455527415693 0.1819
-7.22457191057781 0.1818
-7.22459686058826 0.1817
-7.22463743285301 0.1816
-7.22468526516933 0.1815
-7.22474978007383 0.1814
-7.22482970530138 0.1813
-7.22491447853435 0.1812
-7.2250031735268 0.1811
-7.225111019667 0.181
-7.22523138220793 0.1809
-7.22536651348319 0.1808
-7.22551173830181 0.1807
-7.22565380719986 0.1806
-7.22577063110032 0.1805
-7.22586597321481 0.1804
-7.22594840222563 0.1803
-7.22600897627814 0.1802
-7.22605406137235 0.1801
-7.22609821670016 0.18
-7.22612469996389 0.1799
-7.22617210346787 0.1798
-7.22621642520849 0.1797
-7.22625071195106 0.1796
-7.22627587903908 0.1795
-7.22630641802817 0.1794
-7.22633343474042 0.1793
-7.22636541029419 0.1792
-7.22640807881919 0.1791
-7.22644928597479 0.179
-7.22650516979982 0.1789
-7.22656703535236 0.1788
-7.22663135508298 0.1787
-7.22668309250273 0.1786
-7.22673501516444 0.1785
-7.22677844154845 0.1784
-7.22685230543877 0.1783
-7.22692207131195 0.1782
-7.22697184829288 0.1781
-7.22700380120862 0.178
-7.22702918914735 0.1779
-7.22704887169884 0.1778
-7.22705506584977 0.1777
-7.22705956378566 0.1776
-7.22703128285457 0.1775
-7.22702433390485 0.1774
-7.22701421641313 0.1773
-7.22699399991109 0.1772
-7.22696675541252 0.1771
-7.22693293808853 0.177
-7.22687789439786 0.1769
-7.22684031810818 0.1768
-7.22678992827276 0.1767
-7.22673501412497 0.1766
-7.22670567611322 0.1765
-7.22667002700257 0.1764
-7.22663841656652 0.1763
-7.22661332529331 0.1762
-7.2265981334118 0.1761
-7.22659772275926 0.176
-7.22659557003854 0.1759
-7.22659469629018 0.1758
-7.22659899970339 0.1757
-7.22660323572954 0.1756
-7.22659372230545 0.1755
-7.22658942774197 0.1754
-7.22659046440659 0.1753
-7.22660542989455 0.1752
-7.2266080537705 0.1751
-7.22662034376251 0.175
-7.22661985004274 0.1749
-7.22663520330832 0.1748
-7.22665234525489 0.1747
-7.2266682284491 0.1746
-7.22668489137385 0.1745
-7.22670546868288 0.1744
-7.22674328709222 0.1743
-7.22678239929702 0.1742
-7.22684300027958 0.1741
-7.22689471816099 0.174
-7.22693806710825 0.1739
-7.22698745555946 0.1738
-7.22702988003182 0.1737
-7.22707942677588 0.1736
-7.22712282564462 0.1735
-7.22717482367508 0.1734
-7.22723006402353 0.1733
-7.22728809650651 0.1732
-7.22732393912095 0.1731
-7.22733148533997 0.173
-7.22732244480797 0.1729
-7.22729298990652 0.1728
-7.22724217189811 0.1727
-7.22718243878104 0.1726
-7.22711812101201 0.1725
-7.22705935842594 0.1724
-7.2270016427121 0.1723
-7.22696105443323 0.1722
-7.22692070589668 0.1721
-7.22687207619503 0.172
-7.22682533994727 0.1719
-7.22678268917391 0.1718
-7.22675090738979 0.1717
-7.22673220853877 0.1716
-7.22671466357413 0.1715
-7.22670454130998 0.1714
-7.22672435727859 0.1713
-7.22675849572318 0.1712
-7.22679078432039 0.1711
-7.22681967970365 0.171
-7.22684881308549 0.1709
-7.22687876078246 0.1708
-7.22689844595571 0.1707
-7.22692269488656 0.1706
-7.22694302147092 0.1705
-7.22695396639788 0.1704
-7.22696470802578 0.1703
-7.2269446137497 0.1702
-7.22691414616606 0.1701
-7.22688231134348 0.17
-7.22687570857325 0.1699
-7.22687132904129 0.1698
-7.22687488835805 0.1697
-7.22686576220926 0.1696
-7.22684160054967 0.1695
-7.22684926368359 0.1694
-7.22683507531576 0.1693
-7.22680748005363 0.1692
-7.22677220696591 0.1691
-7.22672776751524 0.169
-7.22667711716917 0.1689
-7.22662880157556 0.1688
-7.22658250537302 0.1687
-7.22655057280021 0.1686
-7.2265279076845 0.1685
-7.22651840521508 0.1684
-7.22651072837818 0.1683
-7.226517888856 0.1682
-7.22653946988859 0.1681
-7.2265689905583 0.168
-7.22661295276404 0.1679
-7.22666930793434 0.1678
-7.22675346422677 0.1677
-7.2268505894815 0.1676
-7.2269557738047 0.1675
-7.22705921587174 0.1674
-7.22718397508854 0.1673
-7.22730772367701 0.1672
-7.22742799820215 0.1671
-7.22754098086392 0.167
-7.22765080968893 0.1669
-7.22778593607815 0.1668
-7.22793457647246 0.1667
-7.22807171173341 0.1666
-7.228213848789 0.1665
-7.22833410996907 0.1664
-7.22844296549755 0.1663
-7.22856555089726 0.1662
-7.2287093904396 0.1661
-7.22886732156939 0.166
-7.22901957985493 0.1659
-7.22913858406994 0.1658
-7.22924196459302 0.1657
-7.22933611944732 0.1656
-7.22941701421762 0.1655
-7.22948092931711 0.1654
-7.22952191659459 0.1653
-7.22956968208196 0.1652
-7.22960948210592 0.1651
-7.22962713002367 0.165
-7.22962317643042 0.1649
-7.22960821608535 0.1648
-7.22955474001923 0.1647
-7.22949124277795 0.1646
-7.22941832886289 0.1645
-7.22934246060828 0.1644
-7.22924931833086 0.1643
-7.22913608130522 0.1642
-7.22901305268378 0.1641
-7.22890020012113 0.164
-7.228789335755 0.1639
-7.22869353621255 0.1638
-7.22857969536772 0.1637
-7.22845004397122 0.1636
-7.22832667575857 0.1635
-7.22818721751863 0.1634
-7.22805061003876 0.1633
-7.22789069069871 0.1632
-7.22773426259439 0.1631
-7.22758700582699 0.163
-7.22745962122329 0.1629
-7.22733990673115 0.1628
-7.22723290202431 0.1627
-7.22715144766799 0.1626
-7.2270686012425 0.1625
-7.2270180394451 0.1624
-7.22696655249744 0.1623
-7.22692074567817 0.1622
-7.22690657853515 0.1621
-7.22690251350398 0.162
-7.22690220196753 0.1619
-7.2269221938792 0.1618
-7.22695828033363 0.1617
-7.22700257943607 0.1616
-7.22703922070592 0.1615
-7.22708658530016 0.1614
-7.22714815333291 0.1613
-7.2272099177976 0.1612
-7.22726998666098 0.1611
-7.22734345695204 0.161
-7.22741071016016 0.1609
-7.22747650813435 0.1608
-7.22752203464852 0.1607
-7.22754537271962 0.1606
-7.22756164533785 0.1605
-7.22758650735542 0.1604
-7.22761266863436 0.1603
-7.2276564564976 0.1602
-7.2276976990189 0.1601
-7.22774277559649 0.16
-7.22777912796443 0.1599
-7.22783615822044 0.1598
-7.22790341902328 0.1597
-7.22798331283293 0.1596
-7.22808315015599 0.1595
-7.22818931694959 0.1594
-7.22831592973827 0.1593
-7.22846632260515 0.1592
-7.22862610736943 0.1591
-7.22879789565779 0.159
-7.22897423464418 0.1589
-7.22913950829619 0.1588
-7.22929643565466 0.1587
-7.2294247330935 0.1586
-7.22953246117879 0.1585
-7.22963563647866 0.1584
-7.22972713637881 0.1583
-7.22978765663126 0.1582
-7.22983418869715 0.1581
-7.2298472932969 0.158
-7.22984171735718 0.1579
-7.2298270368514 0.1578
-7.22980117253949 0.1577
-7.22976049750822 0.1576
-7.22970969518759 0.1575
-7.22964282167317 0.1574
-7.22954940573163 0.1573
-7.22944425867576 0.1572
-7.22933748169178 0.1571
-7.22920474391529 0.157
-7.22907946418668 0.1569
-7.22895383712993 0.1568
-7.22881688078926 0.1567
-7.22869366837697 0.1566
-7.22858440648806 0.1565
-7.22847714530808 0.1564
-7.22837072051556 0.1563
-7.22825106282155 0.1562
-7.22813928715655 0.1561
-7.22803223928153 0.156
-7.22794160982828 0.1559
-7.22787630621664 0.1558
-7.22781930159518 0.1557
-7.2277761768138 0.1556
-7.22773944744947 0.1555
-7.22771394835435 0.1554
-7.22771374765606 0.1553
-7.22773957202994 0.1552
-7.22779021692853 0.1551
-7.22788158885519 0.155
-7.22799297127549 0.1549
-7.22811248103192 0.1548
-7.22823498528156 0.1547
-7.22837508973802 0.1546
-7.22851264116983 0.1545
-7.22865330553831 0.1544
-7.22878822245532 0.1543
-7.22890003075891 0.1542
-7.2289927908096 0.1541
-7.22907445959748 0.154
-7.22914307395974 0.1539
-7.22919433692121 0.1538
-7.22922291225972 0.1537
-7.22924181479943 0.1536
-7.22924567677982 0.1535
-7.2292472473628 0.1534
-7.22925355147192 0.1533
-7.22926218269812 0.1532
-7.22926433002408 0.1531
-7.22929317936389 0.153
-7.22932527024621 0.1529
-7.22939063147534 0.1528
-7.22946453052066 0.1527
-7.22954086312974 0.1526
-7.22959599122506 0.1525
-7.22966516631049 0.1524
-7.22972431548108 0.1523
-7.22977390526729 0.1522
-7.22982632424188 0.1521
-7.22988031798971 0.152
-7.22991535966228 0.1519
-7.2299366787844 0.1518
-7.22995157369079 0.1517
-7.22995679296618 0.1516
-7.22996263278912 0.1515
-7.2299597999785 0.1514
-7.22993062955973 0.1513
-7.22989694160153 0.1512
-7.22986545155342 0.1511
-7.22983989998318 0.151
-7.22980265767981 0.1509
-7.22977070675094 0.1508
-7.2297534116707 0.1507
-7.22971366277188 0.1506
-7.2296855658018 0.1505
-7.2296488349114 0.1504
-7.22959653008183 0.1503
-7.22955231759823 0.1502
-7.22950694942845 0.1501
-7.22945775107282 0.15
-7.22938146181056 0.1499
-7.22930718207377 0.1498
-7.22924154464138 0.1497
-7.22916353764982 0.1496
-7.22909056661676 0.1495
-7.22902506783619 0.1494
-7.22895250277875 0.1493
-7.228897429305 0.1492
-7.22884528460323 0.1491
-7.22879099441817 0.149
-7.22873612802102 0.1489
-7.22867960590146 0.1488
-7.22861074666631 0.1487
-7.22852626283384 0.1486
-7.2284217283827 0.1485
-7.22832315433926 0.1484
-7.22821847378288 0.1483
-7.22810324223832 0.1482
-7.2280004440093 0.1481
-7.2278862619715 0.148
-7.22776212868751 0.1479
-7.2276521086327 0.1478
-7.22754890386902 0.1477
-7.22745603544517 0.1476
-7.22736732708331 0.1475
-7.22729188548251 0.1474
-7.22723608758928 0.1473
-7.22717504860046 0.1472
-7.22713404394558 0.1471
-7.22710676104938 0.147
-7.22709091193965 0.1469
-7.22709964402198 0.1468
-7.22711710583346 0.1467
-7.22714865089885 0.1466
-7.22719516943672 0.1465
-7.2272332874693 0.1464
-7.22729311318773 0.1463
-7.22734133133045 0.1462
-7.22739315232003 0.1461
-7.22742468280067 0.146
-7.22744492385305 0.1459
-7.22744956205264 0.1458
-7.22742086023174 0.1457
-7.22737375403846 0.1456
-7.22730408572552 0.1455
-7.22720976901572 0.1454
-7.22710677768246 0.1453
-7.22698954475669 0.1452
-7.22686143173947 0.1451
-7.22674624481033 0.145
-7.22662012648227 0.1449
-7.22648849245596 0.1448
-7.22637069839561 0.1447
-7.22625572565898 0.1446
-7.22615283531512 0.1445
-7.2260584418544 0.1444
-7.22596855916915 0.1443
-7.22591077469243 0.1442
-7.22586800162401 0.1441
-7.2258706602686 0.144
-7.22587447377343 0.1439
-7.22587349023849 0.1438
-7.22589564796607 0.1437
-7.22591763670543 0.1436
-7.22597089452885 0.1435
-7.22603186203441 0.1434
-7.22609773863115 0.1433
-7.2261618939603 0.1432
-7.22620961451928 0.1431
-7.22624989523052 0.143
-7.22627212736348 0.1429
-7.22626703112637 0.1428
-7.22626535385404 0.1427
-7.22624949630363 0.1426
-7.2262235750712 0.1425
-7.22617850733353 0.1424
-7.22613643380398 0.1423
-7.22610793037571 0.1422
-7.22609269239066 0.1421
-7.22607242995612 0.142
-7.22604775217133 0.1419
-7.22603683385665 0.1418
-7.22602779772342 0.1417
-7.22602958603601 0.1416
-7.22604066513964 0.1415
-7.22606469000346 0.1414
-7.2260735560911 0.1413
-7.22608873217949 0.1412
-7.22608301022749 0.1411
-7.22607000267544 0.141
-7.22607197161842 0.1409
-7.22608455287256 0.1408
-7.22609896270865 0.1407
-7.22609640471963 0.1406
-7.22610006631938 0.1405
-7.22610063661905 0.1404
-7.22611700922976 0.1403
-7.22612450569993 0.1402
-7.22614126330904 0.1401
-7.22617308220765 0.14
-7.22622222719429 0.1399
-7.22627785956429 0.1398
-7.2263510682715 0.1397
-7.22644229369257 0.1396
-7.22654861439812 0.1395
-7.22666482318516 0.1394
-7.22677505386921 0.1393
-7.2268932197968 0.1392
-7.22701790489064 0.1391
-7.2271451132181 0.139
-7.22728674847037 0.1389
-7.22742946259343 0.1388
-7.2275439488902 0.1387
-7.22765531076878 0.1386
-7.22774065946564 0.1385
-7.22781368659297 0.1384
-7.2278968534327 0.1383
-7.2279653498242 0.1382
-7.22801633252053 0.1381
-7.22805230746719 0.138
-7.22806898978772 0.1379
-7.22809104134025 0.1378
-7.22809370082075 0.1377
-7.22809257693503 0.1376
-7.22807326746988 0.1375
-7.22804964442743 0.1374
-7.22800776134906 0.1373
-7.22796647725251 0.1372
-7.22792128638193 0.1371
-7.22789748972277 0.137
-7.22789266866264 0.1369
-7.2279049090558 0.1368
-7.22791822890165 0.1367
-7.22795019031014 0.1366
-7.2279895869588 0.1365
-7.22804004917854 0.1364
-7.22810574509133 0.1363
-7.22816088269593 0.1362
-7.2282045706808 0.1361
-7.22825862168282 0.136
-7.22833322535588 0.1359
-7.22839296100993 0.1358
-7.22845339907397 0.1357
-7.22851404079487 0.1356
-7.22857286790621 0.1355
-7.22864411842047 0.1354
-7.22873493854143 0.1353
-7.22882333848242 0.1352
-7.22890283310999 0.1351
-7.22899852290679 0.135
-7.22907660572837 0.1349
-7.22915533488441 0.1348
-7.22922635643809 0.1347
-7.22931943123728 0.1346
-7.22940553944016 0.1345
-7.22948200927112 0.1344
-7.22956046574055 0.1343
-7.22963888501247 0.1342
-7.22973544015555 0.1341
-7.22981123713982 0.134
-7.22988102167194 0.1339
-7.22994410586125 0.1338
-7.22998484695072 0.1337
-7.23001952948253 0.1336
-7.23005753811523 0.1335
-7.23009479126812 0.1334
-7.23014548744816 0.1333
-7.23020096483081 0.1332
-7.23025234225505 0.1331
-7.23030839419024 0.133
-7.23036225719363 0.1329
-7.23043162712652 0.1328
-7.23049435647818 0.1327
-7.23055251585733 0.1326
-7.23059342958179 0.1325
-7.23062122730205 0.1324
-7.23063316865272 0.1323
-7.23064120811753 0.1322
-7.23063819807824 0.1321
-7.23063227475879 0.132
-7.23061115200055 0.1319
-7.23057264037937 0.1318
-7.2305390040329 0.1317
-7.23049949078914 0.1316
-7.23048545986606 0.1315
-7.23047097386738 0.1314
-7.2304642475458 0.1313
-7.23044794682647 0.1312
-7.23043657727298 0.1311
-7.23042321066733 0.131
-7.2304212760118 0.1309
-7.23043010305018 0.1308
-7.23044098848219 0.1307
-7.23046541577792 0.1306
-7.23051631361347 0.1305
-7.23057198082177 0.1304
-7.23061638415437 0.1303
-7.23062969112885 0.1302
-7.23064251379494 0.1301
-7.23064073210159 0.13
-7.23063255669924 0.1299
-7.23062218986944 0.1298
-7.23060429722858 0.1297
-7.23057584095885 0.1296
-7.23055210570514 0.1295
-7.23051154244126 0.1294
-7.23045783743488 0.1293
-7.23039945763441 0.1292
-7.23034144891221 0.1291
-7.23027495873183 0.129
-7.23019077988963 0.1289
-7.23010264606751 0.1288
-7.23002674800052 0.1287
-7.22997233787245 0.1286
-7.22993856233663 0.1285
-7.229929745721 0.1284
-7.22995538483056 0.1283
-7.23000469215894 0.1282
-7.23006705355664 0.1281
-7.23013104999224 0.128
-7.23020188508945 0.1279
-7.23027259450539 0.1278
-7.23034090568001 0.1277
-7.23039819912938 0.1276
-7.23043426407122 0.1275
-7.23045311020611 0.1274
-7.23047079014406 0.1273
-7.23049751181395 0.1272
-7.23050843519223 0.1271
-7.23051230316609 0.127
-7.23051617843195 0.1269
-7.23053011535105 0.1268
-7.23054441404037 0.1267
-7.23054981867867 0.1266
-7.23054046112965 0.1265
-7.23053557503915 0.1264
-7.23053027745192 0.1263
-7.23053745691833 0.1262
-7.23053890294183 0.1261
-7.23054908563283 0.126
-7.23055384937194 0.1259
-7.23056473240222 0.1258
-7.23056415260901 0.1257
-7.23057197914938 0.1256
-7.23059250890215 0.1255
-7.23060783494741 0.1254
-7.23062811228416 0.1253
-7.23063974741721 0.1252
-7.23066343426078 0.1251
-7.2306784975461 0.125
-7.23070817236227 0.1249
-7.2307318135354 0.1248
-7.23076424621465 0.1247
-7.23080632989392 0.1246
-7.23085219803786 0.1245
-7.23090115793351 0.1244
-7.23095272176488 0.1243
-7.23101766126906 0.1242
-7.23107118610859 0.1241
-7.23111213124646 0.124
-7.23113688441782 0.1239
-7.23115416057392 0.1238
-7.23115410907632 0.1237
-7.23113197033784 0.1236
-7.23109531427204 0.1235
-7.23102032751415 0.1234
-7.2309320060328 0.1233
-7.23086604600482 0.1232
-7.230801114239 0.1231
-7.2307484277244 0.123
-7.23070090767337 0.1229
-7.23066085780709 0.1228
-7.23061613963343 0.1227
-7.23058287218788 0.1226
-7.23057355120499 0.1225
-7.23058962080811 0.1224
-7.23062419284511 0.1223
-7.23066513194068 0.1222
-7.23071578949277 0.1221
-7.23077003370715 0.122
-7.23081686273937 0.1219
-7.2308678441401 0.1218
-7.23092123987047 0.1217
-7.23096006874245 0.1216
-7.2309906838933 0.1215
-7.23100955558154 0.1214
-7.23102285259597 0.1213
-7.23102560914519 0.1212
-7.23101985279801 0.1211
-7.23100761746339 0.121
-7.23098746619658 0.1209
-7.23095101470178 0.1208
-7.23093651419951 0.1207
-7.23090121415308 0.1206
-7.23084586316642 0.1205
-7.23077020363214 0.1204
-7.2306875930523 0.1203
-7.23059803775783 0.1202
-7.23051751166469 0.1201
-7.23043699066323 0.12
-7.23034198033925 0.1199
-7.23022452787523 0.1198
-7.23009703336771 0.1197
-7.22996740529665 0.1196
-7.22982952724975 0.1195
-7.22968972770242 0.1194
-7.22954824299956 0.1193
-7.22941676390313 0.1192
-7.22929903822641 0.1191
-7.22920569401501 0.119
-7.22912167039834 0.1189
-7.22905109830206 0.1188
-7.22898282679766 0.1187
-7.22893705788852 0.1186
-7.22889636728703 0.1185
-7.22888093704046 0.1184
-7.22890558806767 0.1183
-7.22894626266379 0.1182
-7.22899937304143 0.1181
-7.2290613032497 0.118
-7.22914512374823 0.1179
-7.22924260107014 0.1178
-7.22937968067404 0.1177
-7.22952603185797 0.1176
-7.22969653223943 0.1175
-7.22988223918377 0.1174
-7.23007512637698 0.1173
-7.23028187920047 0.1172
-7.23048633843605 0.1171
-7.23066873853288 0.117
-7.23084964438909 0.1169
-7.23102749362156 0.1168
-7.23118690989286 0.1167
-7.23131689800385 0.1166
-7.23143463333557 0.1165
-7.23154798914375 0.1164
-7.23162995773415 0.1163
-7.23169596989367 0.1162
-7.23174390322199 0.1161
-7.2317929101988 0.116
-7.2318460643884 0.1159
-7.23188491779848 0.1158
-7.2319096884378 0.1157
-7.23192060322551 0.1156
-7.23193386402432 0.1155
-7.23195156718517 0.1154
-7.23198075910801 0.1153
-7.23202825783474 0.1152
-7.23208166819984 0.1151
-7.23214296110694 0.115
-7.23219521449835 0.1149
-7.23225914278352 0.1148
-7.23232342605145 0.1147
-7.23240095945747 0.1146
-7.23247163412497 0.1145
-7.23254966246022 0.1144
-7.23262667561208 0.1143
-7.2327080314619 0.1142
-7.23279857720144 0.1141
-7.23290262817365 0.114
-7.23301451743148 0.1139
-7.23313179728973 0.1138
-7.23324729813673 0.1137
-7.23335335162663 0.1136
-7.23347247621732 0.1135
-7.23361936298338 0.1134
-7.23377681205664 0.1133
-7.23391967410798 0.1132
-7.23407049119507 0.1131
-7.23422639581088 0.113
-7.23438612299277 0.1129
-7.23453249057156 0.1128
-7.23467323919253 0.1127
-7.23478520782252 0.1126
-7.23490434628013 0.1125
-7.23501250376491 0.1124
-7.23512533424604 0.1123
-7.23522914957723 0.1122
-7.23532780059763 0.1121
-7.23540199361769 0.112
-7.23545977992898 0.1119
-7.23549538742917 0.1118
-7.23551843218638 0.1117
-7.2355441400676 0.1116
-7.23560629198435 0.1115
-7.2356417749958 0.1114
-7.23568079801588 0.1113
-7.23568382609788 0.1112
-7.23567953321938 0.1111
-7.23566946048715 0.111
-7.23564485666257 0.1109
-7.23562195155722 0.1108
-7.2355804282397 0.1107
-7.23555886003202 0.1106
-7.23552878529103 0.1105
-7.23550540523974 0.1104
-7.2354847521191 0.1103
-7.23547067486457 0.1102
-7.23545801594507 0.1101
-7.23545339997755 0.11
-7.23545640946424 0.1099
-7.2354735071048 0.1098
-7.23550814288311 0.1097
-7.23553148617575 0.1096
-7.23555657528319 0.1095
-7.23558620960999 0.1094
-7.23560153061825 0.1093
-7.23560946657458 0.1092
-7.23561261562966 0.1091
-7.23560320168205 0.109
-7.23556492000584 0.1089
-7.23550043161008 0.1088
-7.23541615986735 0.1087
-7.23531054444185 0.1086
-7.23517817321586 0.1085
-7.23502499177109 0.1084
-7.23486263919117 0.1083
-7.23468696521916 0.1082
-7.23450825543488 0.1081
-7.23433115059498 0.108
-7.23415487212824 0.1079
-7.23398506335286 0.1078
-7.2338365062574 0.1077
-7.23370248733861 0.1076
-7.2336037136182 0.1075
-7.23350336069739 0.1074
-7.23341496171904 0.1073
-7.23334815768737 0.1072
-7.23329140297574 0.1071
-7.23324716075345 0.107
-7.23320598976768 0.1069
-7.23317815385307 0.1068
-7.23315982419851 0.1067
-7.23313302183294 0.1066
-7.23311427947894 0.1065
-7.23310975563051 0.1064
-7.23310203855557 0.1063
-7.23309424369776 0.1062
-7.23309881776357 0.1061
-7.23310306733179 0.106
-7.23311980042507 0.1059
-7.23313446968869 0.1058
-7.23314515425854 0.1057
-7.2331513509979 0.1056
-7.23316608890643 0.1055
-7.23317967485596 0.1054
-7.23317461319128 0.1053
-7.23314336537728 0.1052
-7.23310861877669 0.1051
-7.2330577459204 0.105
-7.2330138061107 0.1049
-7.23296471773237 0.1048
-7.23292315877777 0.1047
-7.2328848947288 0.1046
-7.23285518727438 0.1045
-7.23282929121804 0.1044
-7.2328229063998 0.1043
-7.2328417885329 0.1042
-7.23287080593353 0.1041
-7.23293114027484 0.104
-7.23300453120229 0.1039
-7.2330997468933 0.1038
-7.23322188724317 0.1037
-7.23332832199927 0.1036
-7.2334465646946 0.1035
-7.23355788577431 0.1034
-7.23365520901093 0.1033
-7.23373990872416 0.1032
-7.23381588672236 0.1031
-7.23387441461568 0.103
-7.23392294694453 0.1029
-7.23396493407887 0.1028
-7.23399636855012 0.1027
-7.23402338010558 0.1026
-7.23403626574476 0.1025
-7.23404847658755 0.1024
-7.23406216360079 0.1023
-7.23410180350096 0.1022
-7.23415873065437 0.1021
-7.23423760900078 0.102
-7.23433885006927 0.1019
-7.23443774865297 0.1018
-7.23454330549913 0.1017
-7.23466267049666 0.1016
-7.23480235133194 0.1015
-7.23495431256426 0.1014
-7.23510405673411 0.1013
-7.23525557401797 0.1012
-7.23539900876111 0.1011
-7.23554240065004 0.101
-7.23569397184204 0.1009
-7.23583581088715 0.1008
-7.23596210060373 0.1007
-7.2360781530201 0.1006
-7.2361923409489 0.1005
-7.23629576282694 0.1004
-7.23640023561928 0.1003
-7.23649418530664 0.1002
-7.23657414349145 0.1001
-7.23662872781872 0.1
-7.23666672553019 0.0999
-7.23669574450264 0.0998
-7.2367334201466 0.0997
-7.23675369513427 0.0996
-7.23679456926295 0.0995
-7.23680734117662 0.0994
-7.23680519362145 0.0993000000000001
-7.23680442081703 0.0992
-7.23680501459896 0.0991
-7.2368020155416 0.099
-7.23679460822504 0.0989
-7.23677678511237 0.0988
-7.23675560026375 0.0987
-7.23672764934717 0.0986
-7.23671446328389 0.0985
-7.23669409501663 0.0984
-7.23665968229979 0.0983000000000001
-7.23664274920516 0.0982
-7.23664037710657 0.0981
-7.23663109658409 0.098
-7.23662417740398 0.0979
-7.23662996199198 0.0978
-7.23664050266921 0.0977
-7.23666178152603 0.0976
-7.23668864009052 0.0975
-7.23671002181338 0.0974
-7.23672400467921 0.0973000000000001
-7.23671400325781 0.0972
-7.2367030590598 0.0971
-7.23670124915785 0.097
-7.23670977155414 0.0969
-7.23670292787721 0.0968
-7.23671374300485 0.0967
-7.23672298194259 0.0966
-7.23674939465631 0.0965
-7.23678506160456 0.0964
-7.23681008517351 0.0963000000000001
-7.2368259226934 0.0962
-7.23683327168915 0.0961
-7.23683926310145 0.096
-7.23685250819206 0.0959
-7.23684951514452 0.0958
-7.23685129465063 0.0957
-7.23686351695011 0.0956
-7.23687799738342 0.0955
-7.23690234401266 0.0954
-7.2369331993357 0.0953000000000001
-7.2369745328791 0.0952
-7.23700766294718 0.0951
-7.2370337234071 0.095
-7.23707664100002 0.0949
-7.23711285026155 0.0948
-7.23714114781828 0.0947
-7.23714892922002 0.0946
-7.23714588975918 0.0945
-7.2371448886559 0.0944
-7.23714645316228 0.0943000000000001
-7.23712755621094 0.0942
-7.23708202315836 0.0941
-7.23704838541766 0.094
-7.23700623012058 0.0939
-7.23696310719683 0.0938
-7.23691769923188 0.0937
-7.23687022062588 0.0936
-7.23683772677141 0.0935
-7.23679217851189 0.0934
-7.23676615774854 0.0933
-7.23674794416652 0.0931999999999999
-7.23673605445864 0.0931
-7.23671333118331 0.093
-7.23669080660472 0.0929
-7.23666399009592 0.0928
-7.236645389287 0.0927
-7.23662532038163 0.0926
-7.23660497567688 0.0925
-7.23659568756953 0.0924
-7.23660034118974 0.0923
-7.23662558389094 0.0921999999999999
-7.23665193802008 0.0921
-7.23667667704086 0.092
-7.23670143683791 0.0919
-7.23672866207471 0.0918
-7.23673844076635 0.0917
-7.23673805239275 0.0916
-7.2367307086351 0.0915
-7.23671361950745 0.0914
-7.23669011011675 0.0913
-7.23665879452791 0.0911999999999999
-7.23661141970709 0.0911
-7.2365471139875 0.091
-7.23648058418596 0.0909
-7.23642788902819 0.0908
-7.23638798206959 0.0907
-7.23635580741522 0.0906
-7.23632163163242 0.0905
-7.23627893038113 0.0904
-7.23624164475935 0.0903
-7.23622374327528 0.0901999999999999
-7.23622305514425 0.0901
-7.23624394210534 0.09
-7.23627470812908 0.0899
-7.236307696339 0.0898
-7.2363370670489 0.0897
-7.23637586970535 0.0896
-7.23642542398842 0.0895
-7.23647360300495 0.0894
-7.23652673280807 0.0893
-7.23658815397863 0.0891999999999999
-7.23663710046591 0.0891
-7.23668845654582 0.089
-7.23673176725247 0.0889
-7.23677777664036 0.0888
-7.23682974574685 0.0887
-7.23686944120642 0.0886
-7.23691805536782 0.0885
-7.23696161912586 0.0884
-7.23700082347865 0.0883
-7.23703161281796 0.0881999999999999
-7.23706475672669 0.0881
-7.23710561168357 0.088
-7.23714988215469 0.0879
-7.23717090771605 0.0878
-7.23718344314131 0.0877
-7.23720467915279 0.0876
-7.23721227941101 0.0875
-7.2372283550665 0.0874
-7.23725293373409 0.0873
-7.23727240878017 0.0872000000000001
-7.23729134377209 0.0871
-7.23730646542728 0.087
-7.2373040443524 0.0869
-7.23730442098336 0.0868
-7.2372896058284 0.0867
-7.23724554650543 0.0866
-7.23718969517183 0.0865
-7.23714824111253 0.0864
-7.23711667698295 0.0863
-7.23706461570957 0.0862000000000001
-7.23702187407121 0.0861
-7.23700529196606 0.086
-7.23698459290446 0.0859
-7.23696102855455 0.0858
-7.23695629403681 0.0857
-7.23694205349323 0.0856
-7.23693312094141 0.0855
-7.23691641803455 0.0854
-7.23690053001841 0.0853
-7.23688390664578 0.0852000000000001
-7.23688328006521 0.0851
-7.23689439821317 0.085
-7.23690422717064 0.0849
-7.2369200294471 0.0848
-7.23695782383604 0.0847
-7.2369806209782 0.0846
-7.2369952467392 0.0845
-7.2370042353783 0.0844
-7.23699227917683 0.0843
-7.23697151019105 0.0842000000000001
-7.23695694347029 0.0841
-7.23692001210007 0.084
-7.2368857038336 0.0839
-7.23686173121469 0.0838
-7.23682961696892 0.0837
-7.23677797854324 0.0836
-7.23673527673033 0.0835
-7.23670299023547 0.0834
-7.23668957709485 0.0833
-7.2366893670553 0.0832000000000001
-7.23670443237821 0.0831
-7.23674261964144 0.083
-7.236805929349 0.0829
-7.23685946495491 0.0828
-7.2369049914869 0.0827
-7.23695574893264 0.0826
-7.23699468170769 0.0825
-7.23703078769511 0.0824
-7.23705567935701 0.0823
-7.23707869212488 0.0822000000000001
-7.23709997899311 0.0821
-7.23712277143797 0.082
-7.23712491863873 0.0819
-7.23711719295957 0.0818
-7.23709592793901 0.0817
-7.23706580875099 0.0816
-7.23701232879094 0.0815
-7.23694750050994 0.0814
-7.23688639250053 0.0813
-7.23683621159134 0.0812
-7.23679036395436 0.0810999999999999
-7.2367344680623 0.081
-7.23668749470977 0.0809
-7.23665264396053 0.0808
-7.23661629983938 0.0807
-7.23658994823756 0.0806
-7.23657522416914 0.0805
-7.23658324478313 0.0804
-7.23660291751378 0.0803
-7.2366357712469 0.0802
-7.23667979690614 0.0800999999999999
-7.23674875143201 0.08
-7.23681746313291 0.0799
-7.23690555046589 0.0798
-7.23699926534673 0.0797
-7.23709934093504 0.0796
-7.2372080530747 0.0795
-7.23731953654896 0.0794
-7.23742885926383 0.0793
-7.23753067522506 0.0792
-7.23761278939536 0.0790999999999999
-7.23767695195196 0.079
-7.2377194879402 0.0789
-7.23774503640361 0.0788
-7.23773983200903 0.0787
-7.23772011329602 0.0786
-7.23767523716312 0.0785
-7.23761329442724 0.0784
-7.23753866617836 0.0783
-7.23746166890302 0.0782
-7.23738473916346 0.0780999999999999
-7.23731831418246 0.078
-7.23726245966284 0.0779
-7.23720909778194 0.0778
-7.23717474018125 0.0777
-7.23715675687959 0.0776
-7.23717702116106 0.0775
-7.23720414765241 0.0774
-7.23723890797577 0.0773
-7.2372901418911 0.0772
-7.23733261583857 0.0770999999999999
-7.23738769181171 0.077
-7.23743330644034 0.0769
-7.2374853540423 0.0768
-7.23754796768003 0.0767
-7.23758927772365 0.0766
-7.23762563310896 0.0765
-7.23764612071498 0.0764
-7.23764383390204 0.0763
-7.23763394425529 0.0762
-7.23761364036357 0.0760999999999999
-7.23758206655353 0.076
-7.23752490328853 0.0759
-7.23744940058268 0.0758
-7.23734820781816 0.0757
-7.23724049945501 0.0756
-7.23711890328662 0.0755
-7.23699047821308 0.0754
-7.23687347539855 0.0753
-7.23675463458083 0.0752
-7.23665043440193 0.0750999999999999
-7.23656127925537 0.075
-7.23648194226051 0.0749
-7.23639817188443 0.0748
-7.23633318106288 0.0747
-7.23628902545593 0.0746
-7.23625350364261 0.0745
-7.23625269377563 0.0744
-7.23628571521656 0.0743
-7.23633897792346 0.0742
-7.2364118892471 0.0741000000000001
-7.23649200739955 0.074
-7.23659451993435 0.0739
-7.23669868426253 0.0738
-7.23680602235074 0.0737
-7.2369324707729 0.0736
-7.23707028582056 0.0735
-7.23721299078886 0.0734
-7.23737055369703 0.0733
-7.23752891971812 0.0732
-7.23767291590672 0.0731000000000001
-7.2378045246646 0.073
-7.23794082091945 0.0729
-7.23806223997257 0.0728
-7.23815964937605 0.0727
-7.23822788728144 0.0726
-7.23827902037951 0.0725
-7.23830792322417 0.0724
-7.23830112739723 0.0723
-7.2382573642961 0.0722
-7.23820229873313 0.0721000000000001
-7.23814792240146 0.072
-7.23808699925541 0.0719
-7.23802674488194 0.0718
-7.23796895488449 0.0717
-7.23791468345705 0.0716
-7.23787351492018 0.0715
-7.23784201613701 0.0714
-7.23782244654185 0.0713
-7.23781438068026 0.0712
-7.23782111938864 0.0711000000000001
-7.23785141143256 0.071
-7.23790742816892 0.0709
-7.23797116690777 0.0708
-7.2380361412141 0.0707
-7.2381066071933 0.0706
-7.23817456609571 0.0705
-7.23824088379655 0.0704
-7.23832057436638 0.0703
-7.23841888999746 0.0702
-7.23852708752918 0.0701000000000001
-7.23863643075052 0.07
-7.23874389232881 0.0699
-7.23885396422612 0.0698
-7.23894607650948 0.0697
-7.2390367267755 0.0696
-7.23913160420495 0.0695
-7.23921165165846 0.0694
-7.23927874306836 0.0693
-7.23931402172449 0.0692
-7.23935608329091 0.0691000000000001
-7.23940521411926 0.069
-7.23946313905089 0.0689
-7.23950847469453 0.0688
-7.23955411577158 0.0687
-7.23960489122321 0.0686
-7.23962933397627 0.0685
-7.23965145867876 0.0684
-7.23967484393611 0.0683
-7.23971526280144 0.0682
-7.23977379878339 0.0681
-7.23983513738512 0.0679999999999999
-7.23989369593832 0.0679
-7.23994723138558 0.0678
-7.24000353228798 0.0677
-7.24004856986361 0.0676
-7.24010803305258 0.0675
-7.24016861578444 0.0674
-7.24023721567899 0.0673
-7.24029654562727 0.0672
-7.2403627288688 0.0671
-7.2404484315001 0.0669999999999999
-7.24053242716112 0.0669
-7.2406175850445 0.0668
-7.24069535834161 0.0667
-7.24077209768404 0.0666
-7.2408442964569 0.0665
-7.24092677889867 0.0664
-7.24100047055758 0.0663
-7.24108229544867 0.0662
-7.24114649825722 0.0661
-7.24118651909182 0.0659999999999999
-7.24122178424016 0.0659
-7.24125522380613 0.0658
-7.24127232409779 0.0657
-7.24129066057907 0.0656
-7.2412913287419 0.0655
-7.24131401169209 0.0654
-7.24132906229798 0.0653
-7.24134170725943 0.0652
-7.24134978260496 0.0651
-7.24134246333731 0.0649999999999999
-7.24134362509302 0.0649
-7.24133585845459 0.0648
-7.24133861574605 0.0647
-7.24134199337627 0.0646
-7.24133734271988 0.0645
-7.24132657677353 0.0644
-7.24130975891927 0.0643
-7.2412946240735 0.0642
-7.2412908223277 0.0641
-7.24126132699419 0.0639999999999999
-7.24122891269632 0.0639
-7.24120840025515 0.0638
-7.24120081633445 0.0637
-7.24119349655148 0.0636
-7.24119542023683 0.0635
-7.24120739318152 0.0634
-7.24123461793324 0.0633
-7.24125981609649 0.0632
-7.24130444606526 0.0631
-7.24136169896121 0.0629999999999999
-7.2414158847012 0.0629
-7.24148452481706 0.0628
-7.24155273608327 0.0627
-7.24161468260489 0.0626
-7.24167554058768 0.0625
-7.24171448278784 0.0624
-7.24174339704097 0.0623
-7.24176009232801 0.0622
-7.24176473274645 0.0621
-7.24175418060461 0.0620000000000001
-7.24173673140583 0.0619
-7.24172512313997 0.0618
-7.24170120049573 0.0617
-7.24167971100338 0.0616
-7.24163011991599 0.0615
-7.2416016598067 0.0614
-7.24155756147076 0.0613
-7.24154115594542 0.0612
-7.2415221619172 0.0611
-7.24150345881279 0.0610000000000001
-7.24148335993263 0.0609
-7.24146527272207 0.0608
-7.24145084656624 0.0607
-7.24145354088535 0.0606
-7.24148219354017 0.0605
-7.24152235474742 0.0604
-7.24158588334072 0.0603
-7.24166225730537 0.0602
-7.24174538443228 0.0601
-7.24181235761183 0.0600000000000001
-7.24189485953928 0.0599
-7.24197509572903 0.0598
-7.24205899988179 0.0597
-7.24213781049359 0.0596
-7.2422055712979 0.0595
-7.24225314521497 0.0594
-7.24229494555284 0.0593
-7.24234554286102 0.0592
-7.24237840349989 0.0591
-7.24238563911632 0.0590000000000001
-7.2423619523856 0.0589
-7.24230847985613 0.0588
-7.24222707997792 0.0587
-7.24212605654346 0.0586
-7.2420253665872 0.0585
-7.241921435797 0.0584
-7.24181862439552 0.0583
-7.24170055359432 0.0582
-7.24158117982157 0.0581
-7.24144738519597 0.0580000000000001
-7.24130539869298 0.0579
-7.24117898473848 0.0578
-7.24105989450243 0.0577
-7.24095108631305 0.0576
-7.24085713239187 0.0575
-7.24077521703031 0.0574
-7.24072123649112 0.0573
-7.24068733144551 0.0572
-7.24066417013449 0.0571
-7.24065250100159 0.0570000000000001
-7.24065640788856 0.0569
-7.24069157434765 0.0568
-7.24073262586316 0.0567
-7.24077851490122 0.0566
-7.24085193547138 0.0565
-7.24093623037682 0.0564
-7.24103368729067 0.0563
-7.24111427645401 0.0562
-7.2412137064119 0.0561
-7.24131221706652 0.056
-7.24141436842324 0.0558999999999999
-7.24151364569163 0.0558
-7.24158533648851 0.0557
-7.24164268301837 0.0556
-7.24168490462058 0.0555
-7.24173457598006 0.0554
-7.24178425893234 0.0553
-7.24181897100853 0.0552
-7.24185850915587 0.0551
-7.24187648919752 0.055
-7.24188983943306 0.0548999999999999
-7.24187594475 0.0548
-7.24185043159813 0.0547
-7.24182068319119 0.0546
-7.24177859251203 0.0545
-7.24172852782931 0.0544
-7.24167708772735 0.0543
-7.2416262993646 0.0542
-7.24158234223887 0.0541
-7.24152514543968 0.054
-7.2414646416323 0.0538999999999999
-7.24141436770207 0.0538
-7.24135784529678 0.0537
-7.24132250225244 0.0536
-7.24130646037461 0.0535
-7.24131939459117 0.0534
-7.24132135438885 0.0533
-7.24130871405722 0.0532
-7.24130676361576 0.0531
-7.24131114056697 0.053
-7.24129474040787 0.0528999999999999
-7.24128327973917 0.0528
-7.24126951206317 0.0527
-7.24124290761898 0.0526
-7.2411953985622 0.0525
-7.24115644975315 0.0524
-7.2411280440184 0.0523
-7.24109044814924 0.0522
-7.24103641218203 0.0521
-7.24097689778444 0.052
-7.24091682024893 0.0518999999999999
-7.24087228849492 0.0518
-7.24083484911554 0.0517
-7.24080430218554 0.0516
-7.24079327178952 0.0515
-7.24079882023499 0.0514
-7.24083881290452 0.0513
-7.24089678163237 0.0512
-7.24096566401259 0.0511
-7.24105839348982 0.051
-7.24117716955767 0.0508999999999999
-7.24130290320487 0.0508
-7.24142803175499 0.0507
-7.24154848745123 0.0506
-7.24169777986398 0.0505
-7.24185633781554 0.0504
-7.24201436552549 0.0503
-7.24218585210415 0.0502
-7.24236883768618 0.0501
-7.24255005154455 0.05
-7.24273791176848 0.0499000000000001
-7.24293051387139 0.0498
-7.24312520962851 0.0497
-7.24328419782266 0.0496
-7.24341244792394 0.0495
-7.24353206097175 0.0494
-7.24362965972518 0.0493
-7.24371615828512 0.0492
-7.24378942866142 0.0491
-7.24385654819413 0.049
-7.24392523483903 0.0489000000000001
-7.24397583852041 0.0488
-7.24402867107256 0.0487
-7.24408720726864 0.0486
-7.24414594299124 0.0485
-7.24421755095098 0.0484
-7.24427927457864 0.0483
-7.24433155129794 0.0482
-7.24438534674042 0.0481
-7.24441462729441 0.048
-7.2444392894213 0.0479000000000001
-7.24444573345854 0.0478
-7.24444856360635 0.0477
-7.24444867107522 0.0476
-7.24445645946464 0.0475
-7.24447036470602 0.0474
-7.24449118716665 0.0473
-7.24453618057223 0.0472
-7.24459987239339 0.0471
-7.24465297074884 0.047
-7.24470590949123 0.0469000000000001
-7.24473604289506 0.0468
-7.24474421666475 0.0467
-7.24474008181507 0.0466
-7.2447216655865 0.0465
-7.24467322367494 0.0464
-7.2446355965165 0.0463
-7.2445980566895 0.0462
-7.24454961586096 0.0461
-7.24448938226283 0.046
-7.24440778033704 0.0459000000000001
-7.24432568802249 0.0458
-7.24424112304019 0.0457
-7.24414504372869 0.0456
-7.24404428091529 0.0455
-7.24394548938443 0.0454
-7.24384248264274 0.0453
-7.24373915879912 0.0452
-7.2436352204748 0.0451
-7.24353184834495 0.045
-7.24340212948746 0.0449000000000001
-7.24327024638683 0.0448
-7.24313842663679 0.0447
-7.24301353994261 0.0446
-7.24287419561629 0.0445
-7.24273943277587 0.0444
-7.24261074906451 0.0443
-7.2425098271437 0.0442
-7.24241711523519 0.0441
-7.24234256985936 0.044
-7.24226128187525 0.0439000000000001
-7.24219706095991 0.0438
-7.24213624920327 0.0437
-7.24208592635351 0.0436
-7.24205253522632 0.0435
-7.24202157401678 0.0434
-7.24200328382485 0.0433
-7.24197542004993 0.0432
-7.24193918390666 0.0431
-7.24191982578701 0.043
-7.24190461443274 0.0429
-7.24188293403019 0.0427999999999999
-7.2418498500137 0.0427
-7.24181485021207 0.0426
-7.24177745511814 0.0425
-7.24173533628601 0.0424
-7.24167744525759 0.0423
-7.24161762724282 0.0422
-7.24156412751923 0.0421
-7.24150205584448 0.042
-7.24142681820058 0.0419
-7.24134327016055 0.0417999999999999
-7.24125113483549 0.0417
-7.24116908745445 0.0416
-7.24108556849406 0.0415
-7.24100464367659 0.0414
-7.24093942603506 0.0413
-7.24087583223413 0.0412
-7.24082398548594 0.0411
-7.24080177719378 0.041
-7.24076690384383 0.0409
-7.24074191903621 0.0407999999999999
-7.24070979925105 0.0407
-7.24069028345093 0.0406
-7.24068004433985 0.0405
-7.24066677503056 0.0404
-7.24065152425658 0.0403
-7.24063888552518 0.0402
-7.24062288356422 0.0401
-7.24060342157288 0.04
-7.24060108388871 0.0399
-7.24058598414541 0.0397999999999999
-7.24058504402975 0.0397
-7.24057363944722 0.0396
-7.2405718337307 0.0395
-7.2405724103266 0.0394
-7.24058178203725 0.0393
-7.24059034695939 0.0392
-7.24061503986199 0.0391
-7.2406505992404 0.039
-7.24068552473267 0.0389
-7.24071418134397 0.0387999999999999
-7.24073149130849 0.0387
-7.24078108357002 0.0386
-7.24081935097556 0.0385
-7.24086788620284 0.0384
-7.24091049377563 0.0383
-7.24096092484025 0.0382
-7.24101168409119 0.0381
-7.24104619063258 0.038
-7.24109271962247 0.0379
-7.24115482120325 0.0377999999999999
-7.24122713144384 0.0377
-7.24130742758888 0.0376
-7.24141007380172 0.0375
-7.24150644390342 0.0374
-7.24160741003965 0.0373
-7.24170143100118 0.0372
-7.24181003386068 0.0371
-7.24190531131599 0.037
-7.24200734531518 0.0369
-7.24211097881621 0.0368000000000001
-7.24222310292586 0.0367
-7.24232938916558 0.0366
-7.24240824666056 0.0365
-7.24246838019123 0.0364
-7.24252163125166 0.0363
-7.24255937674934 0.0362
-7.24256949203129 0.0361
-7.24256488461086 0.036
-7.24254392810973 0.0359
-7.24250419062425 0.0358000000000001
-7.24245009972165 0.0357
-7.24240799844347 0.0356
-7.242371592706 0.0355
-7.24234368942538 0.0354
-7.24233025098226 0.0353
-7.24232354251945 0.0352
-7.24232495802788 0.0351
-7.24231203055234 0.035
-7.24229063329783 0.0349
-7.24228087584079 0.0348000000000001
-7.24227261877845 0.0347
-7.24228192332467 0.0346
-7.24228681321496 0.0345
-7.24229706111659 0.0344
-7.24232679554687 0.0343
-7.24236523690137 0.0342
-7.24241496707464 0.0341
-7.24245950003331 0.034
-7.24248116721787 0.0339
-7.24249867354147 0.0338000000000001
-7.24251255320749 0.0337
-7.24252377290285 0.0336
-7.24255000408946 0.0335
-7.24258782311282 0.0334
-7.2426571896411 0.0333
-7.24275147700189 0.0332
-7.24283870767843 0.0331
-7.24293485122292 0.033
-7.24304546837724 0.0329
-7.24315987460159 0.0328000000000001
-7.24328695078275 0.0327
-7.24340998974718 0.0326
-7.24354548099339 0.0325
-7.24369815275898 0.0324
-7.24383859980735 0.0323
-7.24396418247637 0.0322
-7.24408707305999 0.0321
-7.24420953866123 0.032
-7.24431245081909 0.0319
-7.24440533905085 0.0318000000000001
-7.24450521348695 0.0317
-7.24458108770223 0.0316
-7.24464871540533 0.0315
-7.24473273259877 0.0314
-7.24480396236942 0.0313
-7.24485213431197 0.0312
-7.24488986713856 0.0311
-7.24490620912783 0.031
-7.24489685032628 0.0309
-7.24486076220452 0.0308
-7.24480441483089 0.0306999999999999
-7.24475282225021 0.0306
-7.24470919774788 0.0305
-7.2446810924729 0.0304
-7.24464221286163 0.0303
-7.24460661776681 0.0302
-7.2445681528358 0.0301
-7.24453684535216 0.03
-7.24451796066217 0.0299
-7.24450083710105 0.0298
-7.24448321382395 0.0296999999999999
-7.24447932458087 0.0296
-7.24448205454111 0.0295
-7.24449551845693 0.0294
-7.24452604889115 0.0293
-7.244576362529 0.0292
-7.24465594161647 0.0291
-7.24473691286786 0.029
-7.24482699747516 0.0289
-7.24489612226917 0.0288
-7.24496348235428 0.0286999999999999
-7.24502743369405 0.0286
-7.24509678041856 0.0285
-7.24516735220006 0.0284
-7.24521895376742 0.0283
-7.24526937931869 0.0282
-7.24529648854888 0.0281
-7.2452995982279 0.028
-7.24527838520607 0.0279
-7.24524610794921 0.0278
-7.24519412766914 0.0276999999999999
-7.24510758952553 0.0276
-7.24499761920786 0.0275
-7.24487107593773 0.0274
-7.24472640278156 0.0273
-7.24456784668254 0.0272
-7.24439706116025 0.0271
-7.24421369057746 0.027
-7.24402415030484 0.0269
-7.24382985802227 0.0268
-7.24364314328566 0.0266999999999999
-7.24345452909419 0.0266
-7.24326260841394 0.0265
-7.24309768345194 0.0264
-7.24295576104406 0.0263
-7.24281874943461 0.0262
-7.242692825766 0.0261
-7.2425801024247 0.026
-7.24247895958851 0.0259
-7.2423777384335 0.0258
-7.24229595828265 0.0256999999999999
-7.24222942031381 0.0256
-7.24217138965546 0.0255
-7.24212801498844 0.0254
-7.24210645765416 0.0253
-7.24210402337718 0.0252
-7.24212908983415 0.0251
-7.24216721814464 0.025
-7.24222092056867 0.0249
-7.24229760750887 0.0248
-7.24237242872509 0.0247000000000001
-7.24246434610587 0.0246
-7.24255571971498 0.0245
-7.24263774015809 0.0244
-7.24272740687403 0.0243
-7.24281892159466 0.0242
-7.24289860622188 0.0241
-7.24297703560632 0.024
-7.24305345354729 0.0239
-7.24311515924144 0.0238
-7.24317632144226 0.0237000000000001
-7.24324674250765 0.0236
-7.24330606887374 0.0235
-7.24335826118578 0.0234
-7.24340203998106 0.0233
-7.24344875462405 0.0232
-7.24349114722099 0.0231
-7.24351424895859 0.023
-7.24351390109576 0.0229
-7.24352988122884 0.0228
-7.24353178594063 0.0227000000000001
-7.24352695484016 0.0226
-7.24351741222432 0.0225
-7.24350468010216 0.0224
-7.24349455554213 0.0223
-7.24349380040712 0.0222
-7.24350982730281 0.0221
-7.2435197212887 0.022
-7.24353828937124 0.0219
-7.24356275952528 0.0218
-7.24358378964571 0.0217000000000001
-7.24361544361438 0.0216
-7.24364502806965 0.0215
-7.24368824329322 0.0214
-7.24375292329353 0.0213
-7.24381994860635 0.0212
-7.24389379727993 0.0211
-7.24396351118496 0.021
-7.24404160616224 0.0209
-7.24413128724182 0.0208
-7.24422568817261 0.0207000000000001
-7.24431898473317 0.0206
-7.24441642309038 0.0205
-7.24450276650546 0.0204
-7.24458730091548 0.0203
-7.2446738410954 0.0202
-7.24474854425063 0.0201
-7.244818241919 0.02
-7.24489139990127 0.0199
-7.24496878803525 0.0198
-7.24503485619068 0.0197000000000001
-7.24508604790582 0.0196
-7.24510800861359 0.0195
-7.24512885063946 0.0194
-7.24511615260087 0.0193
-7.24509963052208 0.0192
-7.24509901898889 0.0191
-7.24510993570593 0.019
-7.24511048181252 0.0189
-7.24511737028748 0.0188
-7.24511780148566 0.0187
-7.24511632320853 0.0185999999999999
-7.24511409365649 0.0185
-7.24511558044716 0.0184
-7.24513399604557 0.0183
-7.24514104379302 0.0182
-7.24514679057705 0.0181
-7.24514683259127 0.018
-7.24514545992815 0.0179
-7.24516381914107 0.0178
-7.24520146985698 0.0177
-7.24524811567366 0.0175999999999999
-7.2453182932729 0.0175
-7.24539529322602 0.0174
-7.24548248478277 0.0173
-7.24560405334822 0.0172
-7.24572492376915 0.0171
-7.24583259192631 0.017
-7.24593349188062 0.0169
-7.24603314903879 0.0168
-7.24612912761795 0.0167
-7.24621229810148 0.0165999999999999
-7.24629443488378 0.0165
-7.24637208809247 0.0164
-7.24642608182491 0.0163
-7.24647337815461 0.0162
-7.24649712573591 0.0161
-7.24648823826415 0.016
-7.2464713922504 0.0159
-7.24642270392319 0.0158
-7.24635482841466 0.0157
-7.24627278730306 0.0155999999999999
-7.24616907336603 0.0155
-7.24606099522959 0.0154
-7.24594901401643 0.0153
-7.24583966468364 0.0152
-7.24572972365337 0.0151
-7.24563760554508 0.015
-7.24553340912431 0.0149
-7.2454496384806 0.0148
-7.24536769225347 0.0147
-7.24529803439288 0.0145999999999999
-7.24523660563554 0.0145
-7.24519125266618 0.0144
-7.24516136761158 0.0143
-7.24514132681084 0.0142
-7.24513669357199 0.0141
-7.24514564798442 0.014
-7.24515385301965 0.0139
-7.24516022443814 0.0138
-7.24516001880776 0.0137
-7.24514032294343 0.0135999999999999
-7.245123347263 0.0135
-7.2450905594837 0.0134
-7.2450613515841 0.0133
-7.24501015411838 0.0132
-7.24497896738759 0.0131
-7.24493718234151 0.013
-7.24486918233657 0.0129
-7.24478231957023 0.0128
-7.24468679938996 0.0127
-7.24459893225063 0.0125999999999999
-7.24450519166269 0.0125
-7.24442004987573 0.0124
-7.24433513919697 0.0123
-7.24426611808483 0.0122
-7.24419357804097 0.0121
-7.24412602998831 0.012
-7.24406032841444 0.0119
-7.24399061135711 0.0118
-7.24391910996299 0.0117
-7.24383830059492 0.0116000000000001
-7.24376750857795 0.0115
-7.24369887262746 0.0114
-7.24364060846249 0.0113
-7.24358331996187 0.0112
-7.24352765079001 0.0111
-7.24349021151477 0.011
-7.24347011879171 0.0109
-7.24345509825365 0.0108
-7.24343567105778 0.0107
-7.24342344811429 0.0106000000000001
-7.24342953374743 0.0105
-7.24341894690024 0.0104
-7.24341056941003 0.0103
-7.24343693420312 0.0102
-7.24347489617437 0.0101
-7.24351186692142 0.01
-7.2435737771828 0.00990000000000002
-7.24362786546267 0.00980000000000003
-7.24370381085544 0.00970000000000004
-7.2437905367002 0.00960000000000005
-7.24389102906524 0.00949999999999995
-7.24398850595957 0.00939999999999996
-7.24409058427165 0.00929999999999997
-7.24417615491281 0.00919999999999999
-7.24429732396542 0.0091
-7.24442750432069 0.00900000000000001
-7.24456015890883 0.00890000000000002
-7.24468378085256 0.00880000000000003
-7.24479115152778 0.00870000000000004
-7.24490138237423 0.00860000000000005
-7.245021204638 0.00849999999999995
-7.24512764994827 0.00839999999999996
-7.24522305568397 0.00829999999999997
-7.24531090199349 0.00819999999999999
-7.24538594311569 0.0081
-7.24543091927526 0.00800000000000001
-7.24545370656494 0.00790000000000002
-7.24548321876419 0.00780000000000003
-7.24552272510195 0.00770000000000004
-7.24554462101023 0.00760000000000005
-7.24557360547438 0.00749999999999995
-7.24558906547963 0.00739999999999996
-7.2456134143665 0.00729999999999997
-7.24563674161122 0.00719999999999998
-7.24566947925537 0.0071
-7.24570366695747 0.00700000000000001
-7.24577044304085 0.00690000000000002
-7.24585092294268 0.00680000000000003
-7.24593950630333 0.00670000000000004
-7.24602930815596 0.00660000000000005
-7.24613242468701 0.00649999999999995
-7.24624231461828 0.00639999999999996
-7.24636593280023 0.00629999999999997
-7.24650119831261 0.00619999999999998
-7.24661812987596 0.00609999999999999
-7.24673665116064 0.00600000000000001
-7.24684740562228 0.00590000000000002
-7.24694576982681 0.00580000000000003
-7.24703497759128 0.00570000000000004
-7.24712225987572 0.00560000000000005
-7.24718864210467 0.00549999999999995
-7.24724403446769 0.00539999999999996
-7.24728378751769 0.00529999999999997
-7.24733472701494 0.00519999999999998
-7.24736657879083 0.00509999999999999
-7.2473785398087 0.005
-7.2473703114157 0.00490000000000002
-7.24734725034155 0.00480000000000003
-7.24732894732724 0.00470000000000004
-7.24732581182769 0.00460000000000005
-7.2473044585523 0.00449999999999995
-7.24728951384243 0.00439999999999996
-7.24728566850773 0.00429999999999997
-7.24729079906671 0.00419999999999998
-7.24730000972358 0.00409999999999999
-7.24731405880427 0.004
-7.2473454918856 0.00390000000000001
-7.24738686081955 0.00380000000000003
-7.24743424532804 0.00370000000000004
-7.24749402427847 0.00360000000000005
-7.2475412565701 0.00349999999999995
-7.24759873279401 0.00339999999999996
-7.24765456167428 0.00329999999999997
-7.24773443762109 0.00319999999999998
-7.24782009381452 0.00309999999999999
-7.24789398843582 0.003
-7.24795515894586 0.00290000000000001
-7.24800568361255 0.00280000000000002
-7.24803919877981 0.00270000000000004
-7.24805571546944 0.00260000000000005
-7.2480639873849 0.00249999999999995
-7.24807197994815 0.00239999999999996
-7.24807085344656 0.00229999999999997
-7.24808129130684 0.00219999999999998
-7.24808197610959 0.00209999999999999
-7.24808101674384 0.002
-7.24809613823391 0.00190000000000001
-7.2481009878811 0.00180000000000002
-7.24811152457829 0.00170000000000003
-7.24813408051365 0.00160000000000005
-7.2481705213275 0.00149999999999995
-7.24822083631998 0.00139999999999996
-7.24828237829173 0.00129999999999997
-7.24835389347509 0.00119999999999998
-7.24844188248141 0.00109999999999999
-7.24854790824371 0.001
-7.24865655425029 0.000900000000000012
-7.24879025745319 0.000800000000000023
-7.24893872752192 0.000700000000000034
-7.24909673419636 0.000600000000000045
-7.24927078093636 0.000499999999999945
-7.24946830014651 0.000399999999999956
-7.24968730219918 0.000299999999999967
-7.24990810629818 0.000199999999999978
-7.25015082844449 9.9999999999989e-05
-7.25037216532004 0
