# Fix print output for fix f5
-7.02733644660976 1
-7.02759958929835 0.9999
-7.02786160449452 0.9998
-7.02811173082224 0.9997
-7.02834594729073 0.9996
-7.02855222348895 0.9995
-7.02875329187897 0.9994
-7.02892974631529 0.9993
-7.02910960982326 0.9992
-7.02927737861999 0.9991
-7.02942769533054 0.999
-7.02954961058316 0.9989
-7.02964532521491 0.9988
-7.0297371195582 0.9987
-7.02981682176035 0.9986
-7.02985221388395 0.9985
-7.02987563652656 0.9984
-7.02986684854713 0.9983
-7.02981140483915 0.9982
-7.02969799507592 0.9981
-7.02954291760046 0.998
-7.02936540308832 0.9979
-7.02918298721127 0.9978
-7.02897829779693 0.9977
-7.02877479499712 0.9976
-7.02855617128478 0.9975
-7.0283594626068 0.9974
-7.02815979587535 0.9973
-7.02792716244995 0.9972
-7.02771672150383 0.9971
-7.02751435515197 0.997
-7.02732564660365 0.9969
-7.02713031021859 0.9968
-7.02696363614632 0.9967
-7.02679880366673 0.9966
-7.02665679881496 0.9965
-7.02652650192264 0.9964
-7.0264277656953 0.9963
-7.02635676576113 0.9962
-7.02632821037322 0.9961
-7.02633879947684 0.996
-7.02640190874682 0.9959
-7.02648677935232 0.9958
-7.02657935662022 0.9957
-7.0266698273111 0.9956
-7.02677776955589 0.9955
-7.02690518302146 0.9954
-7.02701921847012 0.9953
-7.02717545359766 0.9952
-7.02735453715367 0.9951
-7.0275243318469 0.995
-7.0277201890166 0.9949
-7.02791211787934 0.9948
-7.02809906338834 0.9947
-7.02829268869501 0.9946
-7.02849602193056 0.9945
-7.02866468253693 0.9944
-7.0288604987104 0.9943
-7.02906666839332 0.9942
-7.02927890052066 0.9941
-7.02947790155727 0.994
-7.02967668099941 0.9939
-7.02985056320933 0.9938
-7.02997599647943 0.9937
-7.03010461784791 0.9936
-7.03020681575114 0.9935
-7.03030892179378 0.9934
-7.03036614816741 0.9933
-7.03043509994642 0.9932
-7.03048948958373 0.9931
-7.03055492007569 0.993
-7.03060792786272 0.9929
-7.03061386119109 0.9928
-7.03058970078198 0.9927
-7.03056424958161 0.9926
-7.03049045359974 0.9925
-7.03038892557691 0.9924
-7.03027319384084 0.9923
-7.0301619265487 0.9922
-7.03005233062539 0.9921
-7.02994827956632 0.992
-7.02983064708808 0.9919
-7.02971174917706 0.9918
-7.02956814456737 0.9917
-7.02942469044175 0.9916
-7.02931217078733 0.9915
-7.02922710189019 0.9914
-7.02913658878843 0.9913
-7.02903181435742 0.9912
-7.02892803149197 0.9911
-7.02883132346115 0.991
-7.02874047261637 0.9909
-7.02869700369808 0.9908
-7.02868851133768 0.9907
-7.02869452117295 0.9906
-7.02871275896402 0.9905
-7.02872722570458 0.9904
-7.02874642967339 0.9903
-7.02876447050905 0.9902
-7.02882131638129 0.9901
-7.02888520581656 0.99
-7.02895567688054 0.9899
-7.02907810673005 0.9898
-7.02921015588227 0.9897
-7.02933489186072 0.9896
-7.02945443076412 0.9895
-7.0295566971778 0.9894
-7.02964154044524 0.9893
-7.02970531814364 0.9892
-7.02978618094766 0.9891
-7.02986446318704 0.989
-7.02993468702886 0.9889
-7.02999735982019 0.9888
-7.03004932004803 0.9887
-7.03010479315227 0.9886
-7.03014865341248 0.9885
-7.03020784031558 0.9884
-7.03025568180685 0.9883
-7.03029954025686 0.9882
-7.03033477744479 0.9881
-7.03034933569212 0.988
-7.03037964544025 0.9879
-7.03041422573671 0.9878
-7.03042211509484 0.9877
-7.03045319024223 0.9876
-7.03047738397882 0.9875
-7.03047516504144 0.9874
-7.03046954121406 0.9873
-7.0304342450689 0.9872
-7.03036301750604 0.9871
-7.03030719202415 0.987
-7.03023389781559 0.9869
-7.03012963433438 0.9868
-7.02999253561439 0.9867
-7.02984178106332 0.9866
-7.02971780549043 0.9865
-7.02959630650942 0.9864
-7.02949510171286 0.9863
-7.02941041944006 0.9862
-7.02931545215371 0.9861
-7.02923030239233 0.986
-7.02917599329367 0.9859
-7.02913925550815 0.9858
-7.02912371759611 0.9857
-7.02911974776804 0.9856
-7.02910783793285 0.9855
-7.02908772537612 0.9854
-7.02907616117378 0.9853
-7.02909571648015 0.9852
-7.0291194627285 0.9851
-7.02915503969864 0.985
-7.02916854947399 0.9849
-7.02919108209939 0.9848
-7.02926464306045 0.9847
-7.02933983610464 0.9846
-7.02942091234573 0.9845
-7.02952214987838 0.9844
-7.02962126022554 0.9843
-7.02971877788203 0.9842
-7.02980893789626 0.9841
-7.02991522478243 0.984
-7.0300431584987 0.9839
-7.0301781583169 0.9838
-7.03033383877623 0.9837
-7.03048289371483 0.9836
-7.03065485618429 0.9835
-7.03082137423003 0.9834
-7.03096981142323 0.9833
-7.03112584874703 0.9832
-7.03129220047891 0.9831
-7.03148909596547 0.983
-7.03168331469447 0.9829
-7.03189643753251 0.9828
-7.032126036847 0.9827
-7.03233668744165 0.9826
-7.03256538993394 0.9825
-7.03276897884932 0.9824
-7.03295790336664 0.9823
-7.0331402564598 0.9822
-7.03332272915836 0.9821
-7.03349928083782 0.982
-7.03369251327346 0.9819
-7.0338643804559 0.9818
-7.03403582167161 0.9817
-7.03415840903851 0.9816
-7.03424150348251 0.9815
-7.03434836315065 0.9814
-7.03441202273103 0.9813
-7.03446292277041 0.9812
-7.03450339729109 0.9811
-7.03450136900965 0.981
-7.03446256112609 0.9809
-7.03439671780725 0.9808
-7.03432430718984 0.9807
-7.03422480359874 0.9806
-7.03409729399754 0.9805
-7.03392799269592 0.9804
-7.03372438375662 0.9803
-7.03352064536171 0.9802
-7.03333597434762 0.9801
-7.03315451762955 0.98
-7.03298015564204 0.9799
-7.03282904068723 0.9798
-7.03271101734674 0.9797
-7.0326028679689 0.9796
-7.03252011765908 0.9795
-7.03246223043298 0.9794
-7.0324347948886 0.9793
-7.03241150303012 0.9792
-7.0324249312213 0.9791
-7.03248940654685 0.979
-7.03257184300269 0.9789
-7.03268283109574 0.9788
-7.03283279162833 0.9787
-7.03300786133613 0.9786
-7.03320156274026 0.9785
-7.03337456174598 0.9784
-7.03355824219343 0.9783
-7.03378032799335 0.9782
-7.03401875500546 0.9781
-7.03423307252745 0.978
-7.03445422602751 0.9779
-7.03466444848065 0.9778
-7.03484749479606 0.9777
-7.03502086268657 0.9776
-7.03519629539988 0.9775
-7.03534874735547 0.9774
-7.03546306997707 0.9773
-7.03554351257474 0.9772
-7.03558812141814 0.9771
-7.03561847571184 0.977
-7.035608702209 0.9769
-7.0355786937841 0.9768
-7.03550275946109 0.9767
-7.03542239951653 0.9766
-7.0353307611696 0.9765
-7.03520669390674 0.9764
-7.03504822753712 0.9763
-7.03483525120312 0.9762
-7.03459575566792 0.9761
-7.0343366023274 0.976
-7.03404461294603 0.9759
-7.03373532040864 0.9758
-7.03341561194053 0.9757
-7.03308328268313 0.9756
-7.03274196937507 0.9755
-7.03243024737755 0.9754
-7.03214939275719 0.9753
-7.03192266636163 0.9752
-7.03169973914811 0.9751
-7.03150658985366 0.975
-7.03132900903685 0.9749
-7.03119476227582 0.9748
-7.03109288001831 0.9747
-7.03099402075445 0.9746
-7.03092083619158 0.9745
-7.03090591812792 0.9744
-7.03089382387307 0.9743
-7.03095791816828 0.9742
-7.03106638433558 0.9741
-7.03118858541945 0.974
-7.03135135007656 0.9739
-7.03153214021728 0.9738
-7.03172597777285 0.9737
-7.03197367494799 0.9736
-7.03225138041249 0.9735
-7.03251976863508 0.9734
-7.0328042442787 0.9733
-7.03308416035004 0.9732
-7.03336042620519 0.9731
-7.03363216642546 0.973
-7.03389114606277 0.9729
-7.03411384115468 0.9728
-7.03431328209608 0.9727
-7.03449147766427 0.9726
-7.03464515577382 0.9725
-7.03478933352286 0.9724
-7.03490729814543 0.9723
-7.03500206452942 0.9722
-7.03506142489384 0.9721
-7.03507879364705 0.972
-7.03506191243474 0.9719
-7.03502974318675 0.9718
-7.03493448855619 0.9717
-7.03482465709192 0.9716
-7.03469128668789 0.9715
-7.03454205807296 0.9714
-7.03436116583592 0.9713
-7.03415451112438 0.9712
-7.03390071536837 0.9711
-7.03361228308486 0.971
-7.03328255265298 0.9709
-7.03293110141637 0.9708
-7.03256239201991 0.9707
-7.03221733341022 0.9706
-7.03188191640615 0.9705
-7.03154645350855 0.9704
-7.03124093311806 0.9703
-7.03093125031212 0.9702
-7.03060671012054 0.9701
-7.03028118422965 0.97
-7.02996509498803 0.9699
-7.02967149095135 0.9698
-7.02940937634149 0.9697
-7.02915745743774 0.9696
-7.0289343586063 0.9695
-7.02872125101256 0.9694
-7.02852920849397 0.9693
-7.0283528155041 0.9692
-7.02817578861885 0.9691
-7.02802271558454 0.969
-7.02788845262698 0.9689
-7.02781652343404 0.9688
-7.02777115059907 0.9687
-7.02778342481639 0.9686
-7.02784146833286 0.9685
-7.02791096148571 0.9684
-7.02799617220007 0.9683
-7.02808813005571 0.9682
-7.02819687410183 0.9681
-7.02835642513566 0.968
-7.02851318377145 0.9679
-7.02863264349678 0.9678
-7.02875799744946 0.9677
-7.02891266271823 0.9676
-7.02908398024173 0.9675
-7.02927181446365 0.9674
-7.02949104300045 0.9673
-7.02970503771125 0.9672
-7.02992032720301 0.9671
-7.03014118745569 0.967
-7.03033021905588 0.9669
-7.03049856363357 0.9668
-7.03066734315452 0.9667
-7.03082523335905 0.9666
-7.03096692701943 0.9665
-7.03108708476287 0.9664
-7.03117063587768 0.9663
-7.03125411458997 0.9662
-7.03132937669819 0.9661
-7.03137339133259 0.966
-7.03140838313773 0.9659
-7.03142141589274 0.9658
-7.03140369489925 0.9657
-7.03138156204898 0.9656
-7.03134304997508 0.9655
-7.03129564473736 0.9654
-7.03121542193844 0.9653
-7.03113497611861 0.9652
-7.03102369083181 0.9651
-7.03089710442944 0.965
-7.03073815247387 0.9649
-7.03057289436161 0.9648
-7.03038979998067 0.9647
-7.03019705913794 0.9646
-7.03000613172622 0.9645
-7.02982766182896 0.9644
-7.02966588925981 0.9643
-7.0295154419522 0.9642
-7.02940839826262 0.9641
-7.0292780685775 0.964
-7.02915583690542 0.9639
-7.02905118120119 0.9638
-7.02897992664138 0.9637
-7.02894335672194 0.9636
-7.02891714165261 0.9635
-7.02891130252747 0.9634
-7.02893330355938 0.9633
-7.02899612071117 0.9632
-7.02907045012678 0.9631
-7.02919031385157 0.963
-7.02931948513285 0.9629
-7.02946798637171 0.9628
-7.02961197149137 0.9627
-7.02974897820596 0.9626
-7.02988147314394 0.9625
-7.03001983614766 0.9624
-7.03017158459267 0.9623
-7.0303548733076 0.9622
-7.03055853901792 0.9621
-7.03077845017213 0.962
-7.03095954593183 0.9619
-7.03114138807094 0.9618
-7.03132211975123 0.9617
-7.03149945546432 0.9616
-7.03165503346931 0.9615
-7.0317894207968 0.9614
-7.03189908654369 0.9613
-7.03201248335687 0.9612
-7.03210615274617 0.9611
-7.03218959453285 0.961
-7.03225720765858 0.9609
-7.03230427387589 0.9608
-7.03232258402261 0.9607
-7.03234990945859 0.9606
-7.03235088781947 0.9605
-7.03237208711298 0.9604
-7.03238574895444 0.9603
-7.03238811945989 0.9602
-7.03237218410557 0.9601
-7.03239132982763 0.96
-7.03241870408632 0.9599
-7.03245280403024 0.9598
-7.03248034455645 0.9597
-7.03253395354918 0.9596
-7.03262261200756 0.9595
-7.03271614980167 0.9594
-7.03280277889277 0.9593
-7.03292598715038 0.9592
-7.03304640533912 0.9591
-7.0331742186746 0.959
-7.03327325332669 0.9589
-7.03338670268858 0.9588
-7.03350670595423 0.9587
-7.03362355406831 0.9586
-7.03375511120781 0.9585
-7.03386320247683 0.9584
-7.0339608123145 0.9583
-7.03404323244918 0.9582
-7.03411135253148 0.9581
-7.03415223817856 0.958
-7.03420228100255 0.9579
-7.0342365457603 0.9578
-7.03426571307108 0.9577
-7.03427350185816 0.9576
-7.03427556699624 0.9575
-7.03429115377026 0.9574
-7.03431914637226 0.9573
-7.03436627382494 0.9572
-7.0344020294527 0.9571
-7.03443104700279 0.957
-7.03447143015185 0.9569
-7.03448463895898 0.9568
-7.03451894173633 0.9567
-7.03454300214667 0.9566
-7.03455035507814 0.9565
-7.03453522783194 0.9564
-7.03448405232578 0.9563
-7.0344110279988 0.9562
-7.03432294394378 0.9561
-7.03424194411672 0.956
-7.03416437234892 0.9559
-7.03409599008945 0.9558
-7.03403703286476 0.9557
-7.03399022788998 0.9556
-7.03392810261276 0.9555
-7.03387797680225 0.9554
-7.03383710016485 0.9553
-7.03381484220527 0.9552
-7.033812312194 0.9551
-7.03384280598747 0.955
-7.03388059607312 0.9549
-7.03391313069129 0.9548
-7.03392703940333 0.9547
-7.0339484379355 0.9546
-7.03398498991806 0.9545
-7.03402034445409 0.9544
-7.03404408635726 0.9543
-7.03407691221633 0.9542
-7.03411461380457 0.9541
-7.03414136892018 0.954
-7.03419298502669 0.9539
-7.03421669956854 0.9538
-7.03424003835106 0.9537
-7.03422956231552 0.9536
-7.03422307634507 0.9535
-7.0342245327871 0.9534
-7.03420089739075 0.9533
-7.034188113408 0.9532
-7.03418693563579 0.9531
-7.03418806840755 0.953
-7.03418438827141 0.9529
-7.03417792669841 0.9528
-7.03416565797847 0.9527
-7.03416160764656 0.9526
-7.03414858353506 0.9525
-7.03414895615147 0.9524
-7.03415266085886 0.9523
-7.03415889070597 0.9522
-7.03418937910991 0.9521
-7.03421760586374 0.952
-7.03425821970781 0.9519
-7.03432179762338 0.9518
-7.03440490037098 0.9517
-7.03449914889619 0.9516
-7.03459650972039 0.9515
-7.03472849532414 0.9514
-7.03485055717153 0.9513
-7.03495158116046 0.9512
-7.03503522675281 0.9511
-7.03512408002768 0.951
-7.03523977425013 0.9509
-7.03536442302274 0.9508
-7.03549522963608 0.9507
-7.03561487153865 0.9506
-7.03573547258329 0.9505
-7.03586615955779 0.9504
-7.03599804227218 0.9503
-7.03612138510853 0.9502
-7.03622615564958 0.9501
-7.03630520174777 0.95
-7.03639580580885 0.9499
-7.03649889727824 0.9498
-7.03658507246725 0.9497
-7.03666637988271 0.9496
-7.036745308363 0.9495
-7.03680574852699 0.9494
-7.03684116153763 0.9493
-7.03685895431196 0.9492
-7.03687015830767 0.9491
-7.03690335789915 0.949
-7.0369288041567 0.9489
-7.03696727856814 0.9488
-7.03702075307697 0.9487
-7.03706703909071 0.9486
-7.03709795061381 0.9485
-7.03716830070478 0.9484
-7.0372318111039 0.9483
-7.03728400509944 0.9482
-7.03733235453926 0.9481
-7.0373809548421 0.948
-7.03742520750654 0.9479
-7.03745247178504 0.9478
-7.03747324823498 0.9477
-7.03752122297751 0.9476
-7.03755988658095 0.9475
-7.03759881237122 0.9474
-7.03761278261756 0.9473
-7.03763530268048 0.9472
-7.03765835936535 0.9471
-7.03766470907589 0.947
-7.03766871627496 0.9469
-7.03767141742287 0.9468
-7.03767765919186 0.9467
-7.0377054206263 0.9466
-7.03774129883551 0.9465
-7.03778025910156 0.9464
-7.03779994744324 0.9463
-7.03782730570921 0.9462
-7.03786400693218 0.9461
-7.03786789336977 0.946
-7.03786431693186 0.9459
-7.03787959595533 0.9458
-7.03786233853043 0.9457
-7.03786950935512 0.9456
-7.03789764190731 0.9455
-7.03794678358224 0.9454
-7.03799393767433 0.9453
-7.03803776731957 0.9452
-7.0380704070279 0.9451
-7.03809483734799 0.945
-7.03814184817276 0.9449
-7.03821189743242 0.9448
-7.03823733589393 0.9447
-7.03825998454761 0.9446
-7.03827953051289 0.9445
-7.03829921402764 0.9444
-7.03831209339218 0.9443
-7.03831990344397 0.9442
-7.03837318455971 0.9441
-7.0384455100813 0.944
-7.03854662713484 0.9439
-7.03866666522082 0.9438
-7.03878585779336 0.9437
-7.03891445082747 0.9436
-7.03903580058253 0.9435
-7.03913347310142 0.9434
-7.03923785538167 0.9433
-7.03934741441981 0.9432
-7.03945785945862 0.9431
-7.03957749023331 0.943
-7.03969340236047 0.9429
-7.03981981784483 0.9428
-7.03993958243934 0.9427
-7.04006512103448 0.9426
-7.04019471582404 0.9425
-7.04034124107357 0.9424
-7.04046394204438 0.9423
-7.04058745118446 0.9422
-7.04071250571181 0.9421
-7.04085195393729 0.942
-7.0409764167268 0.9419
-7.04110415059709 0.9418
-7.04121552306577 0.9417
-7.04133053407254 0.9416
-7.04145193717489 0.9415
-7.04158887619922 0.9414
-7.04173645654409 0.9413
-7.04187707648883 0.9412
-7.04200700213231 0.9411
-7.04213983151831 0.941
-7.0422722311556 0.9409
-7.04238110389179 0.9408
-7.04247142576609 0.9407
-7.04253892450187 0.9406
-7.04261028377056 0.9405
-7.04269351851366 0.9404
-7.04278127362912 0.9403
-7.04287672437142 0.9402
-7.0429546067363 0.9401
-7.0430412758165 0.94
-7.04311317174463 0.9399
-7.04319741783691 0.9398
-7.04329826026894 0.9397
-7.04341281075233 0.9396
-7.04354475739259 0.9395
-7.04368085575823 0.9394
-7.04378646982608 0.9393
-7.04390492459986 0.9392
-7.04399511952178 0.9391
-7.04410967816568 0.939
-7.04419359979221 0.9389
-7.04427435128794 0.9388
-7.04438480425402 0.9387
-7.04447504808533 0.9386
-7.04454666675329 0.9385
-7.04456290776939 0.9384
-7.0445656410003 0.9383
-7.04455002751754 0.9382
-7.04452090821648 0.9381
-7.04446854222163 0.938
-7.04442608750644 0.9379
-7.04439017521039 0.9378
-7.04433850643412 0.9377
-7.04429934475394 0.9376
-7.04427283264314 0.9375
-7.04423826448376 0.9374
-7.04416895389366 0.9373
-7.0441118645214 0.9372
-7.04406566331942 0.9371
-7.04400385374587 0.937
-7.04395467061207 0.9369
-7.04390980291919 0.9368
-7.04388147112131 0.9367
-7.04383982955256 0.9366
-7.04382446044349 0.9365
-7.04380416334079 0.9364
-7.04378626483434 0.9363
-7.04377979412525 0.9362
-7.04377861812325 0.9361
-7.04380809383454 0.936
-7.04382816499076 0.9359
-7.04385881833784 0.9358
-7.04391714475908 0.9357
-7.04399237130867 0.9356
-7.0440571692669 0.9355
-7.04413632754701 0.9354
-7.04420451526646 0.9353
-7.04429463109764 0.9352
-7.04439880303565 0.9351
-7.04447267757449 0.935
-7.04453490276882 0.9349
-7.04458723882268 0.9348
-7.04463114896326 0.9347
-7.04469672049613 0.9346
-7.04473176847985 0.9345
-7.04474471712229 0.9344
-7.04474943691288 0.9343
-7.04474650641013 0.9342
-7.04476498502776 0.9341
-7.04476357699127 0.934
-7.0447480807952 0.9339
-7.04472121636114 0.9338
-7.04468595166284 0.9337
-7.04463331573187 0.9336
-7.04457034981974 0.9335
-7.04451944006308 0.9334
-7.04450363933362 0.9333
-7.0444787270917 0.9332
-7.04445708561576 0.9331
-7.04442772547208 0.933
-7.04439427371934 0.9329
-7.044375678654 0.9328
-7.04432593092081 0.9327
-7.0442707750586 0.9326
-7.04422378389221 0.9325
-7.04418157161603 0.9324
-7.04414505349317 0.9323
-7.04411837753652 0.9322
-7.04410863462258 0.9321
-7.04410120760927 0.932
-7.04410855471178 0.9319
-7.04412645637453 0.9318
-7.04414335451526 0.9317
-7.04416951386033 0.9316
-7.04421477722543 0.9315
-7.04427514983574 0.9314
-7.04432156863041 0.9313
-7.04436952046012 0.9312
-7.04441157431338 0.9311
-7.04446954006935 0.931
-7.04458168891428 0.9309
-7.04471397665769 0.9308
-7.04480949573264 0.9307
-7.04489409605138 0.9306
-7.04497752861409 0.9305
-7.04508257080275 0.9304
-7.04518076493344 0.9303
-7.04529523256927 0.9302
-7.04541625338025 0.9301
-7.04552913957229 0.93
-7.04567530012385 0.9299
-7.04581675658726 0.9298
-7.04594047886778 0.9297
-7.04606333366019 0.9296
-7.0461647028255 0.9295
-7.04625664959649 0.9294
-7.04632409357497 0.9293
-7.04637628038268 0.9292
-7.04641009408313 0.9291
-7.04640694718123 0.929
-7.0463873332716 0.9289
-7.04632711261669 0.9288
-7.04624901329422 0.9287
-7.04617966720156 0.9286
-7.04609132982543 0.9285
-7.04598438854531 0.9284
-7.04586772217002 0.9283
-7.04572446005627 0.9282
-7.04557173959189 0.9281
-7.04541175539614 0.928
-7.04523324244262 0.9279
-7.045070589355 0.9278
-7.04490639913707 0.9277
-7.04475551293817 0.9276
-7.0446111587247 0.9275
-7.04445011443602 0.9274
-7.04431145204609 0.9273
-7.0441886252543 0.9272
-7.04410644389773 0.9271
-7.04403665758408 0.927
-7.04401065409617 0.9269
-7.04399888147757 0.9268
-7.04399547739378 0.9267
-7.04397948296365 0.9266
-7.0439620535698 0.9265
-7.04396287540311 0.9264
-7.04398787178983 0.9263
-7.04403178341995 0.9262
-7.04410605473822 0.9261
-7.04421128274408 0.926
-7.04434903636721 0.9259
-7.04452718535785 0.9258
-7.04471227799572 0.9257
-7.04487358255971 0.9256
-7.04505412105818 0.9255
-7.04523225401828 0.9254
-7.04542089919057 0.9253
-7.04559658269634 0.9252
-7.04574417756184 0.9251
-7.0458606090946 0.925
-7.04596891551843 0.9249
-7.04607186562227 0.9248
-7.04615609225806 0.9247
-7.04623014842452 0.9246
-7.04630525864937 0.9245
-7.04637890191663 0.9244
-7.04644843946446 0.9243
-7.04651154265874 0.9242
-7.04655068193309 0.9241
-7.0465505319236 0.924
-7.0465426988469 0.9239
-7.04652860422574 0.9238
-7.04651099437332 0.9237
-7.04648973459397 0.9236
-7.04645567299942 0.9235
-7.04644553872238 0.9234
-7.046422171717 0.9233
-7.04642293257212 0.9232
-7.04643926445129 0.9231
-7.04646878920916 0.923
-7.04649533109242 0.9229
-7.04651928366164 0.9228
-7.04656236843625 0.9227
-7.04661752468328 0.9226
-7.04670302930362 0.9225
-7.04679326535803 0.9224
-7.04685940964637 0.9223
-7.04689853633351 0.9222
-7.04697368273109 0.9221
-7.04704636968142 0.922
-7.04713222477392 0.9219
-7.04718340489678 0.9218
-7.04724200154669 0.9217
-7.04731539658432 0.9216
-7.04738228567003 0.9215
-7.04745241260798 0.9214
-7.04752479516155 0.9213
-7.04759450714546 0.9212
-7.0476553904367 0.9211
-7.04770672151467 0.921
-7.04778592753712 0.9209
-7.04784841560078 0.9208
-7.0478792301538 0.9207
-7.04789663611603 0.9206
-7.04790145058139 0.9205
-7.04788335665318 0.9204
-7.04785497652021 0.9203
-7.04780397070045 0.9202
-7.04774819833144 0.9201
-7.04771626957565 0.92
-7.04767179489023 0.9199
-7.04766201822457 0.9198
-7.04765878412245 0.9197
-7.04765037088142 0.9196
-7.04764322645813 0.9195
-7.04763453540007 0.9194
-7.04762031770864 0.9193
-7.04758878043434 0.9192
-7.04755225735382 0.9191
-7.04749863870483 0.919
-7.047453324479 0.9189
-7.0473919798863 0.9188
-7.04733178634757 0.9187
-7.0472699134009 0.9186
-7.04720672670012 0.9185
-7.04715912853546 0.9184
-7.04711190356995 0.9183
-7.0470725090957 0.9182
-7.04703995078276 0.9181
-7.04700505120962 0.918
-7.04695319024526 0.9179
-7.04688357068466 0.9178
-7.04682033123757 0.9177
-7.04679385418773 0.9176
-7.04674701249359 0.9175
-7.04670876295377 0.9174
-7.04671956020029 0.9173
-7.0467673665254 0.9172
-7.04682659606749 0.9171
-7.04685818585749 0.917
-7.04686700514656 0.9169
-7.04687738067137 0.9168
-7.04689273491513 0.9167
-7.0469242753908 0.9166
-7.0469624416403 0.9165
-7.04701442186716 0.9164
-7.04703974788878 0.9163
-7.04706892936374 0.9162
-7.0470981047855 0.9161
-7.04714993384918 0.916
-7.04718730389326 0.9159
-7.04722541547729 0.9158
-7.0472492234732 0.9157
-7.04729638919157 0.9156
-7.04735714401779 0.9155
-7.04740478486068 0.9154
-7.04745274604564 0.9153
-7.04752963652108 0.9152
-7.04758836540039 0.9151
-7.04764415568539 0.915
-7.04769583156821 0.9149
-7.04775986203222 0.9148
-7.04782381970202 0.9147
-7.04788043843824 0.9146
-7.04794378149025 0.9145
-7.04800843363347 0.9144
-7.04806355907923 0.9143
-7.04807676870024 0.9142
-7.04808195691253 0.9141
-7.04806112061803 0.914
-7.04801328716675 0.9139
-7.04793432515874 0.9138
-7.0478495995013 0.9137
-7.04775211176201 0.9136
-7.04767626272829 0.9135
-7.04758119974804 0.9134
-7.04747895365007 0.9133
-7.04736137921976 0.9132
-7.04725900858632 0.9131
-7.0471469876704 0.913
-7.04703702048835 0.9129
-7.04691200950309 0.9128
-7.04678039256312 0.9127
-7.04664468164634 0.9126
-7.04649352947422 0.9125
-7.04634903817159 0.9124
-7.0462443740042 0.9123
-7.04614238003461 0.9122
-7.04604320655584 0.9121
-7.04593982332912 0.912
-7.04586078184876 0.9119
-7.045799510452 0.9118
-7.04573832900349 0.9117
-7.04565676159814 0.9116
-7.04559452235607 0.9115
-7.04554404232254 0.9114
-7.04551039513106 0.9113
-7.0454981525917 0.9112
-7.0455070892608 0.9111
-7.04552442146136 0.911
-7.04554056796381 0.9109
-7.04559951864773 0.9108
-7.04566756098805 0.9107
-7.04575250802039 0.9106
-7.04585668452536 0.9105
-7.0459751218438 0.9104
-7.04611168103593 0.9103
-7.0462508853476 0.9102
-7.04641992038368 0.9101
-7.04660058967375 0.91
-7.04681870795033 0.9099
-7.04707684399914 0.9098
-7.04732756881945 0.9097
-7.04758383901309 0.9096
-7.04786848360912 0.9095
-7.04816296693383 0.9094
-7.04846890256898 0.9093
-7.04879550368526 0.9092
-7.04913090192089 0.9091
-7.04949057651027 0.909
-7.0498508379159 0.9089
-7.0502132705667 0.9088
-7.0505607616244 0.9087
-7.0508811670067 0.9086
-7.05116768541704 0.9085
-7.05142289274314 0.9084
-7.05166740866939 0.9083
-7.05189616492926 0.9082
-7.05208662661714 0.9081
-7.05224521511175 0.908
-7.05236795371598 0.9079
-7.05244268494982 0.9078
-7.05250781808291 0.9077
-7.05255091720521 0.9076
-7.05258415397887 0.9075
-7.05262634099695 0.9074
-7.05267978138446 0.9073
-7.05268497692671 0.9072
-7.05265289702541 0.9071
-7.05259124934253 0.907
-7.05255342306677 0.9069
-7.052520692253 0.9068
-7.05247645505628 0.9067
-7.05241161507008 0.9066
-7.05233436576906 0.9065
-7.05225643599139 0.9064
-7.05219983252451 0.9063
-7.05211372871718 0.9062
-7.05200675524857 0.9061
-7.0518875576768 0.906
-7.05175461287778 0.9059
-7.05159689083826 0.9058
-7.05145615494336 0.9057
-7.05131413395509 0.9056
-7.05116158053298 0.9055
-7.05099645846675 0.9054
-7.05083057855342 0.9053
-7.05068908033275 0.9052
-7.05053081669799 0.9051
-7.050356380503 0.905
-7.05018972232651 0.9049
-7.05003369183492 0.9048
-7.04987223623899 0.9047
-7.04973252697298 0.9046
-7.04959740622583 0.9045
-7.04946508679248 0.9044
-7.04934031382684 0.9043
-7.0492492843104 0.9042
-7.04916472883972 0.9041
-7.04907425157786 0.904
-7.04901485067946 0.9039
-7.04893759319472 0.9038
-7.04885309270504 0.9037
-7.04876318162289 0.9036
-7.04871191439098 0.9035
-7.04865939376122 0.9034
-7.04859415159351 0.9033
-7.04855050631152 0.9032
-7.0485130369119 0.9031
-7.04848337041081 0.903
-7.04846357781544 0.9029
-7.04842480466382 0.9028
-7.04839322986374 0.9027
-7.04832012275203 0.9026
-7.04825579452998 0.9025
-7.04822538073022 0.9024
-7.04820903638294 0.9023
-7.04821887621448 0.9022
-7.04822893309786 0.9021
-7.04824509566531 0.902
-7.04829716257773 0.9019
-7.04835938674794 0.9018
-7.04841884562419 0.9017
-7.04847910183088 0.9016
-7.04853637710526 0.9015
-7.04859449408538 0.9014
-7.04864438786176 0.9013
-7.04869369095316 0.9012
-7.04872041368537 0.9011
-7.04874512809811 0.901
-7.04876598947508 0.9009
-7.04877080326895 0.9008
-7.04877010662084 0.9007
-7.04877971021651 0.9006
-7.04880532362903 0.9005
-7.04880776451308 0.9004
-7.04878388133519 0.9003
-7.04874837100225 0.9002
-7.04870034263354 0.9001
-7.04864838772663 0.9
-7.04856518564298 0.8999
-7.04848074828482 0.8998
-7.04837724209065 0.8997
-7.04829327523993 0.8996
-7.04819596412091 0.8995
-7.04812142234796 0.8994
-7.04807658578327 0.8993
-7.04804165497717 0.8992
-7.04803479587392 0.8991
-7.04805255593314 0.899
-7.04809540730711 0.8989
-7.04816582843552 0.8988
-7.04826061847681 0.8987
-7.04834728343731 0.8986
-7.0484316886732 0.8985
-7.0485373433956 0.8984
-7.04862433697997 0.8983
-7.04872967751794 0.8982
-7.04883122650663 0.8981
-7.0489239711391 0.898
-7.04899416013462 0.8979
-7.04904973499912 0.8978
-7.04908852378136 0.8977
-7.04908052838416 0.8976
-7.04910316259835 0.8975
-7.04909225051784 0.8974
-7.04907969196936 0.8973
-7.04901223238588 0.8972
-7.04889483783591 0.8971
-7.04876230384754 0.897
-7.04862473023068 0.8969
-7.0484902248005 0.8968
-7.04838469327941 0.8967
-7.04825535614826 0.8966
-7.04811581627641 0.8965
-7.04799200691349 0.8964
-7.04786897971695 0.8963
-7.04776779314716 0.8962
-7.04767432389708 0.8961
-7.04761826673813 0.896
-7.04757289329531 0.8959
-7.04754604277259 0.8958
-7.04753264667355 0.8957
-7.04753904046317 0.8956
-7.04755770651851 0.8955
-7.0475831890549 0.8954
-7.04762447458886 0.8953
-7.04767329413136 0.8952
-7.04772070690417 0.8951
-7.0477789570104 0.895
-7.04784335154195 0.8949
-7.04789740493903 0.8948
-7.04795710207294 0.8947
-7.04801843134096 0.8946
-7.04806759890596 0.8945
-7.04810996407276 0.8944
-7.04814022057168 0.8943
-7.04815317537275 0.8942
-7.04818020795994 0.8941
-7.04820100208749 0.894
-7.04820805515001 0.8939
-7.04820184884843 0.8938
-7.04819071772695 0.8937
-7.0481843102673 0.8936
-7.04816965170787 0.8935
-7.04813854447594 0.8934
-7.04809682679978 0.8933
-7.04802587404224 0.8932
-7.04792284958267 0.8931
-7.04783985802389 0.893
-7.04776668851813 0.8929
-7.04769450389308 0.8928
-7.04761588534534 0.8927
-7.04756682538454 0.8926
-7.04754783881002 0.8925
-7.04754849291278 0.8924
-7.04756506385115 0.8923
-7.04760157671289 0.8922
-7.04768816023509 0.8921
-7.04778953434023 0.892
-7.0478914805852 0.8919
-7.04800602400766 0.8918
-7.04810806893753 0.8917
-7.04823578340722 0.8916
-7.04835463507643 0.8915
-7.04847895190162 0.8914
-7.04861519566578 0.8913
-7.04875788509396 0.8912
-7.04891212616338 0.8911
-7.04910636692981 0.891
-7.04931236841827 0.8909
-7.0495431753143 0.8908
-7.04980053346049 0.8907
-7.05003026408187 0.8906
-7.05026727142706 0.8905
-7.05052387603327 0.8904
-7.05077693664234 0.8903
-7.05101736402372 0.8902
-7.05123087017256 0.8901
-7.05140655161284 0.89
-7.05158179283503 0.8899
-7.05172642460367 0.8898
-7.05186674413901 0.8897
-7.05195976142971 0.8896
-7.05203014513125 0.8895
-7.05208904259782 0.8894
-7.05215168118621 0.8893
-7.0522134163567 0.8892
-7.05226525429053 0.8891
-7.05230442278867 0.889
-7.05233362554806 0.8889
-7.05235740888092 0.8888
-7.05236446454507 0.8887
-7.0523469143739 0.8886
-7.05232228847699 0.8885
-7.05231012337018 0.8884
-7.05226559642366 0.8883
-7.05220968394836 0.8882
-7.05213396159624 0.8881
-7.05205245815587 0.888
-7.05197693090371 0.8879
-7.05190088235423 0.8878
-7.0518248409284 0.8877
-7.05179160106397 0.8876
-7.05175780546793 0.8875
-7.05173579664546 0.8874
-7.05172893798215 0.8873
-7.05174593353587 0.8872
-7.05176073382508 0.8871
-7.05180718837613 0.887
-7.0518701866926 0.8869
-7.0519152754962 0.8868
-7.05198294933213 0.8867
-7.05205960259957 0.8866
-7.0521395875715 0.8865
-7.05223373896322 0.8864
-7.05233782987856 0.8863
-7.05247242251284 0.8862
-7.05262995679656 0.8861
-7.05279024628798 0.886
-7.05296135665938 0.8859
-7.05311327840756 0.8858
-7.0532443384319 0.8857
-7.05336401791174 0.8856
-7.05346264663884 0.8855
-7.05354943352929 0.8854
-7.05364510941064 0.8853
-7.05372901881236 0.8852
-7.05382204234318 0.8851
-7.05388006406833 0.885
-7.05394593385554 0.8849
-7.05400281050089 0.8848
-7.05404948013647 0.8847
-7.05409057394176 0.8846
-7.05413400268107 0.8845
-7.05418504556715 0.8844
-7.05422993891698 0.8843
-7.05425432681649 0.8842
-7.05426700678421 0.8841
-7.05428407848143 0.884
-7.05428591793471 0.8839
-7.05425779336127 0.8838
-7.05423396995851 0.8837
-7.05420047036843 0.8836
-7.0541630348391 0.8835
-7.05412856643758 0.8834
-7.05411388699715 0.8833
-7.05409528326784 0.8832
-7.05407784195588 0.8831
-7.05405815764934 0.883
-7.05404054133142 0.8829
-7.05402558165867 0.8828
-7.0540077931477 0.8827
-7.05398694676694 0.8826
-7.05393509686434 0.8825
-7.05387843102692 0.8824
-7.05380762841326 0.8823
-7.05374212514341 0.8822
-7.05366417171485 0.8821
-7.0535747843854 0.882
-7.05348553770764 0.8819
-7.05339016020666 0.8818
-7.05331344399224 0.8817
-7.05321172694844 0.8816
-7.0530996072408 0.8815
-7.05299204909244 0.8814
-7.05287388432005 0.8813
-7.0527655396136 0.8812
-7.05265059061348 0.8811
-7.05254549298384 0.881
-7.05246111083413 0.8809
-7.05239376200315 0.8808
-7.05234443347583 0.8807
-7.05232396760776 0.8806
-7.05233817996736 0.8805
-7.05236029180603 0.8804
-7.05238732087326 0.8803
-7.0524273898516 0.8802
-7.05245395765631 0.8801
-7.05249966285686 0.88
-7.05255891938034 0.8799
-7.05263135175253 0.8798
-7.05270192909306 0.8797
-7.05279061904802 0.8796
-7.05289094595068 0.8795
-7.05302424269561 0.8794
-7.0531558951062 0.8793
-7.05326859910188 0.8792
-7.0533691886162 0.8791
-7.0534759218955 0.879
-7.05359076453044 0.8789
-7.05367620361101 0.8788
-7.05376270726613 0.8787
-7.05386633321466 0.8786
-7.05397219674718 0.8785
-7.05408654212161 0.8784
-7.05421017087798 0.8783
-7.05434057701168 0.8782
-7.05447212012843 0.8781
-7.05458632633522 0.878
-7.05470441122283 0.8779
-7.05480512852037 0.8778
-7.05491085034102 0.8777
-7.05501175281033 0.8776
-7.05509603691681 0.8775
-7.05514729339118 0.8774
-7.0551512403881 0.8773
-7.05511656270559 0.8772
-7.05508464647395 0.8771
-7.05504604499415 0.877
-7.0549726710777 0.8769
-7.05487641290258 0.8768
-7.05478047001524 0.8767
-7.05467582029208 0.8766
-7.05456433071037 0.8765
-7.05444203090299 0.8764
-7.05430338643274 0.8763
-7.05416177077237 0.8762
-7.05401631196239 0.8761
-7.05385310712035 0.876
-7.05366505216465 0.8759
-7.05349844880596 0.8758
-7.05333435549239 0.8757
-7.05316625990728 0.8756
-7.05301924136239 0.8755
-7.05291974639242 0.8754
-7.05281781081966 0.8753
-7.0527110060012 0.8752
-7.05259148626221 0.8751
-7.05251226655551 0.875
-7.05246556961019 0.8749
-7.05242810136767 0.8748
-7.05242286219531 0.8747
-7.05242057935418 0.8746
-7.05242342087232 0.8745
-7.05242217360345 0.8744
-7.0524185055218 0.8743
-7.05243024304885 0.8742
-7.05244691343365 0.8741
-7.05247759491163 0.874
-7.05252715631696 0.8739
-7.05258926838068 0.8738
-7.05264514180006 0.8737
-7.05270482428735 0.8736
-7.05276999795971 0.8735
-7.05285526617669 0.8734
-7.05296938548121 0.8733
-7.05312625820784 0.8732
-7.05331427725787 0.8731
-7.05349109097086 0.873
-7.0536615920539 0.8729
-7.05383576909286 0.8728
-7.05398416793435 0.8727
-7.05411348423068 0.8726
-7.05424317475981 0.8725
-7.05436947902273 0.8724
-7.05449347405982 0.8723
-7.05460105711243 0.8722
-7.0546969577074 0.8721
-7.0547681277757 0.872
-7.05484554343961 0.8719
-7.05491081192004 0.8718
-7.05495757027518 0.8717
-7.05499099357835 0.8716
-7.05502303102114 0.8715
-7.05503625700097 0.8714
-7.05505361426583 0.8713
-7.05508203252637 0.8712
-7.05508926473067 0.8711
-7.05507062794489 0.871
-7.05506021778597 0.8709
-7.05503630463931 0.8708
-7.05499905020915 0.8707
-7.05499078571598 0.8706
-7.05500344032415 0.8705
-7.0550144826167 0.8704
-7.05502333333554 0.8703
-7.055034614604 0.8702
-7.05504531281286 0.8701
-7.05503103757626 0.87
-7.05503188883264 0.8699
-7.0550236208489 0.8698
-7.05502555216518 0.8697
-7.05499449763516 0.8696
-7.05495448430848 0.8695
-7.05491602763548 0.8694
-7.05488545278844 0.8693
-7.05487608616141 0.8692
-7.0548871142566 0.8691
-7.05491735460987 0.869
-7.05493130394574 0.8689
-7.05498457794825 0.8688
-7.05504063300591 0.8687
-7.0550976419869 0.8686
-7.0551536200071 0.8685
-7.05521743936088 0.8684
-7.05530064946776 0.8683
-7.05541531829328 0.8682
-7.0555046133438 0.8681
-7.05562236318327 0.868
-7.05573589568145 0.8679
-7.05582095013273 0.8678
-7.05590846455426 0.8677
-7.05600281308417 0.8676
-7.05606807992327 0.8675
-7.05615078991423 0.8674
-7.05624580528376 0.8673
-7.05633658138127 0.8672
-7.05643088135469 0.8671
-7.05652953166461 0.867
-7.05663575333697 0.8669
-7.05675066002251 0.8668
-7.05685787588309 0.8667
-7.0569486131732 0.8666
-7.05703995727904 0.8665
-7.05713406639525 0.8664
-7.05722844174631 0.8663
-7.0573108528033 0.8662
-7.0573671188871 0.8661
-7.05741833683481 0.866
-7.05747738651974 0.8659
-7.05753956263233 0.8658
-7.05760994124703 0.8657
-7.05767364458568 0.8656
-7.05772671978679 0.8655
-7.0577696686415 0.8654
-7.05780666917665 0.8653
-7.05782888530527 0.8652
-7.05783719706463 0.8651
-7.05784104684253 0.865
-7.05780791735783 0.8649
-7.05775436657934 0.8648
-7.05771885497206 0.8647
-7.05763579860538 0.8646
-7.05755605012563 0.8645
-7.0574687697711 0.8644
-7.05736651647748 0.8643
-7.05727108427339 0.8642
-7.05719600315368 0.8641
-7.05712572110656 0.864
-7.0570518866266 0.8639
-7.05698032270089 0.8638
-7.05690361063646 0.8637
-7.05682010994954 0.8636
-7.05674974724646 0.8635
-7.05667594511822 0.8634
-7.05659770013607 0.8633
-7.05651209828133 0.8632
-7.0564394465471 0.8631
-7.05637767896688 0.863
-7.05631209576644 0.8629
-7.05625088847456 0.8628
-7.05618760934207 0.8627
-7.05615267545133 0.8626
-7.05612881155948 0.8625
-7.05611801375318 0.8624
-7.05609902292606 0.8623
-7.05610100798313 0.8622
-7.05612612164639 0.8621
-7.05614174248132 0.862
-7.05615094663885 0.8619
-7.05612432788285 0.8618
-7.05608526081107 0.8617
-7.05603408207013 0.8616
-7.05596727305251 0.8615
-7.05591290598751 0.8614
-7.05584509807579 0.8613
-7.0557777537388 0.8612
-7.05570383589624 0.8611
-7.05559797869757 0.861
-7.05548945813834 0.8609
-7.05538783179114 0.8608
-7.05529405288023 0.8607
-7.05521009528421 0.8606
-7.05516302486776 0.8605
-7.05514127283943 0.8604
-7.05515082309371 0.8603
-7.05516129489235 0.8602
-7.05517396419132 0.8601
-7.05518619703323 0.86
-7.05520780608473 0.8599
-7.05522855523934 0.8598
-7.05526860928207 0.8597
-7.05530189754982 0.8596
-7.05533670560882 0.8595
-7.05538788172724 0.8594
-7.05544436984477 0.8593
-7.05549960691356 0.8592
-7.05556282505825 0.8591
-7.05563998744707 0.859
-7.05573922896327 0.8589
-7.05581759383294 0.8588
-7.05591517676202 0.8587
-7.05600804899816 0.8586
-7.05611609786115 0.8585
-7.0562320413446 0.8584
-7.05637229731092 0.8583
-7.0565299498007 0.8582
-7.05669289833108 0.8581
-7.05687437510615 0.858
-7.05704151044863 0.8579
-7.05719017926015 0.8578
-7.05733234674529 0.8577
-7.05746412350975 0.8576
-7.05759558353968 0.8575
-7.05769841608415 0.8574
-7.05775610698441 0.8573
-7.0577838159423 0.8572
-7.05778856223323 0.8571
-7.05776149268049 0.857
-7.05769154692227 0.8569
-7.05762122813298 0.8568
-7.05752016351718 0.8567
-7.05739822472832 0.8566
-7.05726139058843 0.8565
-7.05711204458823 0.8564
-7.0569472452758 0.8563
-7.05678567862175 0.8562
-7.05661502890439 0.8561
-7.05644477558431 0.856
-7.05627607349193 0.8559
-7.0561055018807 0.8558
-7.05595794659232 0.8557
-7.05582361286382 0.8556
-7.05572930191001 0.8555
-7.05566963156377 0.8554
-7.05560308233016 0.8553
-7.05556721042046 0.8552
-7.05555360203921 0.8551
-7.05554469995444 0.855
-7.05554950656219 0.8549
-7.05559790970556 0.8548
-7.05567598053134 0.8547
-7.05577820593288 0.8546
-7.05589512316715 0.8545
-7.05600896508676 0.8544
-7.05612770954283 0.8543
-7.05626227467662 0.8542
-7.05641403191041 0.8541
-7.05653773889452 0.854
-7.05667150688812 0.8539
-7.05681522378818 0.8538
-7.05696415765309 0.8537
-7.05709582382917 0.8536
-7.05725029131257 0.8535
-7.05738278141471 0.8534
-7.05750403225498 0.8533
-7.05760744853003 0.8532
-7.05773038407581 0.8531
-7.0578443013512 0.853
-7.05799431584566 0.8529
-7.05814814850796 0.8528
-7.05831361930144 0.8527
-7.05848327618134 0.8526
-7.05863710960774 0.8525
-7.05877012973203 0.8524
-7.058882424188 0.8523
-7.05900267680563 0.8522
-7.05911631126889 0.8521
-7.05921262000737 0.852
-7.05933243995589 0.8519
-7.05942649041345 0.8518
-7.05952248666008 0.8517
-7.0595894851193 0.8516
-7.05963154344168 0.8515
-7.05965326614138 0.8514
-7.05967352129034 0.8513
-7.0596842533718 0.8512
-7.05968245607762 0.8511
-7.05965166334148 0.851
-7.05960744390874 0.8509
-7.05955701964896 0.8508
-7.05948764389954 0.8507
-7.05938369715846 0.8506
-7.0592675815906 0.8505
-7.05916841988816 0.8504
-7.05907189026016 0.8503
-7.05898516781365 0.8502
-7.05888684549862 0.8501
-7.05878882791944 0.85
-7.05871560272613 0.8499
-7.05862050604518 0.8498
-7.058541169077 0.8497
-7.05845427954252 0.8496
-7.05836198963402 0.8495
-7.05826326332045 0.8494
-7.05814454364432 0.8493
-7.0580679477649 0.8492
-7.05800056635388 0.8491
-7.05794562151187 0.849
-7.05791827080773 0.8489
-7.05790869170115 0.8488
-7.05789031388334 0.8487
-7.05788552433805 0.8486
-7.05788466068272 0.8485
-7.05786976685625 0.8484
-7.05786789053516 0.8483
-7.05786409708707 0.8482
-7.05785619763845 0.8481
-7.05788204842892 0.848
-7.05791337120693 0.8479
-7.05799093316984 0.8478
-7.05804139993452 0.8477
-7.0581105271079 0.8476
-7.05819616484416 0.8475
-7.05828596878766 0.8474
-7.05836611012765 0.8473
-7.05843424042214 0.8472
-7.05847779357793 0.8471
-7.05849191707967 0.847
-7.05850312935691 0.8469
-7.05849911229893 0.8468
-7.05849888435026 0.8467
-7.05847972702283 0.8466
-7.05844889424356 0.8465
-7.05841093583332 0.8464
-7.05835844639231 0.8463
-7.05829033673398 0.8462
-7.05820751899968 0.8461
-7.05813602216511 0.846
-7.05803156951746 0.8459
-7.05793062203591 0.8458
-7.05783747286914 0.8457
-7.05774376886187 0.8456
-7.05766283426627 0.8455
-7.05761731498038 0.8454
-7.05759653219182 0.8453
-7.05760716270998 0.8452
-7.05762982318707 0.8451
-7.05764903181969 0.845
-7.05768441045654 0.8449
-7.05771880390221 0.8448
-7.05776042844796 0.8447
-7.05781404071055 0.8446
-7.05789233909801 0.8445
-7.05798466409757 0.8444
-7.05808877560469 0.8443
-7.05818555772967 0.8442
-7.05828841580187 0.8441
-7.0583761682407 0.844
-7.05847845736628 0.8439
-7.05857563441497 0.8438
-7.05866004379702 0.8437
-7.05875896242594 0.8436
-7.05884949545264 0.8435
-7.05893424316849 0.8434
-7.05900551768658 0.8433
-7.05910805205449 0.8432
-7.05921850537714 0.8431
-7.05933642855688 0.843
-7.05946100959044 0.8429
-7.05960036291386 0.8428
-7.05972971986857 0.8427
-7.05985374572727 0.8426
-7.05999602450388 0.8425
-7.06012529728976 0.8424
-7.06022668855468 0.8423
-7.06028809368698 0.8422
-7.06036019281608 0.8421
-7.06043820168412 0.842
-7.06050673509248 0.8419
-7.06055462024896 0.8418
-7.06059134232084 0.8417
-7.06061226502272 0.8416
-7.06063560499925 0.8415
-7.06066815676313 0.8414
-7.06069456195866 0.8413
-7.06071716213674 0.8412
-7.06073394952954 0.8411
-7.06073572388324 0.841
-7.06072099791891 0.8409
-7.06068556461145 0.8408
-7.06065431164736 0.8407
-7.06059195578842 0.8406
-7.06052894961916 0.8405
-7.06047378193669 0.8404
-7.06041193952876 0.8403
-7.06032603466627 0.8402
-7.06022984137632 0.8401
-7.06013005826575 0.84
-7.0600316587735 0.8399
-7.05992634760418 0.8398
-7.05982055484251 0.8397
-7.05968991200647 0.8396
-7.0595793667354 0.8395
-7.0594752554604 0.8394
-7.05937011634813 0.8393
-7.05927721056871 0.8392
-7.05920003750745 0.8391
-7.05912372373294 0.839
-7.05906541247084 0.8389
-7.059016686202 0.8388
-7.0590083477625 0.8387
-7.05902892156329 0.8386
-7.0590595748132 0.8385
-7.05911595201154 0.8384
-7.05921150563454 0.8383
-7.05931876831322 0.8382
-7.05943527230068 0.8381
-7.05956381868157 0.838
-7.05971303671326 0.8379
-7.05990235635528 0.8378
-7.06008660117291 0.8377
-7.06028981906779 0.8376
-7.06047837301712 0.8375
-7.06067231667613 0.8374
-7.06086342436005 0.8373
-7.06104234032148 0.8372
-7.0612168710382 0.8371
-7.0613563017797 0.837
-7.0614842768152 0.8369
-7.06160440813893 0.8368
-7.06170393244877 0.8367
-7.0617987671874 0.8366
-7.06185163128295 0.8365
-7.06188675405676 0.8364
-7.0619153431673 0.8363
-7.06193435998575 0.8362
-7.06194579290871 0.8361
-7.06193541910814 0.836
-7.06192023138323 0.8359
-7.06189447711362 0.8358
-7.06183961720393 0.8357
-7.06178665569317 0.8356
-7.06169645877574 0.8355
-7.06162596159475 0.8354
-7.06154648801639 0.8353
-7.06146083521118 0.8352
-7.06134142714685 0.8351
-7.06121920827468 0.835
-7.06112912361348 0.8349
-7.06105904832588 0.8348
-7.06099210239254 0.8347
-7.06093132817064 0.8346
-7.06087058967695 0.8345
-7.06084148718474 0.8344
-7.06084049998656 0.8343
-7.06081719852946 0.8342
-7.06078483569627 0.8341
-7.06076362925654 0.834
-7.06075109803918 0.8339
-7.06077486358005 0.8338
-7.06079211383452 0.8337
-7.0608258820771 0.8336
-7.06083218185461 0.8335
-7.06082117720719 0.8334
-7.06077266548424 0.8333
-7.06069502845885 0.8332
-7.06062318471204 0.8331
-7.06054369063954 0.833
-7.06047311795183 0.8329
-7.06039634042294 0.8328
-7.060309463987 0.8327
-7.06023579111165 0.8326
-7.06017839885511 0.8325
-7.06012596958643 0.8324
-7.06010513435584 0.8323
-7.06009796338766 0.8322
-7.06009390067072 0.8321
-7.06006539408055 0.832
-7.06004648199535 0.8319
-7.06001154791779 0.8318
-7.05997361900907 0.8317
-7.05995793491117 0.8316
-7.05996121312062 0.8315
-7.05996091197244 0.8314
-7.05993208741935 0.8313
-7.05990535889797 0.8312
-7.05987972826208 0.8311
-7.05987563146844 0.831
-7.05989110870016 0.8309
-7.05993939375411 0.8308
-7.05998803133236 0.8307
-7.06002413855201 0.8306
-7.06005691194997 0.8305
-7.06010226733127 0.8304
-7.06012226130631 0.8303
-7.0601362073028 0.8302
-7.06014815319649 0.8301
-7.06015754349514 0.83
-7.06017288306034 0.8299
-7.06014934532663 0.8298
-7.06013463956151 0.8297
-7.06012526461108 0.8296
-7.06010342622486 0.8295
-7.06009611760871 0.8294
-7.06008729899371 0.8293
-7.06004791080228 0.8292
-7.0600172600633 0.8291
-7.06000315645923 0.829
-7.05998758540137 0.8289
-7.05997961512795 0.8288
-7.05998264081054 0.8287
-7.05999207638634 0.8286
-7.05999118182029 0.8285
-7.06000441474903 0.8284
-7.06004818093141 0.8283
-7.06011088425161 0.8282
-7.06019689840908 0.8281
-7.06028865135603 0.828
-7.06037438922964 0.8279
-7.06047985776542 0.8278
-7.06061703477136 0.8277
-7.06077627054802 0.8276
-7.0609493037518 0.8275
-7.06113306269243 0.8274
-7.06129935903515 0.8273
-7.06146671497581 0.8272
-7.06162464954484 0.8271
-7.06178539531112 0.827
-7.06195894881745 0.8269
-7.06213206506425 0.8268
-7.06229056208335 0.8267
-7.06243373198882 0.8266
-7.06254395297397 0.8265
-7.06263981065767 0.8264
-7.06269855470797 0.8263
-7.06274399083422 0.8262
-7.0627496683696 0.8261
-7.06277232481998 0.826
-7.062775407284 0.8259
-7.06276065402044 0.8258
-7.06271853287678 0.8257
-7.06266724585171 0.8256
-7.06262488853704 0.8255
-7.06255523607601 0.8254
-7.06244466878203 0.8253
-7.06232334695045 0.8252
-7.06219676532642 0.8251
-7.06206138090822 0.825
-7.061915110242 0.8249
-7.0617517284727 0.8248
-7.06157231449838 0.8247
-7.06138712630042 0.8246
-7.06118347196668 0.8245
-7.06098325863305 0.8244
-7.06078341272958 0.8243
-7.06058392970258 0.8242
-7.06041537204115 0.8241
-7.06027907358913 0.824
-7.06014170821435 0.8239
-7.06000643461636 0.8238
-7.0598871484697 0.8237
-7.0598004070632 0.8236
-7.05973906712686 0.8235
-7.05970402133264 0.8234
-7.05971045902708 0.8233
-7.05976326893683 0.8232
-7.05985031946778 0.8231
-7.05996466449328 0.823
-7.06009951701776 0.8229
-7.06026261890134 0.8228
-7.06044991741901 0.8227
-7.06064800510209 0.8226
-7.06085099169148 0.8225
-7.06104464798391 0.8224
-7.06123472352736 0.8223
-7.06141081575263 0.8222
-7.06158190760888 0.8221
-7.06174466279704 0.822
-7.06187682231493 0.8219
-7.06199101973117 0.8218
-7.06207936462509 0.8217
-7.06214979199629 0.8216
-7.0621831068983 0.8215
-7.062163203509 0.8214
-7.0621344998397 0.8213
-7.06209164767459 0.8212
-7.062039400638 0.8211
-7.0619537263014 0.821
-7.06186828380519 0.8209
-7.06178177286394 0.8208
-7.06170547504315 0.8207
-7.06161149210793 0.8206
-7.06146825037677 0.8205
-7.06130792368348 0.8204
-7.06113724195858 0.8203
-7.06096868115515 0.8202
-7.06083444150475 0.8201
-7.06068368291458 0.82
-7.06054126587721 0.8199
-7.06041107893524 0.8198
-7.06026769421208 0.8197
-7.06015456184714 0.8196
-7.06004028940021 0.8195
-7.05996204185142 0.8194
-7.05991130174445 0.8193
-7.05986933595596 0.8192
-7.05983066083351 0.8191
-7.05979626164143 0.819
-7.05976482953923 0.8189
-7.05976827442787 0.8188
-7.05975872590525 0.8187
-7.05973417384755 0.8186
-7.05972689972118 0.8185
-7.05976164061492 0.8184
-7.05980750358114 0.8183
-7.05987365613537 0.8182
-7.05995469876567 0.8181
-7.06003937981027 0.818
-7.06011526048838 0.8179
-7.06020610039402 0.8178
-7.06027083925954 0.8177
-7.06033579945537 0.8176
-7.06038434127802 0.8175
-7.06042675678536 0.8174
-7.06045700617965 0.8173
-7.06048347464841 0.8172
-7.06052427419896 0.8171
-7.06055003139542 0.817
-7.06057346995123 0.8169
-7.06060274769607 0.8168
-7.06066650815695 0.8167
-7.06071823784425 0.8166
-7.06078169455622 0.8165
-7.06085405433465 0.8164
-7.06093374917043 0.8163
-7.06103032383252 0.8162
-7.06113133531999 0.8161
-7.0612393010494 0.816
-7.06138393037331 0.8159
-7.06152457248082 0.8158
-7.0616966646032 0.8157
-7.06188306043054 0.8156
-7.06205454035048 0.8155
-7.06222421552419 0.8154
-7.06238177969037 0.8153
-7.06252498968946 0.8152
-7.06267228036777 0.8151
-7.0628212404817 0.815
-7.0629444997559 0.8149
-7.06305056069458 0.8148
-7.06314228636827 0.8147
-7.06317947208979 0.8146
-7.06320226972679 0.8145
-7.06320911161116 0.8144
-7.06319001896462 0.8143
-7.06314760606713 0.8142
-7.06310500013438 0.8141
-7.06305535074032 0.814
-7.06301002863001 0.8139
-7.06298447631684 0.8138
-7.06296574053121 0.8137
-7.06295304027461 0.8136
-7.06293932010141 0.8135
-7.06294012452234 0.8134
-7.06294927201865 0.8133
-7.06297491429496 0.8132
-7.06304669241088 0.8131
-7.06312892589226 0.813
-7.06322424564494 0.8129
-7.06332520930815 0.8128
-7.06341628994674 0.8127
-7.06351415179106 0.8126
-7.06363345108099 0.8125
-7.06375700922793 0.8124
-7.06387713457962 0.8123
-7.06399975606913 0.8122
-7.06415002569153 0.8121
-7.06426741409677 0.812
-7.06437604000225 0.8119
-7.06447964698668 0.8118
-7.06454576298976 0.8117
-7.06460022822291 0.8116
-7.06466574669374 0.8115
-7.06474736414526 0.8114
-7.06481540612452 0.8113
-7.06490756325195 0.8112
-7.06497776034873 0.8111
-7.06503367015944 0.811
-7.06507923079874 0.8109
-7.06512466577456 0.8108
-7.06515524387374 0.8107
-7.06517726816366 0.8106
-7.06519566703636 0.8105
-7.06519817248892 0.8104
-7.06518331619257 0.8103
-7.06516238693826 0.8102
-7.06510814752663 0.8101
-7.06504580621282 0.81
-7.06496884149224 0.8099
-7.06487671563775 0.8098
-7.06480461898939 0.8097
-7.06476529339707 0.8096
-7.06472284415452 0.8095
-7.0646610657161 0.8094
-7.0645888954979 0.8093
-7.06451333855854 0.8092
-7.06443445471337 0.8091
-7.064388142291 0.809
-7.06434078305557 0.8089
-7.06428790753158 0.8088
-7.06421978170027 0.8087
-7.06415271681788 0.8086
-7.064129988784 0.8085
-7.06411198525307 0.8084
-7.06407240974176 0.8083
-7.06404003945131 0.8082
-7.06405091907609 0.8081
-7.06407031425688 0.808
-7.06408596463039 0.8079
-7.06411800026041 0.8078
-7.06415324657947 0.8077
-7.0641779095311 0.8076
-7.06417316997361 0.8075
-7.0641541634883 0.8074
-7.06412321051946 0.8073
-7.06408212265142 0.8072
-7.06405118055646 0.8071
-7.06401558703181 0.807
-7.06397045782991 0.8069
-7.06391026186456 0.8068
-7.06386254537552 0.8067
-7.06380509036521 0.8066
-7.06375212730729 0.8065
-7.06369802501751 0.8064
-7.0636648771481 0.8063
-7.06363571963377 0.8062
-7.06360689997955 0.8061
-7.06357936122509 0.806
-7.06355453654585 0.8059
-7.06354147003119 0.8058
-7.06354085030185 0.8057
-7.06356469854923 0.8056
-7.06359043809047 0.8055
-7.06363053293104 0.8054
-7.06365045953441 0.8053
-7.06364029793108 0.8052
-7.06363362746372 0.8051
-7.06359905913826 0.805
-7.06358678769636 0.8049
-7.06357754831919 0.8048
-7.06356238089125 0.8047
-7.06352495760094 0.8046
-7.06349613109093 0.8045
-7.06346789334676 0.8044
-7.06346330841384 0.8043
-7.06348735923768 0.8042
-7.06352919929561 0.8041
-7.06358868032643 0.804
-7.06363596701384 0.8039
-7.06367879335478 0.8038
-7.06374280847369 0.8037
-7.06378431638781 0.8036
-7.06384547646739 0.8035
-7.06391406901131 0.8034
-7.06398357200947 0.8033
-7.06404281235932 0.8032
-7.06410716774497 0.8031
-7.06416541000003 0.803
-7.06423076721456 0.8029
-7.06432378476795 0.8028
-7.06443492223871 0.8027
-7.06453019848734 0.8026
-7.06462581704286 0.8025
-7.06472625148608 0.8024
-7.06481856973062 0.8023
-7.06494435518438 0.8022
-7.06509079264086 0.8021
-7.0652368097418 0.802
-7.0653890914444 0.8019
-7.06554159241002 0.8018
-7.06569954608223 0.8017
-7.06586896744229 0.8016
-7.06604275852776 0.8015
-7.06624069854324 0.8014
-7.0664372545756 0.8013
-7.0666418378166 0.8012
-7.06684778811897 0.8011
-7.06704120270137 0.801
-7.06723055103802 0.8009
-7.06745860953922 0.8008
-7.06768831868616 0.8007
-7.06794562419939 0.8006
-7.06820406323446 0.8005
-7.06844396509075 0.8004
-7.06868902137272 0.8003
-7.06894502671402 0.8002
-7.06920494054114 0.8001
-7.06944368993088 0.8
-7.06967837497422 0.7999
-7.06989900426489 0.7998
-7.07009240361628 0.7997
-7.07028249811222 0.7996
-7.07045404668936 0.7995
-7.07061876234612 0.7994
-7.07076691913031 0.7993
-7.07088774447064 0.7992
-7.07098532898353 0.7991
-7.07106628451223 0.799
-7.07110461956998 0.7989
-7.07113645117818 0.7988
-7.07111323570048 0.7987
-7.07109140790088 0.7986
-7.07106645543753 0.7985
-7.07102857413234 0.7984
-7.07095925211979 0.7983
-7.07088163248531 0.7982
-7.07078795206453 0.7981
-7.07069726503766 0.798
-7.07059519343909 0.7979
-7.07048504971023 0.7978
-7.07036017631202 0.7977
-7.07023569647531 0.7976
-7.07012686784017 0.7975
-7.0700085308301 0.7974
-7.06987655745022 0.7973
-7.06972881486126 0.7972
-7.06957097074543 0.7971
-7.06939605697851 0.797
-7.0692079028029 0.7969
-7.06902405928672 0.7968
-7.06882772024203 0.7967
-7.06862800267049 0.7966
-7.06844658043884 0.7965
-7.06825738928233 0.7964
-7.06809238242684 0.7963
-7.06793116478974 0.7962
-7.06778571596842 0.7961
-7.06766834525547 0.796
-7.06757460355131 0.7959
-7.06750695804732 0.7958
-7.06745975967215 0.7957
-7.06744404987995 0.7956
-7.06744756818042 0.7955
-7.06747335185236 0.7954
-7.06750991616895 0.7953
-7.06755391494178 0.7952
-7.06760963856323 0.7951
-7.06767519612465 0.795
-7.06774985706337 0.7949
-7.06780359944188 0.7948
-7.06785251154332 0.7947
-7.06788729290518 0.7946
-7.0679050598521 0.7945
-7.06793462200222 0.7944
-7.06796066728674 0.7943
-7.06797075499127 0.7942
-7.06796172116705 0.7941
-7.06795046245872 0.794
-7.06793781566945 0.7939
-7.06790305670016 0.7938
-7.06786886024108 0.7937
-7.06784769322726 0.7936
-7.06782835328922 0.7935
-7.06781920759402 0.7934
-7.06781359186734 0.7933
-7.06783596134537 0.7932
-7.06786168926558 0.7931
-7.06788005932416 0.793
-7.06792276457476 0.7929
-7.06799885891887 0.7928
-7.06809973601745 0.7927
-7.06821392673709 0.7926
-7.06834939603197 0.7925
-7.06848094584131 0.7924
-7.0686025733049 0.7923
-7.06870096789673 0.7922
-7.06880789799323 0.7921
-7.0689266974142 0.792
-7.06903891361173 0.7919
-7.06916954710002 0.7918
-7.06930747859663 0.7917
-7.06943792099176 0.7916
-7.06954517121573 0.7915
-7.06961502847119 0.7914
-7.06965947802951 0.7913
-7.06970811434187 0.7912
-7.069729570249 0.7911
-7.06975944324829 0.791
-7.06977654097594 0.7909
-7.0697890208199 0.7908
-7.06980762358257 0.7907
-7.06982411859774 0.7906
-7.06982374138181 0.7905
-7.06979984171674 0.7904
-7.0697674022122 0.7903
-7.06975592549115 0.7902
-7.06975075117973 0.7901
-7.06975135915947 0.79
-7.0697509246197 0.7899
-7.06975095474326 0.7898
-7.06976459980273 0.7897
-7.06978023613661 0.7896
-7.06979854345585 0.7895
-7.06983871325387 0.7894
-7.06989583168561 0.7893
-7.06997132171123 0.7892
-7.07004911374283 0.7891
-7.07014939443656 0.789
-7.07024989313716 0.7889
-7.07037052565692 0.7888
-7.07047144166034 0.7887
-7.07055951145897 0.7886
-7.07063030184601 0.7885
-7.07069990152542 0.7884
-7.07075899859199 0.7883
-7.07081575576432 0.7882
-7.07087179584268 0.7881
-7.07091274614409 0.788
-7.07093609671285 0.7879
-7.07095543500929 0.7878
-7.07097380754217 0.7877
-7.07097678974643 0.7876
-7.07095323328773 0.7875
-7.07091845918292 0.7874
-7.0708927783271 0.7873
-7.07086918598541 0.7872
-7.07083956108156 0.7871
-7.07079586458636 0.787
-7.07076193937034 0.7869
-7.07071243379081 0.7868
-7.07068634084586 0.7867
-7.07065282746722 0.7866
-7.07061422280096 0.7865
-7.07055929833013 0.7864
-7.07050612491857 0.7863
-7.07045085631691 0.7862
-7.07037462453551 0.7861
-7.07029707616859 0.786
-7.07022398275428 0.7859
-7.07012837234917 0.7858
-7.07003038695094 0.7857
-7.06990337439923 0.7856
-7.06976686519057 0.7855
-7.06962048948159 0.7854
-7.06947905870464 0.7853
-7.06930919909378 0.7852
-7.06915205999966 0.7851
-7.06899590135563 0.785
-7.06885183007954 0.7849
-7.0686983076815 0.7848
-7.0685422962845 0.7847
-7.06841798786532 0.7846
-7.06830364331181 0.7845
-7.06818532280327 0.7844
-7.06806275942325 0.7843
-7.06795008405485 0.7842
-7.06783880621783 0.7841
-7.06771630083037 0.784
-7.06759382783392 0.7839
-7.06745697388173 0.7838
-7.06736074611501 0.7837
-7.06725158006876 0.7836
-7.067160980804 0.7835
-7.06707539598083 0.7834
-7.06698246477259 0.7833
-7.06690155327939 0.7832
-7.06684296462657 0.7831
-7.0667933586933 0.783
-7.06674570395686 0.7829
-7.06671373716686 0.7828
-7.06668743247246 0.7827
-7.06664586172955 0.7826
-7.06663844539735 0.7825
-7.06661920951897 0.7824
-7.06661658412297 0.7823
-7.0666143004534 0.7822
-7.06662255171981 0.7821
-7.06661538331609 0.782
-7.06661660999482 0.7819
-7.06660256331414 0.7818
-7.06660624868279 0.7817
-7.06661674508365 0.7816
-7.0666531433919 0.7815
-7.0667114886529 0.7814
-7.06680439127319 0.7813
-7.06689236552681 0.7812
-7.06697969732442 0.7811
-7.06708269570344 0.781
-7.06719420991151 0.7809
-7.06730360362561 0.7808
-7.06739704296018 0.7807
-7.06748629415138 0.7806
-7.06757016608177 0.7805
-7.06764130351697 0.7804
-7.06768497878843 0.7803
-7.06771242589287 0.7802
-7.06770680512283 0.7801
-7.06769212341034 0.78
-7.06768864331297 0.7799
-7.06766905452066 0.7798
-7.06764882955816 0.7797
-7.06761149272614 0.7796
-7.06757362336084 0.7795
-7.06752094114462 0.7794
-7.06745301307972 0.7793
-7.06739191190618 0.7792
-7.06734225208111 0.7791
-7.06730388917288 0.779
-7.06727000425425 0.7789
-7.06723503881843 0.7788
-7.06721019352673 0.7787
-7.06718992412739 0.7786
-7.06720293101397 0.7785
-7.06723153688116 0.7784
-7.06727262377508 0.7783
-7.06734727560816 0.7782
-7.06743552791407 0.7781
-7.06755953933295 0.778
-7.06770893178419 0.7779
-7.06791374146977 0.7778
-7.06812634636351 0.7777
-7.06838156750867 0.7776
-7.06867020352309 0.7775
-7.06896831644204 0.7774
-7.06928499262967 0.7773
-7.06958716410314 0.7772
-7.06987765124566 0.7771
-7.07016151478919 0.777
-7.07040536919487 0.7769
-7.0706406143464 0.7768
-7.07083457141344 0.7767
-7.07101909639426 0.7766
-7.07116963252301 0.7765
-7.07130131238371 0.7764
-7.07141178694768 0.7763
-7.07149651405214 0.7762
-7.07156855337882 0.7761
-7.07161931628247 0.776
-7.07165516965102 0.7759
-7.07168651546491 0.7758
-7.0716960552915 0.7757
-7.07167634488204 0.7756
-7.07164681857797 0.7755
-7.07159159548738 0.7754
-7.07153894579002 0.7753
-7.07148118042277 0.7752
-7.07142398959859 0.7751
-7.07139029725059 0.775
-7.07136878152564 0.7749
-7.07134971372493 0.7748
-7.07132811307893 0.7747
-7.07131879991542 0.7746
-7.07132590555603 0.7745
-7.07134620169688 0.7744
-7.0713545364305 0.7743
-7.07134257430189 0.7742
-7.07135309468376 0.7741
-7.07137278457237 0.774
-7.07139456834501 0.7739
-7.07144781620647 0.7738
-7.07149669897447 0.7737
-7.07154336316712 0.7736
-7.07157073848798 0.7735
-7.07159026534861 0.7734
-7.07159264670414 0.7733
-7.07156851377638 0.7732
-7.07153420651396 0.7731
-7.07149402963432 0.773
-7.07144979261989 0.7729
-7.0714018927569 0.7728
-7.07135187715532 0.7727
-7.07131763179303 0.7726
-7.07127678420944 0.7725
-7.07123990329274 0.7724
-7.07120251042801 0.7723
-7.07116829260627 0.7722
-7.07113648501931 0.7721
-7.07110708756621 0.772
-7.0710852832884 0.7719
-7.07105836256818 0.7718
-7.07102411587241 0.7717
-7.07099419388051 0.7716
-7.0709807094236 0.7715
-7.07097715008234 0.7714
-7.07097815438133 0.7713
-7.07099927505002 0.7712
-7.07104134803527 0.7711
-7.07106145236306 0.771
-7.07106241964749 0.7709
-7.07110104619724 0.7708
-7.07116674493998 0.7707
-7.07122658481109 0.7706
-7.07128845957545 0.7705
-7.07132208821065 0.7704
-7.07133738357819 0.7703
-7.07135459090916 0.7702
-7.07137453379176 0.7701
-7.07139389492953 0.77
-7.07142626811589 0.7699
-7.07144989547554 0.7698
-7.07149986663735 0.7697
-7.07154221560106 0.7696
-7.07157869224506 0.7695
-7.07159862717589 0.7694
-7.07162108587339 0.7693
-7.07162718578153 0.7692
-7.07162782384318 0.7691
-7.0716072781979 0.769
-7.07157557429795 0.7689
-7.07156496444234 0.7688
-7.07154852368909 0.7687
-7.07153335360856 0.7686
-7.07151917498513 0.7685
-7.07149666918833 0.7684
-7.07147687649536 0.7683
-7.071468116448 0.7682
-7.07145682648507 0.7681
-7.07142623247333 0.768
-7.07140391395523 0.7679
-7.07138120390754 0.7678
-7.07135187023708 0.7677
-7.07131353670561 0.7676
-7.07125814493368 0.7675
-7.07120671051667 0.7674
-7.07115499464497 0.7673
-7.07109348280857 0.7672
-7.07100832758107 0.7671
-7.07091313618352 0.767
-7.07079505866116 0.7669
-7.07067638509253 0.7668
-7.07056125049369 0.7667
-7.07043458108076 0.7666
-7.0703306572685 0.7665
-7.07023633509104 0.7664
-7.07013668064763 0.7663
-7.07005689381651 0.7662
-7.06998928868819 0.7661
-7.06992728307463 0.766
-7.06988751562349 0.7659
-7.06985760270418 0.7658
-7.06984762601046 0.7657
-7.06984688081828 0.7656
-7.06984185455806 0.7655
-7.06984716089663 0.7654
-7.06985747281843 0.7653
-7.06989959835818 0.7652
-7.06997824718924 0.7651
-7.07007315508395 0.765
-7.07017897384649 0.7649
-7.07031607410511 0.7648
-7.07047032437651 0.7647
-7.07061719248208 0.7646
-7.07079357369945 0.7645
-7.07096685492013 0.7644
-7.07114860930314 0.7643
-7.07132378363041 0.7642
-7.07150741073202 0.7641
-7.07169792611315 0.764
-7.07191256200233 0.7639
-7.07213333697295 0.7638
-7.0723624839072 0.7637
-7.07259053622271 0.7636
-7.07276993379259 0.7635
-7.07295243790406 0.7634
-7.07311298828695 0.7633
-7.07326000047582 0.7632
-7.07339731034349 0.7631
-7.07350101175601 0.763
-7.07360541482371 0.7629
-7.07367824931092 0.7628
-7.07373162111203 0.7627
-7.07375258714941 0.7626
-7.07374414896571 0.7625
-7.07371090690583 0.7624
-7.07362966265093 0.7623
-7.07353361800351 0.7622
-7.07344056109392 0.7621
-7.07332465506835 0.762
-7.07319995716634 0.7619
-7.07304004500719 0.7618
-7.07286766643255 0.7617
-7.07268839908264 0.7616
-7.07250598190365 0.7615
-7.07231891801069 0.7614
-7.07212848381518 0.7613
-7.07193666713021 0.7612
-7.07173915992032 0.7611
-7.07155061467728 0.761
-7.07134039412808 0.7609
-7.07113632061017 0.7608
-7.07094703947797 0.7607
-7.07077389721725 0.7606
-7.07058781213206 0.7605
-7.07042485074959 0.7604
-7.07027923405672 0.7603
-7.07013759479332 0.7602
-7.07003636279139 0.7601
-7.06994727512662 0.76
-7.06988839730667 0.7599
-7.06984308662235 0.7598
-7.0698369694635 0.7597
-7.06982687354947 0.7596
-7.06983056500655 0.7595
-7.06981401561338 0.7594
-7.06979663752146 0.7593
-7.06977238590737 0.7592
-7.06976204814903 0.7591
-7.06976872396786 0.759
-7.06979089949278 0.7589
-7.06981421068252 0.7588
-7.06983197275047 0.7587
-7.06985762738764 0.7586
-7.06992051563683 0.7585
-7.06996582378074 0.7584
-7.07002006852751 0.7583
-7.07010410080169 0.7582
-7.070199462281 0.7581
-7.07030065912002 0.758
-7.07041248484535 0.7579
-7.07049592996754 0.7578
-7.07059620975394 0.7577
-7.07070323602704 0.7576
-7.07082005363661 0.7575
-7.07095016114191 0.7574
-7.07108212452982 0.7573
-7.07120773239723 0.7572
-7.07133865091796 0.7571
-7.07148669736432 0.757
-7.07162259038257 0.7569
-7.07175007369715 0.7568
-7.07186207214394 0.7567
-7.07197312803738 0.7566
-7.07205661555168 0.7565
-7.07211416007353 0.7564
-7.07214693574993 0.7563
-7.07215381165755 0.7562
-7.07212505593566 0.7561
-7.07207995338049 0.756
-7.07203372932999 0.7559
-7.07200020786156 0.7558
-7.07194077327135 0.7557
-7.07187787783886 0.7556
-7.07180051393306 0.7555
-7.07170736290758 0.7554
-7.07163145265163 0.7553
-7.07154729680722 0.7552
-7.0714734901658 0.7551
-7.07140978728601 0.755
-7.07134957252223 0.7549
-7.07133098427027 0.7548
-7.07133734903561 0.7547
-7.07134396356791 0.7546
-7.07136620615412 0.7545
-7.07141169654039 0.7544
-7.07149180623642 0.7543
-7.07159190874829 0.7542
-7.07169667721259 0.7541
-7.07180524804279 0.754
-7.07192542551846 0.7539
-7.07205896814099 0.7538
-7.07219025058596 0.7537
-7.07235357178413 0.7536
-7.07252564735167 0.7535
-7.0726838372148 0.7534
-7.07283046378313 0.7533
-7.07296062740674 0.7532
-7.07308446153908 0.7531
-7.07318063962858 0.753
-7.07324482183562 0.7529
-7.07328005066307 0.7528
-7.07328277089766 0.7527
-7.07329663148122 0.7526
-7.07331566351677 0.7525
-7.07333422105619 0.7524
-7.07334610026651 0.7523
-7.07338020315885 0.7522
-7.07339900824299 0.7521
-7.07343245198068 0.752
-7.07347578395364 0.7519
-7.07352497320248 0.7518
-7.07357042090224 0.7517
-7.07362941487432 0.7516
-7.0736891460715 0.7515
-7.07376643319963 0.7514
-7.07383293945246 0.7513
-7.07390856487418 0.7512
-7.07398857121824 0.7511
-7.07410152603061 0.751
-7.07420949800766 0.7509
-7.07429316344748 0.7508
-7.07439163548773 0.7507
-7.07450308147121 0.7506
-7.07461352567465 0.7505
-7.0747258359245 0.7504
-7.07483393087108 0.7503
-7.07493504587338 0.7502
-7.07501830543086 0.7501
-7.07508924883755 0.75
-7.07515753399008 0.7499
-7.07521238212627 0.7498
-7.07525059778533 0.7497
-7.07528159151011 0.7496
-7.07530658000523 0.7495
-7.07530936884929 0.7494
-7.07528556827535 0.7493
-7.0752329662195 0.7492
-7.07516568293953 0.7491
-7.07505486444322 0.749
-7.07493430165022 0.7489
-7.07479795991674 0.7488
-7.07465951123336 0.7487
-7.07452257030239 0.7486
-7.07441374358655 0.7485
-7.07430293926114 0.7484
-7.07418434125287 0.7483
-7.07407474757213 0.7482
-7.07398005520146 0.7481
-7.07387656653347 0.748
-7.07376432554231 0.7479
-7.07364592896585 0.7478
-7.07353005804276 0.7477
-7.07340763599847 0.7476
-7.0733082819366 0.7475
-7.07322181628038 0.7474
-7.07314772895882 0.7473
-7.07307666346112 0.7472
-7.07302538064605 0.7471
-7.07299199450638 0.747
-7.0729613482055 0.7469
-7.07295040175006 0.7468
-7.07295826377708 0.7467
-7.07298128786443 0.7466
-7.07302388284579 0.7465
-7.07307761239276 0.7464
-7.07315226302105 0.7463
-7.07322566336607 0.7462
-7.07331208237229 0.7461
-7.07337906017898 0.746
-7.07345191528137 0.7459
-7.073547835343 0.7458
-7.07364553704745 0.7457
-7.07373226968198 0.7456
-7.07383418730286 0.7455
-7.07393865119584 0.7454
-7.07403325734388 0.7453
-7.07412089578976 0.7452
-7.0741951148632 0.7451
-7.07423727350003 0.745
-7.07428063122304 0.7449
-7.07430481544774 0.7448
-7.0743209511086 0.7447
-7.07433652284195 0.7446
-7.07435946767823 0.7445
-7.07436336152066 0.7444
-7.0743834126986 0.7443
-7.07439851037974 0.7442
-7.07440970674971 0.7441
-7.07443354147965 0.744
-7.07445577116698 0.7439
-7.07446215652015 0.7438
-7.07448490134507 0.7437
-7.07449472616963 0.7436
-7.07449008516414 0.7435
-7.07448548718158 0.7434
-7.07447914551755 0.7433
-7.07448981349634 0.7432
-7.07448289847198 0.7431
-7.07448378164741 0.743
-7.07447731630695 0.7429
-7.07447741252036 0.7428
-7.07449934760256 0.7427
-7.07452052275497 0.7426
-7.07452019065927 0.7425
-7.07451094194677 0.7424
-7.07449393648068 0.7423
-7.07446341005168 0.7422
-7.07443343371528 0.7421
-7.07441943396491 0.742
-7.07440699499618 0.7419
-7.07438963031493 0.7418
-7.07434716248985 0.7417
-7.07430777467161 0.7416
-7.07428241735477 0.7415
-7.07428559631275 0.7414
-7.07428925204738 0.7413
-7.07429432632761 0.7412
-7.07431132392155 0.7411
-7.07434847810092 0.741
-7.07436890157376 0.7409
-7.07439928840214 0.7408
-7.07441433432659 0.7407
-7.07442167968618 0.7406
-7.07443924607109 0.7405
-7.07447928186332 0.7404
-7.07453768997528 0.7403
-7.07456390287572 0.7402
-7.07460329121684 0.7401
-7.07463727096274 0.74
-7.07465856556943 0.7399
-7.07466727970705 0.7398
-7.0746738021379 0.7397
-7.07468259960201 0.7396
-7.07469681949328 0.7395
-7.07473265664199 0.7394
-7.0747611382197 0.7393
-7.07480508337082 0.7392
-7.07485366487035 0.7391
-7.07491736150193 0.739
-7.07498405808848 0.7389
-7.07505276803755 0.7388
-7.07513316594242 0.7387
-7.07522596904055 0.7386
-7.07533808436983 0.7385
-7.07546794936737 0.7384
-7.07559117201624 0.7383
-7.0757092428518 0.7382
-7.07582861266208 0.7381
-7.07592135929926 0.738
-7.07599879558938 0.7379
-7.07607088907012 0.7378
-7.076138355629 0.7377
-7.0762016584686 0.7376
-7.07625562329839 0.7375
-7.07630502501536 0.7374
-7.07633439834211 0.7373
-7.07636789068072 0.7372
-7.0764189769877 0.7371
-7.07644154342326 0.737
-7.07646713912144 0.7369
-7.076498305081 0.7368
-7.07653525630741 0.7367
-7.0765664334267 0.7366
-7.07657050824148 0.7365
-7.07657868635982 0.7364
-7.07657442550838 0.7363
-7.07656966961103 0.7362
-7.07654587799666 0.7361
-7.07651392255912 0.736
-7.07648310464757 0.7359
-7.07644816051522 0.7358
-7.07640423398416 0.7357
-7.076349893957 0.7356
-7.07627766495069 0.7355
-7.07620097482337 0.7354
-7.07613965691665 0.7353
-7.07609687053593 0.7352
-7.07604879846707 0.7351
-7.07598724974011 0.735
-7.07594659826979 0.7349
-7.0759109298148 0.7348
-7.07588814276635 0.7347
-7.07590862531062 0.7346
-7.07594191948674 0.7345
-7.07598078464043 0.7344
-7.07603695817793 0.7343
-7.07610596535608 0.7342
-7.07616719428527 0.7341
-7.07623276049959 0.734
-7.07630802255071 0.7339
-7.07636786807985 0.7338
-7.07642666004681 0.7337
-7.07649700122531 0.7336
-7.07654531948199 0.7335
-7.07659949066235 0.7334
-7.07666375548104 0.7333
-7.07673506248876 0.7332
-7.07681050716088 0.7331
-7.07686819855444 0.733
-7.07690053777558 0.7329
-7.07691494965442 0.7328
-7.07690305504068 0.7327
-7.07688482722977 0.7326
-7.07685238583611 0.7325
-7.07679403383684 0.7324
-7.0767175452607 0.7323
-7.0766548374513 0.7322
-7.07658695070624 0.7321
-7.07652977359985 0.732
-7.07646071671807 0.7319
-7.07638977452351 0.7318
-7.07631226986042 0.7317
-7.07623347408573 0.7316
-7.07614077773191 0.7315
-7.0760608836472 0.7314
-7.07596567113936 0.7313
-7.07586017618902 0.7312
-7.07575803332747 0.7311
-7.0756659960089 0.731
-7.07557563411442 0.7309
-7.0754697539113 0.7308
-7.07538132782768 0.7307
-7.07530324563021 0.7306
-7.07521886908219 0.7305
-7.07513256087308 0.7304
-7.07507212611037 0.7303
-7.07502132354317 0.7302
-7.07498084402378 0.7301
-7.07496202117038 0.73
-7.0749432413322 0.7299
-7.07493898223414 0.7298
-7.07492746951652 0.7297
-7.07491717804285 0.7296
-7.07492687696506 0.7295
-7.07494650593147 0.7294
-7.07496564671368 0.7293
-7.07500385938883 0.7292
-7.07506493021429 0.7291
-7.07515050882795 0.729
-7.07527278660581 0.7289
-7.07541746589219 0.7288
-7.07558901791663 0.7287
-7.07576922729652 0.7286
-7.07594823301574 0.7285
-7.07611078490563 0.7284
-7.07624258888799 0.7283
-7.07636282557484 0.7282
-7.07647622551529 0.7281
-7.07659441864437 0.728
-7.07670205243882 0.7279
-7.0767959718968 0.7278
-7.07688294665566 0.7277
-7.0769638935081 0.7276
-7.07702459234349 0.7275
-7.0770794539104 0.7274
-7.07714531969959 0.7273
-7.07722101101725 0.7272
-7.07730754737152 0.7271
-7.07738489389227 0.727
-7.07747622122993 0.7269
-7.07755856170683 0.7268
-7.07762890299496 0.7267
-7.077668546137 0.7266
-7.07771122769167 0.7265
-7.07773932056099 0.7264
-7.07776440238846 0.7263
-7.07778845329106 0.7262
-7.07778474612867 0.7261
-7.07779309952388 0.726
-7.07779568118572 0.7259
-7.07780806898223 0.7258
-7.07782576673466 0.7257
-7.07783210381047 0.7256
-7.07784802968935 0.7255
-7.07787097824083 0.7254
-7.07790438242114 0.7253
-7.07794489993514 0.7252
-7.07797144154146 0.7251
-7.07798223837875 0.725
-7.07801093626482 0.7249
-7.07802769380746 0.7248
-7.07805358576411 0.7247
-7.07808685118235 0.7246
-7.07812202643396 0.7245
-7.07813837875829 0.7244
-7.07814501254826 0.7243
-7.07814006624265 0.7242
-7.07813590734963 0.7241
-7.078132678394 0.724
-7.07814656025252 0.7239
-7.07818154407817 0.7238
-7.07819294446493 0.7237
-7.07819670638374 0.7236
-7.07821346736333 0.7235
-7.07821796733492 0.7234
-7.07822176534606 0.7233
-7.07824345943761 0.7232
-7.07828300079615 0.7231
-7.07832051366167 0.723
-7.07835592111857 0.7229
-7.07837400323834 0.7228
-7.07837754676989 0.7227
-7.07839336535057 0.7226
-7.07839263209973 0.7225
-7.07839142576434 0.7224
-7.0784024178748 0.7223
-7.0784068695254 0.7222
-7.07841782717939 0.7221
-7.07840155288984 0.722
-7.07836782258381 0.7219
-7.07833388824205 0.7218
-7.07830685364692 0.7217
-7.07826878103424 0.7216
-7.07821668724756 0.7215
-7.07814451836843 0.7214
-7.07806092853377 0.7213
-7.07798209639526 0.7212
-7.07790580473932 0.7211
-7.07781775066078 0.721
-7.07772042821105 0.7209
-7.07762258446378 0.7208
-7.07755825559975 0.7207
-7.07750062302989 0.7206
-7.07744436144623 0.7205
-7.07739912548294 0.7204
-7.07736105631377 0.7203
-7.07733564187162 0.7202
-7.07730693906361 0.7201
-7.07728945404075 0.72
-7.07726130382586 0.7199
-7.07724614471039 0.7198
-7.07724034116104 0.7197
-7.07722672508619 0.7196
-7.07719720883434 0.7195
-7.07717427586647 0.7194
-7.07715394537244 0.7193
-7.07713730063471 0.7192
-7.0771138825357 0.7191
-7.0770736382611 0.719
-7.07704610966537 0.7189
-7.07701012885337 0.7188
-7.07696514154757 0.7187
-7.07692963470359 0.7186
-7.07690000912033 0.7185
-7.07684420437903 0.7184
-7.07676833395515 0.7183
-7.07668857332423 0.7182
-7.0765903062089 0.7181
-7.07650923008322 0.718
-7.07641073072609 0.7179
-7.07631726495101 0.7178
-7.07621406972202 0.7177
-7.07612329880238 0.7176
-7.07603925035741 0.7175
-7.07594738255351 0.7174
-7.07584622218794 0.7173
-7.07575845195516 0.7172
-7.07567784110464 0.7171
-7.07561096404849 0.717
-7.07552905607045 0.7169
-7.0754392519007 0.7168
-7.07534784637306 0.7167
-7.07528998822755 0.7166
-7.07525511959544 0.7165
-7.07522012951713 0.7164
-7.07521187559012 0.7163
-7.07522334502573 0.7162
-7.07523236066614 0.7161
-7.07523486913099 0.716
-7.07525580553777 0.7159
-7.07526771046074 0.7158
-7.07527699567669 0.7157
-7.07529231541154 0.7156
-7.07532245692899 0.7155
-7.07533930825074 0.7154
-7.07536094437384 0.7153
-7.07535072406859 0.7152
-7.07535222171374 0.7151
-7.07535422616558 0.715
-7.07536141704567 0.7149
-7.07538095925461 0.7148
-7.07540337453172 0.7147
-7.07542692944119 0.7146
-7.07544640653779 0.7145
-7.07544757704164 0.7144
-7.07542425992684 0.7143
-7.07541838958796 0.7142
-7.07542994413021 0.7141
-7.07544156800449 0.714
-7.07544716187044 0.7139
-7.07546450514616 0.7138
-7.07548542650158 0.7137
-7.07551831495528 0.7136
-7.07554839473359 0.7135
-7.07557818666293 0.7134
-7.07560884707471 0.7133
-7.07565253477773 0.7132
-7.07569856746421 0.7131
-7.07572343001494 0.713
-7.07576241984492 0.7129
-7.07582213925163 0.7128
-7.07588330450824 0.7127
-7.07594381243397 0.7126
-7.07602613134867 0.7125
-7.07613875752043 0.7124
-7.07626702149242 0.7123
-7.07641909126159 0.7122
-7.07657280061729 0.7121
-7.07671905467653 0.712
-7.07689962013973 0.7119
-7.07704865892195 0.7118
-7.07720353993331 0.7117
-7.07734361449001 0.7116
-7.0774627582242 0.7115
-7.07755867816434 0.7114
-7.07763036499744 0.7113
-7.07770967632537 0.7112
-7.07775548074445 0.7111
-7.07776946595759 0.711
-7.07774838510273 0.7109
-7.07770904929415 0.7108
-7.07765618388656 0.7107
-7.07758887612525 0.7106
-7.07750007217922 0.7105
-7.07739343166456 0.7104
-7.07727448422812 0.7103
-7.07714416707693 0.7102
-7.07700820000308 0.7101
-7.07685255135816 0.71
-7.07669733756507 0.7099
-7.07654947121282 0.7098
-7.07640275821912 0.7097
-7.07624298670365 0.7096
-7.07610996839186 0.7095
-7.07598227725383 0.7094
-7.07588314888507 0.7093
-7.07579802479306 0.7092
-7.0757190862227 0.7091
-7.07563257017138 0.709
-7.07557149676011 0.7089
-7.07553478893374 0.7088
-7.07551611952618 0.7087
-7.07553281774994 0.7086
-7.07556315394632 0.7085
-7.07561008840749 0.7084
-7.07567119579284 0.7083
-7.07574290406381 0.7082
-7.0758510627324 0.7081
-7.07597740161289 0.708
-7.07610842414659 0.7079
-7.07625268349277 0.7078
-7.076407043788 0.7077
-7.07655933947272 0.7076
-7.07674022692636 0.7075
-7.07693167823263 0.7074
-7.07713223657801 0.7073
-7.07731819281419 0.7072
-7.07748253070191 0.7071
-7.07765896552334 0.707
-7.07781603527491 0.7069
-7.07797383012369 0.7068
-7.07813602859223 0.7067
-7.07828306672429 0.7066
-7.07841574031755 0.7065
-7.07853797418842 0.7064
-7.07867599330641 0.7063
-7.07881423814715 0.7062
-7.0789390791414 0.7061
-7.07906186757564 0.706
-7.07917213860337 0.7059
-7.07929113457746 0.7058
-7.07941782182187 0.7057
-7.0795400991918 0.7056
-7.07965937296767 0.7055
-7.07977253084087 0.7054
-7.07987252161907 0.7053
-7.0799719352351 0.7052
-7.08007771448915 0.7051
-7.08016721457295 0.705
-7.08025242188626 0.7049
-7.08032698320285 0.7048
-7.08041133266465 0.7047
-7.08052022852204 0.7046
-7.0806270198561 0.7045
-7.08074223405912 0.7044
-7.08085836771228 0.7043
-7.0809644259727 0.7042
-7.08106790294597 0.7041
-7.08115932451236 0.704
-7.08119484715169 0.7039
-7.08121842079514 0.7038
-7.08123592963519 0.7037
-7.08125665031201 0.7036
-7.0812805952993 0.7035
-7.08130029079466 0.7034
-7.08130903082314 0.7033
-7.08130833041985 0.7032
-7.08130094638743 0.7031
-7.08130045990593 0.703
-7.08129036306664 0.7029
-7.08129511318972 0.7028
-7.08131377716682 0.7027
-7.08131633393295 0.7026
-7.08132190313164 0.7025
-7.08132713595722 0.7024
-7.08131753475028 0.7023
-7.08130492290692 0.7022
-7.08129590911686 0.7021
-7.08127346128081 0.702
-7.08124261679335 0.7019
-7.08120007763544 0.7018
-7.08111616535274 0.7017
-7.08101361067905 0.7016
-7.08090510996527 0.7015
-7.08078863980839 0.7014
-7.08065554018874 0.7013
-7.0805026598868 0.7012
-7.08034935637149 0.7011
-7.0801851980481 0.701
-7.08001629325462 0.7009
-7.07986250474724 0.7008
-7.07972168396421 0.7007
-7.07960100674363 0.7006
-7.07949235510211 0.7005
-7.07942628580761 0.7004
-7.079369626495 0.7003
-7.07934493039873 0.7002
-7.07935784850274 0.7001
-7.07939084577625 0.7
-7.07945193598465 0.6999
-7.07953786975218 0.6998
-7.07964566991789 0.6997
-7.07978325938824 0.6996
-7.07993323266254 0.6995
-7.08009980383443 0.6994
-7.08028264780699 0.6993
-7.08045346605165 0.6992
-7.0806262353077 0.6991
-7.08080771236316 0.699
-7.08101472197828 0.6989
-7.08121369504828 0.6988
-7.0814182312615 0.6987
-7.08161284656513 0.6986
-7.08178002403045 0.6985
-7.08193246223223 0.6984
-7.08207691118719 0.6983
-7.08219370513101 0.6982
-7.08227870884827 0.6981
-7.08237962689575 0.698
-7.0824578133505 0.6979
-7.08253790360001 0.6978
-7.0825906041131 0.6977
-7.08261486174161 0.6976
-7.08260386263925 0.6975
-7.08258403983085 0.6974
-7.08258504852808 0.6973
-7.08257123046884 0.6972
-7.08255654540553 0.6971
-7.08254410383502 0.697
-7.08253408719778 0.6969
-7.08252459222255 0.6968
-7.08251951740552 0.6967
-7.08253552669874 0.6966
-7.08255591546719 0.6965
-7.08258871905788 0.6964
-7.08262544987702 0.6963
-7.08265665840522 0.6962
-7.08268132711576 0.6961
-7.08273081051253 0.696
-7.08277507689718 0.6959
-7.08282727652395 0.6958
-7.08288827747772 0.6957
-7.08293913603694 0.6956
-7.0829811483437 0.6955
-7.08302533394145 0.6954
-7.08303386049371 0.6953
-7.0830457566746 0.6952
-7.08307427382762 0.6951
-7.08311862941884 0.695
-7.08319721750051 0.6949
-7.08326952602106 0.6948
-7.08333966804443 0.6947
-7.08341485011421 0.6946
-7.08349091533372 0.6945
-7.08354041663284 0.6944
-7.08357976272367 0.6943
-7.08360109563003 0.6942
-7.08362029648328 0.6941
-7.08363532179687 0.694
-7.08363864096816 0.6939
-7.08363854088207 0.6938
-7.08362743891793 0.6937
-7.08362397361692 0.6936
-7.08361707063005 0.6935
-7.08359135232677 0.6934
-7.08356937006378 0.6933
-7.08353885417092 0.6932
-7.08350006983355 0.6931
-7.08344608546779 0.693
-7.08336999514336 0.6929
-7.08327744264489 0.6928
-7.08317610799946 0.6927
-7.08308622122885 0.6926
-7.08298898359563 0.6925
-7.08288289304694 0.6924
-7.08279092524521 0.6923
-7.08271334181993 0.6922
-7.08265476770634 0.6921
-7.08260497617719 0.692
-7.08259334635787 0.6919
-7.08259532544942 0.6918
-7.08260057284499 0.6917
-7.08262315451057 0.6916
-7.08265435522764 0.6915
-7.0826883422122 0.6914
-7.08273163092175 0.6913
-7.08274306388542 0.6912
-7.08274903026918 0.6911
-7.08276050576579 0.691
-7.08277088992216 0.6909
-7.08279233537064 0.6908
-7.08281230816977 0.6907
-7.08283269298109 0.6906
-7.08286981098541 0.6905
-7.08290777940331 0.6904
-7.0829263973808 0.6903
-7.08294596276378 0.6902
-7.08297977848084 0.6901
-7.0830209673673 0.69
-7.08306557506762 0.6899
-7.08309511211732 0.6898
-7.08313450097259 0.6897
-7.08316078029614 0.6896
-7.08319156220504 0.6895
-7.08322062928427 0.6894
-7.08326395360443 0.6893
-7.08328069928564 0.6892
-7.08329575357788 0.6891
-7.08328727211373 0.689
-7.08327928403454 0.6889
-7.083290774185 0.6888
-7.08327558719373 0.6887
-7.08327804106248 0.6886
-7.08326567158404 0.6885
-7.08325604694652 0.6884
-7.08324688992222 0.6883
-7.08322078425991 0.6882
-7.08318415261128 0.6881
-7.0831456022785 0.688
-7.08310275465 0.6879
-7.08306317357583 0.6878
-7.08300709642123 0.6877
-7.0829537708327 0.6876
-7.08292676262798 0.6875
-7.0828989778819 0.6874
-7.08285610701411 0.6873
-7.08281308307235 0.6872
-7.08277422808161 0.6871
-7.08274554463953 0.687
-7.08272152511593 0.6869
-7.08271057279162 0.6868
-7.0827288664563 0.6867
-7.08275099662965 0.6866
-7.08275497098674 0.6865
-7.08276317590912 0.6864
-7.08279673244964 0.6863
-7.0828362869212 0.6862
-7.08286616360611 0.6861
-7.08287416739716 0.686
-7.08289074314812 0.6859
-7.08290267532928 0.6858
-7.08290695508242 0.6857
-7.08292299344617 0.6856
-7.0829474244676 0.6855
-7.08297694919742 0.6854
-7.08302387929985 0.6853
-7.08306078794567 0.6852
-7.08310244880124 0.6851
-7.08316190720616 0.685
-7.08322488592116 0.6849
-7.08326880404385 0.6848
-7.08332791297626 0.6847
-7.08339354591901 0.6846
-7.08345965333314 0.6845
-7.08352308405976 0.6844
-7.08356913355194 0.6843
-7.08363048024725 0.6842
-7.08368080337944 0.6841
-7.08370432757243 0.684
-7.08369912240789 0.6839
-7.08368024454691 0.6838
-7.08364755982614 0.6837
-7.08360831322401 0.6836
-7.08355722115969 0.6835
-7.08350559235794 0.6834
-7.08344988346872 0.6833
-7.08338089797833 0.6832
-7.08331800239608 0.6831
-7.08327828115918 0.683
-7.08323361098785 0.6829
-7.0831836090887 0.6828
-7.08313252785803 0.6827
-7.08308121605989 0.6826
-7.08302310674093 0.6825
-7.08294608235005 0.6824
-7.08283473750193 0.6823
-7.08272950700979 0.6822
-7.08261615801489 0.6821
-7.08251601774077 0.682
-7.08244312883497 0.6819
-7.08237192916579 0.6818
-7.08229114550523 0.6817
-7.08221269626692 0.6816
-7.08214307054585 0.6815
-7.08208174189051 0.6814
-7.08204389239286 0.6813
-7.0820312476886 0.6812
-7.08203649516249 0.6811
-7.08201940267638 0.681
-7.08201717769711 0.6809
-7.08200783167403 0.6808
-7.0819997015824 0.6807
-7.08198358386697 0.6806
-7.08199083558628 0.6805
-7.0820056873834 0.6804
-7.08202169187189 0.6803
-7.08204885274143 0.6802
-7.08207192050336 0.6801
-7.08211277000023 0.68
-7.08215794636591 0.6799
-7.08223654123292 0.6798
-7.08230491273705 0.6797
-7.082395934412 0.6796
-7.08251010587737 0.6795
-7.08262009361261 0.6794
-7.08271673053618 0.6793
-7.08281054369763 0.6792
-7.08290166841179 0.6791
-7.08297748441267 0.679
-7.08304090085086 0.6789
-7.08310184254988 0.6788
-7.08315673122475 0.6787
-7.08321118047576 0.6786
-7.0832804171064 0.6785
-7.08335360799766 0.6784
-7.08339744145742 0.6783
-7.08342292636587 0.6782
-7.08343381281519 0.6781
-7.0834350792028 0.678
-7.08342597182075 0.6779
-7.08340152130541 0.6778
-7.08336943648431 0.6777
-7.08333007334252 0.6776
-7.08330588589155 0.6775
-7.08329010075011 0.6774
-7.08328502449801 0.6773
-7.08326877099329 0.6772
-7.08323008131917 0.6771
-7.08317703351684 0.677
-7.08310957680234 0.6769
-7.08303123279231 0.6768
-7.08294118081346 0.6767
-7.08286467259985 0.6766
-7.08278698602612 0.6765
-7.0827115036373 0.6764
-7.08262932324589 0.6763
-7.08255573531002 0.6762
-7.08248166867478 0.6761
-7.08240208719143 0.676
-7.08235914525262 0.6759
-7.08232033776075 0.6758
-7.08229521689996 0.6757
-7.08227285339622 0.6756
-7.08226779089492 0.6755
-7.08228588844352 0.6754
-7.08232341127323 0.6753
-7.08237617410664 0.6752
-7.08245450510206 0.6751
-7.08253077548706 0.675
-7.08264312224781 0.6749
-7.08274754253666 0.6748
-7.08284402248819 0.6747
-7.08292566847798 0.6746
-7.08300546572447 0.6745
-7.08307850201471 0.6744
-7.08315662020632 0.6743
-7.08323273887758 0.6742
-7.08328078518329 0.6741
-7.08330114161026 0.674
-7.08330717850176 0.6739
-7.08333453927796 0.6738
-7.08335921996419 0.6737
-7.0833886624947 0.6736
-7.08339849295711 0.6735
-7.08341020405147 0.6734
-7.08343448923394 0.6733
-7.08345205811642 0.6732
-7.08344479178281 0.6731
-7.08342212034266 0.673
-7.08342241034226 0.6729
-7.08341699062173 0.6728
-7.08340337733646 0.6727
-7.08338777612707 0.6726
-7.08337400945661 0.6725
-7.08335711796998 0.6724
-7.08334218127706 0.6723
-7.08333693456733 0.6722
-7.08335030978422 0.6721
-7.08336592159582 0.672
-7.08338945668876 0.6719
-7.08344687037049 0.6718
-7.08351763386131 0.6717
-7.08359761336245 0.6716
-7.08370712285577 0.6715
-7.08383256974865 0.6714
-7.08397604362864 0.6713
-7.08412806939025 0.6712
-7.08428550326148 0.6711
-7.08445583814737 0.671
-7.08462606925408 0.6709
-7.08477926822191 0.6708
-7.08491520964774 0.6707
-7.08504993373512 0.6706
-7.08516374569645 0.6705
-7.08527842432365 0.6704
-7.08537626780616 0.6703
-7.08546528633852 0.6702
-7.08554724384314 0.6701
-7.08561865914799 0.67
-7.08568975750092 0.6699
-7.08573447159895 0.6698
-7.08575675962043 0.6697
-7.08575402424165 0.6696
-7.08572949836826 0.6695
-7.08567767991274 0.6694
-7.08562686794725 0.6693
-7.08556056700581 0.6692
-7.08547450101526 0.6691
-7.08538252050467 0.669
-7.08529275245461 0.6689
-7.08518591483627 0.6688
-7.08508290007452 0.6687
-7.08496461253669 0.6686
-7.08484458007096 0.6685
-7.0847175024601 0.6684
-7.08458760179263 0.6683
-7.08445858966541 0.6682
-7.08429847868535 0.6681
-7.08413683186584 0.668
-7.08398469411436 0.6679
-7.08385350432 0.6678
-7.08372633912899 0.6677
-7.08362096756742 0.6676
-7.08353475876033 0.6675
-7.0834448783604 0.6674
-7.08336816314566 0.6673
-7.08330917035169 0.6672
-7.08325066216091 0.6671
-7.08321629278273 0.667
-7.08318877530672 0.6669
-7.08317149887266 0.6668
-7.08315130121419 0.6667
-7.08313703200387 0.6666
-7.08309043268922 0.6665
-7.08305325728052 0.6664
-7.08302532747587 0.6663
-7.08300002911841 0.6662
-7.08295179488004 0.6661
-7.08288002774288 0.666
-7.08281165801841 0.6659
-7.08273797179959 0.6658
-7.08265971233945 0.6657
-7.08257202917721 0.6656
-7.08248707547439 0.6655
-7.08240562934223 0.6654
-7.0823225424728 0.6653
-7.08225383101205 0.6652
-7.08219018076902 0.6651
-7.0821327726334 0.665
-7.08207360534329 0.6649
-7.08202354598982 0.6648
-7.08199876781183 0.6647
-7.08201120244878 0.6646
-7.08205262013183 0.6645
-7.08211743843214 0.6644
-7.08220811840063 0.6643
-7.08233223370648 0.6642
-7.08246579963222 0.6641
-7.08261836931301 0.664
-7.08275999134143 0.6639
-7.08291251967799 0.6638
-7.08306884937012 0.6637
-7.08325035744543 0.6636
-7.08344943952961 0.6635
-7.08367121467377 0.6634
-7.08387941658285 0.6633
-7.08410239546966 0.6632
-7.08433434369167 0.6631
-7.0845299002586 0.663
-7.0847286693547 0.6629
-7.08490497129024 0.6628
-7.08505655248085 0.6627
-7.08516890800695 0.6626
-7.08528147713244 0.6625
-7.08539895304367 0.6624
-7.08550018596098 0.6623
-7.08559910724064 0.6622
-7.08568565155021 0.6621
-7.0857634139388 0.662
-7.08583448418613 0.6619
-7.08588370502118 0.6618
-7.08591550473277 0.6617
-7.08595462944865 0.6616
-7.08600237002241 0.6615
-7.08604566813968 0.6614
-7.08607787720431 0.6613
-7.08610846997196 0.6612
-7.08614666940772 0.6611
-7.08615385887259 0.661
-7.08617266824046 0.6609
-7.08619157885287 0.6608
-7.08622483374149 0.6607
-7.08623480701289 0.6606
-7.08623780601368 0.6605
-7.08625787729323 0.6604
-7.08628619712717 0.6603
-7.08630590122481 0.6602
-7.08633805112456 0.6601
-7.08637106316266 0.66
-7.08640437569032 0.6599
-7.08642703265767 0.6598
-7.08649404195872 0.6597
-7.08655951734892 0.6596
-7.08661104810753 0.6595
-7.08666814951604 0.6594
-7.08673374720356 0.6593
-7.08680378109256 0.6592
-7.08687297712645 0.6591
-7.08691987647601 0.659
-7.08697073769278 0.6589
-7.08701128621942 0.6588
-7.08704966859284 0.6587
-7.08708774461748 0.6586
-7.08712247453476 0.6585
-7.08714817852422 0.6584
-7.08716469863527 0.6583
-7.08716208723904 0.6582
-7.08716923423137 0.6581
-7.08718578702752 0.658
-7.0872054467316 0.6579
-7.08723398875797 0.6578
-7.08724519000112 0.6577
-7.08724981276413 0.6576
-7.08721913410117 0.6575
-7.0871807578514 0.6574
-7.08711132393005 0.6573
-7.08700357491483 0.6572
-7.08687034829285 0.6571
-7.08671245337773 0.657
-7.08654452835611 0.6569
-7.08634512415663 0.6568
-7.08614242195302 0.6567
-7.08591949258151 0.6566
-7.08568786516676 0.6565
-7.0854629036129 0.6564
-7.0852428019648 0.6563
-7.085038437079 0.6562
-7.0848555568308 0.6561
-7.08471360584248 0.656
-7.0845965239384 0.6559
-7.0844919751469 0.6558
-7.08439878981934 0.6557
-7.08430688076917 0.6556
-7.08423525131061 0.6555
-7.08415614455562 0.6554
-7.08407442351978 0.6553
-7.08398832820636 0.6552
-7.08391186855855 0.6551
-7.08385355357184 0.655
-7.0838018176562 0.6549
-7.08376714522985 0.6548
-7.08373571418541 0.6547
-7.08371796865943 0.6546
-7.08369554337711 0.6545
-7.08368897244565 0.6544
-7.0837091455699 0.6543
-7.08373454288037 0.6542
-7.08379339500561 0.6541
-7.08385041864904 0.654
-7.08393580972837 0.6539
-7.084022585482 0.6538
-7.08410363962109 0.6537
-7.08417922303824 0.6536
-7.08425568195012 0.6535
-7.08433168239145 0.6534
-7.08440504516249 0.6533
-7.08449822881552 0.6532
-7.08461237659637 0.6531
-7.08474492304775 0.653
-7.08486735536065 0.6529
-7.08497921899408 0.6528
-7.08506994645357 0.6527
-7.08514118808338 0.6526
-7.08522622501042 0.6525
-7.085337490776 0.6524
-7.08543709665998 0.6523
-7.08552121131627 0.6522
-7.08560641171468 0.6521
-7.08568718629934 0.652
-7.08576573634629 0.6519
-7.08586455744998 0.6518
-7.08596459361194 0.6517
-7.08605677928523 0.6516
-7.08616378418762 0.6515
-7.08624266415872 0.6514
-7.08631414297632 0.6513
-7.08638495109313 0.6512
-7.08644611131662 0.6511
-7.08648198909945 0.651
-7.0865081017169 0.6509
-7.08650269121889 0.6508
-7.08645905142519 0.6507
-7.08642664177016 0.6506
-7.08638742185555 0.6505
-7.08634639203619 0.6504
-7.08631665232507 0.6503
-7.0862614929665 0.6502
-7.08618667409187 0.6501
-7.08612195616707 0.65
-7.08607858089992 0.6499
-7.08602832110048 0.6498
-7.08598631202061 0.6497
-7.08596594404388 0.6496
-7.08596692951345 0.6495
-7.08596324616772 0.6494
-7.08597174708564 0.6493
-7.08599132698708 0.6492
-7.08601891638884 0.6491
-7.08603193660154 0.649
-7.08605087350606 0.6489
-7.08608455958785 0.6488
-7.08612127162858 0.6487
-7.08617355188784 0.6486
-7.08620793849456 0.6485
-7.08624072354801 0.6484
-7.08624024827639 0.6483
-7.08622024135482 0.6482
-7.08619135203958 0.6481
-7.08614487430391 0.648
-7.08606990897155 0.6479
-7.0859828642343 0.6478
-7.08586826584696 0.6477
-7.08576102323561 0.6476
-7.08567212764615 0.6475
-7.08556888913648 0.6474
-7.08548023617515 0.6473
-7.08539314742153 0.6472
-7.08529593531538 0.6471
-7.08519352679597 0.647
-7.08508982114123 0.6469
-7.08500305885073 0.6468
-7.08492248445184 0.6467
-7.08484619755277 0.6466
-7.08476734971291 0.6465
-7.08469583295366 0.6464
-7.08461394362928 0.6463
-7.08454887078704 0.6462
-7.08449449838449 0.6461
-7.08442551554547 0.646
-7.08435016008403 0.6459
-7.08428613895961 0.6458
-7.08421598192274 0.6457
-7.08415128030908 0.6456
-7.08409998216882 0.6455
-7.08406794894038 0.6454
-7.0840544394113 0.6453
-7.08405172698996 0.6452
-7.08404931828165 0.6451
-7.08405992187801 0.645
-7.08409103519841 0.6449
-7.08412258639566 0.6448
-7.08416957647961 0.6447
-7.08421370482267 0.6446
-7.08423425172165 0.6445
-7.084269362616 0.6444
-7.08432381846667 0.6443
-7.08437774917056 0.6442
-7.08442856872867 0.6441
-7.08449935526511 0.644
-7.08458839859777 0.6439
-7.08472281405587 0.6438
-7.08487250489591 0.6437
-7.08504668392747 0.6436
-7.08523254756894 0.6435
-7.08538822038343 0.6434
-7.0855698329291 0.6433
-7.0857527538197 0.6432
-7.08594556576749 0.6431
-7.08615195988891 0.643
-7.08635695856667 0.6429
-7.08655653038358 0.6428
-7.08672794307205 0.6427
-7.08688233132512 0.6426
-7.08702445439523 0.6425
-7.08714178232434 0.6424
-7.08724279265565 0.6423
-7.08732463730655 0.6422
-7.08741506229497 0.6421
-7.08746748773793 0.642
-7.0875157066326 0.6419
-7.08752998288159 0.6418
-7.08752399191953 0.6417
-7.08751468813614 0.6416
-7.08752440021421 0.6415
-7.08751770210778 0.6414
-7.08752031618471 0.6413
-7.08754253092771 0.6412
-7.08755673103766 0.6411
-7.08758683528151 0.641
-7.08761953665517 0.6409
-7.08767630705083 0.6408
-7.08772212342823 0.6407
-7.08777013015049 0.6406
-7.08785647105546 0.6405
-7.08795022598231 0.6404
-7.0880692563489 0.6403
-7.08819181839526 0.6402
-7.08833403495259 0.6401
-7.08846662048948 0.64
-7.08859452454382 0.6399
-7.08874152474274 0.6398
-7.08891089101075 0.6397
-7.08908935693921 0.6396
-7.08926336082201 0.6395
-7.08943888904652 0.6394
-7.08959289687775 0.6393
-7.08971821666284 0.6392
-7.08983006236927 0.6391
-7.08989404195859 0.639
-7.08994163621679 0.6389
-7.0899728478819 0.6388
-7.08998663280102 0.6387
-7.0899852407394 0.6386
-7.08997351565746 0.6385
-7.08995567675424 0.6384
-7.08993937058503 0.6383
-7.08991502948028 0.6382
-7.08991427998894 0.6381
-7.08994929461766 0.638
-7.08997990235226 0.6379
-7.09000032440439 0.6378
-7.0900230526683 0.6377
-7.0900483669607 0.6376
-7.09010669886339 0.6375
-7.09015474469864 0.6374
-7.09020366337746 0.6373
-7.09026396837445 0.6372
-7.09031893641754 0.6371
-7.0903812062357 0.637
-7.09047418657183 0.6369
-7.0905485418141 0.6368
-7.09063018782784 0.6367
-7.09071374528654 0.6366
-7.09078071900696 0.6365
-7.09086658655621 0.6364
-7.09096092824048 0.6363
-7.09101660161228 0.6362
-7.09105085491003 0.6361
-7.09103351678181 0.636
-7.0909874969093 0.6359
-7.09091995159384 0.6358
-7.09081812384507 0.6357
-7.09069097903303 0.6356
-7.09055087613368 0.6355
-7.09040030663704 0.6354
-7.09023229231529 0.6353
-7.09006233275869 0.6352
-7.08989014524154 0.6351
-7.08971379237266 0.635
-7.08953432014759 0.6349
-7.08936277431368 0.6348
-7.08921889550651 0.6347
-7.08907237135523 0.6346
-7.08893099297612 0.6345
-7.08879117030967 0.6344
-7.088650016698 0.6343
-7.08852042952643 0.6342
-7.08840458055763 0.6341
-7.08828077537143 0.634
-7.0881897193226 0.6339
-7.08809804704017 0.6338
-7.0880114001494 0.6337
-7.08792576600858 0.6336
-7.08785717448715 0.6335
-7.0877946195564 0.6334
-7.08774321808949 0.6333
-7.08771561295682 0.6332
-7.08771629804057 0.6331
-7.08770408302537 0.633
-7.08768106878905 0.6329
-7.08766277264977 0.6328
-7.08762882309745 0.6327
-7.08759320889215 0.6326
-7.08754754552311 0.6325
-7.08748686446569 0.6324
-7.08742299208354 0.6323
-7.0873588976522 0.6322
-7.08730905795136 0.6321
-7.08724611176891 0.632
-7.08719956227597 0.6319
-7.08716243769554 0.6318
-7.08710084390189 0.6317
-7.08705025872049 0.6316
-7.08701533227031 0.6315
-7.08698491970643 0.6314
-7.08696103294488 0.6313
-7.08694411564974 0.6312
-7.08692697791724 0.6311
-7.08690793420274 0.631
-7.08689521488058 0.6309
-7.08689736700912 0.6308
-7.0869195201269 0.6307
-7.08694461416085 0.6306
-7.08698636741967 0.6305
-7.08703572717169 0.6304
-7.08710031516694 0.6303
-7.08720348959702 0.6302
-7.08732172974334 0.6301
-7.08743908817091 0.63
-7.0875353485805 0.6299
-7.08764123217538 0.6298
-7.08774117710447 0.6297
-7.08784795195574 0.6296
-7.08794960698758 0.6295
-7.08804400373553 0.6294
-7.08811351599575 0.6293
-7.0881862789067 0.6292
-7.08824027930295 0.6291
-7.08827640601284 0.629
-7.08828740025617 0.6289
-7.08827919421788 0.6288
-7.08826469443042 0.6287
-7.08822252509439 0.6286
-7.08817680431275 0.6285
-7.08813507391872 0.6284
-7.08807611830038 0.6283
-7.08801428267195 0.6282
-7.08795224334583 0.6281
-7.08789120768385 0.628
-7.08785022413534 0.6279
-7.08781735798496 0.6278
-7.08777496764182 0.6277
-7.08776621318703 0.6276
-7.08776128353694 0.6275
-7.08775163009952 0.6274
-7.0877755915697 0.6273
-7.08779746970274 0.6272
-7.08782653987447 0.6271
-7.08786119393323 0.627
-7.08790774747981 0.6269
-7.08792660213553 0.6268
-7.08793255689174 0.6267
-7.08793491869697 0.6266
-7.08795073784462 0.6265
-7.08796176534188 0.6264
-7.08796349899228 0.6263
-7.08794811725387 0.6262
-7.08792777148959 0.6261
-7.08793072742983 0.626
-7.08796553666703 0.6259
-7.08801888044542 0.6258
-7.08809347806092 0.6257
-7.08817408562438 0.6256
-7.08827297109018 0.6255
-7.08839346706097 0.6254
-7.08850925610835 0.6253
-7.08863293107298 0.6252
-7.08876230441079 0.6251
-7.08889156248297 0.625
-7.08902326864399 0.6249
-7.08915790699014 0.6248
-7.0892770842281 0.6247
-7.089397907594 0.6246
-7.08951851115755 0.6245
-7.089632028565 0.6244
-7.08974891238039 0.6243
-7.08983247385046 0.6242
-7.08990005927239 0.6241
-7.08994051788675 0.624
-7.08996297900735 0.6239
-7.0899596764131 0.6238
-7.08995407342592 0.6237
-7.08995782838548 0.6236
-7.08995437865766 0.6235
-7.0899394947282 0.6234
-7.08990332365459 0.6233
-7.0898566674783 0.6232
-7.08979508291237 0.6231
-7.08975036221791 0.623
-7.08969603732206 0.6229
-7.08964106102482 0.6228
-7.08959855007272 0.6227
-7.08955873822814 0.6226
-7.08952988437135 0.6225
-7.08951700794733 0.6224
-7.08949879155332 0.6223
-7.08948340450986 0.6222
-7.08950306177418 0.6221
-7.08952109581734 0.622
-7.08953273512875 0.6219
-7.08954797181884 0.6218
-7.08954763970482 0.6217
-7.08953554190619 0.6216
-7.08949393331226 0.6215
-7.08944023687749 0.6214
-7.08938951913916 0.6213
-7.08931848631109 0.6212
-7.08923197010845 0.6211
-7.08912601737041 0.621
-7.08897769728823 0.6209
-7.08882386877111 0.6208
-7.0886729523333 0.6207
-7.08851648535418 0.6206
-7.08835267727565 0.6205
-7.08818761097485 0.6204
-7.08801281971639 0.6203
-7.08783059958081 0.6202
-7.08764001787147 0.6201
-7.08748935360303 0.62
-7.08736421300814 0.6199
-7.08726593961186 0.6198
-7.08720568392693 0.6197
-7.08712925716064 0.6196
-7.08708513397294 0.6195
-7.08705409203151 0.6194
-7.08703286629827 0.6193
-7.08703766986033 0.6192
-7.08706385503317 0.6191
-7.08710621653947 0.619
-7.08715756051495 0.6189
-7.08723031100279 0.6188
-7.08731108805578 0.6187
-7.08738579944909 0.6186
-7.08746182665598 0.6185
-7.08752701636221 0.6184
-7.08757395894765 0.6183
-7.08760459588798 0.6182
-7.08762006160814 0.6181
-7.08763814709559 0.618
-7.08764718890451 0.6179
-7.08765545743467 0.6178
-7.08765205638437 0.6177
-7.08765089373022 0.6176
-7.08763921440584 0.6175
-7.08761624076364 0.6174
-7.08757333028414 0.6173
-7.08752890265245 0.6172
-7.08748262908554 0.6171
-7.08744882841043 0.617
-7.08741069658786 0.6169
-7.0873504441191 0.6168
-7.08729696710456 0.6167
-7.08726241634109 0.6166
-7.08726873585364 0.6165
-7.08728357973381 0.6164
-7.08730422422216 0.6163
-7.08735345516995 0.6162
-7.08742318333903 0.6161
-7.08750046317206 0.616
-7.08756802686641 0.6159
-7.08764786806188 0.6158
-7.08775225012088 0.6157
-7.08786464147417 0.6156
-7.08798359611364 0.6155
-7.0881011407492 0.6154
-7.08821934819241 0.6153
-7.08835193168648 0.6152
-7.08849022974549 0.6151
-7.08861648874405 0.615
-7.08872614184918 0.6149
-7.08885318779177 0.6148
-7.08896898779417 0.6147
-7.08907947049299 0.6146
-7.08916910346972 0.6145
-7.0892472945685 0.6144
-7.08932296158251 0.6143
-7.08937012826838 0.6142
-7.08942401600217 0.6141
-7.08946532028039 0.614
-7.08948454610438 0.6139
-7.08947938835498 0.6138
-7.08948025361328 0.6137
-7.08947332615068 0.6136
-7.08946155249256 0.6135
-7.08943173356219 0.6134
-7.08937662143324 0.6133
-7.08931893787412 0.6132
-7.0892459310213 0.6131
-7.0891749493892 0.613
-7.08910580015504 0.6129
-7.08906519190846 0.6128
-7.08904803235052 0.6127
-7.08904613001019 0.6126
-7.08906361343628 0.6125
-7.08909830734098 0.6124
-7.08914639579973 0.6123
-7.08921119463735 0.6122
-7.0893065119202 0.6121
-7.08942098411445 0.612
-7.08954151287153 0.6119
-7.08966814162317 0.6118
-7.08979026553894 0.6117
-7.0899183193754 0.6116
-7.09004084360465 0.6115
-7.09017384781969 0.6114
-7.09030558174955 0.6113
-7.09043331663363 0.6112
-7.09055437846707 0.6111
-7.09064109306707 0.611
-7.09073004887093 0.6109
-7.09080418595594 0.6108
-7.09088408919617 0.6107
-7.09096517310626 0.6106
-7.09103450874904 0.6105
-7.09108419234973 0.6104
-7.09114143512918 0.6103
-7.09118625532803 0.6102
-7.09123606951735 0.6101
-7.09128854104074 0.61
-7.09134637342186 0.6099
-7.09141901771357 0.6098
-7.09148329417383 0.6097
-7.09155337663306 0.6096
-7.09163104789053 0.6095
-7.09168731069888 0.6094
-7.09175135092796 0.6093
-7.09182702760994 0.6092
-7.09189285996689 0.6091
-7.09196138438497 0.609
-7.09202842610193 0.6089
-7.09206781334895 0.6088
-7.0921191634933 0.6087
-7.09216670332047 0.6086
-7.09223000450006 0.6085
-7.09228323470998 0.6084
-7.09232154425841 0.6083
-7.09233425669017 0.6082
-7.09235298576852 0.6081
-7.09236393057278 0.608
-7.09235074742019 0.6079
-7.0923525108132 0.6078
-7.09235512374655 0.6077
-7.09235521322719 0.6076
-7.09234836302132 0.6075
-7.09232079386232 0.6074
-7.09228313291354 0.6073
-7.09224494374834 0.6072
-7.09220541282109 0.6071
-7.09215318441456 0.607
-7.09209107859438 0.6069
-7.09202330249349 0.6068
-7.09196875767386 0.6067
-7.09192105068121 0.6066
-7.0918707612469 0.6065
-7.09182024755089 0.6064
-7.09176552780066 0.6063
-7.09171769685812 0.6062
-7.0916749525477 0.6061
-7.09163102830103 0.606
-7.09160914259974 0.6059
-7.09161952623383 0.6058
-7.0916397251585 0.6057
-7.0916661313696 0.6056
-7.0917096698016 0.6055
-7.09173940961794 0.6054
-7.09176585031154 0.6053
-7.09177979446843 0.6052
-7.09180828935061 0.6051
-7.09181438317209 0.605
-7.09178867477057 0.6049
-7.09175933211649 0.6048
-7.0917286450715 0.6047
-7.09173025744329 0.6046
-7.09175086875746 0.6045
-7.09178051992264 0.6044
-7.09181741616548 0.6043
-7.09184550821134 0.6042
-7.09187305711272 0.6041
-7.09190665874996 0.604
-7.09194475965983 0.6039
-7.09198683111629 0.6038
-7.09202339796526 0.6037
-7.09205791768976 0.6036
-7.09207630558258 0.6035
-7.0920800697945 0.6034
-7.0920491149005 0.6033
-7.09200887768298 0.6032
-7.09196835034818 0.6031
-7.09191440517085 0.603
-7.09186558621352 0.6029
-7.09180309310051 0.6028
-7.09175473324581 0.6027
-7.09171743496113 0.6026
-7.09170046286054 0.6025
-7.09167215988437 0.6024
-7.0916365921159 0.6023
-7.09160174862972 0.6022
-7.09158272819877 0.6021
-7.0915633059216 0.602
-7.09156413861562 0.6019
-7.09156875820404 0.6018
-7.09159187149297 0.6017
-7.09162854770448 0.6016
-7.09167607687389 0.6015
-7.09173603113612 0.6014
-7.09179090185904 0.6013
-7.09183164230089 0.6012
-7.09188606202881 0.6011
-7.09191908772808 0.601
-7.09193132147847 0.6009
-7.09192201175645 0.6008
-7.0919147201592 0.6007
-7.09190440785084 0.6006
-7.09186886350361 0.6005
-7.09184417428976 0.6004
-7.091807519116 0.6003
-7.09176625948706 0.6002
-7.09170574286949 0.6001
-7.09163575383809 0.6
-7.0915637852267 0.5999
-7.09146101228939 0.5998
-7.09139402145723 0.5997
-7.09132740433091 0.5996
-7.09126217962354 0.5995
-7.09118308288303 0.5994
-7.09110097767094 0.5993
-7.09101099282016 0.5992
-7.09091840654442 0.5991
-7.09082414799193 0.599
-7.09074532710566 0.5989
-7.0906758900509 0.5988
-7.09060324134632 0.5987
-7.09052362113602 0.5986
-7.09046808015631 0.5985
-7.09042914448816 0.5984
-7.09042404419945 0.5983
-7.090457983656 0.5982
-7.09051454122877 0.5981
-7.09057515021717 0.598
-7.09064169451136 0.5979
-7.09073762824142 0.5978
-7.09085895635501 0.5977
-7.09097948256121 0.5976
-7.09109304030501 0.5975
-7.09121467633729 0.5974
-7.09135335838993 0.5973
-7.09150900728256 0.5972
-7.09169450680786 0.5971
-7.09190632994335 0.597
-7.09212076620104 0.5969
-7.09232381248292 0.5968
-7.09251446722373 0.5967
-7.09267772065023 0.5966
-7.09286488079743 0.5965
-7.09305513758453 0.5964
-7.093229607448 0.5963
-7.09339935537665 0.5962
-7.09356129564007 0.5961
-7.09369910410443 0.596
-7.09381832623041 0.5959
-7.09393934507882 0.5958
-7.09404543383189 0.5957
-7.09411668636086 0.5956
-7.09419760060487 0.5955
-7.09425064271206 0.5954
-7.09429272489183 0.5953
-7.09429404958844 0.5952
-7.09426461512852 0.5951
-7.09420261537085 0.595
-7.09412239728721 0.5949
-7.09401539045299 0.5948
-7.09391362319997 0.5947
-7.09382119410528 0.5946
-7.09374861502311 0.5945
-7.0936759784439 0.5944
-7.09360557708426 0.5943
-7.09354930207502 0.5942
-7.09351561923578 0.5941
-7.09349388426241 0.594
-7.09348639820746 0.5939
-7.09348474505708 0.5938
-7.09349439579422 0.5937
-7.09348437814879 0.5936
-7.09349803362603 0.5935
-7.09351749702583 0.5934
-7.09353784196345 0.5933
-7.09357261438475 0.5932
-7.09361456223886 0.5931
-7.09364364956349 0.593
-7.09368581942021 0.5929
-7.09371205203687 0.5928
-7.09373702058749 0.5927
-7.0937639438467 0.5926
-7.09379835699418 0.5925
-7.0938349043187 0.5924
-7.09389077352197 0.5923
-7.09394213711913 0.5922
-7.09398156711809 0.5921
-7.09402078492698 0.592
-7.09406331099378 0.5919
-7.09411347585809 0.5918
-7.09416342745624 0.5917
-7.09426696956669 0.5916
-7.09437880947775 0.5915
-7.0945273320934 0.5914
-7.09468086545409 0.5913
-7.09481862753074 0.5912
-7.09494863241933 0.5911
-7.09506724760871 0.591
-7.0951546165798 0.5909
-7.09523931258523 0.5908
-7.09532297056908 0.5907
-7.09537017956701 0.5906
-7.09537393076319 0.5905
-7.09536486915028 0.5904
-7.09533523243609 0.5903
-7.0952966304017 0.5902
-7.09522755049143 0.5901
-7.09513972316795 0.59
-7.09502746430853 0.5899
-7.09488297444622 0.5898
-7.09471681286827 0.5897
-7.09452751589833 0.5896
-7.09432632388578 0.5895
-7.09411195880256 0.5894
-7.09388815459873 0.5893
-7.09367526528074 0.5892
-7.09345140688806 0.5891
-7.09323064780299 0.589
-7.09300408834052 0.5889
-7.09277686951583 0.5888
-7.09254403615121 0.5887
-7.09233218018035 0.5886
-7.09214242039626 0.5885
-7.09195877916055 0.5884
-7.09178939526901 0.5883
-7.09161776851355 0.5882
-7.09147585379001 0.5881
-7.09134667829545 0.588
-7.09120834442081 0.5879
-7.091083591752 0.5878
-7.09095583601415 0.5877
-7.0908514943046 0.5876
-7.09077075669212 0.5875
-7.09072292014228 0.5874
-7.0906833591878 0.5873
-7.09065163246982 0.5872
-7.09062674147251 0.5871
-7.0906211870493 0.587
-7.09062827625723 0.5869
-7.09066409968707 0.5868
-7.09072425724804 0.5867
-7.09079207555692 0.5866
-7.09089371856896 0.5865
-7.09101720224379 0.5864
-7.09114704770541 0.5863
-7.09127997130422 0.5862
-7.09141567683894 0.5861
-7.09155956413921 0.586
-7.09172178392544 0.5859
-7.09188223365263 0.5858
-7.09203369871207 0.5857
-7.09217882949451 0.5856
-7.09231749538795 0.5855
-7.09244215733137 0.5854
-7.09254616555826 0.5853
-7.09264829263321 0.5852
-7.09272991127097 0.5851
-7.09278843216745 0.585
-7.09284728201546 0.5849
-7.09290469086388 0.5848
-7.0929595231703 0.5847
-7.09300628827063 0.5846
-7.09304511570923 0.5845
-7.09309351935504 0.5844
-7.09313569725499 0.5843
-7.09317004650266 0.5842
-7.09319830812958 0.5841
-7.09324311945573 0.584
-7.09327382990767 0.5839
-7.09330371390392 0.5838
-7.09333731122819 0.5837
-7.09336225069038 0.5836
-7.09337124767119 0.5835
-7.09337593927474 0.5834
-7.0933716311521 0.5833
-7.09334084070416 0.5832
-7.09330111365904 0.5831
-7.09325850930157 0.583
-7.09321319224612 0.5829
-7.09315399810026 0.5828
-7.09309885901502 0.5827
-7.0930385898876 0.5826
-7.09298544846199 0.5825
-7.09294044844694 0.5824
-7.09288994627834 0.5823
-7.09283746920226 0.5822
-7.09278353922461 0.5821
-7.09273236327859 0.582
-7.09268220261183 0.5819
-7.09262675726838 0.5818
-7.09254012306957 0.5817
-7.09246261198251 0.5816
-7.09240163311646 0.5815
-7.092354508201 0.5814
-7.0923041835902 0.5813
-7.09225998715928 0.5812
-7.0922055309687 0.5811
-7.09214454464619 0.581
-7.09206294892417 0.5809
-7.09197180392768 0.5808
-7.09188549521611 0.5807
-7.09179025222203 0.5806
-7.09169869886525 0.5805
-7.09161838946727 0.5804
-7.09154945135768 0.5803
-7.09150169897769 0.5802
-7.09146893493673 0.5801
-7.09145671405849 0.58
-7.09145861928411 0.5799
-7.09147343397139 0.5798
-7.09150281859789 0.5797
-7.09155332296134 0.5796
-7.09162967366663 0.5795
-7.09173509674659 0.5794
-7.09183403393732 0.5793
-7.09195207420269 0.5792
-7.0920605158072 0.5791
-7.09219131011635 0.579
-7.09232012687569 0.5789
-7.09244382125956 0.5788
-7.09258202209584 0.5787
-7.09273420417973 0.5786
-7.09290390747499 0.5785
-7.0930620055386 0.5784
-7.09321778700787 0.5783
-7.09338665665773 0.5782
-7.09353642579408 0.5781
-7.09367595414864 0.578
-7.09380758338707 0.5779
-7.09394001872705 0.5778
-7.09406211704746 0.5777
-7.09416352258482 0.5776
-7.09424826551279 0.5775
-7.09431751851824 0.5774
-7.09436435671871 0.5773
-7.09439329222624 0.5772
-7.09441127812871 0.5771
-7.0944105193164 0.577
-7.0944103153154 0.5769
-7.09439647743263 0.5768
-7.09436423581171 0.5767
-7.09432567611213 0.5766
-7.09426227986088 0.5765
-7.09420518235154 0.5764
-7.09415381445075 0.5763
-7.09409288654043 0.5762
-7.09402456850981 0.5761
-7.09395767614063 0.576
-7.09388633120081 0.5759
-7.09380872869378 0.5758
-7.09373006374878 0.5757
-7.09364466694908 0.5756
-7.09354746196091 0.5755
-7.09344842932623 0.5754
-7.09336814674196 0.5753
-7.09327528795546 0.5752
-7.09318267690772 0.5751
-7.0930855406716 0.575
-7.09298577530766 0.5749
-7.09289208988663 0.5748
-7.0927991673885 0.5747
-7.09271995261456 0.5746
-7.09265304289435 0.5745
-7.09259506554416 0.5744
-7.09252444796391 0.5743
-7.09244207582018 0.5742
-7.09235799037678 0.5741
-7.09229489793001 0.574
-7.09224958019743 0.5739
-7.0922237157714 0.5738
-7.09222168448075 0.5737
-7.09223237798934 0.5736
-7.09227018486258 0.5735
-7.09233580051835 0.5734
-7.09242341302003 0.5733
-7.09253160171866 0.5732
-7.09268023170731 0.5731
-7.09285538659553 0.573
-7.09303205300238 0.5729
-7.09322937379415 0.5728
-7.09343999439228 0.5727
-7.09364054344013 0.5726
-7.09385752010901 0.5725
-7.09406899643854 0.5724
-7.09426923823052 0.5723
-7.09443609536454 0.5722
-7.0946009699201 0.5721
-7.09476371736801 0.572
-7.09492242798125 0.5719
-7.09507640172342 0.5718
-7.09522061075245 0.5717
-7.0953591449775 0.5716
-7.09547629083169 0.5715
-7.09556374389827 0.5714
-7.09564144014515 0.5713
-7.09571869859412 0.5712
-7.09576929702096 0.5711
-7.09578252877029 0.571
-7.09575499249703 0.5709
-7.09572082278844 0.5708
-7.09566760205896 0.5707
-7.09560289192722 0.5706
-7.09552636085291 0.5705
-7.09543333867424 0.5704
-7.09533746776914 0.5703
-7.09521068982446 0.5702
-7.09510723077041 0.5701
-7.09502357708679 0.57
-7.09495114677011 0.5699
-7.09488528485444 0.5698
-7.09482758492972 0.5697
-7.0948091447477 0.5696
-7.09482272774447 0.5695
-7.0948781333172 0.5694
-7.09497066993004 0.5693
-7.09508473472704 0.5692
-7.09519730275066 0.5691
-7.0953343084624 0.569
-7.09548045952283 0.5689
-7.09562737236642 0.5688
-7.09575331362858 0.5687
-7.09588600141 0.5686
-7.09599908116557 0.5685
-7.09608052866486 0.5684
-7.09613980187506 0.5683
-7.09617643209722 0.5682
-7.09619256744968 0.5681
-7.09619627675368 0.568
-7.09617869744276 0.5679
-7.09615117418042 0.5678
-7.09610076596636 0.5677
-7.0960137630718 0.5676
-7.09591280070971 0.5675
-7.09581611797194 0.5674
-7.09571067056944 0.5673
-7.09560792081697 0.5672
-7.0955099404022 0.5671
-7.09541110146451 0.567
-7.0953074487528 0.5669
-7.09522226045062 0.5668
-7.09515921703561 0.5667
-7.09512016465009 0.5666
-7.09510269891967 0.5665
-7.09511780986019 0.5664
-7.09516401630121 0.5663
-7.0952376006582 0.5662
-7.09530809976494 0.5661
-7.09540258311425 0.566
-7.09551578442502 0.5659
-7.09563775341394 0.5658
-7.09577141519324 0.5657
-7.09592961848634 0.5656
-7.09609882640883 0.5655
-7.09628296372302 0.5654
-7.09647109380421 0.5653
-7.09666253074031 0.5652
-7.09684549036347 0.5651
-7.09703276367472 0.565
-7.09721077254147 0.5649
-7.09734903602771 0.5648
-7.09748442297876 0.5647
-7.09762196916017 0.5646
-7.09773780837521 0.5645
-7.09785633202775 0.5644
-7.09797100299348 0.5643
-7.09809031955098 0.5642
-7.09819064572041 0.5641
-7.09830161690538 0.564
-7.09839998838589 0.5639
-7.09849828961854 0.5638
-7.0985804546415 0.5637
-7.09866771768055 0.5636
-7.09874301185905 0.5635
-7.09879352911448 0.5634
-7.09882962355439 0.5633
-7.09884807738822 0.5632
-7.09888581536664 0.5631
-7.09891239479737 0.563
-7.09893898276688 0.5629
-7.0989674417563 0.5628
-7.09900471251962 0.5627
-7.09904701135033 0.5626
-7.09909266874615 0.5625
-7.09915496643048 0.5624
-7.09921261487183 0.5623
-7.0992773573806 0.5622
-7.09932807064428 0.5621
-7.09935154382644 0.562
-7.09934204492062 0.5619
-7.09933736685461 0.5618
-7.09932973013157 0.5617
-7.09930517719835 0.5616
-7.09927035279855 0.5615
-7.09922900414227 0.5614
-7.09917639503499 0.5613
-7.09909941402033 0.5612
-7.09901117135076 0.5611
-7.09890354863828 0.561
-7.09878447459122 0.5609
-7.0986570135886 0.5608
-7.09851629897023 0.5607
-7.09838750118889 0.5606
-7.09825518503653 0.5605
-7.09810909019271 0.5604
-7.0979644017975 0.5603
-7.09782180044848 0.5602
-7.09769911284631 0.5601
-7.09759566206506 0.56
-7.0974876943628 0.5599
-7.09738358815963 0.5598
-7.09728286265259 0.5597
-7.09718386755577 0.5596
-7.09711374865104 0.5595
-7.09705354696205 0.5594
-7.09700257266524 0.5593
-7.09695812521797 0.5592
-7.09691435564656 0.5591
-7.09687497304955 0.559
-7.0968376964363 0.5589
-7.09680629322281 0.5588
-7.09678142742889 0.5587
-7.09675996936938 0.5586
-7.09674846434317 0.5585
-7.09674191148199 0.5584
-7.09674404013894 0.5583
-7.09674813263089 0.5582
-7.09677994566202 0.5581
-7.09681207093505 0.558
-7.09684442019589 0.5579
-7.0968943983261 0.5578
-7.09695087023929 0.5577
-7.09702615278185 0.5576
-7.09711918495226 0.5575
-7.09721203223066 0.5574
-7.0972779167246 0.5573
-7.09734393956716 0.5572
-7.09739744121362 0.5571
-7.0974309764149 0.557
-7.09745132811238 0.5569
-7.09745654100724 0.5568
-7.09745383904658 0.5567
-7.09745124321117 0.5566
-7.09744151422147 0.5565
-7.09742135162206 0.5564
-7.09737985107765 0.5563
-7.09734939365473 0.5562
-7.09730648867077 0.5561
-7.09725915447898 0.556
-7.09721889520002 0.5559
-7.09717526499356 0.5558
-7.09711949325529 0.5557
-7.09703421494498 0.5556
-7.0969607226784 0.5555
-7.09687902179128 0.5554
-7.0967978218145 0.5553
-7.09672579270653 0.5552
-7.09664567626582 0.5551
-7.0965858057503 0.555
-7.09653597283903 0.5549
-7.09648168270986 0.5548
-7.09645938485275 0.5547
-7.09642994508564 0.5546
-7.09639965700611 0.5545
-7.09636533067467 0.5544
-7.09631817772591 0.5543
-7.09627103264371 0.5542
-7.09623817464801 0.5541
-7.09619170739215 0.554
-7.09613546167456 0.5539
-7.09608431850809 0.5538
-7.09600394497346 0.5537
-7.09591747351545 0.5536
-7.09581548976629 0.5535
-7.09572569824338 0.5534
-7.09562937865031 0.5533
-7.09555170747813 0.5532
-7.09547697953271 0.5531
-7.09539795110114 0.553
-7.09531222331181 0.5529
-7.09522151653686 0.5528
-7.09512409265893 0.5527
-7.09503911956009 0.5526
-7.09497261191336 0.5525
-7.09489590380255 0.5524
-7.09483101588378 0.5523
-7.09476650922966 0.5522
-7.0947088070007 0.5521
-7.09465429199397 0.552
-7.09459361824129 0.5519
-7.09455047670457 0.5518
-7.09450471559816 0.5517
-7.09447173708718 0.5516
-7.09444254562722 0.5515
-7.09443558840771 0.5514
-7.09443378764712 0.5513
-7.09442418883987 0.5512
-7.09442996017459 0.5511
-7.09444387598409 0.551
-7.09443597453876 0.5509
-7.09441900127412 0.5508
-7.09440957694587 0.5507
-7.09439665579293 0.5506
-7.09437542218459 0.5505
-7.09436223054222 0.5504
-7.09434144238395 0.5503
-7.09430395459858 0.5502
-7.09428287529299 0.5501
-7.09423824546614 0.55
-7.09419544040058 0.5499
-7.09416247977198 0.5498
-7.09411066971932 0.5497
-7.09405152012762 0.5496
-7.09397363305374 0.5495
-7.09390213060466 0.5494
-7.09383700663197 0.5493
-7.09377369471977 0.5492
-7.09375209207955 0.5491
-7.09374257174219 0.549
-7.09372841952495 0.5489
-7.09373218269868 0.5488
-7.09376683192172 0.5487
-7.09383400281562 0.5486
-7.09393123374826 0.5485
-7.09405322254339 0.5484
-7.09421669633634 0.5483
-7.09439384885988 0.5482
-7.09459513187896 0.5481
-7.09481888177652 0.548
-7.0950514812465 0.5479
-7.09530208800192 0.5478
-7.09554839001408 0.5477
-7.09578837945445 0.5476
-7.09602172930422 0.5475
-7.09623729716754 0.5474
-7.0964308858985 0.5473
-7.09661333754167 0.5472
-7.09677273362542 0.5471
-7.09690416774638 0.547
-7.09702472361074 0.5469
-7.09711865229902 0.5468
-7.09716558365563 0.5467
-7.09717714873883 0.5466
-7.09714936513102 0.5465
-7.09709314296385 0.5464
-7.09700698037723 0.5463
-7.0969139642696 0.5462
-7.09680446844529 0.5461
-7.09666835985187 0.546
-7.09650383752937 0.5459
-7.09634203228089 0.5458
-7.09617773510185 0.5457
-7.09602226681089 0.5456
-7.09586742081869 0.5455
-7.09572948055496 0.5454
-7.09562330439757 0.5453
-7.09553064121977 0.5452
-7.09545197410852 0.5451
-7.09538845447833 0.545
-7.09536440145881 0.5449
-7.09534993022351 0.5448
-7.09533132680893 0.5447
-7.09532668961173 0.5446
-7.09533965456328 0.5445
-7.09534251135249 0.5444
-7.09536138407623 0.5443
-7.09538666380751 0.5442
-7.09542288819191 0.5441
-7.09547736785109 0.544
-7.09552637572661 0.5439
-7.09556554268179 0.5438
-7.09560016184963 0.5437
-7.09561677534534 0.5436
-7.09561480800737 0.5435
-7.09563282663833 0.5434
-7.09565381697027 0.5433
-7.09566281526234 0.5432
-7.09567425388462 0.5431
-7.09567114771085 0.543
-7.09565546835527 0.5429
-7.09565508658828 0.5428
-7.09564133974178 0.5427
-7.09562239684328 0.5426
-7.09560617557292 0.5425
-7.09558123233487 0.5424
-7.09554554008115 0.5423
-7.09551356838196 0.5422
-7.09548256610616 0.5421
-7.0954701674011 0.542
-7.09545764558667 0.5419
-7.09546425725754 0.5418
-7.09548429690607 0.5417
-7.09550428665622 0.5416
-7.09555380685889 0.5415
-7.09561858656102 0.5414
-7.09571956939702 0.5413
-7.09582468380025 0.5412
-7.09594120406148 0.5411
-7.09606095758176 0.541
-7.09618219772279 0.5409
-7.09630442889578 0.5408
-7.09642060981286 0.5407
-7.09652654282523 0.5406
-7.09662805079871 0.5405
-7.09672018242859 0.5404
-7.09677405401119 0.5403
-7.09682962252557 0.5402
-7.09687804847291 0.5401
-7.09690173789273 0.54
-7.09690849341894 0.5399
-7.09690830689296 0.5398
-7.09691350596232 0.5397
-7.09689703911219 0.5396
-7.09687179555685 0.5395
-7.09686364601587 0.5394
-7.09684908284523 0.5393
-7.09683618971852 0.5392
-7.09680549186092 0.5391
-7.09678317170925 0.539
-7.09675777102683 0.5389
-7.09676305838406 0.5388
-7.09677479833388 0.5387
-7.09681102431633 0.5386
-7.09685345543178 0.5385
-7.096925178671 0.5384
-7.09702796329314 0.5383
-7.09714428438505 0.5382
-7.09726504562162 0.5381
-7.09738192548601 0.538
-7.09750888733596 0.5379
-7.09762689723063 0.5378
-7.0977299383512 0.5377
-7.09784351461024 0.5376
-7.09794397374346 0.5375
-7.09803485975976 0.5374
-7.09812373877917 0.5373
-7.09819526510672 0.5372
-7.09825355489309 0.5371
-7.098294868314 0.537
-7.09833916211556 0.5369
-7.09837304409739 0.5368
-7.09840019284135 0.5367
-7.09842300250063 0.5366
-7.09845897999705 0.5365
-7.09848188051827 0.5364
-7.09851896543184 0.5363
-7.09854578522197 0.5362
-7.09857259809673 0.5361
-7.0986021480008 0.536
-7.09863592245191 0.5359
-7.09866811113944 0.5358
-7.09871314649945 0.5357
-7.09872554944779 0.5356
-7.09870372503918 0.5355
-7.09865920518597 0.5354
-7.09861353469921 0.5353
-7.09857170269619 0.5352
-7.09850475818276 0.5351
-7.09844577178668 0.535
-7.09839816737535 0.5349
-7.09835811406853 0.5348
-7.09832066253955 0.5347
-7.09828914822955 0.5346
-7.09827750664947 0.5345
-7.09827746504757 0.5344
-7.09829460685555 0.5343
-7.0983467339697 0.5342
-7.09841217215416 0.5341
-7.09848635841922 0.534
-7.09856946165172 0.5339
-7.0986484403769 0.5338
-7.09874006823865 0.5337
-7.09885134083718 0.5336
-7.09895627339041 0.5335
-7.09906291757133 0.5334
-7.09916608341035 0.5333
-7.09926169241004 0.5332
-7.09934766402828 0.5331
-7.09941538334856 0.533
-7.09948449430132 0.5329
-7.09954790885297 0.5328
-7.09959104642923 0.5327
-7.09964101677611 0.5326
-7.09969456826431 0.5325
-7.09973743944564 0.5324
-7.09976829642913 0.5323
-7.09978578347343 0.5322
-7.09982708259604 0.5321
-7.0998423415649 0.532
-7.09985283518752 0.5319
-7.09988333596784 0.5318
-7.09990693437252 0.5317
-7.09993878887501 0.5316
-7.09997524569586 0.5315
-7.100013276545 0.5314
-7.10006035454981 0.5313
-7.10009520617765 0.5312
-7.10012154675379 0.5311
-7.10016213329858 0.531
-7.10022528212614 0.5309
-7.10027214278805 0.5308
-7.10030957443583 0.5307
-7.10033738326496 0.5306
-7.10036425348279 0.5305
-7.10040244454617 0.5304
-7.10043142553251 0.5303
-7.10046234963049 0.5302
-7.10049798140324 0.5301
-7.10052553409742 0.53
-7.10054309233213 0.5299
-7.10056733573694 0.5298
-7.10058737654246 0.5297
-7.10061404602349 0.5296
-7.10063989662429 0.5295
-7.10065242825568 0.5294
-7.10065373938265 0.5293
-7.10065990464214 0.5292
-7.10068987529129 0.5291
-7.10071039163026 0.529
-7.10071149797486 0.5289
-7.10070424680228 0.5288
-7.10069320311785 0.5287
-7.10068053311987 0.5286
-7.10067134189671 0.5285
-7.10063076830552 0.5284
-7.10056148338811 0.5283
-7.10049119756623 0.5282
-7.10042690535472 0.5281
-7.10035994443979 0.528
-7.10026860558536 0.5279
-7.100175580754 0.5278
-7.10008177368919 0.5277
-7.10000110669803 0.5276
-7.09992454569455 0.5275
-7.09984023737373 0.5274
-7.0997623513037 0.5273
-7.09970926727478 0.5272
-7.09965601115758 0.5271
-7.09961135993918 0.527
-7.09960214487755 0.5269
-7.09960856429709 0.5268
-7.09963420740174 0.5267
-7.09968415679627 0.5266
-7.09974629916395 0.5265
-7.09983264401196 0.5264
-7.09993665647949 0.5263
-7.1000484939042 0.5262
-7.10018189763127 0.5261
-7.10032903068349 0.526
-7.10048655476541 0.5259
-7.10065400368546 0.5258
-7.10083002415785 0.5257
-7.10099929795784 0.5256
-7.10115316835891 0.5255
-7.10130276036567 0.5254
-7.10142332801287 0.5253
-7.10151823941742 0.5252
-7.10159815530131 0.5251
-7.10166793314938 0.525
-7.10172813692277 0.5249
-7.10177396935956 0.5248
-7.10179487277617 0.5247
-7.10179430296806 0.5246
-7.10178672347194 0.5245
-7.10177277594387 0.5244
-7.10177006627699 0.5243
-7.1017512642875 0.5242
-7.10173033785871 0.5241
-7.10170240866154 0.524
-7.10169431678511 0.5239
-7.10171300381105 0.5238
-7.10173589718523 0.5237
-7.1017660985396 0.5236
-7.10179297390963 0.5235
-7.10181007891061 0.5234
-7.10181607456486 0.5233
-7.10181537139873 0.5232
-7.10182754734222 0.5231
-7.10183585081333 0.523
-7.10184635945172 0.5229
-7.10186421019635 0.5228
-7.10187553966121 0.5227
-7.1018840356794 0.5226
-7.10186679807141 0.5225
-7.10184134100761 0.5224
-7.10179746779659 0.5223
-7.101732609017 0.5222
-7.10164875835416 0.5221
-7.10157375387456 0.522
-7.10149828696976 0.5219
-7.10140335594776 0.5218
-7.10131649124041 0.5217
-7.10122351363922 0.5216
-7.10114103248616 0.5215
-7.10105030194504 0.5214
-7.10096172072735 0.5213
-7.10088063790592 0.5212
-7.10080629362714 0.5211
-7.10073738236969 0.521
-7.10067738119637 0.5209
-7.10062423734472 0.5208
-7.10058092839663 0.5207
-7.10055266433269 0.5206
-7.10052532624032 0.5205
-7.10051254014291 0.5204
-7.10051357281827 0.5203
-7.10052087005656 0.5202
-7.10053341843581 0.5201
-7.1005796369035 0.52
-7.10063359618494 0.5199
-7.10070821953892 0.5198
-7.10077954857753 0.5197
-7.10084928270312 0.5196
-7.1009205265236 0.5195
-7.10096732001465 0.5194
-7.10100629361982 0.5193
-7.10103465503219 0.5192
-7.1010601167298 0.5191
-7.10106371396827 0.519
-7.10104552430839 0.5189
-7.10104361139133 0.5188
-7.10104017335292 0.5187
-7.1010180483367 0.5186
-7.10098280823047 0.5185
-7.10095377825837 0.5184
-7.10091979286925 0.5183
-7.1008786904336 0.5182
-7.10084177344581 0.5181
-7.10081599754608 0.518
-7.10080981105953 0.5179
-7.10080190418602 0.5178
-7.10081295107094 0.5177
-7.10083283883469 0.5176
-7.10086849362006 0.5175
-7.1009005063797 0.5174
-7.10093463687017 0.5173
-7.1009672233872 0.5172
-7.10099207845187 0.5171
-7.10102019219081 0.517
-7.10106206353113 0.5169
-7.10111773803963 0.5168
-7.10117745821301 0.5167
-7.10124629172707 0.5166
-7.10129182541962 0.5165
-7.10133329654954 0.5164
-7.1013850358049 0.5163
-7.10143364629707 0.5162
-7.10147372724098 0.5161
-7.10148771705446 0.516
-7.10150351589542 0.5159
-7.10151044670905 0.5158
-7.10150034053896 0.5157
-7.10149297087267 0.5156
-7.10147018059464 0.5155
-7.10143105069813 0.5154
-7.10138617794617 0.5153
-7.10132979481364 0.5152
-7.10126349904153 0.5151
-7.10119526127975 0.515
-7.10113069420219 0.5149
-7.10106551715238 0.5148
-7.10098798268034 0.5147
-7.10089288721453 0.5146
-7.10078813417012 0.5145
-7.10068866938785 0.5144
-7.10059211102059 0.5143
-7.10049040294108 0.5142
-7.10038524523565 0.5141
-7.10028723980852 0.514
-7.10019769209868 0.5139
-7.10009553330037 0.5138
-7.09998865337622 0.5137
-7.09988937885368 0.5136
-7.09981508727991 0.5135
-7.09973338706974 0.5134
-7.09966618769754 0.5133
-7.09962817580378 0.5132
-7.09961945139038 0.5131
-7.09962878218392 0.513
-7.09965073080961 0.5129
-7.09970005638794 0.5128
-7.09976833803457 0.5127
-7.09986832168061 0.5126
-7.09998186999045 0.5125
-7.1001069893458 0.5124
-7.10024564944134 0.5123
-7.10038533834098 0.5122
-7.10051951592423 0.5121
-7.10064152709329 0.512
-7.10076117750509 0.5119
-7.10086469095834 0.5118
-7.10095249508011 0.5117
-7.10105152091835 0.5116
-7.10114954043433 0.5115
-7.1012358148306 0.5114
-7.10131516642125 0.5113
-7.10139234844936 0.5112
-7.10147396530804 0.5111
-7.101550984196 0.511
-7.10161870698462 0.5109
-7.10169939199425 0.5108
-7.10176844890379 0.5107
-7.10182862921544 0.5106
-7.10186651259443 0.5105
-7.10189869834703 0.5104
-7.1019208146639 0.5103
-7.10193394320504 0.5102
-7.10195165225323 0.5101
-7.10196036605894 0.51
-7.10195074460364 0.5099
-7.10193726352544 0.5098
-7.10192900228275 0.5097
-7.10190114569812 0.5096
-7.10187437598545 0.5095
-7.1018373377757 0.5094
-7.10179597473688 0.5093
-7.101756730692 0.5092
-7.10171308969218 0.5091
-7.10170104875444 0.509
-7.10168476419581 0.5089
-7.10167511137645 0.5088
-7.10165751964049 0.5087
-7.10166590142337 0.5086
-7.10166850389325 0.5085
-7.1017054460156 0.5084
-7.10173182573754 0.5083
-7.1017738138402 0.5082
-7.10183657061514 0.5081
-7.10190408435005 0.508
-7.10195723105545 0.5079
-7.10198664889571 0.5078
-7.10201526932618 0.5077
-7.10204137287471 0.5076
-7.10204686527371 0.5075
-7.10200270966152 0.5074
-7.10194714153272 0.5073
-7.10188018789549 0.5072
-7.10181000261481 0.5071
-7.10170606512323 0.507
-7.10157330377682 0.5069
-7.10144646673278 0.5068
-7.10132401407316 0.5067
-7.1011985341635 0.5066
-7.10108234803686 0.5065
-7.10098541674649 0.5064
-7.10090215918071 0.5063
-7.10083804063003 0.5062
-7.10078773841028 0.5061
-7.10076040411295 0.506
-7.10074535343035 0.5059
-7.10074768808228 0.5058
-7.10076973529536 0.5057
-7.10080869584278 0.5056
-7.10086187089089 0.5055
-7.10092663362873 0.5054
-7.100992223024 0.5053
-7.10106602758775 0.5052
-7.10114725652274 0.5051
-7.10123705699235 0.505
-7.10134179505515 0.5049
-7.10143880287317 0.5048
-7.10155046528861 0.5047
-7.10166907825752 0.5046
-7.10180064561256 0.5045
-7.10191454484074 0.5044
-7.10201443154409 0.5043
-7.10212772502579 0.5042
-7.1022384581571 0.5041
-7.10233376830376 0.504
-7.10242088105166 0.5039
-7.10250407485136 0.5038
-7.10256649000591 0.5037
-7.10261173252318 0.5036
-7.10264021703596 0.5035
-7.10264622416894 0.5034
-7.10265248464442 0.5033
-7.10267061200569 0.5032
-7.10268113487972 0.5031
-7.10269652750726 0.503
-7.10272199927743 0.5029
-7.10276177653371 0.5028
-7.10277754151352 0.5027
-7.10280528045302 0.5026
-7.10283343956754 0.5025
-7.10287092193846 0.5024
-7.10290364489823 0.5023
-7.10293580519261 0.5022
-7.10296401960857 0.5021
-7.10297847251035 0.502
-7.10299270521111 0.5019
-7.10300664970735 0.5018
-7.10300819193501 0.5017
-7.10301330770918 0.5016
-7.10304488446239 0.5015
-7.10310055617032 0.5014
-7.1031603636443 0.5013
-7.10321845603711 0.5012
-7.10328945494495 0.5011
-7.10336451376861 0.501
-7.1034284678198 0.5009
-7.10348860778756 0.5008
-7.10353093516634 0.5007
-7.10356708568284 0.5006
-7.1036027836593 0.5005
-7.1036461744652 0.5004
-7.10369782750821 0.5003
-7.10375425086137 0.5002
-7.10381659955597 0.5001
-7.10387435496331 0.5
-7.10392372546067 0.4999
-7.10398492294449 0.4998
-7.10403562236056 0.4997
-7.10406540298078 0.4996
-7.10406734273525 0.4995
-7.10405550853316 0.4994
-7.10403801129271 0.4993
-7.10400585942059 0.4992
-7.103950190844 0.4991
-7.10387904776788 0.499
-7.10381135921807 0.4989
-7.10372926547614 0.4988
-7.10364237582175 0.4987
-7.10352067533807 0.4986
-7.10337188539167 0.4985
-7.10322254438397 0.4984
-7.10306158308354 0.4983
-7.10287414751255 0.4982
-7.1026981936431 0.4981
-7.10254784346453 0.498
-7.10239754247938 0.4979
-7.10223030113973 0.4978
-7.10206620628348 0.4977
-7.10191373167977 0.4976
-7.10176499589779 0.4975
-7.10164080892658 0.4974
-7.10152294331119 0.4973
-7.10140741328558 0.4972
-7.10131020669972 0.4971
-7.10122619951033 0.497
-7.10117065024583 0.4969
-7.10114199674452 0.4968
-7.10114828241219 0.4967
-7.1011677567911 0.4966
-7.10119818497872 0.4965
-7.10123064494106 0.4964
-7.10128562002223 0.4963
-7.1013417587219 0.4962
-7.10141025194674 0.4961
-7.10148743834843 0.496
-7.10157964052943 0.4959
-7.10169177746924 0.4958
-7.10182213392012 0.4957
-7.10194735625047 0.4956
-7.10205715708535 0.4955
-7.10216762225512 0.4954
-7.10226725862033 0.4953
-7.10236804058967 0.4952
-7.1024645576516 0.4951
-7.10255580310646 0.495
-7.10264650687104 0.4949
-7.10272257785374 0.4948
-7.10277901356046 0.4947
-7.10281125486725 0.4946
-7.10284172380028 0.4945
-7.10286604691552 0.4944
-7.10288999733503 0.4943
-7.10289878931122 0.4942
-7.1028710762818 0.4941
-7.10284030102659 0.494
-7.10281012351165 0.4939
-7.10276658864778 0.4938
-7.10270445723893 0.4937
-7.10265099763398 0.4936
-7.10258861895343 0.4935
-7.1025424446023 0.4934
-7.1025016107899 0.4933
-7.10245962372752 0.4932
-7.10240864225113 0.4931
-7.10237516269318 0.493
-7.10233512755251 0.4929
-7.10228609889677 0.4928
-7.10223354982708 0.4927
-7.10218040975348 0.4926
-7.10214880668449 0.4925
-7.10212863377846 0.4924
-7.10212830980349 0.4923
-7.10212767000949 0.4922
-7.10214019365464 0.4921
-7.10215398457394 0.492
-7.10217632766572 0.4919
-7.10220418613454 0.4918
-7.10224422559306 0.4917
-7.10230925257583 0.4916
-7.10239894591794 0.4915
-7.10248400551537 0.4914
-7.1025673575931 0.4913
-7.10265298318367 0.4912
-7.10274282328217 0.4911
-7.10283060501548 0.491
-7.1029175822676 0.4909
-7.10301917204254 0.4908
-7.1031224967143 0.4907
-7.10322854487635 0.4906
-7.10333036615616 0.4905
-7.1034076893665 0.4904
-7.10347306701387 0.4903
-7.10352184447567 0.4902
-7.10357255902375 0.4901
-7.10362334329504 0.49
-7.10369171658776 0.4899
-7.10375668286151 0.4898
-7.10379441987004 0.4897
-7.10382672090068 0.4896
-7.10386804527645 0.4895
-7.1038909727542 0.4894
-7.10389074426647 0.4893
-7.10388679349412 0.4892
-7.10385640641743 0.4891
-7.10382606299066 0.489
-7.10376433666898 0.4889
-7.1037105372715 0.4888
-7.10365702087824 0.4887
-7.10358800874056 0.4886
-7.10351240829731 0.4885
-7.1034342794375 0.4884
-7.10335781793211 0.4883
-7.10327073805743 0.4882
-7.10317834126354 0.4881
-7.10309385426656 0.488
-7.10300569482022 0.4879
-7.10292468356224 0.4878
-7.1028652965581 0.4877
-7.10282653437192 0.4876
-7.10280159827539 0.4875
-7.10278299657139 0.4874
-7.10277402413153 0.4873
-7.10275864801782 0.4872
-7.10277242365724 0.4871
-7.10277708254246 0.487
-7.10277454317989 0.4869
-7.10277711088824 0.4868
-7.10279254251963 0.4867
-7.10280389643207 0.4866
-7.10281254413011 0.4865
-7.10282584676682 0.4864
-7.10282170395471 0.4863
-7.1028363050425 0.4862
-7.10285800080898 0.4861
-7.10287771264708 0.486
-7.10291661174826 0.4859
-7.10294410011591 0.4858
-7.10296039977928 0.4857
-7.10297933772078 0.4856
-7.10298902166665 0.4855
-7.10299838323342 0.4854
-7.10301344767022 0.4853
-7.10303148756051 0.4852
-7.10303115054801 0.4851
-7.10304207284498 0.485
-7.10306207556766 0.4849
-7.10307304684946 0.4848
-7.10307544892062 0.4847
-7.10307142247579 0.4846
-7.10306258163307 0.4845
-7.10305977188888 0.4844
-7.10307055392072 0.4843
-7.10306930651249 0.4842
-7.10307304410313 0.4841
-7.10308732674175 0.484
-7.10311007105113 0.4839
-7.1031482822346 0.4838
-7.10316906255574 0.4837
-7.10316802692382 0.4836
-7.10317740660085 0.4835
-7.10316051233401 0.4834
-7.10314722820673 0.4833
-7.10315185843375 0.4832
-7.10315721583828 0.4831
-7.10316009247913 0.483
-7.10314154434433 0.4829
-7.10312272582413 0.4828
-7.10309988858306 0.4827
-7.10305090395761 0.4826
-7.10299898048276 0.4825
-7.10295877225448 0.4824
-7.10292977350799 0.4823
-7.10290379918515 0.4822
-7.10288571673409 0.4821
-7.10287004831988 0.482
-7.10286045368557 0.4819
-7.10285224150867 0.4818
-7.10283960735524 0.4817
-7.10282118736065 0.4816
-7.10281368846368 0.4815
-7.10279782457814 0.4814
-7.10279616295491 0.4813
-7.10278070976176 0.4812
-7.10277439809044 0.4811
-7.10277610912113 0.481
-7.10279719345721 0.4809
-7.10282264748534 0.4808
-7.10286307969967 0.4807
-7.10291411598581 0.4806
-7.10296025870323 0.4805
-7.10302777982375 0.4804
-7.10307452829731 0.4803
-7.10315088748166 0.4802
-7.10322673495227 0.4801
-7.10330306483685 0.48
-7.10337195419488 0.4799
-7.10343241168068 0.4798
-7.10351304256611 0.4797
-7.10359799502322 0.4796
-7.10367746527436 0.4795
-7.10373886674897 0.4794
-7.10380502943115 0.4793
-7.10385892018473 0.4792
-7.10389528456964 0.4791
-7.10393834011982 0.479
-7.10398070586947 0.4789
-7.1040263139506 0.4788
-7.10406698490215 0.4787
-7.10411113009742 0.4786
-7.10415071072149 0.4785
-7.10419594640992 0.4784
-7.104221792075 0.4783
-7.10424914009145 0.4782
-7.10427485407023 0.4781
-7.10431399331723 0.478
-7.10435029999934 0.4779
-7.10437609594216 0.4778
-7.10441338647917 0.4777
-7.10445927919201 0.4776
-7.10448217815673 0.4775
-7.10450938052622 0.4774
-7.10451139058816 0.4773
-7.10450184424191 0.4772
-7.10448158651201 0.4771
-7.10445317950784 0.477
-7.1044062877617 0.4769
-7.10436074085548 0.4768
-7.10428831200101 0.4767
-7.10420849179302 0.4766
-7.10412644751966 0.4765
-7.10406415095371 0.4764
-7.10398440949104 0.4763
-7.10390565042154 0.4762
-7.10384093940926 0.4761
-7.10376286599349 0.476
-7.10368805482379 0.4759
-7.103598329754 0.4758
-7.10350314399204 0.4757
-7.10341122029034 0.4756
-7.10332802829988 0.4755
-7.10326467997635 0.4754
-7.10322757384659 0.4753
-7.10317496705828 0.4752
-7.10315125012948 0.4751
-7.10312058875507 0.475
-7.10310712128437 0.4749
-7.10309817999445 0.4748
-7.10309760224066 0.4747
-7.10310969510257 0.4746
-7.10313160806501 0.4745
-7.10314160506574 0.4744
-7.10315465756387 0.4743
-7.10317938143827 0.4742
-7.10320590125966 0.4741
-7.1032475493101 0.474
-7.10326791122073 0.4739
-7.10329176586438 0.4738
-7.10330751173566 0.4737
-7.10332761588172 0.4736
-7.10334004904544 0.4735
-7.10335151261069 0.4734
-7.10335553946859 0.4733
-7.10335659244879 0.4732
-7.10336136601292 0.4731
-7.10336556559821 0.473
-7.10336151676694 0.4729
-7.10335872228914 0.4728
-7.10332808511756 0.4727
-7.10329879142815 0.4726
-7.1032821369983 0.4725
-7.10325315551272 0.4724
-7.10323380498187 0.4723
-7.1032329201235 0.4722
-7.10323412863546 0.4721
-7.10323567575422 0.472
-7.10324474457967 0.4719
-7.10325619553725 0.4718
-7.10326911081206 0.4717
-7.1033047485751 0.4716
-7.10335259706249 0.4715
-7.10341855575299 0.4714
-7.1034712023722 0.4713
-7.10351434614453 0.4712
-7.10355224162301 0.4711
-7.10360775326209 0.471
-7.10366878366136 0.4709
-7.10372127548986 0.4708
-7.10374463166451 0.4707
-7.10378595941294 0.4706
-7.10382068342748 0.4705
-7.10384471637554 0.4704
-7.10386299195448 0.4703
-7.103887068079 0.4702
-7.10392986281044 0.4701
-7.1039789190488 0.47
-7.10403291648537 0.4699
-7.10408724245433 0.4698
-7.10414988460303 0.4697
-7.10421829803915 0.4696
-7.10429055357886 0.4695
-7.10438527559275 0.4694
-7.10445682871623 0.4693
-7.1045349348811 0.4692
-7.10461226916264 0.4691
-7.10467993665231 0.469
-7.10476245708573 0.4689
-7.10485669662142 0.4688
-7.10493907624129 0.4687
-7.10502643917857 0.4686
-7.10511979833495 0.4685
-7.10518652957377 0.4684
-7.10523620259931 0.4683
-7.10528048834129 0.4682
-7.10531590206309 0.4681
-7.10533292663495 0.468
-7.10535317087654 0.4679
-7.10535419110401 0.4678
-7.1053552169822 0.4677
-7.1053454577287 0.4676
-7.10533403901801 0.4675
-7.10531202162177 0.4674
-7.10529937522828 0.4673
-7.10530359671401 0.4672
-7.1053010491325 0.4671
-7.10530088935361 0.467
-7.10532357082186 0.4669
-7.10535738000654 0.4668
-7.10540792963352 0.4667
-7.10546870706 0.4666
-7.1055116720561 0.4665
-7.1055588716267 0.4664
-7.10560134107407 0.4663
-7.1056550961359 0.4662
-7.10570197522793 0.4661
-7.10574110636604 0.466
-7.10578741286198 0.4659
-7.10585075186352 0.4658
-7.10588828594865 0.4657
-7.10592484111826 0.4656
-7.10594232862373 0.4655
-7.10595173933352 0.4654
-7.10594747242926 0.4653
-7.10594176772392 0.4652
-7.10594484109495 0.4651
-7.10593259935047 0.465
-7.10590913858196 0.4649
-7.10588316222097 0.4648
-7.10585505488264 0.4647
-7.10581574865404 0.4646
-7.10578923387872 0.4645
-7.10577560857468 0.4644
-7.10577699312647 0.4643
-7.10576421187371 0.4642
-7.10574526496199 0.4641
-7.10573718685963 0.464
-7.10574209280681 0.4639
-7.10572762262379 0.4638
-7.10569863426237 0.4637
-7.10566000579089 0.4636
-7.10562814480279 0.4635
-7.10558478178452 0.4634
-7.10556271994293 0.4633
-7.10554595737143 0.4632
-7.10552273644447 0.4631
-7.10551951294337 0.463
-7.10553560919515 0.4629
-7.10554658938719 0.4628
-7.10554696956958 0.4627
-7.10553347803791 0.4626
-7.10551011812818 0.4625
-7.10549591787597 0.4624
-7.10548157579272 0.4623
-7.10545524173747 0.4622
-7.1054212959052 0.4621
-7.10537344365901 0.462
-7.10532407289816 0.4619
-7.10530063893108 0.4618
-7.10528392200424 0.4617
-7.10528754495773 0.4616
-7.10531401491182 0.4615
-7.1053555802142 0.4614
-7.10540054791114 0.4613
-7.10545616540257 0.4612
-7.10549347285904 0.4611
-7.10550635323657 0.461
-7.10552779746444 0.4609
-7.10555474059351 0.4608
-7.10555567674322 0.4607
-7.10554786573037 0.4606
-7.10555483466127 0.4605
-7.10554042484541 0.4604
-7.10552719236069 0.4603
-7.10551401528337 0.4602
-7.10550536157154 0.4601
-7.10548531454069 0.46
-7.10547716657963 0.4599
-7.10546727855213 0.4598
-7.10545584562516 0.4597
-7.10543571258099 0.4596
-7.10543124972695 0.4595
-7.10544563888192 0.4594
-7.10548520271864 0.4593
-7.1055428798809 0.4592
-7.10561251165126 0.4591
-7.10569877210384 0.459
-7.10579637812066 0.4589
-7.10590487211863 0.4588
-7.10602229759439 0.4587
-7.10617045701949 0.4586
-7.10634266681805 0.4585
-7.10651428432171 0.4584
-7.10668159664836 0.4583
-7.10686030446316 0.4582
-7.10701537362966 0.4581
-7.10718294536162 0.458
-7.10734076652434 0.4579
-7.1074896439672 0.4578
-7.10764209081925 0.4577
-7.10777250288954 0.4576
-7.1078838174586 0.4575
-7.1079800026253 0.4574
-7.10808354361843 0.4573
-7.1081716320422 0.4572
-7.10823342273938 0.4571
-7.10826734405495 0.457
-7.10828721523219 0.4569
-7.10827650639275 0.4568
-7.10823473499592 0.4567
-7.10817040869583 0.4566
-7.10811065810576 0.4565
-7.10804389772509 0.4564
-7.10798302442111 0.4563
-7.10792664835387 0.4562
-7.1078708695267 0.4561
-7.10783149225252 0.456
-7.10778929154481 0.4559
-7.10776705731413 0.4558
-7.10774645931383 0.4557
-7.10773423935788 0.4556
-7.1077280448816 0.4555
-7.10775464615804 0.4554
-7.1078008093171 0.4553
-7.10783523739099 0.4552
-7.10786353470482 0.4551
-7.10789635309087 0.455
-7.10791835995565 0.4549
-7.10797082566207 0.4548
-7.10802027506617 0.4547
-7.10806702295869 0.4546
-7.10813964739378 0.4545
-7.10821761105796 0.4544
-7.10830495472023 0.4543
-7.10840023460407 0.4542
-7.10848935958578 0.4541
-7.1085725669227 0.454
-7.10862841613147 0.4539
-7.10868494006871 0.4538
-7.10873604794953 0.4537
-7.10878956670422 0.4536
-7.10883759066253 0.4535
-7.10887207683367 0.4534
-7.1088964944904 0.4533
-7.10891331146335 0.4532
-7.10892375561854 0.4531
-7.10893510490694 0.453
-7.10892976770876 0.4529
-7.10891194646813 0.4528
-7.10888702820134 0.4527
-7.10885487833012 0.4526
-7.10882766363633 0.4525
-7.10879772171604 0.4524
-7.10876833429276 0.4523
-7.10875810146474 0.4522
-7.1087478234753 0.4521
-7.10872654172795 0.452
-7.10869356144131 0.4519
-7.10864983884404 0.4518
-7.10862476992557 0.4517
-7.10860460046611 0.4516
-7.10859286984379 0.4515
-7.10857633673192 0.4514
-7.10854890132925 0.4513
-7.10851420661722 0.4512
-7.10850005340769 0.4511
-7.10849911580178 0.451
-7.10851093031501 0.4509
-7.1085249661537 0.4508
-7.1085318308868 0.4507
-7.10855014884586 0.4506
-7.10856178221546 0.4505
-7.10858772537632 0.4504
-7.10863269632248 0.4503
-7.10870017861209 0.4502
-7.10878309766047 0.4501
-7.10887085775727 0.45
-7.10896613393992 0.4499
-7.10906298505071 0.4498
-7.10916449455426 0.4497
-7.10927079093006 0.4496
-7.10938705793831 0.4495
-7.10949949039525 0.4494
-7.10960112261489 0.4493
-7.10970358809861 0.4492
-7.10979730116639 0.4491
-7.10990059309528 0.449
-7.10997848905925 0.4489
-7.11004263947153 0.4488
-7.11009791786449 0.4487
-7.1101321761718 0.4486
-7.11014910399516 0.4485
-7.11017540253094 0.4484
-7.11019084560717 0.4483
-7.11020700157294 0.4482
-7.11021723737915 0.4481
-7.11024883590232 0.448
-7.11026288962435 0.4479
-7.11028230180014 0.4478
-7.11029449417931 0.4477
-7.11028917115933 0.4476
-7.11030046041866 0.4475
-7.1103003970426 0.4474
-7.11029919562671 0.4473
-7.11031101933422 0.4472
-7.11033330178793 0.4471
-7.11033669003299 0.447
-7.11033536764782 0.4469
-7.11030678281079 0.4468
-7.11026535106904 0.4467
-7.1102213436547 0.4466
-7.11018526766991 0.4465
-7.11015802914088 0.4464
-7.11014130277652 0.4463
-7.11010268423379 0.4462
-7.11006612061292 0.4461
-7.11003940073596 0.446
-7.10999131632536 0.4459
-7.10995032856115 0.4458
-7.109913555844 0.4457
-7.10987429098336 0.4456
-7.10981843629018 0.4455
-7.10976311919157 0.4454
-7.10970780707906 0.4453
-7.10965352930752 0.4452
-7.10959484016458 0.4451
-7.10953159990267 0.445
-7.10947533038362 0.4449
-7.10945162626985 0.4448
-7.10944556038606 0.4447
-7.10945957181889 0.4446
-7.10947840141298 0.4445
-7.10950263382445 0.4444
-7.10953988450834 0.4443
-7.10958110577673 0.4442
-7.1096320035492 0.4441
-7.10969943858052 0.444
-7.10976734505712 0.4439
-7.1098477603785 0.4438
-7.10995203973287 0.4437
-7.11004634391239 0.4436
-7.11014887774152 0.4435
-7.11024741348827 0.4434
-7.11034363405737 0.4433
-7.11043135990309 0.4432
-7.11051290927948 0.4431
-7.11058812877937 0.443
-7.11065591915201 0.4429
-7.11072042111486 0.4428
-7.11076333037961 0.4427
-7.11079712849416 0.4426
-7.11083395912347 0.4425
-7.11087049676586 0.4424
-7.11089908097701 0.4423
-7.11092612207463 0.4422
-7.11094707487345 0.4421
-7.11095439688975 0.442
-7.11095408490664 0.4419
-7.1109435434581 0.4418
-7.11089783697721 0.4417
-7.11083974284935 0.4416
-7.11077453929347 0.4415
-7.11069484021975 0.4414
-7.11061237055851 0.4413
-7.11052328730538 0.4412
-7.11043872482766 0.4411
-7.11031594752141 0.441
-7.1101838774702 0.4409
-7.11006424164584 0.4408
-7.10994983951263 0.4407
-7.10984394411975 0.4406
-7.10975109456746 0.4405
-7.10965893307739 0.4404
-7.10956599261633 0.4403
-7.10948722262343 0.4402
-7.10942377252638 0.4401
-7.10935357641745 0.44
-7.10927621251259 0.4399
-7.10921819498232 0.4398
-7.10917550435871 0.4397
-7.10914745916063 0.4396
-7.10913165420049 0.4395
-7.10911158351528 0.4394
-7.1091088949299 0.4393
-7.10911281991081 0.4392
-7.10913740361588 0.4391
-7.10917687018448 0.439
-7.10925095901191 0.4389
-7.1093211841229 0.4388
-7.10938464360466 0.4387
-7.10944257754251 0.4386
-7.10949228540337 0.4385
-7.10955046656456 0.4384
-7.10960583014024 0.4383
-7.10964430142323 0.4382
-7.10967516893909 0.4381
-7.10968983665138 0.438
-7.10969217738748 0.4379
-7.1096807940952 0.4378
-7.10966040721736 0.4377
-7.1096369861205 0.4376
-7.10960757926309 0.4375
-7.10956592412966 0.4374
-7.10951381452383 0.4373
-7.10947480913019 0.4372
-7.1094285883312 0.4371
-7.10937476568891 0.437
-7.10932611071543 0.4369
-7.10928840803666 0.4368
-7.10925928365524 0.4367
-7.10924588569125 0.4366
-7.10925211183655 0.4365
-7.10927596156658 0.4364
-7.10930056253797 0.4363
-7.10936190446374 0.4362
-7.10942191078737 0.4361
-7.10948558089825 0.436
-7.10958316184661 0.4359
-7.10972248553179 0.4358
-7.10988832746997 0.4357
-7.11008001097589 0.4356
-7.11028202205652 0.4355
-7.11050595644249 0.4354
-7.11072996336332 0.4353
-7.11094830494454 0.4352
-7.11116548287771 0.4351
-7.11137550339572 0.435
-7.11157352899808 0.4349
-7.11174978016112 0.4348
-7.11190016026929 0.4347
-7.11202840158841 0.4346
-7.1121415603668 0.4345
-7.11222551417877 0.4344
-7.11227281872713 0.4343
-7.1122928615854 0.4342
-7.1122771146324 0.4341
-7.11224038950619 0.434
-7.11218925839119 0.4339
-7.1121206079534 0.4338
-7.11202286534972 0.4337
-7.11192065021973 0.4336
-7.11179469129888 0.4335
-7.11164849076264 0.4334
-7.11148861524291 0.4333
-7.11131706394695 0.4332
-7.11116727741714 0.4331
-7.11100738481414 0.433
-7.11083439711965 0.4329
-7.11066965950844 0.4328
-7.11050258449438 0.4327
-7.11034067434576 0.4326
-7.11020007928209 0.4325
-7.11006035547426 0.4324
-7.10993838776564 0.4323
-7.10982143305759 0.4322
-7.10971910742498 0.4321
-7.10965402520609 0.432
-7.10959419880778 0.4319
-7.10953561963552 0.4318
-7.10948617379862 0.4317
-7.10944758824878 0.4316
-7.10940140702557 0.4315
-7.10935961265942 0.4314
-7.10932445182522 0.4313
-7.10929617259321 0.4312
-7.10930691627336 0.4311
-7.10933878440664 0.431
-7.10936090896126 0.4309
-7.10938543804338 0.4308
-7.10941432539266 0.4307
-7.10944640815642 0.4306
-7.10949048296059 0.4305
-7.10953613275537 0.4304
-7.10958238972196 0.4303
-7.10962439324333 0.4302
-7.10966091486918 0.4301
-7.10970071986458 0.43
-7.1097426621418 0.4299
-7.1097637831601 0.4298
-7.10977584452557 0.4297
-7.10976696610004 0.4296
-7.10973175360262 0.4295
-7.10968078861744 0.4294
-7.10964458306462 0.4293
-7.10959679631471 0.4292
-7.10955228819911 0.4291
-7.10948080895556 0.429
-7.10937448296584 0.4289
-7.10925367468651 0.4288
-7.10912277814828 0.4287
-7.10898750678228 0.4286
-7.10885140540656 0.4285
-7.10871940364146 0.4284
-7.10858880651919 0.4283
-7.10846462689888 0.4282
-7.1083567121234 0.4281
-7.1082708529755 0.428
-7.10821484294453 0.4279
-7.10815789627804 0.4278
-7.10810656247302 0.4277
-7.10807197786056 0.4276
-7.10806940033121 0.4275
-7.10807204459549 0.4274
-7.10810191069018 0.4273
-7.10814894751316 0.4272
-7.10822558913855 0.4271
-7.10830175166437 0.427
-7.10840328240671 0.4269
-7.10850540344274 0.4268
-7.10861232667645 0.4267
-7.10872112879616 0.4266
-7.10883837738404 0.4265
-7.10894632759907 0.4264
-7.10904848176257 0.4263
-7.10912022707126 0.4262
-7.10919416676012 0.4261
-7.10926970618474 0.426
-7.10934184644724 0.4259
-7.10941866886158 0.4258
-7.10947035342386 0.4257
-7.10952151603076 0.4256
-7.10956450793705 0.4255
-7.10960433341818 0.4254
-7.1096490580063 0.4253
-7.10967414194841 0.4252
-7.1096880187437 0.4251
-7.10970810058882 0.425
-7.10973954235962 0.4249
-7.10978470259059 0.4248
-7.10982274983779 0.4247
-7.1098750114772 0.4246
-7.10993017850101 0.4245
-7.10998735805762 0.4244
-7.11005415855811 0.4243
-7.11015172471338 0.4242
-7.1102538699905 0.4241
-7.11036787974531 0.424
-7.1104915829691 0.4239
-7.11062239059277 0.4238
-7.11074573492449 0.4237
-7.11087543916532 0.4236
-7.11099564027676 0.4235
-7.11109350806204 0.4234
-7.11118607946481 0.4233
-7.11127706901715 0.4232
-7.11137602249291 0.4231
-7.11148035206668 0.423
-7.11157809859177 0.4229
-7.11165732235774 0.4228
-7.11172423270838 0.4227
-7.11178297568462 0.4226
-7.1118241611275 0.4225
-7.11185474439767 0.4224
-7.1118900419285 0.4223
-7.11190152141122 0.4222
-7.1119081344609 0.4221
-7.11189374929931 0.422
-7.11187516506144 0.4219
-7.11182466068136 0.4218
-7.11176529664813 0.4217
-7.11170261264573 0.4216
-7.11162569608121 0.4215
-7.1115372387285 0.4214
-7.11146950007811 0.4213
-7.11140956339253 0.4212
-7.11134278516775 0.4211
-7.11126253544385 0.421
-7.11117671861041 0.4209
-7.11108247790236 0.4208
-7.11098684540969 0.4207
-7.11088550812692 0.4206
-7.11077166559024 0.4205
-7.11067349274969 0.4204
-7.11055643064684 0.4203
-7.11043434427163 0.4202
-7.11031042067867 0.4201
-7.11019487445733 0.42
-7.11006709117632 0.4199
-7.10995348461187 0.4198
-7.1098420475274 0.4197
-7.10972054208641 0.4196
-7.1095982157969 0.4195
-7.10948683426536 0.4194
-7.1093942510454 0.4193
-7.10930855207333 0.4192
-7.10921810210914 0.4191
-7.10914584923387 0.419
-7.10909132924846 0.4189
-7.1090522101036 0.4188
-7.10901705165809 0.4187
-7.10898985270973 0.4186
-7.10897635469594 0.4185
-7.10895991030659 0.4184
-7.10894625962526 0.4183
-7.10894918303041 0.4182
-7.10897232713078 0.4181
-7.10899286435334 0.418
-7.10901608617262 0.4179
-7.10905657086687 0.4178
-7.10914220116465 0.4177
-7.1092284380811 0.4176
-7.10933051877423 0.4175
-7.10944308114982 0.4174
-7.10956842412337 0.4173
-7.10968842668091 0.4172
-7.10981354105724 0.4171
-7.10992761131728 0.417
-7.11004063809633 0.4169
-7.1101410220756 0.4168
-7.11021578510651 0.4167
-7.11027654991691 0.4166
-7.11034657408863 0.4165
-7.1104044720286 0.4164
-7.11047328740444 0.4163
-7.11055159339986 0.4162
-7.11062733574508 0.4161
-7.11069860339894 0.416
-7.11079159537177 0.4159
-7.11088922868414 0.4158
-7.1109860817669 0.4157
-7.11108402707015 0.4156
-7.1112147915363 0.4155
-7.11130985898707 0.4154
-7.11139781931408 0.4153
-7.1114564894548 0.4152
-7.11150778895185 0.4151
-7.11155354688416 0.415
-7.11158218923854 0.4149
-7.11159527278147 0.4148
-7.11158025965049 0.4147
-7.11153415135829 0.4146
-7.11147139366608 0.4145
-7.11138442327422 0.4144
-7.11128210337266 0.4143
-7.1111573874719 0.4142
-7.11102511210447 0.4141
-7.1108985951422 0.414
-7.11077774188428 0.4139
-7.11067636429527 0.4138
-7.11060705425824 0.4137
-7.11055596641676 0.4136
-7.11051469267028 0.4135
-7.11048917860887 0.4134
-7.11051916126318 0.4133
-7.110561608467 0.4132
-7.11061493054551 0.4131
-7.11065180372007 0.413
-7.11069099460043 0.4129
-7.11074761955619 0.4128
-7.1108027354298 0.4127
-7.11086390096641 0.4126
-7.11092604481453 0.4125
-7.11099676556417 0.4124
-7.11107190756632 0.4123
-7.11115450796453 0.4122
-7.11126376180742 0.4121
-7.11137639359007 0.412
-7.11147313456664 0.4119
-7.11157916370894 0.4118
-7.11167341706041 0.4117
-7.11175880632356 0.4116
-7.11184232692156 0.4115
-7.11190620705181 0.4114
-7.11197391122338 0.4113
-7.1120460727115 0.4112
-7.11209117465998 0.4111
-7.11212751719911 0.411
-7.11217462488284 0.4109
-7.11221219033777 0.4108
-7.11224877491163 0.4107
-7.11229148423655 0.4106
-7.11233565108234 0.4105
-7.11238112444835 0.4104
-7.11242665263777 0.4103
-7.11245586030664 0.4102
-7.11249490340587 0.4101
-7.11251619584083 0.41
-7.1125320678834 0.4099
-7.11255139515361 0.4098
-7.11256563309107 0.4097
-7.11256830523244 0.4096
-7.11256417692961 0.4095
-7.11256386262628 0.4094
-7.11257359885837 0.4093
-7.11258960933823 0.4092
-7.11261176697309 0.4091
-7.11262373416663 0.409
-7.11264799976886 0.4089
-7.11266159629275 0.4088
-7.11267925580361 0.4087
-7.11270329329105 0.4086
-7.1127162828663 0.4085
-7.1127213246513 0.4084
-7.11273291494709 0.4083
-7.11274235651012 0.4082
-7.11275014585979 0.4081
-7.11273980520351 0.408
-7.11274100001387 0.4079
-7.11273577542557 0.4078
-7.11273336256483 0.4077
-7.1127317931702 0.4076
-7.11273540713714 0.4075
-7.11273488280433 0.4074
-7.11274037474987 0.4073
-7.11276912486149 0.4072
-7.11279058019421 0.4071
-7.11280281536593 0.407
-7.11280923501083 0.4069
-7.11280721793564 0.4068
-7.11278889950841 0.4067
-7.112767898288 0.4066
-7.11276545247007 0.4065
-7.11277521874618 0.4064
-7.11277068783154 0.4063
-7.1127546394787 0.4062
-7.11274558853522 0.4061
-7.11274982068412 0.406
-7.11276520501313 0.4059
-7.11280247998373 0.4058
-7.11285550420767 0.4057
-7.11290038722542 0.4056
-7.11295685551279 0.4055
-7.11301466294923 0.4054
-7.11305086491346 0.4053
-7.11308729925839 0.4052
-7.11311767705899 0.4051
-7.11312662689208 0.405
-7.11311357499893 0.4049
-7.11308555322465 0.4048
-7.11303044944882 0.4047
-7.11295943450922 0.4046
-7.11286335329834 0.4045
-7.11278249683469 0.4044
-7.11270398686534 0.4043
-7.11263377783929 0.4042
-7.1125396564111 0.4041
-7.112485659101 0.404
-7.11246388743597 0.4039
-7.1124534815461 0.4038
-7.11246097307252 0.4037
-7.11248455996111 0.4036
-7.11252549202147 0.4035
-7.11257800509611 0.4034
-7.1126379293987 0.4033
-7.11270297730247 0.4032
-7.11277309291797 0.4031
-7.11283953741217 0.403
-7.11292964358625 0.4029
-7.11301511227768 0.4028
-7.11309349445571 0.4027
-7.11315146860358 0.4026
-7.11318392297926 0.4025
-7.11319248771026 0.4024
-7.11318419337951 0.4023
-7.11315200875227 0.4022
-7.11311676786779 0.4021
-7.11306641417084 0.402
-7.11300594202712 0.4019
-7.11292891868324 0.4018
-7.11282719291767 0.4017
-7.11272761812711 0.4016
-7.11262295339722 0.4015
-7.1125122547313 0.4014
-7.11240091605133 0.4013
-7.11230444328275 0.4012
-7.11221574359382 0.4011
-7.11214365426229 0.401
-7.11208226441857 0.4009
-7.11203875449553 0.4008
-7.11202142497115 0.4007
-7.11200661649253 0.4006
-7.11201113105535 0.4005
-7.11202939008632 0.4004
-7.11206790821051 0.4003
-7.11212029736237 0.4002
-7.1121744832491 0.4001
-7.11222998265991 0.4
-7.11228520863598 0.3999
-7.11233666967425 0.3998
-7.11239052745982 0.3997
-7.11244174075084 0.3996
-7.11249518114968 0.3995
-7.11255259194823 0.3994
-7.11258040087757 0.3993
-7.11258356587951 0.3992
-7.11256890230349 0.3991
-7.11254703495893 0.399
-7.11252371916722 0.3989
-7.11249403404683 0.3988
-7.11246394689828 0.3987
-7.11243820411005 0.3986
-7.11241308079276 0.3985
-7.11238820766921 0.3984
-7.11235260168513 0.3983
-7.11231715208961 0.3982
-7.11227618977339 0.3981
-7.11223579566404 0.398
-7.11219699657014 0.3979
-7.11213503537429 0.3978
-7.11206558870029 0.3977
-7.11201334700451 0.3976
-7.11195143781912 0.3975
-7.11191176081114 0.3974
-7.11188168926718 0.3973
-7.11187606531885 0.3972
-7.1118804958809 0.3971
-7.11190939569825 0.397
-7.11194375971447 0.3969
-7.1119728378549 0.3968
-7.11201698539825 0.3967
-7.11206220286094 0.3966
-7.11211378931894 0.3965
-7.11217027946956 0.3964
-7.11223315645482 0.3963
-7.11230734071246 0.3962
-7.1123865933583 0.3961
-7.11244923308621 0.396
-7.11252215719329 0.3959
-7.11258120223645 0.3958
-7.11263177840218 0.3957
-7.11268411936122 0.3956
-7.11277168849157 0.3955
-7.11287935078871 0.3954
-7.11298130589657 0.3953
-7.11309668631296 0.3952
-7.11321001954583 0.3951
-7.11334942994664 0.395
-7.11348938428721 0.3949
-7.11361617361325 0.3948
-7.11372431981637 0.3947
-7.11381272711675 0.3946
-7.11388662704953 0.3945
-7.11395147845553 0.3944
-7.11398973372035 0.3943
-7.1140074886354 0.3942
-7.11402142788342 0.3941
-7.11403263277548 0.394
-7.11403944495168 0.3939
-7.11402173123662 0.3938
-7.11399039730614 0.3937
-7.11395645517156 0.3936
-7.11391152384844 0.3935
-7.11386161970963 0.3934
-7.11381589336752 0.3933
-7.11375604035801 0.3932
-7.11371481340042 0.3931
-7.11368091053522 0.393
-7.11363466469649 0.3929
-7.11358796906114 0.3928
-7.11353812453319 0.3927
-7.11349230429775 0.3926
-7.1134382068051 0.3925
-7.11336944764783 0.3924
-7.1133021465622 0.3923
-7.11322600865541 0.3922
-7.11314214395827 0.3921
-7.1130622754097 0.392
-7.11299477330146 0.3919
-7.1129287576408 0.3918
-7.11289481061432 0.3917
-7.11286821206481 0.3916
-7.11285306356313 0.3915
-7.11283443518229 0.3914
-7.11283711227564 0.3913
-7.11283918144759 0.3912
-7.11285527549424 0.3911
-7.1128619415101 0.391
-7.11288416108699 0.3909
-7.11290539359556 0.3908
-7.11295147052625 0.3907
-7.11301123615856 0.3906
-7.11305578641478 0.3905
-7.11310492020257 0.3904
-7.11317804582111 0.3903
-7.1132523842227 0.3902
-7.1133095822943 0.3901
-7.1133630129644 0.39
-7.11340962866026 0.3899
-7.1134471591913 0.3898
-7.11350170327711 0.3897
-7.11356526961637 0.3896
-7.11362850610936 0.3895
-7.11366977117585 0.3894
-7.11371547953175 0.3893
-7.11377699426301 0.3892
-7.11383281713272 0.3891
-7.11387898487802 0.389
-7.11392964234193 0.3889
-7.11398574131167 0.3888
-7.11402956706254 0.3887
-7.11406360409373 0.3886
-7.1140999878397 0.3885
-7.11412007789716 0.3884
-7.1141515298007 0.3883
-7.11414596695745 0.3882
-7.11413403800131 0.3881
-7.11410760414162 0.388
-7.11406343737691 0.3879
-7.11402024316563 0.3878
-7.11398472764779 0.3877
-7.11393770421806 0.3876
-7.11388348003999 0.3875
-7.11383984521803 0.3874
-7.1138132674498 0.3873
-7.11381400945288 0.3872
-7.1138226651903 0.3871
-7.11385419745123 0.387
-7.11389871274173 0.3869
-7.11395301135656 0.3868
-7.11401037979251 0.3867
-7.11406807005496 0.3866
-7.11412658376189 0.3865
-7.11418852789538 0.3864
-7.11423214781464 0.3863
-7.11427664449338 0.3862
-7.11429205784274 0.3861
-7.11433005016723 0.386
-7.11434377932948 0.3859
-7.11434873689001 0.3858
-7.11435890734081 0.3857
-7.11437185577252 0.3856
-7.11438013186935 0.3855
-7.11440708245962 0.3854
-7.11444735524063 0.3853
-7.11449614364906 0.3852
-7.11457042174503 0.3851
-7.1146610233053 0.385
-7.11476268573716 0.3849
-7.11486347149034 0.3848
-7.11496097159059 0.3847
-7.11510226057054 0.3846
-7.11525215488112 0.3845
-7.11541320980406 0.3844
-7.11557818529051 0.3843
-7.11574393611991 0.3842
-7.11591908004891 0.3841
-7.11608363331005 0.384
-7.11623919968904 0.3839
-7.11639479130637 0.3838
-7.11654065285874 0.3837
-7.11668231417127 0.3836
-7.11680970923567 0.3835
-7.11695306273921 0.3834
-7.11707903788004 0.3833
-7.11717972229861 0.3832
-7.11728923997054 0.3831
-7.11740652611801 0.383
-7.1175098078355 0.3829
-7.11759313319914 0.3828
-7.11766019827854 0.3827
-7.11773320568881 0.3826
-7.11779011101248 0.3825
-7.1178308923839 0.3824
-7.11784059298839 0.3823
-7.11782816313213 0.3822
-7.11781595962853 0.3821
-7.11779038120424 0.382
-7.1177596907661 0.3819
-7.11770620581439 0.3818
-7.11765599438175 0.3817
-7.11758549072862 0.3816
-7.11753121425363 0.3815
-7.11747863340887 0.3814
-7.11741780483042 0.3813
-7.11735294218476 0.3812
-7.11728716769967 0.3811
-7.11724074633714 0.381
-7.1172154294733 0.3809
-7.11721643170587 0.3808
-7.11723410010103 0.3807
-7.11728961685845 0.3806
-7.11737149208869 0.3805
-7.11744959512135 0.3804
-7.11752151361001 0.3803
-7.11759719583521 0.3802
-7.11768509673495 0.3801
-7.11777463219915 0.38
-7.11786209478085 0.3799
-7.11792884114134 0.3798
-7.11799351239291 0.3797
-7.11804309090097 0.3796
-7.1180900943983 0.3795
-7.1181266684655 0.3794
-7.11815947869046 0.3793
-7.11820072710854 0.3792
-7.11822243406561 0.3791
-7.11822279819846 0.379
-7.11820456087653 0.3789
-7.1181820375561 0.3788
-7.11817021330808 0.3787
-7.11815489060911 0.3786
-7.11815549670603 0.3785
-7.11816318875038 0.3784
-7.11815884180603 0.3783
-7.11816020530626 0.3782
-7.11816460281532 0.3781
-7.1181693642425 0.378
-7.11817523253622 0.3779
-7.11817253427096 0.3778
-7.11815974056152 0.3777
-7.11813104446128 0.3776
-7.11809901384831 0.3775
-7.11806329630473 0.3774
-7.11802522596739 0.3773
-7.11798155923054 0.3772
-7.11793072439735 0.3771
-7.11788808514118 0.377
-7.1178395680498 0.3769
-7.11779710971238 0.3768
-7.1177636601332 0.3767
-7.11774423442978 0.3766
-7.11774559515825 0.3765
-7.11776568674511 0.3764
-7.11780193932762 0.3763
-7.11782043033241 0.3762
-7.11785614370713 0.3761
-7.11788944862341 0.376
-7.1179212256915 0.3759
-7.1179559978209 0.3758
-7.11800446413304 0.3757
-7.11806314122895 0.3756
-7.11812333741095 0.3755
-7.1181913522706 0.3754
-7.11825729119544 0.3753
-7.11830982823119 0.3752
-7.11834466900794 0.3751
-7.11838005303311 0.375
-7.11841063254145 0.3749
-7.11842921416556 0.3748
-7.11843564715679 0.3747
-7.11843106319762 0.3746
-7.11841727245937 0.3745
-7.11838237200998 0.3744
-7.11835557775023 0.3743
-7.11830527653769 0.3742
-7.11825554500833 0.3741
-7.11820286791946 0.374
-7.11813435421821 0.3739
-7.11805280477335 0.3738
-7.11798558180994 0.3737
-7.11792978417221 0.3736
-7.11786317544045 0.3735
-7.11779562838391 0.3734
-7.11774576226787 0.3733
-7.11772372647652 0.3732
-7.11770696722677 0.3731
-7.1177162652471 0.373
-7.11771428147798 0.3729
-7.11770080133485 0.3728
-7.11767209840528 0.3727
-7.11763238500296 0.3726
-7.11760899674095 0.3725
-7.11757972672491 0.3724
-7.11755766655142 0.3723
-7.11753285617511 0.3722
-7.11748610908865 0.3721
-7.11743159896457 0.372
-7.11736480212298 0.3719
-7.11729846861696 0.3718
-7.11722298226104 0.3717
-7.11715759477551 0.3716
-7.1171046068584 0.3715
-7.11705564721489 0.3714
-7.11702132486218 0.3713
-7.1169871373523 0.3712
-7.11694201334471 0.3711
-7.11691529896337 0.371
-7.11689933637239 0.3709
-7.11689557828341 0.3708
-7.11692043374468 0.3707
-7.11693738432773 0.3706
-7.11696378209027 0.3705
-7.11698643028491 0.3704
-7.11702562532721 0.3703
-7.11706729122242 0.3702
-7.11710298710601 0.3701
-7.11713963889287 0.37
-7.11715960934972 0.3699
-7.11716295941504 0.3698
-7.11716617948717 0.3697
-7.11719124183626 0.3696
-7.11720887300542 0.3695
-7.11722865149232 0.3694
-7.11723970064459 0.3693
-7.11724587255043 0.3692
-7.11725820048607 0.3691
-7.11727677715632 0.369
-7.11730636060018 0.3689
-7.11733314000483 0.3688
-7.11736972510711 0.3687
-7.11741313533046 0.3686
-7.11746502215318 0.3685
-7.11753003464517 0.3684
-7.11758649570388 0.3683
-7.11763462893846 0.3682
-7.11768939120008 0.3681
-7.11775004386567 0.368
-7.11779479527876 0.3679
-7.11783008462784 0.3678
-7.11786114148861 0.3677
-7.11789721053961 0.3676
-7.1179164892908 0.3675
-7.11791657307497 0.3674
-7.11790692288501 0.3673
-7.1179010649091 0.3672
-7.11787585396998 0.3671
-7.11784403146936 0.367
-7.11780984641198 0.3669
-7.11778403723523 0.3668
-7.11775188628848 0.3667
-7.11770468377673 0.3666
-7.11765889278444 0.3665
-7.11762352758875 0.3664
-7.11758259519738 0.3663
-7.11754520583026 0.3662
-7.11753251618533 0.3661
-7.11753211380605 0.366
-7.11754281343845 0.3659
-7.11757258463401 0.3658
-7.11760676987901 0.3657
-7.11765818173376 0.3656
-7.11770221429427 0.3655
-7.11775205399483 0.3654
-7.11779643356406 0.3653
-7.1178551763717 0.3652
-7.11791717279441 0.3651
-7.11797319419439 0.365
-7.11802279058709 0.3649
-7.11807010414392 0.3648
-7.11811501355796 0.3647
-7.11815382285865 0.3646
-7.1181937833704 0.3645
-7.11822986422874 0.3644
-7.11826318824294 0.3643
-7.1182944557675 0.3642
-7.11832750903436 0.3641
-7.11833851371626 0.364
-7.11833679287915 0.3639
-7.11831722694593 0.3638
-7.11830314995788 0.3637
-7.11829659581881 0.3636
-7.11828954553888 0.3635
-7.118262234513 0.3634
-7.11821424265426 0.3633
-7.11815873556242 0.3632
-7.11811447106812 0.3631
-7.1180744014492 0.363
-7.11804178621725 0.3629
-7.11801353047 0.3628
-7.11799710509869 0.3627
-7.11798192922448 0.3626
-7.11798806068665 0.3625
-7.11799066703075 0.3624
-7.11802185073024 0.3623
-7.11806737098628 0.3622
-7.11810703705918 0.3621
-7.11815741041795 0.362
-7.11821123289754 0.3619
-7.11827342768571 0.3618
-7.11834588458623 0.3617
-7.11841773822713 0.3616
-7.11850621656923 0.3615
-7.11862283286648 0.3614
-7.11875676724273 0.3613
-7.11888486434798 0.3612
-7.11900710242123 0.3611
-7.11911041267055 0.361
-7.11919373803726 0.3609
-7.11923833499801 0.3608
-7.11927105773061 0.3607
-7.11928763160228 0.3606
-7.11927668344314 0.3605
-7.11925437225385 0.3604
-7.11920809468362 0.3603
-7.11911138850651 0.3602
-7.11901476002855 0.3601
-7.11892542629023 0.36
-7.11881551681649 0.3599
-7.11866045348164 0.3598
-7.11849838541398 0.3597
-7.11830587003833 0.3596
-7.11810502212544 0.3595
-7.11791258359435 0.3594
-7.1177053436682 0.3593
-7.11748753469536 0.3592
-7.11728059261476 0.3591
-7.11706570453961 0.359
-7.11685561317435 0.3589
-7.11664831387616 0.3588
-7.11644482435456 0.3587
-7.11626608761214 0.3586
-7.11612811616545 0.3585
-7.11603278482273 0.3584
-7.11595426545942 0.3583
-7.11593299013152 0.3582
-7.1159283748265 0.3581
-7.1159669054949 0.358
-7.11602270134372 0.3579
-7.11609328572263 0.3578
-7.11618184126394 0.3577
-7.11627685243756 0.3576
-7.11638706181055 0.3575
-7.11652024216641 0.3574
-7.11666274582245 0.3573
-7.11678918300646 0.3572
-7.11691159089279 0.3571
-7.11702267607059 0.357
-7.11713364647851 0.3569
-7.11725234951742 0.3568
-7.11736640552187 0.3567
-7.11748226504938 0.3566
-7.1175842967027 0.3565
-7.11766799169722 0.3564
-7.11774015595675 0.3563
-7.11780693483083 0.3562
-7.11788812479967 0.3561
-7.11797477859716 0.356
-7.11807534288064 0.3559
-7.11817615278672 0.3558
-7.11825727660032 0.3557
-7.11832707714582 0.3556
-7.11838009383666 0.3555
-7.11842565088319 0.3554
-7.1184705887376 0.3553
-7.11853044768472 0.3552
-7.11857347426359 0.3551
-7.11861582634546 0.355
-7.1186482635597 0.3549
-7.11867095319073 0.3548
-7.11870285823564 0.3547
-7.11874250905812 0.3546
-7.11878596955521 0.3545
-7.11882697828883 0.3544
-7.11886079525518 0.3543
-7.11892103936375 0.3542
-7.11900250931423 0.3541
-7.11908206791821 0.354
-7.11915619480515 0.3539
-7.11925051978639 0.3538
-7.11934497734736 0.3537
-7.11944292442679 0.3536
-7.11955101892002 0.3535
-7.11965223624157 0.3534
-7.11973533900712 0.3533
-7.11982192174888 0.3532
-7.11991479912147 0.3531
-7.12000136245682 0.353
-7.12008121296735 0.3529
-7.12016643892455 0.3528
-7.12026260571221 0.3527
-7.12036296418737 0.3526
-7.12044190845038 0.3525
-7.12050659730419 0.3524
-7.12056480453237 0.3523
-7.12060587190829 0.3522
-7.12063759995951 0.3521
-7.12065256207966 0.352
-7.12066147063565 0.3519
-7.12066843526779 0.3518
-7.12068613038046 0.3517
-7.12069372284065 0.3516
-7.12069356803251 0.3515
-7.12068090930047 0.3514
-7.12065401611318 0.3513
-7.12060593806326 0.3512
-7.1205549575292 0.3511
-7.12050956410532 0.351
-7.12046111533644 0.3509
-7.12042380516744 0.3508
-7.12037298766546 0.3507
-7.12030702186606 0.3506
-7.12023828830599 0.3505
-7.12016330931991 0.3504
-7.12008177327101 0.3503
-7.11999282357169 0.3502
-7.1198948946639 0.3501
-7.11979711585615 0.35
-7.11970493733312 0.3499
-7.11961099088815 0.3498
-7.11952954440315 0.3497
-7.1194351739764 0.3496
-7.11933272759987 0.3495
-7.11922790003048 0.3494
-7.11913514692692 0.3493
-7.11903967253928 0.3492
-7.11895872236998 0.3491
-7.11889178249396 0.349
-7.11882428558501 0.3489
-7.11873857576826 0.3488
-7.11865885244362 0.3487
-7.11859419136666 0.3486
-7.11853385057113 0.3485
-7.11849244103807 0.3484
-7.11844892302893 0.3483
-7.11840629109507 0.3482
-7.11835349300728 0.3481
-7.11829729768112 0.348
-7.11825586147365 0.3479
-7.11820280460304 0.3478
-7.11813362170763 0.3477
-7.11805931439101 0.3476
-7.1179941434039 0.3475
-7.11791067512101 0.3474
-7.11781543027509 0.3473
-7.1177146108026 0.3472
-7.11762237458079 0.3471
-7.11752520246061 0.347
-7.11742456401888 0.3469
-7.11733961758083 0.3468
-7.11728255063121 0.3467
-7.11723664311774 0.3466
-7.11719452384562 0.3465
-7.11717852757749 0.3464
-7.11717896976577 0.3463
-7.11720401168331 0.3462
-7.11724158704009 0.3461
-7.11728930870257 0.346
-7.11734791225497 0.3459
-7.1174255165973 0.3458
-7.11749695981131 0.3457
-7.11757598362048 0.3456
-7.11766148226633 0.3455
-7.11774389004721 0.3454
-7.11781005661064 0.3453
-7.11785988233248 0.3452
-7.11790031211751 0.3451
-7.11794567879593 0.345
-7.11799213407072 0.3449
-7.1180101158963 0.3448
-7.11802807733016 0.3447
-7.11802386934809 0.3446
-7.11801408413625 0.3445
-7.11799215301924 0.3444
-7.11796324459275 0.3443
-7.11792735443618 0.3442
-7.11790694007673 0.3441
-7.11789480288271 0.344
-7.11788968424516 0.3439
-7.11789581337927 0.3438
-7.11790429550808 0.3437
-7.11793667189256 0.3436
-7.11799871271951 0.3435
-7.11804813488604 0.3434
-7.11810996255501 0.3433
-7.11817389301764 0.3432
-7.1182507738479 0.3431
-7.11832820258615 0.343
-7.11841546589256 0.3429
-7.11850640675467 0.3428
-7.1186158604325 0.3427
-7.11874446346243 0.3426
-7.11888995037514 0.3425
-7.11902374199344 0.3424
-7.11916366671887 0.3423
-7.11929554948728 0.3422
-7.11940771848128 0.3421
-7.11951042909867 0.342
-7.11958958419079 0.3419
-7.1196689280311 0.3418
-7.11974205798586 0.3417
-7.11981976510005 0.3416
-7.11988845221748 0.3415
-7.1199358549462 0.3414
-7.11994927880302 0.3413
-7.1199400334758 0.3412
-7.11991399611515 0.3411
-7.11986254847509 0.341
-7.11979421803534 0.3409
-7.11971194087735 0.3408
-7.11963051863127 0.3407
-7.11954103540326 0.3406
-7.11945808780478 0.3405
-7.11938197613875 0.3404
-7.11930725958483 0.3403
-7.11922873660296 0.3402
-7.11915940141111 0.3401
-7.11911456060121 0.34
-7.1190932535755 0.3399
-7.11909330717022 0.3398
-7.11909456370197 0.3397
-7.11910154390854 0.3396
-7.11913248203051 0.3395
-7.11915699055899 0.3394
-7.11919979229818 0.3393
-7.11923120864159 0.3392
-7.11926318180233 0.3391
-7.11928098294467 0.339
-7.11930700265705 0.3389
-7.11932390595533 0.3388
-7.11933333844936 0.3387
-7.11931685985128 0.3386
-7.11928228985412 0.3385
-7.11923351234661 0.3384
-7.11917768178291 0.3383
-7.11912207773058 0.3382
-7.11905666573522 0.3381
-7.11895227961075 0.338
-7.11882935144239 0.3379
-7.11869495777468 0.3378
-7.11854989078266 0.3377
-7.11839651332845 0.3376
-7.11825503952979 0.3375
-7.11811949922411 0.3374
-7.11797639876744 0.3373
-7.11785177162159 0.3372
-7.11774679184364 0.3371
-7.11765199679529 0.337
-7.11757412631604 0.3369
-7.11751433566399 0.3368
-7.11747076532839 0.3367
-7.1174315387455 0.3366
-7.11739273018464 0.3365
-7.1173704402321 0.3364
-7.11734333936035 0.3363
-7.11732939757467 0.3362
-7.11732558514793 0.3361
-7.11732631575668 0.336
-7.11733619223569 0.3359
-7.11733275950425 0.3358
-7.11733764331249 0.3357
-7.11732660538686 0.3356
-7.11730602266895 0.3355
-7.11731655991714 0.3354
-7.11733365210905 0.3353
-7.11735445988395 0.3352
-7.1173932570845 0.3351
-7.11744776638281 0.335
-7.11751586973061 0.3349
-7.11758293459506 0.3348
-7.11765276443182 0.3347
-7.11770716233352 0.3346
-7.11774717238435 0.3345
-7.11779056213854 0.3344
-7.11785483541759 0.3343
-7.11793582786016 0.3342
-7.11801611289317 0.3341
-7.11810896616607 0.334
-7.11819796931973 0.3339
-7.11829444980133 0.3338
-7.11838967571998 0.3337
-7.1184752898835 0.3336
-7.11857021131972 0.3335
-7.11867699428484 0.3334
-7.11877575714732 0.3333
-7.11886956079907 0.3332
-7.11896304104264 0.3331
-7.11904148196222 0.333
-7.11910157965012 0.3329
-7.11915875729208 0.3328
-7.11923314794696 0.3327
-7.11928066735538 0.3326
-7.11933042773281 0.3325
-7.1193815861159 0.3324
-7.11942242743919 0.3323
-7.11945223893456 0.3322
-7.11949639598809 0.3321
-7.11955185776017 0.332
-7.11961509576011 0.3319
-7.11967078796669 0.3318
-7.1197331411985 0.3317
-7.11979539270288 0.3316
-7.11986351992512 0.3315
-7.11993640010577 0.3314
-7.12000703059744 0.3313
-7.12006434452135 0.3312
-7.120111954143 0.3311
-7.12015817822398 0.331
-7.12018447901738 0.3309
-7.1201953029628 0.3308
-7.12019748704829 0.3307
-7.12016453474418 0.3306
-7.12013335256706 0.3305
-7.12009536486843 0.3304
-7.12005103038249 0.3303
-7.12000623003264 0.3302
-7.11995583132534 0.3301
-7.11989914281608 0.33
-7.11984626734862 0.3299
-7.11978569971305 0.3298
-7.11973358066745 0.3297
-7.11969679716578 0.3296
-7.11966999072585 0.3295
-7.11965615437138 0.3294
-7.11967251022278 0.3293
-7.11971133908485 0.3292
-7.11976532123192 0.3291
-7.11984431646442 0.329
-7.11995472501833 0.3289
-7.12008379979746 0.3288
-7.12021226691131 0.3287
-7.12033366887564 0.3286
-7.12045060096064 0.3285
-7.12057064628441 0.3284
-7.12066252617665 0.3283
-7.12074332496951 0.3282
-7.12081654469495 0.3281
-7.12088347811002 0.328
-7.12097185809747 0.3279
-7.12105916216924 0.3278
-7.12115393671837 0.3277
-7.12122638469705 0.3276
-7.1212986181868 0.3275
-7.12133676438128 0.3274
-7.12137311628338 0.3273
-7.12139690071908 0.3272
-7.12141672124187 0.3271
-7.12142883681081 0.327
-7.12144747430643 0.3269
-7.12147485511848 0.3268
-7.12149920903552 0.3267
-7.12149944765385 0.3266
-7.12151113795864 0.3265
-7.12153049586771 0.3264
-7.12155698787972 0.3263
-7.12158699433647 0.3262
-7.12162851492384 0.3261
-7.12168130271832 0.326
-7.12173857407665 0.3259
-7.12179147957897 0.3258
-7.12185226034817 0.3257
-7.12192392575575 0.3256
-7.12199786985006 0.3255
-7.12207013222751 0.3254
-7.12211940147017 0.3253
-7.12216978312089 0.3252
-7.1222148112937 0.3251
-7.12225868484008 0.325
-7.12231710319163 0.3249
-7.12235700546683 0.3248
-7.12236780895807 0.3247
-7.12238369864529 0.3246
-7.12237835962489 0.3245
-7.1223628852603 0.3244
-7.12234880194257 0.3243
-7.12231340283179 0.3242
-7.12225444622275 0.3241
-7.12218565771745 0.324
-7.12211180875707 0.3239
-7.12203341242633 0.3238
-7.12194838120432 0.3237
-7.12185389690867 0.3236
-7.12174586177926 0.3235
-7.12162718348034 0.3234
-7.12149373318662 0.3233
-7.1213595081354 0.3232
-7.1212188350187 0.3231
-7.12107633375293 0.323
-7.12094221640699 0.3229
-7.12079478154435 0.3228
-7.12062982040488 0.3227
-7.12047300468185 0.3226
-7.12030854700815 0.3225
-7.12015166620936 0.3224
-7.11999732454739 0.3223
-7.11985526379807 0.3222
-7.11973588422281 0.3221
-7.11962131700369 0.322
-7.11953938384917 0.3219
-7.11948231897909 0.3218
-7.1194434098305 0.3217
-7.11942173717349 0.3216
-7.11941900169267 0.3215
-7.11944051831379 0.3214
-7.11948096337388 0.3213
-7.11953730047155 0.3212
-7.11960884596594 0.3211
-7.1196825616206 0.321
-7.1197466023485 0.3209
-7.11981494325972 0.3208
-7.11988136359244 0.3207
-7.11993299022267 0.3206
-7.11998523782583 0.3205
-7.12004351081992 0.3204
-7.12011279660959 0.3203
-7.12017621731132 0.3202
-7.12023659934848 0.3201
-7.12030039956616 0.32
-7.12033911173128 0.3199
-7.1203648904101 0.3198
-7.12036348646922 0.3197
-7.12036338673176 0.3196
-7.12034264411186 0.3195
-7.12031297828133 0.3194
-7.12028002525614 0.3193
-7.1202420762276 0.3192
-7.12019834231561 0.3191
-7.12015201830981 0.319
-7.12009782639732 0.3189
-7.12002156798011 0.3188
-7.11995111732923 0.3187
-7.11986927667932 0.3186
-7.11979158511047 0.3185
-7.11971870088614 0.3184
-7.11963186704099 0.3183
-7.11955561172869 0.3182
-7.11948111684631 0.3181
-7.11941342332738 0.318
-7.11934921911168 0.3179
-7.11928481730654 0.3178
-7.1192382277278 0.3177
-7.11919326767666 0.3176
-7.11915191006886 0.3175
-7.1191204219031 0.3174
-7.11907984355031 0.3173
-7.11905518424278 0.3172
-7.1190233039466 0.3171
-7.11898717302869 0.317
-7.11896986105376 0.3169
-7.11896182644792 0.3168
-7.11894370986439 0.3167
-7.11892302358171 0.3166
-7.11890268363626 0.3165
-7.11888452246458 0.3164
-7.11887922457138 0.3163
-7.11887985064245 0.3162
-7.11887275257903 0.3161
-7.1188736194398 0.316
-7.11886546648965 0.3159
-7.11885552456618 0.3158
-7.11885604565288 0.3157
-7.11886861724727 0.3156
-7.11887132018915 0.3155
-7.1188866820499 0.3154
-7.11889122309888 0.3153
-7.11891251637752 0.3152
-7.11893452805426 0.3151
-7.11896699536219 0.315
-7.1189944242975 0.3149
-7.119034930768 0.3148
-7.11906641744474 0.3147
-7.11911755064106 0.3146
-7.11918147010936 0.3145
-7.11926170703277 0.3144
-7.11934048670701 0.3143
-7.11940177514765 0.3142
-7.11946867146897 0.3141
-7.11955006666338 0.314
-7.11962503057011 0.3139
-7.11969135426754 0.3138
-7.11976076997314 0.3137
-7.11985103497793 0.3136
-7.11994275671382 0.3135
-7.12003602386537 0.3134
-7.12012179573027 0.3133
-7.12019315732992 0.3132
-7.12024709956426 0.3131
-7.1202979709065 0.313
-7.12033790562293 0.3129
-7.12037265969622 0.3128
-7.12040189618447 0.3127
-7.12041830782802 0.3126
-7.12044206717976 0.3125
-7.12046228869158 0.3124
-7.12047704632908 0.3123
-7.12046318794009 0.3122
-7.12045821710351 0.3121
-7.12045633528073 0.312
-7.1204715796309 0.3119
-7.12049796727012 0.3118
-7.12053382041107 0.3117
-7.12056005837901 0.3116
-7.12058480832527 0.3115
-7.12060891313426 0.3114
-7.12065071053661 0.3113
-7.12068756793948 0.3112
-7.12073664855238 0.3111
-7.12076947484265 0.311
-7.12081515391187 0.3109
-7.12085248905526 0.3108
-7.12087983860954 0.3107
-7.12093670941967 0.3106
-7.12098823119916 0.3105
-7.12105884537448 0.3104
-7.12111466745916 0.3103
-7.12118126323481 0.3102
-7.12123615817327 0.3101
-7.12129209171219 0.31
-7.12133138655091 0.3099
-7.12137093130126 0.3098
-7.12142686241847 0.3097
-7.12149360348393 0.3096
-7.12156501571188 0.3095
-7.1216223430966 0.3094
-7.12167098081865 0.3093
-7.12172238207029 0.3092
-7.12174753947298 0.3091
-7.12176161733182 0.309
-7.12174801813955 0.3089
-7.12172596292926 0.3088
-7.12169702991102 0.3087
-7.12166305528308 0.3086
-7.12164047796515 0.3085
-7.12159133696617 0.3084
-7.12155458660504 0.3083
-7.12149544503245 0.3082
-7.12144939167264 0.3081
-7.121416324785 0.308
-7.12138239920328 0.3079
-7.12136276443546 0.3078
-7.12136192888057 0.3077
-7.12138868075487 0.3076
-7.12145883072234 0.3075
-7.12154385362653 0.3074
-7.12162925089224 0.3073
-7.12172968242591 0.3072
-7.12184694433314 0.3071
-7.12197134929676 0.307
-7.12208912763179 0.3069
-7.12221976587732 0.3068
-7.1223723922331 0.3067
-7.12251763576696 0.3066
-7.1226511959801 0.3065
-7.12276880406301 0.3064
-7.12287179236897 0.3063
-7.1229554417655 0.3062
-7.12302379956967 0.3061
-7.12305314324517 0.306
-7.12306945881024 0.3059
-7.12305247670504 0.3058
-7.12304419494168 0.3057
-7.12304682341709 0.3056
-7.12305591053602 0.3055
-7.12304475700026 0.3054
-7.12303076362139 0.3053
-7.12298014466684 0.3052
-7.12294142560963 0.3051
-7.12291128002025 0.305
-7.12287505170034 0.3049
-7.12285614894222 0.3048
-7.12284442754955 0.3047
-7.12283498238707 0.3046
-7.12282634777701 0.3045
-7.12279596008113 0.3044
-7.12276461905739 0.3043
-7.12273129526865 0.3042
-7.12269991465651 0.3041
-7.12267070186391 0.304
-7.12266624157522 0.3039
-7.12268469561776 0.3038
-7.1226908393737 0.3037
-7.12270024437283 0.3036
-7.12271325298545 0.3035
-7.12271400198887 0.3034
-7.12270286012975 0.3033
-7.1226942597824 0.3032
-7.12267944426145 0.3031
-7.12266000029655 0.303
-7.12265197733002 0.3029
-7.12265524727888 0.3028
-7.12265296200778 0.3027
-7.12264587237791 0.3026
-7.12264003376671 0.3025
-7.12264039374585 0.3024
-7.12264379372036 0.3023
-7.12263629895473 0.3022
-7.12261973116247 0.3021
-7.12261213469273 0.302
-7.1226089318571 0.3019
-7.12261622376413 0.3018
-7.1226152053758 0.3017
-7.12259828747172 0.3016
-7.12257449370518 0.3015
-7.12253294130659 0.3014
-7.12249510654921 0.3013
-7.12246196046102 0.3012
-7.12243856908839 0.3011
-7.12241614755607 0.301
-7.12236571744672 0.3009
-7.12230322607519 0.3008
-7.12225569127235 0.3007
-7.12222273071178 0.3006
-7.12220094590064 0.3005
-7.12218986508125 0.3004
-7.12218554660991 0.3003
-7.1221873369552 0.3002
-7.12220212579849 0.3001
-7.12223389704462 0.3
-7.12227377014313 0.2999
-7.12232736705952 0.2998
-7.12238325737863 0.2997
-7.12239872374874 0.2996
-7.12239731847074 0.2995
-7.1223982301262 0.2994
-7.12237385662106 0.2993
-7.12234347443397 0.2992
-7.12229979029465 0.2991
-7.12225918347463 0.299
-7.12220589414013 0.2989
-7.12213549785898 0.2988
-7.1220530147368 0.2987
-7.12196356833258 0.2986
-7.12187954731822 0.2985
-7.12178026429136 0.2984
-7.12168998835568 0.2983
-7.12159307363955 0.2982
-7.12149765248164 0.2981
-7.12140970511779 0.298
-7.12133172785232 0.2979
-7.12125985357812 0.2978
-7.12121038401185 0.2977
-7.12116895721714 0.2976
-7.12114462523114 0.2975
-7.12115028350933 0.2974
-7.12118794311117 0.2973
-7.12123781365851 0.2972
-7.12129499485211 0.2971
-7.12138931990945 0.297
-7.12149081370355 0.2969
-7.12161896108047 0.2968
-7.12175409582111 0.2967
-7.1219111381496 0.2966
-7.12207857860933 0.2965
-7.12224302819475 0.2964
-7.12241991877893 0.2963
-7.12260803998435 0.2962
-7.12278899496243 0.2961
-7.12297152077469 0.296
-7.12315883981397 0.2959
-7.12333906798597 0.2958
-7.12351779174153 0.2957
-7.12368780189319 0.2956
-7.12384146304806 0.2955
-7.1239650468299 0.2954
-7.12406641088277 0.2953
-7.12413754871043 0.2952
-7.1241928689089 0.2951
-7.12421089381182 0.295
-7.12420303978541 0.2949
-7.12419303174536 0.2948
-7.12416740769883 0.2947
-7.12413334676354 0.2946
-7.12410674704361 0.2945
-7.12407749851683 0.2944
-7.12403619904098 0.2943
-7.12399148216379 0.2942
-7.12394491659477 0.2941
-7.12389383334202 0.294
-7.12385614878959 0.2939
-7.1238114847074 0.2938
-7.12376988617895 0.2937
-7.12371672089991 0.2936
-7.12365090059633 0.2935
-7.12357771385643 0.2934
-7.12350244770783 0.2933
-7.12343436711044 0.2932
-7.12337655322002 0.2931
-7.12332931808817 0.293
-7.12330226789324 0.2929
-7.12330702739328 0.2928
-7.12333163297194 0.2927
-7.12336509729725 0.2926
-7.12340275811854 0.2925
-7.12343112777732 0.2924
-7.12345701611893 0.2923
-7.12348473360303 0.2922
-7.12351551606879 0.2921
-7.12355002016016 0.292
-7.12357896335176 0.2919
-7.12361048955899 0.2918
-7.12365043642558 0.2917
-7.12367011561825 0.2916
-7.12368201093792 0.2915
-7.12369643690171 0.2914
-7.12368605781816 0.2913
-7.12366280480101 0.2912
-7.12362116112938 0.2911
-7.12357714950829 0.291
-7.12352242182348 0.2909
-7.12348187008749 0.2908
-7.12342587657319 0.2907
-7.12335962362608 0.2906
-7.1232888354637 0.2905
-7.1232247748184 0.2904
-7.1231773056655 0.2903
-7.1231295903264 0.2902
-7.12309807764623 0.2901
-7.12306336501152 0.29
-7.12304017539798 0.2899
-7.1230280509766 0.2898
-7.12302311470004 0.2897
-7.12300728431352 0.2896
-7.12299717841911 0.2895
-7.12300007346165 0.2894
-7.12300832268528 0.2893
-7.12301487948641 0.2892
-7.12300695038911 0.2891
-7.12300398547046 0.289
-7.12301272652873 0.2889
-7.12303951547739 0.2888
-7.12306048714795 0.2887
-7.12308031631337 0.2886
-7.12310436307282 0.2885
-7.12311009465945 0.2884
-7.12312065344811 0.2883
-7.12312382612807 0.2882
-7.12313820077024 0.2881
-7.12313693227143 0.288
-7.12313651386745 0.2879
-7.12314024625034 0.2878
-7.1231516139642 0.2877
-7.12315473184033 0.2876
-7.12315625540703 0.2875
-7.12315707356372 0.2874
-7.12316773498791 0.2873
-7.12319917270372 0.2872
-7.12325491071908 0.2871
-7.1233139419625 0.287
-7.12338967426288 0.2869
-7.12345914738761 0.2868
-7.12353247096333 0.2867
-7.12359624711841 0.2866
-7.12364282154194 0.2865
-7.12366626056486 0.2864
-7.12368238264941 0.2863
-7.12366990031817 0.2862
-7.12364144182253 0.2861
-7.1236124382668 0.286
-7.12359144633808 0.2859
-7.12357882688754 0.2858
-7.12354358554753 0.2857
-7.12349548302148 0.2856
-7.1234364631787 0.2855
-7.12337742552683 0.2854
-7.12332016211495 0.2853
-7.1232721430703 0.2852
-7.12322853111949 0.2851
-7.12317360600861 0.285
-7.12311235829925 0.2849
-7.12307244399981 0.2848
-7.12304258931681 0.2847
-7.12302194283597 0.2846
-7.12299836116929 0.2845
-7.12299498343749 0.2844
-7.12298427718367 0.2843
-7.12298227935936 0.2842
-7.1229806843927 0.2841
-7.12300278290644 0.284
-7.12305483356955 0.2839
-7.12313287713441 0.2838
-7.12322331145012 0.2837
-7.12331059916519 0.2836
-7.12340560917464 0.2835
-7.1234958300769 0.2834
-7.12359393339357 0.2833
-7.12368157484616 0.2832
-7.1237578498038 0.2831
-7.12383513224263 0.283
-7.12390187369171 0.2829
-7.12398817877761 0.2828
-7.12407630262415 0.2827
-7.12417056146945 0.2826
-7.12425171513832 0.2825
-7.12430856389298 0.2824
-7.1243483374234 0.2823
-7.12440177175122 0.2822
-7.12443140738602 0.2821
-7.12444020345417 0.282
-7.12445095833352 0.2819
-7.12444551114117 0.2818
-7.12443261767669 0.2817
-7.12442497962371 0.2816
-7.12440765809416 0.2815
-7.12439740883939 0.2814
-7.12438843236059 0.2813
-7.12438307781851 0.2812
-7.12438447051487 0.2811
-7.12438157821779 0.281
-7.12438620840585 0.2809
-7.12442717630661 0.2808
-7.12449142579722 0.2807
-7.12456566732897 0.2806
-7.12465137488569 0.2805
-7.12475164987935 0.2804
-7.12484625265975 0.2803
-7.12493479217828 0.2802
-7.12500507159585 0.2801
-7.1250761428853 0.28
-7.12515022255104 0.2799
-7.125209689936 0.2798
-7.12525783603307 0.2797
-7.12528943466805 0.2796
-7.12532852514214 0.2795
-7.12535876093184 0.2794
-7.12540162003811 0.2793
-7.12544427729042 0.2792
-7.12548434293013 0.2791
-7.12553101420662 0.279
-7.12558405270652 0.2789
-7.12563526316066 0.2788
-7.12570656161227 0.2787
-7.12577537404685 0.2786
-7.12584015002651 0.2785
-7.12591217369204 0.2784
-7.12597246050111 0.2783
-7.12603546432874 0.2782
-7.12610473121305 0.2781
-7.12616429004551 0.278
-7.12620804802586 0.2779
-7.12623262597062 0.2778
-7.12626086567778 0.2777
-7.12627806773775 0.2776
-7.12629235303966 0.2775
-7.1262732105796 0.2774
-7.12623415892574 0.2773
-7.12618686264342 0.2772
-7.12613736362917 0.2771
-7.12608139281973 0.277
-7.12601746224023 0.2769
-7.12594793112976 0.2768
-7.12585815295953 0.2767
-7.12574953587978 0.2766
-7.12562510030152 0.2765
-7.1255015789504 0.2764
-7.12537652309951 0.2763
-7.12525715476235 0.2762
-7.12510722528911 0.2761
-7.12495168360359 0.276
-7.12483447414855 0.2759
-7.12472871393033 0.2758
-7.12463885381994 0.2757
-7.12455991351548 0.2756
-7.12449458050994 0.2755
-7.12444138249814 0.2754
-7.12441450711098 0.2753
-7.12440281547702 0.2752
-7.12442349009353 0.2751
-7.12446203230171 0.275
-7.12451397819052 0.2749
-7.12457230067693 0.2748
-7.12463480697095 0.2747
-7.12470035219327 0.2746
-7.12477242431821 0.2745
-7.12483669765384 0.2744
-7.12489074312309 0.2743
-7.12492833894649 0.2742
-7.12495734830601 0.2741
-7.1249658801072 0.274
-7.12494774391905 0.2739
-7.1249192858313 0.2738
-7.12487362476719 0.2737
-7.12482872259044 0.2736
-7.1247647225559 0.2735
-7.12466222621166 0.2734
-7.12455917302204 0.2733
-7.12445823283959 0.2732
-7.12436154458566 0.2731
-7.12428588341419 0.273
-7.12422314568244 0.2729
-7.12415216055986 0.2728
-7.1240914553241 0.2727
-7.12402761859835 0.2726
-7.12397061411001 0.2725
-7.12391968615112 0.2724
-7.12387549917291 0.2723
-7.12385503033904 0.2722
-7.12381733001581 0.2721
-7.12379375176315 0.272
-7.12377265275882 0.2719
-7.12377318324888 0.2718
-7.12376559917293 0.2717
-7.12374502292032 0.2716
-7.12371691437386 0.2715
-7.12368189123102 0.2714
-7.1236626842585 0.2713
-7.12366269030548 0.2712
-7.12366917970623 0.2711
-7.12368248791936 0.271
-7.12368423685472 0.2709
-7.12369100033897 0.2708
-7.12367576606496 0.2707
-7.12367426022322 0.2706
-7.12367713813163 0.2705
-7.12369872416897 0.2704
-7.1237317573522 0.2703
-7.12379048824253 0.2702
-7.1238718468998 0.2701
-7.12395175569714 0.27
-7.12401795985429 0.2699
-7.12410272475011 0.2698
-7.12420833047751 0.2697
-7.12432298427984 0.2696
-7.12444775305809 0.2695
-7.1245886689311 0.2694
-7.12474485047892 0.2693
-7.12491466183769 0.2692
-7.12508308507327 0.2691
-7.12523762287603 0.269
-7.12537905478356 0.2689
-7.12553305019213 0.2688
-7.125686421356 0.2687
-7.12583000118966 0.2686
-7.12597828104683 0.2685
-7.12612447728571 0.2684
-7.12627142536749 0.2683
-7.12641493234377 0.2682
-7.12657127131131 0.2681
-7.1267250771467 0.268
-7.12686623940102 0.2679
-7.12698563899489 0.2678
-7.1270957880595 0.2677
-7.1272060913437 0.2676
-7.12729638986072 0.2675
-7.12737469248419 0.2674
-7.12743442190839 0.2673
-7.12748973593125 0.2672
-7.12752674326514 0.2671
-7.12755399188327 0.267
-7.12760227637056 0.2669
-7.12764455117896 0.2668
-7.12768646814945 0.2667
-7.12771748319212 0.2666
-7.12775364658867 0.2665
-7.12778542957204 0.2664
-7.12780292366247 0.2663
-7.12780834208994 0.2662
-7.12779873219232 0.2661
-7.12778481303232 0.266
-7.12775738254442 0.2659
-7.12772489729072 0.2658
-7.12767424266993 0.2657
-7.1276025718675 0.2656
-7.12750747148065 0.2655
-7.12741398047917 0.2654
-7.12731491843486 0.2653
-7.12721612265118 0.2652
-7.1271336288323 0.2651
-7.12705624019536 0.265
-7.12699426133873 0.2649
-7.12694025998846 0.2648
-7.12689873069285 0.2647
-7.12686528104375 0.2646
-7.12684460488495 0.2645
-7.12684449536108 0.2644
-7.12682145109892 0.2643
-7.1267873545925 0.2642
-7.12676924900805 0.2641
-7.12674077805539 0.264
-7.12670946387865 0.2639
-7.12666261578903 0.2638
-7.12660188353035 0.2637
-7.12654650733688 0.2636
-7.12647910001097 0.2635
-7.12641699781346 0.2634
-7.1263613192781 0.2633
-7.12630605081837 0.2632
-7.1262448407695 0.2631
-7.126187136703 0.263
-7.12611340872874 0.2629
-7.12603772328747 0.2628
-7.12595930776302 0.2627
-7.12589336680186 0.2626
-7.12582980218577 0.2625
-7.12577956254586 0.2624
-7.12575063864337 0.2623
-7.12571565846647 0.2622
-7.12568163991956 0.2621
-7.12566190074198 0.262
-7.12564231185349 0.2619
-7.1256249554865 0.2618
-7.12560857989277 0.2617
-7.12558675561219 0.2616
-7.1255838108232 0.2615
-7.12559428577008 0.2614
-7.12559334532654 0.2613
-7.12559702289178 0.2612
-7.12559591399433 0.2611
-7.12560692374602 0.261
-7.12560775322957 0.2609
-7.12562538417403 0.2608
-7.12565646784132 0.2607
-7.12570333555952 0.2606
-7.12575024079882 0.2605
-7.1257894523842 0.2604
-7.12583298321058 0.2603
-7.12591198145488 0.2602
-7.12600304201204 0.2601
-7.12609828252269 0.26
-7.12617942072448 0.2599
-7.12627339496748 0.2598
-7.1263616724937 0.2597
-7.12645793500265 0.2596
-7.12654504037503 0.2595
-7.12663016644427 0.2594
-7.1266904812197 0.2593
-7.12674742294847 0.2592
-7.12679976372213 0.2591
-7.12682004433074 0.259
-7.12684133779812 0.2589
-7.12685135811065 0.2588
-7.12685998019654 0.2587
-7.12686776758997 0.2586
-7.12689451517515 0.2585
-7.12694740569874 0.2584
-7.12701109435127 0.2583
-7.12708327211703 0.2582
-7.12715217798908 0.2581
-7.12722494674881 0.258
-7.12730526707017 0.2579
-7.12738656399378 0.2578
-7.12747541150507 0.2577
-7.12758726085553 0.2576
-7.12770847487041 0.2575
-7.12783866368337 0.2574
-7.1279734019786 0.2573
-7.12810192260893 0.2572
-7.12821736270592 0.2571
-7.12830826693652 0.257
-7.12838938111842 0.2569
-7.12845328564532 0.2568
-7.12850515207901 0.2567
-7.1285315853386 0.2566
-7.12851110552405 0.2565
-7.12847324942708 0.2564
-7.12842367376344 0.2563
-7.12836615015582 0.2562
-7.12831666067808 0.2561
-7.1282625591708 0.256
-7.12821783020924 0.2559
-7.1281590120828 0.2558
-7.12810747423485 0.2557
-7.12803344672988 0.2556
-7.12793703145299 0.2555
-7.12785332670064 0.2554
-7.12776784663816 0.2553
-7.12767275823968 0.2552
-7.12758594845854 0.2551
-7.12751104388404 0.255
-7.12741491250656 0.2549
-7.12729829063428 0.2548
-7.12718181422872 0.2547
-7.12705524769936 0.2546
-7.12692230289024 0.2545
-7.12680636666063 0.2544
-7.12669234406554 0.2543
-7.1265799833603 0.2542
-7.12646940954829 0.2541
-7.1263622311248 0.254
-7.12626449256379 0.2539
-7.1261965464795 0.2538
-7.12612419833045 0.2537
-7.12605912976488 0.2536
-7.12601079116149 0.2535
-7.12595716544208 0.2534
-7.12590506402466 0.2533
-7.12585899959995 0.2532
-7.1258216960152 0.2531
-7.12576881455616 0.253
-7.12572735702775 0.2529
-7.12569241132058 0.2528
-7.12565684257765 0.2527
-7.12561016015177 0.2526
-7.12557850918231 0.2525
-7.12555344963058 0.2524
-7.12551962811475 0.2523
-7.12550158265836 0.2522
-7.12551284546684 0.2521
-7.1255475609255 0.252
-7.12559856664003 0.2519
-7.12566437186668 0.2518
-7.12572905028975 0.2517
-7.12579358835905 0.2516
-7.1258665467362 0.2515
-7.12594635997856 0.2514
-7.12604139484688 0.2513
-7.1261521715427 0.2512
-7.12625014718479 0.2511
-7.12634333337733 0.251
-7.12644010022487 0.2509
-7.12653080275795 0.2508
-7.12660892089921 0.2507
-7.12667015719254 0.2506
-7.12672469593019 0.2505
-7.12677484800111 0.2504
-7.12681496590252 0.2503
-7.12684593760692 0.2502
-7.12685947009821 0.2501
-7.12686905118792 0.25
-7.12687260330748 0.2499
-7.12688018531544 0.2498
-7.12688356962684 0.2497
-7.12688768994986 0.2496
-7.12690812675659 0.2495
-7.12692499535335 0.2494
-7.12697615331945 0.2493
-7.12700679030356 0.2492
-7.12706391571185 0.2491
-7.1271401360865 0.249
-7.12724468831157 0.2489
-7.12735720005161 0.2488
-7.12747264344375 0.2487
-7.12756976426182 0.2486
-7.1276786252021 0.2485
-7.12777835515707 0.2484
-7.12789404976307 0.2483
-7.12802424114788 0.2482
-7.1281583599611 0.2481
-7.12827418049072 0.248
-7.12836821183104 0.2479
-7.12845061719431 0.2478
-7.12849861558792 0.2477
-7.12853380720472 0.2476
-7.12856265999628 0.2475
-7.1285703098929 0.2474
-7.12857151728941 0.2473
-7.12856090472825 0.2472
-7.12857052470921 0.2471
-7.12857810119456 0.247
-7.12860215376922 0.2469
-7.12860818791773 0.2468
-7.12861128655174 0.2467
-7.12863127353989 0.2466
-7.12866685754142 0.2465
-7.12870745816612 0.2464
-7.12874090976646 0.2463
-7.12876837886807 0.2462
-7.12879867581508 0.2461
-7.12881320709258 0.246
-7.12882682462756 0.2459
-7.12883094856415 0.2458
-7.12882645444736 0.2457
-7.12881908969734 0.2456
-7.12880139776678 0.2455
-7.12878683767083 0.2454
-7.12877769056597 0.2453
-7.12876441206955 0.2452
-7.12873839615731 0.2451
-7.12870735320106 0.245
-7.12867793558366 0.2449
-7.12864256163565 0.2448
-7.12860197055427 0.2447
-7.12856958025743 0.2446
-7.12853499893069 0.2445
-7.12849753330311 0.2444
-7.12844700657166 0.2443
-7.12841298600394 0.2442
-7.1283637145126 0.2441
-7.12830785783244 0.244
-7.12823966093242 0.2439
-7.12815397946589 0.2438
-7.12806433898603 0.2437
-7.12798365392365 0.2436
-7.12790163709317 0.2435
-7.12782955198631 0.2434
-7.12775260693554 0.2433
-7.1276805156289 0.2432
-7.12760914202732 0.2431
-7.12755060576636 0.243
-7.12748322091835 0.2429
-7.12745067886213 0.2428
-7.12743773648347 0.2427
-7.12743306914227 0.2426
-7.12745008385264 0.2425
-7.12748226007352 0.2424
-7.1275447072632 0.2423
-7.12761153661738 0.2422
-7.12767435907582 0.2421
-7.12773863528025 0.242
-7.12778376069299 0.2419
-7.12782469330467 0.2418
-7.12785856876468 0.2417
-7.12785881585244 0.2416
-7.12783777851735 0.2415
-7.12780572504404 0.2414
-7.12776417835354 0.2413
-7.12771280312109 0.2412
-7.12766019245854 0.2411
-7.12760519321554 0.241
-7.12753130851038 0.2409
-7.12745668416841 0.2408
-7.12737175900121 0.2407
-7.12729783989211 0.2406
-7.12723019462375 0.2405
-7.12720259614799 0.2404
-7.12720962054348 0.2403
-7.12723559855153 0.2402
-7.12726027165356 0.2401
-7.12731264878475 0.24
-7.12736947377887 0.2399
-7.12743226705477 0.2398
-7.1275096150264 0.2397
-7.12761881903171 0.2396
-7.12772856274082 0.2395
-7.12784448942688 0.2394
-7.12794642839885 0.2393
-7.12804402053227 0.2392
-7.12812744963276 0.2391
-7.1281929347086 0.239
-7.12821770077869 0.2389
-7.12823760149506 0.2388
-7.12822845968876 0.2387
-7.12820590303403 0.2386
-7.12815000048803 0.2385
-7.12807302308256 0.2384
-7.12798011094657 0.2383
-7.12787927959553 0.2382
-7.12777770731287 0.2381
-7.12766676432876 0.238
-7.1275477976875 0.2379
-7.12743480010267 0.2378
-7.12733158048924 0.2377
-7.1272305505385 0.2376
-7.12712720309028 0.2375
-7.12705151253706 0.2374
-7.12701204192805 0.2373
-7.12696720319696 0.2372
-7.12694564777343 0.2371
-7.12694265782694 0.237
-7.12695014773903 0.2369
-7.12698759374451 0.2368
-7.12704714338982 0.2367
-7.12711155462906 0.2366
-7.12717952911208 0.2365
-7.12725442639273 0.2364
-7.12734009716287 0.2363
-7.12743337868711 0.2362
-7.12753542354294 0.2361
-7.1276370361378 0.236
-7.12773454355047 0.2359
-7.12780934815564 0.2358
-7.12787062562296 0.2357
-7.12792534928816 0.2356
-7.1279801685823 0.2355
-7.12803955086933 0.2354
-7.12809149184328 0.2353
-7.12814322340233 0.2352
-7.12818378256235 0.2351
-7.12821058303436 0.235
-7.1282391903636 0.2349
-7.12826821158546 0.2348
-7.1282902936947 0.2347
-7.12832380934452 0.2346
-7.12836297051009 0.2345
-7.12839883674557 0.2344
-7.12844271684638 0.2343
-7.12848690534159 0.2342
-7.12852567216104 0.2341
-7.12856822686692 0.234
-7.1286081474558 0.2339
-7.12862864850739 0.2338
-7.12863678679245 0.2337
-7.12863036122815 0.2336
-7.12862386716006 0.2335
-7.12860536850295 0.2334
-7.12859028104326 0.2333
-7.12859562784043 0.2332
-7.12862850931307 0.2331
-7.12865507879837 0.233
-7.12867309647592 0.2329
-7.12869521211435 0.2328
-7.12872565137471 0.2327
-7.12875399647743 0.2326
-7.12878755326133 0.2325
-7.12883442379563 0.2324
-7.12887739587494 0.2323
-7.12889437638469 0.2322
-7.12891625063275 0.2321
-7.12893775682346 0.232
-7.12896448687817 0.2319
-7.12899736910157 0.2318
-7.12903103501938 0.2317
-7.12905079342709 0.2316
-7.1290721376235 0.2315
-7.12910822353673 0.2314
-7.12914096886914 0.2313
-7.12917892078069 0.2312
-7.12921367085707 0.2311
-7.12926149235297 0.231
-7.1293068053962 0.2309
-7.12937962506556 0.2308
-7.12946846274252 0.2307
-7.12957533571927 0.2306
-7.12969969432406 0.2305
-7.12983712375438 0.2304
-7.12997145526683 0.2303
-7.13011620304525 0.2302
-7.1302871320095 0.2301
-7.13045126644013 0.23
-7.1306146777325 0.2299
-7.13077120490004 0.2298
-7.13093095250882 0.2297
-7.13107891599375 0.2296
-7.13122236455453 0.2295
-7.13137561234675 0.2294
-7.13151808793828 0.2293
-7.13164977822887 0.2292
-7.13177203159749 0.2291
-7.13187350647797 0.229
-7.13197498157575 0.2289
-7.13206014201634 0.2288
-7.13210654522024 0.2287
-7.13213726023937 0.2286
-7.13212874952723 0.2285
-7.13211741807299 0.2284
-7.13210075361752 0.2283
-7.13206673160235 0.2282
-7.13203779411762 0.2281
-7.13198585287863 0.228
-7.13191393019895 0.2279
-7.1318348253779 0.2278
-7.13176112778193 0.2277
-7.13168224304211 0.2276
-7.13158138412613 0.2275
-7.13147307310256 0.2274
-7.13135303588692 0.2273
-7.13122391332634 0.2272
-7.13107718102523 0.2271
-7.13091760822755 0.227
-7.13075101989432 0.2269
-7.13059056859047 0.2268
-7.13044072652326 0.2267
-7.13030175513421 0.2266
-7.13019405738153 0.2265
-7.13011206258136 0.2264
-7.13004320126793 0.2263
-7.1299988894023 0.2262
-7.12997449563968 0.2261
-7.12996482447425 0.226
-7.12997025929815 0.2259
-7.12998285788675 0.2258
-7.13000237568818 0.2257
-7.13002988228731 0.2256
-7.13003273441293 0.2255
-7.13002520704377 0.2254
-7.13004138566762 0.2253
-7.1300579243464 0.2252
-7.13008220732788 0.2251
-7.13010675808731 0.225
-7.1301259882639 0.2249
-7.1301348020135 0.2248
-7.13011910838355 0.2247
-7.13007239622234 0.2246
-7.13001717618141 0.2245
-7.12995521595332 0.2244
-7.1298802601986 0.2243
-7.12978979875763 0.2242
-7.1296967751298 0.2241
-7.12960283152134 0.224
-7.12950427885788 0.2239
-7.12940486514384 0.2238
-7.12930987278453 0.2237
-7.12922374913149 0.2236
-7.1291457369414 0.2235
-7.12906600531071 0.2234
-7.12898571771044 0.2233
-7.12891408887887 0.2232
-7.12885082141985 0.2231
-7.12879341763563 0.223
-7.12873880061154 0.2229
-7.1286820860379 0.2228
-7.12864279709792 0.2227
-7.12862524672694 0.2226
-7.12863105147599 0.2225
-7.12864274174423 0.2224
-7.12866331402652 0.2223
-7.12869266134497 0.2222
-7.12873612572417 0.2221
-7.12879441287383 0.222
-7.12885970297426 0.2219
-7.12893260303683 0.2218
-7.12902816202113 0.2217
-7.12913511414024 0.2216
-7.12924824191264 0.2215
-7.12936925927884 0.2214
-7.12949090186222 0.2213
-7.12960077497619 0.2212
-7.12969990120341 0.2211
-7.12980577416679 0.221
-7.12991505738914 0.2209
-7.13001618000637 0.2208
-7.13012561288133 0.2207
-7.13023254999122 0.2206
-7.13031369497203 0.2205
-7.13039664327941 0.2204
-7.13047425635409 0.2203
-7.13053916178331 0.2202
-7.13061529439789 0.2201
-7.13068215012837 0.22
-7.1307367541396 0.2199
-7.1307716327538 0.2198
-7.13080077122889 0.2197
-7.13082199563472 0.2196
-7.13084230442907 0.2195
-7.13087078437193 0.2194
-7.13090073375373 0.2193
-7.13092672535791 0.2192
-7.13096082038563 0.2191
-7.13099710852908 0.219
-7.13102073027859 0.2189
-7.13104037643023 0.2188
-7.13106356988633 0.2187
-7.13109503327444 0.2186
-7.13112457714914 0.2185
-7.13111547871886 0.2184
-7.13108254466356 0.2183
-7.13105235945179 0.2182
-7.13101855620772 0.2181
-7.1309784678167 0.218
-7.1309366255568 0.2179
-7.13087347741008 0.2178
-7.13080328718046 0.2177
-7.13072240600879 0.2176
-7.13064646951915 0.2175
-7.13058543073848 0.2174
-7.1305294197437 0.2173
-7.13045158882865 0.2172
-7.13038926868451 0.2171
-7.13034148721959 0.217
-7.13030757046871 0.2169
-7.13027395093832 0.2168
-7.13024455238872 0.2167
-7.13021826258195 0.2166
-7.13020686616894 0.2165
-7.13019516848813 0.2164
-7.13020626241836 0.2163
-7.13022503311244 0.2162
-7.13024789607305 0.2161
-7.13026026347858 0.216
-7.13028219634516 0.2159
-7.13031324224019 0.2158
-7.13035641572071 0.2157
-7.13039102441194 0.2156
-7.13044754798692 0.2155
-7.13050350842204 0.2154
-7.13055666390742 0.2153
-7.13061541386006 0.2152
-7.13068293190734 0.2151
-7.13075667052097 0.215
-7.13082603286451 0.2149
-7.13089842640218 0.2148
-7.13094490526023 0.2147
-7.13099478947095 0.2146
-7.13104980623285 0.2145
-7.13108828387586 0.2144
-7.13112539268726 0.2143
-7.13114894431699 0.2142
-7.13117376904345 0.2141
-7.13118579768005 0.214
-7.13119596993064 0.2139
-7.13119630043032 0.2138
-7.13119187876555 0.2137
-7.13118687764298 0.2136
-7.13115321107667 0.2135
-7.1311057905842 0.2134
-7.13105607041541 0.2133
-7.13100269047702 0.2132
-7.13097598170771 0.2131
-7.1309652491331 0.213
-7.13097460704417 0.2129
-7.13100139497268 0.2128
-7.13104216017922 0.2127
-7.13108384619968 0.2126
-7.13113780268093 0.2125
-7.13118855219841 0.2124
-7.13123633172559 0.2123
-7.1312854898229 0.2122
-7.13134385055371 0.2121
-7.13142029420261 0.212
-7.13149683151853 0.2119
-7.13156736790751 0.2118
-7.13163930463967 0.2117
-7.13171056186172 0.2116
-7.13178809818745 0.2115
-7.1318760463643 0.2114
-7.13195769090256 0.2113
-7.1320486063029 0.2112
-7.13214450378617 0.2111
-7.13223145458788 0.211
-7.13230740301134 0.2109
-7.13236002984235 0.2108
-7.13241438096289 0.2107
-7.13246747967121 0.2106
-7.13252182646 0.2105
-7.13256813042718 0.2104
-7.13260099641304 0.2103
-7.13262969450732 0.2102
-7.13265147634531 0.2101
-7.13266249217817 0.21
-7.13264080782565 0.2099
-7.13260630644414 0.2098
-7.13255827131969 0.2097
-7.13248803440261 0.2096
-7.13241070406299 0.2095
-7.13232341503273 0.2094
-7.13223011261469 0.2093
-7.13214670147264 0.2092
-7.13207573176262 0.2091
-7.13201420569051 0.209
-7.13194582145428 0.2089
-7.13188688537354 0.2088
-7.1318269183485 0.2087
-7.13175499456027 0.2086
-7.13168241557177 0.2085
-7.13161537570992 0.2084
-7.13154456552509 0.2083
-7.13147685246626 0.2082
-7.13140229881106 0.2081
-7.13132665545861 0.208
-7.13125939673274 0.2079
-7.13120790616531 0.2078
-7.13117430231494 0.2077
-7.13115227837838 0.2076
-7.13113582910621 0.2075
-7.13113014495486 0.2074
-7.13112705851954 0.2073
-7.1311454180901 0.2072
-7.13117713772429 0.2071
-7.13123286997107 0.207
-7.13127548831106 0.2069
-7.13133579227085 0.2068
-7.13141283354549 0.2067
-7.13148641008361 0.2066
-7.13156344007628 0.2065
-7.13163019870362 0.2064
-7.13169167278344 0.2063
-7.13173771847706 0.2062
-7.1317887643548 0.2061
-7.13184424221349 0.206
-7.1318971962021 0.2059
-7.1319401101722 0.2058
-7.13198966896816 0.2057
-7.13202413339675 0.2056
-7.13205347181964 0.2055
-7.13207113415463 0.2054
-7.13208922868307 0.2053
-7.13207824142459 0.2052
-7.13206320262144 0.2051
-7.13205140399312 0.205
-7.13204586616343 0.2049
-7.13205389580168 0.2048
-7.13206187709496 0.2047
-7.13207858749686 0.2046
-7.13211002952733 0.2045
-7.13214616208567 0.2044
-7.13217972908382 0.2043
-7.13220157304265 0.2042
-7.13225205354774 0.2041
-7.13231680123502 0.204
-7.13237894990278 0.2039
-7.13244575777418 0.2038
-7.13251979409984 0.2037
-7.13260726854984 0.2036
-7.13269918232963 0.2035
-7.13279564213856 0.2034
-7.13287006955497 0.2033
-7.13292256221441 0.2032
-7.13296214703538 0.2031
-7.13300061089339 0.203
-7.13303897160307 0.2029
-7.13306292591613 0.2028
-7.13308543005785 0.2027
-7.13310492715398 0.2026
-7.13311239079913 0.2025
-7.13310825046157 0.2024
-7.13309034846218 0.2023
-7.13304967373985 0.2022
-7.13298611777101 0.2021
-7.13292825263652 0.202
-7.13288417108288 0.2019
-7.13283989793343 0.2018
-7.13280789109175 0.2017
-7.132775617339 0.2016
-7.13274294925641 0.2015
-7.13271234179121 0.2014
-7.13268480047538 0.2013
-7.13266018863379 0.2012
-7.13264046353901 0.2011
-7.13258536084345 0.201
-7.13251136525372 0.2009
-7.13244378649706 0.2008
-7.13235361507407 0.2007
-7.13224461225658 0.2006
-7.13211565969687 0.2005
-7.13197236361083 0.2004
-7.13182056000186 0.2003
-7.13167637651528 0.2002
-7.13154266597796 0.2001
-7.13140611367025 0.2
-7.13127903119141 0.1999
-7.13117259818418 0.1998
-7.13109891681766 0.1997
-7.13105077954331 0.1996
-7.13102518319237 0.1995
-7.1310245295121 0.1994
-7.13106623552042 0.1993
-7.13112115541743 0.1992
-7.13119586215644 0.1991
-7.131294408997 0.199
-7.13140825599998 0.1989
-7.13154334558892 0.1988
-7.1316863892854 0.1987
-7.13183657529439 0.1986
-7.13197618958307 0.1985
-7.13211412736124 0.1984
-7.13225155056058 0.1983
-7.1323835229983 0.1982
-7.13249833483582 0.1981
-7.13259290023167 0.198
-7.13269064611775 0.1979
-7.13278236703525 0.1978
-7.13284732202078 0.1977
-7.13290218405906 0.1976
-7.13294892252173 0.1975
-7.13299365192495 0.1974
-7.13305272843277 0.1973
-7.13310040041339 0.1972
-7.13314710527491 0.1971
-7.13318778164354 0.197
-7.1332184453698 0.1969
-7.13325500446982 0.1968
-7.13329926691593 0.1967
-7.13333950715936 0.1966
-7.13339285465428 0.1965
-7.13344192209428 0.1964
-7.1334818552357 0.1963
-7.13351752971466 0.1962
-7.13355027722626 0.1961
-7.1335824615756 0.196
-7.1336055378296 0.1959
-7.13364081942553 0.1958
-7.13366962060612 0.1957
-7.13369900807987 0.1956
-7.1337290984391 0.1955
-7.13376802609113 0.1954
-7.13381514667947 0.1953
-7.13387366153901 0.1952
-7.13394141500311 0.1951
-7.13401810014944 0.195
-7.13410095455484 0.1949
-7.13419130668002 0.1948
-7.13430890993885 0.1947
-7.13445164128909 0.1946
-7.13459570305097 0.1945
-7.13476121213896 0.1944
-7.13493365311931 0.1943
-7.13510221688465 0.1942
-7.13524933793862 0.1941
-7.1353977124539 0.194
-7.13554592527176 0.1939
-7.13568885812868 0.1938
-7.13581961672789 0.1937
-7.13593000479978 0.1936
-7.1360234354821 0.1935
-7.13611282873061 0.1934
-7.13616726896664 0.1933
-7.13622558121147 0.1932
-7.13626239696721 0.1931
-7.13628793855145 0.193
-7.13629967261557 0.1929
-7.13630264399888 0.1928
-7.13630386085336 0.1927
-7.13628631639056 0.1926
-7.13627426078046 0.1925
-7.13625547635014 0.1924
-7.13623572006389 0.1923
-7.13620422711761 0.1922
-7.13617625135673 0.1921
-7.13615542096093 0.192
-7.13613833843589 0.1919
-7.13609625569361 0.1918
-7.13604152867554 0.1917
-7.13597505349549 0.1916
-7.13589387470852 0.1915
-7.13582086478053 0.1914
-7.13574537144525 0.1913
-7.1356821476162 0.1912
-7.13561395716472 0.1911
-7.13552908082816 0.191
-7.13542504951163 0.1909
-7.1353189138963 0.1908
-7.13520404054434 0.1907
-7.13509965025608 0.1906
-7.13500569493227 0.1905
-7.13494318299728 0.1904
-7.13488489368509 0.1903
-7.134826335628 0.1902
-7.13476386028112 0.1901
-7.13470941923288 0.19
-7.13465239942022 0.1899
-7.13461905222418 0.1898
-7.13460466618382 0.1897
-7.13459358636262 0.1896
-7.13458272554086 0.1895
-7.13456980321231 0.1894
-7.13454857207699 0.1893
-7.13451830254629 0.1892
-7.13448788130748 0.1891
-7.13446317016493 0.189
-7.13443568355157 0.1889
-7.13440277661535 0.1888
-7.13435224445252 0.1887
-7.13430002370769 0.1886
-7.13424519581662 0.1885
-7.13418645350426 0.1884
-7.13411852581753 0.1883
-7.13405400099326 0.1882
-7.13399700376721 0.1881
-7.13395074684447 0.188
-7.13389961578904 0.1879
-7.13386705975633 0.1878
-7.1338335474625 0.1877
-7.13380340761432 0.1876
-7.13378631225995 0.1875
-7.13376935339102 0.1874
-7.13376350626501 0.1873
-7.13377809441477 0.1872
-7.13379007913437 0.1871
-7.13381792451719 0.187
-7.13384168887032 0.1869
-7.13385941873765 0.1868
-7.13386749245144 0.1867
-7.13386671985939 0.1866
-7.13384780207698 0.1865
-7.13381835341984 0.1864
-7.13376874584588 0.1863
-7.13371927109763 0.1862
-7.13366479921938 0.1861
-7.13361076123089 0.186
-7.13356699833088 0.1859
-7.13351923457903 0.1858
-7.13348094146162 0.1857
-7.13342245909049 0.1856
-7.13335634628385 0.1855
-7.13329254490069 0.1854
-7.13324709898636 0.1853
-7.13320774024818 0.1852
-7.13317776088462 0.1851
-7.1331480534887 0.185
-7.13310812242237 0.1849
-7.1330713070418 0.1848
-7.13303114441511 0.1847
-7.13299266005244 0.1846
-7.13295247820718 0.1845
-7.13291580480398 0.1844
-7.13288609860229 0.1843
-7.13283942593809 0.1842
-7.1327900965618 0.1841
-7.1327347997975 0.184
-7.13268467870601 0.1839
-7.13264907174317 0.1838
-7.13262718677635 0.1837
-7.13260299040751 0.1836
-7.13257845153618 0.1835
-7.13252668365806 0.1834
-7.13247755928816 0.1833
-7.13244386990853 0.1832
-7.13238968380171 0.1831
-7.13232294233991 0.183
-7.13225693631523 0.1829
-7.13219270302793 0.1828
-7.13211578684553 0.1827
-7.13202191982381 0.1826
-7.13192811047304 0.1825
-7.13183655177796 0.1824
-7.13176126962857 0.1823
-7.13168229891595 0.1822
-7.13160554979167 0.1821
-7.13154603679893 0.182
-7.13148281668299 0.1819
-7.13143991466879 0.1818
-7.1313947832523 0.1817
-7.13135267779178 0.1816
-7.13132104540619 0.1815
-7.13133163512293 0.1814
-7.13137112004454 0.1813
-7.13143945914887 0.1812
-7.1315217720903 0.1811
-7.13162727517546 0.181
-7.13175381187892 0.1809
-7.13189803320726 0.1808
-7.13207198956631 0.1807
-7.13225136431553 0.1806
-7.13243602451918 0.1805
-7.132632642798 0.1804
-7.13283115841662 0.1803
-7.13305541032757 0.1802
-7.13328881131079 0.1801
-7.13353530992685 0.18
-7.13377395756053 0.1799
-7.13400723960317 0.1798
-7.1342311129922 0.1797
-7.13445746434845 0.1796
-7.13469192937832 0.1795
-7.13491022776369 0.1794
-7.13513755192349 0.1793
-7.1353677142123 0.1792
-7.13557487187181 0.1791
-7.13574372143818 0.179
-7.13589545014686 0.1789
-7.13602662977724 0.1788
-7.13613349434638 0.1787
-7.13621148047985 0.1786
-7.13627724862898 0.1785
-7.13631424487319 0.1784
-7.13632131579847 0.1783
-7.1363069994949 0.1782
-7.13627102794988 0.1781
-7.13622511033726 0.178
-7.13617384888818 0.1779
-7.13613423022508 0.1778
-7.13608783479292 0.1777
-7.13606212661734 0.1776
-7.13604582504909 0.1775
-7.13605057619914 0.1774
-7.13605422718735 0.1773
-7.13607670350043 0.1772
-7.13611055150688 0.1771
-7.13615543403757 0.177
-7.13621145632513 0.1769
-7.13628033976512 0.1768
-7.13636324149307 0.1767
-7.13645086155069 0.1766
-7.13654368973116 0.1765
-7.1366328050093 0.1764
-7.13672303196603 0.1763
-7.13680099291711 0.1762
-7.13688062671269 0.1761
-7.13695548120462 0.176
-7.13700648812686 0.1759
-7.13704935520749 0.1758
-7.13708962398573 0.1757
-7.13712836714762 0.1756
-7.13716157241927 0.1755
-7.13719660706961 0.1754
-7.13722334823032 0.1753
-7.13724866575467 0.1752
-7.13724465146299 0.1751
-7.13723207076539 0.175
-7.13721279252463 0.1749
-7.13717724101235 0.1748
-7.1371436370765 0.1747
-7.13712344658163 0.1746
-7.13710078771135 0.1745
-7.13708907367312 0.1744
-7.13709481924241 0.1743
-7.1370989197883 0.1742
-7.13711853111312 0.1741
-7.13715708331658 0.174
-7.13720712804852 0.1739
-7.13726304559366 0.1738
-7.13733792390703 0.1737
-7.13743599601772 0.1736
-7.13754948513593 0.1735
-7.13766611007248 0.1734
-7.13778051794257 0.1733
-7.13789548402853 0.1732
-7.13800683135065 0.1731
-7.13812736582345 0.173
-7.13823111692748 0.1729
-7.13830849939543 0.1728
-7.13837387345593 0.1727
-7.1384254155148 0.1726
-7.13846927594645 0.1725
-7.13852501827154 0.1724
-7.13857739835418 0.1723
-7.13862577271506 0.1722
-7.1386590387004 0.1721
-7.13869076944646 0.172
-7.13871353492903 0.1719
-7.13871953091571 0.1718
-7.13870966966349 0.1717
-7.13869673494409 0.1716
-7.13866985776198 0.1715
-7.1386541383887 0.1714
-7.13862893374116 0.1713
-7.13860111112186 0.1712
-7.13856070076487 0.1711
-7.13850992868344 0.171
-7.13845672670435 0.1709
-7.1384040351853 0.1708
-7.13835063100318 0.1707
-7.13828300233473 0.1706
-7.13821018626816 0.1705
-7.1381473731881 0.1704
-7.13808420314777 0.1703
-7.13800744683832 0.1702
-7.13792325879598 0.1701
-7.13784130818387 0.17
-7.13775936978509 0.1699
-7.13769562262357 0.1698
-7.13764341617574 0.1697
-7.13760283122663 0.1696
-7.13757626899612 0.1695
-7.13755426385472 0.1694
-7.13753402666467 0.1693
-7.13751695933931 0.1692
-7.13751872247145 0.1691
-7.13754855838267 0.169
-7.13761337370585 0.1689
-7.13767557321922 0.1688
-7.13776557555888 0.1687
-7.13785879109788 0.1686
-7.13794974985455 0.1685
-7.13806334987972 0.1684
-7.13817841474676 0.1683
-7.13830793784973 0.1682
-7.13842668808438 0.1681
-7.13852674958635 0.168
-7.13861829261652 0.1679
-7.1387100146399 0.1678
-7.1388172576982 0.1677
-7.13892574099979 0.1676
-7.13902179919152 0.1675
-7.13910744135748 0.1674
-7.13915591695362 0.1673
-7.13917521679318 0.1672
-7.13919177085017 0.1671
-7.13917491853854 0.167
-7.13914806315271 0.1669
-7.13913268576872 0.1668
-7.13911918403851 0.1667
-7.13908578605342 0.1666
-7.13904469024876 0.1665
-7.1390294397664 0.1664
-7.13901580805676 0.1663
-7.13899071097124 0.1662
-7.1389679152922 0.1661
-7.13893454920549 0.166
-7.13887926408976 0.1659
-7.13883885531472 0.1658
-7.13880724031204 0.1657
-7.13878806626837 0.1656
-7.13878280943338 0.1655
-7.13876382029234 0.1654
-7.13874344252172 0.1653
-7.13872599996141 0.1652
-7.13872020558472 0.1651
-7.13871430299369 0.165
-7.13872819174464 0.1649
-7.13875780481593 0.1648
-7.13882250478238 0.1647
-7.13887196770019 0.1646
-7.13888737894511 0.1645
-7.13890282508365 0.1644
-7.13891103379435 0.1643
-7.13892290003267 0.1642
-7.13895655107829 0.1641
-7.13897857374379 0.164
-7.13899474114725 0.1639
-7.1390326401479 0.1638
-7.1390610800653 0.1637
-7.13909901818454 0.1636
-7.13913748786161 0.1635
-7.13916624224516 0.1634
-7.13918837646929 0.1633
-7.13920646129864 0.1632
-7.1392006652087 0.1631
-7.13918742026133 0.163
-7.13917614587489 0.1629
-7.13918310739028 0.1628
-7.13918371252557 0.1627
-7.13918452359326 0.1626
-7.13919521507087 0.1625
-7.13920436066177 0.1624
-7.13919603228522 0.1623
-7.13916719460965 0.1622
-7.13915167881176 0.1621
-7.13915092082197 0.162
-7.13916253171367 0.1619
-7.13916451750312 0.1618
-7.13917731062502 0.1617
-7.13919044179962 0.1616
-7.13920106559846 0.1615
-7.1392100279972 0.1614
-7.13923701545609 0.1613
-7.1392500833781 0.1612
-7.13926016045542 0.1611
-7.13925916756742 0.161
-7.13925825324933 0.1609
-7.13924606723999 0.1608
-7.13922074668373 0.1607
-7.13919975695755 0.1606
-7.13917992280259 0.1605
-7.13914292043305 0.1604
-7.13909312871483 0.1603
-7.13902408447893 0.1602
-7.13895045202208 0.1601
-7.13885946560368 0.16
-7.13874615005366 0.1599
-7.13863304211316 0.1598
-7.13852055741169 0.1597
-7.13841629271734 0.1596
-7.13832287568594 0.1595
-7.13824476524128 0.1594
-7.13817719887603 0.1593
-7.13812816296472 0.1592
-7.13808349305418 0.1591
-7.13806111698687 0.159
-7.13803472878317 0.1589
-7.13802822150569 0.1588
-7.13803126714199 0.1587
-7.13804984600631 0.1586
-7.13807308047425 0.1585
-7.13810252120605 0.1584
-7.13814902721214 0.1583
-7.13819612775635 0.1582
-7.1382420431196 0.1581
-7.13827945880622 0.158
-7.13833048169207 0.1579
-7.13837098951378 0.1578
-7.13840725818604 0.1577
-7.13844752805411 0.1576
-7.13847285894898 0.1575
-7.13848904553536 0.1574
-7.13851535815766 0.1573
-7.13853654075595 0.1572
-7.13855008757165 0.1571
-7.13856550218117 0.157
-7.13860914232579 0.1569
-7.13866388474568 0.1568
-7.1387210595655 0.1567
-7.13878194789618 0.1566
-7.13886297829887 0.1565
-7.13895061245172 0.1564
-7.13903544485392 0.1563
-7.13911627094917 0.1562
-7.13918828417944 0.1561
-7.13926270488836 0.156
-7.13933180788314 0.1559
-7.13938487999864 0.1558
-7.13945335219199 0.1557
-7.13951412584107 0.1556
-7.13959778559031 0.1555
-7.13968983383551 0.1554
-7.13979164805971 0.1553
-7.13990004681788 0.1552
-7.14002050797986 0.1551
-7.14014556425123 0.155
-7.14026536541925 0.1549
-7.14038314111327 0.1548
-7.14047447065342 0.1547
-7.14053933973458 0.1546
-7.14058609652348 0.1545
-7.14062230612036 0.1544
-7.140643827995 0.1543
-7.14065389112235 0.1542
-7.1406444981989 0.1541
-7.14062469648253 0.154
-7.14059376059333 0.1539
-7.14056091858156 0.1538
-7.14052630849636 0.1537
-7.14051538079299 0.1536
-7.14050582299758 0.1535
-7.14049423302498 0.1534
-7.14045049834365 0.1533
-7.14041588338986 0.1532
-7.14038290406484 0.1531
-7.14036354760843 0.153
-7.14034560607584 0.1529
-7.14032716211836 0.1528
-7.14031366346018 0.1527
-7.14030784328216 0.1526
-7.14030339338238 0.1525
-7.14030552034778 0.1524
-7.14029986082521 0.1523
-7.14031044969105 0.1522
-7.14032876785518 0.1521
-7.14033778478325 0.152
-7.14033397500977 0.1519
-7.14033393452227 0.1518
-7.14031533710014 0.1517
-7.14029817478816 0.1516
-7.14026843666696 0.1515
-7.14023374549396 0.1514
-7.14019989150102 0.1513
-7.14017398197514 0.1512
-7.14016515517994 0.1511
-7.14017390729517 0.151
-7.14016127406628 0.1509
-7.14014478359836 0.1508
-7.14012110098485 0.1507
-7.14009540313342 0.1506
-7.14008080790688 0.1505
-7.14007507673294 0.1504
-7.14007022119163 0.1503
-7.14006151327594 0.1502
-7.14005232196765 0.1501
-7.14003173821488 0.15
-7.13999249183991 0.1499
-7.13991916549289 0.1498
-7.13983205963919 0.1497
-7.13972916759411 0.1496
-7.1396190261764 0.1495
-7.13949230459164 0.1494
-7.13937036014765 0.1493
-7.13923830350223 0.1492
-7.13909930787991 0.1491
-7.13897056373856 0.149
-7.13883939879409 0.1489
-7.13869731348777 0.1488
-7.13856578453386 0.1487
-7.13843392276588 0.1486
-7.13832490576523 0.1485
-7.13821385788911 0.1484
-7.13811640337106 0.1483
-7.13804609369041 0.1482
-7.13801049203871 0.1481
-7.13800116452594 0.148
-7.13801739130247 0.1479
-7.13806673370593 0.1478
-7.13813650474687 0.1477
-7.13821935307658 0.1476
-7.13830230309746 0.1475
-7.13841058124476 0.1474
-7.13850720397839 0.1473
-7.13859836672091 0.1472
-7.1386787878932 0.1471
-7.13876501422379 0.147
-7.13885346159018 0.1469
-7.13893685338305 0.1468
-7.13902422973574 0.1467
-7.13910029267755 0.1466
-7.13918234076605 0.1465
-7.13925858381716 0.1464
-7.13931621988459 0.1463
-7.13936525535327 0.1462
-7.13941631112148 0.1461
-7.13948583300894 0.146
-7.13955717801628 0.1459
-7.13961910568056 0.1458
-7.13967509736772 0.1457
-7.13972139001033 0.1456
-7.13975046751295 0.1455
-7.13979037584888 0.1454
-7.1398110186567 0.1453
-7.13982740146328 0.1452
-7.13984703296974 0.1451
-7.1398722548128 0.145
-7.13989172891149 0.1449
-7.13991078271286 0.1448
-7.13992437054369 0.1447
-7.1399353275059 0.1446
-7.13995267333381 0.1445
-7.13996197705953 0.1444
-7.13994102705478 0.1443
-7.13993684593243 0.1442
-7.13994653320914 0.1441
-7.1399434783186 0.144
-7.13992942446409 0.1439
-7.13989957111802 0.1438
-7.13985297830515 0.1437
-7.13978534287262 0.1436
-7.1397120417084 0.1435
-7.13963293050985 0.1434
-7.13954874897402 0.1433
-7.13946603231494 0.1432
-7.1393844359758 0.1431
-7.13930967848498 0.143
-7.13923957206454 0.1429
-7.13916755125678 0.1428
-7.13910632441175 0.1427
-7.13905365550438 0.1426
-7.13902036453792 0.1425
-7.13899245145103 0.1424
-7.13896809728309 0.1423
-7.13895262397727 0.1422
-7.1389590818083 0.1421
-7.13898720778984 0.142
-7.1390302272223 0.1419
-7.13909679482176 0.1418
-7.13917371158254 0.1417
-7.13927194410012 0.1416
-7.13937247889761 0.1415
-7.13950123078265 0.1414
-7.13964942365043 0.1413
-7.13977164547279 0.1412
-7.13988975578801 0.1411
-7.13999965275111 0.141
-7.14009220812658 0.1409
-7.14019083846732 0.1408
-7.14028819836084 0.1407
-7.14036660629445 0.1406
-7.14042441208566 0.1405
-7.14048821786453 0.1404
-7.1405339494049 0.1403
-7.14056951383146 0.1402
-7.14059256741909 0.1401
-7.14060911003446 0.14
-7.14060975554786 0.1399
-7.14061876053266 0.1398
-7.14062427216383 0.1397
-7.14062790341289 0.1396
-7.14061067011992 0.1395
-7.14057751418619 0.1394
-7.14056214936728 0.1393
-7.14054678852844 0.1392
-7.1405362889028 0.1391
-7.14050586726095 0.139
-7.14047224546548 0.1389
-7.1404325327686 0.1388
-7.14040212745878 0.1387
-7.14038144537767 0.1386
-7.14035322568351 0.1385
-7.14033115297269 0.1384
-7.14032791704043 0.1383
-7.1403483063794 0.1382
-7.14038719986924 0.1381
-7.14044044146168 0.138
-7.1404969527886 0.1379
-7.14054367648108 0.1378
-7.14060252591418 0.1377
-7.14065134211579 0.1376
-7.14072579442249 0.1375
-7.14080576843012 0.1374
-7.14087052612383 0.1373
-7.14094800277427 0.1372
-7.14102253507203 0.1371
-7.14108464404562 0.137
-7.14114268141103 0.1369
-7.14118769501427 0.1368
-7.14122755395555 0.1367
-7.14126695791018 0.1366
-7.14130438998911 0.1365
-7.14131402330126 0.1364
-7.14130845557084 0.1363
-7.14127813070829 0.1362
-7.14122387825523 0.1361
-7.14115176729592 0.136
-7.14107931387736 0.1359
-7.14099276310176 0.1358
-7.14090625549484 0.1357
-7.14083367054164 0.1356
-7.14075629103396 0.1355
-7.14068090852332 0.1354
-7.14059315390691 0.1353
-7.14050882258222 0.1352
-7.14041766908483 0.1351
-7.14034018304933 0.135
-7.14026830728693 0.1349
-7.14019845288006 0.1348
-7.14014076818336 0.1347
-7.14007577906831 0.1346
-7.14002088499987 0.1345
-7.13997508283577 0.1344
-7.13992675755779 0.1343
-7.13987607605072 0.1342
-7.13981313049561 0.1341
-7.1397478196385 0.134
-7.13967722079604 0.1339
-7.13961884407735 0.1338
-7.13956293187328 0.1337
-7.13952848617148 0.1336
-7.1395083167409 0.1335
-7.13950918273082 0.1334
-7.13952682185731 0.1333
-7.13954435373035 0.1332
-7.13957738935446 0.1331
-7.13962380504824 0.133
-7.139684905713 0.1329
-7.13978087150536 0.1328
-7.13987772782295 0.1327
-7.13998225558355 0.1326
-7.14007026468825 0.1325
-7.1401604881842 0.1324
-7.1402548669771 0.1323
-7.14035439990684 0.1322
-7.14045081411205 0.1321
-7.14054488706767 0.132
-7.1406511805088 0.1319
-7.14073814585404 0.1318
-7.140810843237 0.1317
-7.14088009673363 0.1316
-7.14092548929067 0.1315
-7.14095761090825 0.1314
-7.14099224848295 0.1313
-7.14098862341187 0.1312
-7.14096367670666 0.1311
-7.1409318906704 0.131
-7.14089009441672 0.1309
-7.14082626757252 0.1308
-7.14076254294158 0.1307
-7.14068843637145 0.1306
-7.14059792790682 0.1305
-7.14047429161372 0.1304
-7.14035435708889 0.1303
-7.14022419442061 0.1302
-7.14008615542007 0.1301
-7.13994785752652 0.13
-7.1397858996832 0.1299
-7.13963623678233 0.1298
-7.13947574385756 0.1297
-7.13933741074692 0.1296
-7.13920129500752 0.1295
-7.13907454746278 0.1294
-7.13896205257321 0.1293
-7.13886502026936 0.1292
-7.1387758310538 0.1291
-7.1387180566826 0.129
-7.13869261280874 0.1289
-7.1386769808973 0.1288
-7.13869586354619 0.1287
-7.13869948201852 0.1286
-7.13869604412464 0.1285
-7.13871345107762 0.1284
-7.13875625753144 0.1283
-7.13882168887373 0.1282
-7.13887867097134 0.1281
-7.13895172557565 0.128
-7.13903663116571 0.1279
-7.13910955345771 0.1278
-7.13917105517853 0.1277
-7.1392474694093 0.1276
-7.13930276359785 0.1275
-7.13935033136603 0.1274
-7.13940873976132 0.1273
-7.13947462031604 0.1272
-7.1395370056635 0.1271
-7.13960580028395 0.127
-7.13967538212274 0.1269
-7.13975235521991 0.1268
-7.13981222094444 0.1267
-7.13988669281762 0.1266
-7.13995220174246 0.1265
-7.13999665127296 0.1264
-7.14004918481794 0.1263
-7.14011339750534 0.1262
-7.14019110332131 0.1261
-7.14027538842715 0.126
-7.14037498298166 0.1259
-7.14047888805521 0.1258
-7.14059268984029 0.1257
-7.14070617859752 0.1256
-7.1408242442243 0.1255
-7.14094385496528 0.1254
-7.14104904398522 0.1253
-7.14115400476909 0.1252
-7.14125898781501 0.1251
-7.14138123517048 0.125
-7.14150947658727 0.1249
-7.14163142947433 0.1248
-7.14176568585146 0.1247
-7.14190360631601 0.1246
-7.14204516700946 0.1245
-7.142183349369 0.1244
-7.14232077261432 0.1243
-7.14243545958634 0.1242
-7.14255529305446 0.1241
-7.14266791689822 0.124
-7.14275278911548 0.1239
-7.14282758902335 0.1238
-7.14287517965854 0.1237
-7.14291566744362 0.1236
-7.14293876624242 0.1235
-7.14294770668262 0.1234
-7.14293987015512 0.1233
-7.14291943438951 0.1232
-7.14289244409113 0.1231
-7.14287869225891 0.123
-7.1428610134304 0.1229
-7.14285798038169 0.1228
-7.14285562105248 0.1227
-7.14285421355161 0.1226
-7.14286265014868 0.1225
-7.1428856497755 0.1224
-7.14291614915828 0.1223
-7.142947592382 0.1222
-7.14297153664447 0.1221
-7.14300193197475 0.122
-7.14302700405683 0.1219
-7.14304830519629 0.1218
-7.14304585910626 0.1217
-7.14303687754887 0.1216
-7.1430214825835 0.1215
-7.14301089691516 0.1214
-7.14298416964759 0.1213
-7.14294718101294 0.1212
-7.14291762708344 0.1211
-7.14287890364035 0.121
-7.14283725511625 0.1209
-7.14279587382008 0.1208
-7.14273365563523 0.1207
-7.14266548558009 0.1206
-7.14259127859455 0.1205
-7.14253672097363 0.1204
-7.14249327126397 0.1203
-7.14246003456918 0.1202
-7.14242275361651 0.1201
-7.14238797091767 0.12
-7.1423572485297 0.1199
-7.14232922187849 0.1198
-7.14230611916562 0.1197
-7.14228710250007 0.1196
-7.1422669712659 0.1195
-7.14226223679738 0.1194
-7.14227004035542 0.1193
-7.14230633298395 0.1192
-7.14234160656236 0.1191
-7.14237681496359 0.119
-7.14240598497205 0.1189
-7.14243778577856 0.1188
-7.14243713174415 0.1187
-7.14243572661919 0.1186
-7.14240504529698 0.1185
-7.14236176284062 0.1184
-7.14230494722603 0.1183
-7.14223282621704 0.1182
-7.14214652276208 0.1181
-7.14205630262551 0.118
-7.14195807730961 0.1179
-7.14184625265825 0.1178
-7.14171960457874 0.1177
-7.14158598977193 0.1176
-7.14144556817568 0.1175
-7.14130239282877 0.1174
-7.14117156049752 0.1173
-7.14105168388884 0.1172
-7.14093960731625 0.1171
-7.14082887061325 0.117
-7.14073254103785 0.1169
-7.14066505324253 0.1168
-7.14062080685982 0.1167
-7.14059100819688 0.1166
-7.14057158793724 0.1165
-7.14056860707649 0.1164
-7.14058520519374 0.1163
-7.14060325777748 0.1162
-7.14062166242694 0.1161
-7.14064500397804 0.116
-7.14069721395836 0.1159
-7.14076738099624 0.1158
-7.14084202983605 0.1157
-7.14090227272921 0.1156
-7.14095262158056 0.1155
-7.14100489161031 0.1154
-7.14104198742093 0.1153
-7.14106617389668 0.1152
-7.14110049703664 0.1151
-7.14111735050809 0.115
-7.14116490947861 0.1149
-7.14122067998468 0.1148
-7.14128758588681 0.1147
-7.14135756244769 0.1146
-7.14140399632861 0.1145
-7.14143766564686 0.1144
-7.14146587937149 0.1143
-7.14149437312331 0.1142
-7.14151241084689 0.1141
-7.14152800987548 0.114
-7.14154287400774 0.1139
-7.14155846633605 0.1138
-7.1415812939237 0.1137
-7.14160838089388 0.1136
-7.14162165517287 0.1135
-7.14164296014484 0.1134
-7.14168477788697 0.1133
-7.14171150573536 0.1132
-7.1417428674012 0.1131
-7.14176739914624 0.113
-7.14179067640774 0.1129
-7.14180057985929 0.1128
-7.1418220193633 0.1127
-7.14185686093221 0.1126
-7.14188802355664 0.1125
-7.14191471130078 0.1124
-7.14196227689521 0.1123
-7.14199941943396 0.1122
-7.14204529560792 0.1121
-7.14211237630811 0.112
-7.14218485500468 0.1119
-7.14227327071748 0.1118
-7.14237954468411 0.1117
-7.14250009124908 0.1116
-7.1426280224766 0.1115
-7.14274860274353 0.1114
-7.1428823729442 0.1113
-7.14303767313167 0.1112
-7.14318811069526 0.1111
-7.14332924470016 0.111
-7.14346346439788 0.1109
-7.14359966493569 0.1108
-7.14374359642509 0.1107
-7.14388712105367 0.1106
-7.14401468284991 0.1105
-7.14413164915674 0.1104
-7.14424286132534 0.1103
-7.14433769468334 0.1102
-7.14444546638413 0.1101
-7.14455613117411 0.11
-7.14465873517239 0.1099
-7.14474064377698 0.1098
-7.14480619706964 0.1097
-7.14485298863358 0.1096
-7.14489225346671 0.1095
-7.14491803909194 0.1094
-7.14491956803647 0.1093
-7.14490323054098 0.1092
-7.14486392244524 0.1091
-7.14482276974964 0.109
-7.14478298177344 0.1089
-7.14471840132364 0.1088
-7.14465410032586 0.1087
-7.14458692798011 0.1086
-7.14450568077876 0.1085
-7.14440671603882 0.1084
-7.14430637253846 0.1083
-7.14420330479287 0.1082
-7.14408244352111 0.1081
-7.14397769945725 0.108
-7.14386127851099 0.1079
-7.14375340590132 0.1078
-7.14363838620759 0.1077
-7.14354060554683 0.1076
-7.14344418053448 0.1075
-7.14336449996905 0.1074
-7.14330973858869 0.1073
-7.14326397423651 0.1072
-7.14322690975751 0.1071
-7.14319363012413 0.107
-7.14318039301712 0.1069
-7.14316986460193 0.1068
-7.14320353214417 0.1067
-7.14324963256506 0.1066
-7.14330533082681 0.1065
-7.14336157414423 0.1064
-7.14343162673073 0.1063
-7.14351088366236 0.1062
-7.14357559476929 0.1061
-7.14363889106512 0.106
-7.14369530865899 0.1059
-7.14373627037115 0.1058
-7.14377388747347 0.1057
-7.14382671123057 0.1056
-7.14387344544037 0.1055
-7.14393434717763 0.1054
-7.14400837805867 0.1053
-7.14409502746291 0.1052
-7.14419449281802 0.1051
-7.14428830229966 0.105
-7.14437370410232 0.1049
-7.14445836343659 0.1048
-7.14453996358051 0.1047
-7.14462102479471 0.1046
-7.14469558170979 0.1045
-7.14476987229554 0.1044
-7.14485303032388 0.1043
-7.14489926254787 0.1042
-7.14493539527343 0.1041
-7.14495804497758 0.104
-7.14496951225693 0.1039
-7.14499751651312 0.1038
-7.14501618697678 0.1037
-7.14504055362373 0.1036
-7.14504746718944 0.1035
-7.14504885423058 0.1034
-7.1450673222632 0.1033
-7.14507076049832 0.1032
-7.1450913430532 0.1031
-7.14509003526231 0.103
-7.14506594865461 0.1029
-7.14504793220162 0.1028
-7.14502897522054 0.1027
-7.14501786336588 0.1026
-7.14502098020109 0.1025
-7.14504050048889 0.1024
-7.14507373951628 0.1023
-7.14510822451973 0.1022
-7.14515245679061 0.1021
-7.14519703751135 0.102
-7.14525564052669 0.1019
-7.14531712075015 0.1018
-7.14538199585214 0.1017
-7.14544103813261 0.1016
-7.1455017080444 0.1015
-7.14556203921124 0.1014
-7.14562212826772 0.1013
-7.14567947729278 0.1012
-7.14572827689228 0.1011
-7.14575180283822 0.101
-7.14575531967416 0.1009
-7.14573235608488 0.1008
-7.14570419782623 0.1007
-7.14565539425308 0.1006
-7.14558809026286 0.1005
-7.14552441310672 0.1004
-7.14545877430868 0.1003
-7.14539425795818 0.1002
-7.14533310961321 0.1001
-7.14526555374513 0.1
-7.1451934496693 0.0999
-7.14511608733677 0.0998
-7.14504142956148 0.0997
-7.14497553788014 0.0996
-7.1449168610269 0.0995
-7.14486045823929 0.0994
-7.14481926265856 0.0993000000000001
-7.144783476159 0.0992
-7.14474289932595 0.0991
-7.14471272599969 0.099
-7.14469552754732 0.0989
-7.1446873404024 0.0988
-7.14467279155823 0.0987
-7.14464834829052 0.0986
-7.14461407441758 0.0985
-7.14456703217833 0.0984
-7.14452678800713 0.0983000000000001
-7.14448169156027 0.0982
-7.14442687388322 0.0981
-7.14435051361642 0.098
-7.14427419866589 0.0979
-7.14420043351977 0.0978
-7.144133634095 0.0977
-7.14407874019311 0.0976
-7.14402616667746 0.0975
-7.1439547014214 0.0974
-7.14387811151073 0.0973000000000001
-7.14379428856416 0.0972
-7.14369774552679 0.0971
-7.14359938117404 0.097
-7.14350398442936 0.0969
-7.14341104627897 0.0968
-7.14331745613477 0.0967
-7.14324441707649 0.0966
-7.14319253878841 0.0965
-7.14314709968735 0.0964
-7.1431197042014 0.0963000000000001
-7.14312140106385 0.0962
-7.14314382398797 0.0961
-7.14317826430617 0.096
-7.14322710638852 0.0959
-7.14328694484758 0.0958
-7.14333625899296 0.0957
-7.14339592304602 0.0956
-7.14345118216685 0.0955
-7.1435146246992 0.0954
-7.14357368518386 0.0953000000000001
-7.14361549856797 0.0952
-7.14365968450947 0.0951
-7.14372284234654 0.095
-7.14376986005387 0.0949
-7.14382413716631 0.0948
-7.14387405632633 0.0947
-7.14391096327391 0.0946
-7.14395498385174 0.0945
-7.14398090469614 0.0944
-7.14400755060074 0.0943000000000001
-7.14401643280338 0.0942
-7.14403412867107 0.0941
-7.14404752729563 0.094
-7.14407404649916 0.0939
-7.14412811140489 0.0938
-7.14417422492413 0.0937
-7.14421807158427 0.0936
-7.14426181024403 0.0935
-7.14431845645231 0.0934
-7.14436683122952 0.0933
-7.14440905018304 0.0931999999999999
-7.14445269436194 0.0931
-7.14448802014177 0.093
-7.14450503047886 0.0929
-7.14452248145702 0.0928
-7.14454439404897 0.0927
-7.14454821871029 0.0926
-7.14454051397606 0.0925
-7.14452329059314 0.0924
-7.14449761260112 0.0923
-7.14446670465679 0.0921999999999999
-7.14445130481641 0.0921
-7.14443438146993 0.092
-7.14442490073286 0.0919
-7.14442057792822 0.0918
-7.14441813901208 0.0917
-7.1444082768107 0.0916
-7.14440512538271 0.0915
-7.14439763602024 0.0914
-7.144408894096 0.0913
-7.14441152379843 0.0911999999999999
-7.14442566266443 0.0911
-7.14444477107663 0.091
-7.14446895030139 0.0909
-7.14450384329408 0.0908
-7.1445434783517 0.0907
-7.14459176214495 0.0906
-7.14465138092369 0.0905
-7.14471340477423 0.0904
-7.14478192070932 0.0903
-7.14484971603941 0.0901999999999999
-7.14490943714861 0.0901
-7.14495721164855 0.09
-7.14499747822195 0.0899
-7.14504212905722 0.0898
-7.14507920015569 0.0897
-7.14509302318096 0.0896
-7.14510323932462 0.0895
-7.14511964084357 0.0894
-7.14512787757399 0.0893
-7.14512749043969 0.0891999999999999
-7.14511043138828 0.0891
-7.14510734247061 0.089
-7.14510626205838 0.0889
-7.14508969822801 0.0888
-7.14506444280555 0.0887
-7.1450394963983 0.0886
-7.14500659170809 0.0885
-7.14496254861738 0.0884
-7.14489974326952 0.0883
-7.14480865785867 0.0881999999999999
-7.14471414032584 0.0881
-7.14463398102974 0.088
-7.14454729291712 0.0879
-7.14446770147703 0.0878
-7.14437849724064 0.0877
-7.14431244714022 0.0876
-7.14424993510561 0.0875
-7.14418079873157 0.0874
-7.14412865333144 0.0873
-7.14405920613371 0.0872000000000001
-7.14400187047889 0.0871
-7.14396930920098 0.087
-7.14396038310439 0.0869
-7.14395291270787 0.0868
-7.14396655401297 0.0867
-7.14400036933245 0.0866
-7.14404753652402 0.0865
-7.14410291768324 0.0864
-7.14416584814377 0.0863
-7.1442277593053 0.0862000000000001
-7.14427730367622 0.0861
-7.14433080653717 0.086
-7.14440479492215 0.0859
-7.14446552513994 0.0858
-7.1445285447413 0.0857
-7.14458017456294 0.0856
-7.14461396581104 0.0855
-7.14465608518955 0.0854
-7.14471540102917 0.0853
-7.14479259672316 0.0852000000000001
-7.14487313879455 0.0851
-7.14494374043154 0.085
-7.14499846667749 0.0849
-7.14506348884924 0.0848
-7.14510011938232 0.0847
-7.14513417109806 0.0846
-7.14515550490033 0.0845
-7.14516645426753 0.0844
-7.14517506539313 0.0843
-7.14519821135731 0.0842000000000001
-7.14522101514811 0.0841
-7.14524080765443 0.084
-7.14527135925891 0.0839
-7.14529530437195 0.0838
-7.14531634442472 0.0837
-7.14535118057243 0.0836
-7.14538533458814 0.0835
-7.14542816123205 0.0834
-7.14546407208378 0.0833
-7.14547907047013 0.0832000000000001
-7.14549555785606 0.0831
-7.14552854729528 0.083
-7.14556392793061 0.0829
-7.14559216008858 0.0828
-7.1456083597663 0.0827
-7.14561570593134 0.0826
-7.14564394416328 0.0825
-7.14567611160345 0.0824
-7.14571284191335 0.0823
-7.1457603156213 0.0822000000000001
-7.14581171972304 0.0821
-7.14587126764302 0.082
-7.14591780751638 0.0819
-7.14597714224666 0.0818
-7.14604652505914 0.0817
-7.14610114668381 0.0816
-7.14615745374692 0.0815
-7.14619942376304 0.0814
-7.1462311168092 0.0813
-7.1462472247053 0.0812
-7.14623746627696 0.0810999999999999
-7.1462207286418 0.081
-7.14617948071541 0.0809
-7.14613612803892 0.0808
-7.14607193102414 0.0807
-7.14601631921518 0.0806
-7.145979988805 0.0805
-7.14597661986994 0.0804
-7.14597667131959 0.0803
-7.14599061118905 0.0802
-7.1460133459143 0.0800999999999999
-7.14603990650223 0.08
-7.14607093333875 0.0799
-7.14610974219711 0.0798
-7.14615453321289 0.0797
-7.14620559364491 0.0796
-7.14624887584454 0.0795
-7.14628635451684 0.0794
-7.14634336266649 0.0793
-7.14641158454945 0.0792
-7.14646604942081 0.0790999999999999
-7.14652785418681 0.079
-7.14660293999244 0.0789
-7.14664949874434 0.0788
-7.14668260823076 0.0787
-7.14671188713338 0.0786
-7.14673847352644 0.0785
-7.14677743357211 0.0784
-7.14682221375942 0.0783
-7.14687507391102 0.0782
-7.14694857419053 0.0780999999999999
-7.14702203446848 0.078
-7.14708583120721 0.0779
-7.14715283114071 0.0778
-7.1472018441562 0.0777
-7.14725257606508 0.0776
-7.14730178578736 0.0775
-7.14736094911853 0.0774
-7.14739594863917 0.0773
-7.14742995437672 0.0772
-7.14746526441495 0.0770999999999999
-7.14750851604037 0.077
-7.14757972517608 0.0769
-7.14764861183893 0.0768
-7.14770968245961 0.0767
-7.14776247800662 0.0766
-7.1478272776615 0.0765
-7.14789826590987 0.0764
-7.14795076611374 0.0763
-7.14801264986181 0.0762
-7.14806384306094 0.0760999999999999
-7.14812825817905 0.076
-7.14818042362866 0.0759
-7.14822531839535 0.0758
-7.14825044480675 0.0757
-7.14826663133427 0.0756
-7.14829535442741 0.0755
-7.1483182913328 0.0754
-7.1483439841412 0.0753
-7.14834738150085 0.0752
-7.14834591324135 0.0750999999999999
-7.14834412323697 0.075
-7.14832614070015 0.0749
-7.1482962722453 0.0748
-7.14828133073907 0.0747
-7.14823954516284 0.0746
-7.14819474371418 0.0745
-7.14813995092684 0.0744
-7.14807629919156 0.0743
-7.14801897573349 0.0742
-7.14795465807693 0.0741000000000001
-7.14790324050118 0.074
-7.14786362118671 0.0739
-7.14781550020672 0.0738
-7.14777184390265 0.0737
-7.14773029329305 0.0736
-7.14768809454579 0.0735
-7.14765706640533 0.0734
-7.14762623087085 0.0733
-7.14760041196919 0.0732
-7.14757805782646 0.0731000000000001
-7.1475551517275 0.073
-7.14752960757099 0.0729
-7.14752155394999 0.0728
-7.14750737865645 0.0727
-7.14750784068311 0.0726
-7.14751457886448 0.0725
-7.14753263104381 0.0724
-7.14755786973758 0.0723
-7.14759894424099 0.0722
-7.14763415069494 0.0721000000000001
-7.14765299218584 0.072
-7.14767156794213 0.0719
-7.14767829472246 0.0718
-7.14767273908171 0.0717
-7.14765433201985 0.0716
-7.14762123802357 0.0715
-7.14759686249122 0.0714
-7.14754836025672 0.0713
-7.14749366457649 0.0712
-7.14743412506984 0.0711000000000001
-7.1473837213653 0.071
-7.1473459931003 0.0709
-7.14731583866057 0.0708
-7.14728988548412 0.0707
-7.14728009311965 0.0706
-7.14728423388642 0.0705
-7.14728779936769 0.0704
-7.14731297011974 0.0703
-7.14733596826748 0.0702
-7.14736842265527 0.0701000000000001
-7.14741981485057 0.07
-7.14749146685706 0.0699
-7.14754047295919 0.0698
-7.1475947720326 0.0697
-7.14763834222072 0.0696
-7.14767377511917 0.0695
-7.14772395151091 0.0694
-7.14777376777323 0.0693
-7.14783729379336 0.0692
-7.14791744051402 0.0691000000000001
-7.14799069874364 0.069
-7.14805947163536 0.0689
-7.14812028348767 0.0688
-7.14816913032658 0.0687
-7.14820886555207 0.0686
-7.14822198690598 0.0685
-7.14822155753985 0.0684
-7.14821231983863 0.0683
-7.14818199201632 0.0682
-7.14812651833256 0.0681
-7.14804553126359 0.0679999999999999
-7.14795183686937 0.0679
-7.14785785861488 0.0678
-7.1477581874105 0.0677
-7.14764472401918 0.0676
-7.14752085225502 0.0675
-7.14737890020555 0.0674
-7.14721741952504 0.0673
-7.14705752133557 0.0672
-7.14690939827083 0.0671
-7.14675012449785 0.0669999999999999
-7.1465963331648 0.0669
-7.14646191477814 0.0668
-7.14632684449515 0.0667
-7.14620063083881 0.0666
-7.14608677953249 0.0665
-7.14602532760056 0.0664
-7.14599436597254 0.0663
-7.14597441242503 0.0662
-7.14599369957679 0.0661
-7.1460433877399 0.0659999999999999
-7.14610049873003 0.0659
-7.14616261934129 0.0658
-7.14622103175414 0.0657
-7.14627430825254 0.0656
-7.14634437484305 0.0655
-7.14642096593255 0.0654
-7.14650703696687 0.0653
-7.14658237775511 0.0652
-7.14665383879431 0.0651
-7.1467311786723 0.0649999999999999
-7.1468206744422 0.0649
-7.14690190752283 0.0648
-7.14698442950543 0.0647
-7.14704459060566 0.0646
-7.1470973209554 0.0645
-7.14713645366478 0.0644
-7.14717380779899 0.0643
-7.14720587002127 0.0642
-7.14722624112512 0.0641
-7.14724932220209 0.0639999999999999
-7.14726886763204 0.0639
-7.14727052327266 0.0638
-7.14728501181042 0.0637
-7.14729512403544 0.0636
-7.14731783710228 0.0635
-7.14734171431385 0.0634
-7.14737860010283 0.0633
-7.14742251977977 0.0632
-7.14746566498072 0.0631
-7.14751525294099 0.0629999999999999
-7.14758283223535 0.0629
-7.14765058521515 0.0628
-7.14770479930587 0.0627
-7.14776545806616 0.0626
-7.14782701419838 0.0625
-7.14786283020371 0.0624
-7.14789363039034 0.0623
-7.14792317082309 0.0622
-7.14795010932887 0.0621
-7.14796110877245 0.0620000000000001
-7.14795663081576 0.0619
-7.14792988469386 0.0618
-7.14789831039777 0.0617
-7.14785299957253 0.0616
-7.14779964148499 0.0615
-7.14773881655399 0.0614
-7.14769063633153 0.0613
-7.14763306157422 0.0612
-7.14758282704311 0.0611
-7.14753594151773 0.0610000000000001
-7.14750148502738 0.0609
-7.14747253655839 0.0608
-7.14744880710451 0.0607
-7.14743683908214 0.0606
-7.14742083514778 0.0605
-7.14740068420582 0.0604
-7.14738693382689 0.0603
-7.14738033379197 0.0602
-7.14737529688753 0.0601
-7.14735939357194 0.0600000000000001
-7.14736149189136 0.0599
-7.14736441585219 0.0598
-7.14735421149556 0.0597
-7.14734109611564 0.0596
-7.14730340585691 0.0595
-7.14726097118258 0.0594
-7.14721539366236 0.0593
-7.1471745281741 0.0592
-7.14713631493675 0.0591
-7.14709026122095 0.0590000000000001
-7.14705156572879 0.0589
-7.14700930526841 0.0588
-7.1469551522198 0.0587
-7.14689923419647 0.0586
-7.14685564567843 0.0585
-7.14681642932673 0.0584
-7.1467712745443 0.0583
-7.14672514930222 0.0582
-7.14668727135403 0.0581
-7.14664981386031 0.0580000000000001
-7.14661526149535 0.0579
-7.14658742279441 0.0578
-7.1465451766021 0.0577
-7.1465027793769 0.0576
-7.14645859848525 0.0575
-7.14640720080385 0.0574
-7.14634118221582 0.0573
-7.14626973278193 0.0572
-7.14620107108475 0.0571
-7.14612120256476 0.0570000000000001
-7.14603278365577 0.0569
-7.14595454939758 0.0568
-7.14586756035556 0.0567
-7.14576535637836 0.0566
-7.14567152833742 0.0565
-7.14557969506923 0.0564
-7.14547189798427 0.0563
-7.14537206180469 0.0562
-7.14530095773314 0.0561
-7.14524034541794 0.056
-7.14519420980556 0.0558999999999999
-7.14516641701484 0.0558
-7.14515992984246 0.0557
-7.14515667237576 0.0556
-7.14516189910002 0.0555
-7.14518150004272 0.0554
-7.14519861743184 0.0553
-7.14521837679692 0.0552
-7.1452674877003 0.0551
-7.14531761528656 0.055
-7.14537411989087 0.0548999999999999
-7.14542703752121 0.0548
-7.1454712834583 0.0547
-7.14552038564125 0.0546
-7.14558952864026 0.0545
-7.14567224040129 0.0544
-7.14575291753991 0.0543
-7.14584803461608 0.0542
-7.14595796764168 0.0541
-7.1460911289309 0.054
-7.14622918412841 0.0538999999999999
-7.14638485397263 0.0538
-7.14655789718026 0.0537
-7.14673269808079 0.0536
-7.14689431804469 0.0535
-7.14705048140058 0.0534
-7.14720670010844 0.0533
-7.14735163094851 0.0532
-7.14749990396069 0.0531
-7.14763386865825 0.053
-7.1477587479156 0.0528999999999999
-7.1478989913871 0.0528
-7.14801882025857 0.0527
-7.14814009388454 0.0526
-7.14826991073623 0.0525
-7.14839981389702 0.0524
-7.1485251106051 0.0523
-7.14865586242917 0.0522
-7.14878635453473 0.0521
-7.14891582718062 0.052
-7.14903438908682 0.0518999999999999
-7.14916658478966 0.0518
-7.14930105796956 0.0517
-7.14943070319864 0.0516
-7.14956046063075 0.0515
-7.14968533514767 0.0514
-7.14979782287949 0.0513
-7.14991299771919 0.0512
-7.15002437759749 0.0511
-7.15011009360537 0.051
-7.15019652023548 0.0508999999999999
-7.15028063910665 0.0508
-7.15037873068499 0.0507
-7.15046805063708 0.0506
-7.15055381530386 0.0505
-7.15062434687743 0.0504
-7.15069711044316 0.0503
-7.15077475226242 0.0502
-7.15087722040652 0.0501
-7.15098387187913 0.05
-7.1510982179597 0.0499000000000001
-7.15121019550277 0.0498
-7.15132658764471 0.0497
-7.1514529588159 0.0496
-7.15158458782653 0.0495
-7.15172053895288 0.0494
-7.15186592110135 0.0493
-7.15201478574358 0.0492
-7.15219608088732 0.0491
-7.15240219515502 0.049
-7.15260413778969 0.0489000000000001
-7.15279713488282 0.0488
-7.15298177426466 0.0487
-7.15315164342604 0.0486
-7.15330477466 0.0485
-7.1534316943397 0.0484
-7.15355762656194 0.0483
-7.15368189763314 0.0482
-7.15379475552859 0.0481
-7.15390487912464 0.048
-7.15399069275716 0.0479000000000001
-7.15407096378871 0.0478
-7.15413739978549 0.0477
-7.15417932781402 0.0476
-7.15422944231961 0.0475
-7.15427625598598 0.0474
-7.15430201783347 0.0473
-7.15432941198449 0.0472
-7.15435882857009 0.0471
-7.1543853463939 0.047
-7.15438103646674 0.0469000000000001
-7.15437687065769 0.0468
-7.15436109745004 0.0467
-7.15432080358511 0.0466
-7.15429078282864 0.0465
-7.15424255093358 0.0464
-7.15417855859392 0.0463
-7.15410375085538 0.0462
-7.15400813763879 0.0461
-7.15392066718068 0.046
-7.15383738634067 0.0459000000000001
-7.15374434353041 0.0458
-7.15366016845276 0.0457
-7.1535864450802 0.0456
-7.15351089105835 0.0455
-7.15344888149087 0.0454
-7.15338679398255 0.0453
-7.15335159748192 0.0452
-7.15334647154615 0.0451
-7.15334239039497 0.045
-7.15335374617581 0.0449000000000001
-7.15335879576925 0.0448
-7.15336281592417 0.0447
-7.15337486237919 0.0446
-7.15338504709441 0.0445
-7.15339647430769 0.0444
-7.15340934216114 0.0443
-7.15343093124206 0.0442
-7.15343967030621 0.0441
-7.15343635539071 0.044
-7.15342721572962 0.0439000000000001
-7.15342875885936 0.0438
-7.15343148978685 0.0437
-7.15343753454578 0.0436
-7.15343420209371 0.0435
-7.15342015164434 0.0434
-7.15341645234836 0.0433
-7.15342925804729 0.0432
-7.15345065958571 0.0431
-7.15347757849276 0.043
-7.15349219873413 0.0429
-7.15353460874077 0.0427999999999999
-7.15359378369668 0.0427
-7.15367552278871 0.0426
-7.1537874082813 0.0425
-7.1539005811272 0.0424
-7.1540190107757 0.0423
-7.154127480829 0.0422
-7.15423629417025 0.0421
-7.1543310209755 0.042
-7.15441109085788 0.0419
-7.1544783746501 0.0417999999999999
-7.15451943534961 0.0417
-7.15453817012933 0.0416
-7.15454253242387 0.0415
-7.15454395737938 0.0414
-7.15454588944358 0.0413
-7.15455204241526 0.0412
-7.15455728925903 0.0411
-7.15456561353728 0.041
-7.15456830282341 0.0409
-7.1545714914934 0.0407999999999999
-7.1545831855133 0.0407
-7.15460708057615 0.0406
-7.15463517735952 0.0405
-7.1546852809167 0.0404
-7.15473853940891 0.0403
-7.15479803749291 0.0402
-7.15488217081777 0.0401
-7.15498086554502 0.04
-7.15507973481063 0.0399
-7.15518439660619 0.0397999999999999
-7.15529687941733 0.0397
-7.15539892721478 0.0396
-7.15550631974609 0.0395
-7.1556120822743 0.0394
-7.15570555285315 0.0393
-7.15578918649948 0.0392
-7.15586160424657 0.0391
-7.15592878308568 0.039
-7.15598213076078 0.0389
-7.15601400796764 0.0387999999999999
-7.15604503305735 0.0387
-7.15606585436789 0.0386
-7.15606946908065 0.0385
-7.15604438003141 0.0384
-7.15600998388146 0.0383
-7.15595226006857 0.0382
-7.15587808315626 0.0381
-7.15580215944288 0.038
-7.15571825152943 0.0379
-7.15563309006884 0.0377999999999999
-7.15554639511605 0.0377
-7.15547235972147 0.0376
-7.15540020666574 0.0375
-7.155334190503 0.0374
-7.15528011144887 0.0373
-7.15523561659442 0.0372
-7.15519645461564 0.0371
-7.15516586228467 0.037
-7.15512868596436 0.0369
-7.15510761128929 0.0368000000000001
-7.15507220196256 0.0367
-7.15503757661085 0.0366
-7.15499966620023 0.0365
-7.15495481595181 0.0364
-7.1549068583694 0.0363
-7.15484009920567 0.0362
-7.15478939945521 0.0361
-7.15475737291437 0.036
-7.15473865158183 0.0359
-7.15471750624109 0.0358000000000001
-7.15470549998367 0.0357
-7.15467644774071 0.0356
-7.15464573375233 0.0355
-7.15461801353464 0.0354
-7.15458738930928 0.0353
-7.1545578868527 0.0352
-7.15451089995592 0.0351
-7.15445464650881 0.035
-7.15439313579392 0.0349
-7.15433159998075 0.0348000000000001
-7.15426513175745 0.0347
-7.15420445644316 0.0346
-7.15415939559544 0.0345
-7.15411089600723 0.0344
-7.15406802431073 0.0343
-7.15403845898232 0.0342
-7.15402587041593 0.0341
-7.1540239740707 0.034
-7.15401962003768 0.0339
-7.15400318762684 0.0338000000000001
-7.15398987374018 0.0337
-7.15398488177297 0.0336
-7.15397452599834 0.0335
-7.15396923098615 0.0334
-7.1539699038807 0.0333
-7.15395353603749 0.0332
-7.1539311786697 0.0331
-7.15389529485408 0.033
-7.15385679936789 0.0329
-7.15381440971032 0.0328000000000001
-7.15378612293024 0.0327
-7.15376731981849 0.0326
-7.1537566439722 0.0325
-7.15375166921998 0.0324
-7.15374453108417 0.0323
-7.15375578917332 0.0322
-7.1537692773505 0.0321
-7.15379088776415 0.032
-7.15383351827725 0.0319
-7.15387755295614 0.0318000000000001
-7.15392029423038 0.0317
-7.15396278701226 0.0316
-7.15399551636058 0.0315
-7.15400822026925 0.0314
-7.15401423213165 0.0313
-7.15401310071845 0.0312
-7.15399754778217 0.0311
-7.15397466621305 0.031
-7.15393428155961 0.0309
-7.15389713725156 0.0308
-7.1538534934148 0.0306999999999999
-7.15381740138712 0.0306
-7.15379440809026 0.0305
-7.15377041162698 0.0304
-7.1537516363928 0.0303
-7.15373310168222 0.0302
-7.15371559832578 0.0301
-7.15370801697394 0.03
-7.15370151736466 0.0299
-7.15370670854522 0.0298
-7.15373387908918 0.0296999999999999
-7.15375082268582 0.0296
-7.15376751313214 0.0295
-7.15379412072439 0.0294
-7.15385114152761 0.0293
-7.15389466580445 0.0292
-7.15394914152753 0.0291
-7.15400628954774 0.029
-7.15408421420072 0.0289
-7.15414860065829 0.0288
-7.15421718038786 0.0286999999999999
-7.15427334436934 0.0286
-7.15434626792872 0.0285
-7.15441236352971 0.0284
-7.15445370835209 0.0283
-7.15446856256142 0.0282
-7.1544741066603 0.0281
-7.15447760401744 0.028
-7.15447017704239 0.0279
-7.15444474949043 0.0278
-7.15441775434198 0.0276999999999999
-7.15438348833895 0.0276
-7.15435589737708 0.0275
-7.15431547415003 0.0274
-7.15424842314068 0.0273
-7.15418900498172 0.0272
-7.15409332235758 0.0271
-7.15400969157431 0.027
-7.15390257776123 0.0269
-7.15379129698503 0.0268
-7.15369163916925 0.0266999999999999
-7.15360628877184 0.0266
-7.15354126115126 0.0265
-7.15347690191256 0.0264
-7.15342514612536 0.0263
-7.15339242074859 0.0262
-7.15337956232092 0.0261
-7.15337504222427 0.026
-7.15337830749599 0.0259
-7.1533609141925 0.0258
-7.15335273329425 0.0256999999999999
-7.15336581218584 0.0256
-7.15338232393072 0.0255
-7.15341731255545 0.0254
-7.15346777903495 0.0253
-7.1535304074673 0.0252
-7.15360160569471 0.0251
-7.15367224884033 0.025
-7.15373075045484 0.0249
-7.15379136309119 0.0248
-7.15385886886959 0.0247000000000001
-7.15391930932577 0.0246
-7.15397922951981 0.0245
-7.15404968490369 0.0244
-7.15411655817321 0.0243
-7.15418852413264 0.0242
-7.15425493799196 0.0241
-7.15432138094943 0.024
-7.15438183359404 0.0239
-7.15443094461415 0.0238
-7.15446957768451 0.0237000000000001
-7.15447720448091 0.0236
-7.15448890402369 0.0235
-7.15448523007473 0.0234
-7.15447428707953 0.0233
-7.15445669457088 0.0232
-7.15443244089371 0.0231
-7.15439713564676 0.023
-7.15433917121302 0.0229
-7.1542618438339 0.0228
-7.1541772878709 0.0227000000000001
-7.15406012443978 0.0226
-7.15392888443414 0.0225
-7.1538161196121 0.0224
-7.15371064913564 0.0223
-7.15362732083879 0.0222
-7.153559094539 0.0221
-7.15349845845182 0.022
-7.15344123335295 0.0219
-7.15338100587182 0.0218
-7.15333343427227 0.0217000000000001
-7.15328296471241 0.0216
-7.15323810956191 0.0215
-7.15319801031057 0.0214
-7.15315560033764 0.0213
-7.15309886754512 0.0212
-7.15304400997251 0.0211
-7.15300054322902 0.021
-7.15297004100852 0.0209
-7.15294398070927 0.0208
-7.15290434769672 0.0207000000000001
-7.15286341241284 0.0206
-7.15283703174107 0.0205
-7.15282993919794 0.0204
-7.15283798536995 0.0203
-7.15286521341245 0.0202
-7.15290443793902 0.0201
-7.15296468640583 0.02
-7.15304144650398 0.0199
-7.15313487094669 0.0198
-7.15324637276223 0.0197000000000001
-7.15336269565791 0.0196
-7.15348437171595 0.0195
-7.15360453204887 0.0194
-7.15371875447073 0.0193
-7.15383950084188 0.0192
-7.15392816058545 0.0191
-7.15398863997727 0.019
-7.15404341051755 0.0189
-7.15408084976912 0.0188
-7.15410294134319 0.0187
-7.15410892983183 0.0185999999999999
-7.15412179891424 0.0185
-7.15412774890344 0.0184
-7.15411874197704 0.0183
-7.15407599193477 0.0182
-7.15402034239562 0.0181
-7.15396044077293 0.018
-7.15389693536986 0.0179
-7.15382650373836 0.0178
-7.1537245192231 0.0177
-7.15360960092746 0.0175999999999999
-7.15350453779148 0.0175
-7.15339121463994 0.0174
-7.15326801624756 0.0173
-7.15313623940688 0.0172
-7.15300952261943 0.0171
-7.15289417243714 0.017
-7.15278204535886 0.0169
-7.15267186193044 0.0168
-7.15257376540321 0.0167
-7.15246986108529 0.0165999999999999
-7.15236040806944 0.0165
-7.15227454396743 0.0164
-7.15219588820558 0.0163
-7.1521323887074 0.0162
-7.15209001594283 0.0161
-7.15207881428662 0.016
-7.1520790387544 0.0159
-7.15209177995781 0.0158
-7.15210852242322 0.0157
-7.15213702530923 0.0155999999999999
-7.15216783682195 0.0155
-7.15218030239672 0.0154
-7.15219690324723 0.0153
-7.15221608793623 0.0152
-7.15224759866732 0.0151
-7.15226783002198 0.015
-7.1522822597963 0.0149
-7.15227956387407 0.0148
-7.15225788668945 0.0147
-7.15222315801915 0.0145999999999999
-7.1521763162957 0.0145
-7.15212990073036 0.0144
-7.152090410579 0.0143
-7.15206033730703 0.0142
-7.15202533506059 0.0141
-7.15199640643366 0.014
-7.15196504047726 0.0139
-7.15191612045228 0.0138
-7.15188291248148 0.0137
-7.15185314476992 0.0135999999999999
-7.15183669307544 0.0135
-7.15183307965939 0.0134
-7.15184343122144 0.0133
-7.15185722770648 0.0132
-7.15187679117283 0.0131
-7.15189212956357 0.013
-7.15190650411839 0.0129
-7.15190877453969 0.0128
-7.15191737108535 0.0127
-7.15191736360444 0.0125999999999999
-7.15193092361653 0.0125
-7.15197376798325 0.0124
-7.15203301379909 0.0123
-7.15209154345469 0.0122
-7.15215568405602 0.0121
-7.15220950706976 0.012
-7.15225946831653 0.0119
-7.15231530247254 0.0118
-7.15238924794936 0.0117
-7.15245774321656 0.0116000000000001
-7.15253763957695 0.0115
-7.1526329412324 0.0114
-7.15274209496739 0.0113
-7.15284877419499 0.0112
-7.15295842641322 0.0111
-7.15306054013544 0.011
-7.1531548745669 0.0109
-7.15326181331565 0.0108
-7.15337047232765 0.0107
-7.15346898928814 0.0106000000000001
-7.15355013188341 0.0105
-7.15363241932756 0.0104
-7.15370490940056 0.0103
-7.1537703750625 0.0102
-7.15382905534938 0.0101
-7.15387643322522 0.01
-7.15391905593094 0.00990000000000002
-7.15394042505496 0.00980000000000003
-7.15396316498312 0.00970000000000004
-7.15398190927056 0.00960000000000005
-7.15397414615827 0.00949999999999995
-7.15396363835137 0.00939999999999996
-7.15394375550874 0.00929999999999997
-7.15392974754154 0.00919999999999999
-7.15390928661589 0.0091
-7.1538852374738 0.00900000000000001
-7.1538706133896 0.00890000000000002
-7.15386933314647 0.00880000000000003
-7.1538769300457 0.00870000000000004
-7.15389242569218 0.00860000000000005
-7.15390104855372 0.00849999999999995
-7.15391573568561 0.00839999999999996
-7.15395141610119 0.00829999999999997
-7.15400042242206 0.00819999999999999
-7.15404393568059 0.0081
-7.15408256984231 0.00800000000000001
-7.15412566449274 0.00790000000000002
-7.15417485999889 0.00780000000000003
-7.15423294951259 0.00770000000000004
-7.1542918846048 0.00760000000000005
-7.15433787893903 0.00749999999999995
-7.15438115734239 0.00739999999999996
-7.15442952710069 0.00729999999999997
-7.15449275464302 0.00719999999999998
-7.1545787257847 0.0071
-7.15465328298178 0.00700000000000001
-7.15474662829382 0.00690000000000002
-7.15484147439459 0.00680000000000003
-7.15495547184408 0.00670000000000004
-7.15506797181022 0.00660000000000005
-7.1551827093136 0.00649999999999995
-7.15528738621354 0.00639999999999996
-7.15538362363495 0.00629999999999997
-7.15548624704684 0.00619999999999998
-7.15560287908867 0.00609999999999999
-7.15571771963838 0.00600000000000001
-7.15586167452471 0.00590000000000002
-7.15599160848538 0.00580000000000003
-7.15612862024518 0.00570000000000004
-7.15624571414849 0.00560000000000005
-7.15634799303085 0.00549999999999995
-7.15645159401651 0.00539999999999996
-7.15655206921659 0.00529999999999997
-7.15667266534144 0.00519999999999998
-7.15679665694659 0.00509999999999999
-7.15690228609926 0.005
-7.15699851902827 0.00490000000000002
-7.15707676326411 0.00480000000000003
-7.15713123543942 0.00470000000000004
-7.15716383219041 0.00460000000000005
-7.15718949786999 0.00449999999999995
-7.1572203421789 0.00439999999999996
-7.15724175895978 0.00429999999999997
-7.15724310024639 0.00419999999999998
-7.1572369921312 0.00409999999999999
-7.15723262778471 0.004
-7.15722434325123 0.00390000000000001
-7.15720052375145 0.00380000000000003
-7.15716709324903 0.00370000000000004
-7.15713804521586 0.00360000000000005
-7.15712872942238 0.00349999999999995
-7.15712259711372 0.00339999999999996
-7.15711368010479 0.00329999999999997
-7.15711110662433 0.00319999999999998
-7.15711345614293 0.00309999999999999
-7.15714002552537 0.003
-7.15717545140085 0.00290000000000001
-7.15721853475449 0.00280000000000002
-7.15726514832005 0.00270000000000004
-7.15731444477249 0.00260000000000005
-7.15735660915042 0.00249999999999995
-7.15737553941857 0.00239999999999996
-7.15739933406817 0.00229999999999997
-7.15742358008469 0.00219999999999998
-7.15746614931455 0.00209999999999999
-7.15752070163297 0.002
-7.15757524805118 0.00190000000000001
-7.15764054266266 0.00180000000000002
-7.15771247991587 0.00170000000000003
-7.15779067845933 0.00160000000000005
-7.1578618585116 0.00149999999999995
-7.15792258462627 0.00139999999999996
-7.15798963999171 0.00129999999999997
-7.15805674058229 0.00119999999999998
-7.15813349045998 0.00109999999999999
-7.15820095397759 0.001
-7.15825713033531 0.000900000000000012
-7.1583077369659 0.000800000000000023
-7.15834546094142 0.000700000000000034
-7.15839325411496 0.000600000000000045
-7.15844574000032 0.000499999999999945
-7.15850749291753 0.000399999999999956
-7.15857413182953 0.000299999999999967
-7.15862988118886 0.000199999999999978
-7.15868430346393 9.9999999999989e-05
-7.15871802735751 0
