# Fix print output for fix f5
-6.58366250706246 1
-6.5839884290865 0.9999
-6.5843312463061 0.9998
-6.58462915731631 0.9997
-6.58491000360312 0.9996
-6.58516092164099 0.9995
-6.58536755357358 0.9994
-6.58556983689833 0.9993
-6.58574230448369 0.9992
-6.58586364987756 0.9991
-6.58593994091358 0.999
-6.58597998212444 0.9989
-6.5859729360148 0.9988
-6.58590523357002 0.9987
-6.58583596555253 0.9986
-6.58574195171256 0.9985
-6.58561993925872 0.9984
-6.58546165410306 0.9983
-6.58529592262219 0.9982
-6.58508383931435 0.9981
-6.58486732611687 0.998
-6.58464216152242 0.9979
-6.5843737257615 0.9978
-6.5840996297085 0.9977
-6.58386530265318 0.9976
-6.58360192725853 0.9975
-6.58333182041945 0.9974
-6.58306835326172 0.9973
-6.58284259262478 0.9972
-6.5826395324458 0.9971
-6.58246538663562 0.997
-6.58229601452346 0.9969
-6.58215383655285 0.9968
-6.58198376916859 0.9967
-6.58180996053593 0.9966
-6.58166920722454 0.9965
-6.58158589979192 0.9964
-6.5815152948504 0.9963
-6.58149108850403 0.9962
-6.5814753770723 0.9961
-6.58144272355557 0.996
-6.5814173715032 0.9959
-6.58142610760559 0.9958
-6.58145625740078 0.9957
-6.5815331789238 0.9956
-6.58167699262567 0.9955
-6.58184459241056 0.9954
-6.58198988145362 0.9953
-6.5821453141733 0.9952
-6.58231748209043 0.9951
-6.58253469067227 0.995
-6.58276771402823 0.9949
-6.58300660685124 0.9948
-6.58324030445575 0.9947
-6.58347712243053 0.9946
-6.58369167226709 0.9945
-6.58389612339364 0.9944
-6.58405487006971 0.9943
-6.58417982249284 0.9942
-6.58428617243195 0.9941
-6.58436331711426 0.994
-6.58441387781549 0.9939
-6.58445483819212 0.9938
-6.58445053843619 0.9937
-6.58441418241796 0.9936
-6.58434006353624 0.9935
-6.58423373395757 0.9934
-6.58410445486295 0.9933
-6.58396027985383 0.9932
-6.58379937085938 0.9931
-6.58361039182969 0.993
-6.58343858895085 0.9929
-6.58326063886215 0.9928
-6.58306591094405 0.9927
-6.58288730920789 0.9926
-6.58270987852729 0.9925
-6.58254087746738 0.9924
-6.58238225899113 0.9923
-6.58226258138041 0.9922
-6.58221876590371 0.9921
-6.58218200349237 0.992
-6.58218506208641 0.9919
-6.58221625977403 0.9918
-6.58231361239222 0.9917
-6.5824269193868 0.9916
-6.58256248707739 0.9915
-6.5827522502415 0.9914
-6.582949899584 0.9913
-6.58317598368615 0.9912
-6.58339978614506 0.9911
-6.58361066336876 0.991
-6.58387086904987 0.9909
-6.58416051980679 0.9908
-6.58447003325763 0.9907
-6.58479911385622 0.9906
-6.58515178203895 0.9905
-6.58549914410365 0.9904
-6.58584083667065 0.9903
-6.58613657495922 0.9902
-6.5864584912968 0.9901
-6.58678209607677 0.99
-6.58705694084012 0.9899
-6.58732679539299 0.9898
-6.58757361599169 0.9897
-6.58778482058743 0.9896
-6.58798788374766 0.9895
-6.58816879396736 0.9894
-6.5883264480164 0.9893
-6.58846316224236 0.9892
-6.58862315943163 0.9891
-6.58877780916606 0.989
-6.58888681020308 0.9889
-6.58899548710911 0.9888
-6.58909399713391 0.9887
-6.58918936023505 0.9886
-6.58924713217587 0.9885
-6.58927706410632 0.9884
-6.58930096582786 0.9883
-6.58931471210941 0.9882
-6.5893045675276 0.9881
-6.5892419326139 0.988
-6.58918193736519 0.9879
-6.58912707750311 0.9878
-6.58907006334137 0.9877
-6.58900335602373 0.9876
-6.58890276001783 0.9875
-6.58880157645234 0.9874
-6.58870054784531 0.9873
-6.58860779160548 0.9872
-6.58856986194766 0.9871
-6.58850317090791 0.987
-6.58843164051589 0.9869
-6.5883511074336 0.9868
-6.58829097647115 0.9867
-6.58824120003351 0.9866
-6.58819996597033 0.9865
-6.58816546385062 0.9864
-6.58814585131927 0.9863
-6.58815132188861 0.9862
-6.58815098799043 0.9861
-6.58813896976088 0.986
-6.58811648160956 0.9859
-6.5880826574512 0.9858
-6.58807778432489 0.9857
-6.58808705071934 0.9856
-6.58809609355952 0.9855
-6.58811497714718 0.9854
-6.58811905440118 0.9853
-6.58816837015771 0.9852
-6.58822465494421 0.9851
-6.58828167628028 0.985
-6.58839827850672 0.9849
-6.58853059983041 0.9848
-6.58864105545884 0.9847
-6.58874821148761 0.9846
-6.58886682001298 0.9845
-6.58898808210538 0.9844
-6.58914105045799 0.9843
-6.58926135125273 0.9842
-6.5894004979371 0.9841
-6.58955629806994 0.984
-6.58970342424875 0.9839
-6.58983831694276 0.9838
-6.58999768053203 0.9837
-6.59013252369571 0.9836
-6.59026384226971 0.9835
-6.59039349260447 0.9834
-6.59051406519292 0.9833
-6.5906241256108 0.9832
-6.59070800124127 0.9831
-6.59077187947282 0.983
-6.59082602358929 0.9829
-6.59087107909849 0.9828
-6.59091522439368 0.9827
-6.59093909751412 0.9826
-6.59099319582562 0.9825
-6.59103099459399 0.9824
-6.59107776244509 0.9823
-6.59115837026389 0.9822
-6.59121548476049 0.9821
-6.59126482091663 0.982
-6.5913466709987 0.9819
-6.59146552769379 0.9818
-6.59162428312561 0.9817
-6.59178444162442 0.9816
-6.59191599796457 0.9815
-6.59204510337888 0.9814
-6.59215193507055 0.9813
-6.59226348703303 0.9812
-6.59237707023221 0.9811
-6.59248352118695 0.981
-6.59264676909876 0.9809
-6.59280493973704 0.9808
-6.59298576510335 0.9807
-6.59316854537851 0.9806
-6.59333375195443 0.9805
-6.5935355008106 0.9804
-6.59373869297538 0.9803
-6.59391977726935 0.9802
-6.59405182712444 0.9801
-6.59419699088131 0.98
-6.59430917759179 0.9799
-6.59440813698817 0.9798
-6.59450397990586 0.9797
-6.59457353379859 0.9796
-6.59462676323453 0.9795
-6.5946654295441 0.9794
-6.59468680246266 0.9793
-6.59470230580153 0.9792
-6.5947067267884 0.9791
-6.59469366439134 0.979
-6.59466899743097 0.9789
-6.59465508505736 0.9788
-6.5946435079291 0.9787
-6.59463688031787 0.9786
-6.59464322628928 0.9785
-6.594674066877 0.9784
-6.59470232031784 0.9783
-6.59476615431938 0.9782
-6.59484328876129 0.9781
-6.59494540919675 0.978
-6.59507650130898 0.9779
-6.59526967953639 0.9778
-6.59548391794397 0.9777
-6.59573343026569 0.9776
-6.59598786572843 0.9775
-6.59624880709928 0.9774
-6.59652501474894 0.9773
-6.59677866867899 0.9772
-6.5970425564447 0.9771
-6.59738558335728 0.977
-6.59773439774813 0.9769
-6.59808184942321 0.9768
-6.59843266361303 0.9767
-6.59879020629067 0.9766
-6.59917973188629 0.9765
-6.59955823949546 0.9764
-6.5999012121795 0.9763
-6.60024969171074 0.9762
-6.60058480986335 0.9761
-6.60091164685362 0.976
-6.60124605138642 0.9759
-6.60158361874707 0.9758
-6.60189282038794 0.9757
-6.60214330783963 0.9756
-6.60237261717757 0.9755
-6.60258714852227 0.9754
-6.60276511626063 0.9753
-6.60291800020596 0.9752
-6.60302973101823 0.9751
-6.6031124179889 0.975
-6.60317054539119 0.9749
-6.60321434414882 0.9748
-6.60323141854663 0.9747
-6.60318184855585 0.9746
-6.60309159019378 0.9745
-6.60293879125489 0.9744
-6.60275997159645 0.9743
-6.60255589619481 0.9742
-6.60236833288318 0.9741
-6.60215040399848 0.974
-6.60194829473899 0.9739
-6.60175743963666 0.9738
-6.60159074647237 0.9737
-6.60140379411661 0.9736
-6.60126431345172 0.9735
-6.60109336490836 0.9734
-6.60092388955304 0.9733
-6.60077506144967 0.9732
-6.60063289755514 0.9731
-6.60052716000512 0.973
-6.60043596830829 0.9729
-6.60038323061235 0.9728
-6.60035739709976 0.9727
-6.60034466681292 0.9726
-6.60032429197259 0.9725
-6.60031295380215 0.9724
-6.60032353153436 0.9723
-6.60034358637931 0.9722
-6.60041272068188 0.9721
-6.60050924565253 0.972
-6.60057672049937 0.9719
-6.60062787730682 0.9718
-6.60066388146786 0.9717
-6.60072527768282 0.9716
-6.60080745413142 0.9715
-6.60085133844511 0.9714
-6.60089539611605 0.9713
-6.60094935746742 0.9712
-6.60101699639933 0.9711
-6.60108352981181 0.971
-6.60114642097424 0.9709
-6.6012065294957 0.9708
-6.60127837608745 0.9707
-6.6013252164271 0.9706
-6.6013798366088 0.9705
-6.60142431774596 0.9704
-6.60144982132947 0.9703
-6.60147219569202 0.9702
-6.60149808253955 0.9701
-6.60150433118111 0.97
-6.60152591787591 0.9699
-6.60154961417493 0.9698
-6.60158099524886 0.9697
-6.60159372992355 0.9696
-6.60163157801977 0.9695
-6.60166392424964 0.9694
-6.60172463220213 0.9693
-6.60180764040348 0.9692
-6.60187327329631 0.9691
-6.60192125540091 0.969
-6.60202453847306 0.9689
-6.60212041694811 0.9688
-6.60221693410264 0.9687
-6.60228488110995 0.9686
-6.60235741048027 0.9685
-6.60246348605803 0.9684
-6.60257622143153 0.9683
-6.602689928665 0.9682
-6.60279241663876 0.9681
-6.60290575161639 0.968
-6.60302897355634 0.9679
-6.60311662028827 0.9678
-6.60323081093597 0.9677
-6.60333567699607 0.9676
-6.60343269746206 0.9675
-6.60352748899283 0.9674
-6.60358444160893 0.9673
-6.60360565032191 0.9672
-6.60359669044761 0.9671
-6.60359589176075 0.967
-6.60360611362433 0.9669
-6.60362280916162 0.9668
-6.60360179116603 0.9667
-6.60357905311383 0.9666
-6.60355621384748 0.9665
-6.60353494763725 0.9664
-6.6035204469103 0.9663
-6.60350203705405 0.9662
-6.60346319612879 0.9661
-6.60344704813712 0.966
-6.60344398797892 0.9659
-6.60343770945148 0.9658
-6.60344223552559 0.9657
-6.60345480295786 0.9656
-6.60349746893847 0.9655
-6.60354200258663 0.9654
-6.60359513405292 0.9653
-6.60365105375168 0.9652
-6.60370108575665 0.9651
-6.60378712865747 0.965
-6.60387398063528 0.9649
-6.60399357667161 0.9648
-6.60409077293597 0.9647
-6.60418773969221 0.9646
-6.60430760669298 0.9645
-6.60443627001155 0.9644
-6.60457082401745 0.9643
-6.60474194510304 0.9642
-6.60492295454889 0.9641
-6.60511621720576 0.964
-6.60528557065635 0.9639
-6.60543137910511 0.9638
-6.60556176614294 0.9637
-6.6057184847967 0.9636
-6.605909088312 0.9635
-6.60611271817216 0.9634
-6.60628615545309 0.9633
-6.6064296968414 0.9632
-6.60657544751688 0.9631
-6.60673486354354 0.963
-6.60690652740666 0.9629
-6.60707495703885 0.9628
-6.60722249742473 0.9627
-6.60736583352681 0.9626
-6.60749263666686 0.9625
-6.60759371504985 0.9624
-6.60767861555575 0.9623
-6.607740998075 0.9622
-6.60781272628885 0.9621
-6.60792391189948 0.962
-6.60802891489658 0.9619
-6.60811405429632 0.9618
-6.6082091064275 0.9617
-6.60831333634129 0.9616
-6.60847438957355 0.9615
-6.60862537664853 0.9614
-6.60874296152223 0.9613
-6.60881628820931 0.9612
-6.60889070447794 0.9611
-6.60895981062208 0.961
-6.60900830045109 0.9609
-6.60900696186688 0.9608
-6.60903479815557 0.9607
-6.60905439599977 0.9606
-6.6090597443089 0.9605
-6.60901376359957 0.9604
-6.60898049208586 0.9603
-6.60893181687296 0.9602
-6.6088919885504 0.9601
-6.60886663348376 0.96
-6.60883348391834 0.9599
-6.60880138505668 0.9598
-6.60877512225259 0.9597
-6.60877501963786 0.9596
-6.60880488286656 0.9595
-6.60882458393249 0.9594
-6.60885266321506 0.9593
-6.6089070510557 0.9592
-6.60897537617843 0.9591
-6.60907591779101 0.959
-6.60919609266627 0.9589
-6.60935673500532 0.9588
-6.60955731074239 0.9587
-6.60977869209984 0.9586
-6.6100237725504 0.9585
-6.61025927325974 0.9584
-6.6104852648678 0.9583
-6.61065917380094 0.9582
-6.61087233408742 0.9581
-6.61108540456019 0.958
-6.61128357672488 0.9579
-6.61146472575209 0.9578
-6.61164600425785 0.9577
-6.6118013507655 0.9576
-6.61197441089349 0.9575
-6.61213706038502 0.9574
-6.6122526188399 0.9573
-6.6123258718769 0.9572
-6.61242438824791 0.9571
-6.61249637369206 0.957
-6.61252858936083 0.9569
-6.61252327533198 0.9568
-6.6125142413069 0.9567
-6.61245724244151 0.9566
-6.61236574288689 0.9565
-6.61227469666105 0.9564
-6.61215239783271 0.9563
-6.61197433501365 0.9562
-6.61181642678388 0.9561
-6.61165951711695 0.956
-6.61148371975035 0.9559
-6.61128245538921 0.9558
-6.61111002168133 0.9557
-6.6109544364762 0.9556
-6.61075901943599 0.9555
-6.61055138583522 0.9554
-6.6103474378977 0.9553
-6.61013962066196 0.9552
-6.60991866640786 0.9551
-6.60969960048706 0.955
-6.60948606186425 0.9549
-6.60929185262618 0.9548
-6.60907230789161 0.9547
-6.60885417038501 0.9546
-6.60863205838146 0.9545
-6.60839912496653 0.9544
-6.6081923165288 0.9543
-6.60800744953389 0.9542
-6.60787803831742 0.9541
-6.6077550170781 0.954
-6.60763370717966 0.9539
-6.60752764824315 0.9538
-6.60743896486639 0.9537
-6.60737065573275 0.9536
-6.60734133340049 0.9535
-6.60733949162703 0.9534
-6.60732781220242 0.9533
-6.60731275732664 0.9532
-6.60730546344371 0.9531
-6.60732471040059 0.953
-6.60734446090284 0.9529
-6.60742165124309 0.9528
-6.60747525864446 0.9527
-6.60753392413053 0.9526
-6.60762251505923 0.9525
-6.60769353486995 0.9524
-6.6077382607809 0.9523
-6.60777988851196 0.9522
-6.60783666187281 0.9521
-6.60790303782505 0.952
-6.60799219418056 0.9519
-6.60811244663022 0.9518
-6.60825303329749 0.9517
-6.60841730024517 0.9516
-6.60857202418127 0.9515
-6.60873427127644 0.9514
-6.60886485393436 0.9513
-6.60900608380794 0.9512
-6.60915862203628 0.9511
-6.60935533686909 0.951
-6.60955092039626 0.9509
-6.60972665423892 0.9508
-6.60990846029188 0.9507
-6.61006526997803 0.9506
-6.61020141699442 0.9505
-6.61030926180779 0.9504
-6.61043238193253 0.9503
-6.61055720132627 0.9502
-6.61066536683985 0.9501
-6.61075945849436 0.95
-6.61084158050849 0.9499
-6.61089360946423 0.9498
-6.61095496466499 0.9497
-6.61101697266065 0.9496
-6.61106120144869 0.9495
-6.61109539881058 0.9494
-6.61115806558897 0.9493
-6.61118603773783 0.9492
-6.61121157013667 0.9491
-6.61122512773056 0.949
-6.61122065149817 0.9489
-6.61120806296952 0.9488
-6.6111792300174 0.9487
-6.61112729164434 0.9486
-6.6110916966712 0.9485
-6.61103148513915 0.9484
-6.61096499283124 0.9483
-6.61086454157 0.9482
-6.61078093028584 0.9481
-6.61069043669351 0.948
-6.61059874173872 0.9479
-6.61052810748638 0.9478
-6.61045378016362 0.9477
-6.61039866779931 0.9476
-6.6103463405213 0.9475
-6.61029887986165 0.9474
-6.61026404395983 0.9473
-6.61024989465108 0.9472
-6.61023218118052 0.9471
-6.61024528225751 0.947
-6.61026690094663 0.9469
-6.61030390909114 0.9468
-6.61033426737815 0.9467
-6.61040557109243 0.9466
-6.61049855979676 0.9465
-6.61058523314616 0.9464
-6.61069835469808 0.9463
-6.61081110023727 0.9462
-6.61090863346137 0.9461
-6.61103551425025 0.946
-6.61117056165419 0.9459
-6.61132313697442 0.9458
-6.61150467042255 0.9457
-6.61171188140833 0.9456
-6.61194982794643 0.9455
-6.61224547552596 0.9454
-6.61254633160724 0.9453
-6.61286265090972 0.9452
-6.61320323516001 0.9451
-6.61355114679094 0.945
-6.61390931264585 0.9449
-6.61426213035007 0.9448
-6.61460811825105 0.9447
-6.6149494847222 0.9446
-6.6152748280695 0.9445
-6.61559310097762 0.9444
-6.61590456226256 0.9443
-6.6162112402317 0.9442
-6.61649956789896 0.9441
-6.61676078613147 0.944
-6.61700990382591 0.9439
-6.61727703077606 0.9438
-6.617510664179 0.9437
-6.61772810550303 0.9436
-6.61792863979723 0.9435
-6.61810642434674 0.9434
-6.61828536706106 0.9433
-6.6184643737476 0.9432
-6.61862355957451 0.9431
-6.61879232840621 0.943
-6.61895418121134 0.9429
-6.61915585037762 0.9428
-6.6193627869595 0.9427
-6.6195939896828 0.9426
-6.61981959458657 0.9425
-6.62005842376019 0.9424
-6.62029997514347 0.9423
-6.62053632633691 0.9422
-6.62074269565671 0.9421
-6.6209538055078 0.942
-6.62112738204951 0.9419
-6.62124907605451 0.9418
-6.62136492047944 0.9417
-6.62146578510754 0.9416
-6.62156123179698 0.9415
-6.621646903736 0.9414
-6.62170993116297 0.9413
-6.62173115532259 0.9412
-6.62170404404503 0.9411
-6.6216646639172 0.941
-6.62159332636339 0.9409
-6.62149206500727 0.9408
-6.62137261900408 0.9407
-6.62122707961318 0.9406
-6.62107181520191 0.9405
-6.62087045228002 0.9404
-6.62065460939857 0.9403
-6.62042078742984 0.9402
-6.62019448136106 0.9401
-6.61998176839524 0.94
-6.61977888361698 0.9399
-6.61959589634361 0.9398
-6.61939788986798 0.9397
-6.61923484141255 0.9396
-6.61907193447903 0.9395
-6.61894638965844 0.9394
-6.61881431734303 0.9393
-6.6186854830699 0.9392
-6.61852518613243 0.9391
-6.61842181628801 0.939
-6.61833802867264 0.9389
-6.61826573322385 0.9388
-6.61823219772954 0.9387
-6.61820675241289 0.9386
-6.61818348033473 0.9385
-6.61819581821916 0.9384
-6.61821965432476 0.9383
-6.61828212143126 0.9382
-6.61832534240639 0.9381
-6.61834649258072 0.938
-6.61838937478318 0.9379
-6.61845477084824 0.9378
-6.61852589134264 0.9377
-6.618590743489 0.9376
-6.61867036856368 0.9375
-6.6187553413311 0.9374
-6.61881516918306 0.9373
-6.61888695821581 0.9372
-6.61896626478115 0.9371
-6.61901490413263 0.937
-6.61904283474838 0.9369
-6.6190742326529 0.9368
-6.61907202601862 0.9367
-6.61905323375792 0.9366
-6.61905864603982 0.9365
-6.6190324893092 0.9364
-6.61897712322284 0.9363
-6.61893151164733 0.9362
-6.61891469711265 0.9361
-6.61890704418163 0.936
-6.6188706257717 0.9359
-6.61882636549732 0.9358
-6.6187813284058 0.9357
-6.61875420606253 0.9356
-6.61869276342851 0.9355
-6.61864396025905 0.9354
-6.61864040041618 0.9353
-6.61869586419192 0.9352
-6.61877806748702 0.9351
-6.61884702105727 0.935
-6.6189288775997 0.9349
-6.61904753230474 0.9348
-6.61920852079893 0.9347
-6.61940120835797 0.9346
-6.61960974196774 0.9345
-6.61980291376262 0.9344
-6.61999644129355 0.9343
-6.62022930561572 0.9342
-6.62050543099861 0.9341
-6.62079225302202 0.934
-6.62108936611622 0.9339
-6.62139695844082 0.9338
-6.62169050102089 0.9337
-6.62200614782885 0.9336
-6.62231270679772 0.9335
-6.62260698883018 0.9334
-6.62291267389673 0.9333
-6.62322065419931 0.9332
-6.62348137510182 0.9331
-6.62372525656482 0.933
-6.62396431559786 0.9329
-6.62417029040203 0.9328
-6.62435962272994 0.9327
-6.62453197906937 0.9326
-6.62470260839953 0.9325
-6.62484635249811 0.9324
-6.62493849529505 0.9323
-6.6249990250632 0.9322
-6.62500681698078 0.9321
-6.62500012398933 0.932
-6.62497692297065 0.9319
-6.62490726439617 0.9318
-6.62479562443573 0.9317
-6.62465636852311 0.9316
-6.62447549464101 0.9315
-6.62429251959182 0.9314
-6.62411703410636 0.9313
-6.62393440731585 0.9312
-6.62373628664297 0.9311
-6.62354584155073 0.931
-6.62333603095166 0.9309
-6.62316057756509 0.9308
-6.62296761974978 0.9307
-6.62278177875667 0.9306
-6.62258454670044 0.9305
-6.62238647644569 0.9304
-6.6221874262707 0.9303
-6.62204232623169 0.9302
-6.62190744614662 0.9301
-6.62178749601696 0.93
-6.62168620477029 0.9299
-6.62159688872044 0.9298
-6.62150364377067 0.9297
-6.62144668596367 0.9296
-6.62138233694748 0.9295
-6.62132371976619 0.9294
-6.62131870702602 0.9293
-6.62133893771561 0.9292
-6.62138207381202 0.9291
-6.62145621059113 0.929
-6.62154117095544 0.9289
-6.62162106169939 0.9288
-6.6217076602836 0.9287
-6.62179850480195 0.9286
-6.62186818770011 0.9285
-6.62196643080201 0.9284
-6.6220625947709 0.9283
-6.62217228134527 0.9282
-6.62227252629852 0.9281
-6.62236115889258 0.928
-6.62246365665899 0.9279
-6.62256925654434 0.9278
-6.62268422517604 0.9277
-6.62276682675787 0.9276
-6.62286225858993 0.9275
-6.62295389196823 0.9274
-6.62306289232454 0.9273
-6.62316847144301 0.9272
-6.62322933769541 0.9271
-6.62328536615502 0.927
-6.62332729098351 0.9269
-6.62337810472344 0.9268
-6.6234464681645 0.9267
-6.62348472034545 0.9266
-6.62354263935902 0.9265
-6.62361800013536 0.9264
-6.62371963000593 0.9263
-6.62381430132082 0.9262
-6.62387503381326 0.9261
-6.62395961217688 0.926
-6.62407091833617 0.9259
-6.62416093273505 0.9258
-6.62428847927954 0.9257
-6.62444376280534 0.9256
-6.62459077298328 0.9255
-6.62474081593499 0.9254
-6.62488419180699 0.9253
-6.62501059192057 0.9252
-6.62513060766876 0.9251
-6.62524441296756 0.925
-6.62534733733211 0.9249
-6.62544468272639 0.9248
-6.62552127544752 0.9247
-6.62556918352282 0.9246
-6.62562271214516 0.9245
-6.62570687031443 0.9244
-6.62577332306609 0.9243
-6.62583172359888 0.9242
-6.6259023097252 0.9241
-6.62598670746741 0.924
-6.62603393948119 0.9239
-6.62610114302757 0.9238
-6.62618559860599 0.9237
-6.62625865918697 0.9236
-6.62634106513524 0.9235
-6.62643565717807 0.9234
-6.62653560875747 0.9233
-6.62665360241158 0.9232
-6.62677306729466 0.9231
-6.62687157739809 0.923
-6.62695897002472 0.9229
-6.62705240712092 0.9228
-6.62714266781883 0.9227
-6.62725130494683 0.9226
-6.62735868493234 0.9225
-6.62750113210129 0.9224
-6.6276548572169 0.9223
-6.62779679622472 0.9222
-6.62797099505754 0.9221
-6.62808271848527 0.922
-6.62819852240151 0.9219
-6.62831539345212 0.9218
-6.62841190159403 0.9217
-6.62848925014906 0.9216
-6.62858829139489 0.9215
-6.62868405315127 0.9214
-6.62879809624731 0.9213
-6.62891215523715 0.9212
-6.62901892240093 0.9211
-6.62913545022054 0.921
-6.62924770448589 0.9209
-6.6293692437602 0.9208
-6.62947987733554 0.9207
-6.62955705270732 0.9206
-6.62963272228359 0.9205
-6.62971577395464 0.9204
-6.62980729343634 0.9203
-6.62989024335982 0.9202
-6.62997748529857 0.9201
-6.63007795622845 0.92
-6.63018361896804 0.9199
-6.63027161708255 0.9198
-6.63039091670216 0.9197
-6.6304880558921 0.9196
-6.63055848619614 0.9195
-6.63063321209011 0.9194
-6.63072959308448 0.9193
-6.63080920690665 0.9192
-6.63086715759747 0.9191
-6.63091608406602 0.919
-6.63096034810745 0.9189
-6.63097070737899 0.9188
-6.6309820446013 0.9187
-6.63099756511156 0.9186
-6.63102304063643 0.9185
-6.6310357645809 0.9184
-6.63106663719424 0.9183
-6.63105856970541 0.9182
-6.63102073150125 0.9181
-6.63097098237544 0.918
-6.63093872009828 0.9179
-6.63089574415698 0.9178
-6.63084835106846 0.9177
-6.63079836389822 0.9176
-6.63071895171095 0.9175
-6.63065604808068 0.9174
-6.63060348264238 0.9173
-6.630514750807 0.9172
-6.63042215636191 0.9171
-6.63034940729786 0.917
-6.63027080075832 0.9169
-6.6301835789673 0.9168
-6.63008800687743 0.9167
-6.63000683994502 0.9166
-6.62991871427241 0.9165
-6.62983033479986 0.9164
-6.62975677666776 0.9163
-6.62969300709305 0.9162
-6.62964782437478 0.9161
-6.62957861565232 0.916
-6.62951638129444 0.9159
-6.62945417589237 0.9158
-6.62943327446075 0.9157
-6.62942529311601 0.9156
-6.62939025451417 0.9155
-6.62935419264131 0.9154
-6.62930962876195 0.9153
-6.62925676301938 0.9152
-6.62920470048939 0.9151
-6.62915689412238 0.915
-6.62910287919684 0.9149
-6.62905183533446 0.9148
-6.62902051756044 0.9147
-6.62903455252731 0.9146
-6.6290499368002 0.9145
-6.62905780618296 0.9144
-6.62912383524209 0.9143
-6.62919559576042 0.9142
-6.62930343791859 0.9141
-6.62944317194318 0.914
-6.62959832980439 0.9139
-6.62977727990001 0.9138
-6.62992402397463 0.9137
-6.63008600882113 0.9136
-6.63026284970506 0.9135
-6.63044439411344 0.9134
-6.63061464137984 0.9133
-6.63076418630186 0.9132
-6.63095061633311 0.9131
-6.63111885923381 0.913
-6.63125980841244 0.9129
-6.63140070858773 0.9128
-6.63158064609759 0.9127
-6.6317633665057 0.9126
-6.63196031122478 0.9125
-6.63214658270071 0.9124
-6.63231426281964 0.9123
-6.63246757639821 0.9122
-6.6326172861461 0.9121
-6.63274418660739 0.912
-6.63286110682379 0.9119
-6.63299990985814 0.9118
-6.63316439078631 0.9117
-6.63331792130845 0.9116
-6.63347458213345 0.9115
-6.63363983650084 0.9114
-6.63382158769842 0.9113
-6.63400057003345 0.9112
-6.63418504044035 0.9111
-6.63437262968861 0.911
-6.6345230430507 0.9109
-6.63466672487001 0.9108
-6.63482547993088 0.9107
-6.63498400525199 0.9106
-6.63510558127016 0.9105
-6.63520422028461 0.9104
-6.63527377655209 0.9103
-6.63536853637014 0.9102
-6.63544962304266 0.9101
-6.63552271139582 0.91
-6.63556684614669 0.9099
-6.63558042146551 0.9098
-6.63553747267821 0.9097
-6.63550315197841 0.9096
-6.63545476015338 0.9095
-6.63538640361067 0.9094
-6.63530329534785 0.9093
-6.63520501133361 0.9092
-6.63510997511927 0.9091
-6.63500740577198 0.909
-6.63489291845689 0.9089
-6.63479413937148 0.9088
-6.63468148324305 0.9087
-6.63458670712609 0.9086
-6.63448894298825 0.9085
-6.63442497709215 0.9084
-6.63436223493879 0.9083
-6.63431275317344 0.9082
-6.63426811084223 0.9081
-6.63420224753169 0.908
-6.63412931415893 0.9079
-6.63407571430067 0.9078
-6.63404208373648 0.9077
-6.63401699714054 0.9076
-6.63398919751565 0.9075
-6.63396659888514 0.9074
-6.63393479504864 0.9073
-6.63389160546421 0.9072
-6.63384816018241 0.9071
-6.63378813786878 0.907
-6.63372257620045 0.9069
-6.6336438446847 0.9068
-6.63356005913607 0.9067
-6.63351683121234 0.9066
-6.6334957370477 0.9065
-6.63344925413705 0.9064
-6.63340778008536 0.9063
-6.63335572135764 0.9062
-6.63331400347372 0.9061
-6.6333258947005 0.906
-6.63330003372195 0.9059
-6.63325909049501 0.9058
-6.63322611485033 0.9057
-6.63319697922338 0.9056
-6.63322757827349 0.9055
-6.63326666704911 0.9054
-6.63327510209591 0.9053
-6.63326991848493 0.9052
-6.63330005817945 0.9051
-6.63333023895805 0.905
-6.63336202650367 0.9049
-6.63340053496394 0.9048
-6.6334652600743 0.9047
-6.63352570690159 0.9046
-6.6335781625244 0.9045
-6.63361901685713 0.9044
-6.63366382332083 0.9043
-6.63371116934761 0.9042
-6.6337624899737 0.9041
-6.63379628035092 0.904
-6.63384368610192 0.9039
-6.63389086989208 0.9038
-6.63393844163983 0.9037
-6.63398647420347 0.9036
-6.63400066849024 0.9035
-6.63400512893257 0.9034
-6.63401908998408 0.9033
-6.63406250295837 0.9032
-6.63410438601606 0.9031
-6.63413037639936 0.903
-6.63417422471961 0.9029
-6.63418763921194 0.9028
-6.63419985675097 0.9027
-6.63423077635147 0.9026
-6.63432410259286 0.9025
-6.63442612193518 0.9024
-6.63451327127673 0.9023
-6.63458315444963 0.9022
-6.634646621408 0.9021
-6.63471536198284 0.902
-6.63476896889949 0.9019
-6.63483142014446 0.9018
-6.63489204182513 0.9017
-6.63494853760547 0.9016
-6.63502673042666 0.9015
-6.63510783985844 0.9014
-6.63516857371539 0.9013
-6.63523357536167 0.9012
-6.63530188524511 0.9011
-6.63534524930185 0.901
-6.63539060513452 0.9009
-6.63542537034937 0.9008
-6.63543321499933 0.9007
-6.63544047350472 0.9006
-6.63545670679784 0.9005
-6.63549252507958 0.9004
-6.63553253982829 0.9003
-6.63561642711194 0.9002
-6.63569348561518 0.9001
-6.63578134017747 0.9
-6.63587507747853 0.8999
-6.63596128524505 0.8998
-6.63604856931281 0.8997
-6.63612279478024 0.8996
-6.63620193250642 0.8995
-6.63627448666629 0.8994
-6.63633802793962 0.8993
-6.63642813785401 0.8992
-6.63651792100243 0.8991
-6.63660406545575 0.899
-6.6366810176772 0.8989
-6.63675072332752 0.8988
-6.63680541058504 0.8987
-6.6368639658486 0.8986
-6.63695108075084 0.8985
-6.63704696781976 0.8984
-6.63716563241769 0.8983
-6.63724178310214 0.8982
-6.63734409223281 0.8981
-6.63745232044983 0.898
-6.63754679502193 0.8979
-6.63765721792638 0.8978
-6.63775364543021 0.8977
-6.63785560680795 0.8976
-6.63795600768827 0.8975
-6.63804936787756 0.8974
-6.63816063445978 0.8973
-6.63826194686519 0.8972
-6.63836181494682 0.8971
-6.63846736833723 0.897
-6.63858867612967 0.8969
-6.6387075472831 0.8968
-6.63884600969648 0.8967
-6.63898035272295 0.8966
-6.63912827149942 0.8965
-6.63926259684247 0.8964
-6.63935288311614 0.8963
-6.63938832464998 0.8962
-6.6394377956139 0.8961
-6.63947808124034 0.896
-6.63950414346606 0.8959
-6.63951328203913 0.8958
-6.63949503198724 0.8957
-6.63947157757108 0.8956
-6.63942391367831 0.8955
-6.6393609866017 0.8954
-6.63931049620083 0.8953
-6.63924351266324 0.8952
-6.63916340838017 0.8951
-6.63909633111355 0.895
-6.6390069209105 0.8949
-6.63890816354945 0.8948
-6.63878112979526 0.8947
-6.63865623735831 0.8946
-6.63851865869071 0.8945
-6.63837831078365 0.8944
-6.63826674445991 0.8943
-6.63818831812636 0.8942
-6.63813257417604 0.8941
-6.63808413535649 0.894
-6.63804318342204 0.8939
-6.63802006579935 0.8938
-6.63797415096906 0.8937
-6.63792368636781 0.8936
-6.63789530735723 0.8935
-6.63786479225737 0.8934
-6.63789549431066 0.8933
-6.63794588724834 0.8932
-6.63801454554449 0.8931
-6.63811140100423 0.893
-6.63822263153678 0.8929
-6.63834590921371 0.8928
-6.63848626457541 0.8927
-6.63865022912327 0.8926
-6.63883680967948 0.8925
-6.6390431492264 0.8924
-6.63923812836353 0.8923
-6.63944846724674 0.8922
-6.63965528733138 0.8921
-6.63985966547561 0.892
-6.64005200422762 0.8919
-6.64023858059261 0.8918
-6.64042833683151 0.8917
-6.64061910600534 0.8916
-6.64082170452413 0.8915
-6.64101988982849 0.8914
-6.64122471573733 0.8913
-6.64144033605174 0.8912
-6.64164692948243 0.8911
-6.64182688752439 0.891
-6.64197319551933 0.8909
-6.64210228686098 0.8908
-6.64219567956275 0.8907
-6.64225839978467 0.8906
-6.6423109993143 0.8905
-6.64232651065544 0.8904
-6.64232906393834 0.8903
-6.64230950961447 0.8902
-6.64226403669659 0.8901
-6.64220652512518 0.89
-6.64215343285763 0.8899
-6.64208599568393 0.8898
-6.64202891185884 0.8897
-6.64195312683538 0.8896
-6.64186868339243 0.8895
-6.64180106618369 0.8894
-6.64174598728926 0.8893
-6.64167659821926 0.8892
-6.64163123971657 0.8891
-6.64159858029187 0.889
-6.64156781144942 0.8889
-6.64152320740549 0.8888
-6.64151975895992 0.8887
-6.64148790079162 0.8886
-6.64145179713871 0.8885
-6.64142885063118 0.8884
-6.64141689606872 0.8883
-6.64142156549739 0.8882
-6.64144103783604 0.8881
-6.6414464800868 0.888
-6.64144521124587 0.8879
-6.64147574385915 0.8878
-6.64147404232282 0.8877
-6.64146782649612 0.8876
-6.64145506675925 0.8875
-6.64145318650429 0.8874
-6.64145058081047 0.8873
-6.64145503504246 0.8872
-6.64150509642003 0.8871
-6.64155782542333 0.887
-6.64161002213061 0.8869
-6.64168058047275 0.8868
-6.64175653317453 0.8867
-6.64182337980778 0.8866
-6.64189597972281 0.8865
-6.64195619701886 0.8864
-6.64200471886457 0.8863
-6.64206430995698 0.8862
-6.64215382209054 0.8861
-6.64226323713679 0.886
-6.64237567693402 0.8859
-6.64248988621459 0.8858
-6.6426118992447 0.8857
-6.64272889589809 0.8856
-6.6428929700597 0.8855
-6.64306576227071 0.8854
-6.64325693039307 0.8853
-6.6434270539676 0.8852
-6.64360348501755 0.8851
-6.64375906032035 0.885
-6.6438881377626 0.8849
-6.64399040926645 0.8848
-6.6441038633932 0.8847
-6.64422270653385 0.8846
-6.64433082286965 0.8845
-6.64444528987441 0.8844
-6.64455488435702 0.8843
-6.64463391685493 0.8842
-6.6447089449318 0.8841
-6.64475849400394 0.884
-6.64480049189788 0.8839
-6.64486654002888 0.8838
-6.64493853054564 0.8837
-6.64502913004878 0.8836
-6.64512307764126 0.8835
-6.6452648579744 0.8834
-6.6454036463481 0.8833
-6.64553565424222 0.8832
-6.64568148126554 0.8831
-6.64581998626388 0.883
-6.64595387951519 0.8829
-6.64604973526274 0.8828
-6.64614045387353 0.8827
-6.6462537324458 0.8826
-6.64636017095176 0.8825
-6.6464453998652 0.8824
-6.64654365300766 0.8823
-6.64663961035854 0.8822
-6.64674096730005 0.8821
-6.64684814722339 0.882
-6.6469683503058 0.8819
-6.64709657133797 0.8818
-6.64726648859638 0.8817
-6.64744754545494 0.8816
-6.6476475884122 0.8815
-6.64785328047238 0.8814
-6.64805603988221 0.8813
-6.64827619872803 0.8812
-6.64845366453604 0.8811
-6.64860850703551 0.881
-6.64876610207135 0.8809
-6.64891987897591 0.8808
-6.64905719998528 0.8807
-6.64920848054002 0.8806
-6.64934428417321 0.8805
-6.64946898174476 0.8804
-6.64959162776042 0.8803
-6.6497017488242 0.8802
-6.64981511516633 0.8801
-6.64992413794931 0.88
-6.65000564457086 0.8799
-6.65009934423976 0.8798
-6.65017596284311 0.8797
-6.6502628600914 0.8796
-6.65035831379663 0.8795
-6.65047304001483 0.8794
-6.65057355311851 0.8793
-6.65064012773763 0.8792
-6.65068348414017 0.8791
-6.65071616522671 0.879
-6.65072577089516 0.8789
-6.65071191994969 0.8788
-6.65067381283799 0.8787
-6.65061746971831 0.8786
-6.65054516412022 0.8785
-6.65045651340264 0.8784
-6.65036016749566 0.8783
-6.65028163377321 0.8782
-6.65020773952319 0.8781
-6.65011140552933 0.878
-6.65001496362473 0.8779
-6.64991419361482 0.8778
-6.64980521098444 0.8777
-6.6496989363517 0.8776
-6.64958397529664 0.8775
-6.64945433672525 0.8774
-6.64931238329093 0.8773
-6.64915475887663 0.8772
-6.64898750368581 0.8771
-6.64880552762475 0.877
-6.64864081813848 0.8769
-6.64850931412628 0.8768
-6.64839248363964 0.8767
-6.64827624352953 0.8766
-6.64817365645654 0.8765
-6.64807824927893 0.8764
-6.64797835653732 0.8763
-6.64790279044122 0.8762
-6.64782695466738 0.8761
-6.64774837163445 0.876
-6.64770055305777 0.8759
-6.64769039272142 0.8758
-6.64769410805757 0.8757
-6.64770599535825 0.8756
-6.64772625561442 0.8755
-6.64774899844695 0.8754
-6.64778983224287 0.8753
-6.64784135968836 0.8752
-6.64789278157402 0.8751
-6.64795951141844 0.875
-6.64800951959906 0.8749
-6.64806172279489 0.8748
-6.64811795102524 0.8747
-6.64816441492528 0.8746
-6.64819816446264 0.8745
-6.64822784932024 0.8744
-6.6482505654734 0.8743
-6.64825895308653 0.8742
-6.64825791541694 0.8741
-6.64821452556327 0.874
-6.64816792576185 0.8739
-6.64813469699178 0.8738
-6.64812998943775 0.8737
-6.64815107897123 0.8736
-6.64816548984247 0.8735
-6.64821463184149 0.8734
-6.64826163844271 0.8733
-6.64831478215964 0.8732
-6.6484089266845 0.8731
-6.64851932172148 0.873
-6.64862761409706 0.8729
-6.64873133817078 0.8728
-6.64884044156701 0.8727
-6.64893943778242 0.8726
-6.6490265450419 0.8725
-6.64912526178927 0.8724
-6.64922482557905 0.8723
-6.64931546488624 0.8722
-6.64940983570191 0.8721
-6.64947222892016 0.872
-6.64953450294815 0.8719
-6.64959431447913 0.8718
-6.64966592919146 0.8717
-6.64971517921376 0.8716
-6.64976428748926 0.8715
-6.64976584621157 0.8714
-6.64975683806917 0.8713
-6.64972659438119 0.8712
-6.649684191924 0.8711
-6.6496422108627 0.871
-6.64957765419503 0.8709
-6.64952547657979 0.8708
-6.64948023116498 0.8707
-6.64945091158142 0.8706
-6.64942813478254 0.8705
-6.64939155466034 0.8704
-6.64937108082483 0.8703
-6.64935874847412 0.8702
-6.64933939539143 0.8701
-6.64925094946061 0.87
-6.64919208317101 0.8699
-6.64915697802047 0.8698
-6.64913765100742 0.8697
-6.64915255421563 0.8696
-6.64917355227277 0.8695
-6.64921794568341 0.8694
-6.64925484370417 0.8693
-6.64928776390062 0.8692
-6.6493375206318 0.8691
-6.64941616380729 0.869
-6.64951566577196 0.8689
-6.64963393511127 0.8688
-6.64975933006879 0.8687
-6.64988305876417 0.8686
-6.65002533203838 0.8685
-6.65016079937173 0.8684
-6.65031820696479 0.8683
-6.65045599357181 0.8682
-6.65057214389116 0.8681
-6.65072860211142 0.868
-6.65090828659734 0.8679
-6.65107798432624 0.8678
-6.6512068116361 0.8677
-6.6513411308363 0.8676
-6.65145912575262 0.8675
-6.65155502918141 0.8674
-6.65164511060337 0.8673
-6.65172238974538 0.8672
-6.65183084593771 0.8671
-6.65190879551865 0.867
-6.65198809659364 0.8669
-6.65209634013698 0.8668
-6.65222028043289 0.8667
-6.65233883082966 0.8666
-6.65249566270902 0.8665
-6.65266991061296 0.8664
-6.65284202911971 0.8663
-6.65301750548842 0.8662
-6.65318688403651 0.8661
-6.65332793183358 0.866
-6.65348128349907 0.8659
-6.65362617574169 0.8658
-6.65376790038496 0.8657
-6.65389996789612 0.8656
-6.65402974699565 0.8655
-6.65414405096179 0.8654
-6.65425605549591 0.8653
-6.65434033099713 0.8652
-6.65441790170353 0.8651
-6.65448025776386 0.865
-6.65450047694102 0.8649
-6.65452676094069 0.8648
-6.65451378492634 0.8647
-6.654492173075 0.8646
-6.65444846322608 0.8645
-6.65437516623509 0.8644
-6.65429870992964 0.8643
-6.65423214331933 0.8642
-6.65415025413655 0.8641
-6.65405413987487 0.864
-6.65394936099744 0.8639
-6.65382524073392 0.8638
-6.65369933083803 0.8637
-6.65359426999802 0.8636
-6.65346927361717 0.8635
-6.65331817004251 0.8634
-6.65319259776735 0.8633
-6.65308255229015 0.8632
-6.65296886648896 0.8631
-6.652867356603 0.863
-6.65276038717294 0.8629
-6.65264739028079 0.8628
-6.65253038829015 0.8627
-6.65241542238424 0.8626
-6.65233666017799 0.8625
-6.65229890088837 0.8624
-6.65229074602503 0.8623
-6.65229030439332 0.8622
-6.65231731935104 0.8621
-6.65237296674418 0.862
-6.65242725079334 0.8619
-6.65249702639408 0.8618
-6.65259862336568 0.8617
-6.65270118367869 0.8616
-6.6528379134079 0.8615
-6.65300600921491 0.8614
-6.6531965103526 0.8613
-6.65342689173482 0.8612
-6.6536771792146 0.8611
-6.6539281558297 0.861
-6.65418373811764 0.8609
-6.65445556811357 0.8608
-6.65470853794236 0.8607
-6.65495923303518 0.8606
-6.65521216199758 0.8605
-6.65543049367827 0.8604
-6.65562684950966 0.8603
-6.65582002299892 0.8602
-6.65599411518601 0.8601
-6.65613410093047 0.86
-6.65625056085308 0.8599
-6.6563536329114 0.8598
-6.65645299904958 0.8597
-6.65655655075403 0.8596
-6.65662575541036 0.8595
-6.6566591271765 0.8594
-6.65669819268216 0.8593
-6.65675066367681 0.8592
-6.65679711480667 0.8591
-6.65685945716395 0.859
-6.65693298920479 0.8589
-6.65697281738765 0.8588
-6.65697891951597 0.8587
-6.65696587497199 0.8586
-6.65693759606045 0.8585
-6.6568957903985 0.8584
-6.65681653211367 0.8583
-6.65672824221843 0.8582
-6.65662805013545 0.8581
-6.65652280617665 0.858
-6.65644527396256 0.8579
-6.65638819027741 0.8578
-6.6563105339759 0.8577
-6.65619938446221 0.8576
-6.65608763430209 0.8575
-6.65599445329382 0.8574
-6.65590962831889 0.8573
-6.65583750368859 0.8572
-6.65577506078104 0.8571
-6.65572504430871 0.857
-6.65566594638318 0.8569
-6.65561913967058 0.8568
-6.6555748616543 0.8567
-6.65552393370648 0.8566
-6.65549895609684 0.8565
-6.65546964920103 0.8564
-6.65545824181806 0.8563
-6.65544071024014 0.8562
-6.65543266031986 0.8561
-6.65548500432293 0.856
-6.65553378726298 0.8559
-6.65560992880129 0.8558
-6.65569429332909 0.8557
-6.65579860134567 0.8556
-6.65593886292793 0.8555
-6.65608221600075 0.8554
-6.65624362439888 0.8553
-6.65644967991905 0.8552
-6.65665056347256 0.8551
-6.65686355229978 0.855
-6.65707197128713 0.8549
-6.65729091629401 0.8548
-6.65752867777123 0.8547
-6.65776988714653 0.8546
-6.65801154701431 0.8545
-6.65824438738562 0.8544
-6.65846863361817 0.8543
-6.65865281996742 0.8542
-6.65882376772521 0.8541
-6.65897482855076 0.854
-6.65908474987741 0.8539
-6.65917379787258 0.8538
-6.65920167256681 0.8537
-6.65920920154932 0.8536
-6.65918631777879 0.8535
-6.65911741528067 0.8534
-6.659013752375 0.8533
-6.65890598309236 0.8532
-6.65877824708396 0.8531
-6.65862396412122 0.853
-6.6584517804057 0.8529
-6.65824320578189 0.8528
-6.65801920677373 0.8527
-6.65777450540085 0.8526
-6.65751349521173 0.8525
-6.65724188917093 0.8524
-6.65697473906551 0.8523
-6.65669365706858 0.8522
-6.65642365341766 0.8521
-6.65615839829847 0.852
-6.65590447348241 0.8519
-6.65567492482558 0.8518
-6.65546197339272 0.8517
-6.65526337676764 0.8516
-6.65508223975648 0.8515
-6.65489270260874 0.8514
-6.65471979567455 0.8513
-6.65458006075248 0.8512
-6.65448081915791 0.8511
-6.65441271248674 0.851
-6.65433404612886 0.8509
-6.65428257978999 0.8508
-6.65424757744922 0.8507
-6.65423929502167 0.8506
-6.65427350784765 0.8505
-6.65433222385938 0.8504
-6.65440208905289 0.8503
-6.65450037145086 0.8502
-6.65464216904044 0.8501
-6.65481466405065 0.85
-6.65499893106399 0.8499
-6.65523084102907 0.8498
-6.65547951092133 0.8497
-6.65572396178834 0.8496
-6.6560051769638 0.8495
-6.65630414631574 0.8494
-6.6565960615748 0.8493
-6.65690218345812 0.8492
-6.65720740763044 0.8491
-6.65750092878998 0.849
-6.65780518020832 0.8489
-6.65809783693866 0.8488
-6.65837555518748 0.8487
-6.65865024201486 0.8486
-6.65892709792678 0.8485
-6.65916995583358 0.8484
-6.65940956861627 0.8483
-6.6596188459389 0.8482
-6.65980172258122 0.8481
-6.65992001788319 0.848
-6.65999970714739 0.8479
-6.66005819191834 0.8478
-6.66011616457904 0.8477
-6.66015451627349 0.8476
-6.66019865913401 0.8475
-6.66025301124596 0.8474
-6.66025590248565 0.8473
-6.6602487328227 0.8472
-6.66021951319762 0.8471
-6.66018731781746 0.847
-6.66014431559457 0.8469
-6.6600980073864 0.8468
-6.66003986821291 0.8467
-6.65997409541442 0.8466
-6.65989068414591 0.8465
-6.65979245423714 0.8464
-6.65968573003142 0.8463
-6.65959736793971 0.8462
-6.659516727858 0.8461
-6.65943440392175 0.846
-6.65936159749395 0.8459
-6.6593130366432 0.8458
-6.65927738968843 0.8457
-6.65926378338225 0.8456
-6.65924463156908 0.8455
-6.65925226963158 0.8454
-6.65923668364854 0.8453
-6.65922319353149 0.8452
-6.6591948706581 0.8451
-6.6591862813246 0.845
-6.65915759394804 0.8449
-6.65913555016077 0.8448
-6.65912957815069 0.8447
-6.65911572711546 0.8446
-6.65909062512263 0.8445
-6.65906785606651 0.8444
-6.65908524126061 0.8443
-6.65909649350773 0.8442
-6.6591255816824 0.8441
-6.65917350783444 0.844
-6.65921798460515 0.8439
-6.6592773143595 0.8438
-6.65935596279579 0.8437
-6.65943522942236 0.8436
-6.65952396802784 0.8435
-6.65960412300199 0.8434
-6.65969980110279 0.8433
-6.65977374113076 0.8432
-6.65988194400773 0.8431
-6.66002379569024 0.843
-6.66018518075059 0.8429
-6.66036658320023 0.8428
-6.66054404941251 0.8427
-6.66072146975138 0.8426
-6.66089279965652 0.8425
-6.66107594680331 0.8424
-6.66123223242643 0.8423
-6.66137653006876 0.8422
-6.66150188251769 0.8421
-6.66160008870482 0.842
-6.6616661988736 0.8419
-6.6617308253732 0.8418
-6.6617814223828 0.8417
-6.6618313153213 0.8416
-6.66185010554923 0.8415
-6.66186318314463 0.8414
-6.66185787605998 0.8413
-6.6618497898168 0.8412
-6.6618389599111 0.8411
-6.6618308564169 0.841
-6.66181138683356 0.8409
-6.66180206191762 0.8408
-6.66180188008116 0.8407
-6.66180358217701 0.8406
-6.66179486056311 0.8405
-6.66177474185767 0.8404
-6.66173810854514 0.8403
-6.661725429458 0.8402
-6.66171812510687 0.8401
-6.66173023705363 0.84
-6.66175873059008 0.8399
-6.66181265303682 0.8398
-6.66187185427832 0.8397
-6.6619405231466 0.8396
-6.66199610119299 0.8395
-6.66204443949454 0.8394
-6.66209252854099 0.8393
-6.66212763313052 0.8392
-6.66213619450219 0.8391
-6.66215044067936 0.839
-6.66216234165986 0.8389
-6.66217619649227 0.8388
-6.66218651152207 0.8387
-6.66218738826538 0.8386
-6.66219486768445 0.8385
-6.66218769861958 0.8384
-6.66219493812409 0.8383
-6.66217779792125 0.8382
-6.66215074858046 0.8381
-6.66211087118263 0.838
-6.66207763420144 0.8379
-6.6620474487759 0.8378
-6.66204271325963 0.8377
-6.66204780478561 0.8376
-6.66204807262355 0.8375
-6.66206119623601 0.8374
-6.66209965096218 0.8373
-6.66215164238497 0.8372
-6.66222410930669 0.8371
-6.66228504374196 0.837
-6.66233576545527 0.8369
-6.66241632177346 0.8368
-6.66249278865017 0.8367
-6.66258609897668 0.8366
-6.66267140415562 0.8365
-6.66276207615456 0.8364
-6.66284679655857 0.8363
-6.66291518524638 0.8362
-6.66299735274526 0.8361
-6.66304914769792 0.836
-6.66310224384991 0.8359
-6.6631517950763 0.8358
-6.6631773332992 0.8357
-6.6631960772331 0.8356
-6.66320239779525 0.8355
-6.66320275211479 0.8354
-6.66320330217232 0.8353
-6.66319280873509 0.8352
-6.66318045095128 0.8351
-6.66315891847608 0.835
-6.66312837477946 0.8349
-6.66306618965517 0.8348
-6.66300018136421 0.8347
-6.66291911194878 0.8346
-6.66287080245424 0.8345
-6.66283801571984 0.8344
-6.66277275459181 0.8343
-6.6627186825403 0.8342
-6.66267839123944 0.8341
-6.66264495258338 0.834
-6.66263711825152 0.8339
-6.66267585633922 0.8338
-6.66276211785501 0.8337
-6.66287660021646 0.8336
-6.66300500499471 0.8335
-6.66313159685929 0.8334
-6.6632726543013 0.8333
-6.66346948976445 0.8332
-6.66365366896649 0.8331
-6.66386084482595 0.833
-6.66408598719272 0.8329
-6.66432682351361 0.8328
-6.66457225821457 0.8327
-6.66479593613484 0.8326
-6.66501564563529 0.8325
-6.66523081100128 0.8324
-6.66543532985355 0.8323
-6.66564130740801 0.8322
-6.66579252790388 0.8321
-6.66588661461954 0.832
-6.66597625887654 0.8319
-6.66604613054793 0.8318
-6.66610285035523 0.8317
-6.66614597421127 0.8316
-6.66617747499712 0.8315
-6.6661866935682 0.8314
-6.6661804238796 0.8313
-6.66616758625571 0.8312
-6.66612809992244 0.8311
-6.66608255506681 0.831
-6.66605083843901 0.8309
-6.66600021135552 0.8308
-6.66593194963486 0.8307
-6.66587639665615 0.8306
-6.66583460733778 0.8305
-6.66578737744077 0.8304
-6.66573796994233 0.8303
-6.66567263932578 0.8302
-6.66555662712015 0.8301
-6.66544463311078 0.83
-6.66535244722345 0.8299
-6.66524605258279 0.8298
-6.66514717053776 0.8297
-6.66501760268603 0.8296
-6.6648546973396 0.8295
-6.66470065241223 0.8294
-6.66454612996348 0.8293
-6.66439422719335 0.8292
-6.66424435929682 0.8291
-6.66409016689937 0.829
-6.66394576131532 0.8289
-6.66379545520465 0.8288
-6.66364340527542 0.8287
-6.6634821841577 0.8286
-6.66331673201828 0.8285
-6.66315235459711 0.8284
-6.66300044089164 0.8283
-6.66284245076077 0.8282
-6.66269525684212 0.8281
-6.66253980970873 0.828
-6.66241477060995 0.8279
-6.66231429875881 0.8278
-6.66220244921302 0.8277
-6.66214732675966 0.8276
-6.66212208250249 0.8275
-6.66209947630872 0.8274
-6.66208918736589 0.8273
-6.66206328339543 0.8272
-6.66205394321452 0.8271
-6.66206884952498 0.827
-6.66209646073337 0.8269
-6.66213191629331 0.8268
-6.66213650142882 0.8267
-6.66214966520277 0.8266
-6.66215331282489 0.8265
-6.66215012378037 0.8264
-6.66213631570892 0.8263
-6.6621519212211 0.8262
-6.66218271172449 0.8261
-6.66222575429756 0.826
-6.66228365421597 0.8259
-6.66235170332526 0.8258
-6.66240493917848 0.8257
-6.66243978539116 0.8256
-6.66248256248152 0.8255
-6.66253900046397 0.8254
-6.66259770248018 0.8253
-6.6626662545132 0.8252
-6.66276009605218 0.8251
-6.66286147640698 0.825
-6.66296392079513 0.8249
-6.66306871975911 0.8248
-6.66317551797871 0.8247
-6.66328541736802 0.8246
-6.66339618043086 0.8245
-6.66349515767522 0.8244
-6.66355765183131 0.8243
-6.66361349506323 0.8242
-6.66371523539367 0.8241
-6.66381514309296 0.824
-6.66393023067542 0.8239
-6.66405147814255 0.8238
-6.66413831128833 0.8237
-6.66423582796102 0.8236
-6.66433666553167 0.8235
-6.66441542436349 0.8234
-6.66450179689926 0.8233
-6.66461282621248 0.8232
-6.66468647218431 0.8231
-6.664764035102 0.823
-6.6648380640054 0.8229
-6.66489537008866 0.8228
-6.66497591196622 0.8227
-6.66503300612942 0.8226
-6.6650882406684 0.8225
-6.6651480545909 0.8224
-6.66518401424249 0.8223
-6.66522463936527 0.8222
-6.66526059161481 0.8221
-6.66530742086834 0.822
-6.6653619525122 0.8219
-6.66541514545011 0.8218
-6.66546617928704 0.8217
-6.66551256539011 0.8216
-6.6655577752957 0.8215
-6.66558618682694 0.8214
-6.66562959211626 0.8213
-6.66568320782712 0.8212
-6.66571684497254 0.8211
-6.66575299317366 0.821
-6.66576607557693 0.8209
-6.66576515613756 0.8208
-6.66577716029167 0.8207
-6.66579618666432 0.8206
-6.66581668500988 0.8205
-6.66584607251451 0.8204
-6.66587738695589 0.8203
-6.66590337955921 0.8202
-6.66589284889702 0.8201
-6.66589608369103 0.82
-6.66590946426755 0.8199
-6.66595702452412 0.8198
-6.66604109514242 0.8197
-6.66616409952758 0.8196
-6.66630178806905 0.8195
-6.66644555122399 0.8194
-6.66657454269015 0.8193
-6.66673353077683 0.8192
-6.6668975113625 0.8191
-6.66705788065764 0.819
-6.66722397969706 0.8189
-6.66738162349486 0.8188
-6.66755665030871 0.8187
-6.66776311243769 0.8186
-6.6679428784942 0.8185
-6.66806712426844 0.8184
-6.66814818674365 0.8183
-6.66824622838446 0.8182
-6.66834610149867 0.8181
-6.66842507980104 0.818
-6.66848905021287 0.8179
-6.66852298447114 0.8178
-6.66856443271388 0.8177
-6.66858677449153 0.8176
-6.66859887011697 0.8175
-6.66859495368449 0.8174
-6.66861697856577 0.8173
-6.66859561704783 0.8172
-6.66856255160299 0.8171
-6.66854374327471 0.817
-6.66850713922025 0.8169
-6.66845791897965 0.8168
-6.66841666122058 0.8167
-6.668359034918 0.8166
-6.66830108856887 0.8165
-6.66827822202432 0.8164
-6.66826257676063 0.8163
-6.66823547237455 0.8162
-6.66821347884977 0.8161
-6.66819608631745 0.816
-6.66818629833291 0.8159
-6.66817024748563 0.8158
-6.66813295560557 0.8157
-6.66809038919973 0.8156
-6.66804580284782 0.8155
-6.66800442458204 0.8154
-6.6679906435124 0.8153
-6.66799353552932 0.8152
-6.66800227567442 0.8151
-6.66799311984308 0.815
-6.66797121841278 0.8149
-6.66794552413348 0.8148
-6.66793062862826 0.8147
-6.66791645804218 0.8146
-6.66792920050568 0.8145
-6.66795308488665 0.8144
-6.66800890642918 0.8143
-6.66807580569435 0.8142
-6.66813895604903 0.8141
-6.66818898491172 0.814
-6.66823708073976 0.8139
-6.66831852507818 0.8138
-6.66839457370777 0.8137
-6.66845926664182 0.8136
-6.66852317499653 0.8135
-6.66858653524106 0.8134
-6.66867185688475 0.8133
-6.66875764643391 0.8132
-6.6688282131712 0.8131
-6.66889782899396 0.813
-6.668963138463 0.8129
-6.66899822661422 0.8128
-6.66900247941925 0.8127
-6.6689847109619 0.8126
-6.66895970056353 0.8125
-6.66892042514704 0.8124
-6.6689332483626 0.8123
-6.66894387694335 0.8122
-6.66897102867315 0.8121
-6.66899626704586 0.812
-6.66902687688393 0.8119
-6.66907330521916 0.8118
-6.66911823466226 0.8117
-6.66917605301432 0.8116
-6.66922369484604 0.8115
-6.669266509371 0.8114
-6.66929531267659 0.8113
-6.66934203241534 0.8112
-6.66936544182975 0.8111
-6.66939256562723 0.811
-6.66941477087933 0.8109
-6.66945251150253 0.8108
-6.66948473311754 0.8107
-6.6694984760217 0.8106
-6.66953937536331 0.8105
-6.66959641395863 0.8104
-6.6696709040195 0.8103
-6.66971975936634 0.8102
-6.66976380842996 0.8101
-6.66979729908205 0.81
-6.66981437070695 0.8099
-6.66983559342686 0.8098
-6.66984720746005 0.8097
-6.6698411572203 0.8096
-6.66980482823223 0.8095
-6.66976842431795 0.8094
-6.66969785273245 0.8093
-6.66960830497151 0.8092
-6.66951378949058 0.8091
-6.66942103329937 0.809
-6.66931617220383 0.8089
-6.66920597635762 0.8088
-6.66910823218642 0.8087
-6.66901569558167 0.8086
-6.66892198705426 0.8085
-6.66886643539876 0.8084
-6.66883149763299 0.8083
-6.66877845853958 0.8082
-6.66873319099085 0.8081
-6.66869199868529 0.808
-6.66864797733586 0.8079
-6.66863985589532 0.8078
-6.66865826792239 0.8077
-6.66870350200712 0.8076
-6.66876621842029 0.8075
-6.66888089532808 0.8074
-6.66900086086684 0.8073
-6.66914064667221 0.8072
-6.6692838734589 0.8071
-6.66941182509157 0.807
-6.66956827613873 0.8069
-6.669729891084 0.8068
-6.66989326127644 0.8067
-6.67006328218936 0.8066
-6.67023557508884 0.8065
-6.67043130530301 0.8064
-6.67060073342042 0.8063
-6.67079589339825 0.8062
-6.67098472631845 0.8061
-6.67117598205303 0.806
-6.67136404419132 0.8059
-6.67154599699949 0.8058
-6.67173839034767 0.8057
-6.67191777639478 0.8056
-6.6720759494127 0.8055
-6.67223736625489 0.8054
-6.67236182345452 0.8053
-6.67247420552029 0.8052
-6.67257896237459 0.8051
-6.67269543466985 0.805
-6.6728250005641 0.8049
-6.67295302373125 0.8048
-6.67307717373501 0.8047
-6.67319696948945 0.8046
-6.67332866710926 0.8045
-6.67343592146453 0.8044
-6.67353770465006 0.8043
-6.67364530419928 0.8042
-6.67374924694137 0.8041
-6.67381532947596 0.804
-6.67388044017019 0.8039
-6.67392501169396 0.8038
-6.67395199960696 0.8037
-6.67397103555183 0.8036
-6.6739737833703 0.8035
-6.67397024865638 0.8034
-6.67397983204899 0.8033
-6.67395344076383 0.8032
-6.67393771893566 0.8031
-6.67391965155451 0.803
-6.67391203421736 0.8029
-6.67393350508477 0.8028
-6.67398128112908 0.8027
-6.67402851817917 0.8026
-6.67408358060339 0.8025
-6.67414063353767 0.8024
-6.6742153451939 0.8023
-6.6742949705641 0.8022
-6.67437576700545 0.8021
-6.67444428510289 0.802
-6.67451319818923 0.8019
-6.67456192392662 0.8018
-6.67457932775362 0.8017
-6.6745813440429 0.8016
-6.67457369544142 0.8015
-6.67455775216198 0.8014
-6.67452893514831 0.8013
-6.67449020693462 0.8012
-6.67443236397991 0.8011
-6.67438302604096 0.801
-6.67433035983067 0.8009
-6.67427351786908 0.8008
-6.67423931503729 0.8007
-6.67421524782716 0.8006
-6.67421668203106 0.8005
-6.67418951228765 0.8004
-6.67413605521223 0.8003
-6.67411858400056 0.8002
-6.67408502605079 0.8001
-6.67405184079633 0.8
-6.67399163628803 0.7999
-6.673909740698 0.7998
-6.67382787736992 0.7997
-6.67375463616659 0.7996
-6.67369806051886 0.7995
-6.67362494097358 0.7994
-6.67355620965633 0.7993
-6.67349518106758 0.7992
-6.67342577416757 0.7991
-6.67336536239692 0.799
-6.67329595841197 0.7989
-6.67320623565078 0.7988
-6.67313920060114 0.7987
-6.67306997533466 0.7986
-6.6729856385895 0.7985
-6.67292693288814 0.7984
-6.67287441049824 0.7983
-6.67282833576145 0.7982
-6.67278331118473 0.7981
-6.67275515165601 0.798
-6.67271477806223 0.7979
-6.67266736078698 0.7978
-6.67262006240319 0.7977
-6.67257408894431 0.7976
-6.67253201718663 0.7975
-6.67248798701537 0.7974
-6.67248197656132 0.7973
-6.67248737939376 0.7972
-6.67249397847853 0.7971
-6.67253552770017 0.797
-6.67261663738755 0.7969
-6.67272008691835 0.7968
-6.67283607186734 0.7967
-6.67297765467678 0.7966
-6.67313902350851 0.7965
-6.67331792288444 0.7964
-6.67353582101357 0.7963
-6.67376264465484 0.7962
-6.67399442142246 0.7961
-6.67423556706439 0.796
-6.67448322517217 0.7959
-6.6747362388162 0.7958
-6.67498358047852 0.7957
-6.67522066604622 0.7956
-6.67544811092313 0.7955
-6.67566275006518 0.7954
-6.67587708365275 0.7953
-6.67609123490159 0.7952
-6.67627584949863 0.7951
-6.67645792368441 0.795
-6.6765758730334 0.7949
-6.67668240998646 0.7948
-6.67677930720789 0.7947
-6.6769035109884 0.7946
-6.67704610930278 0.7945
-6.67718437639248 0.7944
-6.67732026908519 0.7943
-6.67743223391235 0.7942
-6.67753428258987 0.7941
-6.67760663664717 0.794
-6.67764381472396 0.7939
-6.67767508129354 0.7938
-6.67770057883092 0.7937
-6.67773673999072 0.7936
-6.67775932006383 0.7935
-6.67777230388552 0.7934
-6.67780594413594 0.7933
-6.67783850675616 0.7932
-6.67785718321438 0.7931
-6.67786548590106 0.793
-6.67788594702311 0.7929
-6.67790809740681 0.7928
-6.67792431992767 0.7927
-6.67793834563647 0.7926
-6.6779253234205 0.7925
-6.67793536335096 0.7924
-6.6779508354624 0.7923
-6.67798357036528 0.7922
-6.67802026252164 0.7921
-6.67802286117222 0.792
-6.67802668819316 0.7919
-6.67801415330713 0.7918
-6.67799780178427 0.7917
-6.67797519942292 0.7916
-6.67792798347518 0.7915
-6.67786874875679 0.7914
-6.67781140201106 0.7913
-6.6777469588297 0.7912
-6.67768969052693 0.7911
-6.67761994213215 0.791
-6.67756973025216 0.7909
-6.67752597187575 0.7908
-6.67749709464325 0.7907
-6.67744476844077 0.7906
-6.67738307442361 0.7905
-6.67732137231608 0.7904
-6.67725494571169 0.7903
-6.67720959452489 0.7902
-6.67716519872305 0.7901
-6.67710983117518 0.79
-6.67703049592548 0.7899
-6.6769676901089 0.7898
-6.67689903910577 0.7897
-6.67682304169353 0.7896
-6.67674874056255 0.7895
-6.67665761029465 0.7894
-6.6765606564692 0.7893
-6.67647577768169 0.7892
-6.67638128748349 0.7891
-6.67629324591523 0.789
-6.67620323313868 0.7889
-6.67612184664049 0.7888
-6.67603470027338 0.7887
-6.67597348852334 0.7886
-6.6759007655535 0.7885
-6.67583296225304 0.7884
-6.67578472573322 0.7883
-6.6757548004924 0.7882
-6.67573428661276 0.7881
-6.67572444861437 0.788
-6.67572956337292 0.7879
-6.67572433069257 0.7878
-6.67576168948931 0.7877
-6.67581656332509 0.7876
-6.67588632407467 0.7875
-6.67597364852956 0.7874
-6.67609489010899 0.7873
-6.6762635154561 0.7872
-6.67643604324355 0.7871
-6.67660310860682 0.787
-6.67679488157003 0.7869
-6.67701030590217 0.7868
-6.67722902589253 0.7867
-6.67745806966735 0.7866
-6.67771801268286 0.7865
-6.6779585149076 0.7864
-6.67819809892792 0.7863
-6.67843982210384 0.7862
-6.67867136871326 0.7861
-6.67887894180948 0.786
-6.67905306991568 0.7859
-6.67921072878533 0.7858
-6.67933680532021 0.7857
-6.67944787966525 0.7856
-6.67955261931105 0.7855
-6.67965951374106 0.7854
-6.67974384084355 0.7853
-6.67979300008789 0.7852
-6.6798500405251 0.7851
-6.67990550940146 0.785
-6.67994664329018 0.7849
-6.67996855973261 0.7848
-6.67997538046068 0.7847
-6.67999419214657 0.7846
-6.68000921680167 0.7845
-6.68000576085745 0.7844
-6.6799978031165 0.7843
-6.67998729091175 0.7842
-6.67996663182286 0.7841
-6.67994560416628 0.784
-6.67992390101426 0.7839
-6.67992212597507 0.7838
-6.67990912207747 0.7837
-6.67991135338709 0.7836
-6.67994656452626 0.7835
-6.67997974641071 0.7834
-6.68002499946253 0.7833
-6.68009657922879 0.7832
-6.68017184600612 0.7831
-6.68024926656438 0.783
-6.68032203464254 0.7829
-6.68040007896995 0.7828
-6.68047042619339 0.7827
-6.68053399556524 0.7826
-6.68059082562445 0.7825
-6.68062955526674 0.7824
-6.68065798353608 0.7823
-6.68067617835199 0.7822
-6.68070174237482 0.7821
-6.6807617460714 0.782
-6.68082805770596 0.7819
-6.68088351031792 0.7818
-6.6809221412597 0.7817
-6.68095295039004 0.7816
-6.68097349092607 0.7815
-6.68099512156655 0.7814
-6.6809925521514 0.7813
-6.68096322359472 0.7812
-6.6809345308847 0.7811
-6.68087102404963 0.781
-6.68079302639369 0.7809
-6.68072629570609 0.7808
-6.68062870598924 0.7807
-6.68052736108336 0.7806
-6.68044838243065 0.7805
-6.68035826453581 0.7804
-6.68025350299322 0.7803
-6.68017546815474 0.7802
-6.68010512356887 0.7801
-6.68004804124849 0.78
-6.6800320334892 0.7799
-6.68000319564667 0.7798
-6.67999698209254 0.7797
-6.68001023055066 0.7796
-6.68002354968956 0.7795
-6.6800575229397 0.7794
-6.68007872499501 0.7793
-6.68013179663649 0.7792
-6.68019809387172 0.7791
-6.68028062240828 0.779
-6.68040550485138 0.7789
-6.68053773369112 0.7788
-6.68070747681495 0.7787
-6.68089799255285 0.7786
-6.68110086422784 0.7785
-6.68131165725018 0.7784
-6.68150598317296 0.7783
-6.68168729677071 0.7782
-6.68186112761195 0.7781
-6.68202901324325 0.778
-6.68217504288971 0.7779
-6.68232242549338 0.7778
-6.68241773667169 0.7777
-6.68249828539092 0.7776
-6.68253727471465 0.7775
-6.68254672665157 0.7774
-6.68253215984893 0.7773
-6.68251553228431 0.7772
-6.68248389201399 0.7771
-6.6824408621238 0.777
-6.6823595653597 0.7769
-6.68229107485279 0.7768
-6.68221420311877 0.7767
-6.68214767926974 0.7766
-6.68209157516273 0.7765
-6.68204161320288 0.7764
-6.68198289992628 0.7763
-6.68192070023844 0.7762
-6.68187525476666 0.7761
-6.68181539846752 0.776
-6.68176024355084 0.7759
-6.68172020810268 0.7758
-6.68170642216319 0.7757
-6.68170995695785 0.7756
-6.68169984318171 0.7755
-6.68170740287901 0.7754
-6.68172194277377 0.7753
-6.6817434530257 0.7752
-6.68177496555672 0.7751
-6.68182175364566 0.775
-6.68188033991273 0.7749
-6.68196124019004 0.7748
-6.68203511382039 0.7747
-6.68212353382861 0.7746
-6.68220561727188 0.7745
-6.68230146016728 0.7744
-6.68243141492657 0.7743
-6.68254324745021 0.7742
-6.68264543524626 0.7741
-6.68272955319468 0.774
-6.68280705931237 0.7739
-6.68289908875509 0.7738
-6.68297929720961 0.7737
-6.68304379215782 0.7736
-6.68310310915945 0.7735
-6.68314661859427 0.7734
-6.68317490310407 0.7733
-6.68321574308482 0.7732
-6.68327314215912 0.7731
-6.68331819337502 0.773
-6.68335247875926 0.7729
-6.68336179944074 0.7728
-6.68337777589578 0.7727
-6.68340851231476 0.7726
-6.68343511421867 0.7725
-6.68346885906907 0.7724
-6.68349513552581 0.7723
-6.68353194950752 0.7722
-6.68356318076172 0.7721
-6.68358468360597 0.772
-6.68360066240202 0.7719
-6.68363801107536 0.7718
-6.68367059133491 0.7717
-6.6836998180472 0.7716
-6.68373561240181 0.7715
-6.68376828084127 0.7714
-6.68379505788298 0.7713
-6.68379568155538 0.7712
-6.68378846868069 0.7711
-6.6837928266671 0.771
-6.6837747060783 0.7709
-6.68378628116639 0.7708
-6.68379867176449 0.7707
-6.68381249298059 0.7706
-6.68382364076473 0.7705
-6.68386803795589 0.7704
-6.68391551363073 0.7703
-6.68395976745529 0.7702
-6.6840114063506 0.7701
-6.68402985687985 0.77
-6.68402584306136 0.7699
-6.68399542111254 0.7698
-6.68395953716348 0.7697
-6.68388459727982 0.7696
-6.68377581064464 0.7695
-6.68367657343671 0.7694
-6.68360002921732 0.7693
-6.68353891426138 0.7692
-6.68345670066786 0.7691
-6.68339497056906 0.769
-6.68333816530984 0.7689
-6.68329810103502 0.7688
-6.68328634792459 0.7687
-6.6832884194147 0.7686
-6.68328186017331 0.7685
-6.68330236673714 0.7684
-6.6833065294471 0.7683
-6.68331109241689 0.7682
-6.68332032452235 0.7681
-6.68335755140307 0.768
-6.68340546331787 0.7679
-6.68344196691467 0.7678
-6.68346061158276 0.7677
-6.68346513864298 0.7676
-6.68346405733191 0.7675
-6.68346264337518 0.7674
-6.68346266823702 0.7673
-6.6834556107224 0.7672
-6.68343672093618 0.7671
-6.68342810066594 0.767
-6.68342100227154 0.7669
-6.68340430577827 0.7668
-6.6833821478079 0.7667
-6.68337014373722 0.7666
-6.6833405071201 0.7665
-6.68328426671257 0.7664
-6.68325910729197 0.7663
-6.68325105681223 0.7662
-6.6832454444355 0.7661
-6.68324684527091 0.766
-6.68326170248903 0.7659
-6.68327411850177 0.7658
-6.68332000887636 0.7657
-6.68337818382255 0.7656
-6.68343660594427 0.7655
-6.68349102839995 0.7654
-6.68355537188112 0.7653
-6.68362449988165 0.7652
-6.6837008988198 0.7651
-6.68377924969609 0.765
-6.68387541801186 0.7649
-6.68396497291246 0.7648
-6.68404758602572 0.7647
-6.68411483107421 0.7646
-6.68415867852609 0.7645
-6.68420717851526 0.7644
-6.68425930752702 0.7643
-6.68432262902373 0.7642
-6.68438625223785 0.7641
-6.68443915307269 0.764
-6.68451049537042 0.7639
-6.68454674875655 0.7638
-6.68459603667634 0.7637
-6.68464693376743 0.7636
-6.68472501537817 0.7635
-6.68480580901563 0.7634
-6.68488757864994 0.7633
-6.68496218997108 0.7632
-6.68502889854377 0.7631
-6.68512721671733 0.763
-6.685245180981 0.7629
-6.68535303558092 0.7628
-6.68544751523203 0.7627
-6.68555995760592 0.7626
-6.6856622582489 0.7625
-6.68575355303992 0.7624
-6.6858301912888 0.7623
-6.6859141464644 0.7622
-6.68600224177151 0.7621
-6.68609328626644 0.762
-6.68618828163201 0.7619
-6.68629141863162 0.7618
-6.6863639518568 0.7617
-6.6864163948838 0.7616
-6.68644149246049 0.7615
-6.68644830410071 0.7614
-6.68646351087813 0.7613
-6.68648225848672 0.7612
-6.68649265385304 0.7611
-6.68651267494795 0.761
-6.68654249433843 0.7609
-6.68660963690286 0.7608
-6.68669803729532 0.7607
-6.68680101672579 0.7606
-6.68689941564769 0.7605
-6.68700020485345 0.7604
-6.68710493693809 0.7603
-6.68719569409985 0.7602
-6.68729071427436 0.7601
-6.68740860796998 0.76
-6.68752144085244 0.7599
-6.68760939255372 0.7598
-6.68769262827783 0.7597
-6.68777828264109 0.7596
-6.6878593266687 0.7595
-6.68793358961205 0.7594
-6.68802819168012 0.7593
-6.68811419667217 0.7592
-6.68819515616519 0.7591
-6.68824117775891 0.759
-6.68827559202601 0.7589
-6.68829737076037 0.7588
-6.68831897893617 0.7587
-6.68834143071005 0.7586
-6.6883405971337 0.7585
-6.68836815397586 0.7584
-6.68837538804953 0.7583
-6.68835643251399 0.7582
-6.68834828891451 0.7581
-6.68831193765089 0.758
-6.68825431742961 0.7579
-6.688191943154 0.7578
-6.68811751711285 0.7577
-6.68804332946339 0.7576
-6.6879657035617 0.7575
-6.68787818693303 0.7574
-6.6877650284051 0.7573
-6.68762632490094 0.7572
-6.68748213846644 0.7571
-6.68733391065863 0.757
-6.68718823472964 0.7569
-6.68707756343094 0.7568
-6.68698677022838 0.7567
-6.68689264134914 0.7566
-6.68683815835921 0.7565
-6.68677675434255 0.7564
-6.68674608152716 0.7563
-6.686734736061 0.7562
-6.68672606145239 0.7561
-6.68674668489982 0.756
-6.68675636522017 0.7559
-6.68677235305939 0.7558
-6.68680898139736 0.7557
-6.68686240419013 0.7556
-6.68693980211407 0.7555
-6.68701815291835 0.7554
-6.68709963933132 0.7553
-6.68715959231503 0.7552
-6.68726061782669 0.7551
-6.68739609710566 0.755
-6.68754721731873 0.7549
-6.68770518199763 0.7548
-6.68786043753568 0.7547
-6.68802387983515 0.7546
-6.68817835361453 0.7545
-6.68831340031647 0.7544
-6.68844512575082 0.7543
-6.68857683212521 0.7542
-6.6886991482509 0.7541
-6.688812208281 0.754
-6.68890170770641 0.7539
-6.68896211218512 0.7538
-6.6890193448144 0.7537
-6.68907607390693 0.7536
-6.6890991017827 0.7535
-6.68912565638835 0.7534
-6.68919251887495 0.7533
-6.68925399468011 0.7532
-6.68929222947202 0.7531
-6.68933617584693 0.753
-6.68938648669109 0.7529
-6.68943741841872 0.7528
-6.68950591937669 0.7527
-6.6895513256027 0.7526
-6.68960046939881 0.7525
-6.68966494346779 0.7524
-6.6897349755721 0.7523
-6.68980088941339 0.7522
-6.68985990709078 0.7521
-6.68991215747152 0.752
-6.68998404431719 0.7519
-6.69003914805178 0.7518
-6.69010645209266 0.7517
-6.69017400237051 0.7516
-6.69023145157842 0.7515
-6.69029637572812 0.7514
-6.6903739879525 0.7513
-6.69046027282502 0.7512
-6.690546636218 0.7511
-6.69060335268078 0.751
-6.69064890810609 0.7509
-6.69069703843388 0.7508
-6.69074624265799 0.7507
-6.69079356972818 0.7506
-6.69083206776495 0.7505
-6.69086234447567 0.7504
-6.69088728170652 0.7503
-6.69089179982413 0.7502
-6.69085680328814 0.7501
-6.6908257204193 0.75
-6.69078443404797 0.7499
-6.69075196802839 0.7498
-6.69071426900523 0.7497
-6.69064766576198 0.7496
-6.69058501331376 0.7495
-6.69051292194566 0.7494
-6.6904433482347 0.7493
-6.69037740253926 0.7492
-6.69027835005648 0.7491
-6.69019964967314 0.749
-6.69011866842529 0.7489
-6.69004675192722 0.7488
-6.68995899308702 0.7487
-6.68984298263949 0.7486
-6.6897443106647 0.7485
-6.68963418780189 0.7484
-6.68951997221454 0.7483
-6.6894004751686 0.7482
-6.68927326501529 0.7481
-6.68913661783608 0.748
-6.68898186395118 0.7479
-6.68881982045005 0.7478
-6.68863841216471 0.7477
-6.688437752152 0.7476
-6.68823487374952 0.7475
-6.68802521044552 0.7474
-6.68781521923799 0.7473
-6.68759317616586 0.7472
-6.68735040208763 0.7471
-6.68711712136733 0.747
-6.68689487332862 0.7469
-6.68666972875945 0.7468
-6.68647870859759 0.7467
-6.68630437426933 0.7466
-6.68615286052005 0.7465
-6.68603349139517 0.7464
-6.68592996148886 0.7463
-6.68583817846907 0.7462
-6.68579831187368 0.7461
-6.68579761213941 0.746
-6.68583086968534 0.7459
-6.68589944950808 0.7458
-6.68600308165808 0.7457
-6.68612339643637 0.7456
-6.68624694466025 0.7455
-6.68636377425517 0.7454
-6.68649292528097 0.7453
-6.68661738457821 0.7452
-6.68673833011347 0.7451
-6.6868899441722 0.745
-6.68703595166126 0.7449
-6.68720126528766 0.7448
-6.68736246154871 0.7447
-6.68751601969848 0.7446
-6.68768206402871 0.7445
-6.6878377502256 0.7444
-6.68798632948505 0.7443
-6.68814016289152 0.7442
-6.68829577294912 0.7441
-6.68843559552739 0.744
-6.68857645105508 0.7439
-6.68873823358487 0.7438
-6.6889231298576 0.7437
-6.68913378287974 0.7436
-6.68933958323709 0.7435
-6.68953606235207 0.7434
-6.68973216304827 0.7433
-6.68992228702398 0.7432
-6.6901110804189 0.7431
-6.6903021218759 0.743
-6.69050668662188 0.7429
-6.69067404194107 0.7428
-6.69080754623775 0.7427
-6.69091009476632 0.7426
-6.69101156707402 0.7425
-6.69109192979563 0.7424
-6.69116157715105 0.7423
-6.69122099998407 0.7422
-6.69124461601973 0.7421
-6.69126934551912 0.742
-6.69126889197816 0.7419
-6.69126680181861 0.7418
-6.6912615009671 0.7417
-6.6912424353501 0.7416
-6.69121981483742 0.7415
-6.69119249473342 0.7414
-6.69116000042432 0.7413
-6.69108761969078 0.7412
-6.69101118647101 0.7411
-6.69095613405644 0.741
-6.69090108261522 0.7409
-6.69087512941474 0.7408
-6.69086629590331 0.7407
-6.69089201105048 0.7406
-6.69093171943903 0.7405
-6.69098990844735 0.7404
-6.69105959725845 0.7403
-6.69114489652774 0.7402
-6.69122932710943 0.7401
-6.69134622186028 0.74
-6.69147639720649 0.7399
-6.69162364947551 0.7398
-6.691779488179 0.7397
-6.69194299074765 0.7396
-6.69210341076606 0.7395
-6.69225342473527 0.7394
-6.69240262500188 0.7393
-6.69255782780003 0.7392
-6.69270288365115 0.7391
-6.69281830611553 0.739
-6.6929327578789 0.7389
-6.693033396246 0.7388
-6.6931174212127 0.7387
-6.69320130722207 0.7386
-6.69325975602609 0.7385
-6.69331525396339 0.7384
-6.69337361119202 0.7383
-6.69343813297658 0.7382
-6.69349261706468 0.7381
-6.69351494184906 0.738
-6.69352269831118 0.7379
-6.69354154192882 0.7378
-6.69353994715964 0.7377
-6.69354644354805 0.7376
-6.69355156117542 0.7375
-6.69355552958781 0.7374
-6.69356939830204 0.7373
-6.69357616118331 0.7372
-6.69359495699706 0.7371
-6.69361920874029 0.737
-6.69366783552319 0.7369
-6.69371922509021 0.7368
-6.69377715352027 0.7367
-6.69385300348109 0.7366
-6.69392431096283 0.7365
-6.69400401972277 0.7364
-6.6940815570414 0.7363
-6.69413898917848 0.7362
-6.69416790045644 0.7361
-6.69419999556062 0.736
-6.69421912632669 0.7359
-6.69423883261441 0.7358
-6.69423695693519 0.7357
-6.69420908545836 0.7356
-6.69417272716654 0.7355
-6.69412393530653 0.7354
-6.69406617332071 0.7353
-6.69398913843399 0.7352
-6.6938763411214 0.7351
-6.69374289572759 0.735
-6.69359929477185 0.7349
-6.69343325770512 0.7348
-6.6932345144808 0.7347
-6.69302246523969 0.7346
-6.69280437242943 0.7345
-6.69255378406736 0.7344
-6.69227870832597 0.7343
-6.69202527936392 0.7342
-6.69176932545554 0.7341
-6.69152727017587 0.734
-6.69131392275634 0.7339
-6.69113811973569 0.7338
-6.69097516337434 0.7337
-6.69084538860639 0.7336
-6.6907490699623 0.7335
-6.6906788593501 0.7334
-6.69065645334065 0.7333
-6.69068938233895 0.7332
-6.69074716371586 0.7331
-6.69081883319105 0.733
-6.69091490507294 0.7329
-6.69104255406821 0.7328
-6.69121078757496 0.7327
-6.691410010613 0.7326
-6.6916287567259 0.7325
-6.69186340617957 0.7324
-6.69210463788591 0.7323
-6.69234122692745 0.7322
-6.69260120735222 0.7321
-6.69287415833324 0.732
-6.69313243034817 0.7319
-6.69337497158625 0.7318
-6.69359420285124 0.7317
-6.69377783908741 0.7316
-6.69393864966531 0.7315
-6.69408713714569 0.7314
-6.69422808357647 0.7313
-6.69435885301468 0.7312
-6.69445326992236 0.7311
-6.69450261033187 0.731
-6.69454335804467 0.7309
-6.69457081991415 0.7308
-6.69455787440933 0.7307
-6.69453378352731 0.7306
-6.69450641790174 0.7305
-6.6944742968943 0.7304
-6.69442232800794 0.7303
-6.69435362110965 0.7302
-6.69429653973465 0.7301
-6.69421094952918 0.73
-6.69415533721924 0.7299
-6.69407916983978 0.7298
-6.69401060068907 0.7297
-6.69394489639828 0.7296
-6.69390972905804 0.7295
-6.69388219142227 0.7294
-6.69387585704775 0.7293
-6.69387792264825 0.7292
-6.69388094587973 0.7291
-6.69391843482332 0.729
-6.69399025274727 0.7289
-6.69407666503465 0.7288
-6.69417439994252 0.7287
-6.69427612387341 0.7286
-6.69439992066605 0.7285
-6.69452925011374 0.7284
-6.69464973648501 0.7283
-6.69479367035788 0.7282
-6.69494008664006 0.7281
-6.69507836922805 0.728
-6.695192063428 0.7279
-6.69529422091579 0.7278
-6.69539482037633 0.7277
-6.69548033703762 0.7276
-6.69555053719045 0.7275
-6.69562993824704 0.7274
-6.69570358235289 0.7273
-6.69577315374549 0.7272
-6.69584418595151 0.7271
-6.6959136172087 0.727
-6.69599002660258 0.7269
-6.6960541541702 0.7268
-6.69611542563719 0.7267
-6.69616679617701 0.7266
-6.69619797417408 0.7265
-6.69624158016623 0.7264
-6.69627033174668 0.7263
-6.69629167712281 0.7262
-6.69632598328598 0.7261
-6.69636631356484 0.726
-6.6963915683091 0.7259
-6.69640352816305 0.7258
-6.69642005905372 0.7257
-6.69643307780135 0.7256
-6.69643757607514 0.7255
-6.69642887192873 0.7254
-6.69641678784161 0.7253
-6.69640989583488 0.7252
-6.69641360186569 0.7251
-6.69640175912912 0.725
-6.69638373727057 0.7249
-6.69637967016167 0.7248
-6.69637265190208 0.7247
-6.69636192971033 0.7246
-6.69635480738586 0.7245
-6.69635043381355 0.7244
-6.69632186218453 0.7243
-6.69627850112361 0.7242
-6.69623786051222 0.7241
-6.69617439640649 0.724
-6.69610775395834 0.7239
-6.6960663773204 0.7238
-6.69603908046833 0.7237
-6.69599134775221 0.7236
-6.69595154974221 0.7235
-6.69591784738086 0.7234
-6.69590519381442 0.7233
-6.69592059729569 0.7232
-6.69593306107123 0.7231
-6.69597088100463 0.723
-6.69601912000133 0.7229
-6.69608520894386 0.7228
-6.69615645471828 0.7227
-6.69625258836621 0.7226
-6.69634501197328 0.7225
-6.69645409231195 0.7224
-6.69657514864032 0.7223
-6.69669457376404 0.7222
-6.69680364320179 0.7221
-6.69691022296384 0.722
-6.69701521892928 0.7219
-6.69713792274885 0.7218
-6.69725547027709 0.7217
-6.69739477940684 0.7216
-6.69754012379719 0.7215
-6.69768476888089 0.7214
-6.69781674353175 0.7213
-6.69793045942973 0.7212
-6.69803240205584 0.7211
-6.69815463551489 0.721
-6.69826476956882 0.7209
-6.6983326530606 0.7208
-6.69838199859226 0.7207
-6.69841870211147 0.7206
-6.69844186921146 0.7205
-6.69846954720443 0.7204
-6.69848671218102 0.7203
-6.69850448576157 0.7202
-6.69854279189466 0.7201
-6.69857874481397 0.72
-6.69862844017062 0.7199
-6.69868776614462 0.7198
-6.69875126998474 0.7197
-6.69882631331634 0.7196
-6.69890984639387 0.7195
-6.69899144443788 0.7194
-6.69907068657886 0.7193
-6.69915853885701 0.7192
-6.69924733848919 0.7191
-6.69933208093544 0.719
-6.69940698774213 0.7189
-6.69947942620222 0.7188
-6.69954644199296 0.7187
-6.69958608532359 0.7186
-6.6996063774766 0.7185
-6.69963931332214 0.7184
-6.6996702003429 0.7183
-6.69970368542151 0.7182
-6.69971032719826 0.7181
-6.69969772129905 0.718
-6.69966445141483 0.7179
-6.6996362217305 0.7178
-6.6995922291483 0.7177
-6.69954574026887 0.7176
-6.69951412453338 0.7175
-6.699465975148 0.7174
-6.69940118295442 0.7173
-6.69933404976982 0.7172
-6.69924253801431 0.7171
-6.69915844213808 0.717
-6.69908199408957 0.7169
-6.69903414281433 0.7168
-6.69900347323009 0.7167
-6.69899355173311 0.7166
-6.69898584862195 0.7165
-6.69903181694918 0.7164
-6.69912409663741 0.7163
-6.69922163322193 0.7162
-6.69935680861812 0.7161
-6.69948695479592 0.716
-6.69961728447515 0.7159
-6.69974909452498 0.7158
-6.69988397355542 0.7157
-6.70004164644626 0.7156
-6.70019538635451 0.7155
-6.70033423663005 0.7154
-6.70048070056089 0.7153
-6.700620179013 0.7152
-6.70075668141943 0.7151
-6.70087785732287 0.715
-6.70098834237425 0.7149
-6.70108762943703 0.7148
-6.70116792119019 0.7147
-6.7012473626199 0.7146
-6.70130613665413 0.7145
-6.70133830078161 0.7144
-6.70137433405928 0.7143
-6.70139707982974 0.7142
-6.70137871544391 0.7141
-6.70133196244923 0.714
-6.70124265818743 0.7139
-6.7011229312299 0.7138
-6.70101618699055 0.7137
-6.70092338495093 0.7136
-6.70082346598303 0.7135
-6.70069790633491 0.7134
-6.70054525392151 0.7133
-6.70037205678045 0.7132
-6.70018125106346 0.7131
-6.69997359846152 0.713
-6.69976262402583 0.7129
-6.69954264832452 0.7128
-6.69937087684575 0.7127
-6.69918994871211 0.7126
-6.69900390710237 0.7125
-6.69881840975605 0.7124
-6.69860457071747 0.7123
-6.69841649743581 0.7122
-6.69823785394561 0.7121
-6.69808809017162 0.712
-6.69793740107033 0.7119
-6.69781322941211 0.7118
-6.69771286509131 0.7117
-6.69764434480062 0.7116
-6.69760454412055 0.7115
-6.69758361981199 0.7114
-6.69759679441796 0.7113
-6.69761395396963 0.7112
-6.6976397164415 0.7111
-6.69769293340394 0.711
-6.69776672229449 0.7109
-6.697866493359 0.7108
-6.69799018447948 0.7107
-6.69815422840333 0.7106
-6.69836532479771 0.7105
-6.6986147679505 0.7104
-6.69888132598675 0.7103
-6.69915817699454 0.7102
-6.69943339234427 0.7101
-6.69970382679498 0.71
-6.69997699552348 0.7099
-6.70027476257317 0.7098
-6.70058941447359 0.7097
-6.70087977356414 0.7096
-6.70115649369426 0.7095
-6.70142111652831 0.7094
-6.70167468135645 0.7093
-6.7019218524809 0.7092
-6.70213682965771 0.7091
-6.70236525565594 0.709
-6.70256556955812 0.7089
-6.70276147334715 0.7088
-6.7029365742646 0.7087
-6.70309226882537 0.7086
-6.70325051040679 0.7085
-6.70338860840502 0.7084
-6.70353914107605 0.7083
-6.70370042940559 0.7082
-6.70385724250284 0.7081
-6.70400990842078 0.708
-6.70413131179686 0.7079
-6.70422079923042 0.7078
-6.70431001695211 0.7077
-6.70442377575363 0.7076
-6.70453247524065 0.7075
-6.70464793454033 0.7074
-6.70478050449081 0.7073
-6.70490935416591 0.7072
-6.70504283693157 0.7071
-6.70516757317606 0.707
-6.70526841625546 0.7069
-6.7053446948825 0.7068
-6.70540561847224 0.7067
-6.70542668308832 0.7066
-6.70540851976509 0.7065
-6.70536299393737 0.7064
-6.70531677415898 0.7063
-6.70525354004872 0.7062
-6.70514041714986 0.7061
-6.70500429916455 0.706
-6.70482797354124 0.7059
-6.70463183674039 0.7058
-6.70440850741318 0.7057
-6.70414133390268 0.7056
-6.70383116931086 0.7055
-6.70351908570926 0.7054
-6.70318813994489 0.7053
-6.70287680433331 0.7052
-6.70256043700898 0.7051
-6.70223336028384 0.705
-6.70189647079718 0.7049
-6.70156712630183 0.7048
-6.70122719602671 0.7047
-6.70091789033334 0.7046
-6.70063908860236 0.7045
-6.70037091250548 0.7044
-6.70010983625535 0.7043
-6.69986777112387 0.7042
-6.69967306011008 0.7041
-6.69951350028679 0.704
-6.69937323881994 0.7039
-6.69924674284456 0.7038
-6.69913219321717 0.7037
-6.69904125721077 0.7036
-6.69899650225014 0.7035
-6.69896794536705 0.7034
-6.69897025811004 0.7033
-6.69900237669896 0.7032
-6.69905399979858 0.7031
-6.69912564612713 0.703
-6.69920251117015 0.7029
-6.69929988043865 0.7028
-6.69942238237356 0.7027
-6.69956594761357 0.7026
-6.699727407435 0.7025
-6.69989573145339 0.7024
-6.70006610582857 0.7023
-6.70021495365366 0.7022
-6.70034514836156 0.7021
-6.70049594393551 0.702
-6.70064355669282 0.7019
-6.7007706436685 0.7018
-6.70091006963281 0.7017
-6.70105163542716 0.7016
-6.7011921115077 0.7015
-6.70133886154287 0.7014
-6.70146344754447 0.7013
-6.70160201366419 0.7012
-6.7017411750534 0.7011
-6.70188368795798 0.701
-6.70202854502408 0.7009
-6.70218741299588 0.7008
-6.70235424296768 0.7007
-6.70250220751757 0.7006
-6.7026439516788 0.7005
-6.70278146602175 0.7004
-6.70291028627403 0.7003
-6.70301769019854 0.7002
-6.70309655701821 0.7001
-6.70313797467004 0.7
-6.703161517299 0.6999
-6.70316451054897 0.6998
-6.70314308333174 0.6997
-6.70309858898835 0.6996
-6.70302799587186 0.6995
-6.70293061606166 0.6994
-6.70282271673292 0.6993
-6.70269817652608 0.6992
-6.70257717829775 0.6991
-6.70244076739629 0.699
-6.70229170953762 0.6989
-6.7021426733475 0.6988
-6.70198160949132 0.6987
-6.70181321314323 0.6986
-6.7016627632573 0.6985
-6.70151178451524 0.6984
-6.70138937882973 0.6983
-6.70129129634945 0.6982
-6.70123068836823 0.6981
-6.70117196572833 0.698
-6.70111820363428 0.6979
-6.70107980991967 0.6978
-6.7010426097297 0.6977
-6.70101383557899 0.6976
-6.70099364732178 0.6975
-6.70100326405351 0.6974
-6.70104355160189 0.6973
-6.70109664698487 0.6972
-6.7011678245272 0.6971
-6.70125569280263 0.697
-6.70133695128824 0.6969
-6.70142642363436 0.6968
-6.70150109414541 0.6967
-6.70157982665819 0.6966
-6.70166061104442 0.6965
-6.70172220939205 0.6964
-6.70177930313171 0.6963
-6.70183959466718 0.6962
-6.70191330452271 0.6961
-6.70197374078494 0.696
-6.70203671767686 0.6959
-6.70208792673508 0.6958
-6.70211258953092 0.6957
-6.70210582777054 0.6956
-6.70209095367534 0.6955
-6.70206756853764 0.6954
-6.70203433636544 0.6953
-6.70198443151189 0.6952
-6.7019099302993 0.6951
-6.70183279034586 0.695
-6.70173225511915 0.6949
-6.70163249370902 0.6948
-6.70155271615712 0.6947
-6.70145823579104 0.6946
-6.70136717053066 0.6945
-6.70126551092814 0.6944
-6.70120017325118 0.6943
-6.70113171060175 0.6942
-6.70107542395202 0.6941
-6.70102476522013 0.694
-6.70097644885923 0.6939
-6.70094513382002 0.6938
-6.70092417900821 0.6937
-6.70092439150413 0.6936
-6.70092690776193 0.6935
-6.70094047184935 0.6934
-6.7009587077022 0.6933
-6.70099282446149 0.6932
-6.70101902278244 0.6931
-6.70103874376261 0.693
-6.7010622677821 0.6929
-6.70106373893219 0.6928
-6.70108429830752 0.6927
-6.70109501135922 0.6926
-6.70112500732171 0.6925
-6.70116780256872 0.6924
-6.70120060639503 0.6923
-6.70123066678396 0.6922
-6.70125863313166 0.6921
-6.70129821811083 0.692
-6.70133781361929 0.6919
-6.70137199007313 0.6918
-6.7014060577543 0.6917
-6.7014607921842 0.6916
-6.70152209744414 0.6915
-6.70158482525603 0.6914
-6.70164677847422 0.6913
-6.70169433561224 0.6912
-6.70172344775769 0.6911
-6.70174397097133 0.691
-6.70179631081342 0.6909
-6.70184280769052 0.6908
-6.70188857579614 0.6907
-6.70193547477309 0.6906
-6.70196969610064 0.6905
-6.70202304828386 0.6904
-6.70205445359126 0.6903
-6.70208911196308 0.6902
-6.70212837352557 0.6901
-6.70218208432363 0.69
-6.70223334957917 0.6899
-6.70228451104528 0.6898
-6.70232566949085 0.6897
-6.70235741953967 0.6896
-6.70238549151643 0.6895
-6.7024299754477 0.6894
-6.70246805754176 0.6893
-6.70251102825353 0.6892
-6.70252545560827 0.6891
-6.70253117540137 0.689
-6.70252686533927 0.6889
-6.70255205471883 0.6888
-6.70259177929418 0.6887
-6.70263900194532 0.6886
-6.70268481655857 0.6885
-6.70273979314738 0.6884
-6.70280354627088 0.6883
-6.70288051104472 0.6882
-6.70297673333269 0.6881
-6.70308257658326 0.688
-6.70320681668867 0.6879
-6.70335100276341 0.6878
-6.70347177896154 0.6877
-6.70361833820076 0.6876
-6.70378174222616 0.6875
-6.70394895633741 0.6874
-6.70414077127751 0.6873
-6.70432526363319 0.6872
-6.70450135219085 0.6871
-6.70466660840348 0.687
-6.70482833008805 0.6869
-6.7049768019045 0.6868
-6.70512510160156 0.6867
-6.70525942337546 0.6866
-6.70536900640509 0.6865
-6.705444888567 0.6864
-6.70548340572674 0.6863
-6.70549186502028 0.6862
-6.70548857140471 0.6861
-6.70543854199225 0.686
-6.7053292850054 0.6859
-6.70518301605247 0.6858
-6.70501914036129 0.6857
-6.70483179818971 0.6856
-6.70460790531491 0.6855
-6.70436783882697 0.6854
-6.7041348448601 0.6853
-6.70391249932772 0.6852
-6.70369340131614 0.6851
-6.70347241695272 0.685
-6.70326795570665 0.6849
-6.70309350892629 0.6848
-6.70295454089353 0.6847
-6.70283835033266 0.6846
-6.70273783603289 0.6845
-6.7026632668528 0.6844
-6.70258384723183 0.6843
-6.70251430882384 0.6842
-6.70246745810844 0.6841
-6.70242675917553 0.684
-6.70240364505163 0.6839
-6.7024029319735 0.6838
-6.70243013590131 0.6837
-6.70248193800954 0.6836
-6.70254844652883 0.6835
-6.70263755389187 0.6834
-6.70273653803493 0.6833
-6.70284443243781 0.6832
-6.70296928406597 0.6831
-6.7031350305903 0.683
-6.70330465080829 0.6829
-6.7034590605151 0.6828
-6.70360430769118 0.6827
-6.70374757556979 0.6826
-6.70387176093994 0.6825
-6.70398164872127 0.6824
-6.70410789056999 0.6823
-6.70422647304103 0.6822
-6.70435134834759 0.6821
-6.70447880465415 0.682
-6.70460648335833 0.6819
-6.70470595707864 0.6818
-6.70480613725863 0.6817
-6.70489790034719 0.6816
-6.70495869354999 0.6815
-6.70501641841 0.6814
-6.7050759981314 0.6813
-6.70512301306211 0.6812
-6.70518035687924 0.6811
-6.70523863129943 0.681
-6.70530376306765 0.6809
-6.7053578980938 0.6808
-6.70541018140998 0.6807
-6.70549689034029 0.6806
-6.70558595109878 0.6805
-6.70567519680594 0.6804
-6.70575429801198 0.6803
-6.70583921654623 0.6802
-6.70592273313294 0.6801
-6.7059923530934 0.68
-6.70607098312646 0.6799
-6.70615531520002 0.6798
-6.70624186326868 0.6797
-6.70634103950676 0.6796
-6.70644828852674 0.6795
-6.70658161963572 0.6794
-6.70674497562833 0.6793
-6.70688643801128 0.6792
-6.7070362315361 0.6791
-6.70720062591695 0.679
-6.70735704237652 0.6789
-6.70751838170953 0.6788
-6.70770539835263 0.6787
-6.70786047656078 0.6786
-6.70800589342105 0.6785
-6.7081358353187 0.6784
-6.70825077111341 0.6783
-6.70834996551409 0.6782
-6.7084507088141 0.6781
-6.70853031406389 0.678
-6.70859173342347 0.6779
-6.70862947744568 0.6778
-6.70863231148824 0.6777
-6.70859899546954 0.6776
-6.70853892934702 0.6775
-6.70846736986941 0.6774
-6.70837638835189 0.6773
-6.70824094645862 0.6772
-6.70806544043725 0.6771
-6.7078921986462 0.677
-6.70770496014327 0.6769
-6.70750031714254 0.6768
-6.70727491136267 0.6767
-6.70705349544165 0.6766
-6.70681722428347 0.6765
-6.70656317894224 0.6764
-6.70629200992646 0.6763
-6.70602021177898 0.6762
-6.70576650643303 0.6761
-6.70551108537525 0.676
-6.70524974940984 0.6759
-6.70501205713122 0.6758
-6.70479880086664 0.6757
-6.70459937374964 0.6756
-6.70441454537104 0.6755
-6.70426268246582 0.6754
-6.70412866676365 0.6753
-6.70401353112465 0.6752
-6.70394353636445 0.6751
-6.7038903802253 0.675
-6.70385673084295 0.6749
-6.70385070765955 0.6748
-6.70385966022165 0.6747
-6.70390045554456 0.6746
-6.70395957159051 0.6745
-6.70404016185726 0.6744
-6.70411566954179 0.6743
-6.70420444809554 0.6742
-6.70431922656353 0.6741
-6.70442022497202 0.674
-6.70453298574876 0.6739
-6.70468395472221 0.6738
-6.70485212437141 0.6737
-6.70502450725362 0.6736
-6.70520467013752 0.6735
-6.70538905763535 0.6734
-6.70558348295552 0.6733
-6.70574874222535 0.6732
-6.70590576409681 0.6731
-6.70606700500305 0.673
-6.7062244411811 0.6729
-6.70637640318765 0.6728
-6.70651711035312 0.6727
-6.7066492315386 0.6726
-6.70675797888874 0.6725
-6.70686215097422 0.6724
-6.70696115301643 0.6723
-6.70706993964126 0.6722
-6.70717791064882 0.6721
-6.70727501344252 0.672
-6.70734399464302 0.6719
-6.70740664228005 0.6718
-6.70746476980089 0.6717
-6.70751718472585 0.6716
-6.70758110233607 0.6715
-6.707632879515 0.6714
-6.70769934613255 0.6713
-6.70777625292889 0.6712
-6.70786605736264 0.6711
-6.70796888373448 0.671
-6.70806887365763 0.6709
-6.70817927675234 0.6708
-6.70829039655526 0.6707
-6.70839936983985 0.6706
-6.70850361846408 0.6705
-6.70860267722061 0.6704
-6.70869312836414 0.6703
-6.70878989632837 0.6702
-6.70889367984118 0.6701
-6.7089998385719 0.67
-6.7090720892741 0.6699
-6.70913384905968 0.6698
-6.70918264999339 0.6697
-6.7092087384537 0.6696
-6.70921096574867 0.6695
-6.70919911749039 0.6694
-6.70919053531927 0.6693
-6.70917833325655 0.6692
-6.70917334836139 0.6691
-6.70915772859961 0.669
-6.70914339036542 0.6689
-6.70913581394936 0.6688
-6.70913246247683 0.6687
-6.7091007989999 0.6686
-6.70906550618752 0.6685
-6.70902256882568 0.6684
-6.7089823796643 0.6683
-6.70893821449526 0.6682
-6.70889573395561 0.6681
-6.70885970477549 0.668
-6.70882269797157 0.6679
-6.70878494546454 0.6678
-6.70875676001542 0.6677
-6.70874510548599 0.6676
-6.70872557126322 0.6675
-6.70874184028412 0.6674
-6.70874753296647 0.6673
-6.70874795156664 0.6672
-6.70877140148608 0.6671
-6.70876916750795 0.667
-6.70876263052056 0.6669
-6.70877630429622 0.6668
-6.70878883429168 0.6667
-6.70883819569648 0.6666
-6.70889065210985 0.6665
-6.70896538321688 0.6664
-6.70907571366431 0.6663
-6.70919393756116 0.6662
-6.70931870556211 0.6661
-6.7094641286418 0.666
-6.70959939524053 0.6659
-6.70975669117017 0.6658
-6.70992438468059 0.6657
-6.71012747110176 0.6656
-6.71032043336374 0.6655
-6.71050701608818 0.6654
-6.71068378144286 0.6653
-6.71085421955369 0.6652
-6.71103825822746 0.6651
-6.71120674203048 0.665
-6.71134055803345 0.6649
-6.71144704325784 0.6648
-6.71153536707784 0.6647
-6.7115840641726 0.6646
-6.71161716321215 0.6645
-6.71162673014355 0.6644
-6.71162037819338 0.6643
-6.71158854730293 0.6642
-6.71154520874379 0.6641
-6.71147848325357 0.664
-6.7113666197878 0.6639
-6.71125602095546 0.6638
-6.71111926551467 0.6637
-6.71096084932501 0.6636
-6.71079273895271 0.6635
-6.71062768985589 0.6634
-6.71048802103617 0.6633
-6.71036029988256 0.6632
-6.71026399428241 0.6631
-6.71018085749442 0.663
-6.71010117244494 0.6629
-6.71005189208961 0.6628
-6.71002323485197 0.6627
-6.71001688318428 0.6626
-6.7100160742653 0.6625
-6.71003376033863 0.6624
-6.71005267763626 0.6623
-6.71005669382927 0.6622
-6.71007716125418 0.6621
-6.71009459582859 0.662
-6.71012129596415 0.6619
-6.71015338233119 0.6618
-6.71019018609662 0.6617
-6.71023602052609 0.6616
-6.71025540851689 0.6615
-6.71026137103345 0.6614
-6.71025252326414 0.6613
-6.71023528792673 0.6612
-6.7102047470904 0.6611
-6.71018167158407 0.661
-6.71016433434702 0.6609
-6.71014183737959 0.6608
-6.71010850626951 0.6607
-6.71008331531904 0.6606
-6.71005960880885 0.6605
-6.71005338634473 0.6604
-6.71004975904647 0.6603
-6.71004970435344 0.6602
-6.71005509910124 0.6601
-6.7100854704997 0.66
-6.71010457895563 0.6599
-6.71014698510273 0.6598
-6.71019780245138 0.6597
-6.71025641760111 0.6596
-6.7103216138775 0.6595
-6.71038375161582 0.6594
-6.71045699518149 0.6593
-6.71050744343994 0.6592
-6.71055470314272 0.6591
-6.71059001775488 0.659
-6.71061531750604 0.6589
-6.7106456495152 0.6588
-6.7106704109905 0.6587
-6.71068553307735 0.6586
-6.7106886421648 0.6585
-6.7106746043327 0.6584
-6.71065674942471 0.6583
-6.71062866806502 0.6582
-6.71059886274232 0.6581
-6.71056355690328 0.658
-6.71050068741393 0.6579
-6.71043246336551 0.6578
-6.71037602796873 0.6577
-6.71032276159329 0.6576
-6.71027063482606 0.6575
-6.71019497662664 0.6574
-6.71011789258264 0.6573
-6.71005445815946 0.6572
-6.70997247098444 0.6571
-6.70990271901697 0.657
-6.70981961437997 0.6569
-6.70973057497784 0.6568
-6.70962105465583 0.6567
-6.70949519094354 0.6566
-6.70938855787538 0.6565
-6.70929929410295 0.6564
-6.70921316501551 0.6563
-6.70911727418536 0.6562
-6.70904404560646 0.6561
-6.70899776063269 0.656
-6.70896445053158 0.6559
-6.7089376840255 0.6558
-6.70896221496896 0.6557
-6.70899588050324 0.6556
-6.70903751648077 0.6555
-6.70910140481898 0.6554
-6.70919217487038 0.6553
-6.70931291224244 0.6552
-6.70943157015383 0.6551
-6.70954516482116 0.655
-6.70966305400434 0.6549
-6.70979819391842 0.6548
-6.70996540654936 0.6547
-6.7101366647922 0.6546
-6.71029204947235 0.6545
-6.71046181940836 0.6544
-6.71061484613637 0.6543
-6.71078451179237 0.6542
-6.71095993537309 0.6541
-6.711142715785 0.654
-6.71132907316928 0.6539
-6.71150267930606 0.6538
-6.71167710873553 0.6537
-6.7118020457264 0.6536
-6.7119100826483 0.6535
-6.71200253796092 0.6534
-6.71209519449478 0.6533
-6.71216342820667 0.6532
-6.71221400435215 0.6531
-6.7122610940017 0.653
-6.71229879742575 0.6529
-6.71232370704324 0.6528
-6.71234522130146 0.6527
-6.71236497575908 0.6526
-6.71235483078358 0.6525
-6.7123532350981 0.6524
-6.71235421182096 0.6523
-6.71233826642562 0.6522
-6.7123267431617 0.6521
-6.71229729546108 0.652
-6.71227224464754 0.6519
-6.71225764862633 0.6518
-6.71224740967019 0.6517
-6.7122616909448 0.6516
-6.71226312474281 0.6515
-6.71226349571678 0.6514
-6.71228497604036 0.6513
-6.7123091047241 0.6512
-6.71234701674143 0.6511
-6.71239141848587 0.651
-6.71244521566771 0.6509
-6.71249197829806 0.6508
-6.71252668737955 0.6507
-6.71254437027951 0.6506
-6.71257575350216 0.6505
-6.71261531050002 0.6504
-6.71263713583919 0.6503
-6.71266135584447 0.6502
-6.7126774684038 0.6501
-6.71267535736688 0.65
-6.71266205838156 0.6499
-6.7126331460502 0.6498
-6.71257957808914 0.6497
-6.71253300092819 0.6496
-6.71248382309643 0.6495
-6.71243461713959 0.6494
-6.71237591821005 0.6493
-6.71231635339706 0.6492
-6.71224295118657 0.6491
-6.71214058291921 0.649
-6.7120210739273 0.6489
-6.71190492141278 0.6488
-6.71178829253586 0.6487
-6.7116634296077 0.6486
-6.71153724274309 0.6485
-6.71142206337078 0.6484
-6.71132123807425 0.6483
-6.71119852425014 0.6482
-6.71108166284467 0.6481
-6.71097665711537 0.648
-6.7108933450752 0.6479
-6.71081433116455 0.6478
-6.71073206792611 0.6477
-6.71064980160407 0.6476
-6.71056049518956 0.6475
-6.71048566316231 0.6474
-6.71042632772524 0.6473
-6.71037543080185 0.6472
-6.71033382767006 0.6471
-6.71032085433718 0.647
-6.71030841734874 0.6469
-6.71031152537079 0.6468
-6.7103186265441 0.6467
-6.71034925020159 0.6466
-6.71039218266784 0.6465
-6.71043922020677 0.6464
-6.71048801795888 0.6463
-6.71056072770506 0.6462
-6.71063744459404 0.6461
-6.71070912994129 0.646
-6.71078738825157 0.6459
-6.71087241867711 0.6458
-6.7109595369778 0.6457
-6.71105352069299 0.6456
-6.71116617854332 0.6455
-6.71127842671194 0.6454
-6.71138659131803 0.6453
-6.71148947122437 0.6452
-6.71160175550909 0.6451
-6.71170305845273 0.645
-6.71180945374489 0.6449
-6.71190061407438 0.6448
-6.71198623909195 0.6447
-6.712076442207 0.6446
-6.71216233313559 0.6445
-6.71226589527858 0.6444
-6.71235544404073 0.6443
-6.7124450099861 0.6442
-6.71253539647339 0.6441
-6.71263476016916 0.644
-6.71274161972034 0.6439
-6.71283960403558 0.6438
-6.71294901472022 0.6437
-6.71304260163048 0.6436
-6.71314738326839 0.6435
-6.71323618153154 0.6434
-6.71332254981486 0.6433
-6.71340807400696 0.6432
-6.71348181312691 0.6431
-6.71356405468094 0.643
-6.71362240682337 0.6429
-6.71367030666962 0.6428
-6.71371537868237 0.6427
-6.71373730658507 0.6426
-6.71375525975979 0.6425
-6.71380577170821 0.6424
-6.71383743427105 0.6423
-6.71384732389809 0.6422
-6.71386082759599 0.6421
-6.71387984016802 0.642
-6.71391774602769 0.6419
-6.71396212144518 0.6418
-6.71404060480217 0.6417
-6.71416268613031 0.6416
-6.71430401036607 0.6415
-6.71445495970222 0.6414
-6.71463176873134 0.6413
-6.71482964088687 0.6412
-6.71503042278628 0.6411
-6.71521679034513 0.641
-6.7154149897641 0.6409
-6.71561031812826 0.6408
-6.71577478418443 0.6407
-6.71592959442443 0.6406
-6.71606648049577 0.6405
-6.71618238558446 0.6404
-6.71631797534473 0.6403
-6.7164373059719 0.6402
-6.71654350423365 0.6401
-6.71661572225256 0.64
-6.71668233662803 0.6399
-6.7167255221519 0.6398
-6.71675393452114 0.6397
-6.71677393719319 0.6396
-6.71676720976787 0.6395
-6.7167594983284 0.6394
-6.71673385864839 0.6393
-6.71670785507709 0.6392
-6.71668855089161 0.6391
-6.71667280964239 0.639
-6.71664704265129 0.6389
-6.7166382485656 0.6388
-6.71664414880734 0.6387
-6.71666999704302 0.6386
-6.71670267532534 0.6385
-6.71671948605969 0.6384
-6.71674176804167 0.6383
-6.71674445012026 0.6382
-6.71675327319817 0.6381
-6.71675694090916 0.638
-6.71677719952506 0.6379
-6.71679525872241 0.6378
-6.71683407294402 0.6377
-6.71688469905361 0.6376
-6.71693580715669 0.6375
-6.71697959064871 0.6374
-6.71702761742277 0.6373
-6.71707828048386 0.6372
-6.71713703227112 0.6371
-6.71721522703575 0.637
-6.71726030792263 0.6369
-6.71730517396929 0.6368
-6.71733270807598 0.6367
-6.71735055097387 0.6366
-6.717353616388 0.6365
-6.71736739686696 0.6364
-6.71737816568137 0.6363
-6.71738095936826 0.6362
-6.71737074519144 0.6361
-6.71736393919176 0.636
-6.71735018087907 0.6359
-6.71734458409254 0.6358
-6.71732775043555 0.6357
-6.71727059197285 0.6356
-6.71720022000667 0.6355
-6.71711917103611 0.6354
-6.71702231002782 0.6353
-6.71691817329919 0.6352
-6.71682901490036 0.6351
-6.71675276665588 0.635
-6.71666750590562 0.6349
-6.71659219583729 0.6348
-6.71649249312544 0.6347
-6.71640406709853 0.6346
-6.7163311942835 0.6345
-6.71624460230869 0.6344
-6.71615268632934 0.6343
-6.71604944842902 0.6342
-6.71593203311734 0.6341
-6.71581411060426 0.634
-6.71569773553966 0.6339
-6.71558019406978 0.6338
-6.71547589978844 0.6337
-6.71537681235307 0.6336
-6.71529409492705 0.6335
-6.71525608072462 0.6334
-6.71524598400918 0.6333
-6.7152627319954 0.6332
-6.71530699607322 0.6331
-6.71535903213283 0.633
-6.71539084491542 0.6329
-6.7154256372345 0.6328
-6.71545663008546 0.6327
-6.71549367548851 0.6326
-6.71553075186606 0.6325
-6.71559491364365 0.6324
-6.71565464783728 0.6323
-6.715691185731 0.6322
-6.71572406853748 0.6321
-6.71578149394053 0.632
-6.71585476084817 0.6319
-6.7159146538283 0.6318
-6.71594796029595 0.6317
-6.71600167656833 0.6316
-6.71605497952084 0.6315
-6.71609734773614 0.6314
-6.71615075668718 0.6313
-6.71619988489893 0.6312
-6.71624817027878 0.6311
-6.71627389238476 0.631
-6.71627661571646 0.6309
-6.71628517642541 0.6308
-6.71630205351024 0.6307
-6.71629543264891 0.6306
-6.71627747729582 0.6305
-6.71624341697702 0.6304
-6.71620842287146 0.6303
-6.71616666927306 0.6302
-6.7160977573449 0.6301
-6.71600770639071 0.63
-6.71590404012793 0.6299
-6.71580055114212 0.6298
-6.71572494762975 0.6297
-6.71563355155777 0.6296
-6.71556072974086 0.6295
-6.7154798507101 0.6294
-6.71544234486042 0.6293
-6.71544075460822 0.6292
-6.7154489382686 0.6291
-6.71548148634113 0.629
-6.71555335592578 0.6289
-6.71563951011265 0.6288
-6.71571818696828 0.6287
-6.71579883832589 0.6286
-6.71590525455289 0.6285
-6.71604448878203 0.6284
-6.71620055725454 0.6283
-6.71637126779532 0.6282
-6.71652414307882 0.6281
-6.7166656993346 0.628
-6.71683079940398 0.6279
-6.71700252465179 0.6278
-6.71715809541251 0.6277
-6.71731039861338 0.6276
-6.71744180326635 0.6275
-6.71755948153639 0.6274
-6.71766242027093 0.6273
-6.71773418580803 0.6272
-6.71781004805061 0.6271
-6.71789189304008 0.627
-6.71798783482874 0.6269
-6.71807135628068 0.6268
-6.71813520893501 0.6267
-6.71821292927309 0.6266
-6.71829465893741 0.6265
-6.71837436958531 0.6264
-6.71843294055319 0.6263
-6.71847236435956 0.6262
-6.71851605339787 0.6261
-6.71855826982043 0.626
-6.71859637487819 0.6259
-6.71860992767187 0.6258
-6.71864003002173 0.6257
-6.71866423253677 0.6256
-6.71867704495843 0.6255
-6.71864669274015 0.6254
-6.71861753402308 0.6253
-6.71857000843743 0.6252
-6.718519152104 0.6251
-6.71845064826908 0.625
-6.71837433579007 0.6249
-6.71828412004204 0.6248
-6.71817704356624 0.6247
-6.71805633163929 0.6246
-6.71794467893947 0.6245
-6.717829502404 0.6244
-6.71771696051573 0.6243
-6.71761168830125 0.6242
-6.71748923215916 0.6241
-6.71737890785878 0.624
-6.71726952564925 0.6239
-6.71714904580109 0.6238
-6.71705236416775 0.6237
-6.71696681512243 0.6236
-6.71687874430374 0.6235
-6.71679862950937 0.6234
-6.71672396021593 0.6233
-6.71667018932582 0.6232
-6.71663466979201 0.6231
-6.71661287836313 0.623
-6.71661355052899 0.6229
-6.71661961459473 0.6228
-6.71665978598267 0.6227
-6.71670020771947 0.6226
-6.71673920462457 0.6225
-6.71680360667046 0.6224
-6.7168879108916 0.6223
-6.71697912412638 0.6222
-6.71708016198605 0.6221
-6.71719967412718 0.622
-6.71731528317996 0.6219
-6.7174404290317 0.6218
-6.71757056764773 0.6217
-6.71768938060901 0.6216
-6.71781658528125 0.6215
-6.7179305475176 0.6214
-6.71805691418709 0.6213
-6.71817666173911 0.6212
-6.71829377557328 0.6211
-6.71842391383009 0.621
-6.71855617944237 0.6209
-6.71869072854497 0.6208
-6.71881611626957 0.6207
-6.71892592802158 0.6206
-6.71905623165762 0.6205
-6.71918050225007 0.6204
-6.71930716935628 0.6203
-6.71945113029263 0.6202
-6.71958816707366 0.6201
-6.71974820191498 0.62
-6.71990402820648 0.6199
-6.72004272599005 0.6198
-6.7201803561852 0.6197
-6.7203243590762 0.6196
-6.72047386454205 0.6195
-6.72061021200735 0.6194
-6.72074402867582 0.6193
-6.72086627354624 0.6192
-6.72100931756415 0.6191
-6.72116180979479 0.619
-6.72131834019712 0.6189
-6.72146621947287 0.6188
-6.72160265236975 0.6187
-6.72171891999147 0.6186
-6.72184290346701 0.6185
-6.72195412110277 0.6184
-6.72205666690551 0.6183
-6.72214238698231 0.6182
-6.72221781577476 0.6181
-6.72227630787593 0.618
-6.72235556121533 0.6179
-6.72243577633103 0.6178
-6.72250606546729 0.6177
-6.72256451218154 0.6176
-6.72260513998879 0.6175
-6.72261621831432 0.6174
-6.7226103542894 0.6173
-6.72257371232653 0.6172
-6.72251862256202 0.6171
-6.72246721226118 0.617
-6.72239560861379 0.6169
-6.72232062326816 0.6168
-6.72220997581519 0.6167
-6.72211316753743 0.6166
-6.72200282916302 0.6165
-6.72190733943518 0.6164
-6.72181787819037 0.6163
-6.72173407474288 0.6162
-6.72167526171334 0.6161
-6.72162638621135 0.616
-6.72157867685037 0.6159
-6.7215504292004 0.6158
-6.72152139606174 0.6157
-6.72148451557033 0.6156
-6.72146721380143 0.6155
-6.72147912655401 0.6154
-6.72150524307058 0.6153
-6.72156080351721 0.6152
-6.72163265049994 0.6151
-6.72171756802278 0.615
-6.72180653140346 0.6149
-6.72189567277065 0.6148
-6.72198601750014 0.6147
-6.72207207804805 0.6146
-6.72216187851263 0.6145
-6.72225189250371 0.6144
-6.72232478760936 0.6143
-6.72240458642262 0.6142
-6.72247837971569 0.6141
-6.72254089722728 0.614
-6.72258869170213 0.6139
-6.72261977369144 0.6138
-6.72263825859647 0.6137
-6.72266065744203 0.6136
-6.7227043836861 0.6135
-6.72276566518056 0.6134
-6.72281507081685 0.6133
-6.72285914513154 0.6132
-6.72292048121486 0.6131
-6.72300625394097 0.613
-6.72307805097225 0.6129
-6.7231429135731 0.6128
-6.72319661849123 0.6127
-6.72325729728582 0.6126
-6.72332416422733 0.6125
-6.72340219660308 0.6124
-6.72347205408795 0.6123
-6.72355497476556 0.6122
-6.72362393190835 0.6121
-6.72370821590061 0.612
-6.72379023899807 0.6119
-6.72384597668695 0.6118
-6.72388524410542 0.6117
-6.7238904805892 0.6116
-6.72387107592423 0.6115
-6.72383073055854 0.6114
-6.72376658818698 0.6113
-6.7236860807689 0.6112
-6.7235790249483 0.6111
-6.72346779199837 0.611
-6.72333570775365 0.6109
-6.72321010004866 0.6108
-6.72307882134302 0.6107
-6.72291974246681 0.6106
-6.72275487284478 0.6105
-6.72261627530578 0.6104
-6.72246791627177 0.6103
-6.72234711186407 0.6102
-6.72223766444845 0.6101
-6.72215387479412 0.61
-6.72208086676945 0.6099
-6.72202833020479 0.6098
-6.72200081325796 0.6097
-6.72199870778888 0.6096
-6.72201694490381 0.6095
-6.72204437836974 0.6094
-6.72209281213542 0.6093
-6.72216995594383 0.6092
-6.72225657390479 0.6091
-6.72236156936897 0.609
-6.72246487344318 0.6089
-6.72260345915973 0.6088
-6.72273979483295 0.6087
-6.72287237831405 0.6086
-6.72298687943459 0.6085
-6.72310145833969 0.6084
-6.72319361401286 0.6083
-6.72327884541819 0.6082
-6.72334405067993 0.6081
-6.72340508612848 0.608
-6.72345823285357 0.6079
-6.72349788252047 0.6078
-6.72351417663081 0.6077
-6.7235045180266 0.6076
-6.72346053132134 0.6075
-6.72340887599868 0.6074
-6.72333865157592 0.6073
-6.72326772020112 0.6072
-6.72316457793514 0.6071
-6.72305927654812 0.607
-6.72295005422805 0.6069
-6.72284391293279 0.6068
-6.72274932232431 0.6067
-6.72266353833083 0.6066
-6.72257341723853 0.6065
-6.72250456257778 0.6064
-6.7224422826883 0.6063
-6.72238191734719 0.6062
-6.72233382225716 0.6061
-6.72228984882717 0.606
-6.72225693489361 0.6059
-6.72222909328157 0.6058
-6.7222117283164 0.6057
-6.72218576781052 0.6056
-6.72216208653204 0.6055
-6.72215408948729 0.6054
-6.72215552648413 0.6053
-6.72214925620969 0.6052
-6.7221588648431 0.6051
-6.72218640286826 0.605
-6.72220402796862 0.6049
-6.72224026193887 0.6048
-6.72230063942889 0.6047
-6.72236875425807 0.6046
-6.72244910111546 0.6045
-6.72252260321295 0.6044
-6.72259785182824 0.6043
-6.72268832325278 0.6042
-6.72281736071727 0.6041
-6.72296307788705 0.604
-6.72313182042922 0.6039
-6.72329468751393 0.6038
-6.72347309154641 0.6037
-6.72366555139897 0.6036
-6.72383436039114 0.6035
-6.72401983860071 0.6034
-6.72420453798425 0.6033
-6.72438304904473 0.6032
-6.72456359629458 0.6031
-6.72473861849442 0.603
-6.72488831391879 0.6029
-6.72502455862199 0.6028
-6.72514038808291 0.6027
-6.72526498116357 0.6026
-6.72537840814874 0.6025
-6.72547337787833 0.6024
-6.7255629852364 0.6023
-6.72561453722227 0.6022
-6.72563621994473 0.6021
-6.72563705051025 0.602
-6.7256248184144 0.6019
-6.72559275180288 0.6018
-6.72555082382515 0.6017
-6.72551147541609 0.6016
-6.72544502482278 0.6015
-6.72538015204362 0.6014
-6.7252954385928 0.6013
-6.72522059642903 0.6012
-6.72515843961565 0.6011
-6.72508856060646 0.601
-6.72500795556634 0.6009
-6.72492695305683 0.6008
-6.72486121389073 0.6007
-6.7247854712703 0.6006
-6.72473670584957 0.6005
-6.72467796937178 0.6004
-6.72461371348713 0.6003
-6.72451350915089 0.6002
-6.72440824384138 0.6001
-6.72430235582258 0.6
-6.72419542741263 0.5999
-6.72410273420524 0.5998
-6.72399878648874 0.5997
-6.72390058831276 0.5996
-6.72380137009212 0.5995
-6.72368213254653 0.5994
-6.72356588257663 0.5993
-6.72346757039511 0.5992
-6.72337027844347 0.5991
-6.72329556150902 0.599
-6.72321909863502 0.5989
-6.72315225332062 0.5988
-6.72311008152655 0.5987
-6.72308134672368 0.5986
-6.72305565964021 0.5985
-6.7230170533533 0.5984
-6.72296837959125 0.5983
-6.72291891344246 0.5982
-6.7228771709297 0.5981
-6.72284763232018 0.598
-6.72283222266143 0.5979
-6.72282503568164 0.5978
-6.72281217528439 0.5977
-6.72279771223998 0.5976
-6.72277047183348 0.5975
-6.72276048241792 0.5974
-6.72276482075582 0.5973
-6.72277073253678 0.5972
-6.72275590336732 0.5971
-6.72273181258721 0.597
-6.72269760286237 0.5969
-6.72264684373844 0.5968
-6.72258671318464 0.5967
-6.72252666305843 0.5966
-6.72246293972591 0.5965
-6.72239870437411 0.5964
-6.72235336638412 0.5963
-6.72231707741575 0.5962
-6.7222964298594 0.5961
-6.72227604956929 0.596
-6.7222646731824 0.5959
-6.72223476378833 0.5958
-6.72220682856514 0.5957
-6.72218624926826 0.5956
-6.72218680917111 0.5955
-6.72220171780377 0.5954
-6.72223054552432 0.5953
-6.72225968267042 0.5952
-6.72229145174387 0.5951
-6.72232978173513 0.595
-6.722388539589 0.5949
-6.72244659000741 0.5948
-6.722514130671 0.5947
-6.72256807120879 0.5946
-6.72260773529115 0.5945
-6.72263242772106 0.5944
-6.72266298700419 0.5943
-6.72269550827181 0.5942
-6.72272073688112 0.5941
-6.7227295111538 0.594
-6.7227345767749 0.5939
-6.72276513516148 0.5938
-6.72279002306167 0.5937
-6.72281630211656 0.5936
-6.72284166410365 0.5935
-6.72287200059113 0.5934
-6.72291344155356 0.5933
-6.72297236751636 0.5932
-6.7230201346659 0.5931
-6.72306138886531 0.593
-6.723103183211 0.5929
-6.72316410923405 0.5928
-6.7232266760676 0.5927
-6.72330424155673 0.5926
-6.72339760302177 0.5925
-6.72351379205826 0.5924
-6.72363249915347 0.5923
-6.7237500104332 0.5922
-6.72386322780298 0.5921
-6.72399570360626 0.592
-6.72412831344735 0.5919
-6.72425006929192 0.5918
-6.72436933785449 0.5917
-6.72449625167259 0.5916
-6.72460597622646 0.5915
-6.72473021244303 0.5914
-6.72483736149926 0.5913
-6.72495481155685 0.5912
-6.72504460407169 0.5911
-6.72510840559701 0.591
-6.72516494908991 0.5909
-6.72522236591846 0.5908
-6.7252816225443 0.5907
-6.72534374152501 0.5906
-6.72543874984486 0.5905
-6.72553278901356 0.5904
-6.72562604066148 0.5903
-6.72570530766819 0.5902
-6.72578177409765 0.5901
-6.72584942445802 0.59
-6.72591125273858 0.5899
-6.72594979666456 0.5898
-6.72598653412389 0.5897
-6.72601009966261 0.5896
-6.72603219704902 0.5895
-6.72605073621547 0.5894
-6.72603245326431 0.5893
-6.725994846841 0.5892
-6.72597380545182 0.5891
-6.72596700233112 0.589
-6.72597249032666 0.5889
-6.72600120093562 0.5888
-6.7260285264764 0.5887
-6.72604946441538 0.5886
-6.72608663928798 0.5885
-6.72612436024552 0.5884
-6.72616431640364 0.5883
-6.72620853885592 0.5882
-6.72625767457837 0.5881
-6.72630862272425 0.588
-6.72637209307449 0.5879
-6.72643423755734 0.5878
-6.72648100661146 0.5877
-6.72654787934279 0.5876
-6.72660788741935 0.5875
-6.72666717348335 0.5874
-6.72673708027531 0.5873
-6.72681172359478 0.5872
-6.7268945563469 0.5871
-6.72700228817798 0.587
-6.7271104748185 0.5869
-6.72721398693161 0.5868
-6.72734936569744 0.5867
-6.72747055248072 0.5866
-6.72758996612137 0.5865
-6.7277188315242 0.5864
-6.72782032574406 0.5863
-6.72791524800574 0.5862
-6.72799999643899 0.5861
-6.72808541040024 0.586
-6.7281971818801 0.5859
-6.72829286360309 0.5858
-6.72836936985479 0.5857
-6.72843550413287 0.5856
-6.72849029793297 0.5855
-6.72853884671504 0.5854
-6.72856270226035 0.5853
-6.72855959071631 0.5852
-6.72853418978465 0.5851
-6.72851400669945 0.585
-6.72846259345407 0.5849
-6.72839383938959 0.5848
-6.72831513050162 0.5847
-6.72823090694972 0.5846
-6.72812871096826 0.5845
-6.72802516050756 0.5844
-6.72789227808669 0.5843
-6.72773815927835 0.5842
-6.72758791241971 0.5841
-6.72742380767309 0.584
-6.72725733793026 0.5839
-6.72708094990033 0.5838
-6.7269301900003 0.5837
-6.7267807036787 0.5836
-6.7266385174573 0.5835
-6.72650905579545 0.5834
-6.72640020886941 0.5833
-6.72630335634735 0.5832
-6.72621879585374 0.5831
-6.72615548730071 0.583
-6.72611849639311 0.5829
-6.72610245327522 0.5828
-6.72609479259793 0.5827
-6.72610367774461 0.5826
-6.72614107597757 0.5825
-6.72620969774296 0.5824
-6.72629487463507 0.5823
-6.72637532733575 0.5822
-6.72647301276618 0.5821
-6.72659137505528 0.582
-6.72670797594479 0.5819
-6.7268249246407 0.5818
-6.72693253170967 0.5817
-6.72702770293283 0.5816
-6.72714069070994 0.5815
-6.72723201466231 0.5814
-6.72733343680346 0.5813
-6.727421072687 0.5812
-6.72751907616937 0.5811
-6.72760038527315 0.581
-6.72768115936551 0.5809
-6.72778479533167 0.5808
-6.72786921732124 0.5807
-6.72797790896513 0.5806
-6.72810142606199 0.5805
-6.72821091522126 0.5804
-6.728314337915 0.5803
-6.72843076656003 0.5802
-6.72854396403198 0.5801
-6.72865333493783 0.58
-6.72874011000946 0.5799
-6.72881150557727 0.5798
-6.72887869383624 0.5797
-6.7289354174096 0.5796
-6.72898059316957 0.5795
-6.72900819572197 0.5794
-6.72902046963124 0.5793
-6.7290125576814 0.5792
-6.72898526733717 0.5791
-6.72893924718224 0.579
-6.72888253710077 0.5789
-6.72883425896152 0.5788
-6.72876174468727 0.5787
-6.72868412261436 0.5786
-6.72859484261855 0.5785
-6.72851074031019 0.5784
-6.72842853006688 0.5783
-6.7283490029472 0.5782
-6.72829796526228 0.5781
-6.72822831530477 0.578
-6.72817551878487 0.5779
-6.72811584641238 0.5778
-6.72806591484273 0.5777
-6.72803915169875 0.5776
-6.72804423871792 0.5775
-6.72805697713689 0.5774
-6.72809051559654 0.5773
-6.72812557707482 0.5772
-6.72817263859156 0.5771
-6.72822757298947 0.577
-6.72829027081921 0.5769
-6.72833286148649 0.5768
-6.72836687749055 0.5767
-6.72840376587683 0.5766
-6.72842523072988 0.5765
-6.72844753726235 0.5764
-6.72847332425348 0.5763
-6.7284813547732 0.5762
-6.72849259212019 0.5761
-6.72848153011967 0.576
-6.72846872487363 0.5759
-6.72843556876553 0.5758
-6.72838515075913 0.5757
-6.72833503528571 0.5756
-6.72828494269899 0.5755
-6.72824231786874 0.5754
-6.72819346932105 0.5753
-6.72814910457306 0.5752
-6.72811055367736 0.5751
-6.72806864224899 0.575
-6.72802720754245 0.5749
-6.72798790844673 0.5748
-6.72796094698805 0.5747
-6.7279253165008 0.5746
-6.72789358064231 0.5745
-6.72785398003516 0.5744
-6.72782158798457 0.5743
-6.72779201725691 0.5742
-6.72777552685186 0.5741
-6.72776849829634 0.574
-6.72775853594768 0.5739
-6.72776243055437 0.5738
-6.72780784826019 0.5737
-6.72788165278916 0.5736
-6.72795650897118 0.5735
-6.72806319199103 0.5734
-6.72818644900333 0.5733
-6.72832283548192 0.5732
-6.72847443044171 0.5731
-6.72863968266645 0.573
-6.72879014833173 0.5729
-6.72894042362418 0.5728
-6.72909638083323 0.5727
-6.72927238416378 0.5726
-6.72946305051808 0.5725
-6.72965918599263 0.5724
-6.72985225506163 0.5723
-6.73003991471197 0.5722
-6.73021708252167 0.5721
-6.73038287984453 0.572
-6.73051907152443 0.5719
-6.73061977124696 0.5718
-6.73070271643246 0.5717
-6.73077166096409 0.5716
-6.73083349086087 0.5715
-6.73086623308322 0.5714
-6.73090670048827 0.5713
-6.73092840805827 0.5712
-6.73092631361015 0.5711
-6.73090194971835 0.571
-6.73086439266325 0.5709
-6.73082810447364 0.5708
-6.73078074535466 0.5707
-6.73072850996804 0.5706
-6.73067155024819 0.5705
-6.73060486984509 0.5704
-6.73051786534402 0.5703
-6.73042021406486 0.5702
-6.73031899901837 0.5701
-6.73022844234882 0.57
-6.73013457843201 0.5699
-6.73001717818057 0.5698
-6.7299097970549 0.5697
-6.72980113357595 0.5696
-6.72969382515259 0.5695
-6.72960976503409 0.5694
-6.72954572048859 0.5693
-6.72948976596336 0.5692
-6.72944229225156 0.5691
-6.72939232787319 0.569
-6.72933290094484 0.5689
-6.7292952023494 0.5688
-6.72925447894645 0.5687
-6.72920360204952 0.5686
-6.72915608371384 0.5685
-6.72911715670743 0.5684
-6.72907750801533 0.5683
-6.72904699404274 0.5682
-6.72905217970462 0.5681
-6.7290814008084 0.568
-6.72910771258506 0.5679
-6.72915196483671 0.5678
-6.72921692393661 0.5677
-6.72929412218805 0.5676
-6.7293841300025 0.5675
-6.72948137477811 0.5674
-6.72958373523606 0.5673
-6.72968548712096 0.5672
-6.72981616244184 0.5671
-6.72995413702669 0.567
-6.73008140671108 0.5669
-6.73021076449446 0.5668
-6.73033270629521 0.5667
-6.73046177856692 0.5666
-6.7305779707977 0.5665
-6.73069057248513 0.5664
-6.73080080919419 0.5663
-6.7308995995569 0.5662
-6.7310107251368 0.5661
-6.73109810145515 0.566
-6.73118860559095 0.5659
-6.7312808600907 0.5658
-6.73136500165845 0.5657
-6.7314245483949 0.5656
-6.73147787905016 0.5655
-6.73149386608966 0.5654
-6.73149753675598 0.5653
-6.73147555938102 0.5652
-6.73143142854031 0.5651
-6.73134981984172 0.565
-6.73123867640046 0.5649
-6.73113764050581 0.5648
-6.73103639233787 0.5647
-6.73093495119503 0.5646
-6.73084908192998 0.5645
-6.73075397743426 0.5644
-6.73066135495184 0.5643
-6.73057391828393 0.5642
-6.73048852027058 0.5641
-6.73040630451678 0.564
-6.73032789853803 0.5639
-6.73024853652349 0.5638
-6.73017880666284 0.5637
-6.73013131768928 0.5636
-6.73011480976292 0.5635
-6.73012022043205 0.5634
-6.73014405252499 0.5633
-6.73019038257366 0.5632
-6.73025928965916 0.5631
-6.73034297679758 0.563
-6.73044106653473 0.5629
-6.73055592484061 0.5628
-6.73069534854816 0.5627
-6.73084285895946 0.5626
-6.73100838320443 0.5625
-6.7311619623871 0.5624
-6.73130836263537 0.5623
-6.73145657865885 0.5622
-6.73161940203977 0.5621
-6.73180805314234 0.562
-6.73198471382167 0.5619
-6.73216171040329 0.5618
-6.73233887644314 0.5617
-6.73250675103295 0.5616
-6.73266032487249 0.5615
-6.73280519616073 0.5614
-6.73297374940914 0.5613
-6.73312837617556 0.5612
-6.73327640092061 0.5611
-6.7334309022522 0.561
-6.73355416336719 0.5609
-6.73364924166972 0.5608
-6.73372755576527 0.5607
-6.73376480568149 0.5606
-6.73377371023213 0.5605
-6.73375597668555 0.5604
-6.73372911353365 0.5603
-6.73367206115215 0.5602
-6.73358994016555 0.5601
-6.73349399644775 0.56
-6.73338755270297 0.5599
-6.73327189851072 0.5598
-6.73313356830342 0.5597
-6.7330016561636 0.5596
-6.73284067707576 0.5595
-6.73268236028028 0.5594
-6.73251870207388 0.5593
-6.73236449513695 0.5592
-6.7322282705592 0.5591
-6.73211693279444 0.559
-6.73203218834874 0.5589
-6.73196935518452 0.5588
-6.73193182383654 0.5587
-6.73192748643852 0.5586
-6.7319192995448 0.5585
-6.73193189256717 0.5584
-6.73193356265242 0.5583
-6.73193737752621 0.5582
-6.73194669778027 0.5581
-6.73197290158288 0.558
-6.73199323283544 0.5579
-6.7320284282705 0.5578
-6.73207147802656 0.5577
-6.73209740271894 0.5576
-6.73214021388887 0.5575
-6.73218323383271 0.5574
-6.73223291430405 0.5573
-6.73231259748044 0.5572
-6.73238697438688 0.5571
-6.73244472169399 0.557
-6.73249907706656 0.5569
-6.73255536769923 0.5568
-6.73260448378674 0.5567
-6.732658366815 0.5566
-6.73271165381657 0.5565
-6.73274394318071 0.5564
-6.73275983188341 0.5563
-6.73276764072688 0.5562
-6.73276733848791 0.5561
-6.73274757947739 0.556
-6.73272937037514 0.5559
-6.73270905998726 0.5558
-6.73269698792835 0.5557
-6.73268538024922 0.5556
-6.73267865646705 0.5555
-6.73266516195866 0.5554
-6.73265023228552 0.5553
-6.73265383642494 0.5552
-6.73266290613296 0.5551
-6.73265302107227 0.555
-6.7326480608797 0.5549
-6.73264347323355 0.5548
-6.732643683328 0.5547
-6.73265447325824 0.5546
-6.73267253776732 0.5545
-6.73269665225702 0.5544
-6.73271864576746 0.5543
-6.73273527062237 0.5542
-6.73276736126419 0.5541
-6.73278585887666 0.554
-6.73279818429572 0.5539
-6.73282371141591 0.5538
-6.73286359643998 0.5537
-6.73289352893814 0.5536
-6.73292186744728 0.5535
-6.73294354729335 0.5534
-6.73298208257517 0.5533
-6.73300706398937 0.5532
-6.7330402474683 0.5531
-6.73307549919568 0.553
-6.73308440560518 0.5529
-6.73309358673319 0.5528
-6.73308141314635 0.5527
-6.73307787751845 0.5526
-6.73309298520455 0.5525
-6.73310877620176 0.5524
-6.73312526015173 0.5523
-6.73314774432198 0.5522
-6.73318429002551 0.5521
-6.73324109936464 0.552
-6.73329000122861 0.5519
-6.73333206405832 0.5518
-6.73339798637377 0.5517
-6.73348780734287 0.5516
-6.73355383658337 0.5515
-6.73361640818766 0.5514
-6.73368342592406 0.5513
-6.73376985460231 0.5512
-6.73386265551157 0.5511
-6.73394089667684 0.551
-6.73398799494629 0.5509
-6.73403046535621 0.5508
-6.73405776204786 0.5507
-6.73408218279506 0.5506
-6.73407186593097 0.5505
-6.73403506893472 0.5504
-6.73396986163521 0.5503
-6.73389177891099 0.5502
-6.73377770262453 0.5501
-6.73364761678037 0.55
-6.73351789790357 0.5499
-6.73339262757474 0.5498
-6.73328236367701 0.5497
-6.73316455833398 0.5496
-6.73304609299973 0.5495
-6.73294094312204 0.5494
-6.73283099761662 0.5493
-6.73275464930833 0.5492
-6.73269364836879 0.5491
-6.73265568406616 0.549
-6.73264467210458 0.5489
-6.73264404207624 0.5488
-6.73265680219417 0.5487
-6.73267258500151 0.5486
-6.73271289895079 0.5485
-6.73274918663425 0.5484
-6.7328014034988 0.5483
-6.73288057796048 0.5482
-6.73296602816552 0.5481
-6.73304828407622 0.548
-6.7331240512878 0.5479
-6.73319737919853 0.5478
-6.73328273026395 0.5477
-6.73338860397731 0.5476
-6.73349754021468 0.5475
-6.73362238024877 0.5474
-6.73375319486563 0.5473
-6.73390873735362 0.5472
-6.73405412001415 0.5471
-6.73419074796519 0.547
-6.73432990702918 0.5469
-6.73445429735344 0.5468
-6.73456137009345 0.5467
-6.73466348955658 0.5466
-6.73473378068455 0.5465
-6.7348187521333 0.5464
-6.73487693890975 0.5463
-6.73491546992816 0.5462
-6.73494029623994 0.5461
-6.734950014386 0.546
-6.73494384077949 0.5459
-6.73493500789061 0.5458
-6.73489319704535 0.5457
-6.73482443219101 0.5456
-6.73473179597465 0.5455
-6.73463415476101 0.5454
-6.73453448914779 0.5453
-6.73443416603151 0.5452
-6.7343097163345 0.5451
-6.73416086727252 0.545
-6.73400936765513 0.5449
-6.7338577638756 0.5448
-6.7337208100291 0.5447
-6.73360018852128 0.5446
-6.73350810667518 0.5445
-6.73343297099401 0.5444
-6.73336904668409 0.5443
-6.73331273249221 0.5442
-6.73327537543767 0.5441
-6.73326143063616 0.544
-6.73325278124163 0.5439
-6.7332236509346 0.5438
-6.73319436735468 0.5437
-6.73317352673627 0.5436
-6.73317274395819 0.5435
-6.73316680520839 0.5434
-6.73314821431872 0.5433
-6.73314910761976 0.5432
-6.73318717146264 0.5431
-6.73322977462151 0.543
-6.7332952962237 0.5429
-6.73337296581253 0.5428
-6.73344818656905 0.5427
-6.73351886975794 0.5426
-6.73357735757527 0.5425
-6.73363760449311 0.5424
-6.73369675675581 0.5423
-6.73374938228204 0.5422
-6.73380533694958 0.5421
-6.73385675744948 0.542
-6.73390176660801 0.5419
-6.73395990389812 0.5418
-6.73402555725334 0.5417
-6.73407893640787 0.5416
-6.73412516846202 0.5415
-6.73415898517066 0.5414
-6.73417587857899 0.5413
-6.73418324481647 0.5412
-6.73418666516874 0.5411
-6.73416731215496 0.541
-6.73414935146795 0.5409
-6.7341501050389 0.5408
-6.73415548704243 0.5407
-6.73417460522989 0.5406
-6.73418874553091 0.5405
-6.73420431347514 0.5404
-6.73420538516722 0.5403
-6.7342140118211 0.5402
-6.73422269567562 0.5401
-6.73423190891439 0.54
-6.7342480294724 0.5399
-6.73425345930091 0.5398
-6.73426164136586 0.5397
-6.7342825270132 0.5396
-6.73434712713673 0.5395
-6.73440378992132 0.5394
-6.73446240706383 0.5393
-6.73451734282911 0.5392
-6.73457397814169 0.5391
-6.73463827433778 0.539
-6.73470166461883 0.5389
-6.73477278247544 0.5388
-6.73486279001693 0.5387
-6.73497895061524 0.5386
-6.73512892257558 0.5385
-6.73530112574269 0.5384
-6.73548731548292 0.5383
-6.73568153855094 0.5382
-6.73588054253058 0.5381
-6.73608260739089 0.538
-6.73629006882298 0.5379
-6.73649277884571 0.5378
-6.73670851894844 0.5377
-6.73693166030346 0.5376
-6.73713808915687 0.5375
-6.73731919178935 0.5374
-6.73748315610115 0.5373
-6.73762012679493 0.5372
-6.73774378147742 0.5371
-6.73783862127076 0.537
-6.73790841148522 0.5369
-6.73795426246236 0.5368
-6.73799449142177 0.5367
-6.73801297583784 0.5366
-6.73801195408138 0.5365
-6.73798394074499 0.5364
-6.73793345551287 0.5363
-6.73786452342106 0.5362
-6.73778745919954 0.5361
-6.73773095751795 0.536
-6.73768178877887 0.5359
-6.73763266457551 0.5358
-6.73756918945844 0.5357
-6.73750113138938 0.5356
-6.73743783854471 0.5355
-6.73735709410605 0.5354
-6.73727350861774 0.5353
-6.73720322768762 0.5352
-6.73713332925471 0.5351
-6.73705536328254 0.535
-6.73698188978909 0.5349
-6.73692395657283 0.5348
-6.73689699349692 0.5347
-6.73688820177023 0.5346
-6.73685984325118 0.5345
-6.7368327248133 0.5344
-6.73682671485335 0.5343
-6.73683919913333 0.5342
-6.73686633137435 0.5341
-6.73690627472037 0.534
-6.73696949352407 0.5339
-6.73702652935722 0.5338
-6.73709937457037 0.5337
-6.73718030504133 0.5336
-6.73725659155022 0.5335
-6.73733308612107 0.5334
-6.73741471568919 0.5333
-6.73751233700519 0.5332
-6.73760737485562 0.5331
-6.7377063653116 0.533
-6.7377974043644 0.5329
-6.73790035765539 0.5328
-6.73797706353562 0.5327
-6.73803717249876 0.5326
-6.73810948139015 0.5325
-6.73818676387063 0.5324
-6.73823763352392 0.5323
-6.73829344686748 0.5322
-6.73834906264808 0.5321
-6.73840010325274 0.532
-6.73845046343743 0.5319
-6.73848238503775 0.5318
-6.7384956546923 0.5317
-6.7384973886695 0.5316
-6.73847697966239 0.5315
-6.73849098230108 0.5314
-6.73849802538778 0.5313
-6.73849834278085 0.5312
-6.73848770376267 0.5311
-6.73847784422366 0.531
-6.73846783807855 0.5309
-6.73844255170558 0.5308
-6.73842129970441 0.5307
-6.73839332070419 0.5306
-6.73836468065281 0.5305
-6.7383327087187 0.5304
-6.73829640894001 0.5303
-6.73825618307385 0.5302
-6.73822633784097 0.5301
-6.73821427289805 0.53
-6.7381917904158 0.5299
-6.73817072731691 0.5298
-6.73814360084781 0.5297
-6.73812139078398 0.5296
-6.73808715291765 0.5295
-6.73803735565153 0.5294
-6.73797874555241 0.5293
-6.73791601035971 0.5292
-6.73784429654049 0.5291
-6.73778320332095 0.529
-6.73771512120328 0.5289
-6.73764298181312 0.5288
-6.73757264412883 0.5287
-6.73749646820519 0.5286
-6.73742772420838 0.5285
-6.73735627606378 0.5284
-6.73728120936566 0.5283
-6.73721942547393 0.5282
-6.73717825817771 0.5281
-6.73716078150136 0.528
-6.73712622237884 0.5279
-6.73709260439032 0.5278
-6.73705999741367 0.5277
-6.73701801040302 0.5276
-6.73697980907055 0.5275
-6.73693209283606 0.5274
-6.73688601504823 0.5273
-6.73685330329497 0.5272
-6.73683041705336 0.5271
-6.7368119863935 0.527
-6.73679106547003 0.5269
-6.73675080829432 0.5268
-6.73671680252398 0.5267
-6.73668992172694 0.5266
-6.73667974630503 0.5265
-6.73666980152126 0.5264
-6.7366682604317 0.5263
-6.73667035585667 0.5262
-6.73666506246523 0.5261
-6.73667695230853 0.526
-6.73668644141494 0.5259
-6.73670561760627 0.5258
-6.73672676483848 0.5257
-6.73674580701111 0.5256
-6.73676284506096 0.5255
-6.73677468510814 0.5254
-6.73679098845399 0.5253
-6.73680869921108 0.5252
-6.73682660838023 0.5251
-6.73683513121055 0.525
-6.73682777137944 0.5249
-6.73683589301751 0.5248
-6.73683882163198 0.5247
-6.73684634569902 0.5246
-6.73685276560929 0.5245
-6.73686035913728 0.5244
-6.73686216510083 0.5243
-6.73686722038171 0.5242
-6.73686428161711 0.5241
-6.73684050327805 0.524
-6.73681490407416 0.5239
-6.73679731584634 0.5238
-6.73678044161624 0.5237
-6.73675665104982 0.5236
-6.73672277147772 0.5235
-6.73665581377194 0.5234
-6.73659277074147 0.5233
-6.73654392966436 0.5232
-6.73648029779142 0.5231
-6.73640917143158 0.523
-6.73634056668451 0.5229
-6.73625589751222 0.5228
-6.73616091460781 0.5227
-6.73605805422845 0.5226
-6.73595095996689 0.5225
-6.73586547495778 0.5224
-6.73579225081826 0.5223
-6.73572003239215 0.5222
-6.73565698410547 0.5221
-6.73560271037498 0.522
-6.73553567258647 0.5219
-6.73549583665052 0.5218
-6.73547657559515 0.5217
-6.73548433804169 0.5216
-6.73550318086024 0.5215
-6.7355432815533 0.5214
-6.73560763402286 0.5213
-6.73566954490567 0.5212
-6.73573344788605 0.5211
-6.73581124053386 0.521
-6.73590528202801 0.5209
-6.73601308075016 0.5208
-6.73613665988075 0.5207
-6.73626614376022 0.5206
-6.73640175159265 0.5205
-6.73653620152829 0.5204
-6.73666713644422 0.5203
-6.73679528372953 0.5202
-6.73689191306897 0.5201
-6.73697407081609 0.52
-6.73703462186512 0.5199
-6.73709505580556 0.5198
-6.73714935015014 0.5197
-6.73718473596032 0.5196
-6.73719624075909 0.5195
-6.73718840998405 0.5194
-6.73715730471668 0.5193
-6.73711660047962 0.5192
-6.73706122709329 0.5191
-6.73698916799179 0.519
-6.73691139639684 0.5189
-6.73681640814112 0.5188
-6.73671881320754 0.5187
-6.73662112309479 0.5186
-6.73652240187431 0.5185
-6.73643744785008 0.5184
-6.73633964937549 0.5183
-6.73624853771059 0.5182
-6.73615406344489 0.5181
-6.73605286233901 0.518
-6.7359690993029 0.5179
-6.73589377237312 0.5178
-6.73584670078035 0.5177
-6.73583635932396 0.5176
-6.73581393341018 0.5175
-6.73582176869396 0.5174
-6.73584916680656 0.5173
-6.73589594406547 0.5172
-6.73595201820748 0.5171
-6.7360272205395 0.517
-6.73614090488222 0.5169
-6.73627100426925 0.5168
-6.73639858664027 0.5167
-6.73657047428446 0.5166
-6.73675896543352 0.5165
-6.7369542467428 0.5164
-6.7371337617208 0.5163
-6.7372899469463 0.5162
-6.73745653782801 0.5161
-6.73761220534273 0.516
-6.73777094534244 0.5159
-6.73791195971978 0.5158
-6.73804769556902 0.5157
-6.73815871687945 0.5156
-6.73825073819374 0.5155
-6.73830887565335 0.5154
-6.73838467865614 0.5153
-6.73846076224462 0.5152
-6.73851308151832 0.5151
-6.73855963804919 0.515
-6.73858813320705 0.5149
-6.73859797593411 0.5148
-6.73858252330314 0.5147
-6.73856907192954 0.5146
-6.73854256336891 0.5145
-6.7385015297684 0.5144
-6.73846779414981 0.5143
-6.73842560434587 0.5142
-6.73837363339861 0.5141
-6.73830881307904 0.514
-6.73824255118975 0.5139
-6.73818819614434 0.5138
-6.73815647464657 0.5137
-6.73811444272382 0.5136
-6.73807661020213 0.5135
-6.738045557306 0.5134
-6.7380323965009 0.5133
-6.73801430504686 0.5132
-6.73800160793086 0.5131
-6.73798252203575 0.513
-6.73795874422583 0.5129
-6.73795217101785 0.5128
-6.73792921284489 0.5127
-6.73790574176877 0.5126
-6.7379189131913 0.5125
-6.73795211855863 0.5124
-6.73799685021283 0.5123
-6.73803613426072 0.5122
-6.73808956884559 0.5121
-6.73814994090545 0.512
-6.73821081261729 0.5119
-6.73827830369655 0.5118
-6.73835166852564 0.5117
-6.73844290562391 0.5116
-6.73855121509852 0.5115
-6.73866170915045 0.5114
-6.7387575739892 0.5113
-6.73883165858643 0.5112
-6.73889118868997 0.5111
-6.73893496413105 0.511
-6.73895364128721 0.5109
-6.73893873240063 0.5108
-6.73889080316467 0.5107
-6.73884012457544 0.5106
-6.73878554992163 0.5105
-6.73873581549842 0.5104
-6.73865847574083 0.5103
-6.73855508052466 0.5102
-6.73845948913721 0.5101
-6.73835473783862 0.51
-6.73826213654542 0.5099
-6.7381741818847 0.5098
-6.73810905938744 0.5097
-6.73805068895891 0.5096
-6.73798669166539 0.5095
-6.73792726566524 0.5094
-6.73789855039235 0.5093
-6.7378732017105 0.5092
-6.73786165152533 0.5091
-6.73787404312115 0.509
-6.73787868385829 0.5089
-6.73789593138166 0.5088
-6.73792858615591 0.5087
-6.73796768891436 0.5086
-6.73798784190988 0.5085
-6.73801955295757 0.5084
-6.73806193182001 0.5083
-6.73811089876277 0.5082
-6.73818284154944 0.5081
-6.73828320175738 0.508
-6.73840849902482 0.5079
-6.7385465871244 0.5078
-6.73870868369882 0.5077
-6.73889427284863 0.5076
-6.73909052698001 0.5075
-6.73930602489119 0.5074
-6.73950884016269 0.5073
-6.73970349202238 0.5072
-6.73987992363515 0.5071
-6.7400626317998 0.507
-6.74023955667027 0.5069
-6.74037642836782 0.5068
-6.74051312277865 0.5067
-6.74061423162793 0.5066
-6.74067598995289 0.5065
-6.74071601730849 0.5064
-6.74075291923452 0.5063
-6.74077922940836 0.5062
-6.74079922675419 0.5061
-6.74081976994781 0.506
-6.74084662102669 0.5059
-6.74084367250184 0.5058
-6.74084100212595 0.5057
-6.74083355481469 0.5056
-6.7408180472554 0.5055
-6.74078174893107 0.5054
-6.74074186869038 0.5053
-6.7406989239358 0.5052
-6.74066058194997 0.5051
-6.74065963340196 0.505
-6.74066376229537 0.5049
-6.74068343671844 0.5048
-6.74071940606669 0.5047
-6.74078554021626 0.5046
-6.74088334013758 0.5045
-6.74100218972 0.5044
-6.7411287947978 0.5043
-6.74127363371075 0.5042
-6.74142677212936 0.5041
-6.74157766411166 0.504
-6.7417281169732 0.5039
-6.74186420409681 0.5038
-6.74199888057576 0.5037
-6.74212031370929 0.5036
-6.74222050989656 0.5035
-6.74229846960502 0.5034
-6.7423777774394 0.5033
-6.74243178174363 0.5032
-6.74247167030468 0.5031
-6.742484815978 0.503
-6.74249731418379 0.5029
-6.74249038857587 0.5028
-6.74248139631556 0.5027
-6.74245772904443 0.5026
-6.74242613470923 0.5025
-6.74238926924845 0.5024
-6.74234918002563 0.5023
-6.74229543494827 0.5022
-6.74223839368753 0.5021
-6.74217679735749 0.502
-6.74212782679256 0.5019
-6.74206577707421 0.5018
-6.74198665893259 0.5017
-6.74189516134431 0.5016
-6.74179152417028 0.5015
-6.74167466530188 0.5014
-6.74153616493568 0.5013
-6.74138668193449 0.5012
-6.74124994027511 0.5011
-6.74112068015107 0.501
-6.74099165560909 0.5009
-6.74087457685223 0.5008
-6.74076968882014 0.5007
-6.74068655180184 0.5006
-6.74061980813235 0.5005
-6.74057104947338 0.5004
-6.740532990753 0.5003
-6.74048884410695 0.5002
-6.74046451925267 0.5001
-6.74046786223432 0.5
-6.74048676594151 0.4999
-6.74049090279097 0.4998
-6.74051194835498 0.4997
-6.74052899931911 0.4996
-6.74055440424027 0.4995
-6.74057469518403 0.4994
-6.74059265793329 0.4993
-6.74062282284563 0.4992
-6.74067217457706 0.4991
-6.74071109979046 0.499
-6.74075668018486 0.4989
-6.74079081685602 0.4988
-6.74082984712553 0.4987
-6.74086003709573 0.4986
-6.74088225049113 0.4985
-6.74089653333578 0.4984
-6.74091252674774 0.4983
-6.74091169806006 0.4982
-6.74090674925048 0.4981
-6.74090056112359 0.498
-6.74087184568408 0.4979
-6.74083366648944 0.4978
-6.74081103573181 0.4977
-6.74078683767809 0.4976
-6.74077129446861 0.4975
-6.74075506238428 0.4974
-6.74075717769217 0.4973
-6.74075723709507 0.4972
-6.74077322248712 0.4971
-6.74082123585157 0.497
-6.74088409944957 0.4969
-6.74092919223719 0.4968
-6.74097507238788 0.4967
-6.74102225625488 0.4966
-6.74107215095668 0.4965
-6.74113447799265 0.4964
-6.74118743973472 0.4963
-6.74126269325824 0.4962
-6.74133581844374 0.4961
-6.7414024969995 0.496
-6.74145975232453 0.4959
-6.74152276647474 0.4958
-6.74156669951337 0.4957
-6.74161282847285 0.4956
-6.74164601621409 0.4955
-6.74165608396217 0.4954
-6.74165270228696 0.4953
-6.74165364695045 0.4952
-6.74166284082751 0.4951
-6.7416641514592 0.495
-6.74167416524463 0.4949
-6.74168660261796 0.4948
-6.74167584837364 0.4947
-6.7416746897934 0.4946
-6.7416948214225 0.4945
-6.74172952878673 0.4944
-6.7417680585882 0.4943
-6.74180196557003 0.4942
-6.74186386134337 0.4941
-6.74194358426672 0.494
-6.74203186000745 0.4939
-6.74211649174299 0.4938
-6.74222999171359 0.4937
-6.7423388243431 0.4936
-6.74245042603947 0.4935
-6.74255704965894 0.4934
-6.7426703254217 0.4933
-6.74277867724248 0.4932
-6.74289759431699 0.4931
-6.74303556292554 0.493
-6.74316527345454 0.4929
-6.74329856240896 0.4928
-6.74342305782192 0.4927
-6.74355701911873 0.4926
-6.74365040921622 0.4925
-6.74373853087494 0.4924
-6.74382189558616 0.4923
-6.74389227200017 0.4922
-6.74394827876701 0.4921
-6.74398500488585 0.492
-6.74399724136499 0.4919
-6.74399836479903 0.4918
-6.74399725961996 0.4917
-6.74397798305332 0.4916
-6.74395588789388 0.4915
-6.74392748552861 0.4914
-6.74386915658755 0.4913
-6.74379872621977 0.4912
-6.74372549341979 0.4911
-6.74365573645281 0.491
-6.74357928723476 0.4909
-6.74348930611552 0.4908
-6.74342825072363 0.4907
-6.74337310645754 0.4906
-6.74333580414191 0.4905
-6.7433182938786 0.4904
-6.74331761851375 0.4903
-6.74332980728279 0.4902
-6.74336048360377 0.4901
-6.7434028920555 0.49
-6.74345850750479 0.4899
-6.74353501698861 0.4898
-6.74362836911408 0.4897
-6.74375389302806 0.4896
-6.74388767201157 0.4895
-6.74403088861074 0.4894
-6.74418915704384 0.4893
-6.74433357499589 0.4892
-6.74444451613182 0.4891
-6.7445766866346 0.489
-6.74470159097698 0.4889
-6.74484068423886 0.4888
-6.74496932552531 0.4887
-6.74508035722317 0.4886
-6.74519048764257 0.4885
-6.74529259706032 0.4884
-6.74536157814408 0.4883
-6.74542526025928 0.4882
-6.74547459442533 0.4881
-6.74549979141084 0.488
-6.74551734601082 0.4879
-6.74550336648299 0.4878
-6.74547185901904 0.4877
-6.74543029303198 0.4876
-6.74536202210983 0.4875
-6.74528918305676 0.4874
-6.74519962304004 0.4873
-6.74508653534222 0.4872
-6.74495707683718 0.4871
-6.74482477821155 0.487
-6.74469826682017 0.4869
-6.74455177905873 0.4868
-6.74441033215314 0.4867
-6.74429407089375 0.4866
-6.74420098424792 0.4865
-6.74409451416482 0.4864
-6.74399497349967 0.4863
-6.74389879390905 0.4862
-6.7437940850759 0.4861
-6.74369687748679 0.486
-6.74359159896931 0.4859
-6.74347879567475 0.4858
-6.74337304306192 0.4857
-6.74327918384156 0.4856
-6.74318556736313 0.4855
-6.74306273437011 0.4854
-6.74292781891926 0.4853
-6.74280153809758 0.4852
-6.74267830675644 0.4851
-6.74255189393217 0.485
-6.74244508019683 0.4849
-6.74234185729013 0.4848
-6.74225513095141 0.4847
-6.74218212405129 0.4846
-6.74213586197074 0.4845
-6.74211163970432 0.4844
-6.7421164518615 0.4843
-6.7421297570404 0.4842
-6.74214687045906 0.4841
-6.74218541648879 0.484
-6.74223016221807 0.4839
-6.74227615637527 0.4838
-6.74233370730827 0.4837
-6.74239921088452 0.4836
-6.7424952660236 0.4835
-6.7426098252544 0.4834
-6.74274143947978 0.4833
-6.74287346725882 0.4832
-6.74300665186768 0.4831
-6.74314030038596 0.483
-6.74328712452297 0.4829
-6.74344558488494 0.4828
-6.74361827594845 0.4827
-6.74380319712197 0.4826
-6.74397158414878 0.4825
-6.74414050718521 0.4824
-6.74432639547618 0.4823
-6.74450948811217 0.4822
-6.7447005534752 0.4821
-6.74488295690518 0.482
-6.74506384228548 0.4819
-6.74521928139935 0.4818
-6.74537369209404 0.4817
-6.74551593537491 0.4816
-6.7456485548167 0.4815
-6.74578567728878 0.4814
-6.74588757035688 0.4813
-6.74598089066375 0.4812
-6.74606202539621 0.4811
-6.74612987109141 0.481
-6.74615729829014 0.4809
-6.7461481919347 0.4808
-6.74610465363393 0.4807
-6.74603215746985 0.4806
-6.74592803280322 0.4805
-6.7458080249713 0.4804
-6.74565439957656 0.4803
-6.74547858823125 0.4802
-6.74529973616664 0.4801
-6.74511089347647 0.48
-6.74489545957463 0.4799
-6.7446715147169 0.4798
-6.74443728672696 0.4797
-6.74422724289565 0.4796
-6.74403529210922 0.4795
-6.74387085773445 0.4794
-6.74373445835225 0.4793
-6.74361852496999 0.4792
-6.74353100311511 0.4791
-6.74346334837372 0.479
-6.74341664149163 0.4789
-6.74337699641488 0.4788
-6.74333989564793 0.4787
-6.74332546085816 0.4786
-6.74331137486969 0.4785
-6.74329047873955 0.4784
-6.74328120334397 0.4783
-6.74328098366943 0.4782
-6.7432966263874 0.4781
-6.74332607096954 0.478
-6.74336661145454 0.4779
-6.74341847331474 0.4778
-6.74348265493346 0.4777
-6.74354190577148 0.4776
-6.74360528224277 0.4775
-6.74365239931209 0.4774
-6.74369947859728 0.4773
-6.74373104600179 0.4772
-6.74377254748265 0.4771
-6.74381946874765 0.477
-6.74388214608598 0.4769
-6.74394049939644 0.4768
-6.74399513279976 0.4767
-6.7440567151609 0.4766
-6.74412720645268 0.4765
-6.74419993335473 0.4764
-6.7442894763054 0.4763
-6.74438557407984 0.4762
-6.74447610511309 0.4761
-6.74455093124945 0.476
-6.74463751915249 0.4759
-6.74474006034395 0.4758
-6.744841847666 0.4757
-6.74492899995248 0.4756
-6.74500036712324 0.4755
-6.7450703655472 0.4754
-6.74514667284656 0.4753
-6.74522072127997 0.4752
-6.74528420865849 0.4751
-6.74532570356955 0.475
-6.74534216115256 0.4749
-6.74535210801275 0.4748
-6.74534287262157 0.4747
-6.74532685248844 0.4746
-6.74528747127256 0.4745
-6.74524042947855 0.4744
-6.74518723281127 0.4743
-6.74511440974642 0.4742
-6.74504573729436 0.4741
-6.74496098957976 0.474
-6.74485592854764 0.4739
-6.74474066216253 0.4738
-6.74461722170803 0.4737
-6.74448166457212 0.4736
-6.74434899796808 0.4735
-6.74422299224027 0.4734
-6.74409867898819 0.4733
-6.74400357112741 0.4732
-6.74392396227694 0.4731
-6.74387523184028 0.473
-6.74382201456971 0.4729
-6.743787052786 0.4728
-6.74378890973214 0.4727
-6.74381779292 0.4726
-6.74386655199453 0.4725
-6.74391896330787 0.4724
-6.74398254840684 0.4723
-6.74405091196549 0.4722
-6.74414172758497 0.4721
-6.74425792584211 0.472
-6.7443882197648 0.4719
-6.7445253116557 0.4718
-6.74465377976883 0.4717
-6.74479853330632 0.4716
-6.74495498789216 0.4715
-6.74511860921888 0.4714
-6.74527377766264 0.4713
-6.74542299608564 0.4712
-6.74555834327577 0.4711
-6.74568380377747 0.471
-6.74580480742803 0.4709
-6.74589973662542 0.4708
-6.74599434781251 0.4707
-6.74608956350518 0.4706
-6.74618630792056 0.4705
-6.74625531545709 0.4704
-6.74632724239993 0.4703
-6.74637100654793 0.4702
-6.74641374423194 0.4701
-6.74645260334343 0.47
-6.74646667114696 0.4699
-6.74646549944093 0.4698
-6.74644050512501 0.4697
-6.74640858787788 0.4696
-6.74637428528843 0.4695
-6.74636374350405 0.4694
-6.74632649296919 0.4693
-6.74630239700278 0.4692
-6.74626497907273 0.4691
-6.74622539609025 0.469
-6.74618866044073 0.4689
-6.7461409150923 0.4688
-6.74609615038353 0.4687
-6.74606908506143 0.4686
-6.74604966234424 0.4685
-6.74603498224035 0.4684
-6.74602548404778 0.4683
-6.74601130274189 0.4682
-6.74600094516294 0.4681
-6.74599119697474 0.468
-6.74598949566845 0.4679
-6.74598762072361 0.4678
-6.74600741693856 0.4677
-6.74602387997308 0.4676
-6.74601883710091 0.4675
-6.74601202630979 0.4674
-6.74600734074855 0.4673
-6.74600829686603 0.4672
-6.74599238731057 0.4671
-6.74598178323877 0.467
-6.74597021098254 0.4669
-6.74593971526515 0.4668
-6.74591132698865 0.4667
-6.74587584209675 0.4666
-6.74583642835435 0.4665
-6.74579529591638 0.4664
-6.74575350190943 0.4663
-6.74571721108078 0.4662
-6.74568440675058 0.4661
-6.74562802902838 0.466
-6.74556781653664 0.4659
-6.74549625630793 0.4658
-6.74542942698594 0.4657
-6.74536138831967 0.4656
-6.74530628251832 0.4655
-6.74523983230364 0.4654
-6.74517919236834 0.4653
-6.74512024417093 0.4652
-6.74506620632401 0.4651
-6.74501042127886 0.465
-6.74494185740394 0.4649
-6.74486921611301 0.4648
-6.744808826474 0.4647
-6.74474740464221 0.4646
-6.74468916043043 0.4645
-6.74462873386836 0.4644
-6.74457544446943 0.4643
-6.74453108563697 0.4642
-6.74449940501308 0.4641
-6.74447440110652 0.464
-6.74445612113046 0.4639
-6.74443791712901 0.4638
-6.74443624699007 0.4637
-6.74443002688988 0.4636
-6.7444208712118 0.4635
-6.74442597107322 0.4634
-6.74443265253616 0.4633
-6.7444256018619 0.4632
-6.74441812647117 0.4631
-6.7443901226985 0.463
-6.74435108040997 0.4629
-6.74431510238874 0.4628
-6.74425798468069 0.4627
-6.74419744257211 0.4626
-6.74413565437424 0.4625
-6.7440528556771 0.4624
-6.74396557178413 0.4623
-6.74390252834041 0.4622
-6.74385472734607 0.4621
-6.74380427909451 0.462
-6.74376617487682 0.4619
-6.74371152066402 0.4618
-6.7436847365731 0.4617
-6.74367029240077 0.4616
-6.74365858733428 0.4615
-6.74365263055389 0.4614
-6.74366518281977 0.4613
-6.74370207914073 0.4612
-6.74375985657811 0.4611
-6.74382216806688 0.461
-6.74390650566144 0.4609
-6.74401032700612 0.4608
-6.74411714988267 0.4607
-6.74422606918447 0.4606
-6.74433676937343 0.4605
-6.7444321210454 0.4604
-6.7445092002417 0.4603
-6.74459099650275 0.4602
-6.74468119748024 0.4601
-6.74477876966379 0.46
-6.74487426046482 0.4599
-6.74497200325068 0.4598
-6.74506996363807 0.4597
-6.74516112903401 0.4596
-6.74524519689005 0.4595
-6.74530744750472 0.4594
-6.74537151927215 0.4593
-6.7454228711259 0.4592
-6.74548665450726 0.4591
-6.74554148405279 0.459
-6.74558722523084 0.4589
-6.74563191260402 0.4588
-6.74568366795438 0.4587
-6.74572951840475 0.4586
-6.74580872348115 0.4585
-6.74587726639726 0.4584
-6.74595073069606 0.4583
-6.74603262935476 0.4582
-6.74610061780421 0.4581
-6.74613922528935 0.458
-6.74615075750942 0.4579
-6.7461498402054 0.4578
-6.74612924411027 0.4577
-6.74610019087492 0.4576
-6.74606053577492 0.4575
-6.74599312627099 0.4574
-6.74592039325723 0.4573
-6.74584618913709 0.4572
-6.74577292100653 0.4571
-6.74571736489371 0.457
-6.74566641208731 0.4569
-6.74562209366106 0.4568
-6.74557286259354 0.4567
-6.7455366912873 0.4566
-6.74551187731343 0.4565
-6.74550302125019 0.4564
-6.74549032343535 0.4563
-6.74548730878563 0.4562
-6.7455117196103 0.4561
-6.74553997832336 0.456
-6.74556004350887 0.4559
-6.74560424693429 0.4558
-6.74566454173257 0.4557
-6.74572951833401 0.4556
-6.74581304380463 0.4555
-6.74591583131672 0.4554
-6.74603970722667 0.4553
-6.74619222759159 0.4552
-6.7463721495562 0.4551
-6.74657007748005 0.455
-6.74678255439597 0.4549
-6.74699610255906 0.4548
-6.74724136245965 0.4547
-6.74748467735395 0.4546
-6.74773797166353 0.4545
-6.74798653622902 0.4544
-6.74824185750152 0.4543
-6.74848909655728 0.4542
-6.7487272575113 0.4541
-6.7489274432822 0.454
-6.74909821055539 0.4539
-6.74924448416709 0.4538
-6.74935422647266 0.4537
-6.74944813175528 0.4536
-6.74950845863403 0.4535
-6.74952770655973 0.4534
-6.74952303800499 0.4533
-6.74950569137613 0.4532
-6.74945777472162 0.4531
-6.7493861301705 0.453
-6.74927138294245 0.4529
-6.74913928654955 0.4528
-6.7489849984937 0.4527
-6.74879645950174 0.4526
-6.74860326923844 0.4525
-6.74840404912437 0.4524
-6.74820550390376 0.4523
-6.7479958076157 0.4522
-6.7478098208316 0.4521
-6.74764156206449 0.452
-6.74747809321018 0.4519
-6.74731217797536 0.4518
-6.74714148491502 0.4517
-6.74697909261883 0.4516
-6.74682944290625 0.4515
-6.74668809046701 0.4514
-6.74656791180198 0.4513
-6.74643990947218 0.4512
-6.74632880890496 0.4511
-6.74623060507301 0.451
-6.74612134792191 0.4509
-6.74603614663112 0.4508
-6.74594701992069 0.4507
-6.74585511686208 0.4506
-6.74575808975526 0.4505
-6.74567217096497 0.4504
-6.74559182880176 0.4503
-6.74550998331751 0.4502
-6.7454469434278 0.4501
-6.7453930932384 0.45
-6.74535473241648 0.4499
-6.74531680192499 0.4498
-6.74527362880319 0.4497
-6.74524041958142 0.4496
-6.74521046001673 0.4495
-6.74519203631892 0.4494
-6.74519245496919 0.4493
-6.7452165259446 0.4492
-6.74524145331681 0.4491
-6.74526145221182 0.449
-6.74528707977252 0.4489
-6.74531572253868 0.4488
-6.74534472941207 0.4487
-6.74538021106596 0.4486
-6.74542517894342 0.4485
-6.74546292088387 0.4484
-6.74549202739546 0.4483
-6.74550895407714 0.4482
-6.74554022168764 0.4481
-6.74557255882042 0.448
-6.74560733010511 0.4479
-6.7456407927418 0.4478
-6.74569438570277 0.4477
-6.74574388514925 0.4476
-6.7458056080747 0.4475
-6.74587459245331 0.4474
-6.745958478216 0.4473
-6.74603958132422 0.4472
-6.74612670667039 0.4471
-6.74621552724515 0.447
-6.74630312824902 0.4469
-6.74637931026714 0.4468
-6.74644888086337 0.4467
-6.74650528412963 0.4466
-6.74654940488595 0.4465
-6.74660188806063 0.4464
-6.74665471566837 0.4463
-6.74669553870578 0.4462
-6.7467337260143 0.4461
-6.74676958639278 0.446
-6.74681029972701 0.4459
-6.74686026652295 0.4458
-6.74692161315785 0.4457
-6.74697843623871 0.4456
-6.74702992236423 0.4455
-6.74708174878048 0.4454
-6.74712107952431 0.4453
-6.74716449596261 0.4452
-6.74720888322763 0.4451
-6.74725961157845 0.445
-6.74730244064925 0.4449
-6.74735288961895 0.4448
-6.74741182200075 0.4447
-6.7474635936188 0.4446
-6.7475253827896 0.4445
-6.74757750513346 0.4444
-6.74761535620742 0.4443
-6.74764621811655 0.4442
-6.74768748094507 0.4441
-6.74772291213899 0.444
-6.74776826027343 0.4439
-6.74780992637192 0.4438
-6.74785729423875 0.4437
-6.74789820611304 0.4436
-6.74792591359076 0.4435
-6.747943298701 0.4434
-6.74793006453309 0.4433
-6.74788839591048 0.4432
-6.74784057584407 0.4431
-6.74779479151728 0.443
-6.74772363454995 0.4429
-6.7476328841539 0.4428
-6.74752213767509 0.4427
-6.74742483318554 0.4426
-6.74732318884192 0.4425
-6.74720974021874 0.4424
-6.74710910598764 0.4423
-6.74699086986155 0.4422
-6.74687983644978 0.4421
-6.74676438571907 0.442
-6.7466540793469 0.4419
-6.74654733623937 0.4418
-6.74644301778269 0.4417
-6.74633150455474 0.4416
-6.74622618409838 0.4415
-6.74613917566882 0.4414
-6.74606023893914 0.4413
-6.74598137105269 0.4412
-6.74589219281045 0.4411
-6.74581294306028 0.441
-6.74573405739683 0.4409
-6.74565985126398 0.4408
-6.74561695003342 0.4407
-6.74557902779478 0.4406
-6.74556037850615 0.4405
-6.7455560125711 0.4404
-6.74555621889738 0.4403
-6.7455809124882 0.4402
-6.74563111144671 0.4401
-6.74569013390371 0.44
-6.74576520251133 0.4399
-6.74585482666817 0.4398
-6.74594113175446 0.4397
-6.74601772105282 0.4396
-6.74610586275015 0.4395
-6.74619825540707 0.4394
-6.7463083061748 0.4393
-6.74640869058048 0.4392
-6.74650356607415 0.4391
-6.74659476015262 0.439
-6.74668915282667 0.4389
-6.74677261447695 0.4388
-6.74683719230261 0.4387
-6.74687672301533 0.4386
-6.74691937763989 0.4385
-6.74695399994976 0.4384
-6.74698683308932 0.4383
-6.74699948551115 0.4382
-6.7470043409309 0.4381
-6.74699271276669 0.438
-6.74699597960379 0.4379
-6.74699999322177 0.4378
-6.74699317149635 0.4377
-6.74698724581746 0.4376
-6.74700012289571 0.4375
-6.74703089527278 0.4374
-6.74706717707106 0.4373
-6.74709313596811 0.4372
-6.74712589648959 0.4371
-6.74717068709762 0.437
-6.74722922369074 0.4369
-6.74731375955955 0.4368
-6.74742286217178 0.4367
-6.74755373777158 0.4366
-6.74770478863963 0.4365
-6.74783799399177 0.4364
-6.74797232597744 0.4363
-6.74813158053514 0.4362
-6.74826552513042 0.4361
-6.74837923237147 0.436
-6.74847846081522 0.4359
-6.74855721467402 0.4358
-6.74862748983078 0.4357
-6.74867668074111 0.4356
-6.74871396572844 0.4355
-6.74875259880902 0.4354
-6.74878525128828 0.4353
-6.74879596160341 0.4352
-6.74880416903615 0.4351
-6.74881902539495 0.435
-6.74882097882626 0.4349
-6.7488115058396 0.4348
-6.74878334222474 0.4347
-6.74874308246221 0.4346
-6.74870791195964 0.4345
-6.74867404375211 0.4344
-6.74863857288651 0.4343
-6.74862378275376 0.4342
-6.74860935400867 0.4341
-6.74861063336414 0.434
-6.74860903336959 0.4339
-6.74860408021841 0.4338
-6.74858757628665 0.4337
-6.74855934164906 0.4336
-6.74853092248619 0.4335
-6.74850330762915 0.4334
-6.74849886269885 0.4333
-6.74851553847637 0.4332
-6.74854956937864 0.4331
-6.74862206695694 0.433
-6.74870233486796 0.4329
-6.74877806390969 0.4328
-6.74887466751061 0.4327
-6.74898213495161 0.4326
-6.74908159496255 0.4325
-6.74916396376994 0.4324
-6.74925580204289 0.4323
-6.74934564738554 0.4322
-6.74942754284138 0.4321
-6.74949588661004 0.432
-6.74956240941647 0.4319
-6.74963825876335 0.4318
-6.74970488563305 0.4317
-6.74977004244434 0.4316
-6.74982267089133 0.4315
-6.74987952251679 0.4314
-6.74993381783443 0.4313
-6.74999492655883 0.4312
-6.75004865165187 0.4311
-6.75011483916372 0.431
-6.75018938781568 0.4309
-6.75024717050168 0.4308
-6.75030730904726 0.4307
-6.75036652977105 0.4306
-6.7504390309151 0.4305
-6.7505125067807 0.4304
-6.75055927191064 0.4303
-6.75061065296498 0.4302
-6.75065607923354 0.4301
-6.75068306874211 0.43
-6.75070231801563 0.4299
-6.75070162805204 0.4298
-6.75070762169508 0.4297
-6.75070106204744 0.4296
-6.75071292269655 0.4295
-6.75071456146406 0.4294
-6.75069396675997 0.4293
-6.75068664627302 0.4292
-6.7506620615298 0.4291
-6.75062788983798 0.429
-6.75059602115229 0.4289
-6.75057841265379 0.4288
-6.7505374944147 0.4287
-6.75047249154679 0.4286
-6.7504094697608 0.4285
-6.75033196210086 0.4284
-6.75026695932115 0.4283
-6.7502178030758 0.4282
-6.75016823983959 0.4281
-6.75012634466173 0.428
-6.75007633393391 0.4279
-6.75004759412392 0.4278
-6.7500351816258 0.4277
-6.75002026756737 0.4276
-6.75000248001161 0.4275
-6.74998566373442 0.4274
-6.74995803905856 0.4273
-6.74992186367118 0.4272
-6.74988900905203 0.4271
-6.74986790717889 0.427
-6.74983432153074 0.4269
-6.74980849259716 0.4268
-6.74977136444576 0.4267
-6.74970252058633 0.4266
-6.74962562106501 0.4265
-6.74953239040773 0.4264
-6.74944147498292 0.4263
-6.74934169758876 0.4262
-6.74925312977824 0.4261
-6.74917035041372 0.426
-6.74911357139264 0.4259
-6.74907220619681 0.4258
-6.74905740936587 0.4257
-6.74904867254203 0.4256
-6.7490669853003 0.4255
-6.74909998090402 0.4254
-6.74913948631312 0.4253
-6.74918641758114 0.4252
-6.74924432105247 0.4251
-6.74930912719459 0.425
-6.74940037687245 0.4249
-6.74950866933306 0.4248
-6.74963034529457 0.4247
-6.74976642063542 0.4246
-6.74992106183351 0.4245
-6.75009799176901 0.4244
-6.75026219944833 0.4243
-6.7504071034073 0.4242
-6.75055185954247 0.4241
-6.75068837038823 0.424
-6.75080527258424 0.4239
-6.75091548920396 0.4238
-6.75099685301325 0.4237
-6.75106474260051 0.4236
-6.75111199625188 0.4235
-6.75112907915223 0.4234
-6.75111260107385 0.4233
-6.75108639827444 0.4232
-6.75103607414006 0.4231
-6.75096359507253 0.423
-6.7508810966119 0.4229
-6.75080417206543 0.4228
-6.75074001555515 0.4227
-6.75065889133406 0.4226
-6.75058172749272 0.4225
-6.75050622022513 0.4224
-6.75044269525048 0.4223
-6.75038839456249 0.4222
-6.7503488079003 0.4221
-6.75029457905989 0.422
-6.75023511689105 0.4219
-6.75020015364734 0.4218
-6.7501650819027 0.4217
-6.7501201469759 0.4216
-6.75011025856725 0.4215
-6.75008802674928 0.4214
-6.7500588887392 0.4213
-6.75003630794289 0.4212
-6.75001099793117 0.4211
-6.74998055265181 0.421
-6.74993228102504 0.4209
-6.74987622678718 0.4208
-6.74981449390296 0.4207
-6.74974551062731 0.4206
-6.74967349833877 0.4205
-6.74957821471659 0.4204
-6.74949245089737 0.4203
-6.74941344452728 0.4202
-6.74933172601623 0.4201
-6.74923902727444 0.42
-6.74917680846692 0.4199
-6.74912723972939 0.4198
-6.74907389821875 0.4197
-6.74904553173849 0.4196
-6.74902325388536 0.4195
-6.74900827671944 0.4194
-6.74899280619667 0.4193
-6.74899920131644 0.4192
-6.74903443697555 0.4191
-6.74907743209866 0.419
-6.74913006363713 0.4189
-6.74916438733105 0.4188
-6.74920624598284 0.4187
-6.74924513708293 0.4186
-6.7492955251146 0.4185
-6.74935756464896 0.4184
-6.7494482389439 0.4183
-6.74954970282275 0.4182
-6.74967395159505 0.4181
-6.74982613971902 0.418
-6.74997809206108 0.4179
-6.75010802665255 0.4178
-6.75023741800858 0.4177
-6.75037426461776 0.4176
-6.75048560970619 0.4175
-6.75060443835661 0.4174
-6.75070717120863 0.4173
-6.75079308463239 0.4172
-6.75088472026956 0.4171
-6.75098490368794 0.417
-6.75105932309527 0.4169
-6.75112340840369 0.4168
-6.75119198032793 0.4167
-6.75124636729799 0.4166
-6.75130995092813 0.4165
-6.75137259697074 0.4164
-6.75142276721299 0.4163
-6.75146654318991 0.4162
-6.75152761751288 0.4161
-6.75160423017475 0.416
-6.75169186040606 0.4159
-6.75178954604955 0.4158
-6.75187851764646 0.4157
-6.75195917315383 0.4156
-6.75204032736463 0.4155
-6.75211761807141 0.4154
-6.75215309656204 0.4153
-6.7521920232146 0.4152
-6.75221940228335 0.4151
-6.75223971332235 0.415
-6.75226462417986 0.4149
-6.75228380855445 0.4148
-6.75230652616425 0.4147
-6.75233549345226 0.4146
-6.75235741875863 0.4145
-6.75237991411505 0.4144
-6.75241731214514 0.4143
-6.75245100547364 0.4142
-6.75248462139683 0.4141
-6.75251150445105 0.414
-6.75254356591663 0.4139
-6.75257113281809 0.4138
-6.75258782069515 0.4137
-6.752610142523 0.4136
-6.75263737086802 0.4135
-6.75265187293079 0.4134
-6.7526481891932 0.4133
-6.75264497073394 0.4132
-6.75263746037776 0.4131
-6.75260673329864 0.413
-6.75258397915942 0.4129
-6.7525727540616 0.4128
-6.75255383564929 0.4127
-6.752542761514 0.4126
-6.75252806125421 0.4125
-6.75252499950439 0.4124
-6.75251636822178 0.4123
-6.75251111704941 0.4122
-6.75251676261638 0.4121
-6.75251971177789 0.412
-6.75250299026406 0.4119
-6.75251025272569 0.4118
-6.75248942761522 0.4117
-6.75248020329987 0.4116
-6.75247470465396 0.4115
-6.7524805572364 0.4114
-6.75251348142774 0.4113
-6.75255852744591 0.4112
-6.75261849561177 0.4111
-6.75268308023778 0.411
-6.75275956545855 0.4109
-6.75284305403461 0.4108
-6.75292482742568 0.4107
-6.75300545839487 0.4106
-6.75308487632729 0.4105
-6.7531782891439 0.4104
-6.75325705679959 0.4103
-6.75332904094019 0.4102
-6.75340373631846 0.4101
-6.75347734589652 0.41
-6.75354775609257 0.4099
-6.75360991530013 0.4098
-6.75366542117879 0.4097
-6.75368830375096 0.4096
-6.75368826205053 0.4095
-6.75367581626247 0.4094
-6.75367682426501 0.4093
-6.75366347885086 0.4092
-6.75364765956599 0.4091
-6.75362777287984 0.409
-6.75359298339714 0.4089
-6.7535420595846 0.4088
-6.75346232091722 0.4087
-6.75336421300005 0.4086
-6.75326985159629 0.4085
-6.7531523320043 0.4084
-6.75302680114399 0.4083
-6.7528816311643 0.4082
-6.75275300548965 0.4081
-6.75261788456965 0.408
-6.75248656096102 0.4079
-6.75238607893145 0.4078
-6.7522986230545 0.4077
-6.752210791668 0.4076
-6.75215340445505 0.4075
-6.75212074761551 0.4074
-6.75210258190975 0.4073
-6.75210362856314 0.4072
-6.7521233195517 0.4071
-6.75216825047741 0.407
-6.75223351282847 0.4069
-6.75231750006772 0.4068
-6.75242274007687 0.4067
-6.75254681665771 0.4066
-6.75267191659309 0.4065
-6.75281447769482 0.4064
-6.75297259284587 0.4063
-6.75315149825938 0.4062
-6.75333925209296 0.4061
-6.75352460858981 0.406
-6.75370547455558 0.4059
-6.75388608081221 0.4058
-6.75403869459192 0.4057
-6.75419651859269 0.4056
-6.75433973351355 0.4055
-6.75446464425623 0.4054
-6.75456745305509 0.4053
-6.75463250929115 0.4052
-6.75467167415174 0.4051
-6.75468696495017 0.405
-6.75468032780851 0.4049
-6.75466735159521 0.4048
-6.75465760510778 0.4047
-6.75463384103529 0.4046
-6.75459676878964 0.4045
-6.75456790938398 0.4044
-6.75451713561651 0.4043
-6.75446525540618 0.4042
-6.75440587948793 0.4041
-6.75433504546624 0.404
-6.75425836388778 0.4039
-6.75416009666024 0.4038
-6.75404752801081 0.4037
-6.75393641452339 0.4036
-6.75383355000816 0.4035
-6.75374476903645 0.4034
-6.75365952898789 0.4033
-6.75358479054087 0.4032
-6.75349793510417 0.4031
-6.75344311039203 0.403
-6.75341425607938 0.4029
-6.75339344443408 0.4028
-6.75338566638966 0.4027
-6.75338534303232 0.4026
-6.75339600218192 0.4025
-6.75340083180433 0.4024
-6.75339877804135 0.4023
-6.75337963748607 0.4022
-6.75334998694565 0.4021
-6.75330873611397 0.402
-6.75328532293437 0.4019
-6.75326028285426 0.4018
-6.75324286951927 0.4017
-6.75321833062681 0.4016
-6.75319030571465 0.4015
-6.75316556104504 0.4014
-6.75313686490067 0.4013
-6.75310604547727 0.4012
-6.75307500080428 0.4011
-6.75304126280817 0.401
-6.75299748283681 0.4009
-6.75296005475428 0.4008
-6.75293822994954 0.4007
-6.75290401961682 0.4006
-6.75287515430632 0.4005
-6.75285092423381 0.4004
-6.75283006060263 0.4003
-6.75278439654248 0.4002
-6.75273212819115 0.4001
-6.75270501939886 0.4
-6.75269358921492 0.3999
-6.75269564015026 0.3998
-6.75271209362329 0.3997
-6.75273397506903 0.3996
-6.75276439656575 0.3995
-6.75282196112975 0.3994
-6.75288680585071 0.3993
-6.7529601924056 0.3992
-6.75305136189799 0.3991
-6.75313767159359 0.399
-6.75321950982683 0.3989
-6.75328257147144 0.3988
-6.75335936274701 0.3987
-6.75343498640629 0.3986
-6.75352079472736 0.3985
-6.75360830517586 0.3984
-6.75370615521927 0.3983
-6.75379574800968 0.3982
-6.75387378013672 0.3981
-6.75393759700562 0.398
-6.75398190800538 0.3979
-6.75401756952311 0.3978
-6.75404771743121 0.3977
-6.75408904829787 0.3976
-6.75412932607065 0.3975
-6.7541626765976 0.3974
-6.75418972539595 0.3973
-6.75420775796535 0.3972
-6.75421719023121 0.3971
-6.75421822207542 0.397
-6.75421322264755 0.3969
-6.75420894152338 0.3968
-6.75424856885439 0.3967
-6.75430064502561 0.3966
-6.75435119241511 0.3965
-6.75442791198502 0.3964
-6.75451695848181 0.3963
-6.75461567028929 0.3962
-6.75472149388031 0.3961
-6.75483998483396 0.396
-6.75496932272282 0.3959
-6.75510796991833 0.3958
-6.75524499421682 0.3957
-6.75538966611993 0.3956
-6.75553827039107 0.3955
-6.75566650107612 0.3954
-6.75579380919197 0.3953
-6.75590852160145 0.3952
-6.75602788456024 0.3951
-6.75614226845143 0.395
-6.75623622904812 0.3949
-6.75630176093154 0.3948
-6.75636829910423 0.3947
-6.75644424268221 0.3946
-6.75650516070429 0.3945
-6.75654879218024 0.3944
-6.75657660419917 0.3943
-6.7566034323232 0.3942
-6.75661781138138 0.3941
-6.75662633223631 0.394
-6.75663327245742 0.3939
-6.7566396325959 0.3938
-6.75664647164912 0.3937
-6.75666144369445 0.3936
-6.75667853099462 0.3935
-6.75669252300299 0.3934
-6.75670691618352 0.3933
-6.75672158595109 0.3932
-6.75673397915349 0.3931
-6.75675370529791 0.393
-6.75679899754931 0.3929
-6.75684038824247 0.3928
-6.75689160835581 0.3927
-6.75696843909473 0.3926
-6.75703655486641 0.3925
-6.75711096383936 0.3924
-6.75718071458034 0.3923
-6.75725371579591 0.3922
-6.75733772076119 0.3921
-6.75743076587039 0.392
-6.75751088743839 0.3919
-6.75760049470735 0.3918
-6.75768958661495 0.3917
-6.75775108963952 0.3916
-6.75779373807209 0.3915
-6.75781299803857 0.3914
-6.75783809836259 0.3913
-6.75787725509707 0.3912
-6.75790603645279 0.3911
-6.75793670889698 0.391
-6.75795972445056 0.3909
-6.75798252770205 0.3908
-6.75799859551099 0.3907
-6.75801165344003 0.3906
-6.75801562869632 0.3905
-6.75801551984566 0.3904
-6.75799755135126 0.3903
-6.75796125312029 0.3902
-6.7579345952187 0.3901
-6.75789781835429 0.39
-6.75783380128894 0.3899
-6.75775772886855 0.3898
-6.75767525418761 0.3897
-6.75758776550167 0.3896
-6.75748620796795 0.3895
-6.7573921429798 0.3894
-6.75728635715299 0.3893
-6.75717072035171 0.3892
-6.75705667250911 0.3891
-6.75694090414437 0.389
-6.75681951503785 0.3889
-6.75669643248574 0.3888
-6.75658389891339 0.3887
-6.75648226790054 0.3886
-6.75639292120146 0.3885
-6.75631877292768 0.3884
-6.75625067842949 0.3883
-6.75618392124897 0.3882
-6.7561314965005 0.3881
-6.75608786019101 0.388
-6.75606608925937 0.3879
-6.75605351121865 0.3878
-6.75605295225121 0.3877
-6.75605941074545 0.3876
-6.75609956883035 0.3875
-6.75615576082874 0.3874
-6.75622693505731 0.3873
-6.75628675562813 0.3872
-6.75633896036666 0.3871
-6.75638781851104 0.387
-6.75645289953694 0.3869
-6.75651380581916 0.3868
-6.75657489023314 0.3867
-6.75663428119288 0.3866
-6.75666434747287 0.3865
-6.75669769904833 0.3864
-6.75671964769563 0.3863
-6.75673328884815 0.3862
-6.75671505504766 0.3861
-6.75670286863258 0.386
-6.75667635917556 0.3859
-6.75664260722804 0.3858
-6.75660148606447 0.3857
-6.75657136135907 0.3856
-6.75652847440371 0.3855
-6.7564866915079 0.3854
-6.75646295080618 0.3853
-6.75644075009414 0.3852
-6.75642949857003 0.3851
-6.7564190766377 0.385
-6.75640010211776 0.3849
-6.75638590496165 0.3848
-6.75638294004347 0.3847
-6.75638687426225 0.3846
-6.75639599575603 0.3845
-6.75640225312102 0.3844
-6.75640793200729 0.3843
-6.7564280383197 0.3842
-6.75645244876433 0.3841
-6.75647554882111 0.384
-6.75649530289511 0.3839
-6.75653091815895 0.3838
-6.7565715592427 0.3837
-6.75660321347554 0.3836
-6.75662817409293 0.3835
-6.75667195217128 0.3834
-6.75671373403673 0.3833
-6.75674368017166 0.3832
-6.75675703837012 0.3831
-6.75674767290715 0.383
-6.7567289721237 0.3829
-6.75668810647979 0.3828
-6.75662931712367 0.3827
-6.75657171375644 0.3826
-6.75652323304153 0.3825
-6.75646167352066 0.3824
-6.75640013393668 0.3823
-6.75633032221653 0.3822
-6.75626316175703 0.3821
-6.75618500300104 0.382
-6.75610869219936 0.3819
-6.75605889039206 0.3818
-6.75600943813311 0.3817
-6.7559711458446 0.3816
-6.75593718118454 0.3815
-6.75592065371737 0.3814
-6.7559063185697 0.3813
-6.75588869593194 0.3812
-6.75588326924943 0.3811
-6.75589533898892 0.381
-6.75590440478215 0.3809
-6.7559246948519 0.3808
-6.75596917672368 0.3807
-6.75601177648816 0.3806
-6.75606531643005 0.3805
-6.75612225841496 0.3804
-6.75618372963264 0.3803
-6.75625525411311 0.3802
-6.75635469190475 0.3801
-6.75645811540213 0.38
-6.75655651758529 0.3799
-6.75665262686941 0.3798
-6.75675186234662 0.3797
-6.75682013119688 0.3796
-6.75688592470345 0.3795
-6.75691875635298 0.3794
-6.75695898585481 0.3793
-6.75699531498496 0.3792
-6.75701987502971 0.3791
-6.7570424479672 0.379
-6.75705818303774 0.3789
-6.75707711368467 0.3788
-6.75707871370061 0.3787
-6.75707092416298 0.3786
-6.75705808529796 0.3785
-6.75703228428748 0.3784
-6.75702145965176 0.3783
-6.75701151644911 0.3782
-6.75702192667819 0.3781
-6.75703997411823 0.378
-6.75707658385022 0.3779
-6.75711780836714 0.3778
-6.75715624308791 0.3777
-6.75719766671485 0.3776
-6.75725346865098 0.3775
-6.75730854090068 0.3774
-6.75737235782783 0.3773
-6.7574540003934 0.3772
-6.75752735188286 0.3771
-6.75761593084444 0.377
-6.7577119816313 0.3769
-6.75782699792021 0.3768
-6.75795416815453 0.3767
-6.75809085379641 0.3766
-6.75822299034583 0.3765
-6.7583364222443 0.3764
-6.75843944826158 0.3763
-6.75851903332039 0.3762
-6.75857914291816 0.3761
-6.75862979022734 0.376
-6.75865740172176 0.3759
-6.75867903617945 0.3758
-6.75871114938807 0.3757
-6.75872124998215 0.3756
-6.75871621080306 0.3755
-6.75870402712731 0.3754
-6.75868728763872 0.3753
-6.75866878284214 0.3752
-6.75863531053488 0.3751
-6.75860972766205 0.375
-6.75859928765509 0.3749
-6.75857884802669 0.3748
-6.75856300886242 0.3747
-6.7585514536731 0.3746
-6.75858397800295 0.3745
-6.75864548395373 0.3744
-6.75872767856348 0.3743
-6.75885150932723 0.3742
-6.75900909696926 0.3741
-6.75918527363141 0.374
-6.75936495699185 0.3739
-6.75955179231465 0.3738
-6.7597578136974 0.3737
-6.75998022064779 0.3736
-6.76021053787665 0.3735
-6.76045259384779 0.3734
-6.76069569928075 0.3733
-6.76090645624997 0.3732
-6.7611171558476 0.3731
-6.76131914217028 0.373
-6.76150562315182 0.3729
-6.76167388427956 0.3728
-6.76181600511537 0.3727
-6.76192220214512 0.3726
-6.76199668131299 0.3725
-6.76205096640054 0.3724
-6.76207661587171 0.3723
-6.76210083281336 0.3722
-6.76212127530929 0.3721
-6.76213223584147 0.372
-6.76213029275333 0.3719
-6.762119568891 0.3718
-6.76208735555154 0.3717
-6.76203878987385 0.3716
-6.76196791041518 0.3715
-6.7619011510855 0.3714
-6.76184527114884 0.3713
-6.76180797493932 0.3712
-6.7617656821091 0.3711
-6.76172976151368 0.371
-6.76168947461471 0.3709
-6.76164826963984 0.3708
-6.76159968726438 0.3707
-6.76156569853937 0.3706
-6.76152811622774 0.3705
-6.76149145755711 0.3704
-6.76144809466287 0.3703
-6.7614061739365 0.3702
-6.76136814806577 0.3701
-6.76132653843812 0.37
-6.76129474291502 0.3699
-6.7612635460722 0.3698
-6.76124244964967 0.3697
-6.76123731657064 0.3696
-6.76123241030818 0.3695
-6.76124744850983 0.3694
-6.76126203221031 0.3693
-6.76127765868902 0.3692
-6.76128474416824 0.3691
-6.7612796509129 0.369
-6.76129060647528 0.3689
-6.76129523808553 0.3688
-6.76130238346094 0.3687
-6.76132671515202 0.3686
-6.76135371018371 0.3685
-6.7613773500774 0.3684
-6.76140146985401 0.3683
-6.76141277944866 0.3682
-6.76142560151375 0.3681
-6.76144724842059 0.368
-6.76146016481216 0.3679
-6.76147998537592 0.3678
-6.76150383381642 0.3677
-6.76152539231008 0.3676
-6.76154414069133 0.3675
-6.76159144460988 0.3674
-6.76162057366024 0.3673
-6.76164106850414 0.3672
-6.76166240064183 0.3671
-6.76169177600033 0.367
-6.7617375270229 0.3669
-6.76179620257049 0.3668
-6.76184045209242 0.3667
-6.76186325576635 0.3666
-6.76189287014973 0.3665
-6.76191589704711 0.3664
-6.76194850829041 0.3663
-6.76196767800959 0.3662
-6.76197675682568 0.3661
-6.76198090557089 0.366
-6.76200336269618 0.3659
-6.76201413578544 0.3658
-6.76201556513126 0.3657
-6.76202837666609 0.3656
-6.7620289090195 0.3655
-6.76202628116456 0.3654
-6.76201385602837 0.3653
-6.7620091904889 0.3652
-6.76200760121898 0.3651
-6.76200303688799 0.365
-6.76199299191109 0.3649
-6.76198298646578 0.3648
-6.76198517686024 0.3647
-6.7620107097247 0.3646
-6.76203315277481 0.3645
-6.76206532019676 0.3644
-6.76209863156189 0.3643
-6.76212548121279 0.3642
-6.76216073051994 0.3641
-6.76220768025722 0.364
-6.76224176579248 0.3639
-6.76226519956593 0.3638
-6.76227844084403 0.3637
-6.76230110653981 0.3636
-6.76233467298435 0.3635
-6.76234944909612 0.3634
-6.76235174698696 0.3633
-6.76234323461556 0.3632
-6.76235029905402 0.3631
-6.76235999472992 0.363
-6.76236462111159 0.3629
-6.76235113962565 0.3628
-6.76233491259345 0.3627
-6.7623134232215 0.3626
-6.76228936637808 0.3625
-6.76225789089635 0.3624
-6.76222971220389 0.3623
-6.76220037023365 0.3622
-6.76217426812366 0.3621
-6.76215487943125 0.362
-6.76215017975996 0.3619
-6.76215404388126 0.3618
-6.76216328179017 0.3617
-6.76217858253961 0.3616
-6.76219073718881 0.3615
-6.76220346690364 0.3614
-6.76222906780204 0.3613
-6.76227358811796 0.3612
-6.76232487025015 0.3611
-6.76238346685399 0.361
-6.76245816526036 0.3609
-6.76253471187313 0.3608
-6.76260640949747 0.3607
-6.76267369006435 0.3606
-6.76272479479179 0.3605
-6.76279354021059 0.3604
-6.76284008043807 0.3603
-6.76288809949699 0.3602
-6.7629203666239 0.3601
-6.76292236494253 0.36
-6.76290603502969 0.3599
-6.76288367642334 0.3598
-6.76283860286207 0.3597
-6.76276023306678 0.3596
-6.76266879464861 0.3595
-6.76255601971432 0.3594
-6.76244252914955 0.3593
-6.76231493958407 0.3592
-6.76217772850063 0.3591
-6.76201755907901 0.359
-6.76184515693731 0.3589
-6.76167529171724 0.3588
-6.76150342601041 0.3587
-6.76131842728336 0.3586
-6.76113875052322 0.3585
-6.76095924537839 0.3584
-6.76080623633231 0.3583
-6.76065906439256 0.3582
-6.76053704066945 0.3581
-6.76044339325179 0.358
-6.7603627906227 0.3579
-6.76029395289112 0.3578
-6.76025473106896 0.3577
-6.760231035477 0.3576
-6.76022953369601 0.3575
-6.76025006130856 0.3574
-6.76029029686531 0.3573
-6.76034631747249 0.3572
-6.76040107162869 0.3571
-6.76046456113455 0.357
-6.76054605317138 0.3569
-6.76062508240492 0.3568
-6.7606915822499 0.3567
-6.76076588073513 0.3566
-6.76082699045162 0.3565
-6.76088444845224 0.3564
-6.76093833456017 0.3563
-6.76099510947478 0.3562
-6.76105257284792 0.3561
-6.76109787251503 0.356
-6.76113880835938 0.3559
-6.76118691423266 0.3558
-6.76123152893551 0.3557
-6.76127916785673 0.3556
-6.76132093038752 0.3555
-6.76137185154572 0.3554
-6.76141134769338 0.3553
-6.76145010332244 0.3552
-6.76148204540046 0.3551
-6.76151883697848 0.355
-6.7615638158838 0.3549
-6.76159507382397 0.3548
-6.7616028860733 0.3547
-6.7616199100427 0.3546
-6.76162815713199 0.3545
-6.76161605605323 0.3544
-6.76159902125457 0.3543
-6.76157633654238 0.3542
-6.76154874457121 0.3541
-6.76153020029576 0.354
-6.76150817677279 0.3539
-6.76149376195539 0.3538
-6.76147175383859 0.3537
-6.76145527469223 0.3536
-6.7614359437414 0.3535
-6.7614320968952 0.3534
-6.76143147307477 0.3533
-6.76143608949337 0.3532
-6.761444530505 0.3531
-6.76146717666547 0.353
-6.76148586156363 0.3529
-6.76151309957917 0.3528
-6.76155918423821 0.3527
-6.76160611083228 0.3526
-6.76165399153383 0.3525
-6.76169744857139 0.3524
-6.76174964712443 0.3523
-6.76178570830259 0.3522
-6.76181060349413 0.3521
-6.76183851627376 0.352
-6.76185450555183 0.3519
-6.76186785183582 0.3518
-6.76187163038278 0.3517
-6.76188085568059 0.3516
-6.76187302104623 0.3515
-6.76185324412719 0.3514
-6.76181356442519 0.3513
-6.76175651529127 0.3512
-6.76169071871501 0.3511
-6.76162583557456 0.351
-6.76155318684285 0.3509
-6.76147982008816 0.3508
-6.76140613531777 0.3507
-6.76133330525935 0.3506
-6.76127072234192 0.3505
-6.76121487138234 0.3504
-6.76116868373834 0.3503
-6.76115016552781 0.3502
-6.76114356581776 0.3501
-6.7611545380921 0.35
-6.7611991872203 0.3499
-6.76127177200209 0.3498
-6.76134258581028 0.3497
-6.76143059471565 0.3496
-6.76153248494408 0.3495
-6.76165518350515 0.3494
-6.76178145555953 0.3493
-6.76193215988471 0.3492
-6.7620707029818 0.3491
-6.76221352397035 0.349
-6.7623585440597 0.3489
-6.76249216891322 0.3488
-6.76263393830888 0.3487
-6.76277566557189 0.3486
-6.76290156007677 0.3485
-6.76300094559667 0.3484
-6.76308292241772 0.3483
-6.7631455285629 0.3482
-6.76319062855585 0.3481
-6.76323213274767 0.348
-6.76326997679 0.3479
-6.76329595990053 0.3478
-6.76331667433203 0.3477
-6.76332720340105 0.3476
-6.76332071951852 0.3475
-6.76329096902552 0.3474
-6.76324222627597 0.3473
-6.76317200503271 0.3472
-6.76309035628682 0.3471
-6.76299913181591 0.347
-6.76288498052509 0.3469
-6.76276634092305 0.3468
-6.7626585296353 0.3467
-6.76258319882681 0.3466
-6.76251097974803 0.3465
-6.76245740858004 0.3464
-6.76242880480414 0.3463
-6.7624360916702 0.3462
-6.76247599093537 0.3461
-6.76253334206276 0.346
-6.76259511598721 0.3459
-6.76266218028123 0.3458
-6.76273669661996 0.3457
-6.76281387906816 0.3456
-6.76290472924867 0.3455
-6.76300137782521 0.3454
-6.76310010661862 0.3453
-6.76319642847829 0.3452
-6.76328710655083 0.3451
-6.76336678526621 0.345
-6.76343569339854 0.3449
-6.76350880069787 0.3448
-6.76356667996195 0.3447
-6.76362402431555 0.3446
-6.7636869441545 0.3445
-6.7637458404022 0.3444
-6.76380967465983 0.3443
-6.76386126904028 0.3442
-6.76390006424052 0.3441
-6.76391616783478 0.344
-6.76392163954096 0.3439
-6.76392397983154 0.3438
-6.76391104267353 0.3437
-6.76389291156281 0.3436
-6.76387013608248 0.3435
-6.76385135491789 0.3434
-6.76380747107016 0.3433
-6.76375706065533 0.3432
-6.76369473089221 0.3431
-6.76361473611024 0.343
-6.76354587872997 0.3429
-6.76347274326322 0.3428
-6.76341554422059 0.3427
-6.76338154438234 0.3426
-6.76335229894377 0.3425
-6.76333454714417 0.3424
-6.76331869127982 0.3423
-6.76332153495802 0.3422
-6.76334914339591 0.3421
-6.76340341520001 0.342
-6.76344918754945 0.3419
-6.76351208308107 0.3418
-6.76356903764434 0.3417
-6.76361040619011 0.3416
-6.76363965483732 0.3415
-6.76367477166319 0.3414
-6.76372299147789 0.3413
-6.76376656883148 0.3412
-6.76379573792138 0.3411
-6.7637984816758 0.341
-6.7638013776142 0.3409
-6.76380254992872 0.3408
-6.7637975570131 0.3407
-6.76380037515815 0.3406
-6.76381061902041 0.3405
-6.76382458854817 0.3404
-6.76384606827184 0.3403
-6.7638937998838 0.3402
-6.76395233479767 0.3401
-6.76401387862822 0.34
-6.76409969220886 0.3399
-6.76420998641574 0.3398
-6.76432212704266 0.3397
-6.76444219054961 0.3396
-6.76456752949345 0.3395
-6.76468547000856 0.3394
-6.76480194699429 0.3393
-6.76491312671059 0.3392
-6.76501852970725 0.3391
-6.76511425500296 0.339
-6.76520011881417 0.3389
-6.76527066913903 0.3388
-6.76533892893398 0.3387
-6.76538890552023 0.3386
-6.7654327417891 0.3385
-6.76548377892618 0.3384
-6.76552792137755 0.3383
-6.76554880475739 0.3382
-6.76553673469589 0.3381
-6.76551891544927 0.338
-6.76550299820008 0.3379
-6.76547393478974 0.3378
-6.76543823553446 0.3377
-6.76538637575136 0.3376
-6.76532571767259 0.3375
-6.76525660802547 0.3374
-6.76518211836272 0.3373
-6.76511456313176 0.3372
-6.76503822105679 0.3371
-6.7649653077011 0.337
-6.7649146121318 0.3369
-6.7648457887517 0.3368
-6.76479546986261 0.3367
-6.76473949255258 0.3366
-6.76468199129984 0.3365
-6.76464104365955 0.3364
-6.76460584948754 0.3363
-6.76455986654373 0.3362
-6.76451808027619 0.3361
-6.76448369694595 0.336
-6.76444069935112 0.3359
-6.76440782204445 0.3358
-6.76438779223127 0.3357
-6.76436390428207 0.3356
-6.76434471327741 0.3355
-6.76433130443903 0.3354
-6.76430582440003 0.3353
-6.76429581856902 0.3352
-6.7642848716558 0.3351
-6.76427294605379 0.335
-6.76427694162357 0.3349
-6.76427648753923 0.3348
-6.76428150883951 0.3347
-6.76428452613182 0.3346
-6.76431308488214 0.3345
-6.76435723747727 0.3344
-6.76439870614526 0.3343
-6.76442106993168 0.3342
-6.76446105217492 0.3341
-6.76447980691374 0.334
-6.76448910088831 0.3339
-6.76447984789127 0.3338
-6.76448692915083 0.3337
-6.76450483696793 0.3336
-6.76452007788045 0.3335
-6.76453505734399 0.3334
-6.76454555806856 0.3333
-6.76456617889 0.3332
-6.76458945718527 0.3331
-6.76461467513092 0.333
-6.76464246049916 0.3329
-6.7646750590266 0.3328
-6.76471090007323 0.3327
-6.76473878454631 0.3326
-6.76478234119319 0.3325
-6.76483414764343 0.3324
-6.76490310192696 0.3323
-6.76498555107326 0.3322
-6.76506503293264 0.3321
-6.76514581401912 0.332
-6.7652368864693 0.3319
-6.76531657556489 0.3318
-6.76541467175542 0.3317
-6.76551424257457 0.3316
-6.76560683519353 0.3315
-6.76569907172877 0.3314
-6.76578962143516 0.3313
-6.76587230102399 0.3312
-6.76592646311652 0.3311
-6.76598959218099 0.331
-6.76605869202105 0.3309
-6.76610083471904 0.3308
-6.7661424369028 0.3307
-6.7661846167382 0.3306
-6.76620768056946 0.3305
-6.76623955786379 0.3304
-6.76626583689788 0.3303
-6.76627745318194 0.3302
-6.7662953991403 0.3301
-6.76630247431062 0.33
-6.76630149023739 0.3299
-6.76630762290481 0.3298
-6.76631057765631 0.3297
-6.76632408985831 0.3296
-6.76632295985337 0.3295
-6.7663237214947 0.3294
-6.76634162276315 0.3293
-6.76635945730883 0.3292
-6.76638141175144 0.3291
-6.76641190938049 0.329
-6.7664335656189 0.3289
-6.76647768900754 0.3288
-6.76651392563401 0.3287
-6.76656117255248 0.3286
-6.76661571720702 0.3285
-6.76666288840716 0.3284
-6.76669983490456 0.3283
-6.76673047824902 0.3282
-6.76674086156055 0.3281
-6.76674326476495 0.328
-6.76672457502704 0.3279
-6.76669237422534 0.3278
-6.76665029144087 0.3277
-6.76660977121053 0.3276
-6.76654723295302 0.3275
-6.76647539513008 0.3274
-6.76638789743703 0.3273
-6.76628403291408 0.3272
-6.76617796250585 0.3271
-6.76605691078914 0.327
-6.76593161826934 0.3269
-6.76582985276678 0.3268
-6.76572909247829 0.3267
-6.76562959170999 0.3266
-6.76551704624781 0.3265
-6.76540973842737 0.3264
-6.76531482038431 0.3263
-6.76522479697783 0.3262
-6.76511902098404 0.3261
-6.76503798152962 0.326
-6.76496198328936 0.3259
-6.76488772167693 0.3258
-6.76482005602102 0.3257
-6.7647575127796 0.3256
-6.76470023025896 0.3255
-6.76466536426182 0.3254
-6.76462718136577 0.3253
-6.76459914408366 0.3252
-6.76457454380432 0.3251
-6.76455061476707 0.325
-6.76454212661641 0.3249
-6.76453855003612 0.3248
-6.76454885403615 0.3247
-6.76457970250127 0.3246
-6.76461105917094 0.3245
-6.76465346036127 0.3244
-6.76469818488699 0.3243
-6.76475775634882 0.3242
-6.76483311545196 0.3241
-6.7649060946166 0.324
-6.76497640852361 0.3239
-6.76505923572167 0.3238
-6.76512344268657 0.3237
-6.76518245738054 0.3236
-6.76523758974768 0.3235
-6.7652807703787 0.3234
-6.76532579743071 0.3233
-6.76538345206773 0.3232
-6.76544402831133 0.3231
-6.76549295004863 0.323
-6.76554196746511 0.3229
-6.76558243149682 0.3228
-6.76561907286452 0.3227
-6.76564794411346 0.3226
-6.76569039824204 0.3225
-6.76573117383716 0.3224
-6.7657372051268 0.3223
-6.76574249272841 0.3222
-6.76574911119525 0.3221
-6.76574377126236 0.322
-6.76573214397311 0.3219
-6.76569974838584 0.3218
-6.76565348177317 0.3217
-6.76558436012532 0.3216
-6.76552749160366 0.3215
-6.76546963124055 0.3214
-6.76543263319902 0.3213
-6.76539822905406 0.3212
-6.76537335430279 0.3211
-6.76533522620973 0.321
-6.76530037311519 0.3209
-6.76527955761216 0.3208
-6.76527698853161 0.3207
-6.7652909265119 0.3206
-6.76532337059006 0.3205
-6.76536196972287 0.3204
-6.76539599880112 0.3203
-6.76544387406818 0.3202
-6.76549631421478 0.3201
-6.76555679643029 0.32
-6.76562873742345 0.3199
-6.76571381591712 0.3198
-6.76581294621316 0.3197
-6.76590120003935 0.3196
-6.7659883835613 0.3195
-6.76608398079739 0.3194
-6.76618334852064 0.3193
-6.7662884039962 0.3192
-6.76638532720424 0.3191
-6.76650065162323 0.319
-6.76661181962895 0.3189
-6.76670749298371 0.3188
-6.76680472315921 0.3187
-6.76688290189023 0.3186
-6.7669698034258 0.3185
-6.76703384592455 0.3184
-6.76708067721604 0.3183
-6.7671412617737 0.3182
-6.76719563538421 0.3181
-6.76726319066097 0.318
-6.7673221208069 0.3179
-6.76736653915716 0.3178
-6.76739961238748 0.3177
-6.76741559401656 0.3176
-6.76740911053377 0.3175
-6.7673737568155 0.3174
-6.76732269638055 0.3173
-6.76726222598505 0.3172
-6.76718930952986 0.3171
-6.76712178857715 0.317
-6.76703857961418 0.3169
-6.76695027634691 0.3168
-6.76686936996567 0.3167
-6.76678357265339 0.3166
-6.76670629922645 0.3165
-6.76663470802473 0.3164
-6.76657121669141 0.3163
-6.76652545438116 0.3162
-6.76647483224013 0.3161
-6.76643379217418 0.316
-6.76641192207838 0.3159
-6.76639346227657 0.3158
-6.76638549600925 0.3157
-6.76639500630188 0.3156
-6.76642254653978 0.3155
-6.76647416009978 0.3154
-6.76653958628073 0.3153
-6.76660911940176 0.3152
-6.76667200432074 0.3151
-6.76672021768697 0.315
-6.76676261339552 0.3149
-6.76678369589733 0.3148
-6.76676481232049 0.3147
-6.76673932197108 0.3146
-6.76670870368993 0.3145
-6.7666674076646 0.3144
-6.76658936142791 0.3143
-6.76651545745782 0.3142
-6.7664474711613 0.3141
-6.76636969655224 0.314
-6.76628829853519 0.3139
-6.76619590442813 0.3138
-6.76609312601556 0.3137
-6.76600414865272 0.3136
-6.76592111074433 0.3135
-6.76583395436923 0.3134
-6.76574692953902 0.3133
-6.76566815173421 0.3132
-6.76559374881433 0.3131
-6.76551279677284 0.313
-6.76544297152718 0.3129
-6.76539349454582 0.3128
-6.76538078128549 0.3127
-6.76535983001248 0.3126
-6.76534006092474 0.3125
-6.76533575173536 0.3124
-6.76534459470779 0.3123
-6.76534750361565 0.3122
-6.76535378146862 0.3121
-6.76535418145092 0.312
-6.76537269541971 0.3119
-6.76538503296004 0.3118
-6.76540105825746 0.3117
-6.76541354134187 0.3116
-6.76541768317488 0.3115
-6.76541180530696 0.3114
-6.76540777625918 0.3113
-6.76539113597095 0.3112
-6.76536879963872 0.3111
-6.76535828836057 0.311
-6.76534237851228 0.3109
-6.76532631410747 0.3108
-6.76530493820869 0.3107
-6.76528960274297 0.3106
-6.7652760259387 0.3105
-6.76527885892748 0.3104
-6.76529498856254 0.3103
-6.7653253452983 0.3102
-6.76538130409507 0.3101
-6.76544747748091 0.31
-6.76552668701241 0.3099
-6.76562380214722 0.3098
-6.76572889328148 0.3097
-6.76584485916413 0.3096
-6.76597842636343 0.3095
-6.76612646430341 0.3094
-6.76630328315005 0.3093
-6.76648129976827 0.3092
-6.76667048760199 0.3091
-6.76687800797651 0.309
-6.76708245270415 0.3089
-6.76729593098881 0.3088
-6.767513823517 0.3087
-6.76774485745341 0.3086
-6.7679656673619 0.3085
-6.7681771019281 0.3084
-6.76837280117846 0.3083
-6.76855298586939 0.3082
-6.76873839233048 0.3081
-6.76890754434908 0.308
-6.76906389058832 0.3079
-6.76918490112321 0.3078
-6.76928037039879 0.3077
-6.76935370561035 0.3076
-6.76941635171591 0.3075
-6.76944967302429 0.3074
-6.7694528127889 0.3073
-6.76943950918509 0.3072
-6.76940237840769 0.3071
-6.76934717188079 0.307
-6.76925702854704 0.3069
-6.76916504434813 0.3068
-6.76904755067044 0.3067
-6.76891652539781 0.3066
-6.76877084955426 0.3065
-6.76862083178523 0.3064
-6.7684699013147 0.3063
-6.76832981519588 0.3062
-6.76820008647696 0.3061
-6.76807731905894 0.306
-6.76796296807654 0.3059
-6.76785706651347 0.3058
-6.76776938474807 0.3057
-6.76767042806581 0.3056
-6.7675833087582 0.3055
-6.76749509426207 0.3054
-6.76744512833228 0.3053
-6.76739904720853 0.3052
-6.76737741584013 0.3051
-6.76736121583392 0.305
-6.76736392167545 0.3049
-6.76735886485235 0.3048
-6.76736628895704 0.3047
-6.7673688100732 0.3046
-6.7673649442229 0.3045
-6.76736569964677 0.3044
-6.76736867483983 0.3043
-6.76736662556508 0.3042
-6.76735387683433 0.3041
-6.76734241172848 0.304
-6.76734291394847 0.3039
-6.76735352980967 0.3038
-6.76735024140539 0.3037
-6.7673553654187 0.3036
-6.76735245431272 0.3035
-6.76735187662536 0.3034
-6.76736316568885 0.3033
-6.7673809146407 0.3032
-6.76739595502483 0.3031
-6.76739559892561 0.303
-6.76739741947388 0.3029
-6.76740438969668 0.3028
-6.7674067925172 0.3027
-6.76743223890394 0.3026
-6.76747000262444 0.3025
-6.76751336719282 0.3024
-6.76756574856591 0.3023
-6.76762784585205 0.3022
-6.76770269232876 0.3021
-6.76777701296112 0.302
-6.76785636675001 0.3019
-6.76794166243068 0.3018
-6.76803214701226 0.3017
-6.76810989712861 0.3016
-6.76817076503703 0.3015
-6.76823199420616 0.3014
-6.76828489561684 0.3013
-6.76832487762972 0.3012
-6.76832831157078 0.3011
-6.7683102001977 0.301
-6.76828789604438 0.3009
-6.76827250505488 0.3008
-6.76822186986418 0.3007
-6.76814885060247 0.3006
-6.76806780373671 0.3005
-6.76796564321745 0.3004
-6.76785026967577 0.3003
-6.7677281405758 0.3002
-6.76760220545398 0.3001
-6.767473322182 0.3
-6.76736285592386 0.2999
-6.76724931034789 0.2998
-6.76716584197857 0.2997
-6.76710604901886 0.2996
-6.76706182963002 0.2995
-6.76706204358184 0.2994
-6.76707378613015 0.2993
-6.76709498045524 0.2992
-6.76713965672708 0.2991
-6.76721532554819 0.299
-6.76730082467823 0.2989
-6.76738641674532 0.2988
-6.76748259410032 0.2987
-6.76759167617368 0.2986
-6.76771146878831 0.2985
-6.76782772165597 0.2984
-6.76793828053968 0.2983
-6.768066363861 0.2982
-6.76818224956053 0.2981
-6.76829876180031 0.298
-6.7684043349822 0.2979
-6.76849975421366 0.2978
-6.76857853976994 0.2977
-6.7686560708971 0.2976
-6.76872504705344 0.2975
-6.76879104853753 0.2974
-6.76882848467635 0.2973
-6.76886343809767 0.2972
-6.76888331391909 0.2971
-6.76891055803187 0.297
-6.76892649588419 0.2969
-6.7689455905174 0.2968
-6.76894970528623 0.2967
-6.76893501093191 0.2966
-6.76892634160638 0.2965
-6.7689014619165 0.2964
-6.76888593110036 0.2963
-6.76886052408387 0.2962
-6.76884129261498 0.2961
-6.76882654608399 0.296
-6.76881452109009 0.2959
-6.76879574684746 0.2958
-6.76880271916318 0.2957
-6.76882888875062 0.2956
-6.76886132551179 0.2955
-6.76891489376172 0.2954
-6.76897197223555 0.2953
-6.76904591967201 0.2952
-6.76913558931847 0.2951
-6.76922326661036 0.295
-6.76931367208636 0.2949
-6.76940666456293 0.2948
-6.76947947885108 0.2947
-6.76956037658324 0.2946
-6.76964207864619 0.2945
-6.76971032744727 0.2944
-6.76975796126791 0.2943
-6.76978952583874 0.2942
-6.76981273358683 0.2941
-6.76983030622038 0.294
-6.76986336027439 0.2939
-6.76988585027946 0.2938
-6.76989328910805 0.2937
-6.76989275103368 0.2936
-6.76987649084472 0.2935
-6.76984747717702 0.2934
-6.76980857559699 0.2933
-6.76977200562404 0.2932
-6.76973193808762 0.2931
-6.76969037680802 0.293
-6.76964694822628 0.2929
-6.76959406793891 0.2928
-6.76953454779819 0.2927
-6.7694705032147 0.2926
-6.76942106816813 0.2925
-6.76938748667998 0.2924
-6.7693464050195 0.2923
-6.76931786041433 0.2922
-6.76928194241477 0.2921
-6.76925367268902 0.292
-6.76923656049918 0.2919
-6.7692314620407 0.2918
-6.76925092711105 0.2917
-6.76927350432014 0.2916
-6.76929429914859 0.2915
-6.76931224567266 0.2914
-6.76933468732891 0.2913
-6.76935496103516 0.2912
-6.76936215262805 0.2911
-6.76936370713631 0.291
-6.76936745283481 0.2909
-6.76936184335765 0.2908
-6.76935988849803 0.2907
-6.76933841466059 0.2906
-6.76930079611546 0.2905
-6.76926509732842 0.2904
-6.76923214039387 0.2903
-6.76919088155235 0.2902
-6.7691527165887 0.2901
-6.7691216298742 0.29
-6.76909468341421 0.2899
-6.76906275645144 0.2898
-6.76903236610764 0.2897
-6.76899194153304 0.2896
-6.76895025358894 0.2895
-6.76891752518617 0.2894
-6.76889590416013 0.2893
-6.76886750591907 0.2892
-6.76883254373208 0.2891
-6.76879853874531 0.289
-6.76876357189728 0.2889
-6.76875396691827 0.2888
-6.76874133966946 0.2887
-6.76871979904424 0.2886
-6.76871014386119 0.2885
-6.76870049286201 0.2884
-6.76868873484574 0.2883
-6.76866821619421 0.2882
-6.76864123238893 0.2881
-6.76861868247142 0.288
-6.76860872129426 0.2879
-6.76857823800465 0.2878
-6.76854429288694 0.2877
-6.7685167624369 0.2876
-6.76848967916888 0.2875
-6.76846779925297 0.2874
-6.76845352754513 0.2873
-6.76846364494427 0.2872
-6.76848586950221 0.2871
-6.7685102934321 0.287
-6.76853674668679 0.2869
-6.76855753936933 0.2868
-6.76857197702726 0.2867
-6.76858187308047 0.2866
-6.76858158802094 0.2865
-6.7685956446552 0.2864
-6.76861422505155 0.2863
-6.7686454672039 0.2862
-6.76868564527186 0.2861
-6.76873081384343 0.286
-6.76877429025674 0.2859
-6.76883259737229 0.2858
-6.76889655865997 0.2857
-6.76896806327618 0.2856
-6.76903820761674 0.2855
-6.76910983919865 0.2854
-6.76915658559991 0.2853
-6.76919938544774 0.2852
-6.76924191534606 0.2851
-6.76930039424078 0.285
-6.76935696340696 0.2849
-6.7694083887958 0.2848
-6.76946815840842 0.2847
-6.76954918076015 0.2846
-6.76962392120929 0.2845
-6.769692005727 0.2844
-6.76977054410526 0.2843
-6.76982608674822 0.2842
-6.76985098487535 0.2841
-6.76986539657187 0.284
-6.76987628954221 0.2839
-6.76987056193933 0.2838
-6.76985930756741 0.2837
-6.7698217125399 0.2836
-6.76973664656015 0.2835
-6.76963260672978 0.2834
-6.76951868436815 0.2833
-6.76938771241611 0.2832
-6.76925220352769 0.2831
-6.76912347672988 0.283
-6.76900550348662 0.2829
-6.76889795119357 0.2828
-6.76879655911358 0.2827
-6.76870862843735 0.2826
-6.76862401955036 0.2825
-6.76854664856438 0.2824
-6.76847602975705 0.2823
-6.76842093944559 0.2822
-6.76838685655873 0.2821
-6.76837584825212 0.282
-6.76838004838628 0.2819
-6.76840810302158 0.2818
-6.76845393234564 0.2817
-6.76852260222844 0.2816
-6.76860238678487 0.2815
-6.76869346235357 0.2814
-6.76880547268539 0.2813
-6.76892570454796 0.2812
-6.76906225642038 0.2811
-6.76919694106535 0.281
-6.7693352026024 0.2809
-6.76948676543711 0.2808
-6.76964595379373 0.2807
-6.76981075905494 0.2806
-6.76996326073925 0.2805
-6.77011058756123 0.2804
-6.77025458838576 0.2803
-6.77039580427567 0.2802
-6.77055610244239 0.2801
-6.77069673870094 0.28
-6.77083849543862 0.2799
-6.77096233191341 0.2798
-6.77105228958674 0.2797
-6.77112588082696 0.2796
-6.77119797958736 0.2795
-6.77125692588405 0.2794
-6.77129254917516 0.2793
-6.77130247217319 0.2792
-6.77129281167526 0.2791
-6.77127306340214 0.279
-6.77123804991391 0.2789
-6.77117352363867 0.2788
-6.77108866603641 0.2787
-6.7709986992457 0.2786
-6.77090199988415 0.2785
-6.77081116021025 0.2784
-6.77070618178873 0.2783
-6.77058775761564 0.2782
-6.77046114637499 0.2781
-6.77032599577014 0.278
-6.770200169069 0.2779
-6.77007774120914 0.2778
-6.76995829447932 0.2777
-6.76983899820355 0.2776
-6.76972890234758 0.2775
-6.76960665203712 0.2774
-6.76947157915042 0.2773
-6.76935236261729 0.2772
-6.76923591000412 0.2771
-6.76912887607016 0.277
-6.76903046192111 0.2769
-6.76894476020256 0.2768
-6.76885932692 0.2767
-6.76877245847738 0.2766
-6.7686966158202 0.2765
-6.76862602240571 0.2764
-6.7685824873494 0.2763
-6.76855520729241 0.2762
-6.76854970706977 0.2761
-6.76858279956381 0.276
-6.76859600191456 0.2759
-6.76860038695136 0.2758
-6.76861720932897 0.2757
-6.76863138411182 0.2756
-6.76865425877021 0.2755
-6.76869498052233 0.2754
-6.76874764528353 0.2753
-6.76883085771219 0.2752
-6.76892659366578 0.2751
-6.76901872347571 0.275
-6.76911067640665 0.2749
-6.76920581766385 0.2748
-6.76930013519787 0.2747
-6.76940175585916 0.2746
-6.76950925973037 0.2745
-6.7696167943342 0.2744
-6.76972194198585 0.2743
-6.76980452684122 0.2742
-6.7698610620489 0.2741
-6.7699113204237 0.274
-6.76996241765856 0.2739
-6.76999669336489 0.2738
-6.77002097045752 0.2737
-6.7700358262903 0.2736
-6.77005206276306 0.2735
-6.77007731099749 0.2734
-6.77009041864432 0.2733
-6.77011021968333 0.2732
-6.77013756984165 0.2731
-6.77015405316855 0.273
-6.77017809869122 0.2729
-6.77019917636652 0.2728
-6.77021577352489 0.2727
-6.77023619487944 0.2726
-6.77026122258371 0.2725
-6.77029096871514 0.2724
-6.77031041630409 0.2723
-6.77032769393776 0.2722
-6.77034476782103 0.2721
-6.77035328450733 0.272
-6.7703791408803 0.2719
-6.77042177661142 0.2718
-6.7704708904177 0.2717
-6.77054171135448 0.2716
-6.77061706068129 0.2715
-6.77070283850004 0.2714
-6.77080395867992 0.2713
-6.77090756432314 0.2712
-6.77100193297029 0.2711
-6.77108854187528 0.271
-6.77119227626181 0.2709
-6.77128816755569 0.2708
-6.7713892206526 0.2707
-6.77148923634725 0.2706
-6.77158116524331 0.2705
-6.77165413912748 0.2704
-6.77172231743522 0.2703
-6.77178144279678 0.2702
-6.77183593837659 0.2701
-6.77186047404089 0.27
-6.77187063056304 0.2699
-6.77188502029242 0.2698
-6.77190610943914 0.2697
-6.7719043550957 0.2696
-6.77189013979241 0.2695
-6.77186431364847 0.2694
-6.77184072026715 0.2693
-6.77181307201577 0.2692
-6.77176953186986 0.2691
-6.77171467686468 0.269
-6.7716766763509 0.2689
-6.77163085263315 0.2688
-6.77157967476633 0.2687
-6.77151957599808 0.2686
-6.77145932405841 0.2685
-6.77140276095904 0.2684
-6.77134651738511 0.2683
-6.77130324120064 0.2682
-6.77126190770553 0.2681
-6.77123473687122 0.268
-6.77121493122232 0.2679
-6.77118657275609 0.2678
-6.77117062609166 0.2677
-6.77115792926978 0.2676
-6.77114927474295 0.2675
-6.771139666601 0.2674
-6.77111934357634 0.2673
-6.77109258428285 0.2672
-6.77108421394689 0.2671
-6.77107168728706 0.267
-6.77106554440681 0.2669
-6.77105477498928 0.2668
-6.77102841599935 0.2667
-6.77100078816151 0.2666
-6.77096812844636 0.2665
-6.77091255648963 0.2664
-6.77084454271071 0.2663
-6.77076603882163 0.2662
-6.770700297284 0.2661
-6.77065337187107 0.266
-6.77060925615259 0.2659
-6.77056642309337 0.2658
-6.77052340398285 0.2657
-6.77050942932496 0.2656
-6.77049810519655 0.2655
-6.77051784308181 0.2654
-6.77052845820244 0.2653
-6.77053154371133 0.2652
-6.77054874901747 0.2651
-6.77058020589408 0.265
-6.77060810021955 0.2649
-6.77065310286825 0.2648
-6.77069091212419 0.2647
-6.77073366232217 0.2646
-6.77076604162698 0.2645
-6.77080281991249 0.2644
-6.77083336441723 0.2643
-6.77086938335155 0.2642
-6.77088714223072 0.2641
-6.7708853553524 0.264
-6.77087531979914 0.2639
-6.7708728014017 0.2638
-6.770863233827 0.2637
-6.77084544372912 0.2636
-6.77082533581587 0.2635
-6.77080764466433 0.2634
-6.77081062880076 0.2633
-6.77081380339357 0.2632
-6.77081429686125 0.2631
-6.7708161488879 0.263
-6.77083106705304 0.2629
-6.77084895045616 0.2628
-6.77089666819 0.2627
-6.77094781888683 0.2626
-6.7709963620512 0.2625
-6.77106501769847 0.2624
-6.77112930866014 0.2623
-6.77119568205541 0.2622
-6.77125830922825 0.2621
-6.77131215795987 0.262
-6.77137324321193 0.2619
-6.77144199518743 0.2618
-6.7715098922362 0.2617
-6.77156854125983 0.2616
-6.77162668350484 0.2615
-6.7716789350615 0.2614
-6.77174094009411 0.2613
-6.7718113073891 0.2612
-6.77188185769042 0.2611
-6.7719361824747 0.261
-6.77199042800487 0.2609
-6.77202382369417 0.2608
-6.77204745589045 0.2607
-6.7720707658756 0.2606
-6.77207420725606 0.2605
-6.77206848136848 0.2604
-6.7720531051647 0.2603
-6.77201541675843 0.2602
-6.77197131163534 0.2601
-6.77193856832217 0.26
-6.77191372591372 0.2599
-6.77190920644816 0.2598
-6.77191315231978 0.2597
-6.77191438604556 0.2596
-6.77192323491599 0.2595
-6.77195006461474 0.2594
-6.7719636269415 0.2593
-6.77198288806714 0.2592
-6.77201187389906 0.2591
-6.77205303378469 0.259
-6.77210355936657 0.2589
-6.77217570819719 0.2588
-6.7722456963631 0.2587
-6.77231913445516 0.2586
-6.77240010593275 0.2585
-6.77249240132101 0.2584
-6.77257856515973 0.2583
-6.77265703461098 0.2582
-6.7727308561274 0.2581
-6.77277788052043 0.258
-6.77282860959791 0.2579
-6.77287394036881 0.2578
-6.77292632553798 0.2577
-6.77299731015084 0.2576
-6.77305731417499 0.2575
-6.7730939048866 0.2574
-6.77311924649283 0.2573
-6.7731259157824 0.2572
-6.77312257895916 0.2571
-6.7731124082715 0.257
-6.7730898360911 0.2569
-6.77304944153608 0.2568
-6.77302059800665 0.2567
-6.77299791414551 0.2566
-6.77295385331747 0.2565
-6.77290325110838 0.2564
-6.77285060408513 0.2563
-6.77278529397137 0.2562
-6.77271606501391 0.2561
-6.77264900841638 0.256
-6.77259058321803 0.2559
-6.77253390853773 0.2558
-6.77246500341319 0.2557
-6.77240391849468 0.2556
-6.77235771281996 0.2555
-6.77231363822317 0.2554
-6.77227345011459 0.2553
-6.77223643559131 0.2552
-6.7722239884791 0.2551
-6.77223405462052 0.255
-6.77225897320762 0.2549
-6.77229594452508 0.2548
-6.77234214579815 0.2547
-6.77237751011474 0.2546
-6.77240780330124 0.2545
-6.77243402177783 0.2544
-6.77246219156813 0.2543
-6.77247924812473 0.2542
-6.7725190839315 0.2541
-6.77258280198 0.254
-6.77266634750858 0.2539
-6.77276193150313 0.2538
-6.77288245511467 0.2537
-6.77300088528068 0.2536
-6.77312540312859 0.2535
-6.77325807182075 0.2534
-6.77340664061281 0.2533
-6.77356432142971 0.2532
-6.77371954657307 0.2531
-6.77385996777993 0.253
-6.77398537235361 0.2529
-6.7740995859723 0.2528
-6.77419120361928 0.2527
-6.77428071610874 0.2526
-6.77436524153728 0.2525
-6.77443673878785 0.2524
-6.77449827084346 0.2523
-6.77453983465291 0.2522
-6.77456846537201 0.2521
-6.77457658808154 0.252
-6.77457885582084 0.2519
-6.77458406813961 0.2518
-6.77458051455103 0.2517
-6.77457828197731 0.2516
-6.77457730635663 0.2515
-6.77456052997492 0.2514
-6.77451961617949 0.2513
-6.7744751706423 0.2512
-6.77444011402747 0.2511
-6.77437747889967 0.251
-6.77432016476065 0.2509
-6.77425604958731 0.2508
-6.77419667354802 0.2507
-6.77413618065169 0.2506
-6.77407468681 0.2505
-6.77402437635087 0.2504
-6.77396426231744 0.2503
-6.77391867194598 0.2502
-6.77387100091882 0.2501
-6.77384535128591 0.25
-6.77384076511139 0.2499
-6.77385350734899 0.2498
-6.77388479602089 0.2497
-6.77393614744139 0.2496
-6.77400648502953 0.2495
-6.77407868560774 0.2494
-6.77415615801546 0.2493
-6.77421728073875 0.2492
-6.77427894635423 0.2491
-6.77434803045879 0.249
-6.77442974689342 0.2489
-6.77450703540176 0.2488
-6.77457775075638 0.2487
-6.774629088251 0.2486
-6.77467506434532 0.2485
-6.77471880614669 0.2484
-6.77473605456864 0.2483
-6.77474347717977 0.2482
-6.77473845081608 0.2481
-6.77471380654222 0.248
-6.77467394673623 0.2479
-6.77462903021995 0.2478
-6.77459132655469 0.2477
-6.77454777344295 0.2476
-6.77450320048841 0.2475
-6.77445193318837 0.2474
-6.77440413113688 0.2473
-6.77437063772357 0.2472
-6.77433187591715 0.2471
-6.77428440868241 0.247
-6.77424511317898 0.2469
-6.77421698161839 0.2468
-6.77420169537639 0.2467
-6.77418356576346 0.2466
-6.77417446565512 0.2465
-6.77414666084652 0.2464
-6.77413290766941 0.2463
-6.77413680150471 0.2462
-6.77415568861432 0.2461
-6.77418758203354 0.246
-6.77422550954167 0.2459
-6.77426514775899 0.2458
-6.77430669945742 0.2457
-6.77434423002395 0.2456
-6.77439598454185 0.2455
-6.77445060796316 0.2454
-6.77447816981902 0.2453
-6.77447657425352 0.2452
-6.77445485359571 0.2451
-6.77442495282783 0.245
-6.77438151689719 0.2449
-6.77434209193615 0.2448
-6.77429747475567 0.2447
-6.77424389351974 0.2446
-6.77417540860108 0.2445
-6.77409038019641 0.2444
-6.77399735445521 0.2443
-6.77391323794556 0.2442
-6.77382128064782 0.2441
-6.77373531673772 0.244
-6.77364427362562 0.2439
-6.77355647798381 0.2438
-6.77347728527213 0.2437
-6.77339254043901 0.2436
-6.77331050600703 0.2435
-6.77322181535884 0.2434
-6.77312315209528 0.2433
-6.77303065095645 0.2432
-6.77294826872398 0.2431
-6.7728730052726 0.243
-6.77279690996148 0.2429
-6.77273893793507 0.2428
-6.77270289770759 0.2427
-6.77269765129576 0.2426
-6.77270864111563 0.2425
-6.77273469889907 0.2424
-6.77276546304051 0.2423
-6.77280612635345 0.2422
-6.77285614079132 0.2421
-6.77293302205562 0.242
-6.77303322006008 0.2419
-6.77315526883454 0.2418
-6.77328700992175 0.2417
-6.77343271665615 0.2416
-6.77357972392383 0.2415
-6.77373203966434 0.2414
-6.77389349901672 0.2413
-6.77407198291703 0.2412
-6.7742648637847 0.2411
-6.77445042946207 0.241
-6.7746203077369 0.2409
-6.77478660789498 0.2408
-6.77493794159574 0.2407
-6.77507992272738 0.2406
-6.77520890193837 0.2405
-6.77532596554551 0.2404
-6.77542824271489 0.2403
-6.77553035519821 0.2402
-6.77561611881523 0.2401
-6.77570099026614 0.24
-6.77578351550756 0.2399
-6.77586486729222 0.2398
-6.77592615631562 0.2397
-6.77598431545167 0.2396
-6.77603618927971 0.2395
-6.77608019497449 0.2394
-6.77613012964026 0.2393
-6.77617246444189 0.2392
-6.77620457535467 0.2391
-6.77622332026267 0.239
-6.77624093474591 0.2389
-6.77624950065814 0.2388
-6.77626315145895 0.2387
-6.77625729065111 0.2386
-6.77625018902869 0.2385
-6.77622815372707 0.2384
-6.77620214107349 0.2383
-6.77617247230625 0.2382
-6.77614057559969 0.2381
-6.77612770964725 0.238
-6.77611249925166 0.2379
-6.7760871952593 0.2378
-6.77607083354534 0.2377
-6.77607203681499 0.2376
-6.77607180222535 0.2375
-6.77609203092423 0.2374
-6.77611146032095 0.2373
-6.77614416461925 0.2372
-6.77619709468127 0.2371
-6.77624624034895 0.237
-6.77628820966404 0.2369
-6.77633390773306 0.2368
-6.77638662534997 0.2367
-6.7764217964634 0.2366
-6.77646479754685 0.2365
-6.77651463824667 0.2364
-6.77655328559875 0.2363
-6.77660480318218 0.2362
-6.77665273747346 0.2361
-6.77668809114637 0.236
-6.77671052384154 0.2359
-6.77672754362291 0.2358
-6.77673107860813 0.2357
-6.77671273875876 0.2356
-6.77669547294753 0.2355
-6.77666812685569 0.2354
-6.7766327945432 0.2353
-6.77658684194471 0.2352
-6.77653303570158 0.2351
-6.77648175074321 0.235
-6.77642407583285 0.2349
-6.77637275951223 0.2348
-6.77631500129864 0.2347
-6.77625330878052 0.2346
-6.77618051891205 0.2345
-6.77611005225368 0.2344
-6.7760543093567 0.2343
-6.77602932370028 0.2342
-6.77601737298793 0.2341
-6.77600821059736 0.234
-6.77599919509609 0.2339
-6.77600326208369 0.2338
-6.77602248806041 0.2337
-6.77604271477435 0.2336
-6.77606794670701 0.2335
-6.77608603314964 0.2334
-6.77609111172754 0.2333
-6.77610279698622 0.2332
-6.77608794156698 0.2331
-6.77605519900002 0.233
-6.77602196385648 0.2329
-6.77597168473175 0.2328
-6.77592200392932 0.2327
-6.7758740116491 0.2326
-6.77583739860256 0.2325
-6.77581776333488 0.2324
-6.77579390736987 0.2323
-6.77577672775834 0.2322
-6.77574880448118 0.2321
-6.77573264053931 0.232
-6.77572433977189 0.2319
-6.77571116313198 0.2318
-6.77568183219294 0.2317
-6.77565575080166 0.2316
-6.77563048550646 0.2315
-6.77560242208299 0.2314
-6.77556592899194 0.2313
-6.77552771474209 0.2312
-6.77549686787415 0.2311
-6.77546018085753 0.231
-6.77541882928297 0.2309
-6.7753660737671 0.2308
-6.77531988946927 0.2307
-6.77528373863884 0.2306
-6.77524837351675 0.2305
-6.77522135988892 0.2304
-6.77519729942369 0.2303
-6.77516866907555 0.2302
-6.77513369884184 0.2301
-6.77510088301859 0.23
-6.77506467305778 0.2299
-6.77504549758992 0.2298
-6.77503684787681 0.2297
-6.77504082438852 0.2296
-6.77504667125443 0.2295
-6.77506208231555 0.2294
-6.77508496068903 0.2293
-6.77512379556483 0.2292
-6.77516476896414 0.2291
-6.7752143854755 0.229
-6.77528184652023 0.2289
-6.77535165385929 0.2288
-6.77543325385135 0.2287
-6.77552578699571 0.2286
-6.7756357506457 0.2285
-6.7757614583736 0.2284
-6.77590875734396 0.2283
-6.77606321625907 0.2282
-6.77620042968133 0.2281
-6.77633088026513 0.228
-6.77643485260013 0.2279
-6.77653177542771 0.2278
-6.77661566923825 0.2277
-6.77669378854948 0.2276
-6.77676638205282 0.2275
-6.77681534911343 0.2274
-6.77684947071489 0.2273
-6.77686175467418 0.2272
-6.77686533254803 0.2271
-6.77685794580743 0.227
-6.77683015500122 0.2269
-6.77680281856308 0.2268
-6.77677943608391 0.2267
-6.7767366020092 0.2266
-6.77669653556251 0.2265
-6.77666730241748 0.2264
-6.77664080113204 0.2263
-6.77661747694726 0.2262
-6.7765984183985 0.2261
-6.77656657979104 0.226
-6.77653304218307 0.2259
-6.77649869484856 0.2258
-6.77646712877684 0.2257
-6.77645186291158 0.2256
-6.77645990277269 0.2255
-6.77646066633113 0.2254
-6.77647327187921 0.2253
-6.77648384165825 0.2252
-6.77646968473422 0.2251
-6.77645459567205 0.225
-6.77642930624865 0.2249
-6.77641655608914 0.2248
-6.77639951558468 0.2247
-6.77639191337777 0.2246
-6.7763983163347 0.2245
-6.77640830276631 0.2244
-6.77642787013378 0.2243
-6.77645275666016 0.2242
-6.77646112097636 0.2241
-6.77647860920695 0.224
-6.77649465174482 0.2239
-6.77653211341223 0.2238
-6.7765612727646 0.2237
-6.77659882824288 0.2236
-6.77665240765069 0.2235
-6.77672452544547 0.2234
-6.7767739531437 0.2233
-6.77680200274458 0.2232
-6.77679528255669 0.2231
-6.77678545742978 0.223
-6.77676279749706 0.2229
-6.77671867125577 0.2228
-6.77666337002433 0.2227
-6.77660386506849 0.2226
-6.77653335425419 0.2225
-6.77645085570904 0.2224
-6.77635706778475 0.2223
-6.77625440353834 0.2222
-6.77613231509751 0.2221
-6.77600064886728 0.222
-6.77588196927148 0.2219
-6.77577388055831 0.2218
-6.77567813467974 0.2217
-6.77556434465363 0.2216
-6.77543556568374 0.2215
-6.77530322159348 0.2214
-6.7751561526002 0.2213
-6.77500674171278 0.2212
-6.77483951687133 0.2211
-6.77467134080408 0.221
-6.77452004069165 0.2209
-6.77437399378069 0.2208
-6.77423372760889 0.2207
-6.77411992839519 0.2206
-6.7740126991145 0.2205
-6.77393087615156 0.2204
-6.77386622795297 0.2203
-6.77383052708389 0.2202
-6.77382020286749 0.2201
-6.77382696863102 0.22
-6.77386097437233 0.2199
-6.77393609034857 0.2198
-6.77404226465018 0.2197
-6.77416537032711 0.2196
-6.77430448086189 0.2195
-6.77445238685997 0.2194
-6.77458790403371 0.2193
-6.77472051561516 0.2192
-6.77485617262156 0.2191
-6.77498767089018 0.219
-6.77509803925808 0.2189
-6.77519413522442 0.2188
-6.77528310572976 0.2187
-6.775367474683 0.2186
-6.77545531442618 0.2185
-6.77553099796282 0.2184
-6.77559410639721 0.2183
-6.77566411899599 0.2182
-6.7757358460516 0.2181
-6.77580805835176 0.218
-6.77589054275719 0.2179
-6.77596585887131 0.2178
-6.77603648366224 0.2177
-6.77609620366581 0.2176
-6.77615345665998 0.2175
-6.77622384978911 0.2174
-6.77630491831638 0.2173
-6.77639203268535 0.2172
-6.77649079845929 0.2171
-6.77657992768131 0.217
-6.77668063894622 0.2169
-6.77677174681544 0.2168
-6.77686242017631 0.2167
-6.77694789091517 0.2166
-6.77700918968224 0.2165
-6.77705833106342 0.2164
-6.77710702423243 0.2163
-6.77714936229049 0.2162
-6.777182723712 0.2161
-6.77720149929462 0.216
-6.7772117862299 0.2159
-6.77720952575089 0.2158
-6.77719456604283 0.2157
-6.77717455565199 0.2156
-6.77714457823984 0.2155
-6.7771181661593 0.2154
-6.7770762392899 0.2153
-6.77701958237238 0.2152
-6.77694891553082 0.2151
-6.77687922644179 0.215
-6.77681649649128 0.2149
-6.77674786280494 0.2148
-6.77669292553816 0.2147
-6.77664371502416 0.2146
-6.77658742114892 0.2145
-6.77653636954562 0.2144
-6.77651063251529 0.2143
-6.77647880343511 0.2142
-6.7764448085386 0.2141
-6.77642962577503 0.214
-6.77641807512464 0.2139
-6.77640973286699 0.2138
-6.77642060809102 0.2137
-6.77645325558392 0.2136
-6.77650275802132 0.2135
-6.77656467559046 0.2134
-6.77661908282111 0.2133
-6.77666615898581 0.2132
-6.77670719775144 0.2131
-6.77675334860505 0.213
-6.77679859953687 0.2129
-6.7768665273322 0.2128
-6.77694802547315 0.2127
-6.77704078424719 0.2126
-6.77713365986892 0.2125
-6.77722000018314 0.2124
-6.77732834681362 0.2123
-6.77744859800806 0.2122
-6.77756111149596 0.2121
-6.77766872362148 0.212
-6.77777972235079 0.2119
-6.77788269427906 0.2118
-6.7779800642249 0.2117
-6.77805371639853 0.2116
-6.77811638667939 0.2115
-6.7781716373597 0.2114
-6.778241873156 0.2113
-6.77830499018266 0.2112
-6.77837504706045 0.2111
-6.77844890437443 0.211
-6.77850105228885 0.2109
-6.77854984758921 0.2108
-6.77858920631235 0.2107
-6.77861807352287 0.2106
-6.77864184440019 0.2105
-6.77867074479007 0.2104
-6.7786938301221 0.2103
-6.7787200513564 0.2102
-6.77874024771777 0.2101
-6.77875050268264 0.21
-6.77876331791782 0.2099
-6.77876666569185 0.2098
-6.77877356037547 0.2097
-6.77876687729886 0.2096
-6.77876201401077 0.2095
-6.77875560950968 0.2094
-6.77875511420887 0.2093
-6.77875487640431 0.2092
-6.77874976847114 0.2091
-6.77874963460782 0.209
-6.77876323108233 0.2089
-6.77877484496701 0.2088
-6.77879659799133 0.2087
-6.77881121003729 0.2086
-6.77882200210889 0.2085
-6.77883213688433 0.2084
-6.77883582392724 0.2083
-6.77881622676416 0.2082
-6.778791003572 0.2081
-6.7787403995656 0.208
-6.77868540136482 0.2079
-6.77861088448376 0.2078
-6.77852330282843 0.2077
-6.77843777886932 0.2076
-6.77834023099046 0.2075
-6.77825134161229 0.2074
-6.77816229281196 0.2073
-6.77808657505698 0.2072
-6.77802168521002 0.2071
-6.77796043080151 0.207
-6.77790161296448 0.2069
-6.77783761396817 0.2068
-6.77777488663657 0.2067
-6.77771383628521 0.2066
-6.77767064134045 0.2065
-6.7776350433194 0.2064
-6.77761680960751 0.2063
-6.77759041052831 0.2062
-6.77757753327944 0.2061
-6.77756946154005 0.206
-6.77757771505571 0.2059
-6.77759973572226 0.2058
-6.77763518561791 0.2057
-6.7776776289623 0.2056
-6.77771719043529 0.2055
-6.77775607043896 0.2054
-6.77780423906995 0.2053
-6.77785054173927 0.2052
-6.77789733531949 0.2051
-6.77794620409216 0.205
-6.77798765111487 0.2049
-6.77802366943144 0.2048
-6.77805635847248 0.2047
-6.77808689147118 0.2046
-6.77811312115451 0.2045
-6.77815155040575 0.2044
-6.77817543585161 0.2043
-6.77820308749326 0.2042
-6.77820753676513 0.2041
-6.77821037656791 0.204
-6.77821165472775 0.2039
-6.77820793114957 0.2038
-6.77818891141023 0.2037
-6.77816905968715 0.2036
-6.77814073419504 0.2035
-6.77812426757121 0.2034
-6.7781051911025 0.2033
-6.77808649810822 0.2032
-6.77806928350275 0.2031
-6.77805977715679 0.203
-6.77805096249681 0.2029
-6.77805392596175 0.2028
-6.77806003403346 0.2027
-6.77808549309267 0.2026
-6.7781246505528 0.2025
-6.77816678329366 0.2024
-6.77821451096696 0.2023
-6.77827250583813 0.2022
-6.77832742732659 0.2021
-6.77839455857543 0.202
-6.77848075495456 0.2019
-6.77856133688424 0.2018
-6.77864597115253 0.2017
-6.77873692958812 0.2016
-6.77883284614096 0.2015
-6.77893404558119 0.2014
-6.77901901573842 0.2013
-6.77908500934762 0.2012
-6.77914646360658 0.2011
-6.7792074280097 0.201
-6.7792533246311 0.2009
-6.77928081557695 0.2008
-6.77931395755632 0.2007
-6.77934350268403 0.2006
-6.77935254321043 0.2005
-6.77935350030185 0.2004
-6.77934286718825 0.2003
-6.77932659652171 0.2002
-6.77931111014131 0.2001
-6.77928280906034 0.2
-6.77928091577101 0.1999
-6.77926854485428 0.1998
-6.77925433251694 0.1997
-6.77924596988599 0.1996
-6.77926279414682 0.1995
-6.77928691787994 0.1994
-6.77930721055756 0.1993
-6.77932353100362 0.1992
-6.77934465035725 0.1991
-6.77937495258443 0.199
-6.77939081111215 0.1989
-6.77941225691642 0.1988
-6.77943501258094 0.1987
-6.7794442674438 0.1986
-6.77943882713758 0.1985
-6.77943993827003 0.1984
-6.7794307646884 0.1983
-6.779412845441 0.1982
-6.77940103840123 0.1981
-6.77939012058285 0.198
-6.77937866103902 0.1979
-6.77936480018782 0.1978
-6.77936262109939 0.1977
-6.77936143015053 0.1976
-6.77937748015799 0.1975
-6.77939726112548 0.1974
-6.77943511182187 0.1973
-6.77946601965586 0.1972
-6.77951402256587 0.1971
-6.7795698890142 0.197
-6.77962371129636 0.1969
-6.77968008004561 0.1968
-6.77975670264422 0.1967
-6.77984315364334 0.1966
-6.77994402626356 0.1965
-6.78005680119586 0.1964
-6.78016912393951 0.1963
-6.78027612088289 0.1962
-6.78038037817174 0.1961
-6.78047263136518 0.196
-6.78055695168711 0.1959
-6.78063382051772 0.1958
-6.78070214233617 0.1957
-6.78075544295552 0.1956
-6.78079963899047 0.1955
-6.78083451660917 0.1954
-6.78086522602206 0.1953
-6.78089534313682 0.1952
-6.780918196338 0.1951
-6.780942141602 0.195
-6.78094401904237 0.1949
-6.78095013089581 0.1948
-6.78093832141811 0.1947
-6.78092036139615 0.1946
-6.7809041522378 0.1945
-6.780898330569 0.1944
-6.78089749240792 0.1943
-6.78089223916947 0.1942
-6.78089577244552 0.1941
-6.7809109446966 0.194
-6.78093485792791 0.1939
-6.7809862342373 0.1938
-6.78104787177238 0.1937
-6.78111915242905 0.1936
-6.78119709480238 0.1935
-6.78127456965135 0.1934
-6.78135418795001 0.1933
-6.78144558641009 0.1932
-6.78153889729142 0.1931
-6.78163981744259 0.193
-6.78172215822513 0.1929
-6.78180171991436 0.1928
-6.78186811063904 0.1927
-6.78192284896364 0.1926
-6.78199223697757 0.1925
-6.78205956248025 0.1924
-6.78210188499742 0.1923
-6.78214170896277 0.1922
-6.78215886575184 0.1921
-6.78216066516872 0.192
-6.78213958060819 0.1919
-6.78209863468 0.1918
-6.78205730527145 0.1917
-6.78201677493244 0.1916
-6.7819692550889 0.1915
-6.78191695103561 0.1914
-6.78187805958761 0.1913
-6.78184308094377 0.1912
-6.78182090921829 0.1911
-6.78180049444414 0.191
-6.78177316764317 0.1909
-6.78175373150557 0.1908
-6.78173138007842 0.1907
-6.78170987688282 0.1906
-6.78169948334199 0.1905
-6.78168800140651 0.1904
-6.78168172337003 0.1903
-6.78167271007057 0.1902
-6.7816629673923 0.1901
-6.78164823335235 0.19
-6.7816216749874 0.1899
-6.7815984049566 0.1898
-6.78157369651054 0.1897
-6.78153812014682 0.1896
-6.78150538181639 0.1895
-6.78147576845104 0.1894
-6.78144933033444 0.1893
-6.78142577433645 0.1892
-6.78140298498063 0.1891
-6.78138454067648 0.189
-6.78136642247692 0.1889
-6.78134584569594 0.1888
-6.78133535146584 0.1887
-6.78132912684756 0.1886
-6.78132372109096 0.1885
-6.78133326875435 0.1884
-6.78135545309064 0.1883
-6.7813875842984 0.1882
-6.78143899137065 0.1881
-6.78148774484658 0.188
-6.7815388054351 0.1879
-6.78160016572519 0.1878
-6.78165987137729 0.1877
-6.78170865690548 0.1876
-6.78176073444301 0.1875
-6.78180937835586 0.1874
-6.78186174182144 0.1873
-6.78190970100473 0.1872
-6.78195784110718 0.1871
-6.78199156543902 0.187
-6.78203219949425 0.1869
-6.78208936813485 0.1868
-6.78216174404914 0.1867
-6.78223383840171 0.1866
-6.78229610697772 0.1865
-6.78235548798672 0.1864
-6.78241843286373 0.1863
-6.78249326142137 0.1862
-6.78256766947988 0.1861
-6.78263964568396 0.186
-6.78270526227195 0.1859
-6.78276030434411 0.1858
-6.78281090810162 0.1857
-6.78285770755105 0.1856
-6.78289480294317 0.1855
-6.78292787227844 0.1854
-6.78297071769692 0.1853
-6.78301010002082 0.1852
-6.78304394338544 0.1851
-6.78304981165149 0.185
-6.78304072674508 0.1849
-6.78301275607755 0.1848
-6.78298303330771 0.1847
-6.78293216926581 0.1846
-6.78287825426943 0.1845
-6.78281531388858 0.1844
-6.78275997288916 0.1843
-6.78270255144175 0.1842
-6.78262739225154 0.1841
-6.7825329220621 0.184
-6.78243236163747 0.1839
-6.7823303224225 0.1838
-6.78221338272358 0.1837
-6.78209681531417 0.1836
-6.78197945940603 0.1835
-6.78186514066761 0.1834
-6.78174648265737 0.1833
-6.78163234768934 0.1832
-6.78151970871086 0.1831
-6.781404544137 0.183
-6.7812769646676 0.1829
-6.7811437990218 0.1828
-6.78102324106852 0.1827
-6.78090536054256 0.1826
-6.780807295687 0.1825
-6.78070282671457 0.1824
-6.7806025871829 0.1823
-6.78050733371794 0.1822
-6.78043780381139 0.1821
-6.78036642783593 0.182
-6.78030458789561 0.1819
-6.78024521051766 0.1818
-6.78019601995746 0.1817
-6.78016165950217 0.1816
-6.780144156723 0.1815
-6.78014720188149 0.1814
-6.78016786536618 0.1813
-6.78018782548581 0.1812
-6.78022524149008 0.1811
-6.78027885581324 0.181
-6.78033926612079 0.1809
-6.78041410818833 0.1808
-6.78049928733219 0.1807
-6.7806099966674 0.1806
-6.78071393634024 0.1805
-6.78081777677434 0.1804
-6.78092120558839 0.1803
-6.78101984886686 0.1802
-6.78111215063201 0.1801
-6.78119514800771 0.18
-6.78126095010405 0.1799
-6.78131752514864 0.1798
-6.78136645863768 0.1797
-6.78138677883696 0.1796
-6.78136894840559 0.1795
-6.78134138971762 0.1794
-6.7813184073165 0.1793
-6.78130094829449 0.1792
-6.78127598085711 0.1791
-6.78124565998364 0.179
-6.7812321530505 0.1789
-6.78121937030155 0.1788
-6.78122322774179 0.1787
-6.78121884757861 0.1786
-6.78120348001394 0.1785
-6.78117835071616 0.1784
-6.78116338713989 0.1783
-6.78114701131274 0.1782
-6.78110468970003 0.1781
-6.78106017453848 0.178
-6.78102451490174 0.1779
-6.78098183788594 0.1778
-6.78093712476411 0.1777
-6.78088644276087 0.1776
-6.78084684061083 0.1775
-6.78081166034499 0.1774
-6.78076928853926 0.1773
-6.78072227570956 0.1772
-6.78067678529662 0.1771
-6.78062924643581 0.177
-6.78058869423178 0.1769
-6.78056038523671 0.1768
-6.78054215814628 0.1767
-6.78053264455192 0.1766
-6.78052372615106 0.1765
-6.78051043892895 0.1764
-6.78051099059333 0.1763
-6.78053346688729 0.1762
-6.7805760061707 0.1761
-6.78063213976212 0.176
-6.78069939577086 0.1759
-6.78076622754758 0.1758
-6.78085211455167 0.1757
-6.78096023749574 0.1756
-6.78109669526947 0.1755
-6.78124409651857 0.1754
-6.78140679759614 0.1753
-6.78158072935141 0.1752
-6.78174909724412 0.1751
-6.78190845350264 0.175
-6.78206735363812 0.1749
-6.78222567410547 0.1748
-6.78239266224127 0.1747
-6.78255051440463 0.1746
-6.78270527547637 0.1745
-6.78284885674987 0.1744
-6.7829743102148 0.1743
-6.78308454722872 0.1742
-6.78317668034555 0.1741
-6.78325293148251 0.174
-6.78330498946366 0.1739
-6.78334064712453 0.1738
-6.78334629750664 0.1737
-6.78334487883375 0.1736
-6.78333411250488 0.1735
-6.78331221618466 0.1734
-6.78327585916332 0.1733
-6.78323524895409 0.1732
-6.7831820745489 0.1731
-6.78313031911423 0.173
-6.78307683648278 0.1729
-6.78299099348475 0.1728
-6.78289906383463 0.1727
-6.78278928543181 0.1726
-6.78266617219521 0.1725
-6.78253636874256 0.1724
-6.78239648706603 0.1723
-6.78225751538055 0.1722
-6.78212123141647 0.1721
-6.7819889691955 0.172
-6.78185953885553 0.1719
-6.78174054883502 0.1718
-6.78164380579524 0.1717
-6.78155778813104 0.1716
-6.78147643314315 0.1715
-6.78141397983858 0.1714
-6.78138004251951 0.1713
-6.78136493738509 0.1712
-6.78135538752047 0.1711
-6.78136794615467 0.171
-6.78139836223463 0.1709
-6.78145033331174 0.1708
-6.78153178880558 0.1707
-6.78162328353914 0.1706
-6.78171058137163 0.1705
-6.78181195635367 0.1704
-6.78191527209415 0.1703
-6.78202939484227 0.1702
-6.7821420429135 0.1701
-6.78224483109854 0.17
-6.78234327476655 0.1699
-6.78244333135611 0.1698
-6.78253501056513 0.1697
-6.78261745550483 0.1696
-6.78268557548545 0.1695
-6.78275664223388 0.1694
-6.78281860697957 0.1693
-6.78288825507482 0.1692
-6.78295612806872 0.1691
-6.78303344276815 0.169
-6.78308438255701 0.1689
-6.78312503663599 0.1688
-6.78315703863166 0.1687
-6.78319087602455 0.1686
-6.78320513690217 0.1685
-6.78322378087506 0.1684
-6.78323935276951 0.1683
-6.78324523587518 0.1682
-6.78324776797983 0.1681
-6.78325028409293 0.168
-6.78324565835153 0.1679
-6.78324171400676 0.1678
-6.78324129898442 0.1677
-6.78324455638358 0.1676
-6.78326898647703 0.1675
-6.78328691398391 0.1674
-6.78328935622688 0.1673
-6.78329876105064 0.1672
-6.78329294571612 0.1671
-6.78328548666829 0.167
-6.78326089649036 0.1669
-6.78323682280125 0.1668
-6.7832020599941 0.1667
-6.78316441047928 0.1666
-6.78312189129469 0.1665
-6.7830717811639 0.1664
-6.78299963811629 0.1663
-6.78292786140827 0.1662
-6.78286053143942 0.1661
-6.78278188599398 0.166
-6.78270615364577 0.1659
-6.78261194669003 0.1658
-6.78252374068014 0.1657
-6.78243912667651 0.1656
-6.78236539381789 0.1655
-6.78230160238952 0.1654
-6.7822440918151 0.1653
-6.78217941111562 0.1652
-6.78211429269659 0.1651
-6.78205800938625 0.165
-6.78202331258501 0.1649
-6.78200771125539 0.1648
-6.78200719904178 0.1647
-6.78201232061326 0.1646
-6.78202824382364 0.1645
-6.78205405546991 0.1644
-6.78210111038179 0.1643
-6.78215927989079 0.1642
-6.78222586187439 0.1641
-6.7823014082333 0.164
-6.7823886885824 0.1639
-6.78248826559031 0.1638
-6.78260604467354 0.1637
-6.78272029435481 0.1636
-6.78283475325512 0.1635
-6.78294446176497 0.1634
-6.78305132452322 0.1633
-6.78313518687067 0.1632
-6.78321695112261 0.1631
-6.78330355483842 0.163
-6.78338734229183 0.1629
-6.78346582510185 0.1628
-6.7835337901062 0.1627
-6.78361085743561 0.1626
-6.78369280550002 0.1625
-6.78377037752815 0.1624
-6.78383977913662 0.1623
-6.78391050838747 0.1622
-6.78397049719029 0.1621
-6.78402967747372 0.162
-6.78408332703488 0.1619
-6.7841314721912 0.1618
-6.7841797607966 0.1617
-6.78422687972782 0.1616
-6.78426104590364 0.1615
-6.78428498656338 0.1614
-6.78430819138332 0.1613
-6.78432107839016 0.1612
-6.78431321535629 0.1611
-6.78429618236022 0.161
-6.78425984305208 0.1609
-6.78422654093698 0.1608
-6.78416670893091 0.1607
-6.78411569799088 0.1606
-6.78405846099661 0.1605
-6.78399199518442 0.1604
-6.78391427474129 0.1603
-6.78381689563142 0.1602
-6.78374515120694 0.1601
-6.78368582872438 0.16
-6.7836309333062 0.1599
-6.78359704691439 0.1598
-6.78357487491005 0.1597
-6.78356614056807 0.1596
-6.78355792231185 0.1595
-6.78355748606357 0.1594
-6.78355903529585 0.1593
-6.78356961192887 0.1592
-6.78358839433206 0.1591
-6.78362967388877 0.159
-6.78368515426381 0.1589
-6.78373380156135 0.1588
-6.78379983789035 0.1587
-6.78388166533976 0.1586
-6.78396376667415 0.1585
-6.78404492146169 0.1584
-6.78413363815754 0.1583
-6.78422303971649 0.1582
-6.78430026143009 0.1581
-6.78437885457684 0.158
-6.78445333533423 0.1579
-6.78454013327421 0.1578
-6.78462148298031 0.1577
-6.78472242993602 0.1576
-6.78483204459233 0.1575
-6.78492503668925 0.1574
-6.78501478659439 0.1573
-6.78508933966448 0.1572
-6.7851572119139 0.1571
-6.78520778315906 0.157
-6.78524364346201 0.1569
-6.78527889068351 0.1568
-6.78530632409109 0.1567
-6.78531016427009 0.1566
-6.78532253339992 0.1565
-6.78534860459805 0.1564
-6.78538128762273 0.1563
-6.7854025578743 0.1562
-6.78543293470757 0.1561
-6.78546901391271 0.156
-6.78549567139682 0.1559
-6.78551310380771 0.1558
-6.78552846525062 0.1557
-6.78554269109703 0.1556
-6.78554779689875 0.1555
-6.78555010298067 0.1554
-6.78554701998874 0.1553
-6.78554122610578 0.1552
-6.78554184171796 0.1551
-6.7855447586109 0.155
-6.78554622732149 0.1549
-6.78553456513646 0.1548
-6.7855114162544 0.1547
-6.78547812352708 0.1546
-6.78543844677575 0.1545
-6.78540364630055 0.1544
-6.78536797012318 0.1543
-6.78533946159119 0.1542
-6.78532056414916 0.1541
-6.78531234169759 0.154
-6.78531781123247 0.1539
-6.78532327079253 0.1538
-6.7853091669026 0.1537
-6.78528942785582 0.1536
-6.78527538682497 0.1535
-6.78526460059465 0.1534
-6.78525854605895 0.1533
-6.78525878289203 0.1532
-6.78526989210321 0.1531
-6.78527390492478 0.153
-6.7852885968044 0.1529
-6.78531952690017 0.1528
-6.78535305522336 0.1527
-6.78537934178894 0.1526
-6.78542083404271 0.1525
-6.78547512119964 0.1524
-6.78553189904972 0.1523
-6.78558774973004 0.1522
-6.78564764548205 0.1521
-6.78570635022881 0.152
-6.78577020720715 0.1519
-6.78583493557833 0.1518
-6.78589465216839 0.1517
-6.78592740302803 0.1516
-6.78595748676427 0.1515
-6.78596778150975 0.1514
-6.78598183475928 0.1513
-6.78599935901453 0.1512
-6.78600495591701 0.1511
-6.78599787239047 0.151
-6.78598096834753 0.1509
-6.78597242521291 0.1508
-6.78595086164221 0.1507
-6.78592234812844 0.1506
-6.78591541169315 0.1505
-6.78590216938162 0.1504
-6.78589910731875 0.1503
-6.78590347345429 0.1502
-6.78590592042669 0.1501
-6.78589767233922 0.15
-6.78588802646436 0.1499
-6.78588587412088 0.1498
-6.78587838275199 0.1497
-6.78586731117245 0.1496
-6.78585833717102 0.1495
-6.78585998446483 0.1494
-6.78586103838598 0.1493
-6.78586980148758 0.1492
-6.78587967932684 0.1491
-6.78590163384582 0.149
-6.78593899070494 0.1489
-6.78599297879453 0.1488
-6.78605682002919 0.1487
-6.78612961968703 0.1486
-6.78621230681559 0.1485
-6.78628979222666 0.1484
-6.78637459556372 0.1483
-6.7864673989442 0.1482
-6.78656884738708 0.1481
-6.7866708941107 0.148
-6.78676623524555 0.1479
-6.78685601784787 0.1478
-6.78694252046514 0.1477
-6.78703387348716 0.1476
-6.78712011583676 0.1475
-6.7871985684384 0.1474
-6.78726970278093 0.1473
-6.78733097357668 0.1472
-6.78738018616406 0.1471
-6.78740880603523 0.147
-6.78742171202607 0.1469
-6.78742948499866 0.1468
-6.7874146144214 0.1467
-6.78737009247942 0.1466
-6.78732760082974 0.1465
-6.78726238715861 0.1464
-6.78718261724467 0.1463
-6.78709722695866 0.1462
-6.78701313573804 0.1461
-6.78692641276643 0.146
-6.78684035655026 0.1459
-6.78675875805748 0.1458
-6.78666394475805 0.1457
-6.78655560714827 0.1456
-6.78643753579769 0.1455
-6.78630632320948 0.1454
-6.78616760297036 0.1453
-6.78601980676378 0.1452
-6.78588480224494 0.1451
-6.78574354078541 0.145
-6.78559749053146 0.1449
-6.78547039562341 0.1448
-6.78535530117283 0.1447
-6.78524031245086 0.1446
-6.78512761817249 0.1445
-6.78501464013039 0.1444
-6.7849131648211 0.1443
-6.78481495857415 0.1442
-6.78472454096865 0.1441
-6.78464797119505 0.144
-6.78458518142766 0.1439
-6.78454615668531 0.1438
-6.78451487095329 0.1437
-6.78449291344918 0.1436
-6.78449106452212 0.1435
-6.78449995072716 0.1434
-6.78452275611887 0.1433
-6.78455394139828 0.1432
-6.78459796288574 0.1431
-6.78463858382388 0.143
-6.78467191887903 0.1429
-6.78469031461215 0.1428
-6.7847006354453 0.1427
-6.78470161061757 0.1426
-6.78470977998327 0.1425
-6.78472586825921 0.1424
-6.78474645265357 0.1423
-6.78476281822813 0.1422
-6.78478079502859 0.1421
-6.78479408029382 0.142
-6.78479644263348 0.1419
-6.78481659446441 0.1418
-6.78482214124864 0.1417
-6.78481928014363 0.1416
-6.78480482874777 0.1415
-6.78479683081115 0.1414
-6.78478110734098 0.1413
-6.78478280007936 0.1412
-6.78477613100835 0.1411
-6.78476535843946 0.141
-6.78475580291152 0.1409
-6.78472368001402 0.1408
-6.78469649691159 0.1407
-6.7846788904653 0.1406
-6.78467539664019 0.1405
-6.78466484053213 0.1404
-6.78466382634019 0.1403
-6.78466356120775 0.1402
-6.78467924223696 0.1401
-6.78469715065547 0.14
-6.78472044203574 0.1399
-6.78476680060483 0.1398
-6.78482089464612 0.1397
-6.78487831666519 0.1396
-6.78495083675973 0.1395
-6.78502364119066 0.1394
-6.78508544564507 0.1393
-6.78513550008732 0.1392
-6.78519282978722 0.1391
-6.78523313777075 0.139
-6.7852674463798 0.1389
-6.78530866346178 0.1388
-6.78536562519613 0.1387
-6.7854211195182 0.1386
-6.78547694812896 0.1385
-6.78552602954331 0.1384
-6.78558259120022 0.1383
-6.78562007844957 0.1382
-6.78566246756639 0.1381
-6.78572294699125 0.138
-6.78578535454229 0.1379
-6.78585609821362 0.1378
-6.78592362114485 0.1377
-6.78597251024083 0.1376
-6.78601897609683 0.1375
-6.78606747357516 0.1374
-6.7861030554441 0.1373
-6.78613983433683 0.1372
-6.78617501698052 0.1371
-6.78620155119868 0.137
-6.78623403526785 0.1369
-6.78626807246293 0.1368
-6.78629909746498 0.1367
-6.78633328413364 0.1366
-6.78638403686382 0.1365
-6.78643344771768 0.1364
-6.7864884545258 0.1363
-6.78653132826188 0.1362
-6.78656799217007 0.1361
-6.78658731767323 0.136
-6.78659836118085 0.1359
-6.78661757084125 0.1358
-6.78662071987145 0.1357
-6.78661616615472 0.1356
-6.7866224175062 0.1355
-6.78662924459788 0.1354
-6.78662822440214 0.1353
-6.78662383456965 0.1352
-6.78661815212508 0.1351
-6.78661702094337 0.135
-6.78661217367723 0.1349
-6.78660831484139 0.1348
-6.78660500192877 0.1347
-6.78659884948247 0.1346
-6.78660390095773 0.1345
-6.78659859391154 0.1344
-6.78660389502723 0.1343
-6.78661903958724 0.1342
-6.78663332878507 0.1341
-6.78664575687838 0.134
-6.78666747915619 0.1339
-6.78669808476694 0.1338
-6.78673855456314 0.1337
-6.78678095619861 0.1336
-6.78682626657077 0.1335
-6.78684886526135 0.1334
-6.78687728591867 0.1333
-6.78690614214985 0.1332
-6.78694100738529 0.1331
-6.78697183748811 0.133
-6.78700612827402 0.1329
-6.78704259537725 0.1328
-6.78707306255375 0.1327
-6.78711530643355 0.1326
-6.78715638409806 0.1325
-6.78718939639873 0.1324
-6.78720719482729 0.1323
-6.78720522462522 0.1322
-6.78719166300948 0.1321
-6.78719211265123 0.132
-6.78718684891921 0.1319
-6.78719941576498 0.1318
-6.78721934745016 0.1317
-6.78723314580642 0.1316
-6.78723556713859 0.1315
-6.78722956739968 0.1314
-6.78720697393523 0.1313
-6.78719696365084 0.1312
-6.78718530561772 0.1311
-6.78716535491509 0.131
-6.78714089786685 0.1309
-6.78710481146934 0.1308
-6.78705285036217 0.1307
-6.78700173962447 0.1306
-6.78695538487734 0.1305
-6.78688767120854 0.1304
-6.78681906332093 0.1303
-6.78674554680354 0.1302
-6.78666156780695 0.1301
-6.78657365988636 0.13
-6.78650666904933 0.1299
-6.78644514272637 0.1298
-6.78640253641083 0.1297
-6.78636885668267 0.1296
-6.78634972594813 0.1295
-6.78633640694631 0.1294
-6.78631322051787 0.1293
-6.78627687770953 0.1292
-6.78623796406759 0.1291
-6.78620593170159 0.129
-6.78617663321932 0.1289
-6.78614335569238 0.1288
-6.7861197229715 0.1287
-6.78609789339744 0.1286
-6.78608405483351 0.1285
-6.78608495812444 0.1284
-6.78607930662507 0.1283
-6.78607012470559 0.1282
-6.78606028578109 0.1281
-6.7860579716817 0.128
-6.78604683821726 0.1279
-6.78604924520017 0.1278
-6.78604169436619 0.1277
-6.78604365267072 0.1276
-6.78605963717115 0.1275
-6.78607379652988 0.1274
-6.78608234037527 0.1273
-6.78608771430742 0.1272
-6.78609987615811 0.1271
-6.78610822775403 0.127
-6.78611337371621 0.1269
-6.78610442302335 0.1268
-6.78609899287105 0.1267
-6.78610487956495 0.1266
-6.78612150167918 0.1265
-6.78613155553083 0.1264
-6.7861417040035 0.1263
-6.78615612108405 0.1262
-6.78618818827637 0.1261
-6.7862439947184 0.126
-6.7862998017289 0.1259
-6.78638533117774 0.1258
-6.78647627600209 0.1257
-6.7865865343992 0.1256
-6.78672244478523 0.1255
-6.78686196251902 0.1254
-6.78700471707443 0.1253
-6.78714938081245 0.1252
-6.78730260154759 0.1251
-6.78747760271067 0.125
-6.78765731550575 0.1249
-6.78784257870662 0.1248
-6.78802982985833 0.1247
-6.78821358109813 0.1246
-6.7883851865066 0.1245
-6.78855994218325 0.1244
-6.78870768958748 0.1243
-6.78883984989336 0.1242
-6.78893978779842 0.1241
-6.78902661946126 0.124
-6.78910137321541 0.1239
-6.78915714754186 0.1238
-6.78919536411158 0.1237
-6.78920908378603 0.1236
-6.78919524820169 0.1235
-6.78917731233251 0.1234
-6.78914594953806 0.1233
-6.78910230964201 0.1232
-6.7890526295426 0.1231
-6.78900067393516 0.123
-6.78893812904511 0.1229
-6.78886581659069 0.1228
-6.78879642085666 0.1227
-6.78870423699056 0.1226
-6.78860049340832 0.1225
-6.78850466322967 0.1224
-6.78841954850548 0.1223
-6.78834333466543 0.1222
-6.7882537790028 0.1221
-6.78815725432984 0.122
-6.78806923008707 0.1219
-6.78797498823551 0.1218
-6.78788399059232 0.1217
-6.78778074866891 0.1216
-6.78767734149988 0.1215
-6.78758446029941 0.1214
-6.78750795237015 0.1213
-6.78743279975625 0.1212
-6.78736757105045 0.1211
-6.78732518935157 0.121
-6.78729994229971 0.1209
-6.78728083648014 0.1208
-6.78726254054565 0.1207
-6.78725013317746 0.1206
-6.78724893961039 0.1205
-6.78723972493781 0.1204
-6.78723849375683 0.1203
-6.78723870991212 0.1202
-6.78724474982153 0.1201
-6.78726622755683 0.12
-6.78728829741846 0.1199
-6.78731808444592 0.1198
-6.78735407297824 0.1197
-6.78738597507922 0.1196
-6.7874122773101 0.1195
-6.78742900176728 0.1194
-6.78743130058557 0.1193
-6.78742645447552 0.1192
-6.78742783010017 0.1191
-6.78741641353948 0.119
-6.78739364807771 0.1189
-6.78735699915899 0.1188
-6.78733104725609 0.1187
-6.78730887688085 0.1186
-6.78727905952169 0.1185
-6.78723912541814 0.1184
-6.787191872363 0.1183
-6.78713251053172 0.1182
-6.78706846730467 0.1181
-6.78701989676948 0.118
-6.78698079562899 0.1179
-6.78695401376469 0.1178
-6.78692828869619 0.1177
-6.78690291446453 0.1176
-6.78689428639986 0.1175
-6.78689158140571 0.1174
-6.78690102392175 0.1173
-6.78693137215344 0.1172
-6.78698090849419 0.1171
-6.78707260517683 0.117
-6.78718001032886 0.1169
-6.78728960081162 0.1168
-6.78742143651583 0.1167
-6.78756958692316 0.1166
-6.78771876240159 0.1165
-6.7878779392271 0.1164
-6.78804610353834 0.1163
-6.78820795929182 0.1162
-6.78838073807045 0.1161
-6.78854997533176 0.116
-6.78871418835593 0.1159
-6.78885726750968 0.1158
-6.78899660009441 0.1157
-6.78913414125754 0.1156
-6.78925474077296 0.1155
-6.78934513817591 0.1154
-6.78941372709083 0.1153
-6.78946116946108 0.1152
-6.78948091686647 0.1151
-6.78949219293197 0.115
-6.78947421831413 0.1149
-6.78944929920944 0.1148
-6.78941423608825 0.1147
-6.78937486840643 0.1146
-6.78932919956327 0.1145
-6.78928467509845 0.1144
-6.78924579142147 0.1143
-6.78920941533063 0.1142
-6.7891754499303 0.1141
-6.78915115174246 0.114
-6.78912856336474 0.1139
-6.78910217738773 0.1138
-6.7890832493904 0.1137
-6.78906353058246 0.1136
-6.789055846996 0.1135
-6.78903993080609 0.1134
-6.78901890772988 0.1133
-6.78901114123491 0.1132
-6.78899287325432 0.1131
-6.78896733871315 0.113
-6.78893887759314 0.1129
-6.78889911048754 0.1128
-6.78885985348713 0.1127
-6.78883098694185 0.1126
-6.78881680301728 0.1125
-6.78878157014515 0.1124
-6.78874761318211 0.1123
-6.78872565579161 0.1122
-6.7886959993007 0.1121
-6.7886770081737 0.112
-6.78866430108623 0.1119
-6.78865957269806 0.1118
-6.78866443821963 0.1117
-6.78867332309113 0.1116
-6.78869133756875 0.1115
-6.788700020792 0.1114
-6.78871657686007 0.1113
-6.78872602276223 0.1112
-6.78873504492954 0.1111
-6.78875167167832 0.111
-6.78877255299899 0.1109
-6.78879553588587 0.1108
-6.78881863197167 0.1107
-6.78884304802472 0.1106
-6.78887334213625 0.1105
-6.78890631292407 0.1104
-6.78893533103031 0.1103
-6.78896176074717 0.1102
-6.78900448865792 0.1101
-6.78905833971533 0.11
-6.78912423110683 0.1099
-6.78919695817534 0.1098
-6.78925790805339 0.1097
-6.78931877249257 0.1096
-6.78939015175203 0.1095
-6.78946810252988 0.1094
-6.78954630391972 0.1093
-6.78962774068264 0.1092
-6.78969186606922 0.1091
-6.78975205201343 0.109
-6.78979237268658 0.1089
-6.78982404535853 0.1088
-6.78986499886379 0.1087
-6.78989540154527 0.1086
-6.78991680525016 0.1085
-6.7899305281681 0.1084
-6.78995040339367 0.1083
-6.78996935081329 0.1082
-6.78997516512892 0.1081
-6.78998325438336 0.108
-6.78999037476369 0.1079
-6.78998667571921 0.1078
-6.78997255974577 0.1077
-6.78996313794006 0.1076
-6.78995349588206 0.1075
-6.78993682217722 0.1074
-6.78992515474012 0.1073
-6.78991040100503 0.1072
-6.78990676542558 0.1071
-6.7899208742033 0.107
-6.78994395602595 0.1069
-6.78997169625517 0.1068
-6.79000757643204 0.1067
-6.79005549510963 0.1066
-6.79009136475183 0.1065
-6.79012691638871 0.1064
-6.79016423710461 0.1063
-6.79019798385599 0.1062
-6.79023285661088 0.1061
-6.79027161567767 0.106
-6.79030840877809 0.1059
-6.79034109757129 0.1058
-6.79037329527584 0.1057
-6.79041098492575 0.1056
-6.79046176906356 0.1055
-6.79051288914961 0.1054
-6.79056147611002 0.1053
-6.79060539428756 0.1052
-6.79063594813165 0.1051
-6.79067413480983 0.105
-6.79071721720851 0.1049
-6.79076814780704 0.1048
-6.79081662184278 0.1047
-6.79087372206016 0.1046
-6.79094021227878 0.1045
-6.79101832174483 0.1044
-6.79108888380337 0.1043
-6.79115460621604 0.1042
-6.79121731889647 0.1041
-6.79129049543409 0.104
-6.7913707147094 0.1039
-6.79144682524049 0.1038
-6.79151735437013 0.1037
-6.791580649257 0.1036
-6.7916227670487 0.1035
-6.79164163784139 0.1034
-6.79165472499747 0.1033
-6.79166316164191 0.1032
-6.79165359428248 0.1031
-6.7916206906828 0.103
-6.7915794274549 0.1029
-6.7915179285519 0.1028
-6.7914555658924 0.1027
-6.79138536132197 0.1026
-6.79130487407283 0.1025
-6.79120942161587 0.1024
-6.79108155186954 0.1023
-6.79093694699703 0.1022
-6.79077498847739 0.1021
-6.79061006042751 0.102
-6.7904434380483 0.1019
-6.79026905788333 0.1018
-6.79008150647863 0.1017
-6.78988377403915 0.1016
-6.78966925004513 0.1015
-6.78945334690247 0.1014
-6.78925787632943 0.1013
-6.78908407006896 0.1012
-6.78892909463903 0.1011
-6.78880083189271 0.101
-6.788673975321 0.1009
-6.78857570175592 0.1008
-6.78848407964121 0.1007
-6.78843271299554 0.1006
-6.78841679693534 0.1005
-6.78842675529761 0.1004
-6.78844749570897 0.1003
-6.78849005821464 0.1002
-6.78855183678942 0.1001
-6.78861889519468 0.1
-6.78869797944416 0.0999
-6.78878988332585 0.0998
-6.78887980553146 0.0997
-6.78896375118594 0.0996
-6.78904806716911 0.0995
-6.7891161624365 0.0994
-6.78917641934295 0.0993000000000001
-6.78922833832546 0.0992
-6.78927041170402 0.0991
-6.78929878152916 0.099
-6.78930011944855 0.0989
-6.78928641651966 0.0988
-6.78926435428118 0.0987
-6.78922172191651 0.0986
-6.7891651820165 0.0985
-6.78909456450066 0.0984
-6.78902446722894 0.0983000000000001
-6.78895403261255 0.0982
-6.78889123076003 0.0981
-6.7888352280074 0.098
-6.78878397914446 0.0979
-6.78874196964696 0.0978
-6.78871054697018 0.0977
-6.78868537589822 0.0976
-6.78865657007079 0.0975
-6.78864479446536 0.0974
-6.78865987734224 0.0973000000000001
-6.78868526073227 0.0972
-6.78872655892699 0.0971
-6.78877679057863 0.097
-6.78882849598614 0.0969
-6.78887220759685 0.0968
-6.78892190486634 0.0967
-6.78897937475318 0.0966
-6.78905272550017 0.0965
-6.7891303503232 0.0964
-6.78921689968197 0.0963000000000001
-6.7893211813164 0.0962
-6.78943536432507 0.0961
-6.7895623397543 0.096
-6.78969028607704 0.0959
-6.78983187472132 0.0958
-6.78997506496155 0.0957
-6.79012359252361 0.0956
-6.790280364476 0.0955
-6.79042645868271 0.0954
-6.79054047342822 0.0953000000000001
-6.79062525683084 0.0952
-6.79070300971141 0.0951
-6.79077223462469 0.095
-6.79082179180261 0.0949
-6.790863023678 0.0948
-6.79090186197028 0.0947
-6.79094051984448 0.0946
-6.79097131447678 0.0945
-6.79098715381347 0.0944
-6.79098057958359 0.0943000000000001
-6.79095779543911 0.0942
-6.79092059057959 0.0941
-6.79086345610144 0.094
-6.79081251928843 0.0939
-6.79074802778402 0.0938
-6.79070235516015 0.0937
-6.79065460147897 0.0936
-6.79060540448596 0.0935
-6.79056402690636 0.0934
-6.7905396037953 0.0933
-6.79051771848497 0.0931999999999999
-6.79049523863945 0.0931
-6.79048116885448 0.093
-6.79047427705907 0.0929
-6.79046971659275 0.0928
-6.79047729463185 0.0927
-6.79048352155652 0.0926
-6.79051343197558 0.0925
-6.79056249046256 0.0924
-6.79061893055151 0.0923
-6.79067509632837 0.0921999999999999
-6.79073661318052 0.0921
-6.79080150309911 0.092
-6.79087747689526 0.0919
-6.79097513444165 0.0918
-6.79108184540518 0.0917
-6.79118971169251 0.0916
-6.79129634582144 0.0915
-6.79140637188272 0.0914
-6.79152104092117 0.0913
-6.79163282042975 0.0911999999999999
-6.79175461830008 0.0911
-6.7918586948506 0.091
-6.7919565453932 0.0909
-6.79204922919118 0.0908
-6.7921412847841 0.0907
-6.79221415692441 0.0906
-6.79226832201385 0.0905
-6.79231565834406 0.0904
-6.79234163605461 0.0903
-6.79233746041332 0.0901999999999999
-6.79231667358488 0.0901
-6.79227924916604 0.09
-6.7922198695522 0.0899
-6.79213105103932 0.0898
-6.79202179116176 0.0897
-6.79188741130939 0.0896
-6.79172963263317 0.0895
-6.7915642160759 0.0894
-6.79139457090812 0.0893
-6.7912264641452 0.0891999999999999
-6.79106785190067 0.0891
-6.79092854098017 0.089
-6.7908036986224 0.0889
-6.79067591000732 0.0888
-6.79057312740703 0.0887
-6.79049004363764 0.0886
-6.79041932912371 0.0885
-6.79035872972791 0.0884
-6.79032896642153 0.0883
-6.79032010101599 0.0881999999999999
-6.79033958762385 0.0881
-6.79038827409 0.088
-6.79046343865313 0.0879
-6.79054236387564 0.0878
-6.79063002936885 0.0877
-6.79072885123236 0.0876
-6.79082064062904 0.0875
-6.79090973583283 0.0874
-6.79099536715745 0.0873
-6.79108597829711 0.0872000000000001
-6.79117983377183 0.0871
-6.7912761958472 0.087
-6.79135799110992 0.0869
-6.79144392262338 0.0868
-6.79152880537229 0.0867
-6.79159931974164 0.0866
-6.79166323442828 0.0865
-6.79172288083864 0.0864
-6.79177332516662 0.0863
-6.79180817019206 0.0862000000000001
-6.79184717789175 0.0861
-6.79187597635746 0.086
-6.79191257909313 0.0859
-6.79196773381223 0.0858
-6.79201647637303 0.0857
-6.7920680310229 0.0856
-6.79212466478529 0.0855
-6.79218945778363 0.0854
-6.79226530550886 0.0853
-6.79232853872974 0.0852000000000001
-6.79239391431185 0.0851
-6.79245789467549 0.085
-6.7925227949591 0.0849
-6.79257264129298 0.0848
-6.79261019978917 0.0847
-6.79265019415729 0.0846
-6.79269476912526 0.0845
-6.7927402054347 0.0844
-6.79279180297248 0.0843
-6.79284925630616 0.0842000000000001
-6.79290002896587 0.0841
-6.79295189533515 0.084
-6.79299428218229 0.0839
-6.79303857098098 0.0838
-6.79309487935865 0.0837
-6.79316297377626 0.0836
-6.79323753626644 0.0835
-6.79330245174653 0.0834
-6.79337935556131 0.0833
-6.79345000886769 0.0832000000000001
-6.79351680112006 0.0831
-6.79357217377338 0.083
-6.79361090363909 0.0829
-6.79364275481371 0.0828
-6.79364470859446 0.0827
-6.7936370245442 0.0826
-6.79361312582873 0.0825
-6.79357793786478 0.0824
-6.79352089645934 0.0823
-6.79344546255604 0.0822000000000001
-6.79337066604645 0.0821
-6.79329919011074 0.082
-6.7932242493246 0.0819
-6.79313841815736 0.0818
-6.7930713040383 0.0817
-6.79301597599503 0.0816
-6.79297795161903 0.0815
-6.79293133467967 0.0814
-6.79289077509505 0.0813
-6.79285798728104 0.0812
-6.79283548077557 0.0810999999999999
-6.79282723417007 0.081
-6.79284354436384 0.0809
-6.7928737586273 0.0808
-6.79290398690917 0.0807
-6.79293975998505 0.0806
-6.79297343259508 0.0805
-6.79301022644907 0.0804
-6.79304579794864 0.0803
-6.79306529438645 0.0802
-6.79308116330184 0.0800999999999999
-6.79311527410676 0.08
-6.79315196100031 0.0799
-6.79317947917268 0.0798
-6.79319700514089 0.0797
-6.79321136131877 0.0796
-6.79322471186587 0.0795
-6.79324182072518 0.0794
-6.79323255456484 0.0793
-6.79320977256374 0.0792
-6.79317897981765 0.0790999999999999
-6.79313586411634 0.079
-6.7930735271283 0.0789
-6.79299938426257 0.0788
-6.79288813675832 0.0787
-6.79277819541016 0.0786
-6.79268299348547 0.0785
-6.79259327891438 0.0784
-6.79250723408779 0.0783
-6.79241511743754 0.0782
-6.79235363031731 0.0780999999999999
-6.79230658125148 0.078
-6.79228360020403 0.0779
-6.79227907008592 0.0778
-6.79229970254851 0.0777
-6.79234356905955 0.0776
-6.7924037390735 0.0775
-6.79247067300275 0.0774
-6.79254428696434 0.0773
-6.79261678941793 0.0772
-6.79269086434935 0.0770999999999999
-6.79277162368179 0.077
-6.79284592997648 0.0769
-6.7929153215338 0.0768
-6.79296266644564 0.0767
-6.79298464410728 0.0766
-6.7929947763429 0.0765
-6.79298516470819 0.0764
-6.79295984286626 0.0763
-6.7929421262662 0.0762
-6.79292755104199 0.0760999999999999
-6.79290269416196 0.076
-6.79287519074219 0.0759
-6.79283867661216 0.0758
-6.79279412629242 0.0757
-6.79277371661928 0.0756
-6.7927689839476 0.0755
-6.7927735430457 0.0754
-6.79280097152659 0.0753
-6.79284229980259 0.0752
-6.79289130347628 0.0750999999999999
-6.79294665764201 0.075
-6.7930240250138 0.0749
-6.79309321013037 0.0748
-6.79317715118858 0.0747
-6.79325627272856 0.0746
-6.79332964356704 0.0745
-6.79340497160904 0.0744
-6.79347754767337 0.0743
-6.79355551985554 0.0742
-6.79362020504308 0.0741000000000001
-6.79368374488055 0.074
-6.79374865267928 0.0739
-6.79380491708125 0.0738
-6.79385792115071 0.0737
-6.7938968009552 0.0736
-6.79390453554708 0.0735
-6.79389006881185 0.0734
-6.79386489358059 0.0733
-6.79382909049173 0.0732
-6.79378031496602 0.0731000000000001
-6.79372114713229 0.073
-6.793643928744 0.0729
-6.7935538114895 0.0728
-6.79345342252046 0.0727
-6.79336629146069 0.0726
-6.79327578155064 0.0725
-6.79317822341669 0.0724
-6.79308100781136 0.0723
-6.79296875507657 0.0722
-6.79286711728731 0.0721000000000001
-6.79276181931338 0.072
-6.79265308144298 0.0719
-6.79254534495611 0.0718
-6.79246043305428 0.0717
-6.79238031229061 0.0716
-6.79229674201233 0.0715
-6.79221935128813 0.0714
-6.79215250464595 0.0713
-6.79209998258554 0.0712
-6.79205560124741 0.0711000000000001
-6.79203266113353 0.071
-6.79202692766408 0.0709
-6.79203230916027 0.0708
-6.79205475325954 0.0707
-6.79210371846186 0.0706
-6.79215736056115 0.0705
-6.7922178678406 0.0704
-6.79227486348762 0.0703
-6.79233991644579 0.0702
-6.79238729946861 0.0701000000000001
-6.79242202003273 0.07
-6.79244515538375 0.0699
-6.79247062235076 0.0698
-6.79249176245168 0.0697
-6.79251351011379 0.0696
-6.79251332903198 0.0695
-6.79250531913666 0.0694
-6.7924800964545 0.0693
-6.79244356720831 0.0692
-6.79238716858742 0.0691000000000001
-6.79231765790937 0.069
-6.79224373692008 0.0689
-6.79216955676792 0.0688
-6.79211430235763 0.0687
-6.79204774195957 0.0686
-6.7919929402359 0.0685
-6.79194649702749 0.0684
-6.79192062535159 0.0683
-6.79190001780403 0.0682
-6.79187782308505 0.0681
-6.79185990441684 0.0679999999999999
-6.79185154346137 0.0679
-6.79186110723493 0.0678
-6.79188515978656 0.0677
-6.79191308183674 0.0676
-6.7919551700833 0.0675
-6.79199097347528 0.0674
-6.79203112348243 0.0673
-6.79207456325645 0.0672
-6.79211640526529 0.0671
-6.79215665968551 0.0669999999999999
-6.79220272855729 0.0669
-6.79225789621591 0.0668
-6.79231207267777 0.0667
-6.79237061292228 0.0666
-6.79242642934279 0.0665
-6.79248337357198 0.0664
-6.7925439646143 0.0663
-6.79262801165884 0.0662
-6.79271840326358 0.0661
-6.79281630830509 0.0659999999999999
-6.79291545929468 0.0659
-6.79301474933656 0.0658
-6.7931150019144 0.0657
-6.79320852931152 0.0656
-6.79330119441156 0.0655
-6.7933885423529 0.0654
-6.79348948549771 0.0653
-6.79359340939837 0.0652
-6.79368781436157 0.0651
-6.7937797837154 0.0649999999999999
-6.79386991844601 0.0649
-6.79395788209811 0.0648
-6.79402218945553 0.0647
-6.79406651744356 0.0646
-6.79410854369054 0.0645
-6.79413200513453 0.0644
-6.79413148108409 0.0643
-6.79413641694051 0.0642
-6.79413776254355 0.0641
-6.79412759971376 0.0639999999999999
-6.79411008740046 0.0639
-6.79408730396959 0.0638
-6.79406624764448 0.0637
-6.79404064049361 0.0636
-6.79402993380462 0.0635
-6.79400571176707 0.0634
-6.79397896890839 0.0633
-6.79395509070586 0.0632
-6.7939239805138 0.0631
-6.79388294925396 0.0629999999999999
-6.7938362589932 0.0629
-6.79379926663634 0.0628
-6.79376005796941 0.0627
-6.79371461472186 0.0626
-6.79368739277673 0.0625
-6.79366214662501 0.0624
-6.79364297362822 0.0623
-6.79362591684969 0.0622
-6.79360443566264 0.0621
-6.79356463534142 0.0620000000000001
-6.7935143842936 0.0619
-6.79346083551226 0.0618
-6.79341863408694 0.0617
-6.79336614991018 0.0616
-6.79330701607423 0.0615
-6.79324204670184 0.0614
-6.79317905660857 0.0613
-6.79312313585784 0.0612
-6.79308590524843 0.0611
-6.79307155919029 0.0610000000000001
-6.7930695392452 0.0609
-6.79308474685139 0.0608
-6.79312688237631 0.0607
-6.793180250877 0.0606
-6.79322610129665 0.0605
-6.7932848781777 0.0604
-6.79337374954646 0.0603
-6.79348105245126 0.0602
-6.79361004048909 0.0601
-6.79373733786761 0.0600000000000001
-6.79387211916196 0.0599
-6.79401818799998 0.0598
-6.79417429457692 0.0597
-6.79431807525088 0.0596
-6.79446804365432 0.0595
-6.79460897225802 0.0594
-6.79474364263236 0.0593
-6.79486433524595 0.0592
-6.79496614903033 0.0591
-6.79506372412586 0.0590000000000001
-6.79515479661563 0.0589
-6.79521865511336 0.0588
-6.79526643534823 0.0587
-6.79531063260564 0.0586
-6.79533847380792 0.0585
-6.79534512962354 0.0584
-6.79534974825283 0.0583
-6.79533368592629 0.0582
-6.79530864243138 0.0581
-6.79527173138112 0.0580000000000001
-6.79521898079077 0.0579
-6.79517068451519 0.0578
-6.79513580034185 0.0577
-6.79509824731365 0.0576
-6.79506406820567 0.0575
-6.79503272154233 0.0574
-6.79500085261747 0.0573
-6.79497431104196 0.0572
-6.79496077947913 0.0571
-6.79495271299772 0.0570000000000001
-6.7949470022311 0.0569
-6.79494044597832 0.0568
-6.79493814873453 0.0567
-6.79492855104874 0.0566
-6.7949180021167 0.0565
-6.79490290968612 0.0564
-6.79488805510158 0.0563
-6.7948912335039 0.0562
-6.79489157148044 0.0561
-6.79489341742891 0.056
-6.79489871509104 0.0558999999999999
-6.79491788652431 0.0558
-6.79495696748704 0.0557
-6.79499723729107 0.0556
-6.79503917388755 0.0555
-6.79509105177999 0.0554
-6.7951421829827 0.0553
-6.79518884856023 0.0552
-6.79525212038926 0.0551
-6.79531627717984 0.055
-6.79537388129881 0.0548999999999999
-6.79542573572419 0.0548
-6.79547959032722 0.0547
-6.79553989315249 0.0546
-6.79558604014721 0.0545
-6.79562615550414 0.0544
-6.79565532118471 0.0543
-6.79567066677081 0.0542
-6.79567494228224 0.0541
-6.79566522828621 0.054
-6.79565480717666 0.0538999999999999
-6.79563791563292 0.0538
-6.79561365908035 0.0537
-6.79559443233454 0.0536
-6.79557585457134 0.0535
-6.79556013534617 0.0534
-6.79554588199851 0.0533
-6.79554546230079 0.0532
-6.79554049933488 0.0531
-6.79552906897742 0.053
-6.79552050319759 0.0528999999999999
-6.79552466759719 0.0528
-6.79552943495217 0.0527
-6.79552167197571 0.0526
-6.79549985463566 0.0525
-6.79544961547294 0.0524
-6.79540009981542 0.0523
-6.79534792229635 0.0522
-6.79529733891206 0.0521
-6.7952478824591 0.052
-6.79521503957123 0.0518999999999999
-6.79518802658961 0.0518
-6.79517980588791 0.0517
-6.79518032602264 0.0516
-6.79519696755846 0.0515
-6.7952349744352 0.0514
-6.79527667638009 0.0513
-6.7953294435647 0.0512
-6.79537663192181 0.0511
-6.79541426551496 0.051
-6.7954431108695 0.0508999999999999
-6.79547594475146 0.0508
-6.79551789069104 0.0507
-6.79555947408208 0.0506
-6.79558812135252 0.0505
-6.79563610880253 0.0504
-6.79568547363808 0.0503
-6.7957268145354 0.0502
-6.79576102206297 0.0501
-6.79580178840895 0.05
-6.79584554423046 0.0499000000000001
-6.79589098262588 0.0498
-6.79591705556394 0.0497
-6.79594074360619 0.0496
-6.79597105315852 0.0495
-6.79599092706178 0.0494
-6.79600849139686 0.0493
-6.79600331097489 0.0492
-6.79598230179184 0.0491
-6.79594631851324 0.049
-6.79590248463263 0.0489000000000001
-6.79583495406276 0.0488
-6.79575748308824 0.0487
-6.79567334093836 0.0486
-6.79557603775185 0.0485
-6.79549305497262 0.0484
-6.79542750859489 0.0483
-6.79536515768844 0.0482
-6.79531236200269 0.0481
-6.79526835058187 0.048
-6.79523354336981 0.0479000000000001
-6.79520954570757 0.0478
-6.79518944763295 0.0477
-6.79516373122356 0.0476
-6.7951417316273 0.0475
-6.79511262418356 0.0474
-6.79508836771325 0.0473
-6.7950532927941 0.0472
-6.79502504323231 0.0471
-6.79501551048242 0.047
-6.79501226700537 0.0469000000000001
-6.79501477515624 0.0468
-6.79504700788622 0.0467
-6.79506784967897 0.0466
-6.79508635403812 0.0465
-6.79512000597737 0.0464
-6.79516612279484 0.0463
-6.79521729970884 0.0462
-6.7952592238966 0.0461
-6.79530432035735 0.046
-6.79534620995618 0.0459000000000001
-6.79539638194544 0.0458
-6.79545405664815 0.0457
-6.79550582347135 0.0456
-6.79554988821227 0.0455
-6.79558714737991 0.0454
-6.79562895573855 0.0453
-6.79564861481712 0.0452
-6.79565792802312 0.0451
-6.79566526983697 0.045
-6.79567329062079 0.0449000000000001
-6.7956744564952 0.0448
-6.79568644334301 0.0447
-6.79569317446828 0.0446
-6.79569643256722 0.0445
-6.79571099320376 0.0444
-6.79571209348962 0.0443
-6.79571285847632 0.0442
-6.79571144219225 0.0441
-6.79569959448361 0.044
-6.79568879548744 0.0439000000000001
-6.79568448825988 0.0438
-6.7956931798536 0.0437
-6.79570244911417 0.0436
-6.79572333330929 0.0435
-6.79573784379259 0.0434
-6.79575439952399 0.0433
-6.79577697153405 0.0432
-6.79579256465076 0.0431
-6.79580490582218 0.043
-6.79581257301849 0.0429
-6.79582534213776 0.0427999999999999
-6.79582748679327 0.0427
-6.79582860039272 0.0426
-6.79581182355421 0.0425
-6.79577758982995 0.0424
-6.79572500155623 0.0423
-6.79565634359291 0.0422
-6.79558470416867 0.0421
-6.79550691026666 0.042
-6.79544413846626 0.0419
-6.79537882473092 0.0417999999999999
-6.79532653548156 0.0417
-6.79527720322412 0.0416
-6.79522800501367 0.0415
-6.79517080207056 0.0414
-6.79511389416569 0.0413
-6.79505349981977 0.0412
-6.79498690075148 0.0411
-6.79492393175806 0.041
-6.79486219493872 0.0409
-6.79480989054062 0.0407999999999999
-6.79476917536886 0.0407
-6.79473247884364 0.0406
-6.79469350634129 0.0405
-6.7946541408735 0.0404
-6.79460526842628 0.0403
-6.7945504285643 0.0402
-6.79449470356652 0.0401
-6.79445297591381 0.04
-6.79440445990558 0.0399
-6.79436706626849 0.0397999999999999
-6.79433082147155 0.0397
-6.79429812535797 0.0396
-6.7942567183238 0.0395
-6.79422735496649 0.0394
-6.79420932275734 0.0393
-6.79419819081231 0.0392
-6.79418999247791 0.0391
-6.79418532706853 0.039
-6.79417521369296 0.0389
-6.79418539975233 0.0387999999999999
-6.7942065720098 0.0387
-6.79423488382257 0.0386
-6.79426338632863 0.0385
-6.79429376832462 0.0384
-6.79432176797722 0.0383
-6.79433183119411 0.0382
-6.79433730517332 0.0381
-6.7943462836932 0.038
-6.79436479215029 0.0379
-6.79438692886954 0.0377999999999999
-6.79440295686672 0.0377
-6.79439934796951 0.0376
-6.7943829315772 0.0375
-6.7943711073569 0.0374
-6.79437138640567 0.0373
-6.79437141608105 0.0372
-6.79437306503778 0.0371
-6.7943678911618 0.037
-6.79436525071572 0.0369
-6.79436915057926 0.0368000000000001
-6.79437139813119 0.0367
-6.79436979864596 0.0366
-6.79437639278021 0.0365
-6.79438974967364 0.0364
-6.79441235766169 0.0363
-6.79442875417115 0.0362
-6.79446879596894 0.0361
-6.79450636339511 0.036
-6.79455247109948 0.0359
-6.79459498656263 0.0358000000000001
-6.79465246110704 0.0357
-6.79471537329659 0.0356
-6.79477593308917 0.0355
-6.79484774628949 0.0354
-6.79490677509081 0.0353
-6.79497185472605 0.0352
-6.79502868759091 0.0351
-6.79508891939769 0.035
-6.79514176078992 0.0349
-6.79519224722655 0.0348000000000001
-6.79524637849969 0.0347
-6.79528866348173 0.0346
-6.79532373548605 0.0345
-6.79535673606668 0.0344
-6.7953699635829 0.0343
-6.79536814125739 0.0342
-6.7953380204639 0.0341
-6.79530411347069 0.034
-6.79527294254521 0.0339
-6.79523832774082 0.0338000000000001
-6.7952084064796 0.0337
-6.79519064965199 0.0336
-6.79516848834408 0.0335
-6.79515737348137 0.0334
-6.79515355064286 0.0333
-6.79514593933801 0.0332
-6.79514361806114 0.0331
-6.79515410347146 0.033
-6.79516697392003 0.0329
-6.79518445068098 0.0328000000000001
-6.79520292220825 0.0327
-6.79523387510596 0.0326
-6.79527213626607 0.0325
-6.79532986500453 0.0324
-6.79538980665061 0.0323
-6.79545347180881 0.0322
-6.79552524202836 0.0321
-6.79558977918058 0.032
-6.79564819321173 0.0319
-6.79568133696046 0.0318000000000001
-6.79570540093717 0.0317
-6.79571402069251 0.0316
-6.7957331824508 0.0315
-6.79573554018365 0.0314
-6.79572895690859 0.0313
-6.7957135014627 0.0312
-6.79568789190011 0.0311
-6.79566334212246 0.031
-6.79562326400037 0.0309
-6.79558562978012 0.0308
-6.79553903343717 0.0306999999999999
-6.7954963365262 0.0306
-6.79543936917518 0.0305
-6.79536527602774 0.0304
-6.79528807343853 0.0303
-6.79521925781202 0.0302
-6.795159062877 0.0301
-6.79510443527691 0.03
-6.79506931592897 0.0299
-6.79504092217871 0.0298
-6.79502422482769 0.0296999999999999
-6.79501138207572 0.0296
-6.79500198091264 0.0295
-6.7949788189719 0.0294
-6.79497510193353 0.0293
-6.79497728398988 0.0292
-6.7949748012463 0.0291
-6.79498261705429 0.029
-6.79500550526332 0.0289
-6.79505355991457 0.0288
-6.79511183589801 0.0286999999999999
-6.79518015840337 0.0286
-6.79525549166792 0.0285
-6.79533828007187 0.0284
-6.79541354727182 0.0283
-6.79549083830594 0.0282
-6.79554902483956 0.0281
-6.79560092168404 0.028
-6.79565516546946 0.0279
-6.79572548500893 0.0278
-6.79579721023864 0.0276999999999999
-6.79586319203683 0.0276
-6.79593462300427 0.0275
-6.79600163228575 0.0274
-6.7960743312196 0.0273
-6.79614134991826 0.0272
-6.79621016403829 0.0271
-6.79626378389536 0.027
-6.79632324462548 0.0269
-6.79638757359116 0.0268
-6.79643666872856 0.0266999999999999
-6.79648456216509 0.0266
-6.79653010393156 0.0265
-6.79656147595725 0.0264
-6.79657940777479 0.0263
-6.79660707183444 0.0262
-6.79663641175134 0.0261
-6.79666373132964 0.026
-6.79667638002953 0.0259
-6.79668617117833 0.0258
-6.79671228648471 0.0256999999999999
-6.79672262960079 0.0256
-6.79674079203354 0.0255
-6.79675784668 0.0254
-6.79676262386508 0.0253
-6.79674647850345 0.0252
-6.79670647270417 0.0251
-6.79666137073733 0.025
-6.79661278942209 0.0249
-6.79655656056452 0.0248
-6.79647865191452 0.0247000000000001
-6.79638985788765 0.0246
-6.79629217753731 0.0245
-6.79619072931326 0.0244
-6.7961014510884 0.0243
-6.79600982556845 0.0242
-6.79592874186346 0.0241
-6.79584906972239 0.024
-6.79577996852046 0.0239
-6.79572893103103 0.0238
-6.79568149373279 0.0237000000000001
-6.79564372511036 0.0236
-6.79562785859154 0.0235
-6.79560639170916 0.0234
-6.79559091314656 0.0233
-6.79558542279256 0.0232
-6.79557526133139 0.0231
-6.79557721324463 0.023
-6.79559278939132 0.0229
-6.79560573733216 0.0228
-6.79563443436652 0.0227000000000001
-6.79568151214756 0.0226
-6.79571886848304 0.0225
-6.79576589546943 0.0224
-6.79581022775804 0.0223
-6.79585260546348 0.0222
-6.79588828675162 0.0221
-6.79592083757637 0.022
-6.79596374860718 0.0219
-6.7960189718378 0.0218
-6.79608063698565 0.0217000000000001
-6.79613795989682 0.0216
-6.79619287481368 0.0215
-6.79624482890663 0.0214
-6.79630768746162 0.0213
-6.7963517860493 0.0212
-6.79640063622988 0.0211
-6.79644603695704 0.021
-6.79647957320562 0.0209
-6.7965097588808 0.0208
-6.79653080511705 0.0207000000000001
-6.7965517539901 0.0206
-6.79657858447747 0.0205
-6.796611485183 0.0204
-6.7966624693588 0.0203
-6.79672732824465 0.0202
-6.79679247282859 0.0201
-6.79685307130962 0.02
-6.79691007403097 0.0199
-6.79697083010807 0.0198
-6.79704224190353 0.0197000000000001
-6.79710628420765 0.0196
-6.79716161281796 0.0195
-6.79720904474686 0.0194
-6.79726394773043 0.0193
-6.79731853613277 0.0192
-6.79736200917722 0.0191
-6.79739997438538 0.019
-6.79743079941632 0.0189
-6.79745072764307 0.0188
-6.79746919240539 0.0187
-6.79749036662643 0.0185999999999999
-6.79750808707207 0.0185
-6.79750898119081 0.0184
-6.79750859163001 0.0183
-6.79750275475068 0.0182
-6.79749035497838 0.0181
-6.79746894332717 0.018
-6.7974584229798 0.0179
-6.7974604780629 0.0178
-6.79745224949724 0.0177
-6.79744917036356 0.0175999999999999
-6.79744781230141 0.0175
-6.79745650047622 0.0174
-6.79746832293914 0.0173
-6.797495827687 0.0172
-6.79752468447688 0.0171
-6.79754906062656 0.017
-6.79757568416641 0.0169
-6.79761185711102 0.0168
-6.79765546374811 0.0167
-6.79771260192431 0.0165999999999999
-6.7977728235203 0.0165
-6.79783367153044 0.0164
-6.79789170220721 0.0163
-6.79793683360412 0.0162
-6.79798005629323 0.0161
-6.79801353121556 0.016
-6.79805392700263 0.0159
-6.79809463837019 0.0158
-6.79814117390285 0.0157
-6.79818503636348 0.0155999999999999
-6.79822706936124 0.0155
-6.79827551217809 0.0154
-6.79835071871157 0.0153
-6.79844200823349 0.0152
-6.79853836778174 0.0151
-6.79865004071414 0.015
-6.7987658487223 0.0149
-6.79887708151189 0.0148
-6.79898630000041 0.0147
-6.79907709620266 0.0145999999999999
-6.79915918919866 0.0145
-6.79925171242647 0.0144
-6.79933513687863 0.0143
-6.79941172388176 0.0142
-6.7994867048559 0.0141
-6.79954734247278 0.014
-6.79960117555144 0.0139
-6.7996541886484 0.0138
-6.79969403884305 0.0137
-6.79971955733831 0.0135999999999999
-6.79974092251189 0.0135
-6.7997564759501 0.0134
-6.79977888538429 0.0133
-6.79979394233495 0.0132
-6.79982147504478 0.0131
-6.79985008414489 0.013
-6.79987734431057 0.0129
-6.79990135211956 0.0128
-6.79990963993124 0.0127
-6.79992117285413 0.0125999999999999
-6.79991838394512 0.0125
-6.79991456552779 0.0124
-6.79991256254328 0.0123
-6.79990307614963 0.0122
-6.79987762118828 0.0121
-6.79984146908234 0.012
-6.79980330133451 0.0119
-6.79975949043363 0.0118
-6.79970370146178 0.0117
-6.79963512031134 0.0116000000000001
-6.79956434841799 0.0115
-6.79949066996498 0.0114
-6.79941506648987 0.0113
-6.79935023546366 0.0112
-6.79929297015633 0.0111
-6.79923717541736 0.011
-6.79917611892369 0.0109
-6.79911883426505 0.0108
-6.79907260886274 0.0107
-6.79903946772085 0.0106000000000001
-6.79903102193583 0.0105
-6.79904062916725 0.0104
-6.79905872019092 0.0103
-6.79908115671768 0.0102
-6.79910427550687 0.0101
-6.79912122382411 0.01
-6.7991326732129 0.00990000000000002
-6.79915174399869 0.00980000000000003
-6.79917092956943 0.00970000000000004
-6.79918079383727 0.00960000000000005
-6.79919809234297 0.00949999999999995
-6.79920264119752 0.00939999999999996
-6.79921152846795 0.00929999999999997
-6.79921979721938 0.00919999999999999
-6.79922463001142 0.0091
-6.79923146917383 0.00900000000000001
-6.79924100644336 0.00890000000000002
-6.79923553876068 0.00880000000000003
-6.79922441881811 0.00870000000000004
-6.79921505278978 0.00860000000000005
-6.79919891441795 0.00849999999999995
-6.79917295335513 0.00839999999999996
-6.79913193237915 0.00829999999999997
-6.79909829302464 0.00819999999999999
-6.79906334274758 0.0081
-6.79903956863562 0.00800000000000001
-6.79903428136158 0.00790000000000002
-6.79904392211556 0.00780000000000003
-6.79905261669888 0.00770000000000004
-6.7990659635051 0.00760000000000005
-6.79908935847162 0.00749999999999995
-6.79913294614172 0.00739999999999996
-6.79917462249879 0.00729999999999997
-6.79922115110152 0.00719999999999998
-6.79927975012582 0.0071
-6.7993456368416 0.00700000000000001
-6.79940500707115 0.00690000000000002
-6.79945625771071 0.00680000000000003
-6.79949748813132 0.00670000000000004
-6.79953792771601 0.00660000000000005
-6.79956780514019 0.00649999999999995
-6.79959040538856 0.00639999999999996
-6.79960835859996 0.00629999999999997
-6.79962481490845 0.00619999999999998
-6.79964184720184 0.00609999999999999
-6.79966453626871 0.00600000000000001
-6.79968200559609 0.00590000000000002
-6.7996935521449 0.00580000000000003
-6.79970836839037 0.00570000000000004
-6.79973010990433 0.00560000000000005
-6.79975379982581 0.00549999999999995
-6.79978530863791 0.00539999999999996
-6.79980611774627 0.00529999999999997
-6.79983131478987 0.00519999999999998
-6.79985606161449 0.00509999999999999
-6.79988198814581 0.005
-6.79990676136529 0.00490000000000002
-6.79993600626139 0.00480000000000003
-6.79995484005489 0.00470000000000004
-6.79997285348978 0.00460000000000005
-6.79999337258914 0.00449999999999995
-6.80002156525745 0.00439999999999996
-6.8000486437312 0.00429999999999997
-6.80006947982631 0.00419999999999998
-6.80009142694555 0.00409999999999999
-6.80012939608031 0.004
-6.80017058741267 0.00390000000000001
-6.80019082127773 0.00380000000000003
-6.80021475749628 0.00370000000000004
-6.80023922877585 0.00360000000000005
-6.8002564233126 0.00349999999999995
-6.80027264236391 0.00339999999999996
-6.80029046047186 0.00329999999999997
-6.80030322556088 0.00319999999999998
-6.80032001824749 0.00309999999999999
-6.80033252666629 0.003
-6.80033107523564 0.00290000000000001
-6.80033215282436 0.00280000000000002
-6.80032143475872 0.00270000000000004
-6.80030226237426 0.00260000000000005
-6.80028977200094 0.00249999999999995
-6.80027221166236 0.00239999999999996
-6.80022790522933 0.00229999999999997
-6.80018412101192 0.00219999999999998
-6.80013579379114 0.00209999999999999
-6.80006277603359 0.002
-6.79997972506987 0.00190000000000001
-6.79989105008769 0.00180000000000002
-6.79979180940217 0.00170000000000003
-6.7997047414419 0.00160000000000005
-6.79962707549768 0.00149999999999995
-6.79954585968544 0.00139999999999996
-6.79947612025013 0.00129999999999997
-6.79941586935937 0.00119999999999998
-6.79936693656594 0.00109999999999999
-6.79933858002588 0.001
-6.79932510690237 0.000900000000000012
-6.79933307631281 0.000800000000000023
-6.79935888220325 0.000700000000000034
-6.79938824838983 0.000600000000000045
-6.79942925010636 0.000499999999999945
-6.79946841486682 0.000399999999999956
-6.79951085286221 0.000299999999999967
-6.79955970253715 0.000199999999999978
-6.79961643144632 9.9999999999989e-05
-6.79968711429727 0
