# Fix print output for fix f5
-6.83817511403955 1
-6.83816400802078 0.9999
-6.83816934936528 0.9998
-6.83820469314697 0.9997
-6.83820652541829 0.9996
-6.83825737057663 0.9995
-6.8383078635408 0.9994
-6.83838794631318 0.9993
-6.838461172781 0.9992
-6.83853395683873 0.9991
-6.83862848451669 0.999
-6.83871439914309 0.9989
-6.83883716531589 0.9988
-6.83895666858854 0.9987
-6.83904950492782 0.9986
-6.83914830088433 0.9985
-6.83924028261103 0.9984
-6.83932957544647 0.9983
-6.83940607881 0.9982
-6.8395205259469 0.9981
-6.83964097642233 0.998
-6.83977536847185 0.9979
-6.83989653148627 0.9978
-6.84002302809943 0.9977
-6.84014522086676 0.9976
-6.84022821939212 0.9975
-6.84033411327205 0.9974
-6.84042726404293 0.9973
-6.84048485574493 0.9972
-6.84050868646692 0.9971
-6.84052494083608 0.997
-6.84049905665788 0.9969
-6.84042091533932 0.9968
-6.84038298260768 0.9967
-6.84032463918317 0.9966
-6.84025533152903 0.9965
-6.84023438820522 0.9964
-6.84021709085251 0.9963
-6.84017495419154 0.9962
-6.84010167943489 0.9961
-6.84007418420145 0.996
-6.84007840611875 0.9959
-6.84010579377426 0.9958
-6.84012724927797 0.9957
-6.84012710797761 0.9956
-6.84013009018747 0.9955
-6.84012250670368 0.9954
-6.84007436352256 0.9953
-6.84002177067243 0.9952
-6.83995630450984 0.9951
-6.83985290771737 0.995
-6.83976138293059 0.9949
-6.83965642392273 0.9948
-6.83959148721834 0.9947
-6.83954388027418 0.9946
-6.83945977601267 0.9945
-6.83935134122839 0.9944
-6.8392370895556 0.9943
-6.83912155089875 0.9942
-6.83900484102547 0.9941
-6.83886753733965 0.994
-6.83874491880516 0.9939
-6.83865262272592 0.9938
-6.838570769849 0.9937
-6.83846940734373 0.9936
-6.83836209764691 0.9935
-6.83828557865551 0.9934
-6.83818863870022 0.9933
-6.83807840986547 0.9932
-6.83795290991369 0.9931
-6.83778420355916 0.993
-6.83762191978814 0.9929
-6.83748378276393 0.9928
-6.8373649355889 0.9927
-6.83727861272377 0.9926
-6.83725563939872 0.9925
-6.83722935120179 0.9924
-6.83723453301129 0.9923
-6.83728831804485 0.9922
-6.83739343683244 0.9921
-6.83750907331619 0.992
-6.83760903457469 0.9919
-6.83777456243856 0.9918
-6.83795846951347 0.9917
-6.83818480195319 0.9916
-6.83843804063225 0.9915
-6.83870622539635 0.9914
-6.83897466485152 0.9913
-6.83926845770759 0.9912
-6.83956451234639 0.9911
-6.83987782981062 0.991
-6.84017429548875 0.9909
-6.84050745481675 0.9908
-6.84086663301966 0.9907
-6.84124601274072 0.9906
-6.84161379445111 0.9905
-6.84200307161712 0.9904
-6.84240421455685 0.9903
-6.84282116842583 0.9902
-6.84324892871951 0.9901
-6.8437007594463 0.99
-6.84416922055007 0.9899
-6.84464694287229 0.9898
-6.84516976044656 0.9897
-6.84570700759453 0.9896
-6.84624347311502 0.9895
-6.84678637456354 0.9894
-6.8472783277982 0.9893
-6.84774938956838 0.9892
-6.8481822736287 0.9891
-6.84859294541741 0.989
-6.84896289974518 0.9889
-6.84927065263397 0.9888
-6.84949088518036 0.9887
-6.84965560696737 0.9886
-6.84975894388968 0.9885
-6.84976713001769 0.9884
-6.84971306947689 0.9883
-6.84959589496283 0.9882
-6.84938033662626 0.9881
-6.84911287872313 0.988
-6.84883968442111 0.9879
-6.8485712905889 0.9878
-6.84829831554479 0.9877
-6.84797361610303 0.9876
-6.84763100628942 0.9875
-6.84726441505314 0.9874
-6.84686725703692 0.9873
-6.84648930767359 0.9872
-6.84611826270412 0.9871
-6.84574310361584 0.987
-6.84537282075148 0.9869
-6.84502995596437 0.9868
-6.84470152359741 0.9867
-6.84439455780497 0.9866
-6.84407048873302 0.9865
-6.843811231067 0.9864
-6.84356936810553 0.9863
-6.8433315521373 0.9862
-6.84313411365863 0.9861
-6.84294501520329 0.986
-6.8427974229885 0.9859
-6.84267519023705 0.9858
-6.84257359305798 0.9857
-6.84251252558033 0.9856
-6.842453499021 0.9855
-6.84241998266138 0.9854
-6.84245187405676 0.9853
-6.84250100509835 0.9852
-6.84255728782109 0.9851
-6.84265135966262 0.985
-6.84276669186174 0.9849
-6.84288568623947 0.9848
-6.84299563229036 0.9847
-6.84312542819143 0.9846
-6.84326288359138 0.9845
-6.84336066929841 0.9844
-6.84346127643926 0.9843
-6.84356313449146 0.9842
-6.84367600135267 0.9841
-6.84381721303465 0.984
-6.84392861687989 0.9839
-6.84404373660315 0.9838
-6.84412846060237 0.9837
-6.84424821143915 0.9836
-6.84434370176549 0.9835
-6.84446831950432 0.9834
-6.84457450309728 0.9833
-6.84465442716044 0.9832
-6.84473113653577 0.9831
-6.84480236891354 0.983
-6.8449175477559 0.9829
-6.84504911434919 0.9828
-6.84518387437451 0.9827
-6.84534612934358 0.9826
-6.84552299378143 0.9825
-6.84572644740133 0.9824
-6.84594900541001 0.9823
-6.84617011885734 0.9822
-6.84637958524035 0.9821
-6.84661059862676 0.982
-6.84684633483015 0.9819
-6.84706492403342 0.9818
-6.84727593393011 0.9817
-6.84747218294947 0.9816
-6.84763834880376 0.9815
-6.8477792136583 0.9814
-6.84790950055298 0.9813
-6.84805112552105 0.9812
-6.84816775603409 0.9811
-6.84823959872567 0.981
-6.84831598439966 0.9809
-6.84836199322372 0.9808
-6.84836857749889 0.9807
-6.84836791925959 0.9806
-6.84836163110272 0.9805
-6.84833024020666 0.9804
-6.84830197952361 0.9803
-6.8482809923806 0.9802
-6.84824847001082 0.9801
-6.84819840793077 0.98
-6.8481662716924 0.9799
-6.84813844387338 0.9798
-6.84809005363687 0.9797
-6.84797877231504 0.9796
-6.84784584627075 0.9795
-6.84769988592008 0.9794
-6.84759405729222 0.9793
-6.84753039568177 0.9792
-6.8474413935058 0.9791
-6.84734841486876 0.979
-6.84723304087674 0.9789
-6.8471454183825 0.9788
-6.84703433593915 0.9787
-6.84695660468937 0.9786
-6.84686375501248 0.9785
-6.84678807669775 0.9784
-6.84671812874984 0.9783
-6.8466550383651 0.9782
-6.84660366762358 0.9781
-6.84658167052406 0.978
-6.8465705944031 0.9779
-6.84653085912351 0.9778
-6.8465224061135 0.9777
-6.84648529178136 0.9776
-6.84646000159046 0.9775
-6.84643379484429 0.9774
-6.84641450234633 0.9773
-6.84642914355178 0.9772
-6.84645550274234 0.9771
-6.84650423465644 0.977
-6.8465606688639 0.9769
-6.84665492962556 0.9768
-6.84676900851751 0.9767
-6.84687611379875 0.9766
-6.8469893008309 0.9765
-6.84716753082773 0.9764
-6.84734204548582 0.9763
-6.84752271558542 0.9762
-6.84774138840113 0.9761
-6.84800000582895 0.976
-6.8482656265823 0.9759
-6.8485603282676 0.9758
-6.84885313481364 0.9757
-6.84914792164898 0.9756
-6.84943994831759 0.9755
-6.84970682302654 0.9754
-6.85001531479553 0.9753
-6.8503132712758 0.9752
-6.85060346453849 0.9751
-6.85085679360735 0.975
-6.85109728489507 0.9749
-6.85131452022256 0.9748
-6.8515157514796 0.9747
-6.85168749930828 0.9746
-6.85186517680261 0.9745
-6.85204034034733 0.9744
-6.85218304880546 0.9743
-6.85230590616947 0.9742
-6.85242219490164 0.9741
-6.85249931723138 0.974
-6.8525468656745 0.9739
-6.85254388505962 0.9738
-6.85253066445254 0.9737
-6.85250009483081 0.9736
-6.85245293522383 0.9735
-6.85240287051226 0.9734
-6.85230195877266 0.9733
-6.85216787693997 0.9732
-6.8520202881393 0.9731
-6.85185330196228 0.973
-6.85168870447241 0.9729
-6.85147964549029 0.9728
-6.85127665220545 0.9727
-6.85106977502335 0.9726
-6.85089500723837 0.9725
-6.85075149645583 0.9724
-6.85060174061404 0.9723
-6.85046718753862 0.9722
-6.85036424401015 0.9721
-6.85026674831056 0.972
-6.85021526021925 0.9719
-6.85016704806972 0.9718
-6.85014786054617 0.9717
-6.85017097257582 0.9716
-6.85022702013655 0.9715
-6.85033230682384 0.9714
-6.85047020761749 0.9713
-6.85060489606159 0.9712
-6.8507664668035 0.9711
-6.85094086835151 0.971
-6.85112723037174 0.9709
-6.85133840883477 0.9708
-6.85151645645247 0.9707
-6.85172956118852 0.9706
-6.85194510984676 0.9705
-6.85216661427486 0.9704
-6.85239329373949 0.9703
-6.85260398490634 0.9702
-6.85278490756034 0.9701
-6.85296845051135 0.97
-6.85315570297847 0.9699
-6.85335338721793 0.9698
-6.8535385698483 0.9697
-6.8537152321776 0.9696
-6.85386149611107 0.9695
-6.85398681551827 0.9694
-6.85408672240313 0.9693
-6.85414560531989 0.9692
-6.85419907618511 0.9691
-6.85421316166328 0.969
-6.8542138233804 0.9689
-6.85421573139889 0.9688
-6.85423617942862 0.9687
-6.85424940502188 0.9686
-6.85426603675849 0.9685
-6.85428528732097 0.9684
-6.85432044147992 0.9683
-6.85437199970968 0.9682
-6.85443704664481 0.9681
-6.85450447812773 0.968
-6.8545746996506 0.9679
-6.85466695384427 0.9678
-6.85476084226099 0.9677
-6.85490458610526 0.9676
-6.85502296461853 0.9675
-6.85512723814806 0.9674
-6.85523146752696 0.9673
-6.85535329481652 0.9672
-6.85544517698574 0.9671
-6.85553256027301 0.967
-6.85559991407269 0.9669
-6.85565832949021 0.9668
-6.85569720301805 0.9667
-6.85570794588668 0.9666
-6.85572058659703 0.9665
-6.85570230723128 0.9664
-6.85564657724816 0.9663
-6.85558079617793 0.9662
-6.85549304375848 0.9661
-6.8553901626114 0.966
-6.85523616085924 0.9659
-6.85510131447317 0.9658
-6.85489879843459 0.9657
-6.85466425231395 0.9656
-6.85442433503599 0.9655
-6.85418093388307 0.9654
-6.85391145351192 0.9653
-6.85366717200172 0.9652
-6.8534695579113 0.9651
-6.85325261503259 0.965
-6.85307277914414 0.9649
-6.85291723841444 0.9648
-6.85278586796066 0.9647
-6.85270405596991 0.9646
-6.85264421206856 0.9645
-6.8525963463755 0.9644
-6.85257642021919 0.9643
-6.85259707766626 0.9642
-6.85266564099275 0.9641
-6.85273675965324 0.964
-6.85281498249858 0.9639
-6.8529319541727 0.9638
-6.85307969124403 0.9637
-6.85326815168016 0.9636
-6.85346889179053 0.9635
-6.85369060980687 0.9634
-6.85395329785357 0.9633
-6.85419886602628 0.9632
-6.85445385305122 0.9631
-6.8547567705109 0.963
-6.85504052145167 0.9629
-6.85535527088727 0.9628
-6.8557033179014 0.9627
-6.85605861620885 0.9626
-6.85638667426195 0.9625
-6.85670954120072 0.9624
-6.85700865937869 0.9623
-6.85730656436995 0.9622
-6.85759378719718 0.9621
-6.85785081883442 0.962
-6.85810531363295 0.9619
-6.85836297264405 0.9618
-6.85855911361055 0.9617
-6.85873425926512 0.9616
-6.85889139777982 0.9615
-6.85902864730879 0.9614
-6.85916071137707 0.9613
-6.85929868316633 0.9612
-6.85941129469157 0.9611
-6.85951660919318 0.961
-6.85961194242479 0.9609
-6.85967519381853 0.9608
-6.85970074918257 0.9607
-6.8597154501516 0.9606
-6.85970163271706 0.9605
-6.85967505156955 0.9604
-6.85961898041744 0.9603
-6.85955653752155 0.9602
-6.85949766195839 0.9601
-6.85946092438486 0.96
-6.859458074416 0.9599
-6.85943424054446 0.9598
-6.85944402713007 0.9597
-6.85945537699259 0.9596
-6.85948682404434 0.9595
-6.85951207619274 0.9594
-6.85955238638256 0.9593
-6.8595732989579 0.9592
-6.85955697799066 0.9591
-6.85951567549799 0.959
-6.85945341124836 0.9589
-6.85938960057987 0.9588
-6.85931143268243 0.9587
-6.85922077514138 0.9586
-6.85912745208601 0.9585
-6.8590578826409 0.9584
-6.85898556024433 0.9583
-6.85891524185507 0.9582
-6.85883515272694 0.9581
-6.85875505758892 0.958
-6.85866207608465 0.9579
-6.85854845100402 0.9578
-6.85837234702025 0.9577
-6.85818609020733 0.9576
-6.85803200896256 0.9575
-6.85790647547854 0.9574
-6.85780410209123 0.9573
-6.85769479833735 0.9572
-6.85758161641355 0.9571
-6.85745291317377 0.957
-6.85732649000946 0.9569
-6.85721428748608 0.9568
-6.85709204214137 0.9567
-6.85696810976011 0.9566
-6.85683997703242 0.9565
-6.85669318997992 0.9564
-6.85655442590763 0.9563
-6.8564403660733 0.9562
-6.85634166826294 0.9561
-6.85628527630401 0.956
-6.8562371536621 0.9559
-6.85621278864933 0.9558
-6.85621205356424 0.9557
-6.85623471366221 0.9556
-6.85626220855215 0.9555
-6.85628083966432 0.9554
-6.85632911143479 0.9553
-6.85641222950099 0.9552
-6.85653037551079 0.9551
-6.85671655268526 0.955
-6.8569118582105 0.9549
-6.85714354584185 0.9548
-6.85736884658377 0.9547
-6.85760802352506 0.9546
-6.85783626463337 0.9545
-6.85803799978585 0.9544
-6.85822611768947 0.9543
-6.85841473955234 0.9542
-6.85858152808155 0.9541
-6.85874529910907 0.954
-6.85892136909076 0.9539
-6.85907650991544 0.9538
-6.85924431400147 0.9537
-6.85940709848239 0.9536
-6.85957988418971 0.9535
-6.85972497587607 0.9534
-6.85983725309666 0.9533
-6.85991984328216 0.9532
-6.85998677451766 0.9531
-6.86005663413034 0.953
-6.86012073934586 0.9529
-6.86018671605138 0.9528
-6.86025632978812 0.9527
-6.86031728047519 0.9526
-6.86035973127597 0.9525
-6.86044130400237 0.9524
-6.86053402340257 0.9523
-6.86065511728799 0.9522
-6.86076254741815 0.9521
-6.86085080228505 0.952
-6.86094336978193 0.9519
-6.86102455184171 0.9518
-6.86110192869613 0.9517
-6.86115261226777 0.9516
-6.86120535297532 0.9515
-6.86125946017891 0.9514
-6.86132567158905 0.9513
-6.86137131471632 0.9512
-6.86146260051279 0.9511
-6.86154103382698 0.951
-6.86161964620375 0.9509
-6.86172406950756 0.9508
-6.86183086247849 0.9507
-6.86194325822664 0.9506
-6.86206938562266 0.9505
-6.86217295055204 0.9504
-6.86229263472495 0.9503
-6.86242858744409 0.9502
-6.8625874561098 0.9501
-6.86275077861422 0.95
-6.86291114554476 0.9499
-6.86306386549471 0.9498
-6.86321492433256 0.9497
-6.86333495577004 0.9496
-6.86345474650703 0.9495
-6.86360439958826 0.9494
-6.86379827258541 0.9493
-6.86396838087362 0.9492
-6.86412028052889 0.9491
-6.86429089174119 0.949
-6.86447399562384 0.9489
-6.86465214688584 0.9488
-6.86484282378978 0.9487
-6.86501286701019 0.9486
-6.86519486599485 0.9485
-6.86535392125853 0.9484
-6.86545779340064 0.9483
-6.86552565602816 0.9482
-6.86556229289148 0.9481
-6.86557193605813 0.948
-6.86555734244612 0.9479
-6.86549513287028 0.9478
-6.86539471830801 0.9477
-6.86527681517863 0.9476
-6.86518739028102 0.9475
-6.86510733753242 0.9474
-6.86503998498103 0.9473
-6.86497957517032 0.9472
-6.864910729382 0.9471
-6.8648237818989 0.947
-6.8647035673906 0.9469
-6.8645970395394 0.9468
-6.86445174426018 0.9467
-6.86429163750879 0.9466
-6.86413832304433 0.9465
-6.86398624981242 0.9464
-6.86381625174813 0.9463
-6.86364097016153 0.9462
-6.86348880763504 0.9461
-6.86330817520977 0.946
-6.86312847511936 0.9459
-6.86294153701866 0.9458
-6.86277248629016 0.9457
-6.86260179136066 0.9456
-6.86245993313326 0.9455
-6.86230815642826 0.9454
-6.86216715462638 0.9453
-6.86202531543359 0.9452
-6.86191961905297 0.9451
-6.86178549364119 0.945
-6.86165091825859 0.9449
-6.86153900137823 0.9448
-6.86145608511716 0.9447
-6.86142105742535 0.9446
-6.86139599052409 0.9445
-6.86138737466009 0.9444
-6.86139068316829 0.9443
-6.86142214094903 0.9442
-6.86146585477039 0.9441
-6.86151527970544 0.944
-6.86158007762574 0.9439
-6.86163696714506 0.9438
-6.86168842825009 0.9437
-6.86173137708776 0.9436
-6.8617744205151 0.9435
-6.8618406243418 0.9434
-6.86190674234757 0.9433
-6.86198738133456 0.9432
-6.86206970636483 0.9431
-6.86216947133474 0.943
-6.86230686762371 0.9429
-6.86246666193818 0.9428
-6.8626355675201 0.9427
-6.86284685340125 0.9426
-6.86307754519617 0.9425
-6.86333033298068 0.9424
-6.86358027875662 0.9423
-6.86384129629067 0.9422
-6.86412820644021 0.9421
-6.86443127659747 0.942
-6.86475596062459 0.9419
-6.86509954123704 0.9418
-6.86540207493434 0.9417
-6.86575144688343 0.9416
-6.8661018080164 0.9415
-6.86642967140514 0.9414
-6.8667489904231 0.9413
-6.86704222998884 0.9412
-6.86732111776955 0.9411
-6.86756015078594 0.941
-6.86780647554905 0.9409
-6.86802663094568 0.9408
-6.8682359023077 0.9407
-6.86843516146181 0.9406
-6.86865578727833 0.9405
-6.86885899440153 0.9404
-6.86903132385713 0.9403
-6.86919776148652 0.9402
-6.86936671484872 0.9401
-6.86955765338435 0.94
-6.8697216198011 0.9399
-6.86986525390048 0.9398
-6.87004010775353 0.9397
-6.87021056047594 0.9396
-6.87038895934827 0.9395
-6.87055865537228 0.9394
-6.87068061644097 0.9393
-6.87076387396034 0.9392
-6.87082468046848 0.9391
-6.87083747573891 0.939
-6.87080966357843 0.9389
-6.87074588932009 0.9388
-6.87065960797961 0.9387
-6.87054687570713 0.9386
-6.8703949071645 0.9385
-6.87025022083861 0.9384
-6.87009337457076 0.9383
-6.86991146939506 0.9382
-6.86970364929282 0.9381
-6.86950032234672 0.938
-6.86930813245424 0.9379
-6.8691241655927 0.9378
-6.86890542830558 0.9377
-6.86870313112532 0.9376
-6.86853158339612 0.9375
-6.86836914904206 0.9374
-6.86815366857048 0.9373
-6.86796453152006 0.9372
-6.86781352146866 0.9371
-6.86764551312622 0.937
-6.86746115718833 0.9369
-6.8672980664802 0.9368
-6.86714287377769 0.9367
-6.86701495205136 0.9366
-6.86688517106338 0.9365
-6.86676190166443 0.9364
-6.86662484775537 0.9363
-6.86647922651523 0.9362
-6.8663454257537 0.9361
-6.86622911126241 0.936
-6.86613712893134 0.9359
-6.86606615054575 0.9358
-6.86604424575998 0.9357
-6.86603668085166 0.9356
-6.86603638526575 0.9355
-6.86603643956389 0.9354
-6.86605666136682 0.9353
-6.86606796209289 0.9352
-6.86605762742023 0.9351
-6.86605861844759 0.935
-6.86606876663756 0.9349
-6.86607609968152 0.9348
-6.86608482370186 0.9347
-6.86609933985812 0.9346
-6.86612190239772 0.9345
-6.86617317624536 0.9344
-6.86624830544783 0.9343
-6.86632358668487 0.9342
-6.86641174187011 0.9341
-6.86654690068264 0.934
-6.86668636876416 0.9339
-6.86684456329132 0.9338
-6.86697316988742 0.9337
-6.86710502038369 0.9336
-6.86723555649196 0.9335
-6.86735582376687 0.9334
-6.86748911496742 0.9333
-6.86762667864237 0.9332
-6.86774718877802 0.9331
-6.8678480220424 0.933
-6.86792518431523 0.9329
-6.867972081308 0.9328
-6.86801342246319 0.9327
-6.86806352647853 0.9326
-6.86808593520879 0.9325
-6.86814459087728 0.9324
-6.86823105311093 0.9323
-6.86835797681819 0.9322
-6.86850609717954 0.9321
-6.86865033695715 0.932
-6.86881233064086 0.9319
-6.86895112579219 0.9318
-6.86907944197792 0.9317
-6.86920419377362 0.9316
-6.86931383429632 0.9315
-6.86940134707738 0.9314
-6.86951287774483 0.9313
-6.86968299266856 0.9312
-6.86985931126427 0.9311
-6.87002057046102 0.931
-6.87019557707659 0.9309
-6.87036466519946 0.9308
-6.87052527241952 0.9307
-6.87068568562234 0.9306
-6.87082785271754 0.9305
-6.87098402769499 0.9304
-6.87111851669508 0.9303
-6.8712127089691 0.9302
-6.87128428370834 0.9301
-6.87131725032774 0.93
-6.87135142299968 0.9299
-6.87139092756099 0.9298
-6.87140165836043 0.9297
-6.87144015855618 0.9296
-6.87149076597631 0.9295
-6.871548334859 0.9294
-6.87160863065161 0.9293
-6.8716593711465 0.9292
-6.87168686574776 0.9291
-6.87171044272191 0.929
-6.87170696459103 0.9289
-6.8716917696601 0.9288
-6.87168091052342 0.9287
-6.87167950865153 0.9286
-6.87168770281652 0.9285
-6.87169607829847 0.9284
-6.87171211562231 0.9283
-6.87174846280547 0.9282
-6.87181604502203 0.9281
-6.87188408103359 0.928
-6.87196418530709 0.9279
-6.87206366388836 0.9278
-6.87215422777236 0.9277
-6.87225828885898 0.9276
-6.87236225099639 0.9275
-6.8724583944645 0.9274
-6.87255947152263 0.9273
-6.87263991326393 0.9272
-6.87272703436306 0.9271
-6.87281554656805 0.927
-6.87287718768784 0.9269
-6.8729337393329 0.9268
-6.87298570742032 0.9267
-6.87300532519018 0.9266
-6.87304063681082 0.9265
-6.87307781723162 0.9264
-6.87308400506443 0.9263
-6.87310514904888 0.9262
-6.8731116329535 0.9261
-6.87310837728948 0.926
-6.87310614942468 0.9259
-6.87309999283804 0.9258
-6.87310863290018 0.9257
-6.87314693671538 0.9256
-6.87320683500319 0.9255
-6.87328442973789 0.9254
-6.87336914846167 0.9253
-6.87348302656819 0.9252
-6.87361234801206 0.9251
-6.87374072854568 0.925
-6.87388979818447 0.9249
-6.87404656184483 0.9248
-6.87419911399477 0.9247
-6.874390634843 0.9246
-6.8745711705125 0.9245
-6.87474481994465 0.9244
-6.87491779452028 0.9243
-6.8750611803345 0.9242
-6.87523276326201 0.9241
-6.87539158990342 0.924
-6.87554603919242 0.9239
-6.87564389575508 0.9238
-6.87573600263379 0.9237
-6.87579574243818 0.9236
-6.87586792876937 0.9235
-6.87590337826331 0.9234
-6.87596978636266 0.9233
-6.87600156964816 0.9232
-6.87602527964227 0.9231
-6.87605101410804 0.923
-6.87605527756878 0.9229
-6.87604780886049 0.9228
-6.87605524358516 0.9227
-6.87606870354884 0.9226
-6.87607937989458 0.9225
-6.87606801543519 0.9224
-6.87605121569112 0.9223
-6.8760169960655 0.9222
-6.87595806068669 0.9221
-6.87590436733492 0.922
-6.87584848924106 0.9219
-6.87576686457963 0.9218
-6.87569352546529 0.9217
-6.87561825537366 0.9216
-6.87554209121909 0.9215
-6.8754801882142 0.9214
-6.87543289913857 0.9213
-6.8753912212521 0.9212
-6.87536585426013 0.9211
-6.87533270511254 0.921
-6.8752955577233 0.9209
-6.87529602685919 0.9208
-6.87531856944122 0.9207
-6.87534015660042 0.9206
-6.87535330662808 0.9205
-6.8753985447475 0.9204
-6.87545422761636 0.9203
-6.87553513057331 0.9202
-6.87564046113809 0.9201
-6.87577019970982 0.92
-6.87591421390642 0.9199
-6.87609932095453 0.9198
-6.87630450765323 0.9197
-6.87652609804101 0.9196
-6.87672526766757 0.9195
-6.87693115882084 0.9194
-6.87714268195906 0.9193
-6.87732855067805 0.9192
-6.87754311096288 0.9191
-6.87774383907147 0.919
-6.877915462486 0.9189
-6.87806159644192 0.9188
-6.87820847070984 0.9187
-6.87835399343725 0.9186
-6.87849801740221 0.9185
-6.87863241160616 0.9184
-6.8787355862539 0.9183
-6.87882527883636 0.9182
-6.87891115446901 0.9181
-6.87898884865707 0.918
-6.87907974929928 0.9179
-6.87915080579412 0.9178
-6.87921967174082 0.9177
-6.87926847557245 0.9176
-6.87932503534346 0.9175
-6.87937552016326 0.9174
-6.87939234878711 0.9173
-6.87938003120987 0.9172
-6.87934841250647 0.9171
-6.87929805857596 0.917
-6.87921818441729 0.9169
-6.87913562238004 0.9168
-6.87903449788534 0.9167
-6.87894081878907 0.9166
-6.87884168408154 0.9165
-6.87878175473775 0.9164
-6.87871466732527 0.9163
-6.87860577966789 0.9162
-6.87852151836823 0.9161
-6.87843242392547 0.916
-6.87835095960804 0.9159
-6.87824447548702 0.9158
-6.87813223322965 0.9157
-6.87799997914537 0.9156
-6.87786202939736 0.9155
-6.8777387722246 0.9154
-6.87760589244724 0.9153
-6.87749737124547 0.9152
-6.87739544319325 0.9151
-6.87728589119957 0.915
-6.87717800389089 0.9149
-6.87704352503952 0.9148
-6.87692150563751 0.9147
-6.87681277274505 0.9146
-6.8767102505641 0.9145
-6.87658439170931 0.9144
-6.87647929820611 0.9143
-6.87636820717496 0.9142
-6.87629806863421 0.9141
-6.87625256379231 0.914
-6.87621989571405 0.9139
-6.87618487262785 0.9138
-6.87617115835141 0.9137
-6.87618801126088 0.9136
-6.87621269552501 0.9135
-6.8762371397132 0.9134
-6.87625933305996 0.9133
-6.87629998752675 0.9132
-6.87636187786828 0.9131
-6.87641661061478 0.913
-6.87644672755116 0.9129
-6.87648000711002 0.9128
-6.87648279855001 0.9127
-6.87647686272391 0.9126
-6.87647959651835 0.9125
-6.87647440388237 0.9124
-6.87650065227849 0.9123
-6.87652670972781 0.9122
-6.87657613620811 0.9121
-6.87664244044898 0.912
-6.87673051620813 0.9119
-6.87683099861262 0.9118
-6.87691260231534 0.9117
-6.87696829634933 0.9116
-6.87701678696201 0.9115
-6.87709384742906 0.9114
-6.87718449085195 0.9113
-6.87724238040681 0.9112
-6.87730544624879 0.9111
-6.87736547097151 0.911
-6.87743181015386 0.9109
-6.87750073873428 0.9108
-6.87757789403949 0.9107
-6.87760492167672 0.9106
-6.87764717864914 0.9105
-6.87768931070244 0.9104
-6.87772815313913 0.9103
-6.87773556328456 0.9102
-6.87773570068713 0.9101
-6.87773933581008 0.91
-6.87776235168303 0.9099
-6.8777680857856 0.9098
-6.87774978797529 0.9097
-6.87772442977482 0.9096
-6.87766737592411 0.9095
-6.8776104424401 0.9094
-6.8775550199301 0.9093
-6.87749975291586 0.9092
-6.87744464448058 0.9091
-6.87740027777694 0.909
-6.87733363417426 0.9089
-6.87729818085178 0.9088
-6.87727926820088 0.9087
-6.87726905062284 0.9086
-6.87727822360352 0.9085
-6.87728800354159 0.9084
-6.8772943646601 0.9083
-6.87729725445848 0.9082
-6.87733647493161 0.9081
-6.8774082682796 0.908
-6.87749589907639 0.9079
-6.87759365029562 0.9078
-6.87771230446286 0.9077
-6.87786104098207 0.9076
-6.87803215501719 0.9075
-6.8782403637273 0.9074
-6.87845589542071 0.9073
-6.87868592879759 0.9072
-6.87895825703228 0.9071
-6.87922511124415 0.907
-6.8794858987629 0.9069
-6.87973470702909 0.9068
-6.87996648709542 0.9067
-6.88018759149317 0.9066
-6.88040209669009 0.9065
-6.88058274119921 0.9064
-6.88077298045721 0.9063
-6.88095673190635 0.9062
-6.88112119250739 0.9061
-6.88128846505449 0.906
-6.88145732562691 0.9059
-6.88164469867188 0.9058
-6.88179829622687 0.9057
-6.88199023306712 0.9056
-6.88215507591061 0.9055
-6.88230645395846 0.9054
-6.8824520471258 0.9053
-6.88261421648188 0.9052
-6.88275992064106 0.9051
-6.88289714816709 0.905
-6.88302314726574 0.9049
-6.88314091099381 0.9048
-6.88323633400452 0.9047
-6.88336876949491 0.9046
-6.88344986070931 0.9045
-6.88351144226201 0.9044
-6.88355928012951 0.9043
-6.88358598477138 0.9042
-6.88357944447125 0.9041
-6.88356840490646 0.904
-6.88355238781692 0.9039
-6.88353407067426 0.9038
-6.8834978819588 0.9037
-6.88345965635849 0.9036
-6.88342608582698 0.9035
-6.88337496724639 0.9034
-6.88331077439175 0.9033
-6.88324154149137 0.9032
-6.88316236105378 0.9031
-6.88306438126911 0.903
-6.88299710634922 0.9029
-6.88294026160994 0.9028
-6.88291228915134 0.9027
-6.88291217602587 0.9026
-6.88291700771628 0.9025
-6.88292944989541 0.9024
-6.88293714812045 0.9023
-6.88293701781457 0.9022
-6.88291477133242 0.9021
-6.88289799318489 0.902
-6.88284331541209 0.9019
-6.88280970651393 0.9018
-6.88277055757011 0.9017
-6.88270739782463 0.9016
-6.88265851164218 0.9015
-6.88259802886669 0.9014
-6.88254793273479 0.9013
-6.88249735917456 0.9012
-6.88245183307556 0.9011
-6.88244097985815 0.901
-6.88244882162737 0.9009
-6.88246735113623 0.9008
-6.88248951968426 0.9007
-6.88254546454356 0.9006
-6.88262499531405 0.9005
-6.88268479279401 0.9004
-6.88275466535112 0.9003
-6.88282855849801 0.9002
-6.88290891046783 0.9001
-6.88299279928972 0.9
-6.88308816574553 0.8999
-6.88316373696225 0.8998
-6.8832179458569 0.8997
-6.88326800503274 0.8996
-6.8833389631496 0.8995
-6.88340831700022 0.8994
-6.88347956634998 0.8993
-6.88355726042658 0.8992
-6.88363687048883 0.8991
-6.88371149371634 0.899
-6.8837876111604 0.8989
-6.88384533507842 0.8988
-6.88390884550007 0.8987
-6.88395589150117 0.8986
-6.8839862524325 0.8985
-6.8840018468942 0.8984
-6.88398695821421 0.8983
-6.88398002945892 0.8982
-6.88399565200707 0.8981
-6.8839868108515 0.898
-6.88395269517175 0.8979
-6.8839150154473 0.8978
-6.8839038193292 0.8977
-6.88385973512188 0.8976
-6.88380976670165 0.8975
-6.88374163781718 0.8974
-6.88367761330283 0.8973
-6.88361807346803 0.8972
-6.88355953617767 0.8971
-6.88348321574852 0.897
-6.88340744792203 0.8969
-6.88334718726386 0.8968
-6.88327744816764 0.8967
-6.88326709252581 0.8966
-6.88326239085718 0.8965
-6.88325465947048 0.8964
-6.88325961093253 0.8963
-6.88328070323815 0.8962
-6.88335593175466 0.8961
-6.88343522452661 0.896
-6.88351458429436 0.8959
-6.8836172325182 0.8958
-6.88370073448735 0.8957
-6.88377133839906 0.8956
-6.88382473531372 0.8955
-6.88386300042808 0.8954
-6.88389414112377 0.8953
-6.8839200197094 0.8952
-6.88394875256704 0.8951
-6.8840037126736 0.895
-6.88407235012002 0.8949
-6.88415329301499 0.8948
-6.88423473612168 0.8947
-6.88433239075124 0.8946
-6.88443780098036 0.8945
-6.88457101683001 0.8944
-6.8847168987622 0.8943
-6.88487434310548 0.8942
-6.8850403148289 0.8941
-6.8851708975856 0.894
-6.88530940836391 0.8939
-6.88544325562795 0.8938
-6.88559896392487 0.8937
-6.88572841489384 0.8936
-6.88585049913739 0.8935
-6.88595163727906 0.8934
-6.88603224968686 0.8933
-6.88613475890218 0.8932
-6.88619716617102 0.8931
-6.88625331669266 0.893
-6.88627786288167 0.8929
-6.88626960217537 0.8928
-6.88624814615359 0.8927
-6.88622877439008 0.8926
-6.88619432617313 0.8925
-6.88612643902133 0.8924
-6.88604560856525 0.8923
-6.88594204272082 0.8922
-6.88581069404816 0.8921
-6.88567736853235 0.892
-6.88552849526372 0.8919
-6.88538375676263 0.8918
-6.88527656008741 0.8917
-6.88516748951606 0.8916
-6.88509270644503 0.8915
-6.88503338316936 0.8914
-6.8850345093582 0.8913
-6.88504910592589 0.8912
-6.88510571188226 0.8911
-6.88518963559383 0.891
-6.88526646594394 0.8909
-6.88540652855691 0.8908
-6.88553007889882 0.8907
-6.88566620891566 0.8906
-6.88580790287166 0.8905
-6.88596431065933 0.8904
-6.88614585012053 0.8903
-6.88633232283485 0.8902
-6.8865341592911 0.8901
-6.8867571958474 0.89
-6.88695139341387 0.8899
-6.88710006631928 0.8898
-6.88722442416816 0.8897
-6.88734934986368 0.8896
-6.88747434905559 0.8895
-6.88761339224943 0.8894
-6.88775408619432 0.8893
-6.88788484966654 0.8892
-6.88798239201818 0.8891
-6.88806470611795 0.889
-6.88812055448552 0.8889
-6.88814632597501 0.8888
-6.88813675324135 0.8887
-6.8880847289202 0.8886
-6.8880161704275 0.8885
-6.88792732342453 0.8884
-6.88781281528719 0.8883
-6.88768692494255 0.8882
-6.88754792575104 0.8881
-6.88738278494672 0.888
-6.88719600301667 0.8879
-6.88701020130138 0.8878
-6.88684493557736 0.8877
-6.88671095793019 0.8876
-6.88657600810522 0.8875
-6.88645424205676 0.8874
-6.88632567318615 0.8873
-6.88620544126317 0.8872
-6.8860903341508 0.8871
-6.88598849003889 0.887
-6.88590581755784 0.8869
-6.88582264711533 0.8868
-6.88574453243079 0.8867
-6.88568685318643 0.8866
-6.88566391069838 0.8865
-6.88566914636007 0.8864
-6.88569993198168 0.8863
-6.88573152145422 0.8862
-6.88583218645494 0.8861
-6.88597692515995 0.886
-6.88614037115399 0.8859
-6.88629330053113 0.8858
-6.88646089854837 0.8857
-6.88662458235929 0.8856
-6.88680104709836 0.8855
-6.8869998972562 0.8854
-6.88723235263301 0.8853
-6.88747858043136 0.8852
-6.88775461618805 0.8851
-6.88805042036599 0.885
-6.88834364442208 0.8849
-6.88864739742586 0.8848
-6.8889506545744 0.8847
-6.88926811047304 0.8846
-6.88958890641278 0.8845
-6.88989007500371 0.8844
-6.89015568597467 0.8843
-6.89041318640461 0.8842
-6.89064871268031 0.8841
-6.89088583724084 0.884
-6.89107031573853 0.8839
-6.89123557919748 0.8838
-6.8914062621225 0.8837
-6.89157916254093 0.8836
-6.89173189601602 0.8835
-6.89187425578703 0.8834
-6.89200580325943 0.8833
-6.89211379387997 0.8832
-6.89220147443877 0.8831
-6.89228199008241 0.883
-6.89234791078933 0.8829
-6.89237997953504 0.8828
-6.89238579735058 0.8827
-6.89235058784953 0.8826
-6.89227089630122 0.8825
-6.89213999250089 0.8824
-6.8920130314421 0.8823
-6.89186112019102 0.8822
-6.89172380695987 0.8821
-6.89159484743148 0.882
-6.89147922806608 0.8819
-6.89134464671781 0.8818
-6.89119462732373 0.8817
-6.89104906787269 0.8816
-6.89086576063571 0.8815
-6.8906903130154 0.8814
-6.8905011275957 0.8813
-6.8903588391935 0.8812
-6.89023719206947 0.8811
-6.89014193086333 0.881
-6.89006849186163 0.8809
-6.89001570431689 0.8808
-6.88997237743714 0.8807
-6.88997268610126 0.8806
-6.89001082358481 0.8805
-6.8900527513983 0.8804
-6.89012615011388 0.8803
-6.89023843385353 0.8802
-6.89038748673381 0.8801
-6.89053325058462 0.88
-6.89067438793934 0.8799
-6.89085629190234 0.8798
-6.89105716494352 0.8797
-6.89126849842758 0.8796
-6.8914975191255 0.8795
-6.89173513743936 0.8794
-6.89196535150748 0.8793
-6.89218640575347 0.8792
-6.89240537711469 0.8791
-6.89263507460822 0.879
-6.89284544456705 0.8789
-6.89304560595823 0.8788
-6.89324685430205 0.8787
-6.89342533179072 0.8786
-6.89358954277206 0.8785
-6.89373053802063 0.8784
-6.89386864074816 0.8783
-6.89397121181495 0.8782
-6.89404185719518 0.8781
-6.89409383747683 0.878
-6.8941169314828 0.8779
-6.89411958835687 0.8778
-6.8940948261929 0.8777
-6.89404690282109 0.8776
-6.89397673033455 0.8775
-6.89389042254738 0.8774
-6.89381559281201 0.8773
-6.89374016796878 0.8772
-6.8936810884922 0.8771
-6.89365321305351 0.877
-6.89360115627643 0.8769
-6.89355368638087 0.8768
-6.89352182507008 0.8767
-6.89348842809939 0.8766
-6.89348022541326 0.8765
-6.89347325109478 0.8764
-6.89348630222471 0.8763
-6.89351831459118 0.8762
-6.89360180691134 0.8761
-6.89371152655438 0.876
-6.89383242879415 0.8759
-6.89394861765326 0.8758
-6.89406799466292 0.8757
-6.89423374098759 0.8756
-6.89438587431242 0.8755
-6.8945314289374 0.8754
-6.89463863083884 0.8753
-6.89470680046363 0.8752
-6.89477365961596 0.8751
-6.89482580376068 0.875
-6.89484726831455 0.8749
-6.89487090474056 0.8748
-6.89489194437728 0.8747
-6.89489042124097 0.8746
-6.89489922379365 0.8745
-6.89494078731068 0.8744
-6.89497399076376 0.8743
-6.89501939533708 0.8742
-6.89506381643905 0.8741
-6.89509788889438 0.874
-6.89513144710868 0.8739
-6.89517245234935 0.8738
-6.89520487085096 0.8737
-6.89524061221433 0.8736
-6.89527420409512 0.8735
-6.89530471246814 0.8734
-6.89532584549278 0.8733
-6.89531983204593 0.8732
-6.8953228073746 0.8731
-6.89533813399942 0.873
-6.89537418297838 0.8729
-6.89542742730705 0.8728
-6.89545121785086 0.8727
-6.89544693054674 0.8726
-6.89545881332205 0.8725
-6.89548469234002 0.8724
-6.8954788648553 0.8723
-6.89547503050066 0.8722
-6.89549843113179 0.8721
-6.89550989883358 0.872
-6.89551420565944 0.8719
-6.89552797418751 0.8718
-6.89555221061024 0.8717
-6.89559568722307 0.8716
-6.89564776774614 0.8715
-6.89570524045072 0.8714
-6.89577916146574 0.8713
-6.89584987885558 0.8712
-6.89593232789306 0.8711
-6.89604900564193 0.871
-6.8961752805184 0.8709
-6.89628428039709 0.8708
-6.89638968749416 0.8707
-6.89650921529684 0.8706
-6.89663339789392 0.8705
-6.89674375448274 0.8704
-6.8968455039855 0.8703
-6.89690588790315 0.8702
-6.89691776615855 0.8701
-6.89691363780324 0.87
-6.89691401638624 0.8699
-6.89694955765428 0.8698
-6.89696573516506 0.8697
-6.89696498206962 0.8696
-6.89694438010947 0.8695
-6.89690416855895 0.8694
-6.89686622681257 0.8693
-6.89683203018996 0.8692
-6.8967993774103 0.8691
-6.8967547702532 0.869
-6.89672920027549 0.8689
-6.89668789084842 0.8688
-6.89666210622112 0.8687
-6.89663778691594 0.8686
-6.89663238435358 0.8685
-6.89662374097654 0.8684
-6.89663192416382 0.8683
-6.89664710273482 0.8682
-6.89666230392898 0.8681
-6.89669249191643 0.868
-6.89675566319916 0.8679
-6.89683948002222 0.8678
-6.8969475805669 0.8677
-6.89705580017139 0.8676
-6.89715679162085 0.8675
-6.89725890929851 0.8674
-6.89737620079275 0.8673
-6.89751119839624 0.8672
-6.89765441206094 0.8671
-6.89778886640671 0.867
-6.89790556554576 0.8669
-6.89799870359421 0.8668
-6.89808475696053 0.8667
-6.8981495953979 0.8666
-6.89820112003839 0.8665
-6.89826199182615 0.8664
-6.89830453763855 0.8663
-6.89832878917254 0.8662
-6.89836265369872 0.8661
-6.89839221064307 0.866
-6.89840805577118 0.8659
-6.89843476027667 0.8658
-6.89851111801392 0.8657
-6.89855835514233 0.8656
-6.89861428298445 0.8655
-6.898687904426 0.8654
-6.89874709574745 0.8653
-6.89878966879448 0.8652
-6.89882358099272 0.8651
-6.89882753440892 0.865
-6.89877885074644 0.8649
-6.89873705490399 0.8648
-6.89871523534775 0.8647
-6.89870911505575 0.8646
-6.89871099268381 0.8645
-6.89868622764776 0.8644
-6.89865182845013 0.8643
-6.89858352247606 0.8642
-6.89849283779291 0.8641
-6.89837608388674 0.864
-6.89824080917235 0.8639
-6.89809663312825 0.8638
-6.89793538570599 0.8637
-6.89777426861111 0.8636
-6.89758211087807 0.8635
-6.89741695866203 0.8634
-6.89727260998475 0.8633
-6.89711366759494 0.8632
-6.89696854930785 0.8631
-6.8968137227708 0.863
-6.89664445976911 0.8629
-6.89650110576354 0.8628
-6.89633071014662 0.8627
-6.89616260860847 0.8626
-6.89601195839996 0.8625
-6.89585342408387 0.8624
-6.89571075384579 0.8623
-6.89561590511262 0.8622
-6.89553892829668 0.8621
-6.89547459850195 0.862
-6.89542277556798 0.8619
-6.89538559478304 0.8618
-6.89539076440732 0.8617
-6.895416629257 0.8616
-6.89545430529309 0.8615
-6.89552587622892 0.8614
-6.89562807996574 0.8613
-6.89572643610116 0.8612
-6.89587232785702 0.8611
-6.89600860903364 0.861
-6.89615841100762 0.8609
-6.89629713819435 0.8608
-6.89642064306303 0.8607
-6.89655962853216 0.8606
-6.89669571484414 0.8605
-6.89683790298553 0.8604
-6.89697945241778 0.8603
-6.89711542746739 0.8602
-6.89724305658495 0.8601
-6.89742204226049 0.86
-6.8975866462994 0.8599
-6.89772136033193 0.8598
-6.89787730874441 0.8597
-6.89804464065049 0.8596
-6.89820697487819 0.8595
-6.8983650616942 0.8594
-6.89850252763924 0.8593
-6.8986141094886 0.8592
-6.89870809324513 0.8591
-6.89875499678719 0.859
-6.89878747297342 0.8589
-6.89877870527521 0.8588
-6.8987327404488 0.8587
-6.89865896509873 0.8586
-6.89856185093344 0.8585
-6.89842385327944 0.8584
-6.89825873159735 0.8583
-6.89807052929967 0.8582
-6.89786519967685 0.8581
-6.89764884546392 0.858
-6.89742873272991 0.8579
-6.89722749562496 0.8578
-6.89700888910096 0.8577
-6.89682872663541 0.8576
-6.89667503083794 0.8575
-6.89654517611632 0.8574
-6.89642199538137 0.8573
-6.89628166737328 0.8572
-6.89613290472855 0.8571
-6.89599848398478 0.857
-6.89591036084061 0.8569
-6.89579625607002 0.8568
-6.89572450979674 0.8567
-6.8956982781389 0.8566
-6.89566953850965 0.8565
-6.89567496240091 0.8564
-6.89569539581997 0.8563
-6.89576555795588 0.8562
-6.89586607513063 0.8561
-6.89596505126013 0.856
-6.89607049620843 0.8559
-6.89620443745553 0.8558
-6.89632229162232 0.8557
-6.89643330174052 0.8556
-6.89654908463297 0.8555
-6.89665946184458 0.8554
-6.89676229323418 0.8553
-6.89687248690759 0.8552
-6.89701071772001 0.8551
-6.89713403201745 0.855
-6.89727210426042 0.8549
-6.89741073133002 0.8548
-6.89754989222568 0.8547
-6.89767185403191 0.8546
-6.89773411443416 0.8545
-6.89777580361199 0.8544
-6.89782409376062 0.8543
-6.89787212738191 0.8542
-6.89788991539055 0.8541
-6.89790015444586 0.854
-6.89791402685857 0.8539
-6.89789791811215 0.8538
-6.89789564858629 0.8537
-6.89789801640018 0.8536
-6.89789397288298 0.8535
-6.89785715860976 0.8534
-6.89783865315724 0.8533
-6.89780236785418 0.8532
-6.89776117718141 0.8531
-6.89774252160022 0.853
-6.89772696435855 0.8529
-6.89775479587172 0.8528
-6.89778372862509 0.8527
-6.89781830077296 0.8526
-6.89784524190549 0.8525
-6.89790303372731 0.8524
-6.89795745694657 0.8523
-6.89801032118083 0.8522
-6.89806748377874 0.8521
-6.89811630766334 0.852
-6.89813106136035 0.8519
-6.89810750282763 0.8518
-6.89810398637231 0.8517
-6.89806556978006 0.8516
-6.89803429803211 0.8515
-6.89800803995184 0.8514
-6.89795839120515 0.8513
-6.89789797177738 0.8512
-6.89783205571902 0.8511
-6.89776217621328 0.851
-6.89768296734435 0.8509
-6.89759650372624 0.8508
-6.89752084003207 0.8507
-6.89740894373238 0.8506
-6.89732109905841 0.8505
-6.89723018371271 0.8504
-6.89717954513595 0.8503
-6.89714643401785 0.8502
-6.89711895568294 0.8501
-6.89707856258196 0.85
-6.89703298498796 0.8499
-6.89700681355107 0.8498
-6.89701012471133 0.8497
-6.89703276532918 0.8496
-6.89704034806018 0.8495
-6.89702676619547 0.8494
-6.89704056941207 0.8493
-6.89707516018648 0.8492
-6.8971080554796 0.8491
-6.8971554596547 0.849
-6.89721533221693 0.8489
-6.8973017256796 0.8488
-6.89740522494404 0.8487
-6.89755724780524 0.8486
-6.89773772914922 0.8485
-6.89790625874699 0.8484
-6.89810432773159 0.8483
-6.898308082968 0.8482
-6.89851499986657 0.8481
-6.89873248135812 0.848
-6.89895106572481 0.8479
-6.89916601420821 0.8478
-6.89939625453956 0.8477
-6.89961694784129 0.8476
-6.89982224435598 0.8475
-6.90002889668612 0.8474
-6.90021468048807 0.8473
-6.90041281587313 0.8472
-6.90060556703704 0.8471
-6.90079740558144 0.847
-6.90096276807642 0.8469
-6.90108774276758 0.8468
-6.90119901442667 0.8467
-6.90130636406269 0.8466
-6.90140415524712 0.8465
-6.90148002230784 0.8464
-6.9015532856881 0.8463
-6.90160768883641 0.8462
-6.90165668730641 0.8461
-6.90169934356146 0.846
-6.90172852402949 0.8459
-6.90173070060654 0.8458
-6.90172916180306 0.8457
-6.90174521223371 0.8456
-6.9017466975953 0.8455
-6.90175912952321 0.8454
-6.90176270945164 0.8453
-6.90176509116567 0.8452
-6.90176765649571 0.8451
-6.90175676949349 0.845
-6.90175771722448 0.8449
-6.9017667198396 0.8448
-6.90177802330659 0.8447
-6.90177744642729 0.8446
-6.90178060484328 0.8445
-6.90178862369691 0.8444
-6.90177543421446 0.8443
-6.90178259255956 0.8442
-6.90177766406199 0.8441
-6.90179019736423 0.844
-6.90182497620675 0.8439
-6.90187161229333 0.8438
-6.90189699797894 0.8437
-6.90193106187203 0.8436
-6.90198021253087 0.8435
-6.90203257741913 0.8434
-6.90208858244337 0.8433
-6.90212663482059 0.8432
-6.90214005802215 0.8431
-6.9021196580244 0.843
-6.90208903867138 0.8429
-6.90206661349762 0.8428
-6.90205336632878 0.8427
-6.90199978993656 0.8426
-6.90189990379351 0.8425
-6.90184702184119 0.8424
-6.90180536073732 0.8423
-6.9017736851459 0.8422
-6.9017791345434 0.8421
-6.90179663216585 0.842
-6.90182296794269 0.8419
-6.90187736844298 0.8418
-6.9019251317731 0.8417
-6.90199863401222 0.8416
-6.9020579333662 0.8415
-6.90213524669061 0.8414
-6.90223078265176 0.8413
-6.90233327910399 0.8412
-6.90241770118202 0.8411
-6.9024888979752 0.841
-6.90254660605456 0.8409
-6.90262612278768 0.8408
-6.90270558414164 0.8407
-6.90281963338887 0.8406
-6.90293343375911 0.8405
-6.90302537230819 0.8404
-6.90310308099303 0.8403
-6.90316785345959 0.8402
-6.90322823362672 0.8401
-6.90329334120759 0.84
-6.90335374208201 0.8399
-6.90336581696328 0.8398
-6.90336876411857 0.8397
-6.90335326013305 0.8396
-6.90332502822946 0.8395
-6.90329413464606 0.8394
-6.9032451334796 0.8393
-6.90319044884469 0.8392
-6.90311782554238 0.8391
-6.90305782150508 0.839
-6.90298761480292 0.8389
-6.90290814924544 0.8388
-6.90284609091048 0.8387
-6.90276639363804 0.8386
-6.90269821555411 0.8385
-6.90265214322593 0.8384
-6.90261422780089 0.8383
-6.9025730066545 0.8382
-6.90251706674246 0.8381
-6.90247503207758 0.838
-6.90245828247735 0.8379
-6.90244927261807 0.8378
-6.90243711544803 0.8377
-6.90243860299036 0.8376
-6.90247281648101 0.8375
-6.90252355406407 0.8374
-6.90257978194263 0.8373
-6.90264591429542 0.8372
-6.90272166866597 0.8371
-6.90281172936851 0.837
-6.90289159165752 0.8369
-6.9029787469692 0.8368
-6.90309241407027 0.8367
-6.90321440312082 0.8366
-6.90336386614085 0.8365
-6.90351043769393 0.8364
-6.90368916807407 0.8363
-6.90386923672207 0.8362
-6.9040609116198 0.8361
-6.90424987678171 0.836
-6.90442519410382 0.8359
-6.90458945891223 0.8358
-6.90471709334771 0.8357
-6.90483654434999 0.8356
-6.90495008451642 0.8355
-6.90506338057295 0.8354
-6.90517095813625 0.8353
-6.90528104596795 0.8352
-6.90539822751221 0.8351
-6.90552536942273 0.835
-6.90563566282948 0.8349
-6.90570751261475 0.8348
-6.90577522329058 0.8347
-6.90584268645088 0.8346
-6.90589926574179 0.8345
-6.90593177239571 0.8344
-6.90593069416966 0.8343
-6.90591894028385 0.8342
-6.90590421767254 0.8341
-6.90587970676976 0.834
-6.90583933888335 0.8339
-6.90577000169254 0.8338
-6.90573641597424 0.8337
-6.90570060179837 0.8336
-6.9056535756941 0.8335
-6.90560482103089 0.8334
-6.90553814324853 0.8333
-6.90547110813652 0.8332
-6.90538652265612 0.8331
-6.90532256958812 0.833
-6.90526276056779 0.8329
-6.90521594545129 0.8328
-6.90517883424492 0.8327
-6.90515276884028 0.8326
-6.90510795045705 0.8325
-6.90503542203107 0.8324
-6.9049350494338 0.8323
-6.90484957974565 0.8322
-6.90475385960886 0.8321
-6.90466694974818 0.832
-6.90456210276282 0.8319
-6.90446534235245 0.8318
-6.90435832801947 0.8317
-6.90425883862015 0.8316
-6.90416174665677 0.8315
-6.90408038041639 0.8314
-6.90398484911308 0.8313
-6.90387673564411 0.8312
-6.90377314386523 0.8311
-6.90367710880909 0.831
-6.90359667700865 0.8309
-6.90353440959543 0.8308
-6.90351894291804 0.8307
-6.90353284849547 0.8306
-6.90355404493783 0.8305
-6.90358124982282 0.8304
-6.903623943417 0.8303
-6.90364959274916 0.8302
-6.90369715471879 0.8301
-6.90372794770742 0.83
-6.90374651351876 0.8299
-6.90378972668276 0.8298
-6.90383081060321 0.8297
-6.90387784068668 0.8296
-6.90392690192435 0.8295
-6.90399375953867 0.8294
-6.90408049118496 0.8293
-6.90418856949315 0.8292
-6.9042954554812 0.8291
-6.90438892196316 0.829
-6.90448833289326 0.8289
-6.90457414397938 0.8288
-6.90464568701959 0.8287
-6.90471271792934 0.8286
-6.90476172067007 0.8285
-6.9048086351341 0.8284
-6.9048573780056 0.8283
-6.9049100678328 0.8282
-6.90495784011722 0.8281
-6.90501413737393 0.828
-6.9050603981492 0.8279
-6.9051050535641 0.8278
-6.90517888722761 0.8277
-6.90525561721623 0.8276
-6.90535690878624 0.8275
-6.90545661741012 0.8274
-6.90558698048601 0.8273
-6.90571165117822 0.8272
-6.90583949153556 0.8271
-6.90595425315534 0.827
-6.90606068951001 0.8269
-6.90616961451373 0.8268
-6.90623713138323 0.8267
-6.90629849978425 0.8266
-6.90637406485511 0.8265
-6.90642916650813 0.8264
-6.90650423045651 0.8263
-6.90657648392402 0.8262
-6.90663849865683 0.8261
-6.90672076422431 0.826
-6.90677566170499 0.8259
-6.90682343760381 0.8258
-6.90684884028222 0.8257
-6.90684928145297 0.8256
-6.90684422808347 0.8255
-6.9068451898667 0.8254
-6.90682604964557 0.8253
-6.90679292645306 0.8252
-6.90672510516403 0.8251
-6.90665871648276 0.825
-6.90658263214328 0.8249
-6.90650172610825 0.8248
-6.90641226496406 0.8247
-6.90631486644142 0.8246
-6.90623511942021 0.8245
-6.90615223535177 0.8244
-6.90602272627381 0.8243
-6.90588076105344 0.8242
-6.90574428402192 0.8241
-6.90560918376481 0.824
-6.90546809375561 0.8239
-6.90534892731771 0.8238
-6.90526095213409 0.8237
-6.9051992078615 0.8236
-6.90515950480939 0.8235
-6.90513331256008 0.8234
-6.90512621074148 0.8233
-6.90516928242873 0.8232
-6.90524774872579 0.8231
-6.90534259490012 0.823
-6.90545882740735 0.8229
-6.9055908508763 0.8228
-6.90572939440291 0.8227
-6.90591817551763 0.8226
-6.90612999264185 0.8225
-6.90634502544666 0.8224
-6.90659031311116 0.8223
-6.90685215487567 0.8222
-6.90713309904583 0.8221
-6.90745334496647 0.822
-6.90777845136869 0.8219
-6.90811845610452 0.8218
-6.90847609251354 0.8217
-6.90886252541776 0.8216
-6.90926133309988 0.8215
-6.90964766166605 0.8214
-6.91003366156375 0.8213
-6.91042447962985 0.8212
-6.91080459353443 0.8211
-6.91117238703956 0.821
-6.91153077662795 0.8209
-6.91185287856526 0.8208
-6.9121482611625 0.8207
-6.91238440053264 0.8206
-6.91259083810078 0.8205
-6.91274586776598 0.8204
-6.91286475014842 0.8203
-6.91290106933358 0.8202
-6.91291068307286 0.8201
-6.91287972814968 0.82
-6.91279951534776 0.8199
-6.91269292272584 0.8198
-6.912528327659 0.8197
-6.91233748297225 0.8196
-6.91211988675055 0.8195
-6.91188306793898 0.8194
-6.91162486220256 0.8193
-6.91137468238353 0.8192
-6.91115187508444 0.8191
-6.91095917206469 0.819
-6.91077856451091 0.8189
-6.91066458265345 0.8188
-6.91055279063295 0.8187
-6.91047832347579 0.8186
-6.91044804073901 0.8185
-6.91047755119076 0.8184
-6.91055720837059 0.8183
-6.91067300179572 0.8182
-6.91082121898057 0.8181
-6.91100758577437 0.818
-6.91122188322379 0.8179
-6.91143263286415 0.8178
-6.91164583958809 0.8177
-6.9118562741749 0.8176
-6.91207309624281 0.8175
-6.91228767177613 0.8174
-6.9124980390674 0.8173
-6.91267284486623 0.8172
-6.91284924681343 0.8171
-6.91300830121159 0.817
-6.91317032894363 0.8169
-6.91330138304932 0.8168
-6.91342106667634 0.8167
-6.9135073728911 0.8166
-6.91356190497051 0.8165
-6.91359950609744 0.8164
-6.91359299658461 0.8163
-6.91357921676196 0.8162
-6.91353370034666 0.8161
-6.91347551756546 0.816
-6.91339092047403 0.8159
-6.91328802358313 0.8158
-6.9131455139194 0.8157
-6.91299596579459 0.8156
-6.91284118512207 0.8155
-6.91266752703524 0.8154
-6.91247674724062 0.8153
-6.91227535440509 0.8152
-6.91209232866063 0.8151
-6.91189921760741 0.815
-6.91170395912864 0.8149
-6.91152184603149 0.8148
-6.91134048041229 0.8147
-6.91119184590796 0.8146
-6.91103521571256 0.8145
-6.9109098293875 0.8144
-6.91082625259934 0.8143
-6.91075100000598 0.8142
-6.91069263810561 0.8141
-6.91066014330453 0.814
-6.91067679251116 0.8139
-6.91071274158911 0.8138
-6.9107888912891 0.8137
-6.91087773941832 0.8136
-6.91099579800583 0.8135
-6.91114484334709 0.8134
-6.9113178300147 0.8133
-6.91152024834861 0.8132
-6.91173624449545 0.8131
-6.9119295037146 0.813
-6.91212210990981 0.8129
-6.91232272306044 0.8128
-6.91251166812664 0.8127
-6.91271215399036 0.8126
-6.91289348641182 0.8125
-6.91307034813399 0.8124
-6.91322476541413 0.8123
-6.91337605822871 0.8122
-6.9134934928159 0.8121
-6.9135843818261 0.812
-6.91367206941911 0.8119
-6.91376306341266 0.8118
-6.91383837032303 0.8117
-6.91387273430533 0.8116
-6.91387962211421 0.8115
-6.9138606152671 0.8114
-6.91384071337618 0.8113
-6.91378063830282 0.8112
-6.91370912891287 0.8111
-6.91359922786919 0.811
-6.91344464603218 0.8109
-6.91326583840107 0.8108
-6.91305455940133 0.8107
-6.91280806717028 0.8106
-6.91255567255239 0.8105
-6.91231513897875 0.8104
-6.91205824807871 0.8103
-6.91180966905579 0.8102
-6.91156175924548 0.8101
-6.91134978006221 0.81
-6.91115746089529 0.8099
-6.91100091958733 0.8098
-6.91088766791771 0.8097
-6.91080381486709 0.8096
-6.91075133526179 0.8095
-6.91074883022284 0.8094
-6.91078941209094 0.8093
-6.91089067502571 0.8092
-6.91103165194998 0.8091
-6.91120331502684 0.809
-6.91137475964841 0.8089
-6.91156155026293 0.8088
-6.91177822728742 0.8087
-6.91202048659179 0.8086
-6.9122692905424 0.8085
-6.91251207915099 0.8084
-6.91276627133678 0.8083
-6.91304305198807 0.8082
-6.91329869127293 0.8081
-6.91356899930064 0.808
-6.91383924417665 0.8079
-6.91410816136941 0.8078
-6.91436308537346 0.8077
-6.91459705001355 0.8076
-6.9148035464927 0.8075
-6.91499081067009 0.8074
-6.91516012510742 0.8073
-6.91530815027192 0.8072
-6.91543383678126 0.8071
-6.91555315564082 0.807
-6.91565547022909 0.8069
-6.91574685675194 0.8068
-6.91582017105653 0.8067
-6.91588051320374 0.8066
-6.91593222058937 0.8065
-6.91595960522938 0.8064
-6.91597232356767 0.8063
-6.91596193271397 0.8062
-6.91596470369889 0.8061
-6.91596569824959 0.806
-6.91596442544173 0.8059
-6.91595527240125 0.8058
-6.91595688392933 0.8057
-6.91597645485893 0.8056
-6.91597886023894 0.8055
-6.9159900153169 0.8054
-6.91599093600995 0.8053
-6.9159635832507 0.8052
-6.91590108645978 0.8051
-6.91581662129112 0.805
-6.91573772604633 0.8049
-6.91564327882445 0.8048
-6.91555297803482 0.8047
-6.9154939108938 0.8046
-6.91544535892154 0.8045
-6.91541641875728 0.8044
-6.91539388720053 0.8043
-6.91540340363468 0.8042
-6.9154072851894 0.8041
-6.91544026667879 0.804
-6.91546982280438 0.8039
-6.91549366346689 0.8038
-6.91550978586945 0.8037
-6.91553021969666 0.8036
-6.91556503653096 0.8035
-6.91559094586343 0.8034
-6.91560745704937 0.8033
-6.91562479244649 0.8032
-6.91562004357793 0.8031
-6.91560715340161 0.803
-6.91560989510792 0.8029
-6.91560191102925 0.8028
-6.91558930763609 0.8027
-6.91556189049321 0.8026
-6.91554308742347 0.8025
-6.91553539932163 0.8024
-6.91554754059946 0.8023
-6.91556095917586 0.8022
-6.91560121466169 0.8021
-6.91562735137056 0.802
-6.91564574975969 0.8019
-6.91564181654745 0.8018
-6.91563807725286 0.8017
-6.91561445816623 0.8016
-6.91558872327897 0.8015
-6.91556380707128 0.8014
-6.91556628429307 0.8013
-6.91557438420271 0.8012
-6.91558229839274 0.8011
-6.91557373820146 0.801
-6.91553654496084 0.8009
-6.91549054775103 0.8008
-6.91547645815409 0.8007
-6.91543580497724 0.8006
-6.91536337739786 0.8005
-6.91530134378471 0.8004
-6.91528377085961 0.8003
-6.91524795613211 0.8002
-6.91520882898447 0.8001
-6.91518342522941 0.8
-6.91516887186667 0.7999
-6.91519300667915 0.7998
-6.91523836978723 0.7997
-6.9153070237565 0.7996
-6.91536947639845 0.7995
-6.91543169489596 0.7994
-6.91549397120266 0.7993
-6.91555150520888 0.7992
-6.9156368265258 0.7991
-6.91570472430046 0.799
-6.91576558961996 0.7989
-6.9158541304889 0.7988
-6.91594721110698 0.7987
-6.9160490868102 0.7986
-6.9161469007226 0.7985
-6.91623865250848 0.7984
-6.91635444151519 0.7983
-6.91648183349486 0.7982
-6.91661267227875 0.7981
-6.91677362854654 0.798
-6.91696374769665 0.7979
-6.91714884307555 0.7978
-6.91731574142759 0.7977
-6.91749613567959 0.7976
-6.91769199858196 0.7975
-6.91787738269871 0.7974
-6.9180353877235 0.7973
-6.91820004339711 0.7972
-6.91833622707014 0.7971
-6.91848939601383 0.797
-6.91861880536323 0.7969
-6.91875519373665 0.7968
-6.91885107115667 0.7967
-6.91890433034217 0.7966
-6.91895133035572 0.7965
-6.91899585200577 0.7964
-6.91903991841991 0.7963
-6.91907240843949 0.7962
-6.91906561535616 0.7961
-6.91902329406677 0.796
-6.91896312780598 0.7959
-6.9188903165166 0.7958
-6.9187943027732 0.7957
-6.91868457643424 0.7956
-6.91858718563442 0.7955
-6.91849093295026 0.7954
-6.91840320984943 0.7953
-6.91831668427354 0.7952
-6.91825918950756 0.7951
-6.91819131648885 0.795
-6.91811371846684 0.7949
-6.91804560783091 0.7948
-6.91797803352066 0.7947
-6.9179233339072 0.7946
-6.91789402744399 0.7945
-6.91786929631558 0.7944
-6.91784345722247 0.7943
-6.91780995980285 0.7942
-6.91779951843913 0.7941
-6.91778231551501 0.794
-6.91775468764016 0.7939
-6.91772781408643 0.7938
-6.91771260947281 0.7937
-6.91767440076011 0.7936
-6.91762681721858 0.7935
-6.91757826172299 0.7934
-6.91752492371977 0.7933
-6.91746066648358 0.7932
-6.91738590737067 0.7931
-6.91732566331511 0.793
-6.91726713898148 0.7929
-6.91719125501711 0.7928
-6.91709841658725 0.7927
-6.91701945699356 0.7926
-6.91694876664937 0.7925
-6.91688778758737 0.7924
-6.9168355960431 0.7923
-6.91681566472305 0.7922
-6.91683519692156 0.7921
-6.91686827548883 0.792
-6.91690413479375 0.7919
-6.91695338871286 0.7918
-6.91703126062772 0.7917
-6.91711783936471 0.7916
-6.91724240503926 0.7915
-6.91738422141799 0.7914
-6.91754423438253 0.7913
-6.91774572566898 0.7912
-6.91798585175346 0.7911
-6.91824951142646 0.791
-6.91849687737538 0.7909
-6.91874536815043 0.7908
-6.91899702280596 0.7907
-6.91923798871091 0.7906
-6.91948673555299 0.7905
-6.91973943440672 0.7904
-6.92000093239222 0.7903
-6.92026764111201 0.7902
-6.92050787839471 0.7901
-6.92073985014174 0.79
-6.9209741279721 0.7899
-6.92119630963308 0.7898
-6.92140013511523 0.7897
-6.92157087439351 0.7896
-6.92172165106663 0.7895
-6.92185586016937 0.7894
-6.92194325909664 0.7893
-6.92199587204923 0.7892
-6.92202546471582 0.7891
-6.92201947518559 0.789
-6.92199398719435 0.7889
-6.92195247321565 0.7888
-6.92186666663836 0.7887
-6.92172555673353 0.7886
-6.92155628607058 0.7885
-6.92136628481554 0.7884
-6.92117372129037 0.7883
-6.92098743942191 0.7882
-6.92079007252815 0.7881
-6.92060918840373 0.788
-6.92044810375702 0.7879
-6.92027167089253 0.7878
-6.92010245002663 0.7877
-6.91996625479274 0.7876
-6.91984754163101 0.7875
-6.91976425490215 0.7874
-6.91970349046179 0.7873
-6.9196763135761 0.7872
-6.91966342070877 0.7871
-6.91968116910537 0.787
-6.91972338697721 0.7869
-6.91978653185603 0.7868
-6.91983781151726 0.7867
-6.91992267797963 0.7866
-6.92003592097674 0.7865
-6.92015773282332 0.7864
-6.92028381854979 0.7863
-6.9204489626362 0.7862
-6.92060900723715 0.7861
-6.92079313428406 0.786
-6.92098222768306 0.7859
-6.92117117387577 0.7858
-6.92135857789612 0.7857
-6.92153051718726 0.7856
-6.92170658057583 0.7855
-6.92186430206185 0.7854
-6.92200953595901 0.7853
-6.9221532333432 0.7852
-6.92228322682758 0.7851
-6.92242427215778 0.785
-6.92255721174072 0.7849
-6.92268937541082 0.7848
-6.92282384119553 0.7847
-6.92295343801177 0.7846
-6.92310699863853 0.7845
-6.92324081605154 0.7844
-6.92338894573921 0.7843
-6.92352489888432 0.7842
-6.9236573188048 0.7841
-6.92381345353258 0.784
-6.92396720456352 0.7839
-6.92410176127422 0.7838
-6.92422690725433 0.7837
-6.92434226017692 0.7836
-6.92443592898046 0.7835
-6.92448414657496 0.7834
-6.92452156152661 0.7833
-6.9245457724801 0.7832
-6.92455629368177 0.7831
-6.9245528313086 0.783
-6.92455105422676 0.7829
-6.92453588267178 0.7828
-6.92450999634995 0.7827
-6.92447611281787 0.7826
-6.92442639552323 0.7825
-6.92439006475746 0.7824
-6.92435164083801 0.7823
-6.92429769817318 0.7822
-6.92423958576048 0.7821
-6.92419405662812 0.782
-6.92412179199348 0.7819
-6.92404901044624 0.7818
-6.92399189131639 0.7817
-6.92394757174374 0.7816
-6.92389512352863 0.7815
-6.92382857474879 0.7814
-6.92372936340202 0.7813
-6.92361785224089 0.7812
-6.92349030812943 0.7811
-6.92335551382393 0.781
-6.92321404928101 0.7809
-6.92305988810546 0.7808
-6.92285052961434 0.7807
-6.92264439278878 0.7806
-6.92242879832602 0.7805
-6.92216996069122 0.7804
-6.92190941501157 0.7803
-6.92164369867603 0.7802
-6.9213819080461 0.7801
-6.92112259368602 0.78
-6.92087462759196 0.7799
-6.92062670996077 0.7798
-6.92039143916882 0.7797
-6.92017638746088 0.7796
-6.9199775789326 0.7795
-6.91980693496557 0.7794
-6.91967046716239 0.7793
-6.91956762465854 0.7792
-6.91949881634188 0.7791
-6.91946850529567 0.779
-6.91946542816442 0.7789
-6.91946624066996 0.7788
-6.9194736944741 0.7787
-6.91951181309303 0.7786
-6.91957243791074 0.7785
-6.91970982243601 0.7784
-6.91987440852112 0.7783
-6.9200565777682 0.7782
-6.9202758122192 0.7781
-6.92049252201357 0.778
-6.92072217434809 0.7779
-6.92094843097326 0.7778
-6.92117017601465 0.7777
-6.92140906845382 0.7776
-6.92164312497854 0.7775
-6.92188426009536 0.7774
-6.92211467647572 0.7773
-6.92232482811332 0.7772
-6.92250708889278 0.7771
-6.92265876957086 0.777
-6.92278832053048 0.7769
-6.92290385353106 0.7768
-6.92300394782002 0.7767
-6.92309219927147 0.7766
-6.92318492075735 0.7765
-6.9232653802173 0.7764
-6.9233201991941 0.7763
-6.92334006430166 0.7762
-6.92336846229958 0.7761
-6.92339538888327 0.776
-6.923417457518 0.7759
-6.92338869340413 0.7758
-6.92333089407874 0.7757
-6.92326438921943 0.7756
-6.92319532947252 0.7755
-6.92309241747102 0.7754
-6.92295421500407 0.7753
-6.92281454446717 0.7752
-6.9226639947586 0.7751
-6.92250805810246 0.775
-6.9223296892958 0.7749
-6.92214645215882 0.7748
-6.92196153029007 0.7747
-6.92177381168513 0.7746
-6.92158118803014 0.7745
-6.9213749887076 0.7744
-6.92119502733723 0.7743
-6.92100832733189 0.7742
-6.92083384628977 0.7741
-6.9206663801496 0.774
-6.92052200800766 0.7739
-6.92039072616418 0.7738
-6.9202842449489 0.7737
-6.92018944189085 0.7736
-6.92012848130858 0.7735
-6.92006276826278 0.7734
-6.9200405657881 0.7733
-6.92004870659441 0.7732
-6.92010165440288 0.7731
-6.92020480220079 0.773
-6.92034195627853 0.7729
-6.92051440230616 0.7728
-6.92069705091596 0.7727
-6.92088834362941 0.7726
-6.92109101884502 0.7725
-6.92128758549996 0.7724
-6.92149854590784 0.7723
-6.92172360793864 0.7722
-6.92192741176766 0.7721
-6.92210312868447 0.772
-6.92224163066775 0.7719
-6.92236270979848 0.7718
-6.92246755599662 0.7717
-6.92256961333907 0.7716
-6.92265620073244 0.7715
-6.92271798309061 0.7714
-6.92276323625097 0.7713
-6.92278610884332 0.7712
-6.92279247830761 0.7711
-6.92277000733801 0.771
-6.92274109869412 0.7709
-6.92270710849319 0.7708
-6.92265805214536 0.7707
-6.92259784909676 0.7706
-6.92254277525383 0.7705
-6.92248175342996 0.7704
-6.92241032944846 0.7703
-6.92235174270989 0.7702
-6.92228981855965 0.7701
-6.92223495993265 0.77
-6.92221620214318 0.7699
-6.92218124585327 0.7698
-6.92215291146926 0.7697
-6.92216065411815 0.7696
-6.92215806466541 0.7695
-6.92214282520464 0.7694
-6.92212397343001 0.7693
-6.92210836793546 0.7692
-6.92208345572625 0.7691
-6.92206040943086 0.769
-6.9220359583298 0.7689
-6.9220590585127 0.7688
-6.9221001724946 0.7687
-6.92212783657144 0.7686
-6.9221894552179 0.7685
-6.92224163158891 0.7684
-6.92232044704327 0.7683
-6.92240833743609 0.7682
-6.92251952828245 0.7681
-6.92260406778246 0.768
-6.92268840920031 0.7679
-6.92277183010384 0.7678
-6.92284464098226 0.7677
-6.92291641239519 0.7676
-6.92298734578432 0.7675
-6.92304242856268 0.7674
-6.92310115623628 0.7673
-6.92314411908611 0.7672
-6.92317265831107 0.7671
-6.9231884473249 0.767
-6.92321835687609 0.7669
-6.92324063056444 0.7668
-6.92327885178999 0.7667
-6.92331368507563 0.7666
-6.92336036399121 0.7665
-6.92343225583928 0.7664
-6.92351274264904 0.7663
-6.9235859764725 0.7662
-6.92367088932249 0.7661
-6.92375737684287 0.766
-6.9238510650792 0.7659
-6.92395689192856 0.7658
-6.92405424806984 0.7657
-6.92416520114559 0.7656
-6.92425308901451 0.7655
-6.92435609897121 0.7654
-6.92444174881684 0.7653
-6.92452120904018 0.7652
-6.92457996252979 0.7651
-6.92462102163297 0.765
-6.92462061583796 0.7649
-6.92457353674349 0.7648
-6.92451149654941 0.7647
-6.92440284918793 0.7646
-6.92426952252392 0.7645
-6.92412700562997 0.7644
-6.92397068168319 0.7643
-6.92379189071004 0.7642
-6.92361949242844 0.7641
-6.92343461176423 0.764
-6.92327162496551 0.7639
-6.92312789890764 0.7638
-6.92299331370096 0.7637
-6.9228534207241 0.7636
-6.92272394629942 0.7635
-6.9225956726054 0.7634
-6.92250185527881 0.7633
-6.92239511202724 0.7632
-6.92230643119324 0.7631
-6.92221743071782 0.763
-6.92215189512233 0.7629
-6.92208436103695 0.7628
-6.92203276269074 0.7627
-6.92199639495844 0.7626
-6.92197498421833 0.7625
-6.92197078601077 0.7624
-6.92198722503166 0.7623
-6.92203028003143 0.7622
-6.92205844643451 0.7621
-6.92206742906835 0.762
-6.92208165153479 0.7619
-6.92209640445923 0.7618
-6.92210213987018 0.7617
-6.92211976665087 0.7616
-6.92213310995044 0.7615
-6.92215461255574 0.7614
-6.92217885351368 0.7613
-6.92220178258499 0.7612
-6.92222970684448 0.7611
-6.92223471105525 0.761
-6.92224832379785 0.7609
-6.92225555135705 0.7608
-6.92227140045829 0.7607
-6.92228074917596 0.7606
-6.92229298485348 0.7605
-6.92233656427399 0.7604
-6.92239549601776 0.7603
-6.92244875809322 0.7602
-6.92249719087468 0.7601
-6.9225501338551 0.76
-6.92259679706931 0.7599
-6.92264107503891 0.7598
-6.92267455897339 0.7597
-6.92271249627366 0.7596
-6.92275358488103 0.7595
-6.92278398068126 0.7594
-6.92281551859283 0.7593
-6.92285344045897 0.7592
-6.922863056923 0.7591
-6.9228969224318 0.759
-6.92292395554961 0.7589
-6.92294253602421 0.7588
-6.92295175821474 0.7587
-6.9229332137307 0.7586
-6.92289260582646 0.7585
-6.92282325334673 0.7584
-6.92273376336084 0.7583
-6.92262573298429 0.7582
-6.92252367269574 0.7581
-6.92241558963943 0.758
-6.92229575814176 0.7579
-6.92216961500198 0.7578
-6.92205921217939 0.7577
-6.92194649884885 0.7576
-6.92186643675778 0.7575
-6.92179274037647 0.7574
-6.92172345530805 0.7573
-6.92164217033851 0.7572
-6.92154820429209 0.7571
-6.92146924903309 0.757
-6.9214024678137 0.7569
-6.92134794136662 0.7568
-6.92128870920344 0.7567
-6.92124584515355 0.7566
-6.92120427501277 0.7565
-6.92116118857497 0.7564
-6.92111027518846 0.7563
-6.92105025037381 0.7562
-6.92101492369259 0.7561
-6.92098680780294 0.756
-6.92097664299519 0.7559
-6.92098244872338 0.7558
-6.92098415307792 0.7557
-6.9209948389718 0.7556
-6.92101150023342 0.7555
-6.92104092884983 0.7554
-6.92105569137516 0.7553
-6.9211131312164 0.7552
-6.92119849279624 0.7551
-6.92127977098145 0.755
-6.92137819190683 0.7549
-6.92147791558528 0.7548
-6.92155716890951 0.7547
-6.92164426618395 0.7546
-6.92174214473881 0.7545
-6.92184078554004 0.7544
-6.92195775192027 0.7543
-6.92210014187522 0.7542
-6.92226995796328 0.7541
-6.92241482243935 0.754
-6.92256930716695 0.7539
-6.92270460888267 0.7538
-6.92286024226108 0.7537
-6.92300689718713 0.7536
-6.92313280178521 0.7535
-6.92325404884377 0.7534
-6.92338128494696 0.7533
-6.92352377759303 0.7532
-6.92366879154573 0.7531
-6.92382132842559 0.753
-6.92395915968838 0.7529
-6.92408865165755 0.7528
-6.92423174056789 0.7527
-6.92436165106665 0.7526
-6.92448577246173 0.7525
-6.9246233012271 0.7524
-6.92475659724648 0.7523
-6.92487299663221 0.7522
-6.92498633617164 0.7521
-6.92510400927344 0.752
-6.92523009121349 0.7519
-6.92535871722001 0.7518
-6.92548434573217 0.7517
-6.92561305249273 0.7516
-6.92573984340075 0.7515
-6.92585750371415 0.7514
-6.92597567021576 0.7513
-6.92610131755363 0.7512
-6.92624697477624 0.7511
-6.92639923471998 0.751
-6.9265299063355 0.7509
-6.92664250384751 0.7508
-6.92675355633623 0.7507
-6.92686230249312 0.7506
-6.92696482244587 0.7505
-6.92703178143129 0.7504
-6.92710563822628 0.7503
-6.92716354058008 0.7502
-6.92724158160937 0.7501
-6.92729341611796 0.75
-6.92732358472316 0.7499
-6.92735563912407 0.7498
-6.92738579737235 0.7497
-6.92741038467149 0.7496
-6.92746440051985 0.7495
-6.9275296127299 0.7494
-6.92759462160797 0.7493
-6.92766731222164 0.7492
-6.9277368143477 0.7491
-6.92780597764209 0.749
-6.92787163165167 0.7489
-6.92794653745573 0.7488
-6.9280350167319 0.7487
-6.92815763916254 0.7486
-6.92832417653631 0.7485
-6.92850292343137 0.7484
-6.92867811149509 0.7483
-6.92886198829218 0.7482
-6.92906127366898 0.7481
-6.92926159107575 0.748
-6.9294988132803 0.7479
-6.92974073477496 0.7478
-6.92999884240689 0.7477
-6.93027733322118 0.7476
-6.93057562279954 0.7475
-6.93086211378993 0.7474
-6.93112496159194 0.7473
-6.93135111936118 0.7472
-6.93155308516191 0.7471
-6.9317543633857 0.747
-6.93192003035939 0.7469
-6.93205768051183 0.7468
-6.93216903866903 0.7467
-6.93225010087742 0.7466
-6.93231614371244 0.7465
-6.93235133828885 0.7464
-6.93238063882873 0.7463
-6.9323952629513 0.7462
-6.9323855824425 0.7461
-6.93236156470872 0.746
-6.93232944387741 0.7459
-6.93227620727574 0.7458
-6.93222797060993 0.7457
-6.93215327102238 0.7456
-6.93207175974395 0.7455
-6.93200623595839 0.7454
-6.93195017712452 0.7453
-6.93190115684342 0.7452
-6.93182834748909 0.7451
-6.93174619313237 0.745
-6.93166562985666 0.7449
-6.9315734238688 0.7448
-6.93147777179608 0.7447
-6.93139033579638 0.7446
-6.93132951104532 0.7445
-6.93126419478546 0.7444
-6.93120537666197 0.7443
-6.93111841959675 0.7442
-6.93107081791165 0.7441
-6.93102708502459 0.744
-6.93099807285264 0.7439
-6.93099168948618 0.7438
-6.93098983586079 0.7437
-6.93099535903688 0.7436
-6.931028226948 0.7435
-6.93106346187204 0.7434
-6.93109701792722 0.7433
-6.93116525203496 0.7432
-6.93121587657664 0.7431
-6.9312600464532 0.743
-6.93130654151186 0.7429
-6.93134512354604 0.7428
-6.93137479112054 0.7427
-6.93141539782866 0.7426
-6.93144729810998 0.7425
-6.93147149392315 0.7424
-6.93145722195131 0.7423
-6.93143636608739 0.7422
-6.93140194282782 0.7421
-6.93137922749303 0.742
-6.93135423004355 0.7419
-6.9313335850725 0.7418
-6.93128367731959 0.7417
-6.93121605754846 0.7416
-6.93116266436362 0.7415
-6.93109832691216 0.7414
-6.93103390931059 0.7413
-6.93096554983229 0.7412
-6.93088548785587 0.7411
-6.93079679069045 0.741
-6.93068701858529 0.7409
-6.93057465723822 0.7408
-6.93046385282898 0.7407
-6.93033993456344 0.7406
-6.93025025684093 0.7405
-6.93019716196872 0.7404
-6.93016521979616 0.7403
-6.93011747758809 0.7402
-6.93005791419013 0.7401
-6.92999590618356 0.74
-6.92994213542588 0.7399
-6.92993999865969 0.7398
-6.9299235732238 0.7397
-6.92991084277998 0.7396
-6.9299156139189 0.7395
-6.92991561651158 0.7394
-6.92990818436247 0.7393
-6.92988734119748 0.7392
-6.9298543923989 0.7391
-6.92980676912358 0.739
-6.92976258231893 0.7389
-6.92970212612806 0.7388
-6.92965408291726 0.7387
-6.92957221117353 0.7386
-6.92948534815109 0.7385
-6.92938785141714 0.7384
-6.92929316926884 0.7383
-6.92918131971208 0.7382
-6.92904932374387 0.7381
-6.9288992865229 0.738
-6.92874688753696 0.7379
-6.92860750975935 0.7378
-6.92846017572783 0.7377
-6.92831999147837 0.7376
-6.92822358348733 0.7375
-6.92813189416956 0.7374
-6.92805399300813 0.7373
-6.92801220671107 0.7372
-6.9279780776584 0.7371
-6.92795380951821 0.737
-6.92793074778915 0.7369
-6.92792640229246 0.7368
-6.92795564882655 0.7367
-6.92799749232518 0.7366
-6.92805659806604 0.7365
-6.92813002951743 0.7364
-6.9282194735393 0.7363
-6.92834295146897 0.7362
-6.92847646715702 0.7361
-6.92857997638439 0.736
-6.92867193645072 0.7359
-6.9287616708623 0.7358
-6.92884709260135 0.7357
-6.92894580298931 0.7356
-6.92904306579836 0.7355
-6.929129802841 0.7354
-6.92920436222121 0.7353
-6.92928431427847 0.7352
-6.92935587687179 0.7351
-6.92941511148388 0.735
-6.92946265099295 0.7349
-6.92947649023862 0.7348
-6.92948236627529 0.7347
-6.92949027056948 0.7346
-6.92949182497892 0.7345
-6.92949865127759 0.7344
-6.92949482464405 0.7343
-6.92949759848796 0.7342
-6.92948252014277 0.7341
-6.92946923679921 0.734
-6.92946435984628 0.7339
-6.92944577459256 0.7338
-6.92943387903183 0.7337
-6.92939731485534 0.7336
-6.92933117868852 0.7335
-6.92924014628992 0.7334
-6.9291309391963 0.7333
-6.92905704733693 0.7332
-6.92898635391049 0.7331
-6.92890316023589 0.733
-6.92885043645241 0.7329
-6.92882675587089 0.7328
-6.92881619050112 0.7327
-6.92880258136151 0.7326
-6.92880363755518 0.7325
-6.92880072696173 0.7324
-6.92879911996492 0.7323
-6.92880058045217 0.7322
-6.92879459507699 0.7321
-6.92879016866094 0.732
-6.92879722199344 0.7319
-6.9288357720928 0.7318
-6.92890118519744 0.7317
-6.92897699834239 0.7316
-6.92903278953273 0.7315
-6.92908755867604 0.7314
-6.92914257064275 0.7313
-6.92920623268359 0.7312
-6.92925834911725 0.7311
-6.92931313551794 0.731
-6.92937530573312 0.7309
-6.92944081370245 0.7308
-6.9295096381094 0.7307
-6.92956132990202 0.7306
-6.92960168730219 0.7305
-6.9296525776629 0.7304
-6.92968894455839 0.7303
-6.92972331771903 0.7302
-6.92974796283683 0.7301
-6.92977740602322 0.73
-6.92979075252021 0.7299
-6.92977902608564 0.7298
-6.92977372571142 0.7297
-6.92976285917677 0.7296
-6.92975965854098 0.7295
-6.92975838205384 0.7294
-6.92974666672077 0.7293
-6.92974580832366 0.7292
-6.92971379473431 0.7291
-6.92966978255156 0.729
-6.92963241952187 0.7289
-6.92957596720202 0.7288
-6.92953496204541 0.7287
-6.92949455991277 0.7286
-6.92946858123563 0.7285
-6.92945591938904 0.7284
-6.92945868232378 0.7283
-6.9294745395298 0.7282
-6.92950977229315 0.7281
-6.92959394958038 0.728
-6.92969935735813 0.7279
-6.92982044566909 0.7278
-6.92994356414066 0.7277
-6.93007177234759 0.7276
-6.93019459344678 0.7275
-6.9303236847159 0.7274
-6.9304372357272 0.7273
-6.93056119802756 0.7272
-6.93065872914695 0.7271
-6.93073093186564 0.727
-6.93078878068944 0.7269
-6.93083607820647 0.7268
-6.93089483882347 0.7267
-6.93094359538553 0.7266
-6.93099392431214 0.7265
-6.93104545065064 0.7264
-6.93107482232606 0.7263
-6.93109485516684 0.7262
-6.93112494553463 0.7261
-6.93115108632933 0.726
-6.93115870488451 0.7259
-6.93114535536775 0.7258
-6.93112533727333 0.7257
-6.93110571883513 0.7256
-6.93107937323069 0.7255
-6.93101404094307 0.7254
-6.93096700069163 0.7253
-6.93094132599912 0.7252
-6.93088943540702 0.7251
-6.93082559478504 0.725
-6.93077639513271 0.7249
-6.93070507848659 0.7248
-6.93063561003347 0.7247
-6.93056450097367 0.7246
-6.93050679125867 0.7245
-6.93045200187161 0.7244
-6.93040609301782 0.7243
-6.93039206774286 0.7242
-6.93038593506712 0.7241
-6.93037573149059 0.724
-6.93038425028902 0.7239
-6.93042779228194 0.7238
-6.9305001874694 0.7237
-6.93059876608148 0.7236
-6.9307213758019 0.7235
-6.930863918867 0.7234
-6.93101895703495 0.7233
-6.93116923071182 0.7232
-6.93133330059618 0.7231
-6.93150057024849 0.723
-6.93166862597729 0.7229
-6.93182055726179 0.7228
-6.93194672668391 0.7227
-6.93208840188054 0.7226
-6.93220904058954 0.7225
-6.93232856380605 0.7224
-6.9324128778661 0.7223
-6.93247389098695 0.7222
-6.93251117538148 0.7221
-6.93253742455501 0.722
-6.93255107693705 0.7219
-6.93256983307054 0.7218
-6.93257123236353 0.7217
-6.93258370921098 0.7216
-6.93262036748834 0.7215
-6.93263720092529 0.7214
-6.93266078767364 0.7213
-6.932685938746 0.7212
-6.93271801545817 0.7211
-6.93277030437272 0.721
-6.93283308463856 0.7209
-6.93286912150755 0.7208
-6.93292480822981 0.7207
-6.93299831471793 0.7206
-6.93307025771723 0.7205
-6.93315611154648 0.7204
-6.93326449280936 0.7203
-6.93338405083645 0.7202
-6.93348249386378 0.7201
-6.93359105645148 0.72
-6.9336914652485 0.7199
-6.93381814869503 0.7198
-6.93396786926577 0.7197
-6.93410655376611 0.7196
-6.93426278360101 0.7195
-6.93441694206041 0.7194
-6.9345561127645 0.7193
-6.93469361502306 0.7192
-6.93482373481665 0.7191
-6.9349177885005 0.719
-6.93499282408494 0.7189
-6.93505567987636 0.7188
-6.93512870192834 0.7187
-6.93518989742818 0.7186
-6.9352233109982 0.7185
-6.93524074462339 0.7184
-6.93525875348156 0.7183
-6.9352839743539 0.7182
-6.9353085934977 0.7181
-6.93533034780644 0.718
-6.93534888322234 0.7179
-6.93535902237988 0.7178
-6.9353858878601 0.7177
-6.93541901375667 0.7176
-6.93542557282462 0.7175
-6.93543750468761 0.7174
-6.93547204746732 0.7173
-6.93550617590049 0.7172
-6.93552553989044 0.7171
-6.93554924519887 0.717
-6.93557158992274 0.7169
-6.93559027345887 0.7168
-6.93562167947523 0.7167
-6.93563456815919 0.7166
-6.93562264487113 0.7165
-6.93564133117059 0.7164
-6.93567135158913 0.7163
-6.93569318312876 0.7162
-6.9357007180098 0.7161
-6.93569080194349 0.716
-6.93569828672518 0.7159
-6.93569911134418 0.7158
-6.93571562123028 0.7157
-6.93574138816816 0.7156
-6.93577169684156 0.7155
-6.93579443342012 0.7154
-6.93581194828355 0.7153
-6.93584067497089 0.7152
-6.93586363635653 0.7151
-6.93587707351546 0.715
-6.93588523163612 0.7149
-6.93587527879491 0.7148
-6.93590787822867 0.7147
-6.93595591314786 0.7146
-6.93603033414344 0.7145
-6.93609033614472 0.7144
-6.93615960263248 0.7143
-6.93622110331903 0.7142
-6.93629089845847 0.7141
-6.93633477306854 0.714
-6.9363767581765 0.7139
-6.93644448726857 0.7138
-6.93649652270328 0.7137
-6.93655382624288 0.7136
-6.93661778355306 0.7135
-6.93667953860427 0.7134
-6.9367551417636 0.7133
-6.93682831726923 0.7132
-6.93691320067708 0.7131
-6.93698472610556 0.713
-6.93704957528787 0.7129
-6.93710293710707 0.7128
-6.93712482816277 0.7127
-6.93716393712808 0.7126
-6.93719786910651 0.7125
-6.93721572001244 0.7124
-6.93722269834884 0.7123
-6.93723214177995 0.7122
-6.93723107494557 0.7121
-6.93723013305069 0.712
-6.93722837150757 0.7119
-6.93722089912175 0.7118
-6.93719487954696 0.7117
-6.9371927819418 0.7116
-6.93717696689283 0.7115
-6.9371518991845 0.7114
-6.93708991874772 0.7113
-6.93704400918553 0.7112
-6.93697117621724 0.7111
-6.9369134487311 0.711
-6.93686414723095 0.7109
-6.93682905368067 0.7108
-6.93676703296684 0.7107
-6.93670486447349 0.7106
-6.93665976804697 0.7105
-6.93662173351733 0.7104
-6.93660388316344 0.7103
-6.93661292527941 0.7102
-6.93664931618095 0.7101
-6.93666832186914 0.71
-6.93668455291713 0.7099
-6.93672421290386 0.7098
-6.93679761770125 0.7097
-6.93687859501803 0.7096
-6.93696678666779 0.7095
-6.93705350807855 0.7094
-6.93715985777301 0.7093
-6.9372642811826 0.7092
-6.93736986866259 0.7091
-6.93746398075429 0.709
-6.93756391563755 0.7089
-6.93765973784781 0.7088
-6.93775136329418 0.7087
-6.93784731509098 0.7086
-6.93793760374476 0.7085
-6.93802366565533 0.7084
-6.93811829039617 0.7083
-6.93821931808437 0.7082
-6.93830383909712 0.7081
-6.93837482286381 0.708
-6.93843241883662 0.7079
-6.93847735446493 0.7078
-6.93849643812241 0.7077
-6.93850575417485 0.7076
-6.93851297485655 0.7075
-6.93852201500032 0.7074
-6.9385148021979 0.7073
-6.93852188413277 0.7072
-6.9385218023231 0.7071
-6.9385173640649 0.707
-6.93853633693863 0.7069
-6.9385334185933 0.7068
-6.93851061414679 0.7067
-6.9384653970995 0.7066
-6.93842961743535 0.7065
-6.93838375641571 0.7064
-6.93834191575461 0.7063
-6.93831521378056 0.7062
-6.93828583622262 0.7061
-6.93825313175273 0.706
-6.93822705895682 0.7059
-6.93821663147764 0.7058
-6.93820233689802 0.7057
-6.93818983680188 0.7056
-6.93817361269515 0.7055
-6.93816548854332 0.7054
-6.93817580391288 0.7053
-6.93818811512208 0.7052
-6.93821369327984 0.7051
-6.938251235027 0.705
-6.9382846706826 0.7049
-6.93832100399542 0.7048
-6.93834959733291 0.7047
-6.93837843369043 0.7046
-6.93841430578777 0.7045
-6.93847679135048 0.7044
-6.93856948942105 0.7043
-6.93868603672329 0.7042
-6.93881989071331 0.7041
-6.93898021214226 0.704
-6.93915369655263 0.7039
-6.93935463660741 0.7038
-6.93952312863319 0.7037
-6.93969409919714 0.7036
-6.93987250070922 0.7035
-6.94005467431647 0.7034
-6.94021137156254 0.7033
-6.94036846776454 0.7032
-6.94049573688345 0.7031
-6.94060434454429 0.703
-6.94069099981834 0.7029
-6.94077798391258 0.7028
-6.94086838232176 0.7027
-6.94094257721352 0.7026
-6.94101467224097 0.7025
-6.9410867628888 0.7024
-6.94113510548357 0.7023
-6.94116721466676 0.7022
-6.94116839154739 0.7021
-6.94115699873094 0.702
-6.94112894950503 0.7019
-6.94108612479262 0.7018
-6.94104472472437 0.7017
-6.94098631472101 0.7016
-6.94093176842306 0.7015
-6.94088264586329 0.7014
-6.94081823111797 0.7013
-6.94077404081474 0.7012
-6.94073901639999 0.7011
-6.94072700671332 0.701
-6.94072763326665 0.7009
-6.94074120713216 0.7008
-6.94077691848529 0.7007
-6.94082436728198 0.7006
-6.94088139158608 0.7005
-6.94090928191188 0.7004
-6.94093889265655 0.7003
-6.94097630632132 0.7002
-6.9409968967866 0.7001
-6.94101859806291 0.7
-6.94103078287835 0.6999
-6.94104113953536 0.6998
-6.94104416982186 0.6997
-6.94105001377582 0.6996
-6.941035467401 0.6995
-6.9410184819583 0.6994
-6.94100248689307 0.6993
-6.94093825985717 0.6992
-6.94085221736061 0.6991
-6.94076907143688 0.699
-6.94065411498003 0.6989
-6.94051631767758 0.6988
-6.9403762894297 0.6987
-6.94022905816051 0.6986
-6.9400989943697 0.6985
-6.93995864428245 0.6984
-6.93980850813428 0.6983
-6.93964255695645 0.6982
-6.93949318504063 0.6981
-6.93933770905211 0.698
-6.93918740627204 0.6979
-6.93903593980296 0.6978
-6.9388850849123 0.6977
-6.93873054122617 0.6976
-6.93858257904356 0.6975
-6.93842937453951 0.6974
-6.93830277200673 0.6973
-6.93819453114764 0.6972
-6.93808720013396 0.6971
-6.93798649264939 0.697
-6.93789569672738 0.6969
-6.93782016953826 0.6968
-6.93777847434917 0.6967
-6.93774520849207 0.6966
-6.93772794536668 0.6965
-6.93772717525795 0.6964
-6.93774326898443 0.6963
-6.93777129221283 0.6962
-6.93781584085782 0.6961
-6.93787009284572 0.696
-6.93793721772734 0.6959
-6.93801407424571 0.6958
-6.9380826704693 0.6957
-6.93812085224779 0.6956
-6.93816218433745 0.6955
-6.93819203285758 0.6954
-6.93823489990319 0.6953
-6.93830944165197 0.6952
-6.93838879527772 0.6951
-6.9384783895528 0.695
-6.9385426729308 0.6949
-6.93861463894723 0.6948
-6.93867813500397 0.6947
-6.93874401841236 0.6946
-6.93880843356165 0.6945
-6.93888323339161 0.6944
-6.93896486316162 0.6943
-6.93904762388326 0.6942
-6.93912854319096 0.6941
-6.93922033266689 0.694
-6.93929848723279 0.6939
-6.9393466397638 0.6938
-6.93939877027884 0.6937
-6.93944897474023 0.6936
-6.93949272054663 0.6935
-6.93950531935867 0.6934
-6.93950273203937 0.6933
-6.93952309494311 0.6932
-6.93953469059634 0.6931
-6.93956854252537 0.693
-6.93960357920092 0.6929
-6.93961141870041 0.6928
-6.93959376502049 0.6927
-6.939555261022 0.6926
-6.93950523740806 0.6925
-6.93946706688891 0.6924
-6.93943669788415 0.6923
-6.93939316143277 0.6922
-6.93936276867792 0.6921
-6.93934582178357 0.692
-6.93933335635926 0.6919
-6.93932468261813 0.6918
-6.93932667888432 0.6917
-6.93933981422222 0.6916
-6.93935068162666 0.6915
-6.93937302200635 0.6914
-6.93938632384659 0.6913
-6.93939697250673 0.6912
-6.93940806667995 0.6911
-6.93942726777212 0.691
-6.93944631435889 0.6909
-6.93947455666703 0.6908
-6.93951172313855 0.6907
-6.93957836054322 0.6906
-6.93966350700695 0.6905
-6.93977649107254 0.6904
-6.93990999021702 0.6903
-6.94004066772304 0.6902
-6.9401780819799 0.6901
-6.94031941842879 0.69
-6.94047406621888 0.6899
-6.94061275519204 0.6898
-6.94072580234366 0.6897
-6.9408474545737 0.6896
-6.94095741930712 0.6895
-6.94105519278234 0.6894
-6.94114483537085 0.6893
-6.94125000199778 0.6892
-6.94132649243117 0.6891
-6.94136239137054 0.689
-6.94138893256226 0.6889
-6.94141430177135 0.6888
-6.94140703874001 0.6887
-6.94139173873317 0.6886
-6.94137787964746 0.6885
-6.94133366124624 0.6884
-6.94128951888344 0.6883
-6.94124615391614 0.6882
-6.94120174482042 0.6881
-6.94115979909385 0.688
-6.94112903669696 0.6879
-6.94109877454486 0.6878
-6.9410675432323 0.6877
-6.94101858494541 0.6876
-6.94095718065877 0.6875
-6.9408988259958 0.6874
-6.94082902533723 0.6873
-6.94077975856978 0.6872
-6.94075507265578 0.6871
-6.94076280005288 0.687
-6.94075983259186 0.6869
-6.94076166018228 0.6868
-6.94076163391804 0.6867
-6.94078215994462 0.6866
-6.94080275979203 0.6865
-6.94082753417229 0.6864
-6.94083023519311 0.6863
-6.94084101518954 0.6862
-6.94086723925797 0.6861
-6.94089489209161 0.686
-6.94090782950896 0.6859
-6.94090537090934 0.6858
-6.94088497346025 0.6857
-6.94087948927635 0.6856
-6.94086575626477 0.6855
-6.94082939748912 0.6854
-6.94078011019814 0.6853
-6.94073426611978 0.6852
-6.94070596915095 0.6851
-6.94065747287022 0.685
-6.94061179224547 0.6849
-6.9405851611416 0.6848
-6.94055177526093 0.6847
-6.94048818100029 0.6846
-6.94042263747056 0.6845
-6.9403515577452 0.6844
-6.94029241619467 0.6843
-6.94023015845975 0.6842
-6.94016223902083 0.6841
-6.94007798887478 0.684
-6.93999352818641 0.6839
-6.9399096005457 0.6838
-6.93985277890136 0.6837
-6.93981156202719 0.6836
-6.93979546037789 0.6835
-6.93979614997556 0.6834
-6.93978917565372 0.6833
-6.93978333835716 0.6832
-6.93978436283395 0.6831
-6.93979749932697 0.683
-6.9398379467856 0.6829
-6.93987021549853 0.6828
-6.93991555033638 0.6827
-6.93997412902929 0.6826
-6.94001259368338 0.6825
-6.94004759331222 0.6824
-6.94006798304805 0.6823
-6.94010443148623 0.6822
-6.94015828427914 0.6821
-6.94021658693439 0.682
-6.94027479099749 0.6819
-6.94032368965842 0.6818
-6.94039868222794 0.6817
-6.94045866483171 0.6816
-6.94049490168817 0.6815
-6.94052218867233 0.6814
-6.94050963736692 0.6813
-6.94048384736198 0.6812
-6.94045238219968 0.6811
-6.94039819328735 0.681
-6.94034862953572 0.6809
-6.94029851418964 0.6808
-6.94025398205245 0.6807
-6.9402101838118 0.6806
-6.94018463573546 0.6805
-6.94014323476734 0.6804
-6.94009671555068 0.6803
-6.94004081092576 0.6802
-6.93996169004266 0.6801
-6.93988133171431 0.68
-6.9397967068135 0.6799
-6.93971838897989 0.6798
-6.93964014576768 0.6797
-6.9395494392632 0.6796
-6.93945444997297 0.6795
-6.93935134706625 0.6794
-6.93925301469771 0.6793
-6.93917121475159 0.6792
-6.93909500073213 0.6791
-6.93903284914544 0.679
-6.93896989829246 0.6789
-6.9389037012836 0.6788
-6.93883973444429 0.6787
-6.93877942733485 0.6786
-6.93871905763726 0.6785
-6.93868659363939 0.6784
-6.93868441514167 0.6783
-6.93872541241764 0.6782
-6.93879552406785 0.6781
-6.93888437832416 0.678
-6.93896926070789 0.6779
-6.93908257957222 0.6778
-6.93923658721684 0.6777
-6.93937015279425 0.6776
-6.93951416917095 0.6775
-6.93964726059555 0.6774
-6.93975045935332 0.6773
-6.93982262933506 0.6772
-6.9398948917739 0.6771
-6.93996753646442 0.677
-6.94001402440249 0.6769
-6.94004476502223 0.6768
-6.94008134007191 0.6767
-6.94010997401503 0.6766
-6.94010574977271 0.6765
-6.94007611248853 0.6764
-6.94005527665188 0.6763
-6.94002606761902 0.6762
-6.94001807231615 0.6761
-6.93999616738777 0.676
-6.93999130875043 0.6759
-6.93997713474308 0.6758
-6.93995467742605 0.6757
-6.9399449547871 0.6756
-6.93991779760694 0.6755
-6.93991829679064 0.6754
-6.93991500702134 0.6753
-6.93990097266522 0.6752
-6.93988433018987 0.6751
-6.93988100915652 0.675
-6.93990629584199 0.6749
-6.93994019781222 0.6748
-6.93998624128729 0.6747
-6.94005067130347 0.6746
-6.94015046459002 0.6745
-6.94026787520325 0.6744
-6.9403931758797 0.6743
-6.94052501952142 0.6742
-6.94066790291879 0.6741
-6.94082085757371 0.674
-6.94099118679639 0.6739
-6.94115631754037 0.6738
-6.94133519338369 0.6737
-6.94150621426612 0.6736
-6.94165661630867 0.6735
-6.94181786956033 0.6734
-6.94197291950172 0.6733
-6.94215757303199 0.6732
-6.94234808663759 0.6731
-6.94253353945177 0.673
-6.94270220545488 0.6729
-6.94286059904142 0.6728
-6.9430164891269 0.6727
-6.94317374199449 0.6726
-6.94332390245102 0.6725
-6.94347313920762 0.6724
-6.94361608564325 0.6723
-6.94374786923011 0.6722
-6.94383195086804 0.6721
-6.94388562549116 0.672
-6.94391836131371 0.6719
-6.94393429102463 0.6718
-6.9439195695853 0.6717
-6.94386980080046 0.6716
-6.94381278297252 0.6715
-6.94374653641829 0.6714
-6.94366470047646 0.6713
-6.94358822570791 0.6712
-6.94349853992441 0.6711
-6.94339822751076 0.671
-6.94328752037445 0.6709
-6.94316892215579 0.6708
-6.94305022822281 0.6707
-6.94294910040915 0.6706
-6.94285219166503 0.6705
-6.9427759650066 0.6704
-6.94270209513441 0.6703
-6.94264670444396 0.6702
-6.94261757334151 0.6701
-6.942578431389 0.67
-6.94254876647425 0.6699
-6.94255372744403 0.6698
-6.94257943097048 0.6697
-6.9426171818997 0.6696
-6.94267776668023 0.6695
-6.94276594131081 0.6694
-6.9428869778418 0.6693
-6.94302217493099 0.6692
-6.94316325969588 0.6691
-6.9432868267241 0.669
-6.94341518852065 0.6689
-6.94354540541572 0.6688
-6.94368957126189 0.6687
-6.94383834983156 0.6686
-6.94398627251611 0.6685
-6.94414090830026 0.6684
-6.94432845861289 0.6683
-6.94453164277962 0.6682
-6.9447297484615 0.6681
-6.94492656951133 0.668
-6.94513118180338 0.6679
-6.94533469878752 0.6678
-6.9455125368322 0.6677
-6.94567508931434 0.6676
-6.94583212678016 0.6675
-6.94599396565286 0.6674
-6.94615006711896 0.6673
-6.94627418006413 0.6672
-6.94636225601907 0.6671
-6.94644377939703 0.667
-6.94650386119237 0.6669
-6.94656462035999 0.6668
-6.94660128957679 0.6667
-6.94663195223057 0.6666
-6.94664322085007 0.6665
-6.94662718280554 0.6664
-6.94660978973939 0.6663
-6.94657745540639 0.6662
-6.94654863795287 0.6661
-6.94649830292601 0.666
-6.9464557720192 0.6659
-6.94642442985081 0.6658
-6.94639297870286 0.6657
-6.94636925371745 0.6656
-6.94634671720524 0.6655
-6.94633526192953 0.6654
-6.94635324645981 0.6653
-6.94637760338418 0.6652
-6.94638044413809 0.6651
-6.94640921144702 0.665
-6.9464412755062 0.6649
-6.94650390365634 0.6648
-6.94659861618965 0.6647
-6.94671116759736 0.6646
-6.94682358348556 0.6645
-6.94693425105268 0.6644
-6.9470386185622 0.6643
-6.94715075537683 0.6642
-6.94724781534575 0.6641
-6.9473676006992 0.664
-6.94749394729128 0.6639
-6.94762737763962 0.6638
-6.947767254729 0.6637
-6.94790563769887 0.6636
-6.94805861716813 0.6635
-6.94820159886613 0.6634
-6.94833685529742 0.6633
-6.94846201194455 0.6632
-6.94857618941293 0.6631
-6.94867356155782 0.663
-6.94872617839357 0.6629
-6.94874854289906 0.6628
-6.94872531192911 0.6627
-6.94867818711383 0.6626
-6.94863105083826 0.6625
-6.94854964384432 0.6624
-6.94844634826467 0.6623
-6.94834077741349 0.6622
-6.94823165850161 0.6621
-6.94809242714505 0.662
-6.94793133815361 0.6619
-6.9477450857727 0.6618
-6.94754120780856 0.6617
-6.94733462463913 0.6616
-6.94711332348795 0.6615
-6.9468733453393 0.6614
-6.94663779221204 0.6613
-6.94642008242321 0.6612
-6.94622180672487 0.6611
-6.94604073925027 0.661
-6.94587431113979 0.6609
-6.94571846656669 0.6608
-6.94558122938112 0.6607
-6.94547981229345 0.6606
-6.94538289139879 0.6605
-6.94531106301744 0.6604
-6.94524414783781 0.6603
-6.9451797177384 0.6602
-6.94511812703748 0.6601
-6.94508609624093 0.66
-6.94508539396547 0.6599
-6.94510024652679 0.6598
-6.94513411586774 0.6597
-6.94519548877154 0.6596
-6.94526780306475 0.6595
-6.9453775105343 0.6594
-6.94550910082967 0.6593
-6.9456309222217 0.6592
-6.94577101753714 0.6591
-6.94591879829328 0.659
-6.94607980649276 0.6589
-6.94621993587795 0.6588
-6.94631878263229 0.6587
-6.94640134865122 0.6586
-6.94647958279757 0.6585
-6.94654176476608 0.6584
-6.94657270533565 0.6583
-6.94661084546873 0.6582
-6.94663690228298 0.6581
-6.94665148244614 0.658
-6.94665362673131 0.6579
-6.9466657230958 0.6578
-6.94668689732833 0.6577
-6.94670687381224 0.6576
-6.9467239835024 0.6575
-6.94673223860111 0.6574
-6.94674320362997 0.6573
-6.9467393469933 0.6572
-6.9467465749941 0.6571
-6.94674626222794 0.657
-6.94678646470863 0.6569
-6.94684502687454 0.6568
-6.94688988553423 0.6567
-6.94694705023627 0.6566
-6.94699715838464 0.6565
-6.94704905727093 0.6564
-6.94712298298314 0.6563
-6.94720745634065 0.6562
-6.94731217033735 0.6561
-6.94742232659794 0.656
-6.94753929046731 0.6559
-6.94765453328894 0.6558
-6.94777145730301 0.6557
-6.94790982217827 0.6556
-6.9480500388109 0.6555
-6.94819504375638 0.6554
-6.9483119318792 0.6553
-6.94841854136082 0.6552
-6.94850640083682 0.6551
-6.9485555543014 0.655
-6.94859068718992 0.6549
-6.94859712862436 0.6548
-6.94859523633473 0.6547
-6.94856482637845 0.6546
-6.94853629167651 0.6545
-6.94851517191878 0.6544
-6.94849364302333 0.6543
-6.9484543782802 0.6542
-6.94841610365105 0.6541
-6.9483761005703 0.654
-6.94833230975288 0.6539
-6.94826010411365 0.6538
-6.9481950681694 0.6537
-6.9481545027395 0.6536
-6.94812709089047 0.6535
-6.9480925639203 0.6534
-6.94808614028692 0.6533
-6.94809205227103 0.6532
-6.94809529411851 0.6531
-6.94810736860585 0.653
-6.9481347714373 0.6529
-6.94816061751575 0.6528
-6.94819998116691 0.6527
-6.94824135805649 0.6526
-6.94829877971531 0.6525
-6.94835104217647 0.6524
-6.94842913628872 0.6523
-6.94848645629362 0.6522
-6.94854089347211 0.6521
-6.94859966023799 0.652
-6.94863466467279 0.6519
-6.94864422570285 0.6518
-6.94864227795 0.6517
-6.94862603227196 0.6516
-6.94857636794511 0.6515
-6.94852900464108 0.6514
-6.94845652443354 0.6513
-6.9483977180249 0.6512
-6.94830478849421 0.6511
-6.9481998278535 0.651
-6.9480940318546 0.6509
-6.94796097287486 0.6508
-6.94781898009364 0.6507
-6.94769131599598 0.6506
-6.94753789386601 0.6505
-6.9473691827324 0.6504
-6.94721471905742 0.6503
-6.94706291993299 0.6502
-6.94690248755024 0.6501
-6.94674662468098 0.65
-6.94660051923897 0.6499
-6.94644667981073 0.6498
-6.94629389510807 0.6497
-6.94615067653359 0.6496
-6.94602721970156 0.6495
-6.94592915449121 0.6494
-6.9458701296767 0.6493
-6.94584390901001 0.6492
-6.94585734456737 0.6491
-6.94588916019824 0.649
-6.94592127339548 0.6489
-6.94598343795322 0.6488
-6.94604262671172 0.6487
-6.94613669033552 0.6486
-6.94622978504811 0.6485
-6.94633985246199 0.6484
-6.94646926161019 0.6483
-6.94659464124221 0.6482
-6.94669972982355 0.6481
-6.94680035668357 0.648
-6.9468951637622 0.6479
-6.94696706751049 0.6478
-6.94703101617125 0.6477
-6.94709575521618 0.6476
-6.94716491498815 0.6475
-6.94724698471464 0.6474
-6.94733421084295 0.6473
-6.94743051423355 0.6472
-6.94752941999021 0.6471
-6.94763560565973 0.647
-6.94772628485506 0.6469
-6.94783791552835 0.6468
-6.94794783842365 0.6467
-6.94805458506721 0.6466
-6.94816546012727 0.6465
-6.94829745721595 0.6464
-6.94843373960856 0.6463
-6.94857468261332 0.6462
-6.94869785383054 0.6461
-6.94883005133218 0.646
-6.94896131103296 0.6459
-6.94908619311516 0.6458
-6.9491968462865 0.6457
-6.94926957736731 0.6456
-6.94933475211438 0.6455
-6.94940044093604 0.6454
-6.94947833991909 0.6453
-6.94954822260662 0.6452
-6.94960898790542 0.6451
-6.9496698325324 0.645
-6.94973610769818 0.6449
-6.94979652753869 0.6448
-6.94985730172737 0.6447
-6.94991394214661 0.6446
-6.94995587332052 0.6445
-6.94998200174406 0.6444
-6.95000374180956 0.6443
-6.95000152809961 0.6442
-6.95000592619026 0.6441
-6.95002040841941 0.644
-6.95003627425273 0.6439
-6.95007570177782 0.6438
-6.95010425621246 0.6437
-6.95013855334138 0.6436
-6.95021329172688 0.6435
-6.95029870384524 0.6434
-6.9504145406085 0.6433
-6.95050694094814 0.6432
-6.95059820032962 0.6431
-6.95069338067362 0.643
-6.95077878950254 0.6429
-6.95084933292658 0.6428
-6.95092891538655 0.6427
-6.95099100260048 0.6426
-6.95105341155121 0.6425
-6.95112735091295 0.6424
-6.95118173757637 0.6423
-6.95122918136253 0.6422
-6.95127015424019 0.6421
-6.95130394792016 0.642
-6.95132456625002 0.6419
-6.95134713259683 0.6418
-6.95136540219788 0.6417
-6.95137698341716 0.6416
-6.95139169698551 0.6415
-6.95142982629032 0.6414
-6.95147171583381 0.6413
-6.95152213260745 0.6412
-6.95156950903744 0.6411
-6.9515909502433 0.641
-6.9516075349708 0.6409
-6.95164837164965 0.6408
-6.95170489638448 0.6407
-6.95176466748846 0.6406
-6.95184981711143 0.6405
-6.95195638895862 0.6404
-6.95207869338074 0.6403
-6.95221850695687 0.6402
-6.9523714239942 0.6401
-6.9525158508697 0.64
-6.95265524506497 0.6399
-6.95278426520183 0.6398
-6.95291432343927 0.6397
-6.95303295853158 0.6396
-6.95313080720143 0.6395
-6.95320192077266 0.6394
-6.95322937685574 0.6393
-6.95324198408037 0.6392
-6.95325074405857 0.6391
-6.95324481778859 0.639
-6.953218382583 0.6389
-6.95319714791631 0.6388
-6.95316088909958 0.6387
-6.95308854664505 0.6386
-6.95300861529823 0.6385
-6.95294895848635 0.6384
-6.95288744085029 0.6383
-6.9528373096219 0.6382
-6.952778728881 0.6381
-6.95273087666999 0.638
-6.95267653069639 0.6379
-6.95262418689779 0.6378
-6.95258096988031 0.6377
-6.95254468576347 0.6376
-6.95251180393368 0.6375
-6.95246732309292 0.6374
-6.95241475081473 0.6373
-6.95236944942291 0.6372
-6.95231576316985 0.6371
-6.95226386180342 0.637
-6.95220250057128 0.6369
-6.95214762084307 0.6368
-6.95207513466328 0.6367
-6.95197624430125 0.6366
-6.95186830608609 0.6365
-6.95176374512209 0.6364
-6.95164508378922 0.6363
-6.95149230870374 0.6362
-6.95134968534285 0.6361
-6.95119289421442 0.636
-6.95102279610841 0.6359
-6.95084157966978 0.6358
-6.9506485087463 0.6357
-6.95047047350506 0.6356
-6.95030474805921 0.6355
-6.95014951360259 0.6354
-6.94999790149005 0.6353
-6.9498689445796 0.6352
-6.94976781046991 0.6351
-6.94970275408721 0.635
-6.94965859068445 0.6349
-6.94961682201665 0.6348
-6.94958244483518 0.6347
-6.94956494453752 0.6346
-6.94955988385867 0.6345
-6.94954936733763 0.6344
-6.94955710955281 0.6343
-6.94958999380671 0.6342
-6.94963021471776 0.6341
-6.94968719995048 0.634
-6.94974217823482 0.6339
-6.94978844679713 0.6338
-6.94986634046192 0.6337
-6.9499434413587 0.6336
-6.95001394420856 0.6335
-6.95010380431657 0.6334
-6.95019509273573 0.6333
-6.95029981282839 0.6332
-6.95042103466437 0.6331
-6.95053677163211 0.633
-6.95068483029073 0.6329
-6.95084792569459 0.6328
-6.95100075329465 0.6327
-6.95114373394967 0.6326
-6.95128501362459 0.6325
-6.95143117710209 0.6324
-6.95159313042705 0.6323
-6.95174729658417 0.6322
-6.95189542618986 0.6321
-6.95204348279735 0.632
-6.95219939797569 0.6319
-6.95233943960315 0.6318
-6.95247670731624 0.6317
-6.95259546040001 0.6316
-6.95267828228651 0.6315
-6.9527606922962 0.6314
-6.95283619332637 0.6313
-6.95288391494806 0.6312
-6.95291545356961 0.6311
-6.95295163802973 0.631
-6.95297753737826 0.6309
-6.95298674625436 0.6308
-6.95297802035278 0.6307
-6.95295256874583 0.6306
-6.9529306275377 0.6305
-6.95290269781803 0.6304
-6.95286149999599 0.6303
-6.95285558487375 0.6302
-6.95284838533273 0.6301
-6.95283650315494 0.63
-6.9528287754816 0.6299
-6.95281038291399 0.6298
-6.95281939107701 0.6297
-6.95283091987193 0.6296
-6.9528177529461 0.6295
-6.95282495313717 0.6294
-6.95286131796596 0.6293
-6.95291000344084 0.6292
-6.95295535960362 0.6291
-6.95297783202841 0.629
-6.95298645922129 0.6289
-6.95299169810852 0.6288
-6.95301099957392 0.6287
-6.95302210703962 0.6286
-6.95304321031047 0.6285
-6.95307751836533 0.6284
-6.95310702370707 0.6283
-6.95315051474609 0.6282
-6.95319388520181 0.6281
-6.95325121234149 0.628
-6.95330126035473 0.6279
-6.95334592615429 0.6278
-6.95339552227211 0.6277
-6.95343654586026 0.6276
-6.95345713292384 0.6275
-6.95347460894829 0.6274
-6.95350366849164 0.6273
-6.95352725793281 0.6272
-6.95353181280177 0.6271
-6.95353132053782 0.627
-6.95349750677852 0.6269
-6.95343649221598 0.6268
-6.95335554311702 0.6267
-6.95327063948594 0.6266
-6.95316772919356 0.6265
-6.95306888085776 0.6264
-6.95296201059307 0.6263
-6.9528561856972 0.6262
-6.95273559365111 0.6261
-6.9525989173767 0.626
-6.95248752133512 0.6259
-6.95236706256849 0.6258
-6.95224744865777 0.6257
-6.9521568832618 0.6256
-6.95207641307855 0.6255
-6.95199340581397 0.6254
-6.9519052791279 0.6253
-6.95180297364901 0.6252
-6.95169219565377 0.6251
-6.95158498379242 0.625
-6.95147657753468 0.6249
-6.95137101029744 0.6248
-6.95127409647866 0.6247
-6.95117202916498 0.6246
-6.95109365364329 0.6245
-6.95103409878536 0.6244
-6.95098075700823 0.6243
-6.9509463276047 0.6242
-6.95091432352412 0.6241
-6.95088533217415 0.624
-6.9508797513654 0.6239
-6.9508862040142 0.6238
-6.95091233248085 0.6237
-6.95093741997908 0.6236
-6.95096744443884 0.6235
-6.95100889489697 0.6234
-6.95105270721092 0.6233
-6.95110239719568 0.6232
-6.95116395294106 0.6231
-6.95126464722704 0.623
-6.95139163452942 0.6229
-6.95154448752214 0.6228
-6.95170687374657 0.6227
-6.95186392094002 0.6226
-6.95203108481934 0.6225
-6.9521740096516 0.6224
-6.95231131495277 0.6223
-6.95244962428346 0.6222
-6.95258255357171 0.6221
-6.95268613107871 0.622
-6.95278669337685 0.6219
-6.95288680506703 0.6218
-6.95298817226659 0.6217
-6.95307930217749 0.6216
-6.95314712141674 0.6215
-6.95320456109232 0.6214
-6.95325519135346 0.6213
-6.95329902394594 0.6212
-6.95334003380053 0.6211
-6.95336625956598 0.621
-6.95339136282318 0.6209
-6.95340502244469 0.6208
-6.95340639064959 0.6207
-6.95339441377083 0.6206
-6.95336402623584 0.6205
-6.95332859654869 0.6204
-6.95327124858639 0.6203
-6.95321374348984 0.6202
-6.95314976603975 0.6201
-6.95307859744568 0.62
-6.95301390874524 0.6199
-6.95295159596693 0.6198
-6.95289524889035 0.6197
-6.95284243314863 0.6196
-6.95280255603878 0.6195
-6.95275234747801 0.6194
-6.95271457723754 0.6193
-6.95269233080477 0.6192
-6.95265820238225 0.6191
-6.95263637889249 0.619
-6.95263371061612 0.6189
-6.9526284692439 0.6188
-6.95263729528974 0.6187
-6.95264480579467 0.6186
-6.95265962369325 0.6185
-6.95267387131903 0.6184
-6.95268580559948 0.6183
-6.95269411884508 0.6182
-6.95270466080319 0.6181
-6.95272845012361 0.618
-6.95278233367676 0.6179
-6.95283238107481 0.6178
-6.9528831182064 0.6177
-6.95291034218755 0.6176
-6.95294630745956 0.6175
-6.95298455895177 0.6174
-6.9530129161857 0.6173
-6.9530510943712 0.6172
-6.95311252450096 0.6171
-6.95316768811072 0.617
-6.95322595207558 0.6169
-6.95328552001058 0.6168
-6.95334725915676 0.6167
-6.95344385182058 0.6166
-6.95355319127623 0.6165
-6.95367322769938 0.6164
-6.95381025987909 0.6163
-6.95395256704192 0.6162
-6.95410894165253 0.6161
-6.95424684464426 0.616
-6.95436405993805 0.6159
-6.95446901336771 0.6158
-6.95455679504922 0.6157
-6.95465048704362 0.6156
-6.95475981092663 0.6155
-6.95486424239821 0.6154
-6.95496008714467 0.6153
-6.95505030563005 0.6152
-6.95512654648497 0.6151
-6.95517861893939 0.615
-6.95521694349202 0.6149
-6.95525761382429 0.6148
-6.95526620007206 0.6147
-6.95529112505003 0.6146
-6.95532690191985 0.6145
-6.95536663110879 0.6144
-6.9554009813517 0.6143
-6.95542339516675 0.6142
-6.95542522075203 0.6141
-6.95541645750562 0.614
-6.9554108256884 0.6139
-6.95540693896916 0.6138
-6.9554084474395 0.6137
-6.95540022018118 0.6136
-6.95540274876438 0.6135
-6.95539869004188 0.6134
-6.95536905006629 0.6133
-6.95532465804774 0.6132
-6.95527838897417 0.6131
-6.95522761338649 0.613
-6.95514907162909 0.6129
-6.95506992360955 0.6128
-6.95495956430617 0.6127
-6.95483951997754 0.6126
-6.954716022896 0.6125
-6.95458903190197 0.6124
-6.95447509877128 0.6123
-6.95438377259624 0.6122
-6.95430186785827 0.6121
-6.95422837369178 0.612
-6.95418191635161 0.6119
-6.95416747744634 0.6118
-6.95415442975268 0.6117
-6.9541650727067 0.6116
-6.95420863701189 0.6115
-6.95427332091035 0.6114
-6.95435070675973 0.6113
-6.95441893883647 0.6112
-6.95449970450582 0.6111
-6.95459036822869 0.611
-6.95467534413459 0.6109
-6.95476398243399 0.6108
-6.95483894737009 0.6107
-6.95488619008038 0.6106
-6.95491366691776 0.6105
-6.95490961338947 0.6104
-6.95490167059971 0.6103
-6.95489719917145 0.6102
-6.95489067811538 0.6101
-6.95486095327084 0.61
-6.95482009799794 0.6099
-6.95475012448625 0.6098
-6.95464845694664 0.6097
-6.95452207790378 0.6096
-6.95438599642931 0.6095
-6.95423621725632 0.6094
-6.95409357534581 0.6093
-6.95395472399432 0.6092
-6.95382751579791 0.6091
-6.95371171532887 0.609
-6.95359924464688 0.6089
-6.95350609667604 0.6088
-6.95341618381095 0.6087
-6.95332780528783 0.6086
-6.95322090738615 0.6085
-6.95311276187631 0.6084
-6.95299620602686 0.6083
-6.95287721923347 0.6082
-6.95278149247864 0.6081
-6.95267078664077 0.608
-6.95256461194734 0.6079
-6.95247172376233 0.6078
-6.95237447278986 0.6077
-6.95228856159098 0.6076
-6.95221237184 0.6075
-6.95216623747673 0.6074
-6.95214203712282 0.6073
-6.95212064336197 0.6072
-6.95212152934788 0.6071
-6.95215054459325 0.607
-6.95220626759795 0.6069
-6.95231015645097 0.6068
-6.95245702658259 0.6067
-6.95262410472899 0.6066
-6.95281911713321 0.6065
-6.95304481697738 0.6064
-6.95326689434972 0.6063
-6.95350441240469 0.6062
-6.95375320902303 0.6061
-6.95402197664721 0.606
-6.95429368062215 0.6059
-6.95458196293888 0.6058
-6.95487211804503 0.6057
-6.95515234519157 0.6056
-6.95541940909371 0.6055
-6.9556585475905 0.6054
-6.95589632103237 0.6053
-6.95609514847756 0.6052
-6.95629046378091 0.6051
-6.95645983362367 0.605
-6.9565943613553 0.6049
-6.95670710542818 0.6048
-6.95680579082291 0.6047
-6.95690816811028 0.6046
-6.95699003304279 0.6045
-6.95705058070899 0.6044
-6.95710084064511 0.6043
-6.95713902078383 0.6042
-6.95717699122205 0.6041
-6.95719797955889 0.604
-6.95720127217969 0.6039
-6.95720443873781 0.6038
-6.95720959538311 0.6037
-6.95721125485423 0.6036
-6.95721317422692 0.6035
-6.95721232521054 0.6034
-6.95718780267924 0.6033
-6.95714762519725 0.6032
-6.95707729986696 0.6031
-6.95700051408704 0.603
-6.9569083955015 0.6029
-6.95681317473329 0.6028
-6.95670496174618 0.6027
-6.95660556899646 0.6026
-6.95648897756681 0.6025
-6.95636637949009 0.6024
-6.95625728949179 0.6023
-6.95616782686012 0.6022
-6.95608535830009 0.6021
-6.95599921513504 0.602
-6.95593457024962 0.6019
-6.9558624827829 0.6018
-6.95580078166931 0.6017
-6.95572719718559 0.6016
-6.95567812544429 0.6015
-6.95564549280875 0.6014
-6.95560931823646 0.6013
-6.95560043690887 0.6012
-6.95561667120355 0.6011
-6.95566152305057 0.601
-6.95571186777061 0.6009
-6.95576562493222 0.6008
-6.95580070421536 0.6007
-6.95581805061518 0.6006
-6.95582742864937 0.6005
-6.95585185460243 0.6004
-6.95585834603895 0.6003
-6.95585137697433 0.6002
-6.95584583791955 0.6001
-6.95584808093583 0.6
-6.95585189016419 0.5999
-6.9558670821184 0.5998
-6.95589422990947 0.5997
-6.95594140103061 0.5996
-6.95599219835151 0.5995
-6.95604426067206 0.5994
-6.95609220361571 0.5993
-6.9561637110137 0.5992
-6.95623591752565 0.5991
-6.95630114677496 0.599
-6.95638812318017 0.5989
-6.95646750885379 0.5988
-6.95652465745664 0.5987
-6.95659442248871 0.5986
-6.95664780216143 0.5985
-6.9567072551001 0.5984
-6.95675208272812 0.5983
-6.95679818306858 0.5982
-6.95683156569151 0.5981
-6.95685504573435 0.598
-6.95684876109882 0.5979
-6.95683701117544 0.5978
-6.95680033951274 0.5977
-6.9567508064997 0.5976
-6.9566831281465 0.5975
-6.9565740061431 0.5974
-6.95644618135418 0.5973
-6.95630010220395 0.5972
-6.95616745395759 0.5971
-6.95601786208372 0.597
-6.95585890536824 0.5969
-6.95567921314239 0.5968
-6.95550072398027 0.5967
-6.95530243321438 0.5966
-6.95510803580403 0.5965
-6.95488826630197 0.5964
-6.95465190533568 0.5963
-6.95440932328069 0.5962
-6.95415638752426 0.5961
-6.95388833574968 0.596
-6.95365119987569 0.5959
-6.95342580744548 0.5958
-6.95320548765897 0.5957
-6.9530018529629 0.5956
-6.95283814402261 0.5955
-6.95270430638595 0.5954
-6.95260130729203 0.5953
-6.95251334473889 0.5952
-6.95244773271119 0.5951
-6.95240560153857 0.595
-6.95238388684217 0.5949
-6.95239072490932 0.5948
-6.95240204794118 0.5947
-6.95244591783622 0.5946
-6.9525093883942 0.5945
-6.9525784894248 0.5944
-6.952689375272 0.5943
-6.95281302910581 0.5942
-6.95296090169096 0.5941
-6.95313597321374 0.594
-6.95332088022642 0.5939
-6.95350535254261 0.5938
-6.95368847809935 0.5937
-6.95389242394156 0.5936
-6.95411285170991 0.5935
-6.95432950583742 0.5934
-6.95453585256315 0.5933
-6.95474159667334 0.5932
-6.95493808364707 0.5931
-6.95513011270558 0.593
-6.95531185720544 0.5929
-6.9554833410446 0.5928
-6.95564428052907 0.5927
-6.95579917021262 0.5926
-6.95595182766017 0.5925
-6.95607780216331 0.5924
-6.95619907059046 0.5923
-6.95628264475037 0.5922
-6.95635653990378 0.5921
-6.95641630966122 0.592
-6.95645292459246 0.5919
-6.95648164399012 0.5918
-6.95649504176343 0.5917
-6.95650614693287 0.5916
-6.95648741661608 0.5915
-6.95645048816211 0.5914
-6.95640897112004 0.5913
-6.95637167540806 0.5912
-6.95633889515603 0.5911
-6.95632010015066 0.591
-6.95631914157675 0.5909
-6.95633081039603 0.5908
-6.95633503007958 0.5907
-6.95634575881538 0.5906
-6.95634358856247 0.5905
-6.95635462958996 0.5904
-6.95635626916558 0.5903
-6.95636183286746 0.5902
-6.95635572973976 0.5901
-6.95636441579564 0.59
-6.95640505249477 0.5899
-6.95646420669215 0.5898
-6.95652379682035 0.5897
-6.95657915405421 0.5896
-6.95662099079847 0.5895
-6.95666478013082 0.5894
-6.95669494389729 0.5893
-6.95671641651429 0.5892
-6.95674299080928 0.5891
-6.95675394211932 0.589
-6.95678112621979 0.5889
-6.95682055142973 0.5888
-6.95685668223544 0.5887
-6.95690236656966 0.5886
-6.95695624223552 0.5885
-6.95697973102609 0.5884
-6.95699500377346 0.5883
-6.95702075236439 0.5882
-6.95704476778313 0.5881
-6.95704915771929 0.588
-6.95706385078899 0.5879
-6.95708550379696 0.5878
-6.9571055288192 0.5877
-6.95713780829061 0.5876
-6.95718709858663 0.5875
-6.95725360439356 0.5874
-6.95733566750979 0.5873
-6.95742732210684 0.5872
-6.95753883123792 0.5871
-6.9576693713593 0.587
-6.95781149470824 0.5869
-6.9579777255836 0.5868
-6.95815760333368 0.5867
-6.95832356575108 0.5866
-6.95846022334441 0.5865
-6.95859933418343 0.5864
-6.9587302005425 0.5863
-6.95885078212401 0.5862
-6.95895778480273 0.5861
-6.95906862650257 0.586
-6.95916250609643 0.5859
-6.95923443995056 0.5858
-6.95929220503456 0.5857
-6.95934560570209 0.5856
-6.95937608677112 0.5855
-6.95938816849875 0.5854
-6.95936956181493 0.5853
-6.95931222956268 0.5852
-6.95923263561977 0.5851
-6.9591410102084 0.585
-6.9590248212914 0.5849
-6.95888561446111 0.5848
-6.95872367508253 0.5847
-6.95855309113281 0.5846
-6.95837419814375 0.5845
-6.95820938342964 0.5844
-6.95802280407726 0.5843
-6.9578470104843 0.5842
-6.95766580303651 0.5841
-6.95748503276657 0.584
-6.95730933689203 0.5839
-6.95714305839953 0.5838
-6.95699086357519 0.5837
-6.95685303020071 0.5836
-6.95672598729139 0.5835
-6.9566054182056 0.5834
-6.95649994763172 0.5833
-6.95638393299541 0.5832
-6.95629808286284 0.5831
-6.95623414978543 0.583
-6.95623291171216 0.5829
-6.95625443298697 0.5828
-6.95631228622271 0.5827
-6.95639759058982 0.5826
-6.95650495198378 0.5825
-6.95660487863378 0.5824
-6.95674128942647 0.5823
-6.95690581382006 0.5822
-6.95706896354774 0.5821
-6.95722313220594 0.582
-6.95738853731704 0.5819
-6.95755785927198 0.5818
-6.95771195434362 0.5817
-6.95787426186217 0.5816
-6.95801538608887 0.5815
-6.9581481286981 0.5814
-6.95826788540416 0.5813
-6.95838196922327 0.5812
-6.95849191668465 0.5811
-6.95859111577206 0.581
-6.95866693392416 0.5809
-6.95872178913962 0.5808
-6.95875599886822 0.5807
-6.95878589920507 0.5806
-6.95881590149818 0.5805
-6.9588352858524 0.5804
-6.9588177412196 0.5803
-6.95879428875853 0.5802
-6.95876561934743 0.5801
-6.95871842811376 0.58
-6.95865109293848 0.5799
-6.95857573305353 0.5798
-6.95849832238067 0.5797
-6.95840719704663 0.5796
-6.9583114530784 0.5795
-6.95820423061566 0.5794
-6.95810028258442 0.5793
-6.95800548078142 0.5792
-6.95790660364704 0.5791
-6.9578277963056 0.579
-6.95777624064268 0.5789
-6.95771492120742 0.5788
-6.95768971205001 0.5787
-6.95768036474995 0.5786
-6.95767192812139 0.5785
-6.95767251292782 0.5784
-6.95769042619383 0.5783
-6.95773189570216 0.5782
-6.95776552469304 0.5781
-6.95780742828529 0.578
-6.95786010335391 0.5779
-6.95790767260258 0.5778
-6.9579611910887 0.5777
-6.95802147494159 0.5776
-6.9581010699378 0.5775
-6.95819602463301 0.5774
-6.9582953785051 0.5773
-6.95839064292331 0.5772
-6.95850533983367 0.5771
-6.95863150771793 0.577
-6.9587510496829 0.5769
-6.95888757619755 0.5768
-6.959019046452 0.5767
-6.95916502870554 0.5766
-6.9593048102327 0.5765
-6.9594284769365 0.5764
-6.95953622897381 0.5763
-6.95966237212496 0.5762
-6.95977492591568 0.5761
-6.95989958425152 0.576
-6.96002202072605 0.5759
-6.96010692148129 0.5758
-6.96017401859114 0.5757
-6.96023511733879 0.5756
-6.96031009144091 0.5755
-6.96037155946786 0.5754
-6.96045424981771 0.5753
-6.96053845347955 0.5752
-6.96063891338574 0.5751
-6.96074112022646 0.575
-6.96085633085375 0.5749
-6.96099326327268 0.5748
-6.96114895137639 0.5747
-6.96129908858058 0.5746
-6.96144909981439 0.5745
-6.96161330253784 0.5744
-6.96178048171386 0.5743
-6.9619514663216 0.5742
-6.96209946233935 0.5741
-6.96223197936286 0.574
-6.96236149390861 0.5739
-6.96247870575724 0.5738
-6.96257630790973 0.5737
-6.96266501772255 0.5736
-6.96275420959611 0.5735
-6.9628132556209 0.5734
-6.96285490422853 0.5733
-6.96285699882594 0.5732
-6.96283599230826 0.5731
-6.96282566817297 0.573
-6.96281250508678 0.5729
-6.96280635715248 0.5728
-6.96280054815868 0.5727
-6.96277942554997 0.5726
-6.96271940705949 0.5725
-6.96265801319405 0.5724
-6.96258980139776 0.5723
-6.9625252911635 0.5722
-6.96247815637668 0.5721
-6.9624164619719 0.572
-6.96235080879251 0.5719
-6.96227702940538 0.5718
-6.96220836551266 0.5717
-6.96214047123987 0.5716
-6.96209435062398 0.5715
-6.96202566751468 0.5714
-6.96194762987584 0.5713
-6.96187106736833 0.5712
-6.96180835506352 0.5711
-6.96174791527964 0.571
-6.96169583769649 0.5709
-6.96163029001365 0.5708
-6.96156228266658 0.5707
-6.96149579995091 0.5706
-6.96144392509964 0.5705
-6.9613912623688 0.5704
-6.96135637374704 0.5703
-6.96133004941356 0.5702
-6.96131491018047 0.5701
-6.9612950570635 0.57
-6.96128691016739 0.5699
-6.96130326629337 0.5698
-6.96132635523853 0.5697
-6.96133620738282 0.5696
-6.96132966137845 0.5695
-6.96132005134931 0.5694
-6.96133345555625 0.5693
-6.96135009093039 0.5692
-6.96136996258215 0.5691
-6.96139041536568 0.569
-6.9614105837757 0.5689
-6.96141628595368 0.5688
-6.96139712444781 0.5687
-6.96137399332658 0.5686
-6.96136521113409 0.5685
-6.96137531120401 0.5684
-6.961383402712 0.5683
-6.96136818256891 0.5682
-6.96134897516733 0.5681
-6.96134888990907 0.568
-6.96133813093448 0.5679
-6.96130326454413 0.5678
-6.96125106707315 0.5677
-6.96119213026487 0.5676
-6.96112277753804 0.5675
-6.96104549173975 0.5674
-6.96096067924807 0.5673
-6.96089430999632 0.5672
-6.96083798112857 0.5671
-6.96078214038924 0.567
-6.96073083087538 0.5669
-6.96069250598466 0.5668
-6.9606702972781 0.5667
-6.96067473015756 0.5666
-6.96069659476619 0.5665
-6.96072697834569 0.5664
-6.96078031645511 0.5663
-6.96085504871815 0.5662
-6.96093069035706 0.5661
-6.9610227778386 0.566
-6.96111741183234 0.5659
-6.96123573391934 0.5658
-6.96138009135635 0.5657
-6.96153989350442 0.5656
-6.96171360584383 0.5655
-6.96188575267093 0.5654
-6.96206827548971 0.5653
-6.96224825249888 0.5652
-6.96241902386545 0.5651
-6.96258613738119 0.565
-6.96274428874513 0.5649
-6.96287462670253 0.5648
-6.96299748178554 0.5647
-6.96307919234661 0.5646
-6.96312736288446 0.5645
-6.96315270327243 0.5644
-6.96315082256555 0.5643
-6.96311708227078 0.5642
-6.96305667202105 0.5641
-6.96296562374072 0.564
-6.96284552844881 0.5639
-6.96271253030261 0.5638
-6.96255019265211 0.5637
-6.96237306028856 0.5636
-6.96218327206369 0.5635
-6.96198449454954 0.5634
-6.96177682255798 0.5633
-6.96157384470811 0.5632
-6.96137816656841 0.5631
-6.96118162736578 0.563
-6.96102267842492 0.5629
-6.960871867309 0.5628
-6.96073308655557 0.5627
-6.96060560947629 0.5626
-6.96051692729763 0.5625
-6.9604664214533 0.5624
-6.960464564736 0.5623
-6.96049228805629 0.5622
-6.96053060792889 0.5621
-6.96059277572999 0.562
-6.96066140133208 0.5619
-6.96072952237783 0.5618
-6.96082679530973 0.5617
-6.96094111449057 0.5616
-6.96104176337658 0.5615
-6.96115958561625 0.5614
-6.96128498187733 0.5613
-6.96140757314732 0.5612
-6.9615320423392 0.5611
-6.96166226483039 0.561
-6.961783382784 0.5609
-6.96187740164893 0.5608
-6.96196091877222 0.5607
-6.96203315736208 0.5606
-6.96211650387954 0.5605
-6.9622167070623 0.5604
-6.96231602484207 0.5603
-6.96242090698911 0.5602
-6.96249884858598 0.5601
-6.96255949349333 0.56
-6.96261366260055 0.5599
-6.96267199247977 0.5598
-6.96273032261023 0.5597
-6.96276202673215 0.5596
-6.96278716450196 0.5595
-6.96282178937076 0.5594
-6.96284916558733 0.5593
-6.96287658716632 0.5592
-6.96291564131505 0.5591
-6.96294643310576 0.559
-6.96295663325458 0.5589
-6.96296802725496 0.5588
-6.96297075217816 0.5587
-6.96296130903426 0.5586
-6.96295830622159 0.5585
-6.9629373162709 0.5584
-6.96289670870817 0.5583
-6.96287497349473 0.5582
-6.96283613512664 0.5581
-6.9627792159374 0.558
-6.96274132336957 0.5579
-6.96270573190558 0.5578
-6.96268033821802 0.5577
-6.96266335112857 0.5576
-6.96264941350984 0.5575
-6.96262718431607 0.5574
-6.96259552566809 0.5573
-6.96257298528213 0.5572
-6.96255535494678 0.5571
-6.96254702793211 0.557
-6.96254820443546 0.5569
-6.96255096880937 0.5568
-6.96254897721827 0.5567
-6.96255910880305 0.5566
-6.96261245125815 0.5565
-6.9626905310462 0.5564
-6.96277999616326 0.5563
-6.96288043581387 0.5562
-6.96299749443681 0.5561
-6.96311875012967 0.556
-6.96324915759024 0.5559
-6.96339935101099 0.5558
-6.96354206868153 0.5557
-6.96370414126533 0.5556
-6.96387358481318 0.5555
-6.96403718828341 0.5554
-6.96417886622588 0.5553
-6.9643110048531 0.5552
-6.96443401867445 0.5551
-6.96456754173916 0.555
-6.96466751835727 0.5549
-6.96477055459094 0.5548
-6.96486579597111 0.5547
-6.96492982463354 0.5546
-6.96498747640029 0.5545
-6.9650116208927 0.5544
-6.96499763255911 0.5543
-6.96496672281482 0.5542
-6.96491484500179 0.5541
-6.96483395829102 0.554
-6.96472660500131 0.5539
-6.96461398402568 0.5538
-6.96445565090012 0.5537
-6.96430934375227 0.5536
-6.96416906015666 0.5535
-6.9640151890971 0.5534
-6.96387384341578 0.5533
-6.96373079730228 0.5532
-6.96358726078453 0.5531
-6.96346350583842 0.553
-6.96334494512746 0.5529
-6.96322183492976 0.5528
-6.96311493628574 0.5527
-6.96300230382653 0.5526
-6.9629107532427 0.5525
-6.96281248235346 0.5524
-6.96273556092734 0.5523
-6.96267025676445 0.5522
-6.96264969493019 0.5521
-6.96264764881021 0.552
-6.96269616907553 0.5519
-6.96276466175562 0.5518
-6.96284510083267 0.5517
-6.96291769316678 0.5516
-6.96300617171958 0.5515
-6.96310721855587 0.5514
-6.96321528849262 0.5513
-6.96334099911658 0.5512
-6.96347255125066 0.5511
-6.96360735216211 0.551
-6.96375791106371 0.5509
-6.96389707841102 0.5508
-6.96403941492203 0.5507
-6.96418878668796 0.5506
-6.96430872662883 0.5505
-6.96441844528358 0.5504
-6.96451736593074 0.5503
-6.96462070444963 0.5502
-6.96471075921936 0.5501
-6.96478444189326 0.55
-6.96483941913199 0.5499
-6.96487044854126 0.5498
-6.96488463107166 0.5497
-6.96487711471994 0.5496
-6.96484852966298 0.5495
-6.96483216552578 0.5494
-6.96481163241393 0.5493
-6.96477895116886 0.5492
-6.96474232087757 0.5491
-6.96470982144597 0.549
-6.96465990594833 0.5489
-6.96461410592323 0.5488
-6.9645817329022 0.5487
-6.96455201144037 0.5486
-6.96452511907244 0.5485
-6.964505716081 0.5484
-6.96448160529794 0.5483
-6.96446664554479 0.5482
-6.9644452764485 0.5481
-6.96445085448092 0.548
-6.96445874925757 0.5479
-6.96446853206478 0.5478
-6.96446330241528 0.5477
-6.96443767230587 0.5476
-6.96439957827043 0.5475
-6.96433698726326 0.5474
-6.96427482219928 0.5473
-6.96421468769125 0.5472
-6.96415220184898 0.5471
-6.96405986376845 0.547
-6.96398271409319 0.5469
-6.96390243323525 0.5468
-6.96381750984763 0.5467
-6.9637423980912 0.5466
-6.96365452773575 0.5465
-6.96356783362201 0.5464
-6.96349509728794 0.5463
-6.96343209161989 0.5462
-6.96340137018156 0.5461
-6.96338312933115 0.546
-6.96337520098659 0.5459
-6.96338742199704 0.5458
-6.96341622787638 0.5457
-6.96347817597295 0.5456
-6.96355919461002 0.5455
-6.96364526418987 0.5454
-6.96375048390009 0.5453
-6.96387474237426 0.5452
-6.96401069879742 0.5451
-6.96416231569515 0.545
-6.96431079155746 0.5449
-6.9644697763779 0.5448
-6.96464063530641 0.5447
-6.96482150949841 0.5446
-6.9650033718245 0.5445
-6.96518959169968 0.5444
-6.96536711749045 0.5443
-6.96553829972684 0.5442
-6.96567920659211 0.5441
-6.96580014728039 0.544
-6.96591343657277 0.5439
-6.96602577430107 0.5438
-6.96612206899936 0.5437
-6.96621643536839 0.5436
-6.96628488751931 0.5435
-6.96634555160463 0.5434
-6.96639078007065 0.5433
-6.96641429464766 0.5432
-6.96643277005435 0.5431
-6.96644467864514 0.543
-6.96644317742594 0.5429
-6.96642592464067 0.5428
-6.96639995339426 0.5427
-6.96636680075304 0.5426
-6.96631301665301 0.5425
-6.96625986397259 0.5424
-6.96620558197017 0.5423
-6.96614249061974 0.5422
-6.96605335358741 0.5421
-6.96595257530837 0.542
-6.96583465751914 0.5419
-6.96572356300962 0.5418
-6.96560132454741 0.5417
-6.96548223853376 0.5416
-6.96536486427425 0.5415
-6.96527278201293 0.5414
-6.96518718579856 0.5413
-6.9650984627613 0.5412
-6.96499110191703 0.5411
-6.96488290680568 0.541
-6.96477783316018 0.5409
-6.9646696228128 0.5408
-6.9645469930851 0.5407
-6.96442047393788 0.5406
-6.96429159020271 0.5405
-6.96416987088898 0.5404
-6.96406895395876 0.5403
-6.96396068741146 0.5402
-6.96385639657487 0.5401
-6.96376287978092 0.54
-6.9636937807746 0.5399
-6.96364161790746 0.5398
-6.9636091443854 0.5397
-6.96360344976664 0.5396
-6.96359747097746 0.5395
-6.96360674911726 0.5394
-6.96361302682947 0.5393
-6.96363275945092 0.5392
-6.96364559664443 0.5391
-6.96368579700875 0.539
-6.96373707494155 0.5389
-6.96376547472264 0.5388
-6.96379424927242 0.5387
-6.96382072728029 0.5386
-6.96384742086337 0.5385
-6.96388122892108 0.5384
-6.9639074996112 0.5383
-6.96391896572346 0.5382
-6.96391279291427 0.5381
-6.96388873208479 0.538
-6.96388351332275 0.5379
-6.96388448480566 0.5378
-6.96389155853256 0.5377
-6.96389539288988 0.5376
-6.96389920926685 0.5375
-6.96390676551233 0.5374
-6.96390284515793 0.5373
-6.96391436477925 0.5372
-6.96395151500126 0.5371
-6.96400784643661 0.537
-6.964079902123 0.5369
-6.96416703337356 0.5368
-6.96425067398807 0.5367
-6.96433703713847 0.5366
-6.9644156225919 0.5365
-6.96450993946475 0.5364
-6.96459912466253 0.5363
-6.96468157077136 0.5362
-6.96478058521389 0.5361
-6.9648707765753 0.536
-6.96495181745496 0.5359
-6.96504317191833 0.5358
-6.9651307613895 0.5357
-6.9652074383779 0.5356
-6.96528926871878 0.5355
-6.96538774910188 0.5354
-6.96550200668617 0.5353
-6.96559847547441 0.5352
-6.96568916000822 0.5351
-6.96575683961713 0.535
-6.96582155531464 0.5349
-6.96588157680048 0.5348
-6.96596138204837 0.5347
-6.96604170164271 0.5346
-6.96610408672013 0.5345
-6.96613702778053 0.5344
-6.96614937393838 0.5343
-6.96618175309384 0.5342
-6.96620778279654 0.5341
-6.96620896927894 0.534
-6.96621448041724 0.5339
-6.96621338232493 0.5338
-6.9662225938124 0.5337
-6.96620803927198 0.5336
-6.96620841878049 0.5335
-6.96623279348756 0.5334
-6.96625867895984 0.5333
-6.96628350568949 0.5332
-6.96633084627865 0.5331
-6.96638651144049 0.533
-6.96644771500942 0.5329
-6.9665065228914 0.5328
-6.96658686919626 0.5327
-6.96666891017836 0.5326
-6.9667477595608 0.5325
-6.96681525143745 0.5324
-6.96688213799153 0.5323
-6.9669479426085 0.5322
-6.96700807844351 0.5321
-6.96708297828647 0.532
-6.96714705404886 0.5319
-6.96719321533343 0.5318
-6.96722744127671 0.5317
-6.96723777301497 0.5316
-6.96721621389583 0.5315
-6.96717642481151 0.5314
-6.9671029528231 0.5313
-6.96700368368118 0.5312
-6.96686424911142 0.5311
-6.96671699405691 0.531
-6.96655628074869 0.5309
-6.96641540988981 0.5308
-6.96627736245815 0.5307
-6.9661548420614 0.5306
-6.96604259087987 0.5305
-6.96591543474984 0.5304
-6.96578513116019 0.5303
-6.96567216860411 0.5302
-6.96557162525849 0.5301
-6.96549374549596 0.53
-6.96542850212256 0.5299
-6.96537240644574 0.5298
-6.96531836558594 0.5297
-6.96531411330188 0.5296
-6.96535370998753 0.5295
-6.96541555573134 0.5294
-6.96550154858493 0.5293
-6.96560943347887 0.5292
-6.96575015860185 0.5291
-6.96592499120513 0.529
-6.96610347282277 0.5289
-6.96630454040894 0.5288
-6.96649097421527 0.5287
-6.96668311734709 0.5286
-6.96689797629952 0.5285
-6.96714509772729 0.5284
-6.9673751026907 0.5283
-6.96760031799094 0.5282
-6.96781594201206 0.5281
-6.96801017848874 0.528
-6.96818852611255 0.5279
-6.96835575386922 0.5278
-6.96847278859462 0.5277
-6.96856718167041 0.5276
-6.96863984446891 0.5275
-6.96869224667349 0.5274
-6.96873734038721 0.5273
-6.96879233565724 0.5272
-6.96883632677136 0.5271
-6.96888541171183 0.527
-6.96892720702008 0.5269
-6.96898651386354 0.5268
-6.96904691241981 0.5267
-6.96910354777546 0.5266
-6.9691509090341 0.5265
-6.9692160769632 0.5264
-6.96928698352557 0.5263
-6.96936888487997 0.5262
-6.96944100441293 0.5261
-6.96950687830048 0.526
-6.96956912730169 0.5259
-6.96962430701796 0.5258
-6.96968679278587 0.5257
-6.96973260689435 0.5256
-6.96979274704997 0.5255
-6.96986482931891 0.5254
-6.96992644484577 0.5253
-6.96997685130001 0.5252
-6.9700340764684 0.5251
-6.97009484504358 0.525
-6.9701602586432 0.5249
-6.97022915433872 0.5248
-6.97030638684804 0.5247
-6.97036869309907 0.5246
-6.97041951959829 0.5245
-6.9704432568496 0.5244
-6.97045132112624 0.5243
-6.97044985482774 0.5242
-6.97043931710903 0.5241
-6.97038252207468 0.524
-6.97029107991419 0.5239
-6.97016118476734 0.5238
-6.97001862836273 0.5237
-6.96987026869045 0.5236
-6.96972847827697 0.5235
-6.96959850481219 0.5234
-6.96947278022236 0.5233
-6.96935000219171 0.5232
-6.96922780675467 0.5231
-6.96911549308556 0.523
-6.96901709979512 0.5229
-6.96894907000148 0.5228
-6.96887711968477 0.5227
-6.9688356963312 0.5226
-6.96879319392431 0.5225
-6.96877516952595 0.5224
-6.96875362009712 0.5223
-6.96872226673809 0.5222
-6.9686940800702 0.5221
-6.96866639023349 0.522
-6.96863821325684 0.5219
-6.96861450752734 0.5218
-6.96859919072968 0.5217
-6.96859786434978 0.5216
-6.96861230744693 0.5215
-6.96865301443813 0.5214
-6.96868893957803 0.5213
-6.96872294351329 0.5212
-6.96876147160189 0.5211
-6.96879723047259 0.521
-6.9688328876699 0.5209
-6.96887448421386 0.5208
-6.96893651879213 0.5207
-6.96900711765425 0.5206
-6.96907948527276 0.5205
-6.96916316765302 0.5204
-6.96924194186477 0.5203
-6.9693007334668 0.5202
-6.96932915806842 0.5201
-6.96935986018188 0.52
-6.96938590781818 0.5199
-6.96941118672476 0.5198
-6.9694155255565 0.5197
-6.96940726542701 0.5196
-6.96938429219222 0.5195
-6.96935211375339 0.5194
-6.96933121591336 0.5193
-6.96930062829583 0.5192
-6.96925787872088 0.5191
-6.96920061065352 0.519
-6.96916354742023 0.5189
-6.9691245472708 0.5188
-6.96908287114909 0.5187
-6.96904429568642 0.5186
-6.96900438158975 0.5185
-6.96895714245725 0.5184
-6.96892403485514 0.5183
-6.96890421023356 0.5182
-6.96889037328421 0.5181
-6.96887913253931 0.518
-6.96887835540513 0.5179
-6.96887811467565 0.5178
-6.96888011917753 0.5177
-6.96888516631681 0.5176
-6.96887610774823 0.5175
-6.96889140272935 0.5174
-6.96890827124997 0.5173
-6.96891957172218 0.5172
-6.96892827000782 0.5171
-6.96895304119469 0.517
-6.96897923281452 0.5169
-6.96901362473578 0.5168
-6.96903514516953 0.5167
-6.9690531952653 0.5166
-6.96907085911856 0.5165
-6.96907935692172 0.5164
-6.96908803481501 0.5163
-6.96909716212882 0.5162
-6.96910164615652 0.5161
-6.96909582989244 0.516
-6.96908059964969 0.5159
-6.96906709103083 0.5158
-6.96905926979303 0.5157
-6.96907119561769 0.5156
-6.96908276579467 0.5155
-6.96910409298278 0.5154
-6.96915952638107 0.5153
-6.96922245295366 0.5152
-6.96929021211653 0.5151
-6.96936936261687 0.515
-6.96946734734532 0.5149
-6.96957887310542 0.5148
-6.96968742165701 0.5147
-6.96979599508341 0.5146
-6.96992509044893 0.5145
-6.97004407902849 0.5144
-6.97015398789435 0.5143
-6.97026367693542 0.5142
-6.97037383834615 0.5141
-6.9704648145575 0.514
-6.97055239665407 0.5139
-6.97064953924844 0.5138
-6.97074178270629 0.5137
-6.97085806305508 0.5136
-6.97099377284347 0.5135
-6.97114035277936 0.5134
-6.9713143543794 0.5133
-6.97149341246203 0.5132
-6.97169739431801 0.5131
-6.97191252229143 0.513
-6.97216574293475 0.5129
-6.97240503213685 0.5128
-6.97263764558518 0.5127
-6.97286798347234 0.5126
-6.9731108254204 0.5125
-6.97332385244812 0.5124
-6.97352260722274 0.5123
-6.97368743180316 0.5122
-6.97382698675334 0.5121
-6.97394818914788 0.512
-6.97405818474255 0.5119
-6.97414979405949 0.5118
-6.97420352908646 0.5117
-6.97423534837131 0.5116
-6.97423374489579 0.5115
-6.97423061312736 0.5114
-6.97420331567056 0.5113
-6.97413160077583 0.5112
-6.97403269993673 0.5111
-6.97391493704712 0.511
-6.97380242541793 0.5109
-6.97368410412837 0.5108
-6.97355443917959 0.5107
-6.97342846851187 0.5106
-6.9733163807952 0.5105
-6.97319331785416 0.5104
-6.97308140317171 0.5103
-6.97296179414763 0.5102
-6.9728313569999 0.5101
-6.97273352864329 0.51
-6.9726225444107 0.5099
-6.97252496447645 0.5098
-6.97244301388967 0.5097
-6.97235412986451 0.5096
-6.97228137028247 0.5095
-6.97222018419377 0.5094
-6.97216412801218 0.5093
-6.97209255582993 0.5092
-6.97202195125969 0.5091
-6.9719528474299 0.509
-6.97187455613688 0.5089
-6.9717883564224 0.5088
-6.97170737438607 0.5087
-6.9716039349509 0.5086
-6.97147804098814 0.5085
-6.97134060257355 0.5084
-6.97119003027035 0.5083
-6.97103718919525 0.5082
-6.97088298209252 0.5081
-6.97073948269109 0.508
-6.97061447110269 0.5079
-6.97050507348124 0.5078
-6.97040568078868 0.5077
-6.97035069268476 0.5076
-6.97029968865121 0.5075
-6.97026309927905 0.5074
-6.97023474387153 0.5073
-6.97022086994922 0.5072
-6.9702222912966 0.5071
-6.97022607838865 0.507
-6.97025317413247 0.5069
-6.97029218066722 0.5068
-6.97034304199239 0.5067
-6.97041209241408 0.5066
-6.97048639675418 0.5065
-6.97056265165877 0.5064
-6.97064094337912 0.5063
-6.97071345141023 0.5062
-6.97076585289131 0.5061
-6.97083563211612 0.506
-6.97088821328335 0.5059
-6.97093359459609 0.5058
-6.970988779241 0.5057
-6.97106019607248 0.5056
-6.97111469775979 0.5055
-6.97118158834589 0.5054
-6.97125213732087 0.5053
-6.97132920061316 0.5052
-6.97141896715218 0.5051
-6.97151280232578 0.505
-6.9716344810416 0.5049
-6.97175182057812 0.5048
-6.97189526416911 0.5047
-6.97203077138491 0.5046
-6.97217168880957 0.5045
-6.97230249512387 0.5044
-6.97242241657648 0.5043
-6.97254748479374 0.5042
-6.97267347896239 0.5041
-6.97279636325187 0.504
-6.97290759612881 0.5039
-6.97302561824417 0.5038
-6.97313473034112 0.5037
-6.97322328129703 0.5036
-6.97327947183338 0.5035
-6.97333428098502 0.5034
-6.97338528258594 0.5033
-6.973438618673 0.5032
-6.97348094802515 0.5031
-6.97351687274177 0.503
-6.97354617496264 0.5029
-6.97356023805934 0.5028
-6.97356810368285 0.5027
-6.97356452024323 0.5026
-6.97355902478014 0.5025
-6.97355983784072 0.5024
-6.97356650217858 0.5023
-6.97360422847464 0.5022
-6.97363809605195 0.5021
-6.97369025104352 0.502
-6.97375524084977 0.5019
-6.97383583225084 0.5018
-6.97390801393789 0.5017
-6.97397610731121 0.5016
-6.97402521172953 0.5015
-6.97405943562412 0.5014
-6.9741056512509 0.5013
-6.9741399741168 0.5012
-6.97413208797752 0.5011
-6.9741036651274 0.501
-6.97406818228581 0.5009
-6.97402075253479 0.5008
-6.97396344091762 0.5007
-6.9738761273423 0.5006
-6.97376424383932 0.5005
-6.97364111803604 0.5004
-6.97349109181265 0.5003
-6.97332865462549 0.5002
-6.97315773352458 0.5001
-6.9729942452324 0.5
-6.97282293965564 0.4999
-6.97263362242436 0.4998
-6.97244361273334 0.4997
-6.97224667070305 0.4996
-6.97206413617125 0.4995
-6.9718915629223 0.4994
-6.97170550815404 0.4993
-6.9715288820879 0.4992
-6.97137081901413 0.4991
-6.97124288561707 0.499
-6.97114620294281 0.4989
-6.97104139676978 0.4988
-6.97095868453581 0.4987
-6.97088807003317 0.4986
-6.97082938829688 0.4985
-6.97078729024214 0.4984
-6.97074852163232 0.4983
-6.97073356973451 0.4982
-6.97072011408263 0.4981
-6.97072296102613 0.498
-6.97073070705602 0.4979
-6.97074747609822 0.4978
-6.97073901484552 0.4977
-6.97074437453902 0.4976
-6.97077721620443 0.4975
-6.97081275313883 0.4974
-6.97083626238914 0.4973
-6.97086723393233 0.4972
-6.97090258351396 0.4971
-6.97095937963313 0.497
-6.97100645846019 0.4969
-6.9710284797813 0.4968
-6.97106346647873 0.4967
-6.9710947468512 0.4966
-6.97114445931865 0.4965
-6.97122210764644 0.4964
-6.97130106368878 0.4963
-6.97136630406811 0.4962
-6.97143607405348 0.4961
-6.97152070899864 0.496
-6.9716160973211 0.4959
-6.97172849539492 0.4958
-6.97184669866754 0.4957
-6.97197398031921 0.4956
-6.97209922485466 0.4955
-6.97222450183759 0.4954
-6.97234869175745 0.4953
-6.97245561633391 0.4952
-6.97254767462439 0.4951
-6.97263684687489 0.495
-6.9727212504468 0.4949
-6.97281076870821 0.4948
-6.97289072706889 0.4947
-6.97297262985671 0.4946
-6.97305597341093 0.4945
-6.9731400887218 0.4944
-6.97323976241191 0.4943
-6.9733175395186 0.4942
-6.97339652651688 0.4941
-6.97348592713497 0.494
-6.97358480463631 0.4939
-6.9736674603436 0.4938
-6.97373880723991 0.4937
-6.97378812858028 0.4936
-6.97381610662321 0.4935
-6.97383474068771 0.4934
-6.97384515094303 0.4933
-6.97385943570267 0.4932
-6.97387322015613 0.4931
-6.97385797573679 0.493
-6.97383430744155 0.4929
-6.97380006637331 0.4928
-6.97376519877261 0.4927
-6.97373169946088 0.4926
-6.97368740360917 0.4925
-6.97364084246496 0.4924
-6.97360407238846 0.4923
-6.97357051582327 0.4922
-6.97352149510511 0.4921
-6.97347015881955 0.492
-6.97343105527317 0.4919
-6.97338186495077 0.4918
-6.97334314778352 0.4917
-6.97330636716462 0.4916
-6.97327922128313 0.4915
-6.97324788576754 0.4914
-6.97323461951323 0.4913
-6.97325032726561 0.4912
-6.97327995802133 0.4911
-6.97330905629979 0.491
-6.97335500661975 0.4909
-6.97341808012656 0.4908
-6.97348728383407 0.4907
-6.97356094714414 0.4906
-6.97364825109061 0.4905
-6.97375494611098 0.4904
-6.97386501693791 0.4903
-6.97397787273175 0.4902
-6.9740825204766 0.4901
-6.9741649258099 0.49
-6.97425224939667 0.4899
-6.97434830881198 0.4898
-6.97445780016115 0.4897
-6.97457508984202 0.4896
-6.97468967788523 0.4895
-6.97479159453885 0.4894
-6.97488182029472 0.4893
-6.97497824913583 0.4892
-6.97505402310493 0.4891
-6.97511994623374 0.489
-6.97518518629409 0.4889
-6.97524950765983 0.4888
-6.97528125708421 0.4887
-6.97529337388535 0.4886
-6.97528971372535 0.4885
-6.97526838743581 0.4884
-6.97524458258246 0.4883
-6.97520551707193 0.4882
-6.97514582073939 0.4881
-6.97507000335289 0.488
-6.97498477345478 0.4879
-6.97490479105495 0.4878
-6.97484136588445 0.4877
-6.97478564967811 0.4876
-6.97474244130112 0.4875
-6.97468164788633 0.4874
-6.97463687588242 0.4873
-6.97459956752428 0.4872
-6.97456811823344 0.4871
-6.97454656000247 0.487
-6.97450510205134 0.4869
-6.97446940598983 0.4868
-6.97444518582972 0.4867
-6.97443068487649 0.4866
-6.97442860804629 0.4865
-6.97441606288393 0.4864
-6.97439201167226 0.4863
-6.97438361509357 0.4862
-6.97438510797779 0.4861
-6.97438412487878 0.486
-6.97438730022137 0.4859
-6.97439902390065 0.4858
-6.97442079034677 0.4857
-6.97446144864474 0.4856
-6.97451677594632 0.4855
-6.97458904505449 0.4854
-6.97466136494509 0.4853
-6.97476290872462 0.4852
-6.97488634122462 0.4851
-6.97502349940984 0.485
-6.97517454865256 0.4849
-6.97534804418762 0.4848
-6.97552032553262 0.4847
-6.97568135909463 0.4846
-6.97583992302569 0.4845
-6.97599873094836 0.4844
-6.97616161399025 0.4843
-6.97631246481138 0.4842
-6.97645054749725 0.4841
-6.97655029379985 0.484
-6.9766309811979 0.4839
-6.97669657692737 0.4838
-6.97675815672883 0.4837
-6.9768152053154 0.4836
-6.97686539687891 0.4835
-6.97691593573367 0.4834
-6.97697306990983 0.4833
-6.97703016453743 0.4832
-6.97709320266881 0.4831
-6.97714526795969 0.483
-6.97717541819941 0.4829
-6.97720359104563 0.4828
-6.97722319365638 0.4827
-6.97723380151569 0.4826
-6.97723820422283 0.4825
-6.97723019351037 0.4824
-6.97723961395313 0.4823
-6.97723855096406 0.4822
-6.97725119247087 0.4821
-6.97725165003429 0.482
-6.97726212393654 0.4819
-6.97726903989012 0.4818
-6.97728421020594 0.4817
-6.97731897534102 0.4816
-6.97735154565796 0.4815
-6.9773895497551 0.4814
-6.97744110921144 0.4813
-6.97747365809772 0.4812
-6.97752229302231 0.4811
-6.97757539714789 0.481
-6.9776235888252 0.4809
-6.97767500795849 0.4808
-6.97773682494903 0.4807
-6.9778079919495 0.4806
-6.9779050823357 0.4805
-6.97803286169923 0.4804
-6.9781813893455 0.4803
-6.97832861709554 0.4802
-6.97846835607493 0.4801
-6.97862157172118 0.48
-6.9787782041192 0.4799
-6.97895381508736 0.4798
-6.97912405316169 0.4797
-6.97928785394912 0.4796
-6.97943681391242 0.4795
-6.97958732647207 0.4794
-6.97972473294789 0.4793
-6.97982951665076 0.4792
-6.97990587322952 0.4791
-6.97994879591905 0.479
-6.97996445051241 0.4789
-6.97996603747236 0.4788
-6.97996472406634 0.4787
-6.97992367508063 0.4786
-6.97986190768188 0.4785
-6.97976582124615 0.4784
-6.97963893351866 0.4783
-6.97950269180233 0.4782
-6.97933411415502 0.4781
-6.97914605535075 0.478
-6.97893838940811 0.4779
-6.97871616593807 0.4778
-6.97845123838044 0.4777
-6.97817455573909 0.4776
-6.9778826488418 0.4775
-6.9775960095084 0.4774
-6.97731694253022 0.4773
-6.97702036641341 0.4772
-6.97672541104575 0.4771
-6.97644697722926 0.477
-6.97616998833016 0.4769
-6.97589255871568 0.4768
-6.97561639659773 0.4767
-6.97535328897057 0.4766
-6.97508427114653 0.4765
-6.97483387421524 0.4764
-6.97460554676246 0.4763
-6.97441746054642 0.4762
-6.97424608606245 0.4761
-6.97409408094122 0.476
-6.97396460630816 0.4759
-6.97385416216031 0.4758
-6.97378243826961 0.4757
-6.97373330150064 0.4756
-6.97371912893195 0.4755
-6.97372601907382 0.4754
-6.97376638535699 0.4753
-6.97383966591073 0.4752
-6.97393786494716 0.4751
-6.97404885723385 0.475
-6.97415448924294 0.4749
-6.97426216671699 0.4748
-6.97437317528302 0.4747
-6.97448420809329 0.4746
-6.97460110222353 0.4745
-6.97471666181001 0.4744
-6.97483237376955 0.4743
-6.97494474021173 0.4742
-6.97503114014387 0.4741
-6.97510715261129 0.474
-6.97519382554311 0.4739
-6.97523674726062 0.4738
-6.97528111051264 0.4737
-6.97531132736894 0.4736
-6.97531980231671 0.4735
-6.97534895360492 0.4734
-6.97535903479094 0.4733
-6.97534917708318 0.4732
-6.97531329771824 0.4731
-6.97528414821717 0.473
-6.97526381141103 0.4729
-6.97524491487551 0.4728
-6.9752166211134 0.4727
-6.97520927395239 0.4726
-6.97521433170318 0.4725
-6.97523700408702 0.4724
-6.97527732432886 0.4723
-6.97533415014515 0.4722
-6.97539628527829 0.4721
-6.97544565895582 0.472
-6.97550245717254 0.4719
-6.97556845582736 0.4718
-6.97565003039229 0.4717
-6.97573945969523 0.4716
-6.97581828823816 0.4715
-6.97589320758141 0.4714
-6.97594839387712 0.4713
-6.97599397406767 0.4712
-6.9760171147806 0.4711
-6.97602063165443 0.471
-6.97602717844276 0.4709
-6.97605105263195 0.4708
-6.9760776608798 0.4707
-6.97610894303161 0.4706
-6.97615351084011 0.4705
-6.97618355749333 0.4704
-6.97623197452817 0.4703
-6.97626045273956 0.4702
-6.97627943355074 0.4701
-6.97629918672687 0.47
-6.97631792045776 0.4699
-6.97633418417839 0.4698
-6.97635347923883 0.4697
-6.97638391636461 0.4696
-6.97641720039505 0.4695
-6.97647287826065 0.4694
-6.97653268920805 0.4693
-6.97662495111695 0.4692
-6.97671203206496 0.4691
-6.97682453196167 0.469
-6.97695582508214 0.4689
-6.97709696829027 0.4688
-6.97725192036026 0.4687
-6.97743865435639 0.4686
-6.97764017286048 0.4685
-6.97783009494695 0.4684
-6.97802204637883 0.4683
-6.97820063489595 0.4682
-6.97836276659216 0.4681
-6.97848110431234 0.468
-6.97857626641146 0.4679
-6.97865413340638 0.4678
-6.9787064027348 0.4677
-6.97872556446579 0.4676
-6.97870805050118 0.4675
-6.97866319881267 0.4674
-6.9786085522008 0.4673
-6.97852802113886 0.4672
-6.9784430084998 0.4671
-6.97836388761421 0.467
-6.97827598831309 0.4669
-6.97818274256026 0.4668
-6.97809650361563 0.4667
-6.97801315914479 0.4666
-6.97794408655562 0.4665
-6.97786034898425 0.4664
-6.97777308296723 0.4663
-6.97768446427995 0.4662
-6.97757981749781 0.4661
-6.97745588966046 0.466
-6.97732688594209 0.4659
-6.97720942196936 0.4658
-6.97708770241673 0.4657
-6.97695954593951 0.4656
-6.97683841637283 0.4655
-6.97670611556298 0.4654
-6.97658645871934 0.4653
-6.97645589506313 0.4652
-6.97634627225965 0.4651
-6.97624239135927 0.465
-6.97613918868358 0.4649
-6.97604324804715 0.4648
-6.97597376815777 0.4647
-6.97591475684483 0.4646
-6.97585880851282 0.4645
-6.97582119944868 0.4644
-6.97580556538119 0.4643
-6.97580934957173 0.4642
-6.97581196525139 0.4641
-6.97580866810955 0.464
-6.97583316787522 0.4639
-6.9758711394102 0.4638
-6.97591934149762 0.4637
-6.97599402770644 0.4636
-6.976096333087 0.4635
-6.97620907960724 0.4634
-6.97633869408337 0.4633
-6.9764959690364 0.4632
-6.97667107723101 0.4631
-6.97684980145167 0.463
-6.97702857036914 0.4629
-6.97721811045531 0.4628
-6.97740087172165 0.4627
-6.97758142187173 0.4626
-6.97774666682609 0.4625
-6.97789870066014 0.4624
-6.97803611881013 0.4623
-6.97815221551698 0.4622
-6.97824455895078 0.4621
-6.97832411920787 0.462
-6.97837879885224 0.4619
-6.97841564116183 0.4618
-6.97842419248057 0.4617
-6.97842267393691 0.4616
-6.97840643901723 0.4615
-6.97838121038625 0.4614
-6.97833017171599 0.4613
-6.97828517602431 0.4612
-6.9782346691885 0.4611
-6.97817888983869 0.461
-6.9781417695343 0.4609
-6.97810824000412 0.4608
-6.97806541401969 0.4607
-6.97803684073946 0.4606
-6.9780195187379 0.4605
-6.97801171727287 0.4604
-6.97801205859954 0.4603
-6.97802839740536 0.4602
-6.97805101091395 0.4601
-6.97809723702683 0.46
-6.978139450722 0.4599
-6.97819721971563 0.4598
-6.97827570013837 0.4597
-6.97835108076477 0.4596
-6.97844664977797 0.4595
-6.97856911874826 0.4594
-6.97870009746237 0.4593
-6.9788295210007 0.4592
-6.97896391599269 0.4591
-6.97909053617218 0.459
-6.97920827023513 0.4589
-6.97932104349922 0.4588
-6.97942828787527 0.4587
-6.97955960775149 0.4586
-6.97967505462121 0.4585
-6.97978480634709 0.4584
-6.97987746642784 0.4583
-6.97994063677887 0.4582
-6.97997514017377 0.4581
-6.97999447166419 0.458
-6.97999637754399 0.4579
-6.98000372718028 0.4578
-6.98000804000843 0.4577
-6.9800029484086 0.4576
-6.97999938612078 0.4575
-6.97997607188296 0.4574
-6.97993646870391 0.4573
-6.9798943230416 0.4572
-6.97985138778127 0.4571
-6.97977617447692 0.457
-6.97969542157914 0.4569
-6.97961130004103 0.4568
-6.97953892315433 0.4567
-6.97948070312303 0.4566
-6.97944536046962 0.4565
-6.97941502788137 0.4564
-6.97939453372035 0.4563
-6.97937385317337 0.4562
-6.97936735201971 0.4561
-6.97934971456176 0.456
-6.97932219877238 0.4559
-6.97931230382451 0.4558
-6.97931130890204 0.4557
-6.97931534653507 0.4556
-6.97934908198391 0.4555
-6.97938501334073 0.4554
-6.97941933510464 0.4553
-6.97945066290614 0.4552
-6.97948810990223 0.4551
-6.9795286011866 0.455
-6.9795658447947 0.4549
-6.97959980222148 0.4548
-6.97961607748404 0.4547
-6.97961173810696 0.4546
-6.97960703724052 0.4545
-6.97961026544837 0.4544
-6.97962343196411 0.4543
-6.97961540075903 0.4542
-6.97958725430988 0.4541
-6.97953596265113 0.454
-6.9794746652786 0.4539
-6.97942490936285 0.4538
-6.979376527966 0.4537
-6.97932426547811 0.4536
-6.97927627503867 0.4535
-6.97921921494921 0.4534
-6.97915632790675 0.4533
-6.97910827876001 0.4532
-6.97907278711312 0.4531
-6.97904743023878 0.453
-6.97903553181022 0.4529
-6.97903768595895 0.4528
-6.97904367177698 0.4527
-6.97905221494326 0.4526
-6.97908447394304 0.4525
-6.97914982158017 0.4524
-6.97922796917704 0.4523
-6.97932385154546 0.4522
-6.979415862424 0.4521
-6.97952166906119 0.452
-6.97964097924939 0.4519
-6.97974946327582 0.4518
-6.97984639207179 0.4517
-6.97993455281809 0.4516
-6.98001754476125 0.4515
-6.98005722630229 0.4514
-6.98007186264163 0.4513
-6.98008203272103 0.4512
-6.98006280370432 0.4511
-6.98003234630226 0.451
-6.98001555841473 0.4509
-6.97999540674809 0.4508
-6.97997782003956 0.4507
-6.97994156730636 0.4506
-6.97990903537448 0.4505
-6.97987360931131 0.4504
-6.97982704956066 0.4503
-6.97977697862203 0.4502
-6.97972931590053 0.4501
-6.97968162175417 0.45
-6.97962999234986 0.4499
-6.97958639397226 0.4498
-6.97956759655592 0.4497
-6.97955108247506 0.4496
-6.97954996653412 0.4495
-6.97956137012917 0.4494
-6.97956770951047 0.4493
-6.97958877343416 0.4492
-6.97961950973567 0.4491
-6.97966498056513 0.449
-6.97971780596149 0.4489
-6.97977664651114 0.4488
-6.9798409058441 0.4487
-6.97992992416842 0.4486
-6.9800325066119 0.4485
-6.98013715919935 0.4484
-6.98023381958732 0.4483
-6.98033006444443 0.4482
-6.98041058256421 0.4481
-6.98049531459042 0.448
-6.9805581435834 0.4479
-6.98059433189692 0.4478
-6.98061564668497 0.4477
-6.98061606820989 0.4476
-6.98060354851645 0.4475
-6.98058285014209 0.4474
-6.98055087551826 0.4473
-6.98049933921423 0.4472
-6.98045183999097 0.4471
-6.9803989624502 0.447
-6.98034044076955 0.4469
-6.98028025334468 0.4468
-6.98023608561732 0.4467
-6.98021564552352 0.4466
-6.98020574032541 0.4465
-6.98021073615013 0.4464
-6.9802317632574 0.4463
-6.9802724638509 0.4462
-6.9803434147207 0.4461
-6.98042775277456 0.446
-6.98052519342527 0.4459
-6.98062648737 0.4458
-6.98072827313547 0.4457
-6.98082832577246 0.4456
-6.98092002527461 0.4455
-6.98100842910974 0.4454
-6.98109154204393 0.4453
-6.98118476094588 0.4452
-6.98126283920624 0.4451
-6.98133165667436 0.445
-6.98139895999206 0.4449
-6.98147170101586 0.4448
-6.98151647950574 0.4447
-6.98156069112436 0.4446
-6.98162364506141 0.4445
-6.9817119358582 0.4444
-6.98178659057043 0.4443
-6.98187162745929 0.4442
-6.98197846136336 0.4441
-6.98209032673979 0.444
-6.98219726942694 0.4439
-6.98231193396974 0.4438
-6.98244410895348 0.4437
-6.98259433434116 0.4436
-6.98276767759893 0.4435
-6.98294177901493 0.4434
-6.98310176682113 0.4433
-6.983258278254 0.4432
-6.98340667350297 0.4431
-6.98355724446795 0.443
-6.98368845007185 0.4429
-6.98380185476504 0.4428
-6.98390367380974 0.4427
-6.98397920575814 0.4426
-6.98405351641464 0.4425
-6.98410216875282 0.4424
-6.98413122353841 0.4423
-6.98412786998917 0.4422
-6.98411548639328 0.4421
-6.98407586386162 0.442
-6.98401462586379 0.4419
-6.98393545315372 0.4418
-6.98384380929783 0.4417
-6.9837263449505 0.4416
-6.9836064675702 0.4415
-6.98347026407705 0.4414
-6.9833362680693 0.4413
-6.98319701108727 0.4412
-6.98307992004645 0.4411
-6.98298302147972 0.441
-6.98290123241779 0.4409
-6.98282163280193 0.4408
-6.98277884351483 0.4407
-6.98274749970217 0.4406
-6.98273172570403 0.4405
-6.98273687849464 0.4404
-6.9827431497013 0.4403
-6.98275948485359 0.4402
-6.98278989152474 0.4401
-6.98283045920317 0.44
-6.9828927320341 0.4399
-6.98296710342562 0.4398
-6.9830567965304 0.4397
-6.98314680559794 0.4396
-6.98322881155608 0.4395
-6.98330145746708 0.4394
-6.98337181278478 0.4393
-6.98346691310376 0.4392
-6.98356912330937 0.4391
-6.98367036393908 0.439
-6.98376782166551 0.4389
-6.98384023126235 0.4388
-6.98392133456656 0.4387
-6.98399883359353 0.4386
-6.98407862730154 0.4385
-6.98413934431063 0.4384
-6.98418984620085 0.4383
-6.98421689221245 0.4382
-6.98424074978776 0.4381
-6.98422247069543 0.438
-6.9842037913344 0.4379
-6.98417035776978 0.4378
-6.98412937198135 0.4377
-6.98407960241902 0.4376
-6.98401814541011 0.4375
-6.98393836838546 0.4374
-6.98384583238392 0.4373
-6.98373453905135 0.4372
-6.98362799243505 0.4371
-6.98350526449561 0.437
-6.98336705449694 0.4369
-6.98320699732559 0.4368
-6.98303467632406 0.4367
-6.98286156464876 0.4366
-6.98268001857997 0.4365
-6.98251788035124 0.4364
-6.98236402667298 0.4363
-6.98220968226912 0.4362
-6.9820663675899 0.4361
-6.98193495153089 0.436
-6.98181118016861 0.4359
-6.98170716856951 0.4358
-6.98160241253085 0.4357
-6.98150927457224 0.4356
-6.98142538346854 0.4355
-6.98137912751537 0.4354
-6.98134588429908 0.4353
-6.9813412219418 0.4352
-6.98132879227025 0.4351
-6.98133227621438 0.435
-6.98136165685251 0.4349
-6.98139901517188 0.4348
-6.98144009963421 0.4347
-6.98148953227703 0.4346
-6.98154902376234 0.4345
-6.98161780147808 0.4344
-6.98168468751137 0.4343
-6.98175206551143 0.4342
-6.98181230732942 0.4341
-6.98184382087328 0.434
-6.98186720690785 0.4339
-6.98189149078454 0.4338
-6.98191501259421 0.4337
-6.98193815061432 0.4336
-6.98195729440803 0.4335
-6.98196524386587 0.4334
-6.98195716837581 0.4333
-6.98194158200694 0.4332
-6.98193554160515 0.4331
-6.98193080015258 0.433
-6.98192426219576 0.4329
-6.98190988843175 0.4328
-6.9818935232926 0.4327
-6.98188775997477 0.4326
-6.98187889974279 0.4325
-6.98188897873414 0.4324
-6.98190174643577 0.4323
-6.9819073427752 0.4322
-6.98189003356416 0.4321
-6.98187634721892 0.432
-6.98184345147602 0.4319
-6.98182198507352 0.4318
-6.98179638517251 0.4317
-6.98178485476256 0.4316
-6.98176081023233 0.4315
-6.98171255996421 0.4314
-6.98168587967954 0.4313
-6.98166043525154 0.4312
-6.98161089950972 0.4311
-6.98159249877223 0.431
-6.98158088586704 0.4309
-6.98156844638354 0.4308
-6.98155278588079 0.4307
-6.98154996219532 0.4306
-6.98154417550887 0.4305
-6.98154465131225 0.4304
-6.98155512460744 0.4303
-6.98158627111704 0.4302
-6.98160688587924 0.4301
-6.98162063011708 0.43
-6.9816486934309 0.4299
-6.98165446766526 0.4298
-6.98167397352243 0.4297
-6.98167599596268 0.4296
-6.98164756437605 0.4295
-6.98160131808797 0.4294
-6.98154717505645 0.4293
-6.98149425671318 0.4292
-6.98143843039599 0.4291
-6.981362230483 0.429
-6.98127705378896 0.4289
-6.9811789207704 0.4288
-6.98106888659648 0.4287
-6.98095460047276 0.4286
-6.9808442411621 0.4285
-6.98073387740991 0.4284
-6.98062449229903 0.4283
-6.98052575719839 0.4282
-6.98044349935578 0.4281
-6.98038541650432 0.428
-6.98033618818943 0.4279
-6.98029564615842 0.4278
-6.98027563298588 0.4277
-6.98027512114425 0.4276
-6.98028099585669 0.4275
-6.98029873083777 0.4274
-6.98034498516991 0.4273
-6.98039485313069 0.4272
-6.98042712626871 0.4271
-6.98045939150332 0.427
-6.98048915670087 0.4269
-6.98053384901975 0.4268
-6.98055411735171 0.4267
-6.980574158101 0.4266
-6.98056599267384 0.4265
-6.98057431337088 0.4264
-6.98057832093627 0.4263
-6.98058157143674 0.4262
-6.98058608155231 0.4261
-6.98060675181593 0.426
-6.98062302262989 0.4259
-6.98063101223773 0.4258
-6.98063107133045 0.4257
-6.98063573307312 0.4256
-6.98065207025009 0.4255
-6.98068680708494 0.4254
-6.98070994910996 0.4253
-6.98074642376942 0.4252
-6.98078117048337 0.4251
-6.98080942523145 0.425
-6.98083304922753 0.4249
-6.98085693946873 0.4248
-6.98088518639467 0.4247
-6.9809137765762 0.4246
-6.98092503924032 0.4245
-6.98093008761946 0.4244
-6.98094321405321 0.4243
-6.98097674216409 0.4242
-6.98100841366677 0.4241
-6.98103505629163 0.424
-6.98108366935213 0.4239
-6.98116467735513 0.4238
-6.98124750565729 0.4237
-6.98132325592182 0.4236
-6.98139716480379 0.4235
-6.98149100832229 0.4234
-6.9815995431297 0.4233
-6.98168534969905 0.4232
-6.98177756372339 0.4231
-6.98187173514186 0.423
-6.98196536883768 0.4229
-6.98205734350654 0.4228
-6.98215071135922 0.4227
-6.98223534419967 0.4226
-6.9823042385566 0.4225
-6.98236959324964 0.4224
-6.9824135486078 0.4223
-6.98245227897376 0.4222
-6.98245878185397 0.4221
-6.98245702891384 0.422
-6.98245363799527 0.4219
-6.98244453512135 0.4218
-6.98240018347431 0.4217
-6.9823708930282 0.4216
-6.98234820072836 0.4215
-6.98231403750722 0.4214
-6.98228657583709 0.4213
-6.982232562582 0.4212
-6.98217773609326 0.4211
-6.98212320601695 0.421
-6.98209094496986 0.4209
-6.98205381300594 0.4208
-6.98201709378924 0.4207
-6.98198876935267 0.4206
-6.98197695014812 0.4205
-6.98197370620049 0.4204
-6.98199199282239 0.4203
-6.98200944779662 0.4202
-6.98201284124535 0.4201
-6.98201416918672 0.42
-6.98200504288899 0.4199
-6.98199796932944 0.4198
-6.98201915657647 0.4197
-6.98203752760421 0.4196
-6.98205858867192 0.4195
-6.98210103928018 0.4194
-6.98216812191757 0.4193
-6.9822337956076 0.4192
-6.98231472299165 0.4191
-6.98239762249166 0.419
-6.98247313187878 0.4189
-6.98253769220595 0.4188
-6.98262540021424 0.4187
-6.98272154475131 0.4186
-6.98282043348529 0.4185
-6.98290789354945 0.4184
-6.98298750654664 0.4183
-6.98305149755342 0.4182
-6.98312634070849 0.4181
-6.98318611744704 0.418
-6.98323696019876 0.4179
-6.98327759645834 0.4178
-6.98327298556319 0.4177
-6.9832589756258 0.4176
-6.98324291334766 0.4175
-6.98321057096475 0.4174
-6.98316734580259 0.4173
-6.98312229395341 0.4172
-6.98305687168506 0.4171
-6.98297256911862 0.417
-6.98286552427815 0.4169
-6.98274700118512 0.4168
-6.98261386641598 0.4167
-6.98247308206166 0.4166
-6.98232305575129 0.4165
-6.98216301079017 0.4164
-6.98199189025296 0.4163
-6.98181366455184 0.4162
-6.98164039813575 0.4161
-6.98149068081643 0.416
-6.98136362066578 0.4159
-6.98124942929447 0.4158
-6.98117304329194 0.4157
-6.9811097426959 0.4156
-6.98106526146786 0.4155
-6.98101957371468 0.4154
-6.98101514782418 0.4153
-6.98103790781361 0.4152
-6.98108206325071 0.4151
-6.98114459186733 0.415
-6.98124647924193 0.4149
-6.98137113248811 0.4148
-6.9815286523746 0.4147
-6.98172629544355 0.4146
-6.98194280233703 0.4145
-6.98219619653583 0.4144
-6.98247648989045 0.4143
-6.98276936874897 0.4142
-6.98305408259853 0.4141
-6.98332226861958 0.414
-6.98358356401137 0.4139
-6.98382205489395 0.4138
-6.98401858506569 0.4137
-6.98418034247134 0.4136
-6.98430132499165 0.4135
-6.98439340418956 0.4134
-6.98444523519348 0.4133
-6.98447484284551 0.4132
-6.98447487225107 0.4131
-6.98445298611524 0.413
-6.98438916531211 0.4129
-6.98430944526175 0.4128
-6.98420814212306 0.4127
-6.9840883980317 0.4126
-6.98394756248115 0.4125
-6.9837994594003 0.4124
-6.98362935497977 0.4123
-6.98347137289211 0.4122
-6.9833298551518 0.4121
-6.98317658980388 0.412
-6.98301346187305 0.4119
-6.98287084129319 0.4118
-6.98272604199622 0.4117
-6.9826097523357 0.4116
-6.98251343597891 0.4115
-6.98245158031191 0.4114
-6.98238454666657 0.4113
-6.98234409470976 0.4112
-6.98230591131123 0.4111
-6.98229320464578 0.411
-6.9823068758807 0.4109
-6.98235714200078 0.4108
-6.98243296069747 0.4107
-6.98251059735306 0.4106
-6.98261742556327 0.4105
-6.98273342379468 0.4104
-6.98287969103308 0.4103
-6.98305844805434 0.4102
-6.98324032944085 0.4101
-6.98344224327622 0.41
-6.98364289118101 0.4099
-6.9838460002135 0.4098
-6.98405335909334 0.4097
-6.98424458469322 0.4096
-6.98444534673903 0.4095
-6.98464369490765 0.4094
-6.98482206098688 0.4093
-6.98500074015613 0.4092
-6.98517251679959 0.4091
-6.98533325073947 0.409
-6.98549155986712 0.4089
-6.98564969960058 0.4088
-6.98578184845738 0.4087
-6.98589718997954 0.4086
-6.98596276177022 0.4085
-6.98602717720616 0.4084
-6.98605123284773 0.4083
-6.98606098091197 0.4082
-6.98604275512349 0.4081
-6.98599785842983 0.408
-6.98592590758228 0.4079
-6.98583947340339 0.4078
-6.98573439995455 0.4077
-6.98562299626077 0.4076
-6.98550711500727 0.4075
-6.98539616380073 0.4074
-6.98526261218413 0.4073
-6.98512999161594 0.4072
-6.98500984116922 0.4071
-6.98488908235164 0.407
-6.98478405580159 0.4069
-6.98468401632135 0.4068
-6.98458300650704 0.4067
-6.98448029371001 0.4066
-6.98439399483257 0.4065
-6.98432815293181 0.4064
-6.98430752639591 0.4063
-6.984309838211 0.4062
-6.98433007643336 0.4061
-6.98437112491684 0.406
-6.98442054401537 0.4059
-6.98447455760212 0.4058
-6.98451811292513 0.4057
-6.98456184106484 0.4056
-6.98459986932376 0.4055
-6.98461688608981 0.4054
-6.98463094411562 0.4053
-6.98461325256616 0.4052
-6.9845839782555 0.4051
-6.98456271973107 0.405
-6.98453165367692 0.4049
-6.9845079286295 0.4048
-6.98450890047179 0.4047
-6.98452045985863 0.4046
-6.98453048296095 0.4045
-6.98454776503873 0.4044
-6.98456734543972 0.4043
-6.98457689199342 0.4042
-6.98459859022214 0.4041
-6.98461765577789 0.404
-6.9846268155641 0.4039
-6.9846490418907 0.4038
-6.98466438547799 0.4037
-6.98469700285677 0.4036
-6.98474119815542 0.4035
-6.98479499855707 0.4034
-6.9848358683867 0.4033
-6.98487191880807 0.4032
-6.98490875608047 0.4031
-6.98494773923161 0.403
-6.98498821024133 0.4029
-6.98503719824133 0.4028
-6.98507847070251 0.4027
-6.98512488582801 0.4026
-6.98516270134697 0.4025
-6.98518545201699 0.4024
-6.98521297056476 0.4023
-6.98524066082294 0.4022
-6.98527079626701 0.4021
-6.98528619438598 0.402
-6.98527595944244 0.4019
-6.98525194792365 0.4018
-6.98523539248419 0.4017
-6.98518970380638 0.4016
-6.98514585155434 0.4015
-6.98508937989114 0.4014
-6.98502081629381 0.4013
-6.98495791489405 0.4012
-6.98488519169904 0.4011
-6.98480818127676 0.401
-6.98472907654162 0.4009
-6.98465694080611 0.4008
-6.98459994927229 0.4007
-6.98453793835525 0.4006
-6.98447785341403 0.4005
-6.98440451334313 0.4004
-6.98432653927724 0.4003
-6.98426212239012 0.4002
-6.98420919053415 0.4001
-6.98415510758 0.4
-6.98411738114005 0.3999
-6.9840874985473 0.3998
-6.98406309885744 0.3997
-6.98405744533655 0.3996
-6.98405910556167 0.3995
-6.98408696018647 0.3994
-6.98412948544131 0.3993
-6.98419017983697 0.3992
-6.9842500146214 0.3991
-6.98429309483232 0.399
-6.9843287059055 0.3989
-6.98436604452294 0.3988
-6.98438027827592 0.3987
-6.98438786181881 0.3986
-6.98436086128752 0.3985
-6.98433219695576 0.3984
-6.98428377659635 0.3983
-6.98421780673357 0.3982
-6.98415071896887 0.3981
-6.98408791657002 0.398
-6.98403102754857 0.3979
-6.98397340128719 0.3978
-6.98391419721923 0.3977
-6.9838544065968 0.3976
-6.98379858328498 0.3975
-6.98373868506506 0.3974
-6.98370033984525 0.3973
-6.98366779848039 0.3972
-6.98364561769507 0.3971
-6.98364419513681 0.397
-6.9836378248174 0.3969
-6.98364483114973 0.3968
-6.98363969806698 0.3967
-6.98364008753531 0.3966
-6.98363242828796 0.3965
-6.98361564489736 0.3964
-6.98359669714674 0.3963
-6.98357317871288 0.3962
-6.98354323816643 0.3961
-6.98351553425755 0.396
-6.98347508491489 0.3959
-6.98343935270974 0.3958
-6.9834318702992 0.3957
-6.98342206118055 0.3956
-6.98342987658853 0.3955
-6.98344568469503 0.3954
-6.98347853358338 0.3953
-6.98353144216644 0.3952
-6.9836077132762 0.3951
-6.98368500562664 0.395
-6.98376469464569 0.3949
-6.98383622746403 0.3948
-6.98390058693461 0.3947
-6.9839551018373 0.3946
-6.98402331454092 0.3945
-6.98409426508913 0.3944
-6.98415460484093 0.3943
-6.98422578722116 0.3942
-6.98429771035708 0.3941
-6.98435852817247 0.394
-6.98442181284337 0.3939
-6.98448180488181 0.3938
-6.98454466772969 0.3937
-6.98463370375873 0.3936
-6.98472605627663 0.3935
-6.98483017083726 0.3934
-6.98493550509122 0.3933
-6.98505219353879 0.3932
-6.98519644636636 0.3931
-6.9853276683862 0.393
-6.98547421243817 0.3929
-6.98561781175693 0.3928
-6.98576380686725 0.3927
-6.98593310317927 0.3926
-6.98610217520938 0.3925
-6.98625973662369 0.3924
-6.98640841819719 0.3923
-6.98654623274733 0.3922
-6.98667716916365 0.3921
-6.98681130954905 0.392
-6.98692973668991 0.3919
-6.98704745373613 0.3918
-6.98716498423828 0.3917
-6.98726205164021 0.3916
-6.98734243191163 0.3915
-6.9874126842741 0.3914
-6.98746200108873 0.3913
-6.98748410416028 0.3912
-6.98748108151954 0.3911
-6.98745777916615 0.391
-6.98740723152779 0.3909
-6.98734030453525 0.3908
-6.9872601124757 0.3907
-6.98716652003563 0.3906
-6.9870809847617 0.3905
-6.98698487425535 0.3904
-6.98689065648076 0.3903
-6.98680435308705 0.3902
-6.98672387738774 0.3901
-6.98665403526664 0.39
-6.98659737573752 0.3899
-6.9865425077073 0.3898
-6.9865103563785 0.3897
-6.98651064973649 0.3896
-6.98652350172177 0.3895
-6.98654424221432 0.3894
-6.98658093920331 0.3893
-6.98663854567136 0.3892
-6.98671919753104 0.3891
-6.98680609591279 0.389
-6.98688928448542 0.3889
-6.98697010557388 0.3888
-6.98704139072242 0.3887
-6.98709448215667 0.3886
-6.98713945043307 0.3885
-6.98715728668267 0.3884
-6.98714740697092 0.3883
-6.98712872290788 0.3882
-6.98710598336102 0.3881
-6.98707573539879 0.388
-6.9870432990864 0.3879
-6.98698584830275 0.3878
-6.98691527525955 0.3877
-6.98682757741175 0.3876
-6.98671522169685 0.3875
-6.98660690901661 0.3874
-6.98649071716031 0.3873
-6.9863640916297 0.3872
-6.98623843348366 0.3871
-6.98611466606541 0.387
-6.98599161267224 0.3869
-6.98587621921143 0.3868
-6.98576946718841 0.3867
-6.98567483676629 0.3866
-6.98559601066149 0.3865
-6.98552202128288 0.3864
-6.98547551786706 0.3863
-6.98543119384086 0.3862
-6.98538386567989 0.3861
-6.98533515840116 0.386
-6.98528672216306 0.3859
-6.98524490744006 0.3858
-6.98520168802005 0.3857
-6.98515416772553 0.3856
-6.98512226687473 0.3855
-6.98509371933248 0.3854
-6.9850724340915 0.3853
-6.98505820140906 0.3852
-6.9850448324615 0.3851
-6.98503192205233 0.385
-6.98500765935046 0.3849
-6.98499365025033 0.3848
-6.9849865633286 0.3847
-6.9849752458604 0.3846
-6.98494834256679 0.3845
-6.9849198802667 0.3844
-6.98489736412345 0.3843
-6.98488599690024 0.3842
-6.98486987395964 0.3841
-6.98485891756673 0.384
-6.98483285788293 0.3839
-6.98479255838532 0.3838
-6.9847458162257 0.3837
-6.98469978557078 0.3836
-6.98464767566916 0.3835
-6.98458650023607 0.3834
-6.98451819665695 0.3833
-6.98446055472907 0.3832
-6.98439913858967 0.3831
-6.98436252392536 0.383
-6.98432950636026 0.3829
-6.98430876061042 0.3828
-6.98429720888356 0.3827
-6.98429614398711 0.3826
-6.98431795806817 0.3825
-6.9843327021765 0.3824
-6.98436425815961 0.3823
-6.9844170104502 0.3822
-6.98446111521326 0.3821
-6.98450672211405 0.382
-6.98455748912627 0.3819
-6.98461047046533 0.3818
-6.98469370411135 0.3817
-6.98477504146173 0.3816
-6.98485015952342 0.3815
-6.98491710113072 0.3814
-6.9849975800635 0.3813
-6.98509113459398 0.3812
-6.98518800179114 0.3811
-6.98530126243964 0.381
-6.98540093195167 0.3809
-6.98550434378763 0.3808
-6.98561923503944 0.3807
-6.98575233331244 0.3806
-6.98587642852817 0.3805
-6.98599409074119 0.3804
-6.98612417008236 0.3803
-6.98627336881765 0.3802
-6.98643074130211 0.3801
-6.98657809228557 0.38
-6.98672301985933 0.3799
-6.98686523659859 0.3798
-6.9870185821844 0.3797
-6.98718224896494 0.3796
-6.98735894852658 0.3795
-6.98750597608399 0.3794
-6.98766268759663 0.3793
-6.98783403592829 0.3792
-6.98800625526861 0.3791
-6.98818283338405 0.379
-6.98835046258855 0.3789
-6.98849823299853 0.3788
-6.98864301079265 0.3787
-6.98878033849798 0.3786
-6.98890740167109 0.3785
-6.98902099716052 0.3784
-6.98914229929566 0.3783
-6.98923973359832 0.3782
-6.989315991464 0.3781
-6.98937946891671 0.378
-6.98944736959603 0.3779
-6.98951647301075 0.3778
-6.98956545108607 0.3777
-6.98962580943101 0.3776
-6.98969289023688 0.3775
-6.98974764138271 0.3774
-6.98979942105245 0.3773
-6.98986621610991 0.3772
-6.9899431592488 0.3771
-6.99004405763103 0.377
-6.99016142163562 0.3769
-6.99028255363251 0.3768
-6.99040309869149 0.3767
-6.99052717450343 0.3766
-6.99063987088478 0.3765
-6.99073034892088 0.3764
-6.99081048459707 0.3763
-6.99087512519263 0.3762
-6.99093674113468 0.3761
-6.99099013637057 0.376
-6.99103754456323 0.3759
-6.99106937924607 0.3758
-6.9910860088302 0.3757
-6.99110446152678 0.3756
-6.99111115176225 0.3755
-6.99109106793485 0.3754
-6.9910739202484 0.3753
-6.99106251407098 0.3752
-6.99105736472705 0.3751
-6.99104269629259 0.375
-6.99102173160782 0.3749
-6.99099298654788 0.3748
-6.99096652722571 0.3747
-6.99092121548061 0.3746
-6.99085392807416 0.3745
-6.99077267343783 0.3744
-6.99067321185719 0.3743
-6.99057210292963 0.3742
-6.99046592164165 0.3741
-6.99034673012751 0.374
-6.99020927468734 0.3739
-6.99005922795824 0.3738
-6.98992243789815 0.3737
-6.98979423404286 0.3736
-6.98967983045123 0.3735
-6.98957166644146 0.3734
-6.98947759271047 0.3733
-6.98939389035105 0.3732
-6.98933454662056 0.3731
-6.98929334132036 0.373
-6.98924796327399 0.3729
-6.98921732270371 0.3728
-6.98919486671331 0.3727
-6.98918986583053 0.3726
-6.98921029062006 0.3725
-6.98923392628126 0.3724
-6.98925785571008 0.3723
-6.98929237220577 0.3722
-6.98933076150974 0.3721
-6.98940027070984 0.372
-6.98946385829885 0.3719
-6.98952633923556 0.3718
-6.98958085152104 0.3717
-6.9896120843499 0.3716
-6.98962760486284 0.3715
-6.98964251471377 0.3714
-6.989641257378 0.3713
-6.98962482243301 0.3712
-6.98960255497508 0.3711
-6.98959158030496 0.371
-6.98955955508482 0.3709
-6.98948741129544 0.3708
-6.98942176754067 0.3707
-6.98934862502536 0.3706
-6.98925373570263 0.3705
-6.98914596509836 0.3704
-6.98904420245132 0.3703
-6.98891920063561 0.3702
-6.98876925307106 0.3701
-6.98860295627762 0.37
-6.98842885257425 0.3699
-6.98824232471954 0.3698
-6.98806550809462 0.3697
-6.98790339696465 0.3696
-6.98775431867773 0.3695
-6.98762093298599 0.3694
-6.98751060774852 0.3693
-6.98741039470564 0.3692
-6.98732497442036 0.3691
-6.98725925394461 0.369
-6.98719858235712 0.3689
-6.9871533692819 0.3688
-6.98712682662001 0.3687
-6.98713507663296 0.3686
-6.9871372785953 0.3685
-6.98714762795649 0.3684
-6.98718816215247 0.3683
-6.98721659895666 0.3682
-6.98723896238437 0.3681
-6.987282398163 0.368
-6.98730841525733 0.3679
-6.98733886341195 0.3678
-6.98736337527894 0.3677
-6.98738909138268 0.3676
-6.98739804046889 0.3675
-6.98740357440387 0.3674
-6.98739693937181 0.3673
-6.98738704626625 0.3672
-6.98739014421209 0.3671
-6.98739067651904 0.367
-6.98738600820424 0.3669
-6.98737564287409 0.3668
-6.98737659667515 0.3667
-6.9873686535876 0.3666
-6.98737099791763 0.3665
-6.98737160288274 0.3664
-6.98740623369706 0.3663
-6.98744717321248 0.3662
-6.9874839393585 0.3661
-6.98751724910429 0.366
-6.98755455539205 0.3659
-6.98761693065464 0.3658
-6.98769130981805 0.3657
-6.9877726154258 0.3656
-6.98784686617776 0.3655
-6.98793447991314 0.3654
-6.98802464057831 0.3653
-6.98812188628979 0.3652
-6.98821475611844 0.3651
-6.9883033918639 0.365
-6.98838129207639 0.3649
-6.98846406196978 0.3648
-6.98854056161023 0.3647
-6.98862980540119 0.3646
-6.98873112625501 0.3645
-6.9888278096168 0.3644
-6.98889902360631 0.3643
-6.98897382863551 0.3642
-6.98906978322536 0.3641
-6.98916123179167 0.364
-6.98923980575617 0.3639
-6.98929788853024 0.3638
-6.98935077393263 0.3637
-6.98939371856147 0.3636
-6.98941939031294 0.3635
-6.98942124073798 0.3634
-6.98940460402378 0.3633
-6.98938670609643 0.3632
-6.98936878890803 0.3631
-6.98936071481781 0.363
-6.98935771071042 0.3629
-6.98935727494803 0.3628
-6.98936119619021 0.3627
-6.98934775174439 0.3626
-6.98933723486306 0.3625
-6.98932974602157 0.3624
-6.98930044826912 0.3623
-6.98928529025453 0.3622
-6.98926946078305 0.3621
-6.98924645654196 0.362
-6.98921049210593 0.3619
-6.98917133008713 0.3618
-6.98912838459024 0.3617
-6.98909638312471 0.3616
-6.98906517456157 0.3615
-6.98902868482031 0.3614
-6.98901128743561 0.3613
-6.9890075233116 0.3612
-6.98901481789615 0.3611
-6.98902318342731 0.361
-6.98904010546797 0.3609
-6.98904751336009 0.3608
-6.98904993890357 0.3607
-6.98906587565228 0.3606
-6.9890991012017 0.3605
-6.9891497698369 0.3604
-6.98922888773645 0.3603
-6.98932153138837 0.3602
-6.98941134466376 0.3601
-6.98950714088712 0.36
-6.98959632986632 0.3599
-6.98969392930119 0.3598
-6.98979816045696 0.3597
-6.98990535592774 0.3596
-6.99001921667956 0.3595
-6.99013980308194 0.3594
-6.99027391384037 0.3593
-6.99040734733593 0.3592
-6.99054343441707 0.3591
-6.99067823628127 0.359
-6.99080292738494 0.3589
-6.99092207878675 0.3588
-6.99102236541545 0.3587
-6.99111901608797 0.3586
-6.99120308198605 0.3585
-6.99127185882658 0.3584
-6.9913202819483 0.3583
-6.99135813262034 0.3582
-6.9913751548951 0.3581
-6.99137239055769 0.358
-6.99136406430379 0.3579
-6.99136598783918 0.3578
-6.99135179548374 0.3577
-6.99133759484782 0.3576
-6.99134048405828 0.3575
-6.9913340410891 0.3574
-6.99131022210121 0.3573
-6.99129914152703 0.3572
-6.99131590570622 0.3571
-6.99133277022801 0.357
-6.99132857060725 0.3569
-6.9913575713567 0.3568
-6.99139916714086 0.3567
-6.99142784907593 0.3566
-6.99143589133076 0.3565
-6.99145354403291 0.3564
-6.99146119416939 0.3563
-6.99147928472154 0.3562
-6.99149176001319 0.3561
-6.99149184827164 0.356
-6.99149401045388 0.3559
-6.99149286718611 0.3558
-6.99147650476436 0.3557
-6.99144528178937 0.3556
-6.99139796001882 0.3555
-6.99134739177809 0.3554
-6.9912774652163 0.3553
-6.99121041678437 0.3552
-6.99112967853454 0.3551
-6.99101976926774 0.355
-6.990892716875 0.3549
-6.99074912473658 0.3548
-6.99059379414317 0.3547
-6.99042182674552 0.3546
-6.990232290414 0.3545
-6.99004955585524 0.3544
-6.98986143117797 0.3543
-6.98966338820781 0.3542
-6.98946920551273 0.3541
-6.98927882753465 0.354
-6.98910194676494 0.3539
-6.98893156602113 0.3538
-6.98877604085044 0.3537
-6.98864535348535 0.3536
-6.9885242464644 0.3535
-6.98841115672985 0.3534
-6.98831745999041 0.3533
-6.98824862102269 0.3532
-6.98818979634747 0.3531
-6.988156472683 0.353
-6.9881416335147 0.3529
-6.98813775107078 0.3528
-6.9881518197039 0.3527
-6.98819393942722 0.3526
-6.98825572085149 0.3525
-6.98834221593001 0.3524
-6.98844138926986 0.3523
-6.98855264477091 0.3522
-6.98868558424498 0.3521
-6.98882705619698 0.352
-6.98897899955453 0.3519
-6.98914038691241 0.3518
-6.98932927863217 0.3517
-6.98951741743569 0.3516
-6.98969965941531 0.3515
-6.989889264119 0.3514
-6.99007106028736 0.3513
-6.99024664342794 0.3512
-6.99040235643379 0.3511
-6.99054984108168 0.351
-6.99065689159609 0.3509
-6.99075022947519 0.3508
-6.99083318886739 0.3507
-6.99089367407826 0.3506
-6.99094592240429 0.3505
-6.99098514655461 0.3504
-6.99100597847864 0.3503
-6.9910223741087 0.3502
-6.99103587887152 0.3501
-6.99104879111298 0.35
-6.99106323748001 0.3499
-6.99106168931455 0.3498
-6.99104952293972 0.3497
-6.99102365898316 0.3496
-6.99100592167857 0.3495
-6.99098248520334 0.3494
-6.99094583145529 0.3493
-6.99090392640247 0.3492
-6.99084824254115 0.3491
-6.99080644136915 0.349
-6.99076816056514 0.3489
-6.99074039479219 0.3488
-6.9907190765381 0.3487
-6.99069629535011 0.3486
-6.99066191113489 0.3485
-6.99065550115461 0.3484
-6.99063391583789 0.3483
-6.99063023597313 0.3482
-6.99061936903335 0.3481
-6.99060559808867 0.348
-6.99059119267025 0.3479
-6.99057662796727 0.3478
-6.99056401335526 0.3477
-6.99055087742015 0.3476
-6.99053132106933 0.3475
-6.9905276332648 0.3474
-6.99053581446983 0.3473
-6.99054273156931 0.3472
-6.99054114650786 0.3471
-6.99054476321848 0.347
-6.99055797231348 0.3469
-6.99057476311668 0.3468
-6.99059994571322 0.3467
-6.99061094925121 0.3466
-6.99061653410085 0.3465
-6.99060852443825 0.3464
-6.99060372614408 0.3463
-6.99060950680317 0.3462
-6.99059976632704 0.3461
-6.99059765160143 0.346
-6.99059619732346 0.3459
-6.99062285536614 0.3458
-6.9906679314735 0.3457
-6.99071068521541 0.3456
-6.99073861503372 0.3455
-6.99077579694132 0.3454
-6.99083084717744 0.3453
-6.99089360205076 0.3452
-6.99094425268834 0.3451
-6.99097646643247 0.345
-6.99098400393317 0.3449
-6.99097536411016 0.3448
-6.99094625916573 0.3447
-6.99091774866664 0.3446
-6.9908993935702 0.3445
-6.99086995867286 0.3444
-6.99083551291947 0.3443
-6.99079681858314 0.3442
-6.99074574045292 0.3441
-6.99070126201345 0.344
-6.99064325332904 0.3439
-6.9905766171381 0.3438
-6.99050351907427 0.3437
-6.9904411410372 0.3436
-6.99039982065578 0.3435
-6.99035090880738 0.3434
-6.99030114259888 0.3433
-6.9902606551711 0.3432
-6.99024195197135 0.3431
-6.99024529562032 0.343
-6.9902604678184 0.3429
-6.99030413781612 0.3428
-6.99034683926726 0.3427
-6.99040166459915 0.3426
-6.99046694432667 0.3425
-6.99052554658862 0.3424
-6.99059897782575 0.3423
-6.99068097457205 0.3422
-6.99076371722001 0.3421
-6.99084894926721 0.342
-6.99093506458314 0.3419
-6.99101819320574 0.3418
-6.99107503166491 0.3417
-6.99114996685484 0.3416
-6.99124605652107 0.3415
-6.99134630527232 0.3414
-6.99144862956468 0.3413
-6.99156155701413 0.3412
-6.99168990118475 0.3411
-6.99182571584636 0.341
-6.99196724087166 0.3409
-6.99211800664029 0.3408
-6.992259220751 0.3407
-6.99240147271825 0.3406
-6.99255685283287 0.3405
-6.99269458224227 0.3404
-6.99284891836459 0.3403
-6.99299127213974 0.3402
-6.9931218999492 0.3401
-6.99323535167133 0.34
-6.99335840952187 0.3399
-6.9934867632217 0.3398
-6.99359281070917 0.3397
-6.99369684232853 0.3396
-6.99379008302478 0.3395
-6.99387957220572 0.3394
-6.99395396864583 0.3393
-6.99402928470737 0.3392
-6.99410434954783 0.3391
-6.99416826089726 0.339
-6.99421650052624 0.3389
-6.99425992061545 0.3388
-6.99427106957496 0.3387
-6.9942795941258 0.3386
-6.99428131470288 0.3385
-6.99426096855047 0.3384
-6.99422266886638 0.3383
-6.99418201057086 0.3382
-6.99411090444591 0.3381
-6.99404794304775 0.338
-6.99397716920986 0.3379
-6.99388754355205 0.3378
-6.99379413302993 0.3377
-6.99370953880206 0.3376
-6.993623568121 0.3375
-6.99352952486738 0.3374
-6.99344064598455 0.3373
-6.99335039194054 0.3372
-6.99326095620918 0.3371
-6.99318239038926 0.337
-6.99312324249261 0.3369
-6.99306763806536 0.3368
-6.99302140009135 0.3367
-6.99298914037369 0.3366
-6.99297793734186 0.3365
-6.99296545339687 0.3364
-6.99298458338172 0.3363
-6.99301064364176 0.3362
-6.99307204119415 0.3361
-6.99313296233689 0.336
-6.99320809536448 0.3359
-6.99328941031768 0.3358
-6.99337769046452 0.3357
-6.99348258165886 0.3356
-6.99357878208572 0.3355
-6.99366576541436 0.3354
-6.99375864183919 0.3353
-6.99384871465347 0.3352
-6.99392945347175 0.3351
-6.99400315126785 0.335
-6.99406049641618 0.3349
-6.99411729345308 0.3348
-6.99416470852014 0.3347
-6.99419833843702 0.3346
-6.99421787857151 0.3345
-6.99423324454548 0.3344
-6.99424076241108 0.3343
-6.9942272647198 0.3342
-6.99420689640335 0.3341
-6.99417965885653 0.334
-6.99415596125294 0.3339
-6.99411817852769 0.3338
-6.99406475028499 0.3337
-6.99401835675509 0.3336
-6.99399257596135 0.3335
-6.99395721831568 0.3334
-6.99390562247324 0.3333
-6.9938514372465 0.3332
-6.9938184740196 0.3331
-6.99378557467983 0.333
-6.9937763559902 0.3329
-6.9937864820025 0.3328
-6.99381533780056 0.3327
-6.99386550515845 0.3326
-6.9939282712404 0.3325
-6.99400790614983 0.3324
-6.99408854341599 0.3323
-6.99418126823696 0.3322
-6.99427830870527 0.3321
-6.99436842025689 0.332
-6.99446851978506 0.3319
-6.99456959976315 0.3318
-6.99467046206158 0.3317
-6.99476268506792 0.3316
-6.99484104371839 0.3315
-6.99488917494638 0.3314
-6.99492562809396 0.3313
-6.99494705176115 0.3312
-6.9949556900705 0.3311
-6.99496824728523 0.331
-6.99497204907983 0.3309
-6.99496614676048 0.3308
-6.99495351883991 0.3307
-6.99494428387442 0.3306
-6.99491588414415 0.3305
-6.99489843564527 0.3304
-6.99489200726841 0.3303
-6.99488358874346 0.3302
-6.99486643757896 0.3301
-6.9948391592597 0.33
-6.99479855531098 0.3299
-6.99474974006727 0.3298
-6.9947141566618 0.3297
-6.99467583500536 0.3296
-6.99465479986814 0.3295
-6.99463738011126 0.3294
-6.99463448038594 0.3293
-6.99465355638872 0.3292
-6.9946670337548 0.3291
-6.9947040703931 0.329
-6.99475770722586 0.3289
-6.99481088540329 0.3288
-6.99485566449636 0.3287
-6.99489430160485 0.3286
-6.99490592617003 0.3285
-6.99491510806605 0.3284
-6.99492486884724 0.3283
-6.99490677344842 0.3282
-6.99487477722477 0.3281
-6.99484176250203 0.328
-6.99480433467882 0.3279
-6.99478805278086 0.3278
-6.99477244331582 0.3277
-6.9947503424115 0.3276
-6.99471821568607 0.3275
-6.99468072171138 0.3274
-6.99463471519402 0.3273
-6.99457389457518 0.3272
-6.99451132371695 0.3271
-6.99444784583139 0.327
-6.99440458699728 0.3269
-6.99438470707356 0.3268
-6.99437825837959 0.3267
-6.99436950825919 0.3266
-6.99436590128266 0.3265
-6.99439819023756 0.3264
-6.99443828614187 0.3263
-6.99448046179464 0.3262
-6.99453031210175 0.3261
-6.99457550399934 0.326
-6.99464379197025 0.3259
-6.99472560399071 0.3258
-6.99478444140015 0.3257
-6.99483698563546 0.3256
-6.99488333841964 0.3255
-6.99491466859525 0.3254
-6.99494313545178 0.3253
-6.99497512223906 0.3252
-6.99498594241642 0.3251
-6.99499032163837 0.325
-6.99499723627842 0.3249
-6.99499635078969 0.3248
-6.99497212307111 0.3247
-6.99493950592412 0.3246
-6.99489157229056 0.3245
-6.99484924403946 0.3244
-6.99480209314699 0.3243
-6.99476372847586 0.3242
-6.99472475291976 0.3241
-6.99468122405912 0.324
-6.99465624271306 0.3239
-6.9946513897003 0.3238
-6.9946576449121 0.3237
-6.99466242368964 0.3236
-6.99466599032512 0.3235
-6.99469994646318 0.3234
-6.99474822776855 0.3233
-6.99480522148766 0.3232
-6.9948791206153 0.3231
-6.99496877015095 0.323
-6.9950568717692 0.3229
-6.99514731872304 0.3228
-6.99521951372602 0.3227
-6.99528121115275 0.3226
-6.9953520039333 0.3225
-6.99541400131234 0.3224
-6.99546772616583 0.3223
-6.99548986874548 0.3222
-6.99551493254168 0.3221
-6.99554141244518 0.322
-6.99555549039083 0.3219
-6.99556028128456 0.3218
-6.99555629773839 0.3217
-6.9955457103811 0.3216
-6.99550900647314 0.3215
-6.99546534826548 0.3214
-6.9954192242616 0.3213
-6.99535907787771 0.3212
-6.99528502631429 0.3211
-6.99521609970054 0.321
-6.99514642229538 0.3209
-6.99507641590852 0.3208
-6.9950203855383 0.3207
-6.99497397973586 0.3206
-6.99492794868731 0.3205
-6.99488317255836 0.3204
-6.99482653284208 0.3203
-6.99479078617919 0.3202
-6.9947573100298 0.3201
-6.99474591097888 0.32
-6.99473880210823 0.3199
-6.99474316498974 0.3198
-6.9947460431226 0.3197
-6.99475315253848 0.3196
-6.99479551966522 0.3195
-6.9948412198254 0.3194
-6.99488656918273 0.3193
-6.99494047430397 0.3192
-6.99501928571137 0.3191
-6.99511339261408 0.319
-6.99522385170546 0.3189
-6.99535361747155 0.3188
-6.99548302289956 0.3187
-6.9956241030148 0.3186
-6.9957740615229 0.3185
-6.99592876940096 0.3184
-6.99609738227435 0.3183
-6.99627810596637 0.3182
-6.99644420008624 0.3181
-6.99661438987074 0.318
-6.99678217547372 0.3179
-6.99693982228513 0.3178
-6.997091899704 0.3177
-6.99723146099117 0.3176
-6.99735950342856 0.3175
-6.99748988424412 0.3174
-6.99761463743866 0.3173
-6.99772258323158 0.3172
-6.99781019128907 0.3171
-6.99789814264871 0.317
-6.99797954986996 0.3169
-6.99804670676585 0.3168
-6.99810324123591 0.3167
-6.99816256377395 0.3166
-6.99819903824069 0.3165
-6.99822014239243 0.3164
-6.99821527435837 0.3163
-6.99819272491582 0.3162
-6.99816487673367 0.3161
-6.99809963833172 0.316
-6.99802185406883 0.3159
-6.99793182029712 0.3158
-6.997842387312 0.3157
-6.99776642019484 0.3156
-6.99767469598946 0.3155
-6.99759003463138 0.3154
-6.99751859503474 0.3153
-6.99744737019969 0.3152
-6.99737344045612 0.3151
-6.99730840980784 0.315
-6.99726911907978 0.3149
-6.99725980592062 0.3148
-6.99727283990519 0.3147
-6.99729027872856 0.3146
-6.99730656207402 0.3145
-6.99733398204206 0.3144
-6.99734851120958 0.3143
-6.99734163574513 0.3142
-6.9973309279795 0.3141
-6.99731372676772 0.314
-6.99728366273784 0.3139
-6.99724870662188 0.3138
-6.99721562935544 0.3137
-6.99717363225407 0.3136
-6.99712552185296 0.3135
-6.99704322287776 0.3134
-6.99695531533783 0.3133
-6.99685184833693 0.3132
-6.99673081006209 0.3131
-6.99660111045507 0.313
-6.99646049100282 0.3129
-6.99629907789298 0.3128
-6.99612550605166 0.3127
-6.99596334322111 0.3126
-6.99580502692527 0.3125
-6.99565766133992 0.3124
-6.99551953539809 0.3123
-6.99539899552556 0.3122
-6.99529161029518 0.3121
-6.99520690976955 0.312
-6.99513839957744 0.3119
-6.99510140486827 0.3118
-6.99508955128386 0.3117
-6.99511660431472 0.3116
-6.99516767310798 0.3115
-6.99524428495308 0.3114
-6.99533300396557 0.3113
-6.99544034222059 0.3112
-6.99556034056386 0.3111
-6.99569805700361 0.311
-6.99584432999162 0.3109
-6.99599585031153 0.3108
-6.99613837566743 0.3107
-6.99627614814062 0.3106
-6.99640101378896 0.3105
-6.99651026319508 0.3104
-6.99660712615003 0.3103
-6.99668895902164 0.3102
-6.99674946297173 0.3101
-6.99681253185647 0.31
-6.99686438327879 0.3099
-6.99689726275072 0.3098
-6.99692384464039 0.3097
-6.99693177457747 0.3096
-6.99692874792579 0.3095
-6.99692912097521 0.3094
-6.99690265223987 0.3093
-6.99684150297413 0.3092
-6.99678584212881 0.3091
-6.99674723313489 0.309
-6.99672193970648 0.3089
-6.99668801832242 0.3088
-6.99664176329428 0.3087
-6.99660191091343 0.3086
-6.99657397774301 0.3085
-6.99656579345509 0.3084
-6.99658764974026 0.3083
-6.99660512837977 0.3082
-6.99661645233498 0.3081
-6.99663289660176 0.308
-6.99665773584878 0.3079
-6.99668377091903 0.3078
-6.99671768329366 0.3077
-6.99676595940839 0.3076
-6.9968289347874 0.3075
-6.99689253884412 0.3074
-6.99695280626172 0.3073
-6.99698658405013 0.3072
-6.99699065253105 0.3071
-6.99698056738057 0.307
-6.99697758270372 0.3069
-6.99698890064478 0.3068
-6.99701790042809 0.3067
-6.9970569482443 0.3066
-6.99710750038016 0.3065
-6.99716174905276 0.3064
-6.99720680777909 0.3063
-6.99724447386394 0.3062
-6.99725471789511 0.3061
-6.99726699071734 0.306
-6.99726225862611 0.3059
-6.99724420860021 0.3058
-6.99720853363663 0.3057
-6.99714107352229 0.3056
-6.99705375937621 0.3055
-6.99696126301066 0.3054
-6.99685816549347 0.3053
-6.99674031284723 0.3052
-6.99661757580927 0.3051
-6.99651037082483 0.305
-6.9964263219783 0.3049
-6.99633664571599 0.3048
-6.996257434263 0.3047
-6.99620138327826 0.3046
-6.99614790099212 0.3045
-6.99611222422758 0.3044
-6.99610315993561 0.3043
-6.99610267898932 0.3042
-6.99611751153214 0.3041
-6.99612762273347 0.304
-6.99615093945572 0.3039
-6.99618135964887 0.3038
-6.99622827442705 0.3037
-6.99628388718588 0.3036
-6.99634814398482 0.3035
-6.99641224760785 0.3034
-6.99646302243486 0.3033
-6.99652594523488 0.3032
-6.99659764111032 0.3031
-6.99667871755415 0.303
-6.99675199057793 0.3029
-6.99682894275788 0.3028
-6.99690246976874 0.3027
-6.99696330095285 0.3026
-6.99703034301374 0.3025
-6.99711079064951 0.3024
-6.9971947432605 0.3023
-6.99728586280138 0.3022
-6.99738579692693 0.3021
-6.99748931159608 0.302
-6.99759833425682 0.3019
-6.99772289857268 0.3018
-6.99783176691109 0.3017
-6.99791935417239 0.3016
-6.99798661190976 0.3015
-6.9980298585056 0.3014
-6.99805048191953 0.3013
-6.99804878947561 0.3012
-6.99803092481978 0.3011
-6.9979683474855 0.301
-6.9978807785196 0.3009
-6.99778332599879 0.3008
-6.99766417076226 0.3007
-6.997542416385 0.3006
-6.99742308578059 0.3005
-6.99732320501752 0.3004
-6.9972100867501 0.3003
-6.99709582855648 0.3002
-6.99698749239969 0.3001
-6.99689607298231 0.3
-6.99681920820669 0.2999
-6.99672570171711 0.2998
-6.99666048668896 0.2997
-6.99659971837641 0.2996
-6.99654069225531 0.2995
-6.99648160016653 0.2994
-6.99643377432577 0.2993
-6.99638921433034 0.2992
-6.99634656117468 0.2991
-6.99630744537989 0.299
-6.99625910810633 0.2989
-6.99622148628353 0.2988
-6.99617378800211 0.2987
-6.99612983854887 0.2986
-6.99609157444784 0.2985
-6.99604513370829 0.2984
-6.99598376580509 0.2983
-6.99591937767922 0.2982
-6.99584599101619 0.2981
-6.99577602400063 0.298
-6.99571944900366 0.2979
-6.995667722573 0.2978
-6.99560236823009 0.2977
-6.99553794612067 0.2976
-6.99548864743097 0.2975
-6.99546685012465 0.2974
-6.99545383827905 0.2973
-6.99545311635873 0.2972
-6.99545810787163 0.2971
-6.99546575619734 0.297
-6.99550035322663 0.2969
-6.99553770770996 0.2968
-6.99559073364452 0.2967
-6.99567441761707 0.2966
-6.99576030768619 0.2965
-6.99586317764218 0.2964
-6.99598369611731 0.2963
-6.99611069144905 0.2962
-6.99625637529105 0.2961
-6.99640050827073 0.296
-6.9965393487026 0.2959
-6.99671730754069 0.2958
-6.99691432596601 0.2957
-6.99711204078664 0.2956
-6.99729675175479 0.2955
-6.99748543722454 0.2954
-6.99766493445426 0.2953
-6.99784593876915 0.2952
-6.99803118187964 0.2951
-6.99820847477511 0.295
-6.99838321573093 0.2949
-6.99854081178165 0.2948
-6.99868866712691 0.2947
-6.99882477568157 0.2946
-6.99893654324293 0.2945
-6.99903727884252 0.2944
-6.99911026421297 0.2943
-6.99916842397974 0.2942
-6.99920410065815 0.2941
-6.99921156842805 0.294
-6.99920378693208 0.2939
-6.99918192231635 0.2938
-6.99917198049016 0.2937
-6.99915477512146 0.2936
-6.99912075242631 0.2935
-6.99906614381943 0.2934
-6.99901707612153 0.2933
-6.99896724623926 0.2932
-6.998904355724 0.2931
-6.99885155613719 0.293
-6.99882074765147 0.2929
-6.99879799754767 0.2928
-6.99878543589054 0.2927
-6.9987801689771 0.2926
-6.99879140104197 0.2925
-6.99882903663395 0.2924
-6.99890475498647 0.2923
-6.99901196661016 0.2922
-6.99915057316064 0.2921
-6.99929059073003 0.292
-6.99943615795382 0.2919
-6.99957683153676 0.2918
-6.99972145354134 0.2917
-6.99987184053426 0.2916
-7.00000904589882 0.2915
-7.00013578858752 0.2914
-7.00024874347082 0.2913
-7.00034892680295 0.2912
-7.00043529778287 0.2911
-7.00050515201516 0.291
-7.00055865433847 0.2909
-7.00059663992875 0.2908
-7.00060713835354 0.2907
-7.00060192956384 0.2906
-7.00059371027653 0.2905
-7.00056835330117 0.2904
-7.00055990304765 0.2903
-7.00053897886697 0.2902
-7.00050573515621 0.2901
-7.00047450144001 0.29
-7.00044291342321 0.2899
-7.00041205699192 0.2898
-7.00036529223122 0.2897
-7.00031923165068 0.2896
-7.00023926908464 0.2895
-7.00015899519108 0.2894
-7.00008262199207 0.2893
-7.00000060303964 0.2892
-6.99992631306743 0.2891
-6.99985161527703 0.289
-6.99978849846632 0.2889
-6.99971389593307 0.2888
-6.99963468986236 0.2887
-6.99957242698317 0.2886
-6.99951767448215 0.2885
-6.99944557622288 0.2884
-6.9993881269777 0.2883
-6.9993403299759 0.2882
-6.99929036372899 0.2881
-6.99923495839618 0.288
-6.9991998144401 0.2879
-6.9991606035101 0.2878
-6.99913655599837 0.2877
-6.9991190527597 0.2876
-6.99910712188602 0.2875
-6.99909923978404 0.2874
-6.99910327664422 0.2873
-6.99912591323024 0.2872
-6.99916138605696 0.2871
-6.99919982436023 0.287
-6.99923934449484 0.2869
-6.99927782796452 0.2868
-6.99929842762896 0.2867
-6.99931284556748 0.2866
-6.99931749273057 0.2865
-6.99932366155022 0.2864
-6.99931463740216 0.2863
-6.99929304999228 0.2862
-6.99927959163788 0.2861
-6.99925984152355 0.286
-6.9992541484711 0.2859
-6.99924550965383 0.2858
-6.99924237740014 0.2857
-6.99926120718048 0.2856
-6.99927501344332 0.2855
-6.99927730806312 0.2854
-6.9992789587495 0.2853
-6.99928998204612 0.2852
-6.99930331507092 0.2851
-6.99933456128809 0.285
-6.99937428298532 0.2849
-6.99941780888807 0.2848
-6.99946019485708 0.2847
-6.99949471261626 0.2846
-6.99952371321847 0.2845
-6.99955617386513 0.2844
-6.9996130671218 0.2843
-6.9996878873627 0.2842
-6.99977559333698 0.2841
-6.99986593424897 0.284
-6.99995413909277 0.2839
-7.00003655555473 0.2838
-7.00010427607998 0.2837
-7.00017923758538 0.2836
-7.0002496218645 0.2835
-7.0003257529324 0.2834
-7.00041043069501 0.2833
-7.00049032961425 0.2832
-7.00057139409091 0.2831
-7.00064971996295 0.283
-7.00071547792834 0.2829
-7.00077510770496 0.2828
-7.00083518061002 0.2827
-7.00089880312587 0.2826
-7.00098296344536 0.2825
-7.00105965893468 0.2824
-7.0011278933219 0.2823
-7.00120499942117 0.2822
-7.00129689387082 0.2821
-7.00137189508818 0.282
-7.00142655152018 0.2819
-7.00146343951129 0.2818
-7.0014774985131 0.2817
-7.00149107119531 0.2816
-7.00149032172018 0.2815
-7.00148391134438 0.2814
-7.00147138756903 0.2813
-7.00144633395261 0.2812
-7.00141899086893 0.2811
-7.00139389612111 0.281
-7.00135196969308 0.2809
-7.0013150885395 0.2808
-7.00127046999154 0.2807
-7.00119080884681 0.2806
-7.00109945740093 0.2805
-7.0009914112969 0.2804
-7.00088914887645 0.2803
-7.00079331873326 0.2802
-7.00068985388669 0.2801
-7.00058091114216 0.28
-7.00046368211872 0.2799
-7.00036277994851 0.2798
-7.00028229345772 0.2797
-7.00019999777396 0.2796
-7.00012955871878 0.2795
-7.00005187381623 0.2794
-6.99998176208578 0.2793
-6.99992783337233 0.2792
-6.99987415072954 0.2791
-6.99982868100882 0.279
-6.99979700769959 0.2789
-6.99974578392074 0.2788
-6.99968804747911 0.2787
-6.99964581279888 0.2786
-6.99958996506023 0.2785
-6.99953192188383 0.2784
-6.99946519319196 0.2783
-6.99940789770429 0.2782
-6.99935197089703 0.2781
-6.99930367562007 0.278
-6.99926253650394 0.2779
-6.99923628450272 0.2778
-6.99920757476365 0.2777
-6.99917695183549 0.2776
-6.99914478204396 0.2775
-6.99909972847467 0.2774
-6.99905129616576 0.2773
-6.99900288828487 0.2772
-6.99893895762251 0.2771
-6.99887073860604 0.277
-6.99881467504547 0.2769
-6.99875121514119 0.2768
-6.99868524987472 0.2767
-6.9986420479064 0.2766
-6.99858485506859 0.2765
-6.99852136255601 0.2764
-6.99846298723326 0.2763
-6.99841358839404 0.2762
-6.99836150201163 0.2761
-6.99831043607258 0.276
-6.99825712633469 0.2759
-6.99819437737632 0.2758
-6.99814204171962 0.2757
-6.99809728367976 0.2756
-6.99804831883301 0.2755
-6.99801225356498 0.2754
-6.99798225099439 0.2753
-6.99796402446386 0.2752
-6.99795205363658 0.2751
-6.99795133221703 0.275
-6.99795100665082 0.2749
-6.99796070473876 0.2748
-6.99798374236977 0.2747
-6.99802245844572 0.2746
-6.99808678192682 0.2745
-6.99814830517087 0.2744
-6.99823279170108 0.2743
-6.9983061292176 0.2742
-6.9983916523762 0.2741
-6.9984923043707 0.274
-6.99859482926951 0.2739
-6.99870477492315 0.2738
-6.99880705562862 0.2737
-6.99892150072572 0.2736
-6.9990405407862 0.2735
-6.99917046319592 0.2734
-6.99931241894995 0.2733
-6.99944212702483 0.2732
-6.99957187291768 0.2731
-6.99969396695818 0.273
-6.99980801557714 0.2729
-6.99990129121177 0.2728
-6.99997090758118 0.2727
-7.00002968029953 0.2726
-7.00008830992439 0.2725
-7.00015119987589 0.2724
-7.00019777295582 0.2723
-7.00021842644395 0.2722
-7.00023175452005 0.2721
-7.00023536888248 0.272
-7.00024014499207 0.2719
-7.00024520573122 0.2718
-7.00025522504031 0.2717
-7.00028271860221 0.2716
-7.00028357879701 0.2715
-7.00028998098277 0.2714
-7.00030380921476 0.2713
-7.00031225862266 0.2712
-7.00031155403705 0.2711
-7.00031720869996 0.271
-7.00031826279156 0.2709
-7.00032187996029 0.2708
-7.00032230606569 0.2707
-7.00031647848347 0.2706
-7.00030747067816 0.2705
-7.00030064463554 0.2704
-7.00028487583216 0.2703
-7.00024513750647 0.2702
-7.00020109953053 0.2701
-7.00017418095905 0.27
-7.00013382608684 0.2699
-7.00009749155445 0.2698
-7.00005496740372 0.2697
-7.00001687843924 0.2696
-7.00000245974718 0.2695
-7.00000837187916 0.2694
-7.00001664614573 0.2693
-7.00004721246737 0.2692
-7.00007202985817 0.2691
-7.00009476522516 0.269
-7.00011949982694 0.2689
-7.00014232450405 0.2688
-7.00017621913215 0.2687
-7.00020330510301 0.2686
-7.00023380126557 0.2685
-7.00025764600582 0.2684
-7.00028282749673 0.2683
-7.00028977978756 0.2682
-7.00029424223372 0.2681
-7.0002887920769 0.268
-7.00027784789708 0.2679
-7.00024932150408 0.2678
-7.00020800011838 0.2677
-7.00015844231608 0.2676
-7.00011143316333 0.2675
-7.00004764302119 0.2674
-6.99999833878522 0.2673
-6.9999518057334 0.2672
-6.99991101705518 0.2671
-6.99987795403414 0.267
-6.99983884151773 0.2669
-6.99980599230978 0.2668
-6.99979768618367 0.2667
-6.99979809091221 0.2666
-6.99979904001122 0.2665
-6.99982100879579 0.2664
-6.99983580806794 0.2663
-6.99987083766462 0.2662
-6.99991261572485 0.2661
-6.99995247649558 0.266
-7.00001735641583 0.2659
-7.00009200859067 0.2658
-7.00016215349953 0.2657
-7.00022031471724 0.2656
-7.00026570839553 0.2655
-7.00031158912397 0.2654
-7.00035182401715 0.2653
-7.00037934375218 0.2652
-7.00040127911937 0.2651
-7.00042041690224 0.265
-7.00042674379273 0.2649
-7.00043088687523 0.2648
-7.00044440200611 0.2647
-7.00046851332056 0.2646
-7.00051353626702 0.2645
-7.00056354145794 0.2644
-7.00059402343614 0.2643
-7.00062339900145 0.2642
-7.00066022680397 0.2641
-7.00069458987402 0.264
-7.00071770195964 0.2639
-7.00075555789108 0.2638
-7.00077389173022 0.2637
-7.00079131813578 0.2636
-7.00079292764752 0.2635
-7.00079876655252 0.2634
-7.0007923061608 0.2633
-7.00077749802538 0.2632
-7.00074539148279 0.2631
-7.00070645219976 0.263
-7.00066569750821 0.2629
-7.0006283146006 0.2628
-7.00059900446725 0.2627
-7.00058624789735 0.2626
-7.00059187868516 0.2625
-7.0005994627914 0.2624
-7.00061975954679 0.2623
-7.00067812342948 0.2622
-7.0007390228624 0.2621
-7.00081758546821 0.262
-7.00089386234781 0.2619
-7.00097366985557 0.2618
-7.00106509765112 0.2617
-7.00115956412477 0.2616
-7.0012454706086 0.2615
-7.00132216328784 0.2614
-7.0013766642444 0.2613
-7.0014182514951 0.2612
-7.00144315602416 0.2611
-7.00144245232453 0.261
-7.00143967551163 0.2609
-7.0014029621347 0.2608
-7.00133717196639 0.2607
-7.00127317627262 0.2606
-7.00119858050224 0.2605
-7.00111622915801 0.2604
-7.00102933432816 0.2603
-7.00093193960613 0.2602
-7.00081944402736 0.2601
-7.00071140204037 0.26
-7.00061321518908 0.2599
-7.0005279215953 0.2598
-7.00044427367798 0.2597
-7.0003564576271 0.2596
-7.00027783722243 0.2595
-7.00021128145495 0.2594
-7.0001349589444 0.2593
-7.00007259283072 0.2592
-7.00001436456874 0.2591
-6.99995669293278 0.259
-6.99990067636117 0.2589
-6.99986932744813 0.2588
-6.99985744627335 0.2587
-6.9998592922527 0.2586
-6.999866093119 0.2585
-6.99990624665413 0.2584
-6.99994161431034 0.2583
-6.99999053853458 0.2582
-7.00001128978824 0.2581
-7.0000208901667 0.258
-7.00002928628652 0.2579
-7.00004022732208 0.2578
-7.00002073524715 0.2577
-7.00001382126259 0.2576
-7.0000034796733 0.2575
-7.0000003484003 0.2574
-6.99999129006094 0.2573
-6.99997830268106 0.2572
-6.99996266778476 0.2571
-6.99995862415751 0.257
-6.99994731634505 0.2569
-6.99993527577069 0.2568
-6.9999167540306 0.2567
-6.99990601794028 0.2566
-6.99990024769982 0.2565
-6.99989287476311 0.2564
-6.99988604397344 0.2563
-6.99989309374198 0.2562
-6.99990852255032 0.2561
-6.99991071154005 0.256
-6.99992990785196 0.2559
-6.99995032743165 0.2558
-6.99998297001817 0.2557
-6.9999966388939 0.2556
-6.99999780835116 0.2555
-7.0000036118771 0.2554
-7.00000653577779 0.2553
-7.00002465798425 0.2552
-7.00004935437659 0.2551
-7.00007556257438 0.255
-7.00011029280149 0.2549
-7.000151514892 0.2548
-7.00019627822641 0.2547
-7.00025241489054 0.2546
-7.00034226167332 0.2545
-7.00045841238178 0.2544
-7.00058657616455 0.2543
-7.00073065243339 0.2542
-7.00087654565159 0.2541
-7.00103132023363 0.254
-7.00119736604003 0.2539
-7.00135900761168 0.2538
-7.00153792738385 0.2537
-7.00170877784207 0.2536
-7.00187671832635 0.2535
-7.00206054835865 0.2534
-7.00222841852509 0.2533
-7.00238903018064 0.2532
-7.00253278044109 0.2531
-7.00265914639007 0.253
-7.00276720142252 0.2529
-7.00286877615216 0.2528
-7.00295789126056 0.2527
-7.00301816731712 0.2526
-7.00306352802589 0.2525
-7.00308465212399 0.2524
-7.00306957443913 0.2523
-7.00303686505674 0.2522
-7.00300005836795 0.2521
-7.00293670821611 0.252
-7.00285618265816 0.2519
-7.00275261452273 0.2518
-7.00262233894614 0.2517
-7.00249062168248 0.2516
-7.00233725718386 0.2515
-7.00216321570928 0.2514
-7.00198561481708 0.2513
-7.00179633195303 0.2512
-7.00162238420497 0.2511
-7.00147277183129 0.251
-7.00132651330558 0.2509
-7.00120071066449 0.2508
-7.00109413657137 0.2507
-7.00101909267114 0.2506
-7.0009511467718 0.2505
-7.00089009016365 0.2504
-7.00083516570367 0.2503
-7.00079133419112 0.2502
-7.00075202430313 0.2501
-7.00072625734489 0.25
-7.00070635490828 0.2499
-7.00069167051781 0.2498
-7.00069164418351 0.2497
-7.00069367729474 0.2496
-7.00071989252051 0.2495
-7.00075590059214 0.2494
-7.00081040583671 0.2493
-7.00086917809068 0.2492
-7.000955324473 0.2491
-7.00107227163893 0.249
-7.00120555565357 0.2489
-7.00135502562666 0.2488
-7.00150895067075 0.2487
-7.00166973563058 0.2486
-7.00183383044958 0.2485
-7.0019760555559 0.2484
-7.00210279656905 0.2483
-7.00221943097867 0.2482
-7.00231727668359 0.2481
-7.00240735831419 0.248
-7.00250181493251 0.2479
-7.00257782100304 0.2478
-7.0026295909799 0.2477
-7.00263846796505 0.2476
-7.00261777524291 0.2475
-7.00258709556753 0.2474
-7.0025473071977 0.2473
-7.00249286400599 0.2472
-7.00244624322951 0.2471
-7.00239308030284 0.247
-7.00234542825114 0.2469
-7.00230551764306 0.2468
-7.00228789543347 0.2467
-7.00227263576723 0.2466
-7.00226843347796 0.2465
-7.00227106884794 0.2464
-7.00227754467714 0.2463
-7.00228624354306 0.2462
-7.00229679733731 0.2461
-7.00230956475087 0.246
-7.00232042341026 0.2459
-7.00233419746867 0.2458
-7.00233257592588 0.2457
-7.0023334879235 0.2456
-7.00233808680382 0.2455
-7.00232748393119 0.2454
-7.00230784000882 0.2453
-7.00227652562548 0.2452
-7.00223078003242 0.2451
-7.00219912782559 0.245
-7.00216573844486 0.2449
-7.00211908907297 0.2448
-7.00206665045565 0.2447
-7.00200267984286 0.2446
-7.00193222472561 0.2445
-7.00186056189669 0.2444
-7.00180176056365 0.2443
-7.00176083326715 0.2442
-7.00171657565624 0.2441
-7.00168889307946 0.244
-7.00168154058457 0.2439
-7.001681989051 0.2438
-7.00168606813167 0.2437
-7.00169642853822 0.2436
-7.00170833144303 0.2435
-7.0017081080913 0.2434
-7.00172325743089 0.2433
-7.00174111019793 0.2432
-7.0017723108578 0.2431
-7.00180588541472 0.243
-7.00183086352337 0.2429
-7.00185932006972 0.2428
-7.00188204831804 0.2427
-7.00188059017847 0.2426
-7.00189081177271 0.2425
-7.00188956273887 0.2424
-7.00190061497613 0.2423
-7.00189933747411 0.2422
-7.00188638543838 0.2421
-7.00188390012235 0.242
-7.00186902045802 0.2419
-7.00185204104557 0.2418
-7.00184324074273 0.2417
-7.00185029760116 0.2416
-7.00186056155746 0.2415
-7.00186115330529 0.2414
-7.00185527679018 0.2413
-7.00184474036129 0.2412
-7.00183496165545 0.2411
-7.0018097313505 0.241
-7.00178022084201 0.2409
-7.00176345389931 0.2408
-7.00176344146423 0.2407
-7.00174998670788 0.2406
-7.00173477837154 0.2405
-7.0017305347514 0.2404
-7.00173120575248 0.2403
-7.00172157441806 0.2402
-7.00172620063587 0.2401
-7.00172857577707 0.24
-7.00173749203118 0.2399
-7.00175996102126 0.2398
-7.00178106653052 0.2397
-7.00179228327726 0.2396
-7.00179812407871 0.2395
-7.00178810097747 0.2394
-7.00177770594363 0.2393
-7.00176240699529 0.2392
-7.0017376230071 0.2391
-7.00171609875386 0.239
-7.00167813234484 0.2389
-7.0016469595923 0.2388
-7.00164113044657 0.2387
-7.00163731401032 0.2386
-7.00163995367206 0.2385
-7.00167192193582 0.2384
-7.00171828917478 0.2383
-7.00177819251307 0.2382
-7.00185567458038 0.2381
-7.00193557598315 0.238
-7.00202773299866 0.2379
-7.00212511607728 0.2378
-7.00221017901002 0.2377
-7.00230277630074 0.2376
-7.00239342759143 0.2375
-7.00246881527668 0.2374
-7.00254549867005 0.2373
-7.00262325022576 0.2372
-7.00271082086341 0.2371
-7.00281801005231 0.237
-7.00292682218008 0.2369
-7.00300639387027 0.2368
-7.0030764034685 0.2367
-7.00313454128504 0.2366
-7.00318996852751 0.2365
-7.00322185707503 0.2364
-7.00324019582864 0.2363
-7.00322768706335 0.2362
-7.00320595271906 0.2361
-7.00316109319868 0.236
-7.00309664567058 0.2359
-7.00300823283095 0.2358
-7.00291527657609 0.2357
-7.00283317824271 0.2356
-7.00273764427905 0.2355
-7.00262715904243 0.2354
-7.00253019167168 0.2353
-7.00243876420915 0.2352
-7.00234489913825 0.2351
-7.0022544361437 0.235
-7.00217424471799 0.2349
-7.00211543252669 0.2348
-7.00208439240253 0.2347
-7.00206931450217 0.2346
-7.00206952693399 0.2345
-7.0020850725758 0.2344
-7.00211659319602 0.2343
-7.00215520117714 0.2342
-7.00219831851702 0.2341
-7.00223165284697 0.234
-7.00227848480493 0.2339
-7.00234391753149 0.2338
-7.00242043292749 0.2337
-7.00250670562733 0.2336
-7.00259072883262 0.2335
-7.00267903733705 0.2334
-7.00274063061878 0.2333
-7.00280500061308 0.2332
-7.00284784542622 0.2331
-7.00289754317691 0.233
-7.00294932090169 0.2329
-7.00299036735493 0.2328
-7.00302844568294 0.2327
-7.00304540102034 0.2326
-7.00306073751872 0.2325
-7.00307973225341 0.2324
-7.00308320597571 0.2323
-7.00309204855012 0.2322
-7.0030865832946 0.2321
-7.00307609694749 0.232
-7.00307040009981 0.2319
-7.00305241157726 0.2318
-7.00302459579186 0.2317
-7.00299718254939 0.2316
-7.00297087605137 0.2315
-7.00294080727581 0.2314
-7.00292511339693 0.2313
-7.00291787988185 0.2312
-7.00290291661212 0.2311
-7.00291165378084 0.231
-7.00290867394269 0.2309
-7.00290373727482 0.2308
-7.00291549736028 0.2307
-7.00292433102037 0.2306
-7.00294750472507 0.2305
-7.00298045348898 0.2304
-7.0030379817688 0.2303
-7.00310231003759 0.2302
-7.0031809069762 0.2301
-7.00325892516718 0.23
-7.00334638424972 0.2299
-7.0034478419334 0.2298
-7.00355970599803 0.2297
-7.00367859797645 0.2296
-7.00378735653785 0.2295
-7.0039010522577 0.2294
-7.00402556561289 0.2293
-7.0041411068327 0.2292
-7.00423893704165 0.2291
-7.00432937075135 0.229
-7.00441848448973 0.2289
-7.0044918646982 0.2288
-7.00455585211525 0.2287
-7.00459502967236 0.2286
-7.00462504313064 0.2285
-7.00464659931127 0.2284
-7.00464070460763 0.2283
-7.0046290960636 0.2282
-7.00461595666931 0.2281
-7.00457061986336 0.228
-7.00449465158435 0.2279
-7.00441221798083 0.2278
-7.00431602851369 0.2277
-7.00420194139781 0.2276
-7.00407780549236 0.2275
-7.00395870910418 0.2274
-7.00383352101481 0.2273
-7.00371531244283 0.2272
-7.00361560238461 0.2271
-7.00352540265712 0.227
-7.00346303498709 0.2269
-7.00343901607602 0.2268
-7.00342852605717 0.2267
-7.00344588445118 0.2266
-7.00348933721201 0.2265
-7.00355188681693 0.2264
-7.0036270157203 0.2263
-7.00372615391603 0.2262
-7.00380785151218 0.2261
-7.00389500969663 0.226
-7.0039926557392 0.2259
-7.00410083916455 0.2258
-7.0042061352231 0.2257
-7.00432020833136 0.2256
-7.00444070729041 0.2255
-7.00455862212639 0.2254
-7.00466511997793 0.2253
-7.00478776673442 0.2252
-7.00490109238382 0.2251
-7.00499166066025 0.225
-7.00507648701256 0.2249
-7.00513326998645 0.2248
-7.00516246893197 0.2247
-7.00516076428744 0.2246
-7.00513370653931 0.2245
-7.00510660381269 0.2244
-7.00507029640967 0.2243
-7.00502024232882 0.2242
-7.00496011422987 0.2241
-7.00488402014 0.224
-7.00478895526804 0.2239
-7.00470064541924 0.2238
-7.00462125712906 0.2237
-7.00455394828109 0.2236
-7.00446785257408 0.2235
-7.00439319411925 0.2234
-7.00433756981413 0.2233
-7.0043004748092 0.2232
-7.00427595233125 0.2231
-7.00426125130372 0.223
-7.00426699513382 0.2229
-7.00427609851257 0.2228
-7.00425623019826 0.2227
-7.00424972006143 0.2226
-7.00424988648107 0.2225
-7.00425293569276 0.2224
-7.00424432267496 0.2223
-7.00423681556338 0.2222
-7.00424831363699 0.2221
-7.00427389518721 0.222
-7.00430218969696 0.2219
-7.0043459389331 0.2218
-7.00439414720879 0.2217
-7.00445672182466 0.2216
-7.00453701539962 0.2215
-7.00462362300788 0.2214
-7.00471626738005 0.2213
-7.0048036890188 0.2212
-7.0049014187946 0.2211
-7.00498937744643 0.221
-7.0050730035727 0.2209
-7.00514399486479 0.2208
-7.00520031195096 0.2207
-7.00523760612629 0.2206
-7.00527660753111 0.2205
-7.00529783164342 0.2204
-7.00530874543975 0.2203
-7.00530324343947 0.2202
-7.00529802331875 0.2201
-7.00529242665263 0.22
-7.00528045470802 0.2199
-7.00525152627485 0.2198
-7.00523274344622 0.2197
-7.00520834314819 0.2196
-7.00519046557662 0.2195
-7.0051495060378 0.2194
-7.0051113284309 0.2193
-7.00505762672985 0.2192
-7.0050062728859 0.2191
-7.00494976719508 0.219
-7.00490834166725 0.2189
-7.00487390282065 0.2188
-7.00483896701143 0.2187
-7.00481059314416 0.2186
-7.00478614742837 0.2185
-7.00476006878783 0.2184
-7.00474742143606 0.2183
-7.00475292924566 0.2182
-7.00478704786982 0.2181
-7.00483827143167 0.218
-7.00490315254794 0.2179
-7.00499381725592 0.2178
-7.00508863135904 0.2177
-7.00518895649335 0.2176
-7.00529561141402 0.2175
-7.00539507299955 0.2174
-7.00549668721251 0.2173
-7.00559429873133 0.2172
-7.00570695156324 0.2171
-7.0058106273852 0.217
-7.00590149912334 0.2169
-7.00598488739819 0.2168
-7.00605008470413 0.2167
-7.00612597360104 0.2166
-7.00620143481129 0.2165
-7.00627038345199 0.2164
-7.00632971408514 0.2163
-7.00636540173603 0.2162
-7.00638254875821 0.2161
-7.00638729595033 0.216
-7.00637618883982 0.2159
-7.00636430010261 0.2158
-7.0063511440163 0.2157
-7.00633981742803 0.2156
-7.00633342138967 0.2155
-7.00633500323069 0.2154
-7.00633469317672 0.2153
-7.00633297993676 0.2152
-7.00632198806591 0.2151
-7.0063004608908 0.215
-7.00627149822929 0.2149
-7.00624395452009 0.2148
-7.00619888493861 0.2147
-7.0061375433432 0.2146
-7.00607161060347 0.2145
-7.0059858568729 0.2144
-7.00589123329625 0.2143
-7.00578544311365 0.2142
-7.00567632296179 0.2141
-7.00558454240803 0.214
-7.00547958183866 0.2139
-7.00540033405727 0.2138
-7.00530591141144 0.2137
-7.00520350899092 0.2136
-7.00510943107123 0.2135
-7.00503509242701 0.2134
-7.00495159676677 0.2133
-7.00487112803482 0.2132
-7.00478631213943 0.2131
-7.00470288995771 0.213
-7.00463770932819 0.2129
-7.00458364633525 0.2128
-7.00453095641455 0.2127
-7.00448334321701 0.2126
-7.0044447530349 0.2125
-7.00441542091837 0.2124
-7.00439613711776 0.2123
-7.00437959495474 0.2122
-7.00437941810675 0.2121
-7.00437847774979 0.212
-7.00440308372016 0.2119
-7.00444978853982 0.2118
-7.00451332717316 0.2117
-7.00459929692025 0.2116
-7.00470643331371 0.2115
-7.00482150264088 0.2114
-7.00491351307885 0.2113
-7.00501229458486 0.2112
-7.00510792488483 0.2111
-7.00519849938607 0.211
-7.00528462718597 0.2109
-7.00537116242247 0.2108
-7.00544493852812 0.2107
-7.00551335872063 0.2106
-7.00557707315421 0.2105
-7.00562228483294 0.2104
-7.00566600478416 0.2103
-7.00570854255529 0.2102
-7.00574855061672 0.2101
-7.00578814335451 0.21
-7.00580993802692 0.2099
-7.00581737507653 0.2098
-7.00581867705181 0.2097
-7.00582313625646 0.2096
-7.00582642246734 0.2095
-7.00580994400508 0.2094
-7.00579959248466 0.2093
-7.00580031397407 0.2092
-7.00578779777865 0.2091
-7.00579069235313 0.209
-7.00579604820467 0.2089
-7.00581049985956 0.2088
-7.00581709488786 0.2087
-7.00582791692042 0.2086
-7.00585624749856 0.2085
-7.00590998271702 0.2084
-7.00597353087124 0.2083
-7.00603604074102 0.2082
-7.0061099104738 0.2081
-7.00618177270942 0.208
-7.00625603613791 0.2079
-7.00633116645405 0.2078
-7.00642716317176 0.2077
-7.00651247600149 0.2076
-7.00660951996956 0.2075
-7.00670365830906 0.2074
-7.00680481001578 0.2073
-7.00689455164375 0.2072
-7.00699517237617 0.2071
-7.00709890920987 0.207
-7.00719727062358 0.2069
-7.00729999528963 0.2068
-7.00738486757684 0.2067
-7.00745761095337 0.2066
-7.00753161781583 0.2065
-7.00761064139946 0.2064
-7.00769086809217 0.2063
-7.00776383153786 0.2062
-7.00782999365057 0.2061
-7.00789012339284 0.206
-7.00795202963427 0.2059
-7.00801394631143 0.2058
-7.00807299984351 0.2057
-7.00812653743823 0.2056
-7.0081801705893 0.2055
-7.00823371623089 0.2054
-7.00829192479246 0.2053
-7.00834235856319 0.2052
-7.00839086535829 0.2051
-7.00843144417193 0.205
-7.0084676148661 0.2049
-7.00850351503652 0.2048
-7.00851527281469 0.2047
-7.00853957869941 0.2046
-7.00857421813309 0.2045
-7.00859316658414 0.2044
-7.00860191096006 0.2043
-7.00862184723091 0.2042
-7.00864242019771 0.2041
-7.00865317003228 0.204
-7.00867870535914 0.2039
-7.00868744905802 0.2038
-7.00868146918528 0.2037
-7.00866665468813 0.2036
-7.00864843778115 0.2035
-7.00861379876561 0.2034
-7.0085677518121 0.2033
-7.00850865786261 0.2032
-7.00843117341079 0.2031
-7.00834294213801 0.203
-7.00824124940405 0.2029
-7.00813759162096 0.2028
-7.00802171359123 0.2027
-7.00789814502144 0.2026
-7.00778025769186 0.2025
-7.00765961206566 0.2024
-7.00751894330062 0.2023
-7.00740005704839 0.2022
-7.00727850973435 0.2021
-7.0071652236149 0.202
-7.00707018892203 0.2019
-7.00698578830645 0.2018
-7.00690995582017 0.2017
-7.00683822138062 0.2016
-7.0067815332286 0.2015
-7.00672921462066 0.2014
-7.00666501954671 0.2013
-7.0066119601242 0.2012
-7.00656968099057 0.2011
-7.00655120918344 0.201
-7.00654879347722 0.2009
-7.00657732223003 0.2008
-7.0066146280456 0.2007
-7.00667597860948 0.2006
-7.00674463380445 0.2005
-7.00682688483839 0.2004
-7.00691876425189 0.2003
-7.00702317590584 0.2002
-7.0071247042873 0.2001
-7.0072250449512 0.2
-7.00730958556277 0.1999
-7.00738103628088 0.1998
-7.00745840915946 0.1997
-7.00750231897428 0.1996
-7.00753273739162 0.1995
-7.00756289365108 0.1994
-7.00759175609146 0.1993
-7.00763141763425 0.1992
-7.00768042788952 0.1991
-7.00774088115409 0.199
-7.00779274848314 0.1989
-7.00784595313004 0.1988
-7.00789458269209 0.1987
-7.0079263397166 0.1986
-7.00796140707531 0.1985
-7.00800033980867 0.1984
-7.0080409165587 0.1983
-7.00807274446744 0.1982
-7.00810351008769 0.1981
-7.00812798505457 0.198
-7.00815249635959 0.1979
-7.00817072084185 0.1978
-7.00817705716407 0.1977
-7.00818987995984 0.1976
-7.00820345986344 0.1975
-7.00821652887529 0.1974
-7.00820680346319 0.1973
-7.00818412122225 0.1972
-7.00814175745677 0.1971
-7.00808906723612 0.197
-7.00802676658785 0.1969
-7.00796585149123 0.1968
-7.0079142374166 0.1967
-7.00785413719202 0.1966
-7.00778789558048 0.1965
-7.00773140626073 0.1964
-7.00768498714058 0.1963
-7.00763320393849 0.1962
-7.00758477002624 0.1961
-7.00753406249172 0.196
-7.007495459026 0.1959
-7.00744585044059 0.1958
-7.00740916751109 0.1957
-7.0073686433291 0.1956
-7.00732078129012 0.1955
-7.00728250748981 0.1954
-7.00725636615492 0.1953
-7.00723140251813 0.1952
-7.00722242177774 0.1951
-7.00721126072318 0.195
-7.00719244625012 0.1949
-7.00718666468968 0.1948
-7.00718804178135 0.1947
-7.00718217827762 0.1946
-7.0071758476256 0.1945
-7.00715980104096 0.1944
-7.00714853624661 0.1943
-7.00714658818875 0.1942
-7.00714392514873 0.1941
-7.00714418442458 0.194
-7.00714595260342 0.1939
-7.00715190113436 0.1938
-7.00718175784984 0.1937
-7.00721568069325 0.1936
-7.00724053012675 0.1935
-7.00725525039924 0.1934
-7.00726731874683 0.1933
-7.00727345004367 0.1932
-7.00727361460157 0.1931
-7.0072910314725 0.193
-7.00731953733205 0.1929
-7.00736521789489 0.1928
-7.00743276875658 0.1927
-7.00750572338867 0.1926
-7.00758031807413 0.1925
-7.00766358575482 0.1924
-7.00775305738065 0.1923
-7.00783918123062 0.1922
-7.00793014579919 0.1921
-7.00800774470204 0.192
-7.00807739621171 0.1919
-7.00811968269669 0.1918
-7.00812381795132 0.1917
-7.00811086195019 0.1916
-7.00806877714057 0.1915
-7.00801859249752 0.1914
-7.00795152731947 0.1913
-7.0078603301478 0.1912
-7.0077499839766 0.1911
-7.00763951841378 0.191
-7.00751306578053 0.1909
-7.00737533814634 0.1908
-7.00722999692389 0.1907
-7.00707403271164 0.1906
-7.00691867844025 0.1905
-7.00676369280796 0.1904
-7.00660532012241 0.1903
-7.00644119298043 0.1902
-7.00626895445311 0.1901
-7.00610556960958 0.19
-7.00593928317439 0.1899
-7.00577963545858 0.1898
-7.00565730510077 0.1897
-7.00556549423287 0.1896
-7.00547080021308 0.1895
-7.00539255977697 0.1894
-7.00534397751314 0.1893
-7.0053076874724 0.1892
-7.00529558319039 0.1891
-7.00530080165831 0.189
-7.00532830087872 0.1889
-7.00538153275178 0.1888
-7.00547062925668 0.1887
-7.00558764447222 0.1886
-7.00571101693257 0.1885
-7.00584113222887 0.1884
-7.00595928874634 0.1883
-7.00608173595096 0.1882
-7.00622165541152 0.1881
-7.00634600206671 0.188
-7.00648070939899 0.1879
-7.00662429077488 0.1878
-7.00675223453741 0.1877
-7.00686423526426 0.1876
-7.00695918054426 0.1875
-7.007042872043 0.1874
-7.00710397453723 0.1873
-7.00716513135631 0.1872
-7.00720221057499 0.1871
-7.00723020389251 0.187
-7.00723774549782 0.1869
-7.0072359489071 0.1868
-7.00722067544558 0.1867
-7.00719325841487 0.1866
-7.00716760184111 0.1865
-7.00713444245985 0.1864
-7.00711355883212 0.1863
-7.00709838129117 0.1862
-7.0070758523148 0.1861
-7.0070536524641 0.186
-7.00706574169031 0.1859
-7.00707764392836 0.1858
-7.00709604092443 0.1857
-7.0071042089258 0.1856
-7.00710439366334 0.1855
-7.00710978078716 0.1854
-7.00712383060122 0.1853
-7.00713087728256 0.1852
-7.00712715576829 0.1851
-7.00711965616244 0.185
-7.00712984298845 0.1849
-7.00713832765998 0.1848
-7.00714953346266 0.1847
-7.00717146236318 0.1846
-7.00718794812269 0.1845
-7.00720147436887 0.1844
-7.00720578934893 0.1843
-7.00721377960136 0.1842
-7.00722512705047 0.1841
-7.00725548277541 0.184
-7.00727813837379 0.1839
-7.00731098984748 0.1838
-7.00733689942533 0.1837
-7.00734225109261 0.1836
-7.00733372092066 0.1835
-7.00733228598901 0.1834
-7.00731327748524 0.1833
-7.00730759390074 0.1832
-7.00731548408619 0.1831
-7.00732645002091 0.183
-7.00731953063009 0.1829
-7.00731040037695 0.1828
-7.00731853478788 0.1827
-7.00732780486983 0.1826
-7.00734639607916 0.1825
-7.00735284680599 0.1824
-7.0073814394987 0.1823
-7.00741920731319 0.1822
-7.00745136182753 0.1821
-7.00751319038178 0.182
-7.00759374371614 0.1819
-7.00766828676637 0.1818
-7.00774297124785 0.1817
-7.00781721583761 0.1816
-7.0078767443214 0.1815
-7.0079311146573 0.1814
-7.00799396203772 0.1813
-7.00804983569728 0.1812
-7.00809649914759 0.1811
-7.00814900681796 0.181
-7.00819681328035 0.1809
-7.00822921690827 0.1808
-7.00825535188172 0.1807
-7.00825711951566 0.1806
-7.00825724594857 0.1805
-7.00825790959004 0.1804
-7.00824588816793 0.1803
-7.00823197621103 0.1802
-7.00822424093296 0.1801
-7.00821362507871 0.18
-7.00820436959315 0.1799
-7.00819759236454 0.1798
-7.00820144292137 0.1797
-7.00820978249521 0.1796
-7.0082270884051 0.1795
-7.00824830497959 0.1794
-7.00825880458569 0.1793
-7.00827053324237 0.1792
-7.00826835454548 0.1791
-7.00826170329656 0.179
-7.00824688678185 0.1789
-7.00822768952472 0.1788
-7.00821650433684 0.1787
-7.00821004059356 0.1786
-7.00820845995414 0.1785
-7.00820869049136 0.1784
-7.00821607276949 0.1783
-7.00822050270043 0.1782
-7.00824310445224 0.1781
-7.00828113272889 0.178
-7.00832189149346 0.1779
-7.00837428552371 0.1778
-7.00841619463014 0.1777
-7.00845997089238 0.1776
-7.00852119655703 0.1775
-7.00856992450632 0.1774
-7.00861730723753 0.1773
-7.00866106460682 0.1772
-7.00870207138791 0.1771
-7.00872961983525 0.177
-7.00877022359278 0.1769
-7.00882531102046 0.1768
-7.00889337541164 0.1767
-7.00896366159703 0.1766
-7.00904235422355 0.1765
-7.00911022575077 0.1764
-7.00916605687918 0.1763
-7.00922801598757 0.1762
-7.00927620725011 0.1761
-7.00931552545488 0.176
-7.00935210421659 0.1759
-7.0093749149052 0.1758
-7.00938696821219 0.1757
-7.0094024745143 0.1756
-7.00941818683347 0.1755
-7.00942047704979 0.1754
-7.00941137220045 0.1753
-7.00941059730152 0.1752
-7.00937546666924 0.1751
-7.00935095972033 0.175
-7.00933161678632 0.1749
-7.00932979110061 0.1748
-7.00934579145039 0.1747
-7.00935688254463 0.1746
-7.00937771516091 0.1745
-7.0093888080003 0.1744
-7.00941926136782 0.1743
-7.00946461496891 0.1742
-7.00951878168621 0.1741
-7.00957840374404 0.174
-7.00961827991954 0.1739
-7.00965571942817 0.1738
-7.00969090007749 0.1737
-7.00973296805161 0.1736
-7.0097830995881 0.1735
-7.00983658928596 0.1734
-7.00988519706183 0.1733
-7.00993464079265 0.1732
-7.01000271100871 0.1731
-7.01007246084712 0.173
-7.0101353346186 0.1729
-7.01021124425293 0.1728
-7.01030125784302 0.1727
-7.01038278530202 0.1726
-7.01047073505863 0.1725
-7.01056690660757 0.1724
-7.01065649667241 0.1723
-7.0107458502008 0.1722
-7.01083277465882 0.1721
-7.01092591175475 0.172
-7.01099566477439 0.1719
-7.01105476781424 0.1718
-7.01110077695321 0.1717
-7.01114460880418 0.1716
-7.0111797351967 0.1715
-7.01122159426135 0.1714
-7.01127739593125 0.1713
-7.01132089925335 0.1712
-7.01137028623397 0.1711
-7.01141216568177 0.171
-7.01147171255816 0.1709
-7.01152664931211 0.1708
-7.01159124999393 0.1707
-7.01166346841935 0.1706
-7.01172473041214 0.1705
-7.01177308500254 0.1704
-7.0118173420205 0.1703
-7.01185634973668 0.1702
-7.01189842714937 0.1701
-7.01192528114254 0.17
-7.01194269677016 0.1699
-7.01193619543045 0.1698
-7.01190910849561 0.1697
-7.01185550443989 0.1696
-7.01179032860867 0.1695
-7.0117045045987 0.1694
-7.01160311556033 0.1693
-7.01148651982421 0.1692
-7.01136564428718 0.1691
-7.01123573995796 0.169
-7.0111077155379 0.1689
-7.01096423252723 0.1688
-7.01082304776797 0.1687
-7.01071537084117 0.1686
-7.01060775042554 0.1685
-7.01050225145255 0.1684
-7.01040291539923 0.1683
-7.01029512174004 0.1682
-7.0101880784598 0.1681
-7.01009855491025 0.168
-7.01002650241137 0.1679
-7.00996696091451 0.1678
-7.00993956976161 0.1677
-7.00992240599919 0.1676
-7.00991871645084 0.1675
-7.00992246415367 0.1674
-7.00993642464923 0.1673
-7.00995605616489 0.1672
-7.00999679866641 0.1671
-7.01003814557362 0.167
-7.01008836386224 0.1669
-7.01014169110463 0.1668
-7.01019805877342 0.1667
-7.0102757742175 0.1666
-7.01035163961423 0.1665
-7.01041620588618 0.1664
-7.01047789952802 0.1663
-7.01054480777138 0.1662
-7.0105911192731 0.1661
-7.01062044800902 0.166
-7.01066744202877 0.1659
-7.01071936240326 0.1658
-7.01076028848392 0.1657
-7.01080001560843 0.1656
-7.01082282069805 0.1655
-7.01082903971049 0.1654
-7.01082224410785 0.1653
-7.01081200253407 0.1652
-7.0108030641203 0.1651
-7.01078765405261 0.165
-7.01075624370637 0.1649
-7.01070245541122 0.1648
-7.0106483160415 0.1647
-7.01058476511187 0.1646
-7.01052993114358 0.1645
-7.01046366545638 0.1644
-7.01040276934699 0.1643
-7.010339971396 0.1642
-7.01027353554008 0.1641
-7.01020436425517 0.164
-7.01013364449608 0.1639
-7.01007126990709 0.1638
-7.01001049304409 0.1637
-7.00997319108149 0.1636
-7.00995259069408 0.1635
-7.00994326869266 0.1634
-7.00995787228097 0.1633
-7.00998542395376 0.1632
-7.01002679586082 0.1631
-7.01008389870999 0.163
-7.01015325309059 0.1629
-7.01022981332017 0.1628
-7.01031372556039 0.1627
-7.01040937397683 0.1626
-7.01050506582064 0.1625
-7.01060235464507 0.1624
-7.01070168993526 0.1623
-7.01080321556439 0.1622
-7.01089598847901 0.1621
-7.01097615343246 0.162
-7.01103720833901 0.1619
-7.01106438022033 0.1618
-7.01108370931333 0.1617
-7.01109504756427 0.1616
-7.01108710699837 0.1615
-7.01105926837642 0.1614
-7.01102721904775 0.1613
-7.01098594063081 0.1612
-7.01094682775883 0.1611
-7.01088581500788 0.161
-7.01081813868647 0.1609
-7.01073631013627 0.1608
-7.01064942989192 0.1607
-7.0105584781096 0.1606
-7.01049531474323 0.1605
-7.01042794968742 0.1604
-7.01034871585377 0.1603
-7.01028287661079 0.1602
-7.0102070697065 0.1601
-7.01012403728444 0.16
-7.01003921681423 0.1599
-7.00993024411318 0.1598
-7.00980964354575 0.1597
-7.00967010392774 0.1596
-7.00952136388588 0.1595
-7.00937057788083 0.1594
-7.00921347473914 0.1593
-7.00903676301219 0.1592
-7.00887746870615 0.1591
-7.00870248255959 0.159
-7.00852916979868 0.1589
-7.00838312096872 0.1588
-7.00824287443436 0.1587
-7.00811683032555 0.1586
-7.00801430928554 0.1585
-7.00792515242756 0.1584
-7.00785874152387 0.1583
-7.00781437505619 0.1582
-7.00780629816857 0.1581
-7.00782139997195 0.158
-7.0078582295515 0.1579
-7.00791656708398 0.1578
-7.00798630486701 0.1577
-7.00808373231113 0.1576
-7.00820493820309 0.1575
-7.00833881526041 0.1574
-7.00849072843248 0.1573
-7.00867058708999 0.1572
-7.00885815815823 0.1571
-7.00904431677681 0.157
-7.00922884789961 0.1569
-7.00939642303366 0.1568
-7.00955872364025 0.1567
-7.00972321221688 0.1566
-7.00989593403171 0.1565
-7.01006008838648 0.1564
-7.01023390554939 0.1563
-7.01039707656076 0.1562
-7.01054128400126 0.1561
-7.01066335865063 0.156
-7.01076501422175 0.1559
-7.01087030251982 0.1558
-7.01096136877094 0.1557
-7.01103122079751 0.1556
-7.01108781636833 0.1555
-7.01112211176526 0.1554
-7.01114111308167 0.1553
-7.01113245004094 0.1552
-7.01112343188791 0.1551
-7.01109678378399 0.155
-7.01107047248308 0.1549
-7.011050162573 0.1548
-7.01101227785118 0.1547
-7.01097093489531 0.1546
-7.01092698637747 0.1545
-7.01088055697586 0.1544
-7.01083742421449 0.1543
-7.01080142989575 0.1542
-7.01076960997168 0.1541
-7.01072744118762 0.154
-7.0106862549377 0.1539
-7.01064133737726 0.1538
-7.01059408717766 0.1537
-7.01056160687683 0.1536
-7.01054487228443 0.1535
-7.01052934460361 0.1534
-7.01054190753606 0.1533
-7.01057176093268 0.1532
-7.01059970903097 0.1531
-7.01062792568901 0.153
-7.01066522657728 0.1529
-7.0106945065893 0.1528
-7.01072525685285 0.1527
-7.01075279413949 0.1526
-7.01079796184381 0.1525
-7.01084168777143 0.1524
-7.01088677603195 0.1523
-7.01092843706143 0.1522
-7.0109539699767 0.1521
-7.01096414768367 0.152
-7.01096117536897 0.1519
-7.01094773499199 0.1518
-7.01091277472086 0.1517
-7.01087543832034 0.1516
-7.0108352330412 0.1515
-7.01079001358677 0.1514
-7.01073906206223 0.1513
-7.01068213122458 0.1512
-7.01061967275124 0.1511
-7.0105476433451 0.151
-7.01047926750545 0.1509
-7.0104132079076 0.1508
-7.01034576524459 0.1507
-7.01027139936483 0.1506
-7.01021747011902 0.1505
-7.01016469982344 0.1504
-7.01010734737288 0.1503
-7.01003921893923 0.1502
-7.00996796234991 0.1501
-7.0098901468839 0.15
-7.00980808748937 0.1499
-7.00970849540234 0.1498
-7.00959949656061 0.1497
-7.00949533588273 0.1496
-7.00938723515028 0.1495
-7.00927717021313 0.1494
-7.00916026775803 0.1493
-7.00903894211747 0.1492
-7.00892419517622 0.1491
-7.00882846598589 0.149
-7.00876193037729 0.1489
-7.00871079347616 0.1488
-7.00867230705386 0.1487
-7.00866243272159 0.1486
-7.00866966533336 0.1485
-7.00867703745687 0.1484
-7.00870396722668 0.1483
-7.00875909222204 0.1482
-7.00882819258909 0.1481
-7.00890742962127 0.148
-7.00898822556047 0.1479
-7.00907540921573 0.1478
-7.00917222804469 0.1477
-7.00928196892825 0.1476
-7.009398284966 0.1475
-7.0095192935183 0.1474
-7.00962957100219 0.1473
-7.00974215525513 0.1472
-7.00985920859233 0.1471
-7.00997104454969 0.147
-7.01007185660885 0.1469
-7.01016579543114 0.1468
-7.01026074014115 0.1467
-7.01035023148662 0.1466
-7.01043979647977 0.1465
-7.01051102799039 0.1464
-7.01056729794653 0.1463
-7.01063200151182 0.1462
-7.01069570269664 0.1461
-7.01074229599198 0.146
-7.01078501337834 0.1459
-7.01081332257965 0.1458
-7.01081888985738 0.1457
-7.01081878588033 0.1456
-7.01080366283275 0.1455
-7.01077856818538 0.1454
-7.01073828714182 0.1453
-7.01069975299005 0.1452
-7.01066044745298 0.1451
-7.01061362136514 0.145
-7.01057148890192 0.1449
-7.01051520573352 0.1448
-7.01047416749422 0.1447
-7.01044131793719 0.1446
-7.01043453451052 0.1445
-7.01041788221428 0.1444
-7.01041096909069 0.1443
-7.01043636633881 0.1442
-7.01048971697767 0.1441
-7.01056841705701 0.144
-7.01067496012369 0.1439
-7.01079728710188 0.1438
-7.01093425027218 0.1437
-7.01107701127213 0.1436
-7.01122420825895 0.1435
-7.01136320261761 0.1434
-7.01150231497008 0.1433
-7.01163709713108 0.1432
-7.01177680612852 0.1431
-7.01191471834241 0.143
-7.01207523380737 0.1429
-7.01223262509526 0.1428
-7.01240164725631 0.1427
-7.01255872455993 0.1426
-7.01269551598034 0.1425
-7.01283006376212 0.1424
-7.01295047109808 0.1423
-7.01305515164223 0.1422
-7.01315636558973 0.1421
-7.0132521633702 0.142
-7.01333340720502 0.1419
-7.01340622870286 0.1418
-7.01346016483087 0.1417
-7.01349499307859 0.1416
-7.01351069511908 0.1415
-7.01349665392497 0.1414
-7.0134677810292 0.1413
-7.01342069992841 0.1412
-7.01336276875023 0.1411
-7.01329303064184 0.141
-7.01323671921123 0.1409
-7.01315704182732 0.1408
-7.01308002981262 0.1407
-7.01300425494474 0.1406
-7.0129439154491 0.1405
-7.01291569960804 0.1404
-7.01291818485227 0.1403
-7.0129262496631 0.1402
-7.01294807758958 0.1401
-7.01298925359262 0.14
-7.01304408062216 0.1399
-7.01310394093865 0.1398
-7.01317012572251 0.1397
-7.01322647951058 0.1396
-7.01328323422716 0.1395
-7.01333512643238 0.1394
-7.01339100420976 0.1393
-7.0134444489693 0.1392
-7.01348431888808 0.1391
-7.01352439290999 0.139
-7.01354763359005 0.1389
-7.01358358913983 0.1388
-7.01361121991182 0.1387
-7.01362835904742 0.1386
-7.01363102061801 0.1385
-7.01363926672402 0.1384
-7.01363203782771 0.1383
-7.0136291618002 0.1382
-7.01362715419068 0.1381
-7.01362527265564 0.138
-7.01362381615928 0.1379
-7.01362752185533 0.1378
-7.01363360961258 0.1377
-7.01363341999702 0.1376
-7.01363267822977 0.1375
-7.01362419619475 0.1374
-7.0136262651845 0.1373
-7.0136132296489 0.1372
-7.01359290056498 0.1371
-7.01355013881329 0.137
-7.01349134463448 0.1369
-7.0134258586484 0.1368
-7.01335431188209 0.1367
-7.01327909346838 0.1366
-7.01319574810865 0.1365
-7.01312269845432 0.1364
-7.01306268901227 0.1363
-7.0130032949584 0.1362
-7.01294928162076 0.1361
-7.01289710585506 0.136
-7.01283973616091 0.1359
-7.01278921246129 0.1358
-7.01275169641771 0.1357
-7.01270439466933 0.1356
-7.01266711788888 0.1355
-7.01262710084356 0.1354
-7.01258690531347 0.1353
-7.01255476835057 0.1352
-7.01252415430843 0.1351
-7.01251065944726 0.135
-7.01249990805269 0.1349
-7.01250286990137 0.1348
-7.01251851213723 0.1347
-7.01253359440533 0.1346
-7.01253871373732 0.1345
-7.01253140172571 0.1344
-7.01252356688339 0.1343
-7.01252018369731 0.1342
-7.012522277098 0.1341
-7.0125146857388 0.134
-7.01252808934995 0.1339
-7.01253872604084 0.1338
-7.0125538130368 0.1337
-7.01258044772251 0.1336
-7.01260337277956 0.1335
-7.01262429577284 0.1334
-7.01265899633187 0.1333
-7.01268807211806 0.1332
-7.0127171728088 0.1331
-7.01274961387621 0.133
-7.01279457782162 0.1329
-7.01281498525185 0.1328
-7.01283293725383 0.1327
-7.01283601034185 0.1326
-7.01284300269088 0.1325
-7.01285314172901 0.1324
-7.01288394119708 0.1323
-7.01290665110407 0.1322
-7.01292386736404 0.1321
-7.01293696144637 0.132
-7.01294607473247 0.1319
-7.01295001702441 0.1318
-7.01297643084939 0.1317
-7.01301312413741 0.1316
-7.01305751943523 0.1315
-7.01310878234384 0.1314
-7.01315336251283 0.1313
-7.01320566665159 0.1312
-7.01325226257814 0.1311
-7.01331600417253 0.131
-7.01338474090288 0.1309
-7.01345410341807 0.1308
-7.01353275220325 0.1307
-7.01361534662053 0.1306
-7.01370989053585 0.1305
-7.01378596299961 0.1304
-7.01385011253893 0.1303
-7.01389765569357 0.1302
-7.01392852994571 0.1301
-7.01395107991436 0.13
-7.01395486963578 0.1299
-7.01396818598737 0.1298
-7.01399394609504 0.1297
-7.01400970512904 0.1296
-7.01400773261645 0.1295
-7.01398277122616 0.1294
-7.01394577947564 0.1293
-7.01390171574727 0.1292
-7.01384061604085 0.1291
-7.01375608063545 0.129
-7.01366001747806 0.1289
-7.01354538436492 0.1288
-7.01340542935936 0.1287
-7.01326510545797 0.1286
-7.01312504950086 0.1285
-7.01298879342734 0.1284
-7.01285876967657 0.1283
-7.01275293168056 0.1282
-7.01266172063159 0.1281
-7.01259957820448 0.128
-7.01257123799599 0.1279
-7.01255881433404 0.1278
-7.01256124066465 0.1277
-7.0125845425039 0.1276
-7.01263861131516 0.1275
-7.01272225381499 0.1274
-7.01283787704699 0.1273
-7.01295075765255 0.1272
-7.01307300336545 0.1271
-7.01320032440117 0.127
-7.0133374944614 0.1269
-7.01347703085356 0.1268
-7.01362875846303 0.1267
-7.01378989111552 0.1266
-7.0139555506871 0.1265
-7.01411257783001 0.1264
-7.01426053284036 0.1263
-7.01439976651354 0.1262
-7.01452326182436 0.1261
-7.01464404709621 0.126
-7.01475527686957 0.1259
-7.01484971029257 0.1258
-7.01493712297199 0.1257
-7.0150121496099 0.1256
-7.01505377740878 0.1255
-7.01507614314716 0.1254
-7.01507078797544 0.1253
-7.01506630535754 0.1252
-7.01504546303281 0.1251
-7.01502146167308 0.125
-7.01498433276014 0.1249
-7.0149560322061 0.1248
-7.0149304818174 0.1247
-7.0148976628864 0.1246
-7.01487125071069 0.1245
-7.01484540944899 0.1244
-7.01482998661966 0.1243
-7.0148136046442 0.1242
-7.01480244587706 0.1241
-7.01480414570881 0.124
-7.01482455317726 0.1239
-7.01486381567466 0.1238
-7.01492652595321 0.1237
-7.01500778236234 0.1236
-7.01510180011872 0.1235
-7.01520245366523 0.1234
-7.01530316684037 0.1233
-7.015401252871 0.1232
-7.0155159158098 0.1231
-7.01563365148511 0.123
-7.01574292378375 0.1229
-7.01584640797492 0.1228
-7.0159406620624 0.1227
-7.01600252375916 0.1226
-7.01603892667242 0.1225
-7.01607188258998 0.1224
-7.01608426514958 0.1223
-7.01609569814664 0.1222
-7.01609404312226 0.1221
-7.01609592370967 0.122
-7.01609695120656 0.1219
-7.01608721441694 0.1218
-7.01605629464829 0.1217
-7.01601947140501 0.1216
-7.01596274322643 0.1215
-7.01588889529871 0.1214
-7.01582222475624 0.1213
-7.01576235398755 0.1212
-7.01570993142612 0.1211
-7.01567668467819 0.121
-7.01567144123578 0.1209
-7.01568384422862 0.1208
-7.01569642148252 0.1207
-7.01572223696485 0.1206
-7.01574748353934 0.1205
-7.01577878644374 0.1204
-7.01582475907419 0.1203
-7.01587512906023 0.1202
-7.01592698058143 0.1201
-7.01598698352651 0.12
-7.01604823923021 0.1199
-7.01611167988109 0.1198
-7.01618202648503 0.1197
-7.0162560796583 0.1196
-7.01631781852378 0.1195
-7.01637154771609 0.1194
-7.01642454676583 0.1193
-7.01648216095294 0.1192
-7.01652173761168 0.1191
-7.01656099045287 0.119
-7.01658458271895 0.1189
-7.01659675134547 0.1188
-7.01661314443099 0.1187
-7.01662747684215 0.1186
-7.01663965045966 0.1185
-7.01665069669603 0.1184
-7.01667256241454 0.1183
-7.01668372239127 0.1182
-7.01669426105614 0.1181
-7.01669911681012 0.118
-7.0167186838797 0.1179
-7.01672778690185 0.1178
-7.016740659624 0.1177
-7.01675570327609 0.1176
-7.01677191633658 0.1175
-7.01679965947292 0.1174
-7.01682427031312 0.1173
-7.01685041607286 0.1172
-7.01688605785514 0.1171
-7.01690694563168 0.117
-7.01693620038854 0.1169
-7.0169672382462 0.1168
-7.01700581465166 0.1167
-7.01704337312618 0.1166
-7.01708753574852 0.1165
-7.01713486089238 0.1164
-7.01718563318201 0.1163
-7.01722392263168 0.1162
-7.01726100378133 0.1161
-7.01726873035624 0.116
-7.01728484392528 0.1159
-7.01729955930037 0.1158
-7.01730394399344 0.1157
-7.01729447213522 0.1156
-7.01728355240925 0.1155
-7.01727065135153 0.1154
-7.0172533295303 0.1153
-7.01723664608953 0.1152
-7.01720486218693 0.1151
-7.01716142645814 0.115
-7.01711323081296 0.1149
-7.01706779465737 0.1148
-7.01703900606326 0.1147
-7.01701731498364 0.1146
-7.01699122504842 0.1145
-7.0169732280762 0.1144
-7.01697495157445 0.1143
-7.01696675000016 0.1142
-7.01696195140997 0.1141
-7.01696688084442 0.114
-7.01696837942595 0.1139
-7.01697805213157 0.1138
-7.01699218835737 0.1137
-7.01701816936971 0.1136
-7.01705882540173 0.1135
-7.01708349848741 0.1134
-7.01709614991441 0.1133
-7.01710217292342 0.1132
-7.01710924741483 0.1131
-7.01711559161835 0.113
-7.01712791384753 0.1129
-7.01715080164786 0.1128
-7.01717551708036 0.1127
-7.01718977095921 0.1126
-7.01719843301251 0.1125
-7.01718586549959 0.1124
-7.0171608835846 0.1123
-7.01713149743631 0.1122
-7.01710692243113 0.1121
-7.01708127038951 0.112
-7.01702715971263 0.1119
-7.01695992673171 0.1118
-7.01687459183832 0.1117
-7.01679711363973 0.1116
-7.01674105737364 0.1115
-7.01669778208099 0.1114
-7.01666173595054 0.1113
-7.01663883464703 0.1112
-7.01661554496152 0.1111
-7.01658915155741 0.111
-7.01656491698686 0.1109
-7.01654324352504 0.1108
-7.01650840271645 0.1107
-7.01647091455493 0.1106
-7.01643125033306 0.1105
-7.01638272408757 0.1104
-7.01632680767553 0.1103
-7.01628017651806 0.1102
-7.01623849069277 0.1101
-7.01619206981556 0.11
-7.01613203323946 0.1099
-7.01607262978604 0.1098
-7.01601360693369 0.1097
-7.01596231174579 0.1096
-7.01593178322359 0.1095
-7.01588275603935 0.1094
-7.01583463253653 0.1093
-7.01579701279602 0.1092
-7.01576202499746 0.1091
-7.01572336570952 0.109
-7.01569577300895 0.1089
-7.01567044971411 0.1088
-7.01565087444114 0.1087
-7.01563395390877 0.1086
-7.01561117552736 0.1085
-7.01559170506273 0.1084
-7.01555859191282 0.1083
-7.01551445052629 0.1082
-7.01545640896908 0.1081
-7.01539808179789 0.108
-7.01534753690177 0.1079
-7.01530632592638 0.1078
-7.01526697964271 0.1077
-7.01523975491485 0.1076
-7.01521788473836 0.1075
-7.01519985120928 0.1074
-7.01519679225854 0.1073
-7.01518581762673 0.1072
-7.01519455732217 0.1071
-7.01522245031353 0.107
-7.01526260077275 0.1069
-7.0152911394557 0.1068
-7.01534297619874 0.1067
-7.01540559681612 0.1066
-7.01547060292617 0.1065
-7.01552906361165 0.1064
-7.01559822551962 0.1063
-7.01565813704732 0.1062
-7.01571719914324 0.1061
-7.01577192821066 0.106
-7.01582824056034 0.1059
-7.01589633450639 0.1058
-7.01597264474446 0.1057
-7.01603801470133 0.1056
-7.01611896875884 0.1055
-7.01620257287563 0.1054
-7.01628316800516 0.1053
-7.01635508352552 0.1052
-7.01644295218752 0.1051
-7.0165276023268 0.105
-7.01659618737258 0.1049
-7.01665625545039 0.1048
-7.01670052651117 0.1047
-7.01674191220049 0.1046
-7.01675111787559 0.1045
-7.01673961239256 0.1044
-7.01670881336189 0.1043
-7.01667104432303 0.1042
-7.01663974989796 0.1041
-7.01659136401765 0.104
-7.0165358284439 0.1039
-7.01648665064257 0.1038
-7.01641323591912 0.1037
-7.01634584204397 0.1036
-7.0162781804912 0.1035
-7.0162114335862 0.1034
-7.01615397652206 0.1033
-7.01609122103485 0.1032
-7.01602405286908 0.1031
-7.01595383150259 0.103
-7.0158769044575 0.1029
-7.01581604718955 0.1028
-7.01577322076875 0.1027
-7.01574443830075 0.1026
-7.01571536610588 0.1025
-7.01570072827285 0.1024
-7.01568280713215 0.1023
-7.0156714421016 0.1022
-7.01565843260603 0.1021
-7.01564247295914 0.102
-7.01564835499267 0.1019
-7.01566070655986 0.1018
-7.01568297678616 0.1017
-7.01571351954261 0.1016
-7.01574958732785 0.1015
-7.01578783648164 0.1014
-7.01581111342404 0.1013
-7.01581835508849 0.1012
-7.01583173852951 0.1011
-7.01585896569584 0.101
-7.01587646565077 0.1009
-7.01589365166002 0.1008
-7.01590010026491 0.1007
-7.01590616008938 0.1006
-7.01592377878261 0.1005
-7.01593015497823 0.1004
-7.01593771785307 0.1003
-7.01593995967913 0.1002
-7.01592435397126 0.1001
-7.01587140365675 0.1
-7.01581913867307 0.0999
-7.01575056787041 0.0998
-7.01567676599099 0.0997
-7.01559569637781 0.0996
-7.01551616241783 0.0995
-7.01543243201752 0.0994
-7.01533430786316 0.0993000000000001
-7.01522408582918 0.0992
-7.01511977852295 0.0991
-7.01500899718669 0.099
-7.01489758717846 0.0989
-7.01478336263155 0.0988
-7.0146852704481 0.0987
-7.01460205945219 0.0986
-7.0145250468151 0.0985
-7.01445978376348 0.0984
-7.01440397781732 0.0983000000000001
-7.01435656958648 0.0982
-7.01430052187986 0.0981
-7.01425443837862 0.098
-7.01422752330625 0.0979
-7.01421358125571 0.0978
-7.01421376910302 0.0977
-7.01424327660385 0.0976
-7.01432179657193 0.0975
-7.01440622071906 0.0974
-7.01451781050443 0.0973000000000001
-7.01465902727372 0.0972
-7.01480569663296 0.0971
-7.01496303166316 0.097
-7.01513908597 0.0969
-7.01529772728202 0.0968
-7.01543604106181 0.0967
-7.01555418503351 0.0966
-7.01564768336096 0.0965
-7.01573211919293 0.0964
-7.01578934149795 0.0963000000000001
-7.01583583280533 0.0962
-7.01585857409432 0.0961
-7.0158673921368 0.096
-7.01586838397621 0.0959
-7.01585229871839 0.0958
-7.01582226800558 0.0957
-7.01578505512734 0.0956
-7.01574430105075 0.0955
-7.01570169129236 0.0954
-7.01567087882125 0.0953000000000001
-7.01564079080805 0.0952
-7.01560941564077 0.0951
-7.0155780417831 0.095
-7.01556137870776 0.0949
-7.01554853514734 0.0948
-7.01556397652035 0.0947
-7.01561232076013 0.0946
-7.01568744520808 0.0945
-7.01576498919016 0.0944
-7.01583841464388 0.0943000000000001
-7.01592134589426 0.0942
-7.01601637465216 0.0941
-7.01611737237567 0.094
-7.01624428123832 0.0939
-7.01638884951284 0.0938
-7.01654352966863 0.0937
-7.01670063672365 0.0936
-7.01685956308194 0.0935
-7.01700142221041 0.0934
-7.01715666446138 0.0933
-7.01731326199886 0.0931999999999999
-7.01746539866989 0.0931
-7.01761903135479 0.093
-7.01776891320747 0.0929
-7.01788683572701 0.0928
-7.01801583869127 0.0927
-7.01813671898905 0.0926
-7.01826040603979 0.0925
-7.01836407816576 0.0924
-7.01845052152677 0.0923
-7.01853292494134 0.0921999999999999
-7.01860304760174 0.0921
-7.01866850838585 0.092
-7.01873448855521 0.0919
-7.0187953626981 0.0918
-7.01884902406665 0.0917
-7.01890121933346 0.0916
-7.01894536755431 0.0915
-7.01897389688188 0.0914
-7.01897474462041 0.0913
-7.01895923943572 0.0911999999999999
-7.018925619849 0.0911
-7.01887525802017 0.091
-7.01881902307697 0.0909
-7.01874644475252 0.0908
-7.01866674076184 0.0907
-7.01856485576125 0.0906
-7.01847679340403 0.0905
-7.01838250792878 0.0904
-7.01828834053812 0.0903
-7.01819618029424 0.0901999999999999
-7.01811133482301 0.0901
-7.01801443910907 0.09
-7.01791828027947 0.0899
-7.01783573088627 0.0898
-7.01777046662714 0.0897
-7.01770979911725 0.0896
-7.01765924180995 0.0895
-7.01761446583663 0.0894
-7.01758748422843 0.0893
-7.01756222378057 0.0891999999999999
-7.01754790005083 0.0891
-7.01755843100007 0.089
-7.01757560617222 0.0889
-7.01760035812171 0.0888
-7.01762133396062 0.0887
-7.01763948131138 0.0886
-7.01765222573326 0.0885
-7.01765843467795 0.0884
-7.01768008899396 0.0883
-7.01771436973852 0.0881999999999999
-7.01775545003507 0.0881
-7.01780862343295 0.088
-7.01788378370502 0.0879
-7.01797436767418 0.0878
-7.01805402819926 0.0877
-7.01813201888176 0.0876
-7.01821102061215 0.0875
-7.01828426659849 0.0874
-7.01833922078293 0.0873
-7.0183969692807 0.0872000000000001
-7.01842341428354 0.0871
-7.01843420170391 0.087
-7.01842989726814 0.0869
-7.01840465237436 0.0868
-7.01838257288475 0.0867
-7.01836462313799 0.0866
-7.01836063928146 0.0865
-7.01836715636188 0.0864
-7.01837305086391 0.0863
-7.01840000393521 0.0862000000000001
-7.0184296616573 0.0861
-7.01847524384317 0.086
-7.01852913734694 0.0859
-7.0185966895555 0.0858
-7.01865631296696 0.0857
-7.01871276688285 0.0856
-7.0187575932529 0.0855
-7.01881768932397 0.0854
-7.01887361867051 0.0853
-7.01891901551543 0.0852000000000001
-7.01893922044725 0.0851
-7.01894804339699 0.085
-7.01894932735614 0.0849
-7.0189421243953 0.0848
-7.01892847949713 0.0847
-7.01890882874629 0.0846
-7.01888929226524 0.0845
-7.0188705940473 0.0844
-7.01884613806892 0.0843
-7.01881421114443 0.0842000000000001
-7.01879766689007 0.0841
-7.01878862674688 0.084
-7.01879257484893 0.0839
-7.01879007573083 0.0838
-7.01877668965133 0.0837
-7.0187677328847 0.0836
-7.01875180963624 0.0835
-7.0187486732081 0.0834
-7.01876239413585 0.0833
-7.01876403091838 0.0832000000000001
-7.01876576949425 0.0831
-7.01876216395039 0.083
-7.01875110684985 0.0829
-7.01873387384448 0.0828
-7.01869995796064 0.0827
-7.01867019256231 0.0826
-7.01865867676316 0.0825
-7.01866668526111 0.0824
-7.01865935213134 0.0823
-7.01865034902125 0.0822000000000001
-7.01864520638645 0.0821
-7.01865699416753 0.082
-7.01867884019906 0.0819
-7.01871316379968 0.0818
-7.01875768846583 0.0817
-7.01880352702069 0.0816
-7.01883924892204 0.0815
-7.01886898610797 0.0814
-7.01890118160697 0.0813
-7.01892897802938 0.0812
-7.01894187284548 0.0810999999999999
-7.01894415450049 0.081
-7.01892252471387 0.0809
-7.01888721091471 0.0808
-7.01886096128919 0.0807
-7.01882991898041 0.0806
-7.01878607077695 0.0805
-7.01873229660577 0.0804
-7.01868319878808 0.0803
-7.01863915908442 0.0802
-7.01859411452091 0.0800999999999999
-7.01855190273744 0.08
-7.01851675744973 0.0799
-7.01848898226089 0.0798
-7.01847678775604 0.0797
-7.01848514241356 0.0796
-7.01849233895141 0.0795
-7.01850809080449 0.0794
-7.01853182081161 0.0793
-7.01855313735664 0.0792
-7.01857403111612 0.0790999999999999
-7.0186085771607 0.079
-7.01864124960396 0.0789
-7.0186857508226 0.0788
-7.01873168583282 0.0787
-7.0187900307816 0.0786
-7.01884448665555 0.0785
-7.01887972214983 0.0784
-7.01891604386237 0.0783
-7.01894321247187 0.0782
-7.0189780628951 0.0780999999999999
-7.01902402688151 0.078
-7.0190678979919 0.0779
-7.01911294171491 0.0778
-7.01915206087451 0.0777
-7.01917309170056 0.0776
-7.01917767194893 0.0775
-7.01916722750557 0.0774
-7.01913739511771 0.0773
-7.01910883233413 0.0772
-7.01907116173322 0.0770999999999999
-7.01902531173006 0.077
-7.01896743504297 0.0769
-7.01892109720302 0.0768
-7.0188744291963 0.0767
-7.01882884141385 0.0766
-7.01878410136599 0.0765
-7.01876405716071 0.0764
-7.01876713495498 0.0763
-7.0187765548611 0.0762
-7.01878401102481 0.0760999999999999
-7.01880354504034 0.076
-7.01882981444715 0.0759
-7.01886109222897 0.0758
-7.01889097851062 0.0757
-7.0189120712502 0.0756
-7.01893817155898 0.0755
-7.01896802955122 0.0754
-7.01898339141359 0.0753
-7.01901135276234 0.0752
-7.01903363419558 0.0750999999999999
-7.01906213802492 0.075
-7.01911399939754 0.0749
-7.01918374646747 0.0748
-7.01925006524901 0.0747
-7.01933138093182 0.0746
-7.01940879769877 0.0745
-7.01948050477564 0.0744
-7.01955033137257 0.0743
-7.01961891634764 0.0742
-7.01968961042838 0.0741000000000001
-7.01975286958938 0.074
-7.01980446108406 0.0739
-7.01984527289118 0.0738
-7.01988495719336 0.0737
-7.01990918936747 0.0736
-7.01991721345923 0.0735
-7.01991191172179 0.0734
-7.01989000170175 0.0733
-7.01985673191998 0.0732
-7.0198304544417 0.0731000000000001
-7.01980528368818 0.073
-7.01980235227018 0.0729
-7.01979493419941 0.0728
-7.01978268819011 0.0727
-7.01976247314669 0.0726
-7.01974551195585 0.0725
-7.01972998568393 0.0724
-7.01974031935737 0.0723
-7.01973541576548 0.0722
-7.01972141690908 0.0721000000000001
-7.01971518064058 0.072
-7.0197060388935 0.0719
-7.01970200302833 0.0718
-7.01968416185226 0.0717
-7.01966437789728 0.0716
-7.01963705966565 0.0715
-7.01960035219645 0.0714
-7.01958505497721 0.0713
-7.01955472676011 0.0712
-7.01951999899315 0.0711000000000001
-7.01947956427784 0.071
-7.01945545607793 0.0709
-7.01943735695326 0.0708
-7.019413628962 0.0707
-7.01938201765629 0.0706
-7.01933129453507 0.0705
-7.01928389086585 0.0704
-7.01926536687025 0.0703
-7.01923900777871 0.0702
-7.01921421469783 0.0701000000000001
-7.01919890655681 0.07
-7.01918352408972 0.0699
-7.01917912841129 0.0698
-7.01919735968467 0.0697
-7.01922353177262 0.0696
-7.01925336429278 0.0695
-7.01929865335904 0.0694
-7.01935315568624 0.0693
-7.01940716982812 0.0692
-7.01946966452533 0.0691000000000001
-7.01953814017738 0.069
-7.01960324149522 0.0689
-7.01967803133203 0.0688
-7.01975663275162 0.0687
-7.01982986647303 0.0686
-7.01988968833071 0.0685
-7.01993071792808 0.0684
-7.01997418044318 0.0683
-7.02001611393063 0.0682
-7.0200490091664 0.0681
-7.02007380320528 0.0679999999999999
-7.02009873277117 0.0679
-7.02014107840937 0.0678
-7.02019772259359 0.0677
-7.02025902474609 0.0676
-7.02031779140951 0.0675
-7.020379116449 0.0674
-7.02044320665521 0.0673
-7.02051733327033 0.0672
-7.02058971880958 0.0671
-7.02066422650129 0.0669999999999999
-7.02075006098725 0.0669
-7.02083728489673 0.0668
-7.02090295425733 0.0667
-7.02097872281334 0.0666
-7.02105033752317 0.0665
-7.02112126377723 0.0664
-7.02117653562919 0.0663
-7.02121993448018 0.0662
-7.02127082650073 0.0661
-7.02129297016972 0.0659999999999999
-7.0213122727131 0.0659
-7.02130295552106 0.0658
-7.02128640306089 0.0657
-7.02125865622557 0.0656
-7.02123090037409 0.0655
-7.0211833129377 0.0654
-7.0211162289891 0.0653
-7.02102559717081 0.0652
-7.02093213823876 0.0651
-7.02086584429329 0.0649999999999999
-7.02080063508925 0.0649
-7.02072472173571 0.0648
-7.02065081284943 0.0647
-7.0205727645889 0.0646
-7.02049281729877 0.0645
-7.02041514186862 0.0644
-7.02035395990127 0.0643
-7.02028983304848 0.0642
-7.02023700653191 0.0641
-7.02019576793002 0.0639999999999999
-7.02017552104353 0.0639
-7.02016487254431 0.0638
-7.02017497459969 0.0637
-7.02021457757347 0.0636
-7.02029751459649 0.0635
-7.02038077765716 0.0634
-7.02045377086512 0.0633
-7.02052358624631 0.0632
-7.02058379123613 0.0631
-7.02065045533411 0.0629999999999999
-7.02071514639495 0.0629
-7.02078055715526 0.0628
-7.02084477455767 0.0627
-7.02090553629222 0.0626
-7.02095791471127 0.0625
-7.02099508351366 0.0624
-7.02102912865206 0.0623
-7.02106486548272 0.0622
-7.02109175732408 0.0621
-7.02109545899398 0.0620000000000001
-7.02108817721579 0.0619
-7.02107757288278 0.0618
-7.02107205521311 0.0617
-7.02104349357086 0.0616
-7.02100997364664 0.0615
-7.02096064893728 0.0614
-7.02089512101284 0.0613
-7.02082046882851 0.0612
-7.02073315152941 0.0611
-7.02064946116847 0.0610000000000001
-7.02056227208576 0.0609
-7.02046893571026 0.0608
-7.02039181020162 0.0607
-7.02031573192326 0.0606
-7.02024420202433 0.0605
-7.02016140789866 0.0604
-7.02007822337223 0.0603
-7.02000405433278 0.0602
-7.01994407586286 0.0601
-7.01988271637809 0.0600000000000001
-7.01980759182297 0.0599
-7.01974882574975 0.0598
-7.01970185687658 0.0597
-7.01965669172741 0.0596
-7.0196104886752 0.0595
-7.01958237874494 0.0594
-7.01955524488338 0.0593
-7.01954734229679 0.0592
-7.01955227005706 0.0591
-7.01956740407397 0.0590000000000001
-7.01959883771038 0.0589
-7.01962683312345 0.0588
-7.01966495649038 0.0587
-7.01968742878701 0.0586
-7.01971416787645 0.0585
-7.01974951137952 0.0584
-7.01978597532938 0.0583
-7.01983066515832 0.0582
-7.0198653710783 0.0581
-7.01989033460835 0.0580000000000001
-7.01989672176513 0.0579
-7.01990833787629 0.0578
-7.01991772365343 0.0577
-7.01994174792316 0.0576
-7.01996775558015 0.0575
-7.01998544382212 0.0574
-7.0200038180024 0.0573
-7.02003853389479 0.0572
-7.02008327277368 0.0571
-7.02012776771604 0.0570000000000001
-7.02018968038982 0.0569
-7.02025505641692 0.0568
-7.02032846112493 0.0567
-7.02039258924869 0.0566
-7.02045813358871 0.0565
-7.02053746180833 0.0564
-7.02061524581078 0.0563
-7.02069621274151 0.0562
-7.0207786346601 0.0561
-7.02085758537686 0.056
-7.0209432175139 0.0558999999999999
-7.02100182604614 0.0558
-7.02103180749231 0.0557
-7.02104932160766 0.0556
-7.0210463228995 0.0555
-7.02103711494327 0.0554
-7.0210219937601 0.0553
-7.02100796924152 0.0552
-7.02098823601909 0.0551
-7.02095759333911 0.055
-7.02090936145518 0.0548999999999999
-7.02087362652277 0.0548
-7.02084063060545 0.0547
-7.02081269306828 0.0546
-7.02079962315009 0.0545
-7.02081456324899 0.0544
-7.02084479115264 0.0543
-7.02090686295546 0.0542
-7.02099655152091 0.0541
-7.02110156968572 0.054
-7.02122736821341 0.0538999999999999
-7.02136248105944 0.0538
-7.02151197721958 0.0537
-7.02165422340429 0.0536
-7.02178992222144 0.0535
-7.02192030125999 0.0534
-7.0220506987241 0.0533
-7.02218117597922 0.0532
-7.02230373409658 0.0531
-7.02241347197752 0.053
-7.02250415230376 0.0528999999999999
-7.02259077675239 0.0528
-7.02265580951358 0.0527
-7.0227136580767 0.0526
-7.02274947723422 0.0525
-7.02277536134411 0.0524
-7.02278085151759 0.0523
-7.02277440272083 0.0522
-7.02275432233384 0.0521
-7.02274134997459 0.052
-7.02272157580868 0.0518999999999999
-7.02269364373522 0.0518
-7.0226729513225 0.0517
-7.02262270894321 0.0516
-7.02257477185881 0.0515
-7.02253201549628 0.0514
-7.02249044368843 0.0513
-7.02244362414032 0.0512
-7.02240351267288 0.0511
-7.0223774557323 0.051
-7.02235915887649 0.0508999999999999
-7.02235174015303 0.0508
-7.02233594071432 0.0507
-7.02231967423852 0.0506
-7.02231503719357 0.0505
-7.02230958926594 0.0504
-7.02232113863084 0.0503
-7.0223336835955 0.0502
-7.0223531876372 0.0501
-7.02238378017802 0.05
-7.02241694446804 0.0499000000000001
-7.02244251473228 0.0498
-7.02247901077029 0.0497
-7.02251028962726 0.0496
-7.02252820843546 0.0495
-7.02255361716638 0.0494
-7.02257080842912 0.0493
-7.0225908770786 0.0492
-7.02258731105699 0.0491
-7.02257653787991 0.049
-7.02255115038999 0.0489000000000001
-7.02251176939155 0.0488
-7.02245838259632 0.0487
-7.02240135079464 0.0486
-7.02232820862372 0.0485
-7.02224217520655 0.0484
-7.02214096160956 0.0483
-7.02202528669749 0.0482
-7.02190336259315 0.0481
-7.02178297459102 0.048
-7.0216565127761 0.0479000000000001
-7.02152934664163 0.0478
-7.02138157194111 0.0477
-7.02124483405727 0.0476
-7.02110848215574 0.0475
-7.02096938476901 0.0474
-7.02083919523403 0.0473
-7.02071949489966 0.0472
-7.02061297465742 0.0471
-7.02052243677226 0.047
-7.02045292030155 0.0469000000000001
-7.02039249429279 0.0468
-7.02032881320913 0.0467
-7.02027383379347 0.0466
-7.0202399112124 0.0465
-7.02022974354598 0.0464
-7.02023573824019 0.0463
-7.02025458100994 0.0462
-7.02027600120548 0.0461
-7.02031861543781 0.046
-7.0203803577456 0.0459000000000001
-7.0204652114142 0.0458
-7.02056193197761 0.0457
-7.02066791505557 0.0456
-7.02077383146684 0.0455
-7.02089353505758 0.0454
-7.02102175184255 0.0453
-7.02116318611801 0.0452
-7.02128163972653 0.0451
-7.0214019861791 0.045
-7.02152979004456 0.0449000000000001
-7.0216529506694 0.0448
-7.02176242993319 0.0447
-7.02186694780435 0.0446
-7.0219652358415 0.0445
-7.02204977138676 0.0444
-7.02210078419919 0.0443
-7.02214889157514 0.0442
-7.02217402220083 0.0441
-7.02218384764191 0.044
-7.02218474318906 0.0439000000000001
-7.02218532959832 0.0438
-7.02217087603879 0.0437
-7.02212871308682 0.0436
-7.0220622724507 0.0435
-7.02198498070646 0.0434
-7.02188755066223 0.0433
-7.02179167491771 0.0432
-7.02169555605487 0.0431
-7.02161366994849 0.043
-7.0215362318819 0.0429
-7.02147504973107 0.0427999999999999
-7.02140120333637 0.0427
-7.02131987587366 0.0426
-7.0212445356696 0.0425
-7.0211876988901 0.0424
-7.02116388790341 0.0423
-7.02116823986496 0.0422
-7.02116815760606 0.0421
-7.02117932578815 0.042
-7.02121144758788 0.0419
-7.0212589437578 0.0417999999999999
-7.02130338809574 0.0417
-7.0213444722331 0.0416
-7.02138585231197 0.0415
-7.02143662005898 0.0414
-7.0214806809262 0.0413
-7.02151414420829 0.0412
-7.02155001364741 0.0411
-7.02158972793375 0.041
-7.02162662108021 0.0409
-7.02166319228645 0.0407999999999999
-7.02169054108443 0.0407
-7.02169261465294 0.0406
-7.02166696347617 0.0405
-7.02161283218248 0.0404
-7.02155167774063 0.0403
-7.02147031547241 0.0402
-7.02136262759575 0.0401
-7.02124303635823 0.04
-7.02111885794925 0.0399
-7.02098495895982 0.0397999999999999
-7.02083261121943 0.0397
-7.0206811196877 0.0396
-7.02052760966697 0.0395
-7.02036536032516 0.0394
-7.02020666645617 0.0393
-7.02004886672213 0.0392
-7.01989679914647 0.0391
-7.01975311473695 0.039
-7.0196163337631 0.0389
-7.01948049579647 0.0387999999999999
-7.01935255186451 0.0387
-7.019244987428 0.0386
-7.01914529411107 0.0385
-7.01907939586436 0.0384
-7.0190261330731 0.0383
-7.01899031041693 0.0382
-7.01896245207374 0.0381
-7.01895466995325 0.038
-7.01895794125364 0.0379
-7.01896634488502 0.0377999999999999
-7.01900471889786 0.0377
-7.01906301615766 0.0376
-7.01914603194373 0.0375
-7.01923671450732 0.0374
-7.01931584073642 0.0373
-7.01939392617582 0.0372
-7.01945752281712 0.0371
-7.01951755771081 0.037
-7.01957748899528 0.0369
-7.01963550299405 0.0368000000000001
-7.0196857125442 0.0367
-7.01972385295759 0.0366
-7.01975214053632 0.0365
-7.01976561109826 0.0364
-7.01980199898851 0.0363
-7.01982647747857 0.0362
-7.01985772788748 0.0361
-7.01990654436104 0.036
-7.01995870189945 0.0359
-7.02003203643263 0.0358000000000001
-7.02010876130101 0.0357
-7.02017600813907 0.0356
-7.020261850163 0.0355
-7.02035924321059 0.0354
-7.02044882254934 0.0353
-7.02054879703805 0.0352
-7.02065553531962 0.0351
-7.02075350228712 0.035
-7.02085479238216 0.0349
-7.02095746087844 0.0348000000000001
-7.02106915149259 0.0347
-7.02118703135882 0.0346
-7.02132091162096 0.0345
-7.02145752497569 0.0344
-7.02157533470289 0.0343
-7.02169849159694 0.0342
-7.02181747833631 0.0341
-7.0219443857022 0.034
-7.02206520909656 0.0339
-7.02217213448476 0.0338000000000001
-7.02226677943822 0.0337
-7.02233888817325 0.0336
-7.02240076483181 0.0335
-7.02243803344275 0.0334
-7.02245082037321 0.0333
-7.02245707802785 0.0332
-7.02244410682179 0.0331
-7.02244717703475 0.033
-7.0224433742842 0.0329
-7.02244166770799 0.0328000000000001
-7.0224346718982 0.0327
-7.02243165265623 0.0326
-7.0224450257482 0.0325
-7.0224626655969 0.0324
-7.02249013787555 0.0323
-7.02253990488671 0.0322
-7.02259732779246 0.0321
-7.0226410057726 0.032
-7.02267717042437 0.0319
-7.02271684338207 0.0318000000000001
-7.02276250642941 0.0317
-7.02281426184116 0.0316
-7.02286042035738 0.0315
-7.02290408338953 0.0314
-7.02294185688088 0.0313
-7.02298110466115 0.0312
-7.02301704712932 0.0311
-7.02304137390941 0.031
-7.02305466484899 0.0309
-7.02306108257472 0.0308
-7.02306232124214 0.0306999999999999
-7.02305473182202 0.0306
-7.02302947444736 0.0305
-7.02300154110616 0.0304
-7.02297153224987 0.0303
-7.02292753684124 0.0302
-7.02288067991635 0.0301
-7.02281786368432 0.03
-7.02273943894836 0.0299
-7.02265751684773 0.0298
-7.02257427551335 0.0296999999999999
-7.02248008643481 0.0296
-7.02238545091377 0.0295
-7.02228954857589 0.0294
-7.02217846460852 0.0293
-7.02205840477741 0.0292
-7.02193438427585 0.0291
-7.02182829322972 0.029
-7.02172306868786 0.0289
-7.0216241576759 0.0288
-7.02153171756438 0.0286999999999999
-7.02144972809436 0.0286
-7.02136961759199 0.0285
-7.02129150759363 0.0284
-7.02122917768819 0.0283
-7.02116564174905 0.0282
-7.0211182943846 0.0281
-7.02106621036475 0.028
-7.02102083927504 0.0279
-7.02100533922667 0.0278
-7.02099881344679 0.0276999999999999
-7.02101495793592 0.0276
-7.02104083242419 0.0275
-7.02108012891732 0.0274
-7.02111707266528 0.0273
-7.02117641208718 0.0272
-7.0212425943949 0.0271
-7.02130581352376 0.027
-7.02135862716372 0.0269
-7.02139279150407 0.0268
-7.02142043199085 0.0266999999999999
-7.02143962837767 0.0266
-7.02144885859131 0.0265
-7.02145665269388 0.0264
-7.02145686801043 0.0263
-7.02146929172171 0.0262
-7.02150336872266 0.0261
-7.02153900987811 0.026
-7.02157331335105 0.0259
-7.02159848076281 0.0258
-7.02162328114983 0.0256999999999999
-7.02165945670212 0.0256
-7.02169972435508 0.0255
-7.02174467977237 0.0254
-7.02179298181142 0.0253
-7.02183500842329 0.0252
-7.02187741742174 0.0251
-7.0219294032731 0.025
-7.02199581949935 0.0249
-7.02205731508978 0.0248
-7.02209841284259 0.0247000000000001
-7.02212870282388 0.0246
-7.02218102274119 0.0245
-7.02221336451202 0.0244
-7.0222379561711 0.0243
-7.02224994727941 0.0242
-7.0222455254063 0.0241
-7.02224367151621 0.024
-7.02224543102733 0.0239
-7.022246033244 0.0238
-7.02224341041276 0.0237000000000001
-7.02221771395074 0.0236
-7.02217737979158 0.0235
-7.02212961404279 0.0234
-7.02207994061339 0.0233
-7.02201356270746 0.0232
-7.02194473564212 0.0231
-7.02187502138518 0.023
-7.02179623990192 0.0229
-7.02171447710524 0.0228
-7.02163274408404 0.0227000000000001
-7.02156826898295 0.0226
-7.02150224257512 0.0225
-7.02145103644137 0.0224
-7.02141961416673 0.0223
-7.0214013654298 0.0222
-7.02140604300604 0.0221
-7.02142138175514 0.022
-7.02146432880119 0.0219
-7.02153271824988 0.0218
-7.02162041982792 0.0217000000000001
-7.02172567872308 0.0216
-7.0218339189285 0.0215
-7.02193955140585 0.0214
-7.02203975181915 0.0213
-7.02216719423556 0.0212
-7.02230825114302 0.0211
-7.02245046713942 0.021
-7.02258057650881 0.0209
-7.02270307685346 0.0208
-7.02281457078866 0.0207000000000001
-7.02291122772363 0.0206
-7.02300141018748 0.0205
-7.02308163374076 0.0204
-7.02315982586996 0.0203
-7.02321562587363 0.0202
-7.023256350953 0.0201
-7.02326380954611 0.02
-7.02325583654287 0.0199
-7.02322972276391 0.0198
-7.02319389812425 0.0197000000000001
-7.02314566048165 0.0196
-7.02308611928347 0.0195
-7.02302258858804 0.0194
-7.02294683356153 0.0193
-7.02285508383188 0.0192
-7.02275537605794 0.0191
-7.02265580295422 0.019
-7.02256921293838 0.0189
-7.02249585184814 0.0188
-7.0224388380248 0.0187
-7.02239483447633 0.0185999999999999
-7.02235144390753 0.0185
-7.02231579728053 0.0184
-7.02229945380797 0.0183
-7.02229270794039 0.0182
-7.0222908021764 0.0181
-7.02229482018753 0.018
-7.02229211009843 0.0179
-7.02229951610336 0.0178
-7.02232376172212 0.0177
-7.02236488224829 0.0175999999999999
-7.02240939681742 0.0175
-7.02246350145108 0.0174
-7.02252272926855 0.0173
-7.02258122187004 0.0172
-7.02263943145724 0.0171
-7.02270603685687 0.017
-7.02278750561036 0.0169
-7.02285728864365 0.0168
-7.02292635428008 0.0167
-7.02299352951614 0.0165999999999999
-7.02304870693943 0.0165
-7.02309295645834 0.0164
-7.02312070744393 0.0163
-7.0231312819053 0.0162
-7.02314134056642 0.0161
-7.02316340968113 0.016
-7.02320900081302 0.0159
-7.02325028269176 0.0158
-7.02329115443184 0.0157
-7.02332722818391 0.0155999999999999
-7.02336725835783 0.0155
-7.02340934422361 0.0154
-7.02346322040142 0.0153
-7.02352083570534 0.0152
-7.02357764609059 0.0151
-7.02363299982514 0.015
-7.02369474635502 0.0149
-7.02377219871093 0.0148
-7.02385242328783 0.0147
-7.02392295506219 0.0145999999999999
-7.02397825348583 0.0145
-7.02401849051105 0.0144
-7.02405420756395 0.0143
-7.02408119229901 0.0142
-7.02411403030886 0.0141
-7.02413898063566 0.014
-7.02415642526756 0.0139
-7.02418573476564 0.0138
-7.02421197962124 0.0137
-7.02422760043737 0.0135999999999999
-7.02424633310946 0.0135
-7.02425981361923 0.0134
-7.02427826056881 0.0133
-7.02429476577477 0.0132
-7.02431893927037 0.0131
-7.0243552849314 0.013
-7.02439495906456 0.0129
-7.02445349253314 0.0128
-7.02452289889806 0.0127
-7.02460278088473 0.0125999999999999
-7.02467973111191 0.0125
-7.02475862919387 0.0124
-7.02483562166023 0.0123
-7.02489088872542 0.0122
-7.02494865614923 0.0121
-7.02499523025833 0.012
-7.02502206556093 0.0119
-7.02506044732824 0.0118
-7.02509385979275 0.0117
-7.02512790629809 0.0116000000000001
-7.02516342166179 0.0115
-7.02517969383169 0.0114
-7.02518229454851 0.0113
-7.02517736031291 0.0112
-7.02515894534811 0.0111
-7.02512342733272 0.011
-7.02507398076768 0.0109
-7.02503822457527 0.0108
-7.02499869543492 0.0107
-7.02496770189263 0.0106000000000001
-7.02494058383384 0.0105
-7.02491187122915 0.0104
-7.02488542280132 0.0103
-7.02486592489733 0.0102
-7.02485775347218 0.0101
-7.02486474168582 0.01
-7.02488021396638 0.00990000000000002
-7.0248906903839 0.00980000000000003
-7.02490265151232 0.00970000000000004
-7.02491144846242 0.00960000000000005
-7.02490822045103 0.00949999999999995
-7.02491502598015 0.00939999999999996
-7.02490824967168 0.00929999999999997
-7.02490584911733 0.00919999999999999
-7.02491222603641 0.0091
-7.02491679881344 0.00900000000000001
-7.02491646613303 0.00890000000000002
-7.02489511055612 0.00880000000000003
-7.02487299165375 0.00870000000000004
-7.02486910886086 0.00860000000000005
-7.02488399122928 0.00849999999999995
-7.02488212008744 0.00839999999999996
-7.0248792178713 0.00829999999999997
-7.02487520472455 0.00819999999999999
-7.02486301668564 0.0081
-7.02483903989313 0.00800000000000001
-7.0247948797085 0.00790000000000002
-7.02473784309387 0.00780000000000003
-7.02468935458469 0.00770000000000004
-7.02464375797127 0.00760000000000005
-7.02458599434813 0.00749999999999995
-7.02454458709016 0.00739999999999996
-7.02449836319451 0.00729999999999997
-7.02445693171233 0.00719999999999998
-7.02442168243669 0.0071
-7.02438536073639 0.00700000000000001
-7.02433051140314 0.00690000000000002
-7.02428370077995 0.00680000000000003
-7.0242340258998 0.00670000000000004
-7.02419114528156 0.00660000000000005
-7.02415756835173 0.00649999999999995
-7.02414247939738 0.00639999999999996
-7.02412507200294 0.00629999999999997
-7.02411512037346 0.00619999999999998
-7.0241070266153 0.00609999999999999
-7.02410441258112 0.00600000000000001
-7.02411691947351 0.00590000000000002
-7.02412533689437 0.00580000000000003
-7.02414965785772 0.00570000000000004
-7.02416358071522 0.00560000000000005
-7.02417997663849 0.00549999999999995
-7.02418406460042 0.00539999999999996
-7.02418418776417 0.00529999999999997
-7.02419066124924 0.00519999999999998
-7.02418121483566 0.00509999999999999
-7.02414247141234 0.005
-7.02410427604643 0.00490000000000002
-7.02406879878098 0.00480000000000003
-7.02399954681626 0.00470000000000004
-7.02394094008539 0.00460000000000005
-7.02387866032096 0.00449999999999995
-7.02382869793033 0.00439999999999996
-7.02377752119371 0.00429999999999997
-7.02372725041732 0.00419999999999998
-7.02367982431235 0.00409999999999999
-7.02365106347545 0.004
-7.02361647605363 0.00390000000000001
-7.02361183743855 0.00380000000000003
-7.02362172683661 0.00370000000000004
-7.02364586960447 0.00360000000000005
-7.02368015985405 0.00349999999999995
-7.02372997138742 0.00339999999999996
-7.02379787607812 0.00329999999999997
-7.02388294418474 0.00319999999999998
-7.02397354229848 0.00309999999999999
-7.0240813777237 0.003
-7.02420286898599 0.00290000000000001
-7.02432090489229 0.00280000000000002
-7.02443366405385 0.00270000000000004
-7.02454929178666 0.00260000000000005
-7.02464908933013 0.00249999999999995
-7.0247587200471 0.00239999999999996
-7.02487128028229 0.00229999999999997
-7.02497435234935 0.00219999999999998
-7.02507573846751 0.00209999999999999
-7.02516922405766 0.002
-7.02526082543734 0.00190000000000001
-7.02534217508433 0.00180000000000002
-7.02542493227127 0.00170000000000003
-7.02549435059757 0.00160000000000005
-7.02554826395702 0.00149999999999995
-7.02558294475495 0.00139999999999996
-7.02561468775177 0.00129999999999997
-7.02563889625294 0.00119999999999998
-7.02565697881107 0.00109999999999999
-7.02566370223679 0.001
-7.02566273069832 0.000900000000000012
-7.02566191481534 0.000800000000000023
-7.02567377434682 0.000700000000000034
-7.02569773837411 0.000600000000000045
-7.02570813119984 0.000499999999999945
-7.02571684176288 0.000399999999999956
-7.02573376113671 0.000299999999999967
-7.0257435551732 0.000199999999999978
-7.02576818040363 9.9999999999989e-05
-7.02580173400024 0
