# Fix print output for fix f5
-6.92483504919039 1
-6.92493141895327 0.9999
-6.92503262655849 0.9998
-6.92512554382667 0.9997
-6.92521227201345 0.9996
-6.92532339113772 0.9995
-6.92543713271507 0.9994
-6.92553425140076 0.9993
-6.92563721837666 0.9992
-6.92573607884615 0.9991
-6.92580313374121 0.999
-6.92583757307743 0.9989
-6.92585667618085 0.9988
-6.9258434791331 0.9987
-6.92582796817802 0.9986
-6.9258078058684 0.9985
-6.92577684656149 0.9984
-6.9257262456842 0.9983
-6.92564759881119 0.9982
-6.92557774361812 0.9981
-6.92549392040122 0.998
-6.9253675591293 0.9979
-6.92522390344898 0.9978
-6.9250800300947 0.9977
-6.92495322741202 0.9976
-6.92485289811344 0.9975
-6.92479567840483 0.9974
-6.92472578821623 0.9973
-6.92467371576478 0.9972
-6.9246024377885 0.9971
-6.92452943785536 0.997
-6.92446152142865 0.9969
-6.92441554354561 0.9968
-6.92432419698333 0.9967
-6.9242430999877 0.9966
-6.92417025741304 0.9965
-6.92406750067062 0.9964
-6.92399103272031 0.9963
-6.92391477001983 0.9962
-6.92383025966435 0.9961
-6.92375590931441 0.996
-6.92368267103675 0.9959
-6.92361977030567 0.9958
-6.92357454596091 0.9957
-6.92355495075196 0.9956
-6.92353803542587 0.9955
-6.92356325596294 0.9954
-6.92358450204672 0.9953
-6.92364269318648 0.9952
-6.92371598387248 0.9951
-6.92381503605105 0.995
-6.92392900482506 0.9949
-6.9240734232292 0.9948
-6.92420595320043 0.9947
-6.92437263058439 0.9946
-6.92458377854325 0.9945
-6.92479561472867 0.9944
-6.92503373193026 0.9943
-6.92530381186671 0.9942
-6.92555041427667 0.9941
-6.9257850984464 0.994
-6.92602299190256 0.9939
-6.92624852814232 0.9938
-6.92646364468992 0.9937
-6.92666898470228 0.9936
-6.92687342237076 0.9935
-6.9270441675663 0.9934
-6.92716486701707 0.9933
-6.92727629918223 0.9932
-6.92734695183349 0.9931
-6.92736765425644 0.993
-6.92735520311566 0.9929
-6.92730595868851 0.9928
-6.92724548951871 0.9927
-6.92717364932505 0.9926
-6.92711422134847 0.9925
-6.92704507245144 0.9924
-6.92695923003286 0.9923
-6.92688432099038 0.9922
-6.9268203940982 0.9921
-6.92676531245714 0.992
-6.92668173050336 0.9919
-6.92661022406978 0.9918
-6.92653235281446 0.9917
-6.92647727514903 0.9916
-6.92643254051078 0.9915
-6.92641815645449 0.9914
-6.92644169022248 0.9913
-6.92647097081104 0.9912
-6.92649081720386 0.9911
-6.92651203631507 0.991
-6.9265553694998 0.9909
-6.9266119729827 0.9908
-6.92666975575912 0.9907
-6.92673819169435 0.9906
-6.92681545768683 0.9905
-6.9268870423287 0.9904
-6.92698652804927 0.9903
-6.92707647029396 0.9902
-6.92714772976689 0.9901
-6.92721107342748 0.99
-6.92727970530845 0.9899
-6.92734257500785 0.9898
-6.92736421324851 0.9897
-6.92737409166649 0.9896
-6.92737827907517 0.9895
-6.92736746884612 0.9894
-6.92733680890379 0.9893
-6.92730065401874 0.9892
-6.92723253046694 0.9891
-6.92716837150586 0.989
-6.9271133708343 0.9889
-6.92705301199079 0.9888
-6.92698132293549 0.9887
-6.92688758337086 0.9886
-6.92682032400174 0.9885
-6.92675669588121 0.9884
-6.92667030217533 0.9883
-6.92655225217339 0.9882
-6.92643462708006 0.9881
-6.92629653953742 0.988
-6.92615211059378 0.9879
-6.92598570194215 0.9878
-6.92584828656407 0.9877
-6.92571226107874 0.9876
-6.92555596917092 0.9875
-6.92540924975084 0.9874
-6.9252784930681 0.9873
-6.92516168669836 0.9872
-6.92502216066736 0.9871
-6.92486761513802 0.987
-6.9247298781194 0.9869
-6.92463013997623 0.9868
-6.92454557627932 0.9867
-6.92444580987165 0.9866
-6.92436737372877 0.9865
-6.92430815192563 0.9864
-6.92425449718018 0.9863
-6.92423206613039 0.9862
-6.92423857930413 0.9861
-6.92426954629276 0.986
-6.92430886695223 0.9859
-6.92436387066449 0.9858
-6.92442283768419 0.9857
-6.92449992948609 0.9856
-6.92460348991835 0.9855
-6.92470456020944 0.9854
-6.92480758711828 0.9853
-6.92490534401473 0.9852
-6.92503905430394 0.9851
-6.92514094040198 0.985
-6.92522616118786 0.9849
-6.92528713320818 0.9848
-6.92533721176145 0.9847
-6.92540558025619 0.9846
-6.92548595436546 0.9845
-6.9255585947567 0.9844
-6.9256144299728 0.9843
-6.92569938307909 0.9842
-6.92573880752605 0.9841
-6.92579662869508 0.984
-6.92584717355617 0.9839
-6.92588984641818 0.9838
-6.92596072889745 0.9837
-6.92605250302441 0.9836
-6.92614824807194 0.9835
-6.92625888226487 0.9834
-6.92635924897811 0.9833
-6.92645000175112 0.9832
-6.92649667013903 0.9831
-6.92656453469549 0.983
-6.92663406852688 0.9829
-6.92669325777994 0.9828
-6.92676428458145 0.9827
-6.92681846353139 0.9826
-6.92685293919491 0.9825
-6.92685520156847 0.9824
-6.92684117721586 0.9823
-6.92681572432747 0.9822
-6.92679221590584 0.9821
-6.92677345682793 0.982
-6.92675596953799 0.9819
-6.92669983043105 0.9818
-6.92662420447978 0.9817
-6.9265579168746 0.9816
-6.92653729308465 0.9815
-6.92653972264513 0.9814
-6.9265204591675 0.9813
-6.92652274018135 0.9812
-6.92657511700121 0.9811
-6.92663973914144 0.981
-6.92672760799661 0.9809
-6.92684288948913 0.9808
-6.92694782928615 0.9807
-6.92707270471916 0.9806
-6.92720927444133 0.9805
-6.92737750647351 0.9804
-6.92756287786183 0.9803
-6.92777707066237 0.9802
-6.92798428156011 0.9801
-6.9281806910731 0.98
-6.92836991431534 0.9799
-6.92857193707332 0.9798
-6.92877130994907 0.9797
-6.92896834457024 0.9796
-6.92913575934987 0.9795
-6.92927135855337 0.9794
-6.92939274638668 0.9793
-6.92951952388881 0.9792
-6.92961668193682 0.9791
-6.92968527382754 0.979
-6.92976311221758 0.9789
-6.92982282295614 0.9788
-6.92987622537742 0.9787
-6.9298820887285 0.9786
-6.92989363347761 0.9785
-6.92991771673151 0.9784
-6.92994946682992 0.9783
-6.92996436215953 0.9782
-6.92993108781699 0.9781
-6.92987158017193 0.978
-6.92978687656923 0.9779
-6.92966647862488 0.9778
-6.92954802116609 0.9777
-6.92943657626468 0.9776
-6.92933182441352 0.9775
-6.92922647768111 0.9774
-6.92914286983089 0.9773
-6.92908156727487 0.9772
-6.92899555381962 0.9771
-6.92890902715493 0.977
-6.92884385872281 0.9769
-6.92877812169155 0.9768
-6.92874264121951 0.9767
-6.92870443004846 0.9766
-6.92864708977512 0.9765
-6.92856402702574 0.9764
-6.92847483988454 0.9763
-6.92841203512684 0.9762
-6.92833433624642 0.9761
-6.92823137947413 0.976
-6.92811970230257 0.9759
-6.92797494608082 0.9758
-6.92779167190999 0.9757
-6.92760162292307 0.9756
-6.92740532116091 0.9755
-6.92722501098502 0.9754
-6.92700942895362 0.9753
-6.92679947581496 0.9752
-6.92659060143734 0.9751
-6.92640293826664 0.975
-6.92625205164837 0.9749
-6.92609029519985 0.9748
-6.925963106338 0.9747
-6.92588894522213 0.9746
-6.92585064867947 0.9745
-6.92580977642246 0.9744
-6.92578354050081 0.9743
-6.92578001062711 0.9742
-6.9258053054165 0.9741
-6.92582680523033 0.974
-6.92583439899172 0.9739
-6.92584780245437 0.9738
-6.92583632954588 0.9737
-6.92583763053345 0.9736
-6.92582331069824 0.9735
-6.92583471813374 0.9734
-6.92583891822733 0.9733
-6.92585946287732 0.9732
-6.92590209489206 0.9731
-6.92593202777244 0.973
-6.92594880616424 0.9729
-6.92596127645218 0.9728
-6.9259426290866 0.9727
-6.92589066127816 0.9726
-6.92586375657479 0.9725
-6.92583394749705 0.9724
-6.92580223368743 0.9723
-6.92575791246333 0.9722
-6.92572078591024 0.9721
-6.92570832787054 0.972
-6.92571277204044 0.9719
-6.92572417120933 0.9718
-6.92575239857128 0.9717
-6.92576588212843 0.9716
-6.92578184322872 0.9715
-6.92581521434173 0.9714
-6.92586347856188 0.9713
-6.92592344810668 0.9712
-6.92597670371685 0.9711
-6.92603855264555 0.971
-6.92617228671637 0.9709
-6.92633168103019 0.9708
-6.92650630127714 0.9707
-6.92669976749851 0.9706
-6.92688958990757 0.9705
-6.92707498874315 0.9704
-6.92726150617089 0.9703
-6.9274217309145 0.9702
-6.92757883997872 0.9701
-6.92771819300556 0.97
-6.92786650880664 0.9699
-6.92800285032803 0.9698
-6.92813841125246 0.9697
-6.92824050031795 0.9696
-6.92833790971496 0.9695
-6.92843123107409 0.9694
-6.92852810858038 0.9693
-6.92858517224184 0.9692
-6.9286216494044 0.9691
-6.92864886675961 0.969
-6.92867954580623 0.9689
-6.92868124338587 0.9688
-6.92872376226592 0.9687
-6.92872883336506 0.9686
-6.92876262616029 0.9685
-6.92880151258987 0.9684
-6.92885861299369 0.9683
-6.92890193409815 0.9682
-6.92895559763255 0.9681
-6.92901815082577 0.968
-6.92906560780228 0.9679
-6.92914159271829 0.9678
-6.9292202337895 0.9677
-6.92929462306415 0.9676
-6.92942544815603 0.9675
-6.9295946494495 0.9674
-6.92978558651155 0.9673
-6.92996927673391 0.9672
-6.93017430060819 0.9671
-6.93035438376815 0.967
-6.93053977284219 0.9669
-6.93071684044408 0.9668
-6.93087703841082 0.9667
-6.93103757997325 0.9666
-6.93117195870513 0.9665
-6.93128686856526 0.9664
-6.93139661543826 0.9663
-6.93148256299567 0.9662
-6.93156877609062 0.9661
-6.93163511799465 0.966
-6.9316724675353 0.9659
-6.93168648087165 0.9658
-6.93168126750331 0.9657
-6.93165219831565 0.9656
-6.93160510964391 0.9655
-6.93155894669537 0.9654
-6.93152730624399 0.9653
-6.93147631603394 0.9652
-6.93141055801351 0.9651
-6.93136964749487 0.965
-6.93129564226252 0.9649
-6.93127347907351 0.9648
-6.93124659003776 0.9647
-6.93125064628084 0.9646
-6.93126379050508 0.9645
-6.93131802553717 0.9644
-6.93138038194965 0.9643
-6.9314713787145 0.9642
-6.93158489146467 0.9641
-6.93167826780589 0.964
-6.93178035457309 0.9639
-6.93188934491357 0.9638
-6.93201712701165 0.9637
-6.93216441222953 0.9636
-6.93234189126939 0.9635
-6.93251950027421 0.9634
-6.93268375512918 0.9633
-6.9328359583797 0.9632
-6.93299074623874 0.9631
-6.93315368040353 0.963
-6.93330027228759 0.9629
-6.93342154790133 0.9628
-6.93353351504533 0.9627
-6.93358961957652 0.9626
-6.93361389816527 0.9625
-6.93361727196787 0.9624
-6.93359824111128 0.9623
-6.9335339458486 0.9622
-6.93346609961691 0.9621
-6.93342243478426 0.962
-6.93338861858328 0.9619
-6.93335462779828 0.9618
-6.93332650343716 0.9617
-6.93331583096183 0.9616
-6.93328705477133 0.9615
-6.93328587740274 0.9614
-6.93326958566828 0.9613
-6.93324485912553 0.9612
-6.93323046916956 0.9611
-6.93323339348838 0.961
-6.93324572828475 0.9609
-6.93326988437555 0.9608
-6.93327533066123 0.9607
-6.9332914984861 0.9606
-6.93330083954581 0.9605
-6.93330093605933 0.9604
-6.93329885251942 0.9603
-6.93329261806377 0.9602
-6.93328536961742 0.9601
-6.93329046466313 0.96
-6.93331204447304 0.9599
-6.93332920033449 0.9598
-6.93335751709803 0.9597
-6.93339435989239 0.9596
-6.93342991475274 0.9595
-6.93347210497588 0.9594
-6.93351801035718 0.9593
-6.93359777305972 0.9592
-6.93366024652459 0.9591
-6.93370340618835 0.959
-6.93372849950115 0.9589
-6.93373807492764 0.9588
-6.93374812323917 0.9587
-6.93375408335917 0.9586
-6.93376140388362 0.9585
-6.9337384732162 0.9584
-6.93370537186655 0.9583
-6.93366228368644 0.9582
-6.93364597116187 0.9581
-6.93361149987158 0.958
-6.93359059821319 0.9579
-6.93353113327411 0.9578
-6.93348332277391 0.9577
-6.93341823853626 0.9576
-6.93336053811676 0.9575
-6.93333651131072 0.9574
-6.93331377136835 0.9573
-6.93326629159836 0.9572
-6.9332074655629 0.9571
-6.93314558421093 0.957
-6.93311775376192 0.9569
-6.93308035054021 0.9568
-6.9330464738001 0.9567
-6.93302427748609 0.9566
-6.93301989756278 0.9565
-6.93303066708193 0.9564
-6.93305775076928 0.9563
-6.93309079523846 0.9562
-6.93311776738571 0.9561
-6.93315793659665 0.956
-6.93319545446282 0.9559
-6.93321989544914 0.9558
-6.93323062979789 0.9557
-6.93323660758891 0.9556
-6.93324698043438 0.9555
-6.93323167365394 0.9554
-6.93322746675959 0.9553
-6.93323662779583 0.9552
-6.93325813921074 0.9551
-6.93326480445067 0.955
-6.93327326324739 0.9549
-6.93328049489436 0.9548
-6.93328794231025 0.9547
-6.93330341794404 0.9546
-6.93330622366014 0.9545
-6.93333383401529 0.9544
-6.93335575170633 0.9543
-6.9333877131885 0.9542
-6.93345314762263 0.9541
-6.93351224027964 0.954
-6.9335527329929 0.9539
-6.93361540847849 0.9538
-6.93367285598804 0.9537
-6.93371805857291 0.9536
-6.93376995212078 0.9535
-6.93382165723764 0.9534
-6.93389588313805 0.9533
-6.93398215008912 0.9532
-6.93405617347899 0.9531
-6.93413709680072 0.953
-6.93422910606627 0.9529
-6.93428864510681 0.9528
-6.93432843706177 0.9527
-6.93437295501743 0.9526
-6.93441450971857 0.9525
-6.9344532267113 0.9524
-6.93447857404358 0.9523
-6.93451698383766 0.9522
-6.93452638687004 0.9521
-6.93455987661227 0.952
-6.93459947397568 0.9519
-6.93461289160755 0.9518
-6.93465994938422 0.9517
-6.93468965531961 0.9516
-6.93471225154848 0.9515
-6.93472518497124 0.9514
-6.93472742397561 0.9513
-6.9347215178219 0.9512
-6.93469257646707 0.9511
-6.93466188817136 0.951
-6.93465831275475 0.9509
-6.9346651625929 0.9508
-6.93467570030289 0.9507
-6.93469037877323 0.9506
-6.93471909630632 0.9505
-6.93477239041164 0.9504
-6.934824156183 0.9503
-6.93489365633963 0.9502
-6.93496989775597 0.9501
-6.93503024426553 0.95
-6.93511160823674 0.9499
-6.93520711051293 0.9498
-6.93531179565184 0.9497
-6.93544734282917 0.9496
-6.9355861592794 0.9495
-6.93573322617063 0.9494
-6.93588283450357 0.9493
-6.93601130988651 0.9492
-6.93614375693738 0.9491
-6.93627599500742 0.949
-6.93639979428095 0.9489
-6.93653796922788 0.9488
-6.93666915443272 0.9487
-6.9367953536991 0.9486
-6.93693336567937 0.9485
-6.93706094635119 0.9484
-6.9371677278849 0.9483
-6.93727673690077 0.9482
-6.93738850804413 0.9481
-6.93751228341505 0.948
-6.9376106963373 0.9479
-6.93770948339453 0.9478
-6.93782251898459 0.9477
-6.93794093076843 0.9476
-6.93806877527488 0.9475
-6.93816058273771 0.9474
-6.93824494046561 0.9473
-6.93830380343341 0.9472
-6.93836719416064 0.9471
-6.9384758671249 0.947
-6.9385667955909 0.9469
-6.93863841230275 0.9468
-6.93873033871025 0.9467
-6.93880272056658 0.9466
-6.93886764886306 0.9465
-6.93894086836225 0.9464
-6.9390177610343 0.9463
-6.93910510662778 0.9462
-6.9391868303446 0.9461
-6.93926179237762 0.946
-6.93932030115089 0.9459
-6.93937053703286 0.9458
-6.93942221616019 0.9457
-6.93946021152207 0.9456
-6.93951810311586 0.9455
-6.93956974099404 0.9454
-6.93961727634472 0.9453
-6.93969004054122 0.9452
-6.9397787797391 0.9451
-6.9398770757834 0.945
-6.93995509114189 0.9449
-6.93998855414336 0.9448
-6.9400155044496 0.9447
-6.94001919279892 0.9446
-6.9399926069195 0.9445
-6.93996665955105 0.9444
-6.93993041520495 0.9443
-6.93989153388266 0.9442
-6.93980716194653 0.9441
-6.93972085759444 0.944
-6.93962568933474 0.9439
-6.93951496237675 0.9438
-6.93942649393622 0.9437
-6.93929917756314 0.9436
-6.93915749050754 0.9435
-6.93900644057804 0.9434
-6.93882418597294 0.9433
-6.93865531395888 0.9432
-6.9385140873924 0.9431
-6.93837185378222 0.943
-6.93821736376788 0.9429
-6.93807122832964 0.9428
-6.93793745124637 0.9427
-6.93780914727158 0.9426
-6.93766843840506 0.9425
-6.9375318237021 0.9424
-6.93737270455777 0.9423
-6.93723873926791 0.9422
-6.93713280130541 0.9421
-6.93702538021139 0.942
-6.93692846805203 0.9419
-6.93684441580979 0.9418
-6.93677539421339 0.9417
-6.93672273731392 0.9416
-6.93669217253344 0.9415
-6.93666343068541 0.9414
-6.93664223890939 0.9413
-6.93663570876805 0.9412
-6.93663949982368 0.9411
-6.93663599468668 0.941
-6.93663686005968 0.9409
-6.93665893200034 0.9408
-6.93671844081912 0.9407
-6.93682557918978 0.9406
-6.9369386389004 0.9405
-6.93705713906903 0.9404
-6.93717054575782 0.9403
-6.93729130990536 0.9402
-6.93740301295508 0.9401
-6.93750673070516 0.94
-6.9376022549987 0.9399
-6.93769943763787 0.9398
-6.93776987081824 0.9397
-6.93782481590575 0.9396
-6.93788473193761 0.9395
-6.93792472026427 0.9394
-6.93796351339459 0.9393
-6.93796842828548 0.9392
-6.93798364137072 0.9391
-6.93799966340037 0.939
-6.93801360210526 0.9389
-6.93804449169445 0.9388
-6.93811280393672 0.9387
-6.93822996090143 0.9386
-6.93837908821925 0.9385
-6.93856891151636 0.9384
-6.93878932456255 0.9383
-6.9390088748398 0.9382
-6.93919893780374 0.9381
-6.93940575478616 0.938
-6.93964445766203 0.9379
-6.93987345096576 0.9378
-6.94010436911524 0.9377
-6.94031511379715 0.9376
-6.94053329541618 0.9375
-6.94075732267494 0.9374
-6.94094089113699 0.9373
-6.94111519587894 0.9372
-6.94125925485579 0.9371
-6.94144189098471 0.937
-6.94162738129206 0.9369
-6.94179676911575 0.9368
-6.941960483973 0.9367
-6.9420843829665 0.9366
-6.94220578348857 0.9365
-6.94230680050068 0.9364
-6.94238508196607 0.9363
-6.94245267948842 0.9362
-6.94250383306608 0.9361
-6.94253140608049 0.936
-6.94255764166642 0.9359
-6.94257530238108 0.9358
-6.94259340603547 0.9357
-6.94262840004194 0.9356
-6.94268611195217 0.9355
-6.94275370052716 0.9354
-6.94284559632124 0.9353
-6.94293163889851 0.9352
-6.94304759642518 0.9351
-6.94318913444865 0.935
-6.94334188234982 0.9349
-6.94348817597248 0.9348
-6.94365425031673 0.9347
-6.94382587020035 0.9346
-6.94399086098991 0.9345
-6.94413272835388 0.9344
-6.94427514246455 0.9343
-6.94442778901981 0.9342
-6.94458726057343 0.9341
-6.94474048086018 0.934
-6.94488736218878 0.9339
-6.94500663890553 0.9338
-6.94510501879752 0.9337
-6.94519837298983 0.9336
-6.94528479382141 0.9335
-6.94533439581871 0.9334
-6.9453594386234 0.9333
-6.94537681031107 0.9332
-6.94534974092658 0.9331
-6.94529214725073 0.933
-6.94520012590768 0.9329
-6.94507922571725 0.9328
-6.94495742059625 0.9327
-6.94481645656062 0.9326
-6.94466282341233 0.9325
-6.94451541980266 0.9324
-6.94434601016718 0.9323
-6.94416585512042 0.9322
-6.94398118456342 0.9321
-6.94377233377767 0.932
-6.9435520907426 0.9319
-6.94331300701109 0.9318
-6.9430665816907 0.9317
-6.9428176095661 0.9316
-6.94257600601646 0.9315
-6.94233499076804 0.9314
-6.9420906565036 0.9313
-6.94185774370829 0.9312
-6.94162264958393 0.9311
-6.94138112475524 0.931
-6.94118244358536 0.9309
-6.94101684944685 0.9308
-6.94084846203912 0.9307
-6.94070796582155 0.9306
-6.94057660236964 0.9305
-6.94043073222618 0.9304
-6.94029133144412 0.9303
-6.94015471932481 0.9302
-6.94003284864675 0.9301
-6.93993177921088 0.93
-6.93982468625528 0.9299
-6.93973306478728 0.9298
-6.93962491804719 0.9297
-6.93952564396367 0.9296
-6.93942120770459 0.9295
-6.93931628429567 0.9294
-6.9392381033226 0.9293
-6.93916227443012 0.9292
-6.93908761141045 0.9291
-6.93901634735641 0.929
-6.93895544813066 0.9289
-6.93889787410196 0.9288
-6.93884882084372 0.9287
-6.93881040696369 0.9286
-6.93878029273261 0.9285
-6.93874189611391 0.9284
-6.93869709092525 0.9283
-6.93864486132018 0.9282
-6.93860816162753 0.9281
-6.93856843507079 0.928
-6.93853404866305 0.9279
-6.9384966900277 0.9278
-6.93849420010649 0.9277
-6.93848445523874 0.9276
-6.93847369486303 0.9275
-6.9384445677112 0.9274
-6.93836744426339 0.9273
-6.9382957365913 0.9272
-6.93820088909134 0.9271
-6.93810514654956 0.927
-6.93803281872021 0.9269
-6.93796311750155 0.9268
-6.93788046390864 0.9267
-6.93777886690453 0.9266
-6.93767466697653 0.9265
-6.93756663132426 0.9264
-6.93745991989472 0.9263
-6.93736081985279 0.9262
-6.9372819428174 0.9261
-6.93718578068214 0.926
-6.93707480693864 0.9259
-6.93696625623898 0.9258
-6.93682603033381 0.9257
-6.93670142630603 0.9256
-6.93660641567055 0.9255
-6.93651452884893 0.9254
-6.9364539856294 0.9253
-6.93639871007278 0.9252
-6.93635186959716 0.9251
-6.93637092168187 0.925
-6.93640938934821 0.9249
-6.9364456482087 0.9248
-6.93649600898861 0.9247
-6.93660896414661 0.9246
-6.93673411266115 0.9245
-6.93687163455057 0.9244
-6.93704378021497 0.9243
-6.93725461441023 0.9242
-6.93749297328552 0.9241
-6.93776363667728 0.924
-6.93807441085023 0.9239
-6.9384061128035 0.9238
-6.93876766218215 0.9237
-6.93914902411012 0.9236
-6.9395413393625 0.9235
-6.93992367358498 0.9234
-6.94028658938746 0.9233
-6.94065082917951 0.9232
-6.94098385460595 0.9231
-6.94128615207933 0.923
-6.94157778822085 0.9229
-6.94189592837432 0.9228
-6.94219073645318 0.9227
-6.94247323381938 0.9226
-6.94271863674877 0.9225
-6.94293218689043 0.9224
-6.94314874225246 0.9223
-6.94336635766958 0.9222
-6.94356351963098 0.9221
-6.94374593275827 0.922
-6.94389784926441 0.9219
-6.94400456958169 0.9218
-6.94408169863972 0.9217
-6.94416415917182 0.9216
-6.94422340610847 0.9215
-6.94424700758293 0.9214
-6.94426325474268 0.9213
-6.94425144353165 0.9212
-6.94423605427985 0.9211
-6.94420346742918 0.921
-6.94415847538784 0.9209
-6.94409872366216 0.9208
-6.94400657079261 0.9207
-6.94393296303665 0.9206
-6.94384229032045 0.9205
-6.94376336445673 0.9204
-6.94369816734766 0.9203
-6.94365883180438 0.9202
-6.94365568574794 0.9201
-6.94367330465575 0.92
-6.94366857212095 0.9199
-6.94366544663651 0.9198
-6.94369783541859 0.9197
-6.94375034117382 0.9196
-6.94380792328598 0.9195
-6.94388872844577 0.9194
-6.94398119837335 0.9193
-6.94408069061884 0.9192
-6.94419965974973 0.9191
-6.9443438050747 0.919
-6.94452123957542 0.9189
-6.94468508371033 0.9188
-6.94484123346113 0.9187
-6.94499706004767 0.9186
-6.94514795472789 0.9185
-6.94531795338936 0.9184
-6.94547211742407 0.9183
-6.94562128824058 0.9182
-6.94576617866324 0.9181
-6.94588115977074 0.918
-6.94603554843362 0.9179
-6.94620139473254 0.9178
-6.94637444795017 0.9177
-6.94652065978159 0.9176
-6.94664170188493 0.9175
-6.94674437352495 0.9174
-6.94680463513486 0.9173
-6.94684052105783 0.9172
-6.94685210581089 0.9171
-6.94683120218021 0.917
-6.94676411818814 0.9169
-6.94665527718383 0.9168
-6.94649920370791 0.9167
-6.94631436129283 0.9166
-6.94612164168383 0.9165
-6.94590868445742 0.9164
-6.94568216796879 0.9163
-6.94542665789657 0.9162
-6.94517408889824 0.9161
-6.94493543100127 0.916
-6.94469764596888 0.9159
-6.94447348574321 0.9158
-6.94428193103771 0.9157
-6.94410545177536 0.9156
-6.94395014555632 0.9155
-6.9437983816327 0.9154
-6.94366438835672 0.9153
-6.94354860874339 0.9152
-6.94347411433507 0.9151
-6.94342181952349 0.915
-6.9433928303909 0.9149
-6.94340731683863 0.9148
-6.9434358417615 0.9147
-6.94347340830871 0.9146
-6.94353309284077 0.9145
-6.94364202072254 0.9144
-6.94379158033732 0.9143
-6.94397751622084 0.9142
-6.94419570150559 0.9141
-6.94444581067101 0.914
-6.94469010156079 0.9139
-6.94493860112779 0.9138
-6.94517490390266 0.9137
-6.9454006103241 0.9136
-6.94563036767012 0.9135
-6.94589459409992 0.9134
-6.94616054535597 0.9133
-6.9464205542069 0.9132
-6.94665907436046 0.9131
-6.94688777696995 0.913
-6.94707847151114 0.9129
-6.9472326225103 0.9128
-6.94735563880014 0.9127
-6.94745924617532 0.9126
-6.94754566336761 0.9125
-6.94760541098403 0.9124
-6.94768799756829 0.9123
-6.94776438783876 0.9122
-6.94780668367234 0.9121
-6.94781354824126 0.912
-6.9478040842341 0.9119
-6.94778033577532 0.9118
-6.94774772365131 0.9117
-6.94771834327624 0.9116
-6.94768690857735 0.9115
-6.94766457298536 0.9114
-6.94764167905118 0.9113
-6.94761511022964 0.9112
-6.94758872769034 0.9111
-6.94755286427257 0.911
-6.9475257442797 0.9109
-6.94749534735386 0.9108
-6.94749044571928 0.9107
-6.94748918372154 0.9106
-6.94749606206246 0.9105
-6.94748969806988 0.9104
-6.94749240934354 0.9103
-6.94748688333664 0.9102
-6.94748968452504 0.9101
-6.94749829400768 0.91
-6.9475242163208 0.9099
-6.94753983377776 0.9098
-6.94754106904869 0.9097
-6.94755853780927 0.9096
-6.94755702466113 0.9095
-6.94755629578856 0.9094
-6.94757282851303 0.9093
-6.94761858831722 0.9092
-6.94764407962813 0.9091
-6.94768413243105 0.909
-6.94772274652036 0.9089
-6.94774156765975 0.9088
-6.94776432526717 0.9087
-6.94778218511921 0.9086
-6.94777220856138 0.9085
-6.94778791605702 0.9084
-6.94782282529355 0.9083
-6.94786589882841 0.9082
-6.94790357947563 0.9081
-6.94796146611872 0.908
-6.94801580123379 0.9079
-6.94804712495751 0.9078
-6.94806776255859 0.9077
-6.94807538620616 0.9076
-6.94808853075141 0.9075
-6.94809846015236 0.9074
-6.94809140261382 0.9073
-6.94810277963398 0.9072
-6.94813067393869 0.9071
-6.94815522706289 0.907
-6.94819266677071 0.9069
-6.94823777381918 0.9068
-6.9482890705864 0.9067
-6.94831840325345 0.9066
-6.94836475746406 0.9065
-6.94840321354063 0.9064
-6.9484367571634 0.9063
-6.94844993093077 0.9062
-6.94847362797654 0.9061
-6.94847274961906 0.906
-6.94847329622208 0.9059
-6.94844517454835 0.9058
-6.94840714712508 0.9057
-6.94838308368099 0.9056
-6.94833787067925 0.9055
-6.94829730503364 0.9054
-6.94825676268692 0.9053
-6.94819652496622 0.9052
-6.94809719745061 0.9051
-6.9480036410628 0.905
-6.94793641680643 0.9049
-6.94788358994542 0.9048
-6.94781845167302 0.9047
-6.94775841012182 0.9046
-6.94772485607761 0.9045
-6.94769833794884 0.9044
-6.94766773761421 0.9043
-6.94765911118436 0.9042
-6.9476531729047 0.9041
-6.94766049801435 0.904
-6.94769391068893 0.9039
-6.9477547832751 0.9038
-6.94781019550064 0.9037
-6.94786821881611 0.9036
-6.94790618776473 0.9035
-6.94792682421149 0.9034
-6.94792999084232 0.9033
-6.9479304626503 0.9032
-6.94792839380457 0.9031
-6.94795202165331 0.903
-6.94795397957483 0.9029
-6.9479316964396 0.9028
-6.94791620996772 0.9027
-6.94789593219355 0.9026
-6.94786311733812 0.9025
-6.94782594310803 0.9024
-6.94778589911313 0.9023
-6.94774649750986 0.9022
-6.94768665407498 0.9021
-6.94761542515689 0.902
-6.94755139543785 0.9019
-6.94749943995152 0.9018
-6.94741963300287 0.9017
-6.94736612814545 0.9016
-6.94729099461574 0.9015
-6.94723701547088 0.9014
-6.94717059207053 0.9013
-6.94711133052967 0.9012
-6.9470604281209 0.9011
-6.94702465896874 0.901
-6.94698054552303 0.9009
-6.94692943208371 0.9008
-6.94687323343633 0.9007
-6.94681178046433 0.9006
-6.94675692742822 0.9005
-6.94669150822209 0.9004
-6.94660997437528 0.9003
-6.94654675422698 0.9002
-6.94648161612543 0.9001
-6.94639914621747 0.9
-6.94631607544116 0.8999
-6.94622470046437 0.8998
-6.94611569850304 0.8997
-6.94598886088406 0.8996
-6.94583760527423 0.8995
-6.94565686381773 0.8994
-6.94546552635284 0.8993
-6.9452704056047 0.8992
-6.94509279288125 0.8991
-6.94491023389989 0.899
-6.94471020083143 0.8989
-6.94449339629124 0.8988
-6.94428605363128 0.8987
-6.94409298139095 0.8986
-6.94390646977038 0.8985
-6.94372170951222 0.8984
-6.94354600568076 0.8983
-6.94338006083605 0.8982
-6.94323021671385 0.8981
-6.9431049816211 0.898
-6.94297289087534 0.8979
-6.9428670532275 0.8978
-6.94274759386374 0.8977
-6.9426456262318 0.8976
-6.94255389466319 0.8975
-6.94250537660672 0.8974
-6.9424707825139 0.8973
-6.94247034478796 0.8972
-6.94247772626984 0.8971
-6.94250494591957 0.897
-6.94256040365348 0.8969
-6.94267670442543 0.8968
-6.94283720070321 0.8967
-6.94300771726909 0.8966
-6.94318367506551 0.8965
-6.94338480259953 0.8964
-6.94361092690112 0.8963
-6.94384164430311 0.8962
-6.94409986190539 0.8961
-6.94435412134703 0.896
-6.94463479152021 0.8959
-6.94491164797462 0.8958
-6.94519542155085 0.8957
-6.94548311380047 0.8956
-6.94576937330326 0.8955
-6.94602566766731 0.8954
-6.94627776581696 0.8953
-6.94651175924507 0.8952
-6.94674990868885 0.8951
-6.94698225822359 0.895
-6.94720293230447 0.8949
-6.94740067618069 0.8948
-6.94757218527769 0.8947
-6.94773377528786 0.8946
-6.94784999054054 0.8945
-6.94794023572704 0.8944
-6.94803265931675 0.8943
-6.94807712372138 0.8942
-6.94813950681492 0.8941
-6.94820363335828 0.894
-6.9482453450148 0.8939
-6.9482676039615 0.8938
-6.9482915455833 0.8937
-6.94830822495791 0.8936
-6.94830336562121 0.8935
-6.94827981527706 0.8934
-6.94821462932807 0.8933
-6.94813108878484 0.8932
-6.94805347443518 0.8931
-6.947983827673 0.893
-6.94791636597156 0.8929
-6.94786179669908 0.8928
-6.94783171498166 0.8927
-6.94781306268699 0.8926
-6.94779885533805 0.8925
-6.94776749381737 0.8924
-6.94774531483946 0.8923
-6.9477444465413 0.8922
-6.94776753034038 0.8921
-6.94783544433597 0.892
-6.94787552322573 0.8919
-6.94793809112447 0.8918
-6.94802414210824 0.8917
-6.94814977531179 0.8916
-6.94828655566608 0.8915
-6.94842544008146 0.8914
-6.94855848264439 0.8913
-6.94870629392255 0.8912
-6.94884336672522 0.8911
-6.9489628789399 0.891
-6.94910043639223 0.8909
-6.94924153429561 0.8908
-6.94938302018929 0.8907
-6.94949142188794 0.8906
-6.94959191538026 0.8905
-6.94970062216274 0.8904
-6.94979690260487 0.8903
-6.94986557741181 0.8902
-6.94993050849481 0.8901
-6.94996307249178 0.89
-6.9500101925872 0.8899
-6.95004438193118 0.8898
-6.95008997417206 0.8897
-6.95014407715568 0.8896
-6.9501580049533 0.8895
-6.95014466019827 0.8894
-6.95012143255227 0.8893
-6.95010346806473 0.8892
-6.95008179637567 0.8891
-6.95007313749742 0.889
-6.95004680762537 0.8889
-6.95002997914799 0.8888
-6.95002276670205 0.8887
-6.94999716283456 0.8886
-6.94994677587656 0.8885
-6.94992085726008 0.8884
-6.94990231670754 0.8883
-6.94987969847286 0.8882
-6.94986698917947 0.8881
-6.94989478979269 0.888
-6.94993492416959 0.8879
-6.94997595195233 0.8878
-6.95002769031298 0.8877
-6.95006704814183 0.8876
-6.95011151763235 0.8875
-6.95011171584473 0.8874
-6.95012470123588 0.8873
-6.9501219084158 0.8872
-6.9501370402392 0.8871
-6.95014147935207 0.887
-6.95012982918316 0.8869
-6.95011561865059 0.8868
-6.9500934381265 0.8867
-6.95008017718703 0.8866
-6.95006606276463 0.8865
-6.95006662808729 0.8864
-6.9500652992918 0.8863
-6.95004333684422 0.8862
-6.95000130071894 0.8861
-6.94996015767466 0.886
-6.94991343119024 0.8859
-6.9498506993464 0.8858
-6.94979718561181 0.8857
-6.94975843330051 0.8856
-6.94971724891229 0.8855
-6.94962974862693 0.8854
-6.94955380491796 0.8853
-6.94950417292362 0.8852
-6.94945809411233 0.8851
-6.94942525983418 0.885
-6.94943179122901 0.8849
-6.9494540830202 0.8848
-6.9495263151638 0.8847
-6.94961607781182 0.8846
-6.94977331035229 0.8845
-6.94995607173172 0.8844
-6.95014309546988 0.8843
-6.95030796517949 0.8842
-6.95047195768627 0.8841
-6.95061982224441 0.884
-6.95074895710873 0.8839
-6.95084135342492 0.8838
-6.95091713254199 0.8837
-6.95098891280216 0.8836
-6.95105362751218 0.8835
-6.95110339085375 0.8834
-6.95118084713722 0.8833
-6.95124538275983 0.8832
-6.95129021471254 0.8831
-6.95132555208294 0.883
-6.95133219868317 0.8829
-6.95132814462506 0.8828
-6.95130934836121 0.8827
-6.95130078274463 0.8826
-6.9512714825878 0.8825
-6.95120329492574 0.8824
-6.95108056172169 0.8823
-6.95092922185661 0.8822
-6.95077474803078 0.8821
-6.95064118473739 0.882
-6.95048796805328 0.8819
-6.9503255445465 0.8818
-6.95016510773237 0.8817
-6.95001986328952 0.8816
-6.9498831213532 0.8815
-6.94974177125939 0.8814
-6.94963463144101 0.8813
-6.949571453384 0.8812
-6.94954646130149 0.8811
-6.94957430320646 0.881
-6.94962147452574 0.8809
-6.94971070974068 0.8808
-6.94982994549314 0.8807
-6.94993225804537 0.8806
-6.95005893306011 0.8805
-6.95018127505047 0.8804
-6.95032073407863 0.8803
-6.95045796189372 0.8802
-6.95060560038391 0.8801
-6.950739860948 0.88
-6.95086061760228 0.8799
-6.95097813566788 0.8798
-6.95109706929262 0.8797
-6.95120016068507 0.8796
-6.95128415629739 0.8795
-6.95133986419714 0.8794
-6.95137040862722 0.8793
-6.95137449502379 0.8792
-6.95134961581222 0.8791
-6.95130355779833 0.879
-6.9512349582213 0.8789
-6.9511661023749 0.8788
-6.95109255599308 0.8787
-6.95101983912576 0.8786
-6.95091057785976 0.8785
-6.950792029934 0.8784
-6.950684873443 0.8783
-6.95060264942843 0.8782
-6.95056395585981 0.8781
-6.9505506576179 0.878
-6.95055591111652 0.8779
-6.95054389190563 0.8778
-6.9505348088952 0.8777
-6.95053349719605 0.8776
-6.95055623743478 0.8775
-6.95059703007186 0.8774
-6.9506442826097 0.8773
-6.95069971428653 0.8772
-6.9507671589059 0.8771
-6.95082960014323 0.877
-6.95088146251325 0.8769
-6.95092119744455 0.8768
-6.95095462601112 0.8767
-6.95098025130931 0.8766
-6.95101869800887 0.8765
-6.95106688985557 0.8764
-6.95108981490239 0.8763
-6.9510949681799 0.8762
-6.95110402646802 0.8761
-6.9511398380224 0.876
-6.95118288052383 0.8759
-6.951228888631 0.8758
-6.95131982747755 0.8757
-6.95142018991907 0.8756
-6.95149996550006 0.8755
-6.95157398064025 0.8754
-6.9516747060812 0.8753
-6.95178288217928 0.8752
-6.95188866257127 0.8751
-6.9520078501839 0.875
-6.95214550966501 0.8749
-6.95227448724565 0.8748
-6.95241826462134 0.8747
-6.95256134804413 0.8746
-6.95270978235357 0.8745
-6.95286398810616 0.8744
-6.95301945979176 0.8743
-6.95317071394212 0.8742
-6.95333292321846 0.8741
-6.95347290963302 0.874
-6.95360447590817 0.8739
-6.95373502181502 0.8738
-6.95385764781306 0.8737
-6.95397152140029 0.8736
-6.95404442095717 0.8735
-6.95407435159745 0.8734
-6.95410765282132 0.8733
-6.95414757629715 0.8732
-6.95417631633234 0.8731
-6.95418398521848 0.873
-6.95418558308808 0.8729
-6.95420178726934 0.8728
-6.95422786382704 0.8727
-6.95425296589103 0.8726
-6.95429008815483 0.8725
-6.95434713826855 0.8724
-6.95440216094845 0.8723
-6.95446057848316 0.8722
-6.95454082301303 0.8721
-6.95464520669568 0.872
-6.95474132223692 0.8719
-6.95484920665324 0.8718
-6.95496473702618 0.8717
-6.95506509819102 0.8716
-6.95517732212473 0.8715
-6.95528260196722 0.8714
-6.95537932069805 0.8713
-6.95545429480741 0.8712
-6.95551749801983 0.8711
-6.95559589767501 0.871
-6.9556783477795 0.8709
-6.95577034575005 0.8708
-6.95586845084572 0.8707
-6.95591943966895 0.8706
-6.95595322133411 0.8705
-6.95601491267078 0.8704
-6.95606860073111 0.8703
-6.95610023931832 0.8702
-6.95610202603 0.8701
-6.95606594783341 0.87
-6.95599305608175 0.8699
-6.95590371837311 0.8698
-6.95581154137523 0.8697
-6.95569438631332 0.8696
-6.95558726239541 0.8695
-6.95545158919379 0.8694
-6.95529783319911 0.8693
-6.95514933474341 0.8692
-6.95502117672047 0.8691
-6.95488228890517 0.869
-6.95474430820367 0.8689
-6.9546022808112 0.8688
-6.95444742061664 0.8687
-6.95423725990675 0.8686
-6.9540178396709 0.8685
-6.95380808788421 0.8684
-6.95359295683459 0.8683
-6.95337443746542 0.8682
-6.95315262845118 0.8681
-6.95292257224609 0.868
-6.95269821152241 0.8679
-6.95249593335692 0.8678
-6.95230512942221 0.8677
-6.95212452952833 0.8676
-6.95193889922651 0.8675
-6.95175733111316 0.8674
-6.9515829319903 0.8673
-6.9514602692342 0.8672
-6.95135941378289 0.8671
-6.95127558002337 0.867
-6.95117711265329 0.8669
-6.95109660112041 0.8668
-6.95103462773286 0.8667
-6.95099241225898 0.8666
-6.95097165661632 0.8665
-6.95096441911452 0.8664
-6.95098779001924 0.8663
-6.95105762486655 0.8662
-6.95115066343207 0.8661
-6.95125365684448 0.866
-6.95138977292719 0.8659
-6.95153279940087 0.8658
-6.95169345874484 0.8657
-6.95188171676478 0.8656
-6.952072922579 0.8655
-6.95226211245356 0.8654
-6.95246206395027 0.8653
-6.95268224957936 0.8652
-6.95292544918903 0.8651
-6.95316360530713 0.865
-6.95342385638976 0.8649
-6.95368240461754 0.8648
-6.95393245312835 0.8647
-6.95417358167942 0.8646
-6.95441006595334 0.8645
-6.95461473110443 0.8644
-6.95479991430416 0.8643
-6.95497776587824 0.8642
-6.95514450440193 0.8641
-6.95531982109783 0.864
-6.95550138403878 0.8639
-6.9556936939166 0.8638
-6.95586351956708 0.8637
-6.95599956692445 0.8636
-6.95613305740079 0.8635
-6.95623775253323 0.8634
-6.95635401275586 0.8633
-6.95645337215175 0.8632
-6.95653859382136 0.8631
-6.95659684626428 0.863
-6.95665059783819 0.8629
-6.95670884988683 0.8628
-6.9567318165369 0.8627
-6.95676307298917 0.8626
-6.95679236412837 0.8625
-6.95681162493496 0.8624
-6.95683836079593 0.8623
-6.95687912003067 0.8622
-6.95693385895476 0.8621
-6.95700530152632 0.862
-6.95708523262718 0.8619
-6.95718540385082 0.8618
-6.95730513390894 0.8617
-6.95743263791343 0.8616
-6.95756592162822 0.8615
-6.95769042359663 0.8614
-6.95782138028881 0.8613
-6.95796349898955 0.8612
-6.95811537135108 0.8611
-6.95826892406431 0.861
-6.95840358233785 0.8609
-6.95854189815035 0.8608
-6.95867066952048 0.8607
-6.95877598956359 0.8606
-6.95886876236507 0.8605
-6.95897491415624 0.8604
-6.95909071828233 0.8603
-6.95921345567204 0.8602
-6.95934422907904 0.8601
-6.95947670920484 0.86
-6.95955743315274 0.8599
-6.95962038067322 0.8598
-6.95965052787763 0.8597
-6.95965396513276 0.8596
-6.95962879693457 0.8595
-6.95959904917017 0.8594
-6.9595459114991 0.8593
-6.95950136742959 0.8592
-6.9594664100706 0.8591
-6.95944834493229 0.859
-6.95940002755399 0.8589
-6.95935189335014 0.8588
-6.95931004477214 0.8587
-6.95926189742439 0.8586
-6.95919817532467 0.8585
-6.95913949985602 0.8584
-6.95906936990292 0.8583
-6.95897929084571 0.8582
-6.95887018106643 0.8581
-6.95876025245921 0.858
-6.9586580662026 0.8579
-6.95858155773018 0.8578
-6.95850066132219 0.8577
-6.95841050401821 0.8576
-6.95831547125956 0.8575
-6.95824029817269 0.8574
-6.95814453910945 0.8573
-6.95802313180957 0.8572
-6.95792788297642 0.8571
-6.95782443747309 0.857
-6.95772744528901 0.8569
-6.95766168977301 0.8568
-6.95760501602672 0.8567
-6.95758260338647 0.8566
-6.95756319322643 0.8565
-6.95758128097252 0.8564
-6.95761264291355 0.8563
-6.9576424103608 0.8562
-6.95770447897443 0.8561
-6.95778265436877 0.856
-6.95786456752146 0.8559
-6.95794769132498 0.8558
-6.95803785439116 0.8557
-6.95809420419693 0.8556
-6.95814250488268 0.8555
-6.95821111208475 0.8554
-6.95831320939154 0.8553
-6.95842929805779 0.8552
-6.9585366797471 0.8551
-6.95863603140856 0.855
-6.95869082961528 0.8549
-6.95871376543981 0.8548
-6.95872138696722 0.8547
-6.95871619486992 0.8546
-6.95872764480952 0.8545
-6.95874946287294 0.8544
-6.95879599120849 0.8543
-6.95882324578837 0.8542
-6.95884121640234 0.8541
-6.9588839213846 0.854
-6.95893163898219 0.8539
-6.95896097238185 0.8538
-6.95901018416288 0.8537
-6.95908049046976 0.8536
-6.95915692008866 0.8535
-6.95926243877603 0.8534
-6.95936450918701 0.8533
-6.95947065280785 0.8532
-6.95957097782098 0.8531
-6.95964187706 0.853
-6.95972575718291 0.8529
-6.95981473136736 0.8528
-6.95992697415032 0.8527
-6.96003577624467 0.8526
-6.96013498582935 0.8525
-6.96023671695351 0.8524
-6.96033402456087 0.8523
-6.96042485823189 0.8522
-6.96049820728601 0.8521
-6.96056173059055 0.852
-6.96060149406902 0.8519
-6.96062230124393 0.8518
-6.9606220260024 0.8517
-6.96060892482607 0.8516
-6.96058332579194 0.8515
-6.96053849079486 0.8514
-6.96048651025997 0.8513
-6.96040040298932 0.8512
-6.9603359501583 0.8511
-6.960269610349 0.851
-6.96017698428895 0.8509
-6.96008345843116 0.8508
-6.95998348529631 0.8507
-6.95988698495484 0.8506
-6.9597968137533 0.8505
-6.9597090695731 0.8504
-6.95962705255342 0.8503
-6.95955146029148 0.8502
-6.95949778467752 0.8501
-6.95946463871462 0.85
-6.95947691105737 0.8499
-6.95950634350507 0.8498
-6.95955848543398 0.8497
-6.95962172571687 0.8496
-6.95972175622856 0.8495
-6.95985592246597 0.8494
-6.96000322462065 0.8493
-6.96019388254386 0.8492
-6.96040705194489 0.8491
-6.96063182820885 0.849
-6.96088886458876 0.8489
-6.96114318582052 0.8488
-6.96140483257504 0.8487
-6.96164409288359 0.8486
-6.96186420025085 0.8485
-6.96207024639314 0.8484
-6.96227487572578 0.8483
-6.96243479531883 0.8482
-6.96257398837215 0.8481
-6.9627066177466 0.848
-6.96279187403903 0.8479
-6.96285621569127 0.8478
-6.96292016407287 0.8477
-6.96296461212144 0.8476
-6.96298810042158 0.8475
-6.96299287778666 0.8474
-6.96296001824502 0.8473
-6.9629282289196 0.8472
-6.96289381698771 0.8471
-6.96286658224956 0.847
-6.96282472830525 0.8469
-6.96276998571352 0.8468
-6.96268327999088 0.8467
-6.96260900129804 0.8466
-6.96251981817642 0.8465
-6.96244161037698 0.8464
-6.96237127169653 0.8463
-6.96231379675012 0.8462
-6.9622620143207 0.8461
-6.96220347374517 0.846
-6.96213989885771 0.8459
-6.96205506070524 0.8458
-6.96194729723498 0.8457
-6.96181075800517 0.8456
-6.96167451901353 0.8455
-6.96153735709102 0.8454
-6.96140370407025 0.8453
-6.96127540095177 0.8452
-6.96112157606893 0.8451
-6.9609653360074 0.845
-6.96079643451667 0.8449
-6.96062827745404 0.8448
-6.96046986268499 0.8447
-6.96031664239609 0.8446
-6.96019151705345 0.8445
-6.96010450515235 0.8444
-6.96005296949837 0.8443
-6.96000145332552 0.8442
-6.95995283386678 0.8441
-6.95990444313039 0.844
-6.95984704761521 0.8439
-6.95980091559169 0.8438
-6.95974750908984 0.8437
-6.9597093661987 0.8436
-6.9596786689875 0.8435
-6.95966246038463 0.8434
-6.95965542909412 0.8433
-6.95966631538357 0.8432
-6.95968360446847 0.8431
-6.95970336750633 0.843
-6.95973000848427 0.8429
-6.95975381017455 0.8428
-6.95977993937588 0.8427
-6.95981891073197 0.8426
-6.95988568623018 0.8425
-6.95996390859297 0.8424
-6.9600517957407 0.8423
-6.96014816906008 0.8422
-6.9602567570155 0.8421
-6.96036858303399 0.842
-6.96051588119914 0.8419
-6.96068808634231 0.8418
-6.96085891840708 0.8417
-6.96102959858403 0.8416
-6.96119892276019 0.8415
-6.96136663603539 0.8414
-6.96153363838506 0.8413
-6.96169677701634 0.8412
-6.96186431746123 0.8411
-6.96205993320512 0.841
-6.96222062479771 0.8409
-6.96237057405656 0.8408
-6.96250469611034 0.8407
-6.96262232713165 0.8406
-6.96273507504693 0.8405
-6.96282449578459 0.8404
-6.96291667646323 0.8403
-6.96301192704963 0.8402
-6.9630798466907 0.8401
-6.96315145894636 0.84
-6.96319571312438 0.8399
-6.96321312139244 0.8398
-6.96323496970189 0.8397
-6.96325308196894 0.8396
-6.96330353553169 0.8395
-6.96334760567367 0.8394
-6.96337301703906 0.8393
-6.96340043762327 0.8392
-6.96342679172048 0.8391
-6.96347459970634 0.839
-6.9635201431183 0.8389
-6.96353016526708 0.8388
-6.96354580620178 0.8387
-6.96355479597947 0.8386
-6.96357317153802 0.8385
-6.96358684389833 0.8384
-6.96360687115668 0.8383
-6.96363564607363 0.8382
-6.96366503053126 0.8381
-6.96368178858695 0.838
-6.96368861267653 0.8379
-6.96368139230069 0.8378
-6.96365549317799 0.8377
-6.96359737136193 0.8376
-6.96354291899407 0.8375
-6.96347462984642 0.8374
-6.96340224769956 0.8373
-6.9633197095236 0.8372
-6.96323217264946 0.8371
-6.96315494937945 0.837
-6.96307818417962 0.8369
-6.96299588086886 0.8368
-6.96290985105819 0.8367
-6.9628210021516 0.8366
-6.96271633473285 0.8365
-6.9626217493363 0.8364
-6.96250530213773 0.8363
-6.96239663487623 0.8362
-6.96225550672371 0.8361
-6.96211946160108 0.836
-6.96200100750742 0.8359
-6.96185129146982 0.8358
-6.96170310653151 0.8357
-6.96156304896368 0.8356
-6.96141713483735 0.8355
-6.96125662969255 0.8354
-6.96109602523147 0.8353
-6.96096003166412 0.8352
-6.96083788866439 0.8351
-6.96071791511634 0.835
-6.96063195175775 0.8349
-6.96057229984117 0.8348
-6.96052173517876 0.8347
-6.96049417720976 0.8346
-6.96047984508699 0.8345
-6.96047021312247 0.8344
-6.96049512628553 0.8343
-6.96053537864536 0.8342
-6.96060316110116 0.8341
-6.9606637022724 0.834
-6.96071561107521 0.8339
-6.96080067265257 0.8338
-6.960899155811 0.8337
-6.96101668286981 0.8336
-6.96113198655629 0.8335
-6.96124906022061 0.8334
-6.96135514409271 0.8333
-6.96146197684954 0.8332
-6.96155941130518 0.8331
-6.96163932341285 0.833
-6.9617185380172 0.8329
-6.96175763576516 0.8328
-6.96178059370919 0.8327
-6.96178879607085 0.8326
-6.96178642140952 0.8325
-6.96175715493153 0.8324
-6.96174738808797 0.8323
-6.96173309782729 0.8322
-6.96168959412749 0.8321
-6.96162413445656 0.832
-6.96154862217528 0.8319
-6.96145633688242 0.8318
-6.9613251015707 0.8317
-6.96117105333214 0.8316
-6.96100427586104 0.8315
-6.96083252476149 0.8314
-6.96067717366152 0.8313
-6.96049961440583 0.8312
-6.96035368223726 0.8311
-6.96022581721315 0.831
-6.96010770752248 0.8309
-6.96001101793083 0.8308
-6.95989069174617 0.8307
-6.95977543666987 0.8306
-6.95969554681655 0.8305
-6.95961831079894 0.8304
-6.95954783207323 0.8303
-6.95949512078797 0.8302
-6.95948057853622 0.8301
-6.95947660074486 0.83
-6.95949241603734 0.8299
-6.95953193784691 0.8298
-6.95959053778788 0.8297
-6.95967142041536 0.8296
-6.95976533450715 0.8295
-6.95986186783398 0.8294
-6.959956801116 0.8293
-6.9600733337633 0.8292
-6.96019984818132 0.8291
-6.96031434906516 0.829
-6.96043356972567 0.8289
-6.96051655498997 0.8288
-6.96058302483037 0.8287
-6.96065244782981 0.8286
-6.96069226905086 0.8285
-6.9607396396866 0.8284
-6.96077431101817 0.8283
-6.96079485234212 0.8282
-6.96079763677344 0.8281
-6.96078794202492 0.828
-6.96078365879252 0.8279
-6.96081050125011 0.8278
-6.96083354376551 0.8277
-6.9608794981882 0.8276
-6.96091516685701 0.8275
-6.96093460610022 0.8274
-6.96094252693852 0.8273
-6.96097218936945 0.8272
-6.96097056650807 0.8271
-6.96098271398503 0.827
-6.96097809929374 0.8269
-6.96098358508961 0.8268
-6.96099849840105 0.8267
-6.96101758171044 0.8266
-6.96104466173927 0.8265
-6.96107581447203 0.8264
-6.96113585824561 0.8263
-6.96121017355108 0.8262
-6.96127784159151 0.8261
-6.96135088358704 0.826
-6.96144980127427 0.8259
-6.96154474050461 0.8258
-6.96165273533785 0.8257
-6.96177422351912 0.8256
-6.96189344883529 0.8255
-6.96200731446714 0.8254
-6.96212234024007 0.8253
-6.96225453930558 0.8252
-6.96236986458387 0.8251
-6.96250396319233 0.825
-6.96263891235181 0.8249
-6.96277008690545 0.8248
-6.9629016156342 0.8247
-6.96304613556341 0.8246
-6.96316815792073 0.8245
-6.96327856753902 0.8244
-6.96335717065077 0.8243
-6.96345175578712 0.8242
-6.96352215698427 0.8241
-6.96358283415111 0.824
-6.96363163251522 0.8239
-6.96366905282779 0.8238
-6.96367964346687 0.8237
-6.96367440742307 0.8236
-6.9636529793112 0.8235
-6.96361626052173 0.8234
-6.96356364413142 0.8233
-6.96348314745664 0.8232
-6.96342017653468 0.8231
-6.96336716396554 0.823
-6.96334307035305 0.8229
-6.96333039847196 0.8228
-6.96333088976874 0.8227
-6.96334516945898 0.8226
-6.96334854729807 0.8225
-6.96338703228507 0.8224
-6.96345150654632 0.8223
-6.9635442028099 0.8222
-6.96363536123998 0.8221
-6.96373661594131 0.822
-6.96385232020509 0.8219
-6.96396161286876 0.8218
-6.9640803418287 0.8217
-6.96419733609316 0.8216
-6.96429787142132 0.8215
-6.96441650074811 0.8214
-6.96452653239203 0.8213
-6.96461908395495 0.8212
-6.96473754886165 0.8211
-6.96486595306566 0.821
-6.96498021559202 0.8209
-6.96510190288668 0.8208
-6.96523140899012 0.8207
-6.96538030552557 0.8206
-6.96554370766264 0.8205
-6.96571371430207 0.8204
-6.9658739446957 0.8203
-6.96603877753217 0.8202
-6.96619576234471 0.8201
-6.96636080219648 0.82
-6.96654314621923 0.8199
-6.96672619626715 0.8198
-6.96692369661862 0.8197
-6.96711620404249 0.8196
-6.96729803554166 0.8195
-6.96746660857632 0.8194
-6.96762837736537 0.8193
-6.96779995685519 0.8192
-6.9679318064987 0.8191
-6.9680308069477 0.819
-6.96808788644944 0.8189
-6.96814675425796 0.8188
-6.96818064732242 0.8187
-6.96817201056203 0.8186
-6.96814163867762 0.8185
-6.96809750683981 0.8184
-6.96802732018055 0.8183
-6.9679561447952 0.8182
-6.96788544246935 0.8181
-6.96780868901105 0.818
-6.96774316230548 0.8179
-6.96768741479186 0.8178
-6.96760237730154 0.8177
-6.96751980233721 0.8176
-6.96743652082539 0.8175
-6.96736430829409 0.8174
-6.96730349474528 0.8173
-6.96725786002681 0.8172
-6.96720405791814 0.8171
-6.96716830758763 0.817
-6.9671336701457 0.8169
-6.96708416763841 0.8168
-6.96705138899806 0.8167
-6.96702466853401 0.8166
-6.96699236322549 0.8165
-6.96695488388021 0.8164
-6.96690054045773 0.8163
-6.96682280576707 0.8162
-6.9667563467405 0.8161
-6.96670170390163 0.816
-6.96662431764205 0.8159
-6.96655907947966 0.8158
-6.966490346559 0.8157
-6.96642158426398 0.8156
-6.96636986550595 0.8155
-6.96632193340784 0.8154
-6.9662764234647 0.8153
-6.96623250168528 0.8152
-6.96618443724667 0.8151
-6.96613178787801 0.815
-6.96610763169476 0.8149
-6.96610270579414 0.8148
-6.96611573892513 0.8147
-6.96611351918207 0.8146
-6.96609050793381 0.8145
-6.96607201559496 0.8144
-6.96603273799198 0.8143
-6.96599127223542 0.8142
-6.96594851249066 0.8141
-6.9659108058631 0.814
-6.96586595215455 0.8139
-6.96582821727894 0.8138
-6.96581374507188 0.8137
-6.96580993948965 0.8136
-6.96580112328885 0.8135
-6.96579809508567 0.8134
-6.96580161820923 0.8133
-6.965819393159 0.8132
-6.96585191043349 0.8131
-6.96587788374663 0.813
-6.96589526564558 0.8129
-6.9659245239867 0.8128
-6.96594322696155 0.8127
-6.96594335178097 0.8126
-6.96594059352646 0.8125
-6.96591126115649 0.8124
-6.96585970216687 0.8123
-6.96580260470512 0.8122
-6.96574983528077 0.8121
-6.96566083859814 0.812
-6.96556323331934 0.8119
-6.96546689766678 0.8118
-6.96538585561078 0.8117
-6.9652879062107 0.8116
-6.96519525516703 0.8115
-6.96509852219816 0.8114
-6.96500083063059 0.8113
-6.96489791048611 0.8112
-6.96479931789035 0.8111
-6.96472570831448 0.811
-6.96469080720072 0.8109
-6.96470304142407 0.8108
-6.96473199469554 0.8107
-6.96477602470598 0.8106
-6.96480279975606 0.8105
-6.96484993499971 0.8104
-6.96491953106695 0.8103
-6.96500575500834 0.8102
-6.96513024690208 0.8101
-6.96525831381599 0.81
-6.96539211532774 0.8099
-6.96553867642613 0.8098
-6.96566915264911 0.8097
-6.9658290418884 0.8096
-6.96599395665409 0.8095
-6.96612526538746 0.8094
-6.96627809411407 0.8093
-6.96644227546822 0.8092
-6.96658654275356 0.8091
-6.96672768850981 0.809
-6.96687748198624 0.8089
-6.96701828686038 0.8088
-6.96715962872851 0.8087
-6.96727735371955 0.8086
-6.96737633615201 0.8085
-6.9674588951769 0.8084
-6.96751879646408 0.8083
-6.96755415529529 0.8082
-6.96757333616274 0.8081
-6.96757887233361 0.808
-6.96755433540656 0.8079
-6.96751293501416 0.8078
-6.9674893049066 0.8077
-6.96744464887212 0.8076
-6.96738491302498 0.8075
-6.96731643750481 0.8074
-6.9672449594365 0.8073
-6.96715848853082 0.8072
-6.96706684286912 0.8071
-6.96696031373 0.807
-6.96686900143794 0.8069
-6.9667906267098 0.8068
-6.96671778943604 0.8067
-6.96665620014689 0.8066
-6.96659071059513 0.8065
-6.96653287945909 0.8064
-6.96649254023041 0.8063
-6.9664715570457 0.8062
-6.96647329923776 0.8061
-6.96648172365741 0.806
-6.96650753967323 0.8059
-6.96650817183926 0.8058
-6.96652254250477 0.8057
-6.96650931307319 0.8056
-6.966471648537 0.8055
-6.96645562780776 0.8054
-6.96643958617177 0.8053
-6.96641087434116 0.8052
-6.9663772541542 0.8051
-6.96635820309685 0.805
-6.96633993532902 0.8049
-6.96631917477237 0.8048
-6.96629262435932 0.8047
-6.96627838944947 0.8046
-6.96629158224628 0.8045
-6.96628663471635 0.8044
-6.96628481115306 0.8043
-6.9662912146359 0.8042
-6.966266425227 0.8041
-6.96625637082231 0.804
-6.96625351358956 0.8039
-6.96624064913988 0.8038
-6.96621967860276 0.8037
-6.96620331469428 0.8036
-6.96618689036694 0.8035
-6.96617735153479 0.8034
-6.96616265468021 0.8033
-6.96611760744727 0.8032
-6.96605539314305 0.8031
-6.96597802454844 0.803
-6.96589164815951 0.8029
-6.96580471318897 0.8028
-6.9657174364008 0.8027
-6.96563019697784 0.8026
-6.96553798009768 0.8025
-6.96541874893375 0.8024
-6.96529362986866 0.8023
-6.96519256771384 0.8022
-6.9650870930417 0.8021
-6.96497430810809 0.802
-6.96487023923226 0.8019
-6.96478533558516 0.8018
-6.96470698504989 0.8017
-6.9646298727497 0.8016
-6.96454887319978 0.8015
-6.96446128100316 0.8014
-6.96437632955105 0.8013
-6.96430499397716 0.8012
-6.96422815084339 0.8011
-6.96414265021751 0.801
-6.96405943448927 0.8009
-6.96398714056371 0.8008
-6.96393457539969 0.8007
-6.96387558487798 0.8006
-6.96381069470368 0.8005
-6.96375008910589 0.8004
-6.96371205679509 0.8003
-6.96368611729107 0.8002
-6.96366925108237 0.8001
-6.9636867465191 0.8
-6.96369500841545 0.7999
-6.9637266502572 0.7998
-6.96377143475002 0.7997
-6.96384543549366 0.7996
-6.96394068411065 0.7995
-6.96406593777233 0.7994
-6.96421746996491 0.7993
-6.96438059658671 0.7992
-6.96455019232283 0.7991
-6.96472921192795 0.799
-6.96491723143649 0.7989
-6.96512867116883 0.7988
-6.9653246015513 0.7987
-6.96553762991681 0.7986
-6.96576502908517 0.7985
-6.96601010675582 0.7984
-6.96628391205259 0.7983
-6.96655799360719 0.7982
-6.96681705137583 0.7981
-6.9670478798333 0.798
-6.96726058742331 0.7979
-6.96746605786359 0.7978
-6.96763984327552 0.7977
-6.96781200897563 0.7976
-6.96796721424643 0.7975
-6.96809919736236 0.7974
-6.96821514686747 0.7973
-6.96830954844384 0.7972
-6.9683559741864 0.7971
-6.96838964514227 0.797
-6.9684352467791 0.7969
-6.968490835005 0.7968
-6.96853513393737 0.7967
-6.96855385738019 0.7966
-6.96856577887625 0.7965
-6.96856866808998 0.7964
-6.96857356909549 0.7963
-6.96857488642172 0.7962
-6.9685776811157 0.7961
-6.96858098464071 0.796
-6.968569651099 0.7959
-6.96853382772345 0.7958
-6.96848949815235 0.7957
-6.96845052368105 0.7956
-6.96841414383511 0.7955
-6.96837263869998 0.7954
-6.96831375491425 0.7953
-6.96826863690559 0.7952
-6.96822004815293 0.7951
-6.96816765979027 0.795
-6.96809513831428 0.7949
-6.96802356663067 0.7948
-6.9679372450156 0.7947
-6.9678278203203 0.7946
-6.96771056624609 0.7945
-6.96757719374591 0.7944
-6.96746366799709 0.7943
-6.96733555202817 0.7942
-6.96721257806274 0.7941
-6.96709354820725 0.794
-6.96697163414576 0.7939
-6.96686598635433 0.7938
-6.96675103605713 0.7937
-6.96664849254914 0.7936
-6.9665561448455 0.7935
-6.96647041513554 0.7934
-6.96639738367186 0.7933
-6.96632499822623 0.7932
-6.96627198488677 0.7931
-6.96622303391352 0.793
-6.96620018889647 0.7929
-6.96621144492968 0.7928
-6.96625027624987 0.7927
-6.96632465472337 0.7926
-6.96641307775229 0.7925
-6.96651546890128 0.7924
-6.96662361394529 0.7923
-6.96673183068574 0.7922
-6.96683248317782 0.7921
-6.96693279223413 0.792
-6.96704066882348 0.7919
-6.96712764057625 0.7918
-6.96724003228272 0.7917
-6.96737500901185 0.7916
-6.96750435854225 0.7915
-6.96762583003079 0.7914
-6.96775003703647 0.7913
-6.96784825696485 0.7912
-6.96792223991798 0.7911
-6.96799827350152 0.791
-6.9680397671451 0.7909
-6.96806458665915 0.7908
-6.9680852358268 0.7907
-6.96809504056934 0.7906
-6.96808651686316 0.7905
-6.96808713284662 0.7904
-6.96809604949081 0.7903
-6.96807498620479 0.7902
-6.9680517062145 0.7901
-6.9680221502503 0.79
-6.96798146340437 0.7899
-6.96795698288807 0.7898
-6.96793570037773 0.7897
-6.96791736388362 0.7896
-6.96791475829314 0.7895
-6.96791747631121 0.7894
-6.96793042717088 0.7893
-6.96793001901008 0.7892
-6.96794380589304 0.7891
-6.96794892046524 0.789
-6.96796109436624 0.7889
-6.9679615280176 0.7888
-6.96798346237898 0.7887
-6.96800602685737 0.7886
-6.96804938646205 0.7885
-6.96808214313031 0.7884
-6.96814004181737 0.7883
-6.96821092299729 0.7882
-6.96827490894867 0.7881
-6.96831461052501 0.788
-6.96838607837587 0.7879
-6.96847552131689 0.7878
-6.96857003543794 0.7877
-6.96866367571249 0.7876
-6.96875780265004 0.7875
-6.9688429540939 0.7874
-6.96894161659617 0.7873
-6.96903876426262 0.7872
-6.96915429288495 0.7871
-6.96929600561822 0.787
-6.96942481942486 0.7869
-6.96954693635086 0.7868
-6.96965432020311 0.7867
-6.96975194434532 0.7866
-6.96983835985511 0.7865
-6.96992290781431 0.7864
-6.96998299516898 0.7863
-6.97004009038543 0.7862
-6.97011130045592 0.7861
-6.97015600515277 0.786
-6.97018258811327 0.7859
-6.97019745785568 0.7858
-6.97022339805329 0.7857
-6.97021974168485 0.7856
-6.97020605698112 0.7855
-6.97018059343629 0.7854
-6.97016511807887 0.7853
-6.97014449724493 0.7852
-6.97011501782692 0.7851
-6.97004727905031 0.785
-6.9699937669509 0.7849
-6.96993478632513 0.7848
-6.96988520448851 0.7847
-6.96983260385269 0.7846
-6.96979055943745 0.7845
-6.9697687964802 0.7844
-6.969765149118 0.7843
-6.96977463278002 0.7842
-6.96978097979733 0.7841
-6.96981283289998 0.784
-6.96985751066903 0.7839
-6.96993054922116 0.7838
-6.9700227099189 0.7837
-6.97011901964463 0.7836
-6.97024307035842 0.7835
-6.97036519353031 0.7834
-6.97047053792743 0.7833
-6.97056743570006 0.7832
-6.97065579730995 0.7831
-6.97075603223294 0.783
-6.97084516780316 0.7829
-6.97092491794243 0.7828
-6.97099342238918 0.7827
-6.9710462863695 0.7826
-6.97106603412251 0.7825
-6.97102012293311 0.7824
-6.97094580001948 0.7823
-6.97084971675618 0.7822
-6.97074749086764 0.7821
-6.97065069598854 0.782
-6.97055807104014 0.7819
-6.97043150156988 0.7818
-6.97029604017668 0.7817
-6.97015000159191 0.7816
-6.96999616873996 0.7815
-6.969833835496 0.7814
-6.96966316558002 0.7813
-6.96948904154159 0.7812
-6.96931689783856 0.7811
-6.96913850440012 0.781
-6.96894204634337 0.7809
-6.96875720017891 0.7808
-6.96857307413919 0.7807
-6.96836299554709 0.7806
-6.96817393828074 0.7805
-6.96799865722907 0.7804
-6.96782975902719 0.7803
-6.96767575239637 0.7802
-6.96754848920366 0.7801
-6.96745369100347 0.78
-6.96735779488847 0.7799
-6.96727727142132 0.7798
-6.96720474886766 0.7797
-6.96716141768079 0.7796
-6.96713783880958 0.7795
-6.96716210512376 0.7794
-6.96722496974146 0.7793
-6.9672934625994 0.7792
-6.96738544546801 0.7791
-6.96748404354652 0.779
-6.96760251525806 0.7789
-6.96771924553629 0.7788
-6.96783147110378 0.7787
-6.9679728235587 0.7786
-6.96810723657176 0.7785
-6.96825114590499 0.7784
-6.9683999980395 0.7783
-6.96854805894113 0.7782
-6.96866915851341 0.7781
-6.96876527280312 0.778
-6.96884840727941 0.7779
-6.96892590435308 0.7778
-6.96894556318041 0.7777
-6.96895935916186 0.7776
-6.96893079448883 0.7775
-6.96890638571531 0.7774
-6.96888129164359 0.7773
-6.96886144614151 0.7772
-6.96886208337546 0.7771
-6.96886508288951 0.777
-6.968858481417 0.7769
-6.96888102157915 0.7768
-6.96887899122214 0.7767
-6.96888267927944 0.7766
-6.96887950029788 0.7765
-6.96887350903524 0.7764
-6.9688477150255 0.7763
-6.96883323353299 0.7762
-6.96881884555209 0.7761
-6.96880729127897 0.776
-6.96878580104716 0.7759
-6.96876270014476 0.7758
-6.96872267506202 0.7757
-6.96870103552607 0.7756
-6.96868618716927 0.7755
-6.96865122187862 0.7754
-6.96862979728605 0.7753
-6.96859151440884 0.7752
-6.96855499807691 0.7751
-6.9685226884115 0.775
-6.96849370984923 0.7749
-6.96844197032495 0.7748
-6.96838544664623 0.7747
-6.96831120603622 0.7746
-6.96821811040758 0.7745
-6.96813311257299 0.7744
-6.96804880002508 0.7743
-6.96795189079645 0.7742
-6.96788320000608 0.7741
-6.96781956186751 0.774
-6.96777377804829 0.7739
-6.96773857999994 0.7738
-6.96775152197089 0.7737
-6.96778256743553 0.7736
-6.96785258304988 0.7735
-6.96794043758658 0.7734
-6.96805874253165 0.7733
-6.96816487048137 0.7732
-6.96828541951323 0.7731
-6.96842812893121 0.773
-6.96856426475924 0.7729
-6.96870366506315 0.7728
-6.96885132322483 0.7727
-6.96896941416683 0.7726
-6.96909010470537 0.7725
-6.96923820969356 0.7724
-6.96937958820797 0.7723
-6.96950819197184 0.7722
-6.96964152434768 0.7721
-6.96979046320595 0.772
-6.96993197034702 0.7719
-6.97006460274572 0.7718
-6.97018218739976 0.7717
-6.97028212739692 0.7716
-6.9703582101719 0.7715
-6.97042506607785 0.7714
-6.97046928134965 0.7713
-6.97051331556674 0.7712
-6.97056840028232 0.7711
-6.97061720957443 0.771
-6.97065456840216 0.7709
-6.97067754639247 0.7708
-6.97069151203641 0.7707
-6.97070990322053 0.7706
-6.97071260800638 0.7705
-6.97071959730395 0.7704
-6.97074934578967 0.7703
-6.97077375412929 0.7702
-6.97080282449121 0.7701
-6.97084274468152 0.77
-6.97088405803383 0.7699
-6.97091025844338 0.7698
-6.97092809368429 0.7697
-6.97093460091893 0.7696
-6.97096729113971 0.7695
-6.97102142592438 0.7694
-6.97106142815957 0.7693
-6.97107771866387 0.7692
-6.97108754703881 0.7691
-6.97110970115314 0.769
-6.97112225908382 0.7689
-6.97112365438693 0.7688
-6.97108654124967 0.7687
-6.97103715280175 0.7686
-6.97098102673838 0.7685
-6.97091594276164 0.7684
-6.97085267641712 0.7683
-6.97077772118095 0.7682
-6.97071384185622 0.7681
-6.97063767146268 0.768
-6.9705554141733 0.7679
-6.9704747797746 0.7678
-6.97040632974389 0.7677
-6.97035680150796 0.7676
-6.9703045246398 0.7675
-6.97027415069221 0.7674
-6.97027916875496 0.7673
-6.9703042599897 0.7672
-6.9703499937517 0.7671
-6.97040350072663 0.767
-6.97046617033897 0.7669
-6.97054412194257 0.7668
-6.97063628463181 0.7667
-6.97073611320171 0.7666
-6.97083392212925 0.7665
-6.97095335080568 0.7664
-6.97108335856222 0.7663
-6.97120727455069 0.7662
-6.97134574063637 0.7661
-6.9714739936789 0.766
-6.97159054870266 0.7659
-6.97170306934862 0.7658
-6.9718052919433 0.7657
-6.97192203546598 0.7656
-6.97203505902379 0.7655
-6.97213964061686 0.7654
-6.97224530946364 0.7653
-6.97234103971631 0.7652
-6.97242470624087 0.7651
-6.97249583478871 0.765
-6.97255775811994 0.7649
-6.97262423462457 0.7648
-6.97269436849689 0.7647
-6.97276978508535 0.7646
-6.97283037713373 0.7645
-6.97286328932538 0.7644
-6.97289359419269 0.7643
-6.97291268522526 0.7642
-6.9729062378038 0.7641
-6.9728908884907 0.764
-6.97285702328208 0.7639
-6.97278518630151 0.7638
-6.97270149754607 0.7637
-6.97261825101077 0.7636
-6.97254715955075 0.7635
-6.97247506049892 0.7634
-6.97242195592184 0.7633
-6.97237462499818 0.7632
-6.97232510690986 0.7631
-6.97228409406616 0.763
-6.97223145280966 0.7629
-6.97221885002012 0.7628
-6.97224234792169 0.7627
-6.9722656990755 0.7626
-6.97230795068775 0.7625
-6.9723705536309 0.7624
-6.97245523942406 0.7623
-6.97255846725667 0.7622
-6.9726736269585 0.7621
-6.97276780990565 0.762
-6.97289138445176 0.7619
-6.97301171685 0.7618
-6.97314338506751 0.7617
-6.9732630414269 0.7616
-6.97340789263212 0.7615
-6.97352133511329 0.7614
-6.97362176594457 0.7613
-6.97372255298445 0.7612
-6.97382192084883 0.7611
-6.97390187372746 0.761
-6.97393770908191 0.7609
-6.97392693427399 0.7608
-6.97387755816371 0.7607
-6.97377048361307 0.7606
-6.97363256152036 0.7605
-6.97349622506822 0.7604
-6.97337013302122 0.7603
-6.97325775736559 0.7602
-6.97314405460599 0.7601
-6.97299490787976 0.76
-6.97288123187001 0.7599
-6.97277933951932 0.7598
-6.97268103109788 0.7597
-6.97258341720682 0.7596
-6.97249172210241 0.7595
-6.97240018889343 0.7594
-6.97231910500366 0.7593
-6.97227418433343 0.7592
-6.97223820643789 0.7591
-6.97222027864999 0.759
-6.97221518695369 0.7589
-6.97220080767767 0.7588
-6.97221430215945 0.7587
-6.97225906957501 0.7586
-6.97234041544676 0.7585
-6.97245252746879 0.7584
-6.97257723989709 0.7583
-6.97270612762553 0.7582
-6.97284823965597 0.7581
-6.97301286497464 0.758
-6.97320014143488 0.7579
-6.97342450019737 0.7578
-6.97364676478102 0.7577
-6.97385637097917 0.7576
-6.97403711873203 0.7575
-6.97419476644196 0.7574
-6.97435483481743 0.7573
-6.97450251352803 0.7572
-6.97462554383742 0.7571
-6.97471684752467 0.757
-6.97480952221623 0.7569
-6.97488600665514 0.7568
-6.97496157261095 0.7567
-6.9750186156855 0.7566
-6.97505716772923 0.7565
-6.97507355553067 0.7564
-6.97506297938621 0.7563
-6.97503680301034 0.7562
-6.97499279817152 0.7561
-6.97493333821177 0.756
-6.9748379666022 0.7559
-6.97470806997641 0.7558
-6.97455914280537 0.7557
-6.97440693228561 0.7556
-6.97423676072432 0.7555
-6.97405331432604 0.7554
-6.97387287096244 0.7553
-6.97370763232076 0.7552
-6.97356255795129 0.7551
-6.97343839185039 0.755
-6.9733165737742 0.7549
-6.97321248875514 0.7548
-6.97312883373292 0.7547
-6.97308244093958 0.7546
-6.97308238477142 0.7545
-6.97312665063113 0.7544
-6.97318893846518 0.7543
-6.97327043952059 0.7542
-6.97337374662628 0.7541
-6.97350682753149 0.754
-6.97363588792575 0.7539
-6.97375987903591 0.7538
-6.97388744260509 0.7537
-6.97401293287607 0.7536
-6.97411220539247 0.7535
-6.97419825204517 0.7534
-6.97429464829365 0.7533
-6.9744062336956 0.7532
-6.97452227910664 0.7531
-6.97462367836089 0.753
-6.97471251087594 0.7529
-6.97479278327944 0.7528
-6.97486661691309 0.7527
-6.9749170259144 0.7526
-6.97495984388882 0.7525
-6.97497198058334 0.7524
-6.97499410762875 0.7523
-6.97503613145404 0.7522
-6.97507650575745 0.7521
-6.97512188996002 0.752
-6.97516378101197 0.7519
-6.97521938685669 0.7518
-6.97526363990012 0.7517
-6.97528989049615 0.7516
-6.97531654078625 0.7515
-6.97531699521656 0.7514
-6.97531706535172 0.7513
-6.97530666793233 0.7512
-6.97526685526454 0.7511
-6.97520059670328 0.751
-6.97514104947669 0.7509
-6.97506320381811 0.7508
-6.97499807634567 0.7507
-6.97494353674414 0.7506
-6.97490272147599 0.7505
-6.97484743564809 0.7504
-6.97479255243091 0.7503
-6.97473569562021 0.7502
-6.974696855295 0.7501
-6.97461348876831 0.75
-6.97452957058593 0.7499
-6.97446396587802 0.7498
-6.97440978800082 0.7497
-6.97434085381692 0.7496
-6.97426871773608 0.7495
-6.97421171271437 0.7494
-6.97414106332999 0.7493
-6.97408846206978 0.7492
-6.97402241318892 0.7491
-6.97395083348022 0.749
-6.9738799916206 0.7489
-6.97380405954502 0.7488
-6.97372272136749 0.7487
-6.97365987661753 0.7486
-6.97359143167513 0.7485
-6.97350100498338 0.7484
-6.97340558092895 0.7483
-6.97331279537625 0.7482
-6.97320173759411 0.7481
-6.97311063816935 0.748
-6.97302190023399 0.7479
-6.97291384175989 0.7478
-6.97281139128058 0.7477
-6.97272064691897 0.7476
-6.97263855417987 0.7475
-6.97254670263297 0.7474
-6.97247626117568 0.7473
-6.97243414361207 0.7472
-6.9724034249808 0.7471
-6.97237600788667 0.747
-6.97236073446723 0.7469
-6.97235595524002 0.7468
-6.97235361848207 0.7467
-6.97235759686064 0.7466
-6.97240751864877 0.7465
-6.972474377683 0.7464
-6.97255778926485 0.7463
-6.97265211580557 0.7462
-6.97275766645156 0.7461
-6.9728733987813 0.746
-6.97300185677791 0.7459
-6.97312702146526 0.7458
-6.97324466838574 0.7457
-6.9733590863345 0.7456
-6.97346602735091 0.7455
-6.97359792850311 0.7454
-6.97374186291366 0.7453
-6.97389314756748 0.7452
-6.97402111099 0.7451
-6.97415429845113 0.745
-6.97428729136779 0.7449
-6.9744036511085 0.7448
-6.97449658658915 0.7447
-6.97460007798297 0.7446
-6.97470064172092 0.7445
-6.97477888898638 0.7444
-6.97483257016293 0.7443
-6.97487789988726 0.7442
-6.97486948192739 0.7441
-6.9748630889923 0.744
-6.9748356229331 0.7439
-6.97479303611907 0.7438
-6.97473643103748 0.7437
-6.974673674677 0.7436
-6.97459190814028 0.7435
-6.97451870065922 0.7434
-6.97443897735375 0.7433
-6.9743505257039 0.7432
-6.97426400958622 0.7431
-6.97418497221953 0.743
-6.97410840222623 0.7429
-6.97403938685827 0.7428
-6.97398808731218 0.7427
-6.97392162025161 0.7426
-6.97385979833462 0.7425
-6.97381084103303 0.7424
-6.9737731269109 0.7423
-6.97374275968018 0.7422
-6.97370853606893 0.7421
-6.97366661588733 0.742
-6.973615466955 0.7419
-6.97358763435389 0.7418
-6.97357045301874 0.7417
-6.97357426769999 0.7416
-6.97357732068901 0.7415
-6.97358700559761 0.7414
-6.97360623952995 0.7413
-6.97364575470898 0.7412
-6.97369737426742 0.7411
-6.97375541778447 0.741
-6.97380746804032 0.7409
-6.97386557050746 0.7408
-6.97392678033662 0.7407
-6.97399539239768 0.7406
-6.97406251416498 0.7405
-6.97411544834376 0.7404
-6.9741696216492 0.7403
-6.97424729202041 0.7402
-6.97431803312988 0.7401
-6.97437871665789 0.74
-6.9744418338128 0.7399
-6.97449584091592 0.7398
-6.97453716914255 0.7397
-6.97456969545979 0.7396
-6.97458168518095 0.7395
-6.9745973655196 0.7394
-6.97462999950932 0.7393
-6.97465491951283 0.7392
-6.97467656193287 0.7391
-6.97468403809792 0.739
-6.97467571661942 0.7389
-6.97466600277562 0.7388
-6.9746725401758 0.7387
-6.97468632245478 0.7386
-6.97470529696853 0.7385
-6.97472884518122 0.7384
-6.97474699847102 0.7383
-6.97474112311254 0.7382
-6.9747360523398 0.7381
-6.97475004218504 0.738
-6.97476996348208 0.7379
-6.97478016159756 0.7378
-6.97479433008874 0.7377
-6.97480398732372 0.7376
-6.97480776070837 0.7375
-6.97482375116155 0.7374
-6.97484059309478 0.7373
-6.97485462485282 0.7372
-6.97485821670186 0.7371
-6.97486808101834 0.737
-6.97485822368028 0.7369
-6.97485589966283 0.7368
-6.97486099637045 0.7367
-6.97485416714472 0.7366
-6.97485905231937 0.7365
-6.97488045188542 0.7364
-6.97489541178687 0.7363
-6.9749256372233 0.7362
-6.97496101833512 0.7361
-6.9750144426275 0.736
-6.97506356028175 0.7359
-6.97513039797168 0.7358
-6.97521045791159 0.7357
-6.97527686232056 0.7356
-6.97533138636822 0.7355
-6.97538012701895 0.7354
-6.97540929030397 0.7353
-6.97542879191104 0.7352
-6.97543253499605 0.7351
-6.9754296733237 0.735
-6.97542321989582 0.7349
-6.97542023130719 0.7348
-6.97544746259119 0.7347
-6.97546090643056 0.7346
-6.97547989838635 0.7345
-6.97550843177525 0.7344
-6.97557527388621 0.7343
-6.97564569707189 0.7342
-6.97573573760046 0.7341
-6.97580517257052 0.734
-6.97589663314218 0.7339
-6.97598921439293 0.7338
-6.97609765780891 0.7337
-6.97621050306003 0.7336
-6.97632959082398 0.7335
-6.97643400150448 0.7334
-6.97651958447994 0.7333
-6.97660224062044 0.7332
-6.97668702003694 0.7331
-6.9767510128634 0.733
-6.97676746206999 0.7329
-6.97678314082294 0.7328
-6.97677608006741 0.7327
-6.97676714016561 0.7326
-6.97675745600593 0.7325
-6.97673328969795 0.7324
-6.97669230471374 0.7323
-6.97667598913002 0.7322
-6.97664949593369 0.7321
-6.97659915593648 0.732
-6.97654230752955 0.7319
-6.97647992009031 0.7318
-6.97641751307582 0.7317
-6.9763482083992 0.7316
-6.97626327841015 0.7315
-6.97619636865664 0.7314
-6.97610447886754 0.7313
-6.97597151124602 0.7312
-6.9758565626141 0.7311
-6.97573681129057 0.731
-6.97561588109189 0.7309
-6.9755051675538 0.7308
-6.97539176663824 0.7307
-6.97529686928377 0.7306
-6.97518872830994 0.7305
-6.97508622192431 0.7304
-6.97497358959158 0.7303
-6.97488663058597 0.7302
-6.97480188727644 0.7301
-6.97471559472497 0.73
-6.97464854516024 0.7299
-6.97456235857394 0.7298
-6.97446667635799 0.7297
-6.9743807117411 0.7296
-6.97428714643128 0.7295
-6.97418535315343 0.7294
-6.97409836297743 0.7293
-6.9740076101674 0.7292
-6.97392051555622 0.7291
-6.97385468408262 0.729
-6.97378972754451 0.7289
-6.97376185517377 0.7288
-6.97374476213906 0.7287
-6.9737273373126 0.7286
-6.97370333283726 0.7285
-6.97369203366746 0.7284
-6.97369968252944 0.7283
-6.97371082422196 0.7282
-6.97373162661792 0.7281
-6.97377184989895 0.728
-6.97384232277847 0.7279
-6.97393006992813 0.7278
-6.97403892842233 0.7277
-6.97414190902091 0.7276
-6.97426259949233 0.7275
-6.97440001910447 0.7274
-6.97455202829116 0.7273
-6.974713549087 0.7272
-6.97489805570586 0.7271
-6.97507410083335 0.727
-6.97524120720523 0.7269
-6.97543844219267 0.7268
-6.97565338637675 0.7267
-6.97586985476382 0.7266
-6.97609671360643 0.7265
-6.97631734382087 0.7264
-6.97652229091137 0.7263
-6.97672198173442 0.7262
-6.97690751656606 0.7261
-6.97706361713038 0.726
-6.97720924927301 0.7259
-6.97733114162114 0.7258
-6.97743373270195 0.7257
-6.97750212246213 0.7256
-6.97752974620198 0.7255
-6.97754315002588 0.7254
-6.97753165212333 0.7253
-6.97749799994021 0.7252
-6.9774504473997 0.7251
-6.97738911966027 0.725
-6.9773172986899 0.7249
-6.97724551930455 0.7248
-6.9771699035124 0.7247
-6.97709807694234 0.7246
-6.97703751565245 0.7245
-6.97698658484472 0.7244
-6.97694054836727 0.7243
-6.97690600236692 0.7242
-6.97689422046907 0.7241
-6.97687774587931 0.724
-6.97688849647868 0.7239
-6.9768926056494 0.7238
-6.97692207395678 0.7237
-6.97697780595253 0.7236
-6.97704761968364 0.7235
-6.97711627709753 0.7234
-6.9771809383948 0.7233
-6.97724923907373 0.7232
-6.97731065630361 0.7231
-6.97739094027085 0.723
-6.97747584777204 0.7229
-6.9775634178678 0.7228
-6.97764904114949 0.7227
-6.97772525217499 0.7226
-6.97779697943843 0.7225
-6.97786772649933 0.7224
-6.9779577995026 0.7223
-6.9780418109183 0.7222
-6.97815238919733 0.7221
-6.97828472630614 0.722
-6.97844248399034 0.7219
-6.97862858923656 0.7218
-6.97882091590249 0.7217
-6.97899727821244 0.7216
-6.97918010671059 0.7215
-6.9793650158836 0.7214
-6.97955805132185 0.7213
-6.97972140410754 0.7212
-6.97988293587941 0.7211
-6.98005172992693 0.721
-6.98021870273814 0.7209
-6.98034032029839 0.7208
-6.98043643081598 0.7207
-6.98055559697902 0.7206
-6.98065836051033 0.7205
-6.98073255093334 0.7204
-6.9807593920439 0.7203
-6.98077225344685 0.7202
-6.98077078864503 0.7201
-6.98074139718565 0.72
-6.98069292947783 0.7199
-6.9806253535033 0.7198
-6.98056677958247 0.7197
-6.98049128770605 0.7196
-6.98040881469469 0.7195
-6.9803259632727 0.7194
-6.98024336986359 0.7193
-6.98016590320051 0.7192
-6.98007951171952 0.7191
-6.98000735616897 0.719
-6.97994197597907 0.7189
-6.97988918174187 0.7188
-6.97985461071753 0.7187
-6.97984081031952 0.7186
-6.97984242645239 0.7185
-6.97988419442715 0.7184
-6.97992784216984 0.7183
-6.97996928653308 0.7182
-6.98002204268515 0.7181
-6.98008138921368 0.718
-6.9801490594023 0.7179
-6.98021187916066 0.7178
-6.98028187696991 0.7177
-6.98034407551582 0.7176
-6.9804042116198 0.7175
-6.98044419934546 0.7174
-6.98048249332699 0.7173
-6.98050611453395 0.7172
-6.98051229878682 0.7171
-6.9805172018519 0.717
-6.98052220377132 0.7169
-6.98053256342899 0.7168
-6.98052565584865 0.7167
-6.98050285884282 0.7166
-6.98046222135826 0.7165
-6.98040363016585 0.7164
-6.980346671851 0.7163
-6.9802971131726 0.7162
-6.98025236305671 0.7161
-6.98020877152269 0.716
-6.98018080674169 0.7159
-6.98012759829002 0.7158
-6.98007162304679 0.7157
-6.9800140157817 0.7156
-6.97998448872636 0.7155
-6.97994568274556 0.7154
-6.97990729584767 0.7153
-6.97987608152392 0.7152
-6.97986260198504 0.7151
-6.97984201298798 0.715
-6.97983724774012 0.7149
-6.97984667692504 0.7148
-6.9798588854664 0.7147
-6.97986694093783 0.7146
-6.97988529042612 0.7145
-6.97989282557704 0.7144
-6.97989278193201 0.7143
-6.97992056924546 0.7142
-6.97994691878386 0.7141
-6.97997918458356 0.714
-6.97998817191976 0.7139
-6.97999330107407 0.7138
-6.98001071219812 0.7137
-6.98000735856433 0.7136
-6.97999239649642 0.7135
-6.97997625143379 0.7134
-6.97995693146664 0.7133
-6.97993626653766 0.7132
-6.97990237175024 0.7131
-6.97986245069073 0.713
-6.97981087879226 0.7129
-6.97975387771497 0.7128
-6.97970498819354 0.7127
-6.97964815973626 0.7126
-6.9795836412612 0.7125
-6.97951619455635 0.7124
-6.97947185465757 0.7123
-6.97944381709761 0.7122
-6.97940791963802 0.7121
-6.9793846188469 0.712
-6.97936866565909 0.7119
-6.97935068402728 0.7118
-6.97934562086729 0.7117
-6.97935024951126 0.7116
-6.97934060159302 0.7115
-6.97933175607117 0.7114
-6.97930307777725 0.7113
-6.97929620580705 0.7112
-6.97928362418538 0.7111
-6.97925413060065 0.711
-6.97922131632008 0.7109
-6.97917941012819 0.7108
-6.97911333950639 0.7107
-6.97904234020169 0.7106
-6.9789601746231 0.7105
-6.978869861986 0.7104
-6.97877720594315 0.7103
-6.9786817980442 0.7102
-6.97857543637122 0.7101
-6.97847871713156 0.71
-6.97839697266781 0.7099
-6.97833625878669 0.7098
-6.97828549339723 0.7097
-6.97825248784601 0.7096
-6.97820806481823 0.7095
-6.97816171710613 0.7094
-6.97811534112958 0.7093
-6.97808472410527 0.7092
-6.97807130493681 0.7091
-6.97808271093102 0.709
-6.97810043536277 0.7089
-6.97813586491834 0.7088
-6.9781645850216 0.7087
-6.97816961986426 0.7086
-6.97816684146287 0.7085
-6.97817077009527 0.7084
-6.9781704432404 0.7083
-6.97817134887192 0.7082
-6.97817312121741 0.7081
-6.97819745450361 0.708
-6.97823397728523 0.7079
-6.97824860226446 0.7078
-6.97826837728847 0.7077
-6.97830833234055 0.7076
-6.97833359522662 0.7075
-6.97834909332927 0.7074
-6.97836687409081 0.7073
-6.97838165369918 0.7072
-6.97838281064121 0.7071
-6.97839382105023 0.707
-6.97840562288853 0.7069
-6.97843479102752 0.7068
-6.97851428861117 0.7067
-6.97855307416637 0.7066
-6.97860797798326 0.7065
-6.97865823586094 0.7064
-6.9786883917028 0.7063
-6.97871308278275 0.7062
-6.9787539050604 0.7061
-6.97879238088175 0.706
-6.97881645187318 0.7059
-6.97882453031208 0.7058
-6.97884855562664 0.7057
-6.97887481719307 0.7056
-6.97889532538977 0.7055
-6.97891464758351 0.7054
-6.97891867736555 0.7053
-6.97891190577832 0.7052
-6.97891331115072 0.7051
-6.9789092840602 0.705
-6.97890985294072 0.7049
-6.97891996079044 0.7048
-6.97894259256254 0.7047
-6.97894895973083 0.7046
-6.97894521689479 0.7045
-6.97895004983678 0.7044
-6.97894857096022 0.7043
-6.97895676532682 0.7042
-6.978958040707 0.7041
-6.9789429804057 0.704
-6.97893588477153 0.7039
-6.97891098871044 0.7038
-6.97890013067641 0.7037
-6.97888406435784 0.7036
-6.97886505459736 0.7035
-6.97884219188837 0.7034
-6.97882755755883 0.7033
-6.97881244232801 0.7032
-6.97880095060386 0.7031
-6.97876803198927 0.703
-6.97872786099683 0.7029
-6.9786802073906 0.7028
-6.97861540497366 0.7027
-6.97856786959895 0.7026
-6.97851711036319 0.7025
-6.97846624613885 0.7024
-6.97841065412434 0.7023
-6.97836051576914 0.7022
-6.97833027734795 0.7021
-6.97829064075237 0.702
-6.97825050698868 0.7019
-6.97819749988589 0.7018
-6.97817402670529 0.7017
-6.9781625127758 0.7016
-6.97815700430502 0.7015
-6.97817091218999 0.7014
-6.97820562170197 0.7013
-6.97827008761692 0.7012
-6.97835130620802 0.7011
-6.97843493896546 0.701
-6.97852398593222 0.7009
-6.97859665597109 0.7008
-6.97865213609705 0.7007
-6.97869829987262 0.7006
-6.978733124556 0.7005
-6.9787495102334 0.7004
-6.97875136473423 0.7003
-6.97875180273546 0.7002
-6.97876820068623 0.7001
-6.97877718032801 0.7
-6.97880256516849 0.6999
-6.97883478152717 0.6998
-6.97886694225283 0.6997
-6.97891768803571 0.6996
-6.97896237451602 0.6995
-6.97899934982075 0.6994
-6.97904450575517 0.6993
-6.97909872748879 0.6992
-6.97914495489801 0.6991
-6.97918012210185 0.699
-6.97921772180275 0.6989
-6.97925048032811 0.6988
-6.9792735447729 0.6987
-6.97929701293481 0.6986
-6.9793082244969 0.6985
-6.97933746525126 0.6984
-6.97937413900306 0.6983
-6.9794202595252 0.6982
-6.97946046006578 0.6981
-6.97949783118781 0.698
-6.97952437272208 0.6979
-6.97955889727372 0.6978
-6.97958443482105 0.6977
-6.97963111784892 0.6976
-6.97968472410405 0.6975
-6.97972373677086 0.6974
-6.979772649471 0.6973
-6.9798070445452 0.6972
-6.97985251322747 0.6971
-6.9799199749554 0.697
-6.98000065733584 0.6969
-6.98007649293447 0.6968
-6.98016672743961 0.6967
-6.98027735997881 0.6966
-6.98038694689959 0.6965
-6.98049032253718 0.6964
-6.98059081909875 0.6963
-6.98071279368409 0.6962
-6.98084045543807 0.6961
-6.98096494698475 0.696
-6.98106597007194 0.6959
-6.98116553206168 0.6958
-6.98127289262973 0.6957
-6.98138988053552 0.6956
-6.98148123065638 0.6955
-6.9815595263707 0.6954
-6.98164983132812 0.6953
-6.98174526957017 0.6952
-6.98182405961625 0.6951
-6.98190822651819 0.695
-6.98197533383296 0.6949
-6.98203010927529 0.6948
-6.98206082612424 0.6947
-6.98209319506785 0.6946
-6.98212564425961 0.6945
-6.98216617725324 0.6944
-6.98219538803116 0.6943
-6.98220777191038 0.6942
-6.98221711454486 0.6941
-6.98221116360947 0.694
-6.98220098207856 0.6939
-6.98217866405236 0.6938
-6.98213738378222 0.6937
-6.98210513980551 0.6936
-6.98207249626468 0.6935
-6.98203092371388 0.6934
-6.98197730344569 0.6933
-6.98192353417273 0.6932
-6.98186128505895 0.6931
-6.98179490216133 0.693
-6.98170953858513 0.6929
-6.98161542951988 0.6928
-6.98152799419608 0.6927
-6.98146252454353 0.6926
-6.98140803780533 0.6925
-6.98134323288914 0.6924
-6.9813021191759 0.6923
-6.98128156391064 0.6922
-6.98124325738195 0.6921
-6.98123092185928 0.692
-6.98125712243157 0.6919
-6.98131154526539 0.6918
-6.98138694688225 0.6917
-6.98148813279318 0.6916
-6.98162913747595 0.6915
-6.98179755971902 0.6914
-6.98198142205541 0.6913
-6.98216974126014 0.6912
-6.98236360550063 0.6911
-6.98254930962 0.691
-6.98274627240468 0.6909
-6.98293607150843 0.6908
-6.98309794008182 0.6907
-6.98326186477082 0.6906
-6.98342021265348 0.6905
-6.98354502987568 0.6904
-6.98366947000539 0.6903
-6.98377388208672 0.6902
-6.9838759584066 0.6901
-6.98394271155444 0.69
-6.98400828490005 0.6899
-6.98405052866156 0.6898
-6.98408844858722 0.6897
-6.98412287199104 0.6896
-6.9841610135378 0.6895
-6.98417638055682 0.6894
-6.98419506878946 0.6893
-6.98421946703568 0.6892
-6.98423953161 0.6891
-6.98424631393035 0.689
-6.98424538322828 0.6889
-6.98426472341573 0.6888
-6.98430910062347 0.6887
-6.984379041178 0.6886
-6.98444980762377 0.6885
-6.98452532480841 0.6884
-6.98460985124582 0.6883
-6.98470375956888 0.6882
-6.9848166257267 0.6881
-6.98494646870363 0.688
-6.98507487143315 0.6879
-6.98520232164132 0.6878
-6.98533676981404 0.6877
-6.98545694278055 0.6876
-6.98558974474152 0.6875
-6.98571259731283 0.6874
-6.98580656638303 0.6873
-6.98588523069852 0.6872
-6.98594083865846 0.6871
-6.98595026334714 0.687
-6.98594092197109 0.6869
-6.98589871931963 0.6868
-6.98584703436919 0.6867
-6.98576980938318 0.6866
-6.9856762845579 0.6865
-6.98556824160896 0.6864
-6.98544285616971 0.6863
-6.98527150094837 0.6862
-6.98509552825424 0.6861
-6.984890043666 0.686
-6.98466800044252 0.6859
-6.98446341800549 0.6858
-6.98426040204331 0.6857
-6.98406775334971 0.6856
-6.98388211862508 0.6855
-6.98371187192286 0.6854
-6.98354057640891 0.6853
-6.98340354128234 0.6852
-6.98327548644459 0.6851
-6.98315274708025 0.685
-6.98301624336506 0.6849
-6.98290225411851 0.6848
-6.98282787724416 0.6847
-6.98275952527117 0.6846
-6.9827334210755 0.6845
-6.98270251515397 0.6844
-6.98268191986225 0.6843
-6.98266928386841 0.6842
-6.98267981377223 0.6841
-6.98268700259401 0.684
-6.98274728808701 0.6839
-6.98282817125561 0.6838
-6.98292485343261 0.6837
-6.98302060313106 0.6836
-6.98313249307851 0.6835
-6.98325527020691 0.6834
-6.98337593618641 0.6833
-6.98348769545052 0.6832
-6.98358706407262 0.6831
-6.98368324207144 0.683
-6.98374318951568 0.6829
-6.98378272865623 0.6828
-6.98381809467303 0.6827
-6.98384022081883 0.6826
-6.98385802926191 0.6825
-6.98387993858471 0.6824
-6.98391246711305 0.6823
-6.98395532031534 0.6822
-6.9839973162994 0.6821
-6.98404714681994 0.682
-6.98410067005853 0.6819
-6.98416469153596 0.6818
-6.98419558965732 0.6817
-6.98422484941877 0.6816
-6.98423792026026 0.6815
-6.98424348134999 0.6814
-6.98423255933841 0.6813
-6.98419903981138 0.6812
-6.9841524447835 0.6811
-6.98409412141573 0.681
-6.98402413935135 0.6809
-6.98395690814001 0.6808
-6.9838876582021 0.6807
-6.98382615336255 0.6806
-6.98377487685224 0.6805
-6.98373458487734 0.6804
-6.98370075655279 0.6803
-6.9836849683301 0.6802
-6.98365012428188 0.6801
-6.98364524868547 0.68
-6.98365219979914 0.6799
-6.98368112261107 0.6798
-6.98372432881189 0.6797
-6.98377906356753 0.6796
-6.98383054630858 0.6795
-6.98387425933796 0.6794
-6.98390338925962 0.6793
-6.98392821133192 0.6792
-6.98394257904186 0.6791
-6.98391717202065 0.679
-6.98386837820807 0.6789
-6.98382211770905 0.6788
-6.98377959790447 0.6787
-6.98373842821949 0.6786
-6.98366393485102 0.6785
-6.98359339376395 0.6784
-6.98353253758232 0.6783
-6.98347659325079 0.6782
-6.98343284858316 0.6781
-6.98339232702445 0.678
-6.98335435204603 0.6779
-6.98330726804478 0.6778
-6.98324960707729 0.6777
-6.98321314393875 0.6776
-6.9831967304876 0.6775
-6.9831772542865 0.6774
-6.98317455847639 0.6773
-6.9831975579347 0.6772
-6.98324081427561 0.6771
-6.98328500217044 0.677
-6.9833594280094 0.6769
-6.98344488209859 0.6768
-6.98353854125683 0.6767
-6.98363825099738 0.6766
-6.98374538380197 0.6765
-6.98386536551547 0.6764
-6.98398364548544 0.6763
-6.98409708383563 0.6762
-6.98418595749528 0.6761
-6.98425836919351 0.676
-6.98432460293289 0.6759
-6.98437820119446 0.6758
-6.98445414842635 0.6757
-6.98453405980836 0.6756
-6.98462294694271 0.6755
-6.98469878494722 0.6754
-6.98475915846355 0.6753
-6.98481758440371 0.6752
-6.98485608350769 0.6751
-6.98488051073059 0.675
-6.98488793115254 0.6749
-6.98487204717973 0.6748
-6.98482485226918 0.6747
-6.98477562538641 0.6746
-6.9847147891112 0.6745
-6.98464278602967 0.6744
-6.98456817770697 0.6743
-6.9844803889407 0.6742
-6.98438733867566 0.6741
-6.984305192181 0.674
-6.9842147843929 0.6739
-6.98415817854202 0.6738
-6.98411854214139 0.6737
-6.98408928608296 0.6736
-6.98407793236667 0.6735
-6.98406158645071 0.6734
-6.98407230070805 0.6733
-6.98407366720316 0.6732
-6.98409124267461 0.6731
-6.98408687667579 0.673
-6.98407253797704 0.6729
-6.98405432276784 0.6728
-6.98402074421204 0.6727
-6.98398419010881 0.6726
-6.98396840218171 0.6725
-6.98395719660793 0.6724
-6.98392952183575 0.6723
-6.98387924366596 0.6722
-6.98382462081954 0.6721
-6.98379290910998 0.672
-6.98373563561758 0.6719
-6.98368770679071 0.6718
-6.98361697857908 0.6717
-6.98352408107498 0.6716
-6.98342302497646 0.6715
-6.98335270727257 0.6714
-6.98329537086857 0.6713
-6.98323878060827 0.6712
-6.98316831483662 0.6711
-6.98309342939836 0.671
-6.98300928543829 0.6709
-6.98293339892976 0.6708
-6.98288404568834 0.6707
-6.98284606360324 0.6706
-6.98280831175876 0.6705
-6.98279039872262 0.6704
-6.9828132179132 0.6703
-6.98283657658191 0.6702
-6.98287273381701 0.6701
-6.98292064442029 0.67
-6.98299954387714 0.6699
-6.98307915525346 0.6698
-6.98316170930614 0.6697
-6.98323733320479 0.6696
-6.98330642578775 0.6695
-6.9833926121826 0.6694
-6.98347165967716 0.6693
-6.98352871135325 0.6692
-6.98358293435847 0.6691
-6.98363063197604 0.669
-6.98366552942553 0.6689
-6.98367534134516 0.6688
-6.98366713623105 0.6687
-6.98364127985962 0.6686
-6.98358494873124 0.6685
-6.9835140578186 0.6684
-6.98342058525431 0.6683
-6.98332418254416 0.6682
-6.98321521342657 0.6681
-6.98309047750082 0.668
-6.98295986769901 0.6679
-6.98282578746871 0.6678
-6.9827066359528 0.6677
-6.98258113726817 0.6676
-6.98245759250184 0.6675
-6.98233027917888 0.6674
-6.98220355788335 0.6673
-6.98211324905635 0.6672
-6.98203960870573 0.6671
-6.98197796909457 0.667
-6.9819414034106 0.6669
-6.98194429552274 0.6668
-6.98193675097637 0.6667
-6.98194164049042 0.6666
-6.98195318186566 0.6665
-6.9819849798082 0.6664
-6.98202984435561 0.6663
-6.98210392811571 0.6662
-6.98217633665192 0.6661
-6.98224585013398 0.666
-6.98233104446313 0.6659
-6.98240811809137 0.6658
-6.98249997594168 0.6657
-6.98258583667629 0.6656
-6.98266713783399 0.6655
-6.98275731351724 0.6654
-6.98285669528261 0.6653
-6.98295716206407 0.6652
-6.98305515318367 0.6651
-6.98316457586034 0.665
-6.98325456099799 0.6649
-6.98332721333663 0.6648
-6.98340213880589 0.6647
-6.98345276723485 0.6646
-6.98350708109509 0.6645
-6.98357310023429 0.6644
-6.98365731481767 0.6643
-6.98377298467415 0.6642
-6.98389620893606 0.6641
-6.98402770193937 0.664
-6.98417904380634 0.6639
-6.98434382686057 0.6638
-6.98454019192378 0.6637
-6.98474268987361 0.6636
-6.98496943678823 0.6635
-6.98518406314942 0.6634
-6.98540134595565 0.6633
-6.98560798531513 0.6632
-6.98582027609299 0.6631
-6.98602017545407 0.663
-6.9862019980251 0.6629
-6.98635073622295 0.6628
-6.98647792672105 0.6627
-6.9866030991945 0.6626
-6.98671329717505 0.6625
-6.98681178466872 0.6624
-6.9868818402664 0.6623
-6.98692982440442 0.6622
-6.98696906066666 0.6621
-6.98697092686331 0.662
-6.98696198415403 0.6619
-6.98692810072353 0.6618
-6.98688689579861 0.6617
-6.98682997231248 0.6616
-6.98675121133608 0.6615
-6.98667138620504 0.6614
-6.98660254140987 0.6613
-6.98651816265935 0.6612
-6.98642480002241 0.6611
-6.98634178326686 0.661
-6.98625644350239 0.6609
-6.98615871231852 0.6608
-6.98609234337951 0.6607
-6.98602949117986 0.6606
-6.98598171386255 0.6605
-6.9859514276015 0.6604
-6.98592800408926 0.6603
-6.98592374371177 0.6602
-6.98594111328972 0.6601
-6.98595275262786 0.66
-6.98598910413704 0.6599
-6.98604544700852 0.6598
-6.98609357682914 0.6597
-6.98613455455861 0.6596
-6.98618433649686 0.6595
-6.98625895472745 0.6594
-6.98634406810386 0.6593
-6.98643806774444 0.6592
-6.98653304129787 0.6591
-6.98661838939395 0.659
-6.98670720646882 0.6589
-6.98678426903016 0.6588
-6.98687144684116 0.6587
-6.98696713542131 0.6586
-6.98702891016012 0.6585
-6.98705345949895 0.6584
-6.98706907752745 0.6583
-6.98706864108028 0.6582
-6.98704461098011 0.6581
-6.987028539182 0.658
-6.98701412070722 0.6579
-6.98700190904403 0.6578
-6.98697380179449 0.6577
-6.98695291733669 0.6576
-6.9869366777902 0.6575
-6.98692948534166 0.6574
-6.98692688003714 0.6573
-6.98692689874409 0.6572
-6.98693814662498 0.6571
-6.98693741831479 0.657
-6.98693093549159 0.6569
-6.98691483550304 0.6568
-6.98690242902579 0.6567
-6.98690630472699 0.6566
-6.98692199537602 0.6565
-6.98693305184531 0.6564
-6.98694350539813 0.6563
-6.98694146417602 0.6562
-6.98692779942752 0.6561
-6.98690564813515 0.656
-6.98686747857333 0.6559
-6.98683395089523 0.6558
-6.98680315549004 0.6557
-6.98678121409642 0.6556
-6.98676887803743 0.6555
-6.98677302487282 0.6554
-6.98679483207577 0.6553
-6.98682546551886 0.6552
-6.98684157325599 0.6551
-6.98682922235941 0.655
-6.98682452306344 0.6549
-6.98683337612921 0.6548
-6.98685394872737 0.6547
-6.98687713188768 0.6546
-6.98690306933399 0.6545
-6.98693238211077 0.6544
-6.98695910640062 0.6543
-6.98697503489444 0.6542
-6.98700741133591 0.6541
-6.98704631558073 0.654
-6.98709750490254 0.6539
-6.98715131560193 0.6538
-6.98720979599518 0.6537
-6.98728467344431 0.6536
-6.98736753304925 0.6535
-6.98746242241504 0.6534
-6.9875453616695 0.6533
-6.98762049377208 0.6532
-6.98767068047577 0.6531
-6.98769481877046 0.653
-6.98771953238386 0.6529
-6.98773764305717 0.6528
-6.98774950062651 0.6527
-6.98774058221245 0.6526
-6.9877179560198 0.6525
-6.98767893432284 0.6524
-6.98764340210981 0.6523
-6.98761616866308 0.6522
-6.98759497885381 0.6521
-6.98757699936618 0.652
-6.98753721591058 0.6519
-6.98750439316984 0.6518
-6.98747403462611 0.6517
-6.98746041017149 0.6516
-6.98746633312748 0.6515
-6.98747354414092 0.6514
-6.98751320448223 0.6513
-6.98756611780698 0.6512
-6.98761893131355 0.6511
-6.98768569313563 0.651
-6.98777561110411 0.6509
-6.98785538305718 0.6508
-6.98794968413908 0.6507
-6.98804291028812 0.6506
-6.98815433434604 0.6505
-6.98826380401801 0.6504
-6.98838122839452 0.6503
-6.98848340759829 0.6502
-6.98860283855386 0.6501
-6.98870801487827 0.65
-6.98878445979339 0.6499
-6.98884573334737 0.6498
-6.98887881307677 0.6497
-6.98889751091128 0.6496
-6.98888894043707 0.6495
-6.98883647996333 0.6494
-6.98873533597852 0.6493
-6.98858793824149 0.6492
-6.988445265534 0.6491
-6.98830925142667 0.649
-6.98817243590605 0.6489
-6.98803783497429 0.6488
-6.98792372011669 0.6487
-6.98783382866712 0.6486
-6.98773378792058 0.6485
-6.9876403203956 0.6484
-6.98754616942988 0.6483
-6.98747211559163 0.6482
-6.98740374701484 0.6481
-6.98733066002696 0.648
-6.98726000225482 0.6479
-6.98721856312427 0.6478
-6.98720901866674 0.6477
-6.98721618802811 0.6476
-6.98723866112859 0.6475
-6.98724838722113 0.6474
-6.98727086656977 0.6473
-6.98726708391961 0.6472
-6.98727031186447 0.6471
-6.98725436531075 0.647
-6.98722551683502 0.6469
-6.98721385795751 0.6468
-6.98720343769675 0.6467
-6.98720852009053 0.6466
-6.98722449657706 0.6465
-6.98725750038257 0.6464
-6.98730964192035 0.6463
-6.98735853717327 0.6462
-6.98742876081947 0.6461
-6.98752212050629 0.646
-6.98762737046202 0.6459
-6.98772373393891 0.6458
-6.98782048767728 0.6457
-6.9879082655737 0.6456
-6.98799317107363 0.6455
-6.98809507345203 0.6454
-6.98818638326623 0.6453
-6.98826869657128 0.6452
-6.98835354502132 0.6451
-6.98843360978963 0.645
-6.98853279108844 0.6449
-6.98864519930695 0.6448
-6.98876456298148 0.6447
-6.98887147454599 0.6446
-6.98896311327294 0.6445
-6.98905981283112 0.6444
-6.98913113317314 0.6443
-6.98920228933231 0.6442
-6.98927184306603 0.6441
-6.98933273611551 0.644
-6.98939767448097 0.6439
-6.98946534866644 0.6438
-6.98953182349497 0.6437
-6.98958904788062 0.6436
-6.9896523152131 0.6435
-6.9897295192344 0.6434
-6.98980824086813 0.6433
-6.98987133080606 0.6432
-6.98992715606839 0.6431
-6.98996789623535 0.643
-6.99001410925647 0.6429
-6.99003297436755 0.6428
-6.9900469665185 0.6427
-6.99005688703513 0.6426
-6.99006585343239 0.6425
-6.99006864145885 0.6424
-6.99007336578749 0.6423
-6.99005838982529 0.6422
-6.99005410136208 0.6421
-6.99004513170439 0.642
-6.99003448886676 0.6419
-6.99002867363815 0.6418
-6.99005113184743 0.6417
-6.99006690237892 0.6416
-6.99008044404183 0.6415
-6.99010196172854 0.6414
-6.99012451693342 0.6413
-6.99017586523988 0.6412
-6.9902243635111 0.6411
-6.99028179327808 0.641
-6.9903416882656 0.6409
-6.99039820984883 0.6408
-6.99045713400797 0.6407
-6.99052849723967 0.6406
-6.99060429863968 0.6405
-6.99067407539465 0.6404
-6.99073720657921 0.6403
-6.99082956095643 0.6402
-6.99091532019671 0.6401
-6.99099217369205 0.64
-6.99105924373597 0.6399
-6.99110742656605 0.6398
-6.99115065813777 0.6397
-6.99115238721459 0.6396
-6.99114671696724 0.6395
-6.99112912512604 0.6394
-6.9911232251243 0.6393
-6.99110066809437 0.6392
-6.99107700126462 0.6391
-6.99103560037098 0.639
-6.99098137559248 0.6389
-6.99091307293371 0.6388
-6.99082878524581 0.6387
-6.99074070063478 0.6386
-6.99063703668612 0.6385
-6.99051963493606 0.6384
-6.99039681547672 0.6383
-6.99027094693442 0.6382
-6.99014353937914 0.6381
-6.99000470749349 0.638
-6.98988808465643 0.6379
-6.98977969115753 0.6378
-6.98969211509617 0.6377
-6.98961334330012 0.6376
-6.98952332208069 0.6375
-6.98944712049543 0.6374
-6.98936015237156 0.6373
-6.9892905971376 0.6372
-6.98922074561606 0.6371
-6.98915958914376 0.637
-6.98912217532232 0.6369
-6.98906356027116 0.6368
-6.98902835031658 0.6367
-6.98898017873894 0.6366
-6.98892889484752 0.6365
-6.98888841837942 0.6364
-6.98887011572398 0.6363
-6.98885446312912 0.6362
-6.98883629190407 0.6361
-6.98880886711165 0.636
-6.98877520118231 0.6359
-6.98874035263228 0.6358
-6.98869002082806 0.6357
-6.98862441574286 0.6356
-6.988554699922 0.6355
-6.98850768234415 0.6354
-6.98845300164415 0.6353
-6.98839054911546 0.6352
-6.98833555089263 0.6351
-6.98827779723519 0.635
-6.98821735848355 0.6349
-6.98815756641875 0.6348
-6.98810369026872 0.6347
-6.98804706757126 0.6346
-6.98802258399945 0.6345
-6.98800981680289 0.6344
-6.9880210124354 0.6343
-6.98805454411747 0.6342
-6.98813697818799 0.6341
-6.98824142427866 0.634
-6.98838295263115 0.6339
-6.98852251385034 0.6338
-6.98866283819866 0.6337
-6.98880308983378 0.6336
-6.98894947178042 0.6335
-6.98907638180854 0.6334
-6.9891865129277 0.6333
-6.98928541561361 0.6332
-6.98935220401194 0.6331
-6.98940603053285 0.633
-6.98943673545169 0.6329
-6.98945388013508 0.6328
-6.98946292087497 0.6327
-6.98947329851168 0.6326
-6.98947113665884 0.6325
-6.98947725401452 0.6324
-6.98946760331049 0.6323
-6.98946467054319 0.6322
-6.98947193528342 0.6321
-6.98947231508388 0.632
-6.98948002245063 0.6319
-6.98947468376958 0.6318
-6.98948721812839 0.6317
-6.98950842311192 0.6316
-6.98952280511666 0.6315
-6.98952429717833 0.6314
-6.98952654363671 0.6313
-6.98951461451927 0.6312
-6.98950855551448 0.6311
-6.9894960161946 0.631
-6.98950023149227 0.6309
-6.98951656284155 0.6308
-6.98954242624027 0.6307
-6.98955995799958 0.6306
-6.98957239489158 0.6305
-6.98959117118775 0.6304
-6.9896253070674 0.6303
-6.98968131319259 0.6302
-6.98975592402831 0.6301
-6.9898372436432 0.63
-6.98991468823375 0.6299
-6.9900019140239 0.6298
-6.99010003988881 0.6297
-6.99020150101916 0.6296
-6.99032828351858 0.6295
-6.9904348492666 0.6294
-6.9905619593982 0.6293
-6.99069356825313 0.6292
-6.99082735546166 0.6291
-6.99095954155741 0.629
-6.9911005174707 0.6289
-6.9912325308206 0.6288
-6.99136388872206 0.6287
-6.99149224514764 0.6286
-6.99161248360816 0.6285
-6.99173373594354 0.6284
-6.99182059942349 0.6283
-6.99189929687565 0.6282
-6.9919777390351 0.6281
-6.99204358486237 0.628
-6.9920997009695 0.6279
-6.99215161907377 0.6278
-6.99220611329622 0.6277
-6.99228972919726 0.6276
-6.992369557345 0.6275
-6.99243708109966 0.6274
-6.99251857885228 0.6273
-6.9925971120361 0.6272
-6.9926843551069 0.6271
-6.99277174876682 0.627
-6.99285427543343 0.6269
-6.99293255743899 0.6268
-6.99299219013353 0.6267
-6.99305039970547 0.6266
-6.99312270748849 0.6265
-6.99317554506146 0.6264
-6.99322389146308 0.6263
-6.99324641900267 0.6262
-6.99326728507031 0.6261
-6.99328826374989 0.626
-6.99330506040877 0.6259
-6.99331204996955 0.6258
-6.99331388258755 0.6257
-6.99331290164833 0.6256
-6.99331054855744 0.6255
-6.99328540013062 0.6254
-6.99324334749785 0.6253
-6.9931802564662 0.6252
-6.99311313141423 0.6251
-6.99304603072554 0.625
-6.99295164741059 0.6249
-6.99285095167511 0.6248
-6.99274637039367 0.6247
-6.99265448823228 0.6246
-6.99258420026556 0.6245
-6.99252509945762 0.6244
-6.992480598355 0.6243
-6.99244980530171 0.6242
-6.99243595291403 0.6241
-6.99242474117935 0.624
-6.99243897162686 0.6239
-6.99245242472142 0.6238
-6.99248293895077 0.6237
-6.99250843074836 0.6236
-6.99253628223045 0.6235
-6.99254730031812 0.6234
-6.99256821178182 0.6233
-6.99256407360638 0.6232
-6.99252477361985 0.6231
-6.99246437891158 0.623
-6.99237693849044 0.6229
-6.9922795223425 0.6228
-6.99218902796442 0.6227
-6.99208865283094 0.6226
-6.99196468384858 0.6225
-6.99185249054192 0.6224
-6.99173089610887 0.6223
-6.99161124120967 0.6222
-6.99148794704315 0.6221
-6.9913585867251 0.622
-6.9912359579691 0.6219
-6.99110966761801 0.6218
-6.99100026258638 0.6217
-6.99091542799778 0.6216
-6.99085978237027 0.6215
-6.99080284835897 0.6214
-6.99075949361779 0.6213
-6.99073277641248 0.6212
-6.99070850067154 0.6211
-6.99069619519164 0.621
-6.99070112657406 0.6209
-6.99072698634292 0.6208
-6.99076058684475 0.6207
-6.99081298742003 0.6206
-6.99087681714244 0.6205
-6.99093594358541 0.6204
-6.99100406518445 0.6203
-6.99105972947151 0.6202
-6.99112587940671 0.6201
-6.99118665601031 0.62
-6.9912486352194 0.6199
-6.99132189264211 0.6198
-6.99140178379086 0.6197
-6.99149133462852 0.6196
-6.9915658490421 0.6195
-6.99162649146455 0.6194
-6.9916925518104 0.6193
-6.99174213726705 0.6192
-6.99177644744171 0.6191
-6.99182627807993 0.619
-6.99188769591857 0.6189
-6.99194732600741 0.6188
-6.99200960320643 0.6187
-6.99205935632144 0.6186
-6.99210514318973 0.6185
-6.99215212113786 0.6184
-6.99218395977989 0.6183
-6.99219764485178 0.6182
-6.99221327313009 0.6181
-6.99221996050166 0.618
-6.99222923907339 0.6179
-6.99225666488855 0.6178
-6.99228630708765 0.6177
-6.99230641318173 0.6176
-6.99230258273541 0.6175
-6.99227808608958 0.6174
-6.99226295752694 0.6173
-6.9922393739317 0.6172
-6.99222547061947 0.6171
-6.99220510998862 0.617
-6.99217727827061 0.6169
-6.99214955955752 0.6168
-6.99210858343443 0.6167
-6.99208053030101 0.6166
-6.99206305032611 0.6165
-6.99204106945214 0.6164
-6.99203674456735 0.6163
-6.99203126761873 0.6162
-6.99204442917953 0.6161
-6.99206378918555 0.616
-6.99208481370007 0.6159
-6.99210719469146 0.6158
-6.9921189390821 0.6157
-6.99212755022038 0.6156
-6.99214723374322 0.6155
-6.99216991627167 0.6154
-6.99218381727812 0.6153
-6.99220372275174 0.6152
-6.9922068937812 0.6151
-6.99220798779983 0.615
-6.99220035377741 0.6149
-6.99217540150781 0.6148
-6.99215045455436 0.6147
-6.99213970090517 0.6146
-6.99212942519292 0.6145
-6.99208804587422 0.6144
-6.99205094508858 0.6143
-6.99200449019449 0.6142
-6.99195713901332 0.6141
-6.99189809908737 0.614
-6.9918435118214 0.6139
-6.99179523065814 0.6138
-6.99175989095618 0.6137
-6.99173739213898 0.6136
-6.99171233408105 0.6135
-6.99170667051668 0.6134
-6.99170969055058 0.6133
-6.99172753374039 0.6132
-6.99175297072615 0.6131
-6.99177994824755 0.613
-6.9918355681103 0.6129
-6.99189280122886 0.6128
-6.99195338857621 0.6127
-6.99202164933343 0.6126
-6.9920818461925 0.6125
-6.99214739230933 0.6124
-6.99219757721449 0.6123
-6.99223900099601 0.6122
-6.99226387928679 0.6121
-6.9923070296047 0.612
-6.99232746747021 0.6119
-6.99233281057138 0.6118
-6.99231375180149 0.6117
-6.99228329958081 0.6116
-6.99223614431475 0.6115
-6.99217582456224 0.6114
-6.99211893498865 0.6113
-6.99204109804263 0.6112
-6.9919443867837 0.6111
-6.99186074727726 0.611
-6.9917662373351 0.6109
-6.99168700755065 0.6108
-6.99161873516799 0.6107
-6.99154206714096 0.6106
-6.99148686951375 0.6105
-6.99142274584152 0.6104
-6.99133268559026 0.6103
-6.99122922613512 0.6102
-6.99114398702439 0.6101
-6.99106908380699 0.61
-6.99101136023349 0.6099
-6.99096263974466 0.6098
-6.99091617661632 0.6097
-6.99087637116121 0.6096
-6.99084903314869 0.6095
-6.99083992443945 0.6094
-6.99086116085366 0.6093
-6.99087795635284 0.6092
-6.99088372059824 0.6091
-6.99087502099214 0.609
-6.99090248027961 0.6089
-6.99092979327978 0.6088
-6.9909545769577 0.6087
-6.99098348078159 0.6086
-6.99102755779833 0.6085
-6.99108037708927 0.6084
-6.9911697505062 0.6083
-6.9912919297714 0.6082
-6.9914083245826 0.6081
-6.99151847714148 0.608
-6.991616302422 0.6079
-6.99172248749973 0.6078
-6.99182846817931 0.6077
-6.99191433446871 0.6076
-6.99200122498859 0.6075
-6.99206456022779 0.6074
-6.99209943410017 0.6073
-6.99210537791807 0.6072
-6.99212021805444 0.6071
-6.99212245443905 0.607
-6.99212823560137 0.6069
-6.99212704861132 0.6068
-6.99213342527997 0.6067
-6.99212722639837 0.6066
-6.99213140068527 0.6065
-6.99212289742273 0.6064
-6.99213785652787 0.6063
-6.99216183336448 0.6062
-6.99220258461036 0.6061
-6.99225406417539 0.606
-6.99231692402731 0.6059
-6.99239309874279 0.6058
-6.99247924689863 0.6057
-6.99257078804562 0.6056
-6.99266393963686 0.6055
-6.99274545828796 0.6054
-6.99282771097409 0.6053
-6.99288100364984 0.6052
-6.99291619753391 0.6051
-6.99293145096496 0.605
-6.99292757884526 0.6049
-6.99290645262701 0.6048
-6.99287305163579 0.6047
-6.99280926091469 0.6046
-6.99271243050584 0.6045
-6.99259843320885 0.6044
-6.99247748980349 0.6043
-6.99234370868347 0.6042
-6.99220516899391 0.6041
-6.99205496018389 0.604
-6.99190849177552 0.6039
-6.99176116435122 0.6038
-6.99164305107907 0.6037
-6.99151940246675 0.6036
-6.99142576882461 0.6035
-6.99133985791186 0.6034
-6.99127793593462 0.6033
-6.99123219994567 0.6032
-6.99120370200416 0.6031
-6.99117575239854 0.603
-6.991177809775 0.6029
-6.99120199401098 0.6028
-6.9912372752992 0.6027
-6.99127786731099 0.6026
-6.99133891195224 0.6025
-6.99140245417338 0.6024
-6.99148183755889 0.6023
-6.99155036477016 0.6022
-6.99159965261543 0.6021
-6.99164390198798 0.602
-6.99169176024847 0.6019
-6.99173330615031 0.6018
-6.99175876040198 0.6017
-6.99175912636612 0.6016
-6.99173794850559 0.6015
-6.99169895689855 0.6014
-6.99164505065703 0.6013
-6.99158129899537 0.6012
-6.99151680922992 0.6011
-6.991454864468 0.601
-6.9913737962499 0.6009
-6.99130200992454 0.6008
-6.99122068074898 0.6007
-6.99114618425637 0.6006
-6.99106726931428 0.6005
-6.99097464784018 0.6004
-6.99087212657865 0.6003
-6.99077902261409 0.6002
-6.9907057365618 0.6001
-6.99064489934836 0.6
-6.99059884141009 0.5999
-6.99056033654741 0.5998
-6.99054894927489 0.5997
-6.99054334800444 0.5996
-6.99057165885319 0.5995
-6.99063928614807 0.5994
-6.99071694931136 0.5993
-6.99082318731361 0.5992
-6.99093059066074 0.5991
-6.99105307557841 0.599
-6.99116201640202 0.5989
-6.99127523421409 0.5988
-6.99139510517236 0.5987
-6.99152820066925 0.5986
-6.99164251276865 0.5985
-6.99176666804172 0.5984
-6.99190430048547 0.5983
-6.99202445661907 0.5982
-6.99214237808938 0.5981
-6.99226720061253 0.598
-6.9923918191206 0.5979
-6.9924952233731 0.5978
-6.99259285017947 0.5977
-6.99270102215453 0.5976
-6.99280795430935 0.5975
-6.99293705659794 0.5974
-6.99305852405108 0.5973
-6.99317015695805 0.5972
-6.99326516795006 0.5971
-6.99334926711243 0.597
-6.99342938340695 0.5969
-6.99351122748803 0.5968
-6.99360741906865 0.5967
-6.99369408796718 0.5966
-6.99377646337976 0.5965
-6.9938486890739 0.5964
-6.99392091475437 0.5963
-6.99398872040368 0.5962
-6.99404546454431 0.5961
-6.99409090692111 0.596
-6.99412194615994 0.5959
-6.99413935015897 0.5958
-6.99415642064703 0.5957
-6.99417304288715 0.5956
-6.99418456730949 0.5955
-6.99418331578898 0.5954
-6.99419155834278 0.5953
-6.99419496975644 0.5952
-6.99419178133226 0.5951
-6.99418540608699 0.595
-6.99418670824869 0.5949
-6.9941829740114 0.5948
-6.99417298920351 0.5947
-6.99413984192005 0.5946
-6.99409657540656 0.5945
-6.99405420797481 0.5944
-6.99399111766903 0.5943
-6.99390126266284 0.5942
-6.99380611443469 0.5941
-6.99371524017368 0.594
-6.99361549257861 0.5939
-6.993509955246 0.5938
-6.99339243715238 0.5937
-6.99324576693482 0.5936
-6.99308700894011 0.5935
-6.99289677323688 0.5934
-6.99271956680967 0.5933
-6.99254183451489 0.5932
-6.99238771930422 0.5931
-6.99222463551377 0.593
-6.99206042802334 0.5929
-6.99192240839253 0.5928
-6.99180605657652 0.5927
-6.99169739692588 0.5926
-6.9916016606538 0.5925
-6.99152521798194 0.5924
-6.99145466273912 0.5923
-6.99139592645271 0.5922
-6.99134972857431 0.5921
-6.991326690692 0.592
-6.99130411688969 0.5919
-6.99131390505844 0.5918
-6.99136010817174 0.5917
-6.99141024518683 0.5916
-6.99148740276388 0.5915
-6.9915911015886 0.5914
-6.99170455321471 0.5913
-6.99182339481105 0.5912
-6.99194258657382 0.5911
-6.99205579507715 0.591
-6.99220204194983 0.5909
-6.99234322116772 0.5908
-6.9924644717191 0.5907
-6.99258476514638 0.5906
-6.99270712522321 0.5905
-6.99282811289655 0.5904
-6.99295415227098 0.5903
-6.99307590557601 0.5902
-6.9932062404777 0.5901
-6.99332270861635 0.59
-6.99344466617287 0.5899
-6.99357021041694 0.5898
-6.99367657114399 0.5897
-6.99376821432705 0.5896
-6.99384221309735 0.5895
-6.99389244306841 0.5894
-6.99392299043768 0.5893
-6.99393038188087 0.5892
-6.99390675007069 0.5891
-6.99384946139396 0.589
-6.99378471875253 0.5889
-6.99370602061681 0.5888
-6.99361489391753 0.5887
-6.99353193841803 0.5886
-6.99345573468416 0.5885
-6.99339687582533 0.5884
-6.99336046211206 0.5883
-6.99333615197808 0.5882
-6.99332749043598 0.5881
-6.99332505319784 0.588
-6.99334870869254 0.5879
-6.99338485718363 0.5878
-6.9934377050461 0.5877
-6.9935061903361 0.5876
-6.99359420283729 0.5875
-6.99367842506578 0.5874
-6.99378516883697 0.5873
-6.99389204713576 0.5872
-6.99401365953629 0.5871
-6.99413209310268 0.587
-6.99426623369424 0.5869
-6.99437978125973 0.5868
-6.99448718439396 0.5867
-6.99460223447249 0.5866
-6.99473035408558 0.5865
-6.99483814212664 0.5864
-6.99493425542199 0.5863
-6.99500263652198 0.5862
-6.99504483876419 0.5861
-6.9950860591468 0.586
-6.99512058052387 0.5859
-6.9951623631019 0.5858
-6.99518089515623 0.5857
-6.9951776678363 0.5856
-6.99516894222892 0.5855
-6.99514452216884 0.5854
-6.99510168758474 0.5853
-6.9950672638883 0.5852
-6.99504771817045 0.5851
-6.99503487197274 0.585
-6.99503590786222 0.5849
-6.99503944928936 0.5848
-6.99505423051201 0.5847
-6.99505642065185 0.5846
-6.99505871513112 0.5845
-6.99504877032379 0.5844
-6.99504603032387 0.5843
-6.99503665527868 0.5842
-6.9950269154928 0.5841
-6.99503950787875 0.584
-6.99504012305248 0.5839
-6.99503083606724 0.5838
-6.99501372409883 0.5837
-6.99502704719707 0.5836
-6.99505116060518 0.5835
-6.99506609868837 0.5834
-6.99507193143467 0.5833
-6.99508208731693 0.5832
-6.99508370731075 0.5831
-6.99508491705921 0.583
-6.99508439543727 0.5829
-6.99507630841543 0.5828
-6.99508430692437 0.5827
-6.9950931095155 0.5826
-6.99508723527976 0.5825
-6.9950680826538 0.5824
-6.99504702288492 0.5823
-6.99503569238524 0.5822
-6.99502443723138 0.5821
-6.99502266845724 0.582
-6.99500387823846 0.5819
-6.99496658148035 0.5818
-6.99491587876 0.5817
-6.99485117842252 0.5816
-6.99479660992978 0.5815
-6.99473631460006 0.5814
-6.99465859552894 0.5813
-6.99457670410699 0.5812
-6.99449938885865 0.5811
-6.99443525890452 0.581
-6.99436162868219 0.5809
-6.99429499506095 0.5808
-6.99421740465163 0.5807
-6.99413866742438 0.5806
-6.99407352273751 0.5805
-6.99399695506887 0.5804
-6.99394540153549 0.5803
-6.99390829246716 0.5802
-6.99387918162125 0.5801
-6.9938559304536 0.58
-6.9938435685416 0.5799
-6.99387107173667 0.5798
-6.99392993328675 0.5797
-6.99398608747153 0.5796
-6.99407589080277 0.5795
-6.99420992911393 0.5794
-6.99433503278302 0.5793
-6.99449116256243 0.5792
-6.99465208466977 0.5791
-6.99482605369248 0.579
-6.99501046591135 0.5789
-6.99518441200353 0.5788
-6.99537480508934 0.5787
-6.99557371798626 0.5786
-6.99578080521377 0.5785
-6.99597234049226 0.5784
-6.99615677861007 0.5783
-6.99630473993438 0.5782
-6.99644125294255 0.5781
-6.99656142132688 0.578
-6.99666318504078 0.5779
-6.99673636942663 0.5778
-6.996773587824 0.5777
-6.9967785933565 0.5776
-6.996752818637 0.5775
-6.99669168210365 0.5774
-6.99660665223876 0.5773
-6.99649705419517 0.5772
-6.99637839942893 0.5771
-6.99626830430767 0.577
-6.9961425772923 0.5769
-6.99603223412804 0.5768
-6.99592098262847 0.5767
-6.99582370479332 0.5766
-6.99574604344135 0.5765
-6.99568164005177 0.5764
-6.99560883692123 0.5763
-6.99554666904508 0.5762
-6.99550621656243 0.5761
-6.9954854215694 0.576
-6.99548010098033 0.5759
-6.99548102563188 0.5758
-6.99551329784183 0.5757
-6.99554532853269 0.5756
-6.99560287150479 0.5755
-6.99568067007194 0.5754
-6.99575164291708 0.5753
-6.99581497178059 0.5752
-6.9958781218169 0.5751
-6.9959463304344 0.575
-6.99599160236225 0.5749
-6.99603277714617 0.5748
-6.99606223626546 0.5747
-6.99609028647988 0.5746
-6.99611189731407 0.5745
-6.99614418826963 0.5744
-6.99616674993387 0.5743
-6.99620323221184 0.5742
-6.9962458878817 0.5741
-6.99629888496838 0.574
-6.99634772379505 0.5739
-6.99641789845923 0.5738
-6.99649716507122 0.5737
-6.99658610996543 0.5736
-6.99668168820813 0.5735
-6.99678276259917 0.5734
-6.99689487098879 0.5733
-6.9970212671983 0.5732
-6.99715275064358 0.5731
-6.99728877624979 0.573
-6.99741653046638 0.5729
-6.99754389876273 0.5728
-6.99765798555336 0.5727
-6.99778711673527 0.5726
-6.9979046563433 0.5725
-6.99800861649909 0.5724
-6.99810266084058 0.5723
-6.99820710392206 0.5722
-6.99830586038305 0.5721
-6.99840886917791 0.572
-6.99850701918794 0.5719
-6.99859706605542 0.5718
-6.99868964637926 0.5717
-6.99877848670522 0.5716
-6.99884510085533 0.5715
-6.99889747858171 0.5714
-6.998943431099 0.5713
-6.99898082037909 0.5712
-6.99900329963491 0.5711
-6.99901917241648 0.571
-6.99902959301069 0.5709
-6.99902476229286 0.5708
-6.99901180653776 0.5707
-6.99898456731802 0.5706
-6.99894838579576 0.5705
-6.99889321142173 0.5704
-6.99883026760315 0.5703
-6.99879004132227 0.5702
-6.99874333518984 0.5701
-6.9986973991133 0.57
-6.99864597874155 0.5699
-6.99859049546063 0.5698
-6.99852626118911 0.5697
-6.99847250550547 0.5696
-6.99839488591687 0.5695
-6.99830558568205 0.5694
-6.99821853819142 0.5693
-6.99812478588855 0.5692
-6.99802105043384 0.5691
-6.99788476039017 0.569
-6.9977223589041 0.5689
-6.99756628624613 0.5688
-6.99741519965432 0.5687
-6.99727835419723 0.5686
-6.99716640491823 0.5685
-6.99705238258209 0.5684
-6.99692832744098 0.5683
-6.99682725122275 0.5682
-6.99674163251367 0.5681
-6.99667371423912 0.568
-6.99662033372496 0.5679
-6.99657006916553 0.5678
-6.99654846195219 0.5677
-6.99653502421578 0.5676
-6.99654034909049 0.5675
-6.99656012623832 0.5674
-6.99660020337727 0.5673
-6.9966574479614 0.5672
-6.99673528561279 0.5671
-6.9968299483312 0.567
-6.9969404200691 0.5669
-6.99706145858881 0.5668
-6.99718161948914 0.5667
-6.99728674596291 0.5666
-6.99738951720511 0.5665
-6.99748414584097 0.5664
-6.99755676740423 0.5663
-6.99763193973142 0.5662
-6.9977105803854 0.5661
-6.99775989848789 0.566
-6.99780603833491 0.5659
-6.99782638814421 0.5658
-6.99783901161437 0.5657
-6.9978092167857 0.5656
-6.99778168198399 0.5655
-6.9977530064258 0.5654
-6.99771850068348 0.5653
-6.9976626269862 0.5652
-6.99761097120733 0.5651
-6.99754118895197 0.565
-6.99745743991386 0.5649
-6.99737880840518 0.5648
-6.99729686868284 0.5647
-6.99720468266313 0.5646
-6.99709103497757 0.5645
-6.99696688925202 0.5644
-6.99683421736691 0.5643
-6.99668797365601 0.5642
-6.99656147741683 0.5641
-6.99644079584691 0.564
-6.99633073046885 0.5639
-6.99621832701639 0.5638
-6.99610010725153 0.5637
-6.99597920114481 0.5636
-6.99585821968088 0.5635
-6.99573958992682 0.5634
-6.99562419592053 0.5633
-6.99552313175262 0.5632
-6.99542141326642 0.5631
-6.9953329601618 0.563
-6.99526955512037 0.5629
-6.99522934554851 0.5628
-6.99519352691448 0.5627
-6.99517073494513 0.5626
-6.99518264027113 0.5625
-6.99522891702956 0.5624
-6.99528202318302 0.5623
-6.99535161892994 0.5622
-6.99542751230523 0.5621
-6.99554448337133 0.562
-6.99566650504577 0.5619
-6.99579797687209 0.5618
-6.99594830737992 0.5617
-6.99609495003427 0.5616
-6.9962540686859 0.5615
-6.996439056018 0.5614
-6.99662976988271 0.5613
-6.99680939412824 0.5612
-6.99699494259218 0.5611
-6.99716687180211 0.561
-6.99731996915479 0.5609
-6.99748201799735 0.5608
-6.99763595407765 0.5607
-6.99778328764358 0.5606
-6.99790032605759 0.5605
-6.99801687119892 0.5604
-6.9981210386391 0.5603
-6.99819832994044 0.5602
-6.99825234890361 0.5601
-6.99828373872301 0.56
-6.99830210975933 0.5599
-6.99831356067764 0.5598
-6.99827902245816 0.5597
-6.99821175534428 0.5596
-6.99811609972742 0.5595
-6.99802572232408 0.5594
-6.99793156868663 0.5593
-6.99785021408446 0.5592
-6.99775578197646 0.5591
-6.99766980563544 0.559
-6.99758635067205 0.5589
-6.99749054922825 0.5588
-6.99739786803549 0.5587
-6.99732747917361 0.5586
-6.99728295833161 0.5585
-6.99725802439196 0.5584
-6.99724074838122 0.5583
-6.99722962276754 0.5582
-6.99723671674103 0.5581
-6.99727192158576 0.558
-6.99730075112546 0.5579
-6.99732737820084 0.5578
-6.99736592807105 0.5577
-6.99738906318468 0.5576
-6.99739798524695 0.5575
-6.99741275529782 0.5574
-6.99742550129467 0.5573
-6.99743616563158 0.5572
-6.99745236969721 0.5571
-6.99747172815484 0.557
-6.99749604806306 0.5569
-6.99754100913722 0.5568
-6.99759860552402 0.5567
-6.99765163533 0.5566
-6.99771203429465 0.5565
-6.99779105398971 0.5564
-6.99787376905778 0.5563
-6.99797077497951 0.5562
-6.99805735100153 0.5561
-6.99813446279734 0.556
-6.99821077603887 0.5559
-6.9982855470496 0.5558
-6.99833282028533 0.5557
-6.99835613773856 0.5556
-6.99836802087361 0.5555
-6.99835888862302 0.5554
-6.99833128518758 0.5553
-6.99828298744094 0.5552
-6.99820912676449 0.5551
-6.99812710556036 0.555
-6.99803007902184 0.5549
-6.99791879924037 0.5548
-6.99779308777501 0.5547
-6.99767317007452 0.5546
-6.99755908161454 0.5545
-6.99745632961459 0.5544
-6.99736147247612 0.5543
-6.99727851282522 0.5542
-6.99721193789937 0.5541
-6.99715330843663 0.554
-6.99711370712134 0.5539
-6.99708475509842 0.5538
-6.99705568829587 0.5537
-6.99704611029995 0.5536
-6.99706878698584 0.5535
-6.99710846002243 0.5534
-6.99716702322269 0.5533
-6.99722695271241 0.5532
-6.9972976976823 0.5531
-6.99737495124871 0.553
-6.99746090665286 0.5529
-6.99754448716376 0.5528
-6.99761948623777 0.5527
-6.99770413093724 0.5526
-6.99777249615172 0.5525
-6.99784270373411 0.5524
-6.99791828795855 0.5523
-6.99797947459386 0.5522
-6.99802402712427 0.5521
-6.99802813804902 0.552
-6.99801186145327 0.5519
-6.99798785664837 0.5518
-6.99795169556382 0.5517
-6.99791053850419 0.5516
-6.99788628646917 0.5515
-6.99786225775656 0.5514
-6.99782275172302 0.5513
-6.99778783172902 0.5512
-6.99775873551199 0.5511
-6.99771876542307 0.551
-6.99766100740954 0.5509
-6.99760107363426 0.5508
-6.99750634243786 0.5507
-6.99739919603622 0.5506
-6.9972585103533 0.5505
-6.99711256927458 0.5504
-6.99695653300365 0.5503
-6.99680484880023 0.5502
-6.99666049019126 0.5501
-6.99650254476361 0.55
-6.99636953994877 0.5499
-6.996243960747 0.5498
-6.99613454716486 0.5497
-6.99604651988367 0.5496
-6.99597423239684 0.5495
-6.99593545238502 0.5494
-6.99590480367152 0.5493
-6.99589070660119 0.5492
-6.99590762382985 0.5491
-6.99593791120854 0.549
-6.99597229120429 0.5489
-6.99601788328335 0.5488
-6.99605769735619 0.5487
-6.99608566855346 0.5486
-6.99611753705665 0.5485
-6.99614291066199 0.5484
-6.9961812246144 0.5483
-6.99622648266033 0.5482
-6.99626384848738 0.5481
-6.99629190658173 0.548
-6.99631108404313 0.5479
-6.99631650555304 0.5478
-6.99629909908861 0.5477
-6.99627321343813 0.5476
-6.9962375235134 0.5475
-6.99619268970816 0.5474
-6.99616225728697 0.5473
-6.99613968133368 0.5472
-6.99610314200428 0.5471
-6.99607163562999 0.547
-6.99603869129869 0.5469
-6.99604393047779 0.5468
-6.99603782729876 0.5467
-6.9960473924176 0.5466
-6.99604713897406 0.5465
-6.99606363769451 0.5464
-6.9961039115087 0.5463
-6.99615420065518 0.5462
-6.99622639658652 0.5461
-6.99630845338623 0.546
-6.99638183744769 0.5459
-6.99647625383016 0.5458
-6.99657763468396 0.5457
-6.99669230080121 0.5456
-6.99681536863238 0.5455
-6.99694567434513 0.5454
-6.99709803846345 0.5453
-6.99724196666289 0.5452
-6.99738579920021 0.5451
-6.99753313032869 0.545
-6.99769001870395 0.5449
-6.99785748960102 0.5448
-6.99802244757214 0.5447
-6.99820889812201 0.5446
-6.9983968936507 0.5445
-6.99860306731328 0.5444
-6.99881069145405 0.5443
-6.9990018057242 0.5442
-6.99918420629061 0.5441
-6.99935605473836 0.544
-6.99951278779057 0.5439
-6.99966329958118 0.5438
-6.99979517319912 0.5437
-6.99991727011016 0.5436
-7.0000451439789 0.5435
-7.00015909747926 0.5434
-7.00028562392314 0.5433
-7.00040533620759 0.5432
-7.00053041585643 0.5431
-7.00065503030282 0.543
-7.00077704867554 0.5429
-7.00089609474491 0.5428
-7.00099580816232 0.5427
-7.00108623859798 0.5426
-7.00114311029427 0.5425
-7.00118042074701 0.5424
-7.00120472198583 0.5423
-7.00122934765666 0.5422
-7.00124267425405 0.5421
-7.00123692480147 0.542
-7.00121456954884 0.5419
-7.00118219750853 0.5418
-7.00116160960372 0.5417
-7.00112260640824 0.5416
-7.00107451303994 0.5415
-7.00103066077811 0.5414
-7.00099145921972 0.5413
-7.00095075378907 0.5412
-7.00091036889287 0.5411
-7.00086186518349 0.541
-7.00082498462642 0.5409
-7.00076565104277 0.5408
-7.00070915889538 0.5407
-7.00066958176609 0.5406
-7.00063399529421 0.5405
-7.00059517955193 0.5404
-7.00055513802348 0.5403
-7.00050489014974 0.5402
-7.00047236986102 0.5401
-7.00044349480362 0.54
-7.00040752798069 0.5399
-7.00038341730078 0.5398
-7.00035190103017 0.5397
-7.00034338693685 0.5396
-7.00033718852441 0.5395
-7.00034145681347 0.5394
-7.00033641941169 0.5393
-7.00034781047522 0.5392
-7.00035860273953 0.5391
-7.00037189622371 0.539
-7.00038813496647 0.5389
-7.00041151513845 0.5388
-7.00043072645185 0.5387
-7.0004442151119 0.5386
-7.00045178356557 0.5385
-7.00043806937669 0.5384
-7.00041207421473 0.5383
-7.00038434598221 0.5382
-7.00034966908983 0.5381
-7.0003098676732 0.538
-7.00027044223217 0.5379
-7.00023251127478 0.5378
-7.00020094010683 0.5377
-7.00015945433634 0.5376
-7.0001310778206 0.5375
-7.00009750484851 0.5374
-7.00008775682991 0.5373
-7.00008039011614 0.5372
-7.00009715372631 0.5371
-7.0001223586702 0.537
-7.00014234902267 0.5369
-7.00016853545989 0.5368
-7.00022535663855 0.5367
-7.00031272745345 0.5366
-7.00041266081606 0.5365
-7.00053236382713 0.5364
-7.00067063700554 0.5363
-7.00080543005355 0.5362
-7.00095280225346 0.5361
-7.00111952956812 0.536
-7.00129609293787 0.5359
-7.00148970185894 0.5358
-7.00167185782982 0.5357
-7.00184956593985 0.5356
-7.00202181343743 0.5355
-7.00216696299979 0.5354
-7.0023180992359 0.5353
-7.00245229579602 0.5352
-7.0025624742397 0.5351
-7.00265677578821 0.535
-7.00274943877334 0.5349
-7.00282681895924 0.5348
-7.00287794344652 0.5347
-7.00291197201158 0.5346
-7.00293557851665 0.5345
-7.00293363374448 0.5344
-7.00294833735241 0.5343
-7.00297420173158 0.5342
-7.00301155703241 0.5341
-7.0030650477062 0.534
-7.00310537613048 0.5339
-7.00313292326526 0.5338
-7.00317771756233 0.5337
-7.00319613346593 0.5336
-7.00319596517626 0.5335
-7.00317551211712 0.5334
-7.00315187103984 0.5333
-7.00312389916974 0.5332
-7.00308156391639 0.5331
-7.00302857481667 0.533
-7.00296898180936 0.5329
-7.00292544395484 0.5328
-7.00286873439262 0.5327
-7.00279869065861 0.5326
-7.00272364096076 0.5325
-7.00264374822761 0.5324
-7.0025802177703 0.5323
-7.0025154169394 0.5322
-7.00247007711853 0.5321
-7.00244355155103 0.532
-7.00241670134964 0.5319
-7.00240496364424 0.5318
-7.00240721020292 0.5317
-7.00239327577202 0.5316
-7.00240333414299 0.5315
-7.00241512557399 0.5314
-7.00241099963276 0.5313
-7.00241071576918 0.5312
-7.00239510212178 0.5311
-7.0023740244799 0.531
-7.00235264036777 0.5309
-7.00233850166461 0.5308
-7.00232230574595 0.5307
-7.00230829816401 0.5306
-7.00229724138986 0.5305
-7.00229772402315 0.5304
-7.00227728146264 0.5303
-7.00224995209731 0.5302
-7.00221463435755 0.5301
-7.00217918645566 0.53
-7.00214335674143 0.5299
-7.00211232003495 0.5298
-7.00207548978907 0.5297
-7.00202122150044 0.5296
-7.0019733453654 0.5295
-7.00193085546521 0.5294
-7.00189168366465 0.5293
-7.00187194858949 0.5292
-7.0018711973449 0.5291
-7.00186674737834 0.529
-7.00190912567436 0.5289
-7.00197341439656 0.5288
-7.00203033906017 0.5287
-7.00209237168965 0.5286
-7.00217496729852 0.5285
-7.00226713023108 0.5284
-7.00237639446254 0.5283
-7.0024833908874 0.5282
-7.00258694061668 0.5281
-7.00269361208333 0.528
-7.0028105144922 0.5279
-7.00294294610578 0.5278
-7.00307528125222 0.5277
-7.00321756440075 0.5276
-7.00334504273654 0.5275
-7.00346084972713 0.5274
-7.00357101978485 0.5273
-7.00368665336586 0.5272
-7.00379540755984 0.5271
-7.00389115088742 0.527
-7.00396563152562 0.5269
-7.00401097076303 0.5268
-7.004058472106 0.5267
-7.00408677438665 0.5266
-7.00410818501229 0.5265
-7.00413591427439 0.5264
-7.00417958955586 0.5263
-7.00419897021979 0.5262
-7.00419701233778 0.5261
-7.00420007247583 0.526
-7.0041957073461 0.5259
-7.00419644253086 0.5258
-7.00418681748237 0.5257
-7.00416715238294 0.5256
-7.00414292014733 0.5255
-7.00411472436337 0.5254
-7.00407659076603 0.5253
-7.00403231748277 0.5252
-7.00400052582046 0.5251
-7.00399764558451 0.525
-7.00401227410626 0.5249
-7.00402970546299 0.5248
-7.00406832555737 0.5247
-7.00411061207789 0.5246
-7.00415558313646 0.5245
-7.00419499599769 0.5244
-7.00420003333882 0.5243
-7.00419820942079 0.5242
-7.00418219456108 0.5241
-7.00415607034015 0.524
-7.00412065717312 0.5239
-7.00408552811684 0.5238
-7.00404126365457 0.5237
-7.00398435082339 0.5236
-7.00392075163895 0.5235
-7.00384206272608 0.5234
-7.00376333920192 0.5233
-7.00367319173154 0.5232
-7.00359751622296 0.5231
-7.00351942457946 0.523
-7.003425204335 0.5229
-7.00334185466913 0.5228
-7.003255986537 0.5227
-7.00318338651702 0.5226
-7.00312837706575 0.5225
-7.00308820231367 0.5224
-7.0030509930034 0.5223
-7.0030044738753 0.5222
-7.00294836608602 0.5221
-7.00287335773272 0.522
-7.00280020882297 0.5219
-7.00272648360556 0.5218
-7.00265386484707 0.5217
-7.00259742934512 0.5216
-7.00253347054768 0.5215
-7.00248920185656 0.5214
-7.00244097439992 0.5213
-7.00239901165811 0.5212
-7.00234734127257 0.5211
-7.00230496204193 0.521
-7.00225529449572 0.5209
-7.00222202488952 0.5208
-7.00219176238782 0.5207
-7.00216135972233 0.5206
-7.0021057341561 0.5205
-7.00202848684051 0.5204
-7.00193863384079 0.5203
-7.00183561934103 0.5202
-7.00175482742361 0.5201
-7.00168003045522 0.52
-7.00161946555495 0.5199
-7.00155862855042 0.5198
-7.00150022445743 0.5197
-7.00144457245819 0.5196
-7.00140892482441 0.5195
-7.00137145896815 0.5194
-7.00132814805633 0.5193
-7.00127400257157 0.5192
-7.00120944849205 0.5191
-7.00114417467903 0.519
-7.00109882527536 0.5189
-7.0010558906677 0.5188
-7.00100981701775 0.5187
-7.0009846366323 0.5186
-7.00095791250093 0.5185
-7.0009248098215 0.5184
-7.00092026667924 0.5183
-7.00091139508632 0.5182
-7.00091885036024 0.5181
-7.00093398158016 0.518
-7.00097121070188 0.5179
-7.00101396083805 0.5178
-7.00106647412855 0.5177
-7.00114727056343 0.5176
-7.00124048786145 0.5175
-7.00134537264401 0.5174
-7.00145448042895 0.5173
-7.00157190215727 0.5172
-7.00171475552114 0.5171
-7.00187684994531 0.517
-7.0020345112578 0.5169
-7.00217512871888 0.5168
-7.00231472092867 0.5167
-7.00244999104383 0.5166
-7.00258020040973 0.5165
-7.00268915387958 0.5164
-7.00277535965183 0.5163
-7.0028710078291 0.5162
-7.00294025381461 0.5161
-7.00299015725274 0.516
-7.00303439915377 0.5159
-7.0030694141861 0.5158
-7.00310008979541 0.5157
-7.00310796844074 0.5156
-7.00309831208806 0.5155
-7.00309857689295 0.5154
-7.0031093238852 0.5153
-7.0031225474103 0.5152
-7.00313415165039 0.5151
-7.00312807328649 0.515
-7.00312843236339 0.5149
-7.00313232052946 0.5148
-7.0031345637138 0.5147
-7.00312361328272 0.5146
-7.00308900086011 0.5145
-7.00305123492939 0.5144
-7.00301926790114 0.5143
-7.00299411495328 0.5142
-7.00295862312643 0.5141
-7.00291324402014 0.514
-7.00285713066367 0.5139
-7.00281269580553 0.5138
-7.00276337211408 0.5137
-7.00274562578716 0.5136
-7.00272674400384 0.5135
-7.00270223053208 0.5134
-7.00268760272389 0.5133
-7.00267573863386 0.5132
-7.00265651335252 0.5131
-7.00262489959284 0.513
-7.00259510911779 0.5129
-7.00256922964329 0.5128
-7.00252705175851 0.5127
-7.00246688847939 0.5126
-7.00239254780952 0.5125
-7.00231800926249 0.5124
-7.0022560473259 0.5123
-7.00220430679022 0.5122
-7.0021686745552 0.5121
-7.00212995258391 0.512
-7.00210158474513 0.5119
-7.00206444168732 0.5118
-7.00202618942994 0.5117
-7.00198423145772 0.5116
-7.00193810630791 0.5115
-7.00190275804616 0.5114
-7.001882531914 0.5113
-7.00188015619744 0.5112
-7.00190391449562 0.5111
-7.00192660272916 0.511
-7.00196242669539 0.5109
-7.00200175584874 0.5108
-7.00206072641777 0.5107
-7.00212141141827 0.5106
-7.00218646057523 0.5105
-7.00227120288302 0.5104
-7.00235458893975 0.5103
-7.00243596169994 0.5102
-7.00250684946223 0.5101
-7.00256504525586 0.51
-7.00263200679221 0.5099
-7.00268529627806 0.5098
-7.00274041612108 0.5097
-7.00279807410105 0.5096
-7.00285108096519 0.5095
-7.00291608252924 0.5094
-7.00299592261969 0.5093
-7.00307064162306 0.5092
-7.0031462999507 0.5091
-7.00321883853233 0.509
-7.00328641554296 0.5089
-7.00336990486555 0.5088
-7.00348073958244 0.5087
-7.00360278705285 0.5086
-7.00373217366205 0.5085
-7.00385967890928 0.5084
-7.00398531806718 0.5083
-7.0040919160633 0.5082
-7.00417649506976 0.5081
-7.00424840818872 0.508
-7.00430728324258 0.5079
-7.00436727514855 0.5078
-7.00440973008134 0.5077
-7.00444048351098 0.5076
-7.0044187366579 0.5075
-7.00438017094344 0.5074
-7.00433875330159 0.5073
-7.00428626011031 0.5072
-7.00424234297769 0.5071
-7.00418264022309 0.507
-7.00412444567911 0.5069
-7.00405619981209 0.5068
-7.00398265573662 0.5067
-7.00392533401 0.5066
-7.00387732725548 0.5065
-7.00382430510515 0.5064
-7.00376525161983 0.5063
-7.00372329298271 0.5062
-7.00366930067319 0.5061
-7.00362478411888 0.506
-7.00360079137257 0.5059
-7.00359481838718 0.5058
-7.00362781123686 0.5057
-7.00365763957187 0.5056
-7.00370824516451 0.5055
-7.00374653008726 0.5054
-7.00378560362061 0.5053
-7.00382629122794 0.5052
-7.00387873078455 0.5051
-7.00393112728245 0.505
-7.00399284253939 0.5049
-7.00405131054142 0.5048
-7.0041179934566 0.5047
-7.00418698563676 0.5046
-7.0042563812182 0.5045
-7.00433418762094 0.5044
-7.00441429418095 0.5043
-7.00447147416612 0.5042
-7.00452586969754 0.5041
-7.00457773796099 0.504
-7.00460769042241 0.5039
-7.00463845420468 0.5038
-7.00466115249347 0.5037
-7.00468438792686 0.5036
-7.00470445198206 0.5035
-7.00471856376269 0.5034
-7.00471429167256 0.5033
-7.00470138378278 0.5032
-7.00467569440473 0.5031
-7.00463566832835 0.503
-7.0045962240977 0.5029
-7.00453006312194 0.5028
-7.00446818229334 0.5027
-7.00440444189918 0.5026
-7.0043219154546 0.5025
-7.00423328528558 0.5024
-7.00411354200483 0.5023
-7.00401387551942 0.5022
-7.00392003183528 0.5021
-7.00383907460922 0.502
-7.00376607548175 0.5019
-7.00370176358938 0.5018
-7.00365365693047 0.5017
-7.00361566286495 0.5016
-7.00359169957014 0.5015
-7.00357924380587 0.5014
-7.00358812555694 0.5013
-7.00360293074052 0.5012
-7.00363016931604 0.5011
-7.00364423005181 0.501
-7.00367881124609 0.5009
-7.00374103397885 0.5008
-7.00381550269318 0.5007
-7.00391082272293 0.5006
-7.00399194796583 0.5005
-7.00406296360487 0.5004
-7.00412863758025 0.5003
-7.00419117203734 0.5002
-7.00426183825341 0.5001
-7.00431177709021 0.5
-7.00437525399334 0.4999
-7.00444249577896 0.4998
-7.00451946417786 0.4997
-7.00460064572103 0.4996
-7.00466521427463 0.4995
-7.00474603475607 0.4994
-7.0048450137081 0.4993
-7.00494502454349 0.4992
-7.00503200704468 0.4991
-7.00513937797463 0.499
-7.00525860860698 0.4989
-7.00537298337221 0.4988
-7.00548238319336 0.4987
-7.00558551011646 0.4986
-7.00567763636269 0.4985
-7.00574861896646 0.4984
-7.00581770043048 0.4983
-7.00590432183068 0.4982
-7.00596475537987 0.4981
-7.00599877383663 0.498
-7.00600733467052 0.4979
-7.00598350421655 0.4978
-7.00593480146872 0.4977
-7.00587060159275 0.4976
-7.00579180650167 0.4975
-7.00568877571429 0.4974
-7.00559366375211 0.4973
-7.00550876923642 0.4972
-7.0053950541347 0.4971
-7.00527585085661 0.497
-7.0051689448225 0.4969
-7.00506601092173 0.4968
-7.00498232880679 0.4967
-7.00488721534536 0.4966
-7.00478116091389 0.4965
-7.00469441289694 0.4964
-7.00462337547104 0.4963
-7.00458063108005 0.4962
-7.00458049162599 0.4961
-7.00460817564926 0.496
-7.00465324108808 0.4959
-7.0046859583455 0.4958
-7.0047247741427 0.4957
-7.00477175574166 0.4956
-7.00482256120225 0.4955
-7.00486701501648 0.4954
-7.00492476134073 0.4953
-7.00497441177447 0.4952
-7.00501105022278 0.4951
-7.00503387752348 0.495
-7.00506013994343 0.4949
-7.00508587455546 0.4948
-7.00510084769531 0.4947
-7.00508673046753 0.4946
-7.00505985136068 0.4945
-7.00500972948788 0.4944
-7.00495579769792 0.4943
-7.00488446316935 0.4942
-7.00479868171774 0.4941
-7.00471528736113 0.494
-7.00464535552298 0.4939
-7.00457442053725 0.4938
-7.00452301197149 0.4937
-7.00446155969886 0.4936
-7.00441776485942 0.4935
-7.00439536145142 0.4934
-7.00438351884821 0.4933
-7.00439104129695 0.4932
-7.00441254021347 0.4931
-7.00444062059539 0.493
-7.00447131665485 0.4929
-7.00450562928979 0.4928
-7.0045392214838 0.4927
-7.00456161150965 0.4926
-7.00457356812545 0.4925
-7.00459202897156 0.4924
-7.00460694002428 0.4923
-7.00461802366868 0.4922
-7.00462930545587 0.4921
-7.00464725307452 0.492
-7.00466516592385 0.4919
-7.00467434056504 0.4918
-7.00467613405922 0.4917
-7.00467266671728 0.4916
-7.00465143947216 0.4915
-7.00460958663317 0.4914
-7.00455991942895 0.4913
-7.00451111734553 0.4912
-7.0044387472132 0.4911
-7.0043482867826 0.491
-7.00425857236783 0.4909
-7.00418427031219 0.4908
-7.00411008194668 0.4907
-7.00403722218455 0.4906
-7.00394707984653 0.4905
-7.00385553758442 0.4904
-7.00378732451344 0.4903
-7.00372097623633 0.4902
-7.00366778866298 0.4901
-7.00363955427999 0.49
-7.00361720662271 0.4899
-7.00362058976593 0.4898
-7.00362901459537 0.4897
-7.00366062435209 0.4896
-7.00370429742331 0.4895
-7.00375938815636 0.4894
-7.00382607524151 0.4893
-7.00391948365048 0.4892
-7.00402245707897 0.4891
-7.00414196018915 0.489
-7.00426044882457 0.4889
-7.00437845903211 0.4888
-7.00449561161426 0.4887
-7.00462963773898 0.4886
-7.00475821472804 0.4885
-7.00488619804768 0.4884
-7.00499871898364 0.4883
-7.00510797081074 0.4882
-7.00518920441988 0.4881
-7.00527670366983 0.488
-7.00535456720239 0.4879
-7.00543078687232 0.4878
-7.00551023280774 0.4877
-7.00557510799456 0.4876
-7.00562254579759 0.4875
-7.00567259383113 0.4874
-7.00571619147371 0.4873
-7.00578045283358 0.4872
-7.00584054468085 0.4871
-7.00589956728401 0.487
-7.00596776234749 0.4869
-7.00602640962516 0.4868
-7.00609594453327 0.4867
-7.00617880111487 0.4866
-7.00627817504753 0.4865
-7.00639385178201 0.4864
-7.00651505926884 0.4863
-7.00662939802641 0.4862
-7.00675368281645 0.4861
-7.00687571396688 0.486
-7.00700062340281 0.4859
-7.00712468801686 0.4858
-7.00722904014472 0.4857
-7.00732999180527 0.4856
-7.00740654572222 0.4855
-7.00746367859066 0.4854
-7.00749522651295 0.4853
-7.00749681227529 0.4852
-7.00750176485428 0.4851
-7.00747580087894 0.485
-7.00742269104938 0.4849
-7.00734218498912 0.4848
-7.00725344571077 0.4847
-7.00713870782867 0.4846
-7.00700873987313 0.4845
-7.00686681351805 0.4844
-7.00673741093002 0.4843
-7.00659009231509 0.4842
-7.00643281484727 0.4841
-7.00628844989472 0.484
-7.00615597060708 0.4839
-7.00604078736722 0.4838
-7.00595093987239 0.4837
-7.00586135804999 0.4836
-7.00578486131696 0.4835
-7.00572795390056 0.4834
-7.00569640257527 0.4833
-7.00568967638061 0.4832
-7.00569184285528 0.4831
-7.00573007763077 0.483
-7.00577729674651 0.4829
-7.00583997908778 0.4828
-7.00590252204195 0.4827
-7.00598187781633 0.4826
-7.00605896685759 0.4825
-7.00612343716559 0.4824
-7.006176320772 0.4823
-7.00624630242525 0.4822
-7.00633392504634 0.4821
-7.00640837993528 0.482
-7.00650450437776 0.4819
-7.00659928506543 0.4818
-7.00670203468613 0.4817
-7.00678900359415 0.4816
-7.00687826249986 0.4815
-7.0069915959245 0.4814
-7.0070913416847 0.4813
-7.00719860561808 0.4812
-7.00730571902822 0.4811
-7.00739104324842 0.481
-7.00748588721273 0.4809
-7.00756590186096 0.4808
-7.0076324765219 0.4807
-7.00767878130536 0.4806
-7.00770959780248 0.4805
-7.00775087001493 0.4804
-7.00778678157803 0.4803
-7.00783304382313 0.4802
-7.00789774454431 0.4801
-7.00795866105426 0.48
-7.00804014593297 0.4799
-7.00811827962043 0.4798
-7.00819352532788 0.4797
-7.00826700609261 0.4796
-7.00832081777321 0.4795
-7.00837722871572 0.4794
-7.00840769881933 0.4793
-7.00843466381791 0.4792
-7.00846205487762 0.4791
-7.00848250205997 0.479
-7.00852444558874 0.4789
-7.00856274064412 0.4788
-7.00859179373384 0.4787
-7.00861317067072 0.4786
-7.00863226142534 0.4785
-7.00863840322964 0.4784
-7.00865875609532 0.4783
-7.00869137870213 0.4782
-7.0087098192623 0.4781
-7.00872694010212 0.478
-7.0087171732642 0.4779
-7.00870787761571 0.4778
-7.00870514510033 0.4777
-7.0086942200066 0.4776
-7.00869077566297 0.4775
-7.00870339241342 0.4774
-7.00872121786259 0.4773
-7.0087314286749 0.4772
-7.00872443380802 0.4771
-7.00869475558232 0.477
-7.00866730168498 0.4769
-7.0086712329396 0.4768
-7.00868219695315 0.4767
-7.00870510078678 0.4766
-7.00871499473303 0.4765
-7.00874317261042 0.4764
-7.00877883514443 0.4763
-7.00880495147314 0.4762
-7.00882845887675 0.4761
-7.00884428474921 0.476
-7.00884340182616 0.4759
-7.00883539922767 0.4758
-7.00882323561584 0.4757
-7.00882198794455 0.4756
-7.00881844073 0.4755
-7.00881437470562 0.4754
-7.0088090700621 0.4753
-7.00879061494005 0.4752
-7.00876672865173 0.4751
-7.00872460804215 0.475
-7.00867475558786 0.4749
-7.00860880436349 0.4748
-7.00852527016979 0.4747
-7.00845403787994 0.4746
-7.0083892437452 0.4745
-7.00832301783686 0.4744
-7.00826714870932 0.4743
-7.00823105166533 0.4742
-7.00820934272352 0.4741
-7.00818101710614 0.474
-7.00814660470961 0.4739
-7.00813108036363 0.4738
-7.00812097011163 0.4737
-7.00811214502649 0.4736
-7.00812910207874 0.4735
-7.00814514931304 0.4734
-7.00817223143547 0.4733
-7.00821198659869 0.4732
-7.00825868864451 0.4731
-7.00829775866519 0.473
-7.00834038524543 0.4729
-7.00838003726202 0.4728
-7.00843669229114 0.4727
-7.00849829564229 0.4726
-7.00854298242059 0.4725
-7.0085766700556 0.4724
-7.00860921292878 0.4723
-7.00863353374779 0.4722
-7.00864125778541 0.4721
-7.00863774328583 0.472
-7.00862218998505 0.4719
-7.00859091399913 0.4718
-7.00854922852096 0.4717
-7.00849757686887 0.4716
-7.00844087482772 0.4715
-7.00836808806849 0.4714
-7.00827754063464 0.4713
-7.00818901350856 0.4712
-7.00810669062427 0.4711
-7.00803978490331 0.471
-7.00797710809475 0.4709
-7.00792659568483 0.4708
-7.00786653451659 0.4707
-7.00780857178999 0.4706
-7.00776727412488 0.4705
-7.00775611762918 0.4704
-7.007771895688 0.4703
-7.00780194838267 0.4702
-7.00783248768596 0.4701
-7.0078758767741 0.47
-7.00792079767973 0.4699
-7.00796705649385 0.4698
-7.00801913108349 0.4697
-7.00806307156296 0.4696
-7.00810528062076 0.4695
-7.00815963772788 0.4694
-7.00821395747824 0.4693
-7.0082359734876 0.4692
-7.00825740223924 0.4691
-7.00828084476526 0.469
-7.00828873521174 0.4689
-7.00829218810107 0.4688
-7.00831326926298 0.4687
-7.00833353472468 0.4686
-7.00835921911207 0.4685
-7.00837965204549 0.4684
-7.00841976535648 0.4683
-7.0084682524651 0.4682
-7.00850621613904 0.4681
-7.00853975943132 0.468
-7.0085631535164 0.4679
-7.00858392843002 0.4678
-7.00861252185157 0.4677
-7.00863341596157 0.4676
-7.00865880245114 0.4675
-7.00867370609948 0.4674
-7.00868010615695 0.4673
-7.00868078090823 0.4672
-7.00866954560728 0.4671
-7.00864333842637 0.467
-7.00860410888484 0.4669
-7.00855951123614 0.4668
-7.00849200227136 0.4667
-7.00841676825143 0.4666
-7.00833158828036 0.4665
-7.00823788838627 0.4664
-7.0081470232588 0.4663
-7.00803506589677 0.4662
-7.00790581467958 0.4661
-7.0077568985779 0.466
-7.00758000116572 0.4659
-7.00739476289288 0.4658
-7.00719997145784 0.4657
-7.00698630885882 0.4656
-7.0067539232981 0.4655
-7.00654644488161 0.4654
-7.00633717839883 0.4653
-7.00612331848021 0.4652
-7.00593349802574 0.4651
-7.0057644119707 0.465
-7.00560238593318 0.4649
-7.00544719591777 0.4648
-7.00533208953666 0.4647
-7.0052610283644 0.4646
-7.00522865557174 0.4645
-7.00520907335057 0.4644
-7.00520756110073 0.4643
-7.00521012528079 0.4642
-7.00523984328327 0.4641
-7.00526602768589 0.464
-7.0053192378041 0.4639
-7.00538110308385 0.4638
-7.00545827483765 0.4637
-7.00554763339884 0.4636
-7.00567072578489 0.4635
-7.0058097546265 0.4634
-7.00597770840117 0.4633
-7.00616528697456 0.4632
-7.00635402712598 0.4631
-7.00653639666247 0.463
-7.00672477493636 0.4629
-7.00689420308692 0.4628
-7.00705358427212 0.4627
-7.00720848108473 0.4626
-7.00733395404739 0.4625
-7.00744386083276 0.4624
-7.00755585212482 0.4623
-7.00765307973889 0.4622
-7.00773919954363 0.4621
-7.00781650785308 0.462
-7.00788007961401 0.4619
-7.00794871648185 0.4618
-7.00802133339624 0.4617
-7.00807155328098 0.4616
-7.008104491153 0.4615
-7.00812230106285 0.4614
-7.00812526034676 0.4613
-7.00814271846825 0.4612
-7.00814419583285 0.4611
-7.00815141245662 0.461
-7.00816264128076 0.4609
-7.00818474567297 0.4608
-7.00820740837722 0.4607
-7.00822500395561 0.4606
-7.00824943186144 0.4605
-7.0082764593103 0.4604
-7.0082984669044 0.4603
-7.00830736794061 0.4602
-7.00830527585754 0.4601
-7.00828679456214 0.46
-7.00826014038608 0.4599
-7.00821301367963 0.4598
-7.00815721692897 0.4597
-7.00810389185151 0.4596
-7.00804470486467 0.4595
-7.00798571799413 0.4594
-7.00792724399717 0.4593
-7.00786064357978 0.4592
-7.00777422837398 0.4591
-7.00770289778351 0.459
-7.00765440679931 0.4589
-7.00758983893002 0.4588
-7.0075415402725 0.4587
-7.00751787523183 0.4586
-7.00751228757941 0.4585
-7.00754662677726 0.4584
-7.00759915665137 0.4583
-7.00766842294297 0.4582
-7.00773929354805 0.4581
-7.00780683391347 0.458
-7.00787991069508 0.4579
-7.00793820796463 0.4578
-7.00799798891769 0.4577
-7.00805533499727 0.4576
-7.00808070193129 0.4575
-7.0080843351968 0.4574
-7.00808231275338 0.4573
-7.00806631751366 0.4572
-7.00803458581219 0.4571
-7.00797727918591 0.457
-7.00790215311994 0.4569
-7.00780077732013 0.4568
-7.00769505942047 0.4567
-7.00759640184658 0.4566
-7.00747235031327 0.4565
-7.00733010124885 0.4564
-7.00717493531196 0.4563
-7.00703573732702 0.4562
-7.00691009196265 0.4561
-7.00679429323886 0.456
-7.00669505124461 0.4559
-7.00661467947504 0.4558
-7.00657011127506 0.4557
-7.0065391325932 0.4556
-7.00651819189274 0.4555
-7.00651447258744 0.4554
-7.0065050400659 0.4553
-7.00652428532303 0.4552
-7.0065329514546 0.4551
-7.00657270736103 0.455
-7.00661338564053 0.4549
-7.00665956651754 0.4548
-7.00672314697747 0.4547
-7.00681715304999 0.4546
-7.00692038468303 0.4545
-7.00702974631079 0.4544
-7.00716058719792 0.4543
-7.00729300504384 0.4542
-7.00743872524813 0.4541
-7.00758005416182 0.454
-7.00770461407695 0.4539
-7.00782474114003 0.4538
-7.00791281266875 0.4537
-7.00798728275806 0.4536
-7.00805934930689 0.4535
-7.00812635361736 0.4534
-7.00816250357645 0.4533
-7.00818243524888 0.4532
-7.00819630604362 0.4531
-7.00821309620635 0.453
-7.00823291956238 0.4529
-7.00826017137704 0.4528
-7.0082868993395 0.4527
-7.00829664098769 0.4526
-7.00832068687599 0.4525
-7.00834818694105 0.4524
-7.00838222764355 0.4523
-7.00841302686604 0.4522
-7.00845650779379 0.4521
-7.0085058936719 0.452
-7.00856130300755 0.4519
-7.00863797318103 0.4518
-7.00874225780248 0.4517
-7.00885677318256 0.4516
-7.00898347776524 0.4515
-7.00911478458606 0.4514
-7.00923614297877 0.4513
-7.00935524734108 0.4512
-7.00947458190332 0.4511
-7.00957806679294 0.451
-7.00966928448477 0.4509
-7.00976277240839 0.4508
-7.00985390202334 0.4507
-7.00991426250892 0.4506
-7.00995640265382 0.4505
-7.00998466899797 0.4504
-7.01000449836855 0.4503
-7.01004571399109 0.4502
-7.01008551344643 0.4501
-7.01013034331206 0.45
-7.01017636610772 0.4499
-7.01023654941901 0.4498
-7.01030060114235 0.4497
-7.0103567748975 0.4496
-7.01043187042843 0.4495
-7.01052222419474 0.4494
-7.01060207994833 0.4493
-7.01064991078301 0.4492
-7.01067735998592 0.4491
-7.01068564054696 0.449
-7.01068942582618 0.4489
-7.01068772565327 0.4488
-7.01068865196464 0.4487
-7.01070377387268 0.4486
-7.01070096974464 0.4485
-7.01069789627097 0.4484
-7.01064939688774 0.4483
-7.01056763166537 0.4482
-7.01048188451352 0.4481
-7.01040954842183 0.448
-7.01032169350407 0.4479
-7.01023015539604 0.4478
-7.01013119145768 0.4477
-7.0100333768487 0.4476
-7.00992865356871 0.4475
-7.00983279457287 0.4474
-7.00975375772627 0.4473
-7.00968435229607 0.4472
-7.00962138207688 0.4471
-7.00955987302598 0.447
-7.00951227191816 0.4469
-7.00948496323611 0.4468
-7.00946886202301 0.4467
-7.00945828286778 0.4466
-7.00947719975764 0.4465
-7.00950015838716 0.4464
-7.00954969096199 0.4463
-7.00960425969651 0.4462
-7.0096766946431 0.4461
-7.00976003366203 0.446
-7.00985805374923 0.4459
-7.00995862327953 0.4458
-7.01005212981194 0.4457
-7.0101664623844 0.4456
-7.01028751654896 0.4455
-7.01040477703122 0.4454
-7.01052495400282 0.4453
-7.01064149941494 0.4452
-7.01075235603977 0.4451
-7.01084940727798 0.445
-7.01093327008484 0.4449
-7.01099089522656 0.4448
-7.0110112123448 0.4447
-7.01100881420551 0.4446
-7.01096391774353 0.4445
-7.01090002592989 0.4444
-7.01081262711043 0.4443
-7.01069982765611 0.4442
-7.01056875842066 0.4441
-7.01044639601638 0.444
-7.01031918965672 0.4439
-7.01018641472715 0.4438
-7.01004411596479 0.4437
-7.00991510023423 0.4436
-7.00980784507222 0.4435
-7.00970769808768 0.4434
-7.0095988036904 0.4433
-7.00952310915372 0.4432
-7.00947144645013 0.4431
-7.00944609571456 0.443
-7.0094498493899 0.4429
-7.00947520591833 0.4428
-7.00951825706748 0.4427
-7.00957698376866 0.4426
-7.00962019084588 0.4425
-7.00969034301352 0.4424
-7.00976798259436 0.4423
-7.00984934351982 0.4422
-7.00993531977078 0.4421
-7.010023531036 0.442
-7.01011860576262 0.4419
-7.01021806021099 0.4418
-7.01032186947932 0.4417
-7.01043037159453 0.4416
-7.0105299379592 0.4415
-7.01060487816132 0.4414
-7.01066996582997 0.4413
-7.01073924406926 0.4412
-7.01081992680706 0.4411
-7.01089966360136 0.441
-7.01097551626708 0.4409
-7.01103779227056 0.4408
-7.01109908916525 0.4407
-7.01113714456204 0.4406
-7.01115174703084 0.4405
-7.01113329815158 0.4404
-7.01109764639078 0.4403
-7.01104776880909 0.4402
-7.01099640213964 0.4401
-7.01095084825284 0.44
-7.01088043795253 0.4399
-7.01081053852882 0.4398
-7.01073468006184 0.4397
-7.01065241357836 0.4396
-7.01057990838452 0.4395
-7.01053601290925 0.4394
-7.01048497906074 0.4393
-7.01046799379431 0.4392
-7.0104488008976 0.4391
-7.010438504876 0.439
-7.01045366141108 0.4389
-7.01049028279854 0.4388
-7.01054427961914 0.4387
-7.01060682865733 0.4386
-7.01067453758914 0.4385
-7.0107493527799 0.4384
-7.01081723710142 0.4383
-7.01085797158268 0.4382
-7.0108921784792 0.4381
-7.01092350023286 0.438
-7.01096703417538 0.4379
-7.01100658214432 0.4378
-7.01104830973571 0.4377
-7.01106663448697 0.4376
-7.01106891039019 0.4375
-7.01107430539938 0.4374
-7.01105352213167 0.4373
-7.01103392699779 0.4372
-7.01099638524355 0.4371
-7.01093824353114 0.437
-7.01084226487033 0.4369
-7.01072249636461 0.4368
-7.01057997131591 0.4367
-7.0103934878222 0.4366
-7.01017631740744 0.4365
-7.00993866683775 0.4364
-7.00970129942361 0.4363
-7.0094466834914 0.4362
-7.00920005232492 0.4361
-7.00896926596497 0.436
-7.00874934291368 0.4359
-7.0085282158421 0.4358
-7.00832438032799 0.4357
-7.00814082884248 0.4356
-7.00795656073199 0.4355
-7.00778403315099 0.4354
-7.00761691138883 0.4353
-7.00747041219813 0.4352
-7.00734373300404 0.4351
-7.00725333610651 0.435
-7.00718028838396 0.4349
-7.00712882039187 0.4348
-7.00710451048765 0.4347
-7.00709266183349 0.4346
-7.00711473924929 0.4345
-7.0071633511609 0.4344
-7.00721986100427 0.4343
-7.00728502667081 0.4342
-7.00737729808177 0.4341
-7.00746984155608 0.434
-7.0075685200652 0.4339
-7.00765862306407 0.4338
-7.00774712682928 0.4337
-7.00782057331093 0.4336
-7.00788856094706 0.4335
-7.00795356059138 0.4334
-7.00800945072508 0.4333
-7.00806070677462 0.4332
-7.00811348170256 0.4331
-7.00817094612652 0.433
-7.00821109148603 0.4329
-7.00824681518302 0.4328
-7.0082931498205 0.4327
-7.00836278938466 0.4326
-7.00842808145622 0.4325
-7.00851279730548 0.4324
-7.008579677305 0.4323
-7.00864337329326 0.4322
-7.00869441410492 0.4321
-7.00874227533981 0.432
-7.00878201212951 0.4319
-7.0088111212128 0.4318
-7.00884310812327 0.4317
-7.00887778370136 0.4316
-7.0089025817251 0.4315
-7.00894634779686 0.4314
-7.00899996884496 0.4313
-7.00907283968836 0.4312
-7.00914608671577 0.4311
-7.00923830729372 0.431
-7.00932908717074 0.4309
-7.00940882508362 0.4308
-7.00950047833169 0.4307
-7.00959986407154 0.4306
-7.00968455011379 0.4305
-7.00977544051223 0.4304
-7.00984909020181 0.4303
-7.0099156785808 0.4302
-7.00999478758872 0.4301
-7.01006604274956 0.43
-7.01014552679497 0.4299
-7.01022670629622 0.4298
-7.01029518514247 0.4297
-7.01033999672983 0.4296
-7.01036655755823 0.4295
-7.01037864826953 0.4294
-7.01037630324102 0.4293
-7.01036350641651 0.4292
-7.0103528112368 0.4291
-7.0103390678672 0.429
-7.01031453948039 0.4289
-7.01027771335977 0.4288
-7.01024880081757 0.4287
-7.01023441757533 0.4286
-7.01020300885116 0.4285
-7.01016959644764 0.4284
-7.01015001571227 0.4283
-7.01015202458841 0.4282
-7.01016548070115 0.4281
-7.01019690863829 0.428
-7.01021865145116 0.4279
-7.01026594935406 0.4278
-7.01032336790259 0.4277
-7.01041235020049 0.4276
-7.01051378177725 0.4275
-7.01062711248162 0.4274
-7.01074598098902 0.4273
-7.01089232178992 0.4272
-7.01104887749662 0.4271
-7.01120859405696 0.427
-7.01137390125731 0.4269
-7.01155289036022 0.4268
-7.01171578862841 0.4267
-7.01186288251243 0.4266
-7.01198412745532 0.4265
-7.0121024111772 0.4264
-7.0121984361051 0.4263
-7.01228754320432 0.4262
-7.01234918379953 0.4261
-7.01238418205593 0.426
-7.01240862378879 0.4259
-7.01243262027774 0.4258
-7.01242126688703 0.4257
-7.01238976661663 0.4256
-7.01233938425428 0.4255
-7.01229294197697 0.4254
-7.01222526710305 0.4253
-7.01214521033929 0.4252
-7.01203975379186 0.4251
-7.01192063732053 0.425
-7.01179291877178 0.4249
-7.01165413272748 0.4248
-7.01150429764328 0.4247
-7.01134972039745 0.4246
-7.01118898481267 0.4245
-7.0110293027882 0.4244
-7.01086355993606 0.4243
-7.01070501063926 0.4242
-7.01057099781277 0.4241
-7.01043728441883 0.424
-7.01033019036474 0.4239
-7.01024099788774 0.4238
-7.01016357045993 0.4237
-7.01010645669357 0.4236
-7.01004328345173 0.4235
-7.01000326762254 0.4234
-7.00997986617672 0.4233
-7.00997035158516 0.4232
-7.00996277802204 0.4231
-7.00996474569791 0.423
-7.00996915580876 0.4229
-7.00995287017407 0.4228
-7.00992711698541 0.4227
-7.00991939010205 0.4226
-7.00990681029147 0.4225
-7.00988149466572 0.4224
-7.00984071545713 0.4223
-7.0097936925306 0.4222
-7.00973694687504 0.4221
-7.00966724493954 0.422
-7.00959734883268 0.4219
-7.00950614471556 0.4218
-7.00939559974324 0.4217
-7.00927318139913 0.4216
-7.00914516488893 0.4215
-7.00900724534919 0.4214
-7.00884212540707 0.4213
-7.00866833723072 0.4212
-7.00847715700563 0.4211
-7.00829166191044 0.421
-7.00812502645837 0.4209
-7.00796293484461 0.4208
-7.00781769312809 0.4207
-7.00766039011682 0.4206
-7.00752858540561 0.4205
-7.00741327852104 0.4204
-7.00732161048448 0.4203
-7.00725180435804 0.4202
-7.00721399098681 0.4201
-7.00721752909196 0.42
-7.00724542133007 0.4199
-7.00727949390448 0.4198
-7.00733179118038 0.4197
-7.00742401473078 0.4196
-7.00752493794019 0.4195
-7.00764411088941 0.4194
-7.0077847860416 0.4193
-7.00796741180884 0.4192
-7.00815236049495 0.4191
-7.00835459575875 0.419
-7.0085591720039 0.4189
-7.00875830581244 0.4188
-7.00896278021618 0.4187
-7.00915957312076 0.4186
-7.0093700404861 0.4185
-7.00956780381023 0.4184
-7.00973758992394 0.4183
-7.00985714895868 0.4182
-7.00995949913404 0.4181
-7.01005082700136 0.418
-7.01013147516449 0.4179
-7.01018552623814 0.4178
-7.01022340797246 0.4177
-7.01025126177504 0.4176
-7.01026268326576 0.4175
-7.01027269506046 0.4174
-7.0102897293003 0.4173
-7.01031475210269 0.4172
-7.01034332045398 0.4171
-7.01038181111185 0.417
-7.01043619163885 0.4169
-7.0105023427681 0.4168
-7.01057439561541 0.4167
-7.01066011232477 0.4166
-7.01076108504926 0.4165
-7.01086754906584 0.4164
-7.01097374594707 0.4163
-7.01109423462651 0.4162
-7.01122748941557 0.4161
-7.01135529989558 0.416
-7.01148771791573 0.4159
-7.01160619883119 0.4158
-7.01170635073932 0.4157
-7.01180714799717 0.4156
-7.01189500414594 0.4155
-7.0119872283968 0.4154
-7.01206611358986 0.4153
-7.0121449712045 0.4152
-7.01222090259399 0.4151
-7.01226646485135 0.415
-7.01228735247782 0.4149
-7.01228734864141 0.4148
-7.01228288458774 0.4147
-7.01225479781703 0.4146
-7.01220703793329 0.4145
-7.01213727291085 0.4144
-7.01204706331028 0.4143
-7.01194861540975 0.4142
-7.01185134779867 0.4141
-7.01173984550628 0.414
-7.01161875403693 0.4139
-7.01150038236867 0.4138
-7.01137775081725 0.4137
-7.01124602834708 0.4136
-7.0111156947026 0.4135
-7.01101232348904 0.4134
-7.01092158120751 0.4133
-7.01084054810178 0.4132
-7.01077678876489 0.4131
-7.01072541567863 0.413
-7.01067442723169 0.4129
-7.01063999705798 0.4128
-7.01062593696168 0.4127
-7.01061039987949 0.4126
-7.01060409325017 0.4125
-7.01061244328981 0.4124
-7.01063638548582 0.4123
-7.01066126137345 0.4122
-7.0106910081674 0.4121
-7.01074525910669 0.412
-7.01079237138332 0.4119
-7.01084241021359 0.4118
-7.01089524951537 0.4117
-7.01095567154128 0.4116
-7.01103816770816 0.4115
-7.01112693948884 0.4114
-7.01121551344706 0.4113
-7.01130276619595 0.4112
-7.01138464912366 0.4111
-7.01146748292201 0.411
-7.01154362813971 0.4109
-7.01161495984989 0.4108
-7.01167606511574 0.4107
-7.01172361010441 0.4106
-7.01176656093016 0.4105
-7.01179998733665 0.4104
-7.01182705206173 0.4103
-7.01184779750442 0.4102
-7.01186710613555 0.4101
-7.01186706975357 0.41
-7.01184133811208 0.4099
-7.011806821168 0.4098
-7.01175171983249 0.4097
-7.01169818544347 0.4096
-7.0116604265074 0.4095
-7.01162545290293 0.4094
-7.01159434936959 0.4093
-7.01155792864576 0.4092
-7.01152100735263 0.4091
-7.01149704822577 0.409
-7.01147408447603 0.4089
-7.01145793037566 0.4088
-7.01144211287014 0.4087
-7.01142161904375 0.4086
-7.01140942901649 0.4085
-7.01142853626822 0.4084
-7.01146754213438 0.4083
-7.01152347530907 0.4082
-7.01159338219129 0.4081
-7.01167585324862 0.408
-7.01176220050297 0.4079
-7.01185461957499 0.4078
-7.01197934452147 0.4077
-7.01210225078006 0.4076
-7.01223363563041 0.4075
-7.01238603995572 0.4074
-7.01254267883088 0.4073
-7.01269347894815 0.4072
-7.01284861464656 0.4071
-7.01299805560355 0.407
-7.01314935252033 0.4069
-7.0132850796352 0.4068
-7.01342356107107 0.4067
-7.01355343843288 0.4066
-7.01370374171016 0.4065
-7.01385475810859 0.4064
-7.0139878441283 0.4063
-7.01412672593099 0.4062
-7.01426195285817 0.4061
-7.01438343149982 0.406
-7.01448017784943 0.4059
-7.01458046727697 0.4058
-7.0146840602615 0.4057
-7.01478956629854 0.4056
-7.01489453870821 0.4055
-7.01499283556181 0.4054
-7.01507478563743 0.4053
-7.01514557834684 0.4052
-7.01520576886612 0.4051
-7.01527530548457 0.405
-7.01532268205013 0.4049
-7.0153470002372 0.4048
-7.01534752979626 0.4047
-7.01534095394972 0.4046
-7.01532770388019 0.4045
-7.01531663519234 0.4044
-7.01529445376917 0.4043
-7.01527834013288 0.4042
-7.01525800217027 0.4041
-7.01522920151426 0.404
-7.01520751749651 0.4039
-7.01520807309773 0.4038
-7.01520243614351 0.4037
-7.01520310595124 0.4036
-7.01522139127668 0.4035
-7.01525948299036 0.4034
-7.01530169026074 0.4033
-7.01535531063078 0.4032
-7.01543846510092 0.4031
-7.01553119788171 0.403
-7.01561947743854 0.4029
-7.01570949886588 0.4028
-7.01578860425169 0.4027
-7.01585540435889 0.4026
-7.01592269315225 0.4025
-7.01598422841639 0.4024
-7.01602542817551 0.4023
-7.01606909359671 0.4022
-7.0161136360086 0.4021
-7.01615068460267 0.402
-7.0162018645845 0.4019
-7.01625526634359 0.4018
-7.0163046385799 0.4017
-7.0163479301912 0.4016
-7.01638251548836 0.4015
-7.01641704573287 0.4014
-7.01646218860239 0.4013
-7.01650857151439 0.4012
-7.01655211041859 0.4011
-7.01658914086302 0.401
-7.016619794154 0.4009
-7.01665010853314 0.4008
-7.01667668658168 0.4007
-7.01671950940619 0.4006
-7.01674570757631 0.4005
-7.01675682663475 0.4004
-7.01677851498043 0.4003
-7.0168000840468 0.4002
-7.016834985817 0.4001
-7.01687991773929 0.4
-7.01693789147268 0.3999
-7.01699959838645 0.3998
-7.01706872749893 0.3997
-7.01714662283108 0.3996
-7.01722564505371 0.3995
-7.01730614972164 0.3994
-7.01736746362461 0.3993
-7.01744526443151 0.3992
-7.01753297774029 0.3991
-7.01761717376315 0.399
-7.01767815707633 0.3989
-7.01772861495224 0.3988
-7.01776396214048 0.3987
-7.01777790410552 0.3986
-7.01778285658947 0.3985
-7.01777584362569 0.3984
-7.01777322346624 0.3983
-7.01776388176944 0.3982
-7.01774046421943 0.3981
-7.01770604712 0.398
-7.01763520737411 0.3979
-7.01753618090576 0.3978
-7.0174418457755 0.3977
-7.01731670489577 0.3976
-7.01716978272937 0.3975
-7.01699035126827 0.3974
-7.0167934665457 0.3973
-7.01657356471072 0.3972
-7.01634586782629 0.3971
-7.01611154421303 0.397
-7.01587502892888 0.3969
-7.01560948945636 0.3968
-7.01537481896943 0.3967
-7.01514969948857 0.3966
-7.01493470005327 0.3965
-7.0147336221123 0.3964
-7.01454554288993 0.3963
-7.01438646113812 0.3962
-7.01425429177023 0.3961
-7.01413674240479 0.396
-7.01402333345052 0.3959
-7.01393206472653 0.3958
-7.01385394248507 0.3957
-7.01376919467359 0.3956
-7.01367775746909 0.3955
-7.01358379417422 0.3954
-7.01349290227629 0.3953
-7.01342120727343 0.3952
-7.01335840573361 0.3951
-7.0133135858631 0.395
-7.0132915803789 0.3949
-7.01325760674762 0.3948
-7.01323660419074 0.3947
-7.01321695076968 0.3946
-7.01320850779721 0.3945
-7.0132080203388 0.3944
-7.013217417219 0.3943
-7.01323658241972 0.3942
-7.01326050932221 0.3941
-7.0133042759664 0.394
-7.01334208495923 0.3939
-7.01338752504769 0.3938
-7.01342100237327 0.3937
-7.01345246303565 0.3936
-7.01346915326472 0.3935
-7.01348590204166 0.3934
-7.01351709340892 0.3933
-7.01356615273208 0.3932
-7.01363197949465 0.3931
-7.01370254930675 0.393
-7.01379158818977 0.3929
-7.01389324233898 0.3928
-7.0139900830779 0.3927
-7.01409691366248 0.3926
-7.01421409382958 0.3925
-7.01433674219477 0.3924
-7.0144681591768 0.3923
-7.01462783971051 0.3922
-7.01478431906408 0.3921
-7.01495133342294 0.392
-7.01510937588286 0.3919
-7.01526808678983 0.3918
-7.01540910762072 0.3917
-7.01553825485321 0.3916
-7.01563648546423 0.3915
-7.01572646800164 0.3914
-7.01580391699736 0.3913
-7.01586854076056 0.3912
-7.01590470575269 0.3911
-7.01592166202382 0.391
-7.01593120760101 0.3909
-7.015922645409 0.3908
-7.01591017136234 0.3907
-7.0159051566764 0.3906
-7.01590762910153 0.3905
-7.01591181170307 0.3904
-7.01591251231852 0.3903
-7.01592905299935 0.3902
-7.01595605024056 0.3901
-7.01598924468227 0.39
-7.01600928385565 0.3899
-7.01602053677571 0.3898
-7.01602343514894 0.3897
-7.01603044868242 0.3896
-7.01602629472735 0.3895
-7.01601389871787 0.3894
-7.01598390915059 0.3893
-7.01595445767635 0.3892
-7.0159159781256 0.3891
-7.01589076939328 0.389
-7.01585895952185 0.3889
-7.01584483788332 0.3888
-7.01581760938697 0.3887
-7.01580660554377 0.3886
-7.01581017981528 0.3885
-7.01583392264969 0.3884
-7.01585212790826 0.3883
-7.01587103429423 0.3882
-7.01587619896314 0.3881
-7.01592039188471 0.388
-7.0159599104007 0.3879
-7.01600353028651 0.3878
-7.01606251267041 0.3877
-7.01611406042754 0.3876
-7.0161729474631 0.3875
-7.01622988065829 0.3874
-7.01628986181087 0.3873
-7.01635751876384 0.3872
-7.01640781712567 0.3871
-7.01645631995183 0.387
-7.01648763270711 0.3869
-7.01652324541348 0.3868
-7.01654542877 0.3867
-7.01656772743931 0.3866
-7.01657146304862 0.3865
-7.01657793733673 0.3864
-7.01657955305911 0.3863
-7.01658100611186 0.3862
-7.01659135721608 0.3861
-7.01660247181626 0.386
-7.01661493362284 0.3859
-7.01662896936853 0.3858
-7.01662839388374 0.3857
-7.01663799085687 0.3856
-7.01664451200069 0.3855
-7.01666699263593 0.3854
-7.01668806160886 0.3853
-7.01671822498761 0.3852
-7.01676323194333 0.3851
-7.01683613269419 0.385
-7.0169313762884 0.3849
-7.0170095845136 0.3848
-7.01710617515381 0.3847
-7.01719066332413 0.3846
-7.01727997080341 0.3845
-7.01736771980082 0.3844
-7.01746196933833 0.3843
-7.01757546621587 0.3842
-7.01769846241847 0.3841
-7.01781111244714 0.384
-7.01790721662162 0.3839
-7.01799114300615 0.3838
-7.01805036131515 0.3837
-7.01809048860742 0.3836
-7.01813557375513 0.3835
-7.01818620041728 0.3834
-7.01823592865475 0.3833
-7.01828109377927 0.3832
-7.01830541592491 0.3831
-7.01829714698252 0.383
-7.01828163485574 0.3829
-7.01826389260128 0.3828
-7.01823064972463 0.3827
-7.01821175123399 0.3826
-7.01819674456202 0.3825
-7.01820140012282 0.3824
-7.01820337465124 0.3823
-7.01820599623505 0.3822
-7.01820942371178 0.3821
-7.0182405003732 0.382
-7.01827495865 0.3819
-7.0183323581666 0.3818
-7.01840711876725 0.3817
-7.01849336918667 0.3816
-7.01859288200816 0.3815
-7.01868114539778 0.3814
-7.018771155077 0.3813
-7.01886233728059 0.3812
-7.01894354590323 0.3811
-7.01901324742221 0.381
-7.01907329590837 0.3809
-7.01910733232155 0.3808
-7.01911597697598 0.3807
-7.01911440488092 0.3806
-7.01909056268741 0.3805
-7.01904700994833 0.3804
-7.01901733401717 0.3803
-7.01895630790587 0.3802
-7.01887234574409 0.3801
-7.01879263035329 0.38
-7.01869495694378 0.3799
-7.01859464440217 0.3798
-7.0184880438838 0.3797
-7.01837568214491 0.3796
-7.01826115568952 0.3795
-7.01815321043356 0.3794
-7.01804579264777 0.3793
-7.01793407140667 0.3792
-7.01782848603876 0.3791
-7.01772194545512 0.379
-7.01761268629853 0.3789
-7.01751203613135 0.3788
-7.01742395086643 0.3787
-7.01733179478741 0.3786
-7.01726738486906 0.3785
-7.01721346730276 0.3784
-7.01714778969922 0.3783
-7.01709151273141 0.3782
-7.0170367770317 0.3781
-7.01698565838587 0.378
-7.01693784458184 0.3779
-7.01690495957923 0.3778
-7.0168770700384 0.3777
-7.01685104193795 0.3776
-7.01681820458554 0.3775
-7.01677834613315 0.3774
-7.01672551084882 0.3773
-7.01668135052181 0.3772
-7.01663384207977 0.3771
-7.01659841014849 0.377
-7.01656957753267 0.3769
-7.01654343735881 0.3768
-7.01652906194601 0.3767
-7.01651818358416 0.3766
-7.01650836642744 0.3765
-7.01652301848798 0.3764
-7.01656042658421 0.3763
-7.0166091539066 0.3762
-7.01665289464507 0.3761
-7.01671145596912 0.376
-7.01678088813296 0.3759
-7.01683686376405 0.3758
-7.01687128208391 0.3757
-7.01688740936273 0.3756
-7.0169081273545 0.3755
-7.01690207010656 0.3754
-7.01689176833531 0.3753
-7.01689398952498 0.3752
-7.01689785845753 0.3751
-7.0169117268415 0.375
-7.01691792749315 0.3749
-7.01691660113999 0.3748
-7.01691238277933 0.3747
-7.01691314037098 0.3746
-7.01691332786349 0.3745
-7.01693167776908 0.3744
-7.0169727068706 0.3743
-7.01702245709224 0.3742
-7.0170730675514 0.3741
-7.01714730211614 0.374
-7.01722854519493 0.3739
-7.01731788816006 0.3738
-7.01741016755949 0.3737
-7.01749198807349 0.3736
-7.01756404887379 0.3735
-7.01764550866459 0.3734
-7.01771748209666 0.3733
-7.01779647950325 0.3732
-7.01788709584059 0.3731
-7.01798372521652 0.373
-7.0180944889288 0.3729
-7.01820559645579 0.3728
-7.01832523373695 0.3727
-7.01845302443496 0.3726
-7.01857531487406 0.3725
-7.01869876562923 0.3724
-7.01882222671104 0.3723
-7.01892800581099 0.3722
-7.0190399937803 0.3721
-7.01913664088922 0.372
-7.01924117540962 0.3719
-7.01932754107921 0.3718
-7.01939590488197 0.3717
-7.0194467549708 0.3716
-7.01948607169146 0.3715
-7.01951628858192 0.3714
-7.01952212847725 0.3713
-7.01952207974917 0.3712
-7.01952765085634 0.3711
-7.01951825657878 0.371
-7.01949937261681 0.3709
-7.01945447086164 0.3708
-7.01939668515743 0.3707
-7.01933111210198 0.3706
-7.01927627391996 0.3705
-7.0192161106688 0.3704
-7.01915823940305 0.3703
-7.01910477760685 0.3702
-7.0190480969885 0.3701
-7.01899179080454 0.37
-7.01893670152547 0.3699
-7.01887649698965 0.3698
-7.01881320234042 0.3697
-7.01875771091153 0.3696
-7.01869938860267 0.3695
-7.01862878418433 0.3694
-7.0185602472893 0.3693
-7.0184952400664 0.3692
-7.01843118178815 0.3691
-7.01838084658232 0.369
-7.01834972606623 0.3689
-7.01833421083244 0.3688
-7.01831531562443 0.3687
-7.01831507508297 0.3686
-7.01832328883465 0.3685
-7.01834548344942 0.3684
-7.01837675166144 0.3683
-7.01842630998297 0.3682
-7.01850594965198 0.3681
-7.01859545708359 0.368
-7.01868606135428 0.3679
-7.01878529895273 0.3678
-7.0188865809829 0.3677
-7.01897386721801 0.3676
-7.01905674023244 0.3675
-7.01911977871868 0.3674
-7.01917219900224 0.3673
-7.01920502691314 0.3672
-7.01922306390898 0.3671
-7.01924164996612 0.367
-7.01926076853563 0.3669
-7.01929312905221 0.3668
-7.01929573859732 0.3667
-7.01929665346294 0.3666
-7.01930136924 0.3665
-7.01932317494856 0.3664
-7.01935783458993 0.3663
-7.01938846957765 0.3662
-7.0194280182167 0.3661
-7.01947350522227 0.366
-7.01951492975946 0.3659
-7.01956446115775 0.3658
-7.01960218315921 0.3657
-7.01962572464908 0.3656
-7.01964980522277 0.3655
-7.01966013873533 0.3654
-7.01965689309239 0.3653
-7.01965329322023 0.3652
-7.01963315745954 0.3651
-7.01962413864621 0.365
-7.0196067863022 0.3649
-7.01958077485488 0.3648
-7.0195442605 0.3647
-7.01949400555534 0.3646
-7.01943732131153 0.3645
-7.01937200751369 0.3644
-7.01930175103359 0.3643
-7.01922637828328 0.3642
-7.01915436547947 0.3641
-7.01909485245431 0.364
-7.01902138960034 0.3639
-7.01894623807752 0.3638
-7.01885305292606 0.3637
-7.0187442489207 0.3636
-7.01863958664077 0.3635
-7.01853288933734 0.3634
-7.01840344034138 0.3633
-7.01828093396216 0.3632
-7.01814727358583 0.3631
-7.01800274355436 0.363
-7.01787546721897 0.3629
-7.01775690344741 0.3628
-7.01766094244686 0.3627
-7.01759235313272 0.3626
-7.01754254982757 0.3625
-7.01750720359835 0.3624
-7.01749021206246 0.3623
-7.01746737714369 0.3622
-7.01746197081389 0.3621
-7.01746617238904 0.362
-7.0174854395057 0.3619
-7.01750762539076 0.3618
-7.01755005736138 0.3617
-7.01761420944205 0.3616
-7.01769653526436 0.3615
-7.01778688779212 0.3614
-7.01790080623905 0.3613
-7.01802853138197 0.3612
-7.01814369510796 0.3611
-7.01828209630457 0.361
-7.01843046068241 0.3609
-7.0185974093591 0.3608
-7.01876864219833 0.3607
-7.01892992859758 0.3606
-7.01909714314383 0.3605
-7.01928035165593 0.3604
-7.0194568486062 0.3603
-7.01964540033996 0.3602
-7.01980509726598 0.3601
-7.01996160942465 0.36
-7.02011606231531 0.3599
-7.0202737034654 0.3598
-7.02041377282021 0.3597
-7.02055007062126 0.3596
-7.02068159185198 0.3595
-7.02081541282964 0.3594
-7.02094701997711 0.3593
-7.02107575017066 0.3592
-7.02120611524322 0.3591
-7.02133122255601 0.359
-7.02145121333851 0.3589
-7.02154266903723 0.3588
-7.0216144463792 0.3587
-7.02167653242129 0.3586
-7.02172949433433 0.3585
-7.02175355695641 0.3584
-7.02175761143037 0.3583
-7.0217541659269 0.3582
-7.02173014302054 0.3581
-7.02168393071629 0.358
-7.0216219949197 0.3579
-7.0215263264857 0.3578
-7.02142113061807 0.3577
-7.02130713723833 0.3576
-7.02117621077091 0.3575
-7.02103541472518 0.3574
-7.02089831254576 0.3573
-7.02076779333175 0.3572
-7.02062154573786 0.3571
-7.02047154644889 0.357
-7.02031697111669 0.3569
-7.02017485327295 0.3568
-7.02003175387668 0.3567
-7.01989572119036 0.3566
-7.01976862072763 0.3565
-7.01965052177716 0.3564
-7.01953500057659 0.3563
-7.01944432359744 0.3562
-7.01936083240578 0.3561
-7.01928938027158 0.356
-7.01923344801747 0.3559
-7.01919100797156 0.3558
-7.01917588138727 0.3557
-7.01917692435743 0.3556
-7.01918972477735 0.3555
-7.01921776094607 0.3554
-7.01924227134899 0.3553
-7.01928005713416 0.3552
-7.01932774051113 0.3551
-7.01938701462924 0.355
-7.0194467878013 0.3549
-7.01950691157364 0.3548
-7.01957465652208 0.3547
-7.01964474893959 0.3546
-7.01970943356538 0.3545
-7.01975317372517 0.3544
-7.01980452828424 0.3543
-7.01983934880197 0.3542
-7.01986079174894 0.3541
-7.01986703911283 0.354
-7.01986642706353 0.3539
-7.01984240984365 0.3538
-7.01980356336982 0.3537
-7.01976453226774 0.3536
-7.01970351186114 0.3535
-7.01964003086059 0.3534
-7.01955390824257 0.3533
-7.01945373807237 0.3532
-7.01935625016439 0.3531
-7.01927692887016 0.353
-7.01920214992692 0.3529
-7.01914581923559 0.3528
-7.01909498223301 0.3527
-7.01905028568632 0.3526
-7.01901501728494 0.3525
-7.01898117717511 0.3524
-7.01896687869014 0.3523
-7.01895218717972 0.3522
-7.01895799521444 0.3521
-7.01897989619404 0.352
-7.01901085160786 0.3519
-7.01902126556515 0.3518
-7.01903191298872 0.3517
-7.01903627283364 0.3516
-7.01903874767401 0.3515
-7.01903931933948 0.3514
-7.01902483841753 0.3513
-7.01900294576588 0.3512
-7.01897151750957 0.3511
-7.01894540124628 0.351
-7.01892075350736 0.3509
-7.01890871029925 0.3508
-7.01889549471352 0.3507
-7.01887884810252 0.3506
-7.01886665391109 0.3505
-7.01885064809003 0.3504
-7.01884811661658 0.3503
-7.01885592624413 0.3502
-7.01885860704661 0.3501
-7.01886081517633 0.35
-7.01887724741391 0.3499
-7.0188999734345 0.3498
-7.01892810895114 0.3497
-7.01895358784554 0.3496
-7.01898028505138 0.3495
-7.01901169298616 0.3494
-7.01904568140195 0.3493
-7.01909738094726 0.3492
-7.01913113116679 0.3491
-7.01916171178238 0.349
-7.01916793107101 0.3489
-7.01917603870689 0.3488
-7.01916440603067 0.3487
-7.01913208295625 0.3486
-7.01907209116603 0.3485
-7.01900409606811 0.3484
-7.0189045160369 0.3483
-7.01878763757902 0.3482
-7.01866337926869 0.3481
-7.01852561156133 0.348
-7.01838348573077 0.3479
-7.01824366141229 0.3478
-7.01810699513538 0.3477
-7.01796101347987 0.3476
-7.01782424055148 0.3475
-7.01769344950231 0.3474
-7.01758341628507 0.3473
-7.01750583102079 0.3472
-7.01744079275247 0.3471
-7.01739132093556 0.347
-7.01734373898069 0.3469
-7.01731764134545 0.3468
-7.01730883014793 0.3467
-7.01732868180073 0.3466
-7.01736543649913 0.3465
-7.01743754873651 0.3464
-7.01753741566773 0.3463
-7.01764782752169 0.3462
-7.01777219566959 0.3461
-7.01791703987781 0.346
-7.0180541323322 0.3459
-7.01819409408318 0.3458
-7.01833141947383 0.3457
-7.01847492051982 0.3456
-7.01859089061904 0.3455
-7.0186840248892 0.3454
-7.01876623613952 0.3453
-7.01882921758611 0.3452
-7.01886861462741 0.3451
-7.01889572449404 0.345
-7.01891091739954 0.3449
-7.01890200436614 0.3448
-7.01886591141209 0.3447
-7.01882661032498 0.3446
-7.01878211232447 0.3445
-7.01872307177338 0.3444
-7.01864762409692 0.3443
-7.01856513752312 0.3442
-7.0184812825591 0.3441
-7.0184010260628 0.344
-7.01833371030417 0.3439
-7.01827179154317 0.3438
-7.0181960896772 0.3437
-7.01811319865459 0.3436
-7.01802575357316 0.3435
-7.01794008344083 0.3434
-7.01784637565919 0.3433
-7.01776079989456 0.3432
-7.01767790758633 0.3431
-7.01760328185256 0.343
-7.01754768447694 0.3429
-7.01751449300233 0.3428
-7.01751079220333 0.3427
-7.01753021846822 0.3426
-7.01756056759959 0.3425
-7.01761648024388 0.3424
-7.01769006540208 0.3423
-7.01777790001618 0.3422
-7.01787697481404 0.3421
-7.01798970015853 0.342
-7.01809523182538 0.3419
-7.01821262376778 0.3418
-7.01835082174129 0.3417
-7.01850324867386 0.3416
-7.0186471218715 0.3415
-7.01878379628686 0.3414
-7.01891784778994 0.3413
-7.01905579739369 0.3412
-7.01919783034813 0.3411
-7.01934607422223 0.341
-7.0194929946451 0.3409
-7.01964380891919 0.3408
-7.01979204735144 0.3407
-7.01994254659389 0.3406
-7.02008774169509 0.3405
-7.02023412709711 0.3404
-7.02037105840485 0.3403
-7.02049086016688 0.3402
-7.02060219650657 0.3401
-7.02069730739335 0.34
-7.02077010419822 0.3399
-7.02082167389965 0.3398
-7.02083841792036 0.3397
-7.0208524539696 0.3396
-7.02084402251221 0.3395
-7.02082648502826 0.3394
-7.02078410486249 0.3393
-7.02073965325827 0.3392
-7.02067524828284 0.3391
-7.02060813490832 0.339
-7.02051856993196 0.3389
-7.0203959287117 0.3388
-7.0202715755304 0.3387
-7.02016064267259 0.3386
-7.02004667095757 0.3385
-7.01994709188282 0.3384
-7.01983775540171 0.3383
-7.0197108910893 0.3382
-7.01959535442253 0.3381
-7.01947372586132 0.338
-7.01935206780241 0.3379
-7.01926638298981 0.3378
-7.01918335216704 0.3377
-7.01911662887375 0.3376
-7.0190691354198 0.3375
-7.01903004379399 0.3374
-7.0189780659077 0.3373
-7.0189423886894 0.3372
-7.01892163395376 0.3371
-7.01889864946616 0.337
-7.0188762721797 0.3369
-7.01887294863378 0.3368
-7.01887868600306 0.3367
-7.01891087545494 0.3366
-7.01894007176177 0.3365
-7.01898599279287 0.3364
-7.01903089311713 0.3363
-7.01909119280944 0.3362
-7.01914316611634 0.3361
-7.01919692171824 0.336
-7.01923892300122 0.3359
-7.01926860287103 0.3358
-7.01927870293737 0.3357
-7.01927937435603 0.3356
-7.01927434951435 0.3355
-7.0192854196182 0.3354
-7.01931525204354 0.3353
-7.01935442924112 0.3352
-7.01939096168277 0.3351
-7.01944526274042 0.335
-7.01949714612504 0.3349
-7.01956013028899 0.3348
-7.01963166335375 0.3347
-7.01971993901778 0.3346
-7.01979866787011 0.3345
-7.01986530824149 0.3344
-7.01993555330773 0.3343
-7.02000620026248 0.3342
-7.02008851927556 0.3341
-7.0201828927277 0.334
-7.02028432314816 0.3339
-7.0203839215283 0.3338
-7.02047793297125 0.3337
-7.02056764867389 0.3336
-7.02063514627055 0.3335
-7.02070778609165 0.3334
-7.02076713598488 0.3333
-7.02083627918841 0.3332
-7.02090427230434 0.3331
-7.02096044278656 0.333
-7.02100570067435 0.3329
-7.02103378422778 0.3328
-7.02104806817723 0.3327
-7.021063611487 0.3326
-7.02106355862367 0.3325
-7.0210600634858 0.3324
-7.02105499475613 0.3323
-7.02105944924661 0.3322
-7.02105674982958 0.3321
-7.02106356967242 0.332
-7.02105360120484 0.3319
-7.02102520758945 0.3318
-7.02098881294613 0.3317
-7.02095788104945 0.3316
-7.02095381393738 0.3315
-7.02096148075722 0.3314
-7.02096342870835 0.3313
-7.02097145797693 0.3312
-7.02097515285909 0.3311
-7.0209841861115 0.331
-7.02099726149592 0.3309
-7.02102046337639 0.3308
-7.0210559744012 0.3307
-7.02108881795823 0.3306
-7.02110268799791 0.3305
-7.02110685991236 0.3304
-7.02110795466053 0.3303
-7.0211003243499 0.3302
-7.02108274177817 0.3301
-7.02105168729304 0.33
-7.02100815549356 0.3299
-7.02095064271807 0.3298
-7.02087887226532 0.3297
-7.02080275881166 0.3296
-7.02073517201182 0.3295
-7.02065564672036 0.3294
-7.02058106530952 0.3293
-7.02049657868102 0.3292
-7.02040490346661 0.3291
-7.02031613611889 0.329
-7.02022801138806 0.3289
-7.02014814558287 0.3288
-7.02008391488278 0.3287
-7.02005881814076 0.3286
-7.02003389269631 0.3285
-7.02003576589614 0.3284
-7.02004824475419 0.3283
-7.02006797822232 0.3282
-7.02007275619751 0.3281
-7.02007630748044 0.328
-7.02010782002545 0.3279
-7.0201430681965 0.3278
-7.02020397877139 0.3277
-7.0202721498275 0.3276
-7.02034937434505 0.3275
-7.02045612807988 0.3274
-7.02055622936339 0.3273
-7.02066642055686 0.3272
-7.02077465438027 0.3271
-7.02089861948946 0.327
-7.02102815893949 0.3269
-7.02116243503635 0.3268
-7.02130466680344 0.3267
-7.02145162082993 0.3266
-7.0215902302879 0.3265
-7.02171568651126 0.3264
-7.02183116303893 0.3263
-7.02192565717319 0.3262
-7.02199448557669 0.3261
-7.02206042597044 0.326
-7.02210254524216 0.3259
-7.02212456752728 0.3258
-7.02213782150649 0.3257
-7.02213939847283 0.3256
-7.02215372323432 0.3255
-7.02218361721923 0.3254
-7.022220790554 0.3253
-7.02225662082714 0.3252
-7.02229835855046 0.3251
-7.02233341777899 0.325
-7.02237089767012 0.3249
-7.02240581969203 0.3248
-7.0224392286309 0.3247
-7.02249241482844 0.3246
-7.02254802735621 0.3245
-7.02261187880097 0.3244
-7.02268094541829 0.3243
-7.02275219017396 0.3242
-7.02282657528053 0.3241
-7.02290483969432 0.324
-7.02298227741307 0.3239
-7.02305752336065 0.3238
-7.02312709439585 0.3237
-7.02319249578483 0.3236
-7.02324739776163 0.3235
-7.02330333331599 0.3234
-7.023359085573 0.3233
-7.02340605840139 0.3232
-7.02345088942829 0.3231
-7.02348080167631 0.323
-7.023496744512 0.3229
-7.02349870724339 0.3228
-7.02347926167676 0.3227
-7.02343581041893 0.3226
-7.02338423896405 0.3225
-7.02335088869911 0.3224
-7.02331237333845 0.3223
-7.02327276754351 0.3222
-7.02323353738788 0.3221
-7.02320655506147 0.322
-7.02318001315968 0.3219
-7.02313973666824 0.3218
-7.02310693395077 0.3217
-7.02307577212718 0.3216
-7.02305056171086 0.3215
-7.02301943119435 0.3214
-7.02298388430625 0.3213
-7.02295224346781 0.3212
-7.02293450029343 0.3211
-7.02290165822061 0.321
-7.02286814667656 0.3209
-7.02282772650924 0.3208
-7.02279014873205 0.3207
-7.0227467725728 0.3206
-7.02271040397241 0.3205
-7.02267429160052 0.3204
-7.02263348999175 0.3203
-7.02260161764847 0.3202
-7.02257543871492 0.3201
-7.02254984310417 0.32
-7.02255065979536 0.3199
-7.02256740373715 0.3198
-7.0225652518996 0.3197
-7.02256093710348 0.3196
-7.0225729628266 0.3195
-7.02260104003205 0.3194
-7.0226541050783 0.3193
-7.02270348102792 0.3192
-7.0227453561663 0.3191
-7.02277678568211 0.319
-7.02282600883009 0.3189
-7.02286555325037 0.3188
-7.02290974272723 0.3187
-7.02296981436932 0.3186
-7.02302827906247 0.3185
-7.0231098429507 0.3184
-7.02320593542513 0.3183
-7.02330897426091 0.3182
-7.02341125777446 0.3181
-7.02350977455713 0.318
-7.02361148300934 0.3179
-7.02372500623956 0.3178
-7.02384919741912 0.3177
-7.02396297086073 0.3176
-7.02406919217121 0.3175
-7.0241510191212 0.3174
-7.02422589054434 0.3173
-7.02427827417656 0.3172
-7.02432100982851 0.3171
-7.02436231876003 0.317
-7.02439394519526 0.3169
-7.02442037698431 0.3168
-7.02443372571953 0.3167
-7.02443394996044 0.3166
-7.02440694625498 0.3165
-7.0243703662869 0.3164
-7.02433606688659 0.3163
-7.02430815219061 0.3162
-7.02428031539285 0.3161
-7.02425000280124 0.316
-7.0242254962146 0.3159
-7.02419627292892 0.3158
-7.02416173908756 0.3157
-7.02413648426308 0.3156
-7.02411878094132 0.3155
-7.02410749582147 0.3154
-7.02408790612655 0.3153
-7.02407590255194 0.3152
-7.02407949285717 0.3151
-7.02409038878751 0.315
-7.02412184246021 0.3149
-7.02417821687679 0.3148
-7.02425774366009 0.3147
-7.02432797162156 0.3146
-7.02441667172109 0.3145
-7.02449689233893 0.3144
-7.02458977103288 0.3143
-7.02466199437922 0.3142
-7.02472102517386 0.3141
-7.02476748601502 0.314
-7.02481033134681 0.3139
-7.02485033433338 0.3138
-7.02487938136642 0.3137
-7.02490865973614 0.3136
-7.02493596514496 0.3135
-7.02495240248247 0.3134
-7.02495661576967 0.3133
-7.02494355537384 0.3132
-7.02491341609088 0.3131
-7.02489030696454 0.313
-7.02486311190293 0.3129
-7.02483569017842 0.3128
-7.02481002897372 0.3127
-7.02479148842806 0.3126
-7.0247863765082 0.3125
-7.02477757627164 0.3124
-7.0247549319387 0.3123
-7.02472687515733 0.3122
-7.02469912665077 0.3121
-7.02466096167154 0.312
-7.02459830703284 0.3119
-7.02454278199712 0.3118
-7.02447433892471 0.3117
-7.02439869699838 0.3116
-7.02431197472885 0.3115
-7.02423881489007 0.3114
-7.02415824762526 0.3113
-7.02408833979069 0.3112
-7.02402116390093 0.3111
-7.02396153905496 0.311
-7.02392187045386 0.3109
-7.02389196748684 0.3108
-7.02387093248879 0.3107
-7.0238389120111 0.3106
-7.02381085250132 0.3105
-7.02379327408106 0.3104
-7.02378672296954 0.3103
-7.02378603552153 0.3102
-7.02377916983334 0.3101
-7.02376258934537 0.31
-7.02375827358439 0.3099
-7.02373571310261 0.3098
-7.02370519566583 0.3097
-7.0236507414128 0.3096
-7.02358598646584 0.3095
-7.02350510545866 0.3094
-7.02343021549314 0.3093
-7.02335394802919 0.3092
-7.02327280797375 0.3091
-7.02318135526524 0.309
-7.02309616609012 0.3089
-7.02303044224551 0.3088
-7.02297099021576 0.3087
-7.02291338153205 0.3086
-7.02287297115385 0.3085
-7.02283699481324 0.3084
-7.02280818025367 0.3083
-7.02280167497556 0.3082
-7.02278253294578 0.3081
-7.02277132560724 0.308
-7.02276508980235 0.3079
-7.0227611858101 0.3078
-7.02276236069572 0.3077
-7.0227932196735 0.3076
-7.02282412530763 0.3075
-7.02285795606654 0.3074
-7.0228914225734 0.3073
-7.02294137310216 0.3072
-7.02298681248546 0.3071
-7.0230556388396 0.307
-7.02312190599519 0.3069
-7.02320098645263 0.3068
-7.02330133724192 0.3067
-7.02341396574107 0.3066
-7.02351493687324 0.3065
-7.02361429847304 0.3064
-7.02370230333892 0.3063
-7.02377536961923 0.3062
-7.0238375607895 0.3061
-7.02388911896862 0.306
-7.02392812429567 0.3059
-7.02395489843592 0.3058
-7.02399002545246 0.3057
-7.02400620433109 0.3056
-7.02403170351286 0.3055
-7.02406129781477 0.3054
-7.02408983700859 0.3053
-7.02412655608612 0.3052
-7.02416155522438 0.3051
-7.02418760108111 0.305
-7.02420709539541 0.3049
-7.02421529267284 0.3048
-7.02420543664838 0.3047
-7.02419513298565 0.3046
-7.02419589673227 0.3045
-7.02419247485657 0.3044
-7.02419011229484 0.3043
-7.02417509895962 0.3042
-7.02415655078636 0.3041
-7.02413526320831 0.304
-7.02411477805858 0.3039
-7.02408604980269 0.3038
-7.02404632836259 0.3037
-7.02401483241332 0.3036
-7.0239947250183 0.3035
-7.0239839415545 0.3034
-7.0239879670812 0.3033
-7.02399554416461 0.3032
-7.02399623833152 0.3031
-7.02400701834808 0.303
-7.02402069244572 0.3029
-7.02403591562631 0.3028
-7.02406308748452 0.3027
-7.02409991224635 0.3026
-7.0241604875248 0.3025
-7.02423308130381 0.3024
-7.02429520532813 0.3023
-7.02437889258075 0.3022
-7.02446672006762 0.3021
-7.02456189320765 0.302
-7.02464438323676 0.3019
-7.02470071733961 0.3018
-7.02474192388773 0.3017
-7.02476302342965 0.3016
-7.02480586660399 0.3015
-7.02485252231203 0.3014
-7.0248938427277 0.3013
-7.02491941055849 0.3012
-7.02494033005097 0.3011
-7.02498495948891 0.301
-7.02502583704601 0.3009
-7.02507115972 0.3008
-7.02512932551086 0.3007
-7.02519548639051 0.3006
-7.02526989393096 0.3005
-7.02533408660027 0.3004
-7.02539753750562 0.3003
-7.02547662002356 0.3002
-7.02553886698353 0.3001
-7.0256033911655 0.3
-7.02566911208003 0.2999
-7.02573123403524 0.2998
-7.0257966429344 0.2997
-7.02585363947641 0.2996
-7.02591601043188 0.2995
-7.0259619903863 0.2994
-7.0259884619575 0.2993
-7.02599557133562 0.2992
-7.02598390265873 0.2991
-7.02596012293945 0.299
-7.02591805370145 0.2989
-7.02586359791599 0.2988
-7.02579889705974 0.2987
-7.02572425970725 0.2986
-7.02563026467687 0.2985
-7.02553112564395 0.2984
-7.02544217200088 0.2983
-7.02534428905914 0.2982
-7.02524722699856 0.2981
-7.02516569716641 0.298
-7.02510584665148 0.2979
-7.0250547941074 0.2978
-7.02500958025302 0.2977
-7.02498113886161 0.2976
-7.02497209981494 0.2975
-7.02496569361327 0.2974
-7.02496339520372 0.2973
-7.02494917855094 0.2972
-7.02492817673651 0.2971
-7.02489623700485 0.297
-7.02484689836997 0.2969
-7.02479400510623 0.2968
-7.02473090540856 0.2967
-7.02466079145505 0.2966
-7.02460108904644 0.2965
-7.02453265751674 0.2964
-7.02447856864322 0.2963
-7.02442402260052 0.2962
-7.02437495773943 0.2961
-7.02433704984965 0.296
-7.02431085349455 0.2959
-7.02428290785589 0.2958
-7.02427407313152 0.2957
-7.02427412585217 0.2956
-7.02427281895881 0.2955
-7.02426613636694 0.2954
-7.02427692141199 0.2953
-7.0242934818833 0.2952
-7.02430962198847 0.2951
-7.02431747328524 0.295
-7.02433226898744 0.2949
-7.02434973399556 0.2948
-7.02436493968442 0.2947
-7.02437795916751 0.2946
-7.02437765750846 0.2945
-7.02437436015231 0.2944
-7.02436734954153 0.2943
-7.02436325388086 0.2942
-7.02435234223605 0.2941
-7.02433277035451 0.294
-7.02432524531432 0.2939
-7.0243306687737 0.2938
-7.02435620346316 0.2937
-7.02438291395876 0.2936
-7.02441441862841 0.2935
-7.02445876810391 0.2934
-7.02449130306634 0.2933
-7.02451446575067 0.2932
-7.02452439888563 0.2931
-7.024536666515 0.293
-7.0245556291017 0.2929
-7.0245674987044 0.2928
-7.02458866080667 0.2927
-7.02461504893119 0.2926
-7.02463272442812 0.2925
-7.02466301851224 0.2924
-7.02469994624734 0.2923
-7.02476789769334 0.2922
-7.02483523107418 0.2921
-7.02492388615315 0.292
-7.02498444842267 0.2919
-7.02504111153394 0.2918
-7.02509419261122 0.2917
-7.02514520958394 0.2916
-7.02517857300768 0.2915
-7.02520486350988 0.2914
-7.02522301546131 0.2913
-7.02523759949008 0.2912
-7.0252518301411 0.2911
-7.02526611146191 0.291
-7.02526310628188 0.2909
-7.02525322459934 0.2908
-7.02525329700514 0.2907
-7.02522466215557 0.2906
-7.02517173549361 0.2905
-7.02512485281632 0.2904
-7.02506798647362 0.2903
-7.02501589387387 0.2902
-7.02498093869396 0.2901
-7.02494227670443 0.29
-7.02489591075721 0.2899
-7.02484015725802 0.2898
-7.02478788843536 0.2897
-7.0247290831787 0.2896
-7.02466066837349 0.2895
-7.02457825871599 0.2894
-7.02451254199442 0.2893
-7.0244550192729 0.2892
-7.02437470759143 0.2891
-7.02429265851283 0.289
-7.02421388084006 0.2889
-7.0241320645886 0.2888
-7.0240603997944 0.2887
-7.02400783752509 0.2886
-7.02395096621631 0.2885
-7.02391030551705 0.2884
-7.02388418760838 0.2883
-7.02387206601824 0.2882
-7.02385066441295 0.2881
-7.02382217208718 0.288
-7.02380393820763 0.2879
-7.02378271567762 0.2878
-7.02377888120889 0.2877
-7.02376010908449 0.2876
-7.02374777022445 0.2875
-7.02373654938397 0.2874
-7.02372734673135 0.2873
-7.02372507045448 0.2872
-7.02371376290333 0.2871
-7.02370853525886 0.287
-7.02371101338058 0.2869
-7.023708767437 0.2868
-7.02369516953018 0.2867
-7.02368237001064 0.2866
-7.02366318748495 0.2865
-7.02366183191599 0.2864
-7.02366456162353 0.2863
-7.02366636445248 0.2862
-7.02368063685775 0.2861
-7.02371829357619 0.286
-7.02377270174684 0.2859
-7.0238407583135 0.2858
-7.02391406008145 0.2857
-7.02399557746982 0.2856
-7.024066765199 0.2855
-7.02414243599346 0.2854
-7.02421889898653 0.2853
-7.02430234599948 0.2852
-7.02438300335337 0.2851
-7.02444577940837 0.285
-7.02450483664117 0.2849
-7.02454941798872 0.2848
-7.02457414682568 0.2847
-7.02460086488616 0.2846
-7.02462304933483 0.2845
-7.0246421606992 0.2844
-7.0246479073632 0.2843
-7.02465619509055 0.2842
-7.02467008156193 0.2841
-7.02467338310536 0.284
-7.02467556192666 0.2839
-7.02466185898369 0.2838
-7.02463983094075 0.2837
-7.02460681482059 0.2836
-7.02458438665685 0.2835
-7.02454986242006 0.2834
-7.02452059228846 0.2833
-7.02448465111842 0.2832
-7.02447331761493 0.2831
-7.02447569064216 0.283
-7.02448266124575 0.2829
-7.02448982402916 0.2828
-7.02448598168505 0.2827
-7.02449730857111 0.2826
-7.0245026204977 0.2825
-7.02451428148646 0.2824
-7.02455046176227 0.2823
-7.02459074327075 0.2822
-7.02464122028788 0.2821
-7.02467199907388 0.282
-7.02469803551866 0.2819
-7.02473402452768 0.2818
-7.02478945108132 0.2817
-7.02485354014017 0.2816
-7.02491856734764 0.2815
-7.02496885039998 0.2814
-7.02502172805201 0.2813
-7.02505411962304 0.2812
-7.02509599786878 0.2811
-7.02514906271763 0.281
-7.02520087560101 0.2809
-7.02525983452564 0.2808
-7.02532433702823 0.2807
-7.0254060166786 0.2806
-7.02551056356322 0.2805
-7.02560644585636 0.2804
-7.02569127640919 0.2803
-7.02578003833151 0.2802
-7.02586838229361 0.2801
-7.0259536749147 0.28
-7.02604763820981 0.2799
-7.02614786767493 0.2798
-7.02625759103491 0.2797
-7.0263724528922 0.2796
-7.02650033519126 0.2795
-7.02661770953559 0.2794
-7.02673712921028 0.2793
-7.02687041155279 0.2792
-7.02701159064488 0.2791
-7.02714011531273 0.279
-7.02726216984508 0.2789
-7.02737264521142 0.2788
-7.02747871568756 0.2787
-7.02758802616247 0.2786
-7.02769987012997 0.2785
-7.02782208255617 0.2784
-7.0279241921663 0.2783
-7.02799723581562 0.2782
-7.02805502185649 0.2781
-7.02807637972356 0.278
-7.02806561665955 0.2779
-7.0280366301453 0.2778
-7.02799107210733 0.2777
-7.02793062845617 0.2776
-7.02787399564446 0.2775
-7.0278082720442 0.2774
-7.02773656117738 0.2773
-7.0276710708651 0.2772
-7.02762345142323 0.2771
-7.0275747283846 0.277
-7.02753581065106 0.2769
-7.02749676653575 0.2768
-7.02747108130204 0.2767
-7.02745162161677 0.2766
-7.02745744102702 0.2765
-7.02746601102641 0.2764
-7.02746969025655 0.2763
-7.02748026000693 0.2762
-7.02749767862696 0.2761
-7.0275190120603 0.276
-7.02755060411214 0.2759
-7.02757870168307 0.2758
-7.02760372186249 0.2757
-7.0276242425615 0.2756
-7.02764024576803 0.2755
-7.02763860614134 0.2754
-7.02763276210098 0.2753
-7.02762127429015 0.2752
-7.0276095483964 0.2751
-7.02759990337945 0.275
-7.02757951252808 0.2749
-7.02754850996447 0.2748
-7.02750904645024 0.2747
-7.02743621918494 0.2746
-7.02734687260093 0.2745
-7.02725707128648 0.2744
-7.02716545410875 0.2743
-7.02706031838529 0.2742
-7.02693530054434 0.2741
-7.0268281360062 0.274
-7.02673704197521 0.2739
-7.02663223520388 0.2738
-7.02652672460729 0.2737
-7.02642451232466 0.2736
-7.02634429980192 0.2735
-7.02625819881747 0.2734
-7.02619451214397 0.2733
-7.02615428842935 0.2732
-7.0261306333951 0.2731
-7.0261464638859 0.273
-7.02618418713157 0.2729
-7.02623516519152 0.2728
-7.02631230232736 0.2727
-7.02641587412022 0.2726
-7.02653396147262 0.2725
-7.02666286301194 0.2724
-7.02678255442018 0.2723
-7.02690863326005 0.2722
-7.02704384945802 0.2721
-7.02717479264405 0.272
-7.02728721998309 0.2719
-7.02741117002846 0.2718
-7.02753493682002 0.2717
-7.02766178326038 0.2716
-7.02778150002275 0.2715
-7.02789205729501 0.2714
-7.02800976604244 0.2713
-7.02813083746897 0.2712
-7.02822537275588 0.2711
-7.02829191522622 0.271
-7.02835696606747 0.2709
-7.02841744310272 0.2708
-7.02847309839672 0.2707
-7.0285195763765 0.2706
-7.02857186909147 0.2705
-7.02861863517574 0.2704
-7.02864816344796 0.2703
-7.02867159086036 0.2702
-7.02870323280626 0.2701
-7.02873443504997 0.27
-7.02877994762283 0.2699
-7.02881295506278 0.2698
-7.02885009900468 0.2697
-7.0288776602034 0.2696
-7.02887841295765 0.2695
-7.02887535701405 0.2694
-7.02884696464509 0.2693
-7.02880156296322 0.2692
-7.02876261536508 0.2691
-7.02871820971052 0.269
-7.02867549328982 0.2689
-7.02862958854437 0.2688
-7.02857063654211 0.2687
-7.02851230016602 0.2686
-7.02844270545031 0.2685
-7.02838940794489 0.2684
-7.02832043760456 0.2683
-7.02825390361706 0.2682
-7.02820257375624 0.2681
-7.02816455931041 0.268
-7.02813837046437 0.2679
-7.02811592744911 0.2678
-7.02808550269266 0.2677
-7.02805267074526 0.2676
-7.02801524047712 0.2675
-7.02798955725407 0.2674
-7.02795866927105 0.2673
-7.02791154046385 0.2672
-7.02787130286762 0.2671
-7.02783210015884 0.267
-7.02778632965399 0.2669
-7.0277508515015 0.2668
-7.02772346044372 0.2667
-7.02768831674004 0.2666
-7.02764809386472 0.2665
-7.0276274670403 0.2664
-7.02760182394558 0.2663
-7.02759517233167 0.2662
-7.02759727211495 0.2661
-7.0275976811803 0.266
-7.02759203276463 0.2659
-7.02761010536452 0.2658
-7.02764071093154 0.2657
-7.02769025435498 0.2656
-7.02777277693999 0.2655
-7.02786368092488 0.2654
-7.02797026057853 0.2653
-7.02807455524117 0.2652
-7.02817611702648 0.2651
-7.0282746668775 0.265
-7.02838069944732 0.2649
-7.02847694064448 0.2648
-7.02856577600156 0.2647
-7.02864994146158 0.2646
-7.02873606782991 0.2645
-7.02881175380546 0.2644
-7.02886406412192 0.2643
-7.0289091525462 0.2642
-7.02893610806546 0.2641
-7.02894262316533 0.264
-7.02894926670602 0.2639
-7.02893899481221 0.2638
-7.02889845541176 0.2637
-7.02883537472328 0.2636
-7.02875223059281 0.2635
-7.0286543757206 0.2634
-7.02854200517263 0.2633
-7.02842828992553 0.2632
-7.02831523180091 0.2631
-7.02819815759738 0.263
-7.02807558730065 0.2629
-7.02796017775419 0.2628
-7.02782730922798 0.2627
-7.02768457600864 0.2626
-7.02752633826194 0.2625
-7.02737071533816 0.2624
-7.02722312071849 0.2623
-7.02709024441715 0.2622
-7.02696737817278 0.2621
-7.02687881986374 0.262
-7.02682468745237 0.2619
-7.02677973928089 0.2618
-7.02675054374208 0.2617
-7.02675246092052 0.2616
-7.02677203361893 0.2615
-7.02679154585156 0.2614
-7.02682924412703 0.2613
-7.02688307717912 0.2612
-7.02695882420564 0.2611
-7.02706785734352 0.261
-7.02719153735744 0.2609
-7.02732575597698 0.2608
-7.02746283101965 0.2607
-7.02759905035028 0.2606
-7.02773505350527 0.2605
-7.02786387216485 0.2604
-7.02798172725642 0.2603
-7.02808868101128 0.2602
-7.02818009168223 0.2601
-7.02825979665059 0.26
-7.02831858480885 0.2599
-7.02837459469079 0.2598
-7.0283995321427 0.2597
-7.02840003952946 0.2596
-7.02835718554752 0.2595
-7.02828913565569 0.2594
-7.02821150817134 0.2593
-7.02813634113826 0.2592
-7.02806800040538 0.2591
-7.02798366942041 0.259
-7.02787656358696 0.2589
-7.02778582501703 0.2588
-7.02768462141739 0.2587
-7.02757027640665 0.2586
-7.02745518794186 0.2585
-7.02734783498543 0.2584
-7.02725907537894 0.2583
-7.02717071266507 0.2582
-7.0271109584311 0.2581
-7.02706837302748 0.258
-7.02702463212618 0.2579
-7.02699993802581 0.2578
-7.02699457632726 0.2577
-7.02699889747531 0.2576
-7.02700837286795 0.2575
-7.02703724686815 0.2574
-7.02707070584167 0.2573
-7.02712035705268 0.2572
-7.02716771142772 0.2571
-7.02722283632989 0.257
-7.02727279554166 0.2569
-7.02733129996823 0.2568
-7.02739091517942 0.2567
-7.02746847604936 0.2566
-7.02755322492893 0.2565
-7.02763840111632 0.2564
-7.02772258536242 0.2563
-7.02778943427081 0.2562
-7.02784196294476 0.2561
-7.02787472941456 0.256
-7.0278679457535 0.2559
-7.02784636801553 0.2558
-7.02778465535562 0.2557
-7.02771162007066 0.2556
-7.02761770495047 0.2555
-7.02750908004534 0.2554
-7.0274006026859 0.2553
-7.02730311452326 0.2552
-7.0271937111943 0.2551
-7.02708099442014 0.255
-7.02697883112885 0.2549
-7.02689048152096 0.2548
-7.02678775821585 0.2547
-7.02670297165342 0.2546
-7.02664695752493 0.2545
-7.02662020603999 0.2544
-7.02658833821695 0.2543
-7.02656519816119 0.2542
-7.02655966057118 0.2541
-7.02657754235754 0.254
-7.02660258144455 0.2539
-7.02664943362088 0.2538
-7.02669747668526 0.2537
-7.02677789247523 0.2536
-7.0268770987231 0.2535
-7.02697828440364 0.2534
-7.02709863622986 0.2533
-7.02722351621841 0.2532
-7.02734795896394 0.2531
-7.02746399646739 0.253
-7.0275842543032 0.2529
-7.02768718004059 0.2528
-7.02778812034046 0.2527
-7.027895955619 0.2526
-7.02803010564485 0.2525
-7.02816495538609 0.2524
-7.02830118871745 0.2523
-7.02843615282982 0.2522
-7.0285720967001 0.2521
-7.02870271733808 0.252
-7.02881264762062 0.2519
-7.028913753555 0.2518
-7.02901429561636 0.2517
-7.02910504735623 0.2516
-7.02918781052813 0.2515
-7.02926791450922 0.2514
-7.02932685850202 0.2513
-7.02939216621953 0.2512
-7.02944219291551 0.2511
-7.02949408368019 0.251
-7.02953701700658 0.2509
-7.02955882892866 0.2508
-7.02959320786896 0.2507
-7.02962573039627 0.2506
-7.02967222755005 0.2505
-7.02971961379536 0.2504
-7.02975557740018 0.2503
-7.02978170929424 0.2502
-7.02980986204207 0.2501
-7.02985185205912 0.25
-7.02989147462612 0.2499
-7.02991899881459 0.2498
-7.02994394502245 0.2497
-7.02997036766563 0.2496
-7.02999903995708 0.2495
-7.0300243076112 0.2494
-7.03004576640716 0.2493
-7.03006271890974 0.2492
-7.03007125051731 0.2491
-7.03008775149374 0.249
-7.03009516211589 0.2489
-7.03009304170996 0.2488
-7.03008469204354 0.2487
-7.03007262337681 0.2486
-7.0300611420417 0.2485
-7.03005737237252 0.2484
-7.03005788192716 0.2483
-7.03004851611844 0.2482
-7.0300458491549 0.2481
-7.03004903291969 0.248
-7.03005939026004 0.2479
-7.03007622141264 0.2478
-7.03008559278598 0.2477
-7.03009666148416 0.2476
-7.03010238448198 0.2475
-7.03013177254525 0.2474
-7.03014507366804 0.2473
-7.03015808365322 0.2472
-7.03016415645053 0.2471
-7.03015965900741 0.247
-7.03014641550344 0.2469
-7.03010850803588 0.2468
-7.03004543437912 0.2467
-7.0299704339497 0.2466
-7.0298852971872 0.2465
-7.02981094184151 0.2464
-7.02972464139282 0.2463
-7.0296308591472 0.2462
-7.02952412908928 0.2461
-7.02942313019562 0.246
-7.02932134202464 0.2459
-7.02920525360919 0.2458
-7.02909287337095 0.2457
-7.02899448916863 0.2456
-7.02890705530585 0.2455
-7.02883029209675 0.2454
-7.02876223779396 0.2453
-7.02872697308405 0.2452
-7.02871080418447 0.2451
-7.02871099719456 0.245
-7.02872026775121 0.2449
-7.02872646719842 0.2448
-7.02874143579132 0.2447
-7.02875003773987 0.2446
-7.02875476423516 0.2445
-7.02875789542201 0.2444
-7.02877452983579 0.2443
-7.02879215271024 0.2442
-7.02879981550125 0.2441
-7.02881093018529 0.244
-7.02881732735422 0.2439
-7.02881929398069 0.2438
-7.0287948583676 0.2437
-7.02875116769366 0.2436
-7.02867921666706 0.2435
-7.02860767627349 0.2434
-7.02853389360935 0.2433
-7.02845722915447 0.2432
-7.0283881327536 0.2431
-7.02831928025593 0.243
-7.02824591393354 0.2429
-7.02816967057957 0.2428
-7.02810329211372 0.2427
-7.02804519998339 0.2426
-7.02799572762284 0.2425
-7.0279498930289 0.2424
-7.02790946771628 0.2423
-7.02787134154874 0.2422
-7.0278481256186 0.2421
-7.02783123554217 0.242
-7.02782944986778 0.2419
-7.02784697992095 0.2418
-7.02788636932809 0.2417
-7.02792109413106 0.2416
-7.02797411405796 0.2415
-7.02804174765672 0.2414
-7.02812645647493 0.2413
-7.02822799783738 0.2412
-7.02832258391104 0.2411
-7.02841680947224 0.241
-7.02850187215334 0.2409
-7.02855152899604 0.2408
-7.02859544803746 0.2407
-7.02861423266442 0.2406
-7.02861742539718 0.2405
-7.02860510648953 0.2404
-7.02857478113647 0.2403
-7.02854428000127 0.2402
-7.02851174132067 0.2401
-7.02846997959569 0.24
-7.02845105772313 0.2399
-7.02843660723852 0.2398
-7.02842759985623 0.2397
-7.02842883521032 0.2396
-7.02841312118528 0.2395
-7.02839239692204 0.2394
-7.02839309310601 0.2393
-7.02840964294825 0.2392
-7.02844127802669 0.2391
-7.02848175707919 0.239
-7.02852355470568 0.2389
-7.02858125387381 0.2388
-7.02865240336666 0.2387
-7.02870436996264 0.2386
-7.02875888485866 0.2385
-7.02882194607984 0.2384
-7.02889161717931 0.2383
-7.02898613596322 0.2382
-7.02907724372833 0.2381
-7.02918112500523 0.238
-7.02928693030901 0.2379
-7.02939017816403 0.2378
-7.02950144277342 0.2377
-7.02961757829243 0.2376
-7.02972879195448 0.2375
-7.02982518168641 0.2374
-7.02993985604747 0.2373
-7.03005966865583 0.2372
-7.03019748385024 0.2371
-7.03034506408852 0.237
-7.03048081904391 0.2369
-7.0306129527653 0.2368
-7.03073001532508 0.2367
-7.0308347681798 0.2366
-7.03092580906737 0.2365
-7.03099681079426 0.2364
-7.03106050245396 0.2363
-7.0311037939948 0.2362
-7.03113845527074 0.2361
-7.03117448333355 0.236
-7.03119682483256 0.2359
-7.0311979753061 0.2358
-7.03119488622723 0.2357
-7.03118209983749 0.2356
-7.03115791040169 0.2355
-7.03112487081442 0.2354
-7.03108468069925 0.2353
-7.03103451021463 0.2352
-7.03096944036033 0.2351
-7.03090485921646 0.235
-7.0308498459558 0.2349
-7.03078070644104 0.2348
-7.03073201041104 0.2347
-7.03068893043754 0.2346
-7.03066558645398 0.2345
-7.03065104257617 0.2344
-7.03062930987533 0.2343
-7.03062167438338 0.2342
-7.03063110153317 0.2341
-7.0306415599065 0.234
-7.03067473186749 0.2339
-7.03071055409018 0.2338
-7.03075730151753 0.2337
-7.03082407015564 0.2336
-7.03090438259575 0.2335
-7.03098388568666 0.2334
-7.03104663608829 0.2333
-7.03111773925091 0.2332
-7.03117863064649 0.2331
-7.03124801644284 0.233
-7.03131903990013 0.2329
-7.03138434889869 0.2328
-7.0314472368621 0.2327
-7.03150705493993 0.2326
-7.03155121854263 0.2325
-7.03159770250673 0.2324
-7.03166234173904 0.2323
-7.03172584459738 0.2322
-7.0318037707213 0.2321
-7.03188170291334 0.232
-7.0319548802832 0.2319
-7.032047054619 0.2318
-7.03214959450397 0.2317
-7.03223987966057 0.2316
-7.03231509059859 0.2315
-7.03238419171822 0.2314
-7.03243889640034 0.2313
-7.03247434192483 0.2312
-7.03246563246626 0.2311
-7.03242866738548 0.231
-7.03240109091229 0.2309
-7.03235995097487 0.2308
-7.03229096090408 0.2307
-7.03221632807486 0.2306
-7.03213892520612 0.2305
-7.03204874426793 0.2304
-7.03196565157269 0.2303
-7.0318945909768 0.2302
-7.03181788731815 0.2301
-7.03174630639798 0.23
-7.03168295036526 0.2299
-7.03162820278365 0.2298
-7.03158322437627 0.2297
-7.03154481329337 0.2296
-7.0315202139337 0.2295
-7.03149371867116 0.2294
-7.03146428008413 0.2293
-7.03142321394223 0.2292
-7.03140524453497 0.2291
-7.03139386770571 0.229
-7.03136519494099 0.2289
-7.03133683386951 0.2288
-7.03130713338188 0.2287
-7.03126986076031 0.2286
-7.03124055793404 0.2285
-7.0312110168572 0.2284
-7.03120669697982 0.2283
-7.03120201267149 0.2282
-7.03119602657551 0.2281
-7.03121365266187 0.228
-7.0312480225743 0.2279
-7.03128673097786 0.2278
-7.03133735732483 0.2277
-7.03138081689427 0.2276
-7.03142187811101 0.2275
-7.03145937115262 0.2274
-7.03148273687515 0.2273
-7.03148194473885 0.2272
-7.03147943559713 0.2271
-7.03146743751766 0.227
-7.03143189448259 0.2269
-7.03137428974971 0.2268
-7.03130097939762 0.2267
-7.03122341020966 0.2266
-7.03113240100077 0.2265
-7.03103593544505 0.2264
-7.03094100065785 0.2263
-7.03082662705299 0.2262
-7.0306951485914 0.2261
-7.03056576206919 0.226
-7.03043271400137 0.2259
-7.0303049714521 0.2258
-7.0301743549447 0.2257
-7.03006642997018 0.2256
-7.02996350460393 0.2255
-7.02988315082252 0.2254
-7.0298231978582 0.2253
-7.02978913787081 0.2252
-7.0297994514854 0.2251
-7.02982046531714 0.225
-7.02986175645983 0.2249
-7.02991295659099 0.2248
-7.02997855693408 0.2247
-7.03004751955534 0.2246
-7.03012759765676 0.2245
-7.03021851509047 0.2244
-7.03032500410541 0.2243
-7.03044666359812 0.2242
-7.03055095592466 0.2241
-7.03064492058302 0.224
-7.03073526390498 0.2239
-7.03079801472 0.2238
-7.0308601674883 0.2237
-7.0309152971034 0.2236
-7.0309616377521 0.2235
-7.03099338584335 0.2234
-7.03103274685297 0.2233
-7.03107969328556 0.2232
-7.03113610947829 0.2231
-7.03120151376154 0.223
-7.03126919543952 0.2229
-7.03135250803674 0.2228
-7.03143784668881 0.2227
-7.03153127782353 0.2226
-7.03161833382099 0.2225
-7.03172114071646 0.2224
-7.03182705421199 0.2223
-7.03192087339741 0.2222
-7.03202319276396 0.2221
-7.03212533111203 0.222
-7.03221895579707 0.2219
-7.03232052341951 0.2218
-7.03241608668568 0.2217
-7.03252313097718 0.2216
-7.03262096694839 0.2215
-7.0327204276208 0.2214
-7.03283156771865 0.2213
-7.0329358168667 0.2212
-7.03301812043067 0.2211
-7.03310420722855 0.221
-7.03318941517659 0.2209
-7.03326305842607 0.2208
-7.0333275443642 0.2207
-7.03337956733386 0.2206
-7.03341826715692 0.2205
-7.03344359537141 0.2204
-7.03343037880305 0.2203
-7.03340967917396 0.2202
-7.03338176824522 0.2201
-7.03335192920889 0.22
-7.0333176735407 0.2199
-7.03326737152768 0.2198
-7.03322128805979 0.2197
-7.03318228296895 0.2196
-7.03313730791884 0.2195
-7.03310926741564 0.2194
-7.03307245122073 0.2193
-7.03304703399207 0.2192
-7.03300847558939 0.2191
-7.03296686951214 0.219
-7.03295167009051 0.2189
-7.03294581951999 0.2188
-7.03294633606147 0.2187
-7.03296278556362 0.2186
-7.03298779977413 0.2185
-7.03300698049809 0.2184
-7.03302432327921 0.2183
-7.03307713669047 0.2182
-7.0331406585639 0.2181
-7.033197585703 0.218
-7.03325861684595 0.2179
-7.03331413249356 0.2178
-7.03336441015214 0.2177
-7.03341207430399 0.2176
-7.03346570514241 0.2175
-7.03351745781258 0.2174
-7.03356315288547 0.2173
-7.03362348014573 0.2172
-7.03369391273691 0.2171
-7.0337750049784 0.217
-7.03386538695011 0.2169
-7.03394207166851 0.2168
-7.03399103357597 0.2167
-7.03404506045303 0.2166
-7.03409778989051 0.2165
-7.03413800342855 0.2164
-7.03417081536584 0.2163
-7.03418543941093 0.2162
-7.03418945319814 0.2161
-7.03418303612061 0.216
-7.03417681373872 0.2159
-7.03416358289928 0.2158
-7.03413055513629 0.2157
-7.03410214988514 0.2156
-7.03407258267055 0.2155
-7.03401354940774 0.2154
-7.03395771183573 0.2153
-7.03388731559764 0.2152
-7.0338298649986 0.2151
-7.03377853511103 0.215
-7.03372204716887 0.2149
-7.03367366446113 0.2148
-7.03363724971514 0.2147
-7.03359113030277 0.2146
-7.03356391848212 0.2145
-7.03353897557521 0.2144
-7.03352118081145 0.2143
-7.03350005603562 0.2142
-7.03348655208413 0.2141
-7.03346736588422 0.214
-7.03345884164295 0.2139
-7.03345227195266 0.2138
-7.03346108510939 0.2137
-7.03346932496295 0.2136
-7.03345565251375 0.2135
-7.03345628495205 0.2134
-7.03346012441237 0.2133
-7.0334794925017 0.2132
-7.03350061910242 0.2131
-7.03354133937169 0.213
-7.03358887270164 0.2129
-7.03364843278676 0.2128
-7.03372658413425 0.2127
-7.03378958774454 0.2126
-7.03386104683559 0.2125
-7.03394590687732 0.2124
-7.03402820180073 0.2123
-7.03409997862845 0.2122
-7.03417160121809 0.2121
-7.03424189255502 0.212
-7.03429589322105 0.2119
-7.03434886791422 0.2118
-7.03439787216144 0.2117
-7.03442970935772 0.2116
-7.03443651922668 0.2115
-7.03443158535503 0.2114
-7.03441671221473 0.2113
-7.03439304281717 0.2112
-7.03436889760625 0.2111
-7.03433131712342 0.211
-7.03429198227832 0.2109
-7.03424834983708 0.2108
-7.03419497761435 0.2107
-7.03414034172904 0.2106
-7.03406979375409 0.2105
-7.03399069001815 0.2104
-7.03389006579154 0.2103
-7.03380543103771 0.2102
-7.03368521018062 0.2101
-7.03356791390273 0.21
-7.03344329816177 0.2099
-7.03331319390436 0.2098
-7.03319536401408 0.2097
-7.03308155341503 0.2096
-7.03296742899299 0.2095
-7.03288014891717 0.2094
-7.03280856892429 0.2093
-7.03273751646992 0.2092
-7.03268973129765 0.2091
-7.03264535328798 0.209
-7.03260585225472 0.2089
-7.03256908354102 0.2088
-7.03253264056405 0.2087
-7.03249536641899 0.2086
-7.03244515111141 0.2085
-7.03240235233212 0.2084
-7.03236166250931 0.2083
-7.03232974622299 0.2082
-7.03229271299033 0.2081
-7.03224231584151 0.208
-7.03218552957199 0.2079
-7.03213809789285 0.2078
-7.03209983363908 0.2077
-7.0320735451811 0.2076
-7.03204801299634 0.2075
-7.03202722233176 0.2074
-7.03201718884781 0.2073
-7.03201560626172 0.2072
-7.03201782498225 0.2071
-7.03203998181046 0.207
-7.03206528487473 0.2069
-7.03210441396218 0.2068
-7.03215951665949 0.2067
-7.03220586391184 0.2066
-7.03226014635037 0.2065
-7.03232519365479 0.2064
-7.03240258967884 0.2063
-7.03249125913664 0.2062
-7.03259915232336 0.2061
-7.03273034269866 0.206
-7.03286180820995 0.2059
-7.03299218964626 0.2058
-7.03311025866118 0.2057
-7.03323107796486 0.2056
-7.03335766672726 0.2055
-7.03346363920671 0.2054
-7.0335765128957 0.2053
-7.03367425278607 0.2052
-7.03376783141591 0.2051
-7.03385346295309 0.205
-7.03391524449182 0.2049
-7.03395733771133 0.2048
-7.03399435112641 0.2047
-7.03401295886479 0.2046
-7.03402519016992 0.2045
-7.0340323748074 0.2044
-7.03403759526721 0.2043
-7.03403787751022 0.2042
-7.03403956651516 0.2041
-7.03404626131414 0.204
-7.03406887927326 0.2039
-7.03409445404493 0.2038
-7.03413520373218 0.2037
-7.03419559552236 0.2036
-7.03423856212813 0.2035
-7.03429177280706 0.2034
-7.03433047367352 0.2033
-7.03437897225493 0.2032
-7.03442283662927 0.2031
-7.03445909073597 0.203
-7.03449774137018 0.2029
-7.03454223767537 0.2028
-7.03458351039095 0.2027
-7.03461258938796 0.2026
-7.03462772756405 0.2025
-7.03462076673891 0.2024
-7.03459795783541 0.2023
-7.03455615901312 0.2022
-7.0344706902405 0.2021
-7.03438942334012 0.202
-7.03429969282996 0.2019
-7.03422147986277 0.2018
-7.03415798097055 0.2017
-7.03409811678118 0.2016
-7.03402699653577 0.2015
-7.03397475512805 0.2014
-7.03390314728109 0.2013
-7.03383109202398 0.2012
-7.03377365699205 0.2011
-7.03373832349949 0.201
-7.03370495112858 0.2009
-7.03368181180389 0.2008
-7.03366468911309 0.2007
-7.03365638444374 0.2006
-7.03364273412194 0.2005
-7.03364334770065 0.2004
-7.03366686975716 0.2003
-7.03369476505641 0.2002
-7.03372041640696 0.2001
-7.03376733963972 0.2
-7.03381546905712 0.1999
-7.03387150125483 0.1998
-7.0339239483964 0.1997
-7.0339787984724 0.1996
-7.03403942254768 0.1995
-7.03410499743163 0.1994
-7.03418539988303 0.1993
-7.03426103650143 0.1992
-7.03434055846729 0.1991
-7.03441921570489 0.199
-7.03449408090222 0.1989
-7.03458489876344 0.1988
-7.03468766282929 0.1987
-7.03479069925267 0.1986
-7.03488159259958 0.1985
-7.03497704209359 0.1984
-7.03506155739998 0.1983
-7.03513846498595 0.1982
-7.03521256945321 0.1981
-7.03527339454945 0.198
-7.03532666140257 0.1979
-7.03535353632517 0.1978
-7.03537224897548 0.1977
-7.0353742405378 0.1976
-7.03535902660486 0.1975
-7.03534471189953 0.1974
-7.03533092485265 0.1973
-7.03531487408624 0.1972
-7.0352996988936 0.1971
-7.03529145785555 0.197
-7.03529001994474 0.1969
-7.03528138777097 0.1968
-7.03528729722224 0.1967
-7.03528731494486 0.1966
-7.03530626513388 0.1965
-7.03531701361995 0.1964
-7.03534606934382 0.1963
-7.0353832209192 0.1962
-7.03542818960624 0.1961
-7.03548378127191 0.196
-7.03556372198269 0.1959
-7.03564415324545 0.1958
-7.03572583555386 0.1957
-7.03580554779817 0.1956
-7.0358818815313 0.1955
-7.0359582305442 0.1954
-7.03601916743222 0.1953
-7.03608243107121 0.1952
-7.03614624537742 0.1951
-7.03620079590971 0.195
-7.03624694986138 0.1949
-7.03627408092621 0.1948
-7.03630472723366 0.1947
-7.03634417893578 0.1946
-7.03638646108683 0.1945
-7.03643425200976 0.1944
-7.03647485180309 0.1943
-7.03651259389237 0.1942
-7.03656907136363 0.1941
-7.03663968856669 0.194
-7.03672842760122 0.1939
-7.03682735344956 0.1938
-7.03694660930111 0.1937
-7.03706142934182 0.1936
-7.03717799436577 0.1935
-7.03728499390713 0.1934
-7.03738147329372 0.1933
-7.03744784957932 0.1932
-7.03749704247253 0.1931
-7.03753244198525 0.193
-7.03754044847515 0.1929
-7.03754198686638 0.1928
-7.03751269441359 0.1927
-7.03744773993277 0.1926
-7.03735725229897 0.1925
-7.03725223173175 0.1924
-7.03713210116071 0.1923
-7.03701353771624 0.1922
-7.03688334266687 0.1921
-7.03674421334759 0.192
-7.03660526820738 0.1919
-7.03648518438151 0.1918
-7.03636566958078 0.1917
-7.03624453696851 0.1916
-7.03614940483217 0.1915
-7.03606773450274 0.1914
-7.03598716009397 0.1913
-7.0359229113499 0.1912
-7.03589205058375 0.1911
-7.03586726793389 0.191
-7.0358544691365 0.1909
-7.03585624405941 0.1908
-7.03586281881806 0.1907
-7.03586996438807 0.1906
-7.03588534036134 0.1905
-7.03591886813479 0.1904
-7.03596965757058 0.1903
-7.03604042452031 0.1902
-7.03610814783652 0.1901
-7.03615867601999 0.19
-7.03620551418901 0.1899
-7.03624409386202 0.1898
-7.03627500717924 0.1897
-7.03630747599053 0.1896
-7.03634663000375 0.1895
-7.03639290130696 0.1894
-7.03643945324841 0.1893
-7.03649313800105 0.1892
-7.0365437091166 0.1891
-7.03659287868074 0.189
-7.03664478226905 0.1889
-7.0366865883463 0.1888
-7.03670723988935 0.1887
-7.03673079847774 0.1886
-7.03676704315576 0.1885
-7.03680594136522 0.1884
-7.03683080032197 0.1883
-7.036848797193 0.1882
-7.03686030771826 0.1881
-7.03685759585178 0.188
-7.03684551162694 0.1879
-7.0368190778816 0.1878
-7.03678149887268 0.1877
-7.03674142217072 0.1876
-7.03672172714227 0.1875
-7.03667984692499 0.1874
-7.03663615856283 0.1873
-7.03658402562056 0.1872
-7.03653212591273 0.1871
-7.03647142881532 0.187
-7.03640523891004 0.1869
-7.03634233622226 0.1868
-7.03625907418923 0.1867
-7.03617957239798 0.1866
-7.03610094686769 0.1865
-7.03603253563272 0.1864
-7.03596391282582 0.1863
-7.03591157394383 0.1862
-7.03586644166675 0.1861
-7.03581465366168 0.186
-7.03577266836346 0.1859
-7.035761331609 0.1858
-7.03577840944902 0.1857
-7.03582068917567 0.1856
-7.03587987190992 0.1855
-7.03594876802984 0.1854
-7.03603040336954 0.1853
-7.03611364943299 0.1852
-7.03619403058961 0.1851
-7.03626552261851 0.185
-7.03633393676701 0.1849
-7.03639566961898 0.1848
-7.03645534866065 0.1847
-7.03650767274601 0.1846
-7.03655758499418 0.1845
-7.03659752281684 0.1844
-7.03663748473092 0.1843
-7.03668217633148 0.1842
-7.0367162503047 0.1841
-7.03674131957991 0.184
-7.03676954109233 0.1839
-7.0367765181213 0.1838
-7.03677684276692 0.1837
-7.03675323114172 0.1836
-7.0367200375825 0.1835
-7.03668142203149 0.1834
-7.03664265919129 0.1833
-7.03661283651135 0.1832
-7.03658045381049 0.1831
-7.03654406649449 0.183
-7.03651923243859 0.1829
-7.03648331092734 0.1828
-7.03645468461556 0.1827
-7.03644464485398 0.1826
-7.03645616873865 0.1825
-7.03648463993766 0.1824
-7.03650596108814 0.1823
-7.03654090242038 0.1822
-7.03657508760739 0.1821
-7.03659257336726 0.182
-7.03661958631725 0.1819
-7.03664522000588 0.1818
-7.0366808317241 0.1817
-7.03671007763436 0.1816
-7.0367411562573 0.1815
-7.03677864191526 0.1814
-7.03682052713522 0.1813
-7.03685178264817 0.1812
-7.03689036763851 0.1811
-7.03691075875676 0.181
-7.03694388241076 0.1809
-7.03696907333895 0.1808
-7.03699507585689 0.1807
-7.0370001161184 0.1806
-7.03698034374701 0.1805
-7.03697161592823 0.1804
-7.03695533682489 0.1803
-7.03693191167411 0.1802
-7.03691236613482 0.1801
-7.03691108104208 0.18
-7.03689883002956 0.1799
-7.03688363592678 0.1798
-7.03688556012801 0.1797
-7.03690506150308 0.1796
-7.03694355365636 0.1795
-7.03698917888522 0.1794
-7.03703861897364 0.1793
-7.03711350542044 0.1792
-7.03719873190576 0.1791
-7.0372840452424 0.179
-7.03736634824074 0.1789
-7.03745825867764 0.1788
-7.03756641169938 0.1787
-7.03767166863256 0.1786
-7.03780464472571 0.1785
-7.03792933847577 0.1784
-7.03804642213843 0.1783
-7.03815847758185 0.1782
-7.03827132498279 0.1781
-7.03837924169137 0.178
-7.038481836263 0.1779
-7.03855841449686 0.1778
-7.0385953463032 0.1777
-7.03860261461427 0.1776
-7.03856778720316 0.1775
-7.03852684341337 0.1774
-7.03846866623313 0.1773
-7.03838112260382 0.1772
-7.03826920634103 0.1771
-7.03814376897275 0.177
-7.03800205779537 0.1769
-7.03784652580215 0.1768
-7.03769047361828 0.1767
-7.0375386253365 0.1766
-7.03739170607462 0.1765
-7.03724109017744 0.1764
-7.03709476508414 0.1763
-7.0369711370176 0.1762
-7.03685979188381 0.1761
-7.0367708097709 0.176
-7.03670219810127 0.1759
-7.03664176477537 0.1758
-7.03660488371956 0.1757
-7.03660308193862 0.1756
-7.03661958456359 0.1755
-7.03662859124845 0.1754
-7.03663787238576 0.1753
-7.03665322716199 0.1752
-7.03667270866203 0.1751
-7.03669912041994 0.175
-7.03671845407723 0.1749
-7.03673796714787 0.1748
-7.03677823446762 0.1747
-7.03681252523005 0.1746
-7.03686173473415 0.1745
-7.03691298637897 0.1744
-7.03696054290655 0.1743
-7.03701492138963 0.1742
-7.03705991117059 0.1741
-7.03709819908808 0.174
-7.0371191239063 0.1739
-7.03714728186599 0.1738
-7.03716529052304 0.1737
-7.03717465414332 0.1736
-7.03717964080575 0.1735
-7.03717554685272 0.1734
-7.03718275869398 0.1733
-7.03719241961354 0.1732
-7.03720067618406 0.1731
-7.03719896549085 0.173
-7.03719232247054 0.1729
-7.0371884712735 0.1728
-7.03718478974547 0.1727
-7.03718881995653 0.1726
-7.03719111656434 0.1725
-7.03719929559396 0.1724
-7.03721870053925 0.1723
-7.03722295007887 0.1722
-7.03724019371153 0.1721
-7.03724353668356 0.172
-7.03724668760746 0.1719
-7.03726602316208 0.1718
-7.0372845267102 0.1717
-7.03728579991051 0.1716
-7.03725694898371 0.1715
-7.03720947731291 0.1714
-7.03715144086502 0.1713
-7.03708272816753 0.1712
-7.03701027595123 0.1711
-7.03691591956355 0.171
-7.03681938808654 0.1709
-7.03671059914391 0.1708
-7.03660936406723 0.1707
-7.03650357326631 0.1706
-7.0364053819532 0.1705
-7.03630559821891 0.1704
-7.0361919744354 0.1703
-7.03607164488511 0.1702
-7.03595068303923 0.1701
-7.03582308558876 0.17
-7.0356977852985 0.1699
-7.03558490438775 0.1698
-7.03548553386075 0.1697
-7.03538300001453 0.1696
-7.03528763417854 0.1695
-7.03520927899863 0.1694
-7.03513843441505 0.1693
-7.03508624319212 0.1692
-7.03507324367099 0.1691
-7.03508993015883 0.169
-7.03510434968391 0.1689
-7.03515123356263 0.1688
-7.03522893875551 0.1687
-7.0353256818329 0.1686
-7.03544238081729 0.1685
-7.03557873474271 0.1684
-7.03573810880517 0.1683
-7.03590780046922 0.1682
-7.036102413105 0.1681
-7.0362863442893 0.168
-7.03645405730915 0.1679
-7.03660371450143 0.1678
-7.03675145795051 0.1677
-7.03689198831692 0.1676
-7.03704633564278 0.1675
-7.03718611155592 0.1674
-7.03730076676612 0.1673
-7.03740287052786 0.1672
-7.03747650423108 0.1671
-7.0375325164855 0.167
-7.03757476019962 0.1669
-7.03761080658852 0.1668
-7.03763623906629 0.1667
-7.03765196291085 0.1666
-7.03766012724991 0.1665
-7.03766242716954 0.1664
-7.03765514130336 0.1663
-7.03763547811965 0.1662
-7.03762162342381 0.1661
-7.03758866051773 0.166
-7.03753600630958 0.1659
-7.03746432161005 0.1658
-7.03739376076135 0.1657
-7.03732913520982 0.1656
-7.03726773132742 0.1655
-7.03719797351581 0.1654
-7.03712938649751 0.1653
-7.03706260618014 0.1652
-7.03699875234395 0.1651
-7.03694238751111 0.165
-7.03689346738044 0.1649
-7.03686223132199 0.1648
-7.03685299576016 0.1647
-7.03685811860062 0.1646
-7.03684642628777 0.1645
-7.0368518866015 0.1644
-7.03685143241509 0.1643
-7.03685013417349 0.1642
-7.03683870333061 0.1641
-7.03683632896807 0.164
-7.03683971479696 0.1639
-7.03685659759373 0.1638
-7.03689068434945 0.1637
-7.03692858373948 0.1636
-7.03696798980269 0.1635
-7.03702951023568 0.1634
-7.0370916612241 0.1633
-7.03715651645743 0.1632
-7.03720633646407 0.1631
-7.03724838704772 0.163
-7.03728147927683 0.1629
-7.03729682963316 0.1628
-7.03729385226923 0.1627
-7.03728364556374 0.1626
-7.03726788361989 0.1625
-7.03723627154567 0.1624
-7.03719015086327 0.1623
-7.03712525857488 0.1622
-7.03704425421094 0.1621
-7.03694975764858 0.162
-7.03683932163797 0.1619
-7.03672552438102 0.1618
-7.03659838689599 0.1617
-7.03647548870093 0.1616
-7.0363514761116 0.1615
-7.03624782273589 0.1614
-7.03614329233838 0.1613
-7.03605383676304 0.1612
-7.03598520079732 0.1611
-7.03591314689116 0.161
-7.03583833255425 0.1609
-7.03576931820586 0.1608
-7.03570018137707 0.1607
-7.03564840721758 0.1606
-7.0356122110194 0.1605
-7.03558473942869 0.1604
-7.03557370028441 0.1603
-7.03556060220397 0.1602
-7.03557490826772 0.1601
-7.03560256698532 0.16
-7.03565126733342 0.1599
-7.03571324741085 0.1598
-7.03578879372655 0.1597
-7.03586970275492 0.1596
-7.03596466831552 0.1595
-7.03607647796367 0.1594
-7.03620768634176 0.1593
-7.03633939005238 0.1592
-7.03647150830262 0.1591
-7.03660766824318 0.159
-7.0367458831958 0.1589
-7.03689538427489 0.1588
-7.03704312355105 0.1587
-7.03718815448573 0.1586
-7.03732914068241 0.1585
-7.03747584430586 0.1584
-7.03763917533599 0.1583
-7.03778030095026 0.1582
-7.03791109582253 0.1581
-7.03804006641337 0.158
-7.03815541574511 0.1579
-7.03826473697953 0.1578
-7.03836681386341 0.1577
-7.03846403084253 0.1576
-7.03856127953242 0.1575
-7.03865108642533 0.1574
-7.03874115140548 0.1573
-7.03884625339124 0.1572
-7.03893257359369 0.1571
-7.03900743274252 0.157
-7.0390850656985 0.1569
-7.03917888512414 0.1568
-7.03926845651837 0.1567
-7.03932511973279 0.1566
-7.03937235359078 0.1565
-7.03943021165882 0.1564
-7.03947603148494 0.1563
-7.03954359181571 0.1562
-7.03960953303412 0.1561
-7.03967620163559 0.156
-7.03972928723487 0.1559
-7.03977311615627 0.1558
-7.03983963084855 0.1557
-7.03989385250645 0.1556
-7.03993600990246 0.1555
-7.03998573164032 0.1554
-7.04004736576479 0.1553
-7.04009548539874 0.1552
-7.04016254740703 0.1551
-7.04022276577255 0.155
-7.04029257731497 0.1549
-7.04037691651751 0.1548
-7.04048917645412 0.1547
-7.04061312538883 0.1546
-7.04074045657924 0.1545
-7.0408718418475 0.1544
-7.04100734758078 0.1543
-7.04113436219959 0.1542
-7.0412624200686 0.1541
-7.04138188900683 0.154
-7.04150946090839 0.1539
-7.04164590602353 0.1538
-7.04177155250688 0.1537
-7.04189097125429 0.1536
-7.04199440657891 0.1535
-7.04209453902358 0.1534
-7.04219457520368 0.1533
-7.04225907046051 0.1532
-7.04232256411148 0.1531
-7.0423730000854 0.153
-7.04239626531854 0.1529
-7.04241038481622 0.1528
-7.04241400347965 0.1527
-7.04242349443735 0.1526
-7.04241577636353 0.1525
-7.04237604508781 0.1524
-7.04231552349621 0.1523
-7.04223761416745 0.1522
-7.04216312381929 0.1521
-7.0420785115394 0.152
-7.041970896573 0.1519
-7.04183548592557 0.1518
-7.04168517177303 0.1517
-7.04152034389385 0.1516
-7.04133895616812 0.1515
-7.04114611888944 0.1514
-7.04095050673495 0.1513
-7.04074780138361 0.1512
-7.04055537023972 0.1511
-7.04034401996884 0.151
-7.04012780329143 0.1509
-7.03991881647099 0.1508
-7.03972588261123 0.1507
-7.03952416130372 0.1506
-7.03933195944013 0.1505
-7.03913704491633 0.1504
-7.03893476641036 0.1503
-7.03876354154424 0.1502
-7.03860750408387 0.1501
-7.0384700462323 0.15
-7.03833582925319 0.1499
-7.03820896199076 0.1498
-7.03810258602394 0.1497
-7.03802181563619 0.1496
-7.03796244347121 0.1495
-7.03792241046763 0.1494
-7.037899890061 0.1493
-7.03786835591679 0.1492
-7.03785652244627 0.1491
-7.03785690410201 0.149
-7.03787497043701 0.1489
-7.03790264035756 0.1488
-7.03795475432288 0.1487
-7.03803109043418 0.1486
-7.03811415842837 0.1485
-7.03820694612805 0.1484
-7.03830850548472 0.1483
-7.03840767013377 0.1482
-7.03849792956192 0.1481
-7.03857708259106 0.148
-7.03864592525102 0.1479
-7.03870591332666 0.1478
-7.03874957193731 0.1477
-7.03878548354613 0.1476
-7.03881487343853 0.1475
-7.03883548709778 0.1474
-7.03885786243164 0.1473
-7.03888141079932 0.1472
-7.03891117845483 0.1471
-7.0389422492348 0.147
-7.03895971245343 0.1469
-7.0389847689923 0.1468
-7.03899811014519 0.1467
-7.03899831906578 0.1466
-7.03900104618316 0.1465
-7.0390148954374 0.1464
-7.03902288408649 0.1463
-7.03902819088034 0.1462
-7.03903782489655 0.1461
-7.03904922056314 0.146
-7.03908019404902 0.1459
-7.03909237426327 0.1458
-7.03911202863842 0.1457
-7.03912578922158 0.1456
-7.03912581342982 0.1455
-7.0391204955709 0.1454
-7.03912668393979 0.1453
-7.03912516522008 0.1452
-7.03912458291065 0.1451
-7.03913642047691 0.145
-7.03914301066423 0.1449
-7.03914443515681 0.1448
-7.03912080582047 0.1447
-7.03908742303056 0.1446
-7.03904560785775 0.1445
-7.03899954516307 0.1444
-7.03898146550404 0.1443
-7.03898694212857 0.1442
-7.0389959679323 0.1441
-7.03902601465413 0.144
-7.03907204836314 0.1439
-7.03914342676587 0.1438
-7.03923819024232 0.1437
-7.03935521930079 0.1436
-7.03948637671757 0.1435
-7.03962734696122 0.1434
-7.03976060897128 0.1433
-7.03989908866419 0.1432
-7.04004897318567 0.1431
-7.04019953787346 0.143
-7.04033338818846 0.1429
-7.04044069817051 0.1428
-7.04055325324672 0.1427
-7.04065201335912 0.1426
-7.04073267726111 0.1425
-7.04080071867645 0.1424
-7.04085561744751 0.1423
-7.04088646390317 0.1422
-7.0408964102674 0.1421
-7.04089723113751 0.142
-7.04088959721898 0.1419
-7.04086614968262 0.1418
-7.04084157464029 0.1417
-7.04082303833742 0.1416
-7.04081761856929 0.1415
-7.04079631905747 0.1414
-7.04077059241671 0.1413
-7.04074349015205 0.1412
-7.04072178069067 0.1411
-7.04069096398379 0.141
-7.04066544364592 0.1409
-7.04064421710765 0.1408
-7.04060535852371 0.1407
-7.04057275693074 0.1406
-7.0405395394931 0.1405
-7.04051952822845 0.1404
-7.04050274856544 0.1403
-7.0404970301968 0.1402
-7.04048638191537 0.1401
-7.04047620550161 0.14
-7.04047506884423 0.1399
-7.0404873942757 0.1398
-7.04051390954423 0.1397
-7.04056177212141 0.1396
-7.04061823525284 0.1395
-7.04069458967098 0.1394
-7.04077665901006 0.1393
-7.04086091277005 0.1392
-7.04095237625413 0.1391
-7.04104464850925 0.139
-7.0411362246121 0.1389
-7.04122883595398 0.1388
-7.04132427054125 0.1387
-7.0414017425215 0.1386
-7.04148182296086 0.1385
-7.04156006111853 0.1384
-7.0416373034411 0.1383
-7.04170429682133 0.1382
-7.04175701728837 0.1381
-7.04179430855108 0.138
-7.04181434027201 0.1379
-7.04184570177594 0.1378
-7.04186847539986 0.1377
-7.04190580642852 0.1376
-7.04194335445441 0.1375
-7.04197025879005 0.1374
-7.04200002742016 0.1373
-7.04201521279219 0.1372
-7.04201391108738 0.1371
-7.04201015080542 0.137
-7.04199792697326 0.1369
-7.04199483481336 0.1368
-7.0419930516064 0.1367
-7.04199626051732 0.1366
-7.04201347045437 0.1365
-7.04202977734648 0.1364
-7.04204885313555 0.1363
-7.04206766790487 0.1362
-7.04208156933893 0.1361
-7.04210505130035 0.136
-7.04213195936372 0.1359
-7.04215687250753 0.1358
-7.04216644679224 0.1357
-7.04217961335744 0.1356
-7.04219371809713 0.1355
-7.04221798206831 0.1354
-7.04224190104091 0.1353
-7.042252005479 0.1352
-7.04225137590551 0.1351
-7.04226668874981 0.135
-7.04226046511147 0.1349
-7.04225397704133 0.1348
-7.04222883536185 0.1347
-7.04219555265782 0.1346
-7.04215168255314 0.1345
-7.04209972273406 0.1344
-7.04203316334562 0.1343
-7.04195895870885 0.1342
-7.04189388247696 0.1341
-7.0418141514169 0.134
-7.04172665513189 0.1339
-7.04163932886662 0.1338
-7.04155068091981 0.1337
-7.04147061216221 0.1336
-7.04139731720405 0.1335
-7.04134577286638 0.1334
-7.04130982753168 0.1333
-7.04127149603168 0.1332
-7.04124491804975 0.1331
-7.04121622457791 0.133
-7.04120487268721 0.1329
-7.04120970651156 0.1328
-7.0412156374879 0.1327
-7.04123588729456 0.1326
-7.04125669963545 0.1325
-7.04128720671925 0.1324
-7.04131613897669 0.1323
-7.04133363668926 0.1322
-7.0413674543204 0.1321
-7.04141097543443 0.132
-7.04145202750801 0.1319
-7.04148326686618 0.1318
-7.04150739242751 0.1317
-7.04152568834764 0.1316
-7.0415276579884 0.1315
-7.04152167272139 0.1314
-7.0415135708042 0.1313
-7.04150448836622 0.1312
-7.04151209767409 0.1311
-7.04151654545798 0.131
-7.04150924460926 0.1309
-7.04151945401679 0.1308
-7.04152986334713 0.1307
-7.04155391017293 0.1306
-7.04159745982584 0.1305
-7.04166718499812 0.1304
-7.04176962996958 0.1303
-7.04187111546067 0.1302
-7.04195917129025 0.1301
-7.04204891345464 0.13
-7.04214085530656 0.1299
-7.04222033909145 0.1298
-7.04228085820695 0.1297
-7.04234057229907 0.1296
-7.04240848898676 0.1295
-7.04245450800093 0.1294
-7.04247402792939 0.1293
-7.04247708287495 0.1292
-7.0424729036433 0.1291
-7.04246192529045 0.129
-7.04243097621448 0.1289
-7.04237979625661 0.1288
-7.04229845878459 0.1287
-7.04220223027337 0.1286
-7.04210420519717 0.1285
-7.04200178271451 0.1284
-7.04188489435109 0.1283
-7.04175672131954 0.1282
-7.04163405082009 0.1281
-7.04149536441874 0.128
-7.04136469372091 0.1279
-7.04123589172677 0.1278
-7.04111581055766 0.1277
-7.04100006839223 0.1276
-7.04091246365125 0.1275
-7.04084570295163 0.1274
-7.0407936640729 0.1273
-7.04075997663726 0.1272
-7.04073984129142 0.1271
-7.04073313455743 0.127
-7.04074450707619 0.1269
-7.04077072086139 0.1268
-7.04078837952221 0.1267
-7.04079215129095 0.1266
-7.04082077477712 0.1265
-7.04085281695093 0.1264
-7.04089555481917 0.1263
-7.04094194313237 0.1262
-7.04098392637918 0.1261
-7.04103424203085 0.126
-7.04106299483821 0.1259
-7.04109949043667 0.1258
-7.04112812677014 0.1257
-7.041145395347 0.1256
-7.04116901013184 0.1255
-7.04118288183399 0.1254
-7.04119166523384 0.1253
-7.04120168489019 0.1252
-7.0411958093974 0.1251
-7.04119570567447 0.125
-7.04118671911475 0.1249
-7.0411767240403 0.1248
-7.0411643675979 0.1247
-7.04115741679724 0.1246
-7.04114747637539 0.1245
-7.04115503566112 0.1244
-7.04117071840939 0.1243
-7.04118793664786 0.1242
-7.04122323878943 0.1241
-7.04126034197557 0.124
-7.04131300722744 0.1239
-7.04140054628388 0.1238
-7.04151066399204 0.1237
-7.04161774142081 0.1236
-7.04173660293899 0.1235
-7.04186056662356 0.1234
-7.04199224112965 0.1233
-7.0421166751046 0.1232
-7.0422398291195 0.1231
-7.04235351273319 0.123
-7.04245247827712 0.1229
-7.04253568471199 0.1228
-7.04260019576666 0.1227
-7.04266008764158 0.1226
-7.0426802101098 0.1225
-7.04270759490452 0.1224
-7.04274487828513 0.1223
-7.04277742150095 0.1222
-7.04279843415318 0.1221
-7.04282719736392 0.122
-7.04286403858896 0.1219
-7.04290338263232 0.1218
-7.04292915459386 0.1217
-7.04293614911329 0.1216
-7.04294225099156 0.1215
-7.04293954881852 0.1214
-7.0429502051868 0.1213
-7.04298062135343 0.1212
-7.0429965828526 0.1211
-7.04301249491688 0.121
-7.04303529694751 0.1209
-7.04304856188926 0.1208
-7.0430376436721 0.1207
-7.04301911430149 0.1206
-7.04300570317573 0.1205
-7.04299107596211 0.1204
-7.04299638529593 0.1203
-7.04298246110676 0.1202
-7.04297364282378 0.1201
-7.04296208144816 0.12
-7.04294968482991 0.1199
-7.04296190032603 0.1198
-7.04297257015917 0.1197
-7.04296522236821 0.1196
-7.04297322583122 0.1195
-7.0429746696822 0.1194
-7.04297188104835 0.1193
-7.04296934331727 0.1192
-7.04298047124575 0.1191
-7.04299197289883 0.119
-7.0430136256981 0.1189
-7.0430202027215 0.1188
-7.04301652526439 0.1187
-7.04301049902826 0.1186
-7.04300773817517 0.1185
-7.04300327660133 0.1184
-7.04299184975715 0.1183
-7.04298199155539 0.1182
-7.0429780711462 0.1181
-7.04296681067687 0.118
-7.0429667439121 0.1179
-7.04298781192234 0.1178
-7.04300789639513 0.1177
-7.04301464030061 0.1176
-7.04301476194762 0.1175
-7.04300874624125 0.1174
-7.0430044966318 0.1173
-7.04300107681646 0.1172
-7.04298038104944 0.1171
-7.042954824396 0.117
-7.04292983066238 0.1169
-7.04289746210693 0.1168
-7.04286114329074 0.1167
-7.04283513551035 0.1166
-7.04280276845592 0.1165
-7.04278893344831 0.1164
-7.0427928813533 0.1163
-7.04281382848844 0.1162
-7.0428396075463 0.1161
-7.04286590611213 0.116
-7.0429044957464 0.1159
-7.04293781560169 0.1158
-7.04297523389507 0.1157
-7.04303141839532 0.1156
-7.04308462527234 0.1155
-7.0431593198978 0.1154
-7.04322714098132 0.1153
-7.04329836722642 0.1152
-7.04338529236684 0.1151
-7.04346305411467 0.115
-7.04353136516998 0.1149
-7.04358817486257 0.1148
-7.04364723866151 0.1147
-7.04370709431181 0.1146
-7.04378041612353 0.1145
-7.0438561627927 0.1144
-7.04391548111281 0.1143
-7.04399248685931 0.1142
-7.04407134358052 0.1141
-7.04415027366427 0.114
-7.04423184284699 0.1139
-7.04432056194396 0.1138
-7.04441889152557 0.1137
-7.04450240691036 0.1136
-7.0445854951196 0.1135
-7.04466865509619 0.1134
-7.04473308848916 0.1133
-7.04479544530402 0.1132
-7.04484642023607 0.1131
-7.04487801875585 0.113
-7.04491074293797 0.1129
-7.04493737398667 0.1128
-7.04498019696232 0.1127
-7.04501899267013 0.1126
-7.04504840785705 0.1125
-7.04508167065364 0.1124
-7.04509035654952 0.1123
-7.04509193715345 0.1122
-7.04510510390136 0.1121
-7.04511494539145 0.112
-7.04511083165512 0.1119
-7.04510248472748 0.1118
-7.04509250982161 0.1117
-7.04508044153721 0.1116
-7.04506109613117 0.1115
-7.04503915736799 0.1114
-7.04503182068461 0.1113
-7.045021279211 0.1112
-7.04501715388876 0.1111
-7.04503291345951 0.111
-7.04505426484081 0.1109
-7.04506255899865 0.1108
-7.04508851421484 0.1107
-7.0451150384098 0.1106
-7.04514055441681 0.1105
-7.04515679326653 0.1104
-7.04517400360301 0.1103
-7.04519682736853 0.1102
-7.04521967243387 0.1101
-7.04524773035561 0.11
-7.04529405782176 0.1099
-7.04534586792014 0.1098
-7.04538007141802 0.1097
-7.04543606267371 0.1096
-7.04546668096654 0.1095
-7.04551111680589 0.1094
-7.04555746753125 0.1093
-7.04559972771886 0.1092
-7.04563546345487 0.1091
-7.04565029735045 0.109
-7.0456480521516 0.1089
-7.04564051150612 0.1088
-7.04564740047308 0.1087
-7.04565767205725 0.1086
-7.04566199097682 0.1085
-7.0456680147488 0.1084
-7.04564103515444 0.1083
-7.04558366982303 0.1082
-7.04550789238407 0.1081
-7.04542470140301 0.108
-7.04533725067946 0.1079
-7.04523228699234 0.1078
-7.04510053921338 0.1077
-7.04496787283006 0.1076
-7.0448334206908 0.1075
-7.0446910546324 0.1074
-7.0445512687552 0.1073
-7.04441256760609 0.1072
-7.04427250106035 0.1071
-7.04414278318233 0.107
-7.04401218480359 0.1069
-7.04388593025983 0.1068
-7.04377715457123 0.1067
-7.04367063555025 0.1066
-7.04357055418338 0.1065
-7.04347464183755 0.1064
-7.04338669237302 0.1063
-7.04331155006115 0.1062
-7.04324685520056 0.1061
-7.04318342559247 0.106
-7.04312668648662 0.1059
-7.04307879800377 0.1058
-7.04304759435825 0.1057
-7.04301379043594 0.1056
-7.04300644307785 0.1055
-7.04301515076278 0.1054
-7.0430297931476 0.1053
-7.04305247125007 0.1052
-7.04307778910326 0.1051
-7.04310642927809 0.105
-7.04313928519265 0.1049
-7.04318949110418 0.1048
-7.04324652861399 0.1047
-7.04329690104925 0.1046
-7.04334878891872 0.1045
-7.04340312530918 0.1044
-7.04345634865154 0.1043
-7.04348702256158 0.1042
-7.04351104596223 0.1041
-7.04353603511229 0.104
-7.04356707342122 0.1039
-7.0435943826904 0.1038
-7.04362373438093 0.1037
-7.04363043482968 0.1036
-7.04363328962222 0.1035
-7.04361300418262 0.1034
-7.04359279491294 0.1033
-7.04356122979242 0.1032
-7.04352821695921 0.1031
-7.04349983577189 0.103
-7.04347914697655 0.1029
-7.04346173400713 0.1028
-7.04345045095255 0.1027
-7.04343861754373 0.1026
-7.04342497369005 0.1025
-7.04341546512269 0.1024
-7.04340037924354 0.1023
-7.04339847644122 0.1022
-7.0434136056719 0.1021
-7.0434311586327 0.102
-7.04345669460512 0.1019
-7.04348523024855 0.1018
-7.04351761045227 0.1017
-7.0435706242886 0.1016
-7.04363331178119 0.1015
-7.04368314474739 0.1014
-7.04372808320455 0.1013
-7.04378120715675 0.1012
-7.04383955385359 0.1011
-7.04390650626523 0.101
-7.04398922768223 0.1009
-7.04406261280177 0.1008
-7.04413523073269 0.1007
-7.04420767799085 0.1006
-7.0442586553533 0.1005
-7.04431375209403 0.1004
-7.04434714143335 0.1003
-7.04437136350242 0.1002
-7.04438881830275 0.1001
-7.04440704640409 0.1
-7.04441247054292 0.0999
-7.04441130911147 0.0998
-7.04440167265965 0.0997
-7.04438337239727 0.0996
-7.04437053359724 0.0995
-7.04435049674643 0.0994
-7.04431893906805 0.0993000000000001
-7.04428062561272 0.0992
-7.04425174458529 0.0991
-7.04424071572064 0.099
-7.04421909577119 0.0989
-7.04422378548351 0.0988
-7.04424025348592 0.0987
-7.04426029801827 0.0986
-7.04427601024955 0.0985
-7.04427287674695 0.0984
-7.04426379621507 0.0983000000000001
-7.04423563652192 0.0982
-7.04420316246979 0.0981
-7.0441564831277 0.098
-7.04410253428787 0.0979
-7.04404102513689 0.0978
-7.04398173204676 0.0977
-7.04393983015074 0.0976
-7.04388816078378 0.0975
-7.04385104857341 0.0974
-7.04381064336845 0.0973000000000001
-7.0437746172571 0.0972
-7.04373326840773 0.0971
-7.04369407445713 0.097
-7.04366609104534 0.0969
-7.04362664406654 0.0968
-7.04357261308795 0.0967
-7.04353171044239 0.0966
-7.04348356075877 0.0965
-7.0434399496064 0.0964
-7.0433973848197 0.0963000000000001
-7.04336511542499 0.0962
-7.04335482885951 0.0961
-7.04337195137889 0.096
-7.04337911298979 0.0959
-7.04338597580886 0.0958
-7.04338902931442 0.0957
-7.04338939833262 0.0956
-7.04336078240005 0.0955
-7.04332341825743 0.0954
-7.04326213733649 0.0953000000000001
-7.04319532584424 0.0952
-7.04312487224643 0.0951
-7.04305814553382 0.095
-7.04298199587598 0.0949
-7.04289677878233 0.0948
-7.04282603026953 0.0947
-7.04275546524246 0.0946
-7.0426979763962 0.0945
-7.04263840339494 0.0944
-7.04259081234796 0.0943000000000001
-7.04256881630519 0.0942
-7.0425636489748 0.0941
-7.04254295742699 0.094
-7.0425396257669 0.0939
-7.04255974491955 0.0938
-7.04257837650704 0.0937
-7.04260899289559 0.0936
-7.04265797479599 0.0935
-7.04272852474717 0.0934
-7.04281007548679 0.0933
-7.04290644016912 0.0931999999999999
-7.04301949149764 0.0931
-7.04313861542767 0.093
-7.04326811551497 0.0929
-7.04342139951839 0.0928
-7.04357038799046 0.0927
-7.04372263236192 0.0926
-7.04387851934968 0.0925
-7.0440434268458 0.0924
-7.04423395728791 0.0923
-7.04441368971246 0.0921999999999999
-7.04458108037812 0.0921
-7.04472799557727 0.092
-7.04485798629722 0.0919
-7.04498408389557 0.0918
-7.04511914760301 0.0917
-7.04525433299959 0.0916
-7.04538307861231 0.0915
-7.04547960190011 0.0914
-7.045568212755 0.0913
-7.04563128034087 0.0911999999999999
-7.04567148706812 0.0911
-7.04568342447864 0.091
-7.04569836515688 0.0909
-7.04572417390358 0.0908
-7.04576413347638 0.0907
-7.04579705477425 0.0906
-7.04583110575678 0.0905
-7.04587862855014 0.0904
-7.04592442771833 0.0903
-7.04598281422606 0.0901999999999999
-7.04604508940125 0.0901
-7.04611341063839 0.09
-7.04618883834354 0.0899
-7.04627778423952 0.0898
-7.04636226041844 0.0897
-7.04644464334422 0.0896
-7.04653780363951 0.0895
-7.04664383922118 0.0894
-7.04675175129711 0.0893
-7.04684563488923 0.0891999999999999
-7.04693727357673 0.0891
-7.04702174029291 0.089
-7.04711010443365 0.0889
-7.04721198784534 0.0888
-7.04731115947245 0.0887
-7.04740353575909 0.0886
-7.04750099439381 0.0885
-7.04758814003394 0.0884
-7.04768355638823 0.0883
-7.04776949989735 0.0881999999999999
-7.047858605163 0.0881
-7.04793232057463 0.088
-7.04800173588578 0.0879
-7.04806542152124 0.0878
-7.04811464640249 0.0877
-7.04814264745746 0.0876
-7.04815390951935 0.0875
-7.04814078150814 0.0874
-7.04810239640819 0.0873
-7.04805445825682 0.0872000000000001
-7.04800228673818 0.0871
-7.04795280454826 0.087
-7.04790041002305 0.0869
-7.04784894768797 0.0868
-7.04782120863554 0.0867
-7.04779460456907 0.0866
-7.04776939167012 0.0865
-7.04774247008578 0.0864
-7.04773552457045 0.0863
-7.0477442568671 0.0862000000000001
-7.0477530160794 0.0861
-7.04776183653263 0.086
-7.04775876238586 0.0859
-7.04776315345655 0.0858
-7.04778315169967 0.0857
-7.04779985009864 0.0856
-7.0478265736676 0.0855
-7.04785182797531 0.0854
-7.04787681284475 0.0853
-7.04790745454142 0.0852000000000001
-7.04793940974493 0.0851
-7.04797015390808 0.085
-7.04801442095122 0.0849
-7.04805839943727 0.0848
-7.04808985478855 0.0847
-7.0481309626878 0.0846
-7.04818602122682 0.0845
-7.04823540603718 0.0844
-7.04828250871137 0.0843
-7.04833874827108 0.0842000000000001
-7.0483730080063 0.0841
-7.04838491098739 0.084
-7.048391395237 0.0839
-7.04838727060266 0.0838
-7.04837605620613 0.0837
-7.04835203570536 0.0836
-7.04833325997333 0.0835
-7.04830703723244 0.0834
-7.04828931100793 0.0833
-7.04827158567703 0.0832000000000001
-7.04827706695433 0.0831
-7.04831877790583 0.083
-7.04836611024112 0.0829
-7.04839947638434 0.0828
-7.04842437288998 0.0827
-7.04845842020106 0.0826
-7.04849940025531 0.0825
-7.04854491152271 0.0824
-7.04859553488578 0.0823
-7.04863819108866 0.0822000000000001
-7.04867841032319 0.0821
-7.04870340630827 0.082
-7.04872655069257 0.0819
-7.04874621910303 0.0818
-7.04875982140446 0.0817
-7.04877626002026 0.0816
-7.04879179774355 0.0815
-7.04880818956458 0.0814
-7.04881441257294 0.0813
-7.04884275218718 0.0812
-7.04886837513427 0.0810999999999999
-7.04889034454693 0.081
-7.04889408410794 0.0809
-7.04889005303233 0.0808
-7.0488798154436 0.0807
-7.04885613241408 0.0806
-7.04882219691306 0.0805
-7.04877842953261 0.0804
-7.04871334724835 0.0803
-7.04863568146214 0.0802
-7.04855021246443 0.0800999999999999
-7.0484565097954 0.08
-7.04836931074815 0.0799
-7.04827677978261 0.0798
-7.0481825962908 0.0797
-7.04808550388733 0.0796
-7.04797728627226 0.0795
-7.04785856373541 0.0794
-7.04774306814788 0.0793
-7.04762767877178 0.0792
-7.04751878985247 0.0790999999999999
-7.04740191666389 0.079
-7.04728181552018 0.0789
-7.04717675854434 0.0788
-7.04708015871516 0.0787
-7.04700422050988 0.0786
-7.04692727035388 0.0785
-7.04684799844699 0.0784
-7.04679288577021 0.0783
-7.04675390893491 0.0782
-7.0467399146989 0.0780999999999999
-7.04673980745609 0.078
-7.04676039074513 0.0779
-7.04678088253783 0.0778
-7.04680186987426 0.0777
-7.04681385313028 0.0776
-7.04684519893125 0.0775
-7.04689107611052 0.0774
-7.04696503024828 0.0773
-7.04705203259393 0.0772
-7.04714048517587 0.0770999999999999
-7.04721847288999 0.077
-7.04729222567198 0.0769
-7.04737089214954 0.0768
-7.04745476863225 0.0767
-7.04754378170375 0.0766
-7.04762370683902 0.0765
-7.04771406432411 0.0764
-7.04780551027903 0.0763
-7.0479052162554 0.0762
-7.04798328456999 0.0760999999999999
-7.0480634477865 0.076
-7.04812417963909 0.0759
-7.04817140973419 0.0758
-7.04820794773398 0.0757
-7.04823848574402 0.0756
-7.04827215395068 0.0755
-7.04829291388995 0.0754
-7.04829776195341 0.0753
-7.04828292894726 0.0752
-7.04823053176425 0.0750999999999999
-7.04816397458278 0.075
-7.04807315944825 0.0749
-7.04797935197193 0.0748
-7.04787557146452 0.0747
-7.04776659812425 0.0746
-7.0476412413348 0.0745
-7.04749786230353 0.0744
-7.04736687671828 0.0743
-7.04722684857504 0.0742
-7.04709674471053 0.0741000000000001
-7.04697547748757 0.074
-7.04685949218567 0.0739
-7.04672995706269 0.0738
-7.04660423875665 0.0737
-7.04648374961429 0.0736
-7.04636303102197 0.0735
-7.04626006611945 0.0734
-7.04614990488363 0.0733
-7.04603794474515 0.0732
-7.04593283732537 0.0731000000000001
-7.04585130602449 0.073
-7.04578610809624 0.0729
-7.04574471505918 0.0728
-7.04573521817616 0.0727
-7.04574685325327 0.0726
-7.04575983243784 0.0725
-7.04578853378089 0.0724
-7.04583606458478 0.0723
-7.04587593649969 0.0722
-7.04594042746498 0.0721000000000001
-7.04601696097665 0.072
-7.04611648413267 0.0719
-7.04623186938455 0.0718
-7.04635442575581 0.0717
-7.04648959174815 0.0716
-7.0466271699798 0.0715
-7.04676868804627 0.0714
-7.04691445464355 0.0713
-7.0470461558749 0.0712
-7.04717230614671 0.0711000000000001
-7.04729578588262 0.071
-7.04741516776717 0.0709
-7.04752955993678 0.0708
-7.04764247176088 0.0707
-7.04774379941298 0.0706
-7.04781654682971 0.0705
-7.04788134675274 0.0704
-7.0479374989048 0.0703
-7.04797950347702 0.0702
-7.04801492581811 0.0701000000000001
-7.04804029789544 0.07
-7.04807325802038 0.0699
-7.04811767973659 0.0698
-7.04814052959748 0.0697
-7.04813786726549 0.0696
-7.048130092234 0.0695
-7.04813234889159 0.0694
-7.04815423529283 0.0693
-7.0481797849258 0.0692
-7.04819396647121 0.0691000000000001
-7.04821004070535 0.069
-7.04824360833739 0.0689
-7.04828207345545 0.0688
-7.04832665738862 0.0687
-7.04837533345797 0.0686
-7.04840814959669 0.0685
-7.04844619262808 0.0684
-7.04850020902329 0.0683
-7.04856144531718 0.0682
-7.04861988772705 0.0681
-7.04867398965755 0.0679999999999999
-7.04872967938083 0.0679
-7.04878088209131 0.0678
-7.04884511278969 0.0677
-7.04893321636867 0.0676
-7.04901482201823 0.0675
-7.0491107809141 0.0674
-7.04921243997485 0.0673
-7.04930280642876 0.0672
-7.04940117142692 0.0671
-7.04950814235997 0.0669999999999999
-7.04960687953156 0.0669
-7.04970482687064 0.0668
-7.04977479676638 0.0667
-7.04983666058346 0.0666
-7.04988733831344 0.0665
-7.04992578453363 0.0664
-7.04996220418832 0.0663
-7.04998566073977 0.0662
-7.04998863915379 0.0661
-7.04999233091541 0.0659999999999999
-7.04997674077422 0.0659
-7.04994097110416 0.0658
-7.04990108482203 0.0657
-7.04985074145362 0.0656
-7.04977578845908 0.0655
-7.04970502566223 0.0654
-7.04963730284974 0.0653
-7.04958451742667 0.0652
-7.04952475602685 0.0651
-7.04947029467327 0.0649999999999999
-7.04942188849141 0.0649
-7.04937995923702 0.0648
-7.04936219872551 0.0647
-7.04934882936543 0.0646
-7.0493246543169 0.0645
-7.04929153543815 0.0644
-7.04925631940513 0.0643
-7.04921448435328 0.0642
-7.04916818946465 0.0641
-7.04913604714532 0.0639999999999999
-7.04911010883982 0.0639
-7.04910334339581 0.0638
-7.04910634016646 0.0637
-7.04911253800957 0.0636
-7.04913388274731 0.0635
-7.04915274007486 0.0634
-7.04917708320767 0.0633
-7.04918387234158 0.0632
-7.04919362906508 0.0631
-7.04919809194107 0.0629999999999999
-7.04919182589303 0.0629
-7.04919295388005 0.0628
-7.04920178323777 0.0627
-7.04921371449861 0.0626
-7.04921527318748 0.0625
-7.04921730532963 0.0624
-7.04920522596542 0.0623
-7.04917837307459 0.0622
-7.04916159062528 0.0621
-7.04915135005328 0.0620000000000001
-7.04914671745529 0.0619
-7.04912226699237 0.0618
-7.04908745064351 0.0617
-7.0490417750132 0.0616
-7.04898343167641 0.0615
-7.0489205998486 0.0614
-7.04884628099515 0.0613
-7.04877152383418 0.0612
-7.0486926891412 0.0611
-7.04862185909144 0.0610000000000001
-7.04856154715655 0.0609
-7.04849552511176 0.0608
-7.04844176290575 0.0607
-7.04838662542189 0.0606
-7.04834390992062 0.0605
-7.04829005120387 0.0604
-7.04823756890334 0.0603
-7.04817171778707 0.0602
-7.04808896016587 0.0601
-7.04799675804604 0.0600000000000001
-7.04789437264279 0.0599
-7.04778341072276 0.0598
-7.04766743326136 0.0597
-7.04753173803067 0.0596
-7.04740243741742 0.0595
-7.04726292585698 0.0594
-7.04712185364971 0.0593
-7.04698123435332 0.0592
-7.04684911621034 0.0591
-7.04672695118565 0.0590000000000001
-7.04661091931396 0.0589
-7.04650031595513 0.0588
-7.04642135401888 0.0587
-7.04635752276047 0.0586
-7.04632127235988 0.0585
-7.04631128807209 0.0584
-7.04633570162539 0.0583
-7.04637062496839 0.0582
-7.04642587704227 0.0581
-7.04649270273775 0.0580000000000001
-7.04655314717242 0.0579
-7.0466323352518 0.0578
-7.04673069068222 0.0577
-7.04683141602392 0.0576
-7.04694457982266 0.0575
-7.04705459450635 0.0574
-7.04715973349182 0.0573
-7.04725873521198 0.0572
-7.04736919474366 0.0571
-7.04747518601785 0.0570000000000001
-7.04758713603733 0.0569
-7.0476921790496 0.0568
-7.04778897005387 0.0567
-7.04787464507719 0.0566
-7.04796610096311 0.0565
-7.0480527060363 0.0564
-7.04812844751791 0.0563
-7.04820536001702 0.0562
-7.04826620607359 0.0561
-7.04833397243745 0.056
-7.04840648625358 0.0558999999999999
-7.04846933340588 0.0558
-7.04853640510346 0.0557
-7.04859463089918 0.0556
-7.04864969176498 0.0555
-7.04870480907358 0.0554
-7.04876376144259 0.0553
-7.04882525199833 0.0552
-7.04886968856039 0.0551
-7.04890706118192 0.055
-7.04893811210813 0.0548999999999999
-7.04897459561004 0.0548
-7.04901643100803 0.0547
-7.04906054716522 0.0546
-7.04909950123499 0.0545
-7.0491468924428 0.0544
-7.04919345848177 0.0543
-7.04923158791268 0.0542
-7.04927357895707 0.0541
-7.04932852878721 0.054
-7.04939296423109 0.0538999999999999
-7.04946276488649 0.0538
-7.04953210695778 0.0537
-7.04958780627632 0.0536
-7.04964140335791 0.0535
-7.04969299720482 0.0534
-7.04972247125761 0.0533
-7.0497432196939 0.0532
-7.04976955972246 0.0531
-7.04980088538415 0.053
-7.0498380753958 0.0528999999999999
-7.0498658070111 0.0528
-7.04987466334233 0.0527
-7.04986899031451 0.0526
-7.04985806815765 0.0525
-7.04985724005561 0.0524
-7.0498482804272 0.0523
-7.04983625541852 0.0522
-7.04982626326824 0.0521
-7.04981299954845 0.052
-7.04982241578845 0.0518999999999999
-7.04984414294699 0.0518
-7.0498791850274 0.0517
-7.04992601709641 0.0516
-7.04997460950133 0.0515
-7.05002147322209 0.0514
-7.05007396754268 0.0513
-7.05013754247388 0.0512
-7.05020790428639 0.0511
-7.05029021450589 0.051
-7.0503822907994 0.0508999999999999
-7.0504943760263 0.0508
-7.05060185888355 0.0507
-7.0507201925935 0.0506
-7.05083585851576 0.0505
-7.05094085681211 0.0504
-7.05103261980229 0.0503
-7.05113056887286 0.0502
-7.0512142249197 0.0501
-7.05126849591103 0.05
-7.05130935556873 0.0499000000000001
-7.05135970018275 0.0498
-7.05140977005316 0.0497
-7.05144371002508 0.0496
-7.05146896470228 0.0495
-7.05148740328226 0.0494
-7.05150002590742 0.0493
-7.05150200337779 0.0492
-7.05150994140231 0.0491
-7.05151413742683 0.049
-7.05152143793015 0.0489000000000001
-7.05154934537012 0.0488
-7.05158039145715 0.0487
-7.05161026443729 0.0486
-7.05164501378553 0.0485
-7.05167407488233 0.0484
-7.0516970418323 0.0483
-7.05172077178734 0.0482
-7.05176268859232 0.0481
-7.05178040202752 0.048
-7.05178791256885 0.0479000000000001
-7.05179949434561 0.0478
-7.05180252625542 0.0477
-7.05179932264183 0.0476
-7.05181748682525 0.0475
-7.05181798128607 0.0474
-7.05181395156639 0.0473
-7.05180351057958 0.0472
-7.0517853848695 0.0471
-7.05176519556206 0.047
-7.05176061395366 0.0469000000000001
-7.05175538739302 0.0468
-7.05173829628341 0.0467
-7.05171711009539 0.0466
-7.05167489325247 0.0465
-7.05162519508376 0.0464
-7.05158334617551 0.0463
-7.05154943526659 0.0462
-7.05152413262194 0.0461
-7.05150623769511 0.046
-7.05148722156032 0.0459000000000001
-7.0514764306036 0.0458
-7.05148251797265 0.0457
-7.05149610009705 0.0456
-7.05153049079856 0.0455
-7.05156666954961 0.0454
-7.05160102626604 0.0453
-7.05164495896518 0.0452
-7.05171021527704 0.0451
-7.05178388340438 0.045
-7.05186723942856 0.0449000000000001
-7.05194079927568 0.0448
-7.05202588099597 0.0447
-7.05211278474226 0.0446
-7.05219222450134 0.0445
-7.05227704770216 0.0444
-7.05234754469311 0.0443
-7.05242019317919 0.0442
-7.05248698306603 0.0441
-7.05253387211734 0.044
-7.05257004683765 0.0439000000000001
-7.05259530409086 0.0438
-7.05261053337032 0.0437
-7.05262788754777 0.0436
-7.05263967385079 0.0435
-7.05266259833536 0.0434
-7.05267778864813 0.0433
-7.05268441810295 0.0432
-7.05267684734807 0.0431
-7.0526737854443 0.043
-7.05267325880681 0.0429
-7.05266701172334 0.0427999999999999
-7.05265575603657 0.0427
-7.05262950235974 0.0426
-7.05260191242022 0.0425
-7.05256630465291 0.0424
-7.05253536737439 0.0423
-7.05249976539248 0.0422
-7.05246353610566 0.0421
-7.05242934036947 0.042
-7.05237990948566 0.0419
-7.05231402558642 0.0417999999999999
-7.05225306982684 0.0417
-7.05219217469744 0.0416
-7.05211466451297 0.0415
-7.05202085719107 0.0414
-7.05193327230965 0.0413
-7.05184379892309 0.0412
-7.05174406499269 0.0411
-7.05165069823106 0.041
-7.05157682739689 0.0409
-7.05149854266844 0.0407999999999999
-7.05143363516749 0.0407
-7.05137498388877 0.0406
-7.05133122915365 0.0405
-7.0513017120962 0.0404
-7.05128493143548 0.0403
-7.0513068236082 0.0402
-7.05135616061046 0.0401
-7.05142650123783 0.04
-7.05150984808247 0.0399
-7.05160068909892 0.0397999999999999
-7.05170793023146 0.0397
-7.05181789285114 0.0396
-7.05194689863575 0.0395
-7.05208270892615 0.0394
-7.0522107096836 0.0393
-7.052318347651 0.0392
-7.05242217472719 0.0391
-7.05249810492779 0.039
-7.05254546171617 0.0389
-7.05256774115846 0.0387999999999999
-7.05257067800675 0.0387
-7.05257005411444 0.0386
-7.05257260581647 0.0385
-7.05259523853794 0.0384
-7.05260875422941 0.0383
-7.05261268446509 0.0382
-7.05262967504273 0.0381
-7.05263906437466 0.038
-7.05263812181129 0.0379
-7.05264830796737 0.0377999999999999
-7.05267772004471 0.0377
-7.05271233055776 0.0376
-7.0527415030198 0.0375
-7.05278167815627 0.0374
-7.05281175650393 0.0373
-7.05284075741963 0.0372
-7.0528733034687 0.0371
-7.05289699070994 0.037
-7.05291225944489 0.0369
-7.05292166137402 0.0368000000000001
-7.05291313419523 0.0367
-7.05288808771401 0.0366
-7.05285033541648 0.0365
-7.05279221996734 0.0364
-7.05271790674268 0.0363
-7.05264257287496 0.0362
-7.05255392148521 0.0361
-7.05246877210022 0.036
-7.05238979437924 0.0359
-7.05230855316722 0.0358000000000001
-7.05220646573254 0.0357
-7.05211636309152 0.0356
-7.05205376237841 0.0355
-7.05200594548209 0.0354
-7.05196072473805 0.0353
-7.05193079988553 0.0352
-7.05191975879447 0.0351
-7.05193666712572 0.035
-7.05197367959772 0.0349
-7.05201562953034 0.0348000000000001
-7.05207412991861 0.0347
-7.0521403901702 0.0346
-7.0522097959563 0.0345
-7.05226529486871 0.0344
-7.05231561515141 0.0343
-7.05235922236611 0.0342
-7.05241547885634 0.0341
-7.05246650471583 0.034
-7.05249413565714 0.0339
-7.05250651090783 0.0338000000000001
-7.05250779747361 0.0337
-7.05249530687005 0.0336
-7.05247665962119 0.0335
-7.05245053276131 0.0334
-7.05238332928617 0.0333
-7.0523041731195 0.0332
-7.05220989350684 0.0331
-7.05211524991033 0.033
-7.05199910333144 0.0329
-7.05187951282764 0.0328000000000001
-7.05175964581834 0.0327
-7.05164290634739 0.0326
-7.05151125815412 0.0325
-7.05138581955909 0.0324
-7.05127280105948 0.0323
-7.05117007177706 0.0322
-7.05107127261271 0.0321
-7.05099227609192 0.032
-7.05091457517251 0.0319
-7.05086340627092 0.0318000000000001
-7.05083174200868 0.0317
-7.05081459512212 0.0316
-7.0508083039514 0.0315
-7.05082333060991 0.0314
-7.05083475088477 0.0313
-7.05084311122869 0.0312
-7.05087711648983 0.0311
-7.05091842590112 0.031
-7.05094893645882 0.0309
-7.05096709753761 0.0308
-7.05097592966552 0.0306999999999999
-7.05095556501723 0.0306
-7.05092949053758 0.0305
-7.05090874956669 0.0304
-7.05089364996905 0.0303
-7.05087372805092 0.0302
-7.0508431805014 0.0301
-7.05080464228982 0.03
-7.05074849572081 0.0299
-7.05069218198516 0.0298
-7.05063595117274 0.0296999999999999
-7.05058037218058 0.0296
-7.05054461670943 0.0295
-7.05052785098855 0.0294
-7.0505181500016 0.0293
-7.05051881948041 0.0292
-7.05055214106959 0.0291
-7.05059517971957 0.029
-7.05066796855561 0.0289
-7.0507550228816 0.0288
-7.05084899459029 0.0286999999999999
-7.05097209522347 0.0286
-7.05110688987913 0.0285
-7.05125895924038 0.0284
-7.05141479987888 0.0283
-7.05156474893473 0.0282
-7.05171507448304 0.0281
-7.05186411774281 0.028
-7.05197710272621 0.0279
-7.05207650613465 0.0278
-7.05215742850321 0.0276999999999999
-7.05221972394948 0.0276
-7.05225425384649 0.0275
-7.05225941189812 0.0274
-7.05225081359662 0.0273
-7.05221827822256 0.0272
-7.05217346725446 0.0271
-7.05209661627144 0.027
-7.05199411430523 0.0269
-7.05187871477052 0.0268
-7.05174909949937 0.0266999999999999
-7.05162160251349 0.0266
-7.05150008201637 0.0265
-7.05138371650932 0.0264
-7.05127070219156 0.0263
-7.05115619256525 0.0262
-7.05106008601538 0.0261
-7.05099030139312 0.026
-7.05092275446801 0.0259
-7.05086455183652 0.0258
-7.05081053318676 0.0256999999999999
-7.05077424711536 0.0256
-7.0507609295634 0.0255
-7.05075983096758 0.0254
-7.0507706630206 0.0253
-7.05080240031309 0.0252
-7.05085328879708 0.0251
-7.05090801485565 0.025
-7.05094766250642 0.0249
-7.05097740607389 0.0248
-7.05100254299023 0.0247000000000001
-7.05101392441583 0.0246
-7.05102955928805 0.0245
-7.05103018037927 0.0244
-7.05100483802327 0.0243
-7.0509681910287 0.0242
-7.05093391846061 0.0241
-7.05090300097881 0.024
-7.05088001045228 0.0239
-7.05086421666113 0.0238
-7.05086086396789 0.0237000000000001
-7.05087097920292 0.0236
-7.05089772905541 0.0235
-7.05093065333111 0.0234
-7.05098013979865 0.0233
-7.05103272260522 0.0232
-7.05107754383908 0.0231
-7.05113769330775 0.023
-7.05119579283797 0.0229
-7.05126799981473 0.0228
-7.05134046481593 0.0227000000000001
-7.05141084941024 0.0226
-7.0514681001845 0.0225
-7.05151190084057 0.0224
-7.0515387849254 0.0223
-7.05154669770369 0.0222
-7.05154596406467 0.0221
-7.05152578066745 0.022
-7.05148403140029 0.0219
-7.05143612322795 0.0218
-7.05137422126932 0.0217000000000001
-7.05130236775943 0.0216
-7.05120905289219 0.0215
-7.05112757066765 0.0214
-7.05102942245393 0.0213
-7.0509266001832 0.0212
-7.05081192178579 0.0211
-7.05071429160581 0.021
-7.05065199786159 0.0209
-7.05059203371848 0.0208
-7.05053735245901 0.0207000000000001
-7.05046517418691 0.0206
-7.05041203126984 0.0205
-7.05038242750665 0.0204
-7.05036735867772 0.0203
-7.05035873849727 0.0202
-7.05035684957246 0.0201
-7.05036666546427 0.02
-7.05038824023439 0.0199
-7.05043226637137 0.0198
-7.05048437065318 0.0197000000000001
-7.05055814430036 0.0196
-7.05064279112795 0.0195
-7.05073296131125 0.0194
-7.05082585590064 0.0193
-7.05091932107835 0.0192
-7.05101252221276 0.0191
-7.05110557200891 0.019
-7.05119091911386 0.0189
-7.051280363837 0.0188
-7.05136303047483 0.0187
-7.05142481649335 0.0185999999999999
-7.05147787516674 0.0185
-7.05154450417128 0.0184
-7.05159905181234 0.0183
-7.051664002554 0.0182
-7.05171402748916 0.0181
-7.0517481420483 0.018
-7.05174766344037 0.0179
-7.05174369055953 0.0178
-7.05172350916161 0.0177
-7.05170863721252 0.0175999999999999
-7.05169325536356 0.0175
-7.05167126802524 0.0174
-7.05166675170053 0.0173
-7.05166805427838 0.0172
-7.0516863299844 0.0171
-7.05171472057727 0.017
-7.05176245278945 0.0169
-7.05182956712329 0.0168
-7.05189006786463 0.0167
-7.05196580184651 0.0165999999999999
-7.05205635711124 0.0165
-7.05217145233249 0.0164
-7.05229784039897 0.0163
-7.05243713393896 0.0162
-7.05260085833832 0.0161
-7.05277924578962 0.016
-7.05296948629259 0.0159
-7.05317314565222 0.0158
-7.05338973344115 0.0157
-7.05360796006894 0.0155999999999999
-7.05382305166737 0.0155
-7.05403954908225 0.0154
-7.05426237768578 0.0153
-7.05448330696958 0.0152
-7.05471253638711 0.0151
-7.05493266112405 0.015
-7.05515093385163 0.0149
-7.05537190100524 0.0148
-7.05559249031039 0.0147
-7.0558005628062 0.0145999999999999
-7.05600324795522 0.0145
-7.05617710480205 0.0144
-7.05633113669098 0.0143
-7.0564648383523 0.0142
-7.05657791880879 0.0141
-7.05666505824313 0.014
-7.05672442170411 0.0139
-7.05676404615151 0.0138
-7.05677115367987 0.0137
-7.05675422170691 0.0135999999999999
-7.05671236973134 0.0135
-7.05664626526074 0.0134
-7.05656331072721 0.0133
-7.0564745728258 0.0132
-7.0563696296333 0.0131
-7.05625912260874 0.013
-7.05612699868301 0.0129
-7.05598171863374 0.0128
-7.05581779823596 0.0127
-7.05563907903363 0.0125999999999999
-7.05545754095636 0.0125
-7.05529507383798 0.0124
-7.05513362656293 0.0123
-7.05496638767764 0.0122
-7.05481020952746 0.0121
-7.05466269722767 0.012
-7.05452360055994 0.0119
-7.05439769195425 0.0118
-7.05430701668213 0.0117
-7.05421686173886 0.0116000000000001
-7.054132319964 0.0115
-7.05406558217355 0.0114
-7.05401327667785 0.0113
-7.05398679449916 0.0112
-7.0539800637508 0.0111
-7.05397328268695 0.011
-7.05398524065485 0.0109
-7.05402691588855 0.0108
-7.05406487304654 0.0107
-7.05411677839844 0.0106000000000001
-7.05418932112398 0.0105
-7.05425589934553 0.0104
-7.05434082077691 0.0103
-7.05442975349076 0.0102
-7.0545141865429 0.0101
-7.05459044657119 0.01
-7.05465703482836 0.00990000000000002
-7.05473233426241 0.00980000000000003
-7.05479474748106 0.00970000000000004
-7.05484122157942 0.00960000000000005
-7.05487469961506 0.00949999999999995
-7.05489889822319 0.00939999999999996
-7.05491422711947 0.00929999999999997
-7.05490895539756 0.00919999999999999
-7.05490221893554 0.0091
-7.05488136474144 0.00900000000000001
-7.05486461612598 0.00890000000000002
-7.05484427327203 0.00880000000000003
-7.05480994637944 0.00870000000000004
-7.05478132728332 0.00860000000000005
-7.05475497643042 0.00849999999999995
-7.05473260128594 0.00839999999999996
-7.05470209749517 0.00829999999999997
-7.05466133384396 0.00819999999999999
-7.05461503582473 0.0081
-7.05456202571849 0.00800000000000001
-7.05451845525163 0.00790000000000002
-7.05447371770053 0.00780000000000003
-7.05444303162054 0.00770000000000004
-7.05439341917866 0.00760000000000005
-7.05435057249243 0.00749999999999995
-7.05429094882672 0.00739999999999996
-7.05423404052788 0.00729999999999997
-7.05417924152993 0.00719999999999998
-7.05411777776645 0.0071
-7.05406407609613 0.00700000000000001
-7.05401155380242 0.00690000000000002
-7.05396645927467 0.00680000000000003
-7.05391274923744 0.00670000000000004
-7.05385528339936 0.00660000000000005
-7.05379815664145 0.00649999999999995
-7.053749711678 0.00639999999999996
-7.05371120540025 0.00629999999999997
-7.05367325555008 0.00619999999999998
-7.05363236642087 0.00609999999999999
-7.0535856480273 0.00600000000000001
-7.05355453410029 0.00590000000000002
-7.05353077383536 0.00580000000000003
-7.053515792262 0.00570000000000004
-7.05350481583209 0.00560000000000005
-7.05350425599221 0.00549999999999995
-7.05352043341348 0.00539999999999996
-7.05355321114521 0.00529999999999997
-7.05359136492264 0.00519999999999998
-7.05365068613295 0.00509999999999999
-7.05371237886399 0.005
-7.05376299092354 0.00490000000000002
-7.05383538529068 0.00480000000000003
-7.05391306131669 0.00470000000000004
-7.05397790785855 0.00460000000000005
-7.05403785229912 0.00449999999999995
-7.05412246324993 0.00439999999999996
-7.05420324753165 0.00429999999999997
-7.05429462149262 0.00419999999999998
-7.0543971734369 0.00409999999999999
-7.0545051319254 0.004
-7.05461403209837 0.00390000000000001
-7.05472701215235 0.00380000000000003
-7.05484546937671 0.00370000000000004
-7.0549561871554 0.00360000000000005
-7.05507326680459 0.00349999999999995
-7.05520681647333 0.00339999999999996
-7.05531930096738 0.00329999999999997
-7.05544109981304 0.00319999999999998
-7.05557903545231 0.00309999999999999
-7.0557193827149 0.003
-7.05584581102003 0.00290000000000001
-7.05596883778781 0.00280000000000002
-7.05608107934044 0.00270000000000004
-7.05617564021731 0.00260000000000005
-7.05625662834943 0.00249999999999995
-7.05631305526324 0.00239999999999996
-7.05637721198775 0.00229999999999997
-7.05642112741911 0.00219999999999998
-7.05645577385727 0.00209999999999999
-7.05648204457979 0.002
-7.05650906213446 0.00190000000000001
-7.05653577925649 0.00180000000000002
-7.05655407569625 0.00170000000000003
-7.05655561906841 0.00160000000000005
-7.05654591810251 0.00149999999999995
-7.05652404052348 0.00139999999999996
-7.05649264970765 0.00129999999999997
-7.05644284130011 0.00119999999999998
-7.05639460297107 0.00109999999999999
-7.05634702930042 0.001
-7.05628931241976 0.000900000000000012
-7.05622131268978 0.000800000000000023
-7.0561371949242 0.000700000000000034
-7.05603997085321 0.000600000000000045
-7.05593138442868 0.000499999999999945
-7.05581271122066 0.000399999999999956
-7.05569070854979 0.000299999999999967
-7.05557937646752 0.000199999999999978
-7.05548348810458 9.9999999999989e-05
-7.05538946038903 0
