# Fix print output for fix f5
-6.93833020281372 1
-6.93856447223998 0.9999
-6.93881931797615 0.9998
-6.93905923898087 0.9997
-6.9393262050574 0.9996
-6.93955839295282 0.9995
-6.93977750511722 0.9994
-6.93998783319937 0.9993
-6.94013708446629 0.9992
-6.94031060984864 0.9991
-6.94052333915587 0.999
-6.94073976440373 0.9989
-6.94093215343097 0.9988
-6.94113072479855 0.9987
-6.94129713328277 0.9986
-6.94146386329929 0.9985
-6.94160178039206 0.9984
-6.94173729740197 0.9983
-6.94187675452959 0.9982
-6.94202389906118 0.9981
-6.94216333507595 0.998
-6.94229254317195 0.9979
-6.94236838114266 0.9978
-6.94241348285981 0.9977
-6.94244289108282 0.9976
-6.9424777496687 0.9975
-6.94248180256274 0.9974
-6.94251879388504 0.9973
-6.94252424708876 0.9972
-6.94247240475684 0.9971
-6.94241030287392 0.997
-6.94237309888636 0.9969
-6.94233071826921 0.9968
-6.94227535540799 0.9967
-6.94219179880084 0.9966
-6.94212114216354 0.9965
-6.94204526961243 0.9964
-6.9419547031647 0.9963
-6.94186544232922 0.9962
-6.9417502008321 0.9961
-6.94165366217398 0.996
-6.94160015821499 0.9959
-6.94152136924944 0.9958
-6.94144366159277 0.9957
-6.94135592622683 0.9956
-6.94129541958589 0.9955
-6.94123899157889 0.9954
-6.94125086110858 0.9953
-6.94126548067644 0.9952
-6.94128060243741 0.9951
-6.94132098147506 0.995
-6.94136235619669 0.9949
-6.94141493104551 0.9948
-6.94149303594502 0.9947
-6.94159762381697 0.9946
-6.94171137624661 0.9945
-6.94182963552213 0.9944
-6.94194689146963 0.9943
-6.94205157792813 0.9942
-6.9421791004341 0.9941
-6.94228323052103 0.994
-6.94234925823169 0.9939
-6.94241407421385 0.9938
-6.94242595379731 0.9937
-6.94242342829259 0.9936
-6.94243118950599 0.9935
-6.94244620485396 0.9934
-6.94247031282288 0.9933
-6.94248201190787 0.9932
-6.94250078217036 0.9931
-6.94251427591074 0.993
-6.94257258441407 0.9929
-6.94265310736202 0.9928
-6.94269008891955 0.9927
-6.94271195401464 0.9926
-6.94272985388214 0.9925
-6.9427504809831 0.9924
-6.94275584469294 0.9923
-6.94277224063569 0.9922
-6.94280109713772 0.9921
-6.94280501185619 0.992
-6.94281931089891 0.9919
-6.9427953445243 0.9918
-6.9427581666872 0.9917
-6.94269274449538 0.9916
-6.94263692570557 0.9915
-6.94257298751662 0.9914
-6.94251222346437 0.9913
-6.94243095373933 0.9912
-6.94235133401335 0.9911
-6.94228799652344 0.991
-6.94222169489053 0.9909
-6.94219182015059 0.9908
-6.94216404658566 0.9907
-6.94212949215496 0.9906
-6.94210700800669 0.9905
-6.94211704591617 0.9904
-6.94212721819345 0.9903
-6.94216115880881 0.9902
-6.94220973826211 0.9901
-6.94229110201121 0.99
-6.9424143172058 0.9899
-6.9425360762047 0.9898
-6.94270185311946 0.9897
-6.94283945869465 0.9896
-6.94297603955085 0.9895
-6.94311322019585 0.9894
-6.94323881870456 0.9893
-6.94334722308376 0.9892
-6.94345822304726 0.9891
-6.94356813246517 0.989
-6.94369205758109 0.9889
-6.94380859518794 0.9888
-6.9439485303522 0.9887
-6.94406393984683 0.9886
-6.94415638319087 0.9885
-6.94422605978077 0.9884
-6.94426739696622 0.9883
-6.94432305303146 0.9882
-6.94436007298563 0.9881
-6.94438291324481 0.988
-6.94435706277296 0.9879
-6.94435033502103 0.9878
-6.94433408232758 0.9877
-6.94430013409747 0.9876
-6.94423502800176 0.9875
-6.94420231187405 0.9874
-6.9441600097322 0.9873
-6.94411822349255 0.9872
-6.9440853945259 0.9871
-6.94405886530318 0.987
-6.94403856069715 0.9869
-6.94400202325123 0.9868
-6.94394719437459 0.9867
-6.94389451382254 0.9866
-6.94379167169402 0.9865
-6.9437001223229 0.9864
-6.94365834068084 0.9863
-6.94358978384574 0.9862
-6.9435432642051 0.9861
-6.94348503891496 0.986
-6.94343945725597 0.9859
-6.94342790484703 0.9858
-6.94341963702995 0.9857
-6.94341931228516 0.9856
-6.94342139196625 0.9855
-6.94341863106322 0.9854
-6.9434278387438 0.9853
-6.94344084369755 0.9852
-6.9434430627255 0.9851
-6.9434538853917 0.985
-6.94344503896683 0.9849
-6.9434108243091 0.9848
-6.94335619662143 0.9847
-6.94330932312099 0.9846
-6.94322568115186 0.9845
-6.94320045374295 0.9844
-6.94319699675053 0.9843
-6.94318524251578 0.9842
-6.94318727848086 0.9841
-6.94320319185062 0.984
-6.94323798004613 0.9839
-6.94330656955524 0.9838
-6.94339807729074 0.9837
-6.94349427530526 0.9836
-6.94359835179632 0.9835
-6.94370726007875 0.9834
-6.9438389142054 0.9833
-6.94397687086234 0.9832
-6.94415422337698 0.9831
-6.94436994030719 0.983
-6.9445780991487 0.9829
-6.94481065505247 0.9828
-6.9450761534884 0.9827
-6.94529736602747 0.9826
-6.94554737763224 0.9825
-6.94578883416534 0.9824
-6.946064490707 0.9823
-6.94634974698752 0.9822
-6.94663884452982 0.9821
-6.94690240500161 0.982
-6.94718855656816 0.9819
-6.9474310748117 0.9818
-6.94765402084209 0.9817
-6.9478940143258 0.9816
-6.94814269459196 0.9815
-6.94837770002887 0.9814
-6.94859649459418 0.9813
-6.94878994256034 0.9812
-6.94900739469368 0.9811
-6.94925013972519 0.981
-6.94946163820119 0.9809
-6.94964821052583 0.9808
-6.94982994919528 0.9807
-6.94999271757961 0.9806
-6.95011181904798 0.9805
-6.95022863900083 0.9804
-6.95035008825013 0.9803
-6.95043552026175 0.9802
-6.95052464559664 0.9801
-6.95055530350468 0.98
-6.95054679311456 0.9799
-6.95053697307392 0.9798
-6.95045282468769 0.9797
-6.95034063068755 0.9796
-6.95018169113985 0.9795
-6.94999245767681 0.9794
-6.9498101538327 0.9793
-6.94961519561132 0.9792
-6.94942286870489 0.9791
-6.94925332352076 0.979
-6.94906797552308 0.9789
-6.94888720542189 0.9788
-6.94869979534756 0.9787
-6.94849665436203 0.9786
-6.94825744359307 0.9785
-6.94803172210362 0.9784
-6.94784248302553 0.9783
-6.94769002418114 0.9782
-6.94755016294402 0.9781
-6.94739543995579 0.978
-6.94721683718115 0.9779
-6.94702891863025 0.9778
-6.9468391604064 0.9777
-6.94668248091697 0.9776
-6.94652704581645 0.9775
-6.94638470748935 0.9774
-6.9462419490368 0.9773
-6.94612817774819 0.9772
-6.94601941343563 0.9771
-6.94594302701597 0.977
-6.94586885738171 0.9769
-6.94582969876351 0.9768
-6.94581100997783 0.9767
-6.94584679955617 0.9766
-6.94589448535634 0.9765
-6.94594845858092 0.9764
-6.94605649892384 0.9763
-6.94615587071286 0.9762
-6.94624953459736 0.9761
-6.94633513939274 0.976
-6.94642993147134 0.9759
-6.94657146918039 0.9758
-6.94672151254249 0.9757
-6.94689143484691 0.9756
-6.94705651882058 0.9755
-6.94724418783688 0.9754
-6.94741701307699 0.9753
-6.94762103932476 0.9752
-6.94784942338599 0.9751
-6.94813443153488 0.975
-6.94842924243018 0.9749
-6.9487620007469 0.9748
-6.94911336721089 0.9747
-6.94947012663055 0.9746
-6.94987008336963 0.9745
-6.95024638472188 0.9744
-6.9506143519365 0.9743
-6.95098690307094 0.9742
-6.95135331527749 0.9741
-6.95170635905825 0.974
-6.95204148998644 0.9739
-6.95238699923281 0.9738
-6.95274236078648 0.9737
-6.95308976002849 0.9736
-6.95341283821553 0.9735
-6.95370629436437 0.9734
-6.95399019236491 0.9733
-6.95424501328749 0.9732
-6.95447720137349 0.9731
-6.95467663112682 0.973
-6.95485847722301 0.9729
-6.95502754512236 0.9728
-6.95516523588512 0.9727
-6.955309932056 0.9726
-6.95545614167239 0.9725
-6.95555892337087 0.9724
-6.95566331905096 0.9723
-6.95575081427432 0.9722
-6.95578103270416 0.9721
-6.95582047200941 0.972
-6.9558478438557 0.9719
-6.95586088042719 0.9718
-6.95588133112406 0.9717
-6.95586832508458 0.9716
-6.9558474300478 0.9715
-6.95581680045038 0.9714
-6.95577015748402 0.9713
-6.95570860538841 0.9712
-6.95561619262996 0.9711
-6.95549653680931 0.971
-6.95536365254041 0.9709
-6.95520330156096 0.9708
-6.95503106614593 0.9707
-6.95487871633792 0.9706
-6.95472032800675 0.9705
-6.95454138162006 0.9704
-6.95432942042451 0.9703
-6.95410523654813 0.9702
-6.95384582823851 0.9701
-6.95357978271531 0.97
-6.95329726418658 0.9699
-6.9530236358201 0.9698
-6.95274931551021 0.9697
-6.95249651611223 0.9696
-6.95223316399055 0.9695
-6.95196432035378 0.9694
-6.95170097074514 0.9693
-6.95144068375419 0.9692
-6.95119494618897 0.9691
-6.9509627603773 0.969
-6.95074747488221 0.9689
-6.95056459984559 0.9688
-6.95039305163496 0.9687
-6.95023115868361 0.9686
-6.95008767638255 0.9685
-6.94995447671761 0.9684
-6.94984102422742 0.9683
-6.94969138247334 0.9682
-6.94951733369205 0.9681
-6.94932920977932 0.968
-6.94912904742255 0.9679
-6.94895180718327 0.9678
-6.9487756246033 0.9677
-6.94859976306459 0.9676
-6.94843346675597 0.9675
-6.94828723573665 0.9674
-6.94811362206998 0.9673
-6.94793729318662 0.9672
-6.94778284927558 0.9671
-6.94764341088787 0.967
-6.94751135463362 0.9669
-6.94739096758632 0.9668
-6.94728501771186 0.9667
-6.94714458554892 0.9666
-6.94703664024671 0.9665
-6.94693623479124 0.9664
-6.9468680834362 0.9663
-6.94682147069798 0.9662
-6.94683483703118 0.9661
-6.94688957444148 0.966
-6.94695785778567 0.9659
-6.94703201885251 0.9658
-6.94714106897632 0.9657
-6.94728797387369 0.9656
-6.94747511907697 0.9655
-6.94766581607783 0.9654
-6.94791673017114 0.9653
-6.94819685876319 0.9652
-6.94850181767435 0.9651
-6.94883613735143 0.965
-6.94917196166546 0.9649
-6.94952587394513 0.9648
-6.9499141568492 0.9647
-6.95031995909526 0.9646
-6.95075758634414 0.9645
-6.95120212283813 0.9644
-6.95162828408893 0.9643
-6.9520631869041 0.9642
-6.95251304169693 0.9641
-6.95292333146636 0.964
-6.95328338776466 0.9639
-6.95361752013051 0.9638
-6.95392800685466 0.9637
-6.95417791202831 0.9636
-6.95439226691132 0.9635
-6.95452692778958 0.9634
-6.95462455473627 0.9633
-6.95469110635485 0.9632
-6.95473925570865 0.9631
-6.95474467909625 0.963
-6.95476961700497 0.9629
-6.9547687120006 0.9628
-6.95477827035256 0.9627
-6.95477702363358 0.9626
-6.95475767933476 0.9625
-6.95470220065735 0.9624
-6.95463990638688 0.9623
-6.95457051642068 0.9622
-6.95447147377752 0.9621
-6.95438018647667 0.962
-6.95426372333622 0.9619
-6.95412835926505 0.9618
-6.95400341807758 0.9617
-6.95388918251783 0.9616
-6.95377977110223 0.9615
-6.95366702967875 0.9614
-6.95352638314718 0.9613
-6.95341370494433 0.9612
-6.95328686687049 0.9611
-6.95321039523361 0.961
-6.95314320466246 0.9609
-6.9530873390423 0.9608
-6.95303557158355 0.9607
-6.95298501206803 0.9606
-6.9529577583011 0.9605
-6.9529359057247 0.9604
-6.95290748483422 0.9603
-6.95287294538535 0.9602
-6.95286361583178 0.9601
-6.95287685770648 0.96
-6.95289627374324 0.9599
-6.95292005437898 0.9598
-6.95294966765468 0.9597
-6.95297498982126 0.9596
-6.95299169362967 0.9595
-6.95302404775274 0.9594
-6.95310840516523 0.9593
-6.95316924434974 0.9592
-6.9532359682956 0.9591
-6.95333074547157 0.959
-6.95340394346538 0.9589
-6.95348406711984 0.9588
-6.95357610728565 0.9587
-6.95372261065173 0.9586
-6.95386791446542 0.9585
-6.95404906146524 0.9584
-6.9542554067885 0.9583
-6.95447865257088 0.9582
-6.95472480257556 0.9581
-6.95499120767369 0.958
-6.95527120885841 0.9579
-6.95557439488208 0.9578
-6.95587060398961 0.9577
-6.9562033525927 0.9576
-6.95654273302923 0.9575
-6.95688966689961 0.9574
-6.957265661813 0.9573
-6.95768526222001 0.9572
-6.95805922796253 0.9571
-6.95840764374363 0.957
-6.95873422863773 0.9569
-6.9590513098328 0.9568
-6.95933847889926 0.9567
-6.95960112381562 0.9566
-6.95985383272698 0.9565
-6.96007901369166 0.9564
-6.96024758304069 0.9563
-6.96040345709703 0.9562
-6.96050720598974 0.9561
-6.96057694361185 0.956
-6.9606042051351 0.9559
-6.96059273166748 0.9558
-6.9605647152027 0.9557
-6.96048402962262 0.9556
-6.96038016726692 0.9555
-6.96025601679073 0.9554
-6.96008160383865 0.9553
-6.95989197637391 0.9552
-6.95969933325997 0.9551
-6.95952031326709 0.955
-6.95935326166021 0.9549
-6.95915973761721 0.9548
-6.95898300305329 0.9547
-6.95879577991707 0.9546
-6.95859501653468 0.9545
-6.95839054583004 0.9544
-6.95819439127559 0.9543
-6.95805811372741 0.9542
-6.95796092726864 0.9541
-6.95788826463894 0.954
-6.95781535952117 0.9539
-6.95779244182446 0.9538
-6.95780490200822 0.9537
-6.9578709958231 0.9536
-6.95798292944362 0.9535
-6.95809491397387 0.9534
-6.95820670178464 0.9533
-6.95834869184922 0.9532
-6.95848465769915 0.9531
-6.95860278080555 0.953
-6.95872100829683 0.9529
-6.95882921421432 0.9528
-6.95895727098638 0.9527
-6.95908430953915 0.9526
-6.95921174208634 0.9525
-6.95934555813224 0.9524
-6.95944461047338 0.9523
-6.95951749387982 0.9522
-6.95959649729463 0.9521
-6.95965159973826 0.952
-6.95970684351453 0.9519
-6.95975542451583 0.9518
-6.9598097906555 0.9517
-6.9598785042109 0.9516
-6.9599484252744 0.9515
-6.96001920887571 0.9514
-6.9600643494061 0.9513
-6.96010470914731 0.9512
-6.96014330625707 0.9511
-6.96017355874292 0.951
-6.96015574683333 0.9509
-6.9601228282348 0.9508
-6.96011541784832 0.9507
-6.96009992186482 0.9506
-6.96004963243062 0.9505
-6.95999609626643 0.9504
-6.95996750436107 0.9503
-6.95990556876552 0.9502
-6.95982690485095 0.9501
-6.95972251925227 0.95
-6.95959844614579 0.9499
-6.95947244386526 0.9498
-6.95933826272768 0.9497
-6.95919794835151 0.9496
-6.95901389528164 0.9495
-6.95882791461293 0.9494
-6.95865931794974 0.9493
-6.95847765778715 0.9492
-6.95831812998961 0.9491
-6.95817573429858 0.949
-6.95798933769294 0.9489
-6.95777095472685 0.9488
-6.95754556013025 0.9487
-6.95735711545102 0.9486
-6.95717093715757 0.9485
-6.95701996703655 0.9484
-6.95692014029949 0.9483
-6.95683276298028 0.9482
-6.9567726730198 0.9481
-6.95674409699724 0.948
-6.95673672236586 0.9479
-6.95673454395245 0.9478
-6.9567206374669 0.9477
-6.95673607053227 0.9476
-6.95676008622747 0.9475
-6.95679700612946 0.9474
-6.95686671014491 0.9473
-6.95697749345632 0.9472
-6.957095755693 0.9471
-6.95722406385132 0.947
-6.95737538738462 0.9469
-6.95756769191071 0.9468
-6.95780167224404 0.9467
-6.95805690450715 0.9466
-6.95831857141174 0.9465
-6.95859120829609 0.9464
-6.95890573254816 0.9463
-6.95924243237326 0.9462
-6.95956989408575 0.9461
-6.95989635302083 0.946
-6.96019641606578 0.9459
-6.96052419399239 0.9458
-6.9608348875113 0.9457
-6.96109403424328 0.9456
-6.9613101028636 0.9455
-6.96149055931176 0.9454
-6.96166876495805 0.9453
-6.96186688414759 0.9452
-6.96201191188522 0.9451
-6.96209394530695 0.945
-6.96212193623432 0.9449
-6.96212561660513 0.9448
-6.96210228955586 0.9447
-6.96207077795243 0.9446
-6.96203867419155 0.9445
-6.96194587325074 0.9444
-6.96184220735953 0.9443
-6.96172741616645 0.9442
-6.96159693046661 0.9441
-6.9614518715273 0.944
-6.96129923377458 0.9439
-6.96115364783528 0.9438
-6.96099063472706 0.9437
-6.96082474091019 0.9436
-6.9606788865459 0.9435
-6.96058370158977 0.9434
-6.96051845364037 0.9433
-6.96050697804374 0.9432
-6.96050518034165 0.9431
-6.96051526970727 0.943
-6.96056778476909 0.9429
-6.9606032402207 0.9428
-6.96068001576052 0.9427
-6.96077085894764 0.9426
-6.96085652373012 0.9425
-6.96097757435183 0.9424
-6.96109807272315 0.9423
-6.96122425782675 0.9422
-6.96138678108839 0.9421
-6.96156672388987 0.942
-6.96173055033041 0.9419
-6.96186906297962 0.9418
-6.96202960959533 0.9417
-6.96216865457999 0.9416
-6.96225339884679 0.9415
-6.96231615441318 0.9414
-6.96234655013133 0.9413
-6.96237779194987 0.9412
-6.96240622771656 0.9411
-6.96243245062353 0.941
-6.9624440700716 0.9409
-6.96242750361425 0.9408
-6.96242548532469 0.9407
-6.9624908166016 0.9406
-6.96258982935776 0.9405
-6.96266517552865 0.9404
-6.96276412669799 0.9403
-6.96287738628461 0.9402
-6.96301800798025 0.9401
-6.96318135572781 0.94
-6.96335831681127 0.9399
-6.96355878336608 0.9398
-6.96376941511356 0.9397
-6.96398265965862 0.9396
-6.9642112231255 0.9395
-6.96443593369898 0.9394
-6.96468782375036 0.9393
-6.964917636282 0.9392
-6.9651238034862 0.9391
-6.96533323703019 0.939
-6.96551062972611 0.9389
-6.9656757303128 0.9388
-6.96579020581391 0.9387
-6.965883313595 0.9386
-6.96600616638149 0.9385
-6.96609173741098 0.9384
-6.96615101581387 0.9383
-6.96615647892082 0.9382
-6.96617308405764 0.9381
-6.96618503940992 0.938
-6.96617377360178 0.9379
-6.96618889711488 0.9378
-6.96617779043949 0.9377
-6.96614627657944 0.9376
-6.96609305759968 0.9375
-6.9659855789914 0.9374
-6.96584291058381 0.9373
-6.96570704631178 0.9372
-6.96558362260159 0.9371
-6.96543715100881 0.937
-6.96530040426883 0.9369
-6.96515560729093 0.9368
-6.96502656514223 0.9367
-6.96491206248963 0.9366
-6.96479772156378 0.9365
-6.96470078166939 0.9364
-6.96463670985718 0.9363
-6.96459334733271 0.9362
-6.96455299051707 0.9361
-6.96454655499835 0.936
-6.9645698736877 0.9359
-6.96462272813564 0.9358
-6.96469660909768 0.9357
-6.9647770697092 0.9356
-6.96486370997356 0.9355
-6.964985493098 0.9354
-6.96510881333825 0.9353
-6.96529897571139 0.9352
-6.9655221726983 0.9351
-6.9657709779852 0.935
-6.96602636170104 0.9349
-6.96629652987002 0.9348
-6.96659416966266 0.9347
-6.96690545760441 0.9346
-6.96723603353864 0.9345
-6.96758527302974 0.9344
-6.96797303341948 0.9343
-6.96832244156554 0.9342
-6.96867413463781 0.9341
-6.96900815303222 0.934
-6.96930075741256 0.9339
-6.96956221499374 0.9338
-6.96979572966244 0.9337
-6.97003398547387 0.9336
-6.97024033603684 0.9335
-6.97042987554473 0.9334
-6.97058425627387 0.9333
-6.97072325708231 0.9332
-6.9707998583528 0.9331
-6.97083426849253 0.933
-6.97081936977543 0.9329
-6.9707686054634 0.9328
-6.9706738088559 0.9327
-6.97054369459389 0.9326
-6.9703872027604 0.9325
-6.97024500851076 0.9324
-6.97008708725544 0.9323
-6.96989191204988 0.9322
-6.96967105928738 0.9321
-6.96940730649218 0.932
-6.9691385880959 0.9319
-6.96883180850152 0.9318
-6.96851276632935 0.9317
-6.96820315766648 0.9316
-6.96790651431797 0.9315
-6.96764476916902 0.9314
-6.96741152772179 0.9313
-6.96719115462456 0.9312
-6.96700278358359 0.9311
-6.96679520910942 0.931
-6.96660229412999 0.9309
-6.96640386758523 0.9308
-6.96623393971488 0.9307
-6.96608592974005 0.9306
-6.96594707690503 0.9305
-6.96582421528565 0.9304
-6.96572327177294 0.9303
-6.96565699816508 0.9302
-6.9655993471262 0.9301
-6.96559363579704 0.93
-6.96560499420845 0.9299
-6.96560809951706 0.9298
-6.96563132188648 0.9297
-6.965638328264 0.9296
-6.96567669442814 0.9295
-6.96570354158136 0.9294
-6.96570567422318 0.9293
-6.96567664511874 0.9292
-6.96563283271592 0.9291
-6.96555321098462 0.929
-6.96547760832213 0.9289
-6.9653898010822 0.9288
-6.96530310156324 0.9287
-6.96518204879775 0.9286
-6.96503304193349 0.9285
-6.96487678724013 0.9284
-6.96473348806004 0.9283
-6.9645852734992 0.9282
-6.96443690666529 0.9281
-6.96428309385993 0.928
-6.96411483940332 0.9279
-6.96396407264185 0.9278
-6.96382960317379 0.9277
-6.96370014964581 0.9276
-6.96357805050044 0.9275
-6.96347155526259 0.9274
-6.96340330458855 0.9273
-6.96335455299939 0.9272
-6.9633569400101 0.9271
-6.96338335733292 0.927
-6.96346785070947 0.9269
-6.96361411083288 0.9268
-6.96378939446557 0.9267
-6.96401540453685 0.9266
-6.96424113593476 0.9265
-6.96449167850895 0.9264
-6.96476543380184 0.9263
-6.96508421012199 0.9262
-6.96546063774628 0.9261
-6.9658115587109 0.926
-6.96614802607294 0.9259
-6.96647243442409 0.9258
-6.96682424492899 0.9257
-6.96718882579191 0.9256
-6.9675054876017 0.9255
-6.96780814345491 0.9254
-6.96807415206182 0.9253
-6.9682880347259 0.9252
-6.96848855050777 0.9251
-6.96867062225606 0.925
-6.96881213732486 0.9249
-6.9689386158991 0.9248
-6.96903987014538 0.9247
-6.96914630198666 0.9246
-6.96921228500414 0.9245
-6.96927108506789 0.9244
-6.96929738433331 0.9243
-6.96929801265124 0.9242
-6.96927549997449 0.9241
-6.96926608837399 0.924
-6.96925568070458 0.9239
-6.96923905519282 0.9238
-6.9691644234509 0.9237
-6.9690894374721 0.9236
-6.96900682713756 0.9235
-6.96891638370829 0.9234
-6.96883570793285 0.9233
-6.96872980317529 0.9232
-6.96863143143941 0.9231
-6.96853840402648 0.923
-6.96845504941314 0.9229
-6.96838560915705 0.9228
-6.96836480968404 0.9227
-6.96834474097877 0.9226
-6.96835752171493 0.9225
-6.96837362761542 0.9224
-6.96844078096735 0.9223
-6.96852942516292 0.9222
-6.96865288748478 0.9221
-6.96881393126454 0.922
-6.96899853373988 0.9219
-6.96920404729148 0.9218
-6.96943520311256 0.9217
-6.96965132648018 0.9216
-6.9698686908459 0.9215
-6.97006646847089 0.9214
-6.97027720960111 0.9213
-6.97048154629414 0.9212
-6.9706515380013 0.9211
-6.970836070772 0.921
-6.97102649066385 0.9209
-6.97121487497642 0.9208
-6.9714182400222 0.9207
-6.97159942029721 0.9206
-6.97175289281067 0.9205
-6.9718971575972 0.9204
-6.97201296647778 0.9203
-6.97210035514518 0.9202
-6.97215680202745 0.9201
-6.97219405902723 0.92
-6.9722053799229 0.9199
-6.97221071987079 0.9198
-6.97221195442879 0.9197
-6.97218661892798 0.9196
-6.9721426771154 0.9195
-6.97207955792781 0.9194
-6.9720188300856 0.9193
-6.97194484624075 0.9192
-6.97190037830856 0.9191
-6.97185669372536 0.919
-6.97181895933251 0.9189
-6.9717969352044 0.9188
-6.97177573910667 0.9187
-6.97177092868634 0.9186
-6.97176822983422 0.9185
-6.97177726227207 0.9184
-6.97180644746448 0.9183
-6.97185717863691 0.9182
-6.97190441813776 0.9181
-6.97196212902571 0.918
-6.9720122187556 0.9179
-6.97208736691645 0.9178
-6.9721722571799 0.9177
-6.97226981651236 0.9176
-6.97239661600251 0.9175
-6.97256364392242 0.9174
-6.97274683169766 0.9173
-6.97293239179969 0.9172
-6.97310012803079 0.9171
-6.97327593892319 0.917
-6.97343303939528 0.9169
-6.97356843028558 0.9168
-6.97371361336665 0.9167
-6.97386911894858 0.9166
-6.97402783833194 0.9165
-6.97416507071644 0.9164
-6.97429422169516 0.9163
-6.97443765542545 0.9162
-6.97458836613791 0.9161
-6.97469679135926 0.916
-6.97478034302306 0.9159
-6.97483586904158 0.9158
-6.97485571731467 0.9157
-6.97480654707114 0.9156
-6.97471282553135 0.9155
-6.97461483428278 0.9154
-6.97449780914777 0.9153
-6.97435518755157 0.9152
-6.97420951778349 0.9151
-6.97404564874014 0.915
-6.97383608037028 0.9149
-6.97359250757753 0.9148
-6.97332291372315 0.9147
-6.97305018846599 0.9146
-6.97273936017203 0.9145
-6.9724140518873 0.9144
-6.97208114112702 0.9143
-6.97174217852574 0.9142
-6.97138754151358 0.9141
-6.97106156224362 0.914
-6.97076590189007 0.9139
-6.97046050478649 0.9138
-6.97018348516552 0.9137
-6.96993889796652 0.9136
-6.96972910955668 0.9135
-6.96954424161626 0.9134
-6.96938258376932 0.9133
-6.96924547739436 0.9132
-6.96912536550661 0.9131
-6.96901814449769 0.913
-6.96894546476859 0.9129
-6.96893840264394 0.9128
-6.9689518893619 0.9127
-6.96898592064774 0.9126
-6.96904125422656 0.9125
-6.96915990814982 0.9124
-6.96931492009957 0.9123
-6.96951267640519 0.9122
-6.9697325601656 0.9121
-6.96997742710691 0.912
-6.9702321141542 0.9119
-6.97049866745198 0.9118
-6.97075378417864 0.9117
-6.9710248414465 0.9116
-6.97129515649306 0.9115
-6.97156526628926 0.9114
-6.97184190807225 0.9113
-6.97212265679732 0.9112
-6.97238958559106 0.9111
-6.97265170923651 0.911
-6.97290093856935 0.9109
-6.97314189070539 0.9108
-6.9733865161757 0.9107
-6.97360144762411 0.9106
-6.97381664323219 0.9105
-6.97405357270667 0.9104
-6.97429480288176 0.9103
-6.97452864955995 0.9102
-6.97472106059166 0.9101
-6.97490260930635 0.91
-6.97508547980031 0.9099
-6.97525128479984 0.9098
-6.97538862643531 0.9097
-6.9755338286944 0.9096
-6.97565996369773 0.9095
-6.97576267803335 0.9094
-6.9758418127332 0.9093
-6.97592081252477 0.9092
-6.97599105572687 0.9091
-6.9760510322756 0.909
-6.97611585000395 0.9089
-6.97619378523278 0.9088
-6.97627639728771 0.9087
-6.97633826875209 0.9086
-6.97638132515056 0.9085
-6.97639643282967 0.9084
-6.97638971808827 0.9083
-6.97634920645567 0.9082
-6.97628968186046 0.9081
-6.97619944060236 0.908
-6.97612296062164 0.9079
-6.97606440847177 0.9078
-6.97598600966065 0.9077
-6.97590157541338 0.9076
-6.97581175250267 0.9075
-6.97569840964859 0.9074
-6.97559064602454 0.9073
-6.97547848945737 0.9072
-6.97537943034758 0.9071
-6.97526175292666 0.907
-6.97517518329189 0.9069
-6.97508585202281 0.9068
-6.97498922437543 0.9067
-6.97492195388133 0.9066
-6.97483833596462 0.9065
-6.97479469157179 0.9064
-6.97474811184121 0.9063
-6.9747253212619 0.9062
-6.97473144067323 0.9061
-6.97474252233772 0.906
-6.97477894295189 0.9059
-6.97481561801244 0.9058
-6.97486682766285 0.9057
-6.97495717327737 0.9056
-6.97503457326944 0.9055
-6.97512529348163 0.9054
-6.97521180711592 0.9053
-6.97532240949464 0.9052
-6.97542958793175 0.9051
-6.97557888526868 0.905
-6.97574685167787 0.9049
-6.97592660698255 0.9048
-6.97609684700486 0.9047
-6.9762586345909 0.9046
-6.97643053029902 0.9045
-6.97663838726 0.9044
-6.97688396173819 0.9043
-6.97714612348637 0.9042
-6.9774296656774 0.9041
-6.97772757315997 0.904
-6.97803768081809 0.9039
-6.9783180398217 0.9038
-6.97858892889805 0.9037
-6.97885962884431 0.9036
-6.97910362039194 0.9035
-6.97934362058197 0.9034
-6.97959244990302 0.9033
-6.9798120180573 0.9032
-6.97998477980247 0.9031
-6.98015369033934 0.903
-6.98026848769643 0.9029
-6.98035264904824 0.9028
-6.98042493606529 0.9027
-6.98050957062326 0.9026
-6.98057870877562 0.9025
-6.98065432211593 0.9024
-6.98070489409175 0.9023
-6.98074615967478 0.9022
-6.98075881927476 0.9021
-6.98074761941078 0.902
-6.98074617895022 0.9019
-6.98072170524716 0.9018
-6.9806596760956 0.9017
-6.98058151535283 0.9016
-6.98046806370372 0.9015
-6.98033084254514 0.9014
-6.9801876520733 0.9013
-6.9800643954364 0.9012
-6.97996334290676 0.9011
-6.97986918305094 0.901
-6.97977640987629 0.9009
-6.97966358783491 0.9008
-6.97955552929796 0.9007
-6.97943896632905 0.9006
-6.97930788133803 0.9005
-6.97919150748764 0.9004
-6.97911390107903 0.9003
-6.97906444196249 0.9002
-6.97903099744384 0.9001
-6.97899036786326 0.9
-6.97893716901193 0.8999
-6.97891692746814 0.8998
-6.97890004238142 0.8997
-6.97889838273403 0.8996
-6.97891598592164 0.8995
-6.97894781776228 0.8994
-6.97899278615657 0.8993
-6.97905098466378 0.8992
-6.9790724419339 0.8991
-6.97909570215345 0.899
-6.97911142646037 0.8989
-6.97915125166263 0.8988
-6.97921165737569 0.8987
-6.97924568120061 0.8986
-6.97927644052234 0.8985
-6.9793307432256 0.8984
-6.97936832651947 0.8983
-6.97941486133183 0.8982
-6.97944710277453 0.8981
-6.979420354002 0.898
-6.97936604098068 0.8979
-6.97931016459588 0.8978
-6.97928378120193 0.8977
-6.97926407260608 0.8976
-6.9792529682987 0.8975
-6.97925786232836 0.8974
-6.97927295774302 0.8973
-6.97930437555088 0.8972
-6.97933238373323 0.8971
-6.97939107190747 0.897
-6.97948293916674 0.8969
-6.97958413785532 0.8968
-6.97968204771983 0.8967
-6.97979604835291 0.8966
-6.97991117951395 0.8965
-6.98002109940751 0.8964
-6.98011078345806 0.8963
-6.98016322460263 0.8962
-6.98019262403435 0.8961
-6.9802077916359 0.896
-6.98019464654341 0.8959
-6.98020478801785 0.8958
-6.98021691682225 0.8957
-6.98026003407128 0.8956
-6.98029361242863 0.8955
-6.9803253561936 0.8954
-6.98041245848745 0.8953
-6.98049688607807 0.8952
-6.98057182620243 0.8951
-6.98066813624125 0.895
-6.9807473179755 0.8949
-6.98081929989519 0.8948
-6.98087890622709 0.8947
-6.98093977922233 0.8946
-6.98098282526965 0.8945
-6.98102050571485 0.8944
-6.9810639487301 0.8943
-6.98105838159804 0.8942
-6.98106928243934 0.8941
-6.98104751385297 0.894
-6.98105370391718 0.8939
-6.98107126085009 0.8938
-6.9810741771121 0.8937
-6.98108920403997 0.8936
-6.98111669990839 0.8935
-6.98115357664005 0.8934
-6.98119059510936 0.8933
-6.98123734520285 0.8932
-6.98125504217 0.8931
-6.98126041619533 0.893
-6.98125807432078 0.8929
-6.98124469587151 0.8928
-6.98123784580717 0.8927
-6.98127122985668 0.8926
-6.98128846443091 0.8925
-6.98130674567103 0.8924
-6.98133880739447 0.8923
-6.98137005820969 0.8922
-6.98138661122388 0.8921
-6.98141336738138 0.892
-6.98144667476704 0.8919
-6.98146978777432 0.8918
-6.98151927280895 0.8917
-6.98154796470599 0.8916
-6.98155979736764 0.8915
-6.98158503038325 0.8914
-6.98156323059573 0.8913
-6.98155850155341 0.8912
-6.98154088600768 0.8911
-6.98151565663693 0.891
-6.98146881117184 0.8909
-6.9814211646587 0.8908
-6.98133781517332 0.8907
-6.98127288326108 0.8906
-6.98125386610841 0.8905
-6.98123176668918 0.8904
-6.98121847013189 0.8903
-6.98123023646153 0.8902
-6.98126524531602 0.8901
-6.98128285387893 0.89
-6.98130907234211 0.8899
-6.98133348545972 0.8898
-6.98136879301988 0.8897
-6.98145122642281 0.8896
-6.98153195528758 0.8895
-6.98163423897732 0.8894
-6.98175245471026 0.8893
-6.98187701954996 0.8892
-6.98200303388788 0.8891
-6.98215350356619 0.889
-6.98232799893314 0.8889
-6.98252009469862 0.8888
-6.98272560982941 0.8887
-6.98295886327787 0.8886
-6.98320761627473 0.8885
-6.9834428467499 0.8884
-6.98369371111816 0.8883
-6.98393509661887 0.8882
-6.98415404272443 0.8881
-6.98438764479344 0.888
-6.98460259328775 0.8879
-6.98480869976354 0.8878
-6.98499293375933 0.8877
-6.98516399966443 0.8876
-6.9853183153916 0.8875
-6.98542157182458 0.8874
-6.98549778163977 0.8873
-6.98554930515305 0.8872
-6.98563488277921 0.8871
-6.98573921191565 0.887
-6.98584229440265 0.8869
-6.98591292785454 0.8868
-6.98598348021598 0.8867
-6.98604514769397 0.8866
-6.98609276474936 0.8865
-6.98613052003223 0.8864
-6.98613239813537 0.8863
-6.98612385851656 0.8862
-6.98607936131532 0.8861
-6.98600964922109 0.886
-6.9859034197586 0.8859
-6.98578360667072 0.8858
-6.98564813569116 0.8857
-6.98553277198762 0.8856
-6.98542247044395 0.8855
-6.98534635562192 0.8854
-6.98529324457819 0.8853
-6.98525817764423 0.8852
-6.98523038522726 0.8851
-6.98520542656387 0.885
-6.98520715564722 0.8849
-6.98522342958934 0.8848
-6.98523097373185 0.8847
-6.9852373726554 0.8846
-6.98521436236008 0.8845
-6.98517429951912 0.8844
-6.98511951557195 0.8843
-6.98504771270477 0.8842
-6.98496899892756 0.8841
-6.98486325759073 0.884
-6.9847297379499 0.8839
-6.98458317514529 0.8838
-6.9844605878458 0.8837
-6.98436240866706 0.8836
-6.984268600413 0.8835
-6.98415021360105 0.8834
-6.98405034302593 0.8833
-6.98396513388846 0.8832
-6.9838653047931 0.8831
-6.98372453671333 0.883
-6.98357667334915 0.8829
-6.98342135161607 0.8828
-6.98325360598937 0.8827
-6.98307200924402 0.8826
-6.98291073323074 0.8825
-6.98272371163722 0.8824
-6.98253674301702 0.8823
-6.98233946458395 0.8822
-6.98215682037553 0.8821
-6.98195361806814 0.882
-6.98175895564774 0.8819
-6.98157091351592 0.8818
-6.9814325335015 0.8817
-6.98130764576214 0.8816
-6.98122170117144 0.8815
-6.98117458445518 0.8814
-6.98114879379499 0.8813
-6.98112517380936 0.8812
-6.98114963175482 0.8811
-6.98119198112013 0.881
-6.98127060787802 0.8809
-6.98135643355099 0.8808
-6.98146468599306 0.8807
-6.9816005321069 0.8806
-6.98173214973067 0.8805
-6.98188846020545 0.8804
-6.98207942695223 0.8803
-6.98224149806173 0.8802
-6.98241920412881 0.8801
-6.98259937416747 0.88
-6.98277474336454 0.8799
-6.98296620888593 0.8798
-6.98316107197621 0.8797
-6.98335596254712 0.8796
-6.98356851037319 0.8795
-6.98380722794124 0.8794
-6.98406743509233 0.8793
-6.98433532953279 0.8792
-6.9846194625267 0.8791
-6.98494161027235 0.879
-6.98525563831745 0.8789
-6.98558717516765 0.8788
-6.98592525815121 0.8787
-6.98625172398189 0.8786
-6.98656395836734 0.8785
-6.98688040101123 0.8784
-6.98718207141089 0.8783
-6.98748809851827 0.8782
-6.98778222991812 0.8781
-6.98804627143276 0.878
-6.98829330202658 0.8779
-6.9884887721452 0.8778
-6.98863431394844 0.8777
-6.98872254039434 0.8776
-6.98879841686872 0.8775
-6.9888293018446 0.8774
-6.98885112509436 0.8773
-6.98885002449279 0.8772
-6.98881800226465 0.8771
-6.98874827451632 0.877
-6.98869852939121 0.8769
-6.98865562938795 0.8768
-6.98859290182372 0.8767
-6.98850484653852 0.8766
-6.98842170670008 0.8765
-6.98833436035327 0.8764
-6.98824137198004 0.8763
-6.98816037288736 0.8762
-6.98807988425819 0.8761
-6.98800677549543 0.876
-6.98796398980828 0.8759
-6.98790342694423 0.8758
-6.98784494806395 0.8757
-6.98781020877217 0.8756
-6.98778099177032 0.8755
-6.98773747961855 0.8754
-6.98770246041382 0.8753
-6.98764866749084 0.8752
-6.98760015998806 0.8751
-6.98754742647998 0.875
-6.98752354415561 0.8749
-6.98749222183574 0.8748
-6.9874674377865 0.8747
-6.98748099232374 0.8746
-6.98752799939228 0.8745
-6.98761120461471 0.8744
-6.98770353656129 0.8743
-6.98779942820992 0.8742
-6.98790560116906 0.8741
-6.98799321574574 0.874
-6.98811319443434 0.8739
-6.98822408244838 0.8738
-6.9883347261462 0.8737
-6.98843371703745 0.8736
-6.9885170129894 0.8735
-6.98862290997647 0.8734
-6.98869010068946 0.8733
-6.98873289017198 0.8732
-6.98878815858762 0.8731
-6.98885173920497 0.873
-6.98890879651795 0.8729
-6.98895408325546 0.8728
-6.98900676096222 0.8727
-6.98905699629969 0.8726
-6.98909394188709 0.8725
-6.98909491795373 0.8724
-6.98906349928044 0.8723
-6.98902805146822 0.8722
-6.98896700367808 0.8721
-6.98889644342202 0.872
-6.98879012671002 0.8719
-6.98868828635572 0.8718
-6.98859301875371 0.8717
-6.98847924983361 0.8716
-6.98836016041442 0.8715
-6.98823558683749 0.8714
-6.98810317150907 0.8713
-6.98797805495382 0.8712
-6.98783117059249 0.8711
-6.98766253781814 0.871
-6.98749208042753 0.8709
-6.98731837588166 0.8708
-6.98717504281917 0.8707
-6.98704871767963 0.8706
-6.98693077214498 0.8705
-6.98682376869612 0.8704
-6.98669706180386 0.8703
-6.98660108059182 0.8702
-6.98651121131332 0.8701
-6.98641532386321 0.87
-6.98632575358553 0.8699
-6.98624747756901 0.8698
-6.98616853391547 0.8697
-6.98612643879859 0.8696
-6.98610776684555 0.8695
-6.98612141760106 0.8694
-6.98614597365333 0.8693
-6.98622114399531 0.8692
-6.98629663206035 0.8691
-6.98640024071461 0.869
-6.9864969635848 0.8689
-6.98663780959941 0.8688
-6.98680345923795 0.8687
-6.98694979343955 0.8686
-6.98710504223388 0.8685
-6.98724477047178 0.8684
-6.98740858952332 0.8683
-6.98759625287308 0.8682
-6.98777378174464 0.8681
-6.98793917265935 0.868
-6.98810606073914 0.8679
-6.98830031941183 0.8678
-6.98850601974159 0.8677
-6.98870145458014 0.8676
-6.98887944638733 0.8675
-6.98907893829228 0.8674
-6.98926620695395 0.8673
-6.98944963491194 0.8672
-6.98961462525104 0.8671
-6.98976295710847 0.867
-6.98989875612389 0.8669
-6.99000460502788 0.8668
-6.9900793805393 0.8667
-6.99012452071569 0.8666
-6.99014678672694 0.8665
-6.99015865020163 0.8664
-6.99016624466397 0.8663
-6.99017751679003 0.8662
-6.99016525795781 0.8661
-6.9901447133282 0.866
-6.9901312942142 0.8659
-6.99010785541906 0.8658
-6.99005958545093 0.8657
-6.98999218164329 0.8656
-6.98988096943022 0.8655
-6.98976054296822 0.8654
-6.98962492797995 0.8653
-6.98948491066966 0.8652
-6.98933132935943 0.8651
-6.98917472416933 0.865
-6.98899287466018 0.8649
-6.98878531280017 0.8648
-6.98854414923953 0.8647
-6.98828667076859 0.8646
-6.98804869005472 0.8645
-6.98785102350292 0.8644
-6.98763508981633 0.8643
-6.98744831015502 0.8642
-6.98725192731904 0.8641
-6.98708488388211 0.864
-6.98694107704248 0.8639
-6.98681988084308 0.8638
-6.98670718127524 0.8637
-6.9866510809653 0.8636
-6.9866192725523 0.8635
-6.9866098945004 0.8634
-6.98661623883612 0.8633
-6.98663048300074 0.8632
-6.98665506048094 0.8631
-6.98668994357346 0.863
-6.98676226077468 0.8629
-6.98682217645792 0.8628
-6.98688135272352 0.8627
-6.98694508802621 0.8626
-6.98702008798401 0.8625
-6.98712707701277 0.8624
-6.9872181505038 0.8623
-6.98730742500519 0.8622
-6.98741635449158 0.8621
-6.9875483191918 0.862
-6.98770834274762 0.8619
-6.98787711504286 0.8618
-6.98804519716076 0.8617
-6.98823621393093 0.8616
-6.98843242621212 0.8615
-6.98863809988711 0.8614
-6.98884336849756 0.8613
-6.98906187984975 0.8612
-6.98927625293704 0.8611
-6.98950181703277 0.861
-6.98973304189811 0.8609
-6.98995999824912 0.8608
-6.99017393006135 0.8607
-6.99038093687954 0.8606
-6.99057463875466 0.8605
-6.99077828336392 0.8604
-6.99096147732477 0.8603
-6.99110906430485 0.8602
-6.99122754720532 0.8601
-6.99133598343017 0.86
-6.99143621368881 0.8599
-6.99151397597491 0.8598
-6.99157418479648 0.8597
-6.99162078283064 0.8596
-6.99167199110533 0.8595
-6.99170291412445 0.8594
-6.99173292274736 0.8593
-6.99173231790419 0.8592
-6.99172948355331 0.8591
-6.99168321120615 0.859
-6.99163132726715 0.8589
-6.99156098867817 0.8588
-6.99144966733115 0.8587
-6.99131642080184 0.8586
-6.99115966786458 0.8585
-6.99099428206468 0.8584
-6.99082525423199 0.8583
-6.99066038504307 0.8582
-6.99047910230903 0.8581
-6.99030216319379 0.858
-6.99009249347812 0.8579
-6.98988416734422 0.8578
-6.98968952494059 0.8577
-6.98949151636688 0.8576
-6.9893272434028 0.8575
-6.98916559104188 0.8574
-6.9890414288313 0.8573
-6.98895734456605 0.8572
-6.98889382092438 0.8571
-6.98887445819421 0.857
-6.98887746829814 0.8569
-6.98890956556646 0.8568
-6.98894266960558 0.8567
-6.98902179328988 0.8566
-6.98913249045006 0.8565
-6.9892605396677 0.8564
-6.98937570817818 0.8563
-6.98948737867477 0.8562
-6.98957314325423 0.8561
-6.9896735747359 0.856
-6.9897768113729 0.8559
-6.98987927610526 0.8558
-6.98996226960321 0.8557
-6.99004109825625 0.8556
-6.9901310869234 0.8555
-6.99020295458587 0.8554
-6.99026131322344 0.8553
-6.99031049810054 0.8552
-6.99036574740415 0.8551
-6.99041717682923 0.855
-6.99048018389196 0.8549
-6.99056798032903 0.8548
-6.99065547011296 0.8547
-6.99076108884055 0.8546
-6.99088159771541 0.8545
-6.99099056348197 0.8544
-6.9911009966028 0.8543
-6.99122587636852 0.8542
-6.99136339057756 0.8541
-6.99149560525617 0.854
-6.99163085281758 0.8539
-6.99179079571219 0.8538
-6.99196301958091 0.8537
-6.99214915089209 0.8536
-6.99233358220866 0.8535
-6.9925130601097 0.8534
-6.99267305916256 0.8533
-6.9928116456817 0.8532
-6.99293335907238 0.8531
-6.9930615908956 0.853
-6.99318187169465 0.8529
-6.99328139495169 0.8528
-6.99334848135183 0.8527
-6.99342206276937 0.8526
-6.99345156395702 0.8525
-6.99347571258312 0.8524
-6.99348081715609 0.8523
-6.99347754681961 0.8522
-6.99344084777602 0.8521
-6.9934113318534 0.852
-6.99335925664278 0.8519
-6.99328299756153 0.8518
-6.99319889778975 0.8517
-6.99309864188031 0.8516
-6.99298206899989 0.8515
-6.9928887785665 0.8514
-6.99281797442955 0.8513
-6.99273476875844 0.8512
-6.99262673339902 0.8511
-6.99249038430371 0.851
-6.99236993238376 0.8509
-6.99225075472775 0.8508
-6.99211986943372 0.8507
-6.99199078059428 0.8506
-6.99184203451704 0.8505
-6.99170884358326 0.8504
-6.99157141384116 0.8503
-6.99143779196654 0.8502
-6.99133534038138 0.8501
-6.99124750671065 0.85
-6.99119298694782 0.8499
-6.99114220313266 0.8498
-6.99110546873926 0.8497
-6.99109830805611 0.8496
-6.99107582212812 0.8495
-6.99103945813982 0.8494
-6.99100865791099 0.8493
-6.99098475222462 0.8492
-6.99096334600412 0.8491
-6.99095550584329 0.849
-6.99096168148322 0.8489
-6.9909628066533 0.8488
-6.99095687958513 0.8487
-6.99096073752855 0.8486
-6.99098521516428 0.8485
-6.99101812689496 0.8484
-6.99106405054207 0.8483
-6.99112481673426 0.8482
-6.99120243803339 0.8481
-6.99127745258132 0.848
-6.99136228571212 0.8479
-6.99146356130184 0.8478
-6.99155742436379 0.8477
-6.99163350659319 0.8476
-6.99169688745891 0.8475
-6.99179267936243 0.8474
-6.9918667534908 0.8473
-6.99196511498772 0.8472
-6.9920642784638 0.8471
-6.99214542979763 0.847
-6.99223401870793 0.8469
-6.99232939789511 0.8468
-6.99240170140935 0.8467
-6.9924460120306 0.8466
-6.99247081350004 0.8465
-6.99245989133813 0.8464
-6.9924300903453 0.8463
-6.99237403305595 0.8462
-6.99231249243866 0.8461
-6.99221634930996 0.846
-6.99208898233708 0.8459
-6.99197874590952 0.8458
-6.99185426492875 0.8457
-6.99173800311289 0.8456
-6.99164973002244 0.8455
-6.99158759101371 0.8454
-6.99152719235543 0.8453
-6.99145499870531 0.8452
-6.99140940407766 0.8451
-6.99140344075081 0.845
-6.9914432733821 0.8449
-6.99151264490894 0.8448
-6.99161754570911 0.8447
-6.99176235398321 0.8446
-6.9919434524282 0.8445
-6.99215634612345 0.8444
-6.99240261879992 0.8443
-6.99265039941108 0.8442
-6.99291765938184 0.8441
-6.99319129987921 0.844
-6.99345836654593 0.8439
-6.99370945684437 0.8438
-6.99394450265658 0.8437
-6.99420742811948 0.8436
-6.99448184711835 0.8435
-6.9947355908643 0.8434
-6.99495554285713 0.8433
-6.99515730734178 0.8432
-6.99534421321966 0.8431
-6.99551866103942 0.843
-6.99563216472448 0.8429
-6.99572402128816 0.8428
-6.99578154554642 0.8427
-6.99581808206001 0.8426
-6.99582325036188 0.8425
-6.99580812428386 0.8424
-6.99576029293621 0.8423
-6.99568385294897 0.8422
-6.99556039533803 0.8421
-6.99540049225648 0.842
-6.99523201590374 0.8419
-6.9950381148774 0.8418
-6.99483058702466 0.8417
-6.99463522581943 0.8416
-6.99442495495624 0.8415
-6.99419371313846 0.8414
-6.99394181010788 0.8413
-6.99369463712291 0.8412
-6.99349472902631 0.8411
-6.99331320183224 0.841
-6.99318172474533 0.8409
-6.99308023242649 0.8408
-6.99302203630337 0.8407
-6.99298931123076 0.8406
-6.99298374743558 0.8405
-6.99302373016958 0.8404
-6.99307534589986 0.8403
-6.99314506993295 0.8402
-6.99323301954163 0.8401
-6.99332880939316 0.84
-6.99344881546941 0.8399
-6.99358385349476 0.8398
-6.99370837436082 0.8397
-6.99383790191036 0.8396
-6.99398073733502 0.8395
-6.99417293162548 0.8394
-6.99439809834577 0.8393
-6.99464041933694 0.8392
-6.99489755011483 0.8391
-6.99515487460937 0.839
-6.99539795444579 0.8389
-6.99562814044964 0.8388
-6.99585472570739 0.8387
-6.9960889080672 0.8386
-6.99634821581765 0.8385
-6.99657828254946 0.8384
-6.99676685496235 0.8383
-6.99690699020423 0.8382
-6.99704833716283 0.8381
-6.9971543154382 0.838
-6.99723284187743 0.8379
-6.99727905294973 0.8378
-6.99730285039013 0.8377
-6.99728398095635 0.8376
-6.99721305430899 0.8375
-6.99712807502648 0.8374
-6.99702451524356 0.8373
-6.99691386335307 0.8372
-6.99680458375005 0.8371
-6.99665972421294 0.837
-6.99650544222085 0.8369
-6.99633570046212 0.8368
-6.99614786913142 0.8367
-6.99595104366158 0.8366
-6.99576076741254 0.8365
-6.99560152781581 0.8364
-6.99545060811718 0.8363
-6.99532034661942 0.8362
-6.99517875110351 0.8361
-6.99500916213632 0.836
-6.99483746856291 0.8359
-6.99467570421513 0.8358
-6.99453792686572 0.8357
-6.99442883817559 0.8356
-6.99430946209832 0.8355
-6.99419538778959 0.8354
-6.99407457230227 0.8353
-6.99396089101785 0.8352
-6.99384120667145 0.8351
-6.99375311758166 0.835
-6.99369679233759 0.8349
-6.99366475344031 0.8348
-6.99363589900022 0.8347
-6.99361018616769 0.8346
-6.99361077780858 0.8345
-6.99361408622088 0.8344
-6.99365934439253 0.8343
-6.99375845080208 0.8342
-6.99389295123141 0.8341
-6.99405447334378 0.834
-6.99422817610185 0.8339
-6.99441132100614 0.8338
-6.99462271631399 0.8337
-6.99481569840075 0.8336
-6.99502007994593 0.8335
-6.9952333818949 0.8334
-6.99544907596314 0.8333
-6.99567484444588 0.8332
-6.9958748004693 0.8331
-6.99608647431937 0.833
-6.99629252624646 0.8329
-6.99649366682612 0.8328
-6.99670105273265 0.8327
-6.9968508429765 0.8326
-6.9969882369622 0.8325
-6.99710646360475 0.8324
-6.99719334666946 0.8323
-6.9972559375023 0.8322
-6.99732157370977 0.8321
-6.99734584422248 0.832
-6.99733971970447 0.8319
-6.9972922408963 0.8318
-6.99724309606525 0.8317
-6.99717600033662 0.8316
-6.9970968206741 0.8315
-6.99698370539633 0.8314
-6.99685226818847 0.8313
-6.99672824419847 0.8312
-6.99662227250903 0.8311
-6.99651883002983 0.831
-6.9964213792059 0.8309
-6.99631372526158 0.8308
-6.99619874920147 0.8307
-6.99609576649271 0.8306
-6.9960070652057 0.8305
-6.99596433818801 0.8304
-6.99594778020531 0.8303
-6.99595036411306 0.8302
-6.99598888098982 0.8301
-6.9960477568228 0.83
-6.99611202652122 0.8299
-6.99619716347912 0.8298
-6.99627231075083 0.8297
-6.99638292526032 0.8296
-6.9965036696189 0.8295
-6.99666589673232 0.8294
-6.99684211457456 0.8293
-6.99701802713206 0.8292
-6.99722097239561 0.8291
-6.99742152845424 0.829
-6.99767446467004 0.8289
-6.99789068037107 0.8288
-6.99808695847988 0.8287
-6.99830152366592 0.8286
-6.99851650319915 0.8285
-6.99874272353644 0.8284
-6.99896363671099 0.8283
-6.99918594914687 0.8282
-6.99941994568195 0.8281
-6.99965082986249 0.828
-6.99989304856455 0.8279
-7.00012716202117 0.8278
-7.00035239392974 0.8277
-7.0005709298339 0.8276
-7.00076419987144 0.8275
-7.00091754865432 0.8274
-7.00105395687527 0.8273
-7.00117708918643 0.8272
-7.00127285415871 0.8271
-7.00135879451151 0.827
-7.00141839390614 0.8269
-7.00147600260645 0.8268
-7.00151182897595 0.8267
-7.00156201911764 0.8266
-7.00161505354031 0.8265
-7.00166723913584 0.8264
-7.00169044509622 0.8263
-7.00170219357359 0.8262
-7.00172208414888 0.8261
-7.0017070683123 0.826
-7.00167408477362 0.8259
-7.00165032133914 0.8258
-7.00163027662738 0.8257
-7.00160896832769 0.8256
-7.0015971946642 0.8255
-7.0016023019549 0.8254
-7.00160692983896 0.8253
-7.00163184679113 0.8252
-7.00164504190718 0.8251
-7.00163204952162 0.825
-7.00163827728303 0.8249
-7.00165222787174 0.8248
-7.00167133520562 0.8247
-7.00169050610982 0.8246
-7.00172087508482 0.8245
-7.00173235730599 0.8244
-7.00176988785809 0.8243
-7.00183616459259 0.8242
-7.00188827781994 0.8241
-7.00191888835381 0.824
-7.00197295768075 0.8239
-7.00200954320212 0.8238
-7.00206965724812 0.8237
-7.00211094571144 0.8236
-7.00216025535554 0.8235
-7.00219965367962 0.8234
-7.00222815126707 0.8233
-7.00224042130895 0.8232
-7.00225402085981 0.8231
-7.00226900313049 0.823
-7.00228947022091 0.8229
-7.00229739245181 0.8228
-7.00231055194258 0.8227
-7.00229195099381 0.8226
-7.00226390517065 0.8225
-7.00224361513445 0.8224
-7.00222471913182 0.8223
-7.00221414614056 0.8222
-7.00220855301751 0.8221
-7.00221156088539 0.822
-7.00221009930922 0.8219
-7.00221073166525 0.8218
-7.00221168606275 0.8217
-7.00221417544847 0.8216
-7.00220189464136 0.8215
-7.00217653137842 0.8214
-7.00212568920552 0.8213
-7.00208544944661 0.8212
-7.00204079330078 0.8211
-7.00198257305742 0.821
-7.00193635707518 0.8209
-7.00189552542633 0.8208
-7.00184801775957 0.8207
-7.00180198802859 0.8206
-7.00178594055951 0.8205
-7.00174476075306 0.8204
-7.00170540564577 0.8203
-7.00167901835853 0.8202
-7.00169341722407 0.8201
-7.00172851669501 0.82
-7.00175528722738 0.8199
-7.00179861461722 0.8198
-7.0018339596069 0.8197
-7.00187866915251 0.8196
-7.001942950333 0.8195
-7.00201596946269 0.8194
-7.00207110481961 0.8193
-7.00214783477272 0.8192
-7.00219302760856 0.8191
-7.00221816542711 0.819
-7.00223414940772 0.8189
-7.00224438911426 0.8188
-7.00223282048153 0.8187
-7.00218259385232 0.8186
-7.00214066212618 0.8185
-7.00209707895687 0.8184
-7.0020443739197 0.8183
-7.0019767816106 0.8182
-7.0019395330581 0.8181
-7.00189771104131 0.818
-7.00188160475153 0.8179
-7.00189456092751 0.8178
-7.00192929229198 0.8177
-7.00196184029377 0.8176
-7.00202928885196 0.8175
-7.00213855246132 0.8174
-7.00227526518563 0.8173
-7.00243582133369 0.8172
-7.00261624292622 0.8171
-7.00284961744178 0.817
-7.00309384671268 0.8169
-7.00335179620389 0.8168
-7.00361625719013 0.8167
-7.00388484949744 0.8166
-7.00417247382985 0.8165
-7.00445327133181 0.8164
-7.00472566498436 0.8163
-7.00499923251525 0.8162
-7.00526060852562 0.8161
-7.00549963465501 0.816
-7.00571816699243 0.8159
-7.00592487650676 0.8158
-7.00607480562025 0.8157
-7.00619207594413 0.8156
-7.00627226622363 0.8155
-7.00635288374822 0.8154
-7.00642566610689 0.8153
-7.00649248442331 0.8152
-7.00655244747422 0.8151
-7.00660942820111 0.815
-7.00663201306643 0.8149
-7.00663134948018 0.8148
-7.00662785218048 0.8147
-7.00661367485489 0.8146
-7.00660348660856 0.8145
-7.00657371434862 0.8144
-7.00652927961988 0.8143
-7.00647764757138 0.8142
-7.00641880059794 0.8141
-7.00635367863348 0.814
-7.00630103139554 0.8139
-7.00624754565854 0.8138
-7.00617730124582 0.8137
-7.00610733507269 0.8136
-7.00606761330119 0.8135
-7.0060484654138 0.8134
-7.00604549293926 0.8133
-7.00602643549897 0.8132
-7.00603818313329 0.8131
-7.00603998336215 0.813
-7.00604249645063 0.8129
-7.00604533231391 0.8128
-7.00607159655983 0.8127
-7.00610968040228 0.8126
-7.00615471346236 0.8125
-7.00621772715528 0.8124
-7.00631275310472 0.8123
-7.00639527683188 0.8122
-7.00646402288778 0.8121
-7.00655535565415 0.812
-7.00663050743947 0.8119
-7.00670029632844 0.8118
-7.00676714864692 0.8117
-7.0068310427674 0.8116
-7.00686977294197 0.8115
-7.00693093085553 0.8114
-7.00697925959233 0.8113
-7.00703232070722 0.8112
-7.00708616115614 0.8111
-7.00709814158706 0.811
-7.00708005245736 0.8109
-7.007042180196 0.8108
-7.0070017246558 0.8107
-7.0069394860961 0.8106
-7.00687651700881 0.8105
-7.00681149568909 0.8104
-7.00675466526539 0.8103
-7.00671619436542 0.8102
-7.00671831293939 0.8101
-7.00673139455259 0.81
-7.00674383287755 0.8099
-7.00671218331975 0.8098
-7.00665082536734 0.8097
-7.0065685758796 0.8096
-7.00646473029457 0.8095
-7.00635049097638 0.8094
-7.0062436121959 0.8093
-7.00616524502098 0.8092
-7.00607679591349 0.8091
-7.00599903896302 0.809
-7.00590126279186 0.8089
-7.00581104256319 0.8088
-7.00573006915769 0.8087
-7.00563674147888 0.8086
-7.00555442521292 0.8085
-7.00548293668555 0.8084
-7.00540301820756 0.8083
-7.00532018040758 0.8082
-7.00523837694523 0.8081
-7.00517215864801 0.808
-7.00510373597951 0.8079
-7.00503313359389 0.8078
-7.00500117151697 0.8077
-7.00495523333137 0.8076
-7.00492817188596 0.8075
-7.00493779994797 0.8074
-7.00494579377893 0.8073
-7.00497224296474 0.8072
-7.00502450592202 0.8071
-7.00505485981906 0.807
-7.00509839003005 0.8069
-7.0051234173545 0.8068
-7.0051583001863 0.8067
-7.00521657193407 0.8066
-7.005268414292 0.8065
-7.00531452010746 0.8064
-7.00537125860271 0.8063
-7.00543929375458 0.8062
-7.005496469306 0.8061
-7.00555728239843 0.806
-7.00560570668073 0.8059
-7.00563847095548 0.8058
-7.00568834896149 0.8057
-7.00571755832861 0.8056
-7.00575376779633 0.8055
-7.00582107668709 0.8054
-7.00587965003705 0.8053
-7.00595804849088 0.8052
-7.00606445793423 0.8051
-7.00619925028303 0.805
-7.00635142215476 0.8049
-7.00651513303029 0.8048
-7.00667295687179 0.8047
-7.00683360804575 0.8046
-7.00697021221215 0.8045
-7.0070834590156 0.8044
-7.00718564637523 0.8043
-7.00727126323662 0.8042
-7.00738996549581 0.8041
-7.00748530004552 0.804
-7.00755561167889 0.8039
-7.00761440817733 0.8038
-7.00764389056456 0.8037
-7.00766805928429 0.8036
-7.0076842951816 0.8035
-7.00772086476785 0.8034
-7.00776562078023 0.8033
-7.00782744711278 0.8032
-7.00787380564475 0.8031
-7.00793672565779 0.803
-7.00798606475675 0.8029
-7.00800778068608 0.8028
-7.00799977611923 0.8027
-7.00797527513376 0.8026
-7.00793438112767 0.8025
-7.00789219746958 0.8024
-7.00785036778769 0.8023
-7.00779195805945 0.8022
-7.00774680037921 0.8021
-7.00770840649753 0.802
-7.00765437226702 0.8019
-7.00759755646257 0.8018
-7.0075456906566 0.8017
-7.00749119811451 0.8016
-7.00744059211422 0.8015
-7.00739870222936 0.8014
-7.00734993978733 0.8013
-7.00731037613786 0.8012
-7.00727599114615 0.8011
-7.00724198229991 0.801
-7.007229626128 0.8009
-7.00722038360636 0.8008
-7.00722470926011 0.8007
-7.00721845869151 0.8006
-7.00719330440107 0.8005
-7.00718148820922 0.8004
-7.00715488245992 0.8003
-7.00710077597494 0.8002
-7.00702216593249 0.8001
-7.00692461526851 0.8
-7.00685135409422 0.7999
-7.00680236612119 0.7998
-7.00673217118458 0.7997
-7.00667343321684 0.7996
-7.00662325049986 0.7995
-7.00657893235467 0.7994
-7.0065476835151 0.7993
-7.00651351239435 0.7992
-7.00646409936401 0.7991
-7.00642533105118 0.799
-7.00636720640817 0.7989
-7.0063046661973 0.7988
-7.00622176494213 0.7987
-7.00613394538442 0.7986
-7.00605119901698 0.7985
-7.00595436291607 0.7984
-7.00583656078006 0.7983
-7.00573467782798 0.7982
-7.00561936742648 0.7981
-7.0055147481855 0.798
-7.00540807382001 0.7979
-7.00530541232393 0.7978
-7.00521173623689 0.7977
-7.00509668390611 0.7976
-7.00498717262951 0.7975
-7.00489446177536 0.7974
-7.00480658558652 0.7973
-7.00470845565144 0.7972
-7.00461333534229 0.7971
-7.00454084105453 0.797
-7.00447719652468 0.7969
-7.00442936460365 0.7968
-7.00440804879459 0.7967
-7.00438041069186 0.7966
-7.00438086919443 0.7965
-7.00440285766328 0.7964
-7.00443134171629 0.7963
-7.00445975362639 0.7962
-7.00449734745066 0.7961
-7.00454345170674 0.796
-7.00461105481395 0.7959
-7.004672073131 0.7958
-7.00474313627423 0.7957
-7.00484870242447 0.7956
-7.00495941974288 0.7955
-7.00505637477564 0.7954
-7.00515300555817 0.7953
-7.00526934688718 0.7952
-7.00538471866044 0.7951
-7.00549131265366 0.795
-7.00558065637968 0.7949
-7.00566551442607 0.7948
-7.00574175599223 0.7947
-7.00583065392667 0.7946
-7.00591791418904 0.7945
-7.00599863251247 0.7944
-7.0060807407638 0.7943
-7.00620301129034 0.7942
-7.00636148723565 0.7941
-7.0065508618246 0.794
-7.00676434648124 0.7939
-7.00695498644167 0.7938
-7.00716804733953 0.7937
-7.00739011447931 0.7936
-7.00762557935852 0.7935
-7.00786568366688 0.7934
-7.0080994925691 0.7933
-7.00834028129052 0.7932
-7.00858828587302 0.7931
-7.00883581629095 0.793
-7.00908898887159 0.7929
-7.00934119133226 0.7928
-7.00958376826438 0.7927
-7.00982397077299 0.7926
-7.01003900675354 0.7925
-7.01021094792996 0.7924
-7.01034226928734 0.7923
-7.01044463409676 0.7922
-7.01050875733702 0.7921
-7.01054101349129 0.792
-7.01055900066982 0.7919
-7.01053742324962 0.7918
-7.01053682232019 0.7917
-7.01052908086388 0.7916
-7.01048783663651 0.7915
-7.01045553661691 0.7914
-7.01037504930906 0.7913
-7.01030033305037 0.7912
-7.01020413402835 0.7911
-7.01010319914798 0.791
-7.00999812149143 0.7909
-7.00989581246439 0.7908
-7.00979741503604 0.7907
-7.00967988698576 0.7906
-7.0095581990766 0.7905
-7.00946872864578 0.7904
-7.0093732036673 0.7903
-7.00927733856988 0.7902
-7.00921047807758 0.7901
-7.00915955814935 0.79
-7.00911786407997 0.7899
-7.0090766892635 0.7898
-7.00903729696306 0.7897
-7.00900821062862 0.7896
-7.00900672449519 0.7895
-7.00902702625765 0.7894
-7.00907843124792 0.7893
-7.00914841362652 0.7892
-7.0092214321741 0.7891
-7.00931145771053 0.789
-7.00940521957809 0.7889
-7.00952595956836 0.7888
-7.00966506602396 0.7887
-7.00979985875401 0.7886
-7.00995648068872 0.7885
-7.01010931728057 0.7884
-7.01027836521325 0.7883
-7.01044722387986 0.7882
-7.01063598558401 0.7881
-7.01080559344699 0.788
-7.01099596497919 0.7879
-7.01120252029181 0.7878
-7.01138715961862 0.7877
-7.01157551340705 0.7876
-7.01175920849107 0.7875
-7.01193927820449 0.7874
-7.01208911844906 0.7873
-7.01224411649672 0.7872
-7.01239481773212 0.7871
-7.01251387690924 0.787
-7.0126225247389 0.7869
-7.01272975063344 0.7868
-7.01282153174352 0.7867
-7.0129037235604 0.7866
-7.01296879894047 0.7865
-7.01298513978731 0.7864
-7.0130045306523 0.7863
-7.01301922340529 0.7862
-7.01298780809285 0.7861
-7.0129019387549 0.786
-7.01280605939586 0.7859
-7.01267015014454 0.7858
-7.01252402140167 0.7857
-7.01239010180199 0.7856
-7.01224841667296 0.7855
-7.01213046056945 0.7854
-7.0120310411474 0.7853
-7.01196478571632 0.7852
-7.01190415898954 0.7851
-7.011867137375 0.785
-7.01183293365109 0.7849
-7.01179090937261 0.7848
-7.01175165235839 0.7847
-7.01172046015846 0.7846
-7.01168239175096 0.7845
-7.01165612834663 0.7844
-7.01161940901693 0.7843
-7.01159186867222 0.7842
-7.01156672878631 0.7841
-7.01152806077272 0.784
-7.0114896542578 0.7839
-7.01145689222587 0.7838
-7.01141297393744 0.7837
-7.01135388732407 0.7836
-7.01133526779488 0.7835
-7.01131884246675 0.7834
-7.01131283983421 0.7833
-7.0113067733253 0.7832
-7.01129591350655 0.7831
-7.01127399901069 0.783
-7.01125719956159 0.7829
-7.01122229055058 0.7828
-7.01115818378631 0.7827
-7.01105900423258 0.7826
-7.01094636315689 0.7825
-7.01083144230421 0.7824
-7.01069237772911 0.7823
-7.01050971312042 0.7822
-7.01029480000819 0.7821
-7.01007363180703 0.782
-7.00984982146887 0.7819
-7.00962851632264 0.7818
-7.00941782037705 0.7817
-7.00923956623864 0.7816
-7.00904867236942 0.7815
-7.00887129892631 0.7814
-7.00871044684709 0.7813
-7.00856688888549 0.7812
-7.00847852417369 0.7811
-7.00843036160265 0.781
-7.00841704243208 0.7809
-7.00840948221661 0.7808
-7.00842532078866 0.7807
-7.00845512171098 0.7806
-7.00851217964729 0.7805
-7.00859448713425 0.7804
-7.00870522868135 0.7803
-7.00884165491082 0.7802
-7.00896141218593 0.7801
-7.00906772480478 0.78
-7.00916623806522 0.7799
-7.0092910700193 0.7798
-7.00943367547676 0.7797
-7.00957566303708 0.7796
-7.00970601914818 0.7795
-7.00982993043668 0.7794
-7.00993842926998 0.7793
-7.01003617645465 0.7792
-7.01011167616257 0.7791
-7.01017818825602 0.779
-7.01022084844014 0.7789
-7.01022287188533 0.7788
-7.01020132681976 0.7787
-7.01015015847721 0.7786
-7.01009305168968 0.7785
-7.01002292104031 0.7784
-7.00996171981014 0.7783
-7.00992231435545 0.7782
-7.00989877592179 0.7781
-7.00987599060727 0.778
-7.00983539932264 0.7779
-7.00978237128524 0.7778
-7.009724219349 0.7777
-7.00963981744441 0.7776
-7.0095760047706 0.7775
-7.00948906117133 0.7774
-7.00942126211157 0.7773
-7.00936080322454 0.7772
-7.00933712465273 0.7771
-7.00934390400255 0.777
-7.00934951217354 0.7769
-7.00936412334855 0.7768
-7.00937554851072 0.7767
-7.00939844019865 0.7766
-7.00945844512228 0.7765
-7.0095370097506 0.7764
-7.00961755130921 0.7763
-7.00970500849233 0.7762
-7.00979976573686 0.7761
-7.00989573007617 0.776
-7.01002342016377 0.7759
-7.01015282403454 0.7758
-7.01028038775337 0.7757
-7.01039687990364 0.7756
-7.01050762213076 0.7755
-7.01062006576075 0.7754
-7.01072515643955 0.7753
-7.01084197213377 0.7752
-7.01095913389737 0.7751
-7.01105427300844 0.775
-7.01112061012586 0.7749
-7.01120544257723 0.7748
-7.01129458134616 0.7747
-7.0113816647529 0.7746
-7.0114527070755 0.7745
-7.01150875778193 0.7744
-7.01155898331369 0.7743
-7.01159981385732 0.7742
-7.01164346457725 0.7741
-7.01169940311537 0.774
-7.01174754931194 0.7739
-7.01178460573802 0.7738
-7.01182884506861 0.7737
-7.01188691276693 0.7736
-7.01194528621004 0.7735
-7.01198506757436 0.7734
-7.01202768115188 0.7733
-7.01206850159454 0.7732
-7.01213436116658 0.7731
-7.01219405856373 0.773
-7.01225912209114 0.7729
-7.01232573718847 0.7728
-7.0124005648781 0.7727
-7.0124757988899 0.7726
-7.01255484784893 0.7725
-7.01261241347145 0.7724
-7.0126830016505 0.7723
-7.01276767598864 0.7722
-7.01283343859332 0.7721
-7.01288798951566 0.772
-7.01292164710536 0.7719
-7.01299278174256 0.7718
-7.01306324524602 0.7717
-7.01313940831852 0.7716
-7.01320564108288 0.7715
-7.01325054429241 0.7714
-7.01328860147155 0.7713
-7.01330372233576 0.7712
-7.01329718128594 0.7711
-7.01330254753466 0.771
-7.01331338940096 0.7709
-7.01332289909454 0.7708
-7.01332345242244 0.7707
-7.01332991503555 0.7706
-7.01335245021909 0.7705
-7.01337229064362 0.7704
-7.01339222270031 0.7703
-7.01339230097509 0.7702
-7.01337747247113 0.7701
-7.01336098489292 0.77
-7.01333346847348 0.7699
-7.01331002886816 0.7698
-7.01325842474393 0.7697
-7.01319562027141 0.7696
-7.01312882888748 0.7695
-7.01306283532765 0.7694
-7.01300604508477 0.7693
-7.01293871161049 0.7692
-7.0128750439638 0.7691
-7.01279673349419 0.769
-7.01271753498319 0.7689
-7.01263633593304 0.7688
-7.01254814516519 0.7687
-7.01245618898294 0.7686
-7.01235575730997 0.7685
-7.01225319508754 0.7684
-7.0121728417865 0.7683
-7.01212250132577 0.7682
-7.01207277067209 0.7681
-7.01202064424046 0.768
-7.01196974251385 0.7679
-7.0119320262327 0.7678
-7.01189260384359 0.7677
-7.01187844381728 0.7676
-7.0118776645081 0.7675
-7.01188971090661 0.7674
-7.01191669598885 0.7673
-7.01195136219526 0.7672
-7.01202585462285 0.7671
-7.01210339298454 0.767
-7.01220441943964 0.7669
-7.01233046888246 0.7668
-7.01247048587681 0.7667
-7.01261986416316 0.7666
-7.01275591623456 0.7665
-7.01290753868728 0.7664
-7.01307183829496 0.7663
-7.01323866638009 0.7662
-7.0134166399422 0.7661
-7.01356764860131 0.766
-7.0137048686799 0.7659
-7.01382003639976 0.7658
-7.01391151712644 0.7657
-7.01397939037667 0.7656
-7.01402516042197 0.7655
-7.01405430399843 0.7654
-7.01409022887236 0.7653
-7.01409572245923 0.7652
-7.0141033655324 0.7651
-7.01410164860499 0.765
-7.01409193134163 0.7649
-7.01409312308281 0.7648
-7.01408050461691 0.7647
-7.01407792387204 0.7646
-7.01406442573525 0.7645
-7.01404802724214 0.7644
-7.01403183962289 0.7643
-7.01401408213345 0.7642
-7.01400418482747 0.7641
-7.01398481611054 0.764
-7.01399696822324 0.7639
-7.01402505061703 0.7638
-7.01405578610172 0.7637
-7.01408887424905 0.7636
-7.01410648033235 0.7635
-7.01410458268588 0.7634
-7.01410803620584 0.7633
-7.01413609656539 0.7632
-7.01416330639714 0.7631
-7.01415051392986 0.763
-7.01413463825733 0.7629
-7.01407955776306 0.7628
-7.01400527926314 0.7627
-7.01392176469266 0.7626
-7.01379714724182 0.7625
-7.01365820176473 0.7624
-7.0135067342851 0.7623
-7.01334319111908 0.7622
-7.01317649711265 0.7621
-7.01299147270124 0.762
-7.01277281438074 0.7619
-7.01253010535249 0.7618
-7.01226708309876 0.7617
-7.01202730709073 0.7616
-7.01179907819152 0.7615
-7.0115851303904 0.7614
-7.01137333596322 0.7613
-7.01117405405904 0.7612
-7.01100460712339 0.7611
-7.01084420233369 0.761
-7.01070917697446 0.7609
-7.01061276173531 0.7608
-7.01052182013333 0.7607
-7.0104652220197 0.7606
-7.01043084471702 0.7605
-7.01042458278925 0.7604
-7.01043609138463 0.7603
-7.01048323001848 0.7602
-7.01055304964329 0.7601
-7.01067580507634 0.76
-7.01083542421224 0.7599
-7.01100276785864 0.7598
-7.01118708927621 0.7597
-7.01138347463332 0.7596
-7.01155500298059 0.7595
-7.01172369957874 0.7594
-7.0119045914909 0.7593
-7.01208670613946 0.7592
-7.01225702075621 0.7591
-7.01244857259861 0.759
-7.01262860331133 0.7589
-7.01278914070346 0.7588
-7.01295807706405 0.7587
-7.01311981579981 0.7586
-7.01326753056784 0.7585
-7.01341688237153 0.7584
-7.01354593181805 0.7583
-7.01365193062165 0.7582
-7.01376031215154 0.7581
-7.01384888377924 0.758
-7.01396219338895 0.7579
-7.0140537599766 0.7578
-7.01416981361906 0.7577
-7.01429685689949 0.7576
-7.01441997367537 0.7575
-7.01451640924767 0.7574
-7.01457409902527 0.7573
-7.01462697900952 0.7572
-7.01468700521183 0.7571
-7.01472933908737 0.757
-7.01478925042452 0.7569
-7.01485545947142 0.7568
-7.01493095381883 0.7567
-7.01502273875881 0.7566
-7.01511430292337 0.7565
-7.01522866475251 0.7564
-7.01530946693617 0.7563
-7.01537567096789 0.7562
-7.01543549033341 0.7561
-7.01548731323649 0.756
-7.01553976217255 0.7559
-7.01559764613914 0.7558
-7.01566705276091 0.7557
-7.01574068402421 0.7556
-7.01581884481724 0.7555
-7.01589994817489 0.7554
-7.01596604561313 0.7553
-7.01600541580127 0.7552
-7.01602440229688 0.7551
-7.01601618956343 0.755
-7.01601639744372 0.7549
-7.01597928809944 0.7548
-7.01594362687682 0.7547
-7.01591526503795 0.7546
-7.01587338972538 0.7545
-7.01581424809032 0.7544
-7.01572905394503 0.7543
-7.01563453028903 0.7542
-7.01552302007476 0.7541
-7.01539387218508 0.754
-7.01527422918637 0.7539
-7.01515284345658 0.7538
-7.01501966222289 0.7537
-7.01489186398589 0.7536
-7.01475912378075 0.7535
-7.0146261466106 0.7534
-7.01450669715618 0.7533
-7.01438145188674 0.7532
-7.01425826494054 0.7531
-7.01413582728456 0.753
-7.01401866382438 0.7529
-7.01387945545629 0.7528
-7.01374967712479 0.7527
-7.01360108379845 0.7526
-7.01347783609324 0.7525
-7.01338205822384 0.7524
-7.01331659085078 0.7523
-7.01324273160662 0.7522
-7.01318395618685 0.7521
-7.0131292260219 0.752
-7.0131108764063 0.7519
-7.01312598712793 0.7518
-7.01317551843624 0.7517
-7.01325135059806 0.7516
-7.01332015243195 0.7515
-7.01338595778451 0.7514
-7.01349261019293 0.7513
-7.01361380883955 0.7512
-7.01374407500961 0.7511
-7.01389773653214 0.751
-7.01405701375532 0.7509
-7.01419791818155 0.7508
-7.01432496269785 0.7507
-7.01443248775346 0.7506
-7.01455016365158 0.7505
-7.01466809847053 0.7504
-7.0147944143655 0.7503
-7.01490635153056 0.7502
-7.01499131913173 0.7501
-7.01506537157239 0.75
-7.01514927141075 0.7499
-7.01522708735512 0.7498
-7.01528267827679 0.7497
-7.01533670463852 0.7496
-7.01537138315598 0.7495
-7.01540928828886 0.7494
-7.01544277155597 0.7493
-7.01549311368437 0.7492
-7.01555333920276 0.7491
-7.01561123682931 0.749
-7.01566651572679 0.7489
-7.01572409688049 0.7488
-7.01576527634908 0.7487
-7.01581884590702 0.7486
-7.01584188136372 0.7485
-7.01586757256696 0.7484
-7.01588781286948 0.7483
-7.01591196220465 0.7482
-7.01592904921388 0.7481
-7.01593644629585 0.748
-7.01593487856851 0.7479
-7.01591593429536 0.7478
-7.01591714528829 0.7477
-7.01593575897087 0.7476
-7.0159609635632 0.7475
-7.01600207867346 0.7474
-7.01603514190043 0.7473
-7.01609204937262 0.7472
-7.01615690318463 0.7471
-7.01625747858439 0.747
-7.01637833860683 0.7469
-7.016474922447 0.7468
-7.01657778714802 0.7467
-7.01669294148891 0.7466
-7.01682731518033 0.7465
-7.01696639799594 0.7464
-7.0171242964039 0.7463
-7.01727984801372 0.7462
-7.01743798216372 0.7461
-7.01760279595819 0.746
-7.01774388761279 0.7459
-7.01790223284169 0.7458
-7.01804533536988 0.7457
-7.01819817235373 0.7456
-7.0183333495597 0.7455
-7.01844584220585 0.7454
-7.01854317589869 0.7453
-7.01859418192598 0.7452
-7.0185987255198 0.7451
-7.01858490892592 0.745
-7.01853612430815 0.7449
-7.01849160647454 0.7448
-7.0184274354627 0.7447
-7.01836800607876 0.7446
-7.01833355320163 0.7445
-7.01830638458408 0.7444
-7.01829771957912 0.7443
-7.0183041273594 0.7442
-7.01833118151773 0.7441
-7.01836491422212 0.744
-7.0184229833607 0.7439
-7.01847237856213 0.7438
-7.01854915967378 0.7437
-7.01863736847145 0.7436
-7.01871720938282 0.7435
-7.01881327717445 0.7434
-7.01890978767699 0.7433
-7.01900944667345 0.7432
-7.0190877406091 0.7431
-7.01915897526157 0.743
-7.01924366074799 0.7429
-7.0193266300811 0.7428
-7.01943020288173 0.7427
-7.01954127923203 0.7426
-7.01966607953924 0.7425
-7.01980677999095 0.7424
-7.01998394747537 0.7423
-7.02017069198455 0.7422
-7.02033392849132 0.7421
-7.02050794513631 0.742
-7.02065582914168 0.7419
-7.02078502303411 0.7418
-7.02091182725821 0.7417
-7.02099024767197 0.7416
-7.02105870886323 0.7415
-7.02110711618356 0.7414
-7.02112921060505 0.7413
-7.02110380910311 0.7412
-7.02104394166557 0.7411
-7.02097294511955 0.741
-7.02091056601064 0.7409
-7.02080798781674 0.7408
-7.02067647566278 0.7407
-7.02054821800526 0.7406
-7.02042156315194 0.7405
-7.02028003461031 0.7404
-7.02013319911981 0.7403
-7.01998921114926 0.7402
-7.0198325594554 0.7401
-7.01965884762512 0.74
-7.01948675606827 0.7399
-7.01930409547039 0.7398
-7.01911610708521 0.7397
-7.01897675988252 0.7396
-7.01885830927906 0.7395
-7.01876552446114 0.7394
-7.01868235176031 0.7393
-7.01861031295236 0.7392
-7.01855254264594 0.7391
-7.01853324933146 0.739
-7.01853842503692 0.7389
-7.01858580730575 0.7388
-7.01868630851474 0.7387
-7.01881792650303 0.7386
-7.0189786383249 0.7385
-7.01914993739641 0.7384
-7.0193300956804 0.7383
-7.01951517280214 0.7382
-7.01973704910758 0.7381
-7.0199667316841 0.738
-7.0201914631672 0.7379
-7.02041338786774 0.7378
-7.02059840830679 0.7377
-7.02078622698362 0.7376
-7.02094945394709 0.7375
-7.02109803837473 0.7374
-7.02124255105104 0.7373
-7.02136378867298 0.7372
-7.02144154476486 0.7371
-7.02149827675422 0.737
-7.02153955690566 0.7369
-7.02155366664508 0.7368
-7.02155936783533 0.7367
-7.02154114797502 0.7366
-7.02150435975269 0.7365
-7.02145010049143 0.7364
-7.02139011178586 0.7363
-7.02130457420737 0.7362
-7.02119827350952 0.7361
-7.02107961416524 0.736
-7.02097220215941 0.7359
-7.02086316070564 0.7358
-7.02074897614002 0.7357
-7.02061911598099 0.7356
-7.02052201847665 0.7355
-7.02042151310159 0.7354
-7.02031988724196 0.7353
-7.02023192037212 0.7352
-7.02015222712361 0.7351
-7.0200784252412 0.735
-7.02000399051184 0.7349
-7.01993446429737 0.7348
-7.01987034789265 0.7347
-7.01979731881972 0.7346
-7.01971446415855 0.7345
-7.0196688496138 0.7344
-7.01964068124738 0.7343
-7.01963171330437 0.7342
-7.01961499736824 0.7341
-7.01959980226602 0.734
-7.01958276503332 0.7339
-7.01957258304196 0.7338
-7.01957338768441 0.7337
-7.0195673780586 0.7336
-7.01957196245295 0.7335
-7.01958566919735 0.7334
-7.01963993466504 0.7333
-7.0197132274531 0.7332
-7.01978607139701 0.7331
-7.01986999633356 0.733
-7.01994427805844 0.7329
-7.02001187961357 0.7328
-7.02008559648212 0.7327
-7.02014836247015 0.7326
-7.02020830973906 0.7325
-7.02025992340778 0.7324
-7.02032243730611 0.7323
-7.02039557741824 0.7322
-7.02048004839052 0.7321
-7.0205691223478 0.732
-7.02065169090095 0.7319
-7.02075751460935 0.7318
-7.02086642569537 0.7317
-7.02095125166818 0.7316
-7.02103399052482 0.7315
-7.02109678948431 0.7314
-7.0211636984128 0.7313
-7.02123090981727 0.7312
-7.02128318541263 0.7311
-7.0213255296827 0.731
-7.02136873703251 0.7309
-7.02141033113127 0.7308
-7.02145009404726 0.7307
-7.02148396229142 0.7306
-7.02152320377856 0.7305
-7.02157884429583 0.7304
-7.02162406168112 0.7303
-7.02166048617026 0.7302
-7.02170263371678 0.7301
-7.021747560287 0.73
-7.02176968476512 0.7299
-7.02179962918632 0.7298
-7.02182001915317 0.7297
-7.02180567163161 0.7296
-7.02178742582577 0.7295
-7.02177506871319 0.7294
-7.02174429990692 0.7293
-7.02173526093198 0.7292
-7.02171708314197 0.7291
-7.02165251791849 0.729
-7.02156906331619 0.7289
-7.02145969800338 0.7288
-7.02133815962822 0.7287
-7.02120116502604 0.7286
-7.02104775225491 0.7285
-7.02088687271606 0.7284
-7.02070490090098 0.7283
-7.02051416512341 0.7282
-7.02031482790925 0.7281
-7.02010140371468 0.728
-7.01988724060775 0.7279
-7.01966711630852 0.7278
-7.0194455951788 0.7277
-7.01926363805996 0.7276
-7.01912255921997 0.7275
-7.01900690717382 0.7274
-7.01892862226124 0.7273
-7.01886878445412 0.7272
-7.01882706369332 0.7271
-7.01880867244599 0.727
-7.01882315215133 0.7269
-7.01884773035202 0.7268
-7.01890080505942 0.7267
-7.01896812752272 0.7266
-7.01904137516246 0.7265
-7.01911451597221 0.7264
-7.01919660891528 0.7263
-7.01929177943915 0.7262
-7.01939506168033 0.7261
-7.01951972903997 0.726
-7.0196456729392 0.7259
-7.01981940080216 0.7258
-7.01998815796903 0.7257
-7.02016589010485 0.7256
-7.02031763344744 0.7255
-7.02048832389262 0.7254
-7.02064725438775 0.7253
-7.02080488250793 0.7252
-7.02096385582458 0.7251
-7.02113625967904 0.725
-7.02128805931258 0.7249
-7.02145912596379 0.7248
-7.0216018965284 0.7247
-7.02175235604636 0.7246
-7.02191185356331 0.7245
-7.02204722531466 0.7244
-7.02216335455376 0.7243
-7.02226449410042 0.7242
-7.0223538193033 0.7241
-7.0224284900114 0.724
-7.02250531329391 0.7239
-7.02259283031399 0.7238
-7.02268879167513 0.7237
-7.02279027822586 0.7236
-7.02288545197957 0.7235
-7.02300074455882 0.7234
-7.02310125649009 0.7233
-7.0231726504903 0.7232
-7.02322725101342 0.7231
-7.02326575824836 0.723
-7.02328422411547 0.7229
-7.02329016328298 0.7228
-7.02327347969397 0.7227
-7.02324411576471 0.7226
-7.02321649546766 0.7225
-7.02319862852953 0.7224
-7.02319434208928 0.7223
-7.02319635625519 0.7222
-7.02321359254795 0.7221
-7.02323749664222 0.722
-7.02327464466083 0.7219
-7.02331739347492 0.7218
-7.02335733711806 0.7217
-7.02339591293278 0.7216
-7.0234509019976 0.7215
-7.02349447298633 0.7214
-7.02356127238918 0.7213
-7.02364692733107 0.7212
-7.02372260666519 0.7211
-7.02381637800854 0.721
-7.02392665362053 0.7209
-7.02404389768342 0.7208
-7.02415618960464 0.7207
-7.02425369881582 0.7206
-7.02437231129895 0.7205
-7.02447717397744 0.7204
-7.02457010908669 0.7203
-7.02462739455002 0.7202
-7.02464707011936 0.7201
-7.02465712323968 0.72
-7.02464660477398 0.7199
-7.02463543808675 0.7198
-7.0245965490808 0.7197
-7.02454104433876 0.7196
-7.02445496718043 0.7195
-7.0243585883517 0.7194
-7.02426280027901 0.7193
-7.02413917113582 0.7192
-7.02398908657635 0.7191
-7.02384293738962 0.719
-7.02367153873132 0.7189
-7.02346645879597 0.7188
-7.02324712137515 0.7187
-7.0230087446033 0.7186
-7.02276129831663 0.7185
-7.02249134649671 0.7184
-7.0222186481802 0.7183
-7.02195288048709 0.7182
-7.02168194967863 0.7181
-7.02143637762049 0.718
-7.0211964716218 0.7179
-7.02098464834724 0.7178
-7.02081078181978 0.7177
-7.02066478188059 0.7176
-7.02054003203627 0.7175
-7.02043249818299 0.7174
-7.02035068309625 0.7173
-7.02030897010695 0.7172
-7.0202794109594 0.7171
-7.02026982482211 0.717
-7.02030455505044 0.7169
-7.02036535016539 0.7168
-7.02044355571364 0.7167
-7.02052981955159 0.7166
-7.02063995720615 0.7165
-7.0207669962051 0.7164
-7.02090683959367 0.7163
-7.02106075217079 0.7162
-7.02122715554591 0.7161
-7.02138811622854 0.716
-7.0215402916828 0.7159
-7.02169894730983 0.7158
-7.02182572482572 0.7157
-7.02193918453639 0.7156
-7.02205685131979 0.7155
-7.02217393026221 0.7154
-7.02228376071789 0.7153
-7.02237715614584 0.7152
-7.02247437104007 0.7151
-7.02255476766035 0.715
-7.02261890636392 0.7149
-7.02263304496733 0.7148
-7.0226265463476 0.7147
-7.02260568272813 0.7146
-7.02254601324818 0.7145
-7.02248414120232 0.7144
-7.02241851660869 0.7143
-7.02233708362929 0.7142
-7.02226204320829 0.7141
-7.02217798095197 0.714
-7.02206944526717 0.7139
-7.02193524403045 0.7138
-7.02178260385014 0.7137
-7.02163930232484 0.7136
-7.02150817972315 0.7135
-7.0213905847167 0.7134
-7.02127198793373 0.7133
-7.02115210505928 0.7132
-7.02101094069836 0.7131
-7.02088669844967 0.713
-7.02076320192009 0.7129
-7.02064158586854 0.7128
-7.02052145242511 0.7127
-7.0204062373242 0.7126
-7.02029934928464 0.7125
-7.02020733473372 0.7124
-7.02012871069759 0.7123
-7.02009293643346 0.7122
-7.02008845663921 0.7121
-7.02012025797895 0.712
-7.02019352540592 0.7119
-7.02028066963616 0.7118
-7.02036413126154 0.7117
-7.02044704899838 0.7116
-7.02055513816233 0.7115
-7.02066138331622 0.7114
-7.02077434998555 0.7113
-7.02087475979465 0.7112
-7.02097725884519 0.7111
-7.02106269159225 0.711
-7.02115423163688 0.7109
-7.02125548443409 0.7108
-7.0213621422109 0.7107
-7.02144595196752 0.7106
-7.02149610588348 0.7105
-7.02155187134507 0.7104
-7.02160293708811 0.7103
-7.02162351056383 0.7102
-7.02163767469463 0.7101
-7.02163307839233 0.71
-7.02160033592947 0.7099
-7.02156016957452 0.7098
-7.02151998711092 0.7097
-7.02148136082839 0.7096
-7.02146405038343 0.7095
-7.02144092422161 0.7094
-7.0214276765913 0.7093
-7.02142293050892 0.7092
-7.02140477107337 0.7091
-7.02140174619101 0.709
-7.02139448022517 0.7089
-7.02137260700858 0.7088
-7.0213700745154 0.7087
-7.02135069738874 0.7086
-7.02131383009505 0.7085
-7.02127726171583 0.7084
-7.02124480298082 0.7083
-7.0212378246859 0.7082
-7.02125927524848 0.7081
-7.02127915940176 0.708
-7.02132711738721 0.7079
-7.021391374707 0.7078
-7.02145507234998 0.7077
-7.02151053553387 0.7076
-7.02159372376348 0.7075
-7.02171265850254 0.7074
-7.02184394381423 0.7073
-7.02196792342889 0.7072
-7.02205870893507 0.7071
-7.02216316703421 0.707
-7.02225970256252 0.7069
-7.02234347509617 0.7068
-7.02242489919121 0.7067
-7.02251332533451 0.7066
-7.02263029114042 0.7065
-7.02278205844695 0.7064
-7.02292285281294 0.7063
-7.02308250413693 0.7062
-7.02323653557243 0.7061
-7.02341176597766 0.706
-7.02359496223199 0.7059
-7.02377829770653 0.7058
-7.02397919291614 0.7057
-7.02417529517124 0.7056
-7.02437318197229 0.7055
-7.02457309971618 0.7054
-7.02478284855244 0.7053
-7.02496819669287 0.7052
-7.02513910172661 0.7051
-7.02528747808889 0.705
-7.02542493931076 0.7049
-7.0255418934092 0.7048
-7.02563112111112 0.7047
-7.02572096208483 0.7046
-7.02580572726926 0.7045
-7.02588031977887 0.7044
-7.02597260230141 0.7043
-7.02605209411915 0.7042
-7.02610109639837 0.7041
-7.02613092221588 0.704
-7.02614339382549 0.7039
-7.02614328645256 0.7038
-7.0261107105107 0.7037
-7.02605635222594 0.7036
-7.02598809223301 0.7035
-7.02588316582435 0.7034
-7.02573387585999 0.7033
-7.02556436233912 0.7032
-7.02536556209301 0.7031
-7.02515145600533 0.703
-7.02496793998717 0.7029
-7.02479571313228 0.7028
-7.02462593974289 0.7027
-7.02446683317779 0.7026
-7.02431118484356 0.7025
-7.02414768274184 0.7024
-7.02399506377379 0.7023
-7.02385024417628 0.7022
-7.02370882794901 0.7021
-7.0235972121032 0.702
-7.02351429491426 0.7019
-7.02345124772394 0.7018
-7.02339979120608 0.7017
-7.02336126568549 0.7016
-7.02335898532959 0.7015
-7.02339669069043 0.7014
-7.02344749617008 0.7013
-7.02353116497148 0.7012
-7.0236134780192 0.7011
-7.02372714794416 0.701
-7.02383719384426 0.7009
-7.02392730470738 0.7008
-7.02401551933982 0.7007
-7.02409730528468 0.7006
-7.02418093219726 0.7005
-7.02426080262716 0.7004
-7.0243482026826 0.7003
-7.02442711578639 0.7002
-7.02449889270379 0.7001
-7.02458771798993 0.7
-7.02468149815916 0.6999
-7.02475510148644 0.6998
-7.02484732724878 0.6997
-7.02493472756629 0.6996
-7.02502744401612 0.6995
-7.02510528639268 0.6994
-7.02516254492817 0.6993
-7.02522025180658 0.6992
-7.02527162142959 0.6991
-7.02529407729398 0.699
-7.02529738210991 0.6989
-7.02529186031006 0.6988
-7.02528674718332 0.6987
-7.02528910731606 0.6986
-7.02531447910773 0.6985
-7.02534038012388 0.6984
-7.02535671696443 0.6983
-7.0253879723882 0.6982
-7.02542291833752 0.6981
-7.02545031597734 0.698
-7.02547552728401 0.6979
-7.02549943823519 0.6978
-7.02554658559818 0.6977
-7.02560656468088 0.6976
-7.02567346136897 0.6975
-7.02574294024439 0.6974
-7.02581701277348 0.6973
-7.02587767709724 0.6972
-7.02594638501543 0.6971
-7.02599665807656 0.697
-7.02604414027007 0.6969
-7.02609452289028 0.6968
-7.02613799885872 0.6967
-7.02615702367337 0.6966
-7.02619064734377 0.6965
-7.02620310186968 0.6964
-7.02619463443863 0.6963
-7.02617767012976 0.6962
-7.02616173026392 0.6961
-7.02613977580155 0.696
-7.02610073461756 0.6959
-7.02605528345685 0.6958
-7.02601524085808 0.6957
-7.02600229513898 0.6956
-7.02599024179907 0.6955
-7.02597341941974 0.6954
-7.02594084210715 0.6953
-7.0259256330341 0.6952
-7.02590597562332 0.6951
-7.02587369307303 0.695
-7.02582523525195 0.6949
-7.02579501524979 0.6948
-7.02577306924524 0.6947
-7.02574192247934 0.6946
-7.02573939465241 0.6945
-7.02577187314707 0.6944
-7.02580883990971 0.6943
-7.0258302630232 0.6942
-7.02584217570685 0.6941
-7.02586924361978 0.694
-7.02587759483759 0.6939
-7.02589001149337 0.6938
-7.02592827691251 0.6937
-7.02594099637697 0.6936
-7.02595122922392 0.6935
-7.0259764492363 0.6934
-7.02602355053163 0.6933
-7.02607431820075 0.6932
-7.02611528687479 0.6931
-7.02614299148166 0.693
-7.02618102287305 0.6929
-7.02622299722318 0.6928
-7.02625521491479 0.6927
-7.02627148426191 0.6926
-7.02630211948455 0.6925
-7.02633638358396 0.6924
-7.02639599406837 0.6923
-7.02647470344959 0.6922
-7.02655229721633 0.6921
-7.0266124598045 0.692
-7.0266697950781 0.6919
-7.02672109307031 0.6918
-7.02674572256899 0.6917
-7.02674512182744 0.6916
-7.02677074088541 0.6915
-7.02677632192319 0.6914
-7.02676393834237 0.6913
-7.02675253574796 0.6912
-7.02674035859204 0.6911
-7.02671398525675 0.691
-7.02671284391608 0.6909
-7.02672169785587 0.6908
-7.02672705763009 0.6907
-7.02677018680387 0.6906
-7.02681085576287 0.6905
-7.02685760216245 0.6904
-7.02689793385945 0.6903
-7.02691783574914 0.6902
-7.02692866170803 0.6901
-7.02695051485408 0.69
-7.02695691926623 0.6899
-7.02695967732349 0.6898
-7.02696325312218 0.6897
-7.02699164108343 0.6896
-7.0270096273579 0.6895
-7.02705485076266 0.6894
-7.02710995929857 0.6893
-7.02717967912758 0.6892
-7.02725595334552 0.6891
-7.02732048158028 0.689
-7.02738891654833 0.6889
-7.02747096284375 0.6888
-7.02756014186254 0.6887
-7.02762614624787 0.6886
-7.02770342892766 0.6885
-7.02778218539805 0.6884
-7.02785308985427 0.6883
-7.02792450198466 0.6882
-7.02796263000157 0.6881
-7.02797694731263 0.688
-7.02797789758343 0.6879
-7.02797313072466 0.6878
-7.02797712018705 0.6877
-7.02797894762626 0.6876
-7.0279725635944 0.6875
-7.02795357124141 0.6874
-7.02794188290939 0.6873
-7.02791489412572 0.6872
-7.02789431336852 0.6871
-7.02788919446179 0.687
-7.02789540665167 0.6869
-7.02793072137356 0.6868
-7.02798017315342 0.6867
-7.02801052156034 0.6866
-7.02804743894094 0.6865
-7.02809896159741 0.6864
-7.02817240158123 0.6863
-7.02826338176726 0.6862
-7.02834561935525 0.6861
-7.02841136384637 0.686
-7.02849545116021 0.6859
-7.02857741681177 0.6858
-7.02866250793082 0.6857
-7.02877840647218 0.6856
-7.02889961736332 0.6855
-7.0290343449064 0.6854
-7.02917958205363 0.6853
-7.02933087745458 0.6852
-7.02946809948712 0.6851
-7.02960188712809 0.685
-7.02970320102868 0.6849
-7.0297795660924 0.6848
-7.02985581010663 0.6847
-7.02994674920889 0.6846
-7.03005471484985 0.6845
-7.03015786872528 0.6844
-7.03025742794455 0.6843
-7.03033764116587 0.6842
-7.0304140505863 0.6841
-7.03046795850394 0.684
-7.03052508919907 0.6839
-7.03059356936924 0.6838
-7.03065852320404 0.6837
-7.03071482613072 0.6836
-7.03076570593351 0.6835
-7.03082203976589 0.6834
-7.03087105161743 0.6833
-7.03094007761903 0.6832
-7.03098645317489 0.6831
-7.03101630685009 0.683
-7.03104028642193 0.6829
-7.03105579205675 0.6828
-7.03105133461355 0.6827
-7.03103916129893 0.6826
-7.03101316167561 0.6825
-7.03099723877241 0.6824
-7.03097286653626 0.6823
-7.03092972855938 0.6822
-7.03088776783045 0.6821
-7.03085472796817 0.682
-7.03082446470471 0.6819
-7.03081195084455 0.6818
-7.03082308408265 0.6817
-7.03086208791431 0.6816
-7.03092567375956 0.6815
-7.03100758533946 0.6814
-7.03109731533735 0.6813
-7.03118677981435 0.6812
-7.0312794433316 0.6811
-7.03138225624588 0.681
-7.03148441859049 0.6809
-7.03157887332405 0.6808
-7.03167133751765 0.6807
-7.03177237168676 0.6806
-7.03184523602993 0.6805
-7.03193126977736 0.6804
-7.03200977117607 0.6803
-7.0320515778547 0.6802
-7.03205422161983 0.6801
-7.03204048978882 0.68
-7.03201770712634 0.6799
-7.03198343935949 0.6798
-7.03193730324624 0.6797
-7.03188004254848 0.6796
-7.03178047346846 0.6795
-7.0316832098859 0.6794
-7.0315650224739 0.6793
-7.03142667039327 0.6792
-7.03125777901372 0.6791
-7.03105473628319 0.679
-7.03084300373385 0.6789
-7.03063317348947 0.6788
-7.03040383197076 0.6787
-7.03015406856528 0.6786
-7.02989687879951 0.6785
-7.02965508227963 0.6784
-7.0294059413715 0.6783
-7.02916549390391 0.6782
-7.02897973930019 0.6781
-7.0288132213921 0.678
-7.02866059915382 0.6779
-7.02854476685165 0.6778
-7.02843669639588 0.6777
-7.02837151600444 0.6776
-7.02835257937034 0.6775
-7.02836276146417 0.6774
-7.02841742816789 0.6773
-7.02850873267981 0.6772
-7.02862011582537 0.6771
-7.02872033959261 0.677
-7.02882409384093 0.6769
-7.02893106111089 0.6768
-7.02904533096063 0.6767
-7.02919193165615 0.6766
-7.02932170776934 0.6765
-7.0294478049856 0.6764
-7.02956878169013 0.6763
-7.02969811407043 0.6762
-7.02982762694706 0.6761
-7.02993218073515 0.676
-7.03001032008404 0.6759
-7.03006203689953 0.6758
-7.03008789973965 0.6757
-7.03008732547453 0.6756
-7.03004951843839 0.6755
-7.02998885324604 0.6754
-7.02989985647493 0.6753
-7.02978780044421 0.6752
-7.02967549926578 0.6751
-7.02953252602917 0.675
-7.02936942090899 0.6749
-7.02922014438221 0.6748
-7.02910404884909 0.6747
-7.02902890130421 0.6746
-7.02897952649399 0.6745
-7.028944455044 0.6744
-7.02893192226296 0.6743
-7.02891149259144 0.6742
-7.02892053495763 0.6741
-7.0289704332843 0.674
-7.02903587204604 0.6739
-7.02911799537282 0.6738
-7.02919976181671 0.6737
-7.02930106952706 0.6736
-7.02944765604517 0.6735
-7.02962478441074 0.6734
-7.02982234686391 0.6733
-7.03004304305987 0.6732
-7.03026995309389 0.6731
-7.03050144029335 0.673
-7.03074252869817 0.6729
-7.03097130169611 0.6728
-7.03118839785574 0.6727
-7.03140049101572 0.6726
-7.03160474150004 0.6725
-7.03179481694656 0.6724
-7.03195662707628 0.6723
-7.03209384459533 0.6722
-7.03223773297506 0.6721
-7.03236287949645 0.672
-7.03246723790877 0.6719
-7.03253488814318 0.6718
-7.0325571805895 0.6717
-7.03255578917147 0.6716
-7.03253709726641 0.6715
-7.03247583037687 0.6714
-7.03239027079145 0.6713
-7.03228556411352 0.6712
-7.03217502363081 0.6711
-7.03204054122567 0.671
-7.03189153731423 0.6709
-7.03174435413634 0.6708
-7.03158558660976 0.6707
-7.03143735401095 0.6706
-7.03129486813193 0.6705
-7.03117357701259 0.6704
-7.03103763924328 0.6703
-7.03093470501148 0.6702
-7.03084696731428 0.6701
-7.03078682093838 0.67
-7.03076097666162 0.6699
-7.03074255848496 0.6698
-7.03073835919084 0.6697
-7.03075571680595 0.6696
-7.03077796628578 0.6695
-7.03081824526596 0.6694
-7.03085776571758 0.6693
-7.03091431343578 0.6692
-7.03095247233505 0.6691
-7.03098380276635 0.669
-7.030996036172 0.6689
-7.03102177745477 0.6688
-7.03105164776409 0.6687
-7.0310674902663 0.6686
-7.03108817439911 0.6685
-7.03111149239485 0.6684
-7.03112669127164 0.6683
-7.03116930012603 0.6682
-7.03118876217447 0.6681
-7.03117432812293 0.668
-7.03116919684393 0.6679
-7.03113755455195 0.6678
-7.03108984962073 0.6677
-7.03100780992812 0.6676
-7.03090019654111 0.6675
-7.03077851856651 0.6674
-7.03065228077045 0.6673
-7.03052372169489 0.6672
-7.03040937267389 0.6671
-7.03029811968498 0.667
-7.03018221033889 0.6669
-7.03005219769745 0.6668
-7.02994718607117 0.6667
-7.02984854119101 0.6666
-7.02973654193467 0.6665
-7.02966116499428 0.6664
-7.02960178900952 0.6663
-7.02954781130703 0.6662
-7.02949763073108 0.6661
-7.02947366918413 0.666
-7.02946855704305 0.6659
-7.02948450086256 0.6658
-7.02950095766423 0.6657
-7.02954343584283 0.6656
-7.02961100656446 0.6655
-7.02967096053471 0.6654
-7.02972939428316 0.6653
-7.0298121675101 0.6652
-7.02991691168664 0.6651
-7.03001300556805 0.665
-7.03012105590133 0.6649
-7.03026625393261 0.6648
-7.0304565171569 0.6647
-7.03067097876097 0.6646
-7.03090096635924 0.6645
-7.03115599341663 0.6644
-7.03140717193226 0.6643
-7.03166611917404 0.6642
-7.03192920795188 0.6641
-7.03220195462001 0.664
-7.03246150088705 0.6639
-7.03270203229024 0.6638
-7.0329284394181 0.6637
-7.03316237734335 0.6636
-7.03338966779778 0.6635
-7.0336018121715 0.6634
-7.03379251241923 0.6633
-7.0339573123564 0.6632
-7.03409817258968 0.6631
-7.03421836455088 0.663
-7.03432173116578 0.6629
-7.03439816555418 0.6628
-7.03445395966967 0.6627
-7.03449293811568 0.6626
-7.03451600944006 0.6625
-7.03454456319853 0.6624
-7.03455334834144 0.6623
-7.03454685067479 0.6622
-7.03454686448574 0.6621
-7.03453738678018 0.662
-7.03451252222764 0.6619
-7.03449297211319 0.6618
-7.0344674885775 0.6617
-7.03445749927155 0.6616
-7.03442668254437 0.6615
-7.0343784516186 0.6614
-7.03434651747543 0.6613
-7.03432896736936 0.6612
-7.03430479326116 0.6611
-7.03427694146874 0.661
-7.03426303027809 0.6609
-7.03423787875302 0.6608
-7.03421199950813 0.6607
-7.03418516248456 0.6606
-7.03415599763324 0.6605
-7.03411726868935 0.6604
-7.03407447158416 0.6603
-7.03400220348801 0.6602
-7.03390838926835 0.6601
-7.03381882866838 0.66
-7.03373808137703 0.6599
-7.03365592992355 0.6598
-7.03356693846279 0.6597
-7.03346420068096 0.6596
-7.03335167754553 0.6595
-7.03324162100111 0.6594
-7.03313351042382 0.6593
-7.03306698714174 0.6592
-7.03301157479212 0.6591
-7.03296126765825 0.659
-7.03291308275632 0.6589
-7.03289176295 0.6588
-7.03288171106272 0.6587
-7.03289486733927 0.6586
-7.0329280594059 0.6585
-7.03297402933788 0.6584
-7.03302279993597 0.6583
-7.03307585735554 0.6582
-7.03313767592821 0.6581
-7.03320337505926 0.658
-7.03327231597266 0.6579
-7.03332709347405 0.6578
-7.0333726019232 0.6577
-7.03340123193974 0.6576
-7.03343545646644 0.6575
-7.03345449274907 0.6574
-7.0334746894655 0.6573
-7.03346914711231 0.6572
-7.03345004639471 0.6571
-7.03342918260779 0.657
-7.03341169374705 0.6569
-7.03339366944794 0.6568
-7.0333697622746 0.6567
-7.03334143332666 0.6566
-7.03326576420848 0.6565
-7.03320429914416 0.6564
-7.03315846366934 0.6563
-7.0331093378204 0.6562
-7.0330666367145 0.6561
-7.03304549952825 0.656
-7.03302236103425 0.6559
-7.03302169920235 0.6558
-7.03302099190688 0.6557
-7.03304492785982 0.6556
-7.03307873725274 0.6555
-7.03311205055693 0.6554
-7.0331525263923 0.6553
-7.03317845903337 0.6552
-7.03322129569035 0.6551
-7.03327368141114 0.655
-7.03333525172575 0.6549
-7.0333971634989 0.6548
-7.03345851190121 0.6547
-7.03350981747528 0.6546
-7.03355251779656 0.6545
-7.03357327095156 0.6544
-7.03360038297168 0.6543
-7.03363173726391 0.6542
-7.03367705532504 0.6541
-7.03368831608466 0.654
-7.03368397133343 0.6539
-7.03366036967093 0.6538
-7.03360730383705 0.6537
-7.03355558829567 0.6536
-7.03349693038036 0.6535
-7.03344152093795 0.6534
-7.03340817817337 0.6533
-7.03338594103733 0.6532
-7.03335003616321 0.6531
-7.03332869660412 0.653
-7.03330750158543 0.6529
-7.03331713535293 0.6528
-7.03332222144324 0.6527
-7.03333288163337 0.6526
-7.0333729402513 0.6525
-7.03341588793705 0.6524
-7.03345587707352 0.6523
-7.0334932576235 0.6522
-7.03354825881226 0.6521
-7.03360982691965 0.652
-7.03367681421895 0.6519
-7.03375825813801 0.6518
-7.03385349908706 0.6517
-7.03393731539959 0.6516
-7.03402721693316 0.6515
-7.03411543183312 0.6514
-7.03419770562233 0.6513
-7.03427546669605 0.6512
-7.03435266368909 0.6511
-7.03439389458114 0.651
-7.03441518483884 0.6509
-7.03441903474272 0.6508
-7.03440548467726 0.6507
-7.03438693759674 0.6506
-7.03434414279783 0.6505
-7.03429135152186 0.6504
-7.03424834999999 0.6503
-7.03420589807736 0.6502
-7.03417121664309 0.6501
-7.03412002907598 0.65
-7.03407517985503 0.6499
-7.03405066580775 0.6498
-7.03401723678257 0.6497
-7.03400433570485 0.6496
-7.03403493573159 0.6495
-7.03408283518674 0.6494
-7.03415153387306 0.6493
-7.03423159906755 0.6492
-7.03432036104535 0.6491
-7.03442808007718 0.649
-7.03455431578172 0.6489
-7.03470046239063 0.6488
-7.03484020170416 0.6487
-7.03500255169413 0.6486
-7.03518417922089 0.6485
-7.03534967315027 0.6484
-7.03551584981073 0.6483
-7.03566408143881 0.6482
-7.03582050372174 0.6481
-7.03600125884799 0.648
-7.03619606630467 0.6479
-7.03638635885635 0.6478
-7.03658891321644 0.6477
-7.03678866183825 0.6476
-7.03699152118082 0.6475
-7.03718883281109 0.6474
-7.03738937603519 0.6473
-7.03756670487575 0.6472
-7.03772557446718 0.6471
-7.03786639719857 0.647
-7.03800058092013 0.6469
-7.03813069395089 0.6468
-7.03826045019323 0.6467
-7.03836807991082 0.6466
-7.03843860593589 0.6465
-7.03849411505953 0.6464
-7.03853399675457 0.6463
-7.03856135626325 0.6462
-7.03858696089376 0.6461
-7.03860194756197 0.646
-7.03859653283883 0.6459
-7.03857693988405 0.6458
-7.03852450130018 0.6457
-7.03844597221075 0.6456
-7.03833752597219 0.6455
-7.03819872239631 0.6454
-7.03804928089274 0.6453
-7.03788082370369 0.6452
-7.03770260878634 0.6451
-7.03752659781896 0.645
-7.03735771613895 0.6449
-7.03718346752904 0.6448
-7.03701460291493 0.6447
-7.03687680726903 0.6446
-7.03673936660989 0.6445
-7.03663372209736 0.6444
-7.03656234454754 0.6443
-7.03649887837092 0.6442
-7.03646795470794 0.6441
-7.03646823783422 0.644
-7.03648325953325 0.6439
-7.03654465925247 0.6438
-7.03663539986091 0.6437
-7.03675274495296 0.6436
-7.03688122091801 0.6435
-7.03702363774822 0.6434
-7.03715621123237 0.6433
-7.03730749345844 0.6432
-7.03743337416968 0.6431
-7.03754635002337 0.643
-7.03766008254915 0.6429
-7.03775999520159 0.6428
-7.03783844833521 0.6427
-7.03790554838059 0.6426
-7.03795891081478 0.6425
-7.03801178422033 0.6424
-7.03804577327683 0.6423
-7.038072894984 0.6422
-7.0380598770629 0.6421
-7.03802530332804 0.642
-7.03798180498359 0.6419
-7.03792016601107 0.6418
-7.03784529364486 0.6417
-7.03778744689139 0.6416
-7.03770618530598 0.6415
-7.03761127653167 0.6414
-7.0375054885577 0.6413
-7.03739472015396 0.6412
-7.03730188972997 0.6411
-7.03720736834995 0.641
-7.03710248179737 0.6409
-7.03703179888639 0.6408
-7.03697961074566 0.6407
-7.03696568139307 0.6406
-7.03696071406245 0.6405
-7.036986446244 0.6404
-7.03700967823281 0.6403
-7.03703508370694 0.6402
-7.03705873955122 0.6401
-7.03707971274121 0.64
-7.03709653724817 0.6399
-7.03712570802368 0.6398
-7.03714958869292 0.6397
-7.03717176750752 0.6396
-7.03719826474411 0.6395
-7.03722476389681 0.6394
-7.03724582992194 0.6393
-7.03728320534588 0.6392
-7.03731986050502 0.6391
-7.03735044726642 0.639
-7.03737376437494 0.6389
-7.03738191582992 0.6388
-7.03738069475308 0.6387
-7.03739682354064 0.6386
-7.03741193368003 0.6385
-7.0374348308541 0.6384
-7.03745204198025 0.6383
-7.03745828838915 0.6382
-7.03745913820533 0.6381
-7.03748009428319 0.638
-7.03751993649553 0.6379
-7.03757428579015 0.6378
-7.0376499560683 0.6377
-7.03769983578216 0.6376
-7.0377533100339 0.6375
-7.03780728590879 0.6374
-7.03786043155662 0.6373
-7.03787753004214 0.6372
-7.03787448350336 0.6371
-7.037852472881 0.637
-7.03784107439489 0.6369
-7.03779189062578 0.6368
-7.03773797179093 0.6367
-7.03766625805718 0.6366
-7.03759690496552 0.6365
-7.03751991521109 0.6364
-7.03743244749403 0.6363
-7.03732362604109 0.6362
-7.037194665218 0.6361
-7.03703794145064 0.636
-7.03689241863763 0.6359
-7.03672851568007 0.6358
-7.03656388837754 0.6357
-7.03642631619207 0.6356
-7.03632966832103 0.6355
-7.03625371001152 0.6354
-7.03621407535107 0.6353
-7.03620752125452 0.6352
-7.03621942230981 0.6351
-7.03627591797664 0.635
-7.0363555319319 0.6349
-7.03646155136719 0.6348
-7.03658316880826 0.6347
-7.0366947359887 0.6346
-7.03680761390998 0.6345
-7.0369125637332 0.6344
-7.03700950087301 0.6343
-7.03711744980739 0.6342
-7.03723734601888 0.6341
-7.03734851940856 0.634
-7.03746057563981 0.6339
-7.03757254718639 0.6338
-7.03765690694704 0.6337
-7.03771885704209 0.6336
-7.03775872417498 0.6335
-7.03778186786641 0.6334
-7.0377896836074 0.6333
-7.03779595609414 0.6332
-7.03778888490584 0.6331
-7.03779298091963 0.633
-7.03781010915664 0.6329
-7.03784377734626 0.6328
-7.03787623125001 0.6327
-7.03793752009496 0.6326
-7.03803243318003 0.6325
-7.03815449050738 0.6324
-7.03831839342915 0.6323
-7.03849349960233 0.6322
-7.03867604353323 0.6321
-7.03883207913652 0.632
-7.03899282383404 0.6319
-7.0391744378332 0.6318
-7.03935731446666 0.6317
-7.03953193837474 0.6316
-7.03971199364252 0.6315
-7.03988456279711 0.6314
-7.04004217729516 0.6313
-7.04016728951151 0.6312
-7.04027719876231 0.6311
-7.04037826388581 0.631
-7.04044279035622 0.6309
-7.04048233916608 0.6308
-7.04050451441652 0.6307
-7.04048359868931 0.6306
-7.0404406268758 0.6305
-7.04037242169653 0.6304
-7.0402671830252 0.6303
-7.04014182659561 0.6302
-7.04000670096422 0.6301
-7.03985681441313 0.63
-7.03970515287294 0.6299
-7.03955092551981 0.6298
-7.03938263418938 0.6297
-7.03922321677303 0.6296
-7.03908425259574 0.6295
-7.03895345407955 0.6294
-7.03880161193302 0.6293
-7.03866052311402 0.6292
-7.03852083376393 0.6291
-7.03841022058047 0.629
-7.03831572699992 0.6289
-7.03824118569201 0.6288
-7.03818850991443 0.6287
-7.0381678973709 0.6286
-7.03815029504562 0.6285
-7.03813401093495 0.6284
-7.03811020550531 0.6283
-7.03810669591132 0.6282
-7.03810913295542 0.6281
-7.03808715619248 0.628
-7.03805076883595 0.6279
-7.03802201548724 0.6278
-7.03797602002276 0.6277
-7.037931840293 0.6276
-7.03790553383263 0.6275
-7.03790481154913 0.6274
-7.03790702159213 0.6273
-7.03791928145377 0.6272
-7.0379473426722 0.6271
-7.03797921026424 0.627
-7.03801487577939 0.6269
-7.03806176934583 0.6268
-7.03812200223323 0.6267
-7.03818918751731 0.6266
-7.03826836548038 0.6265
-7.03835638439559 0.6264
-7.0384689259585 0.6263
-7.03860057311207 0.6262
-7.03873473522999 0.6261
-7.03888341784203 0.626
-7.03904281956213 0.6259
-7.0392223491524 0.6258
-7.03940506053379 0.6257
-7.03960977966395 0.6256
-7.03982925001279 0.6255
-7.04003533470168 0.6254
-7.04022897457379 0.6253
-7.04041332203892 0.6252
-7.04058008108786 0.6251
-7.04075630785526 0.625
-7.04093325293878 0.6249
-7.04110783290692 0.6248
-7.04128843718512 0.6247
-7.04146531236491 0.6246
-7.04160955399617 0.6245
-7.04176948047923 0.6244
-7.04190453099435 0.6243
-7.04200037175731 0.6242
-7.04207608682291 0.6241
-7.04214222713937 0.624
-7.04219051186898 0.6239
-7.04221743940097 0.6238
-7.04221615835874 0.6237
-7.04217152565915 0.6236
-7.04210044452582 0.6235
-7.0420166629107 0.6234
-7.04190020117222 0.6233
-7.04175637312309 0.6232
-7.04160342224631 0.6231
-7.04143781614296 0.623
-7.04125606995339 0.6229
-7.04108694400485 0.6228
-7.04091853232028 0.6227
-7.04077524000131 0.6226
-7.04066393799941 0.6225
-7.04057912636686 0.6224
-7.04052519008813 0.6223
-7.04049329064228 0.6222
-7.04049453547754 0.6221
-7.04051834749422 0.622
-7.04055561061256 0.6219
-7.04064483792549 0.6218
-7.04074919540516 0.6217
-7.04089259114601 0.6216
-7.0410206927825 0.6215
-7.04114495173441 0.6214
-7.04127826741021 0.6213
-7.04141665313462 0.6212
-7.04156406488855 0.6211
-7.04171330753466 0.621
-7.041866194087 0.6209
-7.04202081124035 0.6208
-7.04215003628488 0.6207
-7.04225663002571 0.6206
-7.04235609346138 0.6205
-7.04243729137147 0.6204
-7.04252153012095 0.6203
-7.04258651398732 0.6202
-7.04263722132714 0.6201
-7.04267041744396 0.62
-7.04270602599411 0.6199
-7.04273200048884 0.6198
-7.0427453363271 0.6197
-7.04274940600249 0.6196
-7.04275971922212 0.6195
-7.04276125463736 0.6194
-7.04275794430659 0.6193
-7.04274933583139 0.6192
-7.04273482301154 0.6191
-7.04269145357672 0.619
-7.04263647927127 0.6189
-7.04258092286759 0.6188
-7.04253565671879 0.6187
-7.04246407720323 0.6186
-7.04239091958046 0.6185
-7.04231321151254 0.6184
-7.04223340774382 0.6183
-7.04214052139963 0.6182
-7.04204896942881 0.6181
-7.04196655417068 0.618
-7.04187809537031 0.6179
-7.04178804524877 0.6178
-7.04169092489703 0.6177
-7.04159196595208 0.6176
-7.04149655655705 0.6175
-7.04140888072132 0.6174
-7.04130004360467 0.6173
-7.04118832603802 0.6172
-7.0410843282643 0.6171
-7.04097947320342 0.617
-7.04088628487534 0.6169
-7.04079747964167 0.6168
-7.04068806477569 0.6167
-7.04058801982428 0.6166
-7.0404829288591 0.6165
-7.04037043884723 0.6164
-7.04026739652911 0.6163
-7.0401471484579 0.6162
-7.04002607014989 0.6161
-7.03989395277507 0.616
-7.03977626631938 0.6159
-7.03967118095028 0.6158
-7.03959036076248 0.6157
-7.03952762202005 0.6156
-7.03946805568958 0.6155
-7.03940773501814 0.6154
-7.03935363607245 0.6153
-7.03933838816918 0.6152
-7.03934617507752 0.6151
-7.03937971017338 0.615
-7.03941827026173 0.6149
-7.03945919995425 0.6148
-7.03951741562725 0.6147
-7.03957232573582 0.6146
-7.03966974481898 0.6145
-7.03978794278027 0.6144
-7.03991326652897 0.6143
-7.04003688033121 0.6142
-7.0401667651602 0.6141
-7.04030941732316 0.614
-7.04046202603497 0.6139
-7.04059663984919 0.6138
-7.04073393443537 0.6137
-7.04087091333487 0.6136
-7.04101676715595 0.6135
-7.04115044462392 0.6134
-7.04126692442543 0.6133
-7.04138448402937 0.6132
-7.04150495947113 0.6131
-7.04160980837315 0.613
-7.04169097338469 0.6129
-7.04176054028443 0.6128
-7.04179755471268 0.6127
-7.04183056069366 0.6126
-7.04185156748736 0.6125
-7.04184179949331 0.6124
-7.04182475542158 0.6123
-7.04179730125359 0.6122
-7.0417519182181 0.6121
-7.04170060076006 0.612
-7.04164374713585 0.6119
-7.041583950435 0.6118
-7.04152093386876 0.6117
-7.04146997883875 0.6116
-7.04140520595052 0.6115
-7.04131729503007 0.6114
-7.0412124810637 0.6113
-7.04111837713084 0.6112
-7.04102864460187 0.6111
-7.04097710506054 0.611
-7.04092407657948 0.6109
-7.0408853460684 0.6108
-7.04085315408902 0.6107
-7.04084140187929 0.6106
-7.04084997201269 0.6105
-7.04085078523297 0.6104
-7.04086404346775 0.6103
-7.04089099049596 0.6102
-7.04090338506037 0.6101
-7.04090506666574 0.61
-7.04092166578575 0.6099
-7.04093863756059 0.6098
-7.04097239876435 0.6097
-7.04102558843405 0.6096
-7.04107819791199 0.6095
-7.04111187617471 0.6094
-7.04115816926778 0.6093
-7.04119735250798 0.6092
-7.0412435511525 0.6091
-7.04129905294463 0.609
-7.04134329276381 0.6089
-7.04140714183974 0.6088
-7.04145070618639 0.6087
-7.04150771081129 0.6086
-7.0415549921212 0.6085
-7.04159089657503 0.6084
-7.04160533855607 0.6083
-7.04161485625436 0.6082
-7.04161798823251 0.6081
-7.04163517280214 0.608
-7.04164408809334 0.6079
-7.04163813085018 0.6078
-7.04160571015872 0.6077
-7.04157087607122 0.6076
-7.0415066081534 0.6075
-7.04144398570446 0.6074
-7.04137112281677 0.6073
-7.04129091445354 0.6072
-7.04119132744814 0.6071
-7.04108478309361 0.607
-7.04098838809602 0.6069
-7.04088660399446 0.6068
-7.0408007295321 0.6067
-7.04073369572336 0.6066
-7.04067230650562 0.6065
-7.04063526825703 0.6064
-7.04061925107856 0.6063
-7.04062101487588 0.6062
-7.04063475202521 0.6061
-7.04065908155183 0.606
-7.04070356910184 0.6059
-7.04073754209125 0.6058
-7.04077198663683 0.6057
-7.04081649516544 0.6056
-7.04086995821653 0.6055
-7.04092792213214 0.6054
-7.04099194683858 0.6053
-7.04106184642877 0.6052
-7.0411201261143 0.6051
-7.04117881316429 0.605
-7.04123562283683 0.6049
-7.04126345157832 0.6048
-7.04129708228388 0.6047
-7.04130506483265 0.6046
-7.04130091790611 0.6045
-7.04127894150884 0.6044
-7.04125928979986 0.6043
-7.04124245508373 0.6042
-7.04122026589292 0.6041
-7.041211246772 0.604
-7.04116711489625 0.6039
-7.04113850342791 0.6038
-7.04112594369889 0.6037
-7.0411135561916 0.6036
-7.04109663033086 0.6035
-7.04108664576873 0.6034
-7.04106567893061 0.6033
-7.04103398790255 0.6032
-7.0409990919446 0.6031
-7.04096917544139 0.603
-7.04094871528053 0.6029
-7.04093934746472 0.6028
-7.04094698548237 0.6027
-7.04098301338834 0.6026
-7.0410320056318 0.6025
-7.04108632040559 0.6024
-7.04114742505901 0.6023
-7.0412221874194 0.6022
-7.04131847582465 0.6021
-7.04143674016269 0.602
-7.0415715229193 0.6019
-7.04172003040816 0.6018
-7.04185344189737 0.6017
-7.04198254515011 0.6016
-7.04214203873002 0.6015
-7.04227993722624 0.6014
-7.04242999320847 0.6013
-7.04257427450296 0.6012
-7.04271985495869 0.6011
-7.04286176947185 0.601
-7.04298178041253 0.6009
-7.04309245937905 0.6008
-7.0431958539737 0.6007
-7.04330245785667 0.6006
-7.04340132428662 0.6005
-7.04346375380569 0.6004
-7.04349408165236 0.6003
-7.04350164340342 0.6002
-7.04347342484504 0.6001
-7.04343611824202 0.6
-7.04337951663646 0.5999
-7.04329829708871 0.5998
-7.04320755493727 0.5997
-7.04310856000557 0.5996
-7.0430078803616 0.5995
-7.04290262111963 0.5994
-7.04280732966035 0.5993
-7.04271311305881 0.5992
-7.04263273360892 0.5991
-7.04255368023624 0.599
-7.04245170346897 0.5989
-7.04236577023736 0.5988
-7.04229234435498 0.5987
-7.04223526143852 0.5986
-7.04218899173263 0.5985
-7.04216157284989 0.5984
-7.04214771129108 0.5983
-7.04216519752699 0.5982
-7.04217135062002 0.5981
-7.04219054983482 0.598
-7.04223404571749 0.5979
-7.04228288011207 0.5978
-7.04231925401785 0.5977
-7.04235541524729 0.5976
-7.04239358553085 0.5975
-7.04245110262752 0.5974
-7.04249342718092 0.5973
-7.04257280314103 0.5972
-7.04266694729738 0.5971
-7.04275889251606 0.597
-7.04284339790795 0.5969
-7.04294960730135 0.5968
-7.04304807754775 0.5967
-7.04314691140785 0.5966
-7.04326827539297 0.5965
-7.04338578514142 0.5964
-7.04349008111092 0.5963
-7.04360060337078 0.5962
-7.0437240849999 0.5961
-7.04385975101016 0.596
-7.04398416875982 0.5959
-7.04411819322412 0.5958
-7.04421667636243 0.5957
-7.04429430517258 0.5956
-7.04437336311625 0.5955
-7.04443695019957 0.5954
-7.04450259749813 0.5953
-7.04455703090419 0.5952
-7.04458320662359 0.5951
-7.0445936655794 0.595
-7.04460062517377 0.5949
-7.04458699693385 0.5948
-7.04457549026022 0.5947
-7.04455186897126 0.5946
-7.04451414595369 0.5945
-7.04445388968415 0.5944
-7.04439967503508 0.5943
-7.04434859541094 0.5942
-7.04429782425185 0.5941
-7.04424824975571 0.594
-7.04420592913613 0.5939
-7.04417062136901 0.5938
-7.04413305881407 0.5937
-7.04409019922762 0.5936
-7.04407247010936 0.5935
-7.04403680971502 0.5934
-7.04401124504541 0.5933
-7.04397886952576 0.5932
-7.04395075694366 0.5931
-7.04392848963695 0.593
-7.04391627292432 0.5929
-7.0439110020007 0.5928
-7.0438994059723 0.5927
-7.04390226154915 0.5926
-7.04393180761548 0.5925
-7.04396402412107 0.5924
-7.04401167817403 0.5923
-7.04407891402345 0.5922
-7.04415477834361 0.5921
-7.04423044661384 0.592
-7.04428919340787 0.5919
-7.04433901168824 0.5918
-7.04435165307744 0.5917
-7.04435648288726 0.5916
-7.04435789051249 0.5915
-7.04436805181475 0.5914
-7.04438260286184 0.5913
-7.04440057341671 0.5912
-7.04442287769346 0.5911
-7.04441774584662 0.591
-7.0444125945272 0.5909
-7.04443823475817 0.5908
-7.04445599379332 0.5907
-7.04445693640761 0.5906
-7.04446884985288 0.5905
-7.04450077788259 0.5904
-7.04452844342908 0.5903
-7.04453913966535 0.5902
-7.04455963465052 0.5901
-7.04459961316921 0.59
-7.04465281975573 0.5899
-7.04472072256485 0.5898
-7.04478770651242 0.5897
-7.04485498588305 0.5896
-7.04492756753585 0.5895
-7.04501764962067 0.5894
-7.0451158196572 0.5893
-7.04521319527664 0.5892
-7.04532074499918 0.5891
-7.04543365618831 0.589
-7.04555664759579 0.5889
-7.045681747419 0.5888
-7.04580494046303 0.5887
-7.04592616437895 0.5886
-7.04606406121383 0.5885
-7.04620296788569 0.5884
-7.04634217793936 0.5883
-7.04648154524451 0.5882
-7.04660497055734 0.5881
-7.04671370000157 0.588
-7.04680223875242 0.5879
-7.046881623016 0.5878
-7.04693603865776 0.5877
-7.04698380665671 0.5876
-7.04702008910351 0.5875
-7.0470583169292 0.5874
-7.04709662826577 0.5873
-7.04712303247204 0.5872
-7.04713294016823 0.5871
-7.0471412998748 0.587
-7.04716592818857 0.5869
-7.04719611599427 0.5868
-7.04723620870547 0.5867
-7.04727020873418 0.5866
-7.04733541518341 0.5865
-7.04741816245179 0.5864
-7.047498816263 0.5863
-7.04759846201662 0.5862
-7.04769890512216 0.5861
-7.04778219485074 0.586
-7.04784245692698 0.5859
-7.04791033861154 0.5858
-7.04798037838048 0.5857
-7.04803049720094 0.5856
-7.04806672720193 0.5855
-7.04810145675219 0.5854
-7.04813092994066 0.5853
-7.04815398486151 0.5852
-7.04815515052825 0.5851
-7.04814268274695 0.585
-7.04813313261563 0.5849
-7.04810708331689 0.5848
-7.04806143320714 0.5847
-7.04801868508339 0.5846
-7.04796655799162 0.5845
-7.047912510694 0.5844
-7.04785175002861 0.5843
-7.04777467057838 0.5842
-7.04768491827833 0.5841
-7.04758773478225 0.584
-7.04749859405001 0.5839
-7.04739228519469 0.5838
-7.04728696137752 0.5837
-7.04716511002521 0.5836
-7.04706123256943 0.5835
-7.0469742178886 0.5834
-7.04689222896386 0.5833
-7.04682832450199 0.5832
-7.04677605683682 0.5831
-7.04675208010561 0.583
-7.04674500104224 0.5829
-7.04674184137928 0.5828
-7.04674865855592 0.5827
-7.04672422440944 0.5826
-7.04670018350594 0.5825
-7.04666820663065 0.5824
-7.04663416130129 0.5823
-7.0465832659912 0.5822
-7.04651990352839 0.5821
-7.04645806028289 0.582
-7.04641537646199 0.5819
-7.04635195296078 0.5818
-7.04628439860114 0.5817
-7.046236241283 0.5816
-7.04617884915833 0.5815
-7.04612035470468 0.5814
-7.046061914345 0.5813
-7.04600489838267 0.5812
-7.04596095696487 0.5811
-7.04591423928529 0.581
-7.04586743836707 0.5809
-7.04580885261094 0.5808
-7.04575283641868 0.5807
-7.04569529089711 0.5806
-7.045636453 0.5805
-7.04558040432226 0.5804
-7.04552207899077 0.5803
-7.04547018784027 0.5802
-7.04541330503023 0.5801
-7.04537062079158 0.58
-7.04534055724374 0.5799
-7.04533583746564 0.5798
-7.04533797375307 0.5797
-7.04534613837146 0.5796
-7.04535274721031 0.5795
-7.04535725200437 0.5794
-7.04536860428663 0.5793
-7.04540158996113 0.5792
-7.04546131284226 0.5791
-7.04551703628073 0.579
-7.04556844530352 0.5789
-7.04562751560385 0.5788
-7.04567223638165 0.5787
-7.0457332252184 0.5786
-7.04579462171625 0.5785
-7.04587330646414 0.5784
-7.04595678161715 0.5783
-7.04602900201157 0.5782
-7.04608840174733 0.5781
-7.04614991273551 0.578
-7.04622766510058 0.5779
-7.04630458634141 0.5778
-7.04638644404073 0.5777
-7.04647215945896 0.5776
-7.04655363432169 0.5775
-7.04663869366432 0.5774
-7.04673002025153 0.5773
-7.04683640413069 0.5772
-7.04696386015489 0.5771
-7.04706603055521 0.577
-7.04715805225744 0.5769
-7.04725267552392 0.5768
-7.04733966974296 0.5767
-7.04742952020175 0.5766
-7.04750348564618 0.5765
-7.04758118792563 0.5764
-7.04765579611716 0.5763
-7.04772460540567 0.5762
-7.04777286782279 0.5761
-7.04780703536783 0.576
-7.04783436617384 0.5759
-7.04785865554957 0.5758
-7.04786116857533 0.5757
-7.04785015247897 0.5756
-7.04781804828609 0.5755
-7.04778980236509 0.5754
-7.04775042058887 0.5753
-7.04769239593959 0.5752
-7.04763039528409 0.5751
-7.0475806148066 0.575
-7.04750907426068 0.5749
-7.04742403918501 0.5748
-7.04732520692452 0.5747
-7.0472179111375 0.5746
-7.04709159588669 0.5745
-7.04694550264882 0.5744
-7.04680067754885 0.5743
-7.04665321614253 0.5742
-7.04650321528066 0.5741
-7.04633934164614 0.574
-7.04618672463589 0.5739
-7.04603634774444 0.5738
-7.04589927083403 0.5737
-7.04577823291194 0.5736
-7.0456789276546 0.5735
-7.04559994376874 0.5734
-7.04554877503427 0.5733
-7.0454988260081 0.5732
-7.04546943755026 0.5731
-7.04546818847918 0.573
-7.04549416383117 0.5729
-7.04551798666731 0.5728
-7.04557375715191 0.5727
-7.04565754504609 0.5726
-7.04575380845722 0.5725
-7.04585988641386 0.5724
-7.04594501638091 0.5723
-7.04600639236574 0.5722
-7.04606597140346 0.5721
-7.04611452824565 0.572
-7.04615435532499 0.5719
-7.046179677164 0.5718
-7.04618863460717 0.5717
-7.0461769679055 0.5716
-7.04614685907378 0.5715
-7.04609547406076 0.5714
-7.04603465016976 0.5713
-7.0459480505909 0.5712
-7.04585568280149 0.5711
-7.0457371215917 0.571
-7.04561464014052 0.5709
-7.04546888652603 0.5708
-7.04533465526878 0.5707
-7.04520253764213 0.5706
-7.04507349945386 0.5705
-7.0449555050075 0.5704
-7.04483938898335 0.5703
-7.04474379689161 0.5702
-7.04465249375575 0.5701
-7.04457340728923 0.57
-7.04452113005738 0.5699
-7.04449585592897 0.5698
-7.04449269125996 0.5697
-7.04451751271792 0.5696
-7.04454974086794 0.5695
-7.04456039370151 0.5694
-7.04456878994651 0.5693
-7.04458808931814 0.5692
-7.04463968150961 0.5691
-7.04470661045865 0.569
-7.04478758158378 0.5689
-7.04487266263832 0.5688
-7.04497694106526 0.5687
-7.04508879664888 0.5686
-7.0452169639648 0.5685
-7.04538205092383 0.5684
-7.04556863877004 0.5683
-7.04576728018357 0.5682
-7.04596641985009 0.5681
-7.04616958585913 0.568
-7.04636277714854 0.5679
-7.04653647274917 0.5678
-7.04669882769895 0.5677
-7.04685545386145 0.5676
-7.04700482376796 0.5675
-7.04715262818903 0.5674
-7.04728836292306 0.5673
-7.04742400526349 0.5672
-7.04753998106671 0.5671
-7.04762926064071 0.567
-7.04769566516116 0.5669
-7.04777863308366 0.5668
-7.04787440579362 0.5667
-7.04796402801956 0.5666
-7.0480329873211 0.5665
-7.04811128327388 0.5664
-7.04818099682659 0.5663
-7.04823820219434 0.5662
-7.04830777209961 0.5661
-7.04836055015108 0.566
-7.04844176760956 0.5659
-7.0485421087012 0.5658
-7.04863809538264 0.5657
-7.04873713139286 0.5656
-7.04883490772617 0.5655
-7.04893678899181 0.5654
-7.0490102219381 0.5653
-7.04908788721252 0.5652
-7.04917090194197 0.5651
-7.04924234662232 0.565
-7.04926570052807 0.5649
-7.04928340667807 0.5648
-7.04929738441121 0.5647
-7.04931243164441 0.5646
-7.04929878487682 0.5645
-7.04926346182584 0.5644
-7.04922426200197 0.5643
-7.04916706576078 0.5642
-7.04908729590583 0.5641
-7.04900834409864 0.564
-7.0489173044023 0.5639
-7.04881927182187 0.5638
-7.04870981688745 0.5637
-7.04858883358369 0.5636
-7.04846072591902 0.5635
-7.04833876125452 0.5634
-7.04822522640442 0.5633
-7.04813272311751 0.5632
-7.04807423427128 0.5631
-7.04803579851218 0.563
-7.04799810444134 0.5629
-7.04795043544648 0.5628
-7.04792576407817 0.5627
-7.04791432462223 0.5626
-7.04793096069614 0.5625
-7.0479788811569 0.5624
-7.04805879861632 0.5623
-7.04817056544888 0.5622
-7.04831352807882 0.5621
-7.0484569763528 0.562
-7.04860953410135 0.5619
-7.04877323980642 0.5618
-7.04893999984711 0.5617
-7.04911751719858 0.5616
-7.04929767576423 0.5615
-7.04949370205729 0.5614
-7.04967961325598 0.5613
-7.04985099503112 0.5612
-7.05003877733531 0.5611
-7.05021629646279 0.561
-7.0503981291308 0.5609
-7.05056222583198 0.5608
-7.05072596026896 0.5607
-7.05088612676984 0.5606
-7.05105285099289 0.5605
-7.05122618637879 0.5604
-7.05140501381842 0.5603
-7.05159848890082 0.5602
-7.05179298070761 0.5601
-7.05199273694478 0.56
-7.05219294936291 0.5599
-7.0523776113554 0.5598
-7.05254183068118 0.5597
-7.05268921968656 0.5596
-7.05283802018677 0.5595
-7.05299246375838 0.5594
-7.05311527570374 0.5593
-7.05325090649919 0.5592
-7.05337758211074 0.5591
-7.05349747806922 0.559
-7.05361114297067 0.5589
-7.05370771659711 0.5588
-7.0537855611404 0.5587
-7.05383583984203 0.5586
-7.05386275398083 0.5585
-7.05386324909792 0.5584
-7.05386012068422 0.5583
-7.05384363368344 0.5582
-7.0538133830083 0.5581
-7.05378985546462 0.558
-7.05374291223291 0.5579
-7.05370400599062 0.5578
-7.05364858982476 0.5577
-7.05359820784452 0.5576
-7.05352243514888 0.5575
-7.0534507066486 0.5574
-7.05338229094587 0.5573
-7.05330382416524 0.5572
-7.05321813712462 0.5571
-7.05313601151862 0.557
-7.05303929367219 0.5569
-7.0529602590876 0.5568
-7.05288067905251 0.5567
-7.05279101025423 0.5566
-7.05266862559929 0.5565
-7.05253838926895 0.5564
-7.05239940903014 0.5563
-7.05225820944952 0.5562
-7.05209423855264 0.5561
-7.05193441216755 0.556
-7.05176159078416 0.5559
-7.05159300397859 0.5558
-7.05141378450439 0.5557
-7.05123168235625 0.5556
-7.05105096135451 0.5555
-7.05086937956964 0.5554
-7.05069761601554 0.5553
-7.05054741846864 0.5552
-7.05040939482628 0.5551
-7.0502743576307 0.555
-7.05015882422398 0.5549
-7.05008599845857 0.5548
-7.05002984844093 0.5547
-7.04996628347953 0.5546
-7.04991079491893 0.5545
-7.04986846018203 0.5544
-7.04983527927521 0.5543
-7.04982593495194 0.5542
-7.04983048819892 0.5541
-7.04983870031902 0.554
-7.04985910431494 0.5539
-7.04988977257596 0.5538
-7.04991684153556 0.5537
-7.04995696013866 0.5536
-7.05000948607332 0.5535
-7.05006832778392 0.5534
-7.05012029170417 0.5533
-7.05016045409284 0.5532
-7.05020121094987 0.5531
-7.05024569726537 0.553
-7.05029192246144 0.5529
-7.0503122381798 0.5528
-7.05033879545306 0.5527
-7.05036623839568 0.5526
-7.05039096293479 0.5525
-7.05039920241207 0.5524
-7.05040513911223 0.5523
-7.05040596020876 0.5522
-7.05038967029586 0.5521
-7.050400172481 0.552
-7.05040687742196 0.5519
-7.05044423688424 0.5518
-7.05049914631349 0.5517
-7.05055827310761 0.5516
-7.05061166006448 0.5515
-7.05067082231473 0.5514
-7.05073742812804 0.5513
-7.05082533879929 0.5512
-7.05094180107129 0.5511
-7.05104925593464 0.551
-7.05117835523216 0.5509
-7.05130897382426 0.5508
-7.05143422922529 0.5507
-7.05155091818957 0.5506
-7.05168259499152 0.5505
-7.05180056746165 0.5504
-7.05193131513455 0.5503
-7.05204882693733 0.5502
-7.05215790448597 0.5501
-7.05223206269372 0.55
-7.05230296111307 0.5499
-7.0523631285417 0.5498
-7.0524214181809 0.5497
-7.05246499842156 0.5496
-7.0524852971853 0.5495
-7.05247098835527 0.5494
-7.05242564474689 0.5493
-7.05236563053058 0.5492
-7.05228726350991 0.5491
-7.05218177454463 0.549
-7.05205875129187 0.5489
-7.05194805024092 0.5488
-7.05184509591333 0.5487
-7.05175554159466 0.5486
-7.05166820146653 0.5485
-7.05158809234989 0.5484
-7.05149485953378 0.5483
-7.05139532718678 0.5482
-7.0513150781844 0.5481
-7.05124775130633 0.548
-7.05122992450109 0.5479
-7.05122858146628 0.5478
-7.05125581207342 0.5477
-7.05128374612041 0.5476
-7.05133031685347 0.5475
-7.05142213998513 0.5474
-7.05151825108535 0.5473
-7.05162031817836 0.5472
-7.051732792913 0.5471
-7.05184718927668 0.547
-7.05196769976364 0.5469
-7.05208024078781 0.5468
-7.05219511983 0.5467
-7.05231897264239 0.5466
-7.052424444393 0.5465
-7.05253068279019 0.5464
-7.05262675681497 0.5463
-7.05271310947546 0.5462
-7.052787218764 0.5461
-7.0528586344091 0.546
-7.05293435510461 0.5459
-7.0529961672173 0.5458
-7.05304652502425 0.5457
-7.05308738176118 0.5456
-7.05312691028161 0.5455
-7.05317394222467 0.5454
-7.05322721325855 0.5453
-7.05328446745404 0.5452
-7.05335094510953 0.5451
-7.05339349773245 0.545
-7.05341242878854 0.5449
-7.05341627880446 0.5448
-7.0533979505252 0.5447
-7.05334760679409 0.5446
-7.05329315248877 0.5445
-7.05323019793602 0.5444
-7.05316087308328 0.5443
-7.05311865135801 0.5442
-7.05308311105937 0.5441
-7.05305139915863 0.544
-7.05303697386007 0.5439
-7.05303138497953 0.5438
-7.05304806177154 0.5437
-7.05307099519616 0.5436
-7.05306509792807 0.5435
-7.05307590956919 0.5434
-7.05308519317879 0.5433
-7.05311042671894 0.5432
-7.05313046722165 0.5431
-7.05313712056389 0.543
-7.05313838673823 0.5429
-7.05314276579411 0.5428
-7.05314713323038 0.5427
-7.05313241226072 0.5426
-7.05311736910627 0.5425
-7.05310593008537 0.5424
-7.05306848117384 0.5423
-7.05299970477346 0.5422
-7.05294021602858 0.5421
-7.05287480959029 0.542
-7.05282101398078 0.5419
-7.05275786504019 0.5418
-7.0526670980947 0.5417
-7.05256963253213 0.5416
-7.05246858378652 0.5415
-7.0523573893188 0.5414
-7.05225707208025 0.5413
-7.05215825219075 0.5412
-7.05206926208589 0.5411
-7.05197481134312 0.541
-7.05186182016119 0.5409
-7.05175642746571 0.5408
-7.0516481385235 0.5407
-7.05152723244784 0.5406
-7.05142550548473 0.5405
-7.05132499610991 0.5404
-7.05122794223903 0.5403
-7.0511427169845 0.5402
-7.05106879276742 0.5401
-7.05099849301864 0.54
-7.05091747543414 0.5399
-7.05082981032463 0.5398
-7.05074759855459 0.5397
-7.05068786250888 0.5396
-7.05061607731595 0.5395
-7.05054754178722 0.5394
-7.05046552571184 0.5393
-7.05038830261164 0.5392
-7.0503326640741 0.5391
-7.05027759441419 0.539
-7.05021648996364 0.5389
-7.05015248515891 0.5388
-7.0500658309741 0.5387
-7.0499906172438 0.5386
-7.04990355902129 0.5385
-7.04982414561788 0.5384
-7.04976953810419 0.5383
-7.04973933125326 0.5382
-7.0497278031696 0.5381
-7.04971520578999 0.538
-7.04971193389594 0.5379
-7.04971780763692 0.5378
-7.04974053922959 0.5377
-7.0497594151953 0.5376
-7.04981985165957 0.5375
-7.04988602027326 0.5374
-7.04996317650243 0.5373
-7.05004191597455 0.5372
-7.05011639675659 0.5371
-7.05018231508789 0.537
-7.05024141861081 0.5369
-7.05029121709363 0.5368
-7.05034986240073 0.5367
-7.05038523853835 0.5366
-7.05042279580138 0.5365
-7.05046670739684 0.5364
-7.05050609380149 0.5363
-7.05055073602208 0.5362
-7.05062557065219 0.5361
-7.05070979184308 0.536
-7.05078366345478 0.5359
-7.05084029757549 0.5358
-7.05089230728203 0.5357
-7.05092690991219 0.5356
-7.050969549701 0.5355
-7.05101051956717 0.5354
-7.05104459662515 0.5353
-7.05108125364729 0.5352
-7.05112806016753 0.5351
-7.05117912494546 0.535
-7.05123341741404 0.5349
-7.05129851827296 0.5348
-7.05135689485562 0.5347
-7.05141575347403 0.5346
-7.0514878637496 0.5345
-7.05155582829326 0.5344
-7.05165076523819 0.5343
-7.05174008161042 0.5342
-7.05182819397943 0.5341
-7.05192746248198 0.534
-7.05201614370682 0.5339
-7.05210188729989 0.5338
-7.05218018245135 0.5337
-7.05225504391527 0.5336
-7.0523127522464 0.5335
-7.05235350252912 0.5334
-7.05239351420929 0.5333
-7.05243955430401 0.5332
-7.05248868271539 0.5331
-7.05252854023636 0.533
-7.05257662767246 0.5329
-7.05262841793285 0.5328
-7.05268491141034 0.5327
-7.05272694779573 0.5326
-7.05277257690517 0.5325
-7.05284438401893 0.5324
-7.0529394083439 0.5323
-7.05304747758503 0.5322
-7.05315213433398 0.5321
-7.05325312498449 0.532
-7.0533462761095 0.5319
-7.05344785070618 0.5318
-7.05356906148691 0.5317
-7.05369378333595 0.5316
-7.05382084493605 0.5315
-7.05393616811139 0.5314
-7.05403672714195 0.5313
-7.0541080954632 0.5312
-7.05416075674877 0.5311
-7.05418760620554 0.531
-7.05420679833538 0.5309
-7.05416635172506 0.5308
-7.05409627060468 0.5307
-7.0540089975284 0.5306
-7.05391416145305 0.5305
-7.05381574645065 0.5304
-7.05370685526731 0.5303
-7.053613119576 0.5302
-7.05351504129502 0.5301
-7.05343143826399 0.53
-7.05335531293799 0.5299
-7.05330336484407 0.5298
-7.05326160844459 0.5297
-7.05320203187426 0.5296
-7.05314907033486 0.5295
-7.05310819769603 0.5294
-7.05308058624164 0.5293
-7.05304016595268 0.5292
-7.0530266653247 0.5291
-7.05301737975421 0.529
-7.05303029872202 0.5289
-7.05303294079669 0.5288
-7.05305301840465 0.5287
-7.0531012749489 0.5286
-7.05317318934524 0.5285
-7.05327730979483 0.5284
-7.05339460441598 0.5283
-7.05353486795693 0.5282
-7.05369963004105 0.5281
-7.05385644529068 0.528
-7.05402248125197 0.5279
-7.05418491252085 0.5278
-7.05435393938003 0.5277
-7.05451888429582 0.5276
-7.05468301290382 0.5275
-7.05483781022287 0.5274
-7.05499827526375 0.5273
-7.05515307573335 0.5272
-7.05530117635312 0.5271
-7.05545063729133 0.527
-7.05557125980815 0.5269
-7.0556512478798 0.5268
-7.05572353139839 0.5267
-7.05577266164243 0.5266
-7.05580022574315 0.5265
-7.05578112842811 0.5264
-7.05572340106364 0.5263
-7.05563452905908 0.5262
-7.05550136694209 0.5261
-7.05535832747187 0.526
-7.05518661008021 0.5259
-7.0550053639428 0.5258
-7.0548238935945 0.5257
-7.05461089160445 0.5256
-7.05439757393693 0.5255
-7.05417324260474 0.5254
-7.05395478335613 0.5253
-7.05374619670512 0.5252
-7.05354938253381 0.5251
-7.05336502698894 0.525
-7.05320225877268 0.5249
-7.05305870409239 0.5248
-7.05292075076288 0.5247
-7.05281299154826 0.5246
-7.05274816868936 0.5245
-7.0527140915043 0.5244
-7.05267440976603 0.5243
-7.05264535608327 0.5242
-7.05261784366096 0.5241
-7.05260802343916 0.524
-7.05261718558368 0.5239
-7.05266004852421 0.5238
-7.05272686280978 0.5237
-7.05280719298654 0.5236
-7.05289951539944 0.5235
-7.05301097167147 0.5234
-7.05313963608349 0.5233
-7.05327707373431 0.5232
-7.05340720304493 0.5231
-7.05357402896728 0.523
-7.0537505005462 0.5229
-7.05394489552578 0.5228
-7.0541360815818 0.5227
-7.05431512669966 0.5226
-7.05447097776624 0.5225
-7.05461960917969 0.5224
-7.05475217363119 0.5223
-7.0548628032417 0.5222
-7.05494631235123 0.5221
-7.0550322496811 0.522
-7.05510366253408 0.5219
-7.05514852591375 0.5218
-7.05517587007135 0.5217
-7.05520666351661 0.5216
-7.05522232786802 0.5215
-7.05521269748022 0.5214
-7.05518743229753 0.5213
-7.05515730789138 0.5212
-7.05511385231266 0.5211
-7.05507585894396 0.521
-7.05501834649794 0.5209
-7.05495011870664 0.5208
-7.05487437661641 0.5207
-7.05480281406847 0.5206
-7.054739687879 0.5205
-7.05468042026441 0.5204
-7.05461931635119 0.5203
-7.05457283154853 0.5202
-7.05452448414262 0.5201
-7.05446612800858 0.52
-7.05440549471917 0.5199
-7.05435463199133 0.5198
-7.05431496674478 0.5197
-7.05425792403375 0.5196
-7.05422080962579 0.5195
-7.05419289676621 0.5194
-7.05416751324668 0.5193
-7.05412386409498 0.5192
-7.05406356201773 0.5191
-7.05397431545664 0.519
-7.05385171189154 0.5189
-7.05373086040926 0.5188
-7.05357037595415 0.5187
-7.05338463180486 0.5186
-7.05318063492175 0.5185
-7.05297702866709 0.5184
-7.05276446313183 0.5183
-7.05256416820801 0.5182
-7.05236818241611 0.5181
-7.05218750133914 0.518
-7.05200664067127 0.5179
-7.05185280056722 0.5178
-7.05171552520544 0.5177
-7.05158104239923 0.5176
-7.05145409038081 0.5175
-7.05134762444564 0.5174
-7.05126069645731 0.5173
-7.05117817890798 0.5172
-7.05114365179684 0.5171
-7.05113196829458 0.517
-7.05113367763558 0.5169
-7.05115863080754 0.5168
-7.05120868550699 0.5167
-7.0512526273503 0.5166
-7.05130755614707 0.5165
-7.05137073210157 0.5164
-7.05145901154395 0.5163
-7.05158026880619 0.5162
-7.05171578300915 0.5161
-7.05186113381895 0.516
-7.05200794545076 0.5159
-7.05218130618231 0.5158
-7.05235423746569 0.5157
-7.0525314248795 0.5156
-7.05269347376061 0.5155
-7.05285561456681 0.5154
-7.05302698671357 0.5153
-7.05318135897647 0.5152
-7.05333581523313 0.5151
-7.0535190651799 0.515
-7.05369389206512 0.5149
-7.05385758085386 0.5148
-7.05401813857737 0.5147
-7.05418299403666 0.5146
-7.0543576266801 0.5145
-7.05453197659868 0.5144
-7.05469314785776 0.5143
-7.05485715863034 0.5142
-7.05500729808251 0.5141
-7.05517069544666 0.514
-7.05533284210918 0.5139
-7.05550703354299 0.5138
-7.05568051165637 0.5137
-7.05584775948397 0.5136
-7.05603739970564 0.5135
-7.05622136797611 0.5134
-7.05640641635675 0.5133
-7.05657423382635 0.5132
-7.05674190892926 0.5131
-7.05693057944382 0.513
-7.05710889734882 0.5129
-7.0572618612899 0.5128
-7.05740721412891 0.5127
-7.05755227479006 0.5126
-7.05766852330678 0.5125
-7.05776048147979 0.5124
-7.05781660367179 0.5123
-7.05785226366244 0.5122
-7.05787234480712 0.5121
-7.05785500466141 0.512
-7.05780458714943 0.5119
-7.05773217573886 0.5118
-7.0576469753577 0.5117
-7.05755428285589 0.5116
-7.05746193165503 0.5115
-7.0573580388151 0.5114
-7.05724746145545 0.5113
-7.05715397125987 0.5112
-7.05707075752543 0.5111
-7.05699215596713 0.511
-7.05691360674476 0.5109
-7.05684587049336 0.5108
-7.05679572922869 0.5107
-7.05673368606012 0.5106
-7.05668278711609 0.5105
-7.05661859042264 0.5104
-7.0565777404638 0.5103
-7.05654137992396 0.5102
-7.05651622708114 0.5101
-7.05649198410026 0.51
-7.05646570690021 0.5099
-7.05644917308816 0.5098
-7.05643737436914 0.5097
-7.05641432329447 0.5096
-7.05639239842811 0.5095
-7.05633817833607 0.5094
-7.05626951468613 0.5093
-7.05618177776329 0.5092
-7.05608770106159 0.5091
-7.05597644142436 0.509
-7.05584418973086 0.5089
-7.05568054245486 0.5088
-7.05550901936289 0.5087
-7.05533195668114 0.5086
-7.05513785254533 0.5085
-7.05494487347282 0.5084
-7.05476202071906 0.5083
-7.05459866234039 0.5082
-7.05445842994308 0.5081
-7.05432115594686 0.508
-7.05419364129776 0.5079
-7.05407645734675 0.5078
-7.05397106922476 0.5077
-7.05387369894119 0.5076
-7.05377808210549 0.5075
-7.05371174699038 0.5074
-7.05366238704336 0.5073
-7.05363150673616 0.5072
-7.05360354801158 0.5071
-7.05358743215615 0.507
-7.05357113857222 0.5069
-7.0535962634392 0.5068
-7.05363937823752 0.5067
-7.0536782898823 0.5066
-7.05370757817757 0.5065
-7.05373126414258 0.5064
-7.05374663111604 0.5063
-7.05375015778268 0.5062
-7.05376216348861 0.5061
-7.05377888445834 0.506
-7.05376264085288 0.5059
-7.05374470922432 0.5058
-7.05370804364202 0.5057
-7.05366973444564 0.5056
-7.05365578270507 0.5055
-7.05364966318226 0.5054
-7.05363101750842 0.5053
-7.05360096449799 0.5052
-7.05360607373095 0.5051
-7.05362196073681 0.505
-7.05363430344322 0.5049
-7.05366147357148 0.5048
-7.0536860686875 0.5047
-7.05372715392914 0.5046
-7.05376387888139 0.5045
-7.05381167863236 0.5044
-7.05389183997452 0.5043
-7.05397518668425 0.5042
-7.05405554372335 0.5041
-7.05411312522346 0.504
-7.05416654246598 0.5039
-7.05422248097082 0.5038
-7.05428807150193 0.5037
-7.05435654627084 0.5036
-7.05441861799917 0.5035
-7.05448211361937 0.5034
-7.05454246074273 0.5033
-7.05458931109913 0.5032
-7.05463544380589 0.5031
-7.05468943549076 0.503
-7.0547364217642 0.5029
-7.05477203696639 0.5028
-7.05481203553058 0.5027
-7.05486773833026 0.5026
-7.05494047958586 0.5025
-7.05500933951113 0.5024
-7.05508510136863 0.5023
-7.05514298728797 0.5022
-7.05518987836411 0.5021
-7.05523594262248 0.502
-7.05529110660842 0.5019
-7.05533208352026 0.5018
-7.05535532927992 0.5017
-7.05535515570906 0.5016
-7.05535255090548 0.5015
-7.05534604569824 0.5014
-7.05533892794142 0.5013
-7.05531984195972 0.5012
-7.05528619713359 0.5011
-7.0552202491926 0.501
-7.05515463734116 0.5009
-7.0551099062364 0.5008
-7.05506387944624 0.5007
-7.05501241454346 0.5006
-7.05493893702161 0.5005
-7.05486582512884 0.5004
-7.05477808437459 0.5003
-7.05470442727227 0.5002
-7.05462811746199 0.5001
-7.05456213203729 0.5
-7.0544876295318 0.4999
-7.05440395982761 0.4998
-7.05432104855307 0.4997
-7.05426656281584 0.4996
-7.05422632790905 0.4995
-7.05417484304383 0.4994
-7.05412993052121 0.4993
-7.05408501655963 0.4992
-7.05404561028719 0.4991
-7.05401143018761 0.499
-7.05401079880011 0.4989
-7.05403462987499 0.4988
-7.05406116571727 0.4987
-7.05410628709086 0.4986
-7.05417203601843 0.4985
-7.05426536931644 0.4984
-7.05438073894269 0.4983
-7.05450830081777 0.4982
-7.05465554550915 0.4981
-7.05481070002074 0.498
-7.05497485665055 0.4979
-7.05512600145936 0.4978
-7.05525691082036 0.4977
-7.05539674306635 0.4976
-7.05553391673695 0.4975
-7.05568304292129 0.4974
-7.05579871815626 0.4973
-7.05589788538081 0.4972
-7.0559660031571 0.4971
-7.05603603882538 0.497
-7.0560969462079 0.4969
-7.05615085023722 0.4968
-7.05617841804936 0.4967
-7.05618086527455 0.4966
-7.05616627501364 0.4965
-7.05616544477292 0.4964
-7.05615369878381 0.4963
-7.05612813187932 0.4962
-7.05606840562849 0.4961
-7.05600376622851 0.496
-7.05595176916924 0.4959
-7.05590581779555 0.4958
-7.05584623038897 0.4957
-7.05577316118809 0.4956
-7.05570203866078 0.4955
-7.05566502426285 0.4954
-7.05563853796947 0.4953
-7.05558737286198 0.4952
-7.05555924717542 0.4951
-7.05557379334711 0.495
-7.05558058404964 0.4949
-7.05558713919715 0.4948
-7.05561080331387 0.4947
-7.05565133040027 0.4946
-7.05571336263633 0.4945
-7.05580623042807 0.4944
-7.05590394353218 0.4943
-7.05602442763796 0.4942
-7.05614910868597 0.4941
-7.05629019689543 0.494
-7.05642629093913 0.4939
-7.05657989844176 0.4938
-7.05672550566413 0.4937
-7.05686885747289 0.4936
-7.05699765246624 0.4935
-7.05711786451845 0.4934
-7.05722460296329 0.4933
-7.05730323306585 0.4932
-7.0573587837245 0.4931
-7.05738795235436 0.493
-7.05739012055728 0.4929
-7.05738110324555 0.4928
-7.05734773625509 0.4927
-7.0573069296248 0.4926
-7.05724846716016 0.4925
-7.05719145751135 0.4924
-7.05712871117136 0.4923
-7.05709308820389 0.4922
-7.05706451606374 0.4921
-7.05701963853061 0.492
-7.05698648923511 0.4919
-7.05696321327436 0.4918
-7.05694962690609 0.4917
-7.05695478421147 0.4916
-7.05695395528194 0.4915
-7.05694899883522 0.4914
-7.05693415447027 0.4913
-7.05692306023227 0.4912
-7.0569132121464 0.4911
-7.05691435822885 0.491
-7.0569119836773 0.4909
-7.05689823091392 0.4908
-7.05688165721118 0.4907
-7.05686542030094 0.4906
-7.05683277166031 0.4905
-7.05678759017268 0.4904
-7.05674486471092 0.4903
-7.05671683944396 0.4902
-7.05669049721958 0.4901
-7.05665855685195 0.49
-7.05663399138687 0.4899
-7.05658376294258 0.4898
-7.05654665907231 0.4897
-7.05649716330858 0.4896
-7.05644636301545 0.4895
-7.0563771437033 0.4894
-7.05632100710343 0.4893
-7.05627958831326 0.4892
-7.05622819836616 0.4891
-7.05619239314766 0.489
-7.05617976834478 0.4889
-7.05617088441102 0.4888
-7.05618944460518 0.4887
-7.05623950045411 0.4886
-7.05627700332913 0.4885
-7.05632248644966 0.4884
-7.05638169577475 0.4883
-7.05643969300248 0.4882
-7.05650673771311 0.4881
-7.0565665620042 0.488
-7.05663299539976 0.4879
-7.05669368445516 0.4878
-7.05676162277565 0.4877
-7.05682362144117 0.4876
-7.05690818885769 0.4875
-7.05697119467121 0.4874
-7.05702024292196 0.4873
-7.057054505744 0.4872
-7.05707118530959 0.4871
-7.05707490031116 0.487
-7.05708617524997 0.4869
-7.05709381319431 0.4868
-7.05709115668947 0.4867
-7.05707530397067 0.4866
-7.05707311811273 0.4865
-7.05707073710189 0.4864
-7.05705344419477 0.4863
-7.05703617026129 0.4862
-7.05701939866456 0.4861
-7.05700021454313 0.486
-7.05696766742581 0.4859
-7.05693756578334 0.4858
-7.05690688719566 0.4857
-7.05687049642196 0.4856
-7.05684624806528 0.4855
-7.05682569231395 0.4854
-7.05680802720185 0.4853
-7.05681391133635 0.4852
-7.05681747263855 0.4851
-7.05682373479001 0.485
-7.05685117357313 0.4849
-7.05689500319354 0.4848
-7.05694423834723 0.4847
-7.05699533347751 0.4846
-7.05706084480099 0.4845
-7.05713361773552 0.4844
-7.05720188068994 0.4843
-7.05727780266872 0.4842
-7.05734533533444 0.4841
-7.05739575960727 0.484
-7.05744983855537 0.4839
-7.05750336437731 0.4838
-7.05753319480016 0.4837
-7.0575637369503 0.4836
-7.05759267344489 0.4835
-7.05760211253533 0.4834
-7.05760396680232 0.4833
-7.05760137964257 0.4832
-7.05760853405873 0.4831
-7.05762741544041 0.483
-7.05764721510234 0.4829
-7.05767264926424 0.4828
-7.05769560489248 0.4827
-7.05773996661924 0.4826
-7.05780139327327 0.4825
-7.05788548929582 0.4824
-7.05799895477536 0.4823
-7.05811840757723 0.4822
-7.05825459253026 0.4821
-7.0583991131577 0.482
-7.05854887540213 0.4819
-7.05870921496468 0.4818
-7.05885791608256 0.4817
-7.0590078800401 0.4816
-7.05916534240289 0.4815
-7.05931930838574 0.4814
-7.05946020211766 0.4813
-7.05958111986002 0.4812
-7.0596941310046 0.4811
-7.05978288920914 0.481
-7.0598433529524 0.4809
-7.05986217238457 0.4808
-7.05985809130318 0.4807
-7.05982953971203 0.4806
-7.05977893818294 0.4805
-7.0596900381453 0.4804
-7.05959197761322 0.4803
-7.05951476811161 0.4802
-7.0594328049326 0.4801
-7.05936993757656 0.48
-7.05929084473995 0.4799
-7.05921591785867 0.4798
-7.05915049136089 0.4797
-7.0591054414792 0.4796
-7.05906715788605 0.4795
-7.05902510096841 0.4794
-7.05896541267758 0.4793
-7.05888767790628 0.4792
-7.05882179890463 0.4791
-7.05875212043695 0.479
-7.05869357272296 0.4789
-7.05863496239601 0.4788
-7.0586105058099 0.4787
-7.05860322418205 0.4786
-7.05859156507534 0.4785
-7.05858443939792 0.4784
-7.05857600077048 0.4783
-7.05858048989122 0.4782
-7.05859518189012 0.4781
-7.05861799450153 0.478
-7.05865892828262 0.4779
-7.05869545063358 0.4778
-7.05875177585725 0.4777
-7.0587900998749 0.4776
-7.05882280857182 0.4775
-7.05889837109151 0.4774
-7.05897484053779 0.4773
-7.05905998763967 0.4772
-7.05914869561181 0.4771
-7.05924369460356 0.477
-7.05935794866344 0.4769
-7.059464811294 0.4768
-7.05957359412829 0.4767
-7.05969621766251 0.4766
-7.05982565784389 0.4765
-7.05995824694744 0.4764
-7.06007484135706 0.4763
-7.06017535075495 0.4762
-7.06025202479159 0.4761
-7.06029769946863 0.476
-7.06033031016017 0.4759
-7.06033074506276 0.4758
-7.06030622487003 0.4757
-7.06028284933636 0.4756
-7.06024346620794 0.4755
-7.06017893982985 0.4754
-7.06008545968007 0.4753
-7.05998051372269 0.4752
-7.05985493202924 0.4751
-7.05973030144554 0.475
-7.0596014469457 0.4749
-7.05946743330369 0.4748
-7.05932016895912 0.4747
-7.05919141924126 0.4746
-7.05905962153339 0.4745
-7.05895383071067 0.4744
-7.05887223320103 0.4743
-7.05881440778223 0.4742
-7.05878941385383 0.4741
-7.05878688991134 0.474
-7.05880063452573 0.4739
-7.05883166799389 0.4738
-7.05887345241725 0.4737
-7.05896074543503 0.4736
-7.05906822647516 0.4735
-7.05918594883983 0.4734
-7.05929235499298 0.4733
-7.05938026715267 0.4732
-7.05946582036242 0.4731
-7.05952492850977 0.473
-7.05956324914915 0.4729
-7.05957468174627 0.4728
-7.05957563964042 0.4727
-7.05957894126942 0.4726
-7.05954426440116 0.4725
-7.0594871559258 0.4724
-7.05941695173355 0.4723
-7.05929738929323 0.4722
-7.05917032712848 0.4721
-7.05902803692481 0.472
-7.05888248467327 0.4719
-7.05872045720983 0.4718
-7.0585731813091 0.4717
-7.05844147513027 0.4716
-7.0583371609 0.4715
-7.05825132228772 0.4714
-7.0581934230131 0.4713
-7.05815908577407 0.4712
-7.05813485792703 0.4711
-7.05815177883095 0.471
-7.05816804654627 0.4709
-7.05818354128353 0.4708
-7.05819844378207 0.4707
-7.05821686920825 0.4706
-7.05823251693756 0.4705
-7.0582658782689 0.4704
-7.05831687809728 0.4703
-7.05836828706873 0.4702
-7.05843726521525 0.4701
-7.05849538435859 0.47
-7.05853870716711 0.4699
-7.05857880907092 0.4698
-7.05862944381772 0.4697
-7.05871132069708 0.4696
-7.05880396291417 0.4695
-7.05890516163033 0.4694
-7.05903002410744 0.4693
-7.0591807767753 0.4692
-7.05933252118649 0.4691
-7.05950512869412 0.469
-7.0596847961331 0.4689
-7.05987445999722 0.4688
-7.06008577830172 0.4687
-7.06031663714008 0.4686
-7.06056225342971 0.4685
-7.06080596812367 0.4684
-7.06105824199514 0.4683
-7.06130290541954 0.4682
-7.0615394708014 0.4681
-7.06176470345124 0.468
-7.06197532387327 0.4679
-7.06214938067171 0.4678
-7.06229652789316 0.4677
-7.0624262580845 0.4676
-7.06251341965977 0.4675
-7.06256139740838 0.4674
-7.06257985431284 0.4673
-7.06256227703121 0.4672
-7.06251361208831 0.4671
-7.06244138686916 0.467
-7.06234340014204 0.4669
-7.06222613168583 0.4668
-7.0620839001625 0.4667
-7.06193352109584 0.4666
-7.06178316768678 0.4665
-7.06165015373312 0.4664
-7.06151042609663 0.4663
-7.06138067397493 0.4662
-7.06127753210702 0.4661
-7.06119714193027 0.466
-7.06112252771058 0.4659
-7.06106493266498 0.4658
-7.06102116243197 0.4657
-7.06096711677577 0.4656
-7.06092320827977 0.4655
-7.06087546231937 0.4654
-7.06084356803365 0.4653
-7.06081288149467 0.4652
-7.06078901436355 0.4651
-7.06076589754929 0.465
-7.06073159437486 0.4649
-7.06071081525316 0.4648
-7.06067652203377 0.4647
-7.06063130294032 0.4646
-7.06059120380091 0.4645
-7.06054918039494 0.4644
-7.06049536424003 0.4643
-7.06043471339414 0.4642
-7.06038116724244 0.4641
-7.06034039144837 0.464
-7.06030490731722 0.4639
-7.06027655869481 0.4638
-7.06023213557111 0.4637
-7.06016445324146 0.4636
-7.06009364725841 0.4635
-7.05999189140623 0.4634
-7.05990009193245 0.4633
-7.05981284819448 0.4632
-7.05973342611506 0.4631
-7.05964476055226 0.463
-7.05955637865735 0.4629
-7.05949962556298 0.4628
-7.05942877580692 0.4627
-7.05937346534751 0.4626
-7.05932361339292 0.4625
-7.05930108634753 0.4624
-7.05928567812222 0.4623
-7.0592601863123 0.4622
-7.05926790361503 0.4621
-7.05926782593038 0.462
-7.05927699693296 0.4619
-7.05930001967208 0.4618
-7.05931485184005 0.4617
-7.05933697468312 0.4616
-7.05936713055592 0.4615
-7.05941109953123 0.4614
-7.05946255562654 0.4613
-7.05951828297988 0.4612
-7.05959065469544 0.4611
-7.0596610506101 0.461
-7.05973721356308 0.4609
-7.05982717517214 0.4608
-7.05991814992137 0.4607
-7.06001269882718 0.4606
-7.06012394132555 0.4605
-7.06023513968364 0.4604
-7.06035268303938 0.4603
-7.06046904363904 0.4602
-7.06057625240772 0.4601
-7.06070205885416 0.46
-7.0608170188902 0.4599
-7.06092158220725 0.4598
-7.06103148321079 0.4597
-7.06113703268602 0.4596
-7.06124159272156 0.4595
-7.0613469461866 0.4594
-7.06145572722219 0.4593
-7.06157892071524 0.4592
-7.06170081668079 0.4591
-7.06184785733853 0.459
-7.06201389182939 0.4589
-7.06217128156811 0.4588
-7.06233933228072 0.4587
-7.0624884296841 0.4586
-7.06264248788634 0.4585
-7.06278106593457 0.4584
-7.06289518098447 0.4583
-7.06300330844077 0.4582
-7.06310337330761 0.4581
-7.06318251501243 0.458
-7.06324314340154 0.4579
-7.06329172744732 0.4578
-7.06332597164131 0.4577
-7.0633387722933 0.4576
-7.06335467521452 0.4575
-7.06336629178689 0.4574
-7.06335453764962 0.4573
-7.06332115679683 0.4572
-7.06329014844935 0.4571
-7.06323794362578 0.457
-7.06316705633849 0.4569
-7.06307590404418 0.4568
-7.06299030628063 0.4567
-7.06292321268619 0.4566
-7.06285044173662 0.4565
-7.06279878359936 0.4564
-7.06276876673612 0.4563
-7.06273377536947 0.4562
-7.06271687624843 0.4561
-7.06271026256768 0.456
-7.06270078083724 0.4559
-7.06270347142707 0.4558
-7.06269156807644 0.4557
-7.06270450262875 0.4556
-7.06273180360948 0.4555
-7.06277663320789 0.4554
-7.0628284962559 0.4553
-7.06289255879991 0.4552
-7.0629764321364 0.4551
-7.06306580671146 0.455
-7.06313185421754 0.4549
-7.06321157366377 0.4548
-7.06326727355994 0.4547
-7.06329629312771 0.4546
-7.06330325339428 0.4545
-7.06327890110064 0.4544
-7.06322790279422 0.4543
-7.06313836864624 0.4542
-7.06303089608659 0.4541
-7.0629184110009 0.454
-7.06278950703065 0.4539
-7.06266406242736 0.4538
-7.06253924323139 0.4537
-7.06241659027535 0.4536
-7.06229731795478 0.4535
-7.06218692204792 0.4534
-7.06206879973691 0.4533
-7.06196531403694 0.4532
-7.06188186697619 0.4531
-7.06180135971741 0.453
-7.06175258221082 0.4529
-7.06171763488444 0.4528
-7.06170641095636 0.4527
-7.06171300716239 0.4526
-7.06173444467541 0.4525
-7.06176570234484 0.4524
-7.06180552262359 0.4523
-7.06185405291659 0.4522
-7.06190835401812 0.4521
-7.0619521880287 0.452
-7.06200049459873 0.4519
-7.06204477102159 0.4518
-7.06208958343796 0.4517
-7.06213455402307 0.4516
-7.0621690433235 0.4515
-7.06221757229772 0.4514
-7.06227446079758 0.4513
-7.06234909703403 0.4512
-7.06241849656495 0.4511
-7.06248979123885 0.451
-7.06256863672748 0.4509
-7.06263096713069 0.4508
-7.06270686894165 0.4507
-7.0628131805797 0.4506
-7.06293521193806 0.4505
-7.06302388011624 0.4504
-7.06310153759782 0.4503
-7.0631678499707 0.4502
-7.06325714022806 0.4501
-7.06335686205855 0.45
-7.06346689331124 0.4499
-7.0635991720121 0.4498
-7.06374731315449 0.4497
-7.06389939559081 0.4496
-7.06405783708881 0.4495
-7.06422026791013 0.4494
-7.06437551292779 0.4493
-7.06451750530242 0.4492
-7.06466828246374 0.4491
-7.06481548836406 0.449
-7.06494718904296 0.4489
-7.06505675821586 0.4488
-7.06514706776318 0.4487
-7.0652237083664 0.4486
-7.06528358304206 0.4485
-7.06531724135142 0.4484
-7.06534046356547 0.4483
-7.06533057954271 0.4482
-7.06530265525079 0.4481
-7.06526873203604 0.448
-7.06521669186865 0.4479
-7.0651577746322 0.4478
-7.06509268592799 0.4477
-7.06500567422742 0.4476
-7.06490480687776 0.4475
-7.0648082808496 0.4474
-7.06471061407909 0.4473
-7.0646222646043 0.4472
-7.06453423264235 0.4471
-7.06443819482237 0.447
-7.06434785113626 0.4469
-7.06425418920179 0.4468
-7.06414835634997 0.4467
-7.06403687078489 0.4466
-7.06394754756888 0.4465
-7.06388752433695 0.4464
-7.06381878578959 0.4463
-7.06375006201804 0.4462
-7.06368118286206 0.4461
-7.06362500096192 0.446
-7.06356676015217 0.4459
-7.06350775669452 0.4458
-7.06343655610989 0.4457
-7.06335946546305 0.4456
-7.06328639273919 0.4455
-7.06320629887621 0.4454
-7.06311589985336 0.4453
-7.06301832293894 0.4452
-7.06292585264228 0.4451
-7.0628382950646 0.445
-7.06275286392387 0.4449
-7.06270721847947 0.4448
-7.06269438744636 0.4447
-7.06267525968697 0.4446
-7.06265794995387 0.4445
-7.06264685146677 0.4444
-7.06266459631345 0.4443
-7.06269451010458 0.4442
-7.06276261231426 0.4441
-7.06283634162881 0.444
-7.06289764097037 0.4439
-7.0629690032887 0.4438
-7.06305860342537 0.4437
-7.06314699088868 0.4436
-7.06324324880281 0.4435
-7.06334185766253 0.4434
-7.06343851403505 0.4433
-7.06352745279822 0.4432
-7.06360177031441 0.4431
-7.06367218688245 0.443
-7.06373307351803 0.4429
-7.06379944949989 0.4428
-7.06384998612466 0.4427
-7.06388836639366 0.4426
-7.06390467645175 0.4425
-7.06390939232964 0.4424
-7.0638864993733 0.4423
-7.0638341476006 0.4422
-7.0637814760143 0.4421
-7.06372428143359 0.442
-7.06363783089203 0.4419
-7.06355194128491 0.4418
-7.06347062226213 0.4417
-7.06339982543841 0.4416
-7.06333604685357 0.4415
-7.06327230351851 0.4414
-7.0632178228139 0.4413
-7.06317370580157 0.4412
-7.063152018771 0.4411
-7.06315330854073 0.441
-7.06316482473634 0.4409
-7.06318959959235 0.4408
-7.06323041810161 0.4407
-7.06328647543519 0.4406
-7.06334243686478 0.4405
-7.06339369439961 0.4404
-7.06344556972889 0.4403
-7.06349840623425 0.4402
-7.06354803130445 0.4401
-7.06360471937762 0.44
-7.0636847097574 0.4399
-7.06375095438574 0.4398
-7.06381575213589 0.4397
-7.06387579466683 0.4396
-7.06392834128016 0.4395
-7.06398800351435 0.4394
-7.06401049449148 0.4393
-7.06402673668303 0.4392
-7.06401358118207 0.4391
-7.06399206480267 0.439
-7.06395484250292 0.4389
-7.06391587323199 0.4388
-7.06387050053293 0.4387
-7.06384440773495 0.4386
-7.06381890900417 0.4385
-7.06381423131316 0.4384
-7.06381209321796 0.4383
-7.06381562331266 0.4382
-7.06381961424634 0.4381
-7.06385219473267 0.438
-7.06387048652548 0.4379
-7.06390950961165 0.4378
-7.06395704834696 0.4377
-7.06404208244678 0.4376
-7.06413374314648 0.4375
-7.06423571167352 0.4374
-7.06432872956739 0.4373
-7.06443683988854 0.4372
-7.06454765584234 0.4371
-7.06463602453221 0.437
-7.0647237364344 0.4369
-7.06478923299887 0.4368
-7.06484247679119 0.4367
-7.06491145711894 0.4366
-7.06496649128377 0.4365
-7.06503330811624 0.4364
-7.06508319564396 0.4363
-7.06513225134488 0.4362
-7.0651413869634 0.4361
-7.06514721243594 0.436
-7.06514142081562 0.4359
-7.06513742683944 0.4358
-7.06513546000722 0.4357
-7.06511434111648 0.4356
-7.06508807687014 0.4355
-7.06508472068541 0.4354
-7.06508565307514 0.4353
-7.06509655078595 0.4352
-7.06509524197701 0.4351
-7.06510426896263 0.435
-7.06512245969225 0.4349
-7.06517004904664 0.4348
-7.06523202878244 0.4347
-7.06529073016484 0.4346
-7.06534018833674 0.4345
-7.06534789808124 0.4344
-7.06536235108323 0.4343
-7.06537733958382 0.4342
-7.06539097789045 0.4341
-7.06539515266131 0.434
-7.06538763462602 0.4339
-7.06539021842366 0.4338
-7.06538118605346 0.4337
-7.06534056035591 0.4336
-7.06528186647193 0.4335
-7.0652004911973 0.4334
-7.06511559596223 0.4333
-7.06502312909373 0.4332
-7.06491692753483 0.4331
-7.06480656016763 0.433
-7.06468782157619 0.4329
-7.06455663611912 0.4328
-7.06440433584385 0.4327
-7.06424737529495 0.4326
-7.06407933793076 0.4325
-7.06392895242747 0.4324
-7.0637803894751 0.4323
-7.06363349224849 0.4322
-7.06349611227471 0.4321
-7.06335239897617 0.432
-7.06321016951852 0.4319
-7.06308168294891 0.4318
-7.06296125307007 0.4317
-7.06284795529766 0.4316
-7.06274488797031 0.4315
-7.06264951617958 0.4314
-7.06256118045387 0.4313
-7.06247550880124 0.4312
-7.06240026284336 0.4311
-7.06233428982413 0.431
-7.06226376450277 0.4309
-7.0622069215556 0.4308
-7.06216886506556 0.4307
-7.06213199328643 0.4306
-7.06209971043394 0.4305
-7.06208245010046 0.4304
-7.06208365372272 0.4303
-7.06210741784546 0.4302
-7.062142360754 0.4301
-7.06218953039276 0.43
-7.06227232261012 0.4299
-7.06235799223455 0.4298
-7.06246666190704 0.4297
-7.06259371386712 0.4296
-7.06274164542625 0.4295
-7.06287750356988 0.4294
-7.06302456377321 0.4293
-7.06317573949981 0.4292
-7.06331839454495 0.4291
-7.06346836962348 0.429
-7.06361898477299 0.4289
-7.06375992196159 0.4288
-7.06389816988432 0.4287
-7.06403480621622 0.4286
-7.06415634057202 0.4285
-7.06427052808787 0.4284
-7.06436838623208 0.4283
-7.06446276446988 0.4282
-7.06454154073314 0.4281
-7.06460908114017 0.428
-7.06467203941396 0.4279
-7.0647274305906 0.4278
-7.06476298305254 0.4277
-7.06479024076897 0.4276
-7.06480205474512 0.4275
-7.06481713862477 0.4274
-7.06483682390588 0.4273
-7.06487180164963 0.4272
-7.06491318348523 0.4271
-7.06498100663047 0.427
-7.06504057452888 0.4269
-7.0651098497569 0.4268
-7.06519235171333 0.4267
-7.06527598389594 0.4266
-7.06536869300697 0.4265
-7.0654619866662 0.4264
-7.06553256569002 0.4263
-7.06561286225647 0.4262
-7.06569834972797 0.4261
-7.06575345318907 0.426
-7.06583225268194 0.4259
-7.0658886429037 0.4258
-7.06594064784241 0.4257
-7.06598601227733 0.4256
-7.06602611707235 0.4255
-7.0660593480473 0.4254
-7.06609475304428 0.4253
-7.06613653753357 0.4252
-7.06616232635193 0.4251
-7.06618623048938 0.425
-7.06620929640307 0.4249
-7.06621480598691 0.4248
-7.066218003261 0.4247
-7.06623005415176 0.4246
-7.06623318827584 0.4245
-7.06622666822916 0.4244
-7.06620657117364 0.4243
-7.06618099010522 0.4242
-7.06615754658547 0.4241
-7.06611771760818 0.424
-7.06609708288315 0.4239
-7.06609206394439 0.4238
-7.06608445630294 0.4237
-7.06607407371884 0.4236
-7.06606170841078 0.4235
-7.06605114787895 0.4234
-7.06603306532686 0.4233
-7.06603225167651 0.4232
-7.06606774869485 0.4231
-7.06611423947653 0.423
-7.06616878927152 0.4229
-7.06624084193451 0.4228
-7.06633380381323 0.4227
-7.06644277485077 0.4226
-7.06656934711025 0.4225
-7.06669573850192 0.4224
-7.06682299640585 0.4223
-7.06693979061194 0.4222
-7.06705393775595 0.4221
-7.06715835186388 0.422
-7.06725832336962 0.4219
-7.06736887188896 0.4218
-7.06746567795493 0.4217
-7.06754802977779 0.4216
-7.06763213163776 0.4215
-7.06768949489038 0.4214
-7.06772180454365 0.4213
-7.06773926420086 0.4212
-7.06772369954663 0.4211
-7.06769476525887 0.421
-7.06764730319408 0.4209
-7.06758422726273 0.4208
-7.06749946683651 0.4207
-7.06739978519673 0.4206
-7.06730793079488 0.4205
-7.06720045836739 0.4204
-7.06708717889325 0.4203
-7.06696756097535 0.4202
-7.06685385929592 0.4201
-7.06672820782505 0.42
-7.06661959613331 0.4199
-7.06649119628457 0.4198
-7.06638418480038 0.4197
-7.06627476647486 0.4196
-7.06616816180777 0.4195
-7.06608609296867 0.4194
-7.06601537590542 0.4193
-7.0659554171568 0.4192
-7.06590476103786 0.4191
-7.06586578614017 0.419
-7.06586134814976 0.4189
-7.06586270798068 0.4188
-7.06587128979929 0.4187
-7.0658920646009 0.4186
-7.06594241428596 0.4185
-7.06599671471076 0.4184
-7.066068892473 0.4183
-7.06615755521955 0.4182
-7.06624952099219 0.4181
-7.06634292156789 0.418
-7.06646893862869 0.4179
-7.06657766569926 0.4178
-7.06667324706604 0.4177
-7.06675823323374 0.4176
-7.06684197362112 0.4175
-7.06692202074892 0.4174
-7.06700000286999 0.4173
-7.06707992429422 0.4172
-7.06713705082781 0.4171
-7.06718667297783 0.417
-7.06722261466065 0.4169
-7.06724838391301 0.4168
-7.06725856978324 0.4167
-7.06725303104357 0.4166
-7.06724757909909 0.4165
-7.06723532365076 0.4164
-7.06720820125018 0.4163
-7.06718170931078 0.4162
-7.06716483058325 0.4161
-7.0671517150041 0.416
-7.06715929412255 0.4159
-7.06716836015885 0.4158
-7.06718513308014 0.4157
-7.0672033467027 0.4156
-7.06721390812717 0.4155
-7.06723291294501 0.4154
-7.06725749551715 0.4153
-7.06732205714075 0.4152
-7.06739050011895 0.4151
-7.06744249736226 0.415
-7.06750206889792 0.4149
-7.06756876533085 0.4148
-7.0676389709066 0.4147
-7.06769598712847 0.4146
-7.0677543541531 0.4145
-7.06780588993984 0.4144
-7.06785821734608 0.4143
-7.06792113361493 0.4142
-7.06799099232857 0.4141
-7.06801750467294 0.414
-7.0680274343019 0.4139
-7.06803581297229 0.4138
-7.06803258203291 0.4137
-7.06800161854758 0.4136
-7.06797420054458 0.4135
-7.06792269222695 0.4134
-7.06785063917333 0.4133
-7.06775812046614 0.4132
-7.06765577315662 0.4131
-7.06752361602657 0.413
-7.06737757000596 0.4129
-7.06720723340144 0.4128
-7.06703023941677 0.4127
-7.06683576249693 0.4126
-7.06662023495847 0.4125
-7.06640192777395 0.4124
-7.06620010428033 0.4123
-7.06599284801215 0.4122
-7.06580180696259 0.4121
-7.06562766615826 0.412
-7.06547783390087 0.4119
-7.06536603651583 0.4118
-7.06529475515894 0.4117
-7.06524380608804 0.4116
-7.06521294191229 0.4115
-7.06523072422789 0.4114
-7.06527557776898 0.4113
-7.06533878840022 0.4112
-7.06541921551281 0.4111
-7.06550411652951 0.411
-7.06561319494102 0.4109
-7.06574429538433 0.4108
-7.06588440356201 0.4107
-7.06601747162236 0.4106
-7.06614724700625 0.4105
-7.06628577768876 0.4104
-7.06644187982177 0.4103
-7.06660810730191 0.4102
-7.06678415273277 0.4101
-7.06695950412117 0.41
-7.06712295310699 0.4099
-7.0672809391937 0.4098
-7.06743279466415 0.4097
-7.06757847634016 0.4096
-7.06771056262232 0.4095
-7.06781710539185 0.4094
-7.06790213135078 0.4093
-7.06797527343769 0.4092
-7.06802024858111 0.4091
-7.06806210303334 0.409
-7.06808424967214 0.4089
-7.06808756174482 0.4088
-7.06808320996632 0.4087
-7.06807995245359 0.4086
-7.06807980531926 0.4085
-7.06806983366967 0.4084
-7.0680413088313 0.4083
-7.06800046223341 0.4082
-7.06795963370762 0.4081
-7.06792272630896 0.408
-7.06786654562877 0.4079
-7.06780677246602 0.4078
-7.06773997000575 0.4077
-7.06766501463755 0.4076
-7.06760011738204 0.4075
-7.06753191718441 0.4074
-7.06745853317253 0.4073
-7.06740294885645 0.4072
-7.06737439938303 0.4071
-7.06733329743332 0.407
-7.0673125766649 0.4069
-7.06731059775367 0.4068
-7.06729250299721 0.4067
-7.06726877951879 0.4066
-7.06725892844888 0.4065
-7.06725081991391 0.4064
-7.06724925131237 0.4063
-7.06722909331871 0.4062
-7.06721086155831 0.4061
-7.0672023751981 0.406
-7.06718849579726 0.4059
-7.06717555641194 0.4058
-7.06715196429231 0.4057
-7.06713303145963 0.4056
-7.06711315764282 0.4055
-7.06708846489767 0.4054
-7.0670865495814 0.4053
-7.06709630067996 0.4052
-7.06711240639316 0.4051
-7.0671091839469 0.405
-7.06712362385946 0.4049
-7.06713670311628 0.4048
-7.06718163005343 0.4047
-7.06724253139046 0.4046
-7.06730506143316 0.4045
-7.06738803180825 0.4044
-7.06749188080834 0.4043
-7.06760394483827 0.4042
-7.0677094007695 0.4041
-7.06780477020276 0.404
-7.06789492328654 0.4039
-7.06797309350355 0.4038
-7.06804881943649 0.4037
-7.06811491899133 0.4036
-7.06816679541883 0.4035
-7.06820631824709 0.4034
-7.06825235576287 0.4033
-7.06828282294926 0.4032
-7.06831045926676 0.4031
-7.06832783617222 0.403
-7.06833399259647 0.4029
-7.06834845449071 0.4028
-7.06836156569072 0.4027
-7.06836833924851 0.4026
-7.06837869807484 0.4025
-7.06837205107746 0.4024
-7.06837359664198 0.4023
-7.06837099192455 0.4022
-7.06838283024519 0.4021
-7.0683886689941 0.402
-7.06838573197801 0.4019
-7.06837098136713 0.4018
-7.06836513416048 0.4017
-7.06835553843518 0.4016
-7.06837178415227 0.4015
-7.06839046315166 0.4014
-7.06840275976716 0.4013
-7.0684158733926 0.4012
-7.06843906757938 0.4011
-7.06847453375626 0.401
-7.06851520788614 0.4009
-7.06856030245379 0.4008
-7.06862011161814 0.4007
-7.06868688820301 0.4006
-7.0687515068251 0.4005
-7.06882251025711 0.4004
-7.06889737270681 0.4003
-7.06897002204262 0.4002
-7.06903417740851 0.4001
-7.06909213825331 0.4
-7.06914251363028 0.3999
-7.06919199693799 0.3998
-7.069225399453 0.3997
-7.06925735725931 0.3996
-7.06927745453137 0.3995
-7.06929853605144 0.3994
-7.06932350048181 0.3993
-7.06933707504403 0.3992
-7.0693537146306 0.3991
-7.0693709292667 0.399
-7.06938060432775 0.3989
-7.06937732026658 0.3988
-7.06936564018125 0.3987
-7.0693421353483 0.3986
-7.06930043749595 0.3985
-7.06924977966324 0.3984
-7.06919937508459 0.3983
-7.06912491369873 0.3982
-7.06903558014061 0.3981
-7.06892880621335 0.398
-7.06880157146369 0.3979
-7.06867127253369 0.3978
-7.06852130264066 0.3977
-7.06838100221325 0.3976
-7.0682394969239 0.3975
-7.06811254469973 0.3974
-7.06799865558942 0.3973
-7.06788520660158 0.3972
-7.0677816828924 0.3971
-7.06770117903695 0.397
-7.06764920937497 0.3969
-7.06761196709759 0.3968
-7.06758262451859 0.3967
-7.06758766039901 0.3966
-7.06761688226551 0.3965
-7.06765333016802 0.3964
-7.06767993861615 0.3963
-7.06771937631492 0.3962
-7.06778305022029 0.3961
-7.06786152992405 0.396
-7.0679661238453 0.3959
-7.06808682064032 0.3958
-7.06820959905601 0.3957
-7.06832398136629 0.3956
-7.06845501878458 0.3955
-7.06857430832487 0.3954
-7.06867217665777 0.3953
-7.06877489092538 0.3952
-7.06887688765846 0.3951
-7.06897466411123 0.395
-7.06905214253215 0.3949
-7.06913625610326 0.3948
-7.06921535267618 0.3947
-7.06925574035859 0.3946
-7.06929161377527 0.3945
-7.06933443089566 0.3944
-7.06937184732811 0.3943
-7.06940841422521 0.3942
-7.06942966962221 0.3941
-7.06944051939297 0.394
-7.06944682058143 0.3939
-7.06944567541621 0.3938
-7.0694298482856 0.3937
-7.06941640113896 0.3936
-7.06943420018952 0.3935
-7.06945291058383 0.3934
-7.06948166298395 0.3933
-7.06953461177476 0.3932
-7.06959177355878 0.3931
-7.06965813932752 0.393
-7.06970867130552 0.3929
-7.06977788327432 0.3928
-7.06985125936757 0.3927
-7.06991516788634 0.3926
-7.06997791255957 0.3925
-7.07002515298616 0.3924
-7.07003252664499 0.3923
-7.07002646657864 0.3922
-7.07002377999059 0.3921
-7.07002445921088 0.392
-7.07000417910715 0.3919
-7.06997729908809 0.3918
-7.06994801839217 0.3917
-7.06992245412597 0.3916
-7.06989391303451 0.3915
-7.06987473560365 0.3914
-7.06987113448775 0.3913
-7.06987808102147 0.3912
-7.06989130332319 0.3911
-7.06992495244834 0.391
-7.06997152697921 0.3909
-7.07000617126344 0.3908
-7.0700628035368 0.3907
-7.07011807105141 0.3906
-7.07019015778941 0.3905
-7.07025737016695 0.3904
-7.0703248961031 0.3903
-7.07039082745991 0.3902
-7.07044929367016 0.3901
-7.07049127319964 0.39
-7.07053987880922 0.3899
-7.07058318317643 0.3898
-7.07063498543702 0.3897
-7.0706787240998 0.3896
-7.07073529998587 0.3895
-7.07078544822803 0.3894
-7.07084567750739 0.3893
-7.0709193701466 0.3892
-7.07101389190986 0.3891
-7.07112423665965 0.389
-7.07124547757239 0.3889
-7.0713761289177 0.3888
-7.07151335223078 0.3887
-7.07165472439654 0.3886
-7.07179452403659 0.3885
-7.0719429993267 0.3884
-7.07210618509012 0.3883
-7.07226618563085 0.3882
-7.07241700193562 0.3881
-7.07254688822 0.388
-7.07265022432064 0.3879
-7.0727386931115 0.3878
-7.07280663300612 0.3877
-7.07287838506049 0.3876
-7.07291809597431 0.3875
-7.07295145388635 0.3874
-7.07293792183807 0.3873
-7.07291297279471 0.3872
-7.07286979095925 0.3871
-7.0728244815922 0.387
-7.0727697636393 0.3869
-7.07271087283996 0.3868
-7.0726436168212 0.3867
-7.07257352723501 0.3866
-7.07250726261471 0.3865
-7.07244152925711 0.3864
-7.07239314660476 0.3863
-7.07233615200685 0.3862
-7.07228783727244 0.3861
-7.07222784184949 0.386
-7.07215747909444 0.3859
-7.07209597313823 0.3858
-7.07203666475463 0.3857
-7.07197811879184 0.3856
-7.07191019704358 0.3855
-7.07184422426898 0.3854
-7.07177770878887 0.3853
-7.07171611042495 0.3852
-7.07164743950004 0.3851
-7.07158454390704 0.385
-7.07153268158436 0.3849
-7.0714843992 0.3848
-7.07145884211031 0.3847
-7.07144389759029 0.3846
-7.07143041824374 0.3845
-7.07144085412102 0.3844
-7.07146457250513 0.3843
-7.0715088726927 0.3842
-7.07157137784549 0.3841
-7.0716379846625 0.384
-7.07169713369705 0.3839
-7.07176068540948 0.3838
-7.0718226184718 0.3837
-7.07188886369265 0.3836
-7.07195848810338 0.3835
-7.07203003285827 0.3834
-7.07209184546725 0.3833
-7.07212990566953 0.3832
-7.07215100232439 0.3831
-7.07215631953932 0.383
-7.07214507718497 0.3829
-7.07211312188472 0.3828
-7.07206058836611 0.3827
-7.07198401735632 0.3826
-7.07188807447267 0.3825
-7.07178577009869 0.3824
-7.07169614959106 0.3823
-7.07161842726646 0.3822
-7.07153410468303 0.3821
-7.07145418816666 0.382
-7.07138775988604 0.3819
-7.07133625214073 0.3818
-7.07128849180817 0.3817
-7.07123262315203 0.3816
-7.07120115151856 0.3815
-7.07119645493914 0.3814
-7.07122972643259 0.3813
-7.07125970602084 0.3812
-7.07128886929672 0.3811
-7.07132260766356 0.381
-7.07137170521589 0.3809
-7.07142683251152 0.3808
-7.07149132150004 0.3807
-7.07155938725862 0.3806
-7.07163378851524 0.3805
-7.07171089330929 0.3804
-7.07179391089106 0.3803
-7.07188719807891 0.3802
-7.07198242943852 0.3801
-7.07208191891491 0.38
-7.07216633289423 0.3799
-7.07224648251358 0.3798
-7.07230727696017 0.3797
-7.072356672346 0.3796
-7.07240233064053 0.3795
-7.07245434986893 0.3794
-7.07249012536981 0.3793
-7.07251036606976 0.3792
-7.07252322091213 0.3791
-7.07252774653427 0.379
-7.07251515933874 0.3789
-7.07249671239511 0.3788
-7.07247253880876 0.3787
-7.0724089206644 0.3786
-7.0723239938809 0.3785
-7.07222955962599 0.3784
-7.07213569840796 0.3783
-7.07203849064693 0.3782
-7.07194276540233 0.3781
-7.0718512223087 0.378
-7.07175418559088 0.3779
-7.07166885103493 0.3778
-7.07157111494203 0.3777
-7.07146783551736 0.3776
-7.07136584525215 0.3775
-7.07127501338428 0.3774
-7.07119834226285 0.3773
-7.07113225376805 0.3772
-7.0710761565454 0.3771
-7.07102984705743 0.377
-7.07097600347923 0.3769
-7.07092191781759 0.3768
-7.07087929684387 0.3767
-7.0708293773024 0.3766
-7.07079304406441 0.3765
-7.0707610719009 0.3764
-7.07072031785379 0.3763
-7.07067573960303 0.3762
-7.07064198972569 0.3761
-7.07063103991471 0.376
-7.07064173120493 0.3759
-7.07067148338703 0.3758
-7.07070124257114 0.3757
-7.07074507931165 0.3756
-7.07078037285265 0.3755
-7.07080816437843 0.3754
-7.07084115329807 0.3753
-7.07086795440873 0.3752
-7.07089394521916 0.3751
-7.07091104591383 0.375
-7.07092682159311 0.3749
-7.07093076676598 0.3748
-7.0709309820997 0.3747
-7.07093657495147 0.3746
-7.07094810348424 0.3745
-7.07094995370402 0.3744
-7.07096428249661 0.3743
-7.07097432917251 0.3742
-7.07099327897843 0.3741
-7.07103999761721 0.374
-7.07109766770871 0.3739
-7.07117338841922 0.3738
-7.07127276979201 0.3737
-7.07137792478151 0.3736
-7.07147419719011 0.3735
-7.07158542176648 0.3734
-7.07169730358737 0.3733
-7.07179670745096 0.3732
-7.0718785096539 0.3731
-7.07195981861642 0.373
-7.07202570630551 0.3729
-7.07207640976868 0.3728
-7.07212097183079 0.3727
-7.07216119421915 0.3726
-7.07220935895754 0.3725
-7.07226270439871 0.3724
-7.0723046297806 0.3723
-7.07233425434069 0.3722
-7.07237345025142 0.3721
-7.07242035422004 0.372
-7.07246160032187 0.3719
-7.07249034704471 0.3718
-7.07254107469877 0.3717
-7.07258833655511 0.3716
-7.07262130744365 0.3715
-7.07262875279278 0.3714
-7.07264383743388 0.3713
-7.07265675146378 0.3712
-7.07268742985146 0.3711
-7.07272086373126 0.371
-7.07274810096161 0.3709
-7.07278051840616 0.3708
-7.07281741539756 0.3707
-7.07284330739242 0.3706
-7.07285275797915 0.3705
-7.07285792686167 0.3704
-7.0728767429813 0.3703
-7.07290537716915 0.3702
-7.07293140053812 0.3701
-7.07295372232152 0.37
-7.07297798362935 0.3699
-7.07298974342431 0.3698
-7.07300148341238 0.3697
-7.0730167050989 0.3696
-7.07301227277996 0.3695
-7.07301467908047 0.3694
-7.0730262510127 0.3693
-7.07303468324686 0.3692
-7.07304388989637 0.3691
-7.07307730243051 0.369
-7.07310695216369 0.3689
-7.07316670876586 0.3688
-7.07325467867278 0.3687
-7.07335478318257 0.3686
-7.0734548117376 0.3685
-7.07353712115008 0.3684
-7.07363020117871 0.3683
-7.07372249188969 0.3682
-7.07381153009817 0.3681
-7.07390415504198 0.368
-7.07399745825993 0.3679
-7.07408432875177 0.3678
-7.07415279072283 0.3677
-7.07421432588587 0.3676
-7.07427796106388 0.3675
-7.07433325398103 0.3674
-7.07438163544123 0.3673
-7.07442817001752 0.3672
-7.07446615470835 0.3671
-7.07451032217563 0.367
-7.07454087526756 0.3669
-7.07455155990973 0.3668
-7.07457541759494 0.3667
-7.07458745342063 0.3666
-7.07457172448456 0.3665
-7.0745297253921 0.3664
-7.07449436883191 0.3663
-7.07444785539733 0.3662
-7.07439928810886 0.3661
-7.07433588933242 0.366
-7.07427173064314 0.3659
-7.07420854076748 0.3658
-7.07413817575095 0.3657
-7.0740849474374 0.3656
-7.07404546660344 0.3655
-7.07400430651852 0.3654
-7.07398909494713 0.3653
-7.0739848234952 0.3652
-7.07397968313156 0.3651
-7.07397769100443 0.365
-7.07399536664181 0.3649
-7.07402150185417 0.3648
-7.07406759472804 0.3647
-7.07412103585582 0.3646
-7.07416852583885 0.3645
-7.07420399511646 0.3644
-7.07423044920509 0.3643
-7.074250732084 0.3642
-7.07429184148032 0.3641
-7.0743380326856 0.364
-7.0743815190467 0.3639
-7.07441994160356 0.3638
-7.07445646506476 0.3637
-7.07449090091282 0.3636
-7.0745145094221 0.3635
-7.07454919774164 0.3634
-7.07457759163848 0.3633
-7.0746126558797 0.3632
-7.07465864231278 0.3631
-7.07471897592005 0.363
-7.07478008634402 0.3629
-7.0748340411576 0.3628
-7.0748787227246 0.3627
-7.07493210655055 0.3626
-7.07501057919574 0.3625
-7.07508357240394 0.3624
-7.07515057273906 0.3623
-7.07522961694908 0.3622
-7.07529814722705 0.3621
-7.07536891609591 0.362
-7.07545525360769 0.3619
-7.07552511350915 0.3618
-7.07559176156828 0.3617
-7.07566319004938 0.3616
-7.07572482170232 0.3615
-7.07576318489078 0.3614
-7.07578186726319 0.3613
-7.07579383596814 0.3612
-7.07579098761918 0.3611
-7.0757743018898 0.361
-7.07572519040475 0.3609
-7.07565007519773 0.3608
-7.07554583703823 0.3607
-7.07543294960436 0.3606
-7.075310969478 0.3605
-7.07517489366761 0.3604
-7.07502476457197 0.3603
-7.07486933165827 0.3602
-7.07472170463946 0.3601
-7.07456304249195 0.36
-7.07441319668803 0.3599
-7.07427510100841 0.3598
-7.07416155807531 0.3597
-7.07404898285294 0.3596
-7.07394384521803 0.3595
-7.07386402395337 0.3594
-7.0738131819628 0.3593
-7.07377892207704 0.3592
-7.07375628067407 0.3591
-7.07374206853946 0.359
-7.07372891678501 0.3589
-7.07371899312792 0.3588
-7.07371295781267 0.3587
-7.07368986116012 0.3586
-7.07365544507206 0.3585
-7.07362257706043 0.3584
-7.07358577579473 0.3583
-7.07353651758412 0.3582
-7.07349877397204 0.3581
-7.07346383130015 0.358
-7.07341439882511 0.3579
-7.07334226289137 0.3578
-7.07327356353857 0.3577
-7.07319578661929 0.3576
-7.07313360645956 0.3575
-7.07309023764668 0.3574
-7.07304152855486 0.3573
-7.07300192256186 0.3572
-7.07294982419454 0.3571
-7.07290928755458 0.357
-7.07288617895351 0.3569
-7.07288656182186 0.3568
-7.07289607265264 0.3567
-7.07287738986335 0.3566
-7.07286089106897 0.3565
-7.07285886826756 0.3564
-7.07286302867973 0.3563
-7.07287607556512 0.3562
-7.0728796040209 0.3561
-7.07289703430362 0.356
-7.07290944363279 0.3559
-7.07292837532859 0.3558
-7.07294947453467 0.3557
-7.07297766754276 0.3556
-7.07301288187477 0.3555
-7.07302703216056 0.3554
-7.07305132667345 0.3553
-7.07306583768658 0.3552
-7.07309767016985 0.3551
-7.07311945645846 0.355
-7.07312962445405 0.3549
-7.07313494431998 0.3548
-7.07313285342231 0.3547
-7.07311976668475 0.3546
-7.07311571222215 0.3545
-7.07311554158605 0.3544
-7.07311713114622 0.3543
-7.07311227956721 0.3542
-7.07311184205169 0.3541
-7.07311479463907 0.354
-7.07312132395747 0.3539
-7.07311686687991 0.3538
-7.073115403046 0.3537
-7.07312192527223 0.3536
-7.07314875745447 0.3535
-7.0731869196113 0.3534
-7.07321640820146 0.3533
-7.07326027040265 0.3532
-7.07328650120036 0.3531
-7.07328987283971 0.353
-7.07329582660146 0.3529
-7.07330271946454 0.3528
-7.07329387411837 0.3527
-7.07328538560439 0.3526
-7.07326649487865 0.3525
-7.07323281575449 0.3524
-7.07317998852721 0.3523
-7.07313663148203 0.3522
-7.07305817438714 0.3521
-7.07295963475904 0.352
-7.07287200700959 0.3519
-7.0727981447169 0.3518
-7.07273129459222 0.3517
-7.07265824437363 0.3516
-7.0725847613283 0.3515
-7.07254132509393 0.3514
-7.07253561424852 0.3513
-7.07253534018906 0.3512
-7.0725533505104 0.3511
-7.07258885801287 0.351
-7.07265417190444 0.3509
-7.07272962705766 0.3508
-7.07283574098785 0.3507
-7.07295497985568 0.3506
-7.07309525189529 0.3505
-7.07323316864714 0.3504
-7.07338211317263 0.3503
-7.07355254107537 0.3502
-7.07374463625752 0.3501
-7.07393692734833 0.35
-7.07413531577 0.3499
-7.07432918967301 0.3498
-7.07451440320234 0.3497
-7.07468924688303 0.3496
-7.07485367744214 0.3495
-7.07498852115268 0.3494
-7.07511385311687 0.3493
-7.07523202053151 0.3492
-7.07532213661267 0.3491
-7.07539774980117 0.349
-7.07545725900923 0.3489
-7.07548461418898 0.3488
-7.07548986906713 0.3487
-7.07548550708141 0.3486
-7.07548618690455 0.3485
-7.07549455022341 0.3484
-7.07550474218235 0.3483
-7.07550486293346 0.3482
-7.07552392674785 0.3481
-7.07553508103951 0.348
-7.07553382589642 0.3479
-7.07552100078168 0.3478
-7.07551722880526 0.3477
-7.07550960675926 0.3476
-7.0754784618639 0.3475
-7.07542790431228 0.3474
-7.07535366081536 0.3473
-7.07527100660215 0.3472
-7.07517392583695 0.3471
-7.07506322520414 0.347
-7.07496321514737 0.3469
-7.07487215617026 0.3468
-7.07477307151356 0.3467
-7.07466733530537 0.3466
-7.07455982164923 0.3465
-7.07446047500521 0.3464
-7.07435831351852 0.3463
-7.07425732600813 0.3462
-7.07417804194927 0.3461
-7.07412668321291 0.346
-7.0740906472428 0.3459
-7.07405271261615 0.3458
-7.07403946346568 0.3457
-7.0740370980833 0.3456
-7.07406773374265 0.3455
-7.07410129330525 0.3454
-7.07414472541303 0.3453
-7.074210113045 0.3452
-7.07428966531311 0.3451
-7.07439198631617 0.345
-7.07452117717799 0.3449
-7.07466192801889 0.3448
-7.07481016692206 0.3447
-7.07497739131322 0.3446
-7.07514413892521 0.3445
-7.07530202391941 0.3444
-7.07546206064715 0.3443
-7.07562205131436 0.3442
-7.07579814145912 0.3441
-7.07596715187992 0.344
-7.07612556372895 0.3439
-7.07628299054319 0.3438
-7.07641039550286 0.3437
-7.07651603554018 0.3436
-7.07659443042428 0.3435
-7.0766437702532 0.3434
-7.07666522139517 0.3433
-7.07666829111044 0.3432
-7.07663339806793 0.3431
-7.07661690183134 0.343
-7.07655473392236 0.3429
-7.07647970571796 0.3428
-7.07638371334932 0.3427
-7.07631080324698 0.3426
-7.07622964626445 0.3425
-7.07612648926709 0.3424
-7.07602613815666 0.3423
-7.0759322562163 0.3422
-7.07583491201523 0.3421
-7.07575172476869 0.342
-7.07566543572392 0.3419
-7.07555995557817 0.3418
-7.07545033531043 0.3417
-7.07536599138508 0.3416
-7.0752894993331 0.3415
-7.07520795336985 0.3414
-7.07514386377522 0.3413
-7.0750880882564 0.3412
-7.07503808976714 0.3411
-7.07497610925078 0.341
-7.07493286514084 0.3409
-7.07491436869897 0.3408
-7.07491867780848 0.3407
-7.07494498902788 0.3406
-7.07498963005575 0.3405
-7.07505891147328 0.3404
-7.07513737396932 0.3403
-7.07525204281994 0.3402
-7.07536907423456 0.3401
-7.07550357268154 0.34
-7.07563579818467 0.3399
-7.0757792707144 0.3398
-7.07591146650529 0.3397
-7.07605009959777 0.3396
-7.07619527256734 0.3395
-7.07633985263069 0.3394
-7.07646958055154 0.3393
-7.07659482289761 0.3392
-7.07670281998674 0.3391
-7.07680628621488 0.339
-7.07689957051857 0.3389
-7.07698001111393 0.3388
-7.0770417253853 0.3387
-7.07706415633227 0.3386
-7.07708677427985 0.3385
-7.07711656092969 0.3384
-7.07713849296759 0.3383
-7.07714846602521 0.3382
-7.07715953933804 0.3381
-7.07717056809648 0.338
-7.07716202883292 0.3379
-7.07714684377855 0.3378
-7.07714373980647 0.3377
-7.07712066862461 0.3376
-7.07709123113018 0.3375
-7.07705117723576 0.3374
-7.0770000572577 0.3373
-7.07693878404422 0.3372
-7.07686785433073 0.3371
-7.07681472204137 0.337
-7.07677280397427 0.3369
-7.07674167193724 0.3368
-7.07673821248225 0.3367
-7.07675413464822 0.3366
-7.07679820426135 0.3365
-7.07685208269423 0.3364
-7.076896930023 0.3363
-7.07695670813905 0.3362
-7.07701888938608 0.3361
-7.07709683477466 0.336
-7.0771723235202 0.3359
-7.07725556735611 0.3358
-7.07734431662943 0.3357
-7.07746632141856 0.3356
-7.07760368162057 0.3355
-7.07774112247904 0.3354
-7.07788402672585 0.3353
-7.07801362160285 0.3352
-7.07815075359398 0.3351
-7.07827660861122 0.335
-7.078401417006 0.3349
-7.07851578015542 0.3348
-7.07862093061505 0.3347
-7.07874480934831 0.3346
-7.07886989119054 0.3345
-7.0789897999699 0.3344
-7.07910042922348 0.3343
-7.07919363919667 0.3342
-7.07928011518506 0.3341
-7.07935371807408 0.334
-7.07940281403128 0.3339
-7.07943619341996 0.3338
-7.07945208164092 0.3337
-7.0794605849543 0.3336
-7.07945059913237 0.3335
-7.07943088211944 0.3334
-7.07941352098243 0.3333
-7.07936927064356 0.3332
-7.07932103258603 0.3331
-7.07926206401471 0.333
-7.0792294098339 0.3329
-7.07918772542508 0.3328
-7.07914008470987 0.3327
-7.07909414479921 0.3326
-7.07906168910662 0.3325
-7.07904202741808 0.3324
-7.07902813125202 0.3323
-7.07900915697505 0.3322
-7.07899318933721 0.3321
-7.07898008671616 0.332
-7.07897209339151 0.3319
-7.07898595163237 0.3318
-7.07901469910665 0.3317
-7.07906451938633 0.3316
-7.0791259839275 0.3315
-7.07919754104676 0.3314
-7.07926293051252 0.3313
-7.07933030453886 0.3312
-7.07937745625471 0.3311
-7.07941245474695 0.331
-7.07945030450701 0.3309
-7.07948593769622 0.3308
-7.07950537602947 0.3307
-7.07952474151438 0.3306
-7.07953878256109 0.3305
-7.07955208074694 0.3304
-7.07956531419723 0.3303
-7.07957592070207 0.3302
-7.07958232979914 0.3301
-7.07960020179076 0.33
-7.07963967213254 0.3299
-7.07968277126726 0.3298
-7.07972466489108 0.3297
-7.07978902862979 0.3296
-7.0798614196929 0.3295
-7.07995595398979 0.3294
-7.08005320679441 0.3293
-7.08014688346884 0.3292
-7.08023932884981 0.3291
-7.08031917257807 0.329
-7.08038668749509 0.3289
-7.08043165585693 0.3288
-7.08044732995791 0.3287
-7.08044216923057 0.3286
-7.08042330053661 0.3285
-7.08038158347432 0.3284
-7.08031396516668 0.3283
-7.08022048846508 0.3282
-7.08009810915476 0.3281
-7.07997066812941 0.328
-7.07984007992301 0.3279
-7.07970453154174 0.3278
-7.07955703490998 0.3277
-7.07940637794072 0.3276
-7.0792559715346 0.3275
-7.07912094451297 0.3274
-7.07900663050978 0.3273
-7.07890248894908 0.3272
-7.07879321284948 0.3271
-7.07870033261716 0.327
-7.07861618384995 0.3269
-7.07853499562912 0.3268
-7.07845538232257 0.3267
-7.07838705480139 0.3266
-7.0783272286177 0.3265
-7.07827767289968 0.3264
-7.07823206182106 0.3263
-7.07820638381384 0.3262
-7.07819697586522 0.3261
-7.07821449428538 0.326
-7.07822171431186 0.3259
-7.07823341253965 0.3258
-7.07825171292556 0.3257
-7.07826216491117 0.3256
-7.07827943738152 0.3255
-7.07831399857306 0.3254
-7.07833885284137 0.3253
-7.07837559952776 0.3252
-7.07840340051439 0.3251
-7.07841739116489 0.325
-7.07843360180245 0.3249
-7.0784639637518 0.3248
-7.078510205648 0.3247
-7.07853651961476 0.3246
-7.0785438376293 0.3245
-7.07854981139964 0.3244
-7.07855743653388 0.3243
-7.07856594717931 0.3242
-7.07858013325621 0.3241
-7.07861869791293 0.324
-7.07866822681152 0.3239
-7.07873604656709 0.3238
-7.07882105133353 0.3237
-7.0789207814118 0.3236
-7.07901961679263 0.3235
-7.07910896316599 0.3234
-7.07920719691825 0.3233
-7.07928702067583 0.3232
-7.07936036699076 0.3231
-7.07941541678556 0.323
-7.07945020508603 0.3229
-7.07948061534421 0.3228
-7.07948237953041 0.3227
-7.07944750086834 0.3226
-7.07936882342449 0.3225
-7.07925581319268 0.3224
-7.07911587521961 0.3223
-7.07896343246838 0.3222
-7.0787883947666 0.3221
-7.07861689723892 0.322
-7.07843641257313 0.3219
-7.078232504135 0.3218
-7.07803344153173 0.3217
-7.07780333119845 0.3216
-7.07757113081944 0.3215
-7.07734519887341 0.3214
-7.07712993702869 0.3213
-7.07692312590622 0.3212
-7.07674792404636 0.3211
-7.07658152381666 0.321
-7.07643497393971 0.3209
-7.07630780678141 0.3208
-7.07620390746279 0.3207
-7.0761068323608 0.3206
-7.07602082189266 0.3205
-7.075968844159 0.3204
-7.07593809084447 0.3203
-7.07590056447286 0.3202
-7.07587132894962 0.3201
-7.07584446214705 0.32
-7.07581280725433 0.3199
-7.07577155145871 0.3198
-7.07574044139303 0.3197
-7.07571935466879 0.3196
-7.07568802622657 0.3195
-7.07565904824633 0.3194
-7.07563016438125 0.3193
-7.07561383967063 0.3192
-7.07558196289966 0.3191
-7.07555034583152 0.319
-7.07551412138197 0.3189
-7.07549358695733 0.3188
-7.0754923465129 0.3187
-7.07549719825809 0.3186
-7.07550696514076 0.3185
-7.07551105676879 0.3184
-7.07552426945287 0.3183
-7.07553555156873 0.3182
-7.07557006678112 0.3181
-7.07560900617238 0.318
-7.07564798453839 0.3179
-7.07570294223508 0.3178
-7.07576811505125 0.3177
-7.07581678156007 0.3176
-7.07588633854556 0.3175
-7.07594753921428 0.3174
-7.07600097730908 0.3173
-7.07605191571582 0.3172
-7.076098207071 0.3171
-7.07615185957873 0.317
-7.0761964994187 0.3169
-7.07623019843005 0.3168
-7.07628132086864 0.3167
-7.07632988144395 0.3166
-7.07635115108177 0.3165
-7.07638350533896 0.3164
-7.07640497967056 0.3163
-7.07642576085727 0.3162
-7.07644194236776 0.3161
-7.07643885601997 0.316
-7.07645169113076 0.3159
-7.07648224977755 0.3158
-7.07653025269758 0.3157
-7.07659226279879 0.3156
-7.0766448850347 0.3155
-7.07668977998999 0.3154
-7.07676381797649 0.3153
-7.076816154538 0.3152
-7.07686077271374 0.3151
-7.07689369499396 0.315
-7.07691265617854 0.3149
-7.07692213276724 0.3148
-7.07691095948206 0.3147
-7.07687963251603 0.3146
-7.07682594711059 0.3145
-7.07676507561101 0.3144
-7.07670242820096 0.3143
-7.07665410101051 0.3142
-7.07660373640141 0.3141
-7.07656444710785 0.314
-7.07652871486985 0.3139
-7.07650958527432 0.3138
-7.07649359434357 0.3137
-7.07649027366381 0.3136
-7.07648911779374 0.3135
-7.07649324834705 0.3134
-7.07650893831509 0.3133
-7.07653433339644 0.3132
-7.0765653542123 0.3131
-7.07660093167755 0.313
-7.07664282264895 0.3129
-7.07669628831406 0.3128
-7.076740765866 0.3127
-7.0767951381032 0.3126
-7.07686686707402 0.3125
-7.07693147364164 0.3124
-7.07699458937945 0.3123
-7.0770495240927 0.3122
-7.0771093130683 0.3121
-7.0771654040363 0.312
-7.07721827080083 0.3119
-7.07725348973962 0.3118
-7.07730296157501 0.3117
-7.07735481311662 0.3116
-7.07740225319045 0.3115
-7.07745775620621 0.3114
-7.07750392131879 0.3113
-7.0775418210681 0.3112
-7.07757194988377 0.3111
-7.07759660355256 0.311
-7.07761937863262 0.3109
-7.07763408882641 0.3108
-7.0776230039412 0.3107
-7.07760173930794 0.3106
-7.07758318589727 0.3105
-7.07753954483662 0.3104
-7.07746426785587 0.3103
-7.07735813819394 0.3102
-7.07724358284802 0.3101
-7.07712716090217 0.31
-7.07701133775483 0.3099
-7.07689737298795 0.3098
-7.07678743468892 0.3097
-7.07667919083646 0.3096
-7.07658888465857 0.3095
-7.07650971344084 0.3094
-7.07644152369479 0.3093
-7.07638856526001 0.3092
-7.07635242502208 0.3091
-7.07635037804959 0.309
-7.07635598261387 0.3089
-7.07639381605844 0.3088
-7.07644361532075 0.3087
-7.0764983521956 0.3086
-7.07657159501751 0.3085
-7.07664051669258 0.3084
-7.07672559261239 0.3083
-7.07681980354016 0.3082
-7.07691286156432 0.3081
-7.07701620481973 0.308
-7.07712249866925 0.3079
-7.07723422507553 0.3078
-7.07732567041123 0.3077
-7.07742136936 0.3076
-7.07753793492568 0.3075
-7.07765307514085 0.3074
-7.07776623275669 0.3073
-7.07785682788019 0.3072
-7.07794775549006 0.3071
-7.07804315439842 0.307
-7.0781245796379 0.3069
-7.07818421962194 0.3068
-7.07823649205415 0.3067
-7.07828530525272 0.3066
-7.0783014445343 0.3065
-7.07830683515827 0.3064
-7.07829931501041 0.3063
-7.07829356505072 0.3062
-7.07827174652125 0.3061
-7.07824330264242 0.306
-7.0781843800524 0.3059
-7.07810466115977 0.3058
-7.07800364818413 0.3057
-7.07787411535857 0.3056
-7.07772992626699 0.3055
-7.07758420416708 0.3054
-7.07743177994966 0.3053
-7.07729047481639 0.3052
-7.07714063588441 0.3051
-7.07700907197805 0.305
-7.076872803536 0.3049
-7.07673583581088 0.3048
-7.07660047005467 0.3047
-7.07648239134168 0.3046
-7.0763603266638 0.3045
-7.07624243474981 0.3044
-7.0761418726406 0.3043
-7.07605493970992 0.3042
-7.07597138040267 0.3041
-7.0759054845223 0.304
-7.0758501346193 0.3039
-7.07581439873128 0.3038
-7.07577063855388 0.3037
-7.07573355089885 0.3036
-7.0757083759027 0.3035
-7.07569835007948 0.3034
-7.07570064157129 0.3033
-7.07568973859044 0.3032
-7.07566551691143 0.3031
-7.0756488752833 0.303
-7.07561989746077 0.3029
-7.07559981641082 0.3028
-7.07556744012951 0.3027
-7.07555185137408 0.3026
-7.07552554106328 0.3025
-7.07549204333432 0.3024
-7.07546786271889 0.3023
-7.07542780473568 0.3022
-7.07540955873257 0.3021
-7.07540948321004 0.302
-7.07542054307635 0.3019
-7.07541827199597 0.3018
-7.07542570182254 0.3017
-7.0754382299893 0.3016
-7.07545419827288 0.3015
-7.07548450326084 0.3014
-7.07551493866498 0.3013
-7.07556748520507 0.3012
-7.07563533350527 0.3011
-7.07571688774583 0.301
-7.07581080122561 0.3009
-7.07593490323646 0.3008
-7.07608076229224 0.3007
-7.07623777494514 0.3006
-7.07641225564198 0.3005
-7.0766014432228 0.3004
-7.07678610083619 0.3003
-7.07696529747318 0.3002
-7.07713774063882 0.3001
-7.07730537105689 0.3
-7.07745453239229 0.2999
-7.07758910237134 0.2998
-7.07770323294696 0.2997
-7.07779121132815 0.2996
-7.07787422198949 0.2995
-7.07794381868881 0.2994
-7.07798711489792 0.2993
-7.07800238709738 0.2992
-7.07800484953951 0.2991
-7.07799182690511 0.299
-7.07798183366061 0.2989
-7.07795769896241 0.2988
-7.07793467251534 0.2987
-7.07789992794124 0.2986
-7.07784840538278 0.2985
-7.07780104008064 0.2984
-7.07774802688356 0.2983
-7.07770254421884 0.2982
-7.07766914870146 0.2981
-7.0776394751176 0.298
-7.07761668886782 0.2979
-7.07759498559319 0.2978
-7.07757951544069 0.2977
-7.07758190998709 0.2976
-7.07759079851958 0.2975
-7.07760307672866 0.2974
-7.07761819622786 0.2973
-7.07762339838169 0.2972
-7.07761408499919 0.2971
-7.0775866573543 0.297
-7.07754990148939 0.2969
-7.07751072798698 0.2968
-7.07746521814343 0.2967
-7.07740844261738 0.2966
-7.07734644929273 0.2965
-7.0772664402099 0.2964
-7.07717012794844 0.2963
-7.07706530949838 0.2962
-7.07696300539437 0.2961
-7.07686137499705 0.296
-7.07674278141907 0.2959
-7.076627551337 0.2958
-7.07652863884909 0.2957
-7.07644342657917 0.2956
-7.07636752894411 0.2955
-7.07630565708675 0.2954
-7.07626681213013 0.2953
-7.07623404510653 0.2952
-7.07622350710891 0.2951
-7.07623771862226 0.295
-7.07625597566431 0.2949
-7.0762671085217 0.2948
-7.07628531158362 0.2947
-7.07632766009169 0.2946
-7.07638848536198 0.2945
-7.07647396400508 0.2944
-7.07658222909209 0.2943
-7.0766939241176 0.2942
-7.07683370597098 0.2941
-7.07698853643001 0.294
-7.07715701698855 0.2939
-7.07733013753229 0.2938
-7.07751061879936 0.2937
-7.07769097179488 0.2936
-7.07787116031572 0.2935
-7.078030341901 0.2934
-7.07817059116604 0.2933
-7.07828252173639 0.2932
-7.07837095081962 0.2931
-7.07843874427191 0.293
-7.07850083597704 0.2929
-7.07855251085888 0.2928
-7.07859151222445 0.2927
-7.07860117755071 0.2926
-7.078578856368 0.2925
-7.07855532207209 0.2924
-7.07851883552866 0.2923
-7.07848876341493 0.2922
-7.07843915220353 0.2921
-7.0783756308595 0.292
-7.07830908625115 0.2919
-7.07822591728281 0.2918
-7.0781359736351 0.2917
-7.07804472507719 0.2916
-7.07796620090437 0.2915
-7.07788788314203 0.2914
-7.07779642179475 0.2913
-7.07769438008066 0.2912
-7.07759079857216 0.2911
-7.07749159055087 0.291
-7.07739769638427 0.2909
-7.07732819221483 0.2908
-7.07726035247742 0.2907
-7.07719530590114 0.2906
-7.07714309137537 0.2905
-7.0770950942655 0.2904
-7.07705852557121 0.2903
-7.07703623574745 0.2902
-7.07701467808991 0.2901
-7.07699975869662 0.29
-7.07699489298148 0.2899
-7.07699515259271 0.2898
-7.07699357987088 0.2897
-7.07699142321396 0.2896
-7.07700847656494 0.2895
-7.07702317170053 0.2894
-7.07702627362237 0.2893
-7.07702480427194 0.2892
-7.07700814158398 0.2891
-7.07701783302014 0.289
-7.07701791164083 0.2889
-7.07700161517462 0.2888
-7.07696967373992 0.2887
-7.07693236094905 0.2886
-7.07688361693996 0.2885
-7.07685535914887 0.2884
-7.07682361507263 0.2883
-7.07679597079845 0.2882
-7.07678090968188 0.2881
-7.07676716931716 0.288
-7.07678212998532 0.2879
-7.07680652979462 0.2878
-7.07685341540585 0.2877
-7.07692819335591 0.2876
-7.07701962185783 0.2875
-7.07712684144844 0.2874
-7.07723021922882 0.2873
-7.07734467338461 0.2872
-7.07746545153711 0.2871
-7.07760941597709 0.287
-7.07774786661606 0.2869
-7.07789498889447 0.2868
-7.07805118126037 0.2867
-7.07821500481457 0.2866
-7.07838908474987 0.2865
-7.07855789888567 0.2864
-7.07871919497376 0.2863
-7.07886718381836 0.2862
-7.0790247026075 0.2861
-7.07917476427746 0.286
-7.0793031764411 0.2859
-7.07942396994587 0.2858
-7.0795368003769 0.2857
-7.07964993311032 0.2856
-7.07977518525794 0.2855
-7.07990062186254 0.2854
-7.08001925394334 0.2853
-7.08013052905624 0.2852
-7.08023334282801 0.2851
-7.08031333236203 0.285
-7.08037008411184 0.2849
-7.08041044754252 0.2848
-7.08044780930427 0.2847
-7.08047842113259 0.2846
-7.08051083258691 0.2845
-7.08053349282212 0.2844
-7.08055250415816 0.2843
-7.08056229423648 0.2842
-7.08054839441959 0.2841
-7.08051603487692 0.284
-7.08047429546436 0.2839
-7.08042208209733 0.2838
-7.08035589458133 0.2837
-7.08027933687179 0.2836
-7.08020080576438 0.2835
-7.0801165866122 0.2834
-7.08004117879154 0.2833
-7.07994376119898 0.2832
-7.07985566564742 0.2831
-7.07975890220039 0.283
-7.07967318863751 0.2829
-7.07956676094048 0.2828
-7.07948334147874 0.2827
-7.07941161421428 0.2826
-7.07936572424252 0.2825
-7.0793226830413 0.2824
-7.07928374338554 0.2823
-7.0792682402301 0.2822
-7.07926899903252 0.2821
-7.07927981721754 0.282
-7.07929874518142 0.2819
-7.07933863300896 0.2818
-7.07937818764352 0.2817
-7.07941200502678 0.2816
-7.07944093939117 0.2815
-7.07946245849449 0.2814
-7.07948903866686 0.2813
-7.07951434874531 0.2812
-7.07952921146055 0.2811
-7.07952018701203 0.281
-7.07949409446298 0.2809
-7.07944479485997 0.2808
-7.07939004308074 0.2807
-7.07933415870153 0.2806
-7.07926142036735 0.2805
-7.07914855029493 0.2804
-7.07902592480863 0.2803
-7.07888921654651 0.2802
-7.07874774831851 0.2801
-7.07861223413818 0.28
-7.0784906803546 0.2799
-7.07836139283613 0.2798
-7.0782495625378 0.2797
-7.07815022159692 0.2796
-7.07805536556675 0.2795
-7.07796501042429 0.2794
-7.07788670559011 0.2793
-7.07782996113566 0.2792
-7.07779220920573 0.2791
-7.07777467480508 0.279
-7.07778301529587 0.2789
-7.07778210036492 0.2788
-7.0777842148916 0.2787
-7.07780056195322 0.2786
-7.0778152698502 0.2785
-7.07781971968764 0.2784
-7.07785044516705 0.2783
-7.07791146925461 0.2782
-7.07797826486641 0.2781
-7.07804732823838 0.278
-7.07811832299835 0.2779
-7.07819216591407 0.2778
-7.07825746886703 0.2777
-7.07832409230725 0.2776
-7.07838961226679 0.2775
-7.07845981472608 0.2774
-7.07853049868442 0.2773
-7.07860721860336 0.2772
-7.0786732430382 0.2771
-7.07873125349343 0.277
-7.07880584701187 0.2769
-7.0789083179626 0.2768
-7.07900815868987 0.2767
-7.07909859009947 0.2766
-7.07920691653987 0.2765
-7.07932391904096 0.2764
-7.07945345295678 0.2763
-7.07959137028204 0.2762
-7.07973079458946 0.2761
-7.07987734087331 0.276
-7.08003573282577 0.2759
-7.08020016658849 0.2758
-7.08036451123729 0.2757
-7.0805232952244 0.2756
-7.08070022722852 0.2755
-7.08088380905294 0.2754
-7.08107488417463 0.2753
-7.08126052494282 0.2752
-7.08143689867221 0.2751
-7.08161580441645 0.275
-7.08179632015721 0.2749
-7.08195360954319 0.2748
-7.08212289471538 0.2747
-7.08227844765411 0.2746
-7.0824298595842 0.2745
-7.08255725869609 0.2744
-7.08265799629713 0.2743
-7.08274013006982 0.2742
-7.08281326162051 0.2741
-7.0828721475648 0.274
-7.08291789654724 0.2739
-7.08295388506185 0.2738
-7.0829912992975 0.2737
-7.08299889058775 0.2736
-7.08299719688936 0.2735
-7.08298861280098 0.2734
-7.08298684409832 0.2733
-7.08296740343076 0.2732
-7.0829350197995 0.2731
-7.08289798466366 0.273
-7.08285829775665 0.2729
-7.08279790653773 0.2728
-7.08271194184396 0.2727
-7.08259445283473 0.2726
-7.08246357508242 0.2725
-7.0823193290273 0.2724
-7.08217918050876 0.2723
-7.08202485085738 0.2722
-7.08186414452945 0.2721
-7.08171153813426 0.272
-7.08155801243723 0.2719
-7.08141237028611 0.2718
-7.08127116920987 0.2717
-7.08114527774545 0.2716
-7.0810288336813 0.2715
-7.08095049439407 0.2714
-7.08088685366583 0.2713
-7.08083740251561 0.2712
-7.08080257649338 0.2711
-7.08077423442624 0.271
-7.08075734561986 0.2709
-7.08077881118333 0.2708
-7.0808324824304 0.2707
-7.08090869195575 0.2706
-7.08099800617212 0.2705
-7.08108907425395 0.2704
-7.08120372515317 0.2703
-7.08132651931029 0.2702
-7.08144327771866 0.2701
-7.08158212156227 0.27
-7.08173062730279 0.2699
-7.08188133603248 0.2698
-7.08201723779373 0.2697
-7.08213432814679 0.2696
-7.08225118739758 0.2695
-7.08236844415958 0.2694
-7.08246979756981 0.2693
-7.08257561804184 0.2692
-7.08268333027884 0.2691
-7.08278490937024 0.269
-7.08290182650504 0.2689
-7.08302343835865 0.2688
-7.08317379868153 0.2687
-7.08332403103188 0.2686
-7.08348096403629 0.2685
-7.08362990375039 0.2684
-7.08377426858106 0.2683
-7.08391690306845 0.2682
-7.08405490338741 0.2681
-7.08418173515812 0.268
-7.08430131500084 0.2679
-7.08442232958006 0.2678
-7.0845319745198 0.2677
-7.08462108498068 0.2676
-7.08469776118717 0.2675
-7.08475624450906 0.2674
-7.08479635970751 0.2673
-7.08480898467291 0.2672
-7.08481179306812 0.2671
-7.08479257038403 0.267
-7.08472872926677 0.2669
-7.08462213326972 0.2668
-7.08452352502103 0.2667
-7.08442258565639 0.2666
-7.08431357189987 0.2665
-7.08419258104157 0.2664
-7.08407348512572 0.2663
-7.08393850762375 0.2662
-7.08381658148475 0.2661
-7.08370571779904 0.266
-7.08360981391326 0.2659
-7.08352072173194 0.2658
-7.0834448396721 0.2657
-7.083376556716 0.2656
-7.08333348108454 0.2655
-7.08330418190172 0.2654
-7.08329695763167 0.2653
-7.08332203396994 0.2652
-7.08336220689168 0.2651
-7.08343907227697 0.265
-7.08351241996037 0.2649
-7.08359899033407 0.2648
-7.08368645059192 0.2647
-7.08377739377779 0.2646
-7.08387604989174 0.2645
-7.08396711072145 0.2644
-7.08404894690793 0.2643
-7.08412770105257 0.2642
-7.08420296217176 0.2641
-7.08427892168867 0.264
-7.08435871511732 0.2639
-7.08445498340474 0.2638
-7.08454614301318 0.2637
-7.08464207805693 0.2636
-7.08472921550172 0.2635
-7.08480221762608 0.2634
-7.0848681687663 0.2633
-7.08492638241285 0.2632
-7.08494414759549 0.2631
-7.08494753645992 0.263
-7.08495556501234 0.2629
-7.08494345530063 0.2628
-7.08490327172607 0.2627
-7.08484322851684 0.2626
-7.08475491402463 0.2625
-7.08467351793542 0.2624
-7.08458982142877 0.2623
-7.08452521417119 0.2622
-7.08443717973425 0.2621
-7.0843393582629 0.262
-7.08422854731881 0.2619
-7.08411758658645 0.2618
-7.08400094187471 0.2617
-7.08388922379493 0.2616
-7.08376870813518 0.2615
-7.08365217029971 0.2614
-7.08353279174808 0.2613
-7.08342775650151 0.2612
-7.0833204148688 0.2611
-7.08324183521509 0.261
-7.08316484429631 0.2609
-7.08310222418742 0.2608
-7.0830510490911 0.2607
-7.08301600344967 0.2606
-7.08298727916564 0.2605
-7.08295136802803 0.2604
-7.08292189860392 0.2603
-7.08292047543686 0.2602
-7.08294063081402 0.2601
-7.08297766372893 0.26
-7.08303072404217 0.2599
-7.08309871436009 0.2598
-7.0831947243167 0.2597
-7.08330855987164 0.2596
-7.08343305975357 0.2595
-7.0835724465485 0.2594
-7.08372332121658 0.2593
-7.0838645856514 0.2592
-7.08399768376347 0.2591
-7.08413593005165 0.259
-7.08425435132383 0.2589
-7.08436700906738 0.2588
-7.08445901340907 0.2587
-7.0845434383348 0.2586
-7.0846183133267 0.2585
-7.08468956710966 0.2584
-7.08474123652701 0.2583
-7.08478586012518 0.2582
-7.08482402456424 0.2581
-7.08485622503915 0.258
-7.08486093324866 0.2579
-7.08484667336678 0.2578
-7.08483282875253 0.2577
-7.0848124367029 0.2576
-7.0847921304187 0.2575
-7.08474891286919 0.2574
-7.0846870679558 0.2573
-7.08464111180233 0.2572
-7.08458298890801 0.2571
-7.08453119702479 0.257
-7.08446650750894 0.2569
-7.08440500048902 0.2568
-7.08434470051427 0.2567
-7.08428092839378 0.2566
-7.08421995357775 0.2565
-7.08417179753845 0.2564
-7.08413157595914 0.2563
-7.08411681953761 0.2562
-7.08412206947739 0.2561
-7.08414187865804 0.256
-7.08417442528252 0.2559
-7.08423040184361 0.2558
-7.08430595986501 0.2557
-7.08439135641904 0.2556
-7.08448178618953 0.2555
-7.08459641163431 0.2554
-7.08472087567641 0.2553
-7.08485292023245 0.2552
-7.08497548982254 0.2551
-7.08508466038681 0.255
-7.08518749570931 0.2549
-7.08531447392739 0.2548
-7.08543960131525 0.2547
-7.0855426263888 0.2546
-7.08563314103467 0.2545
-7.08572837535688 0.2544
-7.08582775373505 0.2543
-7.08592515066376 0.2542
-7.08601104914317 0.2541
-7.08607591887804 0.254
-7.08614204304971 0.2539
-7.08621390676139 0.2538
-7.08628861633101 0.2537
-7.08634030611593 0.2536
-7.08637391370139 0.2535
-7.08637328246922 0.2534
-7.08637126818315 0.2533
-7.08636593256976 0.2532
-7.08635966653766 0.2531
-7.08634822966542 0.253
-7.08631056302125 0.2529
-7.08626277536789 0.2528
-7.08621105255202 0.2527
-7.08614398179365 0.2526
-7.08604970217926 0.2525
-7.08593392518331 0.2524
-7.085841057402 0.2523
-7.08574393105805 0.2522
-7.08564734872763 0.2521
-7.08558817512137 0.252
-7.08552416721155 0.2519
-7.08546937559774 0.2518
-7.08544398244678 0.2517
-7.08544369310524 0.2516
-7.08547706200746 0.2515
-7.08551668116589 0.2514
-7.08556798707744 0.2513
-7.08561113129644 0.2512
-7.0856426358886 0.2511
-7.08566631880788 0.251
-7.08569742686781 0.2509
-7.0857262734733 0.2508
-7.08577713881843 0.2507
-7.08581921814334 0.2506
-7.08588229075975 0.2505
-7.08592513793894 0.2504
-7.08596515794417 0.2503
-7.08601013142511 0.2502
-7.08604084949591 0.2501
-7.0860655862775 0.25
-7.08607678377649 0.2499
-7.08609162430187 0.2498
-7.08610447438569 0.2497
-7.08611713836464 0.2496
-7.08614289683502 0.2495
-7.08615475809529 0.2494
-7.08618832945555 0.2493
-7.08623852700773 0.2492
-7.08628553757265 0.2491
-7.08634526298852 0.249
-7.08640183225068 0.2489
-7.08645468836759 0.2488
-7.08649781876078 0.2487
-7.08653890451329 0.2486
-7.08656833089299 0.2485
-7.08659700243462 0.2484
-7.086616146282 0.2483
-7.08663010853795 0.2482
-7.08663293927595 0.2481
-7.08665860980529 0.248
-7.08667391737728 0.2479
-7.08667654607133 0.2478
-7.08668074069041 0.2477
-7.08666806503493 0.2476
-7.08667103560407 0.2475
-7.08668338450594 0.2474
-7.08668359561465 0.2473
-7.0866915994496 0.2472
-7.08670180305112 0.2471
-7.08670569090548 0.247
-7.08670584203701 0.2469
-7.08668285646344 0.2468
-7.08667439497429 0.2467
-7.08666047112437 0.2466
-7.08663196010777 0.2465
-7.08659120068034 0.2464
-7.08656192960678 0.2463
-7.08652896035401 0.2462
-7.08648818080768 0.2461
-7.08643433050497 0.246
-7.08638349334809 0.2459
-7.08632281186388 0.2458
-7.08626380259344 0.2457
-7.08622010796604 0.2456
-7.08619503192024 0.2455
-7.08615324014073 0.2454
-7.08610543217278 0.2453
-7.08605682942597 0.2452
-7.08601351586804 0.2451
-7.08596885582006 0.245
-7.08589974257338 0.2449
-7.0858210324199 0.2448
-7.0857624778491 0.2447
-7.08572885117392 0.2446
-7.08569266959692 0.2445
-7.08566803699571 0.2444
-7.08565068931826 0.2443
-7.08564763975418 0.2442
-7.08566269142473 0.2441
-7.0856825523646 0.244
-7.08569414751308 0.2439
-7.08571263454229 0.2438
-7.08573531030279 0.2437
-7.08575146636652 0.2436
-7.08577297105417 0.2435
-7.08580611418786 0.2434
-7.08585148928132 0.2433
-7.0858873136657 0.2432
-7.08592574615519 0.2431
-7.08595329546928 0.243
-7.08598426014793 0.2429
-7.08603634227187 0.2428
-7.08608378507218 0.2427
-7.08613829234173 0.2426
-7.08618607050063 0.2425
-7.08624565189974 0.2424
-7.08630444966575 0.2423
-7.08634576095248 0.2422
-7.08637478467003 0.2421
-7.0863866397192 0.242
-7.08638427988138 0.2419
-7.08637055992226 0.2418
-7.0863516959395 0.2417
-7.08633190866684 0.2416
-7.08631660376767 0.2415
-7.08629572008474 0.2414
-7.08627664699984 0.2413
-7.08624507439988 0.2412
-7.0862103157727 0.2411
-7.08619813956363 0.241
-7.08619314606741 0.2409
-7.08618138772116 0.2408
-7.08617229351909 0.2407
-7.08616100011006 0.2406
-7.08613980498576 0.2405
-7.08611973532619 0.2404
-7.08610575012762 0.2403
-7.08608440458664 0.2402
-7.08605482930317 0.2401
-7.08603503968569 0.24
-7.08603774582733 0.2399
-7.08604261286614 0.2398
-7.08604550628107 0.2397
-7.08606071956897 0.2396
-7.086088744002 0.2395
-7.08613121762223 0.2394
-7.08618686266124 0.2393
-7.08623480664355 0.2392
-7.08627402139665 0.2391
-7.08631477953807 0.239
-7.08634025423877 0.2389
-7.08636984839 0.2388
-7.08639810623319 0.2387
-7.08641323039083 0.2386
-7.08641121558694 0.2385
-7.08640004626715 0.2384
-7.08638025063099 0.2383
-7.08635960040777 0.2382
-7.08633587536548 0.2381
-7.08632498893218 0.238
-7.08630247270474 0.2379
-7.08628842813468 0.2378
-7.08628528773459 0.2377
-7.08627203291648 0.2376
-7.086260694526 0.2375
-7.08625229433776 0.2374
-7.08624038341351 0.2373
-7.08624560132262 0.2372
-7.08626389124095 0.2371
-7.08627698296003 0.237
-7.0862778263483 0.2369
-7.08629163948794 0.2368
-7.08631284369453 0.2367
-7.08635256380856 0.2366
-7.08639893259559 0.2365
-7.08646089587882 0.2364
-7.0865133658369 0.2363
-7.08657411651204 0.2362
-7.08661929912438 0.2361
-7.0866496977961 0.236
-7.08668539707478 0.2359
-7.08669818648934 0.2358
-7.086728313791 0.2357
-7.08676449353085 0.2356
-7.08679884588855 0.2355
-7.0868170105001 0.2354
-7.08683732204157 0.2353
-7.08685649453799 0.2352
-7.08685454583786 0.2351
-7.08683465344674 0.235
-7.0868198848052 0.2349
-7.08680354660418 0.2348
-7.08676406863135 0.2347
-7.08669525242596 0.2346
-7.08662033363927 0.2345
-7.08652731222056 0.2344
-7.08642387314243 0.2343
-7.08628476696196 0.2342
-7.08613700194759 0.2341
-7.08597303858665 0.234
-7.08579260479349 0.2339
-7.08561295099995 0.2338
-7.08542298752682 0.2337
-7.08524624674703 0.2336
-7.08506285609129 0.2335
-7.08489898676547 0.2334
-7.08475021569941 0.2333
-7.08461960128015 0.2332
-7.08451154306017 0.2331
-7.08441287663644 0.233
-7.0843365050061 0.2329
-7.0842742255649 0.2328
-7.08421688172328 0.2327
-7.08417059333336 0.2326
-7.0841297754566 0.2325
-7.08410800727227 0.2324
-7.08410059506688 0.2323
-7.08410736181007 0.2322
-7.08411923134638 0.2321
-7.0841458399682 0.232
-7.08418415525226 0.2319
-7.08423832878101 0.2318
-7.08428508177187 0.2317
-7.08432139211554 0.2316
-7.08435380838911 0.2315
-7.08438904005116 0.2314
-7.08441973882758 0.2313
-7.08444890230651 0.2312
-7.08449708773742 0.2311
-7.08453176427096 0.231
-7.08456565252355 0.2309
-7.08458600994164 0.2308
-7.08461341268391 0.2307
-7.08464658593514 0.2306
-7.08468995515347 0.2305
-7.08474848217365 0.2304
-7.08482123916624 0.2303
-7.08490450108958 0.2302
-7.08501291846654 0.2301
-7.08512947986058 0.23
-7.08524332017872 0.2299
-7.08537078671812 0.2298
-7.08551279616096 0.2297
-7.08567382779176 0.2296
-7.08584477093245 0.2295
-7.08601396099283 0.2294
-7.08618754016388 0.2293
-7.08634130115565 0.2292
-7.08649996114734 0.2291
-7.08666888002646 0.229
-7.08680951572198 0.2289
-7.08693042820919 0.2288
-7.08705053266389 0.2287
-7.08716791218262 0.2286
-7.08726485874504 0.2285
-7.08736650147177 0.2284
-7.08746006614473 0.2283
-7.08753260846597 0.2282
-7.08759294676697 0.2281
-7.0876585009112 0.228
-7.08771260078711 0.2279
-7.08777367945672 0.2278
-7.08782601675934 0.2277
-7.08788462247576 0.2276
-7.08794639817518 0.2275
-7.08799456398008 0.2274
-7.0880288736182 0.2273
-7.08804781727551 0.2272
-7.0880687576254 0.2271
-7.08809728500791 0.227
-7.08813511324076 0.2269
-7.08817474769232 0.2268
-7.08821192527207 0.2267
-7.08824990237348 0.2266
-7.08828284660848 0.2265
-7.08831785373698 0.2264
-7.08834789840025 0.2263
-7.08837996409796 0.2262
-7.0884038363991 0.2261
-7.08842017256906 0.226
-7.08841731497063 0.2259
-7.08841785706177 0.2258
-7.08844202693493 0.2257
-7.0884733008267 0.2256
-7.0885075415003 0.2255
-7.08854332290814 0.2254
-7.08857888268788 0.2253
-7.08860040309225 0.2252
-7.08861502723496 0.2251
-7.08862967272135 0.225
-7.08865462973334 0.2249
-7.08868777400455 0.2248
-7.08870443078568 0.2247
-7.08871478321527 0.2246
-7.08871747873243 0.2245
-7.08871742895263 0.2244
-7.08872587169729 0.2243
-7.08873712196168 0.2242
-7.08875336062346 0.2241
-7.08877527075354 0.224
-7.0887871925363 0.2239
-7.08879941785116 0.2238
-7.08883722707392 0.2237
-7.08887603509225 0.2236
-7.08892433834369 0.2235
-7.08896071684725 0.2234
-7.08899005821894 0.2233
-7.08903158797592 0.2232
-7.08906078096906 0.2231
-7.08908028805082 0.223
-7.08908833233456 0.2229
-7.08909813353092 0.2228
-7.08911015803714 0.2227
-7.08911235432811 0.2226
-7.08909460783782 0.2225
-7.08907946289817 0.2224
-7.08904555602753 0.2223
-7.08900400413034 0.2222
-7.08895968435217 0.2221
-7.08891129721877 0.222
-7.08883927708649 0.2219
-7.08875612764107 0.2218
-7.0886649689189 0.2217
-7.08856440934959 0.2216
-7.08846707619131 0.2215
-7.08837263579407 0.2214
-7.08829662339355 0.2213
-7.08822703864713 0.2212
-7.08817443919634 0.2211
-7.08811976317934 0.221
-7.08807395462257 0.2209
-7.08801860081442 0.2208
-7.08796528421589 0.2207
-7.08790788638316 0.2206
-7.08784549533086 0.2205
-7.08778389781173 0.2204
-7.08771124677002 0.2203
-7.08764317269914 0.2202
-7.08758758509258 0.2201
-7.08754947084386 0.22
-7.08751356779441 0.2199
-7.08747707149968 0.2198
-7.08746201265913 0.2197
-7.08745649470498 0.2196
-7.0874624481781 0.2195
-7.08746930359776 0.2194
-7.08750110102341 0.2193
-7.0875434941662 0.2192
-7.08759486606181 0.2191
-7.08767221744984 0.219
-7.08774888112212 0.2189
-7.08783254101492 0.2188
-7.0879385294027 0.2187
-7.08805219930066 0.2186
-7.08816784481962 0.2185
-7.08826914345437 0.2184
-7.08835315888841 0.2183
-7.08843163959678 0.2182
-7.08849930856699 0.2181
-7.08856310789488 0.218
-7.08862084387644 0.2179
-7.08866695951109 0.2178
-7.08869731763318 0.2177
-7.08872082410607 0.2176
-7.08874577297047 0.2175
-7.08876971951273 0.2174
-7.08877770646608 0.2173
-7.08878141120864 0.2172
-7.08879312077575 0.2171
-7.08882723194566 0.217
-7.08885583867529 0.2169
-7.08888780938868 0.2168
-7.0889358162779 0.2167
-7.08898232428444 0.2166
-7.0890236750098 0.2165
-7.08905851301883 0.2164
-7.08906970895081 0.2163
-7.08906069464623 0.2162
-7.08902989066171 0.2161
-7.08897779826533 0.216
-7.08892386811678 0.2159
-7.0888504073117 0.2158
-7.08877453513466 0.2157
-7.08869409515705 0.2156
-7.0885997691623 0.2155
-7.08849325466993 0.2154
-7.0883869571297 0.2153
-7.08827905478848 0.2152
-7.08818046469576 0.2151
-7.08810632815483 0.215
-7.08805717182521 0.2149
-7.0879969615273 0.2148
-7.08793909242454 0.2147
-7.08789904867622 0.2146
-7.08788080170329 0.2145
-7.08786956551139 0.2144
-7.08787055062444 0.2143
-7.08788876899626 0.2142
-7.0879258738403 0.2141
-7.08796314882484 0.214
-7.0880204036421 0.2139
-7.08809505762771 0.2138
-7.08817699536705 0.2137
-7.08825270930279 0.2136
-7.0883466564271 0.2135
-7.08845677810636 0.2134
-7.08854652468217 0.2133
-7.08861243365115 0.2132
-7.08866962899757 0.2131
-7.08870732398655 0.213
-7.08873437023242 0.2129
-7.08874545766013 0.2128
-7.08873871914166 0.2127
-7.0887362213587 0.2126
-7.08874355254631 0.2125
-7.08876139914886 0.2124
-7.08878110573528 0.2123
-7.08880021173586 0.2122
-7.08882538035464 0.2121
-7.08883711269671 0.212
-7.08885496082545 0.2119
-7.08886678140796 0.2118
-7.08887150519489 0.2117
-7.08886981841144 0.2116
-7.08887753962859 0.2115
-7.0888977064427 0.2114
-7.08889626947838 0.2113
-7.08889562456536 0.2112
-7.0888898360563 0.2111
-7.08889012324441 0.211
-7.0888851103656 0.2109
-7.08888781460711 0.2108
-7.088895332305 0.2107
-7.08892267793534 0.2106
-7.08896462763184 0.2105
-7.08901761469563 0.2104
-7.08907173332228 0.2103
-7.08914467191985 0.2102
-7.08922403549259 0.2101
-7.08931047677907 0.21
-7.08940590134006 0.2099
-7.08949085862355 0.2098
-7.0895568750405 0.2097
-7.08960383100279 0.2096
-7.08964774328064 0.2095
-7.08968588963969 0.2094
-7.0897067625798 0.2093
-7.08973885160977 0.2092
-7.08976813216238 0.2091
-7.08978596937886 0.209
-7.08980766783399 0.2089
-7.08982604791013 0.2088
-7.08984423962762 0.2087
-7.08987140993471 0.2086
-7.08990956930623 0.2085
-7.0899514033315 0.2084
-7.08998154514421 0.2083
-7.09001581976621 0.2082
-7.09003537469511 0.2081
-7.09006154641954 0.208
-7.09008134874674 0.2079
-7.09008729345886 0.2078
-7.0900970804598 0.2077
-7.09010392658841 0.2076
-7.09012140929048 0.2075
-7.09013343959531 0.2074
-7.09012849307661 0.2073
-7.0901099826956 0.2072
-7.09009226666048 0.2071
-7.09007435192605 0.207
-7.09007486400032 0.2069
-7.09006774476894 0.2068
-7.09004268804171 0.2067
-7.09001689740198 0.2066
-7.09000722095126 0.2065
-7.08999337288648 0.2064
-7.08998090835043 0.2063
-7.08996188281115 0.2062
-7.08995334639534 0.2061
-7.0899498715115 0.206
-7.08995459444895 0.2059
-7.08997643082061 0.2058
-7.089981588238 0.2057
-7.08997712312935 0.2056
-7.08997789197282 0.2055
-7.0899794001666 0.2054
-7.08998505509875 0.2053
-7.08999752996584 0.2052
-7.09000748121888 0.2051
-7.09001297499527 0.205
-7.09001184089392 0.2049
-7.09001708761654 0.2048
-7.09001109398046 0.2047
-7.09001292576675 0.2046
-7.0900036216914 0.2045
-7.08998052574822 0.2044
-7.08997561968829 0.2043
-7.08997185751796 0.2042
-7.08997091368549 0.2041
-7.08997761505614 0.204
-7.08998470031291 0.2039
-7.08999794222303 0.2038
-7.09001017188903 0.2037
-7.09001817246709 0.2036
-7.09003002541849 0.2035
-7.09003390332934 0.2034
-7.09003375167624 0.2033
-7.09003215489066 0.2032
-7.09000850824764 0.2031
-7.08997439832838 0.203
-7.08992952686509 0.2029
-7.08987431582184 0.2028
-7.08981813336734 0.2027
-7.08976681384548 0.2026
-7.08971754584822 0.2025
-7.08967277983541 0.2024
-7.08962877655265 0.2023
-7.08958161680962 0.2022
-7.08953596426193 0.2021
-7.08950919387304 0.202
-7.08948224886908 0.2019
-7.08947778621929 0.2018
-7.08949088361523 0.2017
-7.08952896292282 0.2016
-7.08958330236874 0.2015
-7.08966900952954 0.2014
-7.08976126470892 0.2013
-7.08985844449198 0.2012
-7.089951550027 0.2011
-7.09004651021472 0.201
-7.09015104267417 0.2009
-7.0902760920549 0.2008
-7.09039552808107 0.2007
-7.09051800027964 0.2006
-7.09062626122745 0.2005
-7.09074466475342 0.2004
-7.09086701465045 0.2003
-7.09098506484564 0.2002
-7.09109590958124 0.2001
-7.09118959652952 0.2
-7.09127271310373 0.1999
-7.09133918873562 0.1998
-7.09139975890032 0.1997
-7.09145798657203 0.1996
-7.09149130653226 0.1995
-7.09150934051252 0.1994
-7.0915049257342 0.1993
-7.091485219096 0.1992
-7.09146044604459 0.1991
-7.09143378556616 0.199
-7.09139272213213 0.1989
-7.09134760533318 0.1988
-7.09129479789095 0.1987
-7.0912250612251 0.1986
-7.09114730575342 0.1985
-7.09107164994049 0.1984
-7.09100343693256 0.1983
-7.0909518527993 0.1982
-7.09091933639749 0.1981
-7.09088467259425 0.198
-7.09085172093322 0.1979
-7.09080807172703 0.1978
-7.09077602900978 0.1977
-7.09073895802716 0.1976
-7.09068728851157 0.1975
-7.090643823426 0.1974
-7.0906213975283 0.1973
-7.09060978331167 0.1972
-7.09059151996818 0.1971
-7.0905660543013 0.197
-7.09053672047064 0.1969
-7.09051068462074 0.1968
-7.09048696767444 0.1967
-7.09047934818398 0.1966
-7.09047703667942 0.1965
-7.09047518989676 0.1964
-7.09047438634239 0.1963
-7.09047603864515 0.1962
-7.09049363861298 0.1961
-7.0905179160782 0.196
-7.09055155798221 0.1959
-7.09058840857916 0.1958
-7.09063360843659 0.1957
-7.09066991042663 0.1956
-7.09069919077614 0.1955
-7.09073132703297 0.1954
-7.09077896691487 0.1953
-7.09082155570289 0.1952
-7.0908711581892 0.1951
-7.09092590287804 0.195
-7.09095999978737 0.1949
-7.09100488184891 0.1948
-7.09105886735206 0.1947
-7.0911169637758 0.1946
-7.09118956681223 0.1945
-7.09125327685442 0.1944
-7.09131261147047 0.1943
-7.09136107427073 0.1942
-7.09139452175596 0.1941
-7.09142839015763 0.194
-7.09145695679936 0.1939
-7.09148528953155 0.1938
-7.09151636285792 0.1937
-7.09155091355469 0.1936
-7.09155058817134 0.1935
-7.09152730260279 0.1934
-7.09150274221831 0.1933
-7.09146320801054 0.1932
-7.09141469417211 0.1931
-7.09136345254201 0.193
-7.0913044193061 0.1929
-7.09123127417944 0.1928
-7.0911368975722 0.1927
-7.09106748282943 0.1926
-7.09100829651958 0.1925
-7.09096383483164 0.1924
-7.09092948257026 0.1923
-7.09091077557406 0.1922
-7.09090555355897 0.1921
-7.09090376754893 0.192
-7.09091276414513 0.1919
-7.09090958452159 0.1918
-7.09092136003375 0.1917
-7.09091898915568 0.1916
-7.09090657386757 0.1915
-7.09090316189825 0.1914
-7.09090837034458 0.1913
-7.09090716212259 0.1912
-7.09092706179126 0.1911
-7.09093253696228 0.191
-7.09092951207407 0.1909
-7.09094073720874 0.1908
-7.09095840671829 0.1907
-7.09097080467117 0.1906
-7.09098589225966 0.1905
-7.09098388553389 0.1904
-7.09098297738325 0.1903
-7.09099439609845 0.1902
-7.09099491508603 0.1901
-7.09100254451107 0.19
-7.09102826533565 0.1899
-7.09103305574606 0.1898
-7.09102340422783 0.1897
-7.09101347135032 0.1896
-7.09098719558547 0.1895
-7.09098321132607 0.1894
-7.09098601063233 0.1893
-7.09099657867923 0.1892
-7.09098990109053 0.1891
-7.09098585532119 0.189
-7.09099044384194 0.1889
-7.09100168071079 0.1888
-7.09102145333779 0.1887
-7.09104608786822 0.1886
-7.09106281722381 0.1885
-7.09108214357504 0.1884
-7.09109546451492 0.1883
-7.09110000795445 0.1882
-7.0911159067895 0.1881
-7.09113883083268 0.188
-7.09117132930768 0.1879
-7.09122118845964 0.1878
-7.09127524619832 0.1877
-7.09134322251014 0.1876
-7.09142010154653 0.1875
-7.09150636674635 0.1874
-7.0915807302543 0.1873
-7.09165873060651 0.1872
-7.09173374798603 0.1871
-7.09180877778814 0.187
-7.09188756893168 0.1869
-7.09195655615516 0.1868
-7.092021126613 0.1867
-7.09208793413677 0.1866
-7.09213722207714 0.1865
-7.09217550460505 0.1864
-7.09221292830217 0.1863
-7.09222432920713 0.1862
-7.09220909240444 0.1861
-7.09217794416314 0.186
-7.092121730521 0.1859
-7.0920456117229 0.1858
-7.09197280286975 0.1857
-7.09190428028743 0.1856
-7.0918242354242 0.1855
-7.09172872871215 0.1854
-7.09161954273142 0.1853
-7.09152342597075 0.1852
-7.09142221637921 0.1851
-7.09131770875835 0.185
-7.09120097671806 0.1849
-7.0910723304838 0.1848
-7.09095946519777 0.1847
-7.09085458252592 0.1846
-7.09077266894988 0.1845
-7.09070696925097 0.1844
-7.0906596776157 0.1843
-7.09062782134924 0.1842
-7.09061117563964 0.1841
-7.09060460265948 0.184
-7.0906071741134 0.1839
-7.09062948327747 0.1838
-7.09067302801255 0.1837
-7.09072976769809 0.1836
-7.09080233314109 0.1835
-7.0908966124359 0.1834
-7.09096959254433 0.1833
-7.09105867696578 0.1832
-7.09114846278651 0.1831
-7.09123383286657 0.183
-7.09132009555139 0.1829
-7.09141043503537 0.1828
-7.09149144419955 0.1827
-7.0915493838054 0.1826
-7.09160718338696 0.1825
-7.09164512189206 0.1824
-7.09167153501576 0.1823
-7.09168680363063 0.1822
-7.09168587586514 0.1821
-7.09168050076092 0.182
-7.09166568919396 0.1819
-7.09164145155955 0.1818
-7.09160817777949 0.1817
-7.09156665665404 0.1816
-7.09152353837054 0.1815
-7.09147842705304 0.1814
-7.09143683876551 0.1813
-7.09138560562808 0.1812
-7.09134450871869 0.1811
-7.09130509809676 0.181
-7.09126181932533 0.1809
-7.09124707717217 0.1808
-7.09123178456471 0.1807
-7.09123480844119 0.1806
-7.0912547721793 0.1805
-7.09127990829086 0.1804
-7.09131523534712 0.1803
-7.09136756902681 0.1802
-7.09141744406021 0.1801
-7.09147972521009 0.18
-7.0915435123473 0.1799
-7.09161623937312 0.1798
-7.09169172629676 0.1797
-7.09179127376917 0.1796
-7.09191458088244 0.1795
-7.09204995335444 0.1794
-7.09218972010555 0.1793
-7.09233243815252 0.1792
-7.09249359691501 0.1791
-7.09264142727295 0.179
-7.09277471602537 0.1789
-7.09287901258741 0.1788
-7.09295412156496 0.1787
-7.09301313283233 0.1786
-7.09307073305657 0.1785
-7.09310100963984 0.1784
-7.09312330070591 0.1783
-7.09314597200827 0.1782
-7.09314656305249 0.1781
-7.09312564685145 0.178
-7.09309072471779 0.1779
-7.09304285602714 0.1778
-7.09299312546298 0.1777
-7.09293154523036 0.1776
-7.09287025148887 0.1775
-7.09280123220568 0.1774
-7.09272556993053 0.1773
-7.09264946567673 0.1772
-7.0925922727888 0.1771
-7.09255638549299 0.177
-7.09253698497906 0.1769
-7.09252497552006 0.1768
-7.09252596734901 0.1767
-7.09254145215974 0.1766
-7.09258174925727 0.1765
-7.09263335187965 0.1764
-7.09269626399568 0.1763
-7.09277201337472 0.1762
-7.09286350592914 0.1761
-7.09294469163838 0.176
-7.09301266847552 0.1759
-7.09308873554543 0.1758
-7.09317215593833 0.1757
-7.09324792056794 0.1756
-7.09331875647181 0.1755
-7.09338865000069 0.1754
-7.09345362860197 0.1753
-7.09350593451898 0.1752
-7.09354995802488 0.1751
-7.09359314074745 0.175
-7.09362396903948 0.1749
-7.09365061213035 0.1748
-7.09367192923464 0.1747
-7.09369195665696 0.1746
-7.09370066354216 0.1745
-7.09370309935973 0.1744
-7.09370125227883 0.1743
-7.0937021553216 0.1742
-7.0936898580031 0.1741
-7.09367153644274 0.174
-7.09364629605967 0.1739
-7.09360105223035 0.1738
-7.0935412327422 0.1737
-7.09349280545144 0.1736
-7.09342340877051 0.1735
-7.09336145033284 0.1734
-7.09329535962925 0.1733
-7.09321702203667 0.1732
-7.09312823573337 0.1731
-7.09304466212296 0.173
-7.09297123102936 0.1729
-7.09290498684316 0.1728
-7.09283454201997 0.1727
-7.0927576433226 0.1726
-7.0926847949166 0.1725
-7.09261755219157 0.1724
-7.09255543271211 0.1723
-7.09248412405818 0.1722
-7.09243593820703 0.1721
-7.09239785244596 0.172
-7.09237206216374 0.1719
-7.09236702253097 0.1718
-7.09237873962543 0.1717
-7.09240694074664 0.1716
-7.09243689121382 0.1715
-7.09247590119651 0.1714
-7.09252188697601 0.1713
-7.09256792968376 0.1712
-7.09261825337236 0.1711
-7.09267306111765 0.171
-7.0927332650243 0.1709
-7.09278641699255 0.1708
-7.09281890126925 0.1707
-7.09283679277474 0.1706
-7.09285941023401 0.1705
-7.09285582951401 0.1704
-7.09283659506555 0.1703
-7.0927985813782 0.1702
-7.09273056259178 0.1701
-7.09265191932562 0.17
-7.09255910499926 0.1699
-7.09248123204108 0.1698
-7.09241577263179 0.1697
-7.0923510424439 0.1696
-7.09226712014162 0.1695
-7.09217951270368 0.1694
-7.09209892588772 0.1693
-7.09202708915986 0.1692
-7.09198599159629 0.1691
-7.0919404095769 0.169
-7.09191495939091 0.1689
-7.09189061183647 0.1688
-7.09187105341977 0.1687
-7.09186631627467 0.1686
-7.09188430816704 0.1685
-7.09189572035882 0.1684
-7.09192056500991 0.1683
-7.09195828057294 0.1682
-7.09201211932937 0.1681
-7.09207505107107 0.168
-7.09214351975959 0.1679
-7.09222075715898 0.1678
-7.0923055645313 0.1677
-7.09240407926546 0.1676
-7.09251045539046 0.1675
-7.09262538093265 0.1674
-7.09272381706406 0.1673
-7.09281218182085 0.1672
-7.09289338873123 0.1671
-7.09297638509875 0.167
-7.09303660570848 0.1669
-7.0930974131376 0.1668
-7.0931616234175 0.1667
-7.09321154867838 0.1666
-7.09326191136856 0.1665
-7.09328271360442 0.1664
-7.09329560379712 0.1663
-7.09328023950763 0.1662
-7.09327469984884 0.1661
-7.09325639331486 0.166
-7.09322927532755 0.1659
-7.09320493983427 0.1658
-7.09317670056666 0.1657
-7.09315288617444 0.1656
-7.09313448184271 0.1655
-7.09312037812022 0.1654
-7.09310939800096 0.1653
-7.09309928296813 0.1652
-7.09309481122934 0.1651
-7.09310207048412 0.165
-7.09310738206999 0.1649
-7.09311780252684 0.1648
-7.09312281781559 0.1647
-7.09313225164337 0.1646
-7.09316600263756 0.1645
-7.09320952033754 0.1644
-7.09325516744099 0.1643
-7.09329764955346 0.1642
-7.09333022804496 0.1641
-7.09335799061022 0.164
-7.09336150152403 0.1639
-7.09335263777989 0.1638
-7.0933441123392 0.1637
-7.09332689567176 0.1636
-7.09328741129956 0.1635
-7.09321504044897 0.1634
-7.09313892900833 0.1633
-7.09306144338467 0.1632
-7.09296893539988 0.1631
-7.09287687413952 0.163
-7.09278968737168 0.1629
-7.09271330661828 0.1628
-7.09264328821317 0.1627
-7.09258505683459 0.1626
-7.09253336447177 0.1625
-7.09247749602898 0.1624
-7.0924444814441 0.1623
-7.09241504981994 0.1622
-7.0923952375915 0.1621
-7.09238213370304 0.162
-7.09238966858232 0.1619
-7.09241673661398 0.1618
-7.0924618337311 0.1617
-7.09250506073952 0.1616
-7.09255883237107 0.1615
-7.09261880109767 0.1614
-7.09269321742201 0.1613
-7.09276829392247 0.1612
-7.09284606795592 0.1611
-7.09292340770692 0.161
-7.09300547525216 0.1609
-7.0930923498218 0.1608
-7.09316208203774 0.1607
-7.09322072658761 0.1606
-7.09327019651317 0.1605
-7.09331596578658 0.1604
-7.09335934380925 0.1603
-7.09339743491675 0.1602
-7.09342011091455 0.1601
-7.09343676026808 0.16
-7.09345901106181 0.1599
-7.09347568640223 0.1598
-7.09350150456458 0.1597
-7.09352709217843 0.1596
-7.09356935280076 0.1595
-7.09362783991861 0.1594
-7.09369879450094 0.1593
-7.09378432348276 0.1592
-7.09387920957247 0.1591
-7.09397936264325 0.159
-7.09409865150681 0.1589
-7.09420626931499 0.1588
-7.09431135960883 0.1587
-7.09440914199998 0.1586
-7.09451087386517 0.1585
-7.09462913149378 0.1584
-7.09474655375885 0.1583
-7.09482926041413 0.1582
-7.09489196004867 0.1581
-7.09492870735719 0.158
-7.09494974281115 0.1579
-7.09494126503194 0.1578
-7.09490455132096 0.1577
-7.0948503256321 0.1576
-7.09477218095079 0.1575
-7.0946795125963 0.1574
-7.09456141467898 0.1573
-7.09446194776955 0.1572
-7.09435679491844 0.1571
-7.09426083740018 0.157
-7.09416883999814 0.1569
-7.09406993322481 0.1568
-7.09397424428218 0.1567
-7.09387607971134 0.1566
-7.09378961787109 0.1565
-7.09369672328935 0.1564
-7.09363122997091 0.1563
-7.09359200281533 0.1562
-7.09355499869785 0.1561
-7.09351951674568 0.156
-7.09350695795168 0.1559
-7.09350862123112 0.1558
-7.09351676635239 0.1557
-7.09354058890643 0.1556
-7.09358101903141 0.1555
-7.09362737160697 0.1554
-7.09367172715239 0.1553
-7.09373988996442 0.1552
-7.09379765456583 0.1551
-7.09385892125033 0.155
-7.09389899276963 0.1549
-7.09391330007994 0.1548
-7.09391627472574 0.1547
-7.09393966495769 0.1546
-7.09395351875358 0.1545
-7.09394355058772 0.1544
-7.09393202698611 0.1543
-7.09389345878994 0.1542
-7.09384088910637 0.1541
-7.09378213255175 0.154
-7.09370256942114 0.1539
-7.09362404673722 0.1538
-7.09353253280586 0.1537
-7.09342365551419 0.1536
-7.09330727719288 0.1535
-7.09317721209716 0.1534
-7.0930504506848 0.1533
-7.0929218565262 0.1532
-7.09279786945812 0.1531
-7.09270289348967 0.153
-7.09260683966415 0.1529
-7.09250516627541 0.1528
-7.09241757603521 0.1527
-7.09235490186118 0.1526
-7.09230221779307 0.1525
-7.09228122743262 0.1524
-7.09228003839256 0.1523
-7.09228608803837 0.1522
-7.09232447980642 0.1521
-7.09239140871611 0.152
-7.09247953881269 0.1519
-7.09258299419598 0.1518
-7.09270057295188 0.1517
-7.09282098394021 0.1516
-7.09297018816383 0.1515
-7.09311858657738 0.1514
-7.09327211300138 0.1513
-7.09343994239609 0.1512
-7.0935989033469 0.1511
-7.09374644895815 0.151
-7.09390484788171 0.1509
-7.09405853332651 0.1508
-7.09419782744525 0.1507
-7.09429836016187 0.1506
-7.09438019373431 0.1505
-7.09444102788729 0.1504
-7.09449650258078 0.1503
-7.094551761728 0.1502
-7.09459974376402 0.1501
-7.09463515824023 0.15
-7.09465678938142 0.1499
-7.09468138594339 0.1498
-7.09469714381933 0.1497
-7.09470948621986 0.1496
-7.09470932805974 0.1495
-7.09471312704872 0.1494
-7.09474096854604 0.1493
-7.09476685831224 0.1492
-7.0948122114526 0.1491
-7.09487162896125 0.149
-7.09494782070486 0.1489
-7.09503928430119 0.1488
-7.09514120027489 0.1487
-7.09525450245464 0.1486
-7.09538179250281 0.1485
-7.09553325714236 0.1484
-7.09569671158339 0.1483
-7.09586719853411 0.1482
-7.09602429240378 0.1481
-7.09617231711099 0.148
-7.09629146496942 0.1479
-7.09640696447628 0.1478
-7.09649234426709 0.1477
-7.09655241487173 0.1476
-7.09658660846243 0.1475
-7.09659338607906 0.1474
-7.09656491259117 0.1473
-7.09651765873264 0.1472
-7.09646429076558 0.1471
-7.09641002353454 0.147
-7.0963373534343 0.1469
-7.09625804866706 0.1468
-7.09616891742532 0.1467
-7.09608338372368 0.1466
-7.09599706923251 0.1465
-7.09590397300538 0.1464
-7.09582629609187 0.1463
-7.09576662762505 0.1462
-7.09570319413823 0.1461
-7.09564717572061 0.146
-7.09559976833109 0.1459
-7.09555518688003 0.1458
-7.09552617607571 0.1457
-7.0955011619689 0.1456
-7.09549022225692 0.1455
-7.09550135792187 0.1454
-7.09552853256718 0.1453
-7.0955613921626 0.1452
-7.09559903930659 0.1451
-7.09564353953102 0.145
-7.09571748252502 0.1449
-7.09578269927177 0.1448
-7.09585135239931 0.1447
-7.09590804932982 0.1446
-7.09596209673196 0.1445
-7.09602054223593 0.1444
-7.09607824896079 0.1443
-7.09611499654752 0.1442
-7.09616061407698 0.1441
-7.09617870599767 0.144
-7.09618177667948 0.1439
-7.09616858421123 0.1438
-7.09614303419746 0.1437
-7.09609632218135 0.1436
-7.09602965473701 0.1435
-7.09596774594964 0.1434
-7.09588841396662 0.1433
-7.09580054654777 0.1432
-7.09570327455201 0.1431
-7.09560731475448 0.143
-7.09551566056379 0.1429
-7.09541808715225 0.1428
-7.09531840602817 0.1427
-7.09523365376478 0.1426
-7.0951540082476 0.1425
-7.09508200875862 0.1424
-7.0950136001916 0.1423
-7.09497431537796 0.1422
-7.09495122049692 0.1421
-7.09493524059879 0.142
-7.0949410530804 0.1419
-7.09495723161063 0.1418
-7.09498713805602 0.1417
-7.09502271183723 0.1416
-7.09504721498893 0.1415
-7.09507417024819 0.1414
-7.09511240863193 0.1413
-7.09515052640794 0.1412
-7.09520729429805 0.1411
-7.09525230121758 0.141
-7.09530691884004 0.1409
-7.09536449670834 0.1408
-7.09541740970125 0.1407
-7.09546781596448 0.1406
-7.09552358470479 0.1405
-7.09558194797591 0.1404
-7.09564471893965 0.1403
-7.0957049020854 0.1402
-7.09576681084051 0.1401
-7.09581125970358 0.14
-7.09583360545166 0.1399
-7.09584174642077 0.1398
-7.09583886182291 0.1397
-7.09583360365577 0.1396
-7.09582997666797 0.1395
-7.0958143544246 0.1394
-7.09577640572069 0.1393
-7.09573372811789 0.1392
-7.09568853389296 0.1391
-7.09562753514561 0.139
-7.09556550227453 0.1389
-7.09548849053085 0.1388
-7.09539667587853 0.1387
-7.09530467138496 0.1386
-7.09518671624155 0.1385
-7.09505712625865 0.1384
-7.09491934937332 0.1383
-7.09476451046434 0.1382
-7.09461815215453 0.1381
-7.09445674425932 0.138
-7.09429952902977 0.1379
-7.09413065430652 0.1378
-7.09397737697673 0.1377
-7.09383299853354 0.1376
-7.09374025045408 0.1375
-7.09367738315858 0.1374
-7.09364107649608 0.1373
-7.09363792223175 0.1372
-7.09366787211515 0.1371
-7.09372395826662 0.137
-7.09381898082985 0.1369
-7.09392199628083 0.1368
-7.09403094854556 0.1367
-7.09415942950198 0.1366
-7.09429254472258 0.1365
-7.09442171384953 0.1364
-7.09456103145638 0.1363
-7.09471110490144 0.1362
-7.09487860997107 0.1361
-7.09504807490633 0.136
-7.09520882103746 0.1359
-7.0953641866015 0.1358
-7.0954920156169 0.1357
-7.09558896051016 0.1356
-7.09566177364627 0.1355
-7.09571691394638 0.1354
-7.09576484884785 0.1353
-7.09580060242149 0.1352
-7.09582341615343 0.1351
-7.09583460581323 0.135
-7.09583876348868 0.1349
-7.09584519929686 0.1348
-7.09584364976591 0.1347
-7.09583932892531 0.1346
-7.0958536126134 0.1345
-7.0958758810062 0.1344
-7.09591359585486 0.1343
-7.09596606680829 0.1342
-7.09600655938381 0.1341
-7.09604902769471 0.134
-7.09610448155383 0.1339
-7.09615643899716 0.1338
-7.09621002996818 0.1337
-7.09626773315209 0.1336
-7.09632252128911 0.1335
-7.09639496766257 0.1334
-7.09647831043463 0.1333
-7.09656944346241 0.1332
-7.0966624788206 0.1331
-7.09675648012348 0.133
-7.09683622534064 0.1329
-7.09693167577041 0.1328
-7.0970304547906 0.1327
-7.09711961711839 0.1326
-7.09719444647257 0.1325
-7.09726951363608 0.1324
-7.09733707235593 0.1323
-7.09740421063215 0.1322
-7.09746617527272 0.1321
-7.09752561219502 0.132
-7.09758557956899 0.1319
-7.09762522546858 0.1318
-7.09764502795053 0.1317
-7.09768056255578 0.1316
-7.09772227480024 0.1315
-7.09776624990177 0.1314
-7.09781278707397 0.1313
-7.09784261532462 0.1312
-7.09786845127274 0.1311
-7.0978993822427 0.131
-7.09790918436203 0.1309
-7.09791116604025 0.1308
-7.09789666166993 0.1307
-7.09788166143742 0.1306
-7.09786164338764 0.1305
-7.09782876073343 0.1304
-7.0978003528141 0.1303
-7.09778071231271 0.1302
-7.09776735039342 0.1301
-7.0977608507369 0.13
-7.0977342537491 0.1299
-7.09769324993546 0.1298
-7.09765092959882 0.1297
-7.09759424581813 0.1296
-7.09754470770241 0.1295
-7.09748890190569 0.1294
-7.09742134309633 0.1293
-7.09734652637473 0.1292
-7.09726397091632 0.1291
-7.09717519696496 0.129
-7.09707170206245 0.1289
-7.09695203673602 0.1288
-7.09681652855348 0.1287
-7.09667325780112 0.1286
-7.0965512702415 0.1285
-7.09644996376756 0.1284
-7.09635451649935 0.1283
-7.09624457676052 0.1282
-7.09615043105997 0.1281
-7.09608779482218 0.128
-7.09606801159213 0.1279
-7.09607928327991 0.1278
-7.0960985343781 0.1277
-7.09612354487751 0.1276
-7.09617899435618 0.1275
-7.09624787244803 0.1274
-7.09632223496151 0.1273
-7.09639822378471 0.1272
-7.09647864678511 0.1271
-7.09653849296109 0.127
-7.09660402487614 0.1269
-7.09666077497286 0.1268
-7.09671244372108 0.1267
-7.09675276324591 0.1266
-7.09679792666556 0.1265
-7.09683418494212 0.1264
-7.09686641184597 0.1263
-7.09688455841192 0.1262
-7.0968711961171 0.1261
-7.09684408703466 0.126
-7.09678653490161 0.1259
-7.09673724885387 0.1258
-7.0967079740611 0.1257
-7.0966757999114 0.1256
-7.09663971915979 0.1255
-7.09662279033934 0.1254
-7.09662800998468 0.1253
-7.0966540836136 0.1252
-7.09668290021646 0.1251
-7.09672367732273 0.125
-7.09676369788628 0.1249
-7.096823814216 0.1248
-7.09689258135578 0.1247
-7.0969795601376 0.1246
-7.09705988786701 0.1245
-7.09712047728911 0.1244
-7.09717565817421 0.1243
-7.09723218656422 0.1242
-7.09729725367756 0.1241
-7.09736771608132 0.124
-7.09745284357016 0.1239
-7.09755092614999 0.1238
-7.09764796647507 0.1237
-7.09774977196638 0.1236
-7.09783367360313 0.1235
-7.09789902022495 0.1234
-7.09794563775296 0.1233
-7.09798362563685 0.1232
-7.09800415374144 0.1231
-7.09800266112174 0.123
-7.09800593332716 0.1229
-7.09800300305734 0.1228
-7.09799531127372 0.1227
-7.09801294111271 0.1226
-7.09804024929121 0.1225
-7.0980530777695 0.1224
-7.09805363604087 0.1223
-7.09806068681657 0.1222
-7.09806155789806 0.1221
-7.09807825889167 0.122
-7.09809711623927 0.1219
-7.09811583184575 0.1218
-7.09815436884716 0.1217
-7.09819875044829 0.1216
-7.09823522975403 0.1215
-7.09826055948101 0.1214
-7.09828228709031 0.1213
-7.09830050754132 0.1212
-7.09831649935331 0.1211
-7.09833566448418 0.121
-7.09834792175504 0.1209
-7.09835965379389 0.1208
-7.09835993980168 0.1207
-7.09834532325369 0.1206
-7.09831905401396 0.1205
-7.09829584029948 0.1204
-7.09827029614512 0.1203
-7.09822556830202 0.1202
-7.09818470949766 0.1201
-7.09814364145315 0.12
-7.09810495032462 0.1199
-7.0980635426381 0.1198
-7.09802368830085 0.1197
-7.0979741290771 0.1196
-7.09792288191096 0.1195
-7.09786390330614 0.1194
-7.09778724721872 0.1193
-7.09769793459332 0.1192
-7.09760965309787 0.1191
-7.09753593916761 0.119
-7.09746112926797 0.1189
-7.09740321163604 0.1188
-7.09734837297111 0.1187
-7.09729984399821 0.1186
-7.09725812519465 0.1185
-7.09722658190182 0.1184
-7.09718751710544 0.1183
-7.09713774175329 0.1182
-7.09709420713603 0.1181
-7.09707598309226 0.118
-7.09707352918236 0.1179
-7.09708423209594 0.1178
-7.09709557361934 0.1177
-7.09711659708474 0.1176
-7.09714774245798 0.1175
-7.0971800334516 0.1174
-7.09721666005309 0.1173
-7.09725788309191 0.1172
-7.09731507391925 0.1171
-7.09736599244417 0.117
-7.09743200413381 0.1169
-7.09749902493148 0.1168
-7.0975546772707 0.1167
-7.09758459181448 0.1166
-7.09761842442831 0.1165
-7.09763773445272 0.1164
-7.09763286581698 0.1163
-7.0976103529124 0.1162
-7.09759620899172 0.1161
-7.09757419953071 0.116
-7.09753767460024 0.1159
-7.09752367787616 0.1158
-7.09748970619023 0.1157
-7.09745042762255 0.1156
-7.09741040278178 0.1155
-7.0973586401686 0.1154
-7.09730930927414 0.1153
-7.0972645592518 0.1152
-7.09723565132065 0.1151
-7.09719783748164 0.115
-7.09716463664914 0.1149
-7.09714721318583 0.1148
-7.09711999843497 0.1147
-7.09709898703056 0.1146
-7.09707796665679 0.1145
-7.09704072180332 0.1144
-7.09701214377414 0.1143
-7.09699988187444 0.1142
-7.09698551755798 0.1141
-7.09698341519873 0.114
-7.09697450463608 0.1139
-7.09695616398865 0.1138
-7.09693359595076 0.1137
-7.09692696277801 0.1136
-7.09692705135202 0.1135
-7.09693507135602 0.1134
-7.09694765766578 0.1133
-7.0969683655072 0.1132
-7.09699961853202 0.1131
-7.09703654119612 0.113
-7.097074751147 0.1129
-7.09711260109733 0.1128
-7.09716563984218 0.1127
-7.09721927357063 0.1126
-7.09727180707335 0.1125
-7.09733202623992 0.1124
-7.09738473075906 0.1123
-7.09743142395805 0.1122
-7.09745543115071 0.1121
-7.09745911522699 0.112
-7.09747086515677 0.1119
-7.09749013455393 0.1118
-7.09750226535171 0.1117
-7.09751227399736 0.1116
-7.09752405600768 0.1115
-7.09752174871378 0.1114
-7.09750348961265 0.1113
-7.09747741108293 0.1112
-7.09743966268533 0.1111
-7.09739602254937 0.111
-7.09735509857922 0.1109
-7.09730751105122 0.1108
-7.09726163156702 0.1107
-7.09721580582675 0.1106
-7.09718207761214 0.1105
-7.09716891071877 0.1104
-7.09716304812239 0.1103
-7.09715023597831 0.1102
-7.09714525052042 0.1101
-7.09714773202282 0.11
-7.09715108187817 0.1099
-7.09714827832082 0.1098
-7.09712747192954 0.1097
-7.09711832281469 0.1096
-7.09710203179326 0.1095
-7.09710514439858 0.1094
-7.09709842284198 0.1093
-7.09710738771636 0.1092
-7.0971063237918 0.1091
-7.09710863909734 0.109
-7.0971206484486 0.1089
-7.09713546947084 0.1088
-7.09716985946155 0.1087
-7.09720821782196 0.1086
-7.0972594607943 0.1085
-7.09731992883834 0.1084
-7.09740020731048 0.1083
-7.09749017367371 0.1082
-7.09756874333871 0.1081
-7.09764747402554 0.108
-7.09772137615524 0.1079
-7.09781656167638 0.1078
-7.09792366889382 0.1077
-7.09802101748869 0.1076
-7.09812061616226 0.1075
-7.09822075660409 0.1074
-7.09832105980818 0.1073
-7.09840523694449 0.1072
-7.09849145710161 0.1071
-7.09854839219087 0.107
-7.09861154512098 0.1069
-7.09867813460114 0.1068
-7.09876219234509 0.1067
-7.09883870320049 0.1066
-7.09889120975136 0.1065
-7.09892967144 0.1064
-7.09898093895507 0.1063
-7.0990261860529 0.1062
-7.09906019820392 0.1061
-7.09908250641616 0.106
-7.09909523091284 0.1059
-7.09908669453459 0.1058
-7.09905666223138 0.1057
-7.09901930329858 0.1056
-7.09897492877113 0.1055
-7.09893517529906 0.1054
-7.09891006581051 0.1053
-7.09889319176769 0.1052
-7.09888966092516 0.1051
-7.09888013401027 0.105
-7.09887276461531 0.1049
-7.0988681316443 0.1048
-7.0988805062949 0.1047
-7.0989010531349 0.1046
-7.09892820044954 0.1045
-7.09895326019235 0.1044
-7.09896055697788 0.1043
-7.09897658803574 0.1042
-7.09898324268875 0.1041
-7.09896742629608 0.104
-7.09894985697555 0.1039
-7.09892550467306 0.1038
-7.09889618456239 0.1037
-7.09885838261315 0.1036
-7.0988051883153 0.1035
-7.09874838985128 0.1034
-7.09867857833813 0.1033
-7.09861917633261 0.1032
-7.0985591472595 0.1031
-7.09849285935928 0.103
-7.09842151235192 0.1029
-7.0983615197828 0.1028
-7.09830114998401 0.1027
-7.09824367410198 0.1026
-7.09818951384995 0.1025
-7.0981385863995 0.1024
-7.09809477560512 0.1023
-7.09807720458226 0.1022
-7.09807751711817 0.1021
-7.09809054255016 0.102
-7.09808304346586 0.1019
-7.09806583162845 0.1018
-7.09804355387138 0.1017
-7.09801342180696 0.1016
-7.09797016196629 0.1015
-7.09792903360653 0.1014
-7.09788715675021 0.1013
-7.09784338027248 0.1012
-7.09778699274712 0.1011
-7.09771026489676 0.101
-7.09763298775061 0.1009
-7.09755321593571 0.1008
-7.0974599974373 0.1007
-7.0973577181916 0.1006
-7.0972696285483 0.1005
-7.09719142538824 0.1004
-7.09711877131879 0.1003
-7.09705989286921 0.1002
-7.09701859698732 0.1001
-7.09700372943815 0.1
-7.09701138177124 0.0999
-7.0970412943581 0.0998
-7.09709706604781 0.0997
-7.0971768943493 0.0996
-7.09727681660451 0.0995
-7.09741043330772 0.0994
-7.09755039903127 0.0993000000000001
-7.09770798570393 0.0992
-7.09786144865491 0.0991
-7.09801786015928 0.099
-7.09818170223552 0.0989
-7.09832432667968 0.0988
-7.09845654141399 0.0987
-7.09857775983897 0.0986
-7.09870679597387 0.0985
-7.09883543422183 0.0984
-7.09894441616045 0.0983000000000001
-7.09905252050776 0.0982
-7.09912932637633 0.0981
-7.09918148674422 0.098
-7.09919211177256 0.0979
-7.09919725658093 0.0978
-7.09919849639599 0.0977
-7.0991873777227 0.0976
-7.09915181443228 0.0975
-7.09909857465531 0.0974
-7.0990500654269 0.0973000000000001
-7.09900369238119 0.0972
-7.09896566759727 0.0971
-7.09892895799546 0.097
-7.09889242894773 0.0969
-7.09887018219273 0.0968
-7.09888290180832 0.0967
-7.09891050189338 0.0966
-7.09896555560402 0.0965
-7.09903670736963 0.0964
-7.09911308549745 0.0963000000000001
-7.09920446193105 0.0962
-7.09931309098814 0.0961
-7.09944512884712 0.096
-7.09957386011649 0.0959
-7.09969400929281 0.0958
-7.09980474512289 0.0957
-7.09990183723254 0.0956
-7.09999575215732 0.0955
-7.1000565214302 0.0954
-7.10008595461311 0.0953000000000001
-7.10011301638951 0.0952
-7.10013683741361 0.0951
-7.10012976482177 0.095
-7.10011291441021 0.0949
-7.1000967594362 0.0948
-7.10006767775568 0.0947
-7.10005046267607 0.0946
-7.10002922269319 0.0945
-7.10002417661928 0.0944
-7.10002159131164 0.0943000000000001
-7.10003810852023 0.0942
-7.10006271064378 0.0941
-7.10009916847804 0.094
-7.10014173996335 0.0939
-7.10019078997626 0.0938
-7.10024254995532 0.0937
-7.10030145891634 0.0936
-7.10035955945217 0.0935
-7.10040894592087 0.0934
-7.10045214809103 0.0933
-7.10048597393353 0.0931999999999999
-7.10050873563559 0.0931
-7.10053384441747 0.093
-7.10055507239614 0.0929
-7.10057166699817 0.0928
-7.1005803945858 0.0927
-7.10058508276663 0.0926
-7.10059876329089 0.0925
-7.10061187196465 0.0924
-7.10063663979963 0.0923
-7.10065814197701 0.0921999999999999
-7.10069159114987 0.0921
-7.10071460305452 0.092
-7.100724798005 0.0919
-7.10074450095164 0.0918
-7.10078565752001 0.0917
-7.10081847538443 0.0916
-7.10086284627364 0.0915
-7.10092338353333 0.0914
-7.10097091349764 0.0913
-7.10101232293236 0.0911999999999999
-7.10105866861336 0.0911
-7.1011320025086 0.091
-7.10121136469895 0.0909
-7.10131024107365 0.0908
-7.10141104811815 0.0907
-7.10150850847206 0.0906
-7.10160928919564 0.0905
-7.10172026933841 0.0904
-7.10182136690317 0.0903
-7.10192982679019 0.0901999999999999
-7.10203025066207 0.0901
-7.1021230896302 0.09
-7.10220677121177 0.0899
-7.10228662761549 0.0898
-7.10235004202281 0.0897
-7.10239729965682 0.0896
-7.10244319906342 0.0895
-7.10247609818007 0.0894
-7.10250072795158 0.0893
-7.10250112732313 0.0891999999999999
-7.10249710803454 0.0891
-7.10249522309072 0.089
-7.10248210271182 0.0889
-7.10247412395221 0.0888
-7.10245718866378 0.0887
-7.10243833284442 0.0886
-7.10242980522616 0.0885
-7.10241616011771 0.0884
-7.10240261558298 0.0883
-7.10239067379887 0.0881999999999999
-7.10236812895498 0.0881
-7.1023315895846 0.088
-7.10227314286226 0.0879
-7.10220454555181 0.0878
-7.10212320184394 0.0877
-7.10204525440909 0.0876
-7.10196765043266 0.0875
-7.10188075116569 0.0874
-7.10178346921725 0.0873
-7.10168077642694 0.0872000000000001
-7.10156864809375 0.0871
-7.10146646070786 0.087
-7.10136391737073 0.0869
-7.10129068242167 0.0868
-7.10122433328501 0.0867
-7.10116684321451 0.0866
-7.101118944523 0.0865
-7.10107316454411 0.0864
-7.10102473365956 0.0863
-7.10097876100971 0.0862000000000001
-7.10094617398621 0.0861
-7.10090427288101 0.086
-7.1008554195969 0.0859
-7.10081002787938 0.0858
-7.10078289033123 0.0857
-7.10077604585844 0.0856
-7.10077987425443 0.0855
-7.10078397553596 0.0854
-7.10078803693667 0.0853
-7.10079123945597 0.0852000000000001
-7.10080379593653 0.0851
-7.10081654285566 0.085
-7.1008250031013 0.0849
-7.100804182428 0.0848
-7.10077303795912 0.0847
-7.10074702553452 0.0846
-7.10072073755133 0.0845
-7.10068113894689 0.0844
-7.10064497336287 0.0843
-7.10060947866578 0.0842000000000001
-7.10057308100229 0.0841
-7.10054070729528 0.084
-7.10050203831089 0.0839
-7.10046081316931 0.0838
-7.10044776063849 0.0837
-7.1004342618059 0.0836
-7.10045079811463 0.0835
-7.10048305678206 0.0834
-7.10054630902466 0.0833
-7.10061961462593 0.0832000000000001
-7.10069735933761 0.0831
-7.10077380161367 0.083
-7.10086839044217 0.0829
-7.10096116724632 0.0828
-7.10105562449844 0.0827
-7.1011604419085 0.0826
-7.10125434255489 0.0825
-7.10133879947065 0.0824
-7.10141308546465 0.0823
-7.10147215576335 0.0822000000000001
-7.10150995799853 0.0821
-7.10154770353136 0.082
-7.10157529601963 0.0819
-7.10160032612026 0.0818
-7.10161893329242 0.0817
-7.10163067980242 0.0816
-7.10163684217252 0.0815
-7.10164678470817 0.0814
-7.10165184523032 0.0813
-7.10164970634119 0.0812
-7.10163345060541 0.0810999999999999
-7.10160095645063 0.081
-7.10156916761505 0.0809
-7.1015221772621 0.0808
-7.10146876170704 0.0807
-7.10141306431169 0.0806
-7.10134632374815 0.0805
-7.10126966260426 0.0804
-7.10119163616439 0.0803
-7.10110631522288 0.0802
-7.10103402140042 0.0800999999999999
-7.10094350074634 0.08
-7.10085400726909 0.0799
-7.10076700314585 0.0798
-7.10068579794494 0.0797
-7.10061214162994 0.0796
-7.10055199505481 0.0795
-7.10049892228307 0.0794
-7.10045219514487 0.0793
-7.1003973816633 0.0792
-7.1003628945022 0.0790999999999999
-7.10033024564561 0.079
-7.1002982736354 0.0789
-7.10027439588163 0.0788
-7.10026096854846 0.0787
-7.10025301327628 0.0786
-7.10025528165792 0.0785
-7.10026357469952 0.0784
-7.10027438539034 0.0783
-7.10030263272964 0.0782
-7.10032702536323 0.0780999999999999
-7.10035182599406 0.078
-7.10037524372052 0.0779
-7.10040486684106 0.0778
-7.10043567332185 0.0777
-7.10047644014399 0.0776
-7.10051214776161 0.0775
-7.10056234647809 0.0774
-7.10060727261395 0.0773
-7.10065830472154 0.0772
-7.10069893934284 0.0770999999999999
-7.10074415840116 0.077
-7.10078942054082 0.0769
-7.10083046905612 0.0768
-7.10085943870258 0.0767
-7.10087619709363 0.0766
-7.10089125238188 0.0765
-7.10091384527067 0.0764
-7.10095448448056 0.0763
-7.10099171678246 0.0762
-7.10103036613674 0.0760999999999999
-7.10106902012042 0.076
-7.10112122695244 0.0759
-7.10116906261008 0.0758
-7.1012358515371 0.0757
-7.10129100042825 0.0756
-7.10134661578881 0.0755
-7.10140128238856 0.0754
-7.10145334142004 0.0753
-7.10152258945474 0.0752
-7.10160958336037 0.0750999999999999
-7.1017062804808 0.075
-7.10178606039072 0.0749
-7.10185914592713 0.0748
-7.10193269614764 0.0747
-7.10199913052653 0.0746
-7.10207283086115 0.0745
-7.10212963413904 0.0744
-7.10217674784634 0.0743
-7.10220599502212 0.0742
-7.10223181090825 0.0741000000000001
-7.10225426037249 0.074
-7.10228775557202 0.0739
-7.10229965407229 0.0738
-7.10229538365819 0.0737
-7.1022788139306 0.0736
-7.10225745161604 0.0735
-7.10222057988672 0.0734
-7.10217941870848 0.0733
-7.10212015711136 0.0732
-7.10204359063599 0.0731000000000001
-7.10196633583121 0.073
-7.1018799798761 0.0729
-7.10179187397995 0.0728
-7.10168735441348 0.0727
-7.10158891677687 0.0726
-7.10148911499763 0.0725
-7.10139635372399 0.0724
-7.10131842861834 0.0723
-7.10125761055605 0.0722
-7.10120927982986 0.0721000000000001
-7.10117147177327 0.072
-7.10114122497739 0.0719
-7.10113231318351 0.0718
-7.1011443374202 0.0717
-7.10117000441823 0.0716
-7.1012112301396 0.0715
-7.10126760658882 0.0714
-7.10132987529897 0.0713
-7.10138375179278 0.0712
-7.10146655215628 0.0711000000000001
-7.10155623953588 0.071
-7.10166566774619 0.0709
-7.10178843473182 0.0708
-7.10189985743523 0.0707
-7.10202457818438 0.0706
-7.1021423490025 0.0705
-7.10224935813035 0.0704
-7.10233818407809 0.0703
-7.10242476386908 0.0702
-7.10251323959611 0.0701000000000001
-7.10259116719009 0.07
-7.10265846323504 0.0699
-7.10273981650528 0.0698
-7.10281034860736 0.0697
-7.10286621927023 0.0696
-7.10291472308125 0.0695
-7.10296970928812 0.0694
-7.10301505373877 0.0693
-7.10304268764418 0.0692
-7.10304778043232 0.0691000000000001
-7.10305545825101 0.069
-7.10303737210284 0.0689
-7.10300034095173 0.0688
-7.1029522105572 0.0687
-7.10289837975935 0.0686
-7.10282531348615 0.0685
-7.10274068882845 0.0684
-7.10262538814892 0.0683
-7.10248767879567 0.0682
-7.10234175066095 0.0681
-7.10220219116516 0.0679999999999999
-7.10206899167811 0.0679
-7.1019306104995 0.0678
-7.10180672739582 0.0677
-7.10167800826305 0.0676
-7.1015425774417 0.0675
-7.10140956835775 0.0674
-7.1012831710228 0.0673
-7.10115553945811 0.0672
-7.10101991878165 0.0671
-7.10089773905865 0.0669999999999999
-7.10078518600163 0.0669
-7.1006892405757 0.0668
-7.10062328864312 0.0667
-7.10058154738415 0.0666
-7.10056375255724 0.0665
-7.10056580845543 0.0664
-7.10057195857492 0.0663
-7.10058094277089 0.0662
-7.10058711341921 0.0661
-7.10058432223939 0.0659999999999999
-7.10060894132406 0.0659
-7.10064533662263 0.0658
-7.10069703556633 0.0657
-7.10075239041195 0.0656
-7.10083816195879 0.0655
-7.10094129038102 0.0654
-7.10104511032948 0.0653
-7.10117039294833 0.0652
-7.10130093631068 0.0651
-7.10142889124082 0.0649999999999999
-7.10156985311403 0.0649
-7.10171501859294 0.0648
-7.10187082019606 0.0647
-7.10202058881508 0.0646
-7.10216019196216 0.0645
-7.10228597064348 0.0644
-7.10241010520482 0.0643
-7.10253248585277 0.0642
-7.10264882688042 0.0641
-7.10276413251943 0.0639999999999999
-7.10287460871925 0.0639
-7.10297158114606 0.0638
-7.10304880772446 0.0637
-7.10314337031703 0.0636
-7.10322853372621 0.0635
-7.10332387679687 0.0634
-7.10340785910441 0.0633
-7.10348667038828 0.0632
-7.10355917485348 0.0631
-7.10362102186025 0.0629999999999999
-7.10367154072943 0.0629
-7.103719286553 0.0628
-7.10375667818081 0.0627
-7.10377876619878 0.0626
-7.10378503081782 0.0625
-7.10378425736684 0.0624
-7.10375936059273 0.0623
-7.10370990733235 0.0622
-7.10365405887142 0.0621
-7.10358770892069 0.0620000000000001
-7.10350342008852 0.0619
-7.10340642019603 0.0618
-7.10330429535731 0.0617
-7.1032068517391 0.0616
-7.10311596959026 0.0615
-7.10303543442384 0.0614
-7.10296533951731 0.0613
-7.102905254541 0.0612
-7.1028620716229 0.0611
-7.10283857715938 0.0610000000000001
-7.10283799169001 0.0609
-7.10285048768765 0.0608
-7.10289144649186 0.0607
-7.1029340187441 0.0606
-7.10298702316603 0.0605
-7.10304917800334 0.0604
-7.10310953239094 0.0603
-7.10318314778054 0.0602
-7.10325935672673 0.0601
-7.10334961284521 0.0600000000000001
-7.10342827397192 0.0599
-7.10350541594777 0.0598
-7.10357623649727 0.0597
-7.10364956951925 0.0596
-7.10371575619237 0.0595
-7.10377598655564 0.0594
-7.10382199260764 0.0593
-7.1038538202532 0.0592
-7.10389325117888 0.0591
-7.10392110235868 0.0590000000000001
-7.10394395935413 0.0589
-7.10397973790426 0.0588
-7.10399958964947 0.0587
-7.10401813477863 0.0586
-7.10402211412148 0.0585
-7.10403829567803 0.0584
-7.10405930672408 0.0583
-7.10408989450528 0.0582
-7.10412042868697 0.0581
-7.10414944911634 0.0580000000000001
-7.10417713986251 0.0579
-7.10420856068461 0.0578
-7.10424240675133 0.0577
-7.1042874313227 0.0576
-7.10433464182561 0.0575
-7.10437301635371 0.0574
-7.10441508516171 0.0573
-7.10448121415796 0.0572
-7.10452627998515 0.0571
-7.1045685496727 0.0570000000000001
-7.10460022148449 0.0569
-7.10462753382249 0.0568
-7.1046553213908 0.0567
-7.10467979346466 0.0566
-7.10469544664115 0.0565
-7.10470420680994 0.0564
-7.10470182816701 0.0563
-7.10469762117291 0.0562
-7.10466654955219 0.0561
-7.10462538914696 0.056
-7.10458220480042 0.0558999999999999
-7.10453161297145 0.0558
-7.10446892011298 0.0557
-7.1043763447045 0.0556
-7.10427496867092 0.0555
-7.10417039580206 0.0554
-7.10404798827369 0.0553
-7.10391972151838 0.0552
-7.10380831137819 0.0551
-7.10370282245639 0.055
-7.10360079274471 0.0548999999999999
-7.10350532022452 0.0548
-7.10343878814829 0.0547
-7.10338330031694 0.0546
-7.10334764431543 0.0545
-7.10332419728176 0.0544
-7.10329986341937 0.0543
-7.10329454743718 0.0542
-7.10330336517979 0.0541
-7.10332059695355 0.054
-7.10334232090583 0.0538999999999999
-7.10336618844486 0.0538
-7.10339402822243 0.0537
-7.10343354892324 0.0536
-7.10346554620802 0.0535
-7.10349984022619 0.0534
-7.10355024590611 0.0533
-7.10360375553983 0.0532
-7.10366132117171 0.0531
-7.10371169262398 0.053
-7.10376753481808 0.0528999999999999
-7.10383684234769 0.0528
-7.10389608177862 0.0527
-7.10394468225668 0.0526
-7.10398766306776 0.0525
-7.10403342892448 0.0524
-7.10406351273741 0.0523
-7.10408211237304 0.0522
-7.10409176788667 0.0521
-7.10408678476121 0.052
-7.104058713556 0.0518999999999999
-7.10401411653239 0.0518
-7.10396981329351 0.0517
-7.10391452464533 0.0516
-7.10384826862589 0.0515
-7.10379369740854 0.0514
-7.10373076632478 0.0513
-7.10366438713289 0.0512
-7.1036024034652 0.0511
-7.1035567202086 0.051
-7.10353627491355 0.0508999999999999
-7.1035307249907 0.0508
-7.1035418669638 0.0507
-7.10358023040922 0.0506
-7.10362494741288 0.0505
-7.103684753253 0.0504
-7.10378092832448 0.0503
-7.10390020709436 0.0502
-7.10403038123627 0.0501
-7.1041748477449 0.05
-7.10431326100294 0.0499000000000001
-7.10446234810614 0.0498
-7.10460429424832 0.0497
-7.10471912183705 0.0496
-7.10482725653883 0.0495
-7.10492611816386 0.0494
-7.10500687859628 0.0493
-7.10507628512244 0.0492
-7.10513853583352 0.0491
-7.105188131607 0.049
-7.10520479598022 0.0489000000000001
-7.10519996892521 0.0488
-7.10517009831234 0.0487
-7.10512699112311 0.0486
-7.10506873154263 0.0485
-7.10503230762006 0.0484
-7.10498281875453 0.0483
-7.10495242242341 0.0482
-7.10491183647046 0.0481
-7.10486798672884 0.048
-7.10483681181643 0.0479000000000001
-7.10482604279342 0.0478
-7.10479226431207 0.0477
-7.10475673477138 0.0476
-7.10470978840011 0.0475
-7.10467390839496 0.0474
-7.10462490664822 0.0473
-7.10458557102936 0.0472
-7.10454432366654 0.0471
-7.10451539926347 0.047
-7.1044819374746 0.0469000000000001
-7.10445873941242 0.0468
-7.10442158318429 0.0467
-7.1043852048047 0.0466
-7.10435126248429 0.0465
-7.10430724179739 0.0464
-7.10426478518767 0.0463
-7.10423862817356 0.0462
-7.10420002648396 0.0461
-7.10416148775356 0.046
-7.10413787378326 0.0459000000000001
-7.10411237049269 0.0458
-7.10407333823843 0.0457
-7.10404012744265 0.0456
-7.1039941664066 0.0455
-7.10395430987867 0.0454
-7.10388277031959 0.0453
-7.1038238097368 0.0452
-7.10376771934162 0.0451
-7.10372531175982 0.045
-7.1036764544195 0.0449000000000001
-7.10363441247895 0.0448
-7.10360807474346 0.0447
-7.10357424311523 0.0446
-7.10355579377175 0.0445
-7.10354224591824 0.0444
-7.10352217154595 0.0443
-7.10349517849175 0.0442
-7.10346923605076 0.0441
-7.10342664105294 0.044
-7.10337979856194 0.0439000000000001
-7.10332825553033 0.0438
-7.10327499071875 0.0437
-7.10320807477364 0.0436
-7.10314548555832 0.0435
-7.10308493555903 0.0434
-7.10300753559232 0.0433
-7.10292142950178 0.0432
-7.10285207346641 0.0431
-7.10280957228464 0.043
-7.10275584287275 0.0429
-7.10269757688432 0.0427999999999999
-7.10263116361912 0.0427
-7.10257995424937 0.0426
-7.10254319615923 0.0425
-7.10251009346462 0.0424
-7.10248961539842 0.0423
-7.10247078714058 0.0422
-7.10246079542473 0.0421
-7.10245791670229 0.042
-7.10245371555456 0.0419
-7.10245055498876 0.0417999999999999
-7.10245387150366 0.0417
-7.10245488543151 0.0416
-7.10244776837374 0.0415
-7.10243621401371 0.0414
-7.10243233322874 0.0413
-7.1024201580299 0.0412
-7.10241719152009 0.0411
-7.1024165700158 0.041
-7.10241494482064 0.0409
-7.10241218773586 0.0407999999999999
-7.10241190657402 0.0407
-7.10242060597281 0.0406
-7.10244002956104 0.0405
-7.10244641127637 0.0404
-7.10244691171573 0.0403
-7.10243618969975 0.0402
-7.10242068553178 0.0401
-7.10242042878838 0.04
-7.10243865228496 0.0399
-7.10247050601448 0.0397999999999999
-7.10251580799524 0.0397
-7.10256461755691 0.0396
-7.10261343247502 0.0395
-7.1026677187269 0.0394
-7.10273376333113 0.0393
-7.10279917759708 0.0392
-7.1028692556744 0.0391
-7.10293533799483 0.039
-7.10301537346964 0.0389
-7.10310832977922 0.0387999999999999
-7.10323861310831 0.0387
-7.10337595729586 0.0386
-7.10351548892965 0.0385
-7.1036394822588 0.0384
-7.10375712320072 0.0383
-7.10388811128202 0.0382
-7.10401442857016 0.0381
-7.10413307732088 0.038
-7.10425206955324 0.0379
-7.10436947944909 0.0377999999999999
-7.10447151280791 0.0377
-7.10456834006562 0.0376
-7.10465570519126 0.0375
-7.10473330717511 0.0374
-7.10479771807562 0.0373
-7.10484835922206 0.0372
-7.10488810779365 0.0371
-7.10491981559314 0.037
-7.10494514389698 0.0369
-7.10496408183719 0.0368000000000001
-7.10499253253285 0.0367
-7.105022768047 0.0366
-7.10504143243638 0.0365
-7.10505569896607 0.0364
-7.10506855767304 0.0363
-7.10509212004242 0.0362
-7.10510809161886 0.0361
-7.10512226044968 0.036
-7.105150642324 0.0359
-7.10517037743232 0.0358000000000001
-7.10519651641557 0.0357
-7.10523102746739 0.0356
-7.10527808446974 0.0355
-7.10533162108802 0.0354
-7.10536072815143 0.0353
-7.10537363084235 0.0352
-7.10537906110136 0.0351
-7.10536416961341 0.035
-7.10534420951842 0.0349
-7.10531925126703 0.0348000000000001
-7.10529043719079 0.0347
-7.10526410682923 0.0346
-7.10525189401839 0.0345
-7.10524629170024 0.0344
-7.10523723615361 0.0343
-7.10523490615524 0.0342
-7.10525177408634 0.0341
-7.10528547628683 0.034
-7.10532436842232 0.0339
-7.10536892059571 0.0338000000000001
-7.10544330577867 0.0337
-7.1055272485786 0.0336
-7.1056361197976 0.0335
-7.10574992549249 0.0334
-7.10586982567124 0.0333
-7.10598409959785 0.0332
-7.10608298984141 0.0331
-7.10617735383489 0.033
-7.1062712589585 0.0329
-7.10634464242358 0.0328000000000001
-7.10642470224097 0.0327
-7.10650127681727 0.0326
-7.10656781442197 0.0325
-7.10661596590338 0.0324
-7.10664644397241 0.0323
-7.10668193313699 0.0322
-7.10671230064185 0.0321
-7.10674311409958 0.032
-7.10677584884792 0.0319
-7.10679153560912 0.0318000000000001
-7.1067870498802 0.0317
-7.10678198525828 0.0316
-7.10676227800974 0.0315
-7.10675690437933 0.0314
-7.10676444002117 0.0313
-7.10677848280202 0.0312
-7.10680575076001 0.0311
-7.1068306410435 0.031
-7.10685606484416 0.0309
-7.10687707902583 0.0308
-7.10689038441772 0.0306999999999999
-7.10688623129553 0.0306
-7.10687623383785 0.0305
-7.10685397868461 0.0304
-7.10682323501741 0.0303
-7.1067754283995 0.0302
-7.10670224360146 0.0301
-7.10661575170561 0.03
-7.10650540099576 0.0299
-7.10639210042705 0.0298
-7.10626111767842 0.0296999999999999
-7.10613371223855 0.0296
-7.10602380259279 0.0295
-7.10592140175275 0.0294
-7.10583578352178 0.0293
-7.10575151302455 0.0292
-7.10567845120886 0.0291
-7.10562851866556 0.029
-7.10558984795902 0.0289
-7.1055569709885 0.0288
-7.10551769278503 0.0286999999999999
-7.10548345701312 0.0286
-7.10544705216807 0.0285
-7.10539974875998 0.0284
-7.10537251932448 0.0283
-7.10533869236966 0.0282
-7.10530451276784 0.0281
-7.10526701924944 0.028
-7.10523488998194 0.0279
-7.10520538629295 0.0278
-7.10518121378448 0.0276999999999999
-7.10515324680971 0.0276
-7.10513633553663 0.0275
-7.10512395749038 0.0274
-7.10512728529624 0.0273
-7.10514651494083 0.0272
-7.10517298934575 0.0271
-7.10520997774431 0.027
-7.10526418297928 0.0269
-7.10532969612574 0.0268
-7.10540286791571 0.0266999999999999
-7.10547175629576 0.0266
-7.1055354676885 0.0265
-7.10559224821292 0.0264
-7.10563056977793 0.0263
-7.10567909708582 0.0262
-7.10571703600233 0.0261
-7.10575716502604 0.026
-7.10579254310686 0.0259
-7.10582834434119 0.0258
-7.1058584882661 0.0256999999999999
-7.10588952183007 0.0256
-7.10592169401869 0.0255
-7.10596460117323 0.0254
-7.10600210491312 0.0253
-7.10603795017468 0.0252
-7.10607652336793 0.0251
-7.10610925242425 0.025
-7.10611721903728 0.0249
-7.10612324206239 0.0248
-7.10611631772152 0.0247000000000001
-7.10611103738031 0.0246
-7.10610297484306 0.0245
-7.10608936204681 0.0244
-7.10606549471646 0.0243
-7.1060534179126 0.0242
-7.10604132413313 0.0241
-7.10603285206645 0.024
-7.1060290565273 0.0239
-7.10602649347086 0.0238
-7.10604027492361 0.0237000000000001
-7.10606482409018 0.0236
-7.10609228217046 0.0235
-7.10612204749032 0.0234
-7.106164439223 0.0233
-7.10621286538196 0.0232
-7.10625040358498 0.0231
-7.10628272153805 0.023
-7.10630293448984 0.0229
-7.10632181667471 0.0228
-7.10633268256404 0.0227000000000001
-7.10633280640984 0.0226
-7.10633229874243 0.0225
-7.10630448847738 0.0224
-7.10627233081925 0.0223
-7.10621737789802 0.0222
-7.10616444878646 0.0221
-7.10611509050254 0.022
-7.10607067792802 0.0219
-7.10603077970589 0.0218
-7.10599029457789 0.0217000000000001
-7.10592914048567 0.0216
-7.10585663980892 0.0215
-7.10578529070924 0.0214
-7.10571949141848 0.0213
-7.10564954765785 0.0212
-7.1055663648228 0.0211
-7.1054960655942 0.021
-7.10542883232338 0.0209
-7.10535759996938 0.0208
-7.10529516171396 0.0207000000000001
-7.10523891824073 0.0206
-7.10520144190138 0.0205
-7.10518006213166 0.0204
-7.10515596946967 0.0203
-7.10514245771148 0.0202
-7.10513699520969 0.0201
-7.10513825902707 0.02
-7.10513889064161 0.0199
-7.10514434821073 0.0198
-7.10517577694529 0.0197000000000001
-7.10521765718193 0.0196
-7.10526956463479 0.0195
-7.10534138705273 0.0194
-7.10542420720794 0.0193
-7.1054906254022 0.0192
-7.10556387962398 0.0191
-7.10562424143041 0.019
-7.10568954187083 0.0189
-7.10577761823082 0.0188
-7.10586903706766 0.0187
-7.10595617851582 0.0185999999999999
-7.10605208117462 0.0185
-7.10615007555929 0.0184
-7.10624426470701 0.0183
-7.10633153365013 0.0182
-7.10642256731081 0.0181
-7.10650185003706 0.018
-7.10657571709848 0.0179
-7.10664303088423 0.0178
-7.10669553124331 0.0177
-7.10672295990845 0.0175999999999999
-7.10674103339952 0.0175
-7.10675724865165 0.0174
-7.10677727340925 0.0173
-7.10680265574478 0.0172
-7.10683309924359 0.0171
-7.10685954606937 0.017
-7.10687357226354 0.0169
-7.10687140601644 0.0168
-7.10687676398031 0.0167
-7.1068719442845 0.0165999999999999
-7.10686196451641 0.0165
-7.10684274986087 0.0164
-7.10681660867227 0.0163
-7.10678025339014 0.0162
-7.10675078192197 0.0161
-7.10672996888351 0.016
-7.10670845514382 0.0159
-7.10668788913452 0.0158
-7.10666506799801 0.0157
-7.10664592939991 0.0155999999999999
-7.10663243613157 0.0155
-7.10662907763051 0.0154
-7.10661711680227 0.0153
-7.10661726442821 0.0152
-7.10661829728377 0.0151
-7.10662865193423 0.015
-7.10663697904762 0.0149
-7.10663861235602 0.0148
-7.10663064265195 0.0147
-7.10662868932255 0.0145999999999999
-7.10662551263439 0.0145
-7.10660801800529 0.0144
-7.10658932089439 0.0143
-7.1065725881605 0.0142
-7.10655800704815 0.0141
-7.10655607153776 0.014
-7.10654959405429 0.0139
-7.10654045910123 0.0138
-7.1065358563512 0.0137
-7.10653334662563 0.0135999999999999
-7.10652830214812 0.0135
-7.10653165906633 0.0134
-7.10653979671031 0.0133
-7.10655950979415 0.0132
-7.10659504707459 0.0131
-7.10664002809541 0.013
-7.10669478163149 0.0129
-7.10675168556292 0.0128
-7.10681929188972 0.0127
-7.10689028634217 0.0125999999999999
-7.10696056743005 0.0125
-7.10703812635784 0.0124
-7.10711803970733 0.0123
-7.1071956742446 0.0122
-7.10728509044513 0.0121
-7.10736913939028 0.012
-7.10744831272683 0.0119
-7.1075452925145 0.0118
-7.10762541785816 0.0117
-7.10768829443134 0.0116000000000001
-7.10772708534834 0.0115
-7.10774914544721 0.0114
-7.10777120101714 0.0113
-7.10778757594174 0.0112
-7.10780326734568 0.0111
-7.10781995983517 0.011
-7.10781785607139 0.0109
-7.10780581100122 0.0108
-7.10779747163581 0.0107
-7.10778320142424 0.0106000000000001
-7.10776929276621 0.0105
-7.10777354876342 0.0104
-7.10779016198634 0.0103
-7.10781206854363 0.0102
-7.10783988182275 0.0101
-7.10786733032051 0.01
-7.10789747036179 0.00990000000000002
-7.10793682999864 0.00980000000000003
-7.10797798036735 0.00970000000000004
-7.10803752300563 0.00960000000000005
-7.10809990668098 0.00949999999999995
-7.1081481956295 0.00939999999999996
-7.10820621064137 0.00929999999999997
-7.10824599686019 0.00919999999999999
-7.10828126677992 0.0091
-7.10831455237665 0.00900000000000001
-7.10833182705326 0.00890000000000002
-7.10835796157725 0.00880000000000003
-7.10837722576419 0.00870000000000004
-7.10841105426199 0.00860000000000005
-7.10845965074447 0.00849999999999995
-7.10851136539008 0.00839999999999996
-7.10857953206818 0.00829999999999997
-7.10865448656286 0.00819999999999999
-7.10872713761377 0.0081
-7.10880390782257 0.00800000000000001
-7.10887780720065 0.00790000000000002
-7.10894930843224 0.00780000000000003
-7.10903556583764 0.00770000000000004
-7.10912411277995 0.00760000000000005
-7.10922204255395 0.00749999999999995
-7.10933170061395 0.00739999999999996
-7.10943776294187 0.00729999999999997
-7.10953495223793 0.00719999999999998
-7.10963624978455 0.0071
-7.10972708741832 0.00700000000000001
-7.10980905743005 0.00690000000000002
-7.10986732856677 0.00680000000000003
-7.10990220180501 0.00670000000000004
-7.10992906264288 0.00660000000000005
-7.10994543760623 0.00649999999999995
-7.10993926192194 0.00639999999999996
-7.10990674945003 0.00629999999999997
-7.10985872770312 0.00619999999999998
-7.10982008927789 0.00609999999999999
-7.10975122315323 0.00600000000000001
-7.10966164813278 0.00590000000000002
-7.10957840502262 0.00580000000000003
-7.10949693828783 0.00570000000000004
-7.1094128431775 0.00560000000000005
-7.10933437678202 0.00549999999999995
-7.10926297637441 0.00539999999999996
-7.10919830794357 0.00529999999999997
-7.10913992317819 0.00519999999999998
-7.10909350230232 0.00509999999999999
-7.10906809647594 0.005
-7.1090544676983 0.00490000000000002
-7.1090657531973 0.00480000000000003
-7.10910425724516 0.00470000000000004
-7.10914326831711 0.00460000000000005
-7.10918660790305 0.00449999999999995
-7.10923697886115 0.00439999999999996
-7.10931185414907 0.00429999999999997
-7.10938065480995 0.00419999999999998
-7.10944110847892 0.00409999999999999
-7.10948463823967 0.004
-7.10952290428853 0.00390000000000001
-7.10955762946081 0.00380000000000003
-7.10958661948544 0.00370000000000004
-7.1096092374697 0.00360000000000005
-7.10963228970063 0.00349999999999995
-7.10965961379343 0.00339999999999996
-7.10968317524138 0.00329999999999997
-7.10968997714284 0.00319999999999998
-7.1096978167902 0.00309999999999999
-7.10970357435387 0.003
-7.10970038508527 0.00290000000000001
-7.10970853469601 0.00280000000000002
-7.1097074155157 0.00270000000000004
-7.1097155108812 0.00260000000000005
-7.10972760449524 0.00249999999999995
-7.10972218795683 0.00239999999999996
-7.1097121586514 0.00229999999999997
-7.10971277890739 0.00219999999999998
-7.10973101148168 0.00209999999999999
-7.10976315097437 0.002
-7.10978480831853 0.00190000000000001
-7.10980481083978 0.00180000000000002
-7.10983175412712 0.00170000000000003
-7.10983477290167 0.00160000000000005
-7.10984195435176 0.00149999999999995
-7.10985102739702 0.00139999999999996
-7.10983088304252 0.00129999999999997
-7.10980024343071 0.00119999999999998
-7.10976291157267 0.00109999999999999
-7.10969659777551 0.001
-7.10962003327737 0.000900000000000012
-7.10952957143259 0.000800000000000023
-7.10943043398002 0.000700000000000034
-7.10931914178307 0.000600000000000045
-7.10920072388881 0.000499999999999945
-7.10908713159905 0.000399999999999956
-7.10897252560955 0.000299999999999967
-7.10885048999079 0.000199999999999978
-7.10874324437627 9.9999999999989e-05
-7.10865116559405 0
