# Fix print output for fix f5
-6.71705933274402 1
-6.71701084633427 0.9999
-6.71694465383091 0.9998
-6.71682450572878 0.9997
-6.71666758706805 0.9996
-6.71647331573921 0.9995
-6.71627643903258 0.9994
-6.71608456246076 0.9993
-6.71588269303312 0.9992
-6.71565795750272 0.9991
-6.71541652472284 0.999
-6.71520729270076 0.9989
-6.71499559843244 0.9988
-6.71478539591314 0.9987
-6.71456976640376 0.9986
-6.71437904878684 0.9985
-6.71419176505853 0.9984
-6.71399775218345 0.9983
-6.71383433287391 0.9982
-6.7136859678588 0.9981
-6.71359457852821 0.998
-6.71348775246312 0.9979
-6.71335107928495 0.9978
-6.71320239291017 0.9977
-6.71303611199934 0.9976
-6.71289526578772 0.9975
-6.712735024253 0.9974
-6.71257829733805 0.9973
-6.71243705527075 0.9972
-6.71233949218132 0.9971
-6.71223652445181 0.997
-6.71211856793048 0.9969
-6.71205815404786 0.9968
-6.71199776381073 0.9967
-6.71195971207739 0.9966
-6.71196073285785 0.9965
-6.711983852274 0.9964
-6.71203301546362 0.9963
-6.7120877452851 0.9962
-6.71213722031722 0.9961
-6.71218662158017 0.996
-6.71224691537433 0.9959
-6.71230073564062 0.9958
-6.71234512168335 0.9957
-6.71243212148106 0.9956
-6.71255244653901 0.9955
-6.71266032572683 0.9954
-6.71279745825749 0.9953
-6.71295683216501 0.9952
-6.71312336793546 0.9951
-6.71333060538851 0.995
-6.7135204793002 0.9949
-6.71375172465881 0.9948
-6.71398828504531 0.9947
-6.71423400080144 0.9946
-6.71450036426512 0.9945
-6.71477600919 0.9944
-6.7150554952937 0.9943
-6.71536409058196 0.9942
-6.71567943809025 0.9941
-6.71600845110593 0.994
-6.71629280944958 0.9939
-6.71655376401976 0.9938
-6.71681793995264 0.9937
-6.71709153839198 0.9936
-6.7173749618845 0.9935
-6.71765946579467 0.9934
-6.71792747014553 0.9933
-6.71814975411367 0.9932
-6.71834483299893 0.9931
-6.71850408747922 0.993
-6.71868163210512 0.9929
-6.71887443130521 0.9928
-6.71904680506057 0.9927
-6.71921094084914 0.9926
-6.71939063788172 0.9925
-6.71956937514686 0.9924
-6.71972741380451 0.9923
-6.71984995739609 0.9922
-6.71994942595877 0.9921
-6.72003976706426 0.992
-6.72013977711758 0.9919
-6.7202276419803 0.9918
-6.72031900334084 0.9917
-6.72042100012493 0.9916
-6.72054266249299 0.9915
-6.72066721464605 0.9914
-6.72079576503667 0.9913
-6.72091320185055 0.9912
-6.7210464865916 0.9911
-6.72121029375295 0.991
-6.72138840076921 0.9909
-6.72151333710967 0.9908
-6.72164645230602 0.9907
-6.72173509677188 0.9906
-6.72182673881177 0.9905
-6.72192231349623 0.9904
-6.72203621883093 0.9903
-6.72215707543289 0.9902
-6.72225988366651 0.9901
-6.72235348976686 0.99
-6.72244473352851 0.9899
-6.72255550140231 0.9898
-6.72270630712121 0.9897
-6.72285820825904 0.9896
-6.72300463777817 0.9895
-6.72314024664958 0.9894
-6.72327840728987 0.9893
-6.72341193294722 0.9892
-6.72355368868894 0.9891
-6.72368641773199 0.989
-6.72379301408524 0.9889
-6.7239027709293 0.9888
-6.72399498553657 0.9887
-6.72408578487976 0.9886
-6.72420302174561 0.9885
-6.72431829249523 0.9884
-6.72442198339779 0.9883
-6.7245049375385 0.9882
-6.72455667507759 0.9881
-6.72458646592475 0.988
-6.72458624247198 0.9879
-6.72453990949743 0.9878
-6.72451581477815 0.9877
-6.72446297802603 0.9876
-6.72440040233462 0.9875
-6.72432507308987 0.9874
-6.7242314539122 0.9873
-6.72414234107421 0.9872
-6.7240200531938 0.9871
-6.72388745620342 0.987
-6.72374866059834 0.9869
-6.72363796073006 0.9868
-6.72351213967999 0.9867
-6.72334630252548 0.9866
-6.72319680179501 0.9865
-6.72302842450489 0.9864
-6.7228664226787 0.9863
-6.72273049434099 0.9862
-6.72260752034725 0.9861
-6.72248966561399 0.986
-6.72238549143094 0.9859
-6.72224776917702 0.9858
-6.72213669902277 0.9857
-6.72205837497687 0.9856
-6.72200178042291 0.9855
-6.72195460110893 0.9854
-6.721895808206 0.9853
-6.72184243847275 0.9852
-6.72180832924374 0.9851
-6.7217978360247 0.985
-6.72179872200105 0.9849
-6.72181073795172 0.9848
-6.72181934863211 0.9847
-6.72182689177859 0.9846
-6.72181423011401 0.9845
-6.7218226831695 0.9844
-6.72183855088261 0.9843
-6.72188031441755 0.9842
-6.72194972711209 0.9841
-6.72204233151392 0.984
-6.72216528982104 0.9839
-6.72227538038191 0.9838
-6.72239589694031 0.9837
-6.72250792527754 0.9836
-6.72263099906847 0.9835
-6.72276264106524 0.9834
-6.72291989180406 0.9833
-6.72311368579317 0.9832
-6.72328464677559 0.9831
-6.72345597251703 0.983
-6.72364011956808 0.9829
-6.72380427652414 0.9828
-6.72393351729406 0.9827
-6.72404708525199 0.9826
-6.72409148193414 0.9825
-6.72410407034269 0.9824
-6.7240977122697 0.9823
-6.72404952179111 0.9822
-6.72398056675584 0.9821
-6.72386252683601 0.982
-6.72373232623504 0.9819
-6.72355872519253 0.9818
-6.72339769801119 0.9817
-6.72322223881188 0.9816
-6.72302587831318 0.9815
-6.72281801169542 0.9814
-6.72263249701032 0.9813
-6.72244708702124 0.9812
-6.72230296544954 0.9811
-6.72218800322013 0.981
-6.7221081011424 0.9809
-6.72210731802318 0.9808
-6.7221637404519 0.9807
-6.72227537663198 0.9806
-6.72243104841832 0.9805
-6.72261609409498 0.9804
-6.72280919696001 0.9803
-6.72302937923217 0.9802
-6.72327644115642 0.9801
-6.72354959510261 0.98
-6.72382955784535 0.9799
-6.7241056599234 0.9798
-6.72440532336152 0.9797
-6.724723528515 0.9796
-6.72504502444303 0.9795
-6.72538695155947 0.9794
-6.72570844999443 0.9793
-6.72601693196563 0.9792
-6.72632342699155 0.9791
-6.72666495530016 0.979
-6.72702055969978 0.9789
-6.72737573651906 0.9788
-6.72774119415863 0.9787
-6.72810811706752 0.9786
-6.72847528069789 0.9785
-6.72887060520655 0.9784
-6.72927094813825 0.9783
-6.72966027054032 0.9782
-6.73000756883273 0.9781
-6.73034324388329 0.978
-6.73067460082114 0.9779
-6.73103443122517 0.9778
-6.73134577407349 0.9777
-6.73160548487358 0.9776
-6.73183407074937 0.9775
-6.73200252503611 0.9774
-6.73216359036495 0.9773
-6.73228564711183 0.9772
-6.73239534503686 0.9771
-6.73246449564962 0.977
-6.73251517681106 0.9769
-6.73253133659414 0.9768
-6.73252439307655 0.9767
-6.73250143919709 0.9766
-6.73243383983861 0.9765
-6.73236696142892 0.9764
-6.73230886140647 0.9763
-6.73223523538612 0.9762
-6.73213230158768 0.9761
-6.73199802245574 0.976
-6.73185468848474 0.9759
-6.73170430711482 0.9758
-6.73157552611219 0.9757
-6.73143424213817 0.9756
-6.73132634581258 0.9755
-6.73122107632642 0.9754
-6.73115637391278 0.9753
-6.73110469242194 0.9752
-6.73105919556524 0.9751
-6.73101895109667 0.975
-6.73100965715427 0.9749
-6.73097500205912 0.9748
-6.73096335216856 0.9747
-6.73096850026231 0.9746
-6.73102508064373 0.9745
-6.73110496379323 0.9744
-6.73120675988361 0.9743
-6.73134904396308 0.9742
-6.73146258266663 0.9741
-6.73155059054494 0.974
-6.73165834463756 0.9739
-6.73176218277376 0.9738
-6.73188744047383 0.9737
-6.73201349948633 0.9736
-6.73216273715869 0.9735
-6.73229466927292 0.9734
-6.73243779856925 0.9733
-6.73260897674568 0.9732
-6.73276927830976 0.9731
-6.73290672286887 0.973
-6.73305841941531 0.9729
-6.73319192190083 0.9728
-6.73331785271714 0.9727
-6.73338317057455 0.9726
-6.73341816754614 0.9725
-6.73342394705003 0.9724
-6.73341641057393 0.9723
-6.73339046490954 0.9722
-6.73332228834527 0.9721
-6.73323696353617 0.972
-6.73309727316294 0.9719
-6.73291988760591 0.9718
-6.73272621090733 0.9717
-6.7325450380061 0.9716
-6.73237191470866 0.9715
-6.73222431472698 0.9714
-6.73212001669257 0.9713
-6.73203745759056 0.9712
-6.73201717061908 0.9711
-6.73204837719709 0.971
-6.73210912767599 0.9709
-6.73219385818797 0.9708
-6.73229680198756 0.9707
-6.73238714940274 0.9706
-6.73252138525352 0.9705
-6.73266410081625 0.9704
-6.73282993437377 0.9703
-6.73300757505372 0.9702
-6.73319263331597 0.9701
-6.73337267258868 0.97
-6.73356573484652 0.9699
-6.73373963007924 0.9698
-6.73391304663579 0.9697
-6.73411697955359 0.9696
-6.73435654165646 0.9695
-6.73464774248583 0.9694
-6.73490836914431 0.9693
-6.73515083639312 0.9692
-6.73537013635972 0.9691
-6.73555155432244 0.969
-6.73570941032709 0.9689
-6.73584478593814 0.9688
-6.73593171236943 0.9687
-6.73597579734133 0.9686
-6.73600221365048 0.9685
-6.73602864282998 0.9684
-6.73599700716118 0.9683
-6.73590398529418 0.9682
-6.73578288093241 0.9681
-6.73565964506892 0.968
-6.73552126428189 0.9679
-6.73535895086355 0.9678
-6.73519055248064 0.9677
-6.73501303163073 0.9676
-6.73480405720348 0.9675
-6.73455701620407 0.9674
-6.73428117714253 0.9673
-6.73400907780306 0.9672
-6.73373535850119 0.9671
-6.73345225275408 0.967
-6.73316197053548 0.9669
-6.73284280721647 0.9668
-6.73254642025614 0.9667
-6.73224157446676 0.9666
-6.7319113761651 0.9665
-6.73157865628107 0.9664
-6.73123703098092 0.9663
-6.73088001434534 0.9662
-6.73052170883513 0.9661
-6.73018294504463 0.966
-6.72983526310313 0.9659
-6.72954881897122 0.9658
-6.72930115980949 0.9657
-6.72912470447286 0.9656
-6.72898600366647 0.9655
-6.72890623669726 0.9654
-6.72885633157846 0.9653
-6.72879554786625 0.9652
-6.72878953367733 0.9651
-6.72883095750255 0.965
-6.72890245281347 0.9649
-6.7290022636616 0.9648
-6.72911162847245 0.9647
-6.72926318235408 0.9646
-6.72942072461383 0.9645
-6.72961731590102 0.9644
-6.72979538858311 0.9643
-6.72996812402338 0.9642
-6.73016669532436 0.9641
-6.73042335675408 0.964
-6.7306875453517 0.9639
-6.73098820138482 0.9638
-6.73133840490343 0.9637
-6.73172932758739 0.9636
-6.73212763037287 0.9635
-6.73258821154317 0.9634
-6.73308161243988 0.9633
-6.73356901219341 0.9632
-6.73401275045756 0.9631
-6.73443117291652 0.963
-6.73483146028898 0.9629
-6.7352164823503 0.9628
-6.73556012450761 0.9627
-6.73589547994301 0.9626
-6.73621042815287 0.9625
-6.7365106901697 0.9624
-6.73680311513242 0.9623
-6.73702725651048 0.9622
-6.73717289381486 0.9621
-6.73726115200133 0.962
-6.7373627612263 0.9619
-6.73745732850591 0.9618
-6.73754257573101 0.9617
-6.73760852859513 0.9616
-6.73769195295522 0.9615
-6.73777251572935 0.9614
-6.73783428776058 0.9613
-6.73785961918285 0.9612
-6.73784512476395 0.9611
-6.73783958741764 0.961
-6.73783089849587 0.9609
-6.73783290038107 0.9608
-6.73780425445052 0.9607
-6.73775219213823 0.9606
-6.73767902774782 0.9605
-6.73761857602889 0.9604
-6.73754499271553 0.9603
-6.73747664304747 0.9602
-6.73742351690471 0.9601
-6.73742773862934 0.96
-6.73743941625673 0.9599
-6.73746374995403 0.9598
-6.73747350253375 0.9597
-6.73744840993101 0.9596
-6.73742924053055 0.9595
-6.73742088501785 0.9594
-6.73739231479715 0.9593
-6.73740064794885 0.9592
-6.73742788222244 0.9591
-6.73745051530458 0.959
-6.73750151449413 0.9589
-6.73757392475944 0.9588
-6.73765179171538 0.9587
-6.73773877373407 0.9586
-6.73785800669464 0.9585
-6.73797653198147 0.9584
-6.73810293863547 0.9583
-6.73820442718028 0.9582
-6.73831653986363 0.9581
-6.73842122862714 0.958
-6.73854857537829 0.9579
-6.7386603338376 0.9578
-6.73877660136351 0.9577
-6.73885480739221 0.9576
-6.73892268712924 0.9575
-6.73899606932391 0.9574
-6.73907349089369 0.9573
-6.7391400582763 0.9572
-6.73920065415304 0.9571
-6.73929077545497 0.957
-6.73937946668921 0.9569
-6.73946699946205 0.9568
-6.73953541789905 0.9567
-6.73955707576683 0.9566
-6.73957564013023 0.9565
-6.73958282708381 0.9564
-6.73957966180978 0.9563
-6.73955994885434 0.9562
-6.73953055377284 0.9561
-6.73951000406022 0.956
-6.7394812590881 0.9559
-6.73947436079608 0.9558
-6.73944794149632 0.9557
-6.7393932074839 0.9556
-6.73937910119012 0.9555
-6.73937958307501 0.9554
-6.73939094331569 0.9553
-6.73939400772374 0.9552
-6.7394223367119 0.9551
-6.73947171031368 0.955
-6.73956453482468 0.9549
-6.73966932598144 0.9548
-6.73982554702466 0.9547
-6.74000250699507 0.9546
-6.74018203385066 0.9545
-6.74037331724819 0.9544
-6.74056983011924 0.9543
-6.74079717528942 0.9542
-6.74102324029224 0.9541
-6.74122774102957 0.954
-6.74146345459853 0.9539
-6.74171567038561 0.9538
-6.7419724341069 0.9537
-6.74223980613033 0.9536
-6.74248582018736 0.9535
-6.74271633784683 0.9534
-6.74293160993494 0.9533
-6.74312797714342 0.9532
-6.74331976587972 0.9531
-6.74346085930003 0.953
-6.74355525313709 0.9529
-6.74362963109633 0.9528
-6.7436686852877 0.9527
-6.74368869646369 0.9526
-6.74367863697189 0.9525
-6.74362880538618 0.9524
-6.74355157089477 0.9523
-6.74347804595852 0.9522
-6.74343756408141 0.9521
-6.74338302104619 0.952
-6.74328810153405 0.9519
-6.74322156843916 0.9518
-6.74315479188197 0.9517
-6.74307882723659 0.9516
-6.74304202349933 0.9515
-6.74301357411863 0.9514
-6.74299876428604 0.9513
-6.74298408313601 0.9512
-6.74297013449588 0.9511
-6.74297524656087 0.951
-6.74297330723455 0.9509
-6.74299826516637 0.9508
-6.74303188853534 0.9507
-6.74307353558441 0.9506
-6.74312301055664 0.9505
-6.74318114369336 0.9504
-6.74329951955152 0.9503
-6.74342762899733 0.9502
-6.74353351597048 0.9501
-6.74364411165599 0.95
-6.743746000656 0.9499
-6.74384749061901 0.9498
-6.7439222353279 0.9497
-6.74396861183382 0.9496
-6.74401000993142 0.9495
-6.74404401763112 0.9494
-6.74408742607065 0.9493
-6.74414357922594 0.9492
-6.74420444897008 0.9491
-6.74422808396416 0.949
-6.7442044280572 0.9489
-6.74418873979766 0.9488
-6.74417727217265 0.9487
-6.7441751163945 0.9486
-6.7442129898595 0.9485
-6.74424426642218 0.9484
-6.74425745043826 0.9483
-6.74424821887248 0.9482
-6.74426183337538 0.9481
-6.74430214838864 0.948
-6.74433739240197 0.9479
-6.74437885380543 0.9478
-6.74448805510445 0.9477
-6.74460497151617 0.9476
-6.74473233204396 0.9475
-6.74486420252699 0.9474
-6.74499980944212 0.9473
-6.7451395843942 0.9472
-6.74526465509529 0.9471
-6.74538935067555 0.947
-6.74551367374209 0.9469
-6.74563693073784 0.9468
-6.74578329815564 0.9467
-6.74590818435182 0.9466
-6.74604902038238 0.9465
-6.74619449746235 0.9464
-6.74634151437151 0.9463
-6.74648035269726 0.9462
-6.74662225775119 0.9461
-6.74676617453563 0.946
-6.7469192632957 0.9459
-6.74705871450074 0.9458
-6.74717718216436 0.9457
-6.74730331188429 0.9456
-6.74739632498642 0.9455
-6.74746694467085 0.9454
-6.74753359108627 0.9453
-6.74761960994644 0.9452
-6.74766112971677 0.9451
-6.74765968007313 0.945
-6.7476189486897 0.9449
-6.74757050459153 0.9448
-6.74753359629725 0.9447
-6.74748052501729 0.9446
-6.74744485052366 0.9445
-6.74742985524601 0.9444
-6.74740689034342 0.9443
-6.74737225727454 0.9442
-6.74734633407816 0.9441
-6.74730456895929 0.944
-6.74724233927902 0.9439
-6.74712613330974 0.9438
-6.74697360507111 0.9437
-6.74682650668459 0.9436
-6.74669193186849 0.9435
-6.74654774409713 0.9434
-6.74638279487581 0.9433
-6.74619297748333 0.9432
-6.74599721378687 0.9431
-6.74582366684795 0.943
-6.74566544984815 0.9429
-6.74552522854603 0.9428
-6.74540346004458 0.9427
-6.74529847688551 0.9426
-6.7452145699197 0.9425
-6.74513724035503 0.9424
-6.74503300762583 0.9423
-6.74495661229604 0.9422
-6.74490024729309 0.9421
-6.74480943030908 0.942
-6.74470498333431 0.9419
-6.7446041351949 0.9418
-6.74449744522593 0.9417
-6.74437466506532 0.9416
-6.74427972883285 0.9415
-6.74422138272326 0.9414
-6.74417024379609 0.9413
-6.74413087725727 0.9412
-6.7440675826726 0.9411
-6.74403063081674 0.941
-6.74401144904791 0.9409
-6.74397369041082 0.9408
-6.74395454655912 0.9407
-6.74394820643865 0.9406
-6.74396424023009 0.9405
-6.7440137063342 0.9404
-6.74410449667834 0.9403
-6.744243362936 0.9402
-6.74441066102901 0.9401
-6.74459041555757 0.94
-6.74478049335444 0.9399
-6.74498616241166 0.9398
-6.74518131599514 0.9397
-6.7453929106757 0.9396
-6.74562081590165 0.9395
-6.74586120414327 0.9394
-6.74612141077342 0.9393
-6.74637908294761 0.9392
-6.74661920848714 0.9391
-6.74685631805785 0.939
-6.74709285493557 0.9389
-6.74730501870031 0.9388
-6.74752237515044 0.9387
-6.74770886565611 0.9386
-6.74786855054683 0.9385
-6.74800473901975 0.9384
-6.74814838004306 0.9383
-6.74828508303989 0.9382
-6.74845523820459 0.9381
-6.74858908500307 0.938
-6.74872216613697 0.9379
-6.74881939469508 0.9378
-6.74892216625232 0.9377
-6.74899749554815 0.9376
-6.74907696921503 0.9375
-6.74917371409086 0.9374
-6.74925019811499 0.9373
-6.74932223174842 0.9372
-6.74938285026383 0.9371
-6.74942642667403 0.937
-6.74947103129031 0.9369
-6.74952071859514 0.9368
-6.74957424870028 0.9367
-6.74963910409322 0.9366
-6.74968694847053 0.9365
-6.74972078025986 0.9364
-6.74973649335509 0.9363
-6.74977135812249 0.9362
-6.74983425949805 0.9361
-6.74990038303921 0.936
-6.74992142469425 0.9359
-6.74996709448217 0.9358
-6.74998388581012 0.9357
-6.74998657921212 0.9356
-6.74996216532318 0.9355
-6.74993781790456 0.9354
-6.74988748058649 0.9353
-6.7498282850969 0.9352
-6.74975865928788 0.9351
-6.7496988406154 0.935
-6.74960149457086 0.9349
-6.74947310808092 0.9348
-6.74935959393725 0.9347
-6.74920462634694 0.9346
-6.74905342867676 0.9345
-6.74888088928827 0.9344
-6.74870119575245 0.9343
-6.74851436230997 0.9342
-6.74835837562504 0.9341
-6.74822441900605 0.934
-6.74810321191324 0.9339
-6.7480069389851 0.9338
-6.74793191445306 0.9337
-6.74786550104263 0.9336
-6.74781738974421 0.9335
-6.74776494576411 0.9334
-6.7477454503562 0.9333
-6.74774268566068 0.9332
-6.74775212176022 0.9331
-6.74776859877224 0.933
-6.74779186943622 0.9329
-6.74781936423788 0.9328
-6.74784736371656 0.9327
-6.74788362568268 0.9326
-6.74791158940826 0.9325
-6.74795522673364 0.9324
-6.74801368599085 0.9323
-6.74811490128434 0.9322
-6.74822138941342 0.9321
-6.74831904009306 0.932
-6.74846226842702 0.9319
-6.74860467699325 0.9318
-6.74875382278436 0.9317
-6.7489591055574 0.9316
-6.74918290013685 0.9315
-6.74940976088505 0.9314
-6.74961540577374 0.9313
-6.74980281603647 0.9312
-6.7499999223263 0.9311
-6.75022252470674 0.931
-6.75043201721525 0.9309
-6.75064313263771 0.9308
-6.75087376659382 0.9307
-6.75108460733765 0.9306
-6.75131848267746 0.9305
-6.75156078485423 0.9304
-6.75180512278733 0.9303
-6.75204568036524 0.9302
-6.75227403172491 0.9301
-6.75249631571921 0.93
-6.75270958007091 0.9299
-6.75290194364621 0.9298
-6.75305941714225 0.9297
-6.75320981795808 0.9296
-6.75335689856048 0.9295
-6.75352478782679 0.9294
-6.75369229948565 0.9293
-6.7538486283895 0.9292
-6.75402768158882 0.9291
-6.75419452574513 0.929
-6.75434362229386 0.9289
-6.75447027864232 0.9288
-6.75459803206115 0.9287
-6.75474587799151 0.9286
-6.75488106113324 0.9285
-6.75502181427304 0.9284
-6.75515190154868 0.9283
-6.75529735987112 0.9282
-6.75544413581577 0.9281
-6.75558135314174 0.928
-6.75569708503354 0.9279
-6.75578679640594 0.9278
-6.75582397716976 0.9277
-6.75587673227628 0.9276
-6.75591309526127 0.9275
-6.75595896306752 0.9274
-6.7559907460532 0.9273
-6.7560398116269 0.9272
-6.75609037790824 0.9271
-6.75619542157844 0.927
-6.75629229823442 0.9269
-6.75639846544763 0.9268
-6.75654052785552 0.9267
-6.75665822437728 0.9266
-6.75680721610285 0.9265
-6.75696344136421 0.9264
-6.75710266071637 0.9263
-6.75724771666169 0.9262
-6.7574158491431 0.9261
-6.7575688683397 0.926
-6.75777700370046 0.9259
-6.75796538618292 0.9258
-6.75814663403892 0.9257
-6.75831166215707 0.9256
-6.7585047679687 0.9255
-6.75868783078825 0.9254
-6.75884216405948 0.9253
-6.75898525361219 0.9252
-6.75914105529792 0.9251
-6.75926968145605 0.925
-6.75938773903632 0.9249
-6.75950326593603 0.9248
-6.75961247283031 0.9247
-6.75971451033002 0.9246
-6.7598032864811 0.9245
-6.7598750588535 0.9244
-6.75990612700984 0.9243
-6.75988915650787 0.9242
-6.75988390183952 0.9241
-6.75990581161701 0.924
-6.75991234002965 0.9239
-6.75992270168822 0.9238
-6.75993474388779 0.9237
-6.75991510210067 0.9236
-6.75988783360555 0.9235
-6.7598808360211 0.9234
-6.75989003384608 0.9233
-6.75987824815053 0.9232
-6.75988167223402 0.9231
-6.75986317397865 0.923
-6.75987677091616 0.9229
-6.75991527400798 0.9228
-6.75995266029814 0.9227
-6.76001079151911 0.9226
-6.76005234413363 0.9225
-6.76010213122306 0.9224
-6.76013302400409 0.9223
-6.7601809190295 0.9222
-6.76020726285486 0.9221
-6.76021028742878 0.922
-6.76019557379015 0.9219
-6.76019516702963 0.9218
-6.76021279541087 0.9217
-6.76023788713656 0.9216
-6.76028018277527 0.9215
-6.76032118138723 0.9214
-6.76035327908579 0.9213
-6.76037804962221 0.9212
-6.76038033649176 0.9211
-6.76035980667012 0.921
-6.76035347908354 0.9209
-6.76037818679598 0.9208
-6.76042005537391 0.9207
-6.76044592004215 0.9206
-6.76047877185741 0.9205
-6.76051085463573 0.9204
-6.760549617448 0.9203
-6.76054560866622 0.9202
-6.76054654257032 0.9201
-6.76052576582463 0.92
-6.76050709472548 0.9199
-6.76048728087441 0.9198
-6.76045682804998 0.9197
-6.76042032423414 0.9196
-6.76037769322335 0.9195
-6.76031432675492 0.9194
-6.76025399579192 0.9193
-6.76017479824915 0.9192
-6.76009155229719 0.9191
-6.76000891797254 0.919
-6.75991623629882 0.9189
-6.75981785599992 0.9188
-6.75970932741058 0.9187
-6.75959695682153 0.9186
-6.75947619432663 0.9185
-6.75936458460285 0.9184
-6.75924130077572 0.9183
-6.75910534477788 0.9182
-6.75898252218842 0.9181
-6.75885784158393 0.918
-6.75874204192267 0.9179
-6.75864171117858 0.9178
-6.75853353675356 0.9177
-6.75841196963892 0.9176
-6.75826291725332 0.9175
-6.75812775251764 0.9174
-6.75797271993938 0.9173
-6.75782091922449 0.9172
-6.75766167152143 0.9171
-6.75751235784789 0.917
-6.75735508226425 0.9169
-6.75719865650791 0.9168
-6.75703008100058 0.9167
-6.75688960648406 0.9166
-6.75677962427829 0.9165
-6.75665961159803 0.9164
-6.75655312413093 0.9163
-6.75648730708771 0.9162
-6.75645580783388 0.9161
-6.75643097033907 0.916
-6.75644082498577 0.9159
-6.75645742646086 0.9158
-6.75649546527106 0.9157
-6.75655046387538 0.9156
-6.75662195169689 0.9155
-6.75669087122411 0.9154
-6.75679373048439 0.9153
-6.756898456874 0.9152
-6.75700980686263 0.9151
-6.75709813382518 0.915
-6.75720938862262 0.9149
-6.75735748935636 0.9148
-6.75748860054367 0.9147
-6.75761434727508 0.9146
-6.75772930152528 0.9145
-6.75784674632925 0.9144
-6.7579585889735 0.9143
-6.75807507508549 0.9142
-6.75818611194394 0.9141
-6.75832659632761 0.914
-6.75848251231526 0.9139
-6.75866850871828 0.9138
-6.75886179870981 0.9137
-6.75906167873514 0.9136
-6.75929953249013 0.9135
-6.7595155804778 0.9134
-6.75971479831088 0.9133
-6.75990317358905 0.9132
-6.76014778729491 0.9131
-6.7603785615676 0.913
-6.76055669689256 0.9129
-6.76074033185758 0.9128
-6.76092552262367 0.9127
-6.76107303794128 0.9126
-6.76122617642383 0.9125
-6.76137424273209 0.9124
-6.76153781825644 0.9123
-6.76164509998106 0.9122
-6.76173690067439 0.9121
-6.76179027432871 0.912
-6.7618588006577 0.9119
-6.76188287779568 0.9118
-6.76189614150197 0.9117
-6.76188250310302 0.9116
-6.76186347571903 0.9115
-6.76181192811157 0.9114
-6.76175876124655 0.9113
-6.761661019844 0.9112
-6.76154149341073 0.9111
-6.76140323342741 0.911
-6.76129174234694 0.9109
-6.76117103277399 0.9108
-6.76104018246494 0.9107
-6.76086910686172 0.9106
-6.76069585999649 0.9105
-6.76053578048676 0.9104
-6.76035935888313 0.9103
-6.76018183005255 0.9102
-6.76000362248078 0.9101
-6.75982101700732 0.91
-6.75963338174657 0.9099
-6.75946549381452 0.9098
-6.75932332138444 0.9097
-6.75918947425551 0.9096
-6.75905009129148 0.9095
-6.75888850327431 0.9094
-6.7587339232656 0.9093
-6.75854440504473 0.9092
-6.75832761767021 0.9091
-6.75810970639738 0.909
-6.75787272787789 0.9089
-6.75760679903166 0.9088
-6.75731821457659 0.9087
-6.75704911423082 0.9086
-6.75677500180099 0.9085
-6.75649957013802 0.9084
-6.75625843365046 0.9083
-6.75601057546282 0.9082
-6.75576089049917 0.9081
-6.75551508392214 0.908
-6.75529327508482 0.9079
-6.75508359632813 0.9078
-6.75486857454713 0.9077
-6.75470148460793 0.9076
-6.75452910222474 0.9075
-6.75440685661847 0.9074
-6.75430302047476 0.9073
-6.75420322333202 0.9072
-6.75415359297091 0.9071
-6.75412865358479 0.907
-6.75413219981895 0.9069
-6.75415430934679 0.9068
-6.75422809609632 0.9067
-6.75434512025152 0.9066
-6.75448893541313 0.9065
-6.75464578792407 0.9064
-6.75484742202196 0.9063
-6.75508638091349 0.9062
-6.75533622961608 0.9061
-6.75561067964709 0.906
-6.7559133516118 0.9059
-6.75620844115169 0.9058
-6.75653574078521 0.9057
-6.75689943556084 0.9056
-6.75728861306077 0.9055
-6.75766681861437 0.9054
-6.75803144240243 0.9053
-6.75838546324745 0.9052
-6.75873198593835 0.9051
-6.75906534124823 0.905
-6.75939801618216 0.9049
-6.75973545693871 0.9048
-6.76005439924624 0.9047
-6.76038187209973 0.9046
-6.76069324333824 0.9045
-6.76102045943841 0.9044
-6.76134291163503 0.9043
-6.76164126927371 0.9042
-6.76192365517337 0.9041
-6.7621678613786 0.904
-6.76239630286287 0.9039
-6.76260508310959 0.9038
-6.76276798740575 0.9037
-6.76289662477759 0.9036
-6.76298814697781 0.9035
-6.76305242753319 0.9034
-6.7631251387528 0.9033
-6.76319494379566 0.9032
-6.76325523896903 0.9031
-6.76329080837365 0.903
-6.76330520975538 0.9029
-6.76330660182662 0.9028
-6.76329238008204 0.9027
-6.76327318691009 0.9026
-6.76321718142747 0.9025
-6.76317427847098 0.9024
-6.76313892974989 0.9023
-6.76310489619273 0.9022
-6.7630459112776 0.9021
-6.763004727537 0.902
-6.76297098033167 0.9019
-6.76292517441599 0.9018
-6.76286643541792 0.9017
-6.76282639990784 0.9016
-6.76273010706952 0.9015
-6.76261966230587 0.9014
-6.76252605076069 0.9013
-6.76242651425607 0.9012
-6.76230453243188 0.9011
-6.76215546620651 0.901
-6.7620359616568 0.9009
-6.76191880742224 0.9008
-6.76180410270989 0.9007
-6.76167299984363 0.9006
-6.7615044009044 0.9005
-6.76136363016515 0.9004
-6.76121520409864 0.9003
-6.76109234517312 0.9002
-6.76100783902167 0.9001
-6.76089831691383 0.9
-6.76080815190637 0.8999
-6.76071677541486 0.8998
-6.7606363143703 0.8997
-6.76058544844333 0.8996
-6.76056576890069 0.8995
-6.76057310134574 0.8994
-6.76060745848405 0.8993
-6.76065178638172 0.8992
-6.76068656703073 0.8991
-6.76072406372275 0.899
-6.7607880646238 0.8989
-6.76086184003922 0.8988
-6.76090986191208 0.8987
-6.76097625316472 0.8986
-6.76109591940554 0.8985
-6.76123827721842 0.8984
-6.76143337641778 0.8983
-6.76163823601381 0.8982
-6.76186556290661 0.8981
-6.76211842617787 0.898
-6.76236546297993 0.8979
-6.76259345102631 0.8978
-6.76280648060969 0.8977
-6.76302769610801 0.8976
-6.76320958622749 0.8975
-6.76333318481998 0.8974
-6.76344833417312 0.8973
-6.76352511426644 0.8972
-6.7635654057436 0.8971
-6.76360076947512 0.897
-6.76360840556973 0.8969
-6.76355988904071 0.8968
-6.76350632172175 0.8967
-6.76343401734081 0.8966
-6.76334091028221 0.8965
-6.76325993949914 0.8964
-6.76316728727871 0.8963
-6.76306751934488 0.8962
-6.76298092282703 0.8961
-6.76291777110048 0.896
-6.76283759778621 0.8959
-6.76274623937541 0.8958
-6.76267599426735 0.8957
-6.76259861734983 0.8956
-6.76253302375425 0.8955
-6.76250243246244 0.8954
-6.76246028440878 0.8953
-6.76240956564867 0.8952
-6.76238339165505 0.8951
-6.76235026472048 0.895
-6.76231717809939 0.8949
-6.76229765164951 0.8948
-6.76228310047009 0.8947
-6.76228609387903 0.8946
-6.7623018332228 0.8945
-6.76231270064055 0.8944
-6.76231795068356 0.8943
-6.76232060428847 0.8942
-6.76234588727502 0.8941
-6.76237312420578 0.894
-6.76240037440105 0.8939
-6.76243310257593 0.8938
-6.7624579632202 0.8937
-6.7624597024058 0.8936
-6.76247583286131 0.8935
-6.76247967317658 0.8934
-6.76250209770369 0.8933
-6.76255167270233 0.8932
-6.76263158198654 0.8931
-6.76275004652066 0.893
-6.76288227403842 0.8929
-6.76299741058257 0.8928
-6.76314547424247 0.8927
-6.76329881318618 0.8926
-6.76346038842924 0.8925
-6.76365521069831 0.8924
-6.76389003159588 0.8923
-6.76409236435066 0.8922
-6.76426447729905 0.8921
-6.76442228595357 0.892
-6.76458241849309 0.8919
-6.76475706340094 0.8918
-6.76489478693852 0.8917
-6.76501911939288 0.8916
-6.76513185253921 0.8915
-6.76522706429428 0.8914
-6.76530958132618 0.8913
-6.76539079326493 0.8912
-6.76543551902 0.8911
-6.76541568807858 0.891
-6.76536658991005 0.8909
-6.76528579060876 0.8908
-6.76519402729163 0.8907
-6.76507231594918 0.8906
-6.76495060557769 0.8905
-6.76484365897183 0.8904
-6.76471420394647 0.8903
-6.76458505989842 0.8902
-6.76444729333386 0.8901
-6.76433895840837 0.89
-6.76425969603866 0.8899
-6.76419668258029 0.8898
-6.76416315938898 0.8897
-6.76412924775666 0.8896
-6.76410930227305 0.8895
-6.7641040096048 0.8894
-6.76410955019629 0.8893
-6.76414448292272 0.8892
-6.76420719553601 0.8891
-6.76427825025966 0.889
-6.76439549729643 0.8889
-6.76454407267785 0.8888
-6.76468403972428 0.8887
-6.76481772011017 0.8886
-6.76497933438477 0.8885
-6.76518515462647 0.8884
-6.76537741685808 0.8883
-6.76559846374413 0.8882
-6.76583985892151 0.8881
-6.76609145038244 0.888
-6.76634797103858 0.8879
-6.76660866057554 0.8878
-6.76686998656681 0.8877
-6.7671695680512 0.8876
-6.76747187253996 0.8875
-6.7677484698032 0.8874
-6.7680288404831 0.8873
-6.76830104354068 0.8872
-6.76856070333975 0.8871
-6.76880392907476 0.887
-6.7690428413418 0.8869
-6.76926733045736 0.8868
-6.76946046024894 0.8867
-6.76964805170525 0.8866
-6.76982655807832 0.8865
-6.76999171005623 0.8864
-6.77014182167877 0.8863
-6.77027163642933 0.8862
-6.77039821695783 0.8861
-6.77051642094405 0.886
-6.77060104194512 0.8859
-6.77066540616949 0.8858
-6.77070546879306 0.8857
-6.77072107766383 0.8856
-6.77072136112831 0.8855
-6.77075611902863 0.8854
-6.77078239413881 0.8853
-6.77078147699933 0.8852
-6.77078737224028 0.8851
-6.77079420173107 0.885
-6.77077387989771 0.8849
-6.77076068612278 0.8848
-6.77075307541585 0.8847
-6.77077387213777 0.8846
-6.77081859849926 0.8845
-6.77088460975135 0.8844
-6.77099815830184 0.8843
-6.77111708179868 0.8842
-6.77125508926634 0.8841
-6.77138669589974 0.884
-6.77151496836555 0.8839
-6.77166323515452 0.8838
-6.77181261934388 0.8837
-6.77199494426982 0.8836
-6.77218957279724 0.8835
-6.772408391223 0.8834
-6.77261205253377 0.8833
-6.772797643429 0.8832
-6.77297134981407 0.8831
-6.77313826969264 0.883
-6.77328880141151 0.8829
-6.77344107133931 0.8828
-6.77358235727283 0.8827
-6.77374583274812 0.8826
-6.77391171149422 0.8825
-6.77405859973823 0.8824
-6.77420973570711 0.8823
-6.77437392632816 0.8822
-6.77451402749066 0.8821
-6.77465243083547 0.882
-6.77479020063349 0.8819
-6.77493994235908 0.8818
-6.77503502726633 0.8817
-6.77512716201591 0.8816
-6.77521335264565 0.8815
-6.7753197930766 0.8814
-6.77541546535353 0.8813
-6.7755032770359 0.8812
-6.77560167700768 0.8811
-6.77568932311987 0.881
-6.77577375935501 0.8809
-6.77583586915031 0.8808
-6.77587923766155 0.8807
-6.77592059829463 0.8806
-6.77596345474866 0.8805
-6.77600908352929 0.8804
-6.7760446880995 0.8803
-6.77606433751764 0.8802
-6.77607203962098 0.8801
-6.77605946315105 0.88
-6.7760634798493 0.8799
-6.77608669951891 0.8798
-6.77609180317634 0.8797
-6.77608597088499 0.8796
-6.77609115118243 0.8795
-6.77610427348412 0.8794
-6.77608484487872 0.8793
-6.77607492870759 0.8792
-6.77605003149691 0.8791
-6.77601596698177 0.879
-6.77598176745637 0.8789
-6.77597815474312 0.8788
-6.77599936769816 0.8787
-6.77601999363826 0.8786
-6.77604156784798 0.8785
-6.77608257602353 0.8784
-6.77612704901941 0.8783
-6.77617597242773 0.8782
-6.77621502340077 0.8781
-6.77625763081771 0.878
-6.77629705849426 0.8779
-6.77631117465937 0.8778
-6.77632990615047 0.8777
-6.77636200288098 0.8776
-6.77638844704845 0.8775
-6.77642693129406 0.8774
-6.77647451634765 0.8773
-6.77650260187695 0.8772
-6.77650761527075 0.8771
-6.77646235903288 0.877
-6.77637903390716 0.8769
-6.77628729524213 0.8768
-6.77616308430665 0.8767
-6.77602229480605 0.8766
-6.775851118228 0.8765
-6.77569085919203 0.8764
-6.77553211037624 0.8763
-6.77537238807429 0.8762
-6.77521150726523 0.8761
-6.77504712939136 0.876
-6.77490171367592 0.8759
-6.77476759363136 0.8758
-6.77465982899668 0.8757
-6.77457217242199 0.8756
-6.77450370389165 0.8755
-6.77448371115568 0.8754
-6.77450084011246 0.8753
-6.7745434925879 0.8752
-6.7746128630978 0.8751
-6.77471447424187 0.875
-6.77484497411093 0.8749
-6.77499550066157 0.8748
-6.77515913411449 0.8747
-6.77534799193186 0.8746
-6.77552340065523 0.8745
-6.77571846085988 0.8744
-6.77588048980411 0.8743
-6.77602762201518 0.8742
-6.77618376817952 0.8741
-6.77633527413629 0.874
-6.77649522802755 0.8739
-6.77664804688252 0.8738
-6.77679270560891 0.8737
-6.77690794926931 0.8736
-6.7770470609138 0.8735
-6.7771755342933 0.8734
-6.77729494644193 0.8733
-6.77742363650221 0.8732
-6.77753372086403 0.8731
-6.77762698877901 0.873
-6.77771824767454 0.8729
-6.77779965343727 0.8728
-6.77787132111149 0.8727
-6.77793638538681 0.8726
-6.77797888422715 0.8725
-6.77799155344283 0.8724
-6.77801368737142 0.8723
-6.77803369407901 0.8722
-6.7780392192845 0.8721
-6.77803561856809 0.872
-6.77801530804917 0.8719
-6.77799701186402 0.8718
-6.77797819483001 0.8717
-6.77792960165813 0.8716
-6.77785773982896 0.8715
-6.77778567912327 0.8714
-6.77769698349086 0.8713
-6.77761789826177 0.8712
-6.77752005797539 0.8711
-6.77743224361071 0.871
-6.77734581578958 0.8709
-6.77724522724682 0.8708
-6.77714354443851 0.8707
-6.77706200183658 0.8706
-6.77698034924773 0.8705
-6.77688718657486 0.8704
-6.77679353764527 0.8703
-6.77669661387207 0.8702
-6.77659926228098 0.8701
-6.77648268347839 0.87
-6.7763621219619 0.8699
-6.77621778462819 0.8698
-6.77604577107282 0.8697
-6.77589651567704 0.8696
-6.77569969265012 0.8695
-6.77546171015253 0.8694
-6.77522539992337 0.8693
-6.77500008827107 0.8692
-6.77475765291754 0.8691
-6.77452557649751 0.869
-6.77430253860877 0.8689
-6.77408571174479 0.8688
-6.77393939715584 0.8687
-6.77380465810534 0.8686
-6.77368038814492 0.8685
-6.77360048919684 0.8684
-6.77356061245804 0.8683
-6.77355336626564 0.8682
-6.77357870826673 0.8681
-6.77363780206629 0.868
-6.77373746948574 0.8679
-6.77386514921953 0.8678
-6.77402995058963 0.8677
-6.77423187964715 0.8676
-6.7744571743081 0.8675
-6.77470121888258 0.8674
-6.77497842185933 0.8673
-6.77527814235073 0.8672
-6.77559849000755 0.8671
-6.7759232693027 0.867
-6.77627867392812 0.8669
-6.77660399847026 0.8668
-6.77693103266562 0.8667
-6.7772494350515 0.8666
-6.7775904929357 0.8665
-6.77791717105613 0.8664
-6.77824196436749 0.8663
-6.77854579958085 0.8662
-6.77884021483996 0.8661
-6.77911029488704 0.866
-6.77936121679357 0.8659
-6.77960660251038 0.8658
-6.77983260531609 0.8657
-6.78001140671701 0.8656
-6.78016498114092 0.8655
-6.78031207295171 0.8654
-6.78047071954152 0.8653
-6.78061577685897 0.8652
-6.78074286898644 0.8651
-6.7808649596583 0.865
-6.78096131271718 0.8649
-6.78102313725088 0.8648
-6.78107289780435 0.8647
-6.78106958069519 0.8646
-6.78107978855058 0.8645
-6.78105487476336 0.8644
-6.78101975227034 0.8643
-6.78098354583276 0.8642
-6.78093608076851 0.8641
-6.78087438153433 0.864
-6.78081085818139 0.8639
-6.78075064776167 0.8638
-6.78067913244716 0.8637
-6.78060162065303 0.8636
-6.78052784024397 0.8635
-6.78046948122767 0.8634
-6.78039275847599 0.8633
-6.78029470778634 0.8632
-6.78018050808727 0.8631
-6.78007252291446 0.863
-6.77994689670081 0.8629
-6.77983779787692 0.8628
-6.77972159928829 0.8627
-6.77962975701319 0.8626
-6.7795088164183 0.8625
-6.77939645088798 0.8624
-6.77929628142519 0.8623
-6.77920870937519 0.8622
-6.77912673709053 0.8621
-6.77907963993363 0.862
-6.77907612736923 0.8619
-6.77908341186147 0.8618
-6.77911237918707 0.8617
-6.77916638869375 0.8616
-6.77923408627531 0.8615
-6.77929106621299 0.8614
-6.77938779954049 0.8613
-6.77950415500113 0.8612
-6.77964762948804 0.8611
-6.77977328684713 0.861
-6.77989552176837 0.8609
-6.78000520778497 0.8608
-6.780131010922 0.8607
-6.78024061051031 0.8606
-6.78034193140901 0.8605
-6.78043036007877 0.8604
-6.78051204287403 0.8603
-6.78059327221604 0.8602
-6.78065382952376 0.8601
-6.78070849853287 0.86
-6.78074483742774 0.8599
-6.78075126959154 0.8598
-6.78074896960786 0.8597
-6.78072660074512 0.8596
-6.78068867984136 0.8595
-6.78065510193937 0.8594
-6.78061667855255 0.8593
-6.78057326637404 0.8592
-6.78052194069644 0.8591
-6.78044459207191 0.859
-6.78034488680287 0.8589
-6.78023777188782 0.8588
-6.78013522685241 0.8587
-6.78004871478463 0.8586
-6.77996949530703 0.8585
-6.7799396993682 0.8584
-6.77990885716064 0.8583
-6.77986346642626 0.8582
-6.77984379455213 0.8581
-6.77982440575284 0.858
-6.77982771970759 0.8579
-6.77985015880424 0.8578
-6.77988689288583 0.8577
-6.77989930212932 0.8576
-6.77993492708501 0.8575
-6.77993772977067 0.8574
-6.77994713985249 0.8573
-6.77998675624423 0.8572
-6.7800120671025 0.8571
-6.78003719121372 0.857
-6.78007704909097 0.8569
-6.7801117780291 0.8568
-6.7801412581229 0.8567
-6.78018054963716 0.8566
-6.78023279558066 0.8565
-6.78028293471421 0.8564
-6.78033674352075 0.8563
-6.78037952766977 0.8562
-6.78042047659633 0.8561
-6.78045678100615 0.856
-6.78049068467344 0.8559
-6.78053124981971 0.8558
-6.78059457754853 0.8557
-6.78068734206858 0.8556
-6.78078489075133 0.8555
-6.78089519098657 0.8554
-6.78097689297852 0.8553
-6.78104812471025 0.8552
-6.78110962829869 0.8551
-6.78117221253315 0.855
-6.7812277651684 0.8549
-6.78126371046895 0.8548
-6.78128846407256 0.8547
-6.7813180772372 0.8546
-6.78132589451633 0.8545
-6.78132070164478 0.8544
-6.78130128709866 0.8543
-6.78126914692489 0.8542
-6.7812439542788 0.8541
-6.78123817289855 0.854
-6.78122378752776 0.8539
-6.78118578609018 0.8538
-6.78116132830744 0.8537
-6.78113035189585 0.8536
-6.7810940734445 0.8535
-6.78109025111172 0.8534
-6.78109897871973 0.8533
-6.78110802380175 0.8532
-6.78114719260944 0.8531
-6.78118662144159 0.853
-6.78124386871938 0.8529
-6.78129180214203 0.8528
-6.78133396073814 0.8527
-6.78137445604007 0.8526
-6.78138944812362 0.8525
-6.78141458314594 0.8524
-6.78142729244998 0.8523
-6.78144810176944 0.8522
-6.78146636699 0.8521
-6.78148199972318 0.852
-6.78148487407942 0.8519
-6.78148881414281 0.8518
-6.78147751292875 0.8517
-6.78146257461191 0.8516
-6.78145241123289 0.8515
-6.78143520097283 0.8514
-6.78144272180614 0.8513
-6.78145670409992 0.8512
-6.78150143210877 0.8511
-6.78153141314184 0.851
-6.78154867007291 0.8509
-6.78156472759235 0.8508
-6.78157717971871 0.8507
-6.78156964653618 0.8506
-6.78156067021314 0.8505
-6.78157182838537 0.8504
-6.78161351432054 0.8503
-6.78164839722114 0.8502
-6.78169217040884 0.8501
-6.78174522907357 0.85
-6.78183419972165 0.8499
-6.7819410908285 0.8498
-6.78203412554633 0.8497
-6.78214627969862 0.8496
-6.78226148982433 0.8495
-6.78238612500174 0.8494
-6.78249905032176 0.8493
-6.78267082003952 0.8492
-6.78286256536206 0.8491
-6.78304600041511 0.849
-6.78325199475086 0.8489
-6.78348115935517 0.8488
-6.78369367684729 0.8487
-6.78391217802866 0.8486
-6.78412465589262 0.8485
-6.78433093923511 0.8484
-6.7845094418235 0.8483
-6.78465940969564 0.8482
-6.78481702490233 0.8481
-6.78500104448049 0.848
-6.78516711822868 0.8479
-6.78534546314368 0.8478
-6.78554828110322 0.8477
-6.78575809571707 0.8476
-6.78595247018866 0.8475
-6.78615930086928 0.8474
-6.78637731204195 0.8473
-6.78657132572144 0.8472
-6.7867471507566 0.8471
-6.7869103960777 0.847
-6.78709175779179 0.8469
-6.78727195329014 0.8468
-6.78744553291368 0.8467
-6.78757558737799 0.8466
-6.78769255280931 0.8465
-6.7878303218118 0.8464
-6.78796587816729 0.8463
-6.78810474609225 0.8462
-6.78821604938348 0.8461
-6.78832255154905 0.846
-6.78839348577332 0.8459
-6.78841172442369 0.8458
-6.78842408159452 0.8457
-6.78843063289493 0.8456
-6.78843296586919 0.8455
-6.78842094079145 0.8454
-6.78844215347763 0.8453
-6.78845527074621 0.8452
-6.78844596701766 0.8451
-6.78848599273677 0.845
-6.7885030949422 0.8449
-6.78848470931152 0.8448
-6.78846282718507 0.8447
-6.78844114574295 0.8446
-6.78841085103574 0.8445
-6.78836853481935 0.8444
-6.78831130042398 0.8443
-6.78825463245684 0.8442
-6.78820450605118 0.8441
-6.7881772858441 0.844
-6.78814790566636 0.8439
-6.78810601185609 0.8438
-6.78804714212106 0.8437
-6.78800539223228 0.8436
-6.78797888732528 0.8435
-6.78796158360494 0.8434
-6.78796369400007 0.8433
-6.78800023643531 0.8432
-6.78804401074663 0.8431
-6.78807253231533 0.843
-6.78812322546162 0.8429
-6.78821202134966 0.8428
-6.78830536959585 0.8427
-6.78840358307912 0.8426
-6.78849822692131 0.8425
-6.78858395100769 0.8424
-6.78868178095925 0.8423
-6.78881692414498 0.8422
-6.78893727668897 0.8421
-6.78903661843358 0.842
-6.78912767000926 0.8419
-6.78920101614381 0.8418
-6.78928825967815 0.8417
-6.78935074741231 0.8416
-6.78939132297878 0.8415
-6.78939896952086 0.8414
-6.7894358534562 0.8413
-6.7894500423756 0.8412
-6.78945846810472 0.8411
-6.78945283067737 0.841
-6.78944410158956 0.8409
-6.78939277483215 0.8408
-6.78932330367474 0.8407
-6.78924448954596 0.8406
-6.78916071441993 0.8405
-6.78907658169499 0.8404
-6.78902935884316 0.8403
-6.78900592509748 0.8402
-6.78898175965139 0.8401
-6.78893495569412 0.84
-6.7889061732843 0.8399
-6.78886790178486 0.8398
-6.78881773630562 0.8397
-6.78878515209756 0.8396
-6.78875962578828 0.8395
-6.78873888912511 0.8394
-6.78872379248469 0.8393
-6.78871380413498 0.8392
-6.78867898873149 0.8391
-6.78863050687322 0.839
-6.78859270038276 0.8389
-6.7885498045637 0.8388
-6.78850701839946 0.8387
-6.78849413663992 0.8386
-6.78844520758223 0.8385
-6.78838294253256 0.8384
-6.78831699795307 0.8383
-6.78826028221768 0.8382
-6.78818443153648 0.8381
-6.78809141089857 0.838
-6.78801648183362 0.8379
-6.78793994772824 0.8378
-6.7878393958338 0.8377
-6.78772086521763 0.8376
-6.78761104365686 0.8375
-6.78751801590412 0.8374
-6.78742361488216 0.8373
-6.78730708568544 0.8372
-6.78718196551853 0.8371
-6.78707190857156 0.837
-6.78696013892647 0.8369
-6.78685181470674 0.8368
-6.78673929471633 0.8367
-6.78664121403753 0.8366
-6.78652105670775 0.8365
-6.78643074650117 0.8364
-6.78634602974267 0.8363
-6.78627981096735 0.8362
-6.78623393180235 0.8361
-6.78617580170571 0.836
-6.78612755239458 0.8359
-6.78605338911467 0.8358
-6.78595972292139 0.8357
-6.78587143694056 0.8356
-6.78578428378478 0.8355
-6.78569190277807 0.8354
-6.78560872662293 0.8353
-6.78555951659283 0.8352
-6.78554526910497 0.8351
-6.78553950412638 0.835
-6.78554627424865 0.8349
-6.785558043359 0.8348
-6.78559181252091 0.8347
-6.78564783682086 0.8346
-6.7857056804155 0.8345
-6.78575834265009 0.8344
-6.78580614953549 0.8343
-6.78589707530757 0.8342
-6.78596748656676 0.8341
-6.78605535592873 0.834
-6.78612515779221 0.8339
-6.78618338656443 0.8338
-6.78625260846147 0.8337
-6.78631286384094 0.8336
-6.78637919000459 0.8335
-6.78644698616442 0.8334
-6.78650979911116 0.8333
-6.78655503693631 0.8332
-6.78660835425063 0.8331
-6.7866428836084 0.833
-6.78668651145086 0.8329
-6.78672211592395 0.8328
-6.7867300865283 0.8327
-6.78675995512524 0.8326
-6.78678310872858 0.8325
-6.78679155612602 0.8324
-6.78677438982134 0.8323
-6.78674351593435 0.8322
-6.78674639494853 0.8321
-6.78676157906663 0.832
-6.78680423332261 0.8319
-6.78685098248522 0.8318
-6.78690424390885 0.8317
-6.78697757980124 0.8316
-6.78706471233428 0.8315
-6.78719217128361 0.8314
-6.78730834562749 0.8313
-6.78742245730291 0.8312
-6.78751631152948 0.8311
-6.78762737746155 0.831
-6.78774816710923 0.8309
-6.78787649957497 0.8308
-6.78799483060452 0.8307
-6.78811357178645 0.8306
-6.78822591610049 0.8305
-6.78829980930896 0.8304
-6.78838351744358 0.8303
-6.7884335979063 0.8302
-6.78848506359174 0.8301
-6.78851431819064 0.83
-6.78855437433471 0.8299
-6.78860952504628 0.8298
-6.78867257347688 0.8297
-6.78872116484803 0.8296
-6.78876809485223 0.8295
-6.78881956848844 0.8294
-6.78886899470104 0.8293
-6.78894547482901 0.8292
-6.78903694984711 0.8291
-6.78915722407095 0.829
-6.78929551654154 0.8289
-6.78946256557589 0.8288
-6.78962866474349 0.8287
-6.78977307330061 0.8286
-6.78987887843777 0.8285
-6.78996528205473 0.8284
-6.79004876742601 0.8283
-6.79013961671475 0.8282
-6.79025553230785 0.8281
-6.7903749314753 0.828
-6.79048093132309 0.8279
-6.79056436914563 0.8278
-6.79060549321525 0.8277
-6.79065395874838 0.8276
-6.7906539306843 0.8275
-6.79062644134427 0.8274
-6.79059922300707 0.8273
-6.79053217213999 0.8272
-6.79042450264892 0.8271
-6.79033170739891 0.827
-6.79023872177362 0.8269
-6.79015222884908 0.8268
-6.79006140617963 0.8267
-6.78995155783385 0.8266
-6.78988598966813 0.8265
-6.7898174730144 0.8264
-6.78979947698698 0.8263
-6.78978462033393 0.8262
-6.78978860038139 0.8261
-6.78983196602978 0.826
-6.78990492841245 0.8259
-6.78998955587263 0.8258
-6.79011188077901 0.8257
-6.79026912042027 0.8256
-6.79045223873243 0.8255
-6.7906548581847 0.8254
-6.79084629330796 0.8253
-6.79103795557401 0.8252
-6.79123754210969 0.8251
-6.79142140892317 0.825
-6.79158873191262 0.8249
-6.7917120884063 0.8248
-6.79179648776274 0.8247
-6.79186880539262 0.8246
-6.79191679972928 0.8245
-6.79195632589278 0.8244
-6.79197667166078 0.8243
-6.7919953620387 0.8242
-6.79198970282265 0.8241
-6.79200608743915 0.824
-6.79201506920158 0.8239
-6.79202310292628 0.8238
-6.79205433672391 0.8237
-6.79208655455566 0.8236
-6.79211388895261 0.8235
-6.79212966982492 0.8234
-6.79212693006565 0.8233
-6.79213580957625 0.8232
-6.79213756685068 0.8231
-6.79212500068872 0.823
-6.7921134116658 0.8229
-6.79210182868701 0.8228
-6.79207573896412 0.8227
-6.79203611313644 0.8226
-6.7920080827532 0.8225
-6.79199411403045 0.8224
-6.79195612107113 0.8223
-6.79194913766442 0.8222
-6.79193977382398 0.8221
-6.79194172614733 0.822
-6.79197030157254 0.8219
-6.79199568580921 0.8218
-6.79201456951982 0.8217
-6.79206966103411 0.8216
-6.79211945827507 0.8215
-6.79216265575237 0.8214
-6.7922468713447 0.8213
-6.79232480288553 0.8212
-6.79242441656704 0.8211
-6.7925114253796 0.821
-6.79258838955472 0.8209
-6.79267446482693 0.8208
-6.79276174408283 0.8207
-6.79284484269782 0.8206
-6.79293295703843 0.8205
-6.79302626058722 0.8204
-6.79309268487279 0.8203
-6.79315371781166 0.8202
-6.79319739152059 0.8201
-6.79326299079489 0.82
-6.79333357988837 0.8199
-6.79340683363575 0.8198
-6.79346131718813 0.8197
-6.79352404157354 0.8196
-6.79361164890037 0.8195
-6.79370476246314 0.8194
-6.7937921408704 0.8193
-6.7938840036334 0.8192
-6.79397426246989 0.8191
-6.79407410681354 0.819
-6.79417274107209 0.8189
-6.7942586953128 0.8188
-6.79434495814098 0.8187
-6.7944401100319 0.8186
-6.79453523878253 0.8185
-6.7946443648915 0.8184
-6.79472521895104 0.8183
-6.79477186912545 0.8182
-6.79481788213384 0.8181
-6.7948391138908 0.818
-6.79485578921393 0.8179
-6.7948803077073 0.8178
-6.79490720135893 0.8177
-6.79490957115888 0.8176
-6.79489216943022 0.8175
-6.79484341898931 0.8174
-6.79480618601921 0.8173
-6.79476639105417 0.8172
-6.79474994220747 0.8171
-6.79474731534662 0.817
-6.7947398969045 0.8169
-6.79470697336527 0.8168
-6.79465060429293 0.8167
-6.79460667594645 0.8166
-6.79455140299881 0.8165
-6.79451363099164 0.8164
-6.7944247741963 0.8163
-6.79430737500655 0.8162
-6.79419461240513 0.8161
-6.79409855949495 0.816
-6.79400174391382 0.8159
-6.7939349894177 0.8158
-6.79388260296813 0.8157
-6.79382547358567 0.8156
-6.79376869975134 0.8155
-6.79371245710429 0.8154
-6.79368742060247 0.8153
-6.79363580221684 0.8152
-6.79355859149274 0.8151
-6.79348736899075 0.815
-6.79342740373311 0.8149
-6.79336121274484 0.8148
-6.79330961527676 0.8147
-6.79327969196828 0.8146
-6.79326284138295 0.8145
-6.79323843980815 0.8144
-6.79321967900048 0.8143
-6.7932351889937 0.8142
-6.79328306575358 0.8141
-6.79334367935013 0.814
-6.79344428427337 0.8139
-6.79356615962418 0.8138
-6.7937057741307 0.8137
-6.79385885404684 0.8136
-6.7939865786558 0.8135
-6.79404484168783 0.8134
-6.7940943966889 0.8133
-6.79411469834116 0.8132
-6.79412149745327 0.8131
-6.79410508725364 0.813
-6.79404828620074 0.8129
-6.79399192100425 0.8128
-6.79395662119796 0.8127
-6.79392509884974 0.8126
-6.79391748724601 0.8125
-6.79393652761148 0.8124
-6.79395045723588 0.8123
-6.79397710695518 0.8122
-6.79402917030949 0.8121
-6.79409921784625 0.812
-6.79418884164865 0.8119
-6.79428908801977 0.8118
-6.79441312585043 0.8117
-6.79458586962518 0.8116
-6.79477580030136 0.8115
-6.79496525151435 0.8114
-6.79512647366075 0.8113
-6.79529572621754 0.8112
-6.79547066269912 0.8111
-6.79564551367453 0.811
-6.79580432966243 0.8109
-6.79594964599048 0.8108
-6.79611044255878 0.8107
-6.7962831646345 0.8106
-6.7964607677208 0.8105
-6.79664003528997 0.8104
-6.7968008551017 0.8103
-6.79697388345061 0.8102
-6.79713283567504 0.8101
-6.79730093908772 0.81
-6.79746533914065 0.8099
-6.79764671614901 0.8098
-6.79781272103209 0.8097
-6.79796739476032 0.8096
-6.79809291190499 0.8095
-6.79824334363043 0.8094
-6.79835917833336 0.8093
-6.79848277851504 0.8092
-6.79860075644728 0.8091
-6.79867527806536 0.809
-6.79875954568554 0.8089
-6.79885039715967 0.8088
-6.79892410822343 0.8087
-6.79901127348384 0.8086
-6.79907947710395 0.8085
-6.79910860037641 0.8084
-6.79914734993434 0.8083
-6.79919037597662 0.8082
-6.79922095742289 0.8081
-6.79925017795295 0.808
-6.79927483136099 0.8079
-6.79932477075839 0.8078
-6.79939479859352 0.8077
-6.79947329139113 0.8076
-6.79953554625401 0.8075
-6.79959559699366 0.8074
-6.79965977469748 0.8073
-6.79972774090923 0.8072
-6.79980725937867 0.8071
-6.79989684432097 0.807
-6.79999225110974 0.8069
-6.80006570484718 0.8068
-6.80014681064284 0.8067
-6.80021638566971 0.8066
-6.80026791126213 0.8065
-6.80029665734008 0.8064
-6.80033984301658 0.8063
-6.80035056549589 0.8062
-6.80032890956048 0.8061
-6.80030752418053 0.806
-6.80028008080236 0.8059
-6.80024206616051 0.8058
-6.80019805998156 0.8057
-6.80013451073853 0.8056
-6.80005454969306 0.8055
-6.79993298530911 0.8054
-6.79980820177842 0.8053
-6.79966677449356 0.8052
-6.79951747070462 0.8051
-6.79938016595657 0.805
-6.79923351757783 0.8049
-6.79907798680166 0.8048
-6.79893045789175 0.8047
-6.79878829778857 0.8046
-6.79865756781555 0.8045
-6.79849870191739 0.8044
-6.79833085367524 0.8043
-6.79818761520054 0.8042
-6.79807952998636 0.8041
-6.79794579055852 0.804
-6.79780494061052 0.8039
-6.79763958012308 0.8038
-6.79744349641555 0.8037
-6.79725263986834 0.8036
-6.7970570898774 0.8035
-6.79687852789895 0.8034
-6.79674655390841 0.8033
-6.79662411349136 0.8032
-6.79652569065357 0.8031
-6.79644270349036 0.803
-6.79637417448658 0.8029
-6.7962987077798 0.8028
-6.79622533173625 0.8027
-6.79614395382492 0.8026
-6.79608080639081 0.8025
-6.79602062658004 0.8024
-6.79596745027176 0.8023
-6.79592701901935 0.8022
-6.79590760168714 0.8021
-6.79591092935833 0.802
-6.79592597443122 0.8019
-6.79597640868457 0.8018
-6.79602487284787 0.8017
-6.7960804549356 0.8016
-6.79614833808113 0.8015
-6.79622262066331 0.8014
-6.79630168961553 0.8013
-6.79639505710055 0.8012
-6.79651199631104 0.8011
-6.79665314415199 0.801
-6.79678592950987 0.8009
-6.7969306795657 0.8008
-6.79706946934125 0.8007
-6.79720497063733 0.8006
-6.79734783524377 0.8005
-6.797464653615 0.8004
-6.7975901573934 0.8003
-6.79769937530421 0.8002
-6.79777819890652 0.8001
-6.79786539763459 0.8
-6.79794638470407 0.7999
-6.79802111471395 0.7998
-6.79807471595786 0.7997
-6.79812528157681 0.7996
-6.7981384761851 0.7995
-6.79814774429917 0.7994
-6.79817827955157 0.7993
-6.79821488225789 0.7992
-6.79825618516062 0.7991
-6.798290457303 0.799
-6.79837784114393 0.7989
-6.79844375616591 0.7988
-6.79851467552348 0.7987
-6.7985865059382 0.7986
-6.79868613609091 0.7985
-6.79879239278198 0.7984
-6.79890023105496 0.7983
-6.79902660874935 0.7982
-6.79917486317445 0.7981
-6.79931001978421 0.798
-6.79945261670327 0.7979
-6.79960254742074 0.7978
-6.79973881925134 0.7977
-6.79987004116858 0.7976
-6.80001309003347 0.7975
-6.80016363005744 0.7974
-6.80032165383782 0.7973
-6.80048220340732 0.7972
-6.80060850343565 0.7971
-6.80071930128098 0.797
-6.80080881895253 0.7969
-6.80086028623033 0.7968
-6.80091954617891 0.7967
-6.80098015760797 0.7966
-6.801038994541 0.7965
-6.80108181740804 0.7964
-6.80110213975096 0.7963
-6.80108626397662 0.7962
-6.8010378819446 0.7961
-6.8009770367697 0.796
-6.80089580389917 0.7959
-6.80079279483706 0.7958
-6.80067450226599 0.7957
-6.80051893780258 0.7956
-6.80035065196433 0.7955
-6.8001346345368 0.7954
-6.79994710595092 0.7953
-6.79976386395857 0.7952
-6.79958440857079 0.7951
-6.79941160710948 0.795
-6.79926406662002 0.7949
-6.79914281996605 0.7948
-6.79903972884334 0.7947
-6.79896228759631 0.7946
-6.79888847302665 0.7945
-6.79882535528189 0.7944
-6.79878788712206 0.7943
-6.79875285766942 0.7942
-6.79870806232508 0.7941
-6.79867926016725 0.794
-6.79867825138122 0.7939
-6.79870514304483 0.7938
-6.79872096829702 0.7937
-6.79874032204211 0.7936
-6.79873186362764 0.7935
-6.79871250741918 0.7934
-6.79870318868866 0.7933
-6.79872873057581 0.7932
-6.79874220279311 0.7931
-6.79877010904871 0.793
-6.79878738506616 0.7929
-6.79879238829477 0.7928
-6.79880629310128 0.7927
-6.79883719207189 0.7926
-6.79885618354573 0.7925
-6.79886631793879 0.7924
-6.79888742276773 0.7923
-6.79893391295684 0.7922
-6.79899019470567 0.7921
-6.79907054809372 0.792
-6.79914857270117 0.7919
-6.79926260847155 0.7918
-6.79937011341618 0.7917
-6.79949869640817 0.7916
-6.7996445172149 0.7915
-6.79981741974098 0.7914
-6.79999062801105 0.7913
-6.80018312873911 0.7912
-6.80037123297052 0.7911
-6.8005691860252 0.791
-6.80077490309087 0.7909
-6.80097636031238 0.7908
-6.80119800329018 0.7907
-6.80139554845978 0.7906
-6.80159177073 0.7905
-6.80178667064279 0.7904
-6.80198968229707 0.7903
-6.80221400210873 0.7902
-6.80241532176928 0.7901
-6.8025876575595 0.79
-6.80273781262763 0.7899
-6.80285983594175 0.7898
-6.80296911777238 0.7897
-6.80305056516673 0.7896
-6.80315213652049 0.7895
-6.80325956717849 0.7894
-6.80333789997071 0.7893
-6.80342817935914 0.7892
-6.80350095090283 0.7891
-6.80357875473747 0.789
-6.80362490923172 0.7889
-6.80367706633081 0.7888
-6.80372488822867 0.7887
-6.8037780613482 0.7886
-6.80383969448014 0.7885
-6.80389999642075 0.7884
-6.80395143064247 0.7883
-6.80398765001665 0.7882
-6.80400027670551 0.7881
-6.80400521260352 0.788
-6.80397809016645 0.7879
-6.80391984615706 0.7878
-6.80384892864974 0.7877
-6.80376217298717 0.7876
-6.80368020148291 0.7875
-6.80359596970802 0.7874
-6.80350556502563 0.7873
-6.80341199882837 0.7872
-6.8032995874697 0.7871
-6.80319927049188 0.787
-6.8030764865285 0.7869
-6.80293632505556 0.7868
-6.80280138381123 0.7867
-6.80265092779327 0.7866
-6.80247513673077 0.7865
-6.80232906263693 0.7864
-6.80216540604731 0.7863
-6.80201810030261 0.7862
-6.80185940140158 0.7861
-6.80168841869024 0.786
-6.80150235096082 0.7859
-6.80131780476025 0.7858
-6.8011513706008 0.7857
-6.80098666943955 0.7856
-6.80082464250693 0.7855
-6.80068628302537 0.7854
-6.80054788536954 0.7853
-6.80042829636277 0.7852
-6.80030875888528 0.7851
-6.80023236992782 0.785
-6.80016980556138 0.7849
-6.80009390075622 0.7848
-6.80003151177287 0.7847
-6.79998077486194 0.7846
-6.79996618451214 0.7845
-6.79998221820096 0.7844
-6.79998538556978 0.7843
-6.79998551761248 0.7842
-6.80000009367725 0.7841
-6.80002717861308 0.784
-6.80006078138567 0.7839
-6.80012110197687 0.7838
-6.80023022767121 0.7837
-6.80033865103963 0.7836
-6.8004308283213 0.7835
-6.80055976158779 0.7834
-6.80069470028925 0.7833
-6.80082966684218 0.7832
-6.80096077182037 0.7831
-6.80112828743232 0.783
-6.80131432120369 0.7829
-6.80153847431102 0.7828
-6.80177290536151 0.7827
-6.80202639710798 0.7826
-6.80226534391431 0.7825
-6.80251232336303 0.7824
-6.80276774383524 0.7823
-6.80302040860677 0.7822
-6.80326186863293 0.7821
-6.80347269157115 0.782
-6.80365981389787 0.7819
-6.80385922913456 0.7818
-6.80405202672246 0.7817
-6.80421154105009 0.7816
-6.8043726805143 0.7815
-6.80454367256263 0.7814
-6.80468796239035 0.7813
-6.80483480084727 0.7812
-6.80495697566423 0.7811
-6.8050730713416 0.781
-6.80519839613238 0.7809
-6.80529454563331 0.7808
-6.80537483808933 0.7807
-6.80543295225824 0.7806
-6.80546312134198 0.7805
-6.80548786247188 0.7804
-6.80548579181212 0.7803
-6.80548800840432 0.7802
-6.80548809956547 0.7801
-6.80548056787431 0.78
-6.80545958811443 0.7799
-6.80542651363827 0.7798
-6.80540485646988 0.7797
-6.80539556771523 0.7796
-6.80540701873433 0.7795
-6.80542340975907 0.7794
-6.80544321599339 0.7793
-6.80544134818636 0.7792
-6.8054449256784 0.7791
-6.80544047975067 0.779
-6.80544121810786 0.7789
-6.8054602317507 0.7788
-6.8054770609005 0.7787
-6.80552065290878 0.7786
-6.80555384245326 0.7785
-6.80558457572134 0.7784
-6.8056125780313 0.7783
-6.80563322224608 0.7782
-6.80566405126693 0.7781
-6.80567510193829 0.778
-6.80564829060442 0.7779
-6.80560110775512 0.7778
-6.805548512019 0.7777
-6.80547742026261 0.7776
-6.80536987013361 0.7775
-6.80525299685516 0.7774
-6.80510835102813 0.7773
-6.80494872366506 0.7772
-6.80479240744628 0.7771
-6.80464832470501 0.777
-6.80451235178402 0.7769
-6.80439592419861 0.7768
-6.80426539704119 0.7767
-6.80413172687537 0.7766
-6.80398743901758 0.7765
-6.80385426133823 0.7764
-6.80375311605603 0.7763
-6.8036727791801 0.7762
-6.80358636810621 0.7761
-6.80350082813884 0.776
-6.80344960992169 0.7759
-6.80342522590343 0.7758
-6.80341637223318 0.7757
-6.80342201916936 0.7756
-6.80345900602198 0.7755
-6.80352552066544 0.7754
-6.80363575157881 0.7753
-6.80377272852215 0.7752
-6.80393070754246 0.7751
-6.8040711275278 0.775
-6.80423462944729 0.7749
-6.80444416710995 0.7748
-6.80462851794566 0.7747
-6.80480227310917 0.7746
-6.80498885196935 0.7745
-6.80519753487475 0.7744
-6.80539195150143 0.7743
-6.80560264126004 0.7742
-6.80577677529861 0.7741
-6.80595148039578 0.774
-6.80611160048583 0.7739
-6.80625317292524 0.7738
-6.80639075914508 0.7737
-6.80648777422455 0.7736
-6.80656001284446 0.7735
-6.80660534313279 0.7734
-6.80662028528433 0.7733
-6.80661556786163 0.7732
-6.80658353288734 0.7731
-6.80653248098397 0.773
-6.80648450466201 0.7729
-6.80642473067519 0.7728
-6.80635786037896 0.7727
-6.80627975368506 0.7726
-6.80620370015378 0.7725
-6.80613035437834 0.7724
-6.80605606765106 0.7723
-6.80598738251449 0.7722
-6.80592443657542 0.7721
-6.80586082607195 0.772
-6.80580458201233 0.7719
-6.80575403868707 0.7718
-6.80571833326621 0.7717
-6.80569868720492 0.7716
-6.80567040003908 0.7715
-6.80565562928513 0.7714
-6.80564156141116 0.7713
-6.80563656717929 0.7712
-6.80561565010107 0.7711
-6.80561776676091 0.771
-6.80563628760382 0.7709
-6.80568453632213 0.7708
-6.80575362207399 0.7707
-6.80581849614073 0.7706
-6.80588127413128 0.7705
-6.80595331457243 0.7704
-6.8060244141317 0.7703
-6.8061120317168 0.7702
-6.80618425190566 0.7701
-6.8062596151705 0.77
-6.80633872589759 0.7699
-6.80639614106412 0.7698
-6.8064389466041 0.7697
-6.8064919540253 0.7696
-6.80655137688343 0.7695
-6.80660590451675 0.7694
-6.80665337207364 0.7693
-6.80671031836074 0.7692
-6.80677057941661 0.7691
-6.80683254244299 0.769
-6.80691375395447 0.7689
-6.80702567687018 0.7688
-6.80713639047498 0.7687
-6.80728159024427 0.7686
-6.80743814891473 0.7685
-6.80759209284989 0.7684
-6.80775486153951 0.7683
-6.80792876514055 0.7682
-6.80807580692829 0.7681
-6.80821740911531 0.768
-6.80834232812447 0.7679
-6.80847496178073 0.7678
-6.80858500021793 0.7677
-6.80868797976226 0.7676
-6.80876104400622 0.7675
-6.80882511026437 0.7674
-6.80887151969291 0.7673
-6.80890012010802 0.7672
-6.80890197783422 0.7671
-6.80887219364373 0.767
-6.80887232532174 0.7669
-6.80888252025916 0.7668
-6.80888958273298 0.7667
-6.80893044553534 0.7666
-6.8089539262044 0.7665
-6.80899479597002 0.7664
-6.80901089443801 0.7663
-6.80903011200833 0.7662
-6.80903239419308 0.7661
-6.80903165821228 0.766
-6.80902883466314 0.7659
-6.80900025675949 0.7658
-6.8089838165657 0.7657
-6.80896729657582 0.7656
-6.80893417919674 0.7655
-6.80890129775136 0.7654
-6.80886751239005 0.7653
-6.80884631935364 0.7652
-6.80881985274358 0.7651
-6.80879061207016 0.765
-6.80877313559745 0.7649
-6.80873767034435 0.7648
-6.80870582835319 0.7647
-6.80866860507233 0.7646
-6.80861138371264 0.7645
-6.80853351486296 0.7644
-6.80845944574026 0.7643
-6.80836882002003 0.7642
-6.80830669559547 0.7641
-6.80824857830851 0.764
-6.80818075104184 0.7639
-6.80811290385483 0.7638
-6.8080248606117 0.7637
-6.80793135902934 0.7636
-6.80783487315751 0.7635
-6.80773319462108 0.7634
-6.80766040964853 0.7633
-6.80761019239274 0.7632
-6.80760073972166 0.7631
-6.80756973111784 0.763
-6.80756089620325 0.7629
-6.80755797244091 0.7628
-6.80756656661545 0.7627
-6.80760398511936 0.7626
-6.80765701241745 0.7625
-6.80770199539641 0.7624
-6.80775239713349 0.7623
-6.80780261653846 0.7622
-6.8078294798519 0.7621
-6.80787145636164 0.762
-6.80788795616971 0.7619
-6.80788407090138 0.7618
-6.80787287280499 0.7617
-6.80787735531107 0.7616
-6.80789580132566 0.7615
-6.80791963090589 0.7614
-6.80795772531286 0.7613
-6.8079841625553 0.7612
-6.80803159995743 0.7611
-6.80812934977292 0.761
-6.80825664208 0.7609
-6.8084129788791 0.7608
-6.80860747481908 0.7607
-6.80881601299605 0.7606
-6.80905139834306 0.7605
-6.80928396664189 0.7604
-6.80948760872696 0.7603
-6.80968916397473 0.7602
-6.80990656507993 0.7601
-6.81010802727813 0.76
-6.81031646135554 0.7599
-6.81051020751872 0.7598
-6.81073074365998 0.7597
-6.81094489047604 0.7596
-6.81111960971286 0.7595
-6.81127365265616 0.7594
-6.81141643864647 0.7593
-6.81153245161105 0.7592
-6.81163385610527 0.7591
-6.81172054563631 0.759
-6.81178926064218 0.7589
-6.81185367927996 0.7588
-6.81190265838199 0.7587
-6.81194372276022 0.7586
-6.81198752374358 0.7585
-6.81201952098678 0.7584
-6.81203660062527 0.7583
-6.81203068720653 0.7582
-6.81200650818319 0.7581
-6.81197872931097 0.758
-6.81193596215486 0.7579
-6.81187910228667 0.7578
-6.81183204923121 0.7577
-6.81175976305147 0.7576
-6.81168354536149 0.7575
-6.811615902934 0.7574
-6.81155455648771 0.7573
-6.81148435596078 0.7572
-6.81140736767416 0.7571
-6.81133934244847 0.757
-6.81128441539619 0.7569
-6.81123798791166 0.7568
-6.81117511965641 0.7567
-6.81113154189568 0.7566
-6.81105606369252 0.7565
-6.81096555846873 0.7564
-6.81088109392669 0.7563
-6.8107946096581 0.7562
-6.81072628179146 0.7561
-6.81067303141355 0.756
-6.81060666069142 0.7559
-6.8105623341547 0.7558
-6.81053868793532 0.7557
-6.81051748101569 0.7556
-6.81049199350677 0.7555
-6.81050991237169 0.7554
-6.81055365168275 0.7553
-6.8106341280647 0.7552
-6.81071339716383 0.7551
-6.8108176243652 0.755
-6.81093878148757 0.7549
-6.81106572029686 0.7548
-6.81116950948223 0.7547
-6.81128639594576 0.7546
-6.8114145860094 0.7545
-6.81155735841321 0.7544
-6.81169568273448 0.7543
-6.81182245170474 0.7542
-6.81194111333861 0.7541
-6.81206933356863 0.754
-6.81219424244874 0.7539
-6.81229409737116 0.7538
-6.81240102425235 0.7537
-6.81251203147113 0.7536
-6.81261438851323 0.7535
-6.81271127283914 0.7534
-6.81280738140999 0.7533
-6.81287425088045 0.7532
-6.81295016767319 0.7531
-6.81301337164758 0.753
-6.81306179430394 0.7529
-6.81309768962304 0.7528
-6.81314783280936 0.7527
-6.81317314742404 0.7526
-6.81320462902273 0.7525
-6.81321116226915 0.7524
-6.81321198314502 0.7523
-6.81320923921221 0.7522
-6.81320467421101 0.7521
-6.81318314606291 0.752
-6.81314910984782 0.7519
-6.81310931880556 0.7518
-6.81308194645398 0.7517
-6.8130716681352 0.7516
-6.81305957176222 0.7515
-6.81302838568125 0.7514
-6.81299861031515 0.7513
-6.81298926812392 0.7512
-6.81298494374413 0.7511
-6.81299163350364 0.751
-6.81301490543554 0.7509
-6.81304438989927 0.7508
-6.81311184476316 0.7507
-6.81320142594986 0.7506
-6.81332637829034 0.7505
-6.81346519546297 0.7504
-6.81362426161599 0.7503
-6.81378337773648 0.7502
-6.81394015468143 0.7501
-6.81411800510255 0.75
-6.81429178667655 0.7499
-6.81444292369806 0.7498
-6.81459172316294 0.7497
-6.81473812804255 0.7496
-6.81487129504291 0.7495
-6.81500263867629 0.7494
-6.81513597054323 0.7493
-6.81522369175703 0.7492
-6.81529187997889 0.7491
-6.81532740720878 0.749
-6.81536281224893 0.7489
-6.81538787594873 0.7488
-6.81537329713605 0.7487
-6.81534565132027 0.7486
-6.81527026728412 0.7485
-6.81516669780113 0.7484
-6.81508446997265 0.7483
-6.81499565525918 0.7482
-6.81491489764546 0.7481
-6.81482374375686 0.748
-6.81473457170882 0.7479
-6.81466443108087 0.7478
-6.81462609733894 0.7477
-6.81457597965825 0.7476
-6.81454320001542 0.7475
-6.81452868154296 0.7474
-6.81449810338526 0.7473
-6.81445524598688 0.7472
-6.81440808866125 0.7471
-6.81435769365203 0.747
-6.81431506678723 0.7469
-6.8142566310423 0.7468
-6.81422817162651 0.7467
-6.81421887134914 0.7466
-6.81423807713867 0.7465
-6.81429245332631 0.7464
-6.81432745099786 0.7463
-6.81435937619686 0.7462
-6.81438586587331 0.7461
-6.81442424667255 0.746
-6.81445897187522 0.7459
-6.81448368581767 0.7458
-6.81450222765567 0.7457
-6.81453433340146 0.7456
-6.8145370503054 0.7455
-6.81451488633691 0.7454
-6.81448258440754 0.7453
-6.8144543133183 0.7452
-6.81442649491838 0.7451
-6.81440249127619 0.745
-6.81437616479907 0.7449
-6.8143364345734 0.7448
-6.81429068077883 0.7447
-6.81423920306932 0.7446
-6.81419395745822 0.7445
-6.81416265493008 0.7444
-6.81414105457361 0.7443
-6.8141187016403 0.7442
-6.81409529431208 0.7441
-6.81406129800692 0.744
-6.81402980377074 0.7439
-6.81399242224709 0.7438
-6.8139627272465 0.7437
-6.81396729293763 0.7436
-6.81397203551847 0.7435
-6.81397308414677 0.7434
-6.81398069304535 0.7433
-6.81400772167776 0.7432
-6.81405926840051 0.7431
-6.81411635161168 0.743
-6.81422223475707 0.7429
-6.81432873954884 0.7428
-6.8144508687304 0.7427
-6.81458431631501 0.7426
-6.81474877834173 0.7425
-6.81491744030815 0.7424
-6.81509658512932 0.7423
-6.81527074254398 0.7422
-6.81543799969127 0.7421
-6.8155912902649 0.742
-6.81574395540623 0.7419
-6.81589901775519 0.7418
-6.81604623155535 0.7417
-6.81618160700306 0.7416
-6.816300014718 0.7415
-6.81637175786121 0.7414
-6.81643677875375 0.7413
-6.81648159034085 0.7412
-6.81648916333219 0.7411
-6.81647221935358 0.741
-6.81641193745575 0.7409
-6.81633606672482 0.7408
-6.8162454003183 0.7407
-6.81613836449676 0.7406
-6.81601180940997 0.7405
-6.81589518891427 0.7404
-6.81575943928284 0.7403
-6.81561552811995 0.7402
-6.81547070117377 0.7401
-6.81531436627724 0.74
-6.81517215612226 0.7399
-6.81505000046017 0.7398
-6.81495925515088 0.7397
-6.81484840302722 0.7396
-6.81474916824706 0.7395
-6.81466971834341 0.7394
-6.81458859915854 0.7393
-6.81454148361518 0.7392
-6.81449987707704 0.7391
-6.8144783036157 0.739
-6.81448154911882 0.7389
-6.81449652946416 0.7388
-6.81453677897433 0.7387
-6.81462229954736 0.7386
-6.81472304788677 0.7385
-6.81481421266808 0.7384
-6.81492651319861 0.7383
-6.81505533865069 0.7382
-6.81520070264746 0.7381
-6.81534187556686 0.738
-6.81548825238579 0.7379
-6.81562161009079 0.7378
-6.81574139748725 0.7377
-6.81585755741857 0.7376
-6.81594741039384 0.7375
-6.81603351049914 0.7374
-6.81611624540873 0.7373
-6.81618738107237 0.7372
-6.81626920142837 0.7371
-6.81638359606271 0.737
-6.81650985947317 0.7369
-6.8166522140791 0.7368
-6.81679023235515 0.7367
-6.81695010526784 0.7366
-6.8171299194311 0.7365
-6.81732856334669 0.7364
-6.81755615250436 0.7363
-6.81779720247376 0.7362
-6.81801537046372 0.7361
-6.8182622030745 0.736
-6.81850445713072 0.7359
-6.81875334673775 0.7358
-6.81898347497957 0.7357
-6.81923656613974 0.7356
-6.81947248270353 0.7355
-6.81967586734845 0.7354
-6.81986120337002 0.7353
-6.82002114196405 0.7352
-6.82016609026216 0.7351
-6.82028593024846 0.735
-6.82038878048196 0.7349
-6.82051146545462 0.7348
-6.82062975335258 0.7347
-6.82070902153534 0.7346
-6.82075792345334 0.7345
-6.82078376663413 0.7344
-6.82079982062822 0.7343
-6.82081747699875 0.7342
-6.82081807950848 0.7341
-6.82079510581408 0.734
-6.82076078309107 0.7339
-6.82075319685022 0.7338
-6.82075459288357 0.7337
-6.82074792343554 0.7336
-6.82076735711599 0.7335
-6.82080110053783 0.7334
-6.82084648611131 0.7333
-6.82089458301313 0.7332
-6.82092783786298 0.7331
-6.82094494762855 0.733
-6.82098838343445 0.7329
-6.821024833114 0.7328
-6.8210818217486 0.7327
-6.8211448133699 0.7326
-6.82122120779802 0.7325
-6.8212986589238 0.7324
-6.82140446798801 0.7323
-6.82152222211903 0.7322
-6.8216338024634 0.7321
-6.82175359889954 0.732
-6.82188401767971 0.7319
-6.82201888475393 0.7318
-6.82216470396359 0.7317
-6.82230705038579 0.7316
-6.82248095121148 0.7315
-6.82263741741241 0.7314
-6.82277959848096 0.7313
-6.8229059386431 0.7312
-6.8230256659907 0.7311
-6.82317167135293 0.731
-6.82333019151636 0.7309
-6.82347136996806 0.7308
-6.82359181752769 0.7307
-6.82370735117841 0.7306
-6.82381474436467 0.7305
-6.82391441019245 0.7304
-6.82400748818792 0.7303
-6.82406466036606 0.7302
-6.82411901255648 0.7301
-6.82416656425435 0.73
-6.82420312427013 0.7299
-6.82422714165145 0.7298
-6.82424149818589 0.7297
-6.82423938118097 0.7296
-6.82422035380998 0.7295
-6.82419696867738 0.7294
-6.82419130359072 0.7293
-6.82416165269693 0.7292
-6.82413588883195 0.7291
-6.82412647743335 0.729
-6.82411186305172 0.7289
-6.82411703176564 0.7288
-6.82412443978469 0.7287
-6.82413134554504 0.7286
-6.8241660479197 0.7285
-6.82419917622379 0.7284
-6.82421247259392 0.7283
-6.82423833379677 0.7282
-6.8242545136012 0.7281
-6.82426000955554 0.728
-6.82427053832964 0.7279
-6.82428588796333 0.7278
-6.82430539448235 0.7277
-6.82431566249316 0.7276
-6.82429841735402 0.7275
-6.82427586663154 0.7274
-6.82427545009697 0.7273
-6.82430027447817 0.7272
-6.824292089919 0.7271
-6.82430035972427 0.727
-6.82427770915993 0.7269
-6.82424199500555 0.7268
-6.82420826404981 0.7267
-6.82414295808414 0.7266
-6.82407706501486 0.7265
-6.8240283413693 0.7264
-6.82397436701997 0.7263
-6.8239172510861 0.7262
-6.82385611768627 0.7261
-6.823783944157 0.726
-6.82370836238152 0.7259
-6.82360940842792 0.7258
-6.8234893559323 0.7257
-6.82336162416567 0.7256
-6.82320701868069 0.7255
-6.8230668971234 0.7254
-6.82291040541236 0.7253
-6.82274635950907 0.7252
-6.82258350716442 0.7251
-6.82242572424674 0.725
-6.82228207987871 0.7249
-6.82214447822222 0.7248
-6.82203896261611 0.7247
-6.82197814436649 0.7246
-6.82194344375928 0.7245
-6.82192435519048 0.7244
-6.82191889288943 0.7243
-6.82193136547659 0.7242
-6.82195362970889 0.7241
-6.82196740594027 0.724
-6.82198305752965 0.7239
-6.82200573849226 0.7238
-6.82206126666589 0.7237
-6.82213838271821 0.7236
-6.8222104372327 0.7235
-6.82231536004423 0.7234
-6.82239498379057 0.7233
-6.82249840512447 0.7232
-6.82258925859714 0.7231
-6.82268777225993 0.723
-6.82279010761094 0.7229
-6.82287564320677 0.7228
-6.82294838352721 0.7227
-6.82301687748309 0.7226
-6.82305975913864 0.7225
-6.82309736613489 0.7224
-6.82311827593018 0.7223
-6.82313627367251 0.7222
-6.82314647575771 0.7221
-6.82315198418541 0.722
-6.82313712636782 0.7219
-6.82313055610409 0.7218
-6.82312166672296 0.7217
-6.82309524597326 0.7216
-6.82306331515449 0.7215
-6.82301459896875 0.7214
-6.8229612455314 0.7213
-6.82289465096426 0.7212
-6.82284283550895 0.7211
-6.82278676949281 0.721
-6.82274699753837 0.7209
-6.82270049275819 0.7208
-6.82266676837326 0.7207
-6.8226324719439 0.7206
-6.82256159567493 0.7205
-6.82249259445282 0.7204
-6.82243933442508 0.7203
-6.82238079145054 0.7202
-6.8223255395297 0.7201
-6.82225727644692 0.72
-6.82219122331816 0.7199
-6.82211628448731 0.7198
-6.822026228042 0.7197
-6.8219686007524 0.7196
-6.8219335236474 0.7195
-6.82193285509709 0.7194
-6.82194778855013 0.7193
-6.82199131096256 0.7192
-6.82204761280474 0.7191
-6.82211581692672 0.719
-6.82219742309991 0.7189
-6.82227352736864 0.7188
-6.82237059266725 0.7187
-6.82248297798387 0.7186
-6.82261014124271 0.7185
-6.82275238567628 0.7184
-6.82288182897061 0.7183
-6.82303014230002 0.7182
-6.82317207320866 0.7181
-6.82329085402726 0.718
-6.82339078276619 0.7179
-6.8234607246689 0.7178
-6.82347117711669 0.7177
-6.82345901070144 0.7176
-6.82344742383498 0.7175
-6.82340447508897 0.7174
-6.82334197172476 0.7173
-6.82326434415559 0.7172
-6.82316116505944 0.7171
-6.82303025585128 0.717
-6.82288478614614 0.7169
-6.82276661549676 0.7168
-6.82261534890912 0.7167
-6.82243732193261 0.7166
-6.82226283136321 0.7165
-6.82208122161989 0.7164
-6.82190272612148 0.7163
-6.82171647657147 0.7162
-6.82153627386087 0.7161
-6.82134834090131 0.716
-6.82116501682075 0.7159
-6.82098651805932 0.7158
-6.82079617912739 0.7157
-6.82063155220734 0.7156
-6.82047652062763 0.7155
-6.82033854641656 0.7154
-6.8202132357701 0.7153
-6.82007319214807 0.7152
-6.81992553056337 0.7151
-6.81980935312713 0.715
-6.81970744910744 0.7149
-6.81964663317292 0.7148
-6.81963288751455 0.7147
-6.81962647907997 0.7146
-6.81964924212597 0.7145
-6.81969605074598 0.7144
-6.81973530152287 0.7143
-6.8197991682447 0.7142
-6.81985701690716 0.7141
-6.81990651411617 0.714
-6.81998267568946 0.7139
-6.820058834076 0.7138
-6.82012466465412 0.7137
-6.82018664831179 0.7136
-6.82025818062757 0.7135
-6.82029465371686 0.7134
-6.82033571797364 0.7133
-6.82037770219517 0.7132
-6.8204073115152 0.7131
-6.82045560670916 0.713
-6.82053043871404 0.7129
-6.82060605058364 0.7128
-6.82068983650986 0.7127
-6.82076575797807 0.7126
-6.82084209333381 0.7125
-6.82089446959526 0.7124
-6.82094989927476 0.7123
-6.82099514707887 0.7122
-6.82102279167007 0.7121
-6.82104036618842 0.712
-6.821047628119 0.7119
-6.82107392570148 0.7118
-6.82110534670613 0.7117
-6.82116419104818 0.7116
-6.82121250952559 0.7115
-6.82125904131327 0.7114
-6.82130638948 0.7113
-6.82133178001292 0.7112
-6.82133785939185 0.7111
-6.82134418375842 0.711
-6.82134113081983 0.7109
-6.82135700299346 0.7108
-6.82139112113886 0.7107
-6.8214555642383 0.7106
-6.82151498936619 0.7105
-6.82158291168779 0.7104
-6.82164137411098 0.7103
-6.82169707624036 0.7102
-6.82175342594339 0.7101
-6.82183538889607 0.71
-6.82192305490266 0.7099
-6.822024542537 0.7098
-6.82213138075017 0.7097
-6.82224665509755 0.7096
-6.82236701177266 0.7095
-6.82249312330232 0.7094
-6.82263216210404 0.7093
-6.82276939162156 0.7092
-6.82291040468855 0.7091
-6.82309383715338 0.709
-6.82328413647495 0.7089
-6.8234678328273 0.7088
-6.82366882829682 0.7087
-6.82387000810319 0.7086
-6.82409759190263 0.7085
-6.82430668356425 0.7084
-6.8244997675677 0.7083
-6.82469205741907 0.7082
-6.8248642082478 0.7081
-6.82504361568279 0.708
-6.82522380883968 0.7079
-6.82538613195684 0.7078
-6.82553837993235 0.7077
-6.82567928328301 0.7076
-6.82579454238717 0.7075
-6.82589988020667 0.7074
-6.82599128619301 0.7073
-6.82606558270617 0.7072
-6.82613344482876 0.7071
-6.82619453777007 0.707
-6.82621551443374 0.7069
-6.82623334857097 0.7068
-6.82622629524221 0.7067
-6.82621429755065 0.7066
-6.82618288421503 0.7065
-6.82613596681394 0.7064
-6.82609263921984 0.7063
-6.82602186284137 0.7062
-6.82593610023396 0.7061
-6.82583951353565 0.706
-6.82573741798719 0.7059
-6.82561843723172 0.7058
-6.82550328409393 0.7057
-6.8253734966901 0.7056
-6.82522640209008 0.7055
-6.82509845661336 0.7054
-6.82500688567404 0.7053
-6.8249068243273 0.7052
-6.82480191306 0.7051
-6.82469753417086 0.705
-6.8245758862272 0.7049
-6.82443164021601 0.7048
-6.82432488588904 0.7047
-6.82419244471029 0.7046
-6.82406955360238 0.7045
-6.82395794804842 0.7044
-6.82384882701975 0.7043
-6.82375706939357 0.7042
-6.82367914821954 0.7041
-6.82361211260122 0.704
-6.82356943347463 0.7039
-6.82352948759775 0.7038
-6.82351619956637 0.7037
-6.82352794274319 0.7036
-6.8235304420665 0.7035
-6.82352525863673 0.7034
-6.82351525132279 0.7033
-6.8235191873455 0.7032
-6.82353693696546 0.7031
-6.82357252118444 0.703
-6.82363203510072 0.7029
-6.82370969373521 0.7028
-6.82380864675447 0.7027
-6.82391880262963 0.7026
-6.82402598234056 0.7025
-6.82412686642545 0.7024
-6.82423916407653 0.7023
-6.82433105089405 0.7022
-6.82442199216768 0.7021
-6.82451551342487 0.702
-6.82457987660232 0.7019
-6.8246387699363 0.7018
-6.8246866581708 0.7017
-6.82472538050776 0.7016
-6.82478346762111 0.7015
-6.8248552123069 0.7014
-6.82491286703784 0.7013
-6.8249644378357 0.7012
-6.82501572812077 0.7011
-6.82507705407403 0.701
-6.82513034121606 0.7009
-6.82517916548832 0.7008
-6.82524136402156 0.7007
-6.82531249432303 0.7006
-6.82537027003724 0.7005
-6.82543135540675 0.7004
-6.82549408360793 0.7003
-6.82556926092551 0.7002
-6.82565419436167 0.7001
-6.82574425403467 0.7
-6.82584569018293 0.6999
-6.82594477364142 0.6998
-6.82604504154507 0.6997
-6.82616333066418 0.6996
-6.82628737322591 0.6995
-6.82640060594108 0.6994
-6.82650979755259 0.6993
-6.82661748853386 0.6992
-6.82670444670343 0.6991
-6.82676550864012 0.699
-6.82682660614639 0.6989
-6.82688323102575 0.6988
-6.82692782372146 0.6987
-6.82694008559201 0.6986
-6.82691226644677 0.6985
-6.82688372295827 0.6984
-6.8268418404157 0.6983
-6.82677731365284 0.6982
-6.82671185117927 0.6981
-6.82663769273864 0.698
-6.82655795590935 0.6979
-6.82648246094834 0.6978
-6.82640125031434 0.6977
-6.82634015347417 0.6976
-6.82628018223332 0.6975
-6.82624843742653 0.6974
-6.82622556984939 0.6973
-6.82623877183509 0.6972
-6.82627314408256 0.6971
-6.82632350668996 0.697
-6.82638787767272 0.6969
-6.82646735359248 0.6968
-6.82655090582378 0.6967
-6.82662487736016 0.6966
-6.8267306697673 0.6965
-6.82683536117127 0.6964
-6.82695747962042 0.6963
-6.82709458428888 0.6962
-6.82721231107264 0.6961
-6.82732982882422 0.696
-6.82744210959837 0.6959
-6.82756587027559 0.6958
-6.82769796204318 0.6957
-6.82783413710298 0.6956
-6.82797517958719 0.6955
-6.82811086300339 0.6954
-6.82825710327192 0.6953
-6.82840584785889 0.6952
-6.82853526211613 0.6951
-6.82865302753906 0.695
-6.8287876296071 0.6949
-6.82890924964508 0.6948
-6.8290279120597 0.6947
-6.82913908090145 0.6946
-6.82922852766215 0.6945
-6.82930614940506 0.6944
-6.82937120663819 0.6943
-6.82942677875604 0.6942
-6.82946185178736 0.6941
-6.82948393873206 0.694
-6.82947582388642 0.6939
-6.82946032403092 0.6938
-6.82944195146124 0.6937
-6.82942073055891 0.6936
-6.82937660660667 0.6935
-6.82931262114611 0.6934
-6.82923927702435 0.6933
-6.82916152823186 0.6932
-6.82905047675407 0.6931
-6.82893968603109 0.693
-6.82882072692059 0.6929
-6.82872007406382 0.6928
-6.82860979185217 0.6927
-6.82846907490529 0.6926
-6.82832700046201 0.6925
-6.82818988644841 0.6924
-6.82804202921453 0.6923
-6.82788895275661 0.6922
-6.82773791195203 0.6921
-6.8276078311942 0.692
-6.82746334425236 0.6919
-6.82731041225375 0.6918
-6.82718685093277 0.6917
-6.8270722490952 0.6916
-6.82698663417906 0.6915
-6.82691308214314 0.6914
-6.82684713955234 0.6913
-6.82680345782631 0.6912
-6.82678597634594 0.6911
-6.8267882854635 0.691
-6.82682299317319 0.6909
-6.82687560096588 0.6908
-6.8269194740644 0.6907
-6.82693311713037 0.6906
-6.82696172359778 0.6905
-6.82700000802182 0.6904
-6.82707701993036 0.6903
-6.82715587036163 0.6902
-6.82725026768045 0.6901
-6.82735314592803 0.69
-6.82746727861607 0.6899
-6.82758056972066 0.6898
-6.82769699457157 0.6897
-6.82779210722025 0.6896
-6.82785380368042 0.6895
-6.82792244198345 0.6894
-6.82796428045486 0.6893
-6.82801029033823 0.6892
-6.82806361365244 0.6891
-6.82812512305157 0.689
-6.82819887304009 0.6889
-6.82825928055527 0.6888
-6.82831097718525 0.6887
-6.82835288526753 0.6886
-6.82838076705198 0.6885
-6.82840031399362 0.6884
-6.82840690688894 0.6883
-6.82842807270605 0.6882
-6.8284526120888 0.6881
-6.82848772923971 0.688
-6.82854183400785 0.6879
-6.82859899537366 0.6878
-6.82865648328236 0.6877
-6.8287280205091 0.6876
-6.8287850450494 0.6875
-6.82888124341646 0.6874
-6.82898219315593 0.6873
-6.82908885614034 0.6872
-6.82918514164305 0.6871
-6.82927563285062 0.687
-6.82936463002326 0.6869
-6.82946286417334 0.6868
-6.82956127394013 0.6867
-6.82966248673003 0.6866
-6.82975627495882 0.6865
-6.82980812854275 0.6864
-6.82986225452016 0.6863
-6.8299084299928 0.6862
-6.82997038191957 0.6861
-6.83004366803348 0.686
-6.83011309396622 0.6859
-6.8301756311489 0.6858
-6.83023379438644 0.6857
-6.83029348824615 0.6856
-6.8303513012342 0.6855
-6.8304184130373 0.6854
-6.83046069807995 0.6853
-6.83046898316922 0.6852
-6.83048374303771 0.6851
-6.83051850516236 0.685
-6.83055041187029 0.6849
-6.83057825075006 0.6848
-6.83059678760257 0.6847
-6.83061177689325 0.6846
-6.83062561845928 0.6845
-6.83064281571472 0.6844
-6.83067414209402 0.6843
-6.83069113265448 0.6842
-6.83068406787391 0.6841
-6.83068445615512 0.684
-6.83067042576273 0.6839
-6.83067011750965 0.6838
-6.83069040143941 0.6837
-6.8307103393491 0.6836
-6.83072534334059 0.6835
-6.83074032570217 0.6834
-6.83077792322578 0.6833
-6.83082217511238 0.6832
-6.830862414016 0.6831
-6.83092891702741 0.683
-6.83099312594692 0.6829
-6.83106174198769 0.6828
-6.83109837182374 0.6827
-6.8311526500519 0.6826
-6.83121294666187 0.6825
-6.83126894985154 0.6824
-6.83130722822154 0.6823
-6.83135970022951 0.6822
-6.83143026300357 0.6821
-6.83150297479969 0.682
-6.83158793377104 0.6819
-6.83166299286359 0.6818
-6.83175616699303 0.6817
-6.83183332891767 0.6816
-6.83190253776523 0.6815
-6.83198345949106 0.6814
-6.83208011218433 0.6813
-6.83218964978707 0.6812
-6.83231025165687 0.6811
-6.83244977834347 0.681
-6.83260987055191 0.6809
-6.83278391356227 0.6808
-6.83296314288126 0.6807
-6.83312494774659 0.6806
-6.83327714878893 0.6805
-6.8334062151472 0.6804
-6.83352497068257 0.6803
-6.83361869032023 0.6802
-6.83368836737232 0.6801
-6.83374162488434 0.68
-6.83377381340554 0.6799
-6.8337888902598 0.6798
-6.83379978439873 0.6797
-6.8337932528383 0.6796
-6.83375193615329 0.6795
-6.83369476730861 0.6794
-6.83360497756664 0.6793
-6.83347700737558 0.6792
-6.83332479681778 0.6791
-6.83312516690137 0.679
-6.83287917481033 0.6789
-6.83261557989173 0.6788
-6.83234422683557 0.6787
-6.83205269821724 0.6786
-6.83175097565627 0.6785
-6.83147224183257 0.6784
-6.83119999309982 0.6783
-6.83092245343214 0.6782
-6.83067402086446 0.6781
-6.83044360393414 0.678
-6.83022339081503 0.6779
-6.83003218063818 0.6778
-6.8298453210663 0.6777
-6.82966720148793 0.6776
-6.82948646519054 0.6775
-6.82933524308832 0.6774
-6.82919892308606 0.6773
-6.82911643515103 0.6772
-6.82903981600102 0.6771
-6.82897685510181 0.677
-6.82892378669254 0.6769
-6.82887669422843 0.6768
-6.82884566018319 0.6767
-6.82884363028533 0.6766
-6.82883722406149 0.6765
-6.82883857807062 0.6764
-6.82884746457881 0.6763
-6.82886302683691 0.6762
-6.82888845487708 0.6761
-6.82891894410285 0.676
-6.828925407794 0.6759
-6.82896854862774 0.6758
-6.82901686248638 0.6757
-6.82907707039638 0.6756
-6.82915549904361 0.6755
-6.82923519434304 0.6754
-6.82931493829856 0.6753
-6.82939575819213 0.6752
-6.82946540283186 0.6751
-6.82955914882267 0.675
-6.82964955687048 0.6749
-6.82973871063434 0.6748
-6.82982988250112 0.6747
-6.82990637117555 0.6746
-6.82996907392855 0.6745
-6.83007120478775 0.6744
-6.83017931963931 0.6743
-6.83029569445965 0.6742
-6.83043195162772 0.6741
-6.83058608083208 0.674
-6.83074456997666 0.6739
-6.8309402680702 0.6738
-6.83113793681778 0.6737
-6.83132189748932 0.6736
-6.83149882453282 0.6735
-6.83168498129781 0.6734
-6.8318843931083 0.6733
-6.83207597979514 0.6732
-6.83226057662155 0.6731
-6.83245844600847 0.673
-6.83265118498392 0.6729
-6.83282671281828 0.6728
-6.83301043456869 0.6727
-6.83317066655688 0.6726
-6.83333748745835 0.6725
-6.83348578205004 0.6724
-6.8336251917111 0.6723
-6.83373498010865 0.6722
-6.8338488366411 0.6721
-6.83395002835288 0.672
-6.83404347540902 0.6719
-6.83413517737362 0.6718
-6.83421351601082 0.6717
-6.83427072090304 0.6716
-6.83433848441364 0.6715
-6.83438451593156 0.6714
-6.83441936498706 0.6713
-6.83444301896857 0.6712
-6.83445520589156 0.6711
-6.83445665980912 0.671
-6.83445094979784 0.6709
-6.83445633767096 0.6708
-6.83444637481773 0.6707
-6.83442916911617 0.6706
-6.83440675112141 0.6705
-6.83438319031066 0.6704
-6.83433825260807 0.6703
-6.83426852073029 0.6702
-6.83420791421244 0.6701
-6.83412784741758 0.67
-6.8340264402499 0.6699
-6.83393161557202 0.6698
-6.83384352268445 0.6697
-6.83374709749779 0.6696
-6.83365174192636 0.6695
-6.8335456674096 0.6694
-6.83343437084664 0.6693
-6.83334125936735 0.6692
-6.83324897634599 0.6691
-6.83314362409787 0.669
-6.83305173079607 0.6689
-6.83296838067952 0.6688
-6.8328933290864 0.6687
-6.83283565830953 0.6686
-6.83279200379777 0.6685
-6.83277453065388 0.6684
-6.83276693800792 0.6683
-6.83278489207055 0.6682
-6.83282164858198 0.6681
-6.83288039771256 0.668
-6.83294946638702 0.6679
-6.83299729475112 0.6678
-6.83302883051181 0.6677
-6.83304208686124 0.6676
-6.833061337771 0.6675
-6.83309593562336 0.6674
-6.83312564740155 0.6673
-6.83316254528899 0.6672
-6.83317643155904 0.6671
-6.83314511275909 0.667
-6.83308016756968 0.6669
-6.83299553772778 0.6668
-6.83289689117567 0.6667
-6.83277474395238 0.6666
-6.83263127570769 0.6665
-6.83247159044937 0.6664
-6.83229223928203 0.6663
-6.83211926200045 0.6662
-6.83194731334935 0.6661
-6.83177538160805 0.666
-6.8315933016166 0.6659
-6.83140635784208 0.6658
-6.83123936120975 0.6657
-6.83108264988536 0.6656
-6.83094758047446 0.6655
-6.83083403052701 0.6654
-6.83074305451397 0.6653
-6.83066666917425 0.6652
-6.83060809540147 0.6651
-6.83059134498406 0.665
-6.83062036516379 0.6649
-6.83066584345211 0.6648
-6.83076082983711 0.6647
-6.83090285183447 0.6646
-6.83108105931537 0.6645
-6.83127315408766 0.6644
-6.8314488552547 0.6643
-6.83161194851651 0.6642
-6.83175553208322 0.6641
-6.83190333703407 0.664
-6.83204410794924 0.6639
-6.83219630469442 0.6638
-6.83232334273849 0.6637
-6.83244716173648 0.6636
-6.83258302113879 0.6635
-6.83271527117423 0.6634
-6.83282117576409 0.6633
-6.83289670364201 0.6632
-6.83297155390039 0.6631
-6.83304196667166 0.663
-6.83311292063322 0.6629
-6.83316655766399 0.6628
-6.83323532559877 0.6627
-6.83328870032119 0.6626
-6.833340543336 0.6625
-6.83337420650674 0.6624
-6.83341181092223 0.6623
-6.83342072491288 0.6622
-6.83341547899441 0.6621
-6.83341490983421 0.662
-6.83342293532467 0.6619
-6.8334178627713 0.6618
-6.83340189657518 0.6617
-6.83337443232007 0.6616
-6.83334438884731 0.6615
-6.83332325867136 0.6614
-6.83330361241307 0.6613
-6.83327161386219 0.6612
-6.83325005404333 0.6611
-6.83323413883211 0.661
-6.83322360242588 0.6609
-6.83320577941399 0.6608
-6.83320589945446 0.6607
-6.83319299249543 0.6606
-6.83317286687626 0.6605
-6.83314243717103 0.6604
-6.83312630679332 0.6603
-6.83312706793077 0.6602
-6.83312109945562 0.6601
-6.83313312634856 0.66
-6.83317101529178 0.6599
-6.83322346505911 0.6598
-6.83328048721563 0.6597
-6.83335228280443 0.6596
-6.83342290771235 0.6595
-6.83349932883636 0.6594
-6.83360070778313 0.6593
-6.8336975537396 0.6592
-6.83378643017452 0.6591
-6.83385678488364 0.659
-6.83390489501264 0.6589
-6.83395215029358 0.6588
-6.83398363057279 0.6587
-6.83400067205889 0.6586
-6.83398879425438 0.6585
-6.83396198625007 0.6584
-6.83393471207252 0.6583
-6.83389964784831 0.6582
-6.83386932419888 0.6581
-6.8338296609163 0.658
-6.83378245625018 0.6579
-6.83375318210687 0.6578
-6.83373397094862 0.6577
-6.83374056098695 0.6576
-6.8337768528351 0.6575
-6.83384822646305 0.6574
-6.8339348837676 0.6573
-6.83402952097393 0.6572
-6.83413396856753 0.6571
-6.83422589763995 0.657
-6.83431177622684 0.6569
-6.8344094254073 0.6568
-6.83452306205394 0.6567
-6.83464058288327 0.6566
-6.83476833100096 0.6565
-6.83488292883231 0.6564
-6.83497921434663 0.6563
-6.835056699243 0.6562
-6.83512148914202 0.6561
-6.83517384307044 0.656
-6.83519765805888 0.6559
-6.83523832111359 0.6558
-6.83526630104464 0.6557
-6.83528851028842 0.6556
-6.83530579254071 0.6555
-6.83533351865335 0.6554
-6.83539052951969 0.6553
-6.83544237756966 0.6552
-6.83549239908873 0.6551
-6.83556004514203 0.655
-6.83563096898097 0.6549
-6.83572643110902 0.6548
-6.83580276999589 0.6547
-6.83588268837858 0.6546
-6.83598572746372 0.6545
-6.83608175048983 0.6544
-6.83619823247658 0.6543
-6.83631563820643 0.6542
-6.83647220402058 0.6541
-6.83662830654399 0.654
-6.83681715558619 0.6539
-6.83702013069294 0.6538
-6.83724216086939 0.6537
-6.83749042657152 0.6536
-6.8377391832334 0.6535
-6.83800070138244 0.6534
-6.83823581134407 0.6533
-6.83846253933626 0.6532
-6.8386651332816 0.6531
-6.83886002754467 0.653
-6.83903308887554 0.6529
-6.83921108577531 0.6528
-6.83937341391229 0.6527
-6.8395128804644 0.6526
-6.83962478406527 0.6525
-6.83970318095467 0.6524
-6.83975930020878 0.6523
-6.83978485476364 0.6522
-6.8397796058311 0.6521
-6.83976122474708 0.652
-6.83972408771244 0.6519
-6.83968775466718 0.6518
-6.83965639274004 0.6517
-6.83961258603752 0.6516
-6.83955656460232 0.6515
-6.83951353086642 0.6514
-6.83944628416539 0.6513
-6.83937166710775 0.6512
-6.83930253637662 0.6511
-6.83925272691608 0.651
-6.83919054300258 0.6509
-6.83914245968231 0.6508
-6.83909547776358 0.6507
-6.83903676140358 0.6506
-6.83896189476496 0.6505
-6.83889089796614 0.6504
-6.83883101412693 0.6503
-6.83876506129942 0.6502
-6.83871832645744 0.6501
-6.83869030282215 0.65
-6.83868467968203 0.6499
-6.83867228675279 0.6498
-6.83869002081792 0.6497
-6.83872890659909 0.6496
-6.8387767511723 0.6495
-6.8388464994238 0.6494
-6.8389367856325 0.6493
-6.83902505355104 0.6492
-6.83913196674412 0.6491
-6.83923083586116 0.649
-6.83933695870042 0.6489
-6.83944230894389 0.6488
-6.83952632424417 0.6487
-6.83959842258517 0.6486
-6.83966039028047 0.6485
-6.83969639595261 0.6484
-6.83972906852382 0.6483
-6.83974736079984 0.6482
-6.83975500588272 0.6481
-6.83974884875377 0.648
-6.83972900963153 0.6479
-6.83967347809441 0.6478
-6.83962649015258 0.6477
-6.83957726413775 0.6476
-6.83951866822988 0.6475
-6.83944089228231 0.6474
-6.83936000559252 0.6473
-6.83927970290107 0.6472
-6.83919043867212 0.6471
-6.83908875934954 0.647
-6.8389915774247 0.6469
-6.83891667210103 0.6468
-6.83883930872211 0.6467
-6.83877785097211 0.6466
-6.83871335689695 0.6465
-6.83866806617844 0.6464
-6.83864176211377 0.6463
-6.838625861091 0.6462
-6.83862731817985 0.6461
-6.83864039307824 0.646
-6.83865389333752 0.6459
-6.83868968290509 0.6458
-6.83874774014031 0.6457
-6.83882666909004 0.6456
-6.83893489345051 0.6455
-6.83907129554338 0.6454
-6.83924130257538 0.6453
-6.83943393278148 0.6452
-6.83962996863175 0.6451
-6.83983398524752 0.645
-6.8400701980206 0.6449
-6.84034685639595 0.6448
-6.84062213345615 0.6447
-6.84088288329525 0.6446
-6.84114891500059 0.6445
-6.84141139193181 0.6444
-6.84165090144809 0.6443
-6.84186736600991 0.6442
-6.84208248919595 0.6441
-6.8422871708929 0.644
-6.84247251884215 0.6439
-6.84263757031714 0.6438
-6.84275845446129 0.6437
-6.84285062061085 0.6436
-6.84292231993492 0.6435
-6.84296359090177 0.6434
-6.84298427043673 0.6433
-6.84298114762257 0.6432
-6.84294594653775 0.6431
-6.84288954621364 0.643
-6.84283178574256 0.6429
-6.8427650485278 0.6428
-6.84266413596575 0.6427
-6.84253619841693 0.6426
-6.8423916709683 0.6425
-6.84223043438595 0.6424
-6.84208177106021 0.6423
-6.84191368456098 0.6422
-6.84174512586761 0.6421
-6.84157336017423 0.642
-6.84140491570344 0.6419
-6.84128615273416 0.6418
-6.84115319705971 0.6417
-6.84102036530524 0.6416
-6.84087499034184 0.6415
-6.84076260935396 0.6414
-6.84064714793982 0.6413
-6.84055796808003 0.6412
-6.84048167095463 0.6411
-6.84043411493366 0.641
-6.84039448619883 0.6409
-6.8403998042038 0.6408
-6.84040513464232 0.6407
-6.84041736463038 0.6406
-6.84045035627818 0.6405
-6.8405132914177 0.6404
-6.84059279478679 0.6403
-6.84070618528491 0.6402
-6.84081499883688 0.6401
-6.84093334800955 0.64
-6.84106174985482 0.6399
-6.84118750084741 0.6398
-6.84130228096514 0.6397
-6.84141464541708 0.6396
-6.84151650683005 0.6395
-6.84160595354392 0.6394
-6.84169108828581 0.6393
-6.841766799358 0.6392
-6.84182288400232 0.6391
-6.84186259418037 0.639
-6.84190540408482 0.6389
-6.84192289367206 0.6388
-6.84193121764897 0.6387
-6.84188737277141 0.6386
-6.84185284002462 0.6385
-6.8418103988347 0.6384
-6.84175150633695 0.6383
-6.8416801006095 0.6382
-6.84162393048418 0.6381
-6.84155438108262 0.638
-6.841496828802 0.6379
-6.84143134754663 0.6378
-6.84135883995434 0.6377
-6.84129005384056 0.6376
-6.84122329527454 0.6375
-6.84115229071144 0.6374
-6.8410663173275 0.6373
-6.84097991022949 0.6372
-6.84089911128489 0.6371
-6.84081186347014 0.637
-6.84072206243528 0.6369
-6.84064212704759 0.6368
-6.84056225225027 0.6367
-6.84050380324338 0.6366
-6.84046001789577 0.6365
-6.8404022301476 0.6364
-6.84033982514811 0.6363
-6.84027980009904 0.6362
-6.84021711660348 0.6361
-6.84015338801116 0.636
-6.84011099730029 0.6359
-6.84007326558292 0.6358
-6.84004866189979 0.6357
-6.84003892869293 0.6356
-6.84002002977528 0.6355
-6.84002430763919 0.6354
-6.84002722078157 0.6353
-6.84005186672005 0.6352
-6.84009265478215 0.6351
-6.84013552586498 0.635
-6.84018825491658 0.6349
-6.8402648371715 0.6348
-6.84035654334309 0.6347
-6.8404712020677 0.6346
-6.8406034862304 0.6345
-6.84074122478956 0.6344
-6.8408991438397 0.6343
-6.84105961399558 0.6342
-6.84124577113777 0.6341
-6.84145681006576 0.634
-6.84164420174538 0.6339
-6.84182931164247 0.6338
-6.84201917076757 0.6337
-6.84219978370983 0.6336
-6.84234863331333 0.6335
-6.84247344201007 0.6334
-6.84259891385898 0.6333
-6.84269484553071 0.6332
-6.84278554729681 0.6331
-6.84287348525493 0.633
-6.84294940152217 0.6329
-6.84300245615135 0.6328
-6.84304204530692 0.6327
-6.84306000306101 0.6326
-6.84305755997844 0.6325
-6.84304986358859 0.6324
-6.84303849664114 0.6323
-6.84299532904026 0.6322
-6.8429237172362 0.6321
-6.84286721528345 0.632
-6.84280231056534 0.6319
-6.84271886972005 0.6318
-6.84262337240855 0.6317
-6.84253130460127 0.6316
-6.84243491210987 0.6315
-6.84235544034881 0.6314
-6.84230009270597 0.6313
-6.84224900856052 0.6312
-6.8422110038158 0.6311
-6.84220076372215 0.631
-6.84220761831116 0.6309
-6.84221942043269 0.6308
-6.84223405074106 0.6307
-6.84225642945046 0.6306
-6.84229251846628 0.6305
-6.84233890549333 0.6304
-6.84239793244858 0.6303
-6.8424752753701 0.6302
-6.84255471970841 0.6301
-6.8426218109144 0.63
-6.84267927942101 0.6299
-6.8427177302406 0.6298
-6.84275171433084 0.6297
-6.84275786559918 0.6296
-6.84276241023588 0.6295
-6.84273578359183 0.6294
-6.84271245693193 0.6293
-6.84268251880927 0.6292
-6.84265142723086 0.6291
-6.84262480291348 0.629
-6.84256370865835 0.6289
-6.84247636881175 0.6288
-6.842372423213 0.6287
-6.84226915043435 0.6286
-6.84215657745125 0.6285
-6.84205141313558 0.6284
-6.84194849763668 0.6283
-6.84181744727671 0.6282
-6.84166452551539 0.6281
-6.84153009897096 0.628
-6.84139735833906 0.6279
-6.84128401543497 0.6278
-6.84117054671766 0.6277
-6.84107378285461 0.6276
-6.84099747605628 0.6275
-6.84090590897178 0.6274
-6.84081891676026 0.6273
-6.8407384747481 0.6272
-6.84066716770811 0.6271
-6.84059634491051 0.627
-6.8405235968378 0.6269
-6.84045892400217 0.6268
-6.84040305037895 0.6267
-6.84036442382238 0.6266
-6.84035684701552 0.6265
-6.84037440138403 0.6264
-6.84039938358044 0.6263
-6.84044196973548 0.6262
-6.84050659280363 0.6261
-6.84059161181853 0.626
-6.84068525008594 0.6259
-6.84076864966723 0.6258
-6.84085005629229 0.6257
-6.84092666785333 0.6256
-6.84101540519082 0.6255
-6.8410822392733 0.6254
-6.84114613507627 0.6253
-6.84120152219624 0.6252
-6.84125405845004 0.6251
-6.84129638220704 0.625
-6.84134480235801 0.6249
-6.84137817705882 0.6248
-6.84142781234997 0.6247
-6.8414917775411 0.6246
-6.84156594628385 0.6245
-6.84164595377352 0.6244
-6.84173171261299 0.6243
-6.84181496420271 0.6242
-6.84191303441257 0.6241
-6.84202188108129 0.624
-6.84214426292548 0.6239
-6.84228833232666 0.6238
-6.84245225524769 0.6237
-6.84262536212912 0.6236
-6.84278909359982 0.6235
-6.84294186792496 0.6234
-6.84307560268748 0.6233
-6.84318436277774 0.6232
-6.84329256128501 0.6231
-6.8433781204311 0.623
-6.84347430038269 0.6229
-6.84354716302764 0.6228
-6.84359354013734 0.6227
-6.84362725713823 0.6226
-6.84363214151576 0.6225
-6.8436364460363 0.6224
-6.84363891033448 0.6223
-6.84360956880843 0.6222
-6.84356787923184 0.6221
-6.84350942443634 0.622
-6.84343943145245 0.6219
-6.84334343441544 0.6218
-6.84325156614543 0.6217
-6.84317573002581 0.6216
-6.84310343476317 0.6215
-6.84305709032127 0.6214
-6.84302346731675 0.6213
-6.84302059357974 0.6212
-6.84303512316808 0.6211
-6.84306927458019 0.621
-6.84310953925777 0.6209
-6.8431395616743 0.6208
-6.84318807933232 0.6207
-6.8432323042705 0.6206
-6.84327814183848 0.6205
-6.84332742725355 0.6204
-6.84338696567855 0.6203
-6.84346168082218 0.6202
-6.84351158317145 0.6201
-6.8435665131165 0.62
-6.84363273273142 0.6199
-6.84372305023692 0.6198
-6.84382139349709 0.6197
-6.84390341491806 0.6196
-6.84399458107764 0.6195
-6.84409322265008 0.6194
-6.84418376872071 0.6193
-6.84427094883848 0.6192
-6.84434551060187 0.6191
-6.84441773987412 0.619
-6.84449146404977 0.6189
-6.84454143618321 0.6188
-6.84461324388169 0.6187
-6.84465579159274 0.6186
-6.84468806040606 0.6185
-6.84470762958559 0.6184
-6.84471180899521 0.6183
-6.84471460611641 0.6182
-6.84470793402886 0.6181
-6.84472123448281 0.618
-6.84472974706412 0.6179
-6.84473963680935 0.6178
-6.84473102673317 0.6177
-6.8447105862742 0.6176
-6.84466609499974 0.6175
-6.84463346560766 0.6174
-6.84459040737922 0.6173
-6.84454100731516 0.6172
-6.84447945713027 0.6171
-6.84440112449029 0.617
-6.84433087219154 0.6169
-6.84425228470657 0.6168
-6.84416483450396 0.6167
-6.84408840621454 0.6166
-6.84401277110031 0.6165
-6.84394153337047 0.6164
-6.84388771517915 0.6163
-6.84385577869954 0.6162
-6.84384988585216 0.6161
-6.84384908253768 0.616
-6.8438583246096 0.6159
-6.84386402167314 0.6158
-6.84386627527109 0.6157
-6.84386226001823 0.6156
-6.8438484987683 0.6155
-6.84384006445135 0.6154
-6.84380665825947 0.6153
-6.84377723415049 0.6152
-6.84375430162465 0.6151
-6.84373973776782 0.615
-6.84371118041872 0.6149
-6.84368164596891 0.6148
-6.84365816525911 0.6147
-6.84364788817305 0.6146
-6.84363638535526 0.6145
-6.84362741914013 0.6144
-6.84362018592402 0.6143
-6.84362095207871 0.6142
-6.84361622432373 0.6141
-6.84362800696283 0.614
-6.84363995655215 0.6139
-6.84368620563848 0.6138
-6.84376174614156 0.6137
-6.84383856270311 0.6136
-6.84391655105996 0.6135
-6.84401203091409 0.6134
-6.84410516885992 0.6133
-6.84419900194761 0.6132
-6.84430648740128 0.6131
-6.8443985183799 0.613
-6.84446708685369 0.6129
-6.84452811291076 0.6128
-6.84458110382889 0.6127
-6.84464292315362 0.6126
-6.84471131152087 0.6125
-6.84478497568062 0.6124
-6.84483318233069 0.6123
-6.84487650447219 0.6122
-6.84493172148942 0.6121
-6.84499096956354 0.612
-6.84506762049236 0.6119
-6.84515368035645 0.6118
-6.84524624360794 0.6117
-6.84529990529304 0.6116
-6.84534763286673 0.6115
-6.84536546848729 0.6114
-6.84537832560445 0.6113
-6.84541118948468 0.6112
-6.84544022182453 0.6111
-6.84544284806664 0.611
-6.84544618305371 0.6109
-6.84545831424445 0.6108
-6.84543853484834 0.6107
-6.84542913500196 0.6106
-6.84541387696911 0.6105
-6.84539980143948 0.6104
-6.84539299020986 0.6103
-6.84538085944824 0.6102
-6.8453767546395 0.6101
-6.84539411471104 0.61
-6.84543124993507 0.6099
-6.84546965632671 0.6098
-6.84553795125882 0.6097
-6.84561374249516 0.6096
-6.84571303860633 0.6095
-6.84582426373049 0.6094
-6.84595329553604 0.6093
-6.84609272122915 0.6092
-6.84623629151137 0.6091
-6.8463840243121 0.609
-6.84653707004116 0.6089
-6.84669002969144 0.6088
-6.84684065233665 0.6087
-6.84697728338465 0.6086
-6.8471093981324 0.6085
-6.84723425385677 0.6084
-6.84734659476982 0.6083
-6.84743292753925 0.6082
-6.84751440006604 0.6081
-6.84758692074325 0.608
-6.84762465535087 0.6079
-6.84764573802216 0.6078
-6.84765689058271 0.6077
-6.84765243052929 0.6076
-6.84762018024231 0.6075
-6.84757228604254 0.6074
-6.84751188140505 0.6073
-6.84742777871529 0.6072
-6.84732180398362 0.6071
-6.84719988460814 0.607
-6.84705840402306 0.6069
-6.84691910349347 0.6068
-6.84679665457333 0.6067
-6.84668718910068 0.6066
-6.8465763141193 0.6065
-6.84647966947024 0.6064
-6.84639454858098 0.6063
-6.84634281497882 0.6062
-6.84629825643377 0.6061
-6.84626516195543 0.606
-6.84624178590112 0.6059
-6.84620715378866 0.6058
-6.84615265589398 0.6057
-6.84611709824004 0.6056
-6.84607487486571 0.6055
-6.84603337933005 0.6054
-6.84599647922046 0.6053
-6.8459592422298 0.6052
-6.84591817810293 0.6051
-6.84588902944026 0.605
-6.84586251871207 0.6049
-6.84581451096955 0.6048
-6.84578146822676 0.6047
-6.84574412127906 0.6046
-6.84571956538276 0.6045
-6.84569134840611 0.6044
-6.84566151652001 0.6043
-6.84562847269098 0.6042
-6.8455917096113 0.6041
-6.84557301215131 0.604
-6.84554074430316 0.6039
-6.84552760852072 0.6038
-6.8454969008211 0.6037
-6.84545967061691 0.6036
-6.84543003066371 0.6035
-6.84538622175746 0.6034
-6.84532734416864 0.6033
-6.84525695806089 0.6032
-6.84521701378372 0.6031
-6.84518388698545 0.603
-6.84516083786967 0.6029
-6.84514217356674 0.6028
-6.84512965141182 0.6027
-6.84510186801535 0.6026
-6.84509216343031 0.6025
-6.8451042952869 0.6024
-6.84512035587279 0.6023
-6.845138594461 0.6022
-6.84520116862652 0.6021
-6.84525578040291 0.602
-6.84532432610331 0.6019
-6.84540105102615 0.6018
-6.84547558896005 0.6017
-6.84557597380195 0.6016
-6.84568038455072 0.6015
-6.84577672521136 0.6014
-6.8459110111604 0.6013
-6.84603033842875 0.6012
-6.84614367157825 0.6011
-6.84627348279778 0.601
-6.84638974384329 0.6009
-6.84650225870115 0.6008
-6.84662124177694 0.6007
-6.84670688855881 0.6006
-6.84678509937963 0.6005
-6.84685091561505 0.6004
-6.84689819749354 0.6003
-6.84695217536987 0.6002
-6.84697336567859 0.6001
-6.84697324578944 0.6
-6.8469723449472 0.5999
-6.84695204369067 0.5998
-6.84693177326068 0.5997
-6.84693065116002 0.5996
-6.8469305207181 0.5995
-6.84694896004449 0.5994
-6.84701665682294 0.5993
-6.84708599762011 0.5992
-6.84714490905463 0.5991
-6.84719465426518 0.599
-6.8472587804099 0.5989
-6.84729889070673 0.5988
-6.84735445553605 0.5987
-6.84743147751927 0.5986
-6.84750619565898 0.5985
-6.84758184380234 0.5984
-6.8476358659363 0.5983
-6.84767399573301 0.5982
-6.84772587504915 0.5981
-6.84774922498221 0.598
-6.84774934051719 0.5979
-6.84773402765764 0.5978
-6.84772135246325 0.5977
-6.84770747995875 0.5976
-6.84768028499623 0.5975
-6.84761938132037 0.5974
-6.84754695745876 0.5973
-6.84748028279136 0.5972
-6.84742663052448 0.5971
-6.8473764786714 0.597
-6.84733425260475 0.5969
-6.84728159176105 0.5968
-6.84722555810633 0.5967
-6.84716220746731 0.5966
-6.84707568434294 0.5965
-6.84699930685731 0.5964
-6.84693237029292 0.5963
-6.84685315826067 0.5962
-6.84676503398939 0.5961
-6.84670384197934 0.596
-6.8466053068224 0.5959
-6.84649090523502 0.5958
-6.84636378668567 0.5957
-6.84625104205414 0.5956
-6.8461456573284 0.5955
-6.84605212440883 0.5954
-6.84593885765736 0.5953
-6.84581317317874 0.5952
-6.84569176604203 0.5951
-6.84556221562745 0.595
-6.84542150243318 0.5949
-6.84527900500943 0.5948
-6.84515473901319 0.5947
-6.8450325203062 0.5946
-6.84493217879835 0.5945
-6.84483556298822 0.5944
-6.84475268356877 0.5943
-6.8446786419456 0.5942
-6.84464258474813 0.5941
-6.84461210041987 0.594
-6.84457947890566 0.5939
-6.84453844848065 0.5938
-6.84451891387788 0.5937
-6.84451503328835 0.5936
-6.84451167074602 0.5935
-6.84452569471936 0.5934
-6.8445426997906 0.5933
-6.84456840875342 0.5932
-6.84460714145005 0.5931
-6.84467302121235 0.593
-6.84473397867037 0.5929
-6.84481270661828 0.5928
-6.84490092653425 0.5927
-6.84497743451872 0.5926
-6.84505958027649 0.5925
-6.84514789175106 0.5924
-6.84523232010981 0.5923
-6.84529011102848 0.5922
-6.84536516672083 0.5921
-6.84545726778097 0.592
-6.84554391452342 0.5919
-6.8456372581425 0.5918
-6.84570774397459 0.5917
-6.84579020523642 0.5916
-6.84587808315838 0.5915
-6.84595937121135 0.5914
-6.84604062697778 0.5913
-6.84613996649134 0.5912
-6.84623928333817 0.5911
-6.84633346830609 0.591
-6.8464181852301 0.5909
-6.84651355725826 0.5908
-6.84663343436586 0.5907
-6.84677147361397 0.5906
-6.84689844995571 0.5905
-6.84704904903761 0.5904
-6.84719485925489 0.5903
-6.84732781838543 0.5902
-6.84746762574104 0.5901
-6.84761965754481 0.59
-6.84778548158137 0.5899
-6.84794739150013 0.5898
-6.84809114511417 0.5897
-6.84823113256541 0.5896
-6.84837384745721 0.5895
-6.84851192412978 0.5894
-6.84864433427351 0.5893
-6.84876548933844 0.5892
-6.84886187501861 0.5891
-6.84895476979082 0.589
-6.84905211321349 0.5889
-6.84914237387312 0.5888
-6.84923118080778 0.5887
-6.84933620448612 0.5886
-6.84943277262898 0.5885
-6.84952878358272 0.5884
-6.84963550501064 0.5883
-6.84972567846433 0.5882
-6.84981158053067 0.5881
-6.84988814436811 0.588
-6.84996926804608 0.5879
-6.85005150050807 0.5878
-6.8501326382236 0.5877
-6.85020531975177 0.5876
-6.85026646684043 0.5875
-6.85033809820473 0.5874
-6.85041305024396 0.5873
-6.85046886286465 0.5872
-6.85051206369443 0.5871
-6.85053884087424 0.587
-6.85057168309419 0.5869
-6.85057409134182 0.5868
-6.8505380864659 0.5867
-6.85050056768987 0.5866
-6.85045043829815 0.5865
-6.85040389983954 0.5864
-6.85035145398167 0.5863
-6.85028535928133 0.5862
-6.85024093654285 0.5861
-6.85020775480189 0.586
-6.85017470394608 0.5859
-6.85012239308896 0.5858
-6.85004097090068 0.5857
-6.84993419337983 0.5856
-6.84980879395039 0.5855
-6.84969307003953 0.5854
-6.84957522369196 0.5853
-6.84944865223948 0.5852
-6.8493301867323 0.5851
-6.8492002653476 0.585
-6.84906063949247 0.5849
-6.84892378205831 0.5848
-6.84881491787959 0.5847
-6.84870930934035 0.5846
-6.84860111525286 0.5845
-6.84850489547483 0.5844
-6.84841097717688 0.5843
-6.84831515314963 0.5842
-6.84824386767285 0.5841
-6.84817362620059 0.584
-6.84813025436177 0.5839
-6.84809776100166 0.5838
-6.84808408514621 0.5837
-6.84809341623115 0.5836
-6.84811103203329 0.5835
-6.84813329158326 0.5834
-6.8481646348893 0.5833
-6.84821544317291 0.5832
-6.84829250919261 0.5831
-6.84840045766648 0.583
-6.84851074557043 0.5829
-6.84863920150602 0.5828
-6.84877770036442 0.5827
-6.84892492615011 0.5826
-6.84907533673518 0.5825
-6.84923602048003 0.5824
-6.84938344185428 0.5823
-6.8495243852105 0.5822
-6.84964912069696 0.5821
-6.84975335206543 0.582
-6.84983519966995 0.5819
-6.84990937731897 0.5818
-6.84994785755267 0.5817
-6.84998193889733 0.5816
-6.8499861170795 0.5815
-6.84997947783381 0.5814
-6.84994037063555 0.5813
-6.84990343198649 0.5812
-6.8498838006616 0.5811
-6.84984715433752 0.581
-6.8497827510129 0.5809
-6.84970242554416 0.5808
-6.8496226368987 0.5807
-6.84954315770224 0.5806
-6.84946156601993 0.5805
-6.8493899342572 0.5804
-6.84933071422245 0.5803
-6.84929124369392 0.5802
-6.84925958989521 0.5801
-6.84923509971923 0.58
-6.8492040328133 0.5799
-6.84919468476175 0.5798
-6.84920482884079 0.5797
-6.84921462801966 0.5796
-6.84922586969222 0.5795
-6.84921244279338 0.5794
-6.84919757010658 0.5793
-6.84918109864008 0.5792
-6.84916904540008 0.5791
-6.8491579682833 0.579
-6.84913259198182 0.5789
-6.84909920936253 0.5788
-6.84906675008535 0.5787
-6.84903953899977 0.5786
-6.84899748825556 0.5785
-6.84896922158439 0.5784
-6.84892304417342 0.5783
-6.84884790300284 0.5782
-6.84876074498157 0.5781
-6.84866543629528 0.578
-6.84857572288825 0.5779
-6.84848179858446 0.5778
-6.84840704508643 0.5777
-6.84832930860862 0.5776
-6.84827338691844 0.5775
-6.84820699708369 0.5774
-6.84813915407545 0.5773
-6.84806843990817 0.5772
-6.84799238588182 0.5771
-6.84793100662102 0.577
-6.84788818020643 0.5769
-6.84786535343315 0.5768
-6.84784904791221 0.5767
-6.84784597268342 0.5766
-6.84786673197716 0.5765
-6.84794116325998 0.5764
-6.84804352431444 0.5763
-6.84816449336976 0.5762
-6.84828444107465 0.5761
-6.84841558804302 0.576
-6.84855943337365 0.5759
-6.84869767494247 0.5758
-6.84882242260548 0.5757
-6.84892814634337 0.5756
-6.84903178487676 0.5755
-6.84911515992494 0.5754
-6.84919244684499 0.5753
-6.8492629830196 0.5752
-6.84932016959013 0.5751
-6.84937827956877 0.575
-6.84941218695327 0.5749
-6.84942160181482 0.5748
-6.84940925344855 0.5747
-6.84938922878138 0.5746
-6.84934460385354 0.5745
-6.8492738238033 0.5744
-6.84918335057351 0.5743
-6.84907523304379 0.5742
-6.84895274089532 0.5741
-6.84879947831722 0.574
-6.84864758767921 0.5739
-6.84850597562237 0.5738
-6.84838425732268 0.5737
-6.84826018780379 0.5736
-6.84814709284137 0.5735
-6.84802735222177 0.5734
-6.84791345262756 0.5733
-6.84783531436659 0.5732
-6.84777402241038 0.5731
-6.84772339920573 0.573
-6.84765689820828 0.5729
-6.84759946829327 0.5728
-6.8475881880285 0.5727
-6.84759228766598 0.5726
-6.84762217081837 0.5725
-6.84768250427393 0.5724
-6.8477604322405 0.5723
-6.84785019298241 0.5722
-6.84796582413222 0.5721
-6.84809812299497 0.572
-6.84824495288108 0.5719
-6.84838942936921 0.5718
-6.84853331216416 0.5717
-6.84870246753836 0.5716
-6.84887315715263 0.5715
-6.84906296110833 0.5714
-6.8492628350776 0.5713
-6.84945595142149 0.5712
-6.849641728387 0.5711
-6.84982087170908 0.571
-6.84997789523742 0.5709
-6.85011012988984 0.5708
-6.85022427318767 0.5707
-6.85030446280862 0.5706
-6.85036098990829 0.5705
-6.85040381199208 0.5704
-6.85044949114787 0.5703
-6.85046865393952 0.5702
-6.85044795770893 0.5701
-6.85041177976107 0.57
-6.85035182678909 0.5699
-6.85026394508087 0.5698
-6.85017985820146 0.5697
-6.85009734489536 0.5696
-6.85000369796283 0.5695
-6.84988574546059 0.5694
-6.84975410901276 0.5693
-6.84962464081038 0.5692
-6.84949560896084 0.5691
-6.84934660500414 0.569
-6.84918518070785 0.5689
-6.84903948611597 0.5688
-6.84889088034075 0.5687
-6.84876449125401 0.5686
-6.84866510012863 0.5685
-6.8486112555705 0.5684
-6.84860710157801 0.5683
-6.84862159116046 0.5682
-6.84865400961231 0.5681
-6.84871330722852 0.568
-6.84880347899526 0.5679
-6.84891528934936 0.5678
-6.84904296370612 0.5677
-6.84920387799021 0.5676
-6.84936150106268 0.5675
-6.84951701929706 0.5674
-6.84966548512172 0.5673
-6.84981402648681 0.5672
-6.84996966729601 0.5671
-6.85013707957585 0.567
-6.85030029093841 0.5669
-6.85046570747523 0.5668
-6.85062397961719 0.5667
-6.85077962599403 0.5666
-6.85093476260584 0.5665
-6.85108535552751 0.5664
-6.85122882396356 0.5663
-6.85135195581609 0.5662
-6.851452849528 0.5661
-6.85153992684374 0.566
-6.85162121504575 0.5659
-6.85170866027816 0.5658
-6.85178321791546 0.5657
-6.85185237064964 0.5656
-6.85189339153234 0.5655
-6.85192021210042 0.5654
-6.85194958975586 0.5653
-6.85195763916267 0.5652
-6.85195093715778 0.5651
-6.85194180066487 0.565
-6.85191928179174 0.5649
-6.85188302912722 0.5648
-6.85181927978438 0.5647
-6.85171501663894 0.5646
-6.85159242560476 0.5645
-6.85145198565528 0.5644
-6.85127958995314 0.5643
-6.85107745652705 0.5642
-6.85085903469629 0.5641
-6.85062872668467 0.564
-6.8503943249436 0.5639
-6.85016757483997 0.5638
-6.84993788693752 0.5637
-6.84970868635164 0.5636
-6.84949131651413 0.5635
-6.8493164961997 0.5634
-6.8491819446994 0.5633
-6.84907388540656 0.5632
-6.84899390200466 0.5631
-6.84895076192732 0.563
-6.84893138024519 0.5629
-6.84893592864012 0.5628
-6.84897531980955 0.5627
-6.84904462396675 0.5626
-6.84914516628197 0.5625
-6.849243542837 0.5624
-6.84935756657468 0.5623
-6.84950034065237 0.5622
-6.84967255498629 0.5621
-6.84984822535226 0.562
-6.8500341237538 0.5619
-6.85020912778172 0.5618
-6.85039691966206 0.5617
-6.85058307783742 0.5616
-6.85075832458794 0.5615
-6.85094244354447 0.5614
-6.851123398934 0.5613
-6.85128618542997 0.5612
-6.85143322183585 0.5611
-6.85156383313166 0.561
-6.85166469222935 0.5609
-6.85173253796414 0.5608
-6.85178214755425 0.5607
-6.85180962220752 0.5606
-6.8518140377166 0.5605
-6.85179138618986 0.5604
-6.85175532086225 0.5603
-6.85172276503439 0.5602
-6.85168028428701 0.5601
-6.85161597496579 0.56
-6.85154027790929 0.5599
-6.85146889487531 0.5598
-6.85139965560514 0.5597
-6.85133860277427 0.5596
-6.85128381741783 0.5595
-6.85122172589103 0.5594
-6.85115633345598 0.5593
-6.85109618724569 0.5592
-6.85103663138566 0.5591
-6.8510219237352 0.559
-6.85102766614067 0.5589
-6.85104987977687 0.5588
-6.85108315506456 0.5587
-6.8511388838221 0.5586
-6.85120527715652 0.5585
-6.85126961717022 0.5584
-6.85134610225749 0.5583
-6.85142322554396 0.5582
-6.85145921586519 0.5581
-6.85149089555928 0.558
-6.85153386075274 0.5579
-6.85157215164043 0.5578
-6.85160353361848 0.5577
-6.85163734263043 0.5576
-6.85165263234711 0.5575
-6.85167435448493 0.5574
-6.85169277361848 0.5573
-6.85171626561572 0.5572
-6.85174524953593 0.5571
-6.8517720856698 0.557
-6.85179632529602 0.5569
-6.85180272158298 0.5568
-6.8518207186149 0.5567
-6.8518285069609 0.5566
-6.85184878691474 0.5565
-6.85188192105469 0.5564
-6.85190995573903 0.5563
-6.85194817012547 0.5562
-6.8519899188346 0.5561
-6.85202558509399 0.556
-6.85205317891919 0.5559
-6.8521200111156 0.5558
-6.85217328499795 0.5557
-6.85224053939565 0.5556
-6.85233713369004 0.5555
-6.85243396729629 0.5554
-6.85254606463057 0.5553
-6.85264807909849 0.5552
-6.85277562360631 0.5551
-6.8529028263035 0.555
-6.85304441656901 0.5549
-6.85319627259204 0.5548
-6.85333652257032 0.5547
-6.85348255662545 0.5546
-6.853623287609 0.5545
-6.85374997685464 0.5544
-6.85386387342785 0.5543
-6.85399274150176 0.5542
-6.85412558675413 0.5541
-6.8542533653189 0.554
-6.85436023418272 0.5539
-6.85443153968551 0.5538
-6.85448464174449 0.5537
-6.85455051794371 0.5536
-6.85459917957359 0.5535
-6.8546325115463 0.5534
-6.85465417655017 0.5533
-6.85466030287997 0.5532
-6.85467169933848 0.5531
-6.8546811238852 0.553
-6.8546666910871 0.5529
-6.85465152798416 0.5528
-6.85463338096606 0.5527
-6.8545861219592 0.5526
-6.85454650659693 0.5525
-6.85450561087333 0.5524
-6.85445446152883 0.5523
-6.85438064498188 0.5522
-6.85431346848784 0.5521
-6.85427291706902 0.552
-6.85422816372577 0.5519
-6.85417576521993 0.5518
-6.8541140740049 0.5517
-6.8540439798683 0.5516
-6.85396701209655 0.5515
-6.85389306909901 0.5514
-6.85381508025748 0.5513
-6.85375095977707 0.5512
-6.85370589931663 0.5511
-6.85363902808193 0.551
-6.85359989384135 0.5509
-6.85358332077661 0.5508
-6.85358807533839 0.5507
-6.85359448362483 0.5506
-6.85361059279907 0.5505
-6.85361557234101 0.5504
-6.85360552372896 0.5503
-6.85358966987523 0.5502
-6.85358134901097 0.5501
-6.85359064560047 0.55
-6.85360562295202 0.5499
-6.85362027175305 0.5498
-6.85362803866908 0.5497
-6.85363238232557 0.5496
-6.85363277531062 0.5495
-6.8536133054029 0.5494
-6.8535809429729 0.5493
-6.85354731633386 0.5492
-6.8535205461734 0.5491
-6.85348492104696 0.549
-6.8534284137761 0.5489
-6.85333318112367 0.5488
-6.85321175433205 0.5487
-6.85310464203681 0.5486
-6.8530076613789 0.5485
-6.85293654953009 0.5484
-6.85286407972568 0.5483
-6.85281560591998 0.5482
-6.85278203912869 0.5481
-6.85276442497677 0.548
-6.8527611533473 0.5479
-6.85277899518314 0.5478
-6.85281365489321 0.5477
-6.85286658893575 0.5476
-6.85294162408453 0.5475
-6.85303140763221 0.5474
-6.85313351899442 0.5473
-6.85325204921274 0.5472
-6.85338407014513 0.5471
-6.8535329338395 0.547
-6.85367470065956 0.5469
-6.85383587041118 0.5468
-6.85399932608885 0.5467
-6.85414261185456 0.5466
-6.85430200871289 0.5465
-6.85446584355964 0.5464
-6.85461626996475 0.5463
-6.85475873924902 0.5462
-6.85488359219021 0.5461
-6.85499848341348 0.546
-6.85508235631692 0.5459
-6.85512170837835 0.5458
-6.85514471539553 0.5457
-6.85513600615735 0.5456
-6.85509959663877 0.5455
-6.85504608387769 0.5454
-6.85496582915465 0.5453
-6.85487208186113 0.5452
-6.85477201013814 0.5451
-6.85467099551841 0.545
-6.85458053232498 0.5449
-6.85447948366128 0.5448
-6.85438949692539 0.5447
-6.85429486742862 0.5446
-6.85420284228488 0.5445
-6.85412634978256 0.5444
-6.8540820709685 0.5443
-6.85405562625847 0.5442
-6.85405261313381 0.5441
-6.85404242702135 0.544
-6.85404668821055 0.5439
-6.85405685910044 0.5438
-6.85409411166814 0.5437
-6.85415381388413 0.5436
-6.85420303723935 0.5435
-6.85429041390442 0.5434
-6.85438734662846 0.5433
-6.85448879964593 0.5432
-6.85459789022921 0.5431
-6.85472233936219 0.543
-6.85483134420541 0.5429
-6.85494311140353 0.5428
-6.85502863747329 0.5427
-6.8551269233792 0.5426
-6.85522414307323 0.5425
-6.85532951060964 0.5424
-6.8554171707565 0.5423
-6.85549333644738 0.5422
-6.85554788668235 0.5421
-6.85559637520111 0.542
-6.85562772330965 0.5419
-6.85566095387095 0.5418
-6.85568534355059 0.5417
-6.85572130942016 0.5416
-6.8557389489249 0.5415
-6.85571415442 0.5414
-6.85568256302986 0.5413
-6.85562344391327 0.5412
-6.85557701583537 0.5411
-6.85551067270274 0.541
-6.85544275838455 0.5409
-6.85538581473518 0.5408
-6.85533266513782 0.5407
-6.85527017783867 0.5406
-6.8552014514536 0.5405
-6.8551300702963 0.5404
-6.85505571375658 0.5403
-6.85498816597994 0.5402
-6.85492201596456 0.5401
-6.85486913463572 0.54
-6.85481009486982 0.5399
-6.85474561914068 0.5398
-6.85469371854645 0.5397
-6.8546603366769 0.5396
-6.85464290726502 0.5395
-6.85463530589126 0.5394
-6.85462044108702 0.5393
-6.85460785593047 0.5392
-6.85459229067323 0.5391
-6.85457424396382 0.539
-6.85458936023478 0.5389
-6.85463865937161 0.5388
-6.85471965614429 0.5387
-6.85482261460788 0.5386
-6.85492910861988 0.5385
-6.85504234681745 0.5384
-6.85512756031185 0.5383
-6.8552174215248 0.5382
-6.85529528205769 0.5381
-6.85538449977543 0.538
-6.85549045853472 0.5379
-6.8555957879665 0.5378
-6.85569759086408 0.5377
-6.85578329228812 0.5376
-6.85585971083231 0.5375
-6.85590251147761 0.5374
-6.8559047471544 0.5373
-6.8559172205871 0.5372
-6.85591044636605 0.5371
-6.85591493340501 0.537
-6.85594353192048 0.5369
-6.85598052268421 0.5368
-6.85600919336245 0.5367
-6.8560251949641 0.5366
-6.85604054588946 0.5365
-6.85604086345361 0.5364
-6.85604695807795 0.5363
-6.85606811274003 0.5362
-6.85610329006297 0.5361
-6.85613594267749 0.536
-6.85616138040371 0.5359
-6.85616330836009 0.5358
-6.85619069992194 0.5357
-6.85623795547904 0.5356
-6.85630317854589 0.5355
-6.8563855337104 0.5354
-6.85647447238458 0.5353
-6.85656210519698 0.5352
-6.85665714613343 0.5351
-6.85677566911016 0.535
-6.85688584341977 0.5349
-6.85700283221059 0.5348
-6.85710240124437 0.5347
-6.85721757746079 0.5346
-6.85733757792048 0.5345
-6.85745303881197 0.5344
-6.85757588992369 0.5343
-6.85769471276975 0.5342
-6.85779458024121 0.5341
-6.85788777701501 0.534
-6.8579513636775 0.5339
-6.85799338195133 0.5338
-6.85801644829867 0.5337
-6.85799721150383 0.5336
-6.85794047501732 0.5335
-6.85788284420055 0.5334
-6.85778951767694 0.5333
-6.85769128291872 0.5332
-6.85759107716625 0.5331
-6.85748732858026 0.533
-6.85737986818486 0.5329
-6.85727633311547 0.5328
-6.85716919994923 0.5327
-6.85703884180309 0.5326
-6.85689739963474 0.5325
-6.85674903603545 0.5324
-6.8565610500952 0.5323
-6.85635547146592 0.5322
-6.85613984403168 0.5321
-6.85592924433469 0.532
-6.85570016255976 0.5319
-6.85549207512323 0.5318
-6.85530020993479 0.5317
-6.85512282453823 0.5316
-6.85495798341314 0.5315
-6.85479966259121 0.5314
-6.8546758978568 0.5313
-6.85456699067421 0.5312
-6.85448095923521 0.5311
-6.85440433473694 0.531
-6.85433420678782 0.5309
-6.85427820121951 0.5308
-6.85422567636053 0.5307
-6.8541813872189 0.5306
-6.85414206036993 0.5305
-6.85413252276761 0.5304
-6.8541008078399 0.5303
-6.85408063128829 0.5302
-6.85404809526795 0.5301
-6.85402117631291 0.53
-6.85401207927025 0.5299
-6.85399880865675 0.5298
-6.85397832694354 0.5297
-6.85395383463354 0.5296
-6.85392117475527 0.5295
-6.85392260694007 0.5294
-6.85393624798022 0.5293
-6.85394483383044 0.5292
-6.85395916587376 0.5291
-6.85397207135052 0.529
-6.85399327498955 0.5289
-6.85401064885599 0.5288
-6.85404968176578 0.5287
-6.85409996948731 0.5286
-6.85416877503781 0.5285
-6.85425343208237 0.5284
-6.85434538587968 0.5283
-6.85442431247832 0.5282
-6.85452188208434 0.5281
-6.85460424229109 0.528
-6.85469512130354 0.5279
-6.85480117621133 0.5278
-6.85489116706437 0.5277
-6.85495299238715 0.5276
-6.85499946333304 0.5275
-6.85505225587294 0.5274
-6.85507456775858 0.5273
-6.85509617357707 0.5272
-6.85511302768686 0.5271
-6.85510585386215 0.527
-6.85509061048688 0.5269
-6.85506039377934 0.5268
-6.85503913326714 0.5267
-6.8550129528134 0.5266
-6.85496813882011 0.5265
-6.85492868609861 0.5264
-6.85489537493798 0.5263
-6.8548600958995 0.5262
-6.85481585235848 0.5261
-6.85475932967285 0.526
-6.85471783113942 0.5259
-6.85467886001122 0.5258
-6.85466388207923 0.5257
-6.85467621699072 0.5256
-6.85468209745099 0.5255
-6.85470382970696 0.5254
-6.8547526276299 0.5253
-6.85482906482841 0.5252
-6.85493384815724 0.5251
-6.85504112201808 0.525
-6.85516691627702 0.5249
-6.85532226414898 0.5248
-6.85547104318547 0.5247
-6.85563307761263 0.5246
-6.85580328251678 0.5245
-6.85598672586286 0.5244
-6.85615773103314 0.5243
-6.85634926273783 0.5242
-6.85654570944673 0.5241
-6.85673935671327 0.524
-6.85690252556951 0.5239
-6.85703709420595 0.5238
-6.85714983738749 0.5237
-6.85725780324785 0.5236
-6.85734880386934 0.5235
-6.85745524218466 0.5234
-6.85755230687149 0.5233
-6.85764013491092 0.5232
-6.85770995307105 0.5231
-6.85775774550848 0.523
-6.8577934984076 0.5229
-6.85781772378507 0.5228
-6.85784762096586 0.5227
-6.85787945036782 0.5226
-6.85789428283207 0.5225
-6.85790402204665 0.5224
-6.85790697350168 0.5223
-6.8579247238215 0.5222
-6.85795129537422 0.5221
-6.8579676027071 0.522
-6.85799743207123 0.5219
-6.85802416678006 0.5218
-6.8580434152269 0.5217
-6.8580622989043 0.5216
-6.85807391258493 0.5215
-6.85808857654163 0.5214
-6.85814135755043 0.5213
-6.85820856867552 0.5212
-6.85827921561702 0.5211
-6.85833237759654 0.521
-6.85837319722336 0.5209
-6.85841451509128 0.5208
-6.85844732502902 0.5207
-6.85846354300371 0.5206
-6.85848161294039 0.5205
-6.85848836054883 0.5204
-6.85850074960284 0.5203
-6.85849533856597 0.5202
-6.85848190988517 0.5201
-6.85845876448921 0.52
-6.85840650727244 0.5199
-6.85834797207576 0.5198
-6.85826990403398 0.5197
-6.85818729620305 0.5196
-6.85811143131607 0.5195
-6.85803380458164 0.5194
-6.85796883682875 0.5193
-6.85788897721953 0.5192
-6.85780371954331 0.5191
-6.85771017399722 0.519
-6.85760432382323 0.5189
-6.85750372022023 0.5188
-6.85742555808521 0.5187
-6.85734822147673 0.5186
-6.85727380626205 0.5185
-6.85722493377337 0.5184
-6.85719852798249 0.5183
-6.85718223183004 0.5182
-6.85719230907009 0.5181
-6.8572330676482 0.518
-6.85728982670052 0.5179
-6.85736027544072 0.5178
-6.85740960844272 0.5177
-6.85748876783681 0.5176
-6.85757761734363 0.5175
-6.85766530873143 0.5174
-6.85774095074737 0.5173
-6.85781499720605 0.5172
-6.85787425737752 0.5171
-6.85793637587995 0.517
-6.85800773535809 0.5169
-6.85807131392656 0.5168
-6.85812306495617 0.5167
-6.85816939629419 0.5166
-6.85822079239025 0.5165
-6.85825982207301 0.5164
-6.85831954100477 0.5163
-6.85835248072803 0.5162
-6.85838705448215 0.5161
-6.85842991861705 0.516
-6.85846915565218 0.5159
-6.85849490217045 0.5158
-6.85852786447418 0.5157
-6.85855771786632 0.5156
-6.85857766432628 0.5155
-6.85859448554833 0.5154
-6.85860692538748 0.5153
-6.85862691401286 0.5152
-6.85865321826544 0.5151
-6.85868345347923 0.515
-6.85873867992118 0.5149
-6.85880165906324 0.5148
-6.85884400994745 0.5147
-6.85889905275969 0.5146
-6.85896457310714 0.5145
-6.85903253501126 0.5144
-6.85908761491644 0.5143
-6.85913545458747 0.5142
-6.8591918540467 0.5141
-6.85924984477505 0.514
-6.85931635248314 0.5139
-6.85938182424951 0.5138
-6.85941331879092 0.5137
-6.85945538932787 0.5136
-6.85949177530159 0.5135
-6.8595356093289 0.5134
-6.85955036512428 0.5133
-6.85955516023902 0.5132
-6.8595438564558 0.5131
-6.85951009668471 0.513
-6.85944776196919 0.5129
-6.85937803077738 0.5128
-6.85930370203128 0.5127
-6.85921983912735 0.5126
-6.85913629905395 0.5125
-6.85902418127742 0.5124
-6.85891329810276 0.5123
-6.85880107571215 0.5122
-6.85869299117877 0.5121
-6.85859468688223 0.512
-6.85850020339797 0.5119
-6.85840585101351 0.5118
-6.85830983025447 0.5117
-6.85823661087856 0.5116
-6.85818101102425 0.5115
-6.85814803019288 0.5114
-6.8581342650746 0.5113
-6.85812796805587 0.5112
-6.85813331042601 0.5111
-6.85815071601079 0.511
-6.85818274548208 0.5109
-6.85822767808774 0.5108
-6.85829735113699 0.5107
-6.85837614543773 0.5106
-6.85847085409041 0.5105
-6.85860186582179 0.5104
-6.85873247226535 0.5103
-6.85886727136871 0.5102
-6.85901108909586 0.5101
-6.85915627201725 0.51
-6.85931903514652 0.5099
-6.85948303546379 0.5098
-6.85965897113177 0.5097
-6.85983318152882 0.5096
-6.86001808435277 0.5095
-6.8601921675083 0.5094
-6.86036136902749 0.5093
-6.86050067820225 0.5092
-6.86062592830073 0.5091
-6.86074405973149 0.509
-6.86085560340497 0.5089
-6.86095629493978 0.5088
-6.86102476185399 0.5087
-6.86106528135401 0.5086
-6.86109155426409 0.5085
-6.86108950468962 0.5084
-6.86107427041704 0.5083
-6.86106771577865 0.5082
-6.86106822991457 0.5081
-6.86106753751567 0.508
-6.86105776583314 0.5079
-6.86105865789366 0.5078
-6.86106777901905 0.5077
-6.86107641762452 0.5076
-6.86109419158161 0.5075
-6.86112011879802 0.5074
-6.86115342412304 0.5073
-6.86119273488028 0.5072
-6.86123718369598 0.5071
-6.86129384277605 0.507
-6.86135731022183 0.5069
-6.86141411750125 0.5068
-6.86146457386315 0.5067
-6.86148182997935 0.5066
-6.86150158681107 0.5065
-6.86153092608205 0.5064
-6.86154223557324 0.5063
-6.86153189606256 0.5062
-6.86150275092016 0.5061
-6.86146272951907 0.506
-6.8614003775226 0.5059
-6.86134352127107 0.5058
-6.86127331182728 0.5057
-6.86121656396126 0.5056
-6.86116912676614 0.5055
-6.86111576267558 0.5054
-6.86107608000136 0.5053
-6.86104096063225 0.5052
-6.86100953280708 0.5051
-6.86096485022575 0.505
-6.86091950068356 0.5049
-6.86088963162811 0.5048
-6.86085882256333 0.5047
-6.86082427594689 0.5046
-6.86081610552044 0.5045
-6.86082228424186 0.5044
-6.86084113980282 0.5043
-6.86084592569618 0.5042
-6.86084105557537 0.5041
-6.86084115007653 0.504
-6.8608175307229 0.5039
-6.86079195592201 0.5038
-6.86074883441142 0.5037
-6.8606976498118 0.5036
-6.86064123929901 0.5035
-6.86058890051635 0.5034
-6.86052512261363 0.5033
-6.86046678406064 0.5032
-6.86041867551338 0.5031
-6.86038918774301 0.503
-6.86037297274676 0.5029
-6.86038100263622 0.5028
-6.86038751730269 0.5027
-6.86039800027163 0.5026
-6.86040210339063 0.5025
-6.86040387303837 0.5024
-6.86039449947593 0.5023
-6.86041395662225 0.5022
-6.86043974237381 0.5021
-6.86048026087192 0.502
-6.8605567525551 0.5019
-6.86062195585948 0.5018
-6.86071660370346 0.5017
-6.8608013519786 0.5016
-6.86089730020545 0.5015
-6.86100897292054 0.5014
-6.86112214392975 0.5013
-6.86123250899928 0.5012
-6.86132732452305 0.5011
-6.86139827047186 0.501
-6.86145419662744 0.5009
-6.86151106182196 0.5008
-6.86155619112432 0.5007
-6.8616225575439 0.5006
-6.86167560765982 0.5005
-6.86172975800715 0.5004
-6.86178420370882 0.5003
-6.86183368525638 0.5002
-6.86184692178935 0.5001
-6.86185055590321 0.5
-6.86185010388481 0.4999
-6.86182092525759 0.4998
-6.86178468777798 0.4997
-6.8617449549952 0.4996
-6.86171220923634 0.4995
-6.86166560677996 0.4994
-6.86161462182783 0.4993
-6.86155862622957 0.4992
-6.86148947132588 0.4991
-6.86141575728991 0.499
-6.86134326649859 0.4989
-6.86126328814609 0.4988
-6.8612110954921 0.4987
-6.86116702818325 0.4986
-6.86115525569515 0.4985
-6.86117352520844 0.4984
-6.86117825370498 0.4983
-6.86120422303978 0.4982
-6.86124473450192 0.4981
-6.86129944494773 0.498
-6.86137237448431 0.4979
-6.86145095904991 0.4978
-6.86153826230855 0.4977
-6.86162475709644 0.4976
-6.86170942555008 0.4975
-6.86179323612899 0.4974
-6.86186696505026 0.4973
-6.86193000214051 0.4972
-6.86198634403418 0.4971
-6.86204905957985 0.497
-6.86210517714996 0.4969
-6.86214586170972 0.4968
-6.86218489357728 0.4967
-6.86221576611187 0.4966
-6.86223660189825 0.4965
-6.86225794945693 0.4964
-6.86227593577401 0.4963
-6.86230825648382 0.4962
-6.86234291019701 0.4961
-6.86238400101997 0.496
-6.86242737564943 0.4959
-6.86246922535533 0.4958
-6.86250523697126 0.4957
-6.86255025019456 0.4956
-6.86259010255314 0.4955
-6.8626251616444 0.4954
-6.86264320233831 0.4953
-6.86266847208328 0.4952
-6.86270212836989 0.4951
-6.86273630525669 0.495
-6.86279338868725 0.4949
-6.86286420553658 0.4948
-6.86293740226657 0.4947
-6.86303414193366 0.4946
-6.863137433571 0.4945
-6.86325399724562 0.4944
-6.86337232160561 0.4943
-6.86348369163402 0.4942
-6.86360744750587 0.4941
-6.86372538363783 0.494
-6.86383849846824 0.4939
-6.86395143798136 0.4938
-6.86405332139957 0.4937
-6.86415812926987 0.4936
-6.86426959146733 0.4935
-6.86437603780051 0.4934
-6.86446994207118 0.4933
-6.8645602391741 0.4932
-6.86462575753944 0.4931
-6.86468906524125 0.493
-6.86473023440694 0.4929
-6.86475056060807 0.4928
-6.86476411300702 0.4927
-6.86475506204356 0.4926
-6.86472338011329 0.4925
-6.8646566571222 0.4924
-6.86457496865959 0.4923
-6.86448170206663 0.4922
-6.86435179839377 0.4921
-6.8642189163257 0.492
-6.86409134324189 0.4919
-6.86395831057287 0.4918
-6.86383364159831 0.4917
-6.86370932526322 0.4916
-6.86358227034363 0.4915
-6.86347494308717 0.4914
-6.86338897699771 0.4913
-6.86332786068479 0.4912
-6.86327126237973 0.4911
-6.86323241576539 0.491
-6.86322118515056 0.4909
-6.8632345435631 0.4908
-6.86325577434573 0.4907
-6.86330055844423 0.4906
-6.86338164471136 0.4905
-6.86344513292053 0.4904
-6.86351774311472 0.4903
-6.86360944477661 0.4902
-6.86370837443303 0.4901
-6.86379463999284 0.49
-6.86385916870924 0.4899
-6.86391604054919 0.4898
-6.86395463656325 0.4897
-6.86399452998187 0.4896
-6.86402622737795 0.4895
-6.86407826138356 0.4894
-6.86412586524971 0.4893
-6.86417302827634 0.4892
-6.86421241495521 0.4891
-6.86425023853833 0.489
-6.86429638751844 0.4889
-6.86432736725351 0.4888
-6.86436028351909 0.4887
-6.8643944918094 0.4886
-6.86442877647176 0.4885
-6.86447748078813 0.4884
-6.86452501797414 0.4883
-6.86456978926913 0.4882
-6.86461312918477 0.4881
-6.86464164382669 0.488
-6.86464269147493 0.4879
-6.86464034970874 0.4878
-6.86464293517519 0.4877
-6.86466073582952 0.4876
-6.86468326415853 0.4875
-6.86470897680908 0.4874
-6.86473418343247 0.4873
-6.86477789012872 0.4872
-6.86483334999751 0.4871
-6.86487787294862 0.487
-6.86491767238594 0.4869
-6.86496929265863 0.4868
-6.86502421717855 0.4867
-6.86508307900075 0.4866
-6.86513472972533 0.4865
-6.86518230978181 0.4864
-6.86521292011265 0.4863
-6.86524516668716 0.4862
-6.8652713242193 0.4861
-6.86531557882578 0.486
-6.86536723064698 0.4859
-6.86541987087296 0.4858
-6.86546684012157 0.4857
-6.86547515261123 0.4856
-6.86548678621256 0.4855
-6.86548505281446 0.4854
-6.86546642664763 0.4853
-6.86542131551252 0.4852
-6.8653432608595 0.4851
-6.86524792462387 0.485
-6.8651459547441 0.4849
-6.86505454720787 0.4848
-6.86495097896353 0.4847
-6.86483968166779 0.4846
-6.86474022025927 0.4845
-6.86464520865375 0.4844
-6.86456863380718 0.4843
-6.86451130407972 0.4842
-6.86447082698787 0.4841
-6.86444051694223 0.484
-6.86442120597452 0.4839
-6.86441836991753 0.4838
-6.86443601579115 0.4837
-6.8644881578765 0.4836
-6.86455415676527 0.4835
-6.86463133191391 0.4834
-6.8647203682601 0.4833
-6.86481217070938 0.4832
-6.86490051582314 0.4831
-6.86499898369162 0.483
-6.86511156344279 0.4829
-6.86522856873192 0.4828
-6.86535207487289 0.4827
-6.86548308621639 0.4826
-6.86561425180169 0.4825
-6.86574236432401 0.4824
-6.86585328274921 0.4823
-6.86596830045408 0.4822
-6.86607645488847 0.4821
-6.86619086947883 0.482
-6.8662897639316 0.4819
-6.8663843977241 0.4818
-6.86644635901396 0.4817
-6.86649145579325 0.4816
-6.86651639958449 0.4815
-6.86653451739081 0.4814
-6.86652337059002 0.4813
-6.8664881850349 0.4812
-6.86640915919744 0.4811
-6.86632960007596 0.481
-6.86622271951014 0.4809
-6.86609463426148 0.4808
-6.86596504096309 0.4807
-6.86583411699942 0.4806
-6.86569932569849 0.4805
-6.8655650531104 0.4804
-6.86544936451297 0.4803
-6.86534518839247 0.4802
-6.86522639899779 0.4801
-6.86509610309523 0.48
-6.86497032235974 0.4799
-6.86486156334811 0.4798
-6.8647539758225 0.4797
-6.86464610923608 0.4796
-6.86452815366723 0.4795
-6.86442664245866 0.4794
-6.86434177193806 0.4793
-6.86425130101536 0.4792
-6.86418975517504 0.4791
-6.86413868336368 0.479
-6.86410395908126 0.4789
-6.86409399848068 0.4788
-6.86410222001088 0.4787
-6.86412593012541 0.4786
-6.86416049921829 0.4785
-6.86420304476718 0.4784
-6.86426544653076 0.4783
-6.86432537362754 0.4782
-6.8643990554115 0.4781
-6.86448113833799 0.478
-6.86456206714605 0.4779
-6.86463621029339 0.4778
-6.8647172534434 0.4777
-6.8648202801186 0.4776
-6.86492583964777 0.4775
-6.86502677853492 0.4774
-6.86514699996794 0.4773
-6.86526489340038 0.4772
-6.8653536022158 0.4771
-6.8654357553119 0.477
-6.86550168470636 0.4769
-6.86557308488063 0.4768
-6.86562105917199 0.4767
-6.86567339636361 0.4766
-6.86569888771804 0.4765
-6.8656957328733 0.4764
-6.86565973197702 0.4763
-6.8655921542897 0.4762
-6.8655126756703 0.4761
-6.86541772892663 0.476
-6.86530145869016 0.4759
-6.86516347465832 0.4758
-6.86501974383642 0.4757
-6.86485600921074 0.4756
-6.86468891011016 0.4755
-6.86452077888114 0.4754
-6.86433189194158 0.4753
-6.86414441348042 0.4752
-6.86396742964095 0.4751
-6.86381227693069 0.475
-6.8636592159462 0.4749
-6.86352176688943 0.4748
-6.86341983152131 0.4747
-6.86331693493185 0.4746
-6.86322316642812 0.4745
-6.86314660757187 0.4744
-6.8630835180872 0.4743
-6.86304473891202 0.4742
-6.86301598649774 0.4741
-6.8629946003989 0.474
-6.86299917913823 0.4739
-6.86302170002921 0.4738
-6.86306203544832 0.4737
-6.86311143545332 0.4736
-6.86318335666078 0.4735
-6.86326558103509 0.4734
-6.86337428139858 0.4733
-6.86348470923084 0.4732
-6.86359859699843 0.4731
-6.86371348635106 0.473
-6.86383572239965 0.4729
-6.86394986395462 0.4728
-6.86405766999718 0.4727
-6.86416219203707 0.4726
-6.86428354835273 0.4725
-6.86440138743974 0.4724
-6.864512974105 0.4723
-6.86461709515646 0.4722
-6.86470946806061 0.4721
-6.86480288693552 0.472
-6.8649010877231 0.4719
-6.86498919412231 0.4718
-6.86507361457714 0.4717
-6.86516105825739 0.4716
-6.8652591207323 0.4715
-6.86535468042431 0.4714
-6.86546571431818 0.4713
-6.86556975228629 0.4712
-6.86565391933518 0.4711
-6.86575409657724 0.471
-6.86584941181773 0.4709
-6.86593865228236 0.4708
-6.86602588789423 0.4707
-6.86612843565673 0.4706
-6.86624120657533 0.4705
-6.8663293070527 0.4704
-6.86642292336367 0.4703
-6.866511585694 0.4702
-6.86661736200951 0.4701
-6.86672781758978 0.47
-6.86683690177249 0.4699
-6.86693397193796 0.4698
-6.86704378803382 0.4697
-6.867142768969 0.4696
-6.86724961575418 0.4695
-6.86735724388113 0.4694
-6.867475522085 0.4693
-6.86758614023112 0.4692
-6.86769256073796 0.4691
-6.86778272860787 0.469
-6.86786698483615 0.4689
-6.8679221218772 0.4688
-6.86797080406344 0.4687
-6.8680147021266 0.4686
-6.86804038097174 0.4685
-6.86805716599225 0.4684
-6.86804028033355 0.4683
-6.86800694779637 0.4682
-6.86795560842022 0.4681
-6.86787700271081 0.468
-6.86779549059864 0.4679
-6.86769063801561 0.4678
-6.86758513507078 0.4677
-6.86747968807227 0.4676
-6.86739087565558 0.4675
-6.86730059331551 0.4674
-6.86720586677281 0.4673
-6.86709994887273 0.4672
-6.86702875604529 0.4671
-6.86697019816752 0.467
-6.86693016796976 0.4669
-6.86689891579773 0.4668
-6.8668609376679 0.4667
-6.86683607699881 0.4666
-6.86682533304079 0.4665
-6.86682678353221 0.4664
-6.86684045218545 0.4663
-6.86687410922667 0.4662
-6.86692634695779 0.4661
-6.86699129525635 0.466
-6.86706593721607 0.4659
-6.86713162538415 0.4658
-6.86719124639828 0.4657
-6.86725057691057 0.4656
-6.86730333907693 0.4655
-6.86735739682166 0.4654
-6.86739757940911 0.4653
-6.86743060359869 0.4652
-6.86743924658347 0.4651
-6.86742848828571 0.465
-6.86743457134915 0.4649
-6.8674446811993 0.4648
-6.86743909948209 0.4647
-6.86741555752305 0.4646
-6.86738202400863 0.4645
-6.8673504226582 0.4644
-6.86731537026411 0.4643
-6.86729883620926 0.4642
-6.86726657414054 0.4641
-6.8672356515928 0.464
-6.86721164807287 0.4639
-6.86718993383199 0.4638
-6.86717609855149 0.4637
-6.86714998361906 0.4636
-6.86712924530756 0.4635
-6.86711642536131 0.4634
-6.86711091746957 0.4633
-6.86710679293355 0.4632
-6.86713267345829 0.4631
-6.86716400208235 0.463
-6.86721015615263 0.4629
-6.8672626055486 0.4628
-6.86731198546973 0.4627
-6.86739195569445 0.4626
-6.8674720411222 0.4625
-6.86757228199233 0.4624
-6.86767527072901 0.4623
-6.86779664997384 0.4622
-6.86792392971829 0.4621
-6.8680592615701 0.462
-6.86820591516086 0.4619
-6.86833872791151 0.4618
-6.86845940556026 0.4617
-6.8685697018389 0.4616
-6.86866170886555 0.4615
-6.8687351481611 0.4614
-6.8688077923314 0.4613
-6.86887734091636 0.4612
-6.86893871996904 0.4611
-6.8689857499357 0.461
-6.86900249745563 0.4609
-6.86902600596954 0.4608
-6.86903647937334 0.4607
-6.86905402343528 0.4606
-6.86906500015604 0.4605
-6.8690651617398 0.4604
-6.86907052263606 0.4603
-6.86905751195276 0.4602
-6.8690286907697 0.4601
-6.8689943741375 0.46
-6.8689538803184 0.4599
-6.86891817009995 0.4598
-6.86889651848998 0.4597
-6.86887339276818 0.4596
-6.86885967802301 0.4595
-6.86885108403983 0.4594
-6.86884138539051 0.4593
-6.86880925353169 0.4592
-6.86876882865639 0.4591
-6.86873663453447 0.459
-6.8687222896058 0.4589
-6.86872611462309 0.4588
-6.86873585509731 0.4587
-6.86877786083155 0.4586
-6.86881067207811 0.4585
-6.86887782277323 0.4584
-6.86894902467427 0.4583
-6.86903743047354 0.4582
-6.86915256634763 0.4581
-6.86926228951235 0.458
-6.86938399687579 0.4579
-6.86950308074643 0.4578
-6.86961798072783 0.4577
-6.86972257904291 0.4576
-6.86981411948 0.4575
-6.86989102390955 0.4574
-6.86995826693706 0.4573
-6.8699998243038 0.4572
-6.87002921255423 0.4571
-6.87004941203611 0.457
-6.87006220059872 0.4569
-6.87005158342351 0.4568
-6.87002891383228 0.4567
-6.86999701645266 0.4566
-6.86995409867669 0.4565
-6.86990837106606 0.4564
-6.86985040434851 0.4563
-6.86979821795423 0.4562
-6.86974163561856 0.4561
-6.86966290911248 0.456
-6.86958507921611 0.4559
-6.86952558147512 0.4558
-6.86946830071355 0.4557
-6.86941925838959 0.4556
-6.86934963526727 0.4555
-6.86929807707569 0.4554
-6.86925461712443 0.4553
-6.86922042296888 0.4552
-6.86918708282179 0.4551
-6.86914520861843 0.455
-6.86912590478358 0.4549
-6.86908928108488 0.4548
-6.86905159187181 0.4547
-6.86901691246488 0.4546
-6.86899072022868 0.4545
-6.86895936522865 0.4544
-6.86893357034921 0.4543
-6.86891100107303 0.4542
-6.86889510400216 0.4541
-6.86889901783737 0.454
-6.86890790052221 0.4539
-6.86890064384904 0.4538
-6.86890463900357 0.4537
-6.86892124462475 0.4536
-6.86892428859093 0.4535
-6.86891859131447 0.4534
-6.86890825894692 0.4533
-6.86889347553985 0.4532
-6.86887984260153 0.4531
-6.86886400272096 0.453
-6.86884659027083 0.4529
-6.86882650257982 0.4528
-6.86878980039582 0.4527
-6.86874788434094 0.4526
-6.8687327881785 0.4525
-6.86871604602765 0.4524
-6.86869596593414 0.4523
-6.86867792556777 0.4522
-6.86867285243717 0.4521
-6.86867277317057 0.452
-6.86869075199478 0.4519
-6.86868320734224 0.4518
-6.86866019094447 0.4517
-6.86863643772857 0.4516
-6.86860609316817 0.4515
-6.86857020579064 0.4514
-6.86852429099472 0.4513
-6.86847339608122 0.4512
-6.86841777369787 0.4511
-6.86836424771943 0.451
-6.86830524499851 0.4509
-6.86826141639344 0.4508
-6.86822695280273 0.4507
-6.86819525703926 0.4506
-6.86816785212042 0.4505
-6.86813650611999 0.4504
-6.86811124475179 0.4503
-6.86809032246449 0.4502
-6.86808167371321 0.4501
-6.86808082389746 0.45
-6.86809060066175 0.4499
-6.86811390296541 0.4498
-6.86814305070196 0.4497
-6.86817883915124 0.4496
-6.86823542574303 0.4495
-6.86828916604785 0.4494
-6.86834147825379 0.4493
-6.86839360120921 0.4492
-6.86846417880795 0.4491
-6.86854769322445 0.449
-6.86862666970362 0.4489
-6.86869649667542 0.4488
-6.86875000973454 0.4487
-6.86881327757244 0.4486
-6.86888999990422 0.4485
-6.86895987084716 0.4484
-6.86901116645443 0.4483
-6.86907219592392 0.4482
-6.8691513992854 0.4481
-6.86921858028318 0.448
-6.86925471642786 0.4479
-6.86927897086536 0.4478
-6.86930790320223 0.4477
-6.8693267282813 0.4476
-6.86936051435463 0.4475
-6.86939380618922 0.4474
-6.86942563819596 0.4473
-6.86945219468359 0.4472
-6.86946657591957 0.4471
-6.86948332774594 0.447
-6.86948632475766 0.4469
-6.86948174382776 0.4468
-6.86947673132755 0.4467
-6.86946453579972 0.4466
-6.86947240984477 0.4465
-6.86947961753964 0.4464
-6.86947499999507 0.4463
-6.86947645800092 0.4462
-6.86947692541794 0.4461
-6.86949548081994 0.446
-6.8695011365733 0.4459
-6.8695130988235 0.4458
-6.86953472583161 0.4457
-6.86956064633888 0.4456
-6.86958907856961 0.4455
-6.86962256523459 0.4454
-6.86967104029306 0.4453
-6.86972844829807 0.4452
-6.86979328973724 0.4451
-6.86985826820273 0.445
-6.86992436685429 0.4449
-6.86998698008699 0.4448
-6.87006166417008 0.4447
-6.87013395068564 0.4446
-6.87019577483087 0.4445
-6.87024683504453 0.4444
-6.8703048031753 0.4443
-6.87034959162316 0.4442
-6.87038756186581 0.4441
-6.87043737020283 0.444
-6.87049076684902 0.4439
-6.87054694117125 0.4438
-6.87061801167424 0.4437
-6.87067469523404 0.4436
-6.87072117675191 0.4435
-6.8707395482951 0.4434
-6.87073252768812 0.4433
-6.87073219421451 0.4432
-6.87072400263765 0.4431
-6.87070091499271 0.443
-6.87066898421209 0.4429
-6.87062782280694 0.4428
-6.87059940843639 0.4427
-6.87056211012692 0.4426
-6.8705301477684 0.4425
-6.87049641024538 0.4424
-6.87046941724196 0.4423
-6.87044639263629 0.4422
-6.87042947765983 0.4421
-6.87041807651951 0.442
-6.87042178893581 0.4419
-6.87044132930306 0.4418
-6.87047537321994 0.4417
-6.8705455980348 0.4416
-6.87064814061984 0.4415
-6.870770004871 0.4414
-6.87091156323997 0.4413
-6.87108899211132 0.4412
-6.87125624292389 0.4411
-6.8714278976356 0.441
-6.87162549375306 0.4409
-6.87183922573262 0.4408
-6.87205313401721 0.4407
-6.87224903230922 0.4406
-6.87243704581932 0.4405
-6.87261657921493 0.4404
-6.87276922816561 0.4403
-6.87290155773522 0.4402
-6.87303988585078 0.4401
-6.87316393789047 0.44
-6.87326889752384 0.4399
-6.8733450573126 0.4398
-6.87339987545307 0.4397
-6.87343987432766 0.4396
-6.87347685431154 0.4395
-6.87347878324932 0.4394
-6.87347444199885 0.4393
-6.87348111304096 0.4392
-6.8734785289511 0.4391
-6.87346408346337 0.439
-6.87344373407944 0.4389
-6.87340813958161 0.4388
-6.87336734556431 0.4387
-6.87333646024005 0.4386
-6.87331029395166 0.4385
-6.873279927844 0.4384
-6.87324903466857 0.4383
-6.87323438517158 0.4382
-6.87324411644415 0.4381
-6.87326689957011 0.438
-6.87329362937344 0.4379
-6.87332945289884 0.4378
-6.87340108920987 0.4377
-6.87348681865058 0.4376
-6.8735910915975 0.4375
-6.87373355259883 0.4374
-6.87388746900775 0.4373
-6.87404463171142 0.4372
-6.87421185871998 0.4371
-6.87438081560902 0.437
-6.87453410325211 0.4369
-6.87469152502783 0.4368
-6.87484935938493 0.4367
-6.87500384646028 0.4366
-6.87513679468939 0.4365
-6.87526001304181 0.4364
-6.87535361113506 0.4363
-6.87542238220198 0.4362
-6.87545763013883 0.4361
-6.87546677210321 0.436
-6.87544603775504 0.4359
-6.87541965572694 0.4358
-6.87538353348433 0.4357
-6.87533633358866 0.4356
-6.87526508682087 0.4355
-6.87518979705844 0.4354
-6.87510228599995 0.4353
-6.87499773785967 0.4352
-6.87489380844624 0.4351
-6.87480429420562 0.435
-6.87471711408391 0.4349
-6.87462408242232 0.4348
-6.87455864120952 0.4347
-6.87450520659042 0.4346
-6.87444375568015 0.4345
-6.8743878160781 0.4344
-6.87433592874763 0.4343
-6.87428164352244 0.4342
-6.87423965855936 0.4341
-6.87421019376664 0.434
-6.87419110342668 0.4339
-6.87417346546646 0.4338
-6.87415282912241 0.4337
-6.87413226074928 0.4336
-6.87412597209719 0.4335
-6.87412571734531 0.4334
-6.87412757899298 0.4333
-6.87411474584065 0.4332
-6.87409846144925 0.4331
-6.87406996249387 0.433
-6.87405317734556 0.4329
-6.87403910125852 0.4328
-6.87400965805616 0.4327
-6.87398041729268 0.4326
-6.87394965825816 0.4325
-6.87391717745934 0.4324
-6.87387644268181 0.4323
-6.8738362010002 0.4322
-6.8738051506152 0.4321
-6.873776267103 0.432
-6.87375464458623 0.4319
-6.87373903761724 0.4318
-6.87370119516991 0.4317
-6.87365625448772 0.4316
-6.87361820093374 0.4315
-6.87358513193415 0.4314
-6.87354794329317 0.4313
-6.87351203070972 0.4312
-6.87349926926887 0.4311
-6.87347096818117 0.431
-6.87343708350903 0.4309
-6.87338907971822 0.4308
-6.87334891450695 0.4307
-6.87331883136382 0.4306
-6.87327645500628 0.4305
-6.87322374146467 0.4304
-6.87316505355953 0.4303
-6.87310893849955 0.4302
-6.87304874891173 0.4301
-6.87300228507881 0.43
-6.87295185448892 0.4299
-6.87290550416421 0.4298
-6.87284830881535 0.4297
-6.87280484065056 0.4296
-6.87275154929536 0.4295
-6.87271396928562 0.4294
-6.87270166812818 0.4293
-6.87269339912547 0.4292
-6.87268012332773 0.4291
-6.87264300293916 0.429
-6.87259848585443 0.4289
-6.87254509835753 0.4288
-6.87249239263716 0.4287
-6.87242085010171 0.4286
-6.87236159119582 0.4285
-6.87228550343349 0.4284
-6.87220541487127 0.4283
-6.87210877536136 0.4282
-6.87199770536632 0.4281
-6.87187566672616 0.428
-6.87174315490471 0.4279
-6.87162794749013 0.4278
-6.87149957569802 0.4277
-6.87137538484801 0.4276
-6.87127431744081 0.4275
-6.87118720885985 0.4274
-6.87114157154255 0.4273
-6.87111881695286 0.4272
-6.87111171125775 0.4271
-6.87111631393646 0.427
-6.87112909846373 0.4269
-6.87114948228677 0.4268
-6.87120162511529 0.4267
-6.87125623503958 0.4266
-6.87132719129775 0.4265
-6.87141579760348 0.4264
-6.87149295139022 0.4263
-6.8715678756435 0.4262
-6.87164710522755 0.4261
-6.87173597625202 0.426
-6.87182696386993 0.4259
-6.87191332803479 0.4258
-6.87199819040159 0.4257
-6.87208277455356 0.4256
-6.87215681924852 0.4255
-6.87220664352261 0.4254
-6.87224664147461 0.4253
-6.87229760596409 0.4252
-6.87234568159284 0.4251
-6.87239245094567 0.425
-6.87244561590972 0.4249
-6.87252045421752 0.4248
-6.87258456161351 0.4247
-6.87265895684177 0.4246
-6.87276330193438 0.4245
-6.87288619003132 0.4244
-6.87303187849394 0.4243
-6.87318261013489 0.4242
-6.87330833578904 0.4241
-6.87343118702228 0.424
-6.87354592850682 0.4239
-6.87364788715763 0.4238
-6.87372031926219 0.4237
-6.87380212318312 0.4236
-6.87388433615952 0.4235
-6.87394688710793 0.4234
-6.87400769339763 0.4233
-6.87405210553119 0.4232
-6.87408157804614 0.4231
-6.87409932412384 0.423
-6.87410328908781 0.4229
-6.87408915258615 0.4228
-6.8740828798014 0.4227
-6.87407184349919 0.4226
-6.87404500401086 0.4225
-6.87402526904928 0.4224
-6.87401579959754 0.4223
-6.87400778476518 0.4222
-6.8740252457775 0.4221
-6.87404229386081 0.422
-6.87407738061667 0.4219
-6.87413634714005 0.4218
-6.87420716575908 0.4217
-6.87427642503498 0.4216
-6.87435132658628 0.4215
-6.87444765034116 0.4214
-6.87453149057401 0.4213
-6.87462976848954 0.4212
-6.87471488489023 0.4211
-6.87480460466076 0.421
-6.87488417418317 0.4209
-6.87494616760443 0.4208
-6.87502311456872 0.4207
-6.875102103659 0.4206
-6.87517105583194 0.4205
-6.87524961252182 0.4204
-6.87531397216278 0.4203
-6.87538346249163 0.4202
-6.87544886284734 0.4201
-6.87550022252218 0.42
-6.87555350687378 0.4199
-6.87559765427537 0.4198
-6.87562303676357 0.4197
-6.87562960638032 0.4196
-6.8756316575031 0.4195
-6.87562394153742 0.4194
-6.87558664473517 0.4193
-6.87552796080045 0.4192
-6.87545334352489 0.4191
-6.87533514092497 0.419
-6.87518143812927 0.4189
-6.87502239736178 0.4188
-6.87483542339666 0.4187
-6.8746182157599 0.4186
-6.87441290499161 0.4185
-6.87421660780367 0.4184
-6.87400942641261 0.4183
-6.87378499058424 0.4182
-6.8735731239141 0.4181
-6.87336231178889 0.418
-6.87316469389906 0.4179
-6.87298407935317 0.4178
-6.87281371743697 0.4177
-6.87266291872956 0.4176
-6.87250666962906 0.4175
-6.87236928881865 0.4174
-6.87225805171914 0.4173
-6.87216901882613 0.4172
-6.87211703426946 0.4171
-6.87208352575691 0.417
-6.8720752523132 0.4169
-6.87209121211832 0.4168
-6.87212721061517 0.4167
-6.87218837784244 0.4166
-6.87226437394234 0.4165
-6.87235177341983 0.4164
-6.87242724087182 0.4163
-6.87249838266342 0.4162
-6.87256982105894 0.4161
-6.8726395903073 0.416
-6.87270428785002 0.4159
-6.87275671807274 0.4158
-6.87278425576988 0.4157
-6.87279857438374 0.4156
-6.87282335275489 0.4155
-6.8728477248977 0.4154
-6.87285868246733 0.4153
-6.87286801210996 0.4152
-6.87287649259931 0.4151
-6.87287963705915 0.415
-6.87288900278442 0.4149
-6.8728856987642 0.4148
-6.87288442194486 0.4147
-6.87288460002595 0.4146
-6.87287390654372 0.4145
-6.87287453985208 0.4144
-6.87287138917342 0.4143
-6.87285239617804 0.4142
-6.87283460722038 0.4141
-6.87281326485508 0.414
-6.87277585870086 0.4139
-6.87273638388478 0.4138
-6.87269335906069 0.4137
-6.87264054201334 0.4136
-6.87259350950471 0.4135
-6.872561707693 0.4134
-6.87253842930856 0.4133
-6.87253473144413 0.4132
-6.87252940194423 0.4131
-6.87252424449893 0.413
-6.87253922925624 0.4129
-6.87256985035972 0.4128
-6.87261276348069 0.4127
-6.8726799655391 0.4126
-6.87274945388969 0.4125
-6.8728305838074 0.4124
-6.87292517879995 0.4123
-6.87302487770058 0.4122
-6.8731177582991 0.4121
-6.87321194925326 0.412
-6.87331532234151 0.4119
-6.87343259161057 0.4118
-6.87356783876595 0.4117
-6.87371635698265 0.4116
-6.87383962422049 0.4115
-6.87396858008532 0.4114
-6.87411325273672 0.4113
-6.87423440127877 0.4112
-6.87434905802655 0.4111
-6.87447044345966 0.411
-6.87457017894859 0.4109
-6.87466968664756 0.4108
-6.87475061475853 0.4107
-6.87482442113582 0.4106
-6.87488624922576 0.4105
-6.87494600809027 0.4104
-6.87498000314277 0.4103
-6.87500218065148 0.4102
-6.87503009531444 0.4101
-6.8750472383201 0.41
-6.87504790258888 0.4099
-6.87505119672994 0.4098
-6.87505545797879 0.4097
-6.87505164778841 0.4096
-6.87505433261239 0.4095
-6.87505412589526 0.4094
-6.87506474468191 0.4093
-6.87508499653005 0.4092
-6.87510090853265 0.4091
-6.87509779858096 0.409
-6.87509565864302 0.4089
-6.87509594378787 0.4088
-6.87510141225762 0.4087
-6.8751436181885 0.4086
-6.87518531211834 0.4085
-6.87520684791082 0.4084
-6.87524318233248 0.4083
-6.87528488711127 0.4082
-6.87532929238619 0.4081
-6.87537262550021 0.408
-6.87541403110636 0.4079
-6.87545809194666 0.4078
-6.87549245396407 0.4077
-6.8755409216163 0.4076
-6.87559178552625 0.4075
-6.8756212674695 0.4074
-6.87564438698978 0.4073
-6.87565126822875 0.4072
-6.87566952955994 0.4071
-6.87569236061043 0.407
-6.87571560052345 0.4069
-6.87572962316187 0.4068
-6.87574086424778 0.4067
-6.87575116882935 0.4066
-6.87575113889643 0.4065
-6.87575085414568 0.4064
-6.87576471104955 0.4063
-6.87576006862719 0.4062
-6.87574380233154 0.4061
-6.87572573817479 0.406
-6.87570755840167 0.4059
-6.87568086246539 0.4058
-6.87565102611753 0.4057
-6.87563662531622 0.4056
-6.87562946818221 0.4055
-6.87562039054963 0.4054
-6.87562486870366 0.4053
-6.8756398713439 0.4052
-6.87566502832292 0.4051
-6.87569469388846 0.405
-6.87572373631168 0.4049
-6.87576743196612 0.4048
-6.87581577811245 0.4047
-6.87585981416219 0.4046
-6.87590386638984 0.4045
-6.87595680662236 0.4044
-6.87599856815978 0.4043
-6.87604214968654 0.4042
-6.87609100286661 0.4041
-6.87613527724415 0.404
-6.87615725786133 0.4039
-6.87617755287422 0.4038
-6.87618817472672 0.4037
-6.87620089084554 0.4036
-6.87619797328447 0.4035
-6.87620037349436 0.4034
-6.87618155566685 0.4033
-6.87615318096255 0.4032
-6.87611197260298 0.4031
-6.87606724403201 0.403
-6.87601314743039 0.4029
-6.87596183377093 0.4028
-6.87591189608559 0.4027
-6.87585429434059 0.4026
-6.87581072013261 0.4025
-6.87577642615405 0.4024
-6.87575843530562 0.4023
-6.87575769180203 0.4022
-6.87574315225067 0.4021
-6.87573186737777 0.402
-6.87572216021263 0.4019
-6.87571701285172 0.4018
-6.87570454367346 0.4017
-6.87570470738471 0.4016
-6.87570541692317 0.4015
-6.87569649018644 0.4014
-6.87569126900235 0.4013
-6.87569142097543 0.4012
-6.87569183726415 0.4011
-6.87569325720017 0.401
-6.87568674589515 0.4009
-6.87567917163476 0.4008
-6.8756805215042 0.4007
-6.87567134411738 0.4006
-6.87567593445511 0.4005
-6.87566148658464 0.4004
-6.87565470891481 0.4003
-6.8756394042055 0.4002
-6.8756206155339 0.4001
-6.87560367460046 0.4
-6.87557525179398 0.3999
-6.87556013988334 0.3998
-6.87556173166215 0.3997
-6.87555472825371 0.3996
-6.87556366595601 0.3995
-6.87559331478877 0.3994
-6.87564660997598 0.3993
-6.87571432395211 0.3992
-6.8757728971918 0.3991
-6.87582510819897 0.399
-6.875887612269 0.3989
-6.87592896842476 0.3988
-6.87596818496001 0.3987
-6.87600710581582 0.3986
-6.876042769467 0.3985
-6.87606275919108 0.3984
-6.876087288281 0.3983
-6.87609154308714 0.3982
-6.8760778519626 0.3981
-6.87607860324599 0.398
-6.87606488231475 0.3979
-6.87606066989966 0.3978
-6.87608086623431 0.3977
-6.87609900434962 0.3976
-6.87612633637366 0.3975
-6.87614995773175 0.3974
-6.87618531093061 0.3973
-6.87621782979733 0.3972
-6.87626127570874 0.3971
-6.8763155299546 0.397
-6.87638085479535 0.3969
-6.87646134977205 0.3968
-6.87656336814556 0.3967
-6.87667979986214 0.3966
-6.876773813549 0.3965
-6.87689111443655 0.3964
-6.87700390621627 0.3963
-6.87709265106717 0.3962
-6.87717437266939 0.3961
-6.87725009979897 0.396
-6.87731175539817 0.3959
-6.87737390015218 0.3958
-6.87742943553466 0.3957
-6.87746834415777 0.3956
-6.87751685374669 0.3955
-6.87757126271372 0.3954
-6.87763206397145 0.3953
-6.87768545014827 0.3952
-6.87773332974047 0.3951
-6.87779015673269 0.395
-6.87785058236304 0.3949
-6.8779273991697 0.3948
-6.87801119625186 0.3947
-6.87809102499265 0.3946
-6.87817100274599 0.3945
-6.87823528887991 0.3944
-6.87829606906655 0.3943
-6.87836099102213 0.3942
-6.8784351340361 0.3941
-6.87849681545409 0.394
-6.8785552931391 0.3939
-6.87861648133736 0.3938
-6.87869083080281 0.3937
-6.87875074863432 0.3936
-6.8787741175531 0.3935
-6.87879263442365 0.3934
-6.8787994800354 0.3933
-6.87878522528578 0.3932
-6.87873798451597 0.3931
-6.87867402867272 0.393
-6.87858565097359 0.3929
-6.87850359363882 0.3928
-6.87841571060192 0.3927
-6.87829964309591 0.3926
-6.87818333805357 0.3925
-6.87804632794527 0.3924
-6.87791720296228 0.3923
-6.87777726687663 0.3922
-6.87765591880323 0.3921
-6.87752001600515 0.392
-6.87740527266925 0.3919
-6.87731487981175 0.3918
-6.87725284166871 0.3917
-6.87722474129559 0.3916
-6.87723688478422 0.3915
-6.87725943938193 0.3914
-6.87729315102253 0.3913
-6.87734342479352 0.3912
-6.87741355418323 0.3911
-6.87748775703446 0.391
-6.87756369766039 0.3909
-6.87765816929869 0.3908
-6.87775702255634 0.3907
-6.87786771733984 0.3906
-6.87796838775435 0.3905
-6.87809065169842 0.3904
-6.87822922454356 0.3903
-6.87839060651378 0.3902
-6.878571817127 0.3901
-6.87874636470348 0.39
-6.87891935987265 0.3899
-6.87910204557999 0.3898
-6.879284190868 0.3897
-6.87944707232425 0.3896
-6.87959789562214 0.3895
-6.87973365360708 0.3894
-6.87988360285869 0.3893
-6.880008752502 0.3892
-6.88011069538745 0.3891
-6.88019776913556 0.389
-6.88026004886433 0.3889
-6.88028289496821 0.3888
-6.88026233039017 0.3887
-6.88020848308187 0.3886
-6.88012658360882 0.3885
-6.88002861701838 0.3884
-6.87991296715561 0.3883
-6.87975517332237 0.3882
-6.8795982979036 0.3881
-6.87946314164556 0.388
-6.8793368675681 0.3879
-6.87918688971589 0.3878
-6.87906472261356 0.3877
-6.87894796200455 0.3876
-6.878842947092 0.3875
-6.87875480242032 0.3874
-6.87868651154027 0.3873
-6.87861405157416 0.3872
-6.87855801658999 0.3871
-6.87852301688062 0.387
-6.87849420487779 0.3869
-6.87846856273027 0.3868
-6.87844460430228 0.3867
-6.8784274178441 0.3866
-6.87841809045089 0.3865
-6.87839681261459 0.3864
-6.87838224720857 0.3863
-6.87837124324426 0.3862
-6.87836186891297 0.3861
-6.87838426185598 0.386
-6.87839920641284 0.3859
-6.87842391170349 0.3858
-6.87844170329256 0.3857
-6.87845912793937 0.3856
-6.87846970127394 0.3855
-6.87844664425665 0.3854
-6.87839747792385 0.3853
-6.87834772662277 0.3852
-6.87830917266355 0.3851
-6.87829351998185 0.385
-6.87827850339591 0.3849
-6.8782713618883 0.3848
-6.87828355711698 0.3847
-6.87831217127528 0.3846
-6.87836626178106 0.3845
-6.87842088443622 0.3844
-6.87848020603929 0.3843
-6.87854252200714 0.3842
-6.87862584917672 0.3841
-6.87870866210275 0.384
-6.87877942081138 0.3839
-6.87884341584323 0.3838
-6.87890235850775 0.3837
-6.87895343537213 0.3836
-6.87901035999688 0.3835
-6.87907169672562 0.3834
-6.8791199732199 0.3833
-6.87917634141775 0.3832
-6.87922057708229 0.3831
-6.87926568453777 0.383
-6.87931837895772 0.3829
-6.87935768036535 0.3828
-6.87941029507135 0.3827
-6.87946178258642 0.3826
-6.87951336632887 0.3825
-6.87955875588423 0.3824
-6.87961791957944 0.3823
-6.8796675351695 0.3822
-6.8797210922627 0.3821
-6.87977948266437 0.382
-6.87983402089062 0.3819
-6.87986757008123 0.3818
-6.87989637623932 0.3817
-6.87992536972783 0.3816
-6.87994253700336 0.3815
-6.87995316850857 0.3814
-6.879948386724 0.3813
-6.87993207291206 0.3812
-6.87991092914512 0.3811
-6.87988996537666 0.381
-6.87987059423589 0.3809
-6.87984553674567 0.3808
-6.87981176922517 0.3807
-6.87977559639613 0.3806
-6.87973010705068 0.3805
-6.87968911686444 0.3804
-6.87964601911755 0.3803
-6.87959956441111 0.3802
-6.87955039275265 0.3801
-6.87950591311408 0.38
-6.87945728188674 0.3799
-6.87941662944584 0.3798
-6.87938583024416 0.3797
-6.87934618721106 0.3796
-6.8793103182416 0.3795
-6.87929361283973 0.3794
-6.87928841638315 0.3793
-6.87928751362608 0.3792
-6.87929550973882 0.3791
-6.87930477358294 0.379
-6.87931043149563 0.3789
-6.8793289044334 0.3788
-6.87935357672863 0.3787
-6.87940580977564 0.3786
-6.87947599602512 0.3785
-6.87954542716438 0.3784
-6.87962833986226 0.3783
-6.87975059441153 0.3782
-6.87986746231919 0.3781
-6.8799751840152 0.378
-6.88007249979492 0.3779
-6.88016855569231 0.3778
-6.88026401302364 0.3777
-6.8803546118622 0.3776
-6.88044023438648 0.3775
-6.88048800073148 0.3774
-6.88052024518738 0.3773
-6.8805408644494 0.3772
-6.88055090503199 0.3771
-6.8805438994426 0.377
-6.88050190746342 0.3769
-6.88046590385359 0.3768
-6.88040419265853 0.3767
-6.8803502927592 0.3766
-6.88031200201621 0.3765
-6.88027586415612 0.3764
-6.88024914744919 0.3763
-6.88024389568935 0.3762
-6.88024893012807 0.3761
-6.88026473551241 0.376
-6.88027741573122 0.3759
-6.88027156180039 0.3758
-6.88027067805622 0.3757
-6.88026851802292 0.3756
-6.88027470402406 0.3755
-6.88026967392511 0.3754
-6.88028284805968 0.3753
-6.88029827402629 0.3752
-6.8803143165763 0.3751
-6.88033101211247 0.375
-6.8803390783549 0.3749
-6.88034332207151 0.3748
-6.88035316671768 0.3747
-6.88037180342979 0.3746
-6.88039591643699 0.3745
-6.88041285038797 0.3744
-6.88041641855376 0.3743
-6.88040439466604 0.3742
-6.8803782195031 0.3741
-6.88033555945126 0.374
-6.88029616483798 0.3739
-6.88023545271324 0.3738
-6.88015490589464 0.3737
-6.88007148509594 0.3736
-6.87998203009212 0.3735
-6.87988504158826 0.3734
-6.87979209954667 0.3733
-6.87969800864415 0.3732
-6.87958728600165 0.3731
-6.87948061310058 0.373
-6.87937384987651 0.3729
-6.87924596956266 0.3728
-6.87912988711772 0.3727
-6.87901361854811 0.3726
-6.87890065494845 0.3725
-6.87878860502483 0.3724
-6.87868161976612 0.3723
-6.8786038780065 0.3722
-6.87855768657083 0.3721
-6.87853668464797 0.372
-6.87853317720441 0.3719
-6.87854340027429 0.3718
-6.87856637065612 0.3717
-6.87860123896951 0.3716
-6.87865534413408 0.3715
-6.8787220675497 0.3714
-6.87880233777136 0.3713
-6.87886552668614 0.3712
-6.87893360848502 0.3711
-6.87901269808113 0.371
-6.87909730643607 0.3709
-6.87919577653025 0.3708
-6.87930410771513 0.3707
-6.87942074324377 0.3706
-6.87955419225922 0.3705
-6.87970654904209 0.3704
-6.87986351651412 0.3703
-6.88000765995773 0.3702
-6.88013813960794 0.3701
-6.88026540180965 0.37
-6.88038989310156 0.3699
-6.88051332661091 0.3698
-6.8806436548405 0.3697
-6.8807786521885 0.3696
-6.88089577114211 0.3695
-6.88100718060974 0.3694
-6.8810980883459 0.3693
-6.8811663908364 0.3692
-6.88121228826982 0.3691
-6.88123590151991 0.369
-6.88124910254457 0.3689
-6.88122756374475 0.3688
-6.88117351159758 0.3687
-6.88108727383007 0.3686
-6.88098609124425 0.3685
-6.88085786775366 0.3684
-6.88070620358478 0.3683
-6.88054562349805 0.3682
-6.88037529398816 0.3681
-6.88018443680703 0.368
-6.87999583320032 0.3679
-6.87980190785535 0.3678
-6.87960871796971 0.3677
-6.87943174921801 0.3676
-6.87924361118649 0.3675
-6.87905304062827 0.3674
-6.87886566455692 0.3673
-6.87868114495752 0.3672
-6.87851623113197 0.3671
-6.87836518830067 0.367
-6.87822107764737 0.3669
-6.87807877920685 0.3668
-6.87795186957774 0.3667
-6.87784904786784 0.3666
-6.87775735741781 0.3665
-6.87769027686146 0.3664
-6.87764263861315 0.3663
-6.87760110823211 0.3662
-6.87756832526664 0.3661
-6.87753866011704 0.366
-6.87749921064059 0.3659
-6.8774804615747 0.3658
-6.87746718979037 0.3657
-6.87747198876633 0.3656
-6.8774685749048 0.3655
-6.87746406637833 0.3654
-6.87747044236396 0.3653
-6.87750435769343 0.3652
-6.87753289415571 0.3651
-6.87755930431933 0.365
-6.87757530952255 0.3649
-6.87759017185078 0.3648
-6.8776153483707 0.3647
-6.87765726579602 0.3646
-6.87770581998228 0.3645
-6.87774809999858 0.3644
-6.87778828190036 0.3643
-6.87782689996464 0.3642
-6.87786472548821 0.3641
-6.87791332876621 0.364
-6.87797244632796 0.3639
-6.87805318319369 0.3638
-6.87813463080817 0.3637
-6.87823092093818 0.3636
-6.87833638514945 0.3635
-6.87841807337834 0.3634
-6.87851076749969 0.3633
-6.87860866465621 0.3632
-6.87870546144097 0.3631
-6.87879029079449 0.363
-6.87887502997676 0.3629
-6.87896016629917 0.3628
-6.87904183074085 0.3627
-6.87912552553292 0.3626
-6.8791928178247 0.3625
-6.87924547221818 0.3624
-6.87930749294418 0.3623
-6.87937598719168 0.3622
-6.87945540641227 0.3621
-6.87952316327776 0.362
-6.87960493140937 0.3619
-6.8796776437608 0.3618
-6.87974759029995 0.3617
-6.87982972726547 0.3616
-6.87992896082461 0.3615
-6.8800209525658 0.3614
-6.8801229088963 0.3613
-6.88023937591636 0.3612
-6.8803842247163 0.3611
-6.88054853155392 0.361
-6.88071787770821 0.3609
-6.88090284868017 0.3608
-6.88109003592079 0.3607
-6.88128097023077 0.3606
-6.88146784744123 0.3605
-6.8816373706892 0.3604
-6.88178912306212 0.3603
-6.88191361328585 0.3602
-6.88201276835727 0.3601
-6.88209216392453 0.36
-6.8821414406613 0.3599
-6.88218557790432 0.3598
-6.88222084707822 0.3597
-6.88223112802595 0.3596
-6.88223878090541 0.3595
-6.88222939192872 0.3594
-6.88220874241476 0.3593
-6.88217742344989 0.3592
-6.88214983720843 0.3591
-6.88213134904513 0.359
-6.88209055169277 0.3589
-6.88205278302454 0.3588
-6.88199512052657 0.3587
-6.88192868365548 0.3586
-6.88185235418024 0.3585
-6.8817943993882 0.3584
-6.88173973054669 0.3583
-6.88168672744925 0.3582
-6.88164185028737 0.3581
-6.88160726381685 0.358
-6.88157923900157 0.3579
-6.88153980089346 0.3578
-6.88149797850044 0.3577
-6.88144037131571 0.3576
-6.8813707580757 0.3575
-6.88130347170827 0.3574
-6.88122372163785 0.3573
-6.88113371549686 0.3572
-6.88103199328342 0.3571
-6.88092848508184 0.357
-6.88082804300279 0.3569
-6.88072664610995 0.3568
-6.88061693232403 0.3567
-6.88051133594095 0.3566
-6.88041273209683 0.3565
-6.88033092964225 0.3564
-6.88025544681239 0.3563
-6.88018810684981 0.3562
-6.88012030594436 0.3561
-6.88005932472824 0.356
-6.88000888141457 0.3559
-6.87997173393809 0.3558
-6.87995415639255 0.3557
-6.87995990184091 0.3556
-6.87998639182666 0.3555
-6.88002307148169 0.3554
-6.88006838427363 0.3553
-6.88011599007894 0.3552
-6.88018771743746 0.3551
-6.88028005170422 0.355
-6.88039076741652 0.3549
-6.88050489686158 0.3548
-6.88061295085129 0.3547
-6.88073974488436 0.3546
-6.8808985615918 0.3545
-6.88104370192521 0.3544
-6.88117695988493 0.3543
-6.88130344967134 0.3542
-6.88141080219238 0.3541
-6.88149570312481 0.354
-6.88158041509043 0.3539
-6.88165843253463 0.3538
-6.8817308425128 0.3537
-6.88180643744519 0.3536
-6.88187745763957 0.3535
-6.88194591423521 0.3534
-6.88199613967673 0.3533
-6.88205983957731 0.3532
-6.88213908466271 0.3531
-6.88222196164558 0.353
-6.88229294331019 0.3529
-6.88236006884408 0.3528
-6.88241549042609 0.3527
-6.88246448812028 0.3526
-6.88252069125984 0.3525
-6.88257395876694 0.3524
-6.88262427667704 0.3523
-6.88266042269818 0.3522
-6.88269082421596 0.3521
-6.88270619985736 0.352
-6.8827087004551 0.3519
-6.88271119049512 0.3518
-6.88270350717612 0.3517
-6.88268457369647 0.3516
-6.88266170111555 0.3515
-6.88263761565161 0.3514
-6.88263053035676 0.3513
-6.8826029065621 0.3512
-6.88257647901616 0.3511
-6.88255454685972 0.351
-6.88252547479109 0.3509
-6.8825022010233 0.3508
-6.8824736407576 0.3507
-6.88246324318986 0.3506
-6.88246043879103 0.3505
-6.88245049870039 0.3504
-6.88244536023884 0.3503
-6.88244496360226 0.3502
-6.88246279428381 0.3501
-6.88248038370019 0.35
-6.88251660402317 0.3499
-6.88256933870292 0.3498
-6.88261539428829 0.3497
-6.88265740334716 0.3496
-6.88270142279498 0.3495
-6.88273666883122 0.3494
-6.88276208486765 0.3493
-6.88277348631001 0.3492
-6.88278981182128 0.3491
-6.88279937069677 0.349
-6.88280032322796 0.3489
-6.88279965590989 0.3488
-6.88277984378056 0.3487
-6.88275626081481 0.3486
-6.88272186542957 0.3485
-6.8826954381334 0.3484
-6.88269518974427 0.3483
-6.88268114774445 0.3482
-6.88267241765818 0.3481
-6.88266548728997 0.348
-6.88267177979771 0.3479
-6.88267114970853 0.3478
-6.88266399677655 0.3477
-6.8826640619405 0.3476
-6.88262828854209 0.3475
-6.882573856353 0.3474
-6.8825117617636 0.3473
-6.88245485411573 0.3472
-6.88240293385095 0.3471
-6.88233952748238 0.347
-6.88227673171252 0.3469
-6.88220163393975 0.3468
-6.88212662407511 0.3467
-6.88204717997809 0.3466
-6.88195893070006 0.3465
-6.88185267411422 0.3464
-6.88174919824284 0.3463
-6.88164433574745 0.3462
-6.88153430109877 0.3461
-6.88142083308003 0.346
-6.88131251288442 0.3459
-6.88120638154676 0.3458
-6.88112965091282 0.3457
-6.88107479949802 0.3456
-6.88104015673949 0.3455
-6.88099773054596 0.3454
-6.88097660121649 0.3453
-6.88097698866311 0.3452
-6.88099701265565 0.3451
-6.88102505800387 0.345
-6.88107307574264 0.3449
-6.88113156873225 0.3448
-6.88120554806468 0.3447
-6.88130407632658 0.3446
-6.88141384207393 0.3445
-6.88153606770531 0.3444
-6.88167913025943 0.3443
-6.88183703352328 0.3442
-6.88199013786803 0.3441
-6.88214395228195 0.344
-6.88229518143833 0.3439
-6.88243363157261 0.3438
-6.88256216617269 0.3437
-6.88268867629592 0.3436
-6.88281705224302 0.3435
-6.88292698845576 0.3434
-6.88303214855402 0.3433
-6.88312307771985 0.3432
-6.88319828088382 0.3431
-6.8832563811182 0.343
-6.88328679077317 0.3429
-6.88331091933348 0.3428
-6.88333869213595 0.3427
-6.88336012404046 0.3426
-6.88336400317207 0.3425
-6.88335267710629 0.3424
-6.88332777788958 0.3423
-6.88330202650385 0.3422
-6.88325912463714 0.3421
-6.88319970484399 0.342
-6.88312868447669 0.3419
-6.88308111605075 0.3418
-6.88302271898098 0.3417
-6.88294830338309 0.3416
-6.88285852673856 0.3415
-6.882770580621 0.3414
-6.88266305767292 0.3413
-6.88255823482833 0.3412
-6.88244874613409 0.3411
-6.88234800707929 0.341
-6.88225543684426 0.3409
-6.88218198666053 0.3408
-6.88213426682335 0.3407
-6.88209295541865 0.3406
-6.88205948466717 0.3405
-6.8820397939632 0.3404
-6.88204848855793 0.3403
-6.88208390996641 0.3402
-6.88215819035395 0.3401
-6.8822646118557 0.34
-6.8824039114019 0.3399
-6.88255529216815 0.3398
-6.88272048081919 0.3397
-6.88290937893534 0.3396
-6.88309122253835 0.3395
-6.88326037910627 0.3394
-6.88343819549033 0.3393
-6.88361662407187 0.3392
-6.88378231085382 0.3391
-6.88393107148985 0.339
-6.88406203104896 0.3389
-6.8841934090574 0.3388
-6.88431658997785 0.3387
-6.88440399669664 0.3386
-6.88447365114777 0.3385
-6.88452873612834 0.3384
-6.88457577851881 0.3383
-6.88459996506045 0.3382
-6.88460232379009 0.3381
-6.8845966224968 0.338
-6.88457546032114 0.3379
-6.88454918424325 0.3378
-6.88451053015744 0.3377
-6.88447477580722 0.3376
-6.88443033007233 0.3375
-6.88437894544954 0.3374
-6.88434256744687 0.3373
-6.88431138789374 0.3372
-6.88429976840328 0.3371
-6.88429489743337 0.337
-6.88429094182114 0.3369
-6.88428550147487 0.3368
-6.88428685920338 0.3367
-6.88430443087354 0.3366
-6.88433123901581 0.3365
-6.88439566255696 0.3364
-6.88449036146704 0.3363
-6.8845989195895 0.3362
-6.88473338455674 0.3361
-6.88487214036245 0.336
-6.88499452975939 0.3359
-6.88514052042665 0.3358
-6.88530599590101 0.3357
-6.8854664295486 0.3356
-6.88564382490602 0.3355
-6.88581557426597 0.3354
-6.88598984380096 0.3353
-6.88616658601941 0.3352
-6.8863263839954 0.3351
-6.8864747194444 0.335
-6.88660578029247 0.3349
-6.88672176334728 0.3348
-6.88683719411722 0.3347
-6.88691480000423 0.3346
-6.88699970219167 0.3345
-6.88707551383885 0.3344
-6.88713770388529 0.3343
-6.88719191197753 0.3342
-6.88724144543029 0.3341
-6.88730444602388 0.334
-6.88735716464188 0.3339
-6.88739888920321 0.3338
-6.88740641618182 0.3337
-6.88739847297412 0.3336
-6.88738434957867 0.3335
-6.88735219062871 0.3334
-6.8873120938543 0.3333
-6.8872579281366 0.3332
-6.88718570581573 0.3331
-6.88710563482823 0.333
-6.88701020160874 0.3329
-6.8869197477322 0.3328
-6.88682023815735 0.3327
-6.8867116204516 0.3326
-6.88660612631062 0.3325
-6.88650870090892 0.3324
-6.88644269942368 0.3323
-6.88636770984237 0.3322
-6.88630948070436 0.3321
-6.88626048215551 0.332
-6.88624222397897 0.3319
-6.88624042493324 0.3318
-6.88627423529252 0.3317
-6.88632850764634 0.3316
-6.88637951720213 0.3315
-6.88645522086164 0.3314
-6.88653734209508 0.3313
-6.88663633689308 0.3312
-6.88675467231234 0.3311
-6.88686425928512 0.331
-6.88698317397123 0.3309
-6.88710057585913 0.3308
-6.88719765958808 0.3307
-6.88728238432328 0.3306
-6.88736665368383 0.3305
-6.88746571860083 0.3304
-6.88753724833198 0.3303
-6.88761443529751 0.3302
-6.88767797929353 0.3301
-6.88772981341576 0.33
-6.88776101366367 0.3299
-6.88777400229097 0.3298
-6.88778211096278 0.3297
-6.88778453775361 0.3296
-6.88777957053757 0.3295
-6.88777326006802 0.3294
-6.88774763602095 0.3293
-6.88773486541614 0.3292
-6.88769993556851 0.3291
-6.88765122304383 0.329
-6.8875891924578 0.3289
-6.88750642470916 0.3288
-6.88741265759952 0.3287
-6.88732769074338 0.3286
-6.88721811278038 0.3285
-6.8871205817668 0.3284
-6.88701856853486 0.3283
-6.8869023058667 0.3282
-6.88677694643359 0.3281
-6.88664545538489 0.328
-6.88653232957132 0.3279
-6.88642438795845 0.3278
-6.88633364458991 0.3277
-6.8862724769513 0.3276
-6.88623020116503 0.3275
-6.88619596269718 0.3274
-6.8861828105341 0.3273
-6.88618242962623 0.3272
-6.88619359217202 0.3271
-6.88622684665826 0.327
-6.88629317812757 0.3269
-6.8863415407818 0.3268
-6.8864181365876 0.3267
-6.88651287413432 0.3266
-6.88662450082674 0.3265
-6.88675075350819 0.3264
-6.8868720165439 0.3263
-6.88697850744995 0.3262
-6.88708371165797 0.3261
-6.88716228393032 0.326
-6.88723811331115 0.3259
-6.88730394808386 0.3258
-6.88736958483281 0.3257
-6.88742014037503 0.3256
-6.88743229242047 0.3255
-6.88744168343439 0.3254
-6.887418932868 0.3253
-6.88739216242156 0.3252
-6.88735023593194 0.3251
-6.88729142879474 0.325
-6.88720880202058 0.3249
-6.88712236280866 0.3248
-6.88703569735401 0.3247
-6.88694009522018 0.3246
-6.88685252325037 0.3245
-6.88678447780118 0.3244
-6.88669529391055 0.3243
-6.88662157730261 0.3242
-6.8865362006303 0.3241
-6.88644502701301 0.324
-6.88635570459476 0.3239
-6.88626077203697 0.3238
-6.88616447858528 0.3237
-6.88607429829325 0.3236
-6.88598457256772 0.3235
-6.88590601174467 0.3234
-6.88583058801242 0.3233
-6.8857528088926 0.3232
-6.88568426432481 0.3231
-6.88561627969276 0.323
-6.88554144903491 0.3229
-6.88548193505345 0.3228
-6.88544382548116 0.3227
-6.88541478828408 0.3226
-6.88539476578458 0.3225
-6.88537958144733 0.3224
-6.88537428822618 0.3223
-6.88538025429723 0.3222
-6.88540012941456 0.3221
-6.88543967595843 0.322
-6.88547896458526 0.3219
-6.88552458332568 0.3218
-6.8855826840305 0.3217
-6.88562306397909 0.3216
-6.88565638494077 0.3215
-6.88569915444114 0.3214
-6.88572801770525 0.3213
-6.88575531755359 0.3212
-6.88577541564583 0.3211
-6.88579080510823 0.321
-6.88580119904987 0.3209
-6.88582048625757 0.3208
-6.88584235289115 0.3207
-6.88585229424547 0.3206
-6.88585434917513 0.3205
-6.88585880392547 0.3204
-6.88587106537885 0.3203
-6.88589310785548 0.3202
-6.88590968896242 0.3201
-6.88592373394123 0.32
-6.88593787657964 0.3199
-6.88594018942631 0.3198
-6.88592556020504 0.3197
-6.88592651271334 0.3196
-6.88592919077077 0.3195
-6.88593497768687 0.3194
-6.88594204944074 0.3193
-6.88596413033329 0.3192
-6.88599266541141 0.3191
-6.88603968396485 0.319
-6.88610246317565 0.3189
-6.88615731314966 0.3188
-6.8862059310034 0.3187
-6.88625349975552 0.3186
-6.88630458913883 0.3185
-6.88637527078647 0.3184
-6.8864453285285 0.3183
-6.8865183706235 0.3182
-6.88658878530068 0.3181
-6.88664886164734 0.318
-6.88670056790866 0.3179
-6.88673659918784 0.3178
-6.88674977591141 0.3177
-6.88676370623608 0.3176
-6.88677940473114 0.3175
-6.88676959350187 0.3174
-6.88677402349925 0.3173
-6.88675477433125 0.3172
-6.88671721391099 0.3171
-6.88667718478506 0.317
-6.88663037269379 0.3169
-6.8865753225831 0.3168
-6.88651915030276 0.3167
-6.88646050392853 0.3166
-6.88640669627307 0.3165
-6.88635613592783 0.3164
-6.88630457139152 0.3163
-6.88626587652106 0.3162
-6.88623085377516 0.3161
-6.88619327367549 0.316
-6.88617477108371 0.3159
-6.88617002126411 0.3158
-6.88618451724947 0.3157
-6.88621135630976 0.3156
-6.88624396804147 0.3155
-6.88626594509034 0.3154
-6.8862802846306 0.3153
-6.88627621722048 0.3152
-6.88627947400565 0.3151
-6.88627030312211 0.315
-6.88624856525707 0.3149
-6.88622353343291 0.3148
-6.88618491245132 0.3147
-6.88611219347787 0.3146
-6.88604433745949 0.3145
-6.88598702129797 0.3144
-6.88593174575589 0.3143
-6.88587126750739 0.3142
-6.88582300559656 0.3141
-6.88576935391288 0.314
-6.88572609000268 0.3139
-6.88569207569577 0.3138
-6.8856510106016 0.3137
-6.88561172956174 0.3136
-6.88557738310748 0.3135
-6.88555089455303 0.3134
-6.88550398112987 0.3133
-6.88544652541148 0.3132
-6.8854024920828 0.3131
-6.88537194017187 0.313
-6.88536306557165 0.3129
-6.88534848735053 0.3128
-6.88535808274761 0.3127
-6.88538084801006 0.3126
-6.88542364400163 0.3125
-6.88547788026109 0.3124
-6.88554276978175 0.3123
-6.88560698348275 0.3122
-6.88566771018531 0.3121
-6.88574002909661 0.312
-6.88581528306363 0.3119
-6.88589507901578 0.3118
-6.88596529853696 0.3117
-6.88602890890328 0.3116
-6.88605751083961 0.3115
-6.88606268122075 0.3114
-6.88606660544605 0.3113
-6.88603902749631 0.3112
-6.88600616593188 0.3111
-6.88595848699273 0.311
-6.88590301380011 0.3109
-6.88582340272684 0.3108
-6.88574026808221 0.3107
-6.88565807632549 0.3106
-6.88557256038244 0.3105
-6.8855017506031 0.3104
-6.88542311699962 0.3103
-6.88535888838735 0.3102
-6.88529745763753 0.3101
-6.88525412021346 0.31
-6.88521880214346 0.3099
-6.88518970286526 0.3098
-6.88518124799543 0.3097
-6.88518295913089 0.3096
-6.88519462682879 0.3095
-6.88519965154641 0.3094
-6.88521856071686 0.3093
-6.88525486167531 0.3092
-6.88528992178939 0.3091
-6.88534912836425 0.309
-6.88542322878143 0.3089
-6.88549681596103 0.3088
-6.88555792040259 0.3087
-6.88559855662078 0.3086
-6.88565913441146 0.3085
-6.88571145078811 0.3084
-6.88575481821932 0.3083
-6.88579697820374 0.3082
-6.88583964390739 0.3081
-6.88586246618468 0.308
-6.885872034787 0.3079
-6.88588335108886 0.3078
-6.88588846664023 0.3077
-6.88590066314754 0.3076
-6.88591089181449 0.3075
-6.88592485431871 0.3074
-6.88594519024492 0.3073
-6.88597076417319 0.3072
-6.88599192853309 0.3071
-6.8860163987584 0.307
-6.88606273496022 0.3069
-6.88613467041116 0.3068
-6.88620503458861 0.3067
-6.8862707458222 0.3066
-6.88633417269069 0.3065
-6.88642000817001 0.3064
-6.88651528812577 0.3063
-6.88662837930124 0.3062
-6.88674679037069 0.3061
-6.88687573053083 0.306
-6.88700737331337 0.3059
-6.8871319866608 0.3058
-6.8872524606531 0.3057
-6.88734930578106 0.3056
-6.88742550061267 0.3055
-6.88749963678006 0.3054
-6.88759328007036 0.3053
-6.88766824198489 0.3052
-6.88774314245762 0.3051
-6.88780066893763 0.305
-6.88785510533281 0.3049
-6.88789401479053 0.3048
-6.88793189173002 0.3047
-6.88795850740502 0.3046
-6.88796938404675 0.3045
-6.88797831540645 0.3044
-6.88799873373352 0.3043
-6.88802466698894 0.3042
-6.8880668007467 0.3041
-6.88812887771211 0.304
-6.88819616685238 0.3039
-6.88828246114901 0.3038
-6.88836554050211 0.3037
-6.88845058312282 0.3036
-6.88852814931999 0.3035
-6.88859744104676 0.3034
-6.88867967076997 0.3033
-6.88876560681772 0.3032
-6.8888371769857 0.3031
-6.88889631197776 0.303
-6.88896310056949 0.3029
-6.88902588083339 0.3028
-6.88909719691129 0.3027
-6.88917463237413 0.3026
-6.8892505691477 0.3025
-6.88933550953931 0.3024
-6.88941329686085 0.3023
-6.88947577292445 0.3022
-6.88951282538249 0.3021
-6.88953132417287 0.302
-6.88953514228144 0.3019
-6.88954578988239 0.3018
-6.88954471251833 0.3017
-6.88952478206069 0.3016
-6.88948692691723 0.3015
-6.88944964012398 0.3014
-6.88941457120299 0.3013
-6.88935826740178 0.3012
-6.88928763181029 0.3011
-6.88921328049481 0.301
-6.88913279993795 0.3009
-6.88904495939182 0.3008
-6.88896234410156 0.3007
-6.88887332284349 0.3006
-6.88879372005651 0.3005
-6.88871508816279 0.3004
-6.88864236501857 0.3003
-6.88857699120924 0.3002
-6.88851068368022 0.3001
-6.88843705615883 0.3
-6.88837030507711 0.2999
-6.888319373737 0.2998
-6.88827836416442 0.2997
-6.88824922941982 0.2996
-6.88824171675283 0.2995
-6.88824703084275 0.2994
-6.88825791833163 0.2993
-6.88828102146246 0.2992
-6.88830724290014 0.2991
-6.88832635274828 0.299
-6.88833999466827 0.2989
-6.8883530087621 0.2988
-6.88837698289203 0.2987
-6.88839793035581 0.2986
-6.88842401297518 0.2985
-6.88843816723398 0.2984
-6.88842720885284 0.2983
-6.88840261935207 0.2982
-6.88837667757385 0.2981
-6.88835471038128 0.298
-6.88833601567255 0.2979
-6.88831441130051 0.2978
-6.88831644397452 0.2977
-6.88833309535107 0.2976
-6.88836092418259 0.2975
-6.88839941303777 0.2974
-6.88843956891056 0.2973
-6.88849995515092 0.2972
-6.88855889272565 0.2971
-6.8885880733035 0.297
-6.88861678431789 0.2969
-6.88866018837943 0.2968
-6.88870687386401 0.2967
-6.8887623614433 0.2966
-6.88881346570526 0.2965
-6.88883590551422 0.2964
-6.88883379329766 0.2963
-6.88882014495508 0.2962
-6.88881036027454 0.2961
-6.88878198983384 0.296
-6.88874451871402 0.2959
-6.88870235381908 0.2958
-6.88867234108437 0.2957
-6.88866754882515 0.2956
-6.88867017874648 0.2955
-6.88865621549968 0.2954
-6.88864157905319 0.2953
-6.88863278115393 0.2952
-6.888618691146 0.2951
-6.88860973851966 0.295
-6.88859949579401 0.2949
-6.88859185144119 0.2948
-6.88857001326496 0.2947
-6.88855547351403 0.2946
-6.8885463272017 0.2945
-6.88853382502232 0.2944
-6.88851725414938 0.2943
-6.88850446172977 0.2942
-6.88851541518471 0.2941
-6.88853231591093 0.294
-6.88854970796867 0.2939
-6.88857928195403 0.2938
-6.88859141184501 0.2937
-6.88859338670469 0.2936
-6.8885950614503 0.2935
-6.88859359867293 0.2934
-6.88857058742206 0.2933
-6.88855432663427 0.2932
-6.88851677294879 0.2931
-6.88847535343012 0.293
-6.88843318011111 0.2929
-6.88839821516484 0.2928
-6.88835517582371 0.2927
-6.88832647920664 0.2926
-6.88828049806112 0.2925
-6.88821882583577 0.2924
-6.88816828694054 0.2923
-6.88810775787108 0.2922
-6.88805364210593 0.2921
-6.88799264948335 0.292
-6.88794678914806 0.2919
-6.88790516539466 0.2918
-6.88788329638519 0.2917
-6.88788034290285 0.2916
-6.88791241496022 0.2915
-6.8879524196602 0.2914
-6.88798696930161 0.2913
-6.88802550135386 0.2912
-6.88806444982524 0.2911
-6.88812207471562 0.291
-6.88818869658982 0.2909
-6.88826312577772 0.2908
-6.88833815036926 0.2907
-6.88840791454318 0.2906
-6.88848430822782 0.2905
-6.88854851079013 0.2904
-6.88859100590654 0.2903
-6.88863670871755 0.2902
-6.8886740875138 0.2901
-6.88871585147198 0.29
-6.88875752881506 0.2899
-6.88879454406285 0.2898
-6.88882458242426 0.2897
-6.8888472548224 0.2896
-6.88885864393324 0.2895
-6.88885387786062 0.2894
-6.88884687913151 0.2893
-6.88881359318296 0.2892
-6.88877235786611 0.2891
-6.88871902370725 0.289
-6.88865757203363 0.2889
-6.88860509550815 0.2888
-6.88856229791014 0.2887
-6.88852626222698 0.2886
-6.8884997170907 0.2885
-6.88847970994242 0.2884
-6.88847382081646 0.2883
-6.88848416460132 0.2882
-6.88851900360357 0.2881
-6.88857374341178 0.288
-6.88863526104455 0.2879
-6.88871632425357 0.2878
-6.88880963534113 0.2877
-6.88891639180533 0.2876
-6.88903786074556 0.2875
-6.88916542378013 0.2874
-6.88928353734595 0.2873
-6.88940477195098 0.2872
-6.88950256992853 0.2871
-6.88958665911011 0.287
-6.88965055102923 0.2869
-6.88970106954141 0.2868
-6.88973650284205 0.2867
-6.8897621944619 0.2866
-6.88976710309158 0.2865
-6.88975855661091 0.2864
-6.88970372612153 0.2863
-6.88962542923008 0.2862
-6.88953183399061 0.2861
-6.88941918205219 0.286
-6.88929532706962 0.2859
-6.88916934524177 0.2858
-6.88903999536924 0.2857
-6.88888922492871 0.2856
-6.88873017217338 0.2855
-6.88857160641305 0.2854
-6.88842757461831 0.2853
-6.8882908527495 0.2852
-6.88814925737822 0.2851
-6.88799902191003 0.285
-6.88786640875175 0.2849
-6.8877583780016 0.2848
-6.88768188682532 0.2847
-6.88762019277662 0.2846
-6.88756629476192 0.2845
-6.88753976866893 0.2844
-6.88753010777267 0.2843
-6.88752699977744 0.2842
-6.8875373237249 0.2841
-6.88755981514599 0.284
-6.88759511088366 0.2839
-6.88764584474311 0.2838
-6.88770795089541 0.2837
-6.88778240511799 0.2836
-6.88785484025037 0.2835
-6.88791353618538 0.2834
-6.88799190533712 0.2833
-6.88807024333162 0.2832
-6.88815618935396 0.2831
-6.88825555887795 0.283
-6.88835213988072 0.2829
-6.88844312363114 0.2828
-6.88853136346367 0.2827
-6.88861503686687 0.2826
-6.88868214892504 0.2825
-6.88874153351697 0.2824
-6.88879450475129 0.2823
-6.8888694151637 0.2822
-6.88895057992709 0.2821
-6.88901902363641 0.282
-6.88908649447961 0.2819
-6.88915315579582 0.2818
-6.88919911594408 0.2817
-6.88922714707826 0.2816
-6.88925606245719 0.2815
-6.88929059984505 0.2814
-6.88932205564014 0.2813
-6.88934516212879 0.2812
-6.88936649307487 0.2811
-6.88937514336455 0.281
-6.8893881095422 0.2809
-6.88939703345033 0.2808
-6.88938540969034 0.2807
-6.88936281232359 0.2806
-6.88932968335368 0.2805
-6.8892940181075 0.2804
-6.88926590714927 0.2803
-6.88925829457391 0.2802
-6.88925907408724 0.2801
-6.88926794010426 0.28
-6.88927501320709 0.2799
-6.88930722746422 0.2798
-6.88933308902707 0.2797
-6.8893805149463 0.2796
-6.88944345763344 0.2795
-6.88952985027421 0.2794
-6.88961468806176 0.2793
-6.88970574419318 0.2792
-6.88980580486263 0.2791
-6.88990707790301 0.279
-6.89001503244305 0.2789
-6.89013014561024 0.2788
-6.89024535321998 0.2787
-6.89036149580661 0.2786
-6.8904742308063 0.2785
-6.89060042180978 0.2784
-6.89074612519955 0.2783
-6.89089893508551 0.2782
-6.89105800662987 0.2781
-6.89122566229431 0.278
-6.89139063806631 0.2779
-6.8915360997585 0.2778
-6.89167837663774 0.2777
-6.89181455485559 0.2776
-6.8919364593444 0.2775
-6.89205485381232 0.2774
-6.89216682783622 0.2773
-6.89227266440542 0.2772
-6.89235094318351 0.2771
-6.89242207109257 0.277
-6.89246010819564 0.2769
-6.89248129155483 0.2768
-6.89248239846106 0.2767
-6.89245407952034 0.2766
-6.89239732481094 0.2765
-6.89231662169554 0.2764
-6.8922182787732 0.2763
-6.89208835240988 0.2762
-6.89194734233252 0.2761
-6.89179920883355 0.276
-6.89163781692668 0.2759
-6.8914686306904 0.2758
-6.89128528884682 0.2757
-6.89109557404558 0.2756
-6.89090456101054 0.2755
-6.89070114547094 0.2754
-6.89048600134729 0.2753
-6.8902737252705 0.2752
-6.89008810915642 0.2751
-6.88991686532483 0.275
-6.8897624857989 0.2749
-6.88960831848332 0.2748
-6.88946367664733 0.2747
-6.88934015045865 0.2746
-6.88924251296907 0.2745
-6.88916875598467 0.2744
-6.8891322115479 0.2743
-6.88911443263992 0.2742
-6.88910493816512 0.2741
-6.88910643773667 0.274
-6.88910818776254 0.2739
-6.88910220020051 0.2738
-6.88910195544179 0.2737
-6.88911139520438 0.2736
-6.88912650048638 0.2735
-6.88913808064761 0.2734
-6.88916706612055 0.2733
-6.88919960716724 0.2732
-6.88924471574203 0.2731
-6.8892861138499 0.273
-6.88933013447789 0.2729
-6.88937151789758 0.2728
-6.88941771012916 0.2727
-6.88948970300971 0.2726
-6.8895603978382 0.2725
-6.88963583725916 0.2724
-6.88972991295283 0.2723
-6.88982479005389 0.2722
-6.88990248677716 0.2721
-6.88996031446465 0.272
-6.89001271669204 0.2719
-6.89007572368699 0.2718
-6.89013769646358 0.2717
-6.89019965500762 0.2716
-6.89025246760151 0.2715
-6.89030462890147 0.2714
-6.8903671900521 0.2713
-6.89042221636169 0.2712
-6.8904741569913 0.2711
-6.89052903293943 0.271
-6.89059347071915 0.2709
-6.8906566343278 0.2708
-6.89070039317699 0.2707
-6.89073545111432 0.2706
-6.89077646302552 0.2705
-6.89082479827523 0.2704
-6.89088315997425 0.2703
-6.89094397036416 0.2702
-6.89100409187554 0.2701
-6.89106658529526 0.27
-6.89112484351005 0.2699
-6.89117271850317 0.2698
-6.89123745169851 0.2697
-6.89129063909608 0.2696
-6.89135389758641 0.2695
-6.89139676234271 0.2694
-6.89142909942077 0.2693
-6.89145604053741 0.2692
-6.89147941094486 0.2691
-6.89149020072139 0.269
-6.89150415614324 0.2689
-6.89151297584012 0.2688
-6.89153741580061 0.2687
-6.8915613829415 0.2686
-6.89159097947324 0.2685
-6.89162214737043 0.2684
-6.89168653886438 0.2683
-6.89176067879453 0.2682
-6.89184428755383 0.2681
-6.89195512536847 0.268
-6.89205993152289 0.2679
-6.8921652590624 0.2678
-6.89227460439103 0.2677
-6.89237287155146 0.2676
-6.89247457466975 0.2675
-6.89258172006866 0.2674
-6.89268264402817 0.2673
-6.89279109074918 0.2672
-6.89288546338973 0.2671
-6.89297521022809 0.267
-6.8930483933533 0.2669
-6.89310854037911 0.2668
-6.89317258124891 0.2667
-6.89322228514704 0.2666
-6.89326020818683 0.2665
-6.89328826155148 0.2664
-6.89330219425452 0.2663
-6.89329306673569 0.2662
-6.89327827235065 0.2661
-6.89324446189013 0.266
-6.89321531691362 0.2659
-6.89317827559084 0.2658
-6.89314492298167 0.2657
-6.89311090727159 0.2656
-6.89308317435651 0.2655
-6.89306017923615 0.2654
-6.89303582302232 0.2653
-6.89302201173448 0.2652
-6.89300959875297 0.2651
-6.89300588430368 0.265
-6.89299421671349 0.2649
-6.89297157936664 0.2648
-6.89297146785832 0.2647
-6.89297932516994 0.2646
-6.89300367279867 0.2645
-6.8930275130675 0.2644
-6.89305113013122 0.2643
-6.89308648867207 0.2642
-6.89312826854919 0.2641
-6.89316967072447 0.264
-6.89320194425422 0.2639
-6.89325563425375 0.2638
-6.89329778838893 0.2637
-6.89335380358274 0.2636
-6.89339339254984 0.2635
-6.89344821207025 0.2634
-6.89350129483495 0.2633
-6.89354700342872 0.2632
-6.89358149243693 0.2631
-6.89361230407695 0.263
-6.89361951653269 0.2629
-6.89360660085034 0.2628
-6.89359074225003 0.2627
-6.8935652851614 0.2626
-6.89353203022897 0.2625
-6.89348802006872 0.2624
-6.89344651150388 0.2623
-6.89338968561178 0.2622
-6.89333217481341 0.2621
-6.8932658573152 0.262
-6.89322158772159 0.2619
-6.89317166667983 0.2618
-6.89312497957994 0.2617
-6.89306685388005 0.2616
-6.89301890168626 0.2615
-6.89299557308986 0.2614
-6.89299881363607 0.2613
-6.89299908056887 0.2612
-6.89301498852485 0.2611
-6.89302611686989 0.261
-6.89305062269179 0.2609
-6.89309771666761 0.2608
-6.89315375044117 0.2607
-6.89322822823414 0.2606
-6.8933111790696 0.2605
-6.89338938841605 0.2604
-6.89345724704478 0.2603
-6.89353289247981 0.2602
-6.89360877605544 0.2601
-6.89368911008382 0.26
-6.89375540876434 0.2599
-6.89382802815398 0.2598
-6.89388176655255 0.2597
-6.89392940092545 0.2596
-6.89397250076852 0.2595
-6.8940250675845 0.2594
-6.89407871130582 0.2593
-6.89412510572881 0.2592
-6.89417100153252 0.2591
-6.89420749888321 0.259
-6.89424127164729 0.2589
-6.89426484121861 0.2588
-6.89428039613715 0.2587
-6.89429503467032 0.2586
-6.89430042887557 0.2585
-6.89430243496357 0.2584
-6.89428914677833 0.2583
-6.89428329379571 0.2582
-6.89427529659548 0.2581
-6.89426495754349 0.258
-6.89423141966062 0.2579
-6.89419852127715 0.2578
-6.89418001557996 0.2577
-6.89416156407412 0.2576
-6.89414588883855 0.2575
-6.89413422610845 0.2574
-6.89413640885549 0.2573
-6.89414411831631 0.2572
-6.8941380150672 0.2571
-6.8941395264724 0.257
-6.89414004889518 0.2569
-6.89415101711985 0.2568
-6.89416788063669 0.2567
-6.89416950886518 0.2566
-6.89416927602722 0.2565
-6.89417500225261 0.2564
-6.89418377884712 0.2563
-6.89420375483852 0.2562
-6.89421931800345 0.2561
-6.89423728854852 0.256
-6.89426160327858 0.2559
-6.89428588449621 0.2558
-6.89430555819382 0.2557
-6.89432924981838 0.2556
-6.89436187560443 0.2555
-6.89438041468564 0.2554
-6.89439698410647 0.2553
-6.89439522147686 0.2552
-6.8943745726255 0.2551
-6.89437507481374 0.255
-6.89437974381528 0.2549
-6.89438382558223 0.2548
-6.89439303942957 0.2547
-6.89439438885736 0.2546
-6.89440048743737 0.2545
-6.89440300327166 0.2544
-6.89439968203697 0.2543
-6.8943933253854 0.2542
-6.89438269847864 0.2541
-6.89437118857973 0.254
-6.89435709781129 0.2539
-6.89433904376577 0.2538
-6.89431355691179 0.2537
-6.89427674580316 0.2536
-6.89421566167685 0.2535
-6.89414237934792 0.2534
-6.8940772250111 0.2533
-6.89400933760519 0.2532
-6.89394175784855 0.2531
-6.89386067365532 0.253
-6.89376400424544 0.2529
-6.89365111872231 0.2528
-6.89353119033994 0.2527
-6.89339994559683 0.2526
-6.89327240343628 0.2525
-6.89315676930668 0.2524
-6.89305430143759 0.2523
-6.8929482822139 0.2522
-6.89285704506629 0.2521
-6.89279196243746 0.252
-6.89276486223187 0.2519
-6.89275041922555 0.2518
-6.89275971529402 0.2517
-6.89279429420045 0.2516
-6.89283865850931 0.2515
-6.89290220420296 0.2514
-6.89295877731825 0.2513
-6.89304884686286 0.2512
-6.8931557554913 0.2511
-6.89325463011174 0.251
-6.89336252095665 0.2509
-6.8934817214077 0.2508
-6.89359231305826 0.2507
-6.89370073763173 0.2506
-6.89380282820128 0.2505
-6.89390671299011 0.2504
-6.8940114246495 0.2503
-6.89414262508231 0.2502
-6.89426897746513 0.2501
-6.89438389664165 0.25
-6.89447829711718 0.2499
-6.89457198211606 0.2498
-6.89465121208711 0.2497
-6.89474369131654 0.2496
-6.89481810025525 0.2495
-6.89487809361469 0.2494
-6.8949320639254 0.2493
-6.89497865111204 0.2492
-6.89501995638204 0.2491
-6.89505532887358 0.249
-6.89508796070626 0.2489
-6.89513089204254 0.2488
-6.895179349928 0.2487
-6.89523283735405 0.2486
-6.89530560370919 0.2485
-6.89538541113981 0.2484
-6.89546816725333 0.2483
-6.89557980501518 0.2482
-6.89570910716257 0.2481
-6.89583925567076 0.248
-6.8959770914636 0.2479
-6.89610876597713 0.2478
-6.89623826069166 0.2477
-6.89635462118236 0.2476
-6.89646412767498 0.2475
-6.89655540214994 0.2474
-6.89664747570984 0.2473
-6.89673370435551 0.2472
-6.89678048878665 0.2471
-6.89681543246575 0.247
-6.89683748756999 0.2469
-6.89683309523969 0.2468
-6.89680882903241 0.2467
-6.89675495913167 0.2466
-6.8966821694413 0.2465
-6.89658383672285 0.2464
-6.89646779584136 0.2463
-6.89634503036947 0.2462
-6.89620025179062 0.2461
-6.89605201337984 0.246
-6.8959287534984 0.2459
-6.89581370840017 0.2458
-6.89570835123076 0.2457
-6.89563208357251 0.2456
-6.89555869753914 0.2455
-6.89551269733124 0.2454
-6.89548963616868 0.2453
-6.89548037647625 0.2452
-6.89547770212878 0.2451
-6.895478064862 0.245
-6.89548406156727 0.2449
-6.89550376160976 0.2448
-6.89553272917322 0.2447
-6.89556890009961 0.2446
-6.89561620542087 0.2445
-6.89566467464926 0.2444
-6.89571503541816 0.2443
-6.89577505843913 0.2442
-6.89582396019342 0.2441
-6.89587254714967 0.244
-6.89592711382812 0.2439
-6.89597978804597 0.2438
-6.89602683259496 0.2437
-6.89606722881496 0.2436
-6.89611154228712 0.2435
-6.89616522566177 0.2434
-6.89621600019519 0.2433
-6.8962614367337 0.2432
-6.89629936679593 0.2431
-6.89634177518231 0.243
-6.89638051310045 0.2429
-6.8964078593819 0.2428
-6.89643277510226 0.2427
-6.8964661870413 0.2426
-6.89650996508205 0.2425
-6.89657401676805 0.2424
-6.89666060218602 0.2423
-6.89675263039858 0.2422
-6.89683978342397 0.2421
-6.89692279816289 0.242
-6.89703207170559 0.2419
-6.89714344097644 0.2418
-6.89727304184859 0.2417
-6.89742976849613 0.2416
-6.89758641071843 0.2415
-6.8977559012264 0.2414
-6.89791436640069 0.2413
-6.89807198344096 0.2412
-6.8982212965335 0.2411
-6.89836377758165 0.241
-6.89848571466461 0.2409
-6.89859069056802 0.2408
-6.89868238699042 0.2407
-6.89874121748825 0.2406
-6.89877476628904 0.2405
-6.89878942018744 0.2404
-6.89877062814656 0.2403
-6.89873861300129 0.2402
-6.8986549075902 0.2401
-6.89857879970402 0.24
-6.89846869157947 0.2399
-6.89832790230042 0.2398
-6.89817051110236 0.2397
-6.89798627876044 0.2396
-6.89779709868919 0.2395
-6.89759319712336 0.2394
-6.89738082129452 0.2393
-6.89716058785735 0.2392
-6.89693978403368 0.2391
-6.89672860769731 0.239
-6.89652176716957 0.2389
-6.89633030951235 0.2388
-6.89614896867648 0.2387
-6.89597939273402 0.2386
-6.89582406540194 0.2385
-6.89569718781922 0.2384
-6.89558516350027 0.2383
-6.89549219365754 0.2382
-6.89541801599761 0.2381
-6.89536956583546 0.238
-6.89534486292162 0.2379
-6.89533613629064 0.2378
-6.89533489668734 0.2377
-6.89533528451663 0.2376
-6.8953565583614 0.2375
-6.89539566142122 0.2374
-6.89545386060076 0.2373
-6.89551934360859 0.2372
-6.89559520442113 0.2371
-6.89566828111689 0.237
-6.89573176563603 0.2369
-6.89580453030979 0.2368
-6.89588534232161 0.2367
-6.89597576593498 0.2366
-6.8960584114217 0.2365
-6.89615039280847 0.2364
-6.89623211582494 0.2363
-6.8963186187057 0.2362
-6.89640709123827 0.2361
-6.89649224019578 0.236
-6.89658651420026 0.2359
-6.89668117069978 0.2358
-6.89676200166499 0.2357
-6.89684934376344 0.2356
-6.896930934043 0.2355
-6.89700132977336 0.2354
-6.89706334599149 0.2353
-6.8971129537473 0.2352
-6.89715918846322 0.2351
-6.89720046851472 0.235
-6.8972337574172 0.2349
-6.8972586604495 0.2348
-6.89728102840483 0.2347
-6.89728491498604 0.2346
-6.89728638117354 0.2345
-6.89728203229015 0.2344
-6.89727563254493 0.2343
-6.89726424249524 0.2342
-6.89724118865413 0.2341
-6.89720493964955 0.234
-6.89716398486989 0.2339
-6.89712549294864 0.2338
-6.8970809302702 0.2337
-6.89701629943716 0.2336
-6.89693338805437 0.2335
-6.89685710343397 0.2334
-6.89676302111583 0.2333
-6.89666034989619 0.2332
-6.89656003802187 0.2331
-6.89646018142166 0.233
-6.89635691583969 0.2329
-6.89626870179976 0.2328
-6.89619261466505 0.2327
-6.89612202086064 0.2326
-6.89605182313045 0.2325
-6.89599087901375 0.2324
-6.89593878753545 0.2323
-6.89589976019461 0.2322
-6.89586240176997 0.2321
-6.89584203330595 0.232
-6.89583763709277 0.2319
-6.89582278680015 0.2318
-6.89581874609345 0.2317
-6.89581552064967 0.2316
-6.89581508090548 0.2315
-6.89580743849007 0.2314
-6.89582142471093 0.2313
-6.89584268402213 0.2312
-6.89586860150606 0.2311
-6.89590188886125 0.231
-6.89594048208376 0.2309
-6.89597970228695 0.2308
-6.89602274354862 0.2307
-6.89607146504816 0.2306
-6.89611649927337 0.2305
-6.8961566374993 0.2304
-6.89619746602107 0.2303
-6.89624655714691 0.2302
-6.89629236107512 0.2301
-6.89635037405601 0.23
-6.8964131584744 0.2299
-6.89647422829623 0.2298
-6.89654049124083 0.2297
-6.89659322880319 0.2296
-6.89664336042145 0.2295
-6.89670537291461 0.2294
-6.89677177857809 0.2293
-6.89683914997512 0.2292
-6.89691095727907 0.2291
-6.89699519384998 0.229
-6.89710731451208 0.2289
-6.89721323382084 0.2288
-6.89732618985009 0.2287
-6.89742649921736 0.2286
-6.89750663805204 0.2285
-6.89757261592808 0.2284
-6.89762586693635 0.2283
-6.8976709807506 0.2282
-6.89767470990812 0.2281
-6.89766977465158 0.228
-6.89765708055368 0.2279
-6.8976364935852 0.2278
-6.89759769124543 0.2277
-6.8975556052259 0.2276
-6.89750391684724 0.2275
-6.89743071210491 0.2274
-6.89734730196962 0.2273
-6.89726880536798 0.2272
-6.8971823959879 0.2271
-6.89710720035388 0.227
-6.8970480883949 0.2269
-6.89698347660094 0.2268
-6.89693101937125 0.2267
-6.89689470388245 0.2266
-6.89688059874277 0.2265
-6.89686860404128 0.2264
-6.89688017279266 0.2263
-6.89689763387708 0.2262
-6.89691717846577 0.2261
-6.89694423359675 0.226
-6.89698844448988 0.2259
-6.8970287076191 0.2258
-6.8970616923261 0.2257
-6.89708073741775 0.2256
-6.89710885855548 0.2255
-6.89712976166284 0.2254
-6.89715624042389 0.2253
-6.89717999967807 0.2252
-6.89720393456275 0.2251
-6.89723473447655 0.225
-6.89726896997772 0.2249
-6.89729269146942 0.2248
-6.89731223454669 0.2247
-6.89734580212939 0.2246
-6.89735639390245 0.2245
-6.89736728504875 0.2244
-6.89739042644723 0.2243
-6.89741729213197 0.2242
-6.8974824937316 0.2241
-6.89753412733067 0.224
-6.89757241614802 0.2239
-6.89760426712439 0.2238
-6.89764266849364 0.2237
-6.89770249845381 0.2236
-6.89776218182339 0.2235
-6.89780940337571 0.2234
-6.89785499668586 0.2233
-6.89790288350436 0.2232
-6.89794737990305 0.2231
-6.89799244828057 0.223
-6.89805452045812 0.2229
-6.89813293403107 0.2228
-6.89821265502327 0.2227
-6.89828245815665 0.2226
-6.89834999228094 0.2225
-6.89842169016573 0.2224
-6.89850123635582 0.2223
-6.89857905070973 0.2222
-6.89865563047764 0.2221
-6.89873711014384 0.222
-6.89882566340677 0.2219
-6.89891575840156 0.2218
-6.89900516949193 0.2217
-6.89909503237479 0.2216
-6.89917129900558 0.2215
-6.89923239844879 0.2214
-6.89927406371651 0.2213
-6.89931037859755 0.2212
-6.89932541255471 0.2211
-6.89933584373731 0.221
-6.89934594088035 0.2209
-6.89933853991924 0.2208
-6.89931509182554 0.2207
-6.89929635660576 0.2206
-6.89928701450664 0.2205
-6.89926761368753 0.2204
-6.89925504488755 0.2203
-6.89924277186433 0.2202
-6.89923584349693 0.2201
-6.89922975565424 0.22
-6.89922618291495 0.2199
-6.8992403574276 0.2198
-6.89925946195396 0.2197
-6.89926496386101 0.2196
-6.89926197654671 0.2195
-6.89924545698584 0.2194
-6.89923701586201 0.2193
-6.89923758180015 0.2192
-6.8992210681519 0.2191
-6.89919746324909 0.219
-6.89916003335757 0.2189
-6.89912063262127 0.2188
-6.89907216159081 0.2187
-6.89902584226441 0.2186
-6.89899460125064 0.2185
-6.8989508964975 0.2184
-6.89893286505686 0.2183
-6.89890787216993 0.2182
-6.8988863183413 0.2181
-6.89885932074298 0.218
-6.89884888445304 0.2179
-6.89882576359801 0.2178
-6.89880616753206 0.2177
-6.89879510396302 0.2176
-6.89878507986868 0.2175
-6.89876270200534 0.2174
-6.89873328739532 0.2173
-6.89869499897549 0.2172
-6.89865362770207 0.2171
-6.89860587061124 0.217
-6.89855360080941 0.2169
-6.89851710278106 0.2168
-6.89849248274911 0.2167
-6.89847429982977 0.2166
-6.89846095083768 0.2165
-6.89844212042494 0.2164
-6.89841944887966 0.2163
-6.89841700899134 0.2162
-6.89842281557708 0.2161
-6.89843236007135 0.216
-6.89843795528304 0.2159
-6.89844863570977 0.2158
-6.89844613808567 0.2157
-6.89843964897391 0.2156
-6.89842942457339 0.2155
-6.89841405192981 0.2154
-6.89840556491518 0.2153
-6.89839619695576 0.2152
-6.89840360910015 0.2151
-6.89841429609051 0.215
-6.89842528136433 0.2149
-6.89842977120674 0.2148
-6.89841743381753 0.2147
-6.89842179188236 0.2146
-6.89841137987786 0.2145
-6.89837784167433 0.2144
-6.89833334943776 0.2143
-6.89829800645518 0.2142
-6.89826741286603 0.2141
-6.8982463587822 0.214
-6.89823521990829 0.2139
-6.89821633273222 0.2138
-6.89818291593656 0.2137
-6.8981309830118 0.2136
-6.89808682354716 0.2135
-6.89803738874615 0.2134
-6.89799350370996 0.2133
-6.8979442061212 0.2132
-6.89788733139226 0.2131
-6.89781627913273 0.213
-6.89776137296926 0.2129
-6.897723228459 0.2128
-6.89770069131629 0.2127
-6.89768656932486 0.2126
-6.89766785524212 0.2125
-6.89767633211095 0.2124
-6.89769599784417 0.2123
-6.89772504484233 0.2122
-6.89776484330273 0.2121
-6.89781857857685 0.212
-6.89785472880535 0.2119
-6.89788635845442 0.2118
-6.89793949384183 0.2117
-6.89799206686115 0.2116
-6.89804385627415 0.2115
-6.89809220668042 0.2114
-6.89814463947231 0.2113
-6.89820343917185 0.2112
-6.89825732948327 0.2111
-6.89830948712769 0.211
-6.89835950777976 0.2109
-6.89838437972319 0.2108
-6.89840624124033 0.2107
-6.89840641957406 0.2106
-6.8983960440897 0.2105
-6.89838524087743 0.2104
-6.8983683527826 0.2103
-6.89836062195221 0.2102
-6.89832313219097 0.2101
-6.89826787089269 0.21
-6.89818869557265 0.2099
-6.89808623480303 0.2098
-6.89796728133936 0.2097
-6.89785838072271 0.2096
-6.89773608012505 0.2095
-6.89761261459717 0.2094
-6.89749054718294 0.2093
-6.89737362868475 0.2092
-6.89726017935445 0.2091
-6.8971609873759 0.209
-6.89706749401689 0.2089
-6.89697914396397 0.2088
-6.8968909653453 0.2087
-6.89681574442435 0.2086
-6.89674175943563 0.2085
-6.8966642940859 0.2084
-6.89659002487207 0.2083
-6.89651554599193 0.2082
-6.89645651715988 0.2081
-6.89641087870549 0.208
-6.89635853044802 0.2079
-6.8962973863885 0.2078
-6.89623629768879 0.2077
-6.89618824784039 0.2076
-6.89614816714214 0.2075
-6.89611729419923 0.2074
-6.89610713802038 0.2073
-6.89609625345936 0.2072
-6.89607471076593 0.2071
-6.89606971383078 0.207
-6.89605790093973 0.2069
-6.89604724022949 0.2068
-6.8960417649341 0.2067
-6.896023023142 0.2066
-6.89599888634259 0.2065
-6.89597738239755 0.2064
-6.89595671019462 0.2063
-6.89593976807247 0.2062
-6.89592408574333 0.2061
-6.89591023135414 0.206
-6.89589427907165 0.2059
-6.89588468472361 0.2058
-6.89586271747883 0.2057
-6.89584629913474 0.2056
-6.8958436028647 0.2055
-6.8958534283752 0.2054
-6.89587233132343 0.2053
-6.89590503879359 0.2052
-6.89596558502889 0.2051
-6.89604218015742 0.205
-6.89611518223172 0.2049
-6.89618841857382 0.2048
-6.89626393033732 0.2047
-6.89635243244443 0.2046
-6.89646208150681 0.2045
-6.89657557927226 0.2044
-6.89669962168358 0.2043
-6.8968284172742 0.2042
-6.89696226980295 0.2041
-6.89710013219468 0.204
-6.8972463372786 0.2039
-6.89738723488462 0.2038
-6.89754329279872 0.2037
-6.89770389292308 0.2036
-6.89784788360086 0.2035
-6.8979878521063 0.2034
-6.89812524235439 0.2033
-6.89826013549412 0.2032
-6.89837736713514 0.2031
-6.89849032281305 0.203
-6.8985868553881 0.2029
-6.89867426899713 0.2028
-6.89874954881311 0.2027
-6.89881414611937 0.2026
-6.89888390141909 0.2025
-6.8989488566812 0.2024
-6.89900180178908 0.2023
-6.8990398411201 0.2022
-6.89908033090319 0.2021
-6.89912310065395 0.202
-6.89914973146955 0.2019
-6.89916006567484 0.2018
-6.89919035639194 0.2017
-6.89922758053723 0.2016
-6.89924330928405 0.2015
-6.89925175867963 0.2014
-6.89924707425754 0.2013
-6.89924130149208 0.2012
-6.89924149714384 0.2011
-6.89922384319851 0.201
-6.89922602001335 0.2009
-6.89925362825901 0.2008
-6.89929235161394 0.2007
-6.89935506716242 0.2006
-6.89941185495445 0.2005
-6.89946667587451 0.2004
-6.89949243236507 0.2003
-6.89952438261667 0.2002
-6.89956621480453 0.2001
-6.89962702831686 0.2
-6.89969045507606 0.1999
-6.89975112233031 0.1998
-6.8998208926007 0.1997
-6.8998873174869 0.1996
-6.89996208479042 0.1995
-6.90004213405672 0.1994
-6.90012156190275 0.1993
-6.90021242269611 0.1992
-6.90030442612961 0.1991
-6.90040289012743 0.199
-6.90049631972901 0.1989
-6.90058040424592 0.1988
-6.90067143939372 0.1987
-6.90075499954351 0.1986
-6.90084545795658 0.1985
-6.90091656208638 0.1984
-6.90099829586281 0.1983
-6.90107644343594 0.1982
-6.90114002503615 0.1981
-6.90117502737927 0.198
-6.90121712049151 0.1979
-6.90126934637472 0.1978
-6.90132518620747 0.1977
-6.90136618755195 0.1976
-6.90141507263446 0.1975
-6.9014600192071 0.1974
-6.90149056233882 0.1973
-6.90152552318506 0.1972
-6.90155977213756 0.1971
-6.90160358185277 0.197
-6.90163633625805 0.1969
-6.90167910391029 0.1968
-6.90172542507829 0.1967
-6.90175572058589 0.1966
-6.90180121176684 0.1965
-6.90187078601379 0.1964
-6.90192878539436 0.1963
-6.90200347563684 0.1962
-6.90208322062341 0.1961
-6.90218574526133 0.196
-6.90228095736302 0.1959
-6.90236251024824 0.1958
-6.90244231940577 0.1957
-6.90249819174081 0.1956
-6.90254374226396 0.1955
-6.90260026754219 0.1954
-6.90262419855593 0.1953
-6.90263612410955 0.1952
-6.90264065935324 0.1951
-6.90264586684395 0.195
-6.90265734669329 0.1949
-6.90264526859145 0.1948
-6.90262721672347 0.1947
-6.90258570703904 0.1946
-6.90255365462476 0.1945
-6.9025091963461 0.1944
-6.90244617208352 0.1943
-6.90238365141362 0.1942
-6.90230746672313 0.1941
-6.90223411927115 0.194
-6.90217404718073 0.1939
-6.90210689711666 0.1938
-6.90203951060196 0.1937
-6.9019730882922 0.1936
-6.90190959772051 0.1935
-6.90184818572014 0.1934
-6.90177421846223 0.1933
-6.90170330321577 0.1932
-6.90162468728681 0.1931
-6.90152735366249 0.193
-6.90143647075929 0.1929
-6.90134215053675 0.1928
-6.90122471792017 0.1927
-6.90108897723697 0.1926
-6.90093485880072 0.1925
-6.90078157007264 0.1924
-6.90062038367153 0.1923
-6.90044888914735 0.1922
-6.90029401764209 0.1921
-6.90014266539931 0.192
-6.90001856614988 0.1919
-6.89991448083625 0.1918
-6.89980749811429 0.1917
-6.89972983215756 0.1916
-6.8996750504809 0.1915
-6.89964173541566 0.1914
-6.89962743334788 0.1913
-6.89963934546404 0.1912
-6.89964972011349 0.1911
-6.89970217459544 0.191
-6.89976529129188 0.1909
-6.89983235182086 0.1908
-6.89990339644716 0.1907
-6.89996489701734 0.1906
-6.90002935351439 0.1905
-6.90008216442655 0.1904
-6.90012169815815 0.1903
-6.90016324800678 0.1902
-6.90019461092564 0.1901
-6.9002118903522 0.19
-6.90021934033528 0.1899
-6.90020682597057 0.1898
-6.9001795107896 0.1897
-6.90015176090285 0.1896
-6.90011711132076 0.1895
-6.90007909699044 0.1894
-6.90003767533672 0.1893
-6.89997027115794 0.1892
-6.89992396050553 0.1891
-6.89985814713209 0.189
-6.89978721414467 0.1889
-6.89973765221567 0.1888
-6.8997057830757 0.1887
-6.89969483240782 0.1886
-6.89969357511091 0.1885
-6.89970910935491 0.1884
-6.89973735977713 0.1883
-6.89979123001178 0.1882
-6.89986637160741 0.1881
-6.8999569300078 0.188
-6.90007753904865 0.1879
-6.90021002308684 0.1878
-6.90036667631269 0.1877
-6.90052200061348 0.1876
-6.90069338845283 0.1875
-6.90089128530641 0.1874
-6.90109960220178 0.1873
-6.90127593632975 0.1872
-6.90144441315511 0.1871
-6.90160813801811 0.187
-6.90177675886777 0.1869
-6.90192645619113 0.1868
-6.9020704219422 0.1867
-6.90221778238903 0.1866
-6.90235040780904 0.1865
-6.90247596148989 0.1864
-6.90259609652946 0.1863
-6.90272258231258 0.1862
-6.90283615880739 0.1861
-6.90296511256591 0.186
-6.90308512215992 0.1859
-6.90320963719945 0.1858
-6.90333881673608 0.1857
-6.90345684355714 0.1856
-6.90358700334936 0.1855
-6.9037288603918 0.1854
-6.90387502012236 0.1853
-6.90400896019847 0.1852
-6.90413642513623 0.1851
-6.90424120903458 0.185
-6.90435686926262 0.1849
-6.90445055121128 0.1848
-6.90451432150136 0.1847
-6.90457516006512 0.1846
-6.90462699463722 0.1845
-6.90465341954003 0.1844
-6.9046576438564 0.1843
-6.90465065482894 0.1842
-6.90463400012271 0.1841
-6.90458476297702 0.184
-6.90453137645615 0.1839
-6.90443603146959 0.1838
-6.90431799177529 0.1837
-6.90419585474577 0.1836
-6.90405330756516 0.1835
-6.90388880837618 0.1834
-6.90371436901513 0.1833
-6.90354264767295 0.1832
-6.90337753291385 0.1831
-6.90321837842863 0.183
-6.90307709848036 0.1829
-6.90294129627816 0.1828
-6.90281411184692 0.1827
-6.90269066950714 0.1826
-6.90258617574509 0.1825
-6.90247584566943 0.1824
-6.90236768589635 0.1823
-6.90226631038935 0.1822
-6.90215667964562 0.1821
-6.90204399714135 0.182
-6.90193609869197 0.1819
-6.90182858346444 0.1818
-6.90170847492593 0.1817
-6.9015801150927 0.1816
-6.90147656764856 0.1815
-6.90138494494414 0.1814
-6.90129312079075 0.1813
-6.90118366829365 0.1812
-6.90107943497554 0.1811
-6.9009737358085 0.181
-6.900882376327 0.1809
-6.90080776352713 0.1808
-6.90072843672246 0.1807
-6.90066468166491 0.1806
-6.90060614441375 0.1805
-6.90054661335009 0.1804
-6.90048500986964 0.1803
-6.90042158284064 0.1802
-6.90037814057877 0.1801
-6.90032132756026 0.18
-6.90025717179041 0.1799
-6.90020699032625 0.1798
-6.90016881922481 0.1797
-6.90013973961799 0.1796
-6.90013062850812 0.1795
-6.90012954834657 0.1794
-6.90015333771667 0.1793
-6.90020202253954 0.1792
-6.90027186340411 0.1791
-6.90035750334799 0.179
-6.9004597521296 0.1789
-6.90057601351749 0.1788
-6.90069836535257 0.1787
-6.90083387581706 0.1786
-6.90098294696663 0.1785
-6.90113801254879 0.1784
-6.90131377395605 0.1783
-6.90150662027388 0.1782
-6.90168956572875 0.1781
-6.90186424781513 0.178
-6.90203905950621 0.1779
-6.90221296238616 0.1778
-6.90236784252979 0.1777
-6.90251499448922 0.1776
-6.90265025699246 0.1775
-6.90277120966686 0.1774
-6.90287663906775 0.1773
-6.9029471322045 0.1772
-6.90300997188696 0.1771
-6.90304960438904 0.177
-6.90305492689541 0.1769
-6.90304283199217 0.1768
-6.90300329000523 0.1767
-6.90294185942104 0.1766
-6.90289699072121 0.1765
-6.90284111214452 0.1764
-6.90277437300684 0.1763
-6.90269911638647 0.1762
-6.90261218228979 0.1761
-6.90253590904801 0.176
-6.9024683624669 0.1759
-6.90240109093336 0.1758
-6.90234319775712 0.1757
-6.90228247420065 0.1756
-6.90224434654305 0.1755
-6.9022203536227 0.1754
-6.9022179230005 0.1753
-6.90222149707037 0.1752
-6.90224787355326 0.1751
-6.90227574566109 0.175
-6.90230162799419 0.1749
-6.90233436823977 0.1748
-6.9023776567088 0.1747
-6.90242598751158 0.1746
-6.90246051889194 0.1745
-6.90250054581153 0.1744
-6.90252637025435 0.1743
-6.90254871517247 0.1742
-6.90256787903358 0.1741
-6.90259171924052 0.174
-6.90261677037316 0.1739
-6.90263130787317 0.1738
-6.9026385599099 0.1737
-6.90265610386825 0.1736
-6.90265469750815 0.1735
-6.9026427886354 0.1734
-6.90262808207632 0.1733
-6.90262511196102 0.1732
-6.90262165286754 0.1731
-6.90261904160237 0.173
-6.90261978877985 0.1729
-6.90261398691228 0.1728
-6.90259879745503 0.1727
-6.90258734731185 0.1726
-6.90257762828695 0.1725
-6.90255098101428 0.1724
-6.90252296197798 0.1723
-6.90248067646555 0.1722
-6.90241865506805 0.1721
-6.90234592120364 0.172
-6.90226370415149 0.1719
-6.9021769271847 0.1718
-6.90208677358216 0.1717
-6.90199842477003 0.1716
-6.90191331423541 0.1715
-6.90181771857069 0.1714
-6.90171253099481 0.1713
-6.90159771173976 0.1712
-6.90147925612105 0.1711
-6.90136386699715 0.171
-6.90125644596012 0.1709
-6.90116647745836 0.1708
-6.90109429716835 0.1707
-6.90103078193338 0.1706
-6.9009649923614 0.1705
-6.90091730281554 0.1704
-6.90087677018077 0.1703
-6.90083690844347 0.1702
-6.90079738380504 0.1701
-6.90076479371724 0.17
-6.90072424186291 0.1699
-6.90067541136477 0.1698
-6.9006374066751 0.1697
-6.90059893715627 0.1696
-6.90057051400143 0.1695
-6.9005450742573 0.1694
-6.90052410126343 0.1693
-6.90049261852589 0.1692
-6.90047165092278 0.1691
-6.90045193973068 0.169
-6.90042844310693 0.1689
-6.90040637014451 0.1688
-6.90040264073359 0.1687
-6.9004145828948 0.1686
-6.90042147163039 0.1685
-6.9004410765403 0.1684
-6.90047139879891 0.1683
-6.90050729763504 0.1682
-6.90056062455711 0.1681
-6.90063782509963 0.168
-6.90072377730012 0.1679
-6.90082136589791 0.1678
-6.90091486123515 0.1677
-6.90103527307628 0.1676
-6.90116808049831 0.1675
-6.90130200267547 0.1674
-6.9014285634376 0.1673
-6.90153875614363 0.1672
-6.90164186220136 0.1671
-6.90174302707577 0.167
-6.90182043946736 0.1669
-6.90188792220397 0.1668
-6.90194189678144 0.1667
-6.90198626220751 0.1666
-6.90203116999687 0.1665
-6.90208252091101 0.1664
-6.90212041279846 0.1663
-6.90216166423079 0.1662
-6.9022117232587 0.1661
-6.90226318542544 0.166
-6.90232972819872 0.1659
-6.90238776499801 0.1658
-6.90243391469683 0.1657
-6.90249003556492 0.1656
-6.90254306170464 0.1655
-6.9025950702516 0.1654
-6.90263523533594 0.1653
-6.90267810450535 0.1652
-6.90274535865197 0.1651
-6.90281334751195 0.165
-6.90288853879415 0.1649
-6.90298903473842 0.1648
-6.90309815602271 0.1647
-6.90321133660656 0.1646
-6.90333122777142 0.1645
-6.90344556861529 0.1644
-6.9035613873665 0.1643
-6.90368040364069 0.1642
-6.90378997582773 0.1641
-6.90389731308714 0.164
-6.90399717907763 0.1639
-6.90409367309069 0.1638
-6.90417743273064 0.1637
-6.90425916362747 0.1636
-6.90431916758172 0.1635
-6.90436929154599 0.1634
-6.90439751606681 0.1633
-6.90441405461147 0.1632
-6.90441232878488 0.1631
-6.90439116417543 0.163
-6.90436399118243 0.1629
-6.90433205692859 0.1628
-6.90430319676778 0.1627
-6.90425990010816 0.1626
-6.90420215300925 0.1625
-6.90413860003845 0.1624
-6.90405747228461 0.1623
-6.90398307801878 0.1622
-6.90390406113645 0.1621
-6.90382847225898 0.162
-6.9037497348041 0.1619
-6.90367893376041 0.1618
-6.90361934129811 0.1617
-6.90354401427311 0.1616
-6.90346056160659 0.1615
-6.90337803810212 0.1614
-6.90329459432281 0.1613
-6.90321906408048 0.1612
-6.90317184883983 0.1611
-6.90313861914935 0.161
-6.90312161188776 0.1609
-6.90311051356844 0.1608
-6.9031025253815 0.1607
-6.90310299819446 0.1606
-6.90310548988648 0.1605
-6.90310198103126 0.1604
-6.90309679185762 0.1603
-6.90308856084804 0.1602
-6.90307418517271 0.1601
-6.90307325595894 0.16
-6.90307587211861 0.1599
-6.90307452782192 0.1598
-6.90308138162285 0.1597
-6.90309926253097 0.1596
-6.90312948420172 0.1595
-6.90316326031099 0.1594
-6.90319651969241 0.1593
-6.90322272511979 0.1592
-6.9032391866859 0.1591
-6.9032733360373 0.159
-6.90331400070534 0.1589
-6.9033570856137 0.1588
-6.90341521943857 0.1587
-6.9034732257378 0.1586
-6.90353988921233 0.1585
-6.90360260048449 0.1584
-6.90367389766969 0.1583
-6.90372899334648 0.1582
-6.90375540637326 0.1581
-6.90379675576314 0.158
-6.90383961429486 0.1579
-6.9038835292581 0.1578
-6.90393206361421 0.1577
-6.90399266937629 0.1576
-6.90405278104999 0.1575
-6.90410683378971 0.1574
-6.90414523726221 0.1573
-6.90417232825392 0.1572
-6.90417838388107 0.1571
-6.90417251470906 0.157
-6.90416118685922 0.1569
-6.9041440204675 0.1568
-6.90412052592461 0.1567
-6.90410159886227 0.1566
-6.90408341719512 0.1565
-6.90406618082393 0.1564
-6.90406872381407 0.1563
-6.90405758480513 0.1562
-6.90404173052122 0.1561
-6.90400533080089 0.156
-6.90396905517273 0.1559
-6.90392664025497 0.1558
-6.90386468709579 0.1557
-6.9037911880829 0.1556
-6.90370979395752 0.1555
-6.90360189880728 0.1554
-6.90349017309955 0.1553
-6.90338388469131 0.1552
-6.90328734872219 0.1551
-6.90319288877156 0.155
-6.9031072062768 0.1549
-6.90302982438554 0.1548
-6.90295086740794 0.1547
-6.90287866243509 0.1546
-6.90282312507308 0.1545
-6.90275401957555 0.1544
-6.90268455859876 0.1543
-6.90261475258391 0.1542
-6.90255506437766 0.1541
-6.90249896968614 0.154
-6.90245132422335 0.1539
-6.90241279034347 0.1538
-6.9023890632037 0.1537
-6.90237813925534 0.1536
-6.90238620715184 0.1535
-6.90241102037349 0.1534
-6.90245177182185 0.1533
-6.90249545930066 0.1532
-6.90255502418344 0.1531
-6.90261458674198 0.153
-6.90267213174035 0.1529
-6.90272827461899 0.1528
-6.90277335469413 0.1527
-6.9028205682269 0.1526
-6.90286737735612 0.1525
-6.90292327742381 0.1524
-6.90298032737444 0.1523
-6.90301277093439 0.1522
-6.9030587295202 0.1521
-6.90311541779761 0.152
-6.90314626911127 0.1519
-6.90319150895935 0.1518
-6.90324759886863 0.1517
-6.90332203643939 0.1516
-6.90338943146288 0.1515
-6.90345909613554 0.1514
-6.90352501259555 0.1513
-6.90360034360305 0.1512
-6.9036670534103 0.1511
-6.90373567381499 0.151
-6.90377735529219 0.1509
-6.903815836627 0.1508
-6.90384494785039 0.1507
-6.90384931949384 0.1506
-6.90383876479542 0.1505
-6.90382179059524 0.1504
-6.90379612189601 0.1503
-6.90376436986933 0.1502
-6.90373065773977 0.1501
-6.90369140745963 0.15
-6.90365184582885 0.1499
-6.90362379947276 0.1498
-6.90359492421853 0.1497
-6.90356464019438 0.1496
-6.90355419769995 0.1495
-6.903573762271 0.1494
-6.90359334961672 0.1493
-6.9036107745374 0.1492
-6.90365300696607 0.1491
-6.90370032048738 0.149
-6.90376462291758 0.1489
-6.90384112881658 0.1488
-6.90392213038535 0.1487
-6.90400730585005 0.1486
-6.90409983863236 0.1485
-6.9041893626573 0.1484
-6.90429610159004 0.1483
-6.90440106846428 0.1482
-6.90452390327837 0.1481
-6.90464688268159 0.148
-6.90476492223869 0.1479
-6.90486526513605 0.1478
-6.90496021493921 0.1477
-6.90504232567587 0.1476
-6.90512515613321 0.1475
-6.90519434290405 0.1474
-6.90524937215651 0.1473
-6.90530050129705 0.1472
-6.90534416688947 0.1471
-6.90539011752481 0.147
-6.90543481656781 0.1469
-6.90549701115082 0.1468
-6.90556788636859 0.1467
-6.90563004551628 0.1466
-6.90568756432407 0.1465
-6.90573814131214 0.1464
-6.90578246112941 0.1463
-6.90583275245965 0.1462
-6.90589855603032 0.1461
-6.9059546867094 0.146
-6.90599633301447 0.1459
-6.90602872350391 0.1458
-6.90603497314987 0.1457
-6.90601602256714 0.1456
-6.90599477552396 0.1455
-6.90596715688365 0.1454
-6.9059157047336 0.1453
-6.90586339203927 0.1452
-6.90580354636097 0.1451
-6.9057320566657 0.145
-6.90566001182967 0.1449
-6.90558802338708 0.1448
-6.90552242227114 0.1447
-6.90547677632711 0.1446
-6.90543883974209 0.1445
-6.90538846063907 0.1444
-6.90535299167524 0.1443
-6.90531816673344 0.1442
-6.90529449872007 0.1441
-6.90527843587532 0.144
-6.90527414852805 0.1439
-6.90527246929981 0.1438
-6.90528943160292 0.1437
-6.90531017452723 0.1436
-6.90535560790694 0.1435
-6.90542062866599 0.1434
-6.90549744331282 0.1433
-6.90559088263037 0.1432
-6.90570585567789 0.1431
-6.90581455171142 0.143
-6.90592964903577 0.1429
-6.90605186017456 0.1428
-6.90616348438813 0.1427
-6.90626243807828 0.1426
-6.90634429919605 0.1425
-6.90639657784885 0.1424
-6.90642232203548 0.1423
-6.90643569391963 0.1422
-6.90642430740265 0.1421
-6.90641501849643 0.142
-6.90638422847014 0.1419
-6.9063532387287 0.1418
-6.90631874421453 0.1417
-6.90627791042584 0.1416
-6.90622289134633 0.1415
-6.9061657948977 0.1414
-6.90609269139112 0.1413
-6.90601577775433 0.1412
-6.9059494477042 0.1411
-6.90589219724227 0.141
-6.90582683862041 0.1409
-6.90576224746833 0.1408
-6.90569950988318 0.1407
-6.90563420231375 0.1406
-6.90556153412656 0.1405
-6.90548972956694 0.1404
-6.90542498258206 0.1403
-6.90536429372802 0.1402
-6.90528626798644 0.1401
-6.9052053741412 0.14
-6.90511981838111 0.1399
-6.90503430066597 0.1398
-6.90493570035006 0.1397
-6.90481729011696 0.1396
-6.90470122797024 0.1395
-6.90457845548914 0.1394
-6.90446228243918 0.1393
-6.90436604812806 0.1392
-6.9042882413324 0.1391
-6.90420905929498 0.139
-6.90415754680086 0.1389
-6.90411711713847 0.1388
-6.90409789316475 0.1387
-6.90411092070092 0.1386
-6.90415123402593 0.1385
-6.90420750575685 0.1384
-6.90427457517962 0.1383
-6.90437487543628 0.1382
-6.90448178759434 0.1381
-6.90460378105207 0.138
-6.90474826755247 0.1379
-6.90489874378975 0.1378
-6.90505319749029 0.1377
-6.9052106198628 0.1376
-6.90536030305612 0.1375
-6.90550455153963 0.1374
-6.90563018931399 0.1373
-6.90574243256258 0.1372
-6.90583480008777 0.1371
-6.90590803378081 0.137
-6.90597806340948 0.1369
-6.90602957277391 0.1368
-6.90606839136531 0.1367
-6.90608419642102 0.1366
-6.90609572378362 0.1365
-6.90610042531772 0.1364
-6.90609378957453 0.1363
-6.90608219344571 0.1362
-6.90605171470325 0.1361
-6.90600187074593 0.136
-6.90593034417282 0.1359
-6.90583758809889 0.1358
-6.90574428102767 0.1357
-6.90564063858027 0.1356
-6.90554197086206 0.1355
-6.90544834755908 0.1354
-6.90536302845167 0.1353
-6.90527800676812 0.1352
-6.90518981494768 0.1351
-6.90510764204828 0.135
-6.90503145662367 0.1349
-6.90495854901808 0.1348
-6.9049004976529 0.1347
-6.90486853572185 0.1346
-6.90485477312301 0.1345
-6.90485229953797 0.1344
-6.904864187444 0.1343
-6.90488736408161 0.1342
-6.90492825108257 0.1341
-6.90498833268203 0.134
-6.9050573534474 0.1339
-6.90514516704735 0.1338
-6.90522699580529 0.1337
-6.90530721532823 0.1336
-6.90540482257371 0.1335
-6.90549105153414 0.1334
-6.90556931136517 0.1333
-6.90563847012844 0.1332
-6.90571808437734 0.1331
-6.90580856791004 0.133
-6.90588123010148 0.1329
-6.90595837444645 0.1328
-6.90602521354258 0.1327
-6.90610099252417 0.1326
-6.90617948527662 0.1325
-6.90625253841026 0.1324
-6.90632913016771 0.1323
-6.90640658697551 0.1322
-6.90648085392942 0.1321
-6.90652797653382 0.132
-6.90656601377586 0.1319
-6.90659901671305 0.1318
-6.90663872000717 0.1317
-6.90668129021878 0.1316
-6.90672939409924 0.1315
-6.90678196497416 0.1314
-6.90682523750746 0.1313
-6.90686235568812 0.1312
-6.90689261418464 0.1311
-6.90690439179798 0.131
-6.90691928135912 0.1309
-6.90692725127765 0.1308
-6.90693338993714 0.1307
-6.90694634382571 0.1306
-6.90695076867778 0.1305
-6.90694920645067 0.1304
-6.90692946842532 0.1303
-6.90689528496835 0.1302
-6.90687056054081 0.1301
-6.90683998513807 0.13
-6.90681341713303 0.1299
-6.90677584854898 0.1298
-6.90672968260416 0.1297
-6.90668401207673 0.1296
-6.90663770039054 0.1295
-6.9065984619266 0.1294
-6.90655451446904 0.1293
-6.90652462521963 0.1292
-6.90650101984994 0.1291
-6.90647716890369 0.129
-6.90644564453573 0.1289
-6.90641355118493 0.1288
-6.9063763974805 0.1287
-6.90634849131197 0.1286
-6.9063230433001 0.1285
-6.90629739225116 0.1284
-6.90626983335547 0.1283
-6.90624925006386 0.1282
-6.90621969190029 0.1281
-6.90618776387089 0.128
-6.90615498336924 0.1279
-6.90612663043544 0.1278
-6.9060924580669 0.1277
-6.90606112210096 0.1276
-6.90604297572288 0.1275
-6.90602291525937 0.1274
-6.90599634128147 0.1273
-6.90600078227918 0.1272
-6.90600671879367 0.1271
-6.90603690931396 0.127
-6.90607168340494 0.1269
-6.90610471245641 0.1268
-6.90616507755023 0.1267
-6.90623774891075 0.1266
-6.90631387222168 0.1265
-6.90640582938475 0.1264
-6.90651699107861 0.1263
-6.90663735690647 0.1262
-6.90676322088591 0.1261
-6.9068877187157 0.126
-6.90700811688953 0.1259
-6.90711713816338 0.1258
-6.90722178812435 0.1257
-6.90733661109043 0.1256
-6.90744259072372 0.1255
-6.90754489746306 0.1254
-6.90763577006078 0.1253
-6.90770470328084 0.1252
-6.90776792463308 0.1251
-6.90782393543251 0.125
-6.90785789518225 0.1249
-6.90788627699793 0.1248
-6.90789319776424 0.1247
-6.90788755298312 0.1246
-6.90788971496952 0.1245
-6.90788058602385 0.1244
-6.90786198497162 0.1243
-6.90784715606422 0.1242
-6.90783768141823 0.1241
-6.90783576383143 0.124
-6.90782286431639 0.1239
-6.90781180149705 0.1238
-6.9078193049386 0.1237
-6.90784240758166 0.1236
-6.90784977981505 0.1235
-6.90786883698329 0.1234
-6.90788848455878 0.1233
-6.90791920503866 0.1232
-6.90795224785455 0.1231
-6.90799110714339 0.123
-6.90803776190017 0.1229
-6.90808952182563 0.1228
-6.90814467887652 0.1227
-6.90821061802228 0.1226
-6.90828269911429 0.1225
-6.90833996259755 0.1224
-6.90837938198911 0.1223
-6.90840422576856 0.1222
-6.90840518612207 0.1221
-6.90839175771632 0.122
-6.90835589666809 0.1219
-6.90830296352976 0.1218
-6.90823374751688 0.1217
-6.90813450910756 0.1216
-6.90802026693577 0.1215
-6.90789663665682 0.1214
-6.90776947995592 0.1213
-6.90763328735834 0.1212
-6.90748125624401 0.1211
-6.90733080358254 0.121
-6.90719132182275 0.1209
-6.9070663374596 0.1208
-6.90695494476391 0.1207
-6.9068438527178 0.1206
-6.90675353543144 0.1205
-6.90667762888872 0.1204
-6.90661440365245 0.1203
-6.90656004399348 0.1202
-6.90652300220999 0.1201
-6.90650800256497 0.12
-6.90649264482689 0.1199
-6.90649539933777 0.1198
-6.90651482220153 0.1197
-6.9065366666604 0.1196
-6.90656707914506 0.1195
-6.90662401502121 0.1194
-6.90670151387278 0.1193
-6.90677540683551 0.1192
-6.90685049263184 0.1191
-6.90690832960756 0.119
-6.90696300982229 0.1189
-6.90700714954786 0.1188
-6.90704124257576 0.1187
-6.90707315071747 0.1186
-6.90709407463974 0.1185
-6.90712125205647 0.1184
-6.90713730096147 0.1183
-6.90714250511081 0.1182
-6.90715034984561 0.1181
-6.90715859276281 0.118
-6.90715802978682 0.1179
-6.90716109170095 0.1178
-6.9071588221093 0.1177
-6.90714426662029 0.1176
-6.90712540778681 0.1175
-6.90708795175472 0.1174
-6.90706278660099 0.1173
-6.90703998613634 0.1172
-6.9070310407732 0.1171
-6.90702388405627 0.117
-6.90701062067703 0.1169
-6.90701486742646 0.1168
-6.90702829300511 0.1167
-6.90705845300918 0.1166
-6.90709991844768 0.1165
-6.9071420701627 0.1164
-6.90720881072539 0.1163
-6.90727307179085 0.1162
-6.90734559858729 0.1161
-6.9074245811841 0.116
-6.9075069443851 0.1159
-6.90761920169064 0.1158
-6.9077284561584 0.1157
-6.90782676619992 0.1156
-6.90793182650631 0.1155
-6.90803008134763 0.1154
-6.90812150302355 0.1153
-6.90819446690532 0.1152
-6.90826598082364 0.1151
-6.90832588207001 0.115
-6.90838057925721 0.1149
-6.90843623172289 0.1148
-6.90846732438037 0.1147
-6.90850560502279 0.1146
-6.90854132808762 0.1145
-6.90857682103577 0.1144
-6.90859806447883 0.1143
-6.90860833651821 0.1142
-6.90859614772791 0.1141
-6.90857461825071 0.114
-6.9085549377481 0.1139
-6.90853191977647 0.1138
-6.90848828276969 0.1137
-6.90843771612543 0.1136
-6.90839183240064 0.1135
-6.90836353184625 0.1134
-6.90833290706817 0.1133
-6.90830573619546 0.1132
-6.90828611383965 0.1131
-6.90825105056841 0.113
-6.90821348310839 0.1129
-6.9081900263074 0.1128
-6.90816378111728 0.1127
-6.90814739942786 0.1126
-6.90813332901347 0.1125
-6.90812377337921 0.1124
-6.90811843045075 0.1123
-6.90812018547023 0.1122
-6.9081327325244 0.1121
-6.90814211952299 0.112
-6.90814055424707 0.1119
-6.90813833940776 0.1118
-6.90811855933361 0.1117
-6.90809945283487 0.1116
-6.90807835988281 0.1115
-6.90806863503556 0.1114
-6.90805732636951 0.1113
-6.9080508449979 0.1112
-6.90806112725908 0.1111
-6.90805839810159 0.111
-6.90804899834858 0.1109
-6.90803917794888 0.1108
-6.90803809722989 0.1107
-6.9080404504002 0.1106
-6.90804111084645 0.1105
-6.90803343400834 0.1104
-6.90802387331195 0.1103
-6.90804191895555 0.1102
-6.90804531720182 0.1101
-6.90806137881995 0.11
-6.90808292751524 0.1099
-6.90809461618976 0.1098
-6.90809923188713 0.1097
-6.90809886199603 0.1096
-6.9080926645772 0.1095
-6.90807716150389 0.1094
-6.90804985166935 0.1093
-6.90800869956967 0.1092
-6.90796277964292 0.1091
-6.90793156205389 0.109
-6.90792395084872 0.1089
-6.90793280169407 0.1088
-6.90795734518975 0.1087
-6.90799139977657 0.1086
-6.90803518099772 0.1085
-6.90810269374288 0.1084
-6.90818380053789 0.1083
-6.90827154064508 0.1082
-6.90835979621527 0.1081
-6.90843706091859 0.108
-6.90852624441439 0.1079
-6.90860009260521 0.1078
-6.90865763166792 0.1077
-6.90869685832925 0.1076
-6.90870759918142 0.1075
-6.90871070851309 0.1074
-6.90868165070195 0.1073
-6.90864465579365 0.1072
-6.90861308368327 0.1071
-6.90856475553347 0.107
-6.90850445895057 0.1069
-6.90843610947384 0.1068
-6.90834254537227 0.1067
-6.90825546598619 0.1066
-6.90815042293444 0.1065
-6.90805870069268 0.1064
-6.90797501540182 0.1063
-6.90788846626372 0.1062
-6.90779994037375 0.1061
-6.90773020933375 0.106
-6.90766479382606 0.1059
-6.90759869253965 0.1058
-6.90753165098717 0.1057
-6.90746363230811 0.1056
-6.90740699777125 0.1055
-6.90735519819127 0.1054
-6.90730095532193 0.1053
-6.90724267010159 0.1052
-6.9072010731073 0.1051
-6.90716573275402 0.105
-6.90713087413832 0.1049
-6.90709529352276 0.1048
-6.90706447923404 0.1047
-6.90704385252533 0.1046
-6.90704424327786 0.1045
-6.90705182094731 0.1044
-6.90704795628017 0.1043
-6.90704549682128 0.1042
-6.90705811543406 0.1041
-6.90707491048853 0.104
-6.90709455177907 0.1039
-6.90712564324307 0.1038
-6.90717018687339 0.1037
-6.90721029233938 0.1036
-6.9072526612225 0.1035
-6.90728965602611 0.1034
-6.9073263319294 0.1033
-6.90738012656284 0.1032
-6.90743013257465 0.1031
-6.90748093712553 0.103
-6.90753421360434 0.1029
-6.9076165778015 0.1028
-6.90769290730285 0.1027
-6.90776250307711 0.1026
-6.90784049206429 0.1025
-6.90791691464695 0.1024
-6.90800325487404 0.1023
-6.90809762633392 0.1022
-6.90820496985793 0.1021
-6.90829857125484 0.102
-6.90838330356876 0.1019
-6.90847615332749 0.1018
-6.90858708141516 0.1017
-6.9087153994725 0.1016
-6.90886359046942 0.1015
-6.90904461962838 0.1014
-6.90924748000733 0.1013
-6.90946324093022 0.1012
-6.90967961313802 0.1011
-6.90989819720445 0.101
-6.91012777005173 0.1009
-6.91035400037265 0.1008
-6.91055950483844 0.1007
-6.91073678183303 0.1006
-6.91088389415594 0.1005
-6.91099996821852 0.1004
-6.91108774629947 0.1003
-6.91115203620299 0.1002
-6.91117295210203 0.1001
-6.91115424857544 0.1
-6.91110902365777 0.0999
-6.91103459310299 0.0998
-6.91093705126114 0.0997
-6.91081977089557 0.0996
-6.91069052017825 0.0995
-6.91054605696394 0.0994
-6.91038555760826 0.0993000000000001
-6.91021132997486 0.0992
-6.91003805878217 0.0991
-6.90987655992105 0.099
-6.90971165036857 0.0989
-6.90954792898635 0.0988
-6.90938518455133 0.0987
-6.9092340574749 0.0986
-6.9090683237768 0.0985
-6.90891791660132 0.0984
-6.90877389518585 0.0983000000000001
-6.90864450182107 0.0982
-6.90852631033922 0.0981
-6.90843863192255 0.098
-6.90835939137481 0.0979
-6.90829652145533 0.0978
-6.9082382086786 0.0977
-6.90817414550883 0.0976
-6.9081191729128 0.0975
-6.90808200816968 0.0974
-6.90806247310517 0.0973000000000001
-6.90805246324609 0.0972
-6.90805785999742 0.0971
-6.90807864721154 0.097
-6.90809972071166 0.0969
-6.90815246427177 0.0968
-6.90821853469613 0.0967
-6.90829110966529 0.0966
-6.9083900537847 0.0965
-6.90849522254773 0.0964
-6.90859629828173 0.0963000000000001
-6.90870495233955 0.0962
-6.90880768838803 0.0961
-6.9089230494086 0.096
-6.90904028239793 0.0959
-6.90914414782013 0.0958
-6.90923590100756 0.0957
-6.90931723310078 0.0956
-6.90938985509103 0.0955
-6.90945262784199 0.0954
-6.90948657717234 0.0953000000000001
-6.90951889207397 0.0952
-6.90954522964299 0.0951
-6.90955385551545 0.095
-6.90953691759602 0.0949
-6.90951094853705 0.0948
-6.90946954101436 0.0947
-6.90941054824363 0.0946
-6.90934888532338 0.0945
-6.9092663615828 0.0944
-6.90915819440763 0.0943000000000001
-6.90905417285622 0.0942
-6.90896100061001 0.0941
-6.90888044864968 0.094
-6.9087901724605 0.0939
-6.9087134204744 0.0938
-6.90864339202388 0.0937
-6.90857564727303 0.0936
-6.90851312109739 0.0935
-6.90846789896769 0.0934
-6.90844902856402 0.0933
-6.90843027149303 0.0931999999999999
-6.90841197450198 0.0931
-6.90840419261479 0.093
-6.90842630394961 0.0929
-6.90845906954648 0.0928
-6.90851289717652 0.0927
-6.90856846059554 0.0926
-6.90864101193621 0.0925
-6.90873073784699 0.0924
-6.9088280228872 0.0923
-6.90894613122488 0.0921999999999999
-6.90907049263148 0.0921
-6.90919474038779 0.092
-6.90933019977289 0.0919
-6.9094551511577 0.0918
-6.90958024845401 0.0917
-6.90970122998166 0.0916
-6.90982493137404 0.0915
-6.90992694711305 0.0914
-6.9100028213882 0.0913
-6.91007179732532 0.0911999999999999
-6.910135275525 0.0911
-6.91018111034071 0.091
-6.91021395178913 0.0909
-6.91024276740709 0.0908
-6.91026661525388 0.0907
-6.91027514965782 0.0906
-6.91026800688376 0.0905
-6.91025643382149 0.0904
-6.91022607202984 0.0903
-6.91019774843353 0.0901999999999999
-6.91016697718349 0.0901
-6.91014766199107 0.09
-6.91012752471774 0.0899
-6.91010684806015 0.0898
-6.91008503805802 0.0897
-6.91005947295359 0.0896
-6.91004343398849 0.0895
-6.91001504874454 0.0894
-6.9099948547399 0.0893
-6.90998914197725 0.0891999999999999
-6.90998585173857 0.0891
-6.90998805605872 0.089
-6.91001634092381 0.0889
-6.91004444702054 0.0888
-6.91007569550108 0.0887
-6.91011282028613 0.0886
-6.91014425834765 0.0885
-6.91016895597262 0.0884
-6.91020659802101 0.0883
-6.91025165162763 0.0881999999999999
-6.91032032914257 0.0881
-6.91040090726782 0.088
-6.9104584125376 0.0879
-6.91053698668989 0.0878
-6.91063001011714 0.0877
-6.91071544883601 0.0876
-6.91079421655693 0.0875
-6.91085695294751 0.0874
-6.91090845586258 0.0873
-6.91094788307243 0.0872000000000001
-6.91097788806216 0.0871
-6.91097356654601 0.087
-6.91096210621112 0.0869
-6.91092777711775 0.0868
-6.91089469589158 0.0867
-6.9108573502353 0.0866
-6.91081173552222 0.0865
-6.9107645295517 0.0864
-6.9107062829273 0.0863
-6.91065648801364 0.0862000000000001
-6.91061233363952 0.0861
-6.91056818685867 0.086
-6.91053749772614 0.0859
-6.91050439448133 0.0858
-6.91046169340169 0.0857
-6.91043069394437 0.0856
-6.91041535899361 0.0855
-6.91041050841352 0.0854
-6.91041301002165 0.0853
-6.91041686757808 0.0852000000000001
-6.91041101298572 0.0851
-6.91041696821834 0.085
-6.9104259410398 0.0849
-6.91043025623821 0.0848
-6.9104256713747 0.0847
-6.91042025136362 0.0846
-6.91041444867047 0.0845
-6.9104056613076 0.0844
-6.91041245989132 0.0843
-6.91042012000761 0.0842000000000001
-6.91043403101303 0.0841
-6.91044019582605 0.084
-6.91042155296393 0.0839
-6.9104131714621 0.0838
-6.91041241577403 0.0837
-6.91040389793528 0.0836
-6.91040498901548 0.0835
-6.91040793559273 0.0834
-6.91040628008802 0.0833
-6.91040400762697 0.0832000000000001
-6.91040432522064 0.0831
-6.91039744233882 0.083
-6.91040086265947 0.0829
-6.91039700903654 0.0828
-6.91039233399789 0.0827
-6.91039896257294 0.0826
-6.91039852873226 0.0825
-6.91039946617572 0.0824
-6.91038846315829 0.0823
-6.91035948081895 0.0822000000000001
-6.9103489757877 0.0821
-6.91034409127082 0.082
-6.91032019893393 0.0819
-6.9102977319553 0.0818
-6.91026337518226 0.0817
-6.91021356546445 0.0816
-6.91015375272455 0.0815
-6.91009078694447 0.0814
-6.91002565595437 0.0813
-6.90996115690513 0.0812
-6.90989873264609 0.0810999999999999
-6.90983087070683 0.081
-6.90976370022032 0.0809
-6.90969739117321 0.0808
-6.90962456761106 0.0807
-6.90954709696892 0.0806
-6.90946218704243 0.0805
-6.90937987211344 0.0804
-6.90929332864061 0.0803
-6.90921900837693 0.0802
-6.9091595127011 0.0800999999999999
-6.90909533698073 0.08
-6.90904027886451 0.0799
-6.90901346717147 0.0798
-6.90900618691472 0.0797
-6.90902356118651 0.0796
-6.90905566169253 0.0795
-6.90908966377478 0.0794
-6.9091384586856 0.0793
-6.90919158130301 0.0792
-6.90925861578712 0.0790999999999999
-6.90933322971773 0.079
-6.90941541930706 0.0789
-6.90949838839315 0.0788
-6.90958062444385 0.0787
-6.90964311392674 0.0786
-6.90970469637025 0.0785
-6.90976950106597 0.0784
-6.90983109372784 0.0783
-6.90989245327454 0.0782
-6.90994978533715 0.0780999999999999
-6.91000547598544 0.078
-6.91004917009602 0.0779
-6.91007902956844 0.0778
-6.91011203611601 0.0777
-6.91013219644671 0.0776
-6.91013722328004 0.0775
-6.91012597788415 0.0774
-6.91011320623986 0.0773
-6.91009089615678 0.0772
-6.91006792195254 0.0770999999999999
-6.91003646023538 0.077
-6.91001617853669 0.0769
-6.90999012231494 0.0768
-6.90997117075642 0.0767
-6.90994613095733 0.0766
-6.90991993829893 0.0765
-6.90987531991187 0.0764
-6.90985021657067 0.0763
-6.90982269704258 0.0762
-6.90979026618355 0.0760999999999999
-6.90974605937441 0.076
-6.90968747506838 0.0759
-6.90960823866899 0.0758
-6.90952927673897 0.0757
-6.90944921157606 0.0756
-6.90937109121346 0.0755
-6.90930597526773 0.0754
-6.90925689560198 0.0753
-6.90921401550181 0.0752
-6.9091889181251 0.0750999999999999
-6.90917880235966 0.075
-6.90919639339463 0.0749
-6.9092194633276 0.0748
-6.90926430899706 0.0747
-6.90931366992485 0.0746
-6.90937874421241 0.0745
-6.90946525647689 0.0744
-6.9095475109475 0.0743
-6.90963854413291 0.0742
-6.90973235469978 0.0741000000000001
-6.90984996583276 0.074
-6.90997536507463 0.0739
-6.91009783155763 0.0738
-6.91021386992287 0.0737
-6.91032315112587 0.0736
-6.91041812289065 0.0735
-6.91047646829609 0.0734
-6.91053808192799 0.0733
-6.91058523416173 0.0732
-6.91063025133288 0.0731000000000001
-6.91066019231236 0.073
-6.91068098957976 0.0729
-6.91068854258079 0.0728
-6.91069338771555 0.0727
-6.91070070153588 0.0726
-6.91069326548609 0.0725
-6.91068627677068 0.0724
-6.91066922277865 0.0723
-6.91065495242498 0.0722
-6.91065018706977 0.0721000000000001
-6.91065650633022 0.072
-6.91067150553037 0.0719
-6.9106878557624 0.0718
-6.91070664063457 0.0717
-6.91071177563503 0.0716
-6.91069675767948 0.0715
-6.91067617115181 0.0714
-6.91063645305932 0.0713
-6.91058943180165 0.0712
-6.91054840495588 0.0711000000000001
-6.91050124178465 0.071
-6.91044626194885 0.0709
-6.91039059664968 0.0708
-6.91032316605752 0.0707
-6.91025555790512 0.0706
-6.91019691883939 0.0705
-6.91015399520737 0.0704
-6.91012058432035 0.0703
-6.91008306496632 0.0702
-6.91005116207835 0.0701000000000001
-6.91003409358896 0.07
-6.91002726513506 0.0699
-6.91003516769506 0.0698
-6.91004370365752 0.0697
-6.91007150525387 0.0696
-6.91012789782349 0.0695
-6.91018660934932 0.0694
-6.91025609929207 0.0693
-6.91034301625458 0.0692
-6.91042663953445 0.0691000000000001
-6.91052110324697 0.069
-6.91059857664829 0.0689
-6.91068019012299 0.0688
-6.91076127135844 0.0687
-6.9108291812406 0.0686
-6.91089124524816 0.0685
-6.91095198760539 0.0684
-6.91101977897519 0.0683
-6.91108259507012 0.0682
-6.91115390031245 0.0681
-6.91122933372003 0.0679999999999999
-6.9113012055807 0.0679
-6.91139168336325 0.0678
-6.9114689345664 0.0677
-6.91153450124256 0.0676
-6.91159297696026 0.0675
-6.91166079403476 0.0674
-6.91174383128601 0.0673
-6.91182186900348 0.0672
-6.91191029014665 0.0671
-6.91199637280645 0.0669999999999999
-6.91208840320732 0.0669
-6.91218455652568 0.0668
-6.91225713883626 0.0667
-6.91231824199458 0.0666
-6.91237988657296 0.0665
-6.91243423232281 0.0664
-6.91247429023956 0.0663
-6.91251677294533 0.0662
-6.91254307639994 0.0661
-6.91257642092148 0.0659999999999999
-6.91258244658089 0.0659
-6.91256628851393 0.0658
-6.91254490336392 0.0657
-6.9124967950516 0.0656
-6.91243237461679 0.0655
-6.91236415879646 0.0654
-6.91227311328825 0.0653
-6.91217007727643 0.0652
-6.9120575635988 0.0651
-6.911943816541 0.0649999999999999
-6.91181727758465 0.0649
-6.91169424501091 0.0648
-6.91155375000555 0.0647
-6.91141733725102 0.0646
-6.91127667120827 0.0645
-6.91112930886408 0.0644
-6.91097724352207 0.0643
-6.91081726573977 0.0642
-6.91067422626007 0.0641
-6.91055242799951 0.0639999999999999
-6.91045065827945 0.0639
-6.91038260922652 0.0638
-6.91033141228319 0.0637
-6.91029514772404 0.0636
-6.91027850802261 0.0635
-6.91027235789804 0.0634
-6.91026789512502 0.0633
-6.91027833837605 0.0632
-6.91028050672883 0.0631
-6.91029241170117 0.0629999999999999
-6.91031894881044 0.0629
-6.91032587347644 0.0628
-6.91032699830648 0.0627
-6.9103165217117 0.0626
-6.91031035483603 0.0625
-6.91029246899044 0.0624
-6.9102880216884 0.0623
-6.91027117120685 0.0622
-6.91024699912538 0.0621
-6.91022798675074 0.0620000000000001
-6.91021267726475 0.0619
-6.9102005132861 0.0618
-6.91018386436992 0.0617
-6.91017964013952 0.0616
-6.91017472005639 0.0615
-6.91018480496281 0.0614
-6.91021061947345 0.0613
-6.91025313683804 0.0612
-6.91030917772547 0.0611
-6.91036039110413 0.0610000000000001
-6.91041242609976 0.0609
-6.91046180412757 0.0608
-6.91052034841793 0.0607
-6.91059230445227 0.0606
-6.91064914254976 0.0605
-6.91069225495291 0.0604
-6.91074562303703 0.0603
-6.91081898493137 0.0602
-6.91088998041719 0.0601
-6.9109694088622 0.0600000000000001
-6.91105691186293 0.0599
-6.91114186213398 0.0598
-6.91122988184324 0.0597
-6.91133326341339 0.0596
-6.91144560770109 0.0595
-6.91155706385728 0.0594
-6.91169343140131 0.0593
-6.91182909380247 0.0592
-6.91197213173744 0.0591
-6.91211881189548 0.0590000000000001
-6.91225348517848 0.0589
-6.91236002052777 0.0588
-6.91244684152866 0.0587
-6.91252742719092 0.0586
-6.91259606006187 0.0585
-6.91265229624368 0.0584
-6.91270305773035 0.0583
-6.91274039225204 0.0582
-6.91274739915764 0.0581
-6.91274519977275 0.0580000000000001
-6.91273408916505 0.0579
-6.91270078715748 0.0578
-6.91266389023231 0.0577
-6.9126147744485 0.0576
-6.91255641761396 0.0575
-6.91248220382451 0.0574
-6.91240158480399 0.0573
-6.91230604684633 0.0572
-6.91221030246502 0.0571
-6.91212217265035 0.0570000000000001
-6.91203347591081 0.0569
-6.91194388416779 0.0568
-6.91187534264721 0.0567
-6.91182105719127 0.0566
-6.9117788812221 0.0565
-6.91173182593262 0.0564
-6.91170254887946 0.0563
-6.91169541101082 0.0562
-6.91168633339933 0.0561
-6.91167750547926 0.056
-6.9116764286553 0.0558999999999999
-6.91169677009115 0.0558
-6.91170847023552 0.0557
-6.91172801271351 0.0556
-6.91175804338598 0.0555
-6.9117970687553 0.0554
-6.91183506698526 0.0553
-6.91186127498428 0.0552
-6.91188478528157 0.0551
-6.91192362710184 0.055
-6.91193582193249 0.0548999999999999
-6.91194607696358 0.0548
-6.91199285559823 0.0547
-6.91203234571065 0.0546
-6.91206379912419 0.0545
-6.91209718575259 0.0544
-6.91213638596343 0.0543
-6.91216944290272 0.0542
-6.91218031107924 0.0541
-6.91218699915468 0.054
-6.91217175576289 0.0538999999999999
-6.91213272791569 0.0538
-6.91207376453839 0.0537
-6.91200784163922 0.0536
-6.91194883131265 0.0535
-6.91189363080253 0.0534
-6.91184049761036 0.0533
-6.91178816896883 0.0532
-6.91174747150365 0.0531
-6.91171308789544 0.053
-6.91169536301265 0.0528999999999999
-6.91168825950787 0.0528
-6.91169662062247 0.0527
-6.91171236236376 0.0526
-6.9117349576125 0.0525
-6.91176974151108 0.0524
-6.91182411778953 0.0523
-6.91189602043129 0.0522
-6.91199205450079 0.0521
-6.9120888031934 0.052
-6.91219381851613 0.0518999999999999
-6.91232057027711 0.0518
-6.91245452273224 0.0517
-6.91259384888141 0.0516
-6.91274636521123 0.0515
-6.91291797120602 0.0514
-6.91309812788943 0.0513
-6.91326438063509 0.0512
-6.91340965475566 0.0511
-6.91354881074183 0.051
-6.91368520667257 0.0508999999999999
-6.91381556147766 0.0508
-6.91395160878706 0.0507
-6.91407030793396 0.0506
-6.91416635030375 0.0505
-6.91423330153299 0.0504
-6.9142784682663 0.0503
-6.9143121146967 0.0502
-6.91433390858234 0.0501
-6.91436546905764 0.05
-6.91437043156785 0.0499000000000001
-6.91436723529043 0.0498
-6.91434965915551 0.0497
-6.91432383168471 0.0496
-6.91428859344627 0.0495
-6.91425203813845 0.0494
-6.91422069404807 0.0493
-6.91418908063495 0.0492
-6.91415230405672 0.0491
-6.91412389806404 0.049
-6.91410790996235 0.0489000000000001
-6.91409607407029 0.0488
-6.91407990009334 0.0487
-6.9140635827617 0.0486
-6.91405493766888 0.0485
-6.91406133245085 0.0484
-6.91408128549556 0.0483
-6.91409614818506 0.0482
-6.91413879529291 0.0481
-6.91417228293232 0.048
-6.91419584516634 0.0479000000000001
-6.91420762641812 0.0478
-6.914213856781 0.0477
-6.91422007499007 0.0476
-6.91421483803109 0.0475
-6.91421014428187 0.0474
-6.91420806325948 0.0473
-6.91421479948382 0.0472
-6.91425326583063 0.0471
-6.91428839979016 0.047
-6.91433101941679 0.0469000000000001
-6.91438252309119 0.0468
-6.91443933467834 0.0467
-6.91447472675845 0.0466
-6.9145153314373 0.0465
-6.91456026684819 0.0464
-6.91460561379057 0.0463
-6.91464851127041 0.0462
-6.91467590204892 0.0461
-6.91468213918992 0.046
-6.9146851807713 0.0459000000000001
-6.91470443628842 0.0458
-6.91471010585152 0.0457
-6.91470316713525 0.0456
-6.91469681729208 0.0455
-6.91466349523618 0.0454
-6.91461607872616 0.0453
-6.91453603369561 0.0452
-6.91444169840133 0.0451
-6.91433346698868 0.045
-6.91421015834853 0.0449000000000001
-6.91408012968965 0.0448
-6.91394824865683 0.0447
-6.9138179434528 0.0446
-6.91367730345092 0.0445
-6.91353220397187 0.0444
-6.91338952563867 0.0443
-6.91325549125575 0.0442
-6.91313211787864 0.0441
-6.91302595735728 0.044
-6.91292268296093 0.0439000000000001
-6.91283601075387 0.0438
-6.9127684375706 0.0437
-6.91271508462909 0.0436
-6.91267292650779 0.0435
-6.91265287255287 0.0434
-6.91263904143886 0.0433
-6.91263605853685 0.0432
-6.91264056698483 0.0431
-6.91265943701508 0.043
-6.91270283037381 0.0429
-6.91275843700164 0.0427999999999999
-6.9128164314721 0.0427
-6.91286898748403 0.0426
-6.91292568603585 0.0425
-6.91299856795877 0.0424
-6.9130558672485 0.0423
-6.91311065920934 0.0422
-6.91317950294649 0.0421
-6.9132495324091 0.042
-6.9133155986012 0.0419
-6.91339944405633 0.0417999999999999
-6.91349818786287 0.0417
-6.9136005033194 0.0416
-6.91370949346987 0.0415
-6.91383022271238 0.0414
-6.91392614625933 0.0413
-6.91400260548244 0.0412
-6.91405592568908 0.0411
-6.9140968183906 0.041
-6.91411643733121 0.0409
-6.91411086139486 0.0407999999999999
-6.91408297314194 0.0407
-6.91405179831146 0.0406
-6.91400094964894 0.0405
-6.91395289310371 0.0404
-6.91389333649041 0.0403
-6.91383194708916 0.0402
-6.91375777883035 0.0401
-6.9136690630001 0.04
-6.91357369125299 0.0399
-6.91348652830397 0.0397999999999999
-6.91340038936506 0.0397
-6.91332283193215 0.0396
-6.91325049112866 0.0395
-6.91318086054419 0.0394
-6.91311846188776 0.0393
-6.91306502188626 0.0392
-6.91302621422935 0.0391
-6.91298554396054 0.039
-6.91295169542363 0.0389
-6.9129293427823 0.0387999999999999
-6.91291136615897 0.0387
-6.91288480197937 0.0386
-6.9128573546109 0.0385
-6.91284516646103 0.0384
-6.91282709989248 0.0383
-6.91281537909799 0.0382
-6.91280674371851 0.0381
-6.91281398062968 0.038
-6.9128287750482 0.0379
-6.91284154486925 0.0377999999999999
-6.91287072951414 0.0377
-6.9128920165344 0.0376
-6.91292424414307 0.0375
-6.91296841366873 0.0374
-6.91299602116995 0.0373
-6.91303001180166 0.0372
-6.91306506309189 0.0371
-6.91311202670158 0.037
-6.91315346144083 0.0369
-6.91321654237065 0.0368000000000001
-6.9132819488657 0.0367
-6.91338284093559 0.0366
-6.9134986386543 0.0365
-6.9136250429051 0.0364
-6.91375042263681 0.0363
-6.91387832125093 0.0362
-6.914005835708 0.0361
-6.91412498653191 0.036
-6.91426264521594 0.0359
-6.91438789421422 0.0358000000000001
-6.91450666812921 0.0357
-6.91461408521634 0.0356
-6.91471164280014 0.0355
-6.91478447806294 0.0354
-6.91482822983721 0.0353
-6.91487175031902 0.0352
-6.9148976333358 0.0351
-6.91490230924911 0.035
-6.91489991324393 0.0349
-6.9148793640704 0.0348000000000001
-6.91485799276163 0.0347
-6.91483386729163 0.0346
-6.91480595952181 0.0345
-6.91478099519809 0.0344
-6.91475740245322 0.0343
-6.91472299361603 0.0342
-6.91468197756624 0.0341
-6.91465548111212 0.034
-6.91462681823401 0.0339
-6.91459969788913 0.0338000000000001
-6.91458836437853 0.0337
-6.91457874841628 0.0336
-6.91455781255143 0.0335
-6.91452240470211 0.0334
-6.91448589976546 0.0333
-6.91445194725552 0.0332
-6.91441958247278 0.0331
-6.9143980682716 0.033
-6.91439159996606 0.0329
-6.91436980568873 0.0328000000000001
-6.91436300671247 0.0327
-6.91435898445276 0.0326
-6.91435189372647 0.0325
-6.91434194031674 0.0324
-6.91434548821669 0.0323
-6.91437750692808 0.0322
-6.91442052090557 0.0321
-6.9144640691538 0.032
-6.91450946123931 0.0319
-6.91456133643699 0.0318000000000001
-6.9146221268042 0.0317
-6.91468621403743 0.0316
-6.91473065643106 0.0315
-6.91477395414404 0.0314
-6.91482108288225 0.0313
-6.91486315778655 0.0312
-6.91488621115641 0.0311
-6.9148948180381 0.031
-6.91489998131567 0.0309
-6.91490942533615 0.0308
-6.91492510510204 0.0306999999999999
-6.91493694014926 0.0306
-6.91494041129933 0.0305
-6.9149479135181 0.0304
-6.91494271827143 0.0303
-6.91493543159972 0.0302
-6.91492402194919 0.0301
-6.91488381983793 0.03
-6.91483400339632 0.0299
-6.91476539478844 0.0298
-6.91469851198124 0.0296999999999999
-6.91461791155287 0.0296
-6.9145276675785 0.0295
-6.91443073160791 0.0294
-6.91432561111648 0.0293
-6.91422414311994 0.0292
-6.91413160391239 0.0291
-6.91404131753271 0.029
-6.91394105406218 0.0289
-6.91384631773508 0.0288
-6.91375041664555 0.0286999999999999
-6.91365495275274 0.0286
-6.91359084758672 0.0285
-6.91352118118394 0.0284
-6.91345801109315 0.0283
-6.91340174685918 0.0282
-6.91334756746915 0.0281
-6.91329727605268 0.028
-6.91327030992379 0.0279
-6.91325204273531 0.0278
-6.9132490635667 0.0276999999999999
-6.91326261985662 0.0276
-6.91327612259787 0.0275
-6.91329126466315 0.0274
-6.91333114378048 0.0273
-6.91338534284134 0.0272
-6.91345290013764 0.0271
-6.91351720383714 0.027
-6.91357307910368 0.0269
-6.9136271887344 0.0268
-6.91368384659181 0.0266999999999999
-6.91375444656935 0.0266
-6.91382395718298 0.0265
-6.9138893430867 0.0264
-6.91394565035479 0.0263
-6.91399869255078 0.0262
-6.91405426239723 0.0261
-6.91410288132668 0.026
-6.91413231813877 0.0259
-6.91415514849354 0.0258
-6.91418295456561 0.0256999999999999
-6.91418852538238 0.0256
-6.91416514581213 0.0255
-6.91414530985627 0.0254
-6.91412369684996 0.0253
-6.91410130701663 0.0252
-6.91409252674388 0.0251
-6.91410070089188 0.025
-6.91413097845925 0.0249
-6.91417232088576 0.0248
-6.91422194450811 0.0247000000000001
-6.91428664175329 0.0246
-6.91437864347911 0.0245
-6.91449088171621 0.0244
-6.91459713368452 0.0243
-6.91471869969387 0.0242
-6.9148372523587 0.0241
-6.914969966251 0.024
-6.91510610353586 0.0239
-6.91524275836191 0.0238
-6.91536767737278 0.0237000000000001
-6.91548077136953 0.0236
-6.91557921694715 0.0235
-6.91566792679868 0.0234
-6.91574091876984 0.0233
-6.9158043857074 0.0232
-6.91585725122025 0.0231
-6.91590529911903 0.023
-6.91595905435244 0.0229
-6.91601191257328 0.0228
-6.91606985858502 0.0227000000000001
-6.91613694651445 0.0226
-6.91620158327418 0.0225
-6.91626170188248 0.0224
-6.91632277752466 0.0223
-6.91638279187563 0.0222
-6.9164493620662 0.0221
-6.91651162399382 0.022
-6.91659057550922 0.0219
-6.91667663442114 0.0218
-6.91677454123449 0.0217000000000001
-6.91686465642529 0.0216
-6.91696133255632 0.0215
-6.91706768389594 0.0214
-6.91716550528391 0.0213
-6.91723925720911 0.0212
-6.91731294764668 0.0211
-6.91737497251533 0.021
-6.91743046054069 0.0209
-6.91747513564804 0.0208
-6.91751426301686 0.0207000000000001
-6.9175493346549 0.0206
-6.91757071771467 0.0205
-6.91757705609854 0.0204
-6.91757073234537 0.0203
-6.9175645082968 0.0202
-6.91754415751945 0.0201
-6.91750461085862 0.02
-6.91744714295395 0.0199
-6.91738027098824 0.0198
-6.91729835237973 0.0197000000000001
-6.91723175934175 0.0196
-6.91718061808854 0.0195
-6.91713186823926 0.0194
-6.91710747550166 0.0193
-6.91709038739033 0.0192
-6.91709769219634 0.0191
-6.9171259422643 0.019
-6.91715633795859 0.0189
-6.91718496700468 0.0188
-6.91722871712648 0.0187
-6.91727579836579 0.0185999999999999
-6.9173315753402 0.0185
-6.91740746166094 0.0184
-6.91748971107277 0.0183
-6.91758136173769 0.0182
-6.91768713582748 0.0181
-6.91779119695575 0.018
-6.91788939233711 0.0179
-6.9179835134717 0.0178
-6.91807945034207 0.0177
-6.91817842027506 0.0175999999999999
-6.918271373074 0.0175
-6.91834788139162 0.0174
-6.9184157802105 0.0173
-6.91846383018926 0.0172
-6.91849868406822 0.0171
-6.91849722742073 0.017
-6.91845401636174 0.0169
-6.91838340742096 0.0168
-6.91830690025315 0.0167
-6.91821159628612 0.0165999999999999
-6.91809743309955 0.0165
-6.91795784655933 0.0164
-6.91779508439745 0.0163
-6.91762682804007 0.0162
-6.91743826326587 0.0161
-6.91725640977913 0.016
-6.9170739690635 0.0159
-6.91689092262908 0.0158
-6.91671494310294 0.0157
-6.91654326482557 0.0155999999999999
-6.91637609522082 0.0155
-6.91622303257503 0.0154
-6.91607032057201 0.0153
-6.91591416487882 0.0152
-6.91576985485341 0.0151
-6.91562715107113 0.015
-6.91549681010464 0.0149
-6.91538369032746 0.0148
-6.91530811473625 0.0147
-6.91525950011022 0.0145999999999999
-6.91523194558688 0.0145
-6.91522828699028 0.0144
-6.91524633440351 0.0143
-6.91528433411316 0.0142
-6.91535625363421 0.0141
-6.91544659719081 0.014
-6.91554066956381 0.0139
-6.91564096994991 0.0138
-6.91574196866174 0.0137
-6.91584757546745 0.0135999999999999
-6.91596435737176 0.0135
-6.91608720935922 0.0134
-6.91619463909075 0.0133
-6.91629707269585 0.0132
-6.91638943877604 0.0131
-6.91646012335636 0.013
-6.91652710645262 0.0129
-6.91657751361567 0.0128
-6.91660914864466 0.0127
-6.91663079615748 0.0125999999999999
-6.916643846383 0.0125
-6.91663575184507 0.0124
-6.91661478806708 0.0123
-6.91657229211541 0.0122
-6.91651228929405 0.0121
-6.91644080176106 0.012
-6.91636527511195 0.0119
-6.91628868423228 0.0118
-6.91621754363127 0.0117
-6.91614760760657 0.0116000000000001
-6.91608730024196 0.0115
-6.91603973083024 0.0114
-6.91598820185774 0.0113
-6.9159500667993 0.0112
-6.91591795660734 0.0111
-6.91589256241479 0.011
-6.91586424477258 0.0109
-6.91584126133442 0.0108
-6.91582285415365 0.0107
-6.91579897383165 0.0106000000000001
-6.91578647353791 0.0105
-6.91577091988515 0.0104
-6.91575571958385 0.0103
-6.91575912231824 0.0102
-6.91577229120934 0.0101
-6.91579017247341 0.01
-6.91581202996263 0.00990000000000002
-6.91583405496457 0.00980000000000003
-6.91586892023488 0.00970000000000004
-6.91591047319313 0.00960000000000005
-6.91595939785637 0.00949999999999995
-6.91598700112987 0.00939999999999996
-6.91603224796418 0.00929999999999997
-6.91608528210756 0.00919999999999999
-6.9161440136093 0.0091
-6.91621352828429 0.00900000000000001
-6.91628786374187 0.00890000000000002
-6.91637447744129 0.00880000000000003
-6.91646649170202 0.00870000000000004
-6.91655206837921 0.00860000000000005
-6.91663736428183 0.00849999999999995
-6.91672451494999 0.00839999999999996
-6.91679873460001 0.00829999999999997
-6.91686772926902 0.00819999999999999
-6.91692381568713 0.0081
-6.91695335083417 0.00800000000000001
-6.91696938480141 0.00790000000000002
-6.91698105232272 0.00780000000000003
-6.91699401108887 0.00770000000000004
-6.91699986262714 0.00760000000000005
-6.91700316182054 0.00749999999999995
-6.91699743690834 0.00739999999999996
-6.91699493877458 0.00729999999999997
-6.91699926129376 0.00719999999999998
-6.91700038570997 0.0071
-6.91701730435165 0.00700000000000001
-6.91703034368741 0.00690000000000002
-6.91705752035953 0.00680000000000003
-6.91708957562724 0.00670000000000004
-6.91711711844652 0.00660000000000005
-6.91714740466622 0.00649999999999995
-6.91718967001865 0.00639999999999996
-6.91724449078781 0.00629999999999997
-6.91730501031499 0.00619999999999998
-6.91735772838146 0.00609999999999999
-6.91741800390963 0.00600000000000001
-6.91748307650757 0.00590000000000002
-6.91754941320708 0.00580000000000003
-6.91761784996422 0.00570000000000004
-6.9176829732114 0.00560000000000005
-6.91776238645928 0.00549999999999995
-6.91783875157208 0.00539999999999996
-6.91793478094357 0.00529999999999997
-6.91803218750587 0.00519999999999998
-6.91812176658373 0.00509999999999999
-6.91820865575672 0.005
-6.91830854221775 0.00490000000000002
-6.91838753209876 0.00480000000000003
-6.91846340219163 0.00470000000000004
-6.91853553782051 0.00460000000000005
-6.9186087295089 0.00449999999999995
-6.91868416239529 0.00439999999999996
-6.91876409922733 0.00429999999999997
-6.91883628415447 0.00419999999999998
-6.91890470515565 0.00409999999999999
-6.918958590865 0.004
-6.91901445777646 0.00390000000000001
-6.91905768309119 0.00380000000000003
-6.91909626581299 0.00370000000000004
-6.91911729180601 0.00360000000000005
-6.91910922912805 0.00349999999999995
-6.91907582373873 0.00339999999999996
-6.91902457701524 0.00329999999999997
-6.91895967267744 0.00319999999999998
-6.91887825493759 0.00309999999999999
-6.91878975603065 0.003
-6.91869610847632 0.00290000000000001
-6.91859042382801 0.00280000000000002
-6.91848850295763 0.00270000000000004
-6.9183967179275 0.00260000000000005
-6.91829816631889 0.00249999999999995
-6.91821456950059 0.00239999999999996
-6.91812869808497 0.00229999999999997
-6.91804855898124 0.00219999999999998
-6.91796555321646 0.00209999999999999
-6.91788618137713 0.002
-6.91780091481899 0.00190000000000001
-6.91771820057782 0.00180000000000002
-6.91763783872622 0.00170000000000003
-6.91753287755989 0.00160000000000005
-6.91744203057531 0.00149999999999995
-6.91735731624179 0.00139999999999996
-6.91727760952747 0.00129999999999997
-6.91720185996818 0.00119999999999998
-6.91714588522869 0.00109999999999999
-6.91708239780744 0.001
-6.91701544643618 0.000900000000000012
-6.91695954488101 0.000800000000000023
-6.91690175961931 0.000700000000000034
-6.91685115163945 0.000600000000000045
-6.91681183680228 0.000499999999999945
-6.91678354452384 0.000399999999999956
-6.91676124524263 0.000299999999999967
-6.91675446864649 0.000199999999999978
-6.91675197145578 9.9999999999989e-05
-6.91674554021184 0
