# Fix print output for fix f5
-6.82696891110531 1
-6.82699653507302 0.9999
-6.82701575795715 0.9998
-6.82705208978201 0.9997
-6.82709363179209 0.9996
-6.8271272879151 0.9995
-6.82712579277346 0.9994
-6.82712669130882 0.9993
-6.82713621417144 0.9992
-6.82711573267619 0.9991
-6.82710416559467 0.999
-6.82707571238605 0.9989
-6.82705526910077 0.9988
-6.82700355709602 0.9987
-6.82695109024905 0.9986
-6.82689906978251 0.9985
-6.82684791927515 0.9984
-6.8268164471971 0.9983
-6.82683463200167 0.9982
-6.82692357412542 0.9981
-6.82698484509598 0.998
-6.82706580027787 0.9979
-6.82713855241812 0.9978
-6.82723552712592 0.9977
-6.82735044710238 0.9976
-6.82743470918182 0.9975
-6.82748325032263 0.9974
-6.82751140055241 0.9973
-6.82753261447216 0.9972
-6.82753671275384 0.9971
-6.82752167353068 0.997
-6.82750628941733 0.9969
-6.82748192618021 0.9968
-6.82743050864404 0.9967
-6.82739602263655 0.9966
-6.82735944947733 0.9965
-6.82730952484646 0.9964
-6.82726690284137 0.9963
-6.82718929776768 0.9962
-6.82710629509244 0.9961
-6.82701565387084 0.996
-6.82692737804753 0.9959
-6.82684401493595 0.9958
-6.8267288053194 0.9957
-6.826627764314 0.9956
-6.82653620235166 0.9955
-6.82644019936707 0.9954
-6.82637268464634 0.9953
-6.82628720132556 0.9952
-6.82622193954343 0.9951
-6.82619826420053 0.995
-6.82618358922499 0.9949
-6.82618942315009 0.9948
-6.82621161655502 0.9947
-6.82625133035161 0.9946
-6.82627701120219 0.9945
-6.82628111436006 0.9944
-6.82629144691998 0.9943
-6.8263092615265 0.9942
-6.82631920577419 0.9941
-6.82634792396987 0.994
-6.82639204207675 0.9939
-6.82645780830408 0.9938
-6.8265008639936 0.9937
-6.82655736701545 0.9936
-6.82660504793905 0.9935
-6.82663434671712 0.9934
-6.8266609334469 0.9933
-6.8266975976431 0.9932
-6.8267062482084 0.9931
-6.8266848098075 0.993
-6.82665026356213 0.9929
-6.82664446858652 0.9928
-6.82661565170001 0.9927
-6.8265438175665 0.9926
-6.82650350907109 0.9925
-6.82644479121709 0.9924
-6.82641982299606 0.9923
-6.82639382111072 0.9922
-6.82636948538534 0.9921
-6.82633976424739 0.992
-6.82629353025427 0.9919
-6.8262292370917 0.9918
-6.82619904321136 0.9917
-6.82618732179254 0.9916
-6.8261761586689 0.9915
-6.82618173677978 0.9914
-6.82620128899508 0.9913
-6.82620686893632 0.9912
-6.82621918141283 0.9911
-6.82620621459299 0.991
-6.82617965992583 0.9909
-6.8261790547832 0.9908
-6.82620645844808 0.9907
-6.8262510819255 0.9906
-6.82630737083242 0.9905
-6.82636530614626 0.9904
-6.82642076228913 0.9903
-6.82651107250082 0.9902
-6.82660823473157 0.9901
-6.8267089682684 0.99
-6.82683197567658 0.9899
-6.82694476852812 0.9898
-6.82704861747096 0.9897
-6.82714972593754 0.9896
-6.82726138451544 0.9895
-6.8273674484241 0.9894
-6.8274639760509 0.9893
-6.8275587313525 0.9892
-6.82767094201206 0.9891
-6.82776590446242 0.989
-6.82781174058745 0.9889
-6.82783654400141 0.9888
-6.82787545121223 0.9887
-6.82791167426172 0.9886
-6.82794394642461 0.9885
-6.82797419416033 0.9884
-6.82799826315639 0.9883
-6.82797028020859 0.9882
-6.82793207955185 0.9881
-6.82786342440908 0.988
-6.82777176853923 0.9879
-6.82764256790065 0.9878
-6.82747476606165 0.9877
-6.82729932237603 0.9876
-6.82713342443618 0.9875
-6.82697064104373 0.9874
-6.82679620446636 0.9873
-6.82661036443078 0.9872
-6.82638974231532 0.9871
-6.82618611798933 0.987
-6.82604241433139 0.9869
-6.82588539611362 0.9868
-6.82575003435305 0.9867
-6.82559862513618 0.9866
-6.82540852937748 0.9865
-6.82520335775178 0.9864
-6.82498257955227 0.9863
-6.82477191546547 0.9862
-6.82459364516749 0.9861
-6.82442553765963 0.986
-6.82424936039145 0.9859
-6.82406628933276 0.9858
-6.82389076856044 0.9857
-6.82374846206221 0.9856
-6.82363494415952 0.9855
-6.82352120185826 0.9854
-6.8234449877126 0.9853
-6.82338530523718 0.9852
-6.82338105449437 0.9851
-6.82343269131725 0.985
-6.82346046921527 0.9849
-6.82352197930755 0.9848
-6.82363144385112 0.9847
-6.82375954547426 0.9846
-6.82392542438459 0.9845
-6.82413050089491 0.9844
-6.8243871558712 0.9843
-6.82464319559033 0.9842
-6.82493085123459 0.9841
-6.82520071590554 0.984
-6.82549796326161 0.9839
-6.82579017341644 0.9838
-6.82607160456949 0.9837
-6.82636566979312 0.9836
-6.82665026356758 0.9835
-6.82694011527368 0.9834
-6.82723218877668 0.9833
-6.8275121140542 0.9832
-6.82773836121203 0.9831
-6.82794829106676 0.983
-6.82812641366953 0.9829
-6.82831250045945 0.9828
-6.82847730541391 0.9827
-6.82862142683607 0.9826
-6.82875189319217 0.9825
-6.82885952862533 0.9824
-6.82892067674161 0.9823
-6.82893606223449 0.9822
-6.82891757811968 0.9821
-6.82890501164762 0.982
-6.8288648163469 0.9819
-6.82882435503345 0.9818
-6.8287537709701 0.9817
-6.82866665909212 0.9816
-6.82858880259731 0.9815
-6.82849411767626 0.9814
-6.8283790688393 0.9813
-6.82824598381372 0.9812
-6.8281107363007 0.9811
-6.8279856491152 0.981
-6.82785670427617 0.9809
-6.82774718992359 0.9808
-6.82764946271921 0.9807
-6.82757295970031 0.9806
-6.8275254221589 0.9805
-6.82748790501208 0.9804
-6.82745489707404 0.9803
-6.8274322418816 0.9802
-6.82738606328019 0.9801
-6.82734296081251 0.98
-6.82737991387756 0.9799
-6.82745557969731 0.9798
-6.82755885754194 0.9797
-6.82767367941654 0.9796
-6.8278154122909 0.9795
-6.82794277508431 0.9794
-6.82809584130518 0.9793
-6.8282540302812 0.9792
-6.82844788018342 0.9791
-6.82864265738055 0.979
-6.82886524011068 0.9789
-6.82907118664003 0.9788
-6.82931050451952 0.9787
-6.82955517549545 0.9786
-6.82981896841412 0.9785
-6.83012263935289 0.9784
-6.83045846035365 0.9783
-6.8308243713442 0.9782
-6.83120406970549 0.9781
-6.83154913210684 0.978
-6.83192043186609 0.9779
-6.8322739148457 0.9778
-6.83261962106049 0.9777
-6.83296204502112 0.9776
-6.83327085763572 0.9775
-6.83353965004275 0.9774
-6.83378460569677 0.9773
-6.83404098812384 0.9772
-6.83426148648696 0.9771
-6.83446099546484 0.977
-6.8346559659665 0.9769
-6.83485707540257 0.9768
-6.83502221831643 0.9767
-6.83515572892014 0.9766
-6.83525275192383 0.9765
-6.83531599704348 0.9764
-6.83534874249364 0.9763
-6.83535954775774 0.9762
-6.83535963599921 0.9761
-6.83536974852548 0.976
-6.835382210627 0.9759
-6.83538438907037 0.9758
-6.83539313536768 0.9757
-6.83538736913021 0.9756
-6.83539004386983 0.9755
-6.83541110499629 0.9754
-6.83543134369853 0.9753
-6.83546988183154 0.9752
-6.835524619494 0.9751
-6.83560796177187 0.975
-6.8357230099398 0.9749
-6.83586783200092 0.9748
-6.83603596034356 0.9747
-6.83620858424354 0.9746
-6.83638858692187 0.9745
-6.83658292365033 0.9744
-6.8367835256501 0.9743
-6.83700574724768 0.9742
-6.8372420887729 0.9741
-6.8375076219917 0.974
-6.83777320764111 0.9739
-6.83803787711018 0.9738
-6.8382818410165 0.9737
-6.83845245404573 0.9736
-6.83860403650953 0.9735
-6.83873785286838 0.9734
-6.83884992641519 0.9733
-6.83892436175949 0.9732
-6.83893208723145 0.9731
-6.83890247109475 0.973
-6.83886489945897 0.9729
-6.83876909089972 0.9728
-6.83864428348756 0.9727
-6.83850315953385 0.9726
-6.83832652494714 0.9725
-6.83812469443846 0.9724
-6.83790753589828 0.9723
-6.83765541792497 0.9722
-6.83738473737416 0.9721
-6.83708454367894 0.972
-6.83676013023821 0.9719
-6.83639349216774 0.9718
-6.8360056922878 0.9717
-6.83561987955353 0.9716
-6.83524340281052 0.9715
-6.83486103427572 0.9714
-6.83449602089765 0.9713
-6.8341271870747 0.9712
-6.83380046818487 0.9711
-6.83347956166408 0.971
-6.8331529811909 0.9709
-6.83284946658234 0.9708
-6.83258343057906 0.9707
-6.83237251254057 0.9706
-6.83218514624006 0.9705
-6.83201723369712 0.9704
-6.831888543753 0.9703
-6.83177514833282 0.9702
-6.83168094777139 0.9701
-6.83158507088779 0.97
-6.83150062060866 0.9699
-6.83145410588702 0.9698
-6.83143250976728 0.9697
-6.8314020336615 0.9696
-6.83136939759989 0.9695
-6.83135905363111 0.9694
-6.83134146813323 0.9693
-6.83137075670793 0.9692
-6.83141988457508 0.9691
-6.831482861698 0.969
-6.83154351555013 0.9689
-6.83160739074131 0.9688
-6.83164011615143 0.9687
-6.83168044573318 0.9686
-6.8317647256756 0.9685
-6.8318764111661 0.9684
-6.8320267033133 0.9683
-6.8321528449171 0.9682
-6.83227111464077 0.9681
-6.83241626688673 0.968
-6.83262743231023 0.9679
-6.83289982036499 0.9678
-6.83318538527866 0.9677
-6.83348144129982 0.9676
-6.83377901384517 0.9675
-6.83407461371192 0.9674
-6.83438279363997 0.9673
-6.83470185576631 0.9672
-6.83501410944393 0.9671
-6.83534276536693 0.967
-6.83565560068797 0.9669
-6.83595167955913 0.9668
-6.83621467677779 0.9667
-6.83650505627543 0.9666
-6.83677908466136 0.9665
-6.83701837506941 0.9664
-6.83724776499428 0.9663
-6.8374811595608 0.9662
-6.83766069968424 0.9661
-6.83779672734215 0.966
-6.83791629528085 0.9659
-6.83800650171301 0.9658
-6.83804012635013 0.9657
-6.83804696639371 0.9656
-6.83804202393732 0.9655
-6.83802434524806 0.9654
-6.83799346780224 0.9653
-6.83796284675612 0.9652
-6.83793954663993 0.9651
-6.83790133099495 0.965
-6.83787162720099 0.9649
-6.83785032924949 0.9648
-6.83783136484781 0.9647
-6.83779876554938 0.9646
-6.8377767336411 0.9645
-6.83774148751606 0.9644
-6.83773106637786 0.9643
-6.83773881661779 0.9642
-6.83778115772002 0.9641
-6.83779924752657 0.964
-6.83780412346494 0.9639
-6.83781076694997 0.9638
-6.83779948974868 0.9637
-6.837770024349 0.9636
-6.83775253626856 0.9635
-6.83774515469796 0.9634
-6.83772821699563 0.9633
-6.83768324814816 0.9632
-6.83761892030912 0.9631
-6.83751179424707 0.963
-6.83742225905534 0.9629
-6.83732682414719 0.9628
-6.83724874760898 0.9627
-6.8371744466689 0.9626
-6.83708581136369 0.9625
-6.83698329697037 0.9624
-6.83686848421479 0.9623
-6.83673009334812 0.9622
-6.83658461815322 0.9621
-6.83644078717423 0.962
-6.83629196894944 0.9619
-6.83618396030244 0.9618
-6.83610547144049 0.9617
-6.83605768830947 0.9616
-6.83603827405851 0.9615
-6.83602805457753 0.9614
-6.83603581427383 0.9613
-6.83605886424722 0.9612
-6.83610323697996 0.9611
-6.8361879114056 0.961
-6.83627870362004 0.9609
-6.83638842601623 0.9608
-6.83651005229511 0.9607
-6.83662219154644 0.9606
-6.83673945732415 0.9605
-6.83688812329751 0.9604
-6.83702537333485 0.9603
-6.83717335428267 0.9602
-6.83730665798558 0.9601
-6.8374209723408 0.96
-6.83752469319901 0.9599
-6.83762831570128 0.9598
-6.83774450003963 0.9597
-6.83781706267208 0.9596
-6.83788358389444 0.9595
-6.83792732946834 0.9594
-6.83797629832377 0.9593
-6.83804531061385 0.9592
-6.83808780014887 0.9591
-6.83812189866529 0.959
-6.83816009317689 0.9589
-6.83819409658688 0.9588
-6.83825854825198 0.9587
-6.83832913227567 0.9586
-6.83840552484621 0.9585
-6.83847498311224 0.9584
-6.838533894362 0.9583
-6.838591286206 0.9582
-6.83863894767035 0.9581
-6.83867323284803 0.958
-6.83873395300376 0.9579
-6.83877048244824 0.9578
-6.83883409916823 0.9577
-6.83891584574534 0.9576
-6.83901181732713 0.9575
-6.83914154205549 0.9574
-6.83927032535555 0.9573
-6.83939344835759 0.9572
-6.83952388792913 0.9571
-6.83963448296756 0.957
-6.8397843839187 0.9569
-6.83990566766071 0.9568
-6.84003709540184 0.9567
-6.84015114239863 0.9566
-6.84029017514595 0.9565
-6.84040032237369 0.9564
-6.84049966604193 0.9563
-6.8405791153025 0.9562
-6.84063300288475 0.9561
-6.84069267668011 0.956
-6.84075533501819 0.9559
-6.84082737458016 0.9558
-6.84086396946942 0.9557
-6.84089697516722 0.9556
-6.84091428702002 0.9555
-6.84090900667878 0.9554
-6.84089310650196 0.9553
-6.84084732325874 0.9552
-6.8407876875568 0.9551
-6.84073934410716 0.955
-6.84073144514781 0.9549
-6.84072755479387 0.9548
-6.84072653473998 0.9547
-6.84071555609757 0.9546
-6.84067985363547 0.9545
-6.84065293160404 0.9544
-6.84064335156638 0.9543
-6.84061871562052 0.9542
-6.84060055962191 0.9541
-6.84057347492268 0.954
-6.84056848724982 0.9539
-6.84055835277131 0.9538
-6.84055182964493 0.9537
-6.84055942594396 0.9536
-6.8405492535334 0.9535
-6.84051380922727 0.9534
-6.8404983889796 0.9533
-6.8404934306152 0.9532
-6.84049240132833 0.9531
-6.84052419115693 0.953
-6.84053806562152 0.9529
-6.84056853506578 0.9528
-6.84060346580511 0.9527
-6.84061964638919 0.9526
-6.84064068132447 0.9525
-6.84063970355855 0.9524
-6.84065285665112 0.9523
-6.84067773360296 0.9522
-6.84070099267822 0.9521
-6.84074206371947 0.952
-6.84081410449255 0.9519
-6.84087343757447 0.9518
-6.84091433899961 0.9517
-6.84097209190103 0.9516
-6.84102973929549 0.9515
-6.84106418137585 0.9514
-6.84108234813891 0.9513
-6.8411030603111 0.9512
-6.84109456580231 0.9511
-6.84109391078106 0.951
-6.84109404436747 0.9509
-6.84109275143716 0.9508
-6.84108103316897 0.9507
-6.84103293325589 0.9506
-6.84097358546445 0.9505
-6.84093126641995 0.9504
-6.84089005352706 0.9503
-6.84084851078575 0.9502
-6.84081301555258 0.9501
-6.84078504318869 0.95
-6.84074634427446 0.9499
-6.84070103296548 0.9498
-6.84065480226296 0.9497
-6.84059525625827 0.9496
-6.84055736645029 0.9495
-6.84049471227735 0.9494
-6.84042792879508 0.9493
-6.84036609285849 0.9492
-6.84029411615844 0.9491
-6.84025976035669 0.949
-6.84023128950204 0.9489
-6.84018741156886 0.9488
-6.84015249864802 0.9487
-6.84013015695595 0.9486
-6.8401373078864 0.9485
-6.8401334549946 0.9484
-6.84013472267925 0.9483
-6.84016124239092 0.9482
-6.840237538161 0.9481
-6.8403572947364 0.948
-6.84047221168405 0.9479
-6.8406149514543 0.9478
-6.84074810463134 0.9477
-6.84090711570753 0.9476
-6.84108540592929 0.9475
-6.84127631621335 0.9474
-6.84144880588582 0.9473
-6.84162343522827 0.9472
-6.84180579878473 0.9471
-6.84200761658628 0.947
-6.8422054383734 0.9469
-6.84239696107649 0.9468
-6.84259267872318 0.9467
-6.8428093120276 0.9466
-6.84302691782083 0.9465
-6.8432515406911 0.9464
-6.84348393806518 0.9463
-6.84371343922661 0.9462
-6.84396345381177 0.9461
-6.84420068153298 0.946
-6.84441305991847 0.9459
-6.84459215141017 0.9458
-6.8447610459799 0.9457
-6.84490531309336 0.9456
-6.84505027796466 0.9455
-6.84517641462446 0.9454
-6.84530058134258 0.9453
-6.84541153287564 0.9452
-6.84548893407547 0.9451
-6.84555444651906 0.945
-6.84560597273986 0.9449
-6.84563814907257 0.9448
-6.84567854010299 0.9447
-6.84569879979384 0.9446
-6.84573051114147 0.9445
-6.84572634193924 0.9444
-6.8457255789172 0.9443
-6.84572717313755 0.9442
-6.84571763343978 0.9441
-6.84573526730236 0.944
-6.84573405198379 0.9439
-6.84578227314867 0.9438
-6.84582488274612 0.9437
-6.84589745008691 0.9436
-6.8460016423541 0.9435
-6.84614497188466 0.9434
-6.84631018774436 0.9433
-6.84647877709344 0.9432
-6.84668207581001 0.9431
-6.84688575469146 0.943
-6.84706163704952 0.9429
-6.8472350475024 0.9428
-6.8473778104011 0.9427
-6.84750877908545 0.9426
-6.84759992441845 0.9425
-6.84765380468973 0.9424
-6.84768877558303 0.9423
-6.84771499100654 0.9422
-6.84771566933868 0.9421
-6.84770970173819 0.942
-6.84769544228903 0.9419
-6.84768222691296 0.9418
-6.84763457548813 0.9417
-6.8475895711396 0.9416
-6.84755447084457 0.9415
-6.84753340057103 0.9414
-6.84748711123154 0.9413
-6.84743106928003 0.9412
-6.84736232567008 0.9411
-6.84728692645691 0.941
-6.84722090286383 0.9409
-6.84712825796494 0.9408
-6.84703269046477 0.9407
-6.84693987241174 0.9406
-6.84682156211772 0.9405
-6.84670986219746 0.9404
-6.84663129694897 0.9403
-6.84656622653771 0.9402
-6.84651010121668 0.9401
-6.84645845040584 0.94
-6.84640294584778 0.9399
-6.84635751605781 0.9398
-6.8463250460407 0.9397
-6.84629827692061 0.9396
-6.84625901976991 0.9395
-6.84620816480073 0.9394
-6.84616914698523 0.9393
-6.84613149956062 0.9392
-6.84611207587587 0.9391
-6.84609809794164 0.939
-6.84607484603039 0.9389
-6.84603975844321 0.9388
-6.84601054329208 0.9387
-6.84594071179105 0.9386
-6.8458559657819 0.9385
-6.8457788336247 0.9384
-6.84567900411895 0.9383
-6.84558182316126 0.9382
-6.84549703817144 0.9381
-6.84540664440419 0.938
-6.84530851788687 0.9379
-6.84523323379131 0.9378
-6.84517826103273 0.9377
-6.84510948538588 0.9376
-6.84505925027998 0.9375
-6.84502155369782 0.9374
-6.8449669201158 0.9373
-6.8449322879815 0.9372
-6.84489888307195 0.9371
-6.84485020058712 0.937
-6.8447867823779 0.9369
-6.84472112658362 0.9368
-6.84468559234897 0.9367
-6.84466376522767 0.9366
-6.84463630148315 0.9365
-6.84462038116579 0.9364
-6.84460248057389 0.9363
-6.84457083900133 0.9362
-6.84455284394398 0.9361
-6.84457279810112 0.936
-6.84460379262163 0.9359
-6.8446418383154 0.9358
-6.84467121274783 0.9357
-6.84470219519557 0.9356
-6.84473741143559 0.9355
-6.84478339600849 0.9354
-6.84484119614138 0.9353
-6.84491464285517 0.9352
-6.84502644536526 0.9351
-6.84514915477394 0.935
-6.84526339810502 0.9349
-6.84539933385691 0.9348
-6.84554648201546 0.9347
-6.84570811630111 0.9346
-6.84584997109725 0.9345
-6.84598860751835 0.9344
-6.84610556881387 0.9343
-6.84622284305391 0.9342
-6.84630339941772 0.9341
-6.84637355844383 0.934
-6.84643181267616 0.9339
-6.84647278036649 0.9338
-6.84650134185646 0.9337
-6.84652452415845 0.9336
-6.84655530390137 0.9335
-6.84655467770858 0.9334
-6.84653484560695 0.9333
-6.84646597240693 0.9332
-6.84638028153753 0.9331
-6.84627298757744 0.933
-6.8461442197194 0.9329
-6.84599570344968 0.9328
-6.84583481349711 0.9327
-6.84566885957267 0.9326
-6.84547500596898 0.9325
-6.84526894155478 0.9324
-6.84505744270684 0.9323
-6.8448101422341 0.9322
-6.84457027982088 0.9321
-6.8443372011026 0.932
-6.84407619932912 0.9319
-6.84379063784391 0.9318
-6.84351637564594 0.9317
-6.84321304577545 0.9316
-6.84292442728166 0.9315
-6.84263282457158 0.9314
-6.84231483795462 0.9313
-6.84200858883464 0.9312
-6.84170213373566 0.9311
-6.84139443724246 0.931
-6.8411053955897 0.9309
-6.84083654023285 0.9308
-6.84061225943057 0.9307
-6.84041451611399 0.9306
-6.8402221025949 0.9305
-6.84008005702481 0.9304
-6.83995826852221 0.9303
-6.8398398265105 0.9302
-6.83973734021127 0.9301
-6.83965748863518 0.93
-6.83959818942307 0.9299
-6.83954285277121 0.9298
-6.83951295142548 0.9297
-6.83951384382139 0.9296
-6.8395292051069 0.9295
-6.83956664113089 0.9294
-6.8396384850186 0.9293
-6.83969371353769 0.9292
-6.83974317299124 0.9291
-6.839797298781 0.929
-6.83986094755791 0.9289
-6.83996584277554 0.9288
-6.84008694287676 0.9287
-6.84021329757137 0.9286
-6.84033206167133 0.9285
-6.84045677334159 0.9284
-6.84062043313747 0.9283
-6.84081080320085 0.9282
-6.84101104338215 0.9281
-6.84125253557582 0.928
-6.84151559540534 0.9279
-6.84178407890129 0.9278
-6.84202830315243 0.9277
-6.84227106709591 0.9276
-6.84251678424577 0.9275
-6.84275485645381 0.9274
-6.8430062585656 0.9273
-6.8432685194688 0.9272
-6.84356000685841 0.9271
-6.84382859107933 0.927
-6.84408831903385 0.9269
-6.84436404667493 0.9268
-6.84463323142254 0.9267
-6.84488654204532 0.9266
-6.84512203892797 0.9265
-6.84534913421383 0.9264
-6.84555347218292 0.9263
-6.84576607494001 0.9262
-6.84595787260123 0.9261
-6.84613475702247 0.926
-6.84628940836703 0.9259
-6.84641122298488 0.9258
-6.84651696578894 0.9257
-6.84656614879746 0.9256
-6.84657939862885 0.9255
-6.84654764728711 0.9254
-6.8464869148473 0.9253
-6.8464083956144 0.9252
-6.84630970520903 0.9251
-6.84620258912833 0.925
-6.84608630399198 0.9249
-6.84595531996859 0.9248
-6.84581916564903 0.9247
-6.84570700373233 0.9246
-6.84558818091561 0.9245
-6.84550129150815 0.9244
-6.84545228966513 0.9243
-6.84541388236251 0.9242
-6.84541043876248 0.9241
-6.84539432603767 0.924
-6.8454159325664 0.9239
-6.84546102982176 0.9238
-6.84550037245387 0.9237
-6.8455555779224 0.9236
-6.84561643079903 0.9235
-6.84568975918683 0.9234
-6.84577473988149 0.9233
-6.84588632553338 0.9232
-6.84599976452056 0.9231
-6.84612378768738 0.923
-6.84626942398625 0.9229
-6.84642249481925 0.9228
-6.846605140212 0.9227
-6.8467882965204 0.9226
-6.84697194028623 0.9225
-6.84717085140758 0.9224
-6.84736712173823 0.9223
-6.84756708557754 0.9222
-6.847759396177 0.9221
-6.84797496204269 0.922
-6.84823424087668 0.9219
-6.8485216547354 0.9218
-6.84882540458336 0.9217
-6.84913064593881 0.9216
-6.8494570247388 0.9215
-6.84980499588128 0.9214
-6.85013514554636 0.9213
-6.85046572482405 0.9212
-6.85080788783999 0.9211
-6.85112280967832 0.921
-6.85143017433361 0.9209
-6.85172316121235 0.9208
-6.8519632504882 0.9207
-6.85221163684132 0.9206
-6.85242399042825 0.9205
-6.85265432661555 0.9204
-6.85286226050977 0.9203
-6.85304591259216 0.9202
-6.8532127193956 0.9201
-6.85336635996691 0.92
-6.85350059294049 0.9199
-6.85362022565593 0.9198
-6.85371622808614 0.9197
-6.85380457699234 0.9196
-6.85386622743795 0.9195
-6.85393153030057 0.9194
-6.85398551112074 0.9193
-6.85399258488216 0.9192
-6.85399330820362 0.9191
-6.85398287649832 0.919
-6.85395623839347 0.9189
-6.85389745484172 0.9188
-6.85384039075563 0.9187
-6.8537893891204 0.9186
-6.85370964384808 0.9185
-6.8536013086178 0.9184
-6.85347824571351 0.9183
-6.85337222430645 0.9182
-6.85326802074287 0.9181
-6.85316048272201 0.918
-6.85306259012063 0.9179
-6.85300205029605 0.9178
-6.85293553320053 0.9177
-6.85286985900219 0.9176
-6.85277562424197 0.9175
-6.85268369709049 0.9174
-6.85257854153921 0.9173
-6.8525030839676 0.9172
-6.85242799963633 0.9171
-6.85236473037214 0.917
-6.85228722838797 0.9169
-6.85224820123285 0.9168
-6.85221800465424 0.9167
-6.85217997275323 0.9166
-6.85212949289834 0.9165
-6.85207635385905 0.9164
-6.8520204445812 0.9163
-6.85196464227717 0.9162
-6.85190303108715 0.9161
-6.85184116290045 0.916
-6.85179988840492 0.9159
-6.85177061814153 0.9158
-6.85173590166834 0.9157
-6.85171571196484 0.9156
-6.85169944349842 0.9155
-6.85167525745051 0.9154
-6.85163447592815 0.9153
-6.85157332661232 0.9152
-6.85149501737275 0.9151
-6.85139877026065 0.915
-6.85127687614144 0.9149
-6.85114967787905 0.9148
-6.85099204642093 0.9147
-6.85083929834091 0.9146
-6.85069352506871 0.9145
-6.85054101119479 0.9144
-6.85039415438419 0.9143
-6.85026008970281 0.9142
-6.85011822880005 0.9141
-6.84999121993483 0.914
-6.84986539807066 0.9139
-6.84975327795899 0.9138
-6.84961061923248 0.9137
-6.84948614833964 0.9136
-6.84937974994328 0.9135
-6.84928607513184 0.9134
-6.84919251525532 0.9133
-6.84910902730242 0.9132
-6.84904551644616 0.9131
-6.84896977947801 0.913
-6.8489195194909 0.9129
-6.84885190468967 0.9128
-6.84881014382796 0.9127
-6.84877574397268 0.9126
-6.84873715195644 0.9125
-6.84870837767666 0.9124
-6.8486978695083 0.9123
-6.84869094520976 0.9122
-6.8486646059394 0.9121
-6.84866209684477 0.912
-6.84866280579354 0.9119
-6.84866080072518 0.9118
-6.8486580920518 0.9117
-6.848647493221 0.9116
-6.8486361629524 0.9115
-6.84865740311781 0.9114
-6.84869762325879 0.9113
-6.84874830099469 0.9112
-6.84882605338962 0.9111
-6.84893543754961 0.911
-6.84902831553568 0.9109
-6.84909825999197 0.9108
-6.84917983045207 0.9107
-6.84928001002131 0.9106
-6.84940035630445 0.9105
-6.8495130020142 0.9104
-6.84961453168309 0.9103
-6.8497485251972 0.9102
-6.84987535639608 0.9101
-6.84998242273856 0.91
-6.85008013353398 0.9099
-6.85018874400208 0.9098
-6.85029244049355 0.9097
-6.85036335066702 0.9096
-6.8504514910441 0.9095
-6.85054039898044 0.9094
-6.85060356348695 0.9093
-6.85065458081514 0.9092
-6.8506923575829 0.9091
-6.85071860496229 0.909
-6.85075037895348 0.9089
-6.85079494021207 0.9088
-6.85082486153547 0.9087
-6.85085380079467 0.9086
-6.85083657962179 0.9085
-6.85082972386013 0.9084
-6.85079122066738 0.9083
-6.85071588161626 0.9082
-6.85061031419056 0.9081
-6.85051183923433 0.908
-6.85041850064079 0.9079
-6.85033186870699 0.9078
-6.85022222190449 0.9077
-6.85011513930401 0.9076
-6.85000560415704 0.9075
-6.84989215177 0.9074
-6.84979183796131 0.9073
-6.84968109132388 0.9072
-6.84958343990119 0.9071
-6.84950893027598 0.907
-6.84949007793386 0.9069
-6.84951075592485 0.9068
-6.84953728610859 0.9067
-6.84957310888119 0.9066
-6.84961487617644 0.9065
-6.84966294730988 0.9064
-6.8497136009722 0.9063
-6.8497767505866 0.9062
-6.84985847258175 0.9061
-6.84994577966413 0.906
-6.85005135226303 0.9059
-6.85017654834668 0.9058
-6.85032172858429 0.9057
-6.85044445845986 0.9056
-6.85056314419071 0.9055
-6.85066141978125 0.9054
-6.85076320924635 0.9053
-6.85085687268687 0.9052
-6.85095275202327 0.9051
-6.85101282167325 0.905
-6.85108466402792 0.9049
-6.8511125939717 0.9048
-6.85111182653802 0.9047
-6.85109425961503 0.9046
-6.85104864479903 0.9045
-6.85100562908945 0.9044
-6.85095744399547 0.9043
-6.8508758002526 0.9042
-6.85078796599314 0.9041
-6.85070218511905 0.904
-6.85063272060517 0.9039
-6.85056507250079 0.9038
-6.8504848920993 0.9037
-6.85043112580007 0.9036
-6.85040643984643 0.9035
-6.85040265760402 0.9034
-6.85041392254974 0.9033
-6.85044980582345 0.9032
-6.85050933823392 0.9031
-6.85057185964785 0.903
-6.85062082516648 0.9029
-6.8506778817311 0.9028
-6.85074134370495 0.9027
-6.85082171986232 0.9026
-6.85089123005864 0.9025
-6.85095680862938 0.9024
-6.85101254008837 0.9023
-6.85106469988056 0.9022
-6.85115624950663 0.9021
-6.85125905508894 0.902
-6.85138794177073 0.9019
-6.85156112117701 0.9018
-6.85178707261554 0.9017
-6.85203031101013 0.9016
-6.85227949644981 0.9015
-6.85255231106963 0.9014
-6.85285352803228 0.9013
-6.85316423179155 0.9012
-6.85346950727609 0.9011
-6.85375692993409 0.901
-6.85406775252841 0.9009
-6.85434012878125 0.9008
-6.85456789555715 0.9007
-6.8547988455569 0.9006
-6.85498070877928 0.9005
-6.85515977453442 0.9004
-6.85531442211417 0.9003
-6.8554353120136 0.9002
-6.85554098797937 0.9001
-6.85563494571952 0.9
-6.85568507736487 0.8999
-6.85570137630374 0.8998
-6.85567697890164 0.8997
-6.85566209915522 0.8996
-6.85562572166217 0.8995
-6.85560484354639 0.8994
-6.85556891776105 0.8993
-6.85552789349038 0.8992
-6.85549872029339 0.8991
-6.85546600114763 0.899
-6.85541263429848 0.8989
-6.85535959760287 0.8988
-6.85529874038014 0.8987
-6.85526441990693 0.8986
-6.85520047617541 0.8985
-6.85512250295309 0.8984
-6.85500992529758 0.8983
-6.85485193077787 0.8982
-6.85471282880823 0.8981
-6.85459208052453 0.898
-6.85446148537178 0.8979
-6.85437027074917 0.8978
-6.85425932814758 0.8977
-6.85416217169476 0.8976
-6.85404712201093 0.8975
-6.85392848677872 0.8974
-6.85381706171479 0.8973
-6.85369731313211 0.8972
-6.85356509475238 0.8971
-6.85342781720059 0.897
-6.85332335661066 0.8969
-6.85319445741682 0.8968
-6.85309211369006 0.8967
-6.8529899680183 0.8966
-6.8528701399802 0.8965
-6.85277128181228 0.8964
-6.85268138269864 0.8963
-6.85257447372152 0.8962
-6.85246081514553 0.8961
-6.85233870201449 0.896
-6.85223432014551 0.8959
-6.85217343687988 0.8958
-6.85214763181042 0.8957
-6.8521233035664 0.8956
-6.85212363331927 0.8955
-6.85212237520197 0.8954
-6.85213664824285 0.8953
-6.85217836695669 0.8952
-6.8522269738419 0.8951
-6.85227598650203 0.895
-6.85232639758303 0.8949
-6.85237940147205 0.8948
-6.85241444506183 0.8947
-6.85247418570745 0.8946
-6.85252299473284 0.8945
-6.85254035302843 0.8944
-6.8525287817286 0.8943
-6.8525005647731 0.8942
-6.85246732106465 0.8941
-6.85241958829254 0.894
-6.85234431086463 0.8939
-6.85226355999513 0.8938
-6.85217242036088 0.8937
-6.85206769871826 0.8936
-6.85195867340153 0.8935
-6.85185126391843 0.8934
-6.85172777360895 0.8933
-6.85159730290176 0.8932
-6.85147870450993 0.8931
-6.85136582916745 0.893
-6.8512684496743 0.8929
-6.85119329762007 0.8928
-6.85114069448651 0.8927
-6.85110507463456 0.8926
-6.85108849142572 0.8925
-6.85106218850878 0.8924
-6.85105894856534 0.8923
-6.85108958380388 0.8922
-6.85115532097296 0.8921
-6.85125397304424 0.892
-6.85133347379234 0.8919
-6.85139044097453 0.8918
-6.85144468994763 0.8917
-6.85153220483454 0.8916
-6.85163487734756 0.8915
-6.85174880266062 0.8914
-6.85187294106171 0.8913
-6.85200713895383 0.8912
-6.85211327940045 0.8911
-6.85221516588226 0.891
-6.85227716859397 0.8909
-6.85233924887424 0.8908
-6.8524418559557 0.8907
-6.85253517765403 0.8906
-6.85264518086022 0.8905
-6.85271018759641 0.8904
-6.85278629269533 0.8903
-6.85284863619604 0.8902
-6.8528687382792 0.8901
-6.85289345703154 0.89
-6.85293834275874 0.8899
-6.85300517669254 0.8898
-6.85305224103886 0.8897
-6.8530866759005 0.8896
-6.85312160726643 0.8895
-6.85314973047138 0.8894
-6.85319395367968 0.8893
-6.85323695478248 0.8892
-6.85330302439668 0.8891
-6.85342030677521 0.889
-6.85353783907092 0.8889
-6.85363813053273 0.8888
-6.85372689143164 0.8887
-6.85388575433782 0.8886
-6.85405120656243 0.8885
-6.85422577290213 0.8884
-6.85439693589864 0.8883
-6.85457098450476 0.8882
-6.85474213580192 0.8881
-6.85491071330997 0.888
-6.85505717309683 0.8879
-6.85517874475892 0.8878
-6.85529346556638 0.8877
-6.85540368931935 0.8876
-6.85552968939501 0.8875
-6.85564060703331 0.8874
-6.85574111107423 0.8873
-6.85584248630657 0.8872
-6.85592579064891 0.8871
-6.85601314700983 0.887
-6.85607349282156 0.8869
-6.85613997285465 0.8868
-6.85620576269181 0.8867
-6.85624487206478 0.8866
-6.85624688682082 0.8865
-6.85623103261147 0.8864
-6.85621980380008 0.8863
-6.85620285866414 0.8862
-6.85619146058234 0.8861
-6.85617093998367 0.886
-6.85618089836136 0.8859
-6.85617751719555 0.8858
-6.85617360995694 0.8857
-6.85618772763184 0.8856
-6.85619502881878 0.8855
-6.85618982066386 0.8854
-6.85620554755683 0.8853
-6.8562198268054 0.8852
-6.85622228003059 0.8851
-6.85621806940485 0.885
-6.85622837365793 0.8849
-6.85626112521862 0.8848
-6.85627096334676 0.8847
-6.85625447905522 0.8846
-6.85623422404977 0.8845
-6.85622437732812 0.8844
-6.85622639233535 0.8843
-6.85624502600644 0.8842
-6.85629508246994 0.8841
-6.85636854781859 0.884
-6.85642910069799 0.8839
-6.85647608513294 0.8838
-6.85651105563773 0.8837
-6.85654830694382 0.8836
-6.85658521353462 0.8835
-6.8565778876727 0.8834
-6.85657730030353 0.8833
-6.85657778665045 0.8832
-6.85657013377481 0.8831
-6.85658756774139 0.883
-6.85656836323469 0.8829
-6.85655016392311 0.8828
-6.85651240051887 0.8827
-6.85646686992682 0.8826
-6.85643431989714 0.8825
-6.8563874713258 0.8824
-6.85633349670718 0.8823
-6.85627267474645 0.8822
-6.85620266918601 0.8821
-6.85613154483491 0.882
-6.85606868212872 0.8819
-6.85603671756003 0.8818
-6.85601721937543 0.8817
-6.85600791297082 0.8816
-6.85602169545636 0.8815
-6.85601662059217 0.8814
-6.85598952991035 0.8813
-6.85594023701649 0.8812
-6.85591527869146 0.8811
-6.85586211154616 0.881
-6.85578783910225 0.8809
-6.85570252468557 0.8808
-6.85560381861379 0.8807
-6.85546818271927 0.8806
-6.85534481089541 0.8805
-6.85520707662244 0.8804
-6.85508367896086 0.8803
-6.85494223492901 0.8802
-6.85479302417386 0.8801
-6.85463254769418 0.88
-6.85446835624183 0.8799
-6.85433085942884 0.8798
-6.85420804185089 0.8797
-6.85409507210579 0.8796
-6.8540164074461 0.8795
-6.853941644337 0.8794
-6.8538560719723 0.8793
-6.85377244517819 0.8792
-6.85369953240318 0.8791
-6.8536599979773 0.879
-6.85366023886721 0.8789
-6.85369532719889 0.8788
-6.85377430014662 0.8787
-6.85387918751297 0.8786
-6.8540139723196 0.8785
-6.85414657563535 0.8784
-6.85428475452129 0.8783
-6.85442898332938 0.8782
-6.85459362905569 0.8781
-6.85476752837051 0.878
-6.85494007750057 0.8779
-6.85511992916595 0.8778
-6.85531091417991 0.8777
-6.85551615092108 0.8776
-6.85574035642361 0.8775
-6.85597623252071 0.8774
-6.85620641053876 0.8773
-6.85644577384341 0.8772
-6.8567047815462 0.8771
-6.85698615522732 0.877
-6.85726663849677 0.8769
-6.85753867921068 0.8768
-6.85781539125837 0.8767
-6.85806933714824 0.8766
-6.85833691411754 0.8765
-6.85857271931663 0.8764
-6.85878180461946 0.8763
-6.85893760157595 0.8762
-6.85905286307988 0.8761
-6.85918135444346 0.876
-6.85929701599435 0.8759
-6.85937761290888 0.8758
-6.85940229568198 0.8757
-6.85939543734865 0.8756
-6.85937242253427 0.8755
-6.85932112663364 0.8754
-6.85925126752666 0.8753
-6.85916210534241 0.8752
-6.85906302449312 0.8751
-6.85896473645795 0.875
-6.85881550066703 0.8749
-6.85866800581853 0.8748
-6.85848670524177 0.8747
-6.85830703317452 0.8746
-6.85812167161437 0.8745
-6.85794611641614 0.8744
-6.85775582932933 0.8743
-6.85755943406883 0.8742
-6.8573904084466 0.8741
-6.85723720152766 0.874
-6.85710379336233 0.8739
-6.85697118499144 0.8738
-6.85683696448912 0.8737
-6.85672653032465 0.8736
-6.8566154513761 0.8735
-6.85652040157883 0.8734
-6.85642829188607 0.8733
-6.85633656817801 0.8732
-6.85621650525802 0.8731
-6.85610411223546 0.873
-6.85600565610856 0.8729
-6.85590245969864 0.8728
-6.85579235826745 0.8727
-6.85570630033128 0.8726
-6.85565364211386 0.8725
-6.85562617523096 0.8724
-6.85561364664293 0.8723
-6.85558513926056 0.8722
-6.85555425210487 0.8721
-6.85554303863017 0.872
-6.85554656739194 0.8719
-6.85556423812967 0.8718
-6.85559050653148 0.8717
-6.85564661908994 0.8716
-6.85570508933821 0.8715
-6.85578493527955 0.8714
-6.85586384916659 0.8713
-6.85592944421878 0.8712
-6.85599425771103 0.8711
-6.85607721526147 0.871
-6.8561499907429 0.8709
-6.85625453546357 0.8708
-6.85637589358462 0.8707
-6.85649805738806 0.8706
-6.8566390446603 0.8705
-6.85678967438102 0.8704
-6.85696795927333 0.8703
-6.85713029528896 0.8702
-6.85728974372481 0.8701
-6.85745839073466 0.87
-6.85763808785753 0.8699
-6.85782128336889 0.8698
-6.85802016167997 0.8697
-6.85822663090828 0.8696
-6.85839703698851 0.8695
-6.85854884544478 0.8694
-6.85869741433825 0.8693
-6.85879920186555 0.8692
-6.8588921418098 0.8691
-6.85896857695271 0.869
-6.85904270123564 0.8689
-6.85907809691358 0.8688
-6.85911962321173 0.8687
-6.85913964002889 0.8686
-6.85914022211981 0.8685
-6.8591277242266 0.8684
-6.8591026873248 0.8683
-6.85905958295328 0.8682
-6.85899524415631 0.8681
-6.85890199051195 0.868
-6.85878727749549 0.8679
-6.8586754173591 0.8678
-6.85856800880272 0.8677
-6.85846911407483 0.8676
-6.85840107691148 0.8675
-6.85835190020707 0.8674
-6.85830162714489 0.8673
-6.8582396799529 0.8672
-6.85818069031466 0.8671
-6.85808967409332 0.867
-6.85801971213926 0.8669
-6.85793836475479 0.8668
-6.85787505497473 0.8667
-6.85783528023157 0.8666
-6.85784411948833 0.8665
-6.8578767868382 0.8664
-6.85789704989679 0.8663
-6.85793842222991 0.8662
-6.85797829002054 0.8661
-6.85802750598638 0.866
-6.85808189341178 0.8659
-6.85813578143582 0.8658
-6.85819338745022 0.8657
-6.85824132530158 0.8656
-6.85832922459022 0.8655
-6.85843762675313 0.8654
-6.85858195633094 0.8653
-6.85871687668684 0.8652
-6.85883917351178 0.8651
-6.85897162882384 0.865
-6.85911127720149 0.8649
-6.85925064493081 0.8648
-6.8593905637869 0.8647
-6.85951282006574 0.8646
-6.85962424977771 0.8645
-6.85971878518437 0.8644
-6.85982465345911 0.8643
-6.85989445072197 0.8642
-6.8599573973946 0.8641
-6.8599864580135 0.864
-6.86000328317378 0.8639
-6.86001773008025 0.8638
-6.86003241558786 0.8637
-6.86007619484666 0.8636
-6.8601234816512 0.8635
-6.8601815748913 0.8634
-6.86027064868781 0.8633
-6.86036621647458 0.8632
-6.8604725163515 0.8631
-6.86060249291593 0.863
-6.86073680224133 0.8629
-6.8609075230604 0.8628
-6.86105148023274 0.8627
-6.86116251186576 0.8626
-6.86128666267595 0.8625
-6.86140292886068 0.8624
-6.86150047797386 0.8623
-6.86160162055297 0.8622
-6.86168211140321 0.8621
-6.86172970986353 0.862
-6.86172755642852 0.8619
-6.86170066207204 0.8618
-6.86163904805436 0.8617
-6.86154767400634 0.8616
-6.86145465143487 0.8615
-6.86135388884136 0.8614
-6.86125865179664 0.8613
-6.86115963734537 0.8612
-6.86108536731799 0.8611
-6.86101656899413 0.861
-6.86093552337716 0.8609
-6.86087010651273 0.8608
-6.86081485252585 0.8607
-6.8607646809047 0.8606
-6.86073896851303 0.8605
-6.86071133432377 0.8604
-6.86070712416829 0.8603
-6.86069653386452 0.8602
-6.86068179424362 0.8601
-6.86066634959658 0.86
-6.86065443007737 0.8599
-6.86065877133853 0.8598
-6.8606625696399 0.8597
-6.86069050895028 0.8596
-6.86073040670864 0.8595
-6.86076143126666 0.8594
-6.86078035023721 0.8593
-6.86080151475513 0.8592
-6.86081891461584 0.8591
-6.86083547559047 0.859
-6.86085666137705 0.8589
-6.86088223588693 0.8588
-6.86091545325426 0.8587
-6.86097267312092 0.8586
-6.86104471203913 0.8585
-6.86112383079512 0.8584
-6.86120872801235 0.8583
-6.86127833963354 0.8582
-6.86135343210691 0.8581
-6.8614248570592 0.858
-6.8614945319938 0.8579
-6.861575686104 0.8578
-6.8616568380845 0.8577
-6.86171179313063 0.8576
-6.86175188562608 0.8575
-6.86179819634798 0.8574
-6.86182401849966 0.8573
-6.86185239577903 0.8572
-6.86184976100271 0.8571
-6.86184542926958 0.857
-6.86182523467378 0.8569
-6.86180673093715 0.8568
-6.86178513398716 0.8567
-6.86174767982903 0.8566
-6.86170098724272 0.8565
-6.86163600867672 0.8564
-6.86156097951475 0.8563
-6.86148641483452 0.8562
-6.86140598782305 0.8561
-6.86133535508564 0.856
-6.86126959729328 0.8559
-6.86123533479616 0.8558
-6.86121326358731 0.8557
-6.86121814204572 0.8556
-6.86123951064025 0.8555
-6.86124005105587 0.8554
-6.86129707375478 0.8553
-6.86136696398172 0.8552
-6.86144455117319 0.8551
-6.86153706560526 0.855
-6.86164828736176 0.8549
-6.86176357212143 0.8548
-6.86188758188532 0.8547
-6.86197554406973 0.8546
-6.86202530164728 0.8545
-6.86206073345231 0.8544
-6.86210202635829 0.8543
-6.86216207653295 0.8542
-6.862215028051 0.8541
-6.8622498646018 0.854
-6.86230092088205 0.8539
-6.86235135821491 0.8538
-6.86241053474998 0.8537
-6.86245377099126 0.8536
-6.86251495231887 0.8535
-6.86253731999123 0.8534
-6.8625827891502 0.8533
-6.86262440952867 0.8532
-6.86263121466994 0.8531
-6.86263505963607 0.853
-6.8626286292011 0.8529
-6.86260625958554 0.8528
-6.86258871252794 0.8527
-6.86259080530872 0.8526
-6.86257802625349 0.8525
-6.86255491603582 0.8524
-6.86251834055554 0.8523
-6.86248282417569 0.8522
-6.86243523209645 0.8521
-6.86237198471737 0.852
-6.86230222135023 0.8519
-6.86226599054698 0.8518
-6.86222957548549 0.8517
-6.86219830227806 0.8516
-6.86216779576634 0.8515
-6.86213292327013 0.8514
-6.86209708490105 0.8513
-6.86207743375101 0.8512
-6.86205965319056 0.8511
-6.86204305248647 0.851
-6.86201429041305 0.8509
-6.86198949409943 0.8508
-6.86198335508387 0.8507
-6.86197082304634 0.8506
-6.86197257542387 0.8505
-6.86199011441294 0.8504
-6.86198740245226 0.8503
-6.86198612247261 0.8502
-6.86198045275288 0.8501
-6.86197202066164 0.85
-6.86193971371052 0.8499
-6.86191187639131 0.8498
-6.86188687714343 0.8497
-6.86185149969453 0.8496
-6.86181881589738 0.8495
-6.86180068683465 0.8494
-6.86178187407127 0.8493
-6.86176856823418 0.8492
-6.86175974822286 0.8491
-6.86174347480696 0.849
-6.86173143666235 0.8489
-6.86171984717457 0.8488
-6.86171686676245 0.8487
-6.86172072936701 0.8486
-6.86173247015024 0.8485
-6.86178088745227 0.8484
-6.86183937233569 0.8483
-6.86190746289372 0.8482
-6.86195239926643 0.8481
-6.86200170764964 0.848
-6.86204205260491 0.8479
-6.86205357343506 0.8478
-6.86205169036423 0.8477
-6.8620455097516 0.8476
-6.86201813081685 0.8475
-6.86197284499501 0.8474
-6.86192549266628 0.8473
-6.86185631170695 0.8472
-6.86175655445966 0.8471
-6.86164701472048 0.847
-6.86158034223098 0.8469
-6.86150467766858 0.8468
-6.86142563552224 0.8467
-6.861338274896 0.8466
-6.86125263306751 0.8465
-6.86118234541019 0.8464
-6.8611004796623 0.8463
-6.86101911854268 0.8462
-6.86094386650686 0.8461
-6.86091391934054 0.846
-6.86088671441837 0.8459
-6.86091873698872 0.8458
-6.86096550756863 0.8457
-6.8610515821887 0.8456
-6.86116573965311 0.8455
-6.86127168781544 0.8454
-6.86140796486088 0.8453
-6.86155545937462 0.8452
-6.86169830872723 0.8451
-6.86185023030501 0.845
-6.86201138727237 0.8449
-6.86216182559573 0.8448
-6.86230498025241 0.8447
-6.86245748196388 0.8446
-6.86262397907739 0.8445
-6.86281215876588 0.8444
-6.86299924177071 0.8443
-6.86318259739219 0.8442
-6.86336126899068 0.8441
-6.86351808604991 0.844
-6.86368744242494 0.8439
-6.86382982107658 0.8438
-6.86396862880442 0.8437
-6.86408810781659 0.8436
-6.86419638568745 0.8435
-6.86427540930498 0.8434
-6.86432552829602 0.8433
-6.86436782990345 0.8432
-6.86440753224826 0.8431
-6.86438349863917 0.843
-6.86437091631062 0.8429
-6.86436572525246 0.8428
-6.86437323162036 0.8427
-6.86438019355897 0.8426
-6.86435381388368 0.8425
-6.86430470424758 0.8424
-6.86425463599261 0.8423
-6.86420914030177 0.8422
-6.86416537231215 0.8421
-6.86411938765562 0.842
-6.86409306920598 0.8419
-6.86405847273777 0.8418
-6.8640377651911 0.8417
-6.86400332811538 0.8416
-6.86394075560367 0.8415
-6.86388411306737 0.8414
-6.86383526738372 0.8413
-6.86377487706758 0.8412
-6.86371305576022 0.8411
-6.86366097880152 0.841
-6.86360402681477 0.8409
-6.86357388708266 0.8408
-6.86354897165144 0.8407
-6.8635174454356 0.8406
-6.86351008685619 0.8405
-6.86351509215263 0.8404
-6.8635289569495 0.8403
-6.86354982443995 0.8402
-6.86360659742361 0.8401
-6.86365193244662 0.84
-6.86369017285274 0.8399
-6.86375865719012 0.8398
-6.8638479965271 0.8397
-6.86395418475684 0.8396
-6.86406277107231 0.8395
-6.86416824917775 0.8394
-6.86428998210057 0.8393
-6.86442780434244 0.8392
-6.86457647630154 0.8391
-6.86472275425577 0.839
-6.86485392086165 0.8389
-6.86498314217832 0.8388
-6.86512024570728 0.8387
-6.86522974504395 0.8386
-6.86530799694618 0.8385
-6.86537539749741 0.8384
-6.86545503513448 0.8383
-6.86548015735292 0.8382
-6.86547830543823 0.8381
-6.86545535243619 0.838
-6.86543646153981 0.8379
-6.86540949837055 0.8378
-6.86536580231097 0.8377
-6.86533058590492 0.8376
-6.86527252429056 0.8375
-6.86521442494286 0.8374
-6.86515195480247 0.8373
-6.86511015290762 0.8372
-6.86509021081307 0.8371
-6.86509472466155 0.837
-6.86508991309912 0.8369
-6.86508941440638 0.8368
-6.86506572663318 0.8367
-6.86505182764419 0.8366
-6.86505742085872 0.8365
-6.86504936272613 0.8364
-6.86505233816368 0.8363
-6.86503414349384 0.8362
-6.86502169846827 0.8361
-6.86500559341199 0.836
-6.86497890105057 0.8359
-6.86494691904284 0.8358
-6.86491713592404 0.8357
-6.86486951966479 0.8356
-6.86482559621883 0.8355
-6.86478375546036 0.8354
-6.86474638713524 0.8353
-6.86471113239246 0.8352
-6.86467134021989 0.8351
-6.86464372345112 0.835
-6.86462040228601 0.8349
-6.86461536448064 0.8348
-6.86460533998246 0.8347
-6.86458008244525 0.8346
-6.86454248484505 0.8345
-6.86451242697956 0.8344
-6.86447306579738 0.8343
-6.86440888892961 0.8342
-6.86435234933254 0.8341
-6.86428747331379 0.834
-6.8641902546303 0.8339
-6.86408042482141 0.8338
-6.86397812710523 0.8337
-6.86387946625412 0.8336
-6.8637903871415 0.8335
-6.86370754865845 0.8334
-6.86363957480402 0.8333
-6.86357807170295 0.8332
-6.86351184484908 0.8331
-6.86343599046704 0.833
-6.86338249270197 0.8329
-6.86331672653395 0.8328
-6.86325710013063 0.8327
-6.86319739850527 0.8326
-6.86316506448022 0.8325
-6.86315476445807 0.8324
-6.86313503175757 0.8323
-6.86312978403829 0.8322
-6.86313895541786 0.8321
-6.86314488219493 0.832
-6.86313640087166 0.8319
-6.86312947815478 0.8318
-6.86314812943276 0.8317
-6.86317122751714 0.8316
-6.8632179535338 0.8315
-6.86327730120734 0.8314
-6.86333810230353 0.8313
-6.86340085980454 0.8312
-6.86346754912094 0.8311
-6.86353603353575 0.831
-6.86360497020108 0.8309
-6.86368364839259 0.8308
-6.86376019443253 0.8307
-6.8638485204785 0.8306
-6.86395194155303 0.8305
-6.86405105500897 0.8304
-6.8642042900408 0.8303
-6.86436092647731 0.8302
-6.8645236409764 0.8301
-6.86467635166427 0.83
-6.86483251974853 0.8299
-6.86501281874452 0.8298
-6.865199871583 0.8297
-6.86539471078874 0.8296
-6.8655915661247 0.8295
-6.86575925730583 0.8294
-6.8659428357594 0.8293
-6.86612697154655 0.8292
-6.86630700593478 0.8291
-6.86648307474227 0.829
-6.86662112344026 0.8289
-6.86674371633987 0.8288
-6.8668790385954 0.8287
-6.86702011237496 0.8286
-6.86714171660091 0.8285
-6.86727040554657 0.8284
-6.86737489478979 0.8283
-6.86745806210029 0.8282
-6.86753219763647 0.8281
-6.86758827478325 0.828
-6.86762411775225 0.8279
-6.86765438966862 0.8278
-6.86768213437658 0.8277
-6.86766016233863 0.8276
-6.86763301810967 0.8275
-6.86758994744268 0.8274
-6.86752758821072 0.8273
-6.86748566185229 0.8272
-6.86744201264449 0.8271
-6.86739392189332 0.827
-6.8673529479323 0.8269
-6.86734306544932 0.8268
-6.86733838774174 0.8267
-6.86734144762786 0.8266
-6.8673516351494 0.8265
-6.86736355614536 0.8264
-6.86736381817614 0.8263
-6.86738561731927 0.8262
-6.8674184408802 0.8261
-6.86744141342652 0.826
-6.86745831980371 0.8259
-6.86747750949709 0.8258
-6.86748363081494 0.8257
-6.867521095365 0.8256
-6.8675617209366 0.8255
-6.86761441191689 0.8254
-6.86764688626325 0.8253
-6.86766312895907 0.8252
-6.86766481727358 0.8251
-6.86766484501865 0.825
-6.86767824069707 0.8249
-6.86766654307262 0.8248
-6.86764038237205 0.8247
-6.86765251150296 0.8246
-6.86766282045393 0.8245
-6.86764443348636 0.8244
-6.86762024331415 0.8243
-6.86759114209883 0.8242
-6.86755065324057 0.8241
-6.86751737250628 0.824
-6.86748972114353 0.8239
-6.86746803555276 0.8238
-6.86747475888099 0.8237
-6.86746586967817 0.8236
-6.86745597830208 0.8235
-6.86742201155628 0.8234
-6.86735283972524 0.8233
-6.86727191595976 0.8232
-6.86717622106371 0.8231
-6.86707167137008 0.823
-6.8669519170458 0.8229
-6.86684651891254 0.8228
-6.86673323513097 0.8227
-6.86661729523069 0.8226
-6.86647779324282 0.8225
-6.86632556027604 0.8224
-6.86615095642146 0.8223
-6.86596736161909 0.8222
-6.86578428644064 0.8221
-6.86562981567979 0.822
-6.8654892830636 0.8219
-6.86538295611144 0.8218
-6.86531008776342 0.8217
-6.86525186011949 0.8216
-6.86521571293684 0.8215
-6.86521672783294 0.8214
-6.86525058018566 0.8213
-6.86530587663533 0.8212
-6.86537198964007 0.8211
-6.865458417895 0.821
-6.86555703437587 0.8209
-6.86567673708918 0.8208
-6.86579538308308 0.8207
-6.86593071592901 0.8206
-6.8660774183057 0.8205
-6.86624917852794 0.8204
-6.86640592143948 0.8203
-6.86656657284016 0.8202
-6.86674035116935 0.8201
-6.86688632251114 0.82
-6.86701954638874 0.8199
-6.86713338330635 0.8198
-6.86725116563061 0.8197
-6.86737743967435 0.8196
-6.86751386749776 0.8195
-6.86765938447464 0.8194
-6.86778269491327 0.8193
-6.86790161223329 0.8192
-6.86801188015009 0.8191
-6.86810352539622 0.819
-6.86819732369428 0.8189
-6.86829828395651 0.8188
-6.86839131274491 0.8187
-6.86848813753631 0.8186
-6.86858061871585 0.8185
-6.86865899506523 0.8184
-6.86874789154158 0.8183
-6.8688560870128 0.8182
-6.86896349390474 0.8181
-6.86907607356471 0.818
-6.86919656958958 0.8179
-6.86930763728212 0.8178
-6.86942134795367 0.8177
-6.86953214740033 0.8176
-6.86962418454877 0.8175
-6.86970050187491 0.8174
-6.86977216526538 0.8173
-6.86982332252516 0.8172
-6.86984885791781 0.8171
-6.86984820660874 0.817
-6.86983699219519 0.8169
-6.86982035655646 0.8168
-6.86979848843509 0.8167
-6.86977496646599 0.8166
-6.86973048963194 0.8165
-6.86965862884635 0.8164
-6.86957626026031 0.8163
-6.86950034452956 0.8162
-6.86941909756191 0.8161
-6.86935319539677 0.816
-6.86927175880413 0.8159
-6.86918710405958 0.8158
-6.86912027164868 0.8157
-6.86905631455241 0.8156
-6.86896860413505 0.8155
-6.86892009140074 0.8154
-6.86887800669134 0.8153
-6.86881858921758 0.8152
-6.86876488990115 0.8151
-6.86871794426163 0.815
-6.86868156326351 0.8149
-6.86864671700109 0.8148
-6.86864959833277 0.8147
-6.86866295230685 0.8146
-6.86869617079941 0.8145
-6.86872275794475 0.8144
-6.86876540704732 0.8143
-6.86883580752339 0.8142
-6.86890550939141 0.8141
-6.8689818913375 0.814
-6.86904839699614 0.8139
-6.86911769330393 0.8138
-6.86918478961815 0.8137
-6.86926001202741 0.8136
-6.86933846827327 0.8135
-6.86941598143989 0.8134
-6.86946945521374 0.8133
-6.86951107843694 0.8132
-6.86952021104237 0.8131
-6.8694963492721 0.813
-6.86946874026961 0.8129
-6.86944733800286 0.8128
-6.86943725141847 0.8127
-6.86943120203176 0.8126
-6.86941584515421 0.8125
-6.86940584072589 0.8124
-6.86940884721234 0.8123
-6.86940941326562 0.8122
-6.86943067937654 0.8121
-6.86946199494386 0.812
-6.86947344326502 0.8119
-6.8694709855287 0.8118
-6.86948139306765 0.8117
-6.8694872852274 0.8116
-6.86951463323155 0.8115
-6.86954908922935 0.8114
-6.8695838178649 0.8113
-6.86960904894977 0.8112
-6.8696461940846 0.8111
-6.86967667792578 0.811
-6.86971898706967 0.8109
-6.86976726128565 0.8108
-6.86983486016092 0.8107
-6.86994080814525 0.8106
-6.87006403129941 0.8105
-6.87020068361433 0.8104
-6.87033200584527 0.8103
-6.87046336184568 0.8102
-6.87059107270744 0.8101
-6.87069361361294 0.81
-6.8707995801337 0.8099
-6.87088999518702 0.8098
-6.87095929258021 0.8097
-6.8709920998669 0.8096
-6.87101847413339 0.8095
-6.87104017949252 0.8094
-6.87104751529078 0.8093
-6.8710664649849 0.8092
-6.87110195917371 0.8091
-6.87113277859088 0.809
-6.87116213743947 0.8089
-6.87117017525753 0.8088
-6.87116779106429 0.8087
-6.8711631912287 0.8086
-6.871159154326 0.8085
-6.87115339052947 0.8084
-6.87115895557819 0.8083
-6.87115021951137 0.8082
-6.87114804319961 0.8081
-6.87114729648045 0.808
-6.87116213949276 0.8079
-6.87116296179364 0.8078
-6.87112869293932 0.8077
-6.87109981291526 0.8076
-6.87106987158345 0.8075
-6.8710389536019 0.8074
-6.87105281960234 0.8073
-6.87106549329564 0.8072
-6.8710971079347 0.8071
-6.87114278161538 0.807
-6.87120294363341 0.8069
-6.87124541773872 0.8068
-6.87129028998215 0.8067
-6.87134441987548 0.8066
-6.87141979885354 0.8065
-6.87150327121882 0.8064
-6.87158295542428 0.8063
-6.87165301053061 0.8062
-6.87174781380028 0.8061
-6.87183585668532 0.806
-6.87192455297042 0.8059
-6.87201786480714 0.8058
-6.87214251411966 0.8057
-6.8722853052236 0.8056
-6.87244351793154 0.8055
-6.87261282686521 0.8054
-6.87274310158439 0.8053
-6.87288133520365 0.8052
-6.8730419097013 0.8051
-6.87319204634244 0.805
-6.87332176898986 0.8049
-6.87345523919556 0.8048
-6.87358399214096 0.8047
-6.87370298922656 0.8046
-6.87382667551236 0.8045
-6.8739617325111 0.8044
-6.87409234168133 0.8043
-6.874205521858 0.8042
-6.8743353025756 0.8041
-6.87446061232837 0.804
-6.87458872613155 0.8039
-6.87469293035847 0.8038
-6.87477673522327 0.8037
-6.87484021474319 0.8036
-6.87489077074572 0.8035
-6.87491859642638 0.8034
-6.874922983757 0.8033
-6.8749444933439 0.8032
-6.87496237355036 0.8031
-6.87497677732402 0.803
-6.87499524595652 0.8029
-6.87501484980908 0.8028
-6.87504979296872 0.8027
-6.87506604208383 0.8026
-6.87505854731124 0.8025
-6.8750597971827 0.8024
-6.87506509371093 0.8023
-6.87509000489883 0.8022
-6.87510182680355 0.8021
-6.8751125447593 0.802
-6.87512052247554 0.8019
-6.87513707242123 0.8018
-6.87514057942386 0.8017
-6.87513875998432 0.8016
-6.87512777164675 0.8015
-6.87510681806118 0.8014
-6.87510443040895 0.8013
-6.87508394594085 0.8012
-6.87506019184102 0.8011
-6.875020559992 0.801
-6.8749850313275 0.8009
-6.87493808461766 0.8008
-6.87488224147795 0.8007
-6.87481177247947 0.8006
-6.87472873471312 0.8005
-6.87464215793668 0.8004
-6.87454790656029 0.8003
-6.87445338513671 0.8002
-6.87434526594517 0.8001
-6.87424328826416 0.8
-6.8741570850979 0.7999
-6.87408539454502 0.7998
-6.87403826964177 0.7997
-6.87401235879709 0.7996
-6.87400570167155 0.7995
-6.8740050036775 0.7994
-6.87399142541978 0.7993
-6.87394583092437 0.7992
-6.8739128846442 0.7991
-6.87389522373112 0.799
-6.87387648709047 0.7989
-6.87385569122553 0.7988
-6.87384622614548 0.7987
-6.87382038438696 0.7986
-6.87380868202531 0.7985
-6.87378877754239 0.7984
-6.87378753902894 0.7983
-6.87380714396165 0.7982
-6.87382499293386 0.7981
-6.87384053022783 0.798
-6.8738969569891 0.7979
-6.8739368531924 0.7978
-6.87397621775648 0.7977
-6.8740086288371 0.7976
-6.87404561159651 0.7975
-6.87407935390492 0.7974
-6.8741384249396 0.7973
-6.87420003227271 0.7972
-6.87428836616571 0.7971
-6.87438266020341 0.797
-6.87449374703822 0.7969
-6.87462385918942 0.7968
-6.87475538125634 0.7967
-6.87491358682118 0.7966
-6.87509015112053 0.7965
-6.87526650746876 0.7964
-6.87544544868996 0.7963
-6.87562778368846 0.7962
-6.87580984179482 0.7961
-6.87598082005266 0.796
-6.87615703361925 0.7959
-6.87630073259163 0.7958
-6.87643718680756 0.7957
-6.8765694871459 0.7956
-6.87665725736191 0.7955
-6.87672579139116 0.7954
-6.87675812680089 0.7953
-6.8767637603852 0.7952
-6.8767510609174 0.7951
-6.87672230611546 0.795
-6.87668081305102 0.7949
-6.87664498453248 0.7948
-6.87659462955498 0.7947
-6.87652265545219 0.7946
-6.87643381387808 0.7945
-6.8763504118355 0.7944
-6.87625573343528 0.7943
-6.87617016064563 0.7942
-6.87608743518751 0.7941
-6.87602629687184 0.794
-6.87596748863132 0.7939
-6.87591477777739 0.7938
-6.8758800165587 0.7937
-6.87582665253118 0.7936
-6.87578437256932 0.7935
-6.87574782742959 0.7934
-6.87572158021667 0.7933
-6.87569923578599 0.7932
-6.8756610891822 0.7931
-6.87564807429644 0.793
-6.87564879550889 0.7929
-6.87566815407758 0.7928
-6.87566462807736 0.7927
-6.87567000475345 0.7926
-6.8756795652812 0.7925
-6.87570547725826 0.7924
-6.87575326034153 0.7923
-6.87579908731053 0.7922
-6.87583432030314 0.7921
-6.87586578393488 0.792
-6.87589079885005 0.7919
-6.8759045125158 0.7918
-6.87591412147913 0.7917
-6.87594175959445 0.7916
-6.87597109393228 0.7915
-6.87598906459839 0.7914
-6.8759751441118 0.7913
-6.87593958750745 0.7912
-6.87590860703041 0.7911
-6.87585270974976 0.791
-6.87578086450265 0.7909
-6.87567992579706 0.7908
-6.87557519433738 0.7907
-6.87546722266226 0.7906
-6.8753278204477 0.7905
-6.87521653795678 0.7904
-6.87510324428749 0.7903
-6.87496577415041 0.7902
-6.87483076339243 0.7901
-6.8746945123507 0.79
-6.87456257258019 0.7899
-6.87446380036864 0.7898
-6.87436567553876 0.7897
-6.87429960007539 0.7896
-6.87424854501201 0.7895
-6.87421375860604 0.7894
-6.87419969016879 0.7893
-6.87419672763298 0.7892
-6.87422314532454 0.7891
-6.87428632775201 0.789
-6.87437628743596 0.7889
-6.87449859017353 0.7888
-6.87463283250348 0.7887
-6.8748077599331 0.7886
-6.874990223872 0.7885
-6.87521936239397 0.7884
-6.87546207179756 0.7883
-6.87569375279122 0.7882
-6.87590456034074 0.7881
-6.87612485981795 0.788
-6.87632457691556 0.7879
-6.87650584653092 0.7878
-6.87666155316516 0.7877
-6.87680526551177 0.7876
-6.87693100627718 0.7875
-6.87703310222643 0.7874
-6.87708715054963 0.7873
-6.87709696526999 0.7872
-6.87706496403197 0.7871
-6.87700294976559 0.787
-6.87692500569081 0.7869
-6.87682528032662 0.7868
-6.8767331296159 0.7867
-6.87662243587675 0.7866
-6.87650720325177 0.7865
-6.87639138864682 0.7864
-6.87628740269035 0.7863
-6.8761810350894 0.7862
-6.87609100973252 0.7861
-6.87599154941105 0.786
-6.87593276442172 0.7859
-6.87588048468661 0.7858
-6.87584324477004 0.7857
-6.87580162719537 0.7856
-6.87578231927793 0.7855
-6.87577243074459 0.7854
-6.87580470579331 0.7853
-6.87587343853745 0.7852
-6.87596092938141 0.7851
-6.87609389725479 0.785
-6.87623111728543 0.7849
-6.87640746481381 0.7848
-6.87659337614691 0.7847
-6.87678531358376 0.7846
-6.87700075439939 0.7845
-6.8772238780608 0.7844
-6.87746137941474 0.7843
-6.87771608548669 0.7842
-6.8779822908484 0.7841
-6.87820637216848 0.784
-6.87842973457766 0.7839
-6.87863751246709 0.7838
-6.8788174636498 0.7837
-6.87897952173791 0.7836
-6.87912056122344 0.7835
-6.87923164686984 0.7834
-6.87931113677188 0.7833
-6.87936692148074 0.7832
-6.87939247796124 0.7831
-6.87937197084265 0.783
-6.87931109691802 0.7829
-6.87919428618875 0.7828
-6.87903787252722 0.7827
-6.87884108269153 0.7826
-6.8786120558126 0.7825
-6.87837493135663 0.7824
-6.87810391496553 0.7823
-6.87781336583365 0.7822
-6.87752353368566 0.7821
-6.87724748099154 0.782
-6.87695712120581 0.7819
-6.87668901909832 0.7818
-6.87640793723516 0.7817
-6.87614582051676 0.7816
-6.87590158379807 0.7815
-6.87566661471351 0.7814
-6.87543881948177 0.7813
-6.87522467244345 0.7812
-6.8750262366001 0.7811
-6.87486589656604 0.781
-6.87472585002149 0.7809
-6.87462517026226 0.7808
-6.87454955038542 0.7807
-6.8745081782134 0.7806
-6.87448311911499 0.7805
-6.87445524618344 0.7804
-6.87442247570061 0.7803
-6.87440617353083 0.7802
-6.87439049868628 0.7801
-6.87438593444652 0.78
-6.87440080042554 0.7799
-6.87444593753149 0.7798
-6.87449787831617 0.7797
-6.87455481106906 0.7796
-6.87462486620027 0.7795
-6.87470263234187 0.7794
-6.87475540751074 0.7793
-6.87482148587522 0.7792
-6.87488107282745 0.7791
-6.87495347137182 0.779
-6.87503455740033 0.7789
-6.87513245866592 0.7788
-6.87523821381904 0.7787
-6.87538290297139 0.7786
-6.87555391894713 0.7785
-6.87573907357913 0.7784
-6.87594636356373 0.7783
-6.87614267645315 0.7782
-6.87635206444717 0.7781
-6.87655192987127 0.778
-6.87674159988365 0.7779
-6.87691138173888 0.7778
-6.87706818242463 0.7777
-6.87721084243846 0.7776
-6.87732769493289 0.7775
-6.87741710547926 0.7774
-6.87747932665032 0.7773
-6.87751959762419 0.7772
-6.87752932426617 0.7771
-6.87750288714724 0.777
-6.87749140101502 0.7769
-6.87745269828812 0.7768
-6.87737576585907 0.7767
-6.87726919601978 0.7766
-6.87712783768495 0.7765
-6.8769808916017 0.7764
-6.8768240133612 0.7763
-6.87663480815975 0.7762
-6.87645574322959 0.7761
-6.87626905245427 0.776
-6.87605631418963 0.7759
-6.8758847582178 0.7758
-6.87572314603182 0.7757
-6.87557955627989 0.7756
-6.87545259958217 0.7755
-6.87533817259665 0.7754
-6.87523980335776 0.7753
-6.87518455927792 0.7752
-6.87516804810813 0.7751
-6.87517868839601 0.775
-6.87521013154207 0.7749
-6.87526059842667 0.7748
-6.87530216166654 0.7747
-6.87537210566737 0.7746
-6.87547770651129 0.7745
-6.87560259254885 0.7744
-6.87574196476991 0.7743
-6.87587969575143 0.7742
-6.87602308979461 0.7741
-6.87616528321224 0.774
-6.87629860388241 0.7739
-6.87643781274581 0.7738
-6.87656363965557 0.7737
-6.87669300117417 0.7736
-6.876807457719 0.7735
-6.87692800843771 0.7734
-6.87706827822353 0.7733
-6.87720619429435 0.7732
-6.87736394228015 0.7731
-6.87752020504949 0.773
-6.87765801638508 0.7729
-6.87778009196375 0.7728
-6.87788936824103 0.7727
-6.87798148122762 0.7726
-6.87804746527843 0.7725
-6.8780872961559 0.7724
-6.87811058529413 0.7723
-6.87812071459033 0.7722
-6.87811837391735 0.7721
-6.87810405520224 0.772
-6.87807764387626 0.7719
-6.87802796532212 0.7718
-6.87795386670088 0.7717
-6.87789949741053 0.7716
-6.87784605177465 0.7715
-6.87777842565774 0.7714
-6.8777212560828 0.7713
-6.87767015771387 0.7712
-6.87765105656775 0.7711
-6.87765583004022 0.771
-6.87765974778194 0.7709
-6.877681249419 0.7708
-6.87769120016723 0.7707
-6.87769860535506 0.7706
-6.8777122378963 0.7705
-6.87773971840891 0.7704
-6.87776190623125 0.7703
-6.87777609458497 0.7702
-6.87779548859624 0.7701
-6.87783094824027 0.77
-6.87787217481982 0.7699
-6.87793017978166 0.7698
-6.87799217368456 0.7697
-6.87807895362466 0.7696
-6.87816800842119 0.7695
-6.87824166781794 0.7694
-6.87830033695963 0.7693
-6.87837173073796 0.7692
-6.87843775518923 0.7691
-6.87850972780332 0.769
-6.8786036435507 0.7689
-6.878725051724 0.7688
-6.87884658202181 0.7687
-6.87895121286529 0.7686
-6.87904352621381 0.7685
-6.87912881119918 0.7684
-6.87920852554771 0.7683
-6.87925629475902 0.7682
-6.87928641957276 0.7681
-6.87929022077034 0.768
-6.87925892699249 0.7679
-6.87916619173145 0.7678
-6.87903760493765 0.7677
-6.87888336091057 0.7676
-6.87870495259279 0.7675
-6.87852553621362 0.7674
-6.8783350745937 0.7673
-6.87814355045408 0.7672
-6.87793336440154 0.7671
-6.87771493367964 0.767
-6.87748617079319 0.7669
-6.87726088929263 0.7668
-6.87704166788831 0.7667
-6.87683792012564 0.7666
-6.87663663203683 0.7665
-6.87643444949149 0.7664
-6.87626008607948 0.7663
-6.87609520293805 0.7662
-6.87592260354048 0.7661
-6.87579159042433 0.766
-6.87568852435867 0.7659
-6.87562605648515 0.7658
-6.87562046603898 0.7657
-6.87566235244088 0.7656
-6.87576418744123 0.7655
-6.87590160230286 0.7654
-6.87608632756319 0.7653
-6.87629400447242 0.7652
-6.87655268195443 0.7651
-6.87683157546493 0.765
-6.87712511793561 0.7649
-6.87742308127427 0.7648
-6.87773780334715 0.7647
-6.87805224782703 0.7646
-6.87836742764259 0.7645
-6.87867904421983 0.7644
-6.87898484176471 0.7643
-6.87927063703239 0.7642
-6.87953851914217 0.7641
-6.87981106978144 0.764
-6.88007442122747 0.7639
-6.88029816155813 0.7638
-6.8805021094044 0.7637
-6.88068631261249 0.7636
-6.8808027963353 0.7635
-6.88088813281326 0.7634
-6.8809354883963 0.7633
-6.88096175650237 0.7632
-6.88096144383453 0.7631
-6.88092690762418 0.763
-6.8808777593704 0.7629
-6.88083529169173 0.7628
-6.88075604337965 0.7627
-6.88064397906987 0.7626
-6.8805201641275 0.7625
-6.880376942161 0.7624
-6.88022625278346 0.7623
-6.88006647054523 0.7622
-6.87991806006095 0.7621
-6.87975972166316 0.762
-6.87962246710138 0.7619
-6.87948876975747 0.7618
-6.87938936484469 0.7617
-6.87932420241197 0.7616
-6.87927283077579 0.7615
-6.87923681936329 0.7614
-6.87920937783659 0.7613
-6.87919439854254 0.7612
-6.87921269168258 0.7611
-6.87924664973649 0.761
-6.87931726521748 0.7609
-6.87941140572207 0.7608
-6.87953299564338 0.7607
-6.87968075464717 0.7606
-6.87983756074018 0.7605
-6.88000116323873 0.7604
-6.88016773341682 0.7603
-6.8803421463237 0.7602
-6.88051214499425 0.7601
-6.88066806705227 0.76
-6.880817600939 0.7599
-6.88093452492699 0.7598
-6.88102381907742 0.7597
-6.88109587974406 0.7596
-6.88113960903617 0.7595
-6.88115189133802 0.7594
-6.88114709122325 0.7593
-6.88111074370572 0.7592
-6.88110112389927 0.7591
-6.88108381459641 0.759
-6.88104827939802 0.7589
-6.88102255901558 0.7588
-6.8809790049868 0.7587
-6.88093411612006 0.7586
-6.88086488198739 0.7585
-6.88078418432696 0.7584
-6.88069601221814 0.7583
-6.88061038141021 0.7582
-6.88054187368853 0.7581
-6.88048014561788 0.758
-6.8804050049336 0.7579
-6.88033997429967 0.7578
-6.88026416610989 0.7577
-6.88022105886101 0.7576
-6.88015886925124 0.7575
-6.88009775889305 0.7574
-6.88006455964907 0.7573
-6.8800496845135 0.7572
-6.8800239490172 0.7571
-6.88001137081599 0.757
-6.88002906988343 0.7569
-6.88005243788142 0.7568
-6.88008862807186 0.7567
-6.8801179544503 0.7566
-6.8801482428741 0.7565
-6.88016187839036 0.7564
-6.88017489673354 0.7563
-6.8801859992643 0.7562
-6.88018748466063 0.7561
-6.88018632372593 0.756
-6.88018334151836 0.7559
-6.88019983992818 0.7558
-6.88021667886797 0.7557
-6.8802312447584 0.7556
-6.88025228118191 0.7555
-6.8802759350846 0.7554
-6.88028317683597 0.7553
-6.88029515962487 0.7552
-6.88029716369299 0.7551
-6.88031198620009 0.755
-6.88032552642461 0.7549
-6.88034213802477 0.7548
-6.88035177977894 0.7547
-6.88034135614161 0.7546
-6.8803159342566 0.7545
-6.88027334147961 0.7544
-6.88020740973853 0.7543
-6.88014015585983 0.7542
-6.88009754220427 0.7541
-6.88004290065214 0.754
-6.87999930773266 0.7539
-6.87997518667657 0.7538
-6.87997352528125 0.7537
-6.87997666538889 0.7536
-6.87997503866639 0.7535
-6.87998973330396 0.7534
-6.8799864924463 0.7533
-6.87998367754884 0.7532
-6.87998396717268 0.7531
-6.87999449926717 0.753
-6.88001964818917 0.7529
-6.88002758878376 0.7528
-6.88004541103256 0.7527
-6.88005879418861 0.7526
-6.88008325040859 0.7525
-6.88008673979913 0.7524
-6.88007881894811 0.7523
-6.88005465485949 0.7522
-6.88001161451064 0.7521
-6.87995941111166 0.752
-6.87988494734293 0.7519
-6.87977992935458 0.7518
-6.87969862782614 0.7517
-6.87962708455708 0.7516
-6.87955661659045 0.7515
-6.87950588711934 0.7514
-6.87944142268673 0.7513
-6.8793756194546 0.7512
-6.87929323210526 0.7511
-6.87920942514391 0.751
-6.87913111717415 0.7509
-6.87905963582476 0.7508
-6.87898553837938 0.7507
-6.87889306465082 0.7506
-6.87883333538133 0.7505
-6.87880961074017 0.7504
-6.87879808596294 0.7503
-6.87879427420474 0.7502
-6.8788187838247 0.7501
-6.87886725530204 0.75
-6.87892676674777 0.7499
-6.87897545374697 0.7498
-6.87905463636181 0.7497
-6.8791347791623 0.7496
-6.87920820672203 0.7495
-6.87926876054788 0.7494
-6.87934536618115 0.7493
-6.87941700009766 0.7492
-6.87946825364129 0.7491
-6.87952650869559 0.749
-6.87958011241364 0.7489
-6.87963482792379 0.7488
-6.87968207702271 0.7487
-6.87971398702587 0.7486
-6.87974557300874 0.7485
-6.87976925073677 0.7484
-6.87979662484281 0.7483
-6.87982313375979 0.7482
-6.87984282514812 0.7481
-6.87981628152306 0.748
-6.87979140449439 0.7479
-6.87973696315173 0.7478
-6.87968093909736 0.7477
-6.87963549277864 0.7476
-6.87958035785099 0.7475
-6.87953982023168 0.7474
-6.87950807660448 0.7473
-6.87950883908149 0.7472
-6.87950815747011 0.7471
-6.87948793921783 0.747
-6.87949754582086 0.7469
-6.87950356937092 0.7468
-6.87950012195162 0.7467
-6.87950407342452 0.7466
-6.87951445418663 0.7465
-6.87954082217378 0.7464
-6.87957220210805 0.7463
-6.87963063337579 0.7462
-6.87968842743142 0.7461
-6.87973630100296 0.746
-6.87980212564059 0.7459
-6.87987158701258 0.7458
-6.87993141100494 0.7457
-6.88001028467604 0.7456
-6.88009777885483 0.7455
-6.8802001463302 0.7454
-6.88030550511282 0.7453
-6.88041811978824 0.7452
-6.88056121333068 0.7451
-6.88070795393433 0.745
-6.88083410335347 0.7449
-6.88095312058306 0.7448
-6.88106578263827 0.7447
-6.88116966411823 0.7446
-6.88123132004859 0.7445
-6.88129539609204 0.7444
-6.88134796169797 0.7443
-6.88139929904275 0.7442
-6.88144934706855 0.7441
-6.88147188654394 0.744
-6.88146282100727 0.7439
-6.88142021909172 0.7438
-6.8813625018069 0.7437
-6.88128721062811 0.7436
-6.88120614815481 0.7435
-6.88112348168865 0.7434
-6.88102014742012 0.7433
-6.88089367498181 0.7432
-6.88074337773883 0.7431
-6.88059897747141 0.743
-6.88046924367199 0.7429
-6.88034808220296 0.7428
-6.88021358209276 0.7427
-6.88009808728299 0.7426
-6.87997075559168 0.7425
-6.87984183951829 0.7424
-6.8797171641169 0.7423
-6.8796102922589 0.7422
-6.87950376381343 0.7421
-6.87939889304719 0.742
-6.87929912683867 0.7419
-6.87920166647899 0.7418
-6.87909936191771 0.7417
-6.87898376392142 0.7416
-6.87885909552529 0.7415
-6.87871267833939 0.7414
-6.8785686866538 0.7413
-6.87843394265884 0.7412
-6.8783286726012 0.7411
-6.87825252052378 0.741
-6.87821772847851 0.7409
-6.87819976398237 0.7408
-6.87821937218023 0.7407
-6.87824089686615 0.7406
-6.87829134506003 0.7405
-6.87833851453904 0.7404
-6.8783992124515 0.7403
-6.8784954516369 0.7402
-6.87860107392405 0.7401
-6.87870968332659 0.74
-6.87882732814122 0.7399
-6.87894769418069 0.7398
-6.87905544894877 0.7397
-6.87915492660897 0.7396
-6.87926282366323 0.7395
-6.87937637541518 0.7394
-6.87949250262663 0.7393
-6.87959998014412 0.7392
-6.87971178149799 0.7391
-6.87985366711659 0.739
-6.87999207835713 0.7389
-6.88011138240283 0.7388
-6.88023094512899 0.7387
-6.88035425577016 0.7386
-6.88047603137776 0.7385
-6.8806059564386 0.7384
-6.8807292616298 0.7383
-6.8808461250668 0.7382
-6.8809760657122 0.7381
-6.88108665008235 0.738
-6.88118294649676 0.7379
-6.88126946413295 0.7378
-6.88135461956331 0.7377
-6.88143425538429 0.7376
-6.88149694123234 0.7375
-6.88156384467039 0.7374
-6.8816388664504 0.7373
-6.88169369228199 0.7372
-6.88174789607136 0.7371
-6.88180794739069 0.737
-6.88188497798926 0.7369
-6.88194012311529 0.7368
-6.88199864835502 0.7367
-6.88201917375577 0.7366
-6.88203319030716 0.7365
-6.88203925007233 0.7364
-6.88205655491014 0.7363
-6.88210200887416 0.7362
-6.88214054716483 0.7361
-6.88219335750347 0.736
-6.88225794822349 0.7359
-6.88233537696931 0.7358
-6.88242062849663 0.7357
-6.88249267731004 0.7356
-6.88256997603472 0.7355
-6.88264819608357 0.7354
-6.88269810340807 0.7353
-6.88275589932742 0.7352
-6.88279235715004 0.7351
-6.882787279428 0.735
-6.88277328508917 0.7349
-6.88274816468431 0.7348
-6.88270763698397 0.7347
-6.88264345090573 0.7346
-6.88256409955082 0.7345
-6.88249304273057 0.7344
-6.8823999926648 0.7343
-6.88231591168248 0.7342
-6.88222013960321 0.7341
-6.8821383346724 0.734
-6.88206338589565 0.7339
-6.881999803236 0.7338
-6.8819489031221 0.7337
-6.88191206259904 0.7336
-6.88185564716762 0.7335
-6.88182982653006 0.7334
-6.88182694386083 0.7333
-6.88183149479477 0.7332
-6.88185600269219 0.7331
-6.88188777530689 0.733
-6.88192303850054 0.7329
-6.88198038545563 0.7328
-6.88202751009895 0.7327
-6.88207841040626 0.7326
-6.88214011090835 0.7325
-6.88219751802602 0.7324
-6.88224956761039 0.7323
-6.88230140879315 0.7322
-6.88234387274508 0.7321
-6.88239451007922 0.732
-6.88242525363135 0.7319
-6.88244143373235 0.7318
-6.88245718047564 0.7317
-6.88244696538155 0.7316
-6.88243024509192 0.7315
-6.88240274568419 0.7314
-6.88237056808814 0.7313
-6.88233678994303 0.7312
-6.88231534296018 0.7311
-6.88228199720885 0.731
-6.88224540230294 0.7309
-6.8822089658606 0.7308
-6.88217305859006 0.7307
-6.88213060302125 0.7306
-6.88209153261245 0.7305
-6.88205953054891 0.7304
-6.88204645081163 0.7303
-6.88204584967058 0.7302
-6.88205111232036 0.7301
-6.88205259456259 0.73
-6.88205930340717 0.7299
-6.88208395744219 0.7298
-6.88213438675112 0.7297
-6.88217843900477 0.7296
-6.88222402788592 0.7295
-6.88229490952735 0.7294
-6.88237412024263 0.7293
-6.8824588409502 0.7292
-6.88252915008555 0.7291
-6.88258822122955 0.729
-6.88263878454108 0.7289
-6.88267133614128 0.7288
-6.88269859345755 0.7287
-6.8826848250143 0.7286
-6.88265788471852 0.7285
-6.88261706207109 0.7284
-6.88257000412044 0.7283
-6.88250405441161 0.7282
-6.88241442813624 0.7281
-6.88230824299802 0.728
-6.88220709319043 0.7279
-6.88211279751737 0.7278
-6.88201523037533 0.7277
-6.88196066368581 0.7276
-6.88190780651031 0.7275
-6.88185140839136 0.7274
-6.88180388036695 0.7273
-6.88176454062904 0.7272
-6.88174406281265 0.7271
-6.88173848898648 0.727
-6.88174813350509 0.7269
-6.88178975209045 0.7268
-6.8818530842313 0.7267
-6.88193402256561 0.7266
-6.88201186154319 0.7265
-6.88212108182225 0.7264
-6.88226581502507 0.7263
-6.88242126700488 0.7262
-6.88258251044903 0.7261
-6.88273638487761 0.726
-6.88289247949695 0.7259
-6.88304788669211 0.7258
-6.8831780615628 0.7257
-6.88329140585933 0.7256
-6.8834025018754 0.7255
-6.88352925483334 0.7254
-6.88364255513662 0.7253
-6.88375067090098 0.7252
-6.88382029280417 0.7251
-6.88388090034427 0.725
-6.88392544333307 0.7249
-6.88396748567005 0.7248
-6.88398816797827 0.7247
-6.88400250091176 0.7246
-6.88403945035805 0.7245
-6.88408211300158 0.7244
-6.88411185611933 0.7243
-6.88412697576367 0.7242
-6.88416080955692 0.7241
-6.88420877835296 0.724
-6.88427866188871 0.7239
-6.88436288751619 0.7238
-6.88444007462773 0.7237
-6.88451923713388 0.7236
-6.88461467691698 0.7235
-6.88472085456267 0.7234
-6.88482582483162 0.7233
-6.88494904261618 0.7232
-6.88507322485805 0.7231
-6.88518920838577 0.723
-6.88529795160931 0.7229
-6.88540741808678 0.7228
-6.88550446820968 0.7227
-6.88559371024249 0.7226
-6.88567608561983 0.7225
-6.8857422885136 0.7224
-6.88581586374501 0.7223
-6.88587382434306 0.7222
-6.88591370491694 0.7221
-6.88593516691197 0.722
-6.88594475396303 0.7219
-6.88595647505554 0.7218
-6.88596060484046 0.7217
-6.88595049388723 0.7216
-6.88593757148494 0.7215
-6.88592301342377 0.7214
-6.88591738277056 0.7213
-6.88591141699798 0.7212
-6.88592104673144 0.7211
-6.88592346206492 0.721
-6.88591433868225 0.7209
-6.88591331293361 0.7208
-6.88590712340283 0.7207
-6.88586935877679 0.7206
-6.88583595646509 0.7205
-6.88579068006787 0.7204
-6.88573938797569 0.7203
-6.88568888743779 0.7202
-6.88562402221989 0.7201
-6.88556887526984 0.72
-6.88551741121019 0.7199
-6.88549329981469 0.7198
-6.8854741298356 0.7197
-6.8854928132159 0.7196
-6.88550595683985 0.7195
-6.88553207677037 0.7194
-6.88553055606768 0.7193
-6.88552906987014 0.7192
-6.8855522370897 0.7191
-6.88557512712864 0.719
-6.8856119461706 0.7189
-6.88563320633902 0.7188
-6.88565159704297 0.7187
-6.88566159461177 0.7186
-6.88566248881847 0.7185
-6.88565123251482 0.7184
-6.88563065962167 0.7183
-6.8855819234647 0.7182
-6.88552008556613 0.7181
-6.88545698778135 0.718
-6.88539011440573 0.7179
-6.88533296502902 0.7178
-6.88524963275772 0.7177
-6.88518041713955 0.7176
-6.88506550959089 0.7175
-6.88493848805935 0.7174
-6.88481835216596 0.7173
-6.88470744222445 0.7172
-6.88460738061337 0.7171
-6.88451673796769 0.717
-6.88442623191982 0.7169
-6.88437026267689 0.7168
-6.88432974012161 0.7167
-6.88429736951372 0.7166
-6.88429438922891 0.7165
-6.88431088048272 0.7164
-6.88433680492449 0.7163
-6.88436920558381 0.7162
-6.88439953657407 0.7161
-6.88442712752753 0.716
-6.88446853764331 0.7159
-6.88452882361511 0.7158
-6.8846054479563 0.7157
-6.88468676403678 0.7156
-6.88478746050812 0.7155
-6.88488320933274 0.7154
-6.88496981065635 0.7153
-6.88504651629031 0.7152
-6.88512664775672 0.7151
-6.8851942457736 0.715
-6.88525386417394 0.7149
-6.88531183550357 0.7148
-6.88538969303246 0.7147
-6.88547652717349 0.7146
-6.88556564307435 0.7145
-6.88566333180832 0.7144
-6.88578580064008 0.7143
-6.885941093967 0.7142
-6.8860810662578 0.7141
-6.88622280367601 0.714
-6.88637587839374 0.7139
-6.88653576227259 0.7138
-6.88669881483352 0.7137
-6.88685189173329 0.7136
-6.88699060810353 0.7135
-6.88710443826489 0.7134
-6.88718421920211 0.7133
-6.88725095085518 0.7132
-6.88729141897177 0.7131
-6.88730631165811 0.713
-6.88730678290088 0.7129
-6.88731017149177 0.7128
-6.88729653277679 0.7127
-6.88726398460687 0.7126
-6.8872386990619 0.7125
-6.88720063057735 0.7124
-6.88715126219473 0.7123
-6.88710964177925 0.7122
-6.88706967858699 0.7121
-6.88703446381106 0.712
-6.88700648449987 0.7119
-6.88695954814944 0.7118
-6.88692255956316 0.7117
-6.88690776785281 0.7116
-6.88689580873278 0.7115
-6.88688855090051 0.7114
-6.88690822253295 0.7113
-6.8869415737002 0.7112
-6.88699283242737 0.7111
-6.8870568177308 0.711
-6.88713866282952 0.7109
-6.88723524087608 0.7108
-6.88734393477589 0.7107
-6.88743038453323 0.7106
-6.88752522906314 0.7105
-6.8876251691728 0.7104
-6.88773375226519 0.7103
-6.88785699534461 0.7102
-6.88798209436556 0.7101
-6.88809757403937 0.71
-6.88821687669513 0.7099
-6.88833272565499 0.7098
-6.88846701425313 0.7097
-6.88858847182466 0.7096
-6.88870523062954 0.7095
-6.8888200636986 0.7094
-6.88893444420191 0.7093
-6.88902984525509 0.7092
-6.88910806397858 0.7091
-6.88918108685542 0.709
-6.88922762013172 0.7089
-6.88924239130003 0.7088
-6.88925261879013 0.7087
-6.88925459382621 0.7086
-6.8892671089472 0.7085
-6.88927117204368 0.7084
-6.88926361417343 0.7083
-6.88925013020305 0.7082
-6.88922682323837 0.7081
-6.88920006788808 0.708
-6.88915599480183 0.7079
-6.88911735969559 0.7078
-6.88909027481508 0.7077
-6.88906158935156 0.7076
-6.88900595675899 0.7075
-6.88893045401053 0.7074
-6.88884823079759 0.7073
-6.88873747478047 0.7072
-6.88859365146727 0.7071
-6.88843580162177 0.707
-6.8882813058042 0.7069
-6.8881010061742 0.7068
-6.88793687895466 0.7067
-6.88777540260411 0.7066
-6.88760793434236 0.7065
-6.88745280382459 0.7064
-6.88729432751863 0.7063
-6.88716577537886 0.7062
-6.88704229805488 0.7061
-6.88694087740241 0.706
-6.88685455359805 0.7059
-6.88679505370354 0.7058
-6.88674807461701 0.7057
-6.88671517513966 0.7056
-6.88670032149512 0.7055
-6.88669288952561 0.7054
-6.88670759657233 0.7053
-6.88672691109116 0.7052
-6.88675927912577 0.7051
-6.88680525568145 0.705
-6.88686687835952 0.7049
-6.88692836702422 0.7048
-6.88698458195546 0.7047
-6.88703983064314 0.7046
-6.88709100384431 0.7045
-6.88713093487813 0.7044
-6.8871732780817 0.7043
-6.8872253323478 0.7042
-6.88727944510945 0.7041
-6.88734799242256 0.704
-6.88740432354011 0.7039
-6.88746352297638 0.7038
-6.88753046789213 0.7037
-6.88760016196647 0.7036
-6.88765003955848 0.7035
-6.88771364099071 0.7034
-6.88775486162386 0.7033
-6.88779140637304 0.7032
-6.88781408287859 0.7031
-6.88784496486918 0.703
-6.88787873582961 0.7029
-6.88791748488818 0.7028
-6.88795808368868 0.7027
-6.88800370097219 0.7026
-6.8880377480982 0.7025
-6.88806786053839 0.7024
-6.88808251549857 0.7023
-6.88811098605118 0.7022
-6.88812462413488 0.7021
-6.88812496250675 0.702
-6.88811394073615 0.7019
-6.88809903787133 0.7018
-6.88808316695277 0.7017
-6.88805742989032 0.7016
-6.88804113568788 0.7015
-6.88801747523907 0.7014
-6.88798414099016 0.7013
-6.88797642686758 0.7012
-6.8879916083426 0.7011
-6.88802281004673 0.701
-6.8880243519701 0.7009
-6.88804056979592 0.7008
-6.88807947391634 0.7007
-6.88814218025373 0.7006
-6.88820792567838 0.7005
-6.88827371934459 0.7004
-6.88836343180542 0.7003
-6.88845695556462 0.7002
-6.88856397951221 0.7001
-6.88864781976453 0.7
-6.8887611294128 0.6999
-6.88886204185462 0.6998
-6.88896068409364 0.6997
-6.88907017787383 0.6996
-6.88916617584858 0.6995
-6.88926967276744 0.6994
-6.88937767195857 0.6993
-6.88947055171041 0.6992
-6.88956880454399 0.6991
-6.88966462953173 0.699
-6.88974089267214 0.6989
-6.88981372575414 0.6988
-6.8898911092596 0.6987
-6.88996422990209 0.6986
-6.89001524976206 0.6985
-6.89006519389187 0.6984
-6.8901127502081 0.6983
-6.89014310879317 0.6982
-6.89015841651189 0.6981
-6.89017000886024 0.698
-6.89017383479334 0.6979
-6.89017639878357 0.6978
-6.89017355236033 0.6977
-6.89017249696925 0.6976
-6.89018079766014 0.6975
-6.89018683135821 0.6974
-6.89020243826772 0.6973
-6.89020799476617 0.6972
-6.89020566371228 0.6971
-6.89021463550771 0.697
-6.89023123739987 0.6969
-6.8902294660074 0.6968
-6.89024548600782 0.6967
-6.89028451229292 0.6966
-6.89034809067652 0.6965
-6.89042269218771 0.6964
-6.89048615463305 0.6963
-6.89056153567506 0.6962
-6.8906232929047 0.6961
-6.89066037025155 0.696
-6.8906802842204 0.6959
-6.89067718352861 0.6958
-6.89067262138351 0.6957
-6.8906747581385 0.6956
-6.89065284568633 0.6955
-6.89063674903616 0.6954
-6.89063365557117 0.6953
-6.89062783249218 0.6952
-6.89060975826396 0.6951
-6.89056728608137 0.695
-6.8905213033563 0.6949
-6.89046551930577 0.6948
-6.89041940573599 0.6947
-6.8903841801021 0.6946
-6.89036499181323 0.6945
-6.89035157354633 0.6944
-6.89033447067882 0.6943
-6.89031099360356 0.6942
-6.89026826944846 0.6941
-6.89021655931254 0.694
-6.890175342516 0.6939
-6.89012608061516 0.6938
-6.89008665891674 0.6937
-6.89004593934263 0.6936
-6.89001199374712 0.6935
-6.88996879455538 0.6934
-6.88994061811334 0.6933
-6.88990928141235 0.6932
-6.88987347179902 0.6931
-6.88984055907176 0.693
-6.88979431094038 0.6929
-6.88975740805451 0.6928
-6.88972558414818 0.6927
-6.88969261865055 0.6926
-6.88968392379038 0.6925
-6.88969298490442 0.6924
-6.8897092092283 0.6923
-6.88975400046919 0.6922
-6.88980633190972 0.6921
-6.88988204563046 0.692
-6.88995373617566 0.6919
-6.89002393825308 0.6918
-6.89009154185517 0.6917
-6.89015495723732 0.6916
-6.89021588434682 0.6915
-6.8902835481548 0.6914
-6.89031357253453 0.6913
-6.89033646691005 0.6912
-6.89036178047845 0.6911
-6.89037132325505 0.691
-6.8903782578543 0.6909
-6.89038199073015 0.6908
-6.89037777578161 0.6907
-6.89035945301661 0.6906
-6.89033535352989 0.6905
-6.89031275594926 0.6904
-6.8903024553194 0.6903
-6.8902852643797 0.6902
-6.89026885260927 0.6901
-6.89024913903809 0.69
-6.89023081397462 0.6899
-6.89021894070547 0.6898
-6.89022785932196 0.6897
-6.89025365397643 0.6896
-6.89028879074184 0.6895
-6.89032152579319 0.6894
-6.8903562007445 0.6893
-6.89039719276013 0.6892
-6.89045136485475 0.6891
-6.89048665526497 0.689
-6.89050942344285 0.6889
-6.89051750447113 0.6888
-6.89050842120823 0.6887
-6.89048521558378 0.6886
-6.89046142219173 0.6885
-6.89041790257303 0.6884
-6.8903671231096 0.6883
-6.89031123023485 0.6882
-6.89022132220006 0.6881
-6.89014142961218 0.688
-6.89005664042925 0.6879
-6.88996751424924 0.6878
-6.88985842430306 0.6877
-6.8897607246994 0.6876
-6.88963883435627 0.6875
-6.88950861624693 0.6874
-6.88939450612404 0.6873
-6.88930688083249 0.6872
-6.88922674114618 0.6871
-6.88914208661756 0.687
-6.8890555739259 0.6869
-6.88895813006089 0.6868
-6.88887567631192 0.6867
-6.88880256012205 0.6866
-6.8887404128044 0.6865
-6.88867824773648 0.6864
-6.8886254848601 0.6863
-6.88860213250369 0.6862
-6.88858911624945 0.6861
-6.88861115592504 0.686
-6.88864893384266 0.6859
-6.88869740845182 0.6858
-6.88875300120339 0.6857
-6.88880973855875 0.6856
-6.88889915691069 0.6855
-6.88898477820217 0.6854
-6.88907552115676 0.6853
-6.88919602534624 0.6852
-6.88931730883372 0.6851
-6.88943008862131 0.685
-6.88954085475911 0.6849
-6.88963581313376 0.6848
-6.88975264363774 0.6847
-6.88985371668805 0.6846
-6.88994920640761 0.6845
-6.89005539220676 0.6844
-6.89017451996075 0.6843
-6.89028977102455 0.6842
-6.89039612397456 0.6841
-6.8904845500618 0.684
-6.89058006372347 0.6839
-6.89068095201544 0.6838
-6.89077989481175 0.6837
-6.89089482078561 0.6836
-6.89101697859234 0.6835
-6.89111135551385 0.6834
-6.89120409308582 0.6833
-6.89130351870439 0.6832
-6.89138432244458 0.6831
-6.89146345680142 0.683
-6.89153645189706 0.6829
-6.89159499022639 0.6828
-6.89164561139127 0.6827
-6.8916877205985 0.6826
-6.89172547270568 0.6825
-6.89174709911782 0.6824
-6.89179331773448 0.6823
-6.89182554149358 0.6822
-6.89183788409992 0.6821
-6.89182150565208 0.682
-6.89179150632188 0.6819
-6.89175690866464 0.6818
-6.89172904395936 0.6817
-6.8917133865647 0.6816
-6.89169670057792 0.6815
-6.89165066065331 0.6814
-6.8915949238392 0.6813
-6.89151096511888 0.6812
-6.89144105649563 0.6811
-6.89136569298509 0.681
-6.89128695012009 0.6809
-6.89123147179351 0.6808
-6.89118382430803 0.6807
-6.89115193385152 0.6806
-6.89112845493871 0.6805
-6.89110589625332 0.6804
-6.89109287813395 0.6803
-6.89110180221409 0.6802
-6.89112591215756 0.6801
-6.89116941682022 0.68
-6.89123071371925 0.6799
-6.89129086830726 0.6798
-6.89134072679051 0.6797
-6.8913906287027 0.6796
-6.89144711956831 0.6795
-6.89149216132007 0.6794
-6.89152567051405 0.6793
-6.89155598809667 0.6792
-6.89158973626881 0.6791
-6.8916438082535 0.679
-6.89171404104273 0.6789
-6.89179487505093 0.6788
-6.89187319630721 0.6787
-6.89192979935043 0.6786
-6.89198558638042 0.6785
-6.89205280586599 0.6784
-6.8921318147246 0.6783
-6.89221477694615 0.6782
-6.89229447401118 0.6781
-6.89236050418043 0.678
-6.89242884407682 0.6779
-6.89246895055688 0.6778
-6.89250526779365 0.6777
-6.8925322354096 0.6776
-6.89256168643808 0.6775
-6.89259065763856 0.6774
-6.89262680599898 0.6773
-6.8926651217626 0.6772
-6.8926896035753 0.6771
-6.89271789924206 0.677
-6.89273072743572 0.6769
-6.89273313414253 0.6768
-6.89272340841969 0.6767
-6.89270629056846 0.6766
-6.89270700627107 0.6765
-6.89271428994623 0.6764
-6.89275107982431 0.6763
-6.89280765146666 0.6762
-6.89290132922067 0.6761
-6.89300915055395 0.676
-6.89312487346658 0.6759
-6.89325227303323 0.6758
-6.89338767028156 0.6757
-6.89352200240968 0.6756
-6.89364081677212 0.6755
-6.89375135231403 0.6754
-6.89386255230256 0.6753
-6.89397904749122 0.6752
-6.89406887933381 0.6751
-6.89414416339999 0.675
-6.89421603654368 0.6749
-6.89428272322712 0.6748
-6.89433040320742 0.6747
-6.89434276008763 0.6746
-6.89433507223693 0.6745
-6.89430541259011 0.6744
-6.89424996538099 0.6743
-6.89421486695813 0.6742
-6.89418182375253 0.6741
-6.89413915696436 0.674
-6.89407553544434 0.6739
-6.89398370057488 0.6738
-6.89384710249041 0.6737
-6.89371448717285 0.6736
-6.89358346263428 0.6735
-6.89345857524687 0.6734
-6.89334897959086 0.6733
-6.89323846273264 0.6732
-6.89314082671484 0.6731
-6.89309608214746 0.673
-6.89305708119466 0.6729
-6.8930277033372 0.6728
-6.89301166767612 0.6727
-6.89299916971896 0.6726
-6.8929978905385 0.6725
-6.89301941291465 0.6724
-6.8930556217832 0.6723
-6.89309622563173 0.6722
-6.89315775727118 0.6721
-6.89320492421946 0.672
-6.89323135060736 0.6719
-6.89325644107689 0.6718
-6.89328109856521 0.6717
-6.8933187056241 0.6716
-6.8933640573891 0.6715
-6.89340858061952 0.6714
-6.89343205566016 0.6713
-6.89346935374213 0.6712
-6.89349461393214 0.6711
-6.89349176837315 0.671
-6.89348386847334 0.6709
-6.89346767172021 0.6708
-6.89343567053748 0.6707
-6.89339269334537 0.6706
-6.89335171224777 0.6705
-6.89328819407857 0.6704
-6.89319860807233 0.6703
-6.8931166928066 0.6702
-6.89304299182751 0.6701
-6.89298842240761 0.67
-6.8929581679217 0.6699
-6.89296095084731 0.6698
-6.89296075485275 0.6697
-6.89297497356176 0.6696
-6.89298836392101 0.6695
-6.89301980303567 0.6694
-6.89304666813309 0.6693
-6.89306182747312 0.6692
-6.89307280671103 0.6691
-6.89307163161708 0.669
-6.8930870298813 0.6689
-6.89311705278173 0.6688
-6.89313557112102 0.6687
-6.89314575504126 0.6686
-6.89316334845656 0.6685
-6.89318136347152 0.6684
-6.8931843012307 0.6683
-6.89317945134242 0.6682
-6.89318735716195 0.6681
-6.89319900404818 0.668
-6.89321810929711 0.6679
-6.89324772375106 0.6678
-6.89326410963134 0.6677
-6.89326611473214 0.6676
-6.89326050811967 0.6675
-6.8932520083284 0.6674
-6.89324201138054 0.6673
-6.89321226248311 0.6672
-6.89317485363725 0.6671
-6.89313887874669 0.667
-6.89308682807887 0.6669
-6.89304951908112 0.6668
-6.89301884733079 0.6667
-6.8930002558112 0.6666
-6.8929920984936 0.6665
-6.89297406800941 0.6664
-6.89297211739054 0.6663
-6.89298358653291 0.6662
-6.89299588446992 0.6661
-6.89302400532743 0.666
-6.89308047648391 0.6659
-6.89312790403386 0.6658
-6.89317991322791 0.6657
-6.89322842369025 0.6656
-6.89329466187989 0.6655
-6.89337162782424 0.6654
-6.89344398195285 0.6653
-6.89351120022036 0.6652
-6.89357366850379 0.6651
-6.89363419049257 0.665
-6.89368802650187 0.6649
-6.89372434028513 0.6648
-6.89374618754991 0.6647
-6.89375739799198 0.6646
-6.89374562345808 0.6645
-6.89373511758591 0.6644
-6.89371338462272 0.6643
-6.89367785880904 0.6642
-6.89363378350552 0.6641
-6.89360861195596 0.664
-6.89358800069602 0.6639
-6.89355608823096 0.6638
-6.89353878034115 0.6637
-6.89351492400534 0.6636
-6.89346654574252 0.6635
-6.89341062814202 0.6634
-6.89334792798397 0.6633
-6.8932840881289 0.6632
-6.8931959035455 0.6631
-6.89309796245001 0.663
-6.89299985979688 0.6629
-6.89291214304763 0.6628
-6.89280612698854 0.6627
-6.89271839360641 0.6626
-6.89264489903109 0.6625
-6.89258874081211 0.6624
-6.89254279177041 0.6623
-6.89251026342632 0.6622
-6.89251769430067 0.6621
-6.89254741779765 0.662
-6.8925798852665 0.6619
-6.89262472908503 0.6618
-6.89266977506125 0.6617
-6.89271480416117 0.6616
-6.89275261306129 0.6615
-6.89278663077855 0.6614
-6.89281093316667 0.6613
-6.89284401994747 0.6612
-6.89289808339121 0.6611
-6.8929621267887 0.661
-6.89302169481499 0.6609
-6.89307840697353 0.6608
-6.89315439409229 0.6607
-6.89323116020137 0.6606
-6.89329229845295 0.6605
-6.8933500327544 0.6604
-6.89339453584338 0.6603
-6.89345354518942 0.6602
-6.89354060409606 0.6601
-6.8936256103272 0.66
-6.89369153739618 0.6599
-6.89374903161283 0.6598
-6.89381068301131 0.6597
-6.8938740354605 0.6596
-6.89394691868171 0.6595
-6.8940303499765 0.6594
-6.89410847197879 0.6593
-6.89419639809841 0.6592
-6.89425602823946 0.6591
-6.89431958981459 0.659
-6.8943614217091 0.6589
-6.89440970691345 0.6588
-6.89445244839631 0.6587
-6.89447638571899 0.6586
-6.89448651096464 0.6585
-6.89447179965013 0.6584
-6.89447417970575 0.6583
-6.89447559265802 0.6582
-6.89447117165419 0.6581
-6.89447188390612 0.658
-6.89447748771695 0.6579
-6.89451081830885 0.6578
-6.89453851316662 0.6577
-6.89457862909677 0.6576
-6.89461727543475 0.6575
-6.89467530887489 0.6574
-6.89473961866754 0.6573
-6.89479081123765 0.6572
-6.89482567788109 0.6571
-6.89486132175976 0.657
-6.89487474879444 0.6569
-6.894871237088 0.6568
-6.89486352089111 0.6567
-6.89486313785114 0.6566
-6.89485978777995 0.6565
-6.89484379527746 0.6564
-6.894830513025 0.6563
-6.8947990746743 0.6562
-6.89477231239239 0.6561
-6.89473276504243 0.656
-6.89467849494154 0.6559
-6.89461723237755 0.6558
-6.89455905675407 0.6557
-6.89450984409838 0.6556
-6.89449109558716 0.6555
-6.89447337060034 0.6554
-6.89446499609319 0.6553
-6.89446570652549 0.6552
-6.89444450145781 0.6551
-6.89442170956805 0.655
-6.89440870518148 0.6549
-6.89439432789665 0.6548
-6.89438763839278 0.6547
-6.89437967238323 0.6546
-6.89436966029553 0.6545
-6.89433267069768 0.6544
-6.89426319309978 0.6543
-6.89418903622806 0.6542
-6.89411794298958 0.6541
-6.89403245536721 0.654
-6.8939401516461 0.6539
-6.89385735236276 0.6538
-6.89379053944248 0.6537
-6.89372375908615 0.6536
-6.89367582770895 0.6535
-6.89365686548027 0.6534
-6.89364623211615 0.6533
-6.89364874197746 0.6532
-6.89368307395526 0.6531
-6.89373988968552 0.653
-6.89380977362973 0.6529
-6.89389334027741 0.6528
-6.89399302851418 0.6527
-6.89409061831561 0.6526
-6.89420897055915 0.6525
-6.89434094461407 0.6524
-6.89447151903842 0.6523
-6.89461146542709 0.6522
-6.89476759390048 0.6521
-6.89491100910749 0.652
-6.89503883401185 0.6519
-6.8951467341833 0.6518
-6.89523651318814 0.6517
-6.89531026692057 0.6516
-6.89536095065373 0.6515
-6.89541992420182 0.6514
-6.89545025054135 0.6513
-6.89545333653443 0.6512
-6.89545273306743 0.6511
-6.89546366309689 0.651
-6.89546859452807 0.6509
-6.89547945871607 0.6508
-6.89547300323777 0.6507
-6.89547023604325 0.6506
-6.89547514320888 0.6505
-6.89546095295095 0.6504
-6.89545607850338 0.6503
-6.89543122566171 0.6502
-6.89541376319637 0.6501
-6.89540057551603 0.65
-6.89539185296434 0.6499
-6.89539609343127 0.6498
-6.89538901325109 0.6497
-6.8953573727906 0.6496
-6.89532301465771 0.6495
-6.89530212324047 0.6494
-6.89531180497887 0.6493
-6.89532641209973 0.6492
-6.89533586798233 0.6491
-6.8953676867515 0.649
-6.89538650685821 0.6489
-6.89541904582988 0.6488
-6.89545195177867 0.6487
-6.89548167863485 0.6486
-6.89550218583464 0.6485
-6.89552420665777 0.6484
-6.89555189905619 0.6483
-6.89560701897719 0.6482
-6.89567985610535 0.6481
-6.89576080716158 0.648
-6.89584713401226 0.6479
-6.89594029290575 0.6478
-6.89603376090456 0.6477
-6.89614431041415 0.6476
-6.89626893069711 0.6475
-6.89639127120663 0.6474
-6.8965117645347 0.6473
-6.89663401442589 0.6472
-6.89674490776021 0.6471
-6.89682418688278 0.647
-6.89689946039764 0.6469
-6.89696775307229 0.6468
-6.89703456804142 0.6467
-6.89709582610415 0.6466
-6.89715178653546 0.6465
-6.89718609522673 0.6464
-6.8972007461842 0.6463
-6.89722638786853 0.6462
-6.89726747481119 0.6461
-6.8972964322073 0.646
-6.89731135624584 0.6459
-6.89732093306311 0.6458
-6.89733760410486 0.6457
-6.89733379197936 0.6456
-6.89735373965379 0.6455
-6.89736768526197 0.6454
-6.89738279070361 0.6453
-6.89741395676714 0.6452
-6.89744357226975 0.6451
-6.89747781954301 0.645
-6.89750895052221 0.6449
-6.89755722939652 0.6448
-6.89759855727234 0.6447
-6.89767143475336 0.6446
-6.89774173531706 0.6445
-6.89780863365714 0.6444
-6.89786460841622 0.6443
-6.89793461195656 0.6442
-6.89800248659493 0.6441
-6.89808146978265 0.644
-6.89815122994424 0.6439
-6.89820158921344 0.6438
-6.89822626438849 0.6437
-6.89824127337148 0.6436
-6.89824711054794 0.6435
-6.89824526660284 0.6434
-6.89824122919467 0.6433
-6.89823826596709 0.6432
-6.89823556656211 0.6431
-6.89821650267531 0.643
-6.89818234836976 0.6429
-6.89814656895513 0.6428
-6.89809118424821 0.6427
-6.89803119895369 0.6426
-6.89799288593174 0.6425
-6.89794636566821 0.6424
-6.89790631252306 0.6423
-6.89785963361703 0.6422
-6.89780467086978 0.6421
-6.89776366742845 0.642
-6.89773240308078 0.6419
-6.89769298977025 0.6418
-6.89764353984243 0.6417
-6.89758731101798 0.6416
-6.89751157783149 0.6415
-6.89743699439266 0.6414
-6.89735941590455 0.6413
-6.89728079547707 0.6412
-6.89722816926969 0.6411
-6.89717731286819 0.641
-6.89711511006705 0.6409
-6.89705741548324 0.6408
-6.89700381322816 0.6407
-6.89691775171806 0.6406
-6.89684878140146 0.6405
-6.89679604523343 0.6404
-6.89675231659372 0.6403
-6.89670397746672 0.6402
-6.89667425005486 0.6401
-6.89664835790492 0.64
-6.89663156642938 0.6399
-6.89662429089914 0.6398
-6.89664051401275 0.6397
-6.89666703560604 0.6396
-6.89670149270731 0.6395
-6.89677712919778 0.6394
-6.89688942230827 0.6393
-6.89698513525384 0.6392
-6.89706035206039 0.6391
-6.89712893803983 0.639
-6.89720561558417 0.6389
-6.89728367904199 0.6388
-6.8973625515046 0.6387
-6.89744098936073 0.6386
-6.89752533504251 0.6385
-6.89760019282 0.6384
-6.89767906554494 0.6383
-6.89776460026694 0.6382
-6.89787906239015 0.6381
-6.89797391573319 0.638
-6.89806093026944 0.6379
-6.89816202988398 0.6378
-6.89825630062703 0.6377
-6.89834315828622 0.6376
-6.89844441712125 0.6375
-6.89852130925046 0.6374
-6.89856413735855 0.6373
-6.89861570460873 0.6372
-6.89865169634044 0.6371
-6.89865743975634 0.637
-6.89867010290633 0.6369
-6.89865879702583 0.6368
-6.89861863166765 0.6367
-6.8985755251283 0.6366
-6.89852624224209 0.6365
-6.89847850207752 0.6364
-6.89842991786963 0.6363
-6.89837660061517 0.6362
-6.89833198417609 0.6361
-6.89829111048762 0.636
-6.89824701278873 0.6359
-6.89820268557007 0.6358
-6.89814811149652 0.6357
-6.89809376807257 0.6356
-6.89805203295968 0.6355
-6.89802455372987 0.6354
-6.89802116018689 0.6353
-6.89803331473827 0.6352
-6.89806041106165 0.6351
-6.89811143834211 0.635
-6.89817919231366 0.6349
-6.89826218582545 0.6348
-6.89835645582776 0.6347
-6.89846556575582 0.6346
-6.8985591118388 0.6345
-6.89866994333935 0.6344
-6.89878580518975 0.6343
-6.89888785667858 0.6342
-6.89898252083869 0.6341
-6.89906450684062 0.634
-6.89915214385016 0.6339
-6.89922876873357 0.6338
-6.89929834855039 0.6337
-6.89935949101953 0.6336
-6.89940760727321 0.6335
-6.89945845343537 0.6334
-6.89951190587122 0.6333
-6.8995734095715 0.6332
-6.89961779948781 0.6331
-6.89965432545773 0.633
-6.89968802547479 0.6329
-6.89972458266476 0.6328
-6.89974707443124 0.6327
-6.89976627601853 0.6326
-6.899810055632 0.6325
-6.89985650939598 0.6324
-6.89990499808749 0.6323
-6.89996301515556 0.6322
-6.90000031495875 0.6321
-6.90004192367343 0.632
-6.90006967589679 0.6319
-6.90010049747967 0.6318
-6.90012853401618 0.6317
-6.90014649338164 0.6316
-6.90017181775972 0.6315
-6.90020108404816 0.6314
-6.90023512988155 0.6313
-6.90025349216294 0.6312
-6.90026920332185 0.6311
-6.90029135906923 0.631
-6.90029512307915 0.6309
-6.90027591354812 0.6308
-6.90025455376202 0.6307
-6.90023620279192 0.6306
-6.90020279573518 0.6305
-6.90018803220954 0.6304
-6.90017197211288 0.6303
-6.90012819430695 0.6302
-6.90006986139908 0.6301
-6.90001043965183 0.63
-6.89994161191164 0.6299
-6.89988171763577 0.6298
-6.89979237960285 0.6297
-6.89970527072565 0.6296
-6.89962496917138 0.6295
-6.89953877821454 0.6294
-6.89943542527974 0.6293
-6.89931237854618 0.6292
-6.8991816481737 0.6291
-6.89902912516341 0.629
-6.89888144225511 0.6289
-6.89871696790923 0.6288
-6.89852875972565 0.6287
-6.89834629760793 0.6286
-6.89813920534242 0.6285
-6.89794358712971 0.6284
-6.89775450007777 0.6283
-6.89758243909755 0.6282
-6.89742712407873 0.6281
-6.8972751221336 0.628
-6.8971148486188 0.6279
-6.89696940106605 0.6278
-6.89681342974467 0.6277
-6.89666182865711 0.6276
-6.89650039385532 0.6275
-6.89635334572755 0.6274
-6.89620526210321 0.6273
-6.8960700026771 0.6272
-6.89593511896344 0.6271
-6.89581022872793 0.627
-6.89567264819843 0.6269
-6.895544792159 0.6268
-6.89541945158617 0.6267
-6.89531539829743 0.6266
-6.89519561359871 0.6265
-6.89510633913463 0.6264
-6.89504471042136 0.6263
-6.89500528947418 0.6262
-6.89496708274148 0.6261
-6.89494249396829 0.626
-6.89494898718744 0.6259
-6.89498426545131 0.6258
-6.89504378265349 0.6257
-6.89513504689402 0.6256
-6.8952552019573 0.6255
-6.8953871915142 0.6254
-6.89553332159901 0.6253
-6.89568745343506 0.6252
-6.89587060160217 0.6251
-6.89602890997323 0.625
-6.89620765505472 0.6249
-6.89639224924804 0.6248
-6.89659521405579 0.6247
-6.89682356904607 0.6246
-6.89705062013119 0.6245
-6.89726924885498 0.6244
-6.89748199366438 0.6243
-6.89769259200087 0.6242
-6.89789947109316 0.6241
-6.8980874332013 0.624
-6.89825766036229 0.6239
-6.89843055867621 0.6238
-6.89858298158725 0.6237
-6.8987271530738 0.6236
-6.89886745262655 0.6235
-6.89898069768462 0.6234
-6.8990925271385 0.6233
-6.89918497922416 0.6232
-6.89926836598603 0.6231
-6.89933414672383 0.623
-6.8993856051829 0.6229
-6.89942030727395 0.6228
-6.89945516331079 0.6227
-6.89946972479315 0.6226
-6.89946670226482 0.6225
-6.89943677412825 0.6224
-6.89938408663557 0.6223
-6.89932081263401 0.6222
-6.89923560293981 0.6221
-6.89914333511919 0.622
-6.89903140021006 0.6219
-6.89891675183003 0.6218
-6.8988010273486 0.6217
-6.89866595515624 0.6216
-6.89851890969109 0.6215
-6.89837181882029 0.6214
-6.89822334342944 0.6213
-6.89807467241647 0.6212
-6.89792008798288 0.6211
-6.89778954724757 0.621
-6.89767096072964 0.6209
-6.89756853104869 0.6208
-6.89747533323772 0.6207
-6.897390559147 0.6206
-6.89733293611096 0.6205
-6.89731607764865 0.6204
-6.89732966912336 0.6203
-6.8973566371857 0.6202
-6.89741032752385 0.6201
-6.89748326710423 0.62
-6.89756823695194 0.6199
-6.89766774323023 0.6198
-6.89778762158113 0.6197
-6.89792516785219 0.6196
-6.89805656151707 0.6195
-6.89817013297198 0.6194
-6.89827888560478 0.6193
-6.89840058889582 0.6192
-6.8985234848386 0.6191
-6.89866611956616 0.619
-6.89879962028608 0.6189
-6.89892106943214 0.6188
-6.89902675740872 0.6187
-6.8991322016269 0.6186
-6.8992167830729 0.6185
-6.89929614018973 0.6184
-6.89935486392215 0.6183
-6.89940497892293 0.6182
-6.89945538740165 0.6181
-6.89951711061888 0.618
-6.89956661469651 0.6179
-6.89961552109219 0.6178
-6.89966782425189 0.6177
-6.89970754913986 0.6176
-6.89975399821565 0.6175
-6.89980578363017 0.6174
-6.89983325891336 0.6173
-6.89986872640497 0.6172
-6.89987903043158 0.6171
-6.89988079347991 0.617
-6.89989963602466 0.6169
-6.89991625163288 0.6168
-6.89994275616007 0.6167
-6.89996013116747 0.6166
-6.89999349070621 0.6165
-6.9000373236087 0.6164
-6.90009526722422 0.6163
-6.90017875710262 0.6162
-6.90028637197265 0.6161
-6.90040656333507 0.616
-6.90053538339048 0.6159
-6.90066166210193 0.6158
-6.90078453589041 0.6157
-6.90091967878544 0.6156
-6.90107651259829 0.6155
-6.90124490089376 0.6154
-6.90143150673257 0.6153
-6.90160836790206 0.6152
-6.90177921569919 0.6151
-6.90196205888172 0.615
-6.90213065121965 0.6149
-6.9022778960577 0.6148
-6.90241715466181 0.6147
-6.90254799311762 0.6146
-6.90268656587894 0.6145
-6.90281962031226 0.6144
-6.90295876812813 0.6143
-6.90310703196228 0.6142
-6.90324067688815 0.6141
-6.90336198662143 0.614
-6.90347961882644 0.6139
-6.90360075010724 0.6138
-6.90370896683612 0.6137
-6.90381500280726 0.6136
-6.90391019142817 0.6135
-6.90398311917374 0.6134
-6.90403078633842 0.6133
-6.90408137225218 0.6132
-6.90410099343235 0.6131
-6.9041053456885 0.613
-6.90408913448682 0.6129
-6.90404606025528 0.6128
-6.90396940672522 0.6127
-6.90385431440994 0.6126
-6.90370360180904 0.6125
-6.90355238056999 0.6124
-6.90338170205512 0.6123
-6.90320969741585 0.6122
-6.90304200476465 0.6121
-6.9028743464929 0.612
-6.90269649783384 0.6119
-6.90251396135799 0.6118
-6.90233405667415 0.6117
-6.90215875324211 0.6116
-6.90198021364617 0.6115
-6.90178835562598 0.6114
-6.90159322536845 0.6113
-6.90138734698411 0.6112
-6.90119054166594 0.6111
-6.90102515756809 0.611
-6.90086266551588 0.6109
-6.90071202536312 0.6108
-6.90056182475879 0.6107
-6.9004279453093 0.6106
-6.90032043630731 0.6105
-6.90022448249494 0.6104
-6.90014978157103 0.6103
-6.9001088008188 0.6102
-6.90008509123969 0.6101
-6.90006961128512 0.61
-6.90008129612876 0.6099
-6.90010834716009 0.6098
-6.90014156535842 0.6097
-6.90018908367713 0.6096
-6.90026226114829 0.6095
-6.90033189832374 0.6094
-6.90039271197342 0.6093
-6.90043471336832 0.6092
-6.90044737674883 0.6091
-6.90045296839462 0.609
-6.90045717515669 0.6089
-6.90047305522735 0.6088
-6.90048181506449 0.6087
-6.90048296030428 0.6086
-6.90048403878371 0.6085
-6.90049966644299 0.6084
-6.90051141685122 0.6083
-6.90052321843032 0.6082
-6.90053912016021 0.6081
-6.90056600458991 0.608
-6.90060471531727 0.6079
-6.90064721357774 0.6078
-6.90065576892211 0.6077
-6.9006475208943 0.6076
-6.90063463742823 0.6075
-6.90062446016412 0.6074
-6.90060976060744 0.6073
-6.90059084065889 0.6072
-6.90057187483549 0.6071
-6.90054984880285 0.607
-6.90053049094634 0.6069
-6.90053964973352 0.6068
-6.90053316064684 0.6067
-6.90054362562584 0.6066
-6.90056486068551 0.6065
-6.90057503358113 0.6064
-6.90061276881365 0.6063
-6.90065594468088 0.6062
-6.90068817073531 0.6061
-6.90073538893207 0.606
-6.90081318778533 0.6059
-6.90089273233668 0.6058
-6.90097025262982 0.6057
-6.90104256986661 0.6056
-6.90112274446606 0.6055
-6.90119566832449 0.6054
-6.90126086673682 0.6053
-6.90133130086553 0.6052
-6.90138768824109 0.6051
-6.90143050956639 0.605
-6.90147461466246 0.6049
-6.90153187991123 0.6048
-6.90156988141589 0.6047
-6.90160535710551 0.6046
-6.90164059681218 0.6045
-6.90164634164035 0.6044
-6.90167663614526 0.6043
-6.90172126288487 0.6042
-6.90175302330576 0.6041
-6.90179406435435 0.604
-6.90182797151716 0.6039
-6.90187770958006 0.6038
-6.90191703725338 0.6037
-6.90194223158478 0.6036
-6.90196741596778 0.6035
-6.90199074122105 0.6034
-6.90199065790507 0.6033
-6.90198776011868 0.6032
-6.90196464165347 0.6031
-6.9019204897426 0.603
-6.901878521997 0.6029
-6.90183843914758 0.6028
-6.90179395975073 0.6027
-6.90175996874991 0.6026
-6.90171579167464 0.6025
-6.90163091334014 0.6024
-6.90154729410223 0.6023
-6.90147795797524 0.6022
-6.901410197038 0.6021
-6.90134883904621 0.602
-6.90126995206985 0.6019
-6.9011936353364 0.6018
-6.90112126945866 0.6017
-6.90105776278794 0.6016
-6.90100860874598 0.6015
-6.90096297745738 0.6014
-6.90092512840756 0.6013
-6.90091537564911 0.6012
-6.90090837682823 0.6011
-6.90089142483651 0.601
-6.90088002149808 0.6009
-6.90086989037034 0.6008
-6.90085941887035 0.6007
-6.90086533272388 0.6006
-6.90089352291405 0.6005
-6.90093130383268 0.6004
-6.90096723306125 0.6003
-6.90102329478844 0.6002
-6.90110195662886 0.6001
-6.90119555630796 0.6
-6.90132160599206 0.5999
-6.90146434550221 0.5998
-6.9016306870491 0.5997
-6.90181930262121 0.5996
-6.9020307970028 0.5995
-6.9022446136887 0.5994
-6.90246079423008 0.5993
-6.90263227372753 0.5992
-6.90280412677525 0.5991
-6.90297628448052 0.599
-6.90314859213056 0.5989
-6.90331627960975 0.5988
-6.90347992197899 0.5987
-6.903641489077 0.5986
-6.90379352457146 0.5985
-6.9039408459713 0.5984
-6.90406629987639 0.5983
-6.90418320117059 0.5982
-6.90427820217166 0.5981
-6.90433168409437 0.598
-6.9043407241356 0.5979
-6.90431403680325 0.5978
-6.90427161616155 0.5977
-6.90422453615449 0.5976
-6.90417464814946 0.5975
-6.90410337287503 0.5974
-6.90402076312429 0.5973
-6.90393338548891 0.5972
-6.90384853395442 0.5971
-6.90374649567055 0.597
-6.90364726275634 0.5969
-6.9035302062415 0.5968
-6.9034053813412 0.5967
-6.90331229658798 0.5966
-6.90323306670076 0.5965
-6.90317211923504 0.5964
-6.90314393934727 0.5963
-6.90313954674832 0.5962
-6.9031580968643 0.5961
-6.90317216445974 0.596
-6.90322141347923 0.5959
-6.90327123725522 0.5958
-6.90334723137029 0.5957
-6.90342218800297 0.5956
-6.90348629642154 0.5955
-6.90355257169806 0.5954
-6.9036429310539 0.5953
-6.90372001431527 0.5952
-6.90378945311201 0.5951
-6.90384593970394 0.595
-6.90387886512001 0.5949
-6.90389906974961 0.5948
-6.90390420162085 0.5947
-6.90386572290482 0.5946
-6.90382502082497 0.5945
-6.90377350099835 0.5944
-6.90370198224597 0.5943
-6.90361910386907 0.5942
-6.90354318717134 0.5941
-6.90347123568938 0.594
-6.90339101946775 0.5939
-6.90329814390722 0.5938
-6.9032094802459 0.5937
-6.90312865400979 0.5936
-6.90305730224933 0.5935
-6.90299901236184 0.5934
-6.90294970235333 0.5933
-6.90290642095336 0.5932
-6.90287063222944 0.5931
-6.90282879664719 0.593
-6.90277980248987 0.5929
-6.90274845036928 0.5928
-6.90272428945367 0.5927
-6.90270733349584 0.5926
-6.90270518985686 0.5925
-6.9027189142824 0.5924
-6.90275416525592 0.5923
-6.90281074442224 0.5922
-6.90286311030872 0.5921
-6.9029185433456 0.592
-6.90299522204404 0.5919
-6.90304631916563 0.5918
-6.903102520356 0.5917
-6.90316971190123 0.5916
-6.90323054412086 0.5915
-6.90329582596228 0.5914
-6.90335445530032 0.5913
-6.90342134316459 0.5912
-6.90348515626136 0.5911
-6.90353779138006 0.591
-6.90357889824314 0.5909
-6.9035973203664 0.5908
-6.90362454198863 0.5907
-6.90362943396998 0.5906
-6.90362512108139 0.5905
-6.90361653196039 0.5904
-6.90359593784903 0.5903
-6.90356729077571 0.5902
-6.90352219850261 0.5901
-6.90346619889024 0.59
-6.90338937831928 0.5899
-6.90329490940736 0.5898
-6.90319925734862 0.5897
-6.90311332673081 0.5896
-6.90301046396947 0.5895
-6.90290300640782 0.5894
-6.90278640397761 0.5893
-6.90264953030569 0.5892
-6.90251127542453 0.5891
-6.90236750231528 0.589
-6.90223507381433 0.5889
-6.90212075995877 0.5888
-6.9020280580944 0.5887
-6.90194698855905 0.5886
-6.90186616305164 0.5885
-6.90179270791831 0.5884
-6.90174224944539 0.5883
-6.9017078235201 0.5882
-6.90170055866913 0.5881
-6.90170659872225 0.588
-6.90172413646673 0.5879
-6.90174700438595 0.5878
-6.90177347550999 0.5877
-6.90181475629927 0.5876
-6.90186201492788 0.5875
-6.90191910858992 0.5874
-6.90200187945818 0.5873
-6.90211707382428 0.5872
-6.90223796773212 0.5871
-6.90235056499384 0.587
-6.90244360829314 0.5869
-6.90252640218844 0.5868
-6.90259257887901 0.5867
-6.90264783402043 0.5866
-6.90270601483771 0.5865
-6.90276075178038 0.5864
-6.90279977385497 0.5863
-6.9028236939613 0.5862
-6.90283431348379 0.5861
-6.90285359806122 0.586
-6.90287489311973 0.5859
-6.90287424869573 0.5858
-6.90287766462879 0.5857
-6.90288014984062 0.5856
-6.90287819874405 0.5855
-6.90288026647905 0.5854
-6.90287866836825 0.5853
-6.90287756332773 0.5852
-6.90287424814479 0.5851
-6.90287957488759 0.585
-6.90289449481867 0.5849
-6.90291226538808 0.5848
-6.9029240597378 0.5847
-6.90293628922923 0.5846
-6.90294512266114 0.5845
-6.90295042411594 0.5844
-6.90292365445247 0.5843
-6.90289253443121 0.5842
-6.90287286244762 0.5841
-6.90284800313893 0.584
-6.90282884433168 0.5839
-6.90280467556259 0.5838
-6.90280677599058 0.5837
-6.90279642544689 0.5836
-6.90279051172219 0.5835
-6.90279459095399 0.5834
-6.90282765626117 0.5833
-6.90285585521565 0.5832
-6.90288325757503 0.5831
-6.90291635568451 0.583
-6.90293906039871 0.5829
-6.9029725258768 0.5828
-6.90302608776593 0.5827
-6.90308897010138 0.5826
-6.90315330023916 0.5825
-6.90322736719668 0.5824
-6.90330791035228 0.5823
-6.90338121635441 0.5822
-6.9034550271817 0.5821
-6.90351546937824 0.582
-6.90358715788869 0.5819
-6.90365061452826 0.5818
-6.90369113637847 0.5817
-6.90372287738246 0.5816
-6.90373236588267 0.5815
-6.90372422794724 0.5814
-6.90367709625869 0.5813
-6.90361252568308 0.5812
-6.90351901271846 0.5811
-6.90339932780416 0.581
-6.9032450014575 0.5809
-6.90307952224122 0.5808
-6.90289893464077 0.5807
-6.90270939390059 0.5806
-6.90250160384235 0.5805
-6.9022885317444 0.5804
-6.90208470372385 0.5803
-6.90187083740034 0.5802
-6.90168483495529 0.5801
-6.9015116090624 0.58
-6.90132628976816 0.5799
-6.9011529611222 0.5798
-6.90099584556766 0.5797
-6.90085371717966 0.5796
-6.90071685782666 0.5795
-6.90062282919834 0.5794
-6.90053067527917 0.5793
-6.90042385315129 0.5792
-6.90036008053501 0.5791
-6.90032586369015 0.579
-6.90032839696771 0.5789
-6.90035272477486 0.5788
-6.900402502817 0.5787
-6.90047287529969 0.5786
-6.90058921835962 0.5785
-6.9007169238233 0.5784
-6.90088460849221 0.5783
-6.90108224826775 0.5782
-6.90129569999074 0.5781
-6.90152310282371 0.578
-6.90176164433915 0.5779
-6.90199561457784 0.5778
-6.90220772758656 0.5777
-6.90242137081512 0.5776
-6.90264480713131 0.5775
-6.90286905400877 0.5774
-6.90307712660934 0.5773
-6.90328576209574 0.5772
-6.90348444482075 0.5771
-6.9036733751093 0.577
-6.90385826839441 0.5769
-6.90403469112564 0.5768
-6.90419804752512 0.5767
-6.90434960371026 0.5766
-6.90449123607109 0.5765
-6.90463673158141 0.5764
-6.90476636181582 0.5763
-6.90487456753475 0.5762
-6.90499713664861 0.5761
-6.90512085027542 0.576
-6.90525119291909 0.5759
-6.90538393157644 0.5758
-6.90548718246746 0.5757
-6.90560470478286 0.5756
-6.90570642975125 0.5755
-6.90581244057209 0.5754
-6.90593081170861 0.5753
-6.90605838904509 0.5752
-6.90619092895508 0.5751
-6.90632333728686 0.575
-6.90643117964989 0.5749
-6.90653477747044 0.5748
-6.90660851728417 0.5747
-6.90664376924673 0.5746
-6.90664490907266 0.5745
-6.90662125349713 0.5744
-6.90655818693266 0.5743
-6.90648571364199 0.5742
-6.90639603464572 0.5741
-6.90632328976433 0.574
-6.90626315063549 0.5739
-6.90618930376842 0.5738
-6.90612212904725 0.5737
-6.9060456535699 0.5736
-6.90599162232167 0.5735
-6.90592274154285 0.5734
-6.90586423200862 0.5733
-6.90582538579487 0.5732
-6.90581078818656 0.5731
-6.90580992877624 0.573
-6.90581045587399 0.5729
-6.90583725992418 0.5728
-6.90585895016208 0.5727
-6.90589955253756 0.5726
-6.90593884305241 0.5725
-6.905960547707 0.5724
-6.90598659261742 0.5723
-6.90601901132317 0.5722
-6.90604275309282 0.5721
-6.90605878816525 0.572
-6.90606890670629 0.5719
-6.90605237473963 0.5718
-6.90600368253908 0.5717
-6.90594045565103 0.5716
-6.90586163519391 0.5715
-6.90575077042626 0.5714
-6.90561734500896 0.5713
-6.90546945390521 0.5712
-6.9053084768279 0.5711
-6.90511607068128 0.571
-6.90491745873181 0.5709
-6.90472094254131 0.5708
-6.90451553290391 0.5707
-6.90431663056251 0.5706
-6.90410744631444 0.5705
-6.90390289686523 0.5704
-6.90371114910865 0.5703
-6.90353186109667 0.5702
-6.90335242406693 0.5701
-6.90316193400565 0.57
-6.90297358272659 0.5699
-6.90281338607589 0.5698
-6.90267456002606 0.5697
-6.90254074358659 0.5696
-6.90240182700825 0.5695
-6.90230105340787 0.5694
-6.90222157360589 0.5693
-6.90216537579256 0.5692
-6.90210062953152 0.5691
-6.90204374884841 0.569
-6.90200470997243 0.5689
-6.90197751932683 0.5688
-6.90194891265571 0.5687
-6.90193746620434 0.5686
-6.90192733272941 0.5685
-6.90191421984078 0.5684
-6.90191108210463 0.5683
-6.90189106400089 0.5682
-6.90186725840851 0.5681
-6.90184805881905 0.568
-6.90182636324452 0.5679
-6.90179308810221 0.5678
-6.90175838550425 0.5677
-6.90172799408253 0.5676
-6.90169604742241 0.5675
-6.90167145852115 0.5674
-6.90165482139438 0.5673
-6.90162720531395 0.5672
-6.90161608114823 0.5671
-6.90160749504024 0.567
-6.90161459306153 0.5669
-6.90162350792447 0.5668
-6.90163896689314 0.5667
-6.90166870036012 0.5666
-6.90171145571931 0.5665
-6.90176367756792 0.5664
-6.90182487725857 0.5663
-6.90188931238248 0.5662
-6.90199073633505 0.5661
-6.90211179029467 0.566
-6.90225116788329 0.5659
-6.90242778591256 0.5658
-6.90262057162485 0.5657
-6.90286420116906 0.5656
-6.90313641986992 0.5655
-6.90343105552933 0.5654
-6.90374532564573 0.5653
-6.90406812434459 0.5652
-6.90439101354042 0.5651
-6.90471592605941 0.565
-6.9050606778041 0.5649
-6.90540490760638 0.5648
-6.90572592168488 0.5647
-6.90602870755278 0.5646
-6.90631332533052 0.5645
-6.90658514424773 0.5644
-6.90683636899448 0.5643
-6.90706990759686 0.5642
-6.90728537133193 0.5641
-6.90750002719351 0.564
-6.90771011999215 0.5639
-6.90789832965767 0.5638
-6.90805932754337 0.5637
-6.90821337675701 0.5636
-6.90837251737243 0.5635
-6.90851355239465 0.5634
-6.90860841693213 0.5633
-6.90867994275542 0.5632
-6.90873798747508 0.5631
-6.90878889287912 0.563
-6.90880685823026 0.5629
-6.90881943909489 0.5628
-6.90881443318013 0.5627
-6.90881090797073 0.5626
-6.90880154175697 0.5625
-6.90878625513284 0.5624
-6.9087605144806 0.5623
-6.90872713102486 0.5622
-6.90868524048087 0.5621
-6.90862554046904 0.562
-6.90855175324668 0.5619
-6.90845896709823 0.5618
-6.9083761113289 0.5617
-6.9082855857727 0.5616
-6.90818810548634 0.5615
-6.90808725742532 0.5614
-6.90798500455272 0.5613
-6.90788120419917 0.5612
-6.90777628931764 0.5611
-6.90768331041646 0.561
-6.90760486749413 0.5609
-6.90751029425103 0.5608
-6.90739854860161 0.5607
-6.90727792069429 0.5606
-6.90715322985586 0.5605
-6.90704723346674 0.5604
-6.90694931505116 0.5603
-6.90685865342749 0.5602
-6.90675833641771 0.5601
-6.90665130698487 0.56
-6.90655600398835 0.5599
-6.90646353840265 0.5598
-6.90638099372395 0.5597
-6.90629178589662 0.5596
-6.9062069332043 0.5595
-6.90614187437798 0.5594
-6.90607076143558 0.5593
-6.90601618000332 0.5592
-6.90596006162964 0.5591
-6.905910528565 0.559
-6.90587902320473 0.5589
-6.90585354470981 0.5588
-6.90581491061509 0.5587
-6.90579128932568 0.5586
-6.9057864433251 0.5585
-6.90579017570392 0.5584
-6.90581264247402 0.5583
-6.90587152844402 0.5582
-6.90593437932797 0.5581
-6.9059960768936 0.558
-6.90606158314066 0.5579
-6.90609941527859 0.5578
-6.90613467390015 0.5577
-6.90616846101566 0.5576
-6.90620680180161 0.5575
-6.90623727141953 0.5574
-6.90627672107911 0.5573
-6.90631731263665 0.5572
-6.90636378801887 0.5571
-6.90642664113617 0.557
-6.90648493333452 0.5569
-6.90653816144435 0.5568
-6.90657241006785 0.5567
-6.90658743075588 0.5566
-6.90657168023999 0.5565
-6.90656024825408 0.5564
-6.90653598407202 0.5563
-6.90649825881121 0.5562
-6.90644973796806 0.5561
-6.9063768970629 0.556
-6.90628251008449 0.5559
-6.90616858735598 0.5558
-6.9060345510931 0.5557
-6.90588539421977 0.5556
-6.90573237269637 0.5555
-6.90556614500297 0.5554
-6.90540930210613 0.5553
-6.90524931255913 0.5552
-6.90508286975053 0.5551
-6.90491009038197 0.555
-6.90473761872078 0.5549
-6.90455858589195 0.5548
-6.90437984588882 0.5547
-6.90422652893503 0.5546
-6.90407787491324 0.5545
-6.90393587499256 0.5544
-6.90380162478347 0.5543
-6.90367648137829 0.5542
-6.90357684420793 0.5541
-6.9035105816945 0.554
-6.90346265560964 0.5539
-6.9034262336504 0.5538
-6.90342827380406 0.5537
-6.90346455032339 0.5536
-6.90349626739766 0.5535
-6.90354701937886 0.5534
-6.90362843045106 0.5533
-6.90372743401665 0.5532
-6.90383675482955 0.5531
-6.90398250699312 0.553
-6.90412737865359 0.5529
-6.90428164727939 0.5528
-6.904434777357 0.5527
-6.90458765981984 0.5526
-6.90473940821677 0.5525
-6.90489201909349 0.5524
-6.90504789650947 0.5523
-6.90520428291759 0.5522
-6.90536744156895 0.5521
-6.9055367720653 0.552
-6.90569784438562 0.5519
-6.90585332879514 0.5518
-6.90601009441862 0.5517
-6.90616318172402 0.5516
-6.90632158920585 0.5515
-6.90649075979777 0.5514
-6.90668148325152 0.5513
-6.90686105074496 0.5512
-6.90700925425961 0.5511
-6.90714913622344 0.551
-6.90726575210467 0.5509
-6.90736342067499 0.5508
-6.90744165051403 0.5507
-6.90751846429222 0.5506
-6.90757167383662 0.5505
-6.90762426202281 0.5504
-6.9076543411345 0.5503
-6.90767811309797 0.5502
-6.90769203590074 0.5501
-6.90769838788822 0.55
-6.9076999301095 0.5499
-6.90769069628152 0.5498
-6.90767561091192 0.5497
-6.90766717532476 0.5496
-6.90766658506484 0.5495
-6.90767517062844 0.5494
-6.90769117875201 0.5493
-6.90769714555959 0.5492
-6.90771323938866 0.5491
-6.90772589355404 0.549
-6.90773637902306 0.5489
-6.90775191210763 0.5488
-6.90777415677538 0.5487
-6.90779338030125 0.5486
-6.90783301355996 0.5485
-6.90787427334628 0.5484
-6.90790715977209 0.5483
-6.90792632303868 0.5482
-6.90792789765113 0.5481
-6.90789651480668 0.548
-6.90786109219811 0.5479
-6.90782514995669 0.5478
-6.90780949959519 0.5477
-6.90780747725159 0.5476
-6.90780153148683 0.5475
-6.90778143852622 0.5474
-6.90777255984735 0.5473
-6.90775320091671 0.5472
-6.90773184893955 0.5471
-6.90770440354356 0.547
-6.90764693880793 0.5469
-6.90756256966095 0.5468
-6.90746078342245 0.5467
-6.90733989810678 0.5466
-6.90719902747767 0.5465
-6.90704637570683 0.5464
-6.90687979792197 0.5463
-6.90669447416926 0.5462
-6.90652396629295 0.5461
-6.90635834675512 0.546
-6.90619836727854 0.5459
-6.90605903684638 0.5458
-6.90589732317077 0.5457
-6.90574361095831 0.5456
-6.90559751364804 0.5455
-6.90543702336647 0.5454
-6.90528481371609 0.5453
-6.90513538964276 0.5452
-6.90499494991388 0.5451
-6.90488528029157 0.545
-6.90480111057425 0.5449
-6.9047087941456 0.5448
-6.90463552496698 0.5447
-6.90457580695184 0.5446
-6.90452983342337 0.5445
-6.90450083625253 0.5444
-6.90448994402074 0.5443
-6.90450330074216 0.5442
-6.90453832300057 0.5441
-6.90457840900385 0.544
-6.90464074176936 0.5439
-6.90470525395399 0.5438
-6.90478007120406 0.5437
-6.90487636606971 0.5436
-6.90497445134614 0.5435
-6.90508427566041 0.5434
-6.90521061817381 0.5433
-6.90532480816494 0.5432
-6.9054447435327 0.5431
-6.90558800147286 0.543
-6.90574026669143 0.5429
-6.90588246199923 0.5428
-6.90599749143435 0.5427
-6.90613381788365 0.5426
-6.90626848813182 0.5425
-6.90639319817087 0.5424
-6.90650209070319 0.5423
-6.90660174845184 0.5422
-6.90671792117617 0.5421
-6.90682498889068 0.542
-6.90693896427722 0.5419
-6.90705856577875 0.5418
-6.90721193333831 0.5417
-6.90736856207414 0.5416
-6.9075322930923 0.5415
-6.90770572583098 0.5414
-6.90788333454724 0.5413
-6.90807659827231 0.5412
-6.90828048525847 0.5411
-6.90848517366809 0.541
-6.90867365182699 0.5409
-6.90884763267538 0.5408
-6.90900258397961 0.5407
-6.9091579715603 0.5406
-6.90931262280573 0.5405
-6.90946036559858 0.5404
-6.90960481641065 0.5403
-6.90974300144631 0.5402
-6.90986380523754 0.5401
-6.90997136760296 0.54
-6.91008665231784 0.5399
-6.91017093747763 0.5398
-6.91024836486771 0.5397
-6.91030715443457 0.5396
-6.91033664497748 0.5395
-6.91032897175807 0.5394
-6.91031247536585 0.5393
-6.91028190922345 0.5392
-6.91024181987804 0.5391
-6.91020492198716 0.539
-6.91017578187698 0.5389
-6.91015753818124 0.5388
-6.91013397008076 0.5387
-6.91012065057382 0.5386
-6.91011779995383 0.5385
-6.91010447866718 0.5384
-6.91007719381727 0.5383
-6.91006529907283 0.5382
-6.91004460923311 0.5381
-6.91004676006734 0.538
-6.91007144133899 0.5379
-6.91009913240685 0.5378
-6.91013241374139 0.5377
-6.91016666039012 0.5376
-6.91020301184022 0.5375
-6.91022461841061 0.5374
-6.91024742059139 0.5373
-6.91026990100021 0.5372
-6.91027206152341 0.5371
-6.91028366099564 0.537
-6.91030947327404 0.5369
-6.9103191106435 0.5368
-6.91031630831206 0.5367
-6.91032014529492 0.5366
-6.91031995092775 0.5365
-6.9103193458151 0.5364
-6.91028946367291 0.5363
-6.9102590727477 0.5362
-6.91021236634513 0.5361
-6.91013700595523 0.536
-6.91002763632641 0.5359
-6.9098972369327 0.5358
-6.90976356978106 0.5357
-6.90961832532962 0.5356
-6.9094652452044 0.5355
-6.90930751544399 0.5354
-6.90914573673264 0.5353
-6.90897961505514 0.5352
-6.90881539395962 0.5351
-6.90864855588426 0.535
-6.90846450234274 0.5349
-6.90830178194394 0.5348
-6.90814798738764 0.5347
-6.90800094212833 0.5346
-6.90785672421233 0.5345
-6.90772240046667 0.5344
-6.90758847873294 0.5343
-6.90747144523421 0.5342
-6.90736616304903 0.5341
-6.90725690241719 0.534
-6.9071653242679 0.5339
-6.90707942787819 0.5338
-6.90699163890978 0.5337
-6.9069315210839 0.5336
-6.90689313896423 0.5335
-6.90688029833313 0.5334
-6.906889574173 0.5333
-6.90693067305828 0.5332
-6.9070038333655 0.5331
-6.90711293468719 0.533
-6.90724653856967 0.5329
-6.90739708590578 0.5328
-6.90757216594905 0.5327
-6.90777134365484 0.5326
-6.9079928201692 0.5325
-6.90822776550128 0.5324
-6.90846805005811 0.5323
-6.90870371141786 0.5322
-6.90893749102123 0.5321
-6.90916188534771 0.532
-6.90939040853339 0.5319
-6.90959979702408 0.5318
-6.90980308444155 0.5317
-6.90999378290115 0.5316
-6.910170595964 0.5315
-6.91033011590456 0.5314
-6.91046039398869 0.5313
-6.9105713212653 0.5312
-6.91065424871805 0.5311
-6.91071624096484 0.531
-6.91076463540627 0.5309
-6.9107933876189 0.5308
-6.91081162867208 0.5307
-6.91081357583107 0.5306
-6.91080406994258 0.5305
-6.91078928817416 0.5304
-6.91075643738458 0.5303
-6.91071003575803 0.5302
-6.91065851912661 0.5301
-6.91060765590967 0.53
-6.91055857731557 0.5299
-6.91052638646351 0.5298
-6.91049945075653 0.5297
-6.91049168610521 0.5296
-6.91049361724445 0.5295
-6.91050278564196 0.5294
-6.91052034227819 0.5293
-6.91053202973499 0.5292
-6.91054601791445 0.5291
-6.91056233341816 0.529
-6.91060636252732 0.5289
-6.9106694119078 0.5288
-6.91075843888815 0.5287
-6.91084152342213 0.5286
-6.91092040686823 0.5285
-6.91099917309131 0.5284
-6.91106484835995 0.5283
-6.91111683002293 0.5282
-6.9111517977611 0.5281
-6.91116237797894 0.528
-6.9111601691237 0.5279
-6.91116038643984 0.5278
-6.91117174212329 0.5277
-6.9111777262708 0.5276
-6.91118170845306 0.5275
-6.91118095146371 0.5274
-6.9111757259745 0.5273
-6.9111653002216 0.5272
-6.91112723269337 0.5271
-6.91106697626836 0.527
-6.91097691545761 0.5269
-6.91086512137104 0.5268
-6.91076652475846 0.5267
-6.91067143351998 0.5266
-6.91056531571634 0.5265
-6.91044948300522 0.5264
-6.91033499375941 0.5263
-6.91024806764578 0.5262
-6.91016957129143 0.5261
-6.91010290935372 0.526
-6.91004391945467 0.5259
-6.90999182645296 0.5258
-6.9099589355526 0.5257
-6.90993123370901 0.5256
-6.90990163875211 0.5255
-6.90987991893869 0.5254
-6.90986132087341 0.5253
-6.90984571169571 0.5252
-6.90983721116519 0.5251
-6.90983762427112 0.525
-6.90984035146541 0.5249
-6.90983445155961 0.5248
-6.90981939150091 0.5247
-6.90979515931985 0.5246
-6.90978488943747 0.5245
-6.90976833426453 0.5244
-6.9097410734824 0.5243
-6.90971656971014 0.5242
-6.90966795932373 0.5241
-6.90958575125339 0.524
-6.90950630772263 0.5239
-6.90940388574555 0.5238
-6.90930258689399 0.5237
-6.9092055233888 0.5236
-6.90912087666523 0.5235
-6.90903607512841 0.5234
-6.90895837499458 0.5233
-6.90889583938253 0.5232
-6.90882846955989 0.5231
-6.90876877356906 0.523
-6.90871543407933 0.5229
-6.90866835971597 0.5228
-6.90863837364024 0.5227
-6.90861265394056 0.5226
-6.90859520475287 0.5225
-6.90855900907252 0.5224
-6.90851525283837 0.5223
-6.90849249360899 0.5222
-6.90847934715487 0.5221
-6.90847250793132 0.522
-6.90846227373134 0.5219
-6.9084695480543 0.5218
-6.90847916598757 0.5217
-6.90846811850917 0.5216
-6.90846553042812 0.5215
-6.90846339501934 0.5214
-6.90847179663501 0.5213
-6.9084855352833 0.5212
-6.90848583877109 0.5211
-6.90848792344431 0.521
-6.90849148368566 0.5209
-6.9084956461521 0.5208
-6.90850523287941 0.5207
-6.90853562909981 0.5206
-6.90859271275928 0.5205
-6.9086515851372 0.5204
-6.90872662274797 0.5203
-6.90880875004817 0.5202
-6.90890410000045 0.5201
-6.90899427652281 0.52
-6.90908525836279 0.5199
-6.90918965036553 0.5198
-6.90930525434756 0.5197
-6.909436334028 0.5196
-6.90957565998466 0.5195
-6.90971668364919 0.5194
-6.90985444601623 0.5193
-6.9099959589563 0.5192
-6.91013344365 0.5191
-6.91025050442424 0.519
-6.91035233220156 0.5189
-6.91043342393858 0.5188
-6.9105043734645 0.5187
-6.91054798249318 0.5186
-6.91057677073468 0.5185
-6.91058826684546 0.5184
-6.91058246281452 0.5183
-6.91056082106357 0.5182
-6.91054177347644 0.5181
-6.91051967743396 0.518
-6.91049026756738 0.5179
-6.91044558361536 0.5178
-6.9103654073091 0.5177
-6.91027157143035 0.5176
-6.91017356705477 0.5175
-6.91008584492513 0.5174
-6.90999682044671 0.5173
-6.90991962745925 0.5172
-6.9098444778942 0.5171
-6.90976453814458 0.517
-6.9097086499886 0.5169
-6.90964553864315 0.5168
-6.90957247352627 0.5167
-6.90950499949088 0.5166
-6.90942959201479 0.5165
-6.90934931458981 0.5164
-6.90927852177588 0.5163
-6.90920602336535 0.5162
-6.90916191289871 0.5161
-6.90911403216788 0.516
-6.90908915525433 0.5159
-6.90906908322495 0.5158
-6.90903981835744 0.5157
-6.90900187834041 0.5156
-6.90897311543231 0.5155
-6.9089550867538 0.5154
-6.90893421577511 0.5153
-6.90890200204021 0.5152
-6.90889577001877 0.5151
-6.9089234461913 0.515
-6.90897880510631 0.5149
-6.90904795592738 0.5148
-6.90913488448188 0.5147
-6.90923476797846 0.5146
-6.90936730690683 0.5145
-6.90951397584065 0.5144
-6.90967184107298 0.5143
-6.90984933423284 0.5142
-6.91004344980656 0.5141
-6.91024142184672 0.514
-6.91045249691358 0.5139
-6.9106653648301 0.5138
-6.91089213483665 0.5137
-6.91114641606186 0.5136
-6.91140780797003 0.5135
-6.91165015747987 0.5134
-6.91187003425031 0.5133
-6.91207121741594 0.5132
-6.91225695495579 0.5131
-6.91242410738267 0.513
-6.91254497645893 0.5129
-6.9126205476474 0.5128
-6.91267536699438 0.5127
-6.91269001895476 0.5126
-6.91268624821397 0.5125
-6.91264118760451 0.5124
-6.91259246374729 0.5123
-6.91250838363735 0.5122
-6.91239745359435 0.5121
-6.91225069604621 0.512
-6.91209174684171 0.5119
-6.91194271251528 0.5118
-6.91179684500691 0.5117
-6.91165964856824 0.5116
-6.91151741424851 0.5115
-6.91136547098112 0.5114
-6.91122620320216 0.5113
-6.91110084566515 0.5112
-6.91097546782405 0.5111
-6.91086471720114 0.511
-6.91077055409527 0.5109
-6.9107001857681 0.5108
-6.91064981506124 0.5107
-6.91063897163737 0.5106
-6.9106467925084 0.5105
-6.91065132839945 0.5104
-6.91063961814922 0.5103
-6.91064410351995 0.5102
-6.91064619378232 0.5101
-6.91064059400518 0.51
-6.91063533618848 0.5099
-6.91062847054789 0.5098
-6.91060250856285 0.5097
-6.91057467004186 0.5096
-6.910530387183 0.5095
-6.91047628946302 0.5094
-6.91041535334537 0.5093
-6.91033741857554 0.5092
-6.91025600199084 0.5091
-6.91017762262122 0.509
-6.91011402820938 0.5089
-6.91007261842755 0.5088
-6.91005459413591 0.5087
-6.91005722697746 0.5086
-6.91009919620161 0.5085
-6.91016015123986 0.5084
-6.91025196897019 0.5083
-6.9103583384233 0.5082
-6.91049624215702 0.5081
-6.91062224396334 0.508
-6.9107648925518 0.5079
-6.91091512221551 0.5078
-6.9110538190395 0.5077
-6.91119918298291 0.5076
-6.91136265612912 0.5075
-6.91153150221232 0.5074
-6.91168813695422 0.5073
-6.91183372258019 0.5072
-6.91196862277954 0.5071
-6.91210519591237 0.507
-6.91224088546894 0.5069
-6.91236454048931 0.5068
-6.912485177944 0.5067
-6.91260970377274 0.5066
-6.91274684134115 0.5065
-6.91286167330243 0.5064
-6.9129840661188 0.5063
-6.91309545460192 0.5062
-6.91319563185542 0.5061
-6.91330378850145 0.506
-6.91340568367778 0.5059
-6.91349771961783 0.5058
-6.91357425753925 0.5057
-6.91366529680377 0.5056
-6.91374743769906 0.5055
-6.91380863586391 0.5054
-6.91386705307053 0.5053
-6.91392495259752 0.5052
-6.91398384230222 0.5051
-6.91404144539392 0.505
-6.91409808825736 0.5049
-6.91414768163723 0.5048
-6.91419828924517 0.5047
-6.91423595818523 0.5046
-6.91425654814318 0.5045
-6.91429116346101 0.5044
-6.91434495777851 0.5043
-6.91440596248886 0.5042
-6.91446957544297 0.5041
-6.91452843803388 0.504
-6.91456416846347 0.5039
-6.91460809965106 0.5038
-6.91464434239086 0.5037
-6.91465251186042 0.5036
-6.91465077337951 0.5035
-6.91466334229519 0.5034
-6.91466097317804 0.5033
-6.91463666554163 0.5032
-6.9146158587645 0.5031
-6.9145952878733 0.503
-6.91456814108216 0.5029
-6.91456022729286 0.5028
-6.91455274336127 0.5027
-6.91454884100098 0.5026
-6.91454863738806 0.5025
-6.91453468627814 0.5024
-6.91452918462559 0.5023
-6.91452558494515 0.5022
-6.91454075207544 0.5021
-6.91456245429326 0.502
-6.91460289589708 0.5019
-6.91465952318835 0.5018
-6.91472663153743 0.5017
-6.91480071995407 0.5016
-6.91488729623914 0.5015
-6.91495802612212 0.5014
-6.91503421870477 0.5013
-6.91508677144474 0.5012
-6.91512789098942 0.5011
-6.91515834717767 0.501
-6.91517381162572 0.5009
-6.91515883477036 0.5008
-6.91510748242252 0.5007
-6.91504263278482 0.5006
-6.91495224662873 0.5005
-6.91485565631154 0.5004
-6.91475804774693 0.5003
-6.91465851908685 0.5002
-6.91453568176627 0.5001
-6.91442351181586 0.5
-6.91431044095107 0.4999
-6.9141740831326 0.4998
-6.91403035635395 0.4997
-6.91390390348273 0.4996
-6.91379543430436 0.4995
-6.91368726616933 0.4994
-6.91358773328052 0.4993
-6.91350843406994 0.4992
-6.91344752358698 0.4991
-6.9134066453943 0.499
-6.91339483168904 0.4989
-6.91339886954257 0.4988
-6.91342523577179 0.4987
-6.91345676827089 0.4986
-6.91349974072534 0.4985
-6.91356335355904 0.4984
-6.91365142090637 0.4983
-6.91374602392303 0.4982
-6.91385113350613 0.4981
-6.91395905981518 0.498
-6.91406988523591 0.4979
-6.91417639289185 0.4978
-6.91427647595796 0.4977
-6.91437353605834 0.4976
-6.91444877997451 0.4975
-6.91452939693534 0.4974
-6.91460330949655 0.4973
-6.91466646555443 0.4972
-6.91472144105918 0.4971
-6.91478364274639 0.497
-6.91482646624416 0.4969
-6.91487010061267 0.4968
-6.91490636216255 0.4967
-6.91494248352422 0.4966
-6.91497010260487 0.4965
-6.91498165348264 0.4964
-6.91497909686617 0.4963
-6.914974895909 0.4962
-6.91497346489626 0.4961
-6.91497293986959 0.496
-6.91495710781714 0.4959
-6.91492872326283 0.4958
-6.91489744567305 0.4957
-6.91486516909216 0.4956
-6.9148366702348 0.4955
-6.91480514203846 0.4954
-6.91476220793368 0.4953
-6.91471867667876 0.4952
-6.9146664137608 0.4951
-6.91461401941169 0.495
-6.91457656161474 0.4949
-6.91453555722646 0.4948
-6.91450191972898 0.4947
-6.91447671136896 0.4946
-6.91443583104165 0.4945
-6.91438647573461 0.4944
-6.91434106795594 0.4943
-6.91431390750163 0.4942
-6.91429416078086 0.4941
-6.9142741693362 0.494
-6.91427964064068 0.4939
-6.91427404067906 0.4938
-6.91428173400773 0.4937
-6.91427466519895 0.4936
-6.91426829665018 0.4935
-6.91426754100902 0.4934
-6.91427056155534 0.4933
-6.91427848025038 0.4932
-6.91427042040342 0.4931
-6.9142571719222 0.493
-6.91425190932433 0.4929
-6.9142647546546 0.4928
-6.91427951130574 0.4927
-6.9143165630108 0.4926
-6.91435948231095 0.4925
-6.91441083034748 0.4924
-6.91445762892241 0.4923
-6.91450461207705 0.4922
-6.91456660354093 0.4921
-6.91460905499369 0.492
-6.91464333572331 0.4919
-6.91468744578437 0.4918
-6.91472598551967 0.4917
-6.9147418992929 0.4916
-6.91473364187867 0.4915
-6.91472420716694 0.4914
-6.91469995592665 0.4913
-6.91465278371353 0.4912
-6.91458025636875 0.4911
-6.9145028444199 0.491
-6.9144111784394 0.4909
-6.91430459004391 0.4908
-6.91419119107743 0.4907
-6.9140932772462 0.4906
-6.91398727787208 0.4905
-6.91388710896889 0.4904
-6.91379038079866 0.4903
-6.91369557420149 0.4902
-6.91362220494997 0.4901
-6.91355010633794 0.49
-6.91348456001925 0.4899
-6.91345180281 0.4898
-6.91343829174372 0.4897
-6.9134532719714 0.4896
-6.9134608871093 0.4895
-6.91348815524999 0.4894
-6.91354349740329 0.4893
-6.91360941075391 0.4892
-6.91368347018056 0.4891
-6.91377537832302 0.489
-6.91387499769087 0.4889
-6.91395967285104 0.4888
-6.91404824218068 0.4887
-6.91416425110983 0.4886
-6.9142788301244 0.4885
-6.9144030355549 0.4884
-6.91452836625248 0.4883
-6.91466053628403 0.4882
-6.91478162415611 0.4881
-6.91491170292476 0.488
-6.9150433701523 0.4879
-6.91516763806076 0.4878
-6.9152791187721 0.4877
-6.91537178166599 0.4876
-6.91544699969729 0.4875
-6.91550437988842 0.4874
-6.91554422911026 0.4873
-6.91558085594027 0.4872
-6.91561898099013 0.4871
-6.91565489963049 0.487
-6.91566866591907 0.4869
-6.91567701549137 0.4868
-6.91565823166726 0.4867
-6.91560226755602 0.4866
-6.91552879015663 0.4865
-6.91546563438744 0.4864
-6.91536671503883 0.4863
-6.91524652392876 0.4862
-6.91513433325219 0.4861
-6.9150218915974 0.486
-6.91489975839046 0.4859
-6.91476265925265 0.4858
-6.91463472123672 0.4857
-6.91450481957561 0.4856
-6.91437503824222 0.4855
-6.91425130371494 0.4854
-6.91414037775387 0.4853
-6.91403066903253 0.4852
-6.91392073952762 0.4851
-6.91380828166451 0.485
-6.91370880441113 0.4849
-6.91364019415578 0.4848
-6.91360663864582 0.4847
-6.91359647112693 0.4846
-6.91359849329379 0.4845
-6.91362596120553 0.4844
-6.91365285412183 0.4843
-6.91371257021135 0.4842
-6.91377898088886 0.4841
-6.91388765648842 0.484
-6.91399433166078 0.4839
-6.91411450715843 0.4838
-6.914252761616 0.4837
-6.91439729071839 0.4836
-6.91453300033509 0.4835
-6.91466523502294 0.4834
-6.91480521151467 0.4833
-6.91496235211467 0.4832
-6.91512922017987 0.4831
-6.91528742044439 0.483
-6.91544391150074 0.4829
-6.91560909028386 0.4828
-6.91578945992928 0.4827
-6.91595786008596 0.4826
-6.91613131970925 0.4825
-6.91630899959439 0.4824
-6.91647947692381 0.4823
-6.91662491389215 0.4822
-6.91677521820886 0.4821
-6.91692209147787 0.482
-6.91706577763773 0.4819
-6.91720516191896 0.4818
-6.91733690937963 0.4817
-6.917456631255 0.4816
-6.91755838778197 0.4815
-6.91766112576524 0.4814
-6.91774288606093 0.4813
-6.91782550098416 0.4812
-6.91790250331397 0.4811
-6.91797655733814 0.481
-6.91805049359928 0.4809
-6.91809828805818 0.4808
-6.91814010221122 0.4807
-6.91818166836518 0.4806
-6.9182154767936 0.4805
-6.91824626081269 0.4804
-6.91827479774531 0.4803
-6.91830953272128 0.4802
-6.91832487448906 0.4801
-6.91834558456815 0.48
-6.91835051046505 0.4799
-6.91834962128333 0.4798
-6.91833006949694 0.4797
-6.91832098173867 0.4796
-6.91832824239245 0.4795
-6.91833357796334 0.4794
-6.91834495061456 0.4793
-6.91835481799218 0.4792
-6.91835690974525 0.4791
-6.91837155468025 0.479
-6.91839780677274 0.4789
-6.91843080671082 0.4788
-6.91846740687736 0.4787
-6.91850158099664 0.4786
-6.91854449012566 0.4785
-6.9185967026759 0.4784
-6.91865009024086 0.4783
-6.91870455073054 0.4782
-6.91874624650382 0.4781
-6.91877865618877 0.478
-6.91881661320406 0.4779
-6.91884982539353 0.4778
-6.91886502935735 0.4777
-6.91887441394728 0.4776
-6.91884944833863 0.4775
-6.91880374068667 0.4774
-6.91874164165545 0.4773
-6.91866759192513 0.4772
-6.91857246394136 0.4771
-6.91848798756602 0.477
-6.91841187180221 0.4769
-6.91830222215384 0.4768
-6.91818346413756 0.4767
-6.91808683360957 0.4766
-6.91799645114176 0.4765
-6.91789367717915 0.4764
-6.91779174502327 0.4763
-6.91769173486061 0.4762
-6.91760536233321 0.4761
-6.91752443628913 0.476
-6.91745925651138 0.4759
-6.91740427548093 0.4758
-6.91737993484834 0.4757
-6.91737331938138 0.4756
-6.91735771518393 0.4755
-6.91735486073904 0.4754
-6.91734232889982 0.4753
-6.91730738248046 0.4752
-6.91725092025263 0.4751
-6.91720321072842 0.475
-6.9171422157602 0.4749
-6.91706621655097 0.4748
-6.91700032254639 0.4747
-6.91692292710422 0.4746
-6.91683369443259 0.4745
-6.91675387920601 0.4744
-6.9166673966427 0.4743
-6.91658942597404 0.4742
-6.91651738085049 0.4741
-6.91646079517033 0.474
-6.91642179716478 0.4739
-6.9164079330965 0.4738
-6.9164074077346 0.4737
-6.91642069117754 0.4736
-6.91646081751724 0.4735
-6.91652267051659 0.4734
-6.91659347772071 0.4733
-6.91668669630241 0.4732
-6.91678952428041 0.4731
-6.91688764273391 0.473
-6.91696721389929 0.4729
-6.91705214190821 0.4728
-6.91711998034899 0.4727
-6.91719559667621 0.4726
-6.91724651641586 0.4725
-6.91729713779238 0.4724
-6.91733449717706 0.4723
-6.91736611169771 0.4722
-6.91738454755917 0.4721
-6.91737762877187 0.472
-6.91737582054198 0.4719
-6.91736602950214 0.4718
-6.91735013864967 0.4717
-6.91733767766512 0.4716
-6.91729928827313 0.4715
-6.91726145071973 0.4714
-6.91720126249004 0.4713
-6.91714467858324 0.4712
-6.91709922594317 0.4711
-6.91705395159258 0.471
-6.91702355015421 0.4709
-6.91699511353008 0.4708
-6.91696875046262 0.4707
-6.916950413667 0.4706
-6.91692246252163 0.4705
-6.91690297243604 0.4704
-6.91687556427115 0.4703
-6.9168424563779 0.4702
-6.91683092244965 0.4701
-6.91680956989586 0.47
-6.91678689216958 0.4699
-6.91675527780129 0.4698
-6.91672506536857 0.4697
-6.91671788225679 0.4696
-6.91671824474919 0.4695
-6.91672730798443 0.4694
-6.91673860845378 0.4693
-6.91675450155412 0.4692
-6.91676372578753 0.4691
-6.91676944262497 0.469
-6.91677526148957 0.4689
-6.91674625909567 0.4688
-6.91672335065222 0.4687
-6.9166974858727 0.4686
-6.91665082428976 0.4685
-6.91658609626387 0.4684
-6.91651371032076 0.4683
-6.91643540711558 0.4682
-6.916340787975 0.4681
-6.9162327456484 0.468
-6.91614113992269 0.4679
-6.91609457177075 0.4678
-6.91605844987708 0.4677
-6.91601774335885 0.4676
-6.9159986010198 0.4675
-6.91601512686103 0.4674
-6.91604769522749 0.4673
-6.91609250158383 0.4672
-6.9161605091621 0.4671
-6.91624930361382 0.467
-6.91635876019427 0.4669
-6.91646925414586 0.4668
-6.91657955407089 0.4667
-6.91670567018024 0.4666
-6.916835284856 0.4665
-6.91696609763103 0.4664
-6.91709215327597 0.4663
-6.91721687855173 0.4662
-6.91733426210428 0.4661
-6.9174340835753 0.466
-6.91750413720825 0.4659
-6.9175607083796 0.4658
-6.91760454007333 0.4657
-6.91762614549087 0.4656
-6.91765614128493 0.4655
-6.91767103688529 0.4654
-6.91767725582057 0.4653
-6.91767389642417 0.4652
-6.91767730945096 0.4651
-6.91767844634604 0.465
-6.91768251520075 0.4649
-6.9176943796955 0.4648
-6.91769879456763 0.4647
-6.91770817758906 0.4646
-6.91770726642245 0.4645
-6.91773907337238 0.4644
-6.91778322981646 0.4643
-6.91781954904207 0.4642
-6.91785496328377 0.4641
-6.91790740535778 0.464
-6.91795202740507 0.4639
-6.91799680660975 0.4638
-6.91803271088345 0.4637
-6.91808344323128 0.4636
-6.91811632382969 0.4635
-6.91813902832829 0.4634
-6.91817337353631 0.4633
-6.91819549581478 0.4632
-6.9182137179684 0.4631
-6.91822133140227 0.463
-6.9182158588579 0.4629
-6.91820462003018 0.4628
-6.91819399216577 0.4627
-6.91818739353959 0.4626
-6.91816845213256 0.4625
-6.91815216460841 0.4624
-6.91813995755144 0.4623
-6.91811033526514 0.4622
-6.91808494186547 0.4621
-6.91806489786729 0.462
-6.91804614278247 0.4619
-6.91805342611722 0.4618
-6.91806006102657 0.4617
-6.9180538206361 0.4616
-6.91805317227091 0.4615
-6.91806629036787 0.4614
-6.91808090513975 0.4613
-6.91810265982626 0.4612
-6.9181147174751 0.4611
-6.91811443558798 0.461
-6.91812027929639 0.4609
-6.9181280612062 0.4608
-6.91813293015929 0.4607
-6.91813809361715 0.4606
-6.91814923344863 0.4605
-6.91817537896122 0.4604
-6.91820150337812 0.4603
-6.91821910666177 0.4602
-6.91824015843761 0.4601
-6.91826227733148 0.46
-6.91827157111461 0.4599
-6.91829630023593 0.4598
-6.91832950554848 0.4597
-6.91835128641927 0.4596
-6.91837729189859 0.4595
-6.91838486821748 0.4594
-6.91839703756377 0.4593
-6.91841302746495 0.4592
-6.91841838981384 0.4591
-6.9184301961978 0.459
-6.91845212276517 0.4589
-6.9184577263112 0.4588
-6.91847339166241 0.4587
-6.9184718981253 0.4586
-6.91849690214491 0.4585
-6.9185164657132 0.4584
-6.9185219031351 0.4583
-6.91853591591851 0.4582
-6.91853543208321 0.4581
-6.91853312027168 0.458
-6.91852916747575 0.4579
-6.91850768144481 0.4578
-6.9184513900892 0.4577
-6.91839988035119 0.4576
-6.91833271820446 0.4575
-6.91824968496072 0.4574
-6.91816365586287 0.4573
-6.91805602678924 0.4572
-6.91795055444275 0.4571
-6.91786069391416 0.457
-6.91776786003618 0.4569
-6.91766412764207 0.4568
-6.91757126288776 0.4567
-6.91750293353113 0.4566
-6.91744241289353 0.4565
-6.91737926921365 0.4564
-6.91731194595919 0.4563
-6.91727742724427 0.4562
-6.91725347996543 0.4561
-6.91724106108021 0.456
-6.91721418292956 0.4559
-6.91717354477984 0.4558
-6.91713088760854 0.4557
-6.91710091795465 0.4556
-6.91705396987339 0.4555
-6.91701912199678 0.4554
-6.91698895390733 0.4553
-6.91695959374276 0.4552
-6.91692348406707 0.4551
-6.91688504205659 0.455
-6.91685885257313 0.4549
-6.9168404367316 0.4548
-6.91684419815124 0.4547
-6.91686613628324 0.4546
-6.91689234698407 0.4545
-6.91692225238854 0.4544
-6.91697523476774 0.4543
-6.91705528364738 0.4542
-6.91714861214933 0.4541
-6.91722809613911 0.454
-6.91733163166368 0.4539
-6.91744240456276 0.4538
-6.91759268228699 0.4537
-6.91776170286273 0.4536
-6.91792994092029 0.4535
-6.91807000360454 0.4534
-6.9182028623992 0.4533
-6.91831416099069 0.4532
-6.91841629695742 0.4531
-6.91851869450165 0.453
-6.91862025825884 0.4529
-6.91871764934409 0.4528
-6.91880942138172 0.4527
-6.91888115498582 0.4526
-6.91894240640891 0.4525
-6.91898371674256 0.4524
-6.91901681628468 0.4523
-6.91903116177476 0.4522
-6.91903560159651 0.4521
-6.91903277403807 0.452
-6.9190148906023 0.4519
-6.91898800351551 0.4518
-6.91894733959871 0.4517
-6.91890399214077 0.4516
-6.91884530783267 0.4515
-6.91877757536809 0.4514
-6.91870807571069 0.4513
-6.91863946685111 0.4512
-6.91857924325728 0.4511
-6.91850797153426 0.451
-6.91843990700441 0.4509
-6.91839883294114 0.4508
-6.9183526064753 0.4507
-6.91830588447359 0.4506
-6.9182752772914 0.4505
-6.91826140632578 0.4504
-6.91824097917811 0.4503
-6.91822587398064 0.4502
-6.91820611381811 0.4501
-6.91820546257472 0.45
-6.91819310788042 0.4499
-6.91821267042114 0.4498
-6.91822213374404 0.4497
-6.91820853636707 0.4496
-6.91820080014742 0.4495
-6.91819001727684 0.4494
-6.9182044286162 0.4493
-6.91819862290984 0.4492
-6.91819708309129 0.4491
-6.91819651106797 0.449
-6.91819644347902 0.4489
-6.91819388526999 0.4488
-6.91819595695724 0.4487
-6.91819517969629 0.4486
-6.91817913428448 0.4485
-6.91818206973947 0.4484
-6.91816901113891 0.4483
-6.91816119788051 0.4482
-6.91816377171069 0.4481
-6.91818408830517 0.448
-6.91821373087933 0.4479
-6.91825119568548 0.4478
-6.91830220793479 0.4477
-6.91834411054575 0.4476
-6.91839495954926 0.4475
-6.91846271031196 0.4474
-6.91854323091847 0.4473
-6.91862785076764 0.4472
-6.91871736217979 0.4471
-6.91880605955282 0.447
-6.91888842101829 0.4469
-6.91896223047773 0.4468
-6.9190603780949 0.4467
-6.91915524121184 0.4466
-6.91925009048398 0.4465
-6.91935596151248 0.4464
-6.91945761886803 0.4463
-6.91957336009805 0.4462
-6.91970130463096 0.4461
-6.91983556634713 0.446
-6.91997059921347 0.4459
-6.92010006484388 0.4458
-6.92023100406068 0.4457
-6.92034867682782 0.4456
-6.92044382741777 0.4455
-6.92051651459264 0.4454
-6.92057499443575 0.4453
-6.92063371183143 0.4452
-6.92067767565364 0.4451
-6.92070722150186 0.445
-6.92071239373286 0.4449
-6.92071442117193 0.4448
-6.92069861110556 0.4447
-6.92066743880127 0.4446
-6.92062889837573 0.4445
-6.92059613045889 0.4444
-6.92054409476179 0.4443
-6.9205023491204 0.4442
-6.92047321212304 0.4441
-6.92044685977238 0.444
-6.92042644612306 0.4439
-6.92041442224587 0.4438
-6.92038691359706 0.4437
-6.92036409201646 0.4436
-6.92036495834768 0.4435
-6.92037244143538 0.4434
-6.92037748447393 0.4433
-6.92038411832289 0.4432
-6.92038728922594 0.4431
-6.9203923406297 0.443
-6.92039177164301 0.4429
-6.92039555963622 0.4428
-6.92039355470062 0.4427
-6.92039389829081 0.4426
-6.92038672517536 0.4425
-6.92036987279826 0.4424
-6.92033314014897 0.4423
-6.92028743967851 0.4422
-6.92023827809686 0.4421
-6.92018531003081 0.442
-6.92011490762861 0.4419
-6.92004187062961 0.4418
-6.91995882762366 0.4417
-6.91985871102146 0.4416
-6.91975282750234 0.4415
-6.91963023495949 0.4414
-6.91951021384296 0.4413
-6.91940183866847 0.4412
-6.91929231989173 0.4411
-6.91919136140642 0.441
-6.91911464024749 0.4409
-6.91903997327271 0.4408
-6.91898372115085 0.4407
-6.91892568629222 0.4406
-6.91887751480298 0.4405
-6.91884920461507 0.4404
-6.91884130547521 0.4403
-6.9188724855222 0.4402
-6.91891120023877 0.4401
-6.91896051397253 0.44
-6.91899343740906 0.4399
-6.91903095619572 0.4398
-6.91907777507874 0.4397
-6.91914654260214 0.4396
-6.91922418949546 0.4395
-6.91929105811177 0.4394
-6.91936714326894 0.4393
-6.91942973969315 0.4392
-6.91950121242167 0.4391
-6.91955696212548 0.439
-6.91958228576786 0.4389
-6.91959413999758 0.4388
-6.91957759226534 0.4387
-6.91955904183638 0.4386
-6.91953466175927 0.4385
-6.919495906608 0.4384
-6.91942957514101 0.4383
-6.91934243929926 0.4382
-6.91924583579164 0.4381
-6.91912278923696 0.438
-6.91900299973859 0.4379
-6.91887626593367 0.4378
-6.91873568957021 0.4377
-6.91858674277782 0.4376
-6.91844071350795 0.4375
-6.91828813877923 0.4374
-6.91813251818504 0.4373
-6.9180000994249 0.4372
-6.91789382923113 0.4371
-6.91780411474549 0.437
-6.91773750358523 0.4369
-6.91768693956681 0.4368
-6.91764077241352 0.4367
-6.91760045892435 0.4366
-6.9175748032128 0.4365
-6.91757442912979 0.4364
-6.91759912052966 0.4363
-6.91763242283562 0.4362
-6.91766351527037 0.4361
-6.91770289776372 0.436
-6.91774399597474 0.4359
-6.91777201435036 0.4358
-6.91777568073181 0.4357
-6.91774888546595 0.4356
-6.91771477495796 0.4355
-6.91766038447022 0.4354
-6.91762202218924 0.4353
-6.91759917122195 0.4352
-6.9175934645701 0.4351
-6.91759172095516 0.435
-6.91758607416625 0.4349
-6.91758855733938 0.4348
-6.91759532553439 0.4347
-6.91761950061524 0.4346
-6.91765499509046 0.4345
-6.91769608453081 0.4344
-6.91775658432067 0.4343
-6.91781700081897 0.4342
-6.91788215163053 0.4341
-6.91794236486331 0.434
-6.91799429708655 0.4339
-6.91803911028967 0.4338
-6.91809337111876 0.4337
-6.91812840072695 0.4336
-6.91818595222356 0.4335
-6.91823367198019 0.4334
-6.91829753403389 0.4333
-6.91835561077032 0.4332
-6.91842785717345 0.4331
-6.91850109976401 0.433
-6.91856264493854 0.4329
-6.9186065962763 0.4328
-6.91863743538738 0.4327
-6.91865916196973 0.4326
-6.91867188714879 0.4325
-6.91866887592211 0.4324
-6.91867553426477 0.4323
-6.91868379535998 0.4322
-6.91869158014591 0.4321
-6.91870389501878 0.432
-6.9187064153521 0.4319
-6.91869311303014 0.4318
-6.91868476215914 0.4317
-6.91868119884351 0.4316
-6.91870391595894 0.4315
-6.91872913451366 0.4314
-6.91875805159838 0.4313
-6.91876389738746 0.4312
-6.91877637195734 0.4311
-6.91881939822415 0.431
-6.91888225632442 0.4309
-6.91896735239293 0.4308
-6.91906151173138 0.4307
-6.91916117847347 0.4306
-6.91928297852786 0.4305
-6.91941059094135 0.4304
-6.91953501832707 0.4303
-6.91964476515815 0.4302
-6.91977044318558 0.4301
-6.91990736285821 0.43
-6.92002869840546 0.4299
-6.92014923416915 0.4298
-6.92025305468547 0.4297
-6.9203372896624 0.4296
-6.92041624551644 0.4295
-6.92048692841642 0.4294
-6.9205485858771 0.4293
-6.92060669011241 0.4292
-6.92065198309335 0.4291
-6.92068521994813 0.429
-6.92070804232531 0.4289
-6.92071578499668 0.4288
-6.9207067122095 0.4287
-6.92070472273811 0.4286
-6.92070396245282 0.4285
-6.92069888956678 0.4284
-6.92069859444819 0.4283
-6.92070849654781 0.4282
-6.92074550820466 0.4281
-6.92078924427517 0.428
-6.92085446678239 0.4279
-6.92092383263984 0.4278
-6.92100976929049 0.4277
-6.92109221760691 0.4276
-6.92117455703837 0.4275
-6.92125799843905 0.4274
-6.92137297246117 0.4273
-6.92149037258361 0.4272
-6.92162291773341 0.4271
-6.92173390000777 0.427
-6.92184368204117 0.4269
-6.92195377766701 0.4268
-6.92205998762946 0.4267
-6.92216158057068 0.4266
-6.92226122515714 0.4265
-6.92234154253938 0.4264
-6.92239730096544 0.4263
-6.92244354470693 0.4262
-6.92247549131037 0.4261
-6.92247370460426 0.426
-6.92244756410102 0.4259
-6.92242740120467 0.4258
-6.92239898559095 0.4257
-6.92236179683369 0.4256
-6.92231790202683 0.4255
-6.92224597829959 0.4254
-6.92216404430252 0.4253
-6.92207966538398 0.4252
-6.92198213230182 0.4251
-6.9218893409998 0.425
-6.92179001158932 0.4249
-6.92169399785086 0.4248
-6.92160871899722 0.4247
-6.92153161405342 0.4246
-6.92145736469004 0.4245
-6.92138055717261 0.4244
-6.9213194189414 0.4243
-6.9212771963517 0.4242
-6.92123423067509 0.4241
-6.92119613288514 0.424
-6.92118422104707 0.4239
-6.92118426936544 0.4238
-6.9212004773313 0.4237
-6.92122246172757 0.4236
-6.92124033932217 0.4235
-6.92126540658294 0.4234
-6.92130412821535 0.4233
-6.92134210089542 0.4232
-6.92139244705525 0.4231
-6.92144828412902 0.423
-6.92149147803775 0.4229
-6.92153054839765 0.4228
-6.92157014701591 0.4227
-6.92160614518179 0.4226
-6.92161790827435 0.4225
-6.92165126443552 0.4224
-6.92166630072967 0.4223
-6.92168254050089 0.4222
-6.92170094413416 0.4221
-6.92171119536834 0.422
-6.92170188983714 0.4219
-6.9216822038413 0.4218
-6.92165503579299 0.4217
-6.92163332137583 0.4216
-6.92160592326268 0.4215
-6.92155058860271 0.4214
-6.92149094335878 0.4213
-6.92142228441267 0.4212
-6.92133285550258 0.4211
-6.92125340080646 0.421
-6.92114599412834 0.4209
-6.92101318644383 0.4208
-6.92088303731238 0.4207
-6.9207626583657 0.4206
-6.92064104249356 0.4205
-6.92052061191473 0.4204
-6.92042012060647 0.4203
-6.9203189684907 0.4202
-6.92023273431064 0.4201
-6.92016417766298 0.42
-6.92009959742912 0.4199
-6.92003406940743 0.4198
-6.91998913465302 0.4197
-6.91995761020396 0.4196
-6.91995680772879 0.4195
-6.91998044904469 0.4194
-6.92001662166797 0.4193
-6.92004801590088 0.4192
-6.92009787825998 0.4191
-6.92016428857949 0.419
-6.92025992220541 0.4189
-6.92037666281863 0.4188
-6.92050476748692 0.4187
-6.9206206479886 0.4186
-6.92074900506851 0.4185
-6.9208892689287 0.4184
-6.92101746907648 0.4183
-6.92115121948636 0.4182
-6.921307712096 0.4181
-6.92144382451717 0.418
-6.92158060069495 0.4179
-6.92172631505061 0.4178
-6.9218536067181 0.4177
-6.92196025225447 0.4176
-6.92204770228235 0.4175
-6.92212910249293 0.4174
-6.92220460883632 0.4173
-6.92229512825693 0.4172
-6.92236623166399 0.4171
-6.92241366208846 0.417
-6.92245396360529 0.4169
-6.92249340153293 0.4168
-6.92251954021529 0.4167
-6.92252108255374 0.4166
-6.92250957672811 0.4165
-6.92247409805119 0.4164
-6.92243110510615 0.4163
-6.92236369174217 0.4162
-6.92229446124107 0.4161
-6.92221946765097 0.416
-6.9221396903721 0.4159
-6.92205193923979 0.4158
-6.92196008765783 0.4157
-6.92184278060298 0.4156
-6.92171992108204 0.4155
-6.92158050082179 0.4154
-6.92144692761925 0.4153
-6.92130397261273 0.4152
-6.92116740454077 0.4151
-6.92103726666081 0.415
-6.92092507802611 0.4149
-6.92081827346054 0.4148
-6.92073893721866 0.4147
-6.92068438480253 0.4146
-6.92065492420998 0.4145
-6.92063998813599 0.4144
-6.92066926744221 0.4143
-6.92072327346928 0.4142
-6.92080306135464 0.4141
-6.92089439960716 0.414
-6.92101045782068 0.4139
-6.92115107759253 0.4138
-6.92129200201768 0.4137
-6.92143606879186 0.4136
-6.92156989665713 0.4135
-6.92170598868094 0.4134
-6.92182359574841 0.4133
-6.92194275517116 0.4132
-6.92203230216837 0.4131
-6.92209890090007 0.413
-6.9221675291204 0.4129
-6.9222155796972 0.4128
-6.92225029088557 0.4127
-6.92227103019317 0.4126
-6.92228445267795 0.4125
-6.92228798767286 0.4124
-6.92231169352021 0.4123
-6.92233706574898 0.4122
-6.92236782380976 0.4121
-6.92237934432138 0.412
-6.92239575338802 0.4119
-6.92242122080218 0.4118
-6.9224505589531 0.4117
-6.92248191039661 0.4116
-6.92250583292565 0.4115
-6.92250601099843 0.4114
-6.9225155664298 0.4113
-6.92253492353991 0.4112
-6.92254513364498 0.4111
-6.92258110732178 0.411
-6.92262368193778 0.4109
-6.92265042324238 0.4108
-6.92267355067936 0.4107
-6.92268616416299 0.4106
-6.92266842958781 0.4105
-6.92261878169429 0.4104
-6.92256378448396 0.4103
-6.92248854452161 0.4102
-6.92241686728714 0.4101
-6.92235467546495 0.41
-6.92229782894994 0.4099
-6.92223848577083 0.4098
-6.92218233221373 0.4097
-6.92214241170206 0.4096
-6.92211834611585 0.4095
-6.92210739500091 0.4094
-6.92209483849478 0.4093
-6.92210074870803 0.4092
-6.92211364102043 0.4091
-6.92212503390529 0.409
-6.92214267668775 0.4089
-6.92216546171943 0.4088
-6.92218359137355 0.4087
-6.92218482350803 0.4086
-6.92218322863799 0.4085
-6.92215997762325 0.4084
-6.92211965275918 0.4083
-6.92205946229604 0.4082
-6.92198606454078 0.4081
-6.92190614659316 0.408
-6.92183894790356 0.4079
-6.92178167672676 0.4078
-6.9217151848843 0.4077
-6.92163323846415 0.4076
-6.92154623756207 0.4075
-6.92144346226031 0.4074
-6.92133921774315 0.4073
-6.92124695828618 0.4072
-6.92117817594965 0.4071
-6.92110714607844 0.407
-6.92102991593611 0.4069
-6.92095262084835 0.4068
-6.92089583464635 0.4067
-6.92086070650623 0.4066
-6.92085601117972 0.4065
-6.92090026039142 0.4064
-6.92096995870428 0.4063
-6.92105484804139 0.4062
-6.92115972307229 0.4061
-6.92128323926615 0.406
-6.92144620463615 0.4059
-6.92164088471591 0.4058
-6.92186143565161 0.4057
-6.92208393221482 0.4056
-6.92231771586361 0.4055
-6.92255585581074 0.4054
-6.92277198848483 0.4053
-6.92298122738785 0.4052
-6.92319608474627 0.4051
-6.92340667092973 0.405
-6.9236157866841 0.4049
-6.92381726000312 0.4048
-6.92401396161101 0.4047
-6.92419420818648 0.4046
-6.9243577527973 0.4045
-6.92448009048807 0.4044
-6.92454526071363 0.4043
-6.92455956015769 0.4042
-6.92454614203811 0.4041
-6.92449913672706 0.404
-6.92442713468067 0.4039
-6.92433920120322 0.4038
-6.92422037858734 0.4037
-6.92407436372851 0.4036
-6.92394210026498 0.4035
-6.92379763251278 0.4034
-6.92365006516829 0.4033
-6.92350912584822 0.4032
-6.92334658081935 0.4031
-6.9231971015074 0.403
-6.92305693449134 0.4029
-6.92292972045839 0.4028
-6.92281519260829 0.4027
-6.92271967048382 0.4026
-6.9226515525827 0.4025
-6.92259815770916 0.4024
-6.92258561405262 0.4023
-6.92260772130656 0.4022
-6.92264761796857 0.4021
-6.92272279926974 0.402
-6.9228172139539 0.4019
-6.92292206800702 0.4018
-6.9230332176568 0.4017
-6.92316173626383 0.4016
-6.92329198163644 0.4015
-6.92343476370013 0.4014
-6.92358048071927 0.4013
-6.92373481726115 0.4012
-6.92388902071162 0.4011
-6.92402733929688 0.401
-6.92414183146254 0.4009
-6.92421765325862 0.4008
-6.92426274219153 0.4007
-6.92430443592556 0.4006
-6.92433829050463 0.4005
-6.92437047515083 0.4004
-6.92438581591763 0.4003
-6.92439401893832 0.4002
-6.92438034834788 0.4001
-6.9243315381178 0.4
-6.92426117437027 0.3999
-6.92414729120838 0.3998
-6.92401125344629 0.3997
-6.92387034561169 0.3996
-6.92371646707353 0.3995
-6.92354710350802 0.3994
-6.92338220199774 0.3993
-6.92322366217229 0.3992
-6.92308282706146 0.3991
-6.92294889686913 0.399
-6.92284435393663 0.3989
-6.92275823444779 0.3988
-6.92268778973194 0.3987
-6.92262639434715 0.3986
-6.9225833807775 0.3985
-6.92256719929956 0.3984
-6.92257118586823 0.3983
-6.92257627376346 0.3982
-6.92259609873766 0.3981
-6.92261274352791 0.398
-6.92264180486462 0.3979
-6.92266436160962 0.3978
-6.92267243360138 0.3977
-6.92266702930885 0.3976
-6.92265893853958 0.3975
-6.92263569921373 0.3974
-6.9226112128404 0.3973
-6.9225856912336 0.3972
-6.92255585830917 0.3971
-6.92253543855495 0.397
-6.92251980330066 0.3969
-6.92249330915561 0.3968
-6.92248960034667 0.3967
-6.92250150707742 0.3966
-6.92252329357083 0.3965
-6.92255372714493 0.3964
-6.92259247708123 0.3963
-6.92265114442385 0.3962
-6.92272459657389 0.3961
-6.92279946067333 0.396
-6.92288036398149 0.3959
-6.92297087150839 0.3958
-6.92306705841026 0.3957
-6.92316924014191 0.3956
-6.923286961977 0.3955
-6.923396665107 0.3954
-6.92349764597895 0.3953
-6.92359254993649 0.3952
-6.92369952573341 0.3951
-6.9237971178006 0.395
-6.92387445003709 0.3949
-6.92394743910103 0.3948
-6.92398918927571 0.3947
-6.92402107606845 0.3946
-6.92404311405785 0.3945
-6.92405697377279 0.3944
-6.92407747891157 0.3943
-6.92409827411741 0.3942
-6.92410282078303 0.3941
-6.9240925308208 0.394
-6.9240832517983 0.3939
-6.92406775523298 0.3938
-6.92406072874657 0.3937
-6.92404721184418 0.3936
-6.92405444872893 0.3935
-6.92406828952278 0.3934
-6.92407982350484 0.3933
-6.9240900954923 0.3932
-6.92409445702159 0.3931
-6.92410566493261 0.393
-6.92410914437906 0.3929
-6.92412615721229 0.3928
-6.92415340103595 0.3927
-6.92418731884258 0.3926
-6.92423117972793 0.3925
-6.92428149192263 0.3924
-6.9243286241963 0.3923
-6.92438257733778 0.3922
-6.92445640356889 0.3921
-6.92453251307579 0.392
-6.92461162293407 0.3919
-6.92469302203658 0.3918
-6.92475017871256 0.3917
-6.92481505660996 0.3916
-6.92485831841391 0.3915
-6.92490429077643 0.3914
-6.9249333240576 0.3913
-6.9249758507627 0.3912
-6.92500650989062 0.3911
-6.92503437843127 0.391
-6.92506091043633 0.3909
-6.92509230023919 0.3908
-6.92512108390167 0.3907
-6.92514595842247 0.3906
-6.92516588349025 0.3905
-6.92516636346654 0.3904
-6.92517167832365 0.3903
-6.9251581678524 0.3902
-6.92513121490772 0.3901
-6.9251016413754 0.39
-6.92505234901144 0.3899
-6.92501420740372 0.3898
-6.92497450054279 0.3897
-6.92494271075777 0.3896
-6.92488160282224 0.3895
-6.92481310180802 0.3894
-6.92473652234237 0.3893
-6.92463740557526 0.3892
-6.9245538419214 0.3891
-6.92447898546067 0.389
-6.92438380754236 0.3889
-6.92427342341391 0.3888
-6.92415349861986 0.3887
-6.92404366468025 0.3886
-6.92394786832761 0.3885
-6.92386745635488 0.3884
-6.92380221100873 0.3883
-6.92374577134379 0.3882
-6.92371412490972 0.3881
-6.92367717625438 0.388
-6.92365029608355 0.3879
-6.92361671036148 0.3878
-6.92358557781472 0.3877
-6.92354633557417 0.3876
-6.92350829965592 0.3875
-6.92345697327957 0.3874
-6.92341782825384 0.3873
-6.92338074758971 0.3872
-6.92335214850513 0.3871
-6.92332437308041 0.387
-6.92331251196497 0.3869
-6.92329203067509 0.3868
-6.92326541098124 0.3867
-6.92323388866713 0.3866
-6.9231824878628 0.3865
-6.92314037773963 0.3864
-6.92310461830332 0.3863
-6.92308577067398 0.3862
-6.92306479199939 0.3861
-6.92305166725142 0.386
-6.9230476707914 0.3859
-6.92306310925855 0.3858
-6.92309266585182 0.3857
-6.92312882386405 0.3856
-6.92318608772749 0.3855
-6.92324505040082 0.3854
-6.92330896542767 0.3853
-6.92338602086752 0.3852
-6.92347128364491 0.3851
-6.92355155365958 0.385
-6.92361796125907 0.3849
-6.92367876822978 0.3848
-6.92373242253462 0.3847
-6.92378760468101 0.3846
-6.92385159261761 0.3845
-6.92393046665458 0.3844
-6.92400264149478 0.3843
-6.9240642886206 0.3842
-6.92411667333975 0.3841
-6.92416386057503 0.384
-6.92418793740356 0.3839
-6.92419446741686 0.3838
-6.92420559892599 0.3837
-6.92419485415854 0.3836
-6.92418650464826 0.3835
-6.92415754460297 0.3834
-6.92411956387129 0.3833
-6.9240720370557 0.3832
-6.9240046329653 0.3831
-6.92392550562712 0.383
-6.92384428259415 0.3829
-6.92377167905872 0.3828
-6.92369828415251 0.3827
-6.92363517890399 0.3826
-6.92358398505952 0.3825
-6.92356772711882 0.3824
-6.92357129156986 0.3823
-6.92358900588593 0.3822
-6.92364429717069 0.3821
-6.92373569346341 0.382
-6.92383319582536 0.3819
-6.92395807058281 0.3818
-6.92409046502166 0.3817
-6.92424949435136 0.3816
-6.92443870777437 0.3815
-6.92465286527108 0.3814
-6.92486611976825 0.3813
-6.92507063378764 0.3812
-6.92527263339278 0.3811
-6.92545940725577 0.381
-6.92563137780588 0.3809
-6.92580371861808 0.3808
-6.92595235088722 0.3807
-6.9261062378474 0.3806
-6.9262234421591 0.3805
-6.92631201370294 0.3804
-6.92636529758526 0.3803
-6.92640899435897 0.3802
-6.92646260273341 0.3801
-6.92651368797246 0.38
-6.92655117668081 0.3799
-6.92661119993254 0.3798
-6.92668108625479 0.3797
-6.92674955719836 0.3796
-6.92681813620039 0.3795
-6.92688466845126 0.3794
-6.92693749901168 0.3793
-6.92696743903949 0.3792
-6.92699126148127 0.3791
-6.92701318800389 0.379
-6.92702934797789 0.3789
-6.92703245115645 0.3788
-6.92702759068036 0.3787
-6.92701698858378 0.3786
-6.92698659688324 0.3785
-6.92696485532526 0.3784
-6.92695204176144 0.3783
-6.9269356239738 0.3782
-6.9269341809494 0.3781
-6.92692922239054 0.378
-6.92692968087899 0.3779
-6.9269371197162 0.3778
-6.92694940747798 0.3777
-6.92696426497767 0.3776
-6.92697404288182 0.3775
-6.92698734241019 0.3774
-6.92698762305563 0.3773
-6.92697531597548 0.3772
-6.92696280550395 0.3771
-6.92695000586929 0.377
-6.92693322105208 0.3769
-6.92693361130594 0.3768
-6.9269381306969 0.3767
-6.92694242733566 0.3766
-6.92696021217866 0.3765
-6.92696991136878 0.3764
-6.92696231432556 0.3763
-6.92695229301077 0.3762
-6.92694099463823 0.3761
-6.92694088497635 0.376
-6.92694102133199 0.3759
-6.92694051943111 0.3758
-6.9269144732438 0.3757
-6.92686708926329 0.3756
-6.92681555676918 0.3755
-6.92677136400639 0.3754
-6.926715576737 0.3753
-6.92665788851387 0.3752
-6.92661239095742 0.3751
-6.92656622922429 0.375
-6.92653399338488 0.3749
-6.92651615758213 0.3748
-6.92650816106326 0.3747
-6.92650250314461 0.3746
-6.9264863919772 0.3745
-6.92646398403795 0.3744
-6.92643024032425 0.3743
-6.92642100607519 0.3742
-6.9263992153636 0.3741
-6.92636290259507 0.374
-6.92631870549447 0.3739
-6.92625959493927 0.3738
-6.92621062940548 0.3737
-6.92614631473022 0.3736
-6.92608721330974 0.3735
-6.92603494758916 0.3734
-6.92597221206854 0.3733
-6.92590637937827 0.3732
-6.92585878434567 0.3731
-6.92579904327515 0.373
-6.92574410621641 0.3729
-6.92569937328888 0.3728
-6.92567381858891 0.3727
-6.9256376196916 0.3726
-6.92560239884344 0.3725
-6.92556926822903 0.3724
-6.92554767057644 0.3723
-6.92553560480047 0.3722
-6.9255292220459 0.3721
-6.92554351728407 0.372
-6.92556057595584 0.3719
-6.925587748372 0.3718
-6.92559791377368 0.3717
-6.92559367545784 0.3716
-6.92558390251614 0.3715
-6.9255669612014 0.3714
-6.92553597049182 0.3713
-6.92549983962828 0.3712
-6.92545341952496 0.3711
-6.92540409626096 0.371
-6.92535298594795 0.3709
-6.92530055816494 0.3708
-6.9252498592308 0.3707
-6.92518602175019 0.3706
-6.92511424267258 0.3705
-6.92505494111251 0.3704
-6.92500697759587 0.3703
-6.92496161649784 0.3702
-6.92494097855908 0.3701
-6.92494721564956 0.37
-6.92499933488733 0.3699
-6.92506711325322 0.3698
-6.92515796846952 0.3697
-6.92528627021066 0.3696
-6.92545003308367 0.3695
-6.92564194456266 0.3694
-6.92587209162326 0.3693
-6.92611578021433 0.3692
-6.92638205138927 0.3691
-6.92665364264528 0.369
-6.92692197458649 0.3689
-6.92718391883666 0.3688
-6.92742859369583 0.3687
-6.92764777929933 0.3686
-6.92784010384782 0.3685
-6.92800198588386 0.3684
-6.92814999349668 0.3683
-6.92827464975397 0.3682
-6.92838597728376 0.3681
-6.92847073501434 0.368
-6.92853073410679 0.3679
-6.92857121073758 0.3678
-6.92857760986944 0.3677
-6.92856856534032 0.3676
-6.92854085515046 0.3675
-6.9285073027362 0.3674
-6.92847132137317 0.3673
-6.92841523044598 0.3672
-6.92834919582586 0.3671
-6.9282968645956 0.367
-6.9282413462506 0.3669
-6.92817680073033 0.3668
-6.92810647838453 0.3667
-6.92802711475833 0.3666
-6.92793932403805 0.3665
-6.92785587588269 0.3664
-6.92776740712706 0.3663
-6.92767242614524 0.3662
-6.92758612491073 0.3661
-6.92750123503063 0.366
-6.92740966229193 0.3659
-6.92731116244213 0.3658
-6.92723085906281 0.3657
-6.92713183881714 0.3656
-6.92705486664327 0.3655
-6.92698397678438 0.3654
-6.9269267865659 0.3653
-6.92688056985309 0.3652
-6.92686116319461 0.3651
-6.92685142049671 0.365
-6.92684907205137 0.3649
-6.92686689768475 0.3648
-6.92687850407546 0.3647
-6.92689695629939 0.3646
-6.92692740253004 0.3645
-6.92697341903499 0.3644
-6.9270421799906 0.3643
-6.92711537988696 0.3642
-6.9271889395694 0.3641
-6.92727201379177 0.364
-6.92737780968961 0.3639
-6.92747960542159 0.3638
-6.92758268057855 0.3637
-6.92768597040307 0.3636
-6.92776891700011 0.3635
-6.92783374200229 0.3634
-6.92789032950156 0.3633
-6.9279307304643 0.3632
-6.92797021303449 0.3631
-6.92801138676609 0.363
-6.92803885887392 0.3629
-6.92804999434954 0.3628
-6.92803434629859 0.3627
-6.92803835252531 0.3626
-6.9280298156358 0.3625
-6.92802187458968 0.3624
-6.92801656545088 0.3623
-6.92800907381089 0.3622
-6.92801282925973 0.3621
-6.92799623000283 0.362
-6.92797691241793 0.3619
-6.92795582963531 0.3618
-6.92794088915928 0.3617
-6.92792419610496 0.3616
-6.92789473706945 0.3615
-6.92786582095628 0.3614
-6.92785029525182 0.3613
-6.92783765619559 0.3612
-6.92784559675407 0.3611
-6.92788021868998 0.361
-6.92794288853436 0.3609
-6.92800952744239 0.3608
-6.92809322023819 0.3607
-6.92815983259468 0.3606
-6.92822914349636 0.3605
-6.92829549437868 0.3604
-6.92835969654502 0.3603
-6.92843785978604 0.3602
-6.92851595814616 0.3601
-6.92858647290202 0.36
-6.92865594630017 0.3599
-6.92872076343826 0.3598
-6.92877380508668 0.3597
-6.92882852510027 0.3596
-6.92887259721237 0.3595
-6.92891898074472 0.3594
-6.92895990135052 0.3593
-6.92897886114667 0.3592
-6.92897998483136 0.3591
-6.92895774192619 0.359
-6.92893177752912 0.3589
-6.92889529289012 0.3588
-6.9288835905432 0.3587
-6.92887575477832 0.3586
-6.92886675088232 0.3585
-6.92885774264895 0.3584
-6.92885269591557 0.3583
-6.92884959768918 0.3582
-6.92884231273635 0.3581
-6.92884447673022 0.358
-6.92881975781889 0.3579
-6.92878353001217 0.3578
-6.92874622056902 0.3577
-6.92870356684353 0.3576
-6.92866209276126 0.3575
-6.92862671002988 0.3574
-6.92858187302532 0.3573
-6.92852635097904 0.3572
-6.92848284954548 0.3571
-6.92843813731128 0.357
-6.92839916773794 0.3569
-6.92836480700284 0.3568
-6.92834063021833 0.3567
-6.92832487415921 0.3566
-6.9282992937811 0.3565
-6.9282891530938 0.3564
-6.92827483633443 0.3563
-6.9282624019469 0.3562
-6.92825802888762 0.3561
-6.92825063738684 0.356
-6.92822650625083 0.3559
-6.92820825760439 0.3558
-6.92818791628951 0.3557
-6.92815144058283 0.3556
-6.92812002579315 0.3555
-6.92809597390958 0.3554
-6.92807942737552 0.3553
-6.92803966510656 0.3552
-6.92801384547669 0.3551
-6.92797675602384 0.355
-6.92794074926292 0.3549
-6.92790820344121 0.3548
-6.92789084826025 0.3547
-6.92785737636825 0.3546
-6.92782916624258 0.3545
-6.92779658981202 0.3544
-6.92777627713567 0.3543
-6.92775859495437 0.3542
-6.92774745551469 0.3541
-6.92773517208322 0.354
-6.9277326402044 0.3539
-6.92773519954998 0.3538
-6.92772099620478 0.3537
-6.92773191509102 0.3536
-6.92775341535419 0.3535
-6.92778086222769 0.3534
-6.92780294922737 0.3533
-6.92782532868011 0.3532
-6.92784488595247 0.3531
-6.92786914077508 0.353
-6.92789216627217 0.3529
-6.92791658777864 0.3528
-6.92794719335709 0.3527
-6.92797255752966 0.3526
-6.92797570267281 0.3525
-6.92797483568444 0.3524
-6.92795181658917 0.3523
-6.92792513602621 0.3522
-6.92790300204776 0.3521
-6.92788649045297 0.352
-6.92786933840808 0.3519
-6.92784473338961 0.3518
-6.92781054085877 0.3517
-6.92776612140879 0.3516
-6.92771329662865 0.3515
-6.92766563419522 0.3514
-6.92761422518198 0.3513
-6.92756568779308 0.3512
-6.9275078801183 0.3511
-6.92746475995966 0.351
-6.92744367393838 0.3509
-6.92742045951987 0.3508
-6.92741237618591 0.3507
-6.92740037077637 0.3506
-6.9274160747953 0.3505
-6.92743782319015 0.3504
-6.92748480873772 0.3503
-6.92754085350797 0.3502
-6.9276109050983 0.3501
-6.92767651472247 0.35
-6.92775141298334 0.3499
-6.92782645209603 0.3498
-6.92791093237662 0.3497
-6.92799953353298 0.3496
-6.92810624021751 0.3495
-6.92822654795105 0.3494
-6.92836410835635 0.3493
-6.92849702480416 0.3492
-6.92865507715516 0.3491
-6.92881155470145 0.349
-6.92898449285436 0.3489
-6.92915218317977 0.3488
-6.92931735540125 0.3487
-6.92949813116809 0.3486
-6.92967469656814 0.3485
-6.92986410065537 0.3484
-6.9300391937388 0.3483
-6.93021992581911 0.3482
-6.93039465365392 0.3481
-6.93056331338032 0.348
-6.93073669001554 0.3479
-6.93090778967692 0.3478
-6.93107180190942 0.3477
-6.93124412835387 0.3476
-6.93140916652793 0.3475
-6.93154393467756 0.3474
-6.93166518130312 0.3473
-6.93176119515709 0.3472
-6.93182400389221 0.3471
-6.93188623923267 0.347
-6.93191861093105 0.3469
-6.93192859560059 0.3468
-6.93192206854151 0.3467
-6.93189019732861 0.3466
-6.93183393286803 0.3465
-6.93176865008707 0.3464
-6.93168085110394 0.3463
-6.93157300447716 0.3462
-6.93144853836865 0.3461
-6.93132521568943 0.346
-6.93121100883356 0.3459
-6.93109043275717 0.3458
-6.93097335659184 0.3457
-6.93085922454838 0.3456
-6.93074813746679 0.3455
-6.93065065505349 0.3454
-6.9305623877749 0.3453
-6.93046937419836 0.3452
-6.93038274940687 0.3451
-6.93032558041243 0.345
-6.93030660106977 0.3449
-6.93031911449227 0.3448
-6.93032987047517 0.3447
-6.9303501054671 0.3446
-6.93038969319191 0.3445
-6.93044699746204 0.3444
-6.93050656991068 0.3443
-6.93058046618923 0.3442
-6.9306658840678 0.3441
-6.93076049959366 0.344
-6.93086693738637 0.3439
-6.93096816186556 0.3438
-6.93105632215933 0.3437
-6.93114289004157 0.3436
-6.93120874423144 0.3435
-6.93125787614758 0.3434
-6.93129746417733 0.3433
-6.93129828647622 0.3432
-6.93127295670088 0.3431
-6.9312205151339 0.343
-6.93115898889426 0.3429
-6.93106691077008 0.3428
-6.93095097773151 0.3427
-6.93083623767183 0.3426
-6.93071880447211 0.3425
-6.93058278879691 0.3424
-6.93043399968169 0.3423
-6.93027409006238 0.3422
-6.93012075225955 0.3421
-6.92997460139735 0.342
-6.92983000617685 0.3419
-6.92966769708306 0.3418
-6.92950796919295 0.3417
-6.92934484057454 0.3416
-6.92920341450785 0.3415
-6.92908829178514 0.3414
-6.92899687305242 0.3413
-6.92893682200567 0.3412
-6.92888940772598 0.3411
-6.92884554084526 0.341
-6.92882176581406 0.3409
-6.92883337740789 0.3408
-6.92886591916043 0.3407
-6.92891056801208 0.3406
-6.92895364213711 0.3405
-6.92901023764251 0.3404
-6.92906905347576 0.3403
-6.92913881278446 0.3402
-6.92922219994391 0.3401
-6.92931288954581 0.34
-6.92940669240606 0.3399
-6.92950339232499 0.3398
-6.92957546910485 0.3397
-6.92964986700231 0.3396
-6.92970922381171 0.3395
-6.92977779204059 0.3394
-6.92982380575931 0.3393
-6.9298565226527 0.3392
-6.92986699232515 0.3391
-6.92986192752105 0.339
-6.92984967718407 0.3389
-6.92982306637021 0.3388
-6.92980380660574 0.3387
-6.92978072047649 0.3386
-6.92975603697752 0.3385
-6.92973972158693 0.3384
-6.92970273789842 0.3383
-6.92969401951694 0.3382
-6.92970494500044 0.3381
-6.92972159154332 0.338
-6.92973541948404 0.3379
-6.92975368489528 0.3378
-6.92978434814559 0.3377
-6.92979258113858 0.3376
-6.92980095266126 0.3375
-6.92978894212896 0.3374
-6.92975586268672 0.3373
-6.92971161759805 0.3372
-6.92967166687855 0.3371
-6.92963339564671 0.337
-6.92959205730769 0.3369
-6.92954052239693 0.3368
-6.92948000400308 0.3367
-6.92941544466468 0.3366
-6.92935164681747 0.3365
-6.92929226001213 0.3364
-6.9292176501274 0.3363
-6.92911981897606 0.3362
-6.92902191146081 0.3361
-6.92891296690247 0.336
-6.92882534767239 0.3359
-6.92875993802826 0.3358
-6.92869514847209 0.3357
-6.92866116194246 0.3356
-6.9286468371574 0.3355
-6.92865468839521 0.3354
-6.92866305416527 0.3353
-6.92866889291385 0.3352
-6.92869174882766 0.3351
-6.9287086745453 0.335
-6.92872689681211 0.3349
-6.92874917087679 0.3348
-6.92878470662417 0.3347
-6.92883660747689 0.3346
-6.9289094728845 0.3345
-6.9289812617364 0.3344
-6.92905637286811 0.3343
-6.92913148116977 0.3342
-6.92919833077741 0.3341
-6.92925677036317 0.334
-6.92932508016412 0.3339
-6.9293971574767 0.3338
-6.92946370198407 0.3337
-6.92953137428664 0.3336
-6.92961420091351 0.3335
-6.92968494896002 0.3334
-6.92975151395117 0.3333
-6.92980897978884 0.3332
-6.92986427392369 0.3331
-6.92991641978761 0.333
-6.92996691636272 0.3329
-6.92999090954079 0.3328
-6.93000214440602 0.3327
-6.93001790279081 0.3326
-6.9300233959915 0.3325
-6.93000014639454 0.3324
-6.9299598393684 0.3323
-6.92993409462375 0.3322
-6.92990747665768 0.3321
-6.92987048992112 0.332
-6.92984559031905 0.3319
-6.92983604093417 0.3318
-6.92983074208637 0.3317
-6.92982704114996 0.3316
-6.9298228404471 0.3315
-6.92981444970499 0.3314
-6.92981899525054 0.3313
-6.92982548447835 0.3312
-6.92984865845489 0.3311
-6.92988114869863 0.331
-6.92993328730651 0.3309
-6.92999740210625 0.3308
-6.93008005552925 0.3307
-6.93017853953733 0.3306
-6.93027052812569 0.3305
-6.93035925643028 0.3304
-6.93045097088205 0.3303
-6.93054072399467 0.3302
-6.93063393045249 0.3301
-6.93072298572584 0.33
-6.93081056157975 0.3299
-6.93087646539612 0.3298
-6.9309342290144 0.3297
-6.93099628531827 0.3296
-6.93107020911828 0.3295
-6.93113675925534 0.3294
-6.93119944713467 0.3293
-6.93126403819238 0.3292
-6.9313416565252 0.3291
-6.93141607808625 0.329
-6.93150296710114 0.3289
-6.93158296541206 0.3288
-6.93166836027538 0.3287
-6.93175713140944 0.3286
-6.93183064456231 0.3285
-6.93189557064866 0.3284
-6.93196262854563 0.3283
-6.93203933952765 0.3282
-6.93211980423559 0.3281
-6.93220453535681 0.328
-6.93229513158436 0.3279
-6.93237351163058 0.3278
-6.93243323649707 0.3277
-6.93249200171909 0.3276
-6.93255377981768 0.3275
-6.93261477851452 0.3274
-6.93266127517091 0.3273
-6.93269074726897 0.3272
-6.9327200098646 0.3271
-6.93272877285846 0.327
-6.93272372024046 0.3269
-6.9327002867855 0.3268
-6.93267959518436 0.3267
-6.93263636805103 0.3266
-6.93257996470251 0.3265
-6.93250590753377 0.3264
-6.93242891474805 0.3263
-6.9323521826669 0.3262
-6.93228512231495 0.3261
-6.93222081800495 0.326
-6.93214394633404 0.3259
-6.93206743288412 0.3258
-6.93197298122031 0.3257
-6.93186961259233 0.3256
-6.93177176306671 0.3255
-6.93168653400006 0.3254
-6.93161895245253 0.3253
-6.93155031582789 0.3252
-6.93147757025401 0.3251
-6.93139911909416 0.325
-6.93131487911921 0.3249
-6.93122823513396 0.3248
-6.93113894257682 0.3247
-6.93105704934095 0.3246
-6.93097554394345 0.3245
-6.93090633195944 0.3244
-6.93084625686632 0.3243
-6.93078493016133 0.3242
-6.9307308197703 0.3241
-6.93068815632881 0.324
-6.93064895846724 0.3239
-6.93061580809093 0.3238
-6.93059478760672 0.3237
-6.93059602854612 0.3236
-6.93060027744059 0.3235
-6.93060549490722 0.3234
-6.93062412622963 0.3233
-6.93064725193752 0.3232
-6.93068990033713 0.3231
-6.93073375420316 0.323
-6.93079513061818 0.3229
-6.93087528795377 0.3228
-6.93095600248385 0.3227
-6.93105474225734 0.3226
-6.93115954775442 0.3225
-6.93126661839828 0.3224
-6.93138433453294 0.3223
-6.93151220712643 0.3222
-6.93164735623888 0.3221
-6.93178176873179 0.322
-6.93190518561011 0.3219
-6.93201512187258 0.3218
-6.93211709763999 0.3217
-6.93220320457873 0.3216
-6.93228173657515 0.3215
-6.93234910803774 0.3214
-6.93237969304564 0.3213
-6.93238236455203 0.3212
-6.93237455461967 0.3211
-6.93236012643163 0.321
-6.93233006902316 0.3209
-6.93228665632316 0.3208
-6.93222788990057 0.3207
-6.93213898200513 0.3206
-6.93203758638476 0.3205
-6.93194268612628 0.3204
-6.93184868582008 0.3203
-6.93176237751234 0.3202
-6.9316649726263 0.3201
-6.93155473523296 0.32
-6.93143825011278 0.3199
-6.93132666638481 0.3198
-6.9312202311879 0.3197
-6.9311122179351 0.3196
-6.93101803633639 0.3195
-6.93093268189585 0.3194
-6.93087101924882 0.3193
-6.93082949777434 0.3192
-6.93080795520824 0.3191
-6.93081891837255 0.319
-6.93085488616003 0.3189
-6.93089564062948 0.3188
-6.93094701344527 0.3187
-6.93099723127241 0.3186
-6.93105039613496 0.3185
-6.93107898542711 0.3184
-6.93112108321191 0.3183
-6.93116676319039 0.3182
-6.93121839236213 0.3181
-6.93125666649065 0.318
-6.93129166132749 0.3179
-6.9313045962441 0.3178
-6.93131226460891 0.3177
-6.93129119518693 0.3176
-6.93126752674592 0.3175
-6.93122800841554 0.3174
-6.9311701954042 0.3173
-6.93109575851743 0.3172
-6.93101532373038 0.3171
-6.93093205435125 0.317
-6.93084433522068 0.3169
-6.93075625586821 0.3168
-6.93066113331342 0.3167
-6.93057767099135 0.3166
-6.93051397651823 0.3165
-6.93044594939767 0.3164
-6.93039066565567 0.3163
-6.93033470196285 0.3162
-6.93029066042136 0.3161
-6.9302683306261 0.316
-6.93024789644635 0.3159
-6.93022217775358 0.3158
-6.93019825528564 0.3157
-6.93016989114175 0.3156
-6.93012939113809 0.3155
-6.93009277975754 0.3154
-6.93005824220373 0.3153
-6.9300268780833 0.3152
-6.92998004789458 0.3151
-6.92992455383892 0.315
-6.9298812516992 0.3149
-6.92983882160985 0.3148
-6.92981808591212 0.3147
-6.92978949616151 0.3146
-6.92977441277387 0.3145
-6.92976989703587 0.3144
-6.92976212513713 0.3143
-6.92975938394289 0.3142
-6.92978539758489 0.3141
-6.92981777375859 0.314
-6.92985649582688 0.3139
-6.92989441637279 0.3138
-6.92994935648134 0.3137
-6.93002128222103 0.3136
-6.93010525790772 0.3135
-6.93020229234688 0.3134
-6.93030846036645 0.3133
-6.93042143027677 0.3132
-6.93053240931231 0.3131
-6.93063082575743 0.313
-6.9307381185261 0.3129
-6.93083900328837 0.3128
-6.93093933699743 0.3127
-6.93104308114825 0.3126
-6.93114294628729 0.3125
-6.93124648014657 0.3124
-6.93134183396974 0.3123
-6.93144609018317 0.3122
-6.93154498797324 0.3121
-6.93161629169898 0.312
-6.93166820885314 0.3119
-6.93171872699107 0.3118
-6.93176705066391 0.3117
-6.93181623554627 0.3116
-6.93184294391423 0.3115
-6.93185604615324 0.3114
-6.93183764581964 0.3113
-6.93179474553099 0.3112
-6.93174869389669 0.3111
-6.93170446655182 0.311
-6.93164613346479 0.3109
-6.93158812730255 0.3108
-6.93151992795126 0.3107
-6.93145137109165 0.3106
-6.93138056382549 0.3105
-6.93131039609399 0.3104
-6.93123300890273 0.3103
-6.93115640582986 0.3102
-6.9310821004009 0.3101
-6.93102130185685 0.31
-6.930945806945 0.3099
-6.93087538524952 0.3098
-6.9308240149406 0.3097
-6.93079974510307 0.3096
-6.93079020907997 0.3095
-6.93078861150531 0.3094
-6.93078928296734 0.3093
-6.93079531969479 0.3092
-6.93080934485434 0.3091
-6.93082769360317 0.309
-6.93083904070752 0.3089
-6.93084288050133 0.3088
-6.93083012009999 0.3087
-6.93080244819187 0.3086
-6.93076924786857 0.3085
-6.9307387026957 0.3084
-6.93070138225081 0.3083
-6.93065057517223 0.3082
-6.9306053493626 0.3081
-6.93056284626812 0.308
-6.93050414119921 0.3079
-6.93042042578213 0.3078
-6.93032563397228 0.3077
-6.93023646214808 0.3076
-6.93013768202298 0.3075
-6.9300335297215 0.3074
-6.92993665626928 0.3073
-6.92983748571792 0.3072
-6.92973316326514 0.3071
-6.92963948580853 0.307
-6.92955824295141 0.3069
-6.92947482154098 0.3068
-6.92939525508394 0.3067
-6.92932780084873 0.3066
-6.92926155778239 0.3065
-6.92920426813186 0.3064
-6.92914613387922 0.3063
-6.92911107866746 0.3062
-6.92908186081041 0.3061
-6.92906068034747 0.306
-6.92904173495762 0.3059
-6.92903817860616 0.3058
-6.9290289769017 0.3057
-6.9290290717296 0.3056
-6.92905228360321 0.3055
-6.92907242521265 0.3054
-6.92911260023315 0.3053
-6.92916588607148 0.3052
-6.92924208847555 0.3051
-6.92933288320149 0.305
-6.92943621763806 0.3049
-6.92953874893869 0.3048
-6.92965295962258 0.3047
-6.92977348164076 0.3046
-6.92989350641188 0.3045
-6.93000531145978 0.3044
-6.9301045645319 0.3043
-6.93021226379073 0.3042
-6.93030720466435 0.3041
-6.93040520372792 0.304
-6.9304920060685 0.3039
-6.93057352053624 0.3038
-6.93065850008687 0.3037
-6.93072136281719 0.3036
-6.93077406639377 0.3035
-6.93082795849682 0.3034
-6.93088209049702 0.3033
-6.93095125002399 0.3032
-6.93102634247612 0.3031
-6.93109881400092 0.303
-6.93114760741836 0.3029
-6.93118973125726 0.3028
-6.93124294395228 0.3027
-6.93128392715305 0.3026
-6.93133309129372 0.3025
-6.93137603798756 0.3024
-6.93142209207445 0.3023
-6.93145351009996 0.3022
-6.93148396287082 0.3021
-6.93152156738823 0.302
-6.93155913724898 0.3019
-6.9316142078748 0.3018
-6.93169196267114 0.3017
-6.93178011663558 0.3016
-6.93186816977116 0.3015
-6.93195710988372 0.3014
-6.93205682907654 0.3013
-6.93213266828017 0.3012
-6.93222704690792 0.3011
-6.93232141616814 0.301
-6.93241651667247 0.3009
-6.93251101680533 0.3008
-6.93260993959272 0.3007
-6.93270799579166 0.3006
-6.93281621762069 0.3005
-6.93293873836764 0.3004
-6.93307069067151 0.3003
-6.93320924664596 0.3002
-6.93332905144434 0.3001
-6.93342118150703 0.3
-6.9335083436616 0.2999
-6.93358634247287 0.2998
-6.93364973864414 0.2997
-6.93369548289902 0.2996
-6.93373147581501 0.2995
-6.93376589127396 0.2994
-6.93379145127031 0.2993
-6.93380201300308 0.2992
-6.93380005653344 0.2991
-6.93377749352211 0.299
-6.93374685394402 0.2989
-6.93369812933045 0.2988
-6.93364184970076 0.2987
-6.93356575896377 0.2986
-6.93347854587285 0.2985
-6.93337533721629 0.2984
-6.93326016022015 0.2983
-6.93314592899974 0.2982
-6.93302912111201 0.2981
-6.93292006060347 0.298
-6.9327995972905 0.2979
-6.93268237448072 0.2978
-6.93255421759632 0.2977
-6.93242689312513 0.2976
-6.932274929067 0.2975
-6.93212809020952 0.2974
-6.93200247767921 0.2973
-6.93190621132083 0.2972
-6.93183335246007 0.2971
-6.93177256024423 0.297
-6.93171716621558 0.2969
-6.93167190197193 0.2968
-6.93160620592116 0.2967
-6.93155647016056 0.2966
-6.93151868292866 0.2965
-6.93148590899842 0.2964
-6.93145712633039 0.2963
-6.93143889808976 0.2962
-6.93141575863193 0.2961
-6.93140557525322 0.296
-6.93139006062112 0.2959
-6.93137192076773 0.2958
-6.93135618131558 0.2957
-6.93134288664306 0.2956
-6.93133377920252 0.2955
-6.93131956862946 0.2954
-6.93129512510328 0.2953
-6.93128264130575 0.2952
-6.93127327587224 0.2951
-6.93126696835268 0.295
-6.93124446430383 0.2949
-6.9312507968131 0.2948
-6.93127049087015 0.2947
-6.93132341108397 0.2946
-6.93139862733338 0.2945
-6.93149093137704 0.2944
-6.93160625828315 0.2943
-6.93172952020464 0.2942
-6.93188451600656 0.2941
-6.93204518485809 0.294
-6.93221004868582 0.2939
-6.93238129705715 0.2938
-6.93255778855088 0.2937
-6.93275850400714 0.2936
-6.93295791993378 0.2935
-6.93314773554011 0.2934
-6.93333154200713 0.2933
-6.93351350518091 0.2932
-6.93371882862278 0.2931
-6.93391956628768 0.293
-6.93410830179108 0.2929
-6.93429653807481 0.2928
-6.9344715249322 0.2927
-6.93461861268648 0.2926
-6.93474262954017 0.2925
-6.93485339742985 0.2924
-6.93495937409383 0.2923
-6.93505825833359 0.2922
-6.93513870872564 0.2921
-6.93519574483653 0.292
-6.93523205724656 0.2919
-6.93525737916042 0.2918
-6.93525942238934 0.2917
-6.93525533352988 0.2916
-6.9352611279746 0.2915
-6.93525747157323 0.2914
-6.93522844546232 0.2913
-6.93520688700292 0.2912
-6.93518242345972 0.2911
-6.93516285975392 0.291
-6.93513262857476 0.2909
-6.93509443725048 0.2908
-6.93506563170734 0.2907
-6.93502871727028 0.2906
-6.93500994315614 0.2905
-6.93498184419131 0.2904
-6.93495907012966 0.2903
-6.93492261587419 0.2902
-6.93488665330706 0.2901
-6.93485347400851 0.29
-6.93483396909389 0.2899
-6.93482740591479 0.2898
-6.93481526310921 0.2897
-6.93481778652543 0.2896
-6.93483625130797 0.2895
-6.93487261888992 0.2894
-6.93491975092903 0.2893
-6.93498666017951 0.2892
-6.9350478061373 0.2891
-6.9351209355807 0.289
-6.93520489690852 0.2889
-6.93531832053019 0.2888
-6.93543636816293 0.2887
-6.93556439022196 0.2886
-6.93567695051013 0.2885
-6.9357944508581 0.2884
-6.93590664638372 0.2883
-6.93601049477309 0.2882
-6.93610249908174 0.2881
-6.93617036593459 0.288
-6.93621064847719 0.2879
-6.93623655363553 0.2878
-6.93625613548263 0.2877
-6.93625317492932 0.2876
-6.93621994199756 0.2875
-6.93616657221217 0.2874
-6.93609766638197 0.2873
-6.93603333232054 0.2872
-6.93596021458496 0.2871
-6.9358866834759 0.287
-6.93582413804 0.2869
-6.93575821424663 0.2868
-6.9357153262015 0.2867
-6.93568442781912 0.2866
-6.93564399521644 0.2865
-6.93560746811348 0.2864
-6.93556266165282 0.2863
-6.93550043408041 0.2862
-6.93544017564273 0.2861
-6.93538828212656 0.286
-6.93532696808192 0.2859
-6.93526377305238 0.2858
-6.93519336650325 0.2857
-6.9351401489739 0.2856
-6.93509282628003 0.2855
-6.9350444287126 0.2854
-6.93499335952456 0.2853
-6.93492262593559 0.2852
-6.93484641191849 0.2851
-6.93476660978297 0.285
-6.93467365058791 0.2849
-6.93458433182991 0.2848
-6.93449029261777 0.2847
-6.93441255786968 0.2846
-6.93434535506191 0.2845
-6.93427049730208 0.2844
-6.93419816849978 0.2843
-6.93413151678527 0.2842
-6.93408280307065 0.2841
-6.93406681287505 0.284
-6.93405470793651 0.2839
-6.93405778701614 0.2838
-6.93406172742771 0.2837
-6.93407804285319 0.2836
-6.93408494010249 0.2835
-6.93409725276763 0.2834
-6.93410841037719 0.2833
-6.93410786672579 0.2832
-6.93409779198895 0.2831
-6.93407976665285 0.283
-6.93403688314684 0.2829
-6.93398032946158 0.2828
-6.93392122874629 0.2827
-6.93385576453412 0.2826
-6.9337699084799 0.2825
-6.93366668104092 0.2824
-6.93355061707948 0.2823
-6.93340023560535 0.2822
-6.93324120279824 0.2821
-6.93309623998046 0.282
-6.9329687799362 0.2819
-6.93284985376848 0.2818
-6.93274286555912 0.2817
-6.93266702456048 0.2816
-6.93262237623851 0.2815
-6.93259581179345 0.2814
-6.93258681856541 0.2813
-6.93262076632916 0.2812
-6.93267008081035 0.2811
-6.93273321654999 0.281
-6.93279575388493 0.2809
-6.93287164060642 0.2808
-6.93294763950652 0.2807
-6.93302587244048 0.2806
-6.9331122415784 0.2805
-6.93320342482769 0.2804
-6.93328565344413 0.2803
-6.93336959675396 0.2802
-6.93344363855077 0.2801
-6.93352055802755 0.28
-6.93357384255487 0.2799
-6.93361387631836 0.2798
-6.93364972032884 0.2797
-6.93368496401784 0.2796
-6.93371253177142 0.2795
-6.93373654626084 0.2794
-6.9337570649224 0.2793
-6.93376757327562 0.2792
-6.93378312529571 0.2791
-6.93382914748886 0.279
-6.93389078025197 0.2789
-6.93395205127123 0.2788
-6.93402134324134 0.2787
-6.93408365680652 0.2786
-6.93415420959301 0.2785
-6.93422109293887 0.2784
-6.93427934566462 0.2783
-6.93432850263116 0.2782
-6.93439400781457 0.2781
-6.93445067958192 0.278
-6.93450623870784 0.2779
-6.93456124246329 0.2778
-6.93460340447877 0.2777
-6.93464924403044 0.2776
-6.93469291894209 0.2775
-6.93472991072766 0.2774
-6.93475920676005 0.2773
-6.9347882647877 0.2772
-6.93482475935112 0.2771
-6.93486912616903 0.277
-6.93491227131429 0.2769
-6.93497839255699 0.2768
-6.93505219395166 0.2767
-6.93512684041038 0.2766
-6.93520442018501 0.2765
-6.93527767197009 0.2764
-6.93534558080151 0.2763
-6.93540240004782 0.2762
-6.93545965364696 0.2761
-6.93553232848978 0.276
-6.93559967409317 0.2759
-6.93567330322187 0.2758
-6.93573969775835 0.2757
-6.93581728596155 0.2756
-6.9358879842842 0.2755
-6.93595610184075 0.2754
-6.93601539455432 0.2753
-6.93607543704359 0.2752
-6.93611925470578 0.2751
-6.93615141869194 0.275
-6.93617713331465 0.2749
-6.93620162365904 0.2748
-6.93622938548374 0.2747
-6.93625067791672 0.2746
-6.93625418521513 0.2745
-6.93624673976192 0.2744
-6.93623735654672 0.2743
-6.93623081694938 0.2742
-6.93622849550401 0.2741
-6.93622254832553 0.274
-6.93621563909393 0.2739
-6.93621435379182 0.2738
-6.93619151427489 0.2737
-6.9361772529157 0.2736
-6.93616317762999 0.2735
-6.93615321162377 0.2734
-6.93617543880553 0.2733
-6.93618724991144 0.2732
-6.93619899473446 0.2731
-6.93620428948307 0.273
-6.93619075757541 0.2729
-6.93615527260482 0.2728
-6.93611274744234 0.2727
-6.93606487280134 0.2726
-6.93602366904649 0.2725
-6.93600247913213 0.2724
-6.93598423988451 0.2723
-6.93595200889256 0.2722
-6.93590310852181 0.2721
-6.93585591218349 0.272
-6.9358179706993 0.2719
-6.93579119588897 0.2718
-6.93577928827062 0.2717
-6.93576255128208 0.2716
-6.9357407291801 0.2715
-6.93571828283692 0.2714
-6.93570074543884 0.2713
-6.93569419309935 0.2712
-6.93568994672087 0.2711
-6.93571057567444 0.271
-6.9357270588694 0.2709
-6.93573550953313 0.2708
-6.93574813051842 0.2707
-6.93576946707145 0.2706
-6.93579723960216 0.2705
-6.93582678914957 0.2704
-6.93583669212482 0.2703
-6.93583596648318 0.2702
-6.93582336470021 0.2701
-6.93580468160557 0.27
-6.93576852714305 0.2699
-6.93572895576366 0.2698
-6.93567652980997 0.2697
-6.93561874065104 0.2696
-6.93553303590132 0.2695
-6.93544773664428 0.2694
-6.93535836325201 0.2693
-6.93525050567929 0.2692
-6.93513015346081 0.2691
-6.93500753523942 0.269
-6.93489843113165 0.2689
-6.93479600018618 0.2688
-6.93471417543447 0.2687
-6.934660432566 0.2686
-6.93459498779282 0.2685
-6.93452823931746 0.2684
-6.93448964380253 0.2683
-6.93446510273836 0.2682
-6.93446323430778 0.2681
-6.9344759994279 0.268
-6.9345010279254 0.2679
-6.93452257945324 0.2678
-6.93454177007977 0.2677
-6.93456170319043 0.2676
-6.93459436575858 0.2675
-6.9346149758588 0.2674
-6.93465534482461 0.2673
-6.93468379253038 0.2672
-6.93471297807274 0.2671
-6.93472591525213 0.267
-6.93472908886199 0.2669
-6.93471418649864 0.2668
-6.93471466120321 0.2667
-6.93472187965216 0.2666
-6.93472028661342 0.2665
-6.93471055468589 0.2664
-6.93470603359826 0.2663
-6.93471781131784 0.2662
-6.93472589187198 0.2661
-6.93473175224659 0.266
-6.93472904400083 0.2659
-6.934708420465 0.2658
-6.9346925605626 0.2657
-6.93465928890706 0.2656
-6.93462571888672 0.2655
-6.93457713476166 0.2654
-6.93454223900001 0.2653
-6.93453579756625 0.2652
-6.93452190138771 0.2651
-6.93450961155269 0.265
-6.93449264720311 0.2649
-6.93448162037998 0.2648
-6.9344828805723 0.2647
-6.93450333073333 0.2646
-6.93453281240853 0.2645
-6.93457644984513 0.2644
-6.93462609678596 0.2643
-6.93467591144721 0.2642
-6.9347287286557 0.2641
-6.93480942083849 0.264
-6.93488344480919 0.2639
-6.93496219215867 0.2638
-6.93504572253315 0.2637
-6.93511732524525 0.2636
-6.93519878990245 0.2635
-6.93529092682304 0.2634
-6.93538970356242 0.2633
-6.93550077492358 0.2632
-6.93560778563449 0.2631
-6.93569748802477 0.263
-6.93578507000583 0.2629
-6.93586839090162 0.2628
-6.93595033094747 0.2627
-6.93602546933915 0.2626
-6.93609822690395 0.2625
-6.93617737306274 0.2624
-6.93625229757141 0.2623
-6.93629884105182 0.2622
-6.93633693993217 0.2621
-6.93636621486334 0.262
-6.93640561007309 0.2619
-6.93643172523059 0.2618
-6.93646146038107 0.2617
-6.93648479674874 0.2616
-6.93647908945508 0.2615
-6.93647011270253 0.2614
-6.93645318795236 0.2613
-6.93642798785495 0.2612
-6.93638500807626 0.2611
-6.93633254048689 0.261
-6.93627528576759 0.2609
-6.93619579365708 0.2608
-6.9361108430377 0.2607
-6.93600975252349 0.2606
-6.93590031072423 0.2605
-6.93579439640688 0.2604
-6.93568998714485 0.2603
-6.93561215778147 0.2602
-6.93554396987135 0.2601
-6.93548397656872 0.26
-6.9354264323373 0.2599
-6.93537429635918 0.2598
-6.93534809312587 0.2597
-6.93534477547508 0.2596
-6.93535185525697 0.2595
-6.93536939652256 0.2594
-6.93540455285206 0.2593
-6.93542785236042 0.2592
-6.9354754533796 0.2591
-6.93553344732148 0.259
-6.93561346564526 0.2589
-6.9357001557706 0.2588
-6.93578596172922 0.2587
-6.9358874226212 0.2586
-6.93599406221553 0.2585
-6.93609481503035 0.2584
-6.93620569441685 0.2583
-6.93631690692225 0.2582
-6.93643521071582 0.2581
-6.93656010314195 0.258
-6.93667912430794 0.2579
-6.93680129773754 0.2578
-6.93690760537834 0.2577
-6.93701677949853 0.2576
-6.93712560066441 0.2575
-6.9372224750943 0.2574
-6.93731212925845 0.2573
-6.9374023433352 0.2572
-6.93748973852023 0.2571
-6.93755239909378 0.257
-6.93760368658515 0.2569
-6.93766345819697 0.2568
-6.93772032078497 0.2567
-6.9377579144718 0.2566
-6.93777746409997 0.2565
-6.93778514786267 0.2564
-6.93776860885227 0.2563
-6.93774504303314 0.2562
-6.93770190530089 0.2561
-6.93765730551415 0.256
-6.93758377269629 0.2559
-6.93750536092077 0.2558
-6.93740624623837 0.2557
-6.93730387328071 0.2556
-6.93718989277661 0.2555
-6.93706933760227 0.2554
-6.93694644432108 0.2553
-6.93683367669737 0.2552
-6.93669557427197 0.2551
-6.93656472694342 0.255
-6.93643120375941 0.2549
-6.93631022634209 0.2548
-6.93618274027183 0.2547
-6.93606906069793 0.2546
-6.93594145524957 0.2545
-6.93582119211516 0.2544
-6.93569819590048 0.2543
-6.93558680129821 0.2542
-6.93547081664386 0.2541
-6.93537315566881 0.254
-6.93528375341676 0.2539
-6.93521904559695 0.2538
-6.93518317454427 0.2537
-6.93517142397784 0.2536
-6.93517648437762 0.2535
-6.93519841248108 0.2534
-6.93522027282539 0.2533
-6.93523795895214 0.2532
-6.93524381054616 0.2531
-6.93525040413835 0.253
-6.93525682320922 0.2529
-6.93525706749042 0.2528
-6.93527173133837 0.2527
-6.9352872469587 0.2526
-6.93528107522966 0.2525
-6.93528889282626 0.2524
-6.93531233697066 0.2523
-6.93534630641506 0.2522
-6.93536861063785 0.2521
-6.9353838814818 0.252
-6.93540708201392 0.2519
-6.93543391903961 0.2518
-6.93545804167929 0.2517
-6.93548689059516 0.2516
-6.93552404049383 0.2515
-6.93557092177391 0.2514
-6.93563136502742 0.2513
-6.93569415650846 0.2512
-6.9357511147487 0.2511
-6.93580550624364 0.251
-6.9358505584914 0.2509
-6.93587943574759 0.2508
-6.93591840898227 0.2507
-6.93594848506519 0.2506
-6.93598596866637 0.2505
-6.93601715661881 0.2504
-6.93603042212557 0.2503
-6.93604218992144 0.2502
-6.93604803355265 0.2501
-6.93605204936588 0.25
-6.93605677263579 0.2499
-6.93606547717299 0.2498
-6.93605688074496 0.2497
-6.93606049193291 0.2496
-6.93606397503719 0.2495
-6.93607970386786 0.2494
-6.93609689360585 0.2493
-6.93613065781617 0.2492
-6.93617208377156 0.2491
-6.93620116947412 0.249
-6.93623965550732 0.2489
-6.93629749902686 0.2488
-6.93634288061298 0.2487
-6.9364089460119 0.2486
-6.93645344807297 0.2485
-6.93650124569483 0.2484
-6.93655471055588 0.2483
-6.93661060457651 0.2482
-6.93667820851853 0.2481
-6.93674573605527 0.248
-6.93679846257714 0.2479
-6.93686409508823 0.2478
-6.9369326868824 0.2477
-6.93700632714658 0.2476
-6.93707169862732 0.2475
-6.93713884234176 0.2474
-6.93722706910953 0.2473
-6.93731275459868 0.2472
-6.93739130070273 0.2471
-6.93746821659921 0.247
-6.93754686605803 0.2469
-6.93762720367528 0.2468
-6.93770965929284 0.2467
-6.93777855139768 0.2466
-6.93783337792927 0.2465
-6.93788964210489 0.2464
-6.93793248445956 0.2463
-6.93796792344144 0.2462
-6.93799731042833 0.2461
-6.93802906116864 0.246
-6.93805583638163 0.2459
-6.93807264067667 0.2458
-6.93808268493725 0.2457
-6.93808069535008 0.2456
-6.93805715062997 0.2455
-6.93803172773928 0.2454
-6.93800443359229 0.2453
-6.93799724264999 0.2452
-6.93800999942901 0.2451
-6.93802934961849 0.245
-6.93805031864509 0.2449
-6.93809366045542 0.2448
-6.9381590147634 0.2447
-6.93822835363693 0.2446
-6.93830201762078 0.2445
-6.93838494471251 0.2444
-6.93849335298732 0.2443
-6.93861588602501 0.2442
-6.9387369253256 0.2441
-6.93886113471891 0.244
-6.9389896798569 0.2439
-6.93912571118553 0.2438
-6.93924762869373 0.2437
-6.9393657384588 0.2436
-6.93947217303378 0.2435
-6.93956399703761 0.2434
-6.93965439315591 0.2433
-6.93973569826186 0.2432
-6.93980980419 0.2431
-6.93985884401699 0.243
-6.93989463895181 0.2429
-6.93992791751981 0.2428
-6.93995184854538 0.2427
-6.93995366244235 0.2426
-6.93991813268957 0.2425
-6.93986594809068 0.2424
-6.93980457433392 0.2423
-6.93976125553014 0.2422
-6.93970171841049 0.2421
-6.93964321233952 0.242
-6.93957886967467 0.2419
-6.93951283740144 0.2418
-6.93944403637422 0.2417
-6.9393792722775 0.2416
-6.93932398153469 0.2415
-6.93928364913602 0.2414
-6.93926617157668 0.2413
-6.93923986676252 0.2412
-6.93923069146402 0.2411
-6.93923391117769 0.241
-6.93926040026372 0.2409
-6.93930075931288 0.2408
-6.93933560083522 0.2407
-6.93937620207301 0.2406
-6.93940156356699 0.2405
-6.93942837339984 0.2404
-6.93945339770575 0.2403
-6.939474235869 0.2402
-6.93949061671564 0.2401
-6.93950246450834 0.24
-6.93950456725667 0.2399
-6.93949457334413 0.2398
-6.93946038682728 0.2397
-6.93942133537381 0.2396
-6.93939354079774 0.2395
-6.93935254537347 0.2394
-6.93929481266362 0.2393
-6.93923654214655 0.2392
-6.93918471025706 0.2391
-6.93915140434056 0.239
-6.93914669836521 0.2389
-6.93916450163564 0.2388
-6.93920913686958 0.2387
-6.93926441301244 0.2386
-6.93933490207078 0.2385
-6.93941954820213 0.2384
-6.9395214199499 0.2383
-6.93965156208088 0.2382
-6.93979234864642 0.2381
-6.93994098070324 0.238
-6.94010298279326 0.2379
-6.94027466821852 0.2378
-6.94045203203121 0.2377
-6.94062278071643 0.2376
-6.94079502971548 0.2375
-6.94096010154574 0.2374
-6.94111091950731 0.2373
-6.9412627940851 0.2372
-6.94140732326804 0.2371
-6.94153322910228 0.237
-6.94163127271693 0.2369
-6.94169788901848 0.2368
-6.94172230112456 0.2367
-6.94173535025537 0.2366
-6.94172719688959 0.2365
-6.9417094849581 0.2364
-6.94168507766534 0.2363
-6.94164595317872 0.2362
-6.94158807498766 0.2361
-6.94150945210187 0.236
-6.94141022127731 0.2359
-6.94129189881265 0.2358
-6.94117022176657 0.2357
-6.94104655473489 0.2356
-6.94092969926773 0.2355
-6.94080896899578 0.2354
-6.94068397765315 0.2353
-6.94055173315564 0.2352
-6.94043024076717 0.2351
-6.94032105443036 0.235
-6.94023222172533 0.2349
-6.94015600841127 0.2348
-6.94010830134406 0.2347
-6.94006064730399 0.2346
-6.94002050344816 0.2345
-6.9400138838164 0.2344
-6.9400107351341 0.2343
-6.94000170347916 0.2342
-6.93998526416854 0.2341
-6.93997427457209 0.234
-6.93996172835696 0.2339
-6.93993971303852 0.2338
-6.93991110401665 0.2337
-6.93985676814794 0.2336
-6.93979476378552 0.2335
-6.93971760524776 0.2334
-6.93964139946394 0.2333
-6.93958244066102 0.2332
-6.93952686022215 0.2331
-6.9394603718595 0.233
-6.93940171800395 0.2329
-6.93934469129844 0.2328
-6.93928476997717 0.2327
-6.93922728404721 0.2326
-6.93919614675443 0.2325
-6.93914546343514 0.2324
-6.93910363009798 0.2323
-6.93906621144657 0.2322
-6.9390385527777 0.2321
-6.93901774365938 0.232
-6.9389919531361 0.2319
-6.93895783785017 0.2318
-6.93894681331481 0.2317
-6.93896405008211 0.2316
-6.93900287248926 0.2315
-6.93906552166543 0.2314
-6.93914493515438 0.2313
-6.93921614200114 0.2312
-6.93929003660091 0.2311
-6.93935112238924 0.231
-6.93942337325545 0.2309
-6.93949619065136 0.2308
-6.93957695492322 0.2307
-6.93965718570183 0.2306
-6.93972753203225 0.2305
-6.93978958558725 0.2304
-6.93983569316565 0.2303
-6.93986510343494 0.2302
-6.93989081496001 0.2301
-6.93992880341449 0.23
-6.93995887674161 0.2299
-6.93996869621688 0.2298
-6.93996113317084 0.2297
-6.93996077904868 0.2296
-6.93994854111119 0.2295
-6.93993657384754 0.2294
-6.93992959537072 0.2293
-6.93992716248718 0.2292
-6.93993474137226 0.2291
-6.93995717024246 0.229
-6.93999641697132 0.2289
-6.94005918819372 0.2288
-6.94014270784697 0.2287
-6.94024130117894 0.2286
-6.94033561652936 0.2285
-6.94044315311133 0.2284
-6.94053736859931 0.2283
-6.94064118304704 0.2282
-6.94074813770765 0.2281
-6.94087380477188 0.228
-6.94099048417795 0.2279
-6.94110782478181 0.2278
-6.94120022366318 0.2277
-6.94129033641375 0.2276
-6.94137017091316 0.2275
-6.94143606590775 0.2274
-6.9414824858812 0.2273
-6.94152426525801 0.2272
-6.94152950668625 0.2271
-6.94152433044942 0.227
-6.94150120538613 0.2269
-6.94146034369689 0.2268
-6.94141963398684 0.2267
-6.94138383220593 0.2266
-6.94134427731021 0.2265
-6.94130928665746 0.2264
-6.94127065052577 0.2263
-6.94125644204259 0.2262
-6.94123823352554 0.2261
-6.94121467053498 0.226
-6.94118170034178 0.2259
-6.94114956183389 0.2258
-6.9411243477029 0.2257
-6.94109344328214 0.2256
-6.94105791547333 0.2255
-6.94103009447259 0.2254
-6.94101671853823 0.2253
-6.94098979239573 0.2252
-6.940944973297 0.2251
-6.94089765395644 0.225
-6.94084784128364 0.2249
-6.94079936752999 0.2248
-6.94073867561527 0.2247
-6.94065581023561 0.2246
-6.94056651765891 0.2245
-6.94046388678613 0.2244
-6.94035809167833 0.2243
-6.94026167951128 0.2242
-6.94015449027247 0.2241
-6.94005961153117 0.224
-6.93997892809549 0.2239
-6.93992152782313 0.2238
-6.93989437030638 0.2237
-6.93987991853955 0.2236
-6.93989198785489 0.2235
-6.93991389609637 0.2234
-6.93996161646631 0.2233
-6.94003529519218 0.2232
-6.94010930042451 0.2231
-6.94017972658097 0.223
-6.94025773521675 0.2229
-6.94036235596945 0.2228
-6.94047138246173 0.2227
-6.94057691627879 0.2226
-6.94069455792627 0.2225
-6.94080828322105 0.2224
-6.94091519240005 0.2223
-6.94102790634813 0.2222
-6.94114774653956 0.2221
-6.94125891256235 0.222
-6.94136982134748 0.2219
-6.94147195927468 0.2218
-6.94156033424888 0.2217
-6.94163371388832 0.2216
-6.94169742217241 0.2215
-6.94176506860515 0.2214
-6.94182729021973 0.2213
-6.94189698348418 0.2212
-6.94197050859169 0.2211
-6.94204248243352 0.221
-6.94210110896983 0.2209
-6.94214375877794 0.2208
-6.94219622365531 0.2207
-6.94224303358749 0.2206
-6.94226524670116 0.2205
-6.94226785925989 0.2204
-6.94226747803155 0.2203
-6.94226531931231 0.2202
-6.94225986766315 0.2201
-6.94225468838007 0.22
-6.9422498840226 0.2199
-6.94226700163451 0.2198
-6.94226626647537 0.2197
-6.94226255030647 0.2196
-6.94225119046302 0.2195
-6.94223832210476 0.2194
-6.94220741690208 0.2193
-6.94215048478131 0.2192
-6.94207921059647 0.2191
-6.94201195462836 0.219
-6.94194392919842 0.2189
-6.94186455646864 0.2188
-6.94178923338607 0.2187
-6.94170093060845 0.2186
-6.94160438602146 0.2185
-6.94150788535908 0.2184
-6.94140117504086 0.2183
-6.94129473754917 0.2182
-6.94117905029983 0.2181
-6.94107193989106 0.218
-6.94096141188716 0.2179
-6.94085331990197 0.2178
-6.94073717815698 0.2177
-6.94062951774682 0.2176
-6.94053003506423 0.2175
-6.94045528827482 0.2174
-6.94039480021625 0.2173
-6.94034124859046 0.2172
-6.94030495425844 0.2171
-6.9402833889308 0.217
-6.94026382822479 0.2169
-6.94025228796 0.2168
-6.94024309121084 0.2167
-6.94023981132609 0.2166
-6.94024046485059 0.2165
-6.94025309098627 0.2164
-6.940270211615 0.2163
-6.94030182930473 0.2162
-6.94034184133724 0.2161
-6.94039315928164 0.216
-6.9404615080967 0.2159
-6.9405334025117 0.2158
-6.94060104159744 0.2157
-6.94068537794661 0.2156
-6.94077871133478 0.2155
-6.94088801625654 0.2154
-6.94099551588637 0.2153
-6.94111378479251 0.2152
-6.9412227672043 0.2151
-6.94133980739217 0.215
-6.94143707369543 0.2149
-6.94153316808868 0.2148
-6.94163055085519 0.2147
-6.94172598463973 0.2146
-6.94180618506721 0.2145
-6.94188782724545 0.2144
-6.94197034052594 0.2143
-6.94206049372495 0.2142
-6.94214559250001 0.2141
-6.94225080177344 0.214
-6.94235510023215 0.2139
-6.94245121234181 0.2138
-6.94253821531286 0.2137
-6.94259687397809 0.2136
-6.94266244329937 0.2135
-6.942722381546 0.2134
-6.94278032671088 0.2133
-6.94283295188445 0.2132
-6.94285986466183 0.2131
-6.94287587533546 0.213
-6.9429027107358 0.2129
-6.94291997936426 0.2128
-6.94293974267513 0.2127
-6.94296270939694 0.2126
-6.94299596234316 0.2125
-6.94302992021401 0.2124
-6.94305887426658 0.2123
-6.94310464386615 0.2122
-6.94314859994331 0.2121
-6.94319479627016 0.212
-6.9432482481929 0.2119
-6.94330825406144 0.2118
-6.94335212512398 0.2117
-6.94338841666207 0.2116
-6.94341527306476 0.2115
-6.94343641881765 0.2114
-6.94346612387323 0.2113
-6.94350570430243 0.2112
-6.94354777236977 0.2111
-6.94358376823591 0.211
-6.94360051963789 0.2109
-6.94361045574579 0.2108
-6.94361119049628 0.2107
-6.94361089132926 0.2106
-6.94362198521302 0.2105
-6.94364560617642 0.2104
-6.9436817460192 0.2103
-6.94373329438441 0.2102
-6.9437883096012 0.2101
-6.94386013122565 0.21
-6.94393440008535 0.2099
-6.94400054310406 0.2098
-6.94407004572831 0.2097
-6.94414027732815 0.2096
-6.94421015828912 0.2095
-6.9442883373148 0.2094
-6.94437053183117 0.2093
-6.94443309102373 0.2092
-6.94447952461697 0.2091
-6.94452759322895 0.209
-6.94456424749391 0.2089
-6.94459175672481 0.2088
-6.94459775101442 0.2087
-6.94459294886847 0.2086
-6.94457006788381 0.2085
-6.94454784147303 0.2084
-6.94449952647276 0.2083
-6.94443859864942 0.2082
-6.94436194685114 0.2081
-6.94427470031428 0.208
-6.94418360637021 0.2079
-6.94410328620989 0.2078
-6.94401460689312 0.2077
-6.94391552221014 0.2076
-6.94381474408204 0.2075
-6.94372600074742 0.2074
-6.94364995412643 0.2073
-6.94359284016935 0.2072
-6.94354492252844 0.2071
-6.94349884606484 0.207
-6.94346066971544 0.2069
-6.94342560814574 0.2068
-6.94339515188125 0.2067
-6.94338621205565 0.2066
-6.9433827122447 0.2065
-6.94339760166902 0.2064
-6.94341989624797 0.2063
-6.94345468257997 0.2062
-6.94348410460476 0.2061
-6.94352765664668 0.206
-6.94357358622137 0.2059
-6.94363262622994 0.2058
-6.94368975053247 0.2057
-6.94374734900654 0.2056
-6.94381241756267 0.2055
-6.94386540258353 0.2054
-6.94390138963874 0.2053
-6.94391465006721 0.2052
-6.94390502543924 0.2051
-6.94385915456302 0.205
-6.94380755204988 0.2049
-6.94374811219126 0.2048
-6.94367879197806 0.2047
-6.94361827213986 0.2046
-6.94354035043304 0.2045
-6.94345700557712 0.2044
-6.94337074878683 0.2043
-6.94328428098472 0.2042
-6.94320738646647 0.2041
-6.94316001403104 0.204
-6.9431301542038 0.2039
-6.9431084056797 0.2038
-6.94310599119025 0.2037
-6.94311512569461 0.2036
-6.94312470327482 0.2035
-6.94313734314643 0.2034
-6.94315202483081 0.2033
-6.94316040617771 0.2032
-6.94314972388296 0.2031
-6.94313378789124 0.203
-6.94310906585242 0.2029
-6.94307896929738 0.2028
-6.94303168644575 0.2027
-6.94296375172069 0.2026
-6.94288021768162 0.2025
-6.94281268280839 0.2024
-6.94273739046855 0.2023
-6.94266183400004 0.2022
-6.94258356476149 0.2021
-6.94251094518628 0.202
-6.94245190792579 0.2019
-6.94239587963969 0.2018
-6.94234934807182 0.2017
-6.94230770816836 0.2016
-6.94226276177163 0.2015
-6.94223091029871 0.2014
-6.9422070393622 0.2013
-6.94220850672571 0.2012
-6.94222795532087 0.2011
-6.94223815652948 0.201
-6.94222856003642 0.2009
-6.9422208100293 0.2008
-6.94221534709891 0.2007
-6.94218557658791 0.2006
-6.94216270322061 0.2005
-6.94213682780988 0.2004
-6.94210306450518 0.2003
-6.94205851586901 0.2002
-6.94198359556377 0.2001
-6.94190267071048 0.2
-6.94182317817346 0.1999
-6.94174890594051 0.1998
-6.94167141205889 0.1997
-6.94160423624727 0.1996
-6.94152804792505 0.1995
-6.9414739182832 0.1994
-6.94142159513634 0.1993
-6.94139249605646 0.1992
-6.94137729700823 0.1991
-6.94138703074504 0.199
-6.94141702815983 0.1989
-6.94147685687819 0.1988
-6.94155408622394 0.1987
-6.94165676706475 0.1986
-6.94178489853204 0.1985
-6.94193515720872 0.1984
-6.94211684166269 0.1983
-6.94230975941377 0.1982
-6.94250913524557 0.1981
-6.94269568406708 0.198
-6.94286887310759 0.1979
-6.94302363465499 0.1978
-6.94315262061011 0.1977
-6.94326568359336 0.1976
-6.9433568481322 0.1975
-6.94343249478655 0.1974
-6.94349883332648 0.1973
-6.94355545254403 0.1972
-6.94360309558477 0.1971
-6.94362738390145 0.197
-6.94363980576419 0.1969
-6.94362937510186 0.1968
-6.94359338823046 0.1967
-6.94354597581687 0.1966
-6.94348568235254 0.1965
-6.94341673198108 0.1964
-6.94333686715705 0.1963
-6.94325092246822 0.1962
-6.94315857198417 0.1961
-6.94307443260002 0.196
-6.94299952857776 0.1959
-6.94290634271564 0.1958
-6.94282381709141 0.1957
-6.94274371465242 0.1956
-6.94268151802198 0.1955
-6.94263312809609 0.1954
-6.94259470052133 0.1953
-6.94256796448128 0.1952
-6.94255397098408 0.1951
-6.94255745174867 0.195
-6.94257807306227 0.1949
-6.94261534213818 0.1948
-6.94266442961143 0.1947
-6.94273626745789 0.1946
-6.94283099841783 0.1945
-6.94293805900133 0.1944
-6.94304216811623 0.1943
-6.94315911742101 0.1942
-6.94327957692747 0.1941
-6.94338276178082 0.194
-6.94348473132155 0.1939
-6.94359219559504 0.1938
-6.94369882014806 0.1937
-6.94381593983702 0.1936
-6.94392692023318 0.1935
-6.94402819975029 0.1934
-6.94413009993132 0.1933
-6.94422354682797 0.1932
-6.944309900116 0.1931
-6.94437023462122 0.193
-6.94441452433068 0.1929
-6.94444237038627 0.1928
-6.94445600667964 0.1927
-6.94445779960554 0.1926
-6.94444795253092 0.1925
-6.94444151421915 0.1924
-6.94443791158549 0.1923
-6.94445310276709 0.1922
-6.9444674895812 0.1921
-6.94446642809736 0.192
-6.94445434204456 0.1919
-6.94443570915699 0.1918
-6.94440749656558 0.1917
-6.94436568906374 0.1916
-6.94433109901372 0.1915
-6.94429389152796 0.1914
-6.94425844105722 0.1913
-6.94422618515184 0.1912
-6.94419065010439 0.1911
-6.94415579094801 0.191
-6.9441141120054 0.1909
-6.94408001570108 0.1908
-6.94404635307958 0.1907
-6.94402331398166 0.1906
-6.94400666101714 0.1905
-6.94398499761108 0.1904
-6.94397871232923 0.1903
-6.94397739609129 0.1902
-6.94399362955345 0.1901
-6.94402013468522 0.19
-6.94404822262349 0.1899
-6.9441070548217 0.1898
-6.94417401594452 0.1897
-6.94424023111686 0.1896
-6.94431470309435 0.1895
-6.94438967585331 0.1894
-6.94447362548643 0.1893
-6.9445494419393 0.1892
-6.94461692542096 0.1891
-6.94469001623931 0.189
-6.94477904244451 0.1889
-6.94485857956306 0.1888
-6.94495131659147 0.1887
-6.94504654191095 0.1886
-6.94513126553159 0.1885
-6.94519006792423 0.1884
-6.94523169672557 0.1883
-6.94524896400399 0.1882
-6.9452606740684 0.1881
-6.94526264112034 0.188
-6.94525192065772 0.1879
-6.9452186654253 0.1878
-6.94517261300089 0.1877
-6.945125944216 0.1876
-6.94504559309381 0.1875
-6.94494954600134 0.1874
-6.94486016643626 0.1873
-6.94476294353426 0.1872
-6.94466162773637 0.1871
-6.94455542148113 0.187
-6.94446340851576 0.1869
-6.9443691978874 0.1868
-6.94428873222415 0.1867
-6.94422146849349 0.1866
-6.94418610021216 0.1865
-6.9441476902472 0.1864
-6.94414017873611 0.1863
-6.94414035000589 0.1862
-6.94415969516868 0.1861
-6.94420342221306 0.186
-6.94426992184863 0.1859
-6.94433271984835 0.1858
-6.94442031835167 0.1857
-6.94452369316857 0.1856
-6.94464219404457 0.1855
-6.94475701946852 0.1854
-6.94485614443893 0.1853
-6.94496517209789 0.1852
-6.94507694515997 0.1851
-6.94519207852927 0.185
-6.94530977735297 0.1849
-6.94543022467055 0.1848
-6.94556821820639 0.1847
-6.9457040358288 0.1846
-6.94583715797812 0.1845
-6.94597145350193 0.1844
-6.94609798990321 0.1843
-6.94621418581443 0.1842
-6.9463225528826 0.1841
-6.94642056204821 0.184
-6.94648610216964 0.1839
-6.94653997124625 0.1838
-6.94656677198773 0.1837
-6.94657449847031 0.1836
-6.94656086489704 0.1835
-6.94652999995758 0.1834
-6.94647191625948 0.1833
-6.94641465196619 0.1832
-6.9463478341781 0.1831
-6.94626595526437 0.183
-6.94618414398015 0.1829
-6.94606717249011 0.1828
-6.94594261371774 0.1827
-6.94580923178815 0.1826
-6.94565988965345 0.1825
-6.94550923770381 0.1824
-6.94535794518352 0.1823
-6.94521005050756 0.1822
-6.94507825222507 0.1821
-6.94496253059165 0.182
-6.94485443071236 0.1819
-6.94476215403463 0.1818
-6.94466200129755 0.1817
-6.94457910976979 0.1816
-6.94449705676028 0.1815
-6.94442608771718 0.1814
-6.94436676783628 0.1813
-6.94432374146596 0.1812
-6.94429358995462 0.1811
-6.94429043413839 0.181
-6.94428129940381 0.1809
-6.94429191637099 0.1808
-6.94432500528962 0.1807
-6.94436887927449 0.1806
-6.94442456905897 0.1805
-6.94447156193447 0.1804
-6.94453684538279 0.1803
-6.94459744961345 0.1802
-6.9446594358622 0.1801
-6.94471224391929 0.18
-6.94474767507789 0.1799
-6.94478343110815 0.1798
-6.9448248614756 0.1797
-6.944856657482 0.1796
-6.94488373431838 0.1795
-6.94491142265347 0.1794
-6.94495011646889 0.1793
-6.9449926991676 0.1792
-6.94503393799998 0.1791
-6.94505802793388 0.179
-6.94507988284034 0.1789
-6.94511170425567 0.1788
-6.94514314754426 0.1787
-6.94517732332303 0.1786
-6.94521072785737 0.1785
-6.94523520096774 0.1784
-6.94524702119535 0.1783
-6.94525147144365 0.1782
-6.94525222491719 0.1781
-6.9452351572106 0.178
-6.94520761060822 0.1779
-6.94517031314555 0.1778
-6.94513207150228 0.1777
-6.94508222270482 0.1776
-6.94502576303788 0.1775
-6.94497112215553 0.1774
-6.9448998175643 0.1773
-6.94482940509113 0.1772
-6.94474505998875 0.1771
-6.94466329962019 0.177
-6.94455878730807 0.1769
-6.94447506021518 0.1768
-6.94439385636177 0.1767
-6.94432364038073 0.1766
-6.94426809614435 0.1765
-6.94423058748423 0.1764
-6.94418926617944 0.1763
-6.94416146947327 0.1762
-6.94413298358539 0.1761
-6.94411364936495 0.176
-6.94411222850229 0.1759
-6.94409863061062 0.1758
-6.94407964718835 0.1757
-6.94407726878763 0.1756
-6.94407548676135 0.1755
-6.94406700149197 0.1754
-6.94405138780284 0.1753
-6.94403189716898 0.1752
-6.94400803087033 0.1751
-6.94399416078585 0.175
-6.94399229553792 0.1749
-6.94400791902323 0.1748
-6.94404549758426 0.1747
-6.94409283105915 0.1746
-6.94415463378404 0.1745
-6.94421792722825 0.1744
-6.94427905982705 0.1743
-6.94432153132904 0.1742
-6.94435822996903 0.1741
-6.94438731909341 0.174
-6.944428380191 0.1739
-6.94445630054014 0.1738
-6.9444753537119 0.1737
-6.94449118345061 0.1736
-6.94450415626767 0.1735
-6.94451500067818 0.1734
-6.94451256760911 0.1733
-6.94450423374202 0.1732
-6.94447341603126 0.1731
-6.94444788466165 0.173
-6.94441777109466 0.1729
-6.94439294446375 0.1728
-6.94437653173377 0.1727
-6.94436936161854 0.1726
-6.94436895098051 0.1725
-6.94436811525201 0.1724
-6.94438831492459 0.1723
-6.94440192314344 0.1722
-6.94443216499433 0.1721
-6.94446900335948 0.172
-6.94453568301828 0.1719
-6.94461781510068 0.1718
-6.94470107547536 0.1717
-6.94479737671818 0.1716
-6.94489114949309 0.1715
-6.94496930080041 0.1714
-6.9450357269124 0.1713
-6.9451035446707 0.1712
-6.94515204094622 0.1711
-6.945183922963 0.171
-6.94521249989742 0.1709
-6.94523318816155 0.1708
-6.94522749831765 0.1707
-6.94521728957616 0.1706
-6.94519050076232 0.1705
-6.94515036167041 0.1704
-6.94509332578267 0.1703
-6.94502036166643 0.1702
-6.94494989278982 0.1701
-6.94487687988817 0.17
-6.94481560847779 0.1699
-6.94475261821329 0.1698
-6.94468884248209 0.1697
-6.94463620352687 0.1696
-6.9445958721641 0.1695
-6.94456931197147 0.1694
-6.94455499033218 0.1693
-6.94455077750629 0.1692
-6.94455653681655 0.1691
-6.94457996643037 0.169
-6.94461756010423 0.1689
-6.94466188083599 0.1688
-6.94472144611585 0.1687
-6.94479823379748 0.1686
-6.94488300473163 0.1685
-6.94498994931331 0.1684
-6.94510055287343 0.1683
-6.94520696490376 0.1682
-6.94530422287004 0.1681
-6.94538446371321 0.168
-6.94545324890677 0.1679
-6.94551486819163 0.1678
-6.9455706032255 0.1677
-6.94562437585726 0.1676
-6.94565076848835 0.1675
-6.94565932648333 0.1674
-6.94565087417998 0.1673
-6.94563565334095 0.1672
-6.94562515759844 0.1671
-6.94559398311733 0.167
-6.94556270087256 0.1669
-6.9455313905432 0.1668
-6.94550357207696 0.1667
-6.9454837324727 0.1666
-6.9454779546674 0.1665
-6.94547826219206 0.1664
-6.94549615694356 0.1663
-6.94552833350795 0.1662
-6.94557398750708 0.1661
-6.94562122207544 0.166
-6.94568594832071 0.1659
-6.94577755256324 0.1658
-6.94590203604652 0.1657
-6.94602407111462 0.1656
-6.94616717885453 0.1655
-6.94633234215802 0.1654
-6.9465155641138 0.1653
-6.94670083201012 0.1652
-6.94690812575941 0.1651
-6.94711300703659 0.165
-6.94731566789134 0.1649
-6.94749189954557 0.1648
-6.94764724282865 0.1647
-6.94778599700711 0.1646
-6.9478935391697 0.1645
-6.94797620704502 0.1644
-6.9480301759725 0.1643
-6.94804218555613 0.1642
-6.94802087729884 0.1641
-6.94797211662953 0.164
-6.94788822432919 0.1639
-6.94776997865444 0.1638
-6.94762643096041 0.1637
-6.94746665146161 0.1636
-6.94728636577047 0.1635
-6.94708891864236 0.1634
-6.94688330982295 0.1633
-6.94668666719443 0.1632
-6.94650080446587 0.1631
-6.94633079186531 0.163
-6.94616248692823 0.1629
-6.94600551303804 0.1628
-6.94584965261516 0.1627
-6.9457159754667 0.1626
-6.94559520878689 0.1625
-6.94548063028618 0.1624
-6.94539129356491 0.1623
-6.94532446529848 0.1622
-6.94527743249231 0.1621
-6.94522124544858 0.162
-6.9451660026343 0.1619
-6.94512679004517 0.1618
-6.94509518845802 0.1617
-6.9450775952761 0.1616
-6.94505557652566 0.1615
-6.94504786322022 0.1614
-6.94505969474913 0.1613
-6.94508083385858 0.1612
-6.94511532391235 0.1611
-6.94515234721746 0.161
-6.94520586612946 0.1609
-6.94524881274323 0.1608
-6.94527765965402 0.1607
-6.94530235793124 0.1606
-6.94533273705061 0.1605
-6.94535915305068 0.1604
-6.94538315810911 0.1603
-6.94540631897001 0.1602
-6.94541720044468 0.1601
-6.94543673335191 0.16
-6.94543715817287 0.1599
-6.94543133766497 0.1598
-6.94542166421266 0.1597
-6.94541514479434 0.1596
-6.94539981603017 0.1595
-6.94537296202649 0.1594
-6.94533928718581 0.1593
-6.94530003414079 0.1592
-6.94525135885472 0.1591
-6.94520763857114 0.159
-6.94517929939554 0.1589
-6.94516037546651 0.1588
-6.94513500511323 0.1587
-6.94510442182771 0.1586
-6.94506799953909 0.1585
-6.94504234539257 0.1584
-6.94502631894242 0.1583
-6.94503195239372 0.1582
-6.94503872427843 0.1581
-6.94505942309618 0.158
-6.94507535168207 0.1579
-6.94510213911445 0.1578
-6.94513425987933 0.1577
-6.94517364750249 0.1576
-6.94521693314736 0.1575
-6.94524657550071 0.1574
-6.94527959093353 0.1573
-6.94531668577046 0.1572
-6.94536353613427 0.1571
-6.94542263974184 0.157
-6.94549406224982 0.1569
-6.94555825946412 0.1568
-6.9456196144382 0.1567
-6.94568679658774 0.1566
-6.94575846512454 0.1565
-6.94582757086553 0.1564
-6.94590040935137 0.1563
-6.94596309574758 0.1562
-6.94602306698964 0.1561
-6.9460766006402 0.156
-6.94611966990128 0.1559
-6.94616315927143 0.1558
-6.94620587340432 0.1557
-6.94624063096297 0.1556
-6.94626856766577 0.1555
-6.94627309223863 0.1554
-6.94624958705735 0.1553
-6.94622724285559 0.1552
-6.94618462202349 0.1551
-6.94613125634154 0.155
-6.94607423059535 0.1549
-6.94600765763211 0.1548
-6.9459392323142 0.1547
-6.94587701553032 0.1546
-6.94581042975681 0.1545
-6.9457527508427 0.1544
-6.94569825789211 0.1543
-6.94566278672914 0.1542
-6.94565436482422 0.1541
-6.94566274198481 0.154
-6.94568781361471 0.1539
-6.94573526554042 0.1538
-6.9457983995209 0.1537
-6.94586421304834 0.1536
-6.94594114566004 0.1535
-6.94603388370429 0.1534
-6.94612183673475 0.1533
-6.94621182506594 0.1532
-6.94629909018258 0.1531
-6.94638567881747 0.153
-6.94648085055772 0.1529
-6.94655161217517 0.1528
-6.94662300991026 0.1527
-6.94668533403879 0.1526
-6.94674764515444 0.1525
-6.94682283331263 0.1524
-6.94690357740215 0.1523
-6.94697691599577 0.1522
-6.94703545024207 0.1521
-6.94709117671216 0.152
-6.94714711956333 0.1519
-6.9472029916644 0.1518
-6.94725108403751 0.1517
-6.94729449168043 0.1516
-6.9473331834521 0.1515
-6.94735581561112 0.1514
-6.94737410563412 0.1513
-6.94740197329436 0.1512
-6.94742498545132 0.1511
-6.94742942505717 0.151
-6.94744280268558 0.1509
-6.94744831614678 0.1508
-6.94745405081893 0.1507
-6.94745206718651 0.1506
-6.94743268475888 0.1505
-6.94742695831597 0.1504
-6.94743477138719 0.1503
-6.94744033379552 0.1502
-6.94744199745786 0.1501
-6.94746495997913 0.15
-6.9475018859043 0.1499
-6.94754609040951 0.1498
-6.94760965539326 0.1497
-6.94767440655075 0.1496
-6.94776420617435 0.1495
-6.9478719293485 0.1494
-6.94797851728314 0.1493
-6.94809531622118 0.1492
-6.94819180564393 0.1491
-6.94830008092231 0.149
-6.94841271045278 0.1489
-6.94850394626631 0.1488
-6.9486004112564 0.1487
-6.94869274070523 0.1486
-6.94876712382371 0.1485
-6.94885685458161 0.1484
-6.94895499256762 0.1483
-6.94904169215369 0.1482
-6.94911238122565 0.1481
-6.94918397788534 0.148
-6.94926522592372 0.1479
-6.94935164938495 0.1478
-6.94944566913968 0.1477
-6.94953024568357 0.1476
-6.94962110466332 0.1475
-6.94972725362345 0.1474
-6.94983138867114 0.1473
-6.94993697630642 0.1472
-6.95004101590021 0.1471
-6.95014950869585 0.147
-6.95026529797357 0.1469
-6.95038981807479 0.1468
-6.95051985145927 0.1467
-6.95063385542844 0.1466
-6.95076233276763 0.1465
-6.95087349248403 0.1464
-6.95098391197798 0.1463
-6.9510949367843 0.1462
-6.95121468128302 0.1461
-6.95132170102263 0.146
-6.95142322186321 0.1459
-6.95151982017045 0.1458
-6.95159134069445 0.1457
-6.95163455204077 0.1456
-6.95166611005047 0.1455
-6.95168461644386 0.1454
-6.9516920553763 0.1453
-6.95169476747942 0.1452
-6.95166009210005 0.1451
-6.95160908552905 0.145
-6.95153551819998 0.1449
-6.95145617283517 0.1448
-6.9513458609155 0.1447
-6.95123376212718 0.1446
-6.95111495340264 0.1445
-6.95099320222721 0.1444
-6.95086285833901 0.1443
-6.95075321432765 0.1442
-6.95064437286624 0.1441
-6.95052739358817 0.144
-6.95038974619892 0.1439
-6.95023320444885 0.1438
-6.95008548707707 0.1437
-6.949946100973 0.1436
-6.94982323850743 0.1435
-6.9497028560798 0.1434
-6.94960544049553 0.1433
-6.94953126215503 0.1432
-6.94949754061878 0.1431
-6.94948793044035 0.143
-6.94949328789309 0.1429
-6.94951519043558 0.1428
-6.94955517957336 0.1427
-6.9496129965867 0.1426
-6.94970034572994 0.1425
-6.94982458968908 0.1424
-6.9499733744186 0.1423
-6.95014114301547 0.1422
-6.95031425546165 0.1421
-6.95047247954245 0.142
-6.95063241193125 0.1419
-6.95078404992928 0.1418
-6.95092163236462 0.1417
-6.95105904720366 0.1416
-6.95119228222597 0.1415
-6.9513161699747 0.1414
-6.95140700230568 0.1413
-6.95149625409664 0.1412
-6.95156506635911 0.1411
-6.95162471996489 0.141
-6.95166473294562 0.1409
-6.95168041830466 0.1408
-6.9516794108536 0.1407
-6.95164318651316 0.1406
-6.95158660255536 0.1405
-6.95150811774318 0.1404
-6.95141730629246 0.1403
-6.95131221504339 0.1402
-6.95120057124053 0.1401
-6.95110042036358 0.14
-6.95101000500274 0.1399
-6.95089478246205 0.1398
-6.95077121836045 0.1397
-6.95064627573562 0.1396
-6.95053028181075 0.1395
-6.95041712466334 0.1394
-6.95029497561022 0.1393
-6.95016933982025 0.1392
-6.95003424353182 0.1391
-6.94990042109081 0.139
-6.94977050732558 0.1389
-6.94965595208474 0.1388
-6.94955067121036 0.1387
-6.94945499774951 0.1386
-6.94937249603925 0.1385
-6.94931110422009 0.1384
-6.94927214399591 0.1383
-6.9492449390475 0.1382
-6.94924138615113 0.1381
-6.94925787922906 0.138
-6.9492715287089 0.1379
-6.94928950040166 0.1378
-6.94932136380605 0.1377
-6.94937730075061 0.1376
-6.94943573646912 0.1375
-6.94950410974755 0.1374
-6.94958508257561 0.1373
-6.94967646004468 0.1372
-6.94976967928282 0.1371
-6.94985176183955 0.137
-6.94990560142617 0.1369
-6.94996453389813 0.1368
-6.95001083805044 0.1367
-6.95005263231831 0.1366
-6.95010036412322 0.1365
-6.95014682082232 0.1364
-6.95019718810162 0.1363
-6.95024049920153 0.1362
-6.95028864479233 0.1361
-6.95035063975079 0.136
-6.95041767464208 0.1359
-6.95049520242325 0.1358
-6.95056348626701 0.1357
-6.95063393043391 0.1356
-6.95070142649781 0.1355
-6.95076679458242 0.1354
-6.95082506763609 0.1353
-6.95090079779212 0.1352
-6.95097865772223 0.1351
-6.95104738239338 0.135
-6.95112633401183 0.1349
-6.95119454196998 0.1348
-6.95125767764557 0.1347
-6.9513203382715 0.1346
-6.95137005418793 0.1345
-6.95141192525185 0.1344
-6.95144605188141 0.1343
-6.95145951203903 0.1342
-6.95146110867215 0.1341
-6.95145485761521 0.134
-6.9514437967405 0.1339
-6.95142145888181 0.1338
-6.95137201950035 0.1337
-6.95132296974284 0.1336
-6.95127224517849 0.1335
-6.95118610931058 0.1334
-6.95108007984947 0.1333
-6.95097141339475 0.1332
-6.95085358805345 0.1331
-6.95072487330346 0.133
-6.95063195703614 0.1329
-6.95055048386212 0.1328
-6.95048297020621 0.1327
-6.95040693842668 0.1326
-6.95034471168567 0.1325
-6.95028493275543 0.1324
-6.95025127782163 0.1323
-6.95023257929182 0.1322
-6.95020946586084 0.1321
-6.95020222649171 0.132
-6.95019451575236 0.1319
-6.95020697534475 0.1318
-6.95022994775235 0.1317
-6.95027133800731 0.1316
-6.95031228803368 0.1315
-6.9503567449312 0.1314
-6.95040860200979 0.1313
-6.95046021212678 0.1312
-6.95052783477511 0.1311
-6.95059583211363 0.131
-6.95069322047239 0.1309
-6.95078632021385 0.1308
-6.95089223959761 0.1307
-6.9509757220207 0.1306
-6.95105065090465 0.1305
-6.95112911095788 0.1304
-6.95121721445576 0.1303
-6.95131212659395 0.1302
-6.95140364951259 0.1301
-6.95146163392282 0.13
-6.9515153058888 0.1299
-6.95155914547009 0.1298
-6.95160851239535 0.1297
-6.95165285235482 0.1296
-6.95170314033397 0.1295
-6.95172634475376 0.1294
-6.95172479767579 0.1293
-6.95171614126102 0.1292
-6.95169993989431 0.1291
-6.95168345691677 0.129
-6.95166481871082 0.1289
-6.95164446708283 0.1288
-6.95162305789348 0.1287
-6.95160519256187 0.1286
-6.95158587307763 0.1285
-6.95157677031187 0.1284
-6.95158473394307 0.1283
-6.95157686448549 0.1282
-6.95157050783526 0.1281
-6.95157759713327 0.128
-6.95158509426266 0.1279
-6.95160460303922 0.1278
-6.95163380433559 0.1277
-6.95165957106936 0.1276
-6.95167540807882 0.1275
-6.95169812363242 0.1274
-6.95173304635854 0.1273
-6.9517620926911 0.1272
-6.95181408920083 0.1271
-6.95190020123828 0.127
-6.9520051438343 0.1269
-6.95212600200662 0.1268
-6.95225646020711 0.1267
-6.95239110039124 0.1266
-6.95252836601898 0.1265
-6.95265384772894 0.1264
-6.95278007977118 0.1263
-6.95289627014477 0.1262
-6.95297867325627 0.1261
-6.95305007876087 0.126
-6.9530910069677 0.1259
-6.95310405086494 0.1258
-6.95309362586644 0.1257
-6.95306701305249 0.1256
-6.95302800618568 0.1255
-6.95297237233074 0.1254
-6.95289345341727 0.1253
-6.9528120893918 0.1252
-6.95271958190455 0.1251
-6.95263268840887 0.125
-6.95254856658277 0.1249
-6.95246481672252 0.1248
-6.95238051496274 0.1247
-6.95230391322156 0.1246
-6.95224217783997 0.1245
-6.95218556690743 0.1244
-6.95215192614793 0.1243
-6.9521205523469 0.1242
-6.9521113669693 0.1241
-6.95211482258833 0.124
-6.95212178784595 0.1239
-6.95213559899995 0.1238
-6.95215182168376 0.1237
-6.95215292315747 0.1236
-6.9521539389916 0.1235
-6.95216477971183 0.1234
-6.95216128124858 0.1233
-6.95215247928678 0.1232
-6.95214056543445 0.1231
-6.95212022559889 0.123
-6.95208781504578 0.1229
-6.95207346769476 0.1228
-6.95204974157657 0.1227
-6.95203279892483 0.1226
-6.95202454645917 0.1225
-6.95200072341094 0.1224
-6.95196217770432 0.1223
-6.95192418179299 0.1222
-6.95186593762665 0.1221
-6.95180645584507 0.122
-6.95175143112167 0.1219
-6.95169289239198 0.1218
-6.95163306352259 0.1217
-6.95157802967842 0.1216
-6.9515230972651 0.1215
-6.95146764587803 0.1214
-6.95140524304065 0.1213
-6.95133963246164 0.1212
-6.95126407526003 0.1211
-6.95118832891541 0.121
-6.95111994869779 0.1209
-6.95105657350091 0.1208
-6.95098845913045 0.1207
-6.95094531515767 0.1206
-6.95090549991597 0.1205
-6.95088649792463 0.1204
-6.95087499867249 0.1203
-6.95087150168305 0.1202
-6.95088012111438 0.1201
-6.95088726107242 0.12
-6.95088956641946 0.1199
-6.95089642039825 0.1198
-6.95089092465134 0.1197
-6.95088092596254 0.1196
-6.95086823266846 0.1195
-6.95084920895315 0.1194
-6.95081999074445 0.1193
-6.9507761078001 0.1192
-6.95072868512575 0.1191
-6.9506845254727 0.119
-6.95063180961766 0.1189
-6.9505766546407 0.1188
-6.95048312978019 0.1187
-6.9503919506729 0.1186
-6.95030380643983 0.1185
-6.95022219596925 0.1184
-6.95013613504464 0.1183
-6.95005396332844 0.1182
-6.94996139237125 0.1181
-6.94987030116122 0.118
-6.94978369665999 0.1179
-6.94971118509013 0.1178
-6.9496361085248 0.1177
-6.94955688405789 0.1176
-6.94946901220721 0.1175
-6.94940150849133 0.1174
-6.94933971406661 0.1173
-6.9492556602778 0.1172
-6.94917728600233 0.1171
-6.94912051576919 0.117
-6.94906147646694 0.1169
-6.94899269637691 0.1168
-6.94893513876801 0.1167
-6.94889668775713 0.1166
-6.94885134050923 0.1165
-6.9488222717469 0.1164
-6.94882627630946 0.1163
-6.94884682268526 0.1162
-6.94887997591161 0.1161
-6.94893240334895 0.116
-6.94899123929719 0.1159
-6.94905909691126 0.1158
-6.94911892007494 0.1157
-6.94918229805589 0.1156
-6.94926210512546 0.1155
-6.94932667353519 0.1154
-6.94939577747349 0.1153
-6.94947360398258 0.1152
-6.9495693747668 0.1151
-6.94965961996548 0.115
-6.94974065545127 0.1149
-6.94982943571515 0.1148
-6.94991964608175 0.1147
-6.95000634930365 0.1146
-6.95006950631514 0.1145
-6.95012458806591 0.1144
-6.95017400449119 0.1143
-6.95021108570446 0.1142
-6.95024357485655 0.1141
-6.95026519168679 0.114
-6.95027469175181 0.1139
-6.95025512394391 0.1138
-6.95022946235378 0.1137
-6.95018973169259 0.1136
-6.95014813703309 0.1135
-6.95010113331078 0.1134
-6.95004440073445 0.1133
-6.94997201904197 0.1132
-6.94990418400884 0.1131
-6.94983568726543 0.113
-6.94976648250903 0.1129
-6.94969450059117 0.1128
-6.94963370983873 0.1127
-6.94956764457072 0.1126
-6.94951402644534 0.1125
-6.94948866614357 0.1124
-6.94947818048862 0.1123
-6.94948884321405 0.1122
-6.94949951168499 0.1121
-6.94952940819354 0.112
-6.94958078577488 0.1119
-6.94965662612684 0.1118
-6.94973990664886 0.1117
-6.94982407779935 0.1116
-6.94992937083616 0.1115
-6.95004399308296 0.1114
-6.95016300948946 0.1113
-6.95027827703499 0.1112
-6.95039708350957 0.1111
-6.95051125436538 0.111
-6.95061874031797 0.1109
-6.95072599365589 0.1108
-6.95083825899396 0.1107
-6.95093793796727 0.1106
-6.95102970064253 0.1105
-6.95109883193259 0.1104
-6.95113954023349 0.1103
-6.95117583521489 0.1102
-6.95118424252677 0.1101
-6.95119399277334 0.11
-6.95119991872346 0.1099
-6.95121458256226 0.1098
-6.95123798941577 0.1097
-6.95124956754432 0.1096
-6.95126819040573 0.1095
-6.95128397338598 0.1094
-6.95128746824891 0.1093
-6.95126094370462 0.1092
-6.95123492027087 0.1091
-6.95120884365602 0.109
-6.9511990270906 0.1089
-6.95118668816867 0.1088
-6.95117694062769 0.1087
-6.95117168843836 0.1086
-6.95116305380481 0.1085
-6.95116167190378 0.1084
-6.95117380771507 0.1083
-6.95118105595078 0.1082
-6.95118816946206 0.1081
-6.95118574434527 0.108
-6.95118017707646 0.1079
-6.95117321921202 0.1078
-6.95116326543978 0.1077
-6.95115253671707 0.1076
-6.95112362770623 0.1075
-6.95109573181395 0.1074
-6.95107843085175 0.1073
-6.9510626184507 0.1072
-6.95103958171253 0.1071
-6.9510377145942 0.107
-6.95104196339468 0.1069
-6.95105840150843 0.1068
-6.95107130752146 0.1067
-6.95107099814276 0.1066
-6.95105770867006 0.1065
-6.95104591230714 0.1064
-6.951043776733 0.1063
-6.95105016066461 0.1062
-6.9510386150403 0.1061
-6.95103708178187 0.106
-6.95102142515983 0.1059
-6.95100387372068 0.1058
-6.95100779276432 0.1057
-6.95100857608568 0.1056
-6.95101593135753 0.1055
-6.95101401553156 0.1054
-6.95101964227325 0.1053
-6.95103452783901 0.1052
-6.95103760709007 0.1051
-6.95103190543822 0.105
-6.9510305392059 0.1049
-6.95103064141534 0.1048
-6.95103920981837 0.1047
-6.9510384228852 0.1046
-6.95104668463811 0.1045
-6.95106683162394 0.1044
-6.9510884131784 0.1043
-6.95112584223208 0.1042
-6.9511650126372 0.1041
-6.95121784868478 0.104
-6.95127569055399 0.1039
-6.95133123741926 0.1038
-6.95138364431858 0.1037
-6.95143925773147 0.1036
-6.95150984400496 0.1035
-6.95158717258684 0.1034
-6.95166609982588 0.1033
-6.95174178339941 0.1032
-6.95180968114949 0.1031
-6.95187692319432 0.103
-6.95194151220695 0.1029
-6.95199501858062 0.1028
-6.9520273122057 0.1027
-6.95205076788836 0.1026
-6.95206816568356 0.1025
-6.95208011001415 0.1024
-6.95209551188725 0.1023
-6.95210161312789 0.1022
-6.95210257654537 0.1021
-6.95209918143475 0.102
-6.95208743639117 0.1019
-6.95208359152325 0.1018
-6.95207925803139 0.1017
-6.95206882288983 0.1016
-6.95205412631367 0.1015
-6.9520391259123 0.1014
-6.9520224855584 0.1013
-6.95203023152024 0.1012
-6.95205102904353 0.1011
-6.95207528214187 0.101
-6.95209350691773 0.1009
-6.95212121179691 0.1008
-6.95214832354761 0.1007
-6.95219653756855 0.1006
-6.95224929601479 0.1005
-6.95229964627833 0.1004
-6.95234785346741 0.1003
-6.95239524039564 0.1002
-6.95242700635943 0.1001
-6.95247321566981 0.1
-6.95249165326323 0.0999
-6.95250626592331 0.0998
-6.95250472332822 0.0997
-6.95248772835104 0.0996
-6.95245046627312 0.0995
-6.95240961971515 0.0994
-6.95238299198076 0.0993000000000001
-6.95232941329505 0.0992
-6.95227903175185 0.0991
-6.95223169549514 0.099
-6.95216926595039 0.0989
-6.9520953873242 0.0988
-6.95202545424025 0.0987
-6.9519521515163 0.0986
-6.95187977644587 0.0985
-6.95179091335651 0.0984
-6.95170850470131 0.0983000000000001
-6.95163146741974 0.0982
-6.95156630550858 0.0981
-6.95149513660008 0.098
-6.95142005320707 0.0979
-6.95136521141273 0.0978
-6.95131685281582 0.0977
-6.95128366898328 0.0976
-6.95124374627324 0.0975
-6.95122939201208 0.0974
-6.95121613423615 0.0973000000000001
-6.95120344747573 0.0972
-6.95119528516623 0.0971
-6.95120367847716 0.097
-6.95122079845448 0.0969
-6.9512547554051 0.0968
-6.95128362498935 0.0967
-6.95131373395103 0.0966
-6.95133993953928 0.0965
-6.95134886157494 0.0964
-6.95133895367928 0.0963000000000001
-6.95131171265842 0.0962
-6.95129043683524 0.0961
-6.95127569195588 0.096
-6.95125087387123 0.0959
-6.95122134909158 0.0958
-6.95119668232621 0.0957
-6.95116039100995 0.0956
-6.95110396632042 0.0955
-6.95104783012214 0.0954
-6.95099770321829 0.0953000000000001
-6.95094850010042 0.0952
-6.95089656920168 0.0951
-6.95086240134933 0.095
-6.95083472979991 0.0949
-6.95080486130605 0.0948
-6.95077911769925 0.0947
-6.95074931781038 0.0946
-6.95073208546577 0.0945
-6.95072586207678 0.0944
-6.95073284668706 0.0943000000000001
-6.95075620245624 0.0942
-6.95076840735564 0.0941
-6.95080791795247 0.094
-6.95085755750748 0.0939
-6.95090873805037 0.0938
-6.95097821792907 0.0937
-6.9510567186798 0.0936
-6.95116169180646 0.0935
-6.95128616196897 0.0934
-6.95142718061986 0.0933
-6.95157417917537 0.0931999999999999
-6.95172253977243 0.0931
-6.95188462710801 0.093
-6.95205676804321 0.0929
-6.95223516294338 0.0928
-6.95239974628076 0.0927
-6.9525470459264 0.0926
-6.95268827703349 0.0925
-6.95283740862541 0.0924
-6.95296539899234 0.0923
-6.95307840242863 0.0921999999999999
-6.95315558675532 0.0921
-6.95320859575832 0.092
-6.95325012473514 0.0919
-6.95327865325916 0.0918
-6.95330693618465 0.0917
-6.9533257252534 0.0916
-6.9533128971343 0.0915
-6.95329773377524 0.0914
-6.95326965202192 0.0913
-6.95322900433314 0.0911999999999999
-6.95318263346238 0.0911
-6.95311596109603 0.091
-6.95305844888186 0.0909
-6.95300504923103 0.0908
-6.95298596175275 0.0907
-6.95298059690814 0.0906
-6.95298111682053 0.0905
-6.95298465693055 0.0904
-6.95299728808594 0.0903
-6.9530219329959 0.0901999999999999
-6.95305040639039 0.0901
-6.95309455807715 0.09
-6.95315888829863 0.0899
-6.95323989413177 0.0898
-6.95333712915697 0.0897
-6.95345461590316 0.0896
-6.95358384920624 0.0895
-6.95373660539037 0.0894
-6.95388556553777 0.0893
-6.95404476020045 0.0891999999999999
-6.95420708214115 0.0891
-6.95437729718718 0.089
-6.95457182354994 0.0889
-6.95475131768022 0.0888
-6.95491149119959 0.0887
-6.9550476454299 0.0886
-6.95517159321655 0.0885
-6.95527781503599 0.0884
-6.95536216149235 0.0883
-6.95543449153797 0.0881999999999999
-6.9554971673839 0.0881
-6.95555184263756 0.088
-6.95559281547499 0.0879
-6.95562792169643 0.0878
-6.9556453819159 0.0877
-6.95565928345434 0.0876
-6.95565083179743 0.0875
-6.95565185907548 0.0874
-6.95564995320992 0.0873
-6.95563483415457 0.0872000000000001
-6.95563191113853 0.0871
-6.9556407152754 0.087
-6.95567077528545 0.0869
-6.95569643900299 0.0868
-6.95573065993935 0.0867
-6.95577199736121 0.0866
-6.95579442788671 0.0865
-6.95582643230852 0.0864
-6.95584263111758 0.0863
-6.95585850049644 0.0862000000000001
-6.95588233465708 0.0861
-6.95589199971 0.086
-6.95589345017696 0.0859
-6.95585834580771 0.0858
-6.95581307753362 0.0857
-6.95574527708458 0.0856
-6.95566088805027 0.0855
-6.95556961297449 0.0854
-6.9554763880321 0.0853
-6.95536627558796 0.0852000000000001
-6.95524615302984 0.0851
-6.95510939601524 0.085
-6.95496469116706 0.0849
-6.95482074858283 0.0848
-6.95467077972268 0.0847
-6.9545241701962 0.0846
-6.95439795844806 0.0845
-6.95426940412 0.0844
-6.95412450601742 0.0843
-6.95397497891766 0.0842000000000001
-6.95383470872966 0.0841
-6.95370430087813 0.084
-6.95355956677964 0.0839
-6.95341552850598 0.0838
-6.95327904105079 0.0837
-6.95315972715919 0.0836
-6.95305964219831 0.0835
-6.95295724422568 0.0834
-6.95287363909743 0.0833
-6.95279597345233 0.0832000000000001
-6.95271723187373 0.0831
-6.95265370646537 0.083
-6.95260530419767 0.0829
-6.95256734403038 0.0828
-6.952534490001 0.0827
-6.9525153723303 0.0826
-6.95249777217443 0.0825
-6.95248194471391 0.0824
-6.95246638083273 0.0823
-6.95244526321403 0.0822000000000001
-6.95242192908017 0.0821
-6.95240609010786 0.082
-6.95238437921714 0.0819
-6.95236320146152 0.0818
-6.95234551316636 0.0817
-6.95233610131804 0.0816
-6.95232450917445 0.0815
-6.9523198349653 0.0814
-6.95230685487986 0.0813
-6.95228838637964 0.0812
-6.95227217970402 0.0810999999999999
-6.9522669605932 0.081
-6.95226173592149 0.0809
-6.95228083849503 0.0808
-6.95230266258919 0.0807
-6.9523449292864 0.0806
-6.95239356572001 0.0805
-6.95243523089899 0.0804
-6.9524870532753 0.0803
-6.95254703941654 0.0802
-6.9526034983634 0.0800999999999999
-6.9526605349524 0.08
-6.9527402978925 0.0799
-6.95280391335377 0.0798
-6.95286555600494 0.0797
-6.95292378824112 0.0796
-6.95298806967295 0.0795
-6.95305724678537 0.0794
-6.95312609927211 0.0793
-6.95320432885452 0.0792
-6.95328539498695 0.0790999999999999
-6.95336796426358 0.079
-6.95345888109855 0.0789
-6.95353376935372 0.0788
-6.95360849170444 0.0787
-6.95366832173036 0.0786
-6.95372444980957 0.0785
-6.95375969987002 0.0784
-6.95378652816189 0.0783
-6.95380685765396 0.0782
-6.95381310789579 0.0780999999999999
-6.95382018212675 0.078
-6.95381313261034 0.0779
-6.95379620349394 0.0778
-6.95376781359939 0.0777
-6.95374457705451 0.0776
-6.95373507756458 0.0775
-6.95372729927924 0.0774
-6.95372039270005 0.0773
-6.95374479850031 0.0772
-6.9537622085987 0.0770999999999999
-6.95377540357742 0.077
-6.95379572913333 0.0769
-6.95381019733083 0.0768
-6.95384469961344 0.0767
-6.95389260848577 0.0766
-6.95394301296124 0.0765
-6.95399017182801 0.0764
-6.95403893364159 0.0763
-6.95409487149012 0.0762
-6.95415182854364 0.0760999999999999
-6.9541944325937 0.076
-6.95422096817014 0.0759
-6.9542305407442 0.0758
-6.95425767021162 0.0757
-6.9542832706367 0.0756
-6.9542976568222 0.0755
-6.95429352577656 0.0754
-6.95430430586812 0.0753
-6.95431942516586 0.0752
-6.95433910802458 0.0750999999999999
-6.95435514204714 0.075
-6.95436046602739 0.0749
-6.95434820431763 0.0748
-6.95434068029779 0.0747
-6.95435247570722 0.0746
-6.95436351560053 0.0745
-6.95436277450885 0.0744
-6.95435811791083 0.0743
-6.95433740234089 0.0742
-6.95430920141858 0.0741000000000001
-6.95427143157687 0.074
-6.95423249780562 0.0739
-6.95419609243331 0.0738
-6.95415411014644 0.0737
-6.95413661164509 0.0736
-6.95412716809502 0.0735
-6.95412102441089 0.0734
-6.95412383725941 0.0733
-6.95414064619352 0.0732
-6.95415366796355 0.0731000000000001
-6.95416848105302 0.073
-6.95417773501728 0.0729
-6.95419690338596 0.0728
-6.95422141257322 0.0727
-6.95425008404176 0.0726
-6.9542734038834 0.0725
-6.95428896553183 0.0724
-6.95429489347698 0.0723
-6.95429799888017 0.0722
-6.95428695637757 0.0721000000000001
-6.95427177875103 0.072
-6.95424092639687 0.0719
-6.95421072609883 0.0718
-6.95416993060349 0.0717
-6.95412846791511 0.0716
-6.95408776205255 0.0715
-6.95405280180151 0.0714
-6.95400146718931 0.0713
-6.9539514792806 0.0712
-6.95390601069135 0.0711000000000001
-6.95386536920363 0.071
-6.95384455601135 0.0709
-6.95383261754031 0.0708
-6.95383476459671 0.0707
-6.95385703336964 0.0706
-6.953891725924 0.0705
-6.95394286504801 0.0704
-6.9540035487322 0.0703
-6.9540658421094 0.0702
-6.9541079840528 0.0701000000000001
-6.95415325346523 0.07
-6.95420268887074 0.0699
-6.95424726179274 0.0698
-6.95428309287012 0.0697
-6.95432806207907 0.0696
-6.95437454722252 0.0695
-6.95441478605736 0.0694
-6.95443830269358 0.0693
-6.95445680253169 0.0692
-6.95448591629629 0.0691000000000001
-6.95450963349937 0.069
-6.9545236761534 0.0689
-6.95453774496823 0.0688
-6.95455413226794 0.0687
-6.95457192772467 0.0686
-6.95459628028481 0.0685
-6.95462731930936 0.0684
-6.95464310445222 0.0683
-6.95467176113212 0.0682
-6.95469455345028 0.0681
-6.95473070729342 0.0679999999999999
-6.9547759237945 0.0679
-6.95485835209505 0.0678
-6.95495940291681 0.0677
-6.95507684714439 0.0676
-6.95519301944571 0.0675
-6.95532848396767 0.0674
-6.95546161169334 0.0673
-6.9556136829775 0.0672
-6.95575033893516 0.0671
-6.95587027473707 0.0669999999999999
-6.95597267343812 0.0669
-6.95608168874191 0.0668
-6.95619504764522 0.0667
-6.95629772677687 0.0666
-6.95637959160556 0.0665
-6.95645069207029 0.0664
-6.95651492802299 0.0663
-6.95657298053106 0.0662
-6.95662177664967 0.0661
-6.9566797277622 0.0659999999999999
-6.95673741433294 0.0659
-6.95678689405597 0.0658
-6.95682409216534 0.0657
-6.95684822764814 0.0656
-6.95687993430259 0.0655
-6.95688096444172 0.0654
-6.95688867632153 0.0653
-6.95689228147933 0.0652
-6.95689053734251 0.0651
-6.95688759030275 0.0649999999999999
-6.95688337141258 0.0649
-6.95688788035066 0.0648
-6.95687326284506 0.0647
-6.95684413852637 0.0646
-6.95681019451261 0.0645
-6.95678548536102 0.0644
-6.95674493229063 0.0643
-6.95669479678126 0.0642
-6.95664380375272 0.0641
-6.9565995518065 0.0639999999999999
-6.95655261778736 0.0639
-6.95650266643045 0.0638
-6.95646207332816 0.0637
-6.95643912562741 0.0636
-6.95642269605407 0.0635
-6.95640087308666 0.0634
-6.95637638407898 0.0633
-6.95634888494863 0.0632
-6.95632784471317 0.0631
-6.95630269810775 0.0629999999999999
-6.95626275357359 0.0629
-6.95623029607851 0.0628
-6.95621136641977 0.0627
-6.95621239863593 0.0626
-6.9562240711393 0.0625
-6.95624090438911 0.0624
-6.95625770000276 0.0623
-6.95627101966427 0.0622
-6.95630305374501 0.0621
-6.95634052850136 0.0620000000000001
-6.95638023590953 0.0619
-6.95641681922787 0.0618
-6.95645569294007 0.0617
-6.95651249524058 0.0616
-6.95658430846121 0.0615
-6.95665431638446 0.0614
-6.9567320273864 0.0613
-6.95681294567538 0.0612
-6.9568790701357 0.0611
-6.95693086153634 0.0610000000000001
-6.95697930892522 0.0609
-6.95701933328305 0.0608
-6.95706923724628 0.0607
-6.95712442155249 0.0606
-6.95718278387305 0.0605
-6.95722503885942 0.0604
-6.95726180164241 0.0603
-6.95729798627889 0.0602
-6.95735077458222 0.0601
-6.95740876050325 0.0600000000000001
-6.95745456479501 0.0599
-6.95749544987462 0.0598
-6.95753648719526 0.0597
-6.95756805296891 0.0596
-6.95762602257193 0.0595
-6.95769409164608 0.0594
-6.95776420577432 0.0593
-6.95785829189915 0.0592
-6.95794601890524 0.0591
-6.95804162634476 0.0590000000000001
-6.95813077641643 0.0589
-6.95822461571893 0.0588
-6.95831907662648 0.0587
-6.95839942790929 0.0586
-6.95848114412385 0.0585
-6.95854378964862 0.0584
-6.95860967009336 0.0583
-6.95866356300403 0.0582
-6.95870692761902 0.0581
-6.95874141000259 0.0580000000000001
-6.95877435662138 0.0579
-6.95879972267601 0.0578
-6.95882405307689 0.0577
-6.95884675422989 0.0576
-6.95885204453339 0.0575
-6.95884037838784 0.0574
-6.95880748804732 0.0573
-6.95873607443245 0.0572
-6.95863803667047 0.0571
-6.95853260421877 0.0570000000000001
-6.95842924983167 0.0569
-6.95830247532715 0.0568
-6.95817766285152 0.0567
-6.95804158124966 0.0566
-6.95790593304733 0.0565
-6.95777991421507 0.0564
-6.95767357351796 0.0563
-6.95759818364423 0.0562
-6.95753490462055 0.0561
-6.95748456686357 0.056
-6.95747303831186 0.0558999999999999
-6.95747024778049 0.0558
-6.95747705047266 0.0557
-6.95749537181458 0.0556
-6.95753795035509 0.0555
-6.95759406016355 0.0554
-6.95765387977244 0.0553
-6.95771985361652 0.0552
-6.95780036786186 0.0551
-6.95788497272728 0.055
-6.95795406405841 0.0548999999999999
-6.95802402011895 0.0548
-6.95809069097991 0.0547
-6.958140033891 0.0546
-6.95817838520043 0.0545
-6.95820672019354 0.0544
-6.95823924885734 0.0543
-6.95824129879639 0.0542
-6.95823084811689 0.0541
-6.95820462761391 0.054
-6.95814561442502 0.0538999999999999
-6.95806333894538 0.0538
-6.95797283117897 0.0537
-6.95786970173741 0.0536
-6.95775288558793 0.0535
-6.95762298702263 0.0534
-6.95746976086201 0.0533
-6.95731549624325 0.0532
-6.95714708035349 0.0531
-6.9569803639409 0.053
-6.95681183264466 0.0528999999999999
-6.95665367183966 0.0528
-6.9564964756748 0.0527
-6.95633740052624 0.0526
-6.95617840705875 0.0525
-6.95603235578042 0.0524
-6.95589796053214 0.0523
-6.95577451252253 0.0522
-6.95566382413289 0.0521
-6.95559522564246 0.052
-6.95554890369432 0.0518999999999999
-6.95551181772636 0.0518
-6.9554754027274 0.0517
-6.95545217616564 0.0516
-6.95543335241645 0.0515
-6.95542489571004 0.0514
-6.95542560541903 0.0513
-6.95543991290297 0.0512
-6.95545386183207 0.0511
-6.95546912007035 0.051
-6.95549555746699 0.0508999999999999
-6.95551033415508 0.0508
-6.95551602475859 0.0507
-6.95550792673086 0.0506
-6.95548209854355 0.0505
-6.9554489554099 0.0504
-6.95543006934103 0.0503
-6.95540480559872 0.0502
-6.95538533951498 0.0501
-6.95536630788622 0.05
-6.95534362300153 0.0499000000000001
-6.95532002418882 0.0498
-6.95529515329608 0.0497
-6.95526034248686 0.0496
-6.95523674914004 0.0495
-6.95520840294145 0.0494
-6.95518201039035 0.0493
-6.9551577504005 0.0492
-6.95512070323852 0.0491
-6.95507978103372 0.049
-6.95504074417332 0.0489000000000001
-6.95500225833404 0.0488
-6.9549607431654 0.0487
-6.95490976903316 0.0486
-6.95486266638664 0.0485
-6.95482087770364 0.0484
-6.95479227279573 0.0483
-6.95478306485955 0.0482
-6.95478775491867 0.0481
-6.95480804236141 0.048
-6.95484931527847 0.0479000000000001
-6.9548934624844 0.0478
-6.95495913940606 0.0477
-6.95503555676184 0.0476
-6.95512473098895 0.0475
-6.95521945587348 0.0474
-6.95532706941328 0.0473
-6.95542910268705 0.0472
-6.95552107655394 0.0471
-6.95561457135387 0.047
-6.955684582963 0.0469000000000001
-6.95574321469498 0.0468
-6.95577697916671 0.0467
-6.95580970260926 0.0466
-6.95584026052555 0.0465
-6.95585441289665 0.0464
-6.95586945591744 0.0463
-6.95588023705646 0.0462
-6.95588324018292 0.0461
-6.9558699313183 0.046
-6.95584348002195 0.0459000000000001
-6.95580705028652 0.0458
-6.9557641384538 0.0457
-6.9557178195 0.0456
-6.9556733124957 0.0455
-6.95563036950273 0.0454
-6.95559762452513 0.0453
-6.9555556384202 0.0452
-6.95553417224179 0.0451
-6.95551324876364 0.045
-6.95549675236366 0.0449000000000001
-6.95547561210656 0.0448
-6.95545843182809 0.0447
-6.95543165276901 0.0446
-6.95542168675924 0.0445
-6.95542297560869 0.0444
-6.95543277641893 0.0443
-6.95544360502748 0.0442
-6.95545588651919 0.0441
-6.95547894929354 0.044
-6.95552896037049 0.0439000000000001
-6.95559708108807 0.0438
-6.95566099328903 0.0437
-6.95571578931728 0.0436
-6.95577659353572 0.0435
-6.95585053648283 0.0434
-6.95593717324639 0.0433
-6.95603245563489 0.0432
-6.95613492272261 0.0431
-6.95624576650483 0.043
-6.956372081411 0.0429
-6.95650586955896 0.0427999999999999
-6.95663626312304 0.0427
-6.95676408376799 0.0426
-6.95687942448887 0.0425
-6.95699348356882 0.0424
-6.95709834041204 0.0423
-6.95721357370859 0.0422
-6.95732205867872 0.0421
-6.95742447501928 0.042
-6.95752280690171 0.0419
-6.95760575361773 0.0417999999999999
-6.95769515162027 0.0417
-6.9577589793199 0.0416
-6.95782416404314 0.0415
-6.95789181380058 0.0414
-6.95794413875943 0.0413
-6.95799566580935 0.0412
-6.95804867426312 0.0411
-6.95808293488329 0.041
-6.95811298739215 0.0409
-6.95814434979482 0.0407999999999999
-6.95816971098988 0.0407
-6.95817004277377 0.0406
-6.95817751530193 0.0405
-6.95817665171803 0.0404
-6.9581689342603 0.0403
-6.9581566076405 0.0402
-6.95813822108129 0.0401
-6.95811012440288 0.04
-6.9580830218619 0.0399
-6.9580534402805 0.0397999999999999
-6.95803118670784 0.0397
-6.9580252627212 0.0396
-6.95802058912036 0.0395
-6.95800722308566 0.0394
-6.95801069655281 0.0393
-6.95802299206804 0.0392
-6.95804605549805 0.0391
-6.95807518206917 0.039
-6.95811413065731 0.0389
-6.95815059127642 0.0387999999999999
-6.95820013067572 0.0387
-6.95825262125999 0.0386
-6.95831082666387 0.0385
-6.95838796067696 0.0384
-6.95847979574607 0.0383
-6.95857903235252 0.0382
-6.95867540154493 0.0381
-6.95877673410963 0.038
-6.95888107822945 0.0379
-6.95897484921146 0.0377999999999999
-6.95908492749804 0.0377
-6.95920582327817 0.0376
-6.95931964480572 0.0375
-6.95942013441333 0.0374
-6.95951612869976 0.0373
-6.95960884319204 0.0372
-6.95967214440072 0.0371
-6.95970479412833 0.037
-6.95972391716342 0.0369
-6.95972920245849 0.0368000000000001
-6.95972149870057 0.0367
-6.95970892202957 0.0366
-6.95968870036921 0.0365
-6.95964612244248 0.0364
-6.959601473128 0.0363
-6.95956631299579 0.0362
-6.95952072126992 0.0361
-6.95945950103765 0.036
-6.9593802418104 0.0359
-6.95929254299225 0.0358000000000001
-6.95919350925446 0.0357
-6.9591102532248 0.0356
-6.95903148138673 0.0355
-6.95896231324861 0.0354
-6.9588868361374 0.0353
-6.95880121310588 0.0352
-6.95871644133612 0.0351
-6.9586471599154 0.035
-6.9585654995688 0.0349
-6.95850113142796 0.0348000000000001
-6.95843553002911 0.0347
-6.95835948676373 0.0346
-6.95828887987424 0.0345
-6.95821697887579 0.0344
-6.95814999702277 0.0343
-6.95806948010916 0.0342
-6.95799765566973 0.0341
-6.95793414816328 0.034
-6.95787887548715 0.0339
-6.95781572251081 0.0338000000000001
-6.95775283995931 0.0337
-6.95769634749413 0.0336
-6.95764573121108 0.0335
-6.95759391238881 0.0334
-6.95754820172533 0.0333
-6.95750445510586 0.0332
-6.95747153770148 0.0331
-6.95743256040015 0.033
-6.95740070953042 0.0329
-6.95738023011013 0.0328000000000001
-6.95737770392191 0.0327
-6.95738379371422 0.0326
-6.95739190236568 0.0325
-6.9573954553221 0.0324
-6.95740049020778 0.0323
-6.95740079345226 0.0322
-6.95739053813053 0.0321
-6.95738324776808 0.032
-6.95737277283317 0.0319
-6.95735682877934 0.0318000000000001
-6.95733566368599 0.0317
-6.95732849540886 0.0316
-6.95734566344466 0.0315
-6.95736958963469 0.0314
-6.9574183702328 0.0313
-6.95747415461998 0.0312
-6.95754332551468 0.0311
-6.95763122226412 0.031
-6.95773544704914 0.0309
-6.95784441838327 0.0308
-6.95795235080887 0.0306999999999999
-6.9580854763122 0.0306
-6.95821891222663 0.0305
-6.95835554535067 0.0304
-6.95848976919335 0.0303
-6.95861580357561 0.0302
-6.95872995367029 0.0301
-6.95882370088947 0.03
-6.95891883170421 0.0299
-6.95900177387154 0.0298
-6.95907299415578 0.0296999999999999
-6.95914224874747 0.0296
-6.95921433957329 0.0295
-6.95926350160492 0.0294
-6.95929271062555 0.0293
-6.95932753855245 0.0292
-6.95933712653394 0.0291
-6.95935854211545 0.029
-6.95936187334677 0.0289
-6.95935643122367 0.0288
-6.9593537616356 0.0286999999999999
-6.95937179751589 0.0286
-6.9594053585853 0.0285
-6.95943406607232 0.0284
-6.95948590988616 0.0283
-6.95954508736378 0.0282
-6.95962029706127 0.0281
-6.95969068740092 0.028
-6.95979540994193 0.0279
-6.95992330603256 0.0278
-6.96006486287375 0.0276999999999999
-6.96022646162998 0.0276
-6.96038783610435 0.0275
-6.96056459353372 0.0274
-6.9607433576966 0.0273
-6.96090439758793 0.0272
-6.96105771590316 0.0271
-6.96119689159273 0.027
-6.96132452206853 0.0269
-6.96144246362767 0.0268
-6.96154054751268 0.0266999999999999
-6.9616009055343 0.0266
-6.9616514191895 0.0265
-6.96168426318646 0.0264
-6.96168989356942 0.0263
-6.96167974957748 0.0262
-6.96166546737446 0.0261
-6.96165257858199 0.026
-6.96162023988252 0.0259
-6.96156322888972 0.0258
-6.96150205881695 0.0256999999999999
-6.96144458719351 0.0256
-6.96138166885773 0.0255
-6.96130810091159 0.0254
-6.96120853381349 0.0253
-6.96110151055845 0.0252
-6.9609847984867 0.0251
-6.96086166995115 0.025
-6.96074304608242 0.0249
-6.96061961421996 0.0248
-6.96051595660539 0.0247000000000001
-6.96043155674375 0.0246
-6.96036542775957 0.0245
-6.96032296375781 0.0244
-6.96030518805231 0.0243
-6.96029224905331 0.0242
-6.96027739574484 0.0241
-6.96027030016192 0.024
-6.96026010820265 0.0239
-6.96026310005414 0.0238
-6.96026427509742 0.0237000000000001
-6.96027369568681 0.0236
-6.96026712911538 0.0235
-6.96026289902735 0.0234
-6.96026545051261 0.0233
-6.9602850640262 0.0232
-6.96030870142676 0.0231
-6.96032700152121 0.023
-6.96035294889253 0.0229
-6.96035532912812 0.0228
-6.96035555636629 0.0227000000000001
-6.96035754212735 0.0226
-6.96036353554694 0.0225
-6.96036788009558 0.0224
-6.9603604314136 0.0223
-6.96035524012034 0.0222
-6.96034328237651 0.0221
-6.96031740910779 0.022
-6.96029671301669 0.0219
-6.96028041653703 0.0218
-6.96026730336679 0.0217000000000001
-6.96026150968611 0.0216
-6.96025836467051 0.0215
-6.96027194781524 0.0214
-6.96029631815205 0.0213
-6.96033787462332 0.0212
-6.960381912052 0.0211
-6.96043843883071 0.021
-6.96049957943769 0.0209
-6.96057150786085 0.0208
-6.96065384232692 0.0207000000000001
-6.96073705596613 0.0206
-6.96082867999661 0.0205
-6.96094233950157 0.0204
-6.96105374734139 0.0203
-6.96116599043976 0.0202
-6.9612625846721 0.0201
-6.96134462679758 0.02
-6.96141932717322 0.0199
-6.96149023066215 0.0198
-6.9615459586069 0.0197000000000001
-6.96158836010565 0.0196
-6.9616204078456 0.0195
-6.96165824171793 0.0194
-6.96168309587057 0.0193
-6.96171179442873 0.0192
-6.96172041750623 0.0191
-6.96171904046171 0.019
-6.96173062328836 0.0189
-6.96174524316937 0.0188
-6.96175465996643 0.0187
-6.96175728223746 0.0185999999999999
-6.96176751319445 0.0185
-6.96177978008949 0.0184
-6.96180470110301 0.0183
-6.96183478032197 0.0182
-6.96188072296895 0.0181
-6.96193627312778 0.018
-6.96199108582447 0.0179
-6.96205684610504 0.0178
-6.96214244825228 0.0177
-6.96222187101203 0.0175999999999999
-6.96231238674943 0.0175
-6.96240868561553 0.0174
-6.96249932391166 0.0173
-6.96257909057401 0.0172
-6.96265013598003 0.0171
-6.96272361876003 0.017
-6.96279042715321 0.0169
-6.96284216322377 0.0168
-6.96290142669644 0.0167
-6.96293842829608 0.0165999999999999
-6.96298039727403 0.0165
-6.96301909741236 0.0164
-6.96304641381087 0.0163
-6.96309703832856 0.0162
-6.96314454832263 0.0161
-6.96319010168736 0.016
-6.96323276725256 0.0159
-6.96327228624767 0.0158
-6.96331725879765 0.0157
-6.96334929658755 0.0155999999999999
-6.96340492935452 0.0155
-6.96347661109336 0.0154
-6.96355386250661 0.0153
-6.96363485756661 0.0152
-6.96372134664884 0.0151
-6.96380023787889 0.015
-6.96387658048011 0.0149
-6.96395617955596 0.0148
-6.96403649391144 0.0147
-6.96411094687712 0.0145999999999999
-6.96419892459735 0.0145
-6.96430029976214 0.0144
-6.96440133198109 0.0143
-6.9645054214776 0.0142
-6.9646003990397 0.0141
-6.96469170376599 0.014
-6.96478450835406 0.0139
-6.96488033008448 0.0138
-6.96496681438619 0.0137
-6.96505266767728 0.0135999999999999
-6.96514043710928 0.0135
-6.96521577998807 0.0134
-6.96526763800366 0.0133
-6.96529170934742 0.0132
-6.96530207887489 0.0131
-6.96528265170848 0.013
-6.96526622269293 0.0129
-6.96523877605218 0.0128
-6.96518591891586 0.0127
-6.96512491956989 0.0125999999999999
-6.96505561017496 0.0125
-6.96498616741248 0.0124
-6.96490715878092 0.0123
-6.96482261267609 0.0122
-6.96474293323889 0.0121
-6.96466273071586 0.012
-6.96457230862132 0.0119
-6.96448689530401 0.0118
-6.96438559545165 0.0117
-6.96428219124452 0.0116000000000001
-6.96418147502404 0.0115
-6.96408510033444 0.0114
-6.9640107346278 0.0113
-6.96395106335673 0.0112
-6.96390721910052 0.0111
-6.96387606051242 0.011
-6.96386047874604 0.0109
-6.96385688479027 0.0108
-6.96385259710263 0.0107
-6.96385399420429 0.0106000000000001
-6.96387045625584 0.0105
-6.96391840023608 0.0104
-6.96397196392172 0.0103
-6.96403883675982 0.0102
-6.96410728942654 0.0101
-6.96417156553516 0.01
-6.96421649769447 0.00990000000000002
-6.96425193668868 0.00980000000000003
-6.96427519913245 0.00970000000000004
-6.96428389729852 0.00960000000000005
-6.96427951249611 0.00949999999999995
-6.9642690198887 0.00939999999999996
-6.96423610586443 0.00929999999999997
-6.96420766402328 0.00919999999999999
-6.96418269094765 0.0091
-6.96414727950173 0.00900000000000001
-6.96410912290818 0.00890000000000002
-6.96404310214418 0.00880000000000003
-6.96399150813178 0.00870000000000004
-6.96396266970094 0.00860000000000005
-6.96393590425608 0.00849999999999995
-6.96391126984228 0.00839999999999996
-6.96389140051014 0.00829999999999997
-6.96386921111305 0.00819999999999999
-6.96382687052796 0.0081
-6.96377494237218 0.00800000000000001
-6.96373678255777 0.00790000000000002
-6.96369475357804 0.00780000000000003
-6.96363929380259 0.00770000000000004
-6.9635694172656 0.00760000000000005
-6.96349747261003 0.00749999999999995
-6.96341066716272 0.00739999999999996
-6.96331239151872 0.00729999999999997
-6.96322284476867 0.00719999999999998
-6.96312154601934 0.0071
-6.96302952145493 0.00700000000000001
-6.96293591759335 0.00690000000000002
-6.96285883235489 0.00680000000000003
-6.96278636856369 0.00670000000000004
-6.9627360344693 0.00660000000000005
-6.96267688138544 0.00649999999999995
-6.96261542183959 0.00639999999999996
-6.96256047012766 0.00629999999999997
-6.96250722637875 0.00619999999999998
-6.96245522648328 0.00609999999999999
-6.96240006510601 0.00600000000000001
-6.96234837929751 0.00590000000000002
-6.96230546936493 0.00580000000000003
-6.96226893394758 0.00570000000000004
-6.96225031909378 0.00560000000000005
-6.96222998602921 0.00549999999999995
-6.96220784810292 0.00539999999999996
-6.96221418126667 0.00529999999999997
-6.96224170932756 0.00519999999999998
-6.96226752382134 0.00509999999999999
-6.96230611725663 0.005
-6.96235013750578 0.00490000000000002
-6.96239257086829 0.00480000000000003
-6.96243227645548 0.00470000000000004
-6.96247259628238 0.00460000000000005
-6.96251837235292 0.00449999999999995
-6.96256223536045 0.00439999999999996
-6.96261387023794 0.00429999999999997
-6.96265579895934 0.00419999999999998
-6.96270124293729 0.00409999999999999
-6.96274763568465 0.004
-6.96280193680877 0.00390000000000001
-6.96286062661648 0.00380000000000003
-6.96292652651276 0.00370000000000004
-6.96299262701745 0.00360000000000005
-6.96304196894277 0.00349999999999995
-6.96307613950133 0.00339999999999996
-6.96310576006469 0.00329999999999997
-6.96313748058946 0.00319999999999998
-6.96314053670404 0.00309999999999999
-6.96312978055934 0.003
-6.96311801564132 0.00290000000000001
-6.96307660604503 0.00280000000000002
-6.96303490461505 0.00270000000000004
-6.96300362513795 0.00260000000000005
-6.9629660929181 0.00249999999999995
-6.96292477760944 0.00239999999999996
-6.96288635700686 0.00229999999999997
-6.96284519776144 0.00219999999999998
-6.96280308679604 0.00209999999999999
-6.96276837826123 0.002
-6.962743237678 0.00190000000000001
-6.96270621851753 0.00180000000000002
-6.96268633389314 0.00170000000000003
-6.96268097551007 0.00160000000000005
-6.96268724154151 0.00149999999999995
-6.96270350889038 0.00139999999999996
-6.9627223686413 0.00129999999999997
-6.96275689911505 0.00119999999999998
-6.96279097173192 0.00109999999999999
-6.96283794528703 0.001
-6.96287923517847 0.000900000000000012
-6.96290982098819 0.000800000000000023
-6.96293158515195 0.000700000000000034
-6.96293478507019 0.000600000000000045
-6.96294097035478 0.000499999999999945
-6.96294224862538 0.000399999999999956
-6.96293829123887 0.000299999999999967
-6.96294700021832 0.000199999999999978
-6.96295098259213 9.9999999999989e-05
-6.96295104621557 0
