# Fix print output for fix f5
-7.06201079683124 0
-7.06204705548216 0.0001
-7.06208854321776 0.0002
-7.06213788713833 0.0003
-7.06218408570922 0.0004
-7.062237354969 0.0005
-7.06228903937873 0.0006
-7.06236091023136 0.0007
-7.06243446993199 0.0008
-7.06250790257674 0.0009
-7.06256837195054 0.001
-7.06263457346497 0.0011
-7.06270946710157 0.0012
-7.06279210347274 0.0013
-7.0628826448272 0.0014
-7.06298010277701 0.0015
-7.06307838698991 0.0016
-7.06317424620242 0.0017
-7.06328025177119 0.0018
-7.06338476606377 0.0019
-7.06347976243077 0.002
-7.06357661915945 0.0021
-7.06366016257673 0.0022
-7.06373511984433 0.0023
-7.0638067921319 0.0024
-7.06386116978583 0.0025
-7.06391016095015 0.0026
-7.0639551584006 0.0027
-7.06399502479811 0.0028
-7.06403680990404 0.0029
-7.0640876858443 0.003
-7.06414309856642 0.0031
-7.06420012870179 0.0032
-7.06425536322 0.0033
-7.06430625346883 0.0034
-7.06435720862425 0.0035
-7.06441943755177 0.0036
-7.06447643203525 0.0037
-7.0645306944188 0.0038
-7.06458434582728 0.0039
-7.06461555995843 0.004
-7.06462092101001 0.0041
-7.06460315913785 0.0042
-7.06456745766226 0.0043
-7.06451216849002 0.0044
-7.06444294075273 0.0045
-7.06435398590098 0.0046
-7.06423887884039 0.0047
-7.06411278505362 0.0048
-7.0639743637433 0.0049
-7.06382287217475 0.005
-7.06366737459564 0.0051
-7.06349316436554 0.0052
-7.06333102425468 0.0053
-7.0631834075772 0.0054
-7.06305041040185 0.0055
-7.06292511971698 0.0056
-7.06282200160667 0.0057
-7.06273462761243 0.0058
-7.0626485433057 0.0059
-7.06257410351466 0.006
-7.06251171781561 0.0061
-7.06246824798711 0.0062
-7.06242851587322 0.0063
-7.0623934801366 0.0064
-7.06236322252889 0.0065
-7.06233392653202 0.0066
-7.06231133272872 0.0067
-7.06229592977889 0.0068
-7.06228804228027 0.0069
-7.06227306229607 0.007
-7.06226366558457 0.0071
-7.06226017300688 0.0072
-7.06226339675947 0.0073
-7.06228297547272 0.0074
-7.06231842529386 0.0075
-7.06237368632602 0.0076
-7.06244053298959 0.0077
-7.06252785406211 0.0078
-7.06263962563893 0.0079
-7.0627537894223 0.008
-7.06288338326578 0.0081
-7.06300543572675 0.0082
-7.06312416040785 0.0083
-7.06323581950727 0.0084
-7.06334154666025 0.0085
-7.06343787032282 0.0086
-7.06353104805449 0.0087
-7.06360890779117 0.0088
-7.06368005146697 0.0089
-7.06375745783165 0.009
-7.06381353436147 0.0091
-7.06386336440057 0.0092
-7.06389362571535 0.0093
-7.06392079058072 0.0094
-7.0639296232573 0.0095
-7.06392316740999 0.0096
-7.06389511616559 0.0097
-7.06385823790617 0.0098
-7.06380846645248 0.0099
-7.06374761476943 0.01
-7.06368502597772 0.0101
-7.06362350842483 0.0102
-7.06354918822332 0.0103
-7.06346789308328 0.0104
-7.06339072155519 0.0105
-7.0633210467593 0.0106
-7.06324306486172 0.0107
-7.06317738557431 0.0108
-7.06312799029846 0.0109
-7.06308503094878 0.011
-7.06303134728824 0.0111
-7.06298103233034 0.0112
-7.06293333733749 0.0113
-7.06289682287082 0.0114
-7.06286338542929 0.0115
-7.06284027759872 0.0116
-7.0628311400614 0.0117
-7.06282686271683 0.0118
-7.06282326818687 0.0119
-7.06281408539409 0.012
-7.06281629554126 0.0121
-7.06282712287878 0.0122
-7.06284012085818 0.0123
-7.06285205371915 0.0124
-7.06286066394661 0.0125
-7.06287055271177 0.0126
-7.06288050041284 0.0127
-7.06288721058099 0.0128
-7.06288921878272 0.0129
-7.06289535077994 0.013
-7.06292400258274 0.0131
-7.06295745324595 0.0132
-7.06300312689387 0.0133
-7.06305219692667 0.0134
-7.063107099361 0.0135
-7.06315348313355 0.0136
-7.0632024538482 0.0137
-7.06326060886331 0.0138
-7.06332507768749 0.0139
-7.06338983513268 0.014
-7.06344619808405 0.0141
-7.0634996417977 0.0142
-7.06355429835859 0.0143
-7.063591988032 0.0144
-7.06361571785065 0.0145
-7.06363408366708 0.0146
-7.06364708115274 0.0147
-7.06364187924727 0.0148
-7.06362276988126 0.0149
-7.06358006753177 0.015
-7.06353999008766 0.0151
-7.06349158641008 0.0152
-7.06343761943953 0.0153
-7.06337869813333 0.0154
-7.06332895606078 0.0155
-7.06327045892604 0.0156
-7.06320312477143 0.0157
-7.06314887467658 0.0158
-7.06310835421705 0.0159
-7.06307269735588 0.016
-7.06303601782884 0.0161
-7.06299927166259 0.0162
-7.06295939488381 0.0163
-7.06291970360445 0.0164
-7.06286575995435 0.0165
-7.06279956786597 0.0166
-7.06272462822366 0.0167
-7.06265098796126 0.0168
-7.06257127825513 0.0169
-7.06249356111769 0.017
-7.06242371708814 0.0171
-7.06235810590809 0.0172
-7.06229060953159 0.0173
-7.06222758997475 0.0174
-7.06215761465201 0.0175
-7.06209647907009 0.0176
-7.0620218243069 0.0177
-7.0619481783464 0.0178
-7.0618747927519 0.0179
-7.06180754524335 0.018
-7.06173234234855 0.0181
-7.06165098290314 0.0182
-7.06158450002728 0.0183
-7.06152680398254 0.0184
-7.06147189628815 0.0185
-7.06143220011564 0.0186
-7.06140094542693 0.0187
-7.06139215413032 0.0188
-7.061391552288 0.0189
-7.06140648923507 0.019
-7.06143908124361 0.0191
-7.06146371252779 0.0192
-7.06148698791363 0.0193
-7.06149510385524 0.0194
-7.06149711277825 0.0195
-7.06149138516722 0.0196
-7.06147895982612 0.0197
-7.06145681695748 0.0198
-7.06141523951044 0.0199
-7.06136111894421 0.02
-7.06129937859021 0.0201
-7.06122457565494 0.0202
-7.06113478640247 0.0203
-7.06105453054367 0.0204
-7.06098344090898 0.0205
-7.06090569149353 0.0206
-7.06082190209745 0.0207
-7.06074802562588 0.0208
-7.06067702733982 0.0209
-7.06061870076048 0.021
-7.06055926069246 0.0211
-7.06050430635152 0.0212
-7.060463907589 0.0213
-7.06042748828503 0.0214
-7.06040964726333 0.0215
-7.06040082117712 0.0216
-7.06039893122042 0.0217
-7.06042682472345 0.0218
-7.06045853526481 0.0219
-7.06049710974287 0.022
-7.06053112652961 0.0221
-7.06057405241463 0.0222
-7.06063161646406 0.0223
-7.0606960237382 0.0224
-7.0607703465076 0.0225
-7.06084717327713 0.0226
-7.06091609870081 0.0227
-7.06097055835979 0.0228
-7.06100283037135 0.0229
-7.06103111447726 0.023
-7.06105498013987 0.0231
-7.06107397684801 0.0232
-7.06109027706451 0.0233
-7.06109021659985 0.0234
-7.06108570431643 0.0235
-7.06106219589589 0.0236
-7.06103467422408 0.0237
-7.06100153116418 0.0238
-7.06096385523988 0.0239
-7.06091945479448 0.024
-7.06087447265189 0.0241
-7.06083033644159 0.0242
-7.06078229464042 0.0243
-7.06072543721939 0.0244
-7.06067380869225 0.0245
-7.06061197519467 0.0246
-7.06056441309744 0.0247
-7.06052082543625 0.0248
-7.06048178886233 0.0249
-7.06044532470233 0.025
-7.06040645268289 0.0251
-7.06037452373923 0.0252
-7.06033960981346 0.0253
-7.06031091197054 0.0254
-7.06028491577088 0.0255
-7.06027146861926 0.0256
-7.0602508797471 0.0257
-7.06023456305924 0.0258
-7.06021797112026 0.0259
-7.06021092675383 0.026
-7.06022221142774 0.0261
-7.06024103741986 0.0262
-7.06026391260525 0.0263
-7.06028749269006 0.0264
-7.06032167193965 0.0265
-7.06035819918923 0.0266
-7.06038108852939 0.0267
-7.06040312036254 0.0268
-7.06041206403935 0.0269
-7.06041086313682 0.027
-7.06040320279983 0.0271
-7.06039416264657 0.0272
-7.06038065337426 0.0273
-7.06035415671757 0.0274
-7.0603303320722 0.0275
-7.06029695746003 0.0276
-7.06026720219447 0.0277
-7.06024161039263 0.0278
-7.0602074952691 0.0279
-7.06016951092748 0.028
-7.0601321335467 0.0281
-7.06008777743517 0.0282
-7.06004341639757 0.0283
-7.06000368832875 0.0284
-7.05996909934312 0.0285
-7.05993619057069 0.0286
-7.05990620585839 0.0287
-7.05989043234316 0.0288
-7.05988205912203 0.0289
-7.05988016836279 0.029
-7.05988234084205 0.0291
-7.05989796823652 0.0292
-7.05993345025664 0.0293
-7.0599800778559 0.0294
-7.06002605559357 0.0295
-7.0600732037833 0.0296
-7.06013065728649 0.0297
-7.06018581215301 0.0298
-7.06023557233379 0.0299
-7.0602817559434 0.03
-7.06032250100029 0.0301
-7.06035777031319 0.0302
-7.06039624543687 0.0303
-7.06043154423163 0.0304
-7.06046927863471 0.0305
-7.06050032186542 0.0306
-7.06054114174841 0.0307
-7.06057061032761 0.0308
-7.06059072375317 0.0309
-7.06061343171501 0.031
-7.06063286402289 0.0311
-7.06063544240631 0.0312
-7.06063306076299 0.0313
-7.06061605066677 0.0314
-7.06059071529088 0.0315
-7.06055123861869 0.0316
-7.06050741606172 0.0317
-7.06045663487964 0.0318
-7.06041751053929 0.0319
-7.06037090652745 0.032
-7.06032838495213 0.0321
-7.06029006975632 0.0322
-7.06025338633922 0.0323
-7.06022124049644 0.0324
-7.06019132585155 0.0325
-7.06016479503153 0.0326
-7.06014235035647 0.0327
-7.06012802300645 0.0328
-7.06011997385116 0.0329
-7.06011155796581 0.033
-7.06010928614356 0.0331
-7.06010831040687 0.0332
-7.06010021873557 0.0333
-7.06011660148042 0.0334
-7.06013856585966 0.0335
-7.06015725895241 0.0336
-7.06017912913805 0.0337
-7.060207080422 0.0338
-7.06022592926188 0.0339
-7.06024865273985 0.034
-7.0602725629342 0.0341
-7.06030068388199 0.0342
-7.06032038113193 0.0343
-7.06034387181148 0.0344
-7.06037237503375 0.0345
-7.06039872774332 0.0346
-7.06042759286512 0.0347
-7.06047097736559 0.0348
-7.06051097508457 0.0349
-7.06056879683962 0.035
-7.06064280916795 0.0351
-7.0607136374711 0.0352
-7.06078679344842 0.0353
-7.06085190318201 0.0354
-7.06090506804522 0.0355
-7.06095489847214 0.0356
-7.06101197841493 0.0357
-7.06107386509758 0.0358
-7.06113397272694 0.0359
-7.06120112364085 0.036
-7.06125817131228 0.0361
-7.06131229777646 0.0362
-7.06135491689576 0.0363
-7.06139146799742 0.0364
-7.0614094635159 0.0365
-7.06142104898908 0.0366
-7.06142694336019 0.0367
-7.06141100989638 0.0368
-7.06137980809487 0.0369
-7.06133029253549 0.037
-7.06127544596155 0.0371
-7.06121313192746 0.0372
-7.06114284238706 0.0373
-7.06108660198289 0.0374
-7.06102658094438 0.0375
-7.06096214550209 0.0376
-7.06090960005263 0.0377
-7.06085684697324 0.0378
-7.06079641070915 0.0379
-7.06072682320769 0.038
-7.06065871506189 0.0381
-7.06058497605244 0.0382
-7.06049812498117 0.0383
-7.06040008957956 0.0384
-7.06028449062093 0.0385
-7.06016102280086 0.0386
-7.06003123925554 0.0387
-7.05990687891322 0.0388
-7.05978394762891 0.0389
-7.05965831222194 0.039
-7.05953639205547 0.0391
-7.05941451623772 0.0392
-7.05928602528113 0.0393
-7.05915080924591 0.0394
-7.05899552762463 0.0395
-7.05883352775589 0.0396
-7.058674496761 0.0397
-7.05852140043711 0.0398
-7.05837342433734 0.0399
-7.05824306926763 0.04
-7.05811652809145 0.0401
-7.05800800911432 0.0402
-7.05792545226387 0.0403
-7.05786292439552 0.0404
-7.05781471744044 0.0405
-7.057770145476 0.0406
-7.05773642653594 0.0407
-7.05769645950039 0.0408
-7.05767291454768 0.0409
-7.0576714710725 0.041
-7.05768565596949 0.0411
-7.05770817903582 0.0412
-7.05773494872231 0.0413
-7.05776452931838 0.0414
-7.05779919344632 0.0415
-7.05784987721538 0.0416
-7.05791118203412 0.0417
-7.05796854927347 0.0418
-7.05803843449303 0.0419
-7.05812133894848 0.042
-7.05819956914217 0.0421
-7.05828057468567 0.0422
-7.05835514434824 0.0423
-7.05841707388422 0.0424
-7.05847144636809 0.0425
-7.05851639469523 0.0426
-7.05854720493808 0.0427
-7.05858126314621 0.0428
-7.0586125785082 0.0429
-7.05863735807907 0.043
-7.05865217755607 0.0431
-7.05865502139349 0.0432
-7.0586594702843 0.0433
-7.05866346009886 0.0434
-7.05866934453563 0.0435
-7.05866857781564 0.0436
-7.05866397382806 0.0437
-7.05865670303745 0.0438
-7.05866450779287 0.0439
-7.05867094383262 0.044
-7.05868857794493 0.0441
-7.05869635796806 0.0442
-7.05871343437588 0.0443
-7.05873596117629 0.0444
-7.05875533578092 0.0445
-7.05878790616556 0.0446
-7.05882310152932 0.0447
-7.05886523921507 0.0448
-7.05889367459728 0.0449
-7.05891528940356 0.045
-7.05894513316968 0.0451
-7.05896442572833 0.0452
-7.05898206615459 0.0453
-7.05897711372538 0.0454
-7.05895508752412 0.0455
-7.05892513843992 0.0456
-7.05889387182462 0.0457
-7.05886322812521 0.0458
-7.05882609396423 0.0459
-7.05880102572223 0.046
-7.05876571808603 0.0461
-7.05874001204785 0.0462
-7.05872035682045 0.0463
-7.05871723981853 0.0464
-7.05871228197255 0.0465
-7.0587114720432 0.0466
-7.05872407605795 0.0467
-7.05874406699872 0.0468
-7.05876805855631 0.0469
-7.05879825755849 0.047
-7.05883191964818 0.0471
-7.05887721058019 0.0472
-7.05891263638916 0.0473
-7.05895819990519 0.0474
-7.0589974247026 0.0475
-7.05902920872704 0.0476
-7.05905993236324 0.0477
-7.0590825249271 0.0478
-7.0590860959677 0.0479
-7.05907459661042 0.048
-7.05907647180535 0.0481
-7.05907922352025 0.0482
-7.05908777277214 0.0483
-7.05909201243121 0.0484
-7.05910432039842 0.0485
-7.05910799860738 0.0486
-7.05911584470368 0.0487
-7.05912260687757 0.0488
-7.05913939690157 0.0489
-7.05914808444641 0.049
-7.05915512032777 0.0491
-7.05915221005119 0.0492
-7.05914594836258 0.0493
-7.05914753417702 0.0494
-7.05914813277011 0.0495
-7.05914631716393 0.0496
-7.05915584009823 0.0497
-7.059149936132 0.0498
-7.05914252836728 0.0499
-7.05913028004636 0.05
-7.05911349535905 0.0501
-7.05908787826767 0.0502
-7.05905433944443 0.0503
-7.05900986342119 0.0504
-7.05895695993794 0.0505
-7.05888028733068 0.0506
-7.05880468757364 0.0507
-7.05871485882004 0.0508
-7.05860850852386 0.0509
-7.05849884047396 0.051
-7.05838946716355 0.0511
-7.05827771619319 0.0512
-7.05817147267807 0.0513
-7.05807840070245 0.0514
-7.05798861721094 0.0515
-7.05790370886566 0.0516
-7.0578381479635 0.0517
-7.05778971469328 0.0518
-7.05774001428184 0.0519
-7.05769576942655 0.052
-7.05766520533909 0.0521
-7.05764268328564 0.0522
-7.05763444518329 0.0523
-7.05761975824839 0.0524
-7.05762962510694 0.0525
-7.05765221682557 0.0526
-7.05768935506379 0.0527
-7.05773414941135 0.0528
-7.05778642216206 0.0529
-7.05784908158563 0.053
-7.05790685309426 0.0531
-7.05797343374818 0.0532
-7.05804060354714 0.0533
-7.0581013267613 0.0534
-7.05816831831567 0.0535
-7.05823545263768 0.0536
-7.05829500318166 0.0537
-7.05833569741134 0.0538
-7.0583559714867 0.0539
-7.05837641309569 0.054
-7.05837881553987 0.0541
-7.0583814244628 0.0542
-7.05838423540637 0.0543
-7.05837898095458 0.0544
-7.05835976320185 0.0545
-7.05832490854241 0.0546
-7.05828983433594 0.0547
-7.05824933513392 0.0548
-7.05821692783125 0.0549
-7.05820423734399 0.055
-7.05818746725759 0.0551
-7.0581798095567 0.0552
-7.0581666773552 0.0553
-7.05816359643105 0.0554
-7.05816052651703 0.0555
-7.05816233752498 0.0556
-7.05816965031194 0.0557
-7.05817510339172 0.0558
-7.0582116627655 0.0559
-7.05825324615193 0.056
-7.05829200567674 0.0561
-7.05833116181487 0.0562
-7.05837203280316 0.0563
-7.05841887651388 0.0564
-7.05847316706553 0.0565
-7.0585355863979 0.0566
-7.05860199539635 0.0567
-7.05867402734046 0.0568
-7.05874675487568 0.0569
-7.05881559560428 0.057
-7.05887579565523 0.0571
-7.05893761437041 0.0572
-7.05900198348276 0.0573
-7.05905324145986 0.0574
-7.0591003559398 0.0575
-7.0591444276884 0.0576
-7.05918780982583 0.0577
-7.05920915706313 0.0578
-7.05921747433634 0.0579
-7.0592148042439 0.058
-7.05922047055144 0.0581
-7.05921752301828 0.0582
-7.05920502616486 0.0583
-7.05917737848624 0.0584
-7.05914579587459 0.0585
-7.05910989881815 0.0586
-7.05906574639714 0.0587
-7.05900467968954 0.0588
-7.05894421399072 0.0589
-7.05887254205545 0.059
-7.05878991089931 0.0591
-7.05870568512405 0.0592
-7.05862043700299 0.0593
-7.05853921047066 0.0594
-7.05846585217276 0.0595
-7.05839195578678 0.0596
-7.05831980313489 0.0597
-7.05824236845819 0.0598
-7.05817024133454 0.0599
-7.05808223329965 0.06
-7.0579946669587 0.0601
-7.05790832813643 0.0602
-7.05783087753406 0.0603
-7.05775488840765 0.0604
-7.05766920134129 0.0605
-7.05759041203958 0.0606
-7.05751515814088 0.0607
-7.0574411096694 0.0608
-7.05737528456494 0.0609
-7.05732327707726 0.061
-7.05728164710242 0.0611
-7.05723472370285 0.0612
-7.05719003821674 0.0613
-7.05716049553764 0.0614
-7.0571484529766 0.0615
-7.05714177231423 0.0616
-7.05714150020438 0.0617
-7.05714172085688 0.0618
-7.05715554974556 0.0619
-7.05717071349751 0.062
-7.05719062469592 0.0621
-7.05722163740395 0.0622
-7.05724912481228 0.0623
-7.05728190289794 0.0624
-7.05732133632669 0.0625
-7.05735639110859 0.0626
-7.05738574078729 0.0627
-7.05739918136185 0.0628
-7.05739983138245 0.0629
-7.05738863326787 0.063
-7.05736848610055 0.0631
-7.05734193699363 0.0632
-7.05732120732145 0.0633
-7.05728797077155 0.0634
-7.05726704978003 0.0635
-7.05724259115443 0.0636
-7.05722415015615 0.0637
-7.05720404743486 0.0638
-7.0571806653707 0.0639
-7.05715547384461 0.064
-7.05711876595156 0.0641
-7.05707281083557 0.0642
-7.05702263726842 0.0643
-7.05696479758735 0.0644
-7.05690322896776 0.0645
-7.05685361124719 0.0646
-7.05679613840202 0.0647
-7.05673985224708 0.0648
-7.0566828959579 0.0649
-7.05661855535132 0.065
-7.0565534560359 0.0651
-7.0564862848435 0.0652
-7.05642420771863 0.0653
-7.05636114521644 0.0654
-7.05630554544016 0.0655
-7.05625242910675 0.0656
-7.05619852495286 0.0657
-7.05615246879453 0.0658
-7.05611110688602 0.0659
-7.05607725350354 0.066
-7.0560645337302 0.0661
-7.05606681218619 0.0662
-7.05607674872201 0.0663
-7.05608595602959 0.0664
-7.05610292594006 0.0665
-7.05612903748455 0.0666
-7.05614912490917 0.0667
-7.05617782124491 0.0668
-7.05621246048374 0.0669
-7.05625375056301 0.067
-7.05628685162347 0.0671
-7.05632434758989 0.0672
-7.05635621284364 0.0673
-7.05639044293912 0.0674
-7.05642106377636 0.0675
-7.05646906936449 0.0676
-7.05651241774366 0.0677
-7.05655336870393 0.0678
-7.0565969365928 0.0679
-7.05663689132291 0.068
-7.05666469297077 0.0681
-7.05668964357569 0.0682
-7.05671137146898 0.0683
-7.05673072934597 0.0684
-7.05675068007038 0.0685
-7.05677010448082 0.0686
-7.05679172792238 0.0687
-7.05681381170193 0.0688
-7.0568383151251 0.0689
-7.05686327943478 0.069
-7.05689028878143 0.0691
-7.05691148434056 0.0692
-7.05694631547679 0.0693
-7.05698419996496 0.0694
-7.05702009137434 0.0695
-7.05705971525997 0.0696
-7.05709519192811 0.0697
-7.05713566408327 0.0698
-7.05716675431171 0.0699
-7.05720988868992 0.07
-7.05724701690136 0.0701
-7.05728834503269 0.0702
-7.05733662142958 0.0703
-7.05738851871477 0.0704
-7.05743909615786 0.0705
-7.05749881154957 0.0706
-7.05755486606094 0.0707
-7.05761618232103 0.0708
-7.05768838909008 0.0709
-7.05776669813012 0.071
-7.05785719336401 0.0711
-7.05793967733945 0.0712
-7.05801585390501 0.0713
-7.05808271728193 0.0714
-7.05814076014905 0.0715
-7.05818797577655 0.0716
-7.05822724027465 0.0717
-7.05825516627623 0.0718
-7.05828675116376 0.0719
-7.05832990914709 0.072
-7.05837704157017 0.0721
-7.05841760713667 0.0722
-7.05845356797672 0.0723
-7.05847349885374 0.0724
-7.05849029743575 0.0725
-7.05850568494317 0.0726
-7.05850904332114 0.0727
-7.05851783904554 0.0728
-7.05851940329984 0.0729
-7.05851232062927 0.073
-7.0585099228334 0.0731
-7.05850091083619 0.0732
-7.05848022593021 0.0733
-7.05845950745959 0.0734
-7.05843880909639 0.0735
-7.05839767340509 0.0736
-7.05834911144576 0.0737
-7.05829655946521 0.0738
-7.05823667204365 0.0739
-7.0581825645223 0.074
-7.05813899568566 0.0741
-7.0581017981479 0.0742
-7.05806759554611 0.0743
-7.05804764417767 0.0744
-7.05803039601896 0.0745
-7.05802505976862 0.0746
-7.05801550355378 0.0747
-7.05799217156712 0.0748
-7.05795555662965 0.0749
-7.05792004072685 0.075
-7.0578791252457 0.0751
-7.05782334292742 0.0752
-7.05776394475214 0.0753
-7.05768668305102 0.0754
-7.0575909000955 0.0755
-7.05749471978095 0.0756
-7.05739553492869 0.0757
-7.05730280852982 0.0758
-7.05720384037376 0.0759
-7.05710727201297 0.076
-7.05700345012485 0.0761
-7.05688932912422 0.0762
-7.0567763313252 0.0763
-7.05666796655454 0.0764
-7.05656417632616 0.0765
-7.05646248642428 0.0766
-7.05634915838026 0.0767
-7.05623989738988 0.0768
-7.05613154731599 0.0769
-7.05602806774971 0.077
-7.05593218695182 0.0771
-7.05584273241013 0.0772
-7.05575915025694 0.0773
-7.05568817670116 0.0774
-7.05560772175838 0.0775
-7.05554337592906 0.0776
-7.0555141826544 0.0777
-7.05549767024509 0.0778
-7.05550226948824 0.0779
-7.05553621688941 0.078
-7.05558957201001 0.0781
-7.0556536166991 0.0782
-7.05571854102328 0.0783
-7.055794225057 0.0784
-7.05588257284564 0.0785
-7.05597818174186 0.0786
-7.05608480757116 0.0787
-7.05619786967771 0.0788
-7.05632106072095 0.0789
-7.05645542845289 0.079
-7.05658386208968 0.0791
-7.05670443963466 0.0792
-7.05683176117528 0.0793
-7.05694666739899 0.0794
-7.05705805220434 0.0795
-7.05717128492506 0.0796
-7.05725393017385 0.0797
-7.05732250206477 0.0798
-7.057382165215 0.0799
-7.05741898750175 0.08
-7.05744086324421 0.0801
-7.05745944805443 0.0802
-7.05746314666476 0.0803
-7.05745300292813 0.0804
-7.0574365594276 0.0805
-7.05740693650307 0.0806
-7.05736880800961 0.0807
-7.05732244180527 0.0808
-7.05727341605378 0.0809
-7.05722674433704 0.081
-7.05718550820702 0.0811
-7.05712043741263 0.0812
-7.05705152357989 0.0813
-7.05699529510191 0.0814
-7.05694126393839 0.0815
-7.05689318701394 0.0816
-7.05685997457559 0.0817
-7.05683595928229 0.0818
-7.05682931225783 0.0819
-7.05683175442415 0.082
-7.05684881787145 0.0821
-7.05687810406982 0.0822
-7.05692374622522 0.0823
-7.05696952736325 0.0824
-7.05701131741739 0.0825
-7.05705283869641 0.0826
-7.05710070224711 0.0827
-7.05715901375349 0.0828
-7.05720421148557 0.0829
-7.05724425307777 0.083
-7.0572740328419 0.0831
-7.05728830088729 0.0832
-7.05729294757312 0.0833
-7.05728209919784 0.0834
-7.05726375996276 0.0835
-7.05723967939742 0.0836
-7.05722496956299 0.0837
-7.05720711233633 0.0838
-7.05718400382998 0.0839
-7.05716243032577 0.084
-7.05714400634738 0.0841
-7.05712670558935 0.0842
-7.05708310035377 0.0843
-7.05703132614294 0.0844
-7.05696484502741 0.0845
-7.05688635998612 0.0846
-7.05681329809646 0.0847
-7.05673998370461 0.0848
-7.05666345807057 0.0849
-7.0565820394877 0.085
-7.05650363057416 0.0851
-7.0564388929937 0.0852
-7.05637444442976 0.0853
-7.05632081312319 0.0854
-7.05629157466704 0.0855
-7.05625857721398 0.0856
-7.05622391888391 0.0857
-7.0562042843814 0.0858
-7.05620369108876 0.0859
-7.05621788194469 0.086
-7.05624748519228 0.0861
-7.05629578251197 0.0862
-7.05635352265833 0.0863
-7.05641075596126 0.0864
-7.05647291739295 0.0865
-7.05653438967309 0.0866
-7.05659039437594 0.0867
-7.05665617724552 0.0868
-7.05671972295785 0.0869
-7.05677453498174 0.087
-7.05681485428458 0.0871
-7.05685207768619 0.0872
-7.05688123038375 0.0873
-7.05689540586706 0.0874
-7.0568979775641 0.0875
-7.05687709990536 0.0876
-7.05684665390522 0.0877
-7.05681366535285 0.0878
-7.05677779656226 0.0879
-7.05673687759573 0.088
-7.05668848158114 0.0881
-7.0566319765809 0.0882
-7.05657980844151 0.0883
-7.05651491131611 0.0884
-7.05645228427179 0.0885
-7.05640403418721 0.0886
-7.05635389886547 0.0887
-7.05630167813894 0.0888
-7.05625223655906 0.0889
-7.0562018797646 0.089
-7.05615805817938 0.0891
-7.05611033386949 0.0892
-7.05604338363807 0.0893
-7.055979895616 0.0894
-7.05591750559762 0.0895
-7.05585519486529 0.0896
-7.05580614921072 0.0897
-7.05576232012737 0.0898
-7.05572968543896 0.0899
-7.05571107721654 0.09
-7.05568849156382 0.0901
-7.05567605394085 0.0902
-7.05567214019341 0.0903
-7.05567087624437 0.0904
-7.05568622092508 0.0905
-7.05571406416224 0.0906
-7.05574358271582 0.0907
-7.05576402917695 0.0908
-7.0557762492943 0.0909
-7.05579359135707 0.091
-7.05581127700065 0.0911
-7.05582262604567 0.0912
-7.05584337153956 0.0913
-7.05585841079826 0.0914
-7.05587721117884 0.0915
-7.05589213448051 0.0916
-7.05590711016461 0.0917
-7.05591525825276 0.0918
-7.05591060976683 0.0919
-7.05588982616733 0.092
-7.05585594607875 0.0921
-7.0558087744228 0.0922
-7.05575862139123 0.0923
-7.05568649716389 0.0924
-7.05561372384518 0.0925
-7.05555352712956 0.0926
-7.05549019958709 0.0927
-7.05542537642504 0.0928
-7.05536039418861 0.0929
-7.05530034307214 0.093
-7.05524815093551 0.0931
-7.05519580341399 0.0932
-7.05512808314383 0.0933
-7.05506833225363 0.0934
-7.05501887485207 0.0935
-7.05496734880526 0.0936
-7.05493498732361 0.0937
-7.054905718089 0.0938
-7.05489209985925 0.0939
-7.0548909450719 0.094
-7.05489768610611 0.0941
-7.05491110080444 0.0942
-7.05492737748251 0.0943
-7.05493992785886 0.0944
-7.05495211903125 0.0945
-7.05495974776453 0.0946
-7.05496288071152 0.0947
-7.05496069156947 0.0948
-7.05495869596675 0.0949
-7.05494143935027 0.095
-7.05493207095124 0.0951
-7.05493303462526 0.0952
-7.05493379078358 0.0953
-7.05493812245462 0.0954
-7.05494883772847 0.0955
-7.05496826012331 0.0956
-7.05499252853627 0.0957
-7.05501338974925 0.0958
-7.05502199428621 0.0959
-7.05503454152042 0.096
-7.0550525347664 0.0961
-7.05506921178977 0.0962
-7.05508271514421 0.0963
-7.05510633647536 0.0964
-7.05513321192226 0.0965
-7.05516847539988 0.0966
-7.0552074586296 0.0967
-7.05524969389554 0.0968
-7.05529580881949 0.0969
-7.05531440645571 0.097
-7.05533890762937 0.0971
-7.05535253838899 0.0972
-7.05537006669855 0.0973
-7.05537890638603 0.0974
-7.05537081035596 0.0975
-7.05535167901583 0.0976
-7.05532443960993 0.0977
-7.05528051123898 0.0978
-7.05523609058867 0.0979
-7.05519102030816 0.098
-7.05514256069286 0.0981
-7.05510329371715 0.0982
-7.05505968946124 0.0983
-7.05501237757044 0.0984
-7.05497833246501 0.0985
-7.05492854949366 0.0986
-7.05487576800736 0.0987
-7.0548236543111 0.0988
-7.0547784096286 0.0989
-7.05473669244651 0.099
-7.05468859641696 0.0991
-7.05464127999024 0.0992
-7.05460291422425 0.0993
-7.05458240525078 0.0994
-7.05456807646292 0.0995
-7.05456647273735 0.0996
-7.05455380504696 0.0997
-7.05453617280595 0.0998
-7.05451471970274 0.0999
-7.05448439967532 0.1
-7.05444946152775 0.1001
-7.05440219631184 0.1002
-7.05435639532434 0.1003
-7.05432029553264 0.1004
-7.0542796125987 0.1005
-7.05424283146829 0.1006
-7.05420639383699 0.1007
-7.05416793525946 0.1008
-7.05412847606863 0.1009
-7.05409257461007 0.101
-7.05406021492752 0.1011
-7.05403447523031 0.1012
-7.05401741628973 0.1013
-7.05400120088154 0.1014
-7.0539918916702 0.1015
-7.05398688877967 0.1016
-7.0539883990828 0.1017
-7.05398995365642 0.1018
-7.05398303237832 0.1019
-7.05397370369123 0.102
-7.05397230294152 0.1021
-7.05398260498205 0.1022
-7.05400309124728 0.1023
-7.05404299801026 0.1024
-7.05408857416011 0.1025
-7.05414489412595 0.1026
-7.05420134851503 0.1027
-7.05426351911047 0.1028
-7.05432629593015 0.1029
-7.05438132526909 0.103
-7.05443674890139 0.1031
-7.05449216277437 0.1032
-7.05452414816742 0.1033
-7.05454201332932 0.1034
-7.05455734580806 0.1035
-7.05457192142121 0.1036
-7.05458965888392 0.1037
-7.05460264895886 0.1038
-7.0546041133528 0.1039
-7.05460426503159 0.104
-7.05458774811374 0.1041
-7.05456186897375 0.1042
-7.05453064070912 0.1043
-7.05449817719373 0.1044
-7.05445854076205 0.1045
-7.05442669697034 0.1046
-7.0543904852485 0.1047
-7.05434215703242 0.1048
-7.05428970265551 0.1049
-7.05423067673906 0.105
-7.054166172004 0.1051
-7.05409895285019 0.1052
-7.05403717010257 0.1053
-7.05397292886564 0.1054
-7.05392464775077 0.1055
-7.05387720388852 0.1056
-7.05384678650499 0.1057
-7.05382033607487 0.1058
-7.05380661093829 0.1059
-7.05380397421535 0.106
-7.05379964582174 0.1061
-7.05379862087854 0.1062
-7.05381158524269 0.1063
-7.05382122939561 0.1064
-7.05384278043622 0.1065
-7.05388175799128 0.1066
-7.05392944393072 0.1067
-7.05397968481458 0.1068
-7.05402425178643 0.1069
-7.0540807982793 0.107
-7.05413652446717 0.1071
-7.0542058293008 0.1072
-7.05427958273061 0.1073
-7.05436470256769 0.1074
-7.05445849730959 0.1075
-7.05455706895888 0.1076
-7.05466025994843 0.1077
-7.05477965567331 0.1078
-7.05489661087891 0.1079
-7.05502444300335 0.108
-7.05515347795143 0.1081
-7.05528543293154 0.1082
-7.0554143251256 0.1083
-7.05553456626329 0.1084
-7.05563794756584 0.1085
-7.05573188118103 0.1086
-7.05580648626175 0.1087
-7.05587556290753 0.1088
-7.05591722932014 0.1089
-7.05596099474525 0.109
-7.0560079613565 0.1091
-7.05604202806139 0.1092
-7.05607857834309 0.1093
-7.05610162190331 0.1094
-7.05611433937587 0.1095
-7.05612128176405 0.1096
-7.05613307438954 0.1097
-7.05613607830191 0.1098
-7.05612625538147 0.1099
-7.05610777484844 0.11
-7.05608369857758 0.1101
-7.05604570457832 0.1102
-7.05599921578776 0.1103
-7.05595011922919 0.1104
-7.05590887317195 0.1105
-7.05587060063989 0.1106
-7.05584044906956 0.1107
-7.05582035661628 0.1108
-7.05580887789464 0.1109
-7.05580739431262 0.111
-7.05581591502053 0.1111
-7.05582065080293 0.1112
-7.05582890071357 0.1113
-7.05584171154854 0.1114
-7.05585234013954 0.1115
-7.05585612200443 0.1116
-7.0558512090382 0.1117
-7.05583682735839 0.1118
-7.05579964242985 0.1119
-7.05574835733097 0.112
-7.05569107809005 0.1121
-7.05563467188808 0.1122
-7.05558944593313 0.1123
-7.05552449190419 0.1124
-7.05546509328822 0.1125
-7.05539639509929 0.1126
-7.05532815248732 0.1127
-7.05525229664886 0.1128
-7.05518208932155 0.1129
-7.05510158020253 0.113
-7.05501816054937 0.1131
-7.05493714546719 0.1132
-7.05486294800595 0.1133
-7.05480311984371 0.1134
-7.05475670110871 0.1135
-7.05471381747092 0.1136
-7.05467597238941 0.1137
-7.054657146722 0.1138
-7.05464135998606 0.1139
-7.05464066123094 0.114
-7.05466472968105 0.1141
-7.0547061952405 0.1142
-7.05475287493335 0.1143
-7.05480048116557 0.1144
-7.05485664555235 0.1145
-7.05491231970654 0.1146
-7.05496769144468 0.1147
-7.05502141060694 0.1148
-7.05507927179535 0.1149
-7.05513591034937 0.115
-7.05519812049623 0.1151
-7.05525028919454 0.1152
-7.05530007275737 0.1153
-7.05534424293964 0.1154
-7.05539346010858 0.1155
-7.05543863753166 0.1156
-7.05548026838181 0.1157
-7.05553412718983 0.1158
-7.05559051913344 0.1159
-7.0556430424979 0.116
-7.05569622710422 0.1161
-7.0557504243041 0.1162
-7.05580853442792 0.1163
-7.05586917464362 0.1164
-7.05593084507536 0.1165
-7.05598628071966 0.1166
-7.05603280453484 0.1167
-7.05606987865622 0.1168
-7.05609567316334 0.1169
-7.05612319570456 0.117
-7.0561402909646 0.1171
-7.05616394340763 0.1172
-7.05619615450931 0.1173
-7.05623932687336 0.1174
-7.05628688176296 0.1175
-7.05631881415043 0.1176
-7.05636318678667 0.1177
-7.05640157035338 0.1178
-7.0564415283123 0.1179
-7.05648408670125 0.118
-7.05652960425233 0.1181
-7.05656579112249 0.1182
-7.05659003880259 0.1183
-7.05661655536484 0.1184
-7.0566614583878 0.1185
-7.05670073020726 0.1186
-7.05672479266889 0.1187
-7.0567573057852 0.1188
-7.05678862633254 0.1189
-7.0568242325882 0.119
-7.05685693586098 0.1191
-7.05688325337056 0.1192
-7.05689793401371 0.1193
-7.05692124998898 0.1194
-7.05693154336729 0.1195
-7.05692634491595 0.1196
-7.05690966530633 0.1197
-7.05688190704853 0.1198
-7.05684673475096 0.1199
-7.05681369079278 0.12
-7.05676288721303 0.1201
-7.05671526175367 0.1202
-7.05667082623686 0.1203
-7.05662086963019 0.1204
-7.05658054577203 0.1205
-7.05654181242029 0.1206
-7.05650590930626 0.1207
-7.05648069654748 0.1208
-7.05645731793901 0.1209
-7.05642768224335 0.121
-7.05640571202363 0.1211
-7.05638627251776 0.1212
-7.05636481901171 0.1213
-7.05634191842679 0.1214
-7.05630795691821 0.1215
-7.05626961351433 0.1216
-7.05621975607723 0.1217
-7.05616195109149 0.1218
-7.05611092479981 0.1219
-7.05606582764064 0.122
-7.0560199859499 0.1221
-7.0559592726409 0.1222
-7.05589594407538 0.1223
-7.05583298234079 0.1224
-7.05576608443463 0.1225
-7.05569546678222 0.1226
-7.05563200783455 0.1227
-7.05556173429104 0.1228
-7.05548665263182 0.1229
-7.05542475402326 0.123
-7.05537187739297 0.1231
-7.05532816646794 0.1232
-7.05527824002875 0.1233
-7.05523444241372 0.1234
-7.05519556821121 0.1235
-7.05514781472873 0.1236
-7.05509820343398 0.1237
-7.05504671073605 0.1238
-7.05499367445923 0.1239
-7.05493931602937 0.124
-7.05487650314169 0.1241
-7.05481587105263 0.1242
-7.05474864688932 0.1243
-7.05468296552867 0.1244
-7.05461261348275 0.1245
-7.05454355518083 0.1246
-7.05446395623884 0.1247
-7.05436777873308 0.1248
-7.05426780607405 0.1249
-7.0541745106346 0.125
-7.0540913330777 0.1251
-7.05401017818778 0.1252
-7.05393437368358 0.1253
-7.05387295638822 0.1254
-7.05381105949137 0.1255
-7.05376468742721 0.1256
-7.05372152833568 0.1257
-7.05368189822243 0.1258
-7.05365716596994 0.1259
-7.05363454027368 0.126
-7.05360848901672 0.1261
-7.05357033409378 0.1262
-7.05353152147813 0.1263
-7.05347453991481 0.1264
-7.05341089133385 0.1265
-7.05334593701078 0.1266
-7.05328063255682 0.1267
-7.05320827798126 0.1268
-7.05311084025254 0.1269
-7.05301270413363 0.127
-7.05291684361363 0.1271
-7.05281804301297 0.1272
-7.05272717693057 0.1273
-7.05263998258947 0.1274
-7.05258022407543 0.1275
-7.05254637826055 0.1276
-7.05251732565136 0.1277
-7.05249439765255 0.1278
-7.05248451196682 0.1279
-7.05248573180176 0.128
-7.05250407127409 0.1281
-7.05254524507868 0.1282
-7.05260036482197 0.1283
-7.05267119997362 0.1284
-7.05274404255602 0.1285
-7.05282761930754 0.1286
-7.05292543064832 0.1287
-7.05304033805417 0.1288
-7.05316793131138 0.1289
-7.05330367061049 0.129
-7.05342420844815 0.1291
-7.05354413797833 0.1292
-7.05364159240424 0.1293
-7.05372068759343 0.1294
-7.0537828964201 0.1295
-7.05384511298702 0.1296
-7.0538959534551 0.1297
-7.05394742631956 0.1298
-7.05398944260113 0.1299
-7.05403265004644 0.13
-7.05406652158182 0.1301
-7.05410393185034 0.1302
-7.05414723711009 0.1303
-7.05419239275612 0.1304
-7.05424402215533 0.1305
-7.05430465329774 0.1306
-7.05436160831164 0.1307
-7.05442803870989 0.1308
-7.05451033751214 0.1309
-7.05459113824291 0.131
-7.05467079608293 0.1311
-7.05474650896176 0.1312
-7.05483180214712 0.1313
-7.05491046213454 0.1314
-7.05499077533035 0.1315
-7.05507291100334 0.1316
-7.05515859248804 0.1317
-7.05524354905801 0.1318
-7.05532883579076 0.1319
-7.05541391901886 0.132
-7.05548702669746 0.1321
-7.0555510997363 0.1322
-7.05560180986981 0.1323
-7.05564796189785 0.1324
-7.05567803671302 0.1325
-7.05570659125849 0.1326
-7.05572079078852 0.1327
-7.05573360331432 0.1328
-7.05572449384549 0.1329
-7.05570091870338 0.133
-7.05568140890697 0.1331
-7.05566300436455 0.1332
-7.05562836638628 0.1333
-7.05559043833001 0.1334
-7.05554797405266 0.1335
-7.05549992930895 0.1336
-7.05544591711276 0.1337
-7.05540700702173 0.1338
-7.05537791802174 0.1339
-7.05535489337355 0.134
-7.05533228766885 0.1341
-7.05530427943465 0.1342
-7.05527961389292 0.1343
-7.05524856998175 0.1344
-7.05521874870673 0.1345
-7.055190816903 0.1346
-7.05516407673342 0.1347
-7.05513391772117 0.1348
-7.05508630305444 0.1349
-7.05503701257525 0.135
-7.05498396693493 0.1351
-7.05493624180268 0.1352
-7.0548851790857 0.1353
-7.05484280670589 0.1354
-7.05479533282404 0.1355
-7.05474303577875 0.1356
-7.05469530761959 0.1357
-7.05465118752473 0.1358
-7.05459244159253 0.1359
-7.05452845598773 0.136
-7.05445609561059 0.1361
-7.05438840491964 0.1362
-7.05432121054168 0.1363
-7.05425329044903 0.1364
-7.05419368619215 0.1365
-7.05413347394433 0.1366
-7.05407229020246 0.1367
-7.05402648406746 0.1368
-7.05400577507559 0.1369
-7.05399872500934 0.137
-7.05401367396154 0.1371
-7.0540412448382 0.1372
-7.05407433101455 0.1373
-7.05410629094992 0.1374
-7.05415429592764 0.1375
-7.05420076252226 0.1376
-7.0542544823577 0.1377
-7.05432205912426 0.1378
-7.05439589198658 0.1379
-7.05445793526123 0.138
-7.05452331791608 0.1381
-7.05457516053462 0.1382
-7.05462687680954 0.1383
-7.05466123882342 0.1384
-7.05469257974456 0.1385
-7.05471999912995 0.1386
-7.05473551710376 0.1387
-7.05473847857752 0.1388
-7.05473787631142 0.1389
-7.05475238158306 0.139
-7.05476541855105 0.1391
-7.05478333965267 0.1392
-7.05479320864304 0.1393
-7.05479411476525 0.1394
-7.05480619714848 0.1395
-7.05482456939577 0.1396
-7.05483667157271 0.1397
-7.05485672980787 0.1398
-7.05487585287761 0.1399
-7.05489787562169 0.14
-7.05492444323244 0.1401
-7.05493240713957 0.1402
-7.0549416706598 0.1403
-7.05495537377689 0.1404
-7.0549710278411 0.1405
-7.05498574731176 0.1406
-7.05499583037171 0.1407
-7.05501083035104 0.1408
-7.05502248163886 0.1409
-7.05503086613727 0.141
-7.05504232580837 0.1411
-7.05506312609688 0.1412
-7.05507143083635 0.1413
-7.05506809359688 0.1414
-7.0550575988045 0.1415
-7.0550534565969 0.1416
-7.05503333449973 0.1417
-7.05501599633508 0.1418
-7.05499944471294 0.1419
-7.05498404403921 0.142
-7.05498479674932 0.1421
-7.05499262018273 0.1422
-7.05500144714611 0.1423
-7.05500301575682 0.1424
-7.05500233521867 0.1425
-7.05500861578434 0.1426
-7.05502167930034 0.1427
-7.05503857934127 0.1428
-7.05506502004174 0.1429
-7.0550984174116 0.143
-7.05513310061974 0.1431
-7.0551784046593 0.1432
-7.05522244115449 0.1433
-7.05526721455969 0.1434
-7.05530653522205 0.1435
-7.05534347662392 0.1436
-7.05537019847941 0.1437
-7.05540512708386 0.1438
-7.05542517456936 0.1439
-7.05543665190747 0.144
-7.05544476250843 0.1441
-7.05544208585034 0.1442
-7.0554267929973 0.1443
-7.05540446441229 0.1444
-7.05537962648859 0.1445
-7.05534863403672 0.1446
-7.05533139222255 0.1447
-7.05530802453427 0.1448
-7.0552740654439 0.1449
-7.05522205570741 0.145
-7.05515563914798 0.1451
-7.05509163686999 0.1452
-7.05501732648716 0.1453
-7.05495014431956 0.1454
-7.05489567166639 0.1455
-7.05485202953723 0.1456
-7.05480046464957 0.1457
-7.05474977401075 0.1458
-7.05470154953773 0.1459
-7.05467057136434 0.146
-7.0546415916915 0.1461
-7.05461749934385 0.1462
-7.0545999341753 0.1463
-7.05459649347504 0.1464
-7.05459900337147 0.1465
-7.05460331503718 0.1466
-7.05462059754921 0.1467
-7.05463365833555 0.1468
-7.05464826183371 0.1469
-7.05467030963759 0.147
-7.0546895377911 0.1471
-7.05471614967147 0.1472
-7.05473687098185 0.1473
-7.05474785131141 0.1474
-7.05476227325616 0.1475
-7.05476406506286 0.1476
-7.05476072707483 0.1477
-7.05475014692607 0.1478
-7.0547337554975 0.1479
-7.05471260447531 0.148
-7.05468577192145 0.1481
-7.05465361876314 0.1482
-7.05461087134738 0.1483
-7.05457375429161 0.1484
-7.05454339821228 0.1485
-7.05450629140522 0.1486
-7.05447145880889 0.1487
-7.05442916242094 0.1488
-7.05438315158273 0.1489
-7.05432915439455 0.149
-7.05427631225725 0.1491
-7.05421146015429 0.1492
-7.05413628340782 0.1493
-7.05404750978645 0.1494
-7.05396159412846 0.1495
-7.05385950911565 0.1496
-7.0537534552516 0.1497
-7.05363787615777 0.1498
-7.05350983782773 0.1499
-7.05338106228065 0.15
-7.05323606070818 0.1501
-7.0531009812821 0.1502
-7.05297422226292 0.1503
-7.05285898631011 0.1504
-7.05275053760053 0.1505
-7.05265807593087 0.1506
-7.05257976415223 0.1507
-7.05251812173328 0.1508
-7.05245758329907 0.1509
-7.05241650996235 0.151
-7.05239726371736 0.1511
-7.05238404965003 0.1512
-7.05237181404155 0.1513
-7.05236914853798 0.1514
-7.05236502043475 0.1515
-7.05235019851976 0.1516
-7.05234373558319 0.1517
-7.05231764338849 0.1518
-7.05228060782631 0.1519
-7.05224469960975 0.152
-7.05220938693241 0.1521
-7.05218543633427 0.1522
-7.05217446408491 0.1523
-7.05213776009575 0.1524
-7.05210103691191 0.1525
-7.05205876642776 0.1526
-7.05202562023599 0.1527
-7.05199721910875 0.1528
-7.05196311452799 0.1529
-7.05193115105661 0.153
-7.05190067547328 0.1531
-7.05187003744564 0.1532
-7.05183747737206 0.1533
-7.05181469490948 0.1534
-7.05180886204325 0.1535
-7.05180337787101 0.1536
-7.05180908337802 0.1537
-7.0518139737077 0.1538
-7.05181716625294 0.1539
-7.05181866174239 0.154
-7.05184283619304 0.1541
-7.05188341387329 0.1542
-7.05194604670074 0.1543
-7.05201767832836 0.1544
-7.05208888664874 0.1545
-7.05216036435464 0.1546
-7.05222884534267 0.1547
-7.05229977345421 0.1548
-7.05233905283745 0.1549
-7.05237039848358 0.155
-7.05239651405461 0.1551
-7.05241800864764 0.1552
-7.05244073266893 0.1553
-7.0524553868385 0.1554
-7.05246508603212 0.1555
-7.05246140147393 0.1556
-7.0524408215614 0.1557
-7.05241328206201 0.1558
-7.05237348204963 0.1559
-7.05234360350307 0.156
-7.05231416943796 0.1561
-7.05227708588079 0.1562
-7.0522445000116 0.1563
-7.0522039002988 0.1564
-7.05215664364021 0.1565
-7.05210963019316 0.1566
-7.05206134588683 0.1567
-7.05200752796819 0.1568
-7.05195408467813 0.1569
-7.05189642202974 0.157
-7.0518498797215 0.1571
-7.05181039914711 0.1572
-7.05177332937688 0.1573
-7.05172737173497 0.1574
-7.05167982682718 0.1575
-7.05165584916318 0.1576
-7.05164342632357 0.1577
-7.05164599643038 0.1578
-7.05166432869869 0.1579
-7.05168644169408 0.158
-7.05173821747061 0.1581
-7.05179520727231 0.1582
-7.05187605907441 0.1583
-7.05194481860272 0.1584
-7.05201609106386 0.1585
-7.05207706461069 0.1586
-7.0521311645111 0.1587
-7.05217987666726 0.1588
-7.05222739022777 0.1589
-7.05226634875014 0.159
-7.05229478423503 0.1591
-7.05231404963972 0.1592
-7.05233186280434 0.1593
-7.05234354053553 0.1594
-7.05235105842048 0.1595
-7.05235866744049 0.1596
-7.0523555312482 0.1597
-7.05235445757703 0.1598
-7.05235602948862 0.1599
-7.05236371556811 0.16
-7.0523812377397 0.1601
-7.052408128617 0.1602
-7.05244206029443 0.1603
-7.05247054370531 0.1604
-7.0525176175747 0.1605
-7.0525684816842 0.1606
-7.05262130655742 0.1607
-7.05267093413677 0.1608
-7.05270316143608 0.1609
-7.0527443935722 0.161
-7.05279197437659 0.1611
-7.052841961529 0.1612
-7.05287911821774 0.1613
-7.05290188721516 0.1614
-7.05291378998263 0.1615
-7.05291055217422 0.1616
-7.05289882869646 0.1617
-7.0528798651588 0.1618
-7.05285288933564 0.1619
-7.05281027289961 0.162
-7.05277040027468 0.1621
-7.05271850902861 0.1622
-7.05266818213335 0.1623
-7.05262435791827 0.1624
-7.05257901248984 0.1625
-7.05252375178584 0.1626
-7.05247321854155 0.1627
-7.05242245527365 0.1628
-7.05237321636119 0.1629
-7.05231182871575 0.163
-7.05225974672465 0.1631
-7.05221505681732 0.1632
-7.05217992470391 0.1633
-7.05214340775879 0.1634
-7.05211653448504 0.1635
-7.05209516434664 0.1636
-7.05208451661704 0.1637
-7.05208316931237 0.1638
-7.05208268405772 0.1639
-7.05208277139774 0.164
-7.05208795745992 0.1641
-7.0521126709205 0.1642
-7.05213797586794 0.1643
-7.05217848215147 0.1644
-7.05223739608714 0.1645
-7.05230128741961 0.1646
-7.05236268337854 0.1647
-7.05241342529807 0.1648
-7.05245179970274 0.1649
-7.05251127096495 0.165
-7.05256597788009 0.1651
-7.05260021945233 0.1652
-7.0526311289924 0.1653
-7.05265553289406 0.1654
-7.05267378365758 0.1655
-7.05268229845011 0.1656
-7.05267433557161 0.1657
-7.05266383750304 0.1658
-7.0526464649226 0.1659
-7.05261907775791 0.166
-7.05257545275519 0.1661
-7.05251724729961 0.1662
-7.05245541349083 0.1663
-7.05238363334448 0.1664
-7.05229881034726 0.1665
-7.05221053801205 0.1666
-7.05213869759726 0.1667
-7.05205650327544 0.1668
-7.05198992538039 0.1669
-7.05194072557781 0.167
-7.05189899949741 0.1671
-7.05186081089408 0.1672
-7.05184914909173 0.1673
-7.05183971575609 0.1674
-7.05182920745615 0.1675
-7.05183190009388 0.1676
-7.05183400872291 0.1677
-7.0518374046575 0.1678
-7.05184646697569 0.1679
-7.05185685952635 0.168
-7.05189090378586 0.1681
-7.05191110585743 0.1682
-7.05193680058887 0.1683
-7.05196503291702 0.1684
-7.05199313642447 0.1685
-7.05199898294594 0.1686
-7.05200019547851 0.1687
-7.05200929921838 0.1688
-7.05201059620541 0.1689
-7.05200401658968 0.169
-7.05199454658527 0.1691
-7.0519868539967 0.1692
-7.05198847447486 0.1693
-7.05201296835989 0.1694
-7.05205497211636 0.1695
-7.05211001065157 0.1696
-7.05217651444759 0.1697
-7.05225894241424 0.1698
-7.05234255582693 0.1699
-7.05243315251076 0.17
-7.05252294486006 0.1701
-7.05261442832677 0.1702
-7.05271577274165 0.1703
-7.05280985912312 0.1704
-7.0529049130005 0.1705
-7.05298063284653 0.1706
-7.05304800645204 0.1707
-7.05311334047265 0.1708
-7.05317594502784 0.1709
-7.05322669659374 0.171
-7.05325441355922 0.1711
-7.05325831371712 0.1712
-7.05324435303461 0.1713
-7.0532102718521 0.1714
-7.05315432571959 0.1715
-7.05308874623068 0.1716
-7.05299916793748 0.1717
-7.05291925218603 0.1718
-7.05284065367584 0.1719
-7.05275814556174 0.172
-7.05266940083147 0.1721
-7.05257725316319 0.1722
-7.05247311636472 0.1723
-7.05237547716817 0.1724
-7.05229095102825 0.1725
-7.05220064431476 0.1726
-7.05213546137232 0.1727
-7.05208992805148 0.1728
-7.05207292712393 0.1729
-7.05205492121218 0.173
-7.05204321009348 0.1731
-7.05203979334793 0.1732
-7.05204599737703 0.1733
-7.05206516909635 0.1734
-7.0520889868266 0.1735
-7.05212123289665 0.1736
-7.0521548253653 0.1737
-7.05220514180391 0.1738
-7.05226621949985 0.1739
-7.05232585583169 0.174
-7.05237506110185 0.1741
-7.05242649508464 0.1742
-7.05247421505786 0.1743
-7.05251377878618 0.1744
-7.05254949125305 0.1745
-7.05256812511995 0.1746
-7.05258891309312 0.1747
-7.05260926045357 0.1748
-7.05262615689995 0.1749
-7.05264418014993 0.175
-7.05266542090169 0.1751
-7.05269763907821 0.1752
-7.05274046572829 0.1753
-7.05277874237372 0.1754
-7.05280869761624 0.1755
-7.05285226662175 0.1756
-7.05288343958072 0.1757
-7.05291604871303 0.1758
-7.0529507164693 0.1759
-7.05297790693559 0.176
-7.05299114166338 0.1761
-7.05299743680493 0.1762
-7.05301309516927 0.1763
-7.05301560656403 0.1764
-7.05301524112319 0.1765
-7.05301530605539 0.1766
-7.05299508339235 0.1767
-7.05295976469906 0.1768
-7.0529203127181 0.1769
-7.05287241479273 0.177
-7.05282661154314 0.1771
-7.05278455215556 0.1772
-7.05274396846667 0.1773
-7.05271120746614 0.1774
-7.05268044244687 0.1775
-7.05266273082075 0.1776
-7.05264208243918 0.1777
-7.05260756038426 0.1778
-7.0525665633892 0.1779
-7.05251464596003 0.178
-7.05246662855431 0.1781
-7.05242448610614 0.1782
-7.05238185783069 0.1783
-7.05233667440174 0.1784
-7.05229965481263 0.1785
-7.05226606986816 0.1786
-7.05224694611314 0.1787
-7.05222939335282 0.1788
-7.05222439053185 0.1789
-7.05223107568628 0.179
-7.05224988108715 0.1791
-7.05227906422394 0.1792
-7.05230959814187 0.1793
-7.05234965783055 0.1794
-7.05239175377894 0.1795
-7.05243569902599 0.1796
-7.0524784146636 0.1797
-7.05251792432934 0.1798
-7.05254864122844 0.1799
-7.05255226450492 0.18
-7.05253516862157 0.1801
-7.05250124661049 0.1802
-7.05246141014735 0.1803
-7.05241078311116 0.1804
-7.05235297650134 0.1805
-7.05228014404054 0.1806
-7.05220369221328 0.1807
-7.05211843985436 0.1808
-7.05203382909717 0.1809
-7.05194410959913 0.181
-7.05184650225811 0.1811
-7.05175630413408 0.1812
-7.05166213685086 0.1813
-7.05156949073707 0.1814
-7.05146911852217 0.1815
-7.05136530204833 0.1816
-7.05124480682115 0.1817
-7.05113702351856 0.1818
-7.05102733885253 0.1819
-7.05091141148263 0.182
-7.05078646330889 0.1821
-7.05067652170795 0.1822
-7.05057579807143 0.1823
-7.05047636402287 0.1824
-7.050366303336 0.1825
-7.05026376181824 0.1826
-7.05016602613018 0.1827
-7.05007072615894 0.1828
-7.04998993345614 0.1829
-7.0499173821996 0.183
-7.04984976172598 0.1831
-7.04979640399445 0.1832
-7.04976288507497 0.1833
-7.04974006476699 0.1834
-7.04971980704279 0.1835
-7.04971008875636 0.1836
-7.04969873746179 0.1837
-7.04968877541822 0.1838
-7.04968210275979 0.1839
-7.04968730441442 0.184
-7.04969686798079 0.1841
-7.04971593734641 0.1842
-7.04974160370658 0.1843
-7.0497693175018 0.1844
-7.04980121421189 0.1845
-7.0498432112696 0.1846
-7.04987107541444 0.1847
-7.04990923887928 0.1848
-7.0499725320636 0.1849
-7.05003920445877 0.185
-7.05011072469885 0.1851
-7.05018147840935 0.1852
-7.05024937097698 0.1853
-7.05032121204911 0.1854
-7.05039457590462 0.1855
-7.05046233273895 0.1856
-7.0505397623358 0.1857
-7.05059828304704 0.1858
-7.05064651477862 0.1859
-7.05068248790727 0.186
-7.0507036275643 0.1861
-7.05072927949011 0.1862
-7.0507468412066 0.1863
-7.05076015264578 0.1864
-7.05075236884643 0.1865
-7.05073847327654 0.1866
-7.05072070127651 0.1867
-7.05070217786731 0.1868
-7.05068304160798 0.1869
-7.05066878845258 0.187
-7.05066210052163 0.1871
-7.05065010366614 0.1872
-7.05065453636194 0.1873
-7.05066586377526 0.1874
-7.05067942390159 0.1875
-7.05068470189789 0.1876
-7.05068715492873 0.1877
-7.05068172748109 0.1878
-7.05067999356566 0.1879
-7.0506846347763 0.188
-7.05068335767199 0.1881
-7.05067379445111 0.1882
-7.05065067261027 0.1883
-7.05061647075525 0.1884
-7.05057999086028 0.1885
-7.05053418799644 0.1886
-7.05047980525897 0.1887
-7.05043157368354 0.1888
-7.05039671327222 0.1889
-7.05037657353487 0.189
-7.05037339496911 0.1891
-7.0503706067273 0.1892
-7.05037427235374 0.1893
-7.05037299604216 0.1894
-7.05037896173724 0.1895
-7.05039057633653 0.1896
-7.05042004796229 0.1897
-7.05044732297416 0.1898
-7.05046038872508 0.1899
-7.05048257738272 0.19
-7.0505056089856 0.1901
-7.050528078721 0.1902
-7.05054637193015 0.1903
-7.05055734134912 0.1904
-7.05057284724021 0.1905
-7.05058420401195 0.1906
-7.05057871141213 0.1907
-7.05056079236211 0.1908
-7.05053925185933 0.1909
-7.05052161268655 0.191
-7.05050998475424 0.1911
-7.0504951196515 0.1912
-7.05049019344327 0.1913
-7.0504851623001 0.1914
-7.05047390397147 0.1915
-7.05045244171087 0.1916
-7.05043020696222 0.1917
-7.05040051248448 0.1918
-7.05037834697371 0.1919
-7.05037624573341 0.192
-7.05037621839374 0.1921
-7.05037864664249 0.1922
-7.05038755938896 0.1923
-7.05038629408311 0.1924
-7.05038396769536 0.1925
-7.05038926369397 0.1926
-7.0503940134329 0.1927
-7.05040197352924 0.1928
-7.05042063725924 0.1929
-7.05044275137654 0.193
-7.0504678223816 0.1931
-7.05047406854214 0.1932
-7.05047530168954 0.1933
-7.05046730686434 0.1934
-7.05044862339561 0.1935
-7.05041037057658 0.1936
-7.05036920593217 0.1937
-7.05031559720368 0.1938
-7.05026948619786 0.1939
-7.0502270150844 0.194
-7.05017245058995 0.1941
-7.05010959595445 0.1942
-7.05005489513171 0.1943
-7.05000682625341 0.1944
-7.04995690187394 0.1945
-7.04991045634369 0.1946
-7.04984783253042 0.1947
-7.04978827662983 0.1948
-7.0497316668627 0.1949
-7.04967730932637 0.195
-7.04962425578897 0.1951
-7.04956722655023 0.1952
-7.04953055756702 0.1953
-7.04950682019219 0.1954
-7.04948810641262 0.1955
-7.04946015938852 0.1956
-7.04944213798668 0.1957
-7.04943436210251 0.1958
-7.04942882310413 0.1959
-7.04943953200004 0.196
-7.0494717911344 0.1961
-7.04950523195285 0.1962
-7.0495406248606 0.1963
-7.04959370759583 0.1964
-7.04963031039687 0.1965
-7.04967925601642 0.1966
-7.04972633329466 0.1967
-7.04977223927723 0.1968
-7.04982426630574 0.1969
-7.04988297918048 0.197
-7.04994887055931 0.1971
-7.05002583343474 0.1972
-7.05010264407162 0.1973
-7.05017466907468 0.1974
-7.05024583962328 0.1975
-7.05030721464225 0.1976
-7.05036227640488 0.1977
-7.05041657134812 0.1978
-7.05047435770851 0.1979
-7.05053611094537 0.198
-7.05059959315517 0.1981
-7.05064800446512 0.1982
-7.05069519099072 0.1983
-7.05073701261495 0.1984
-7.05076178477163 0.1985
-7.05078418597749 0.1986
-7.05079280797696 0.1987
-7.0508068787328 0.1988
-7.05082599662082 0.1989
-7.05082009128799 0.199
-7.05081183520079 0.1991
-7.050802786974 0.1992
-7.05078868073008 0.1993
-7.05076974634864 0.1994
-7.05075005667682 0.1995
-7.0507135496489 0.1996
-7.0506743791644 0.1997
-7.05063433044903 0.1998
-7.05058547200157 0.1999
-7.05052384083477 0.2
-7.05047131744995 0.2001
-7.05041607456016 0.2002
-7.05036760179455 0.2003
-7.05032296600219 0.2004
-7.05027664545642 0.2005
-7.05022534837387 0.2006
-7.05018227032889 0.2007
-7.05013681716433 0.2008
-7.05009254878068 0.2009
-7.05005526825588 0.201
-7.05002051274812 0.2011
-7.05000199626883 0.2012
-7.04998594500305 0.2013
-7.04998820255102 0.2014
-7.05000134713097 0.2015
-7.0500206439326 0.2016
-7.05003840627313 0.2017
-7.05003897516714 0.2018
-7.05005154829437 0.2019
-7.05005609120327 0.202
-7.05006562719361 0.2021
-7.05007567116051 0.2022
-7.05007405688508 0.2023
-7.05007565127619 0.2024
-7.05006566494374 0.2025
-7.05005658767466 0.2026
-7.05003503747886 0.2027
-7.05000763518924 0.2028
-7.04996793725544 0.2029
-7.0499054810409 0.203
-7.04982051437595 0.2031
-7.04972823457595 0.2032
-7.04964930029006 0.2033
-7.04958131842004 0.2034
-7.0495057382052 0.2035
-7.04944326860126 0.2036
-7.04938557703913 0.2037
-7.04932212896127 0.2038
-7.04926188513551 0.2039
-7.04921039004031 0.204
-7.04915588796751 0.2041
-7.0490993072503 0.2042
-7.04903594216702 0.2043
-7.04897544437088 0.2044
-7.04892215326999 0.2045
-7.048853756899 0.2046
-7.04878111544048 0.2047
-7.0487062197407 0.2048
-7.04862928132886 0.2049
-7.04855661369615 0.205
-7.04850476768255 0.2051
-7.04844661883568 0.2052
-7.04838436865408 0.2053
-7.04831757640886 0.2054
-7.04823820665766 0.2055
-7.0481470558207 0.2056
-7.04803952020348 0.2057
-7.04792782064341 0.2058
-7.04781517393305 0.2059
-7.04769560246296 0.206
-7.04756936037112 0.2061
-7.04744720440687 0.2062
-7.0473445774696 0.2063
-7.04724478241378 0.2064
-7.04715951026628 0.2065
-7.04708393339185 0.2066
-7.04700696118482 0.2067
-7.0469424178783 0.2068
-7.04690602791556 0.2069
-7.04688132899081 0.207
-7.04686736230036 0.2071
-7.04686507671723 0.2072
-7.04686456691309 0.2073
-7.04686794511878 0.2074
-7.04685829130904 0.2075
-7.04685160681094 0.2076
-7.04684661392613 0.2077
-7.04683941258163 0.2078
-7.04684597649111 0.2079
-7.04684981592193 0.208
-7.04684929819024 0.2081
-7.04685500210824 0.2082
-7.04684414104024 0.2083
-7.04683768168633 0.2084
-7.04682783688688 0.2085
-7.04683479323099 0.2086
-7.04685058841164 0.2087
-7.04687051148284 0.2088
-7.04688827631649 0.2089
-7.04690812531395 0.209
-7.04691452999536 0.2091
-7.0469263447643 0.2092
-7.04693548247369 0.2093
-7.04693463051526 0.2094
-7.04692158942788 0.2095
-7.04690617788058 0.2096
-7.04689430507105 0.2097
-7.04686917206449 0.2098
-7.04683952432202 0.2099
-7.04681289938178 0.21
-7.04678073887495 0.2101
-7.04674126988041 0.2102
-7.04671494845843 0.2103
-7.04669808855045 0.2104
-7.04667581440239 0.2105
-7.0466622904209 0.2106
-7.04664180848833 0.2107
-7.04662293143124 0.2108
-7.04659607526469 0.2109
-7.04657342170836 0.211
-7.04654058807789 0.2111
-7.04649214185439 0.2112
-7.04645562864347 0.2113
-7.04642187811739 0.2114
-7.04639638447806 0.2115
-7.04638421337112 0.2116
-7.04637580275504 0.2117
-7.04636941241982 0.2118
-7.04637306551455 0.2119
-7.0463861278613 0.212
-7.04641655276172 0.2121
-7.04646376063416 0.2122
-7.04652967539949 0.2123
-7.04660124900903 0.2124
-7.04666857380354 0.2125
-7.04673645758613 0.2126
-7.04678491942148 0.2127
-7.04683591880405 0.2128
-7.04688077061798 0.2129
-7.04692477158493 0.213
-7.04696435192542 0.2131
-7.04698290056027 0.2132
-7.04698434220612 0.2133
-7.04696651531626 0.2134
-7.04693842365988 0.2135
-7.04690935188632 0.2136
-7.04687021894106 0.2137
-7.04683377660341 0.2138
-7.04678941781131 0.2139
-7.04674412886539 0.214
-7.04669750231474 0.2141
-7.04665595345051 0.2142
-7.04662090055497 0.2143
-7.04657644521484 0.2144
-7.04653554142234 0.2145
-7.04651676590105 0.2146
-7.04650567886083 0.2147
-7.04650095128606 0.2148
-7.0465219760354 0.2149
-7.04654621638619 0.215
-7.04656836787048 0.2151
-7.04659949184157 0.2152
-7.04662858588709 0.2153
-7.04666955132981 0.2154
-7.04673182765305 0.2155
-7.0468013898376 0.2156
-7.04689022953818 0.2157
-7.04698384047882 0.2158
-7.04708696070837 0.2159
-7.04719751262761 0.216
-7.04730842786585 0.2161
-7.04741967648822 0.2162
-7.04750560044507 0.2163
-7.04757000359836 0.2164
-7.04762018020884 0.2165
-7.0476521587231 0.2166
-7.04767202051895 0.2167
-7.04768632453068 0.2168
-7.0476991992913 0.2169
-7.04770458646843 0.217
-7.04770027431196 0.2171
-7.04768496328711 0.2172
-7.04765788341952 0.2173
-7.04761139419192 0.2174
-7.04755076286672 0.2175
-7.04749546623572 0.2176
-7.04745354591545 0.2177
-7.04741732219001 0.2178
-7.04738950019934 0.2179
-7.04736592891086 0.218
-7.04735336305641 0.2181
-7.04733176475783 0.2182
-7.0473170383133 0.2183
-7.04732252415146 0.2184
-7.04733534848383 0.2185
-7.04735152890895 0.2186
-7.04738142896366 0.2187
-7.04739562885134 0.2188
-7.04741842290536 0.2189
-7.04746306365675 0.219
-7.04750947162305 0.2191
-7.04757901071412 0.2192
-7.04765599619103 0.2193
-7.04774382725339 0.2194
-7.04784152084556 0.2195
-7.04794838557486 0.2196
-7.04806046352672 0.2197
-7.04815277537363 0.2198
-7.04823793542442 0.2199
-7.04831588354378 0.22
-7.04839986629138 0.2201
-7.04848326046319 0.2202
-7.04856912398147 0.2203
-7.04865923873087 0.2204
-7.04874942855625 0.2205
-7.04882316002208 0.2206
-7.04888388633463 0.2207
-7.04894953128132 0.2208
-7.0490006395325 0.2209
-7.04903623889691 0.221
-7.049062167468 0.2211
-7.04907476806292 0.2212
-7.04907567816344 0.2213
-7.04906207798674 0.2214
-7.04903738321009 0.2215
-7.04899618472758 0.2216
-7.04894930542634 0.2217
-7.04889587746207 0.2218
-7.04884448699613 0.2219
-7.04880269902734 0.222
-7.04874749321902 0.2221
-7.04869759966576 0.2222
-7.04865632877497 0.2223
-7.04860140380632 0.2224
-7.04854571240789 0.2225
-7.0484906963452 0.2226
-7.04843371022635 0.2227
-7.04836510246292 0.2228
-7.04829940235897 0.2229
-7.04823542227202 0.223
-7.04816759625269 0.2231
-7.04810368922387 0.2232
-7.04803877727618 0.2233
-7.04796326943137 0.2234
-7.04788189666631 0.2235
-7.04780367460155 0.2236
-7.04772019924699 0.2237
-7.04763193261025 0.2238
-7.04755140449037 0.2239
-7.04747010316481 0.224
-7.04739467313008 0.2241
-7.04731813436325 0.2242
-7.0472411120117 0.2243
-7.04716699938626 0.2244
-7.04709919249999 0.2245
-7.04704260893002 0.2246
-7.0469953002296 0.2247
-7.04694795266639 0.2248
-7.04690115665111 0.2249
-7.04685582663002 0.225
-7.04682005321486 0.2251
-7.04678973823151 0.2252
-7.04675500313087 0.2253
-7.04671060327393 0.2254
-7.0466694364587 0.2255
-7.04663329538984 0.2256
-7.04657959659651 0.2257
-7.04652692778745 0.2258
-7.04647314134807 0.2259
-7.04641490561395 0.226
-7.046352741009 0.2261
-7.04629614756225 0.2262
-7.04624307996627 0.2263
-7.04620555756532 0.2264
-7.04618290699346 0.2265
-7.04617720459904 0.2266
-7.04617770610631 0.2267
-7.0461792103661 0.2268
-7.0461890729167 0.2269
-7.04621008471477 0.227
-7.04622523558518 0.2271
-7.04625404373245 0.2272
-7.04628981024655 0.2273
-7.04633345026945 0.2274
-7.04637070615549 0.2275
-7.04640308970317 0.2276
-7.04644716654022 0.2277
-7.04649384024887 0.2278
-7.04657323214271 0.2279
-7.04665217161655 0.228
-7.04673852287688 0.2281
-7.04685047901042 0.2282
-7.04696299401262 0.2283
-7.04707166260519 0.2284
-7.04716027805289 0.2285
-7.04724859525832 0.2286
-7.04732708339503 0.2287
-7.04740288200914 0.2288
-7.04747924012604 0.2289
-7.04756122787572 0.229
-7.0476474774406 0.2291
-7.04773538191273 0.2292
-7.04781659991342 0.2293
-7.04788040762781 0.2294
-7.04793081583439 0.2295
-7.04797038052504 0.2296
-7.04799344679527 0.2297
-7.04799698560127 0.2298
-7.04798982315427 0.2299
-7.04797647169159 0.23
-7.04796290763037 0.2301
-7.04795310917647 0.2302
-7.04793499929581 0.2303
-7.04792594473257 0.2304
-7.04790223276153 0.2305
-7.04789086505148 0.2306
-7.04788029568592 0.2307
-7.04787084538563 0.2308
-7.04786850729952 0.2309
-7.04786363805118 0.231
-7.04784873728936 0.2311
-7.04784962522735 0.2312
-7.04784381450113 0.2313
-7.04783884373015 0.2314
-7.04783215560983 0.2315
-7.04782735660014 0.2316
-7.0478182749944 0.2317
-7.0478101210686 0.2318
-7.04781991902743 0.2319
-7.0478340862902 0.232
-7.04784044282733 0.2321
-7.04786383685702 0.2322
-7.04788800133245 0.2323
-7.04790257001903 0.2324
-7.04791139469826 0.2325
-7.04791292720276 0.2326
-7.04789760590405 0.2327
-7.04787673080946 0.2328
-7.04785909715318 0.2329
-7.04782899448874 0.233
-7.04779132018233 0.2331
-7.0477520531701 0.2332
-7.04770812785873 0.2333
-7.04765805452392 0.2334
-7.0475992104048 0.2335
-7.04753848045333 0.2336
-7.04749516414807 0.2337
-7.0474514874284 0.2338
-7.04739918585683 0.2339
-7.04734462700391 0.234
-7.04728724072073 0.2341
-7.04723269994298 0.2342
-7.04717067983885 0.2343
-7.04711194566622 0.2344
-7.04706358655911 0.2345
-7.04701513689951 0.2346
-7.04695157587292 0.2347
-7.04689634244601 0.2348
-7.04683303891016 0.2349
-7.04678354398956 0.235
-7.04673873205736 0.2351
-7.04668231761609 0.2352
-7.04662466957238 0.2353
-7.04655735105991 0.2354
-7.04648556027347 0.2355
-7.04641539787498 0.2356
-7.04634330306088 0.2357
-7.04626397253626 0.2358
-7.04619504927512 0.2359
-7.04612303223979 0.236
-7.04605518957585 0.2361
-7.0459884817961 0.2362
-7.04592788564877 0.2363
-7.04586386862933 0.2364
-7.04580853533708 0.2365
-7.04576714624202 0.2366
-7.04573475362209 0.2367
-7.0456916595858 0.2368
-7.0456608399788 0.2369
-7.0456366420214 0.237
-7.04562215010449 0.2371
-7.04560972474075 0.2372
-7.04560063069039 0.2373
-7.04558054542539 0.2374
-7.04556634761995 0.2375
-7.04555649903623 0.2376
-7.04554335437828 0.2377
-7.04553210079485 0.2378
-7.04551028362745 0.2379
-7.04549844554818 0.238
-7.04548258222145 0.2381
-7.04546258532994 0.2382
-7.04542172943931 0.2383
-7.04537039444843 0.2384
-7.04529182372942 0.2385
-7.0452149512364 0.2386
-7.0451410760213 0.2387
-7.04506171181456 0.2388
-7.0449647104311 0.2389
-7.04485545316615 0.239
-7.04475390978132 0.2391
-7.04465269198472 0.2392
-7.04455037692844 0.2393
-7.04445867186793 0.2394
-7.04438957224763 0.2395
-7.0443336884742 0.2396
-7.0443024235799 0.2397
-7.04428460446555 0.2398
-7.04428020199575 0.2399
-7.04428288889871 0.24
-7.04430759088805 0.2401
-7.04434671747577 0.2402
-7.04440538390875 0.2403
-7.0444923693772 0.2404
-7.04460237160811 0.2405
-7.04472939885097 0.2406
-7.04486441925668 0.2407
-7.04500909442036 0.2408
-7.04514548786461 0.2409
-7.04528275281436 0.241
-7.04540864826583 0.2411
-7.04551888149889 0.2412
-7.04561645392712 0.2413
-7.04570100143237 0.2414
-7.0457804094568 0.2415
-7.04585746074699 0.2416
-7.04591811600829 0.2417
-7.04597742873826 0.2418
-7.04603704998939 0.2419
-7.04611201061428 0.242
-7.04618414329075 0.2421
-7.04627333608726 0.2422
-7.04634907324566 0.2423
-7.0464234063085 0.2424
-7.04648030944485 0.2425
-7.04653348601799 0.2426
-7.04656694550794 0.2427
-7.04660908345458 0.2428
-7.04663636110455 0.2429
-7.04664793246027 0.243
-7.04665676286175 0.2431
-7.04665286647069 0.2432
-7.04662173826998 0.2433
-7.04659677933068 0.2434
-7.04656645063227 0.2435
-7.0465403051285 0.2436
-7.04651460840638 0.2437
-7.04647499159655 0.2438
-7.04643516934896 0.2439
-7.04638937374077 0.244
-7.04634342062725 0.2441
-7.04630131725602 0.2442
-7.04625236303312 0.2443
-7.04620064008039 0.2444
-7.04615946582602 0.2445
-7.04611494793985 0.2446
-7.04607980093116 0.2447
-7.04604985910546 0.2448
-7.04601508940978 0.2449
-7.04598266289619 0.245
-7.04595795276458 0.2451
-7.04593283296554 0.2452
-7.04592482748277 0.2453
-7.04592437424975 0.2454
-7.04592689793317 0.2455
-7.04593108829828 0.2456
-7.04593249436965 0.2457
-7.04594523914815 0.2458
-7.04595686045063 0.2459
-7.04597693304144 0.246
-7.04599297270665 0.2461
-7.04599936306765 0.2462
-7.0459969669805 0.2463
-7.04600131860304 0.2464
-7.04602085652969 0.2465
-7.0460326643719 0.2466
-7.04604908548599 0.2467
-7.0460393107417 0.2468
-7.04604162986243 0.2469
-7.0460493111753 0.247
-7.04606397769423 0.2471
-7.046077341651 0.2472
-7.04608747742279 0.2473
-7.04609472215302 0.2474
-7.04610102376253 0.2475
-7.04610899132369 0.2476
-7.04610114563275 0.2477
-7.04609985195953 0.2478
-7.0460955739253 0.2479
-7.04608527222428 0.248
-7.04606844664378 0.2481
-7.04604612499241 0.2482
-7.04600788960909 0.2483
-7.04597143444074 0.2484
-7.04592278855773 0.2485
-7.04588004043387 0.2486
-7.04584370070676 0.2487
-7.04582609309063 0.2488
-7.0458252580022 0.2489
-7.04583357074716 0.249
-7.04584654278488 0.2491
-7.04586175328231 0.2492
-7.04587925933091 0.2493
-7.04590276680981 0.2494
-7.04593740038052 0.2495
-7.04596882430378 0.2496
-7.04600755947286 0.2497
-7.04604866146878 0.2498
-7.04610174015299 0.2499
-7.0461625829556 0.25
-7.04622929837532 0.2501
-7.04630110117269 0.2502
-7.04637637720839 0.2503
-7.04644838280479 0.2504
-7.04653843347613 0.2505
-7.04662726888898 0.2506
-7.04671117543283 0.2507
-7.0467897296189 0.2508
-7.04685382356965 0.2509
-7.04692460090974 0.251
-7.04698237393118 0.2511
-7.04702215016323 0.2512
-7.04704122585502 0.2513
-7.04704946629069 0.2514
-7.04704689151821 0.2515
-7.04703409892386 0.2516
-7.04701613537969 0.2517
-7.04697426267577 0.2518
-7.04692906899679 0.2519
-7.04688042715919 0.252
-7.04682186661828 0.2521
-7.046774874134 0.2522
-7.04673079457587 0.2523
-7.04667112244023 0.2524
-7.04659729176292 0.2525
-7.04653485237287 0.2526
-7.04645031829889 0.2527
-7.04636002292403 0.2528
-7.04626633032771 0.2529
-7.04617687038773 0.253
-7.04608969932646 0.2531
-7.04600401937543 0.2532
-7.04591887042328 0.2533
-7.04583946627348 0.2534
-7.04575083085982 0.2535
-7.04567156737165 0.2536
-7.04560391004237 0.2537
-7.04553645206735 0.2538
-7.04547712985174 0.2539
-7.04542218558091 0.254
-7.04537366858507 0.2541
-7.04532348230307 0.2542
-7.04527638109256 0.2543
-7.04523107003723 0.2544
-7.0451858883527 0.2545
-7.04514628073886 0.2546
-7.04512719158005 0.2547
-7.04510430582397 0.2548
-7.04508855961687 0.2549
-7.04506176906071 0.255
-7.04503579883599 0.2551
-7.0450137189888 0.2552
-7.04498881521298 0.2553
-7.04497253253389 0.2554
-7.04495755125654 0.2555
-7.04493452530726 0.2556
-7.04490945750793 0.2557
-7.04486823360374 0.2558
-7.04484143867102 0.2559
-7.04481365892443 0.256
-7.04477543381078 0.2561
-7.04472550183363 0.2562
-7.0446647042025 0.2563
-7.0445911544206 0.2564
-7.0445081981159 0.2565
-7.04441760719764 0.2566
-7.04431751010811 0.2567
-7.04419830853981 0.2568
-7.04407773048437 0.2569
-7.04395873930309 0.257
-7.04383775633652 0.2571
-7.04372350266725 0.2572
-7.04361773365654 0.2573
-7.04349432241479 0.2574
-7.04337227496696 0.2575
-7.04324760868157 0.2576
-7.0431286204258 0.2577
-7.04300901765014 0.2578
-7.04290118416074 0.2579
-7.04280740778902 0.258
-7.04272198491724 0.2581
-7.04266270797779 0.2582
-7.04260586465969 0.2583
-7.04256670395872 0.2584
-7.04255303593659 0.2585
-7.04255158136893 0.2586
-7.04257247298095 0.2587
-7.04261658617581 0.2588
-7.0426763258531 0.2589
-7.04275750688994 0.259
-7.04286713609826 0.2591
-7.0429829972513 0.2592
-7.0431139163036 0.2593
-7.04325233440064 0.2594
-7.0434070798255 0.2595
-7.04355517728446 0.2596
-7.04369627168109 0.2597
-7.04383479336195 0.2598
-7.043971532879 0.2599
-7.04410015558833 0.26
-7.04421707448552 0.2601
-7.04432690358151 0.2602
-7.04442194503701 0.2603
-7.04449169236893 0.2604
-7.04454584489342 0.2605
-7.04458209673697 0.2606
-7.0445992933092 0.2607
-7.0446109212422 0.2608
-7.04461445486434 0.2609
-7.0445980569215 0.261
-7.04457979369428 0.2611
-7.04455312742594 0.2612
-7.04452043104888 0.2613
-7.04448489158332 0.2614
-7.04445646039569 0.2615
-7.04441509452889 0.2616
-7.04436121907337 0.2617
-7.04431393616863 0.2618
-7.04427648468261 0.2619
-7.04424070112201 0.262
-7.0441880145478 0.2621
-7.04413080865527 0.2622
-7.0440674717917 0.2623
-7.04400876738947 0.2624
-7.04394843776707 0.2625
-7.04390120259364 0.2626
-7.04385255833051 0.2627
-7.04380259598068 0.2628
-7.04377937289303 0.2629
-7.04375791433884 0.263
-7.0437525812729 0.2631
-7.04376629036308 0.2632
-7.04378884474069 0.2633
-7.04382099732351 0.2634
-7.04385461107422 0.2635
-7.0439111095118 0.2636
-7.04396687358385 0.2637
-7.04401486486249 0.2638
-7.044054708348 0.2639
-7.04410141357369 0.264
-7.04414142573988 0.2641
-7.04416615018599 0.2642
-7.04420131661202 0.2643
-7.04424159916836 0.2644
-7.04428816095496 0.2645
-7.04433355879231 0.2646
-7.04437476777675 0.2647
-7.04440463258711 0.2648
-7.04443920527794 0.2649
-7.04447535683693 0.265
-7.0445088160154 0.2651
-7.04453658612142 0.2652
-7.04457704816429 0.2653
-7.04460559031578 0.2654
-7.04462935827903 0.2655
-7.04463638518416 0.2656
-7.04464366587671 0.2657
-7.04465007004291 0.2658
-7.04465749778446 0.2659
-7.04466452519109 0.266
-7.04469195709936 0.2661
-7.04471027543169 0.2662
-7.04474248507176 0.2663
-7.04476705486533 0.2664
-7.04479050723817 0.2665
-7.04480338233156 0.2666
-7.04481758891535 0.2667
-7.04483751829482 0.2668
-7.0448528911078 0.2669
-7.0448751497541 0.267
-7.04488467995485 0.2671
-7.04490649236874 0.2672
-7.04491467760689 0.2673
-7.0449186218762 0.2674
-7.04490653361818 0.2675
-7.04488044725699 0.2676
-7.04484056665678 0.2677
-7.04479185087352 0.2678
-7.04473609556476 0.2679
-7.04467117494788 0.268
-7.04459394095873 0.2681
-7.0445013739021 0.2682
-7.04440865913651 0.2683
-7.04432530511184 0.2684
-7.04422893963811 0.2685
-7.04412158343541 0.2686
-7.04401008345248 0.2687
-7.04388718190968 0.2688
-7.04376141351416 0.2689
-7.04363360745449 0.269
-7.04350615303241 0.2691
-7.04338912349041 0.2692
-7.04326979452879 0.2693
-7.04316082203515 0.2694
-7.04304343006315 0.2695
-7.04292618528931 0.2696
-7.04278878845697 0.2697
-7.04265406110401 0.2698
-7.04252171080708 0.2699
-7.04239107208529 0.27
-7.04227171350651 0.2701
-7.04216306587055 0.2702
-7.04205947282423 0.2703
-7.04196994248319 0.2704
-7.04189593817315 0.2705
-7.04183649717118 0.2706
-7.04178993775559 0.2707
-7.04175954388153 0.2708
-7.04174403417261 0.2709
-7.04174288581891 0.271
-7.04176509097458 0.2711
-7.04178703653139 0.2712
-7.04182613872257 0.2713
-7.04187702007984 0.2714
-7.04194211665618 0.2715
-7.04201511164649 0.2716
-7.04209448678041 0.2717
-7.04218109000195 0.2718
-7.04227217792135 0.2719
-7.04237619434707 0.272
-7.04247269348233 0.2721
-7.04256817368012 0.2722
-7.04265722534827 0.2723
-7.04272645429666 0.2724
-7.0427921901952 0.2725
-7.04284531658234 0.2726
-7.04287283926023 0.2727
-7.04290370229765 0.2728
-7.04293433510163 0.2729
-7.04296337799022 0.273
-7.04300438382855 0.2731
-7.04304635223122 0.2732
-7.04308255344772 0.2733
-7.04311571044394 0.2734
-7.04315455299179 0.2735
-7.04318037753394 0.2736
-7.04319970100893 0.2737
-7.04321177613488 0.2738
-7.04322089725747 0.2739
-7.04321183694652 0.274
-7.04320346111541 0.2741
-7.0432030378294 0.2742
-7.04319594026214 0.2743
-7.04318380441847 0.2744
-7.04317547891713 0.2745
-7.04316284181021 0.2746
-7.04314177362559 0.2747
-7.04312703105543 0.2748
-7.04313426352252 0.2749
-7.04316544171665 0.275
-7.04320498573747 0.2751
-7.04326681263801 0.2752
-7.04333183206577 0.2753
-7.04339348355244 0.2754
-7.04344919595986 0.2755
-7.04351401554517 0.2756
-7.04357671510004 0.2757
-7.043648649697 0.2758
-7.04371820056411 0.2759
-7.04377466019232 0.276
-7.04382518379414 0.2761
-7.04386467540144 0.2762
-7.04389607548146 0.2763
-7.0439335746963 0.2764
-7.04397077489545 0.2765
-7.0440093897136 0.2766
-7.04404345782324 0.2767
-7.04406833400422 0.2768
-7.04410303729141 0.2769
-7.04413854769805 0.277
-7.04416948797339 0.2771
-7.04419850153549 0.2772
-7.04423726573272 0.2773
-7.04427964996196 0.2774
-7.04432186153812 0.2775
-7.04436733619872 0.2776
-7.04441202845275 0.2777
-7.04444028370607 0.2778
-7.04445085088376 0.2779
-7.04445615222948 0.278
-7.04445455259065 0.2781
-7.04443246624484 0.2782
-7.04438148797909 0.2783
-7.04430632850125 0.2784
-7.04421800560054 0.2785
-7.04411978826917 0.2786
-7.04400643980147 0.2787
-7.04387950287188 0.2788
-7.04375027990036 0.2789
-7.04362438761401 0.279
-7.04349531114148 0.2791
-7.0433462172426 0.2792
-7.04319383151724 0.2793
-7.04304984177924 0.2794
-7.04290031092065 0.2795
-7.04275853167605 0.2796
-7.04261592502493 0.2797
-7.042481502084 0.2798
-7.04236128219076 0.2799
-7.04223455183726 0.28
-7.04209637210691 0.2801
-7.04197594887273 0.2802
-7.04185932947016 0.2803
-7.04176787890462 0.2804
-7.04167696337666 0.2805
-7.04161463048386 0.2806
-7.04156487841378 0.2807
-7.04153273163315 0.2808
-7.0414983550584 0.2809
-7.04145793351745 0.281
-7.04142156226262 0.2811
-7.04138737247254 0.2812
-7.0413528713954 0.2813
-7.04132755255801 0.2814
-7.04130917913236 0.2815
-7.04130868773756 0.2816
-7.04131220941956 0.2817
-7.0413032009609 0.2818
-7.04131575583868 0.2819
-7.04131871670483 0.282
-7.04133715122759 0.2821
-7.04135098605083 0.2822
-7.04137206067868 0.2823
-7.04138927357793 0.2824
-7.04142676138562 0.2825
-7.0414606629784 0.2826
-7.0415048173877 0.2827
-7.04155000026705 0.2828
-7.04159136148207 0.2829
-7.04164728955279 0.283
-7.04171075867204 0.2831
-7.04178797833696 0.2832
-7.04186717564074 0.2833
-7.04194692787447 0.2834
-7.04203136692541 0.2835
-7.04212290726796 0.2836
-7.04220056011505 0.2837
-7.04228491338743 0.2838
-7.04236631763017 0.2839
-7.04243192073507 0.284
-7.04249621024817 0.2841
-7.04256646847182 0.2842
-7.04261849838131 0.2843
-7.0426450043497 0.2844
-7.04266358955679 0.2845
-7.04267320549302 0.2846
-7.04268659720538 0.2847
-7.04269288254603 0.2848
-7.04270081969331 0.2849
-7.04270093490777 0.285
-7.04269671663107 0.2851
-7.04267160861243 0.2852
-7.04264349887765 0.2853
-7.04260854023382 0.2854
-7.04256020105364 0.2855
-7.04250814323281 0.2856
-7.04245987345498 0.2857
-7.04240496147615 0.2858
-7.04233775924818 0.2859
-7.04228819651734 0.286
-7.0422395587918 0.2861
-7.04220718202675 0.2862
-7.04218981518907 0.2863
-7.04218771853749 0.2864
-7.04218374116393 0.2865
-7.04218775391665 0.2866
-7.04221998946789 0.2867
-7.04225141452514 0.2868
-7.04228290330906 0.2869
-7.04231783641621 0.287
-7.04237325879122 0.2871
-7.04243645730958 0.2872
-7.04250026489559 0.2873
-7.04256319644258 0.2874
-7.04263776711693 0.2875
-7.04271904261177 0.2876
-7.04279783487493 0.2877
-7.04288394636279 0.2878
-7.0429759081139 0.2879
-7.04306683241239 0.288
-7.04315603775284 0.2881
-7.04322827496137 0.2882
-7.04327639877261 0.2883
-7.04331391147909 0.2884
-7.04333961598986 0.2885
-7.04335436312947 0.2886
-7.04335220125657 0.2887
-7.04334663870357 0.2888
-7.04332903454074 0.2889
-7.04329537579543 0.289
-7.04325340447341 0.2891
-7.0431988674617 0.2892
-7.04313265082043 0.2893
-7.04304938602773 0.2894
-7.04295325746564 0.2895
-7.04285570330911 0.2896
-7.04275299795928 0.2897
-7.0426304040149 0.2898
-7.04250673716351 0.2899
-7.04238355493848 0.29
-7.04224506622218 0.2901
-7.04210923817206 0.2902
-7.0419675914958 0.2903
-7.04183226926757 0.2904
-7.04171112713153 0.2905
-7.04158880418504 0.2906
-7.04148372131017 0.2907
-7.04138389966974 0.2908
-7.04129777219536 0.2909
-7.04121695247897 0.291
-7.04116340622617 0.2911
-7.0411279753998 0.2912
-7.04110596814756 0.2913
-7.04110880506185 0.2914
-7.04112741530998 0.2915
-7.04117217158188 0.2916
-7.04123728058464 0.2917
-7.04130749073489 0.2918
-7.04139170158995 0.2919
-7.04147790727884 0.292
-7.04155907925301 0.2921
-7.04165666146362 0.2922
-7.04175099315401 0.2923
-7.04186079773759 0.2924
-7.04196610181787 0.2925
-7.04207040723423 0.2926
-7.04218225115995 0.2927
-7.04230186900338 0.2928
-7.04240375784782 0.2929
-7.04249868766917 0.293
-7.04259704538693 0.2931
-7.04268081810695 0.2932
-7.04275039508095 0.2933
-7.04279997256492 0.2934
-7.0428343734352 0.2935
-7.04285531488093 0.2936
-7.04286156219747 0.2937
-7.04285040707734 0.2938
-7.04282089716032 0.2939
-7.04277963840293 0.294
-7.04272096778933 0.2941
-7.04264242392903 0.2942
-7.04256090925223 0.2943
-7.04246264043042 0.2944
-7.04236569452908 0.2945
-7.04227508460227 0.2946
-7.04218288944021 0.2947
-7.04210327627169 0.2948
-7.04203134774747 0.2949
-7.041949380909 0.295
-7.04187687229249 0.2951
-7.04179916950954 0.2952
-7.04172404233097 0.2953
-7.04165530850258 0.2954
-7.04159755047844 0.2955
-7.04153074868069 0.2956
-7.04146348267751 0.2957
-7.04139414398153 0.2958
-7.04134544588746 0.2959
-7.04131337604368 0.296
-7.04129789734145 0.2961
-7.0412937792344 0.2962
-7.04128396280129 0.2963
-7.04127089633759 0.2964
-7.04125357419812 0.2965
-7.04124177415139 0.2966
-7.04122833589054 0.2967
-7.04123316706242 0.2968
-7.04123916374315 0.2969
-7.04124522418581 0.297
-7.04124858029805 0.2971
-7.04125144418336 0.2972
-7.04125334477869 0.2973
-7.04124613601926 0.2974
-7.04125010250054 0.2975
-7.04124131532566 0.2976
-7.04123107883523 0.2977
-7.04123981390081 0.2978
-7.04125872887073 0.2979
-7.04127917122926 0.298
-7.04129458342048 0.2981
-7.04130800301576 0.2982
-7.04130793928606 0.2983
-7.04133133311167 0.2984
-7.04136761933136 0.2985
-7.04141755635636 0.2986
-7.04147001458939 0.2987
-7.04152168408465 0.2988
-7.04158224431801 0.2989
-7.04164328988518 0.299
-7.04171827713061 0.2991
-7.04180337446285 0.2992
-7.04189726983724 0.2993
-7.04199818620006 0.2994
-7.04209980801126 0.2995
-7.04219536157973 0.2996
-7.04229567119151 0.2997
-7.0423948245407 0.2998
-7.04250332615477 0.2999
-7.04260803154532 0.3
-7.04270303278028 0.3001
-7.04277480167841 0.3002
-7.04282443328266 0.3003
-7.0428548511726 0.3004
-7.04288614806608 0.3005
-7.04289471127881 0.3006
-7.04288114062802 0.3007
-7.04286390730248 0.3008
-7.04283422677871 0.3009
-7.0427885641754 0.301
-7.04273877090985 0.3011
-7.04268869734131 0.3012
-7.04263543643547 0.3013
-7.04258843241761 0.3014
-7.04253470802305 0.3015
-7.04246636879956 0.3016
-7.04239096287639 0.3017
-7.04230305020155 0.3018
-7.04219538891662 0.3019
-7.04208001149955 0.302
-7.0419497573622 0.3021
-7.04181140543276 0.3022
-7.04166679776651 0.3023
-7.04152493038643 0.3024
-7.04137985417817 0.3025
-7.04123332220768 0.3026
-7.04106006689579 0.3027
-7.04088889878421 0.3028
-7.04071104851677 0.3029
-7.0405289995094 0.303
-7.04033951385789 0.3031
-7.04017358493089 0.3032
-7.04000418293229 0.3033
-7.03984181523826 0.3034
-7.03970381891045 0.3035
-7.03958282977994 0.3036
-7.03948939793339 0.3037
-7.03942604629427 0.3038
-7.03937603911372 0.3039
-7.03935754916219 0.304
-7.03935940673473 0.3041
-7.03938027517049 0.3042
-7.03942910191247 0.3043
-7.03950039385411 0.3044
-7.03957998163371 0.3045
-7.0396677921795 0.3046
-7.03975486181489 0.3047
-7.03984988509822 0.3048
-7.03995193575554 0.3049
-7.04004662372504 0.305
-7.04013304046942 0.3051
-7.04021817850199 0.3052
-7.04028890194314 0.3053
-7.04035237873407 0.3054
-7.04039343732333 0.3055
-7.04042730618641 0.3056
-7.04045865942585 0.3057
-7.04047683041966 0.3058
-7.04047991855934 0.3059
-7.04047639509991 0.306
-7.04045975047722 0.3061
-7.04040698582768 0.3062
-7.04033657389629 0.3063
-7.04025178864736 0.3064
-7.04015701908599 0.3065
-7.04005626203562 0.3066
-7.03994710429977 0.3067
-7.0398422967116 0.3068
-7.03973354050962 0.3069
-7.03962104802408 0.307
-7.03952009310234 0.3071
-7.0394293432927 0.3072
-7.03934785358729 0.3073
-7.03927545065883 0.3074
-7.03921344306373 0.3075
-7.03916491027549 0.3076
-7.039124086076 0.3077
-7.03909846377201 0.3078
-7.03908728590075 0.3079
-7.03909009149944 0.308
-7.03910399859975 0.3081
-7.0391285470549 0.3082
-7.03918154688496 0.3083
-7.03925169833517 0.3084
-7.03934209937197 0.3085
-7.03944025531146 0.3086
-7.03954942472871 0.3087
-7.03965486182888 0.3088
-7.03975606392328 0.3089
-7.03984405512702 0.309
-7.0399219170476 0.3091
-7.03998989548444 0.3092
-7.04003293313537 0.3093
-7.04007343136717 0.3094
-7.04009135903022 0.3095
-7.04009426442429 0.3096
-7.04008500257037 0.3097
-7.04006547397366 0.3098
-7.04003609125931 0.3099
-7.03999916295215 0.31
-7.03994122312758 0.3101
-7.03988717091189 0.3102
-7.03982106730616 0.3103
-7.03974619355472 0.3104
-7.03965893863587 0.3105
-7.03956934984049 0.3106
-7.0394948482504 0.3107
-7.0394260313212 0.3108
-7.03936815811818 0.3109
-7.03929993555918 0.311
-7.03923236279755 0.3111
-7.0391717231005 0.3112
-7.03913284120525 0.3113
-7.03910525149522 0.3114
-7.03908078520267 0.3115
-7.03906139619568 0.3116
-7.03902855519338 0.3117
-7.03900257319065 0.3118
-7.03898015107345 0.3119
-7.03896103300224 0.312
-7.03894452635761 0.3121
-7.03891862416546 0.3122
-7.03890063361211 0.3123
-7.03888126614242 0.3124
-7.0388420579492 0.3125
-7.03880811785529 0.3126
-7.03878030996898 0.3127
-7.0387471098572 0.3128
-7.03871332497098 0.3129
-7.03868019501871 0.313
-7.03865353839639 0.3131
-7.03861437964646 0.3132
-7.03856868144708 0.3133
-7.03853361424626 0.3134
-7.03849033115953 0.3135
-7.0384412541603 0.3136
-7.03839705023231 0.3137
-7.03836072481621 0.3138
-7.03832792165857 0.3139
-7.03829606543087 0.314
-7.03826672047739 0.3141
-7.03823285276312 0.3142
-7.03820282595103 0.3143
-7.03816574091045 0.3144
-7.03811673814901 0.3145
-7.03806376324376 0.3146
-7.03801079427903 0.3147
-7.03794667195102 0.3148
-7.03786980202148 0.3149
-7.03779532796107 0.315
-7.03772316093023 0.3151
-7.03765471161338 0.3152
-7.03760079864166 0.3153
-7.03755918282121 0.3154
-7.03752620071905 0.3155
-7.03749876597533 0.3156
-7.03747861096737 0.3157
-7.03746873674736 0.3158
-7.03746619511059 0.3159
-7.03746547473541 0.316
-7.03747237555863 0.3161
-7.0374861350143 0.3162
-7.03751608440386 0.3163
-7.03754925398382 0.3164
-7.03758867875689 0.3165
-7.03762251346849 0.3166
-7.03766292284367 0.3167
-7.03770465658871 0.3168
-7.03776141698945 0.3169
-7.03782532852 0.317
-7.03789169879807 0.3171
-7.03796479100651 0.3172
-7.03804235036566 0.3173
-7.03812533203669 0.3174
-7.03820451956448 0.3175
-7.0382731814066 0.3176
-7.03831972407171 0.3177
-7.03834673516931 0.3178
-7.03835594534487 0.3179
-7.03835058378793 0.318
-7.03835150363875 0.3181
-7.03834268462692 0.3182
-7.03833088063722 0.3183
-7.03831652494813 0.3184
-7.03829870208602 0.3185
-7.03827274579524 0.3186
-7.03822917276371 0.3187
-7.0381826753678 0.3188
-7.03812228720468 0.3189
-7.03805465296851 0.319
-7.03797097501254 0.3191
-7.03789340277068 0.3192
-7.03783138521716 0.3193
-7.03775789333294 0.3194
-7.03768192534871 0.3195
-7.03761830410193 0.3196
-7.03754622783537 0.3197
-7.03746678650785 0.3198
-7.03737605174905 0.3199
-7.03730749285417 0.32
-7.03725752959156 0.3201
-7.03721956792414 0.3202
-7.03718478584848 0.3203
-7.0371668067438 0.3204
-7.03715610167161 0.3205
-7.0371434108686 0.3206
-7.0371341429049 0.3207
-7.03712842461965 0.3208
-7.03714142130619 0.3209
-7.03716219806815 0.321
-7.03718897307142 0.3211
-7.03721820319516 0.3212
-7.03724271510239 0.3213
-7.03727128249034 0.3214
-7.03731313145431 0.3215
-7.03735184936769 0.3216
-7.03740829152765 0.3217
-7.037445910367 0.3218
-7.03750085997877 0.3219
-7.03755830082387 0.322
-7.03761099050367 0.3221
-7.03766147302305 0.3222
-7.03771631010019 0.3223
-7.03777420427696 0.3224
-7.0378370799399 0.3225
-7.0378986077966 0.3226
-7.0379692061385 0.3227
-7.03804684670293 0.3228
-7.03813697304159 0.3229
-7.03820892903694 0.323
-7.03827972946486 0.3231
-7.03835127309341 0.3232
-7.03843686539299 0.3233
-7.03853395160646 0.3234
-7.03863932020621 0.3235
-7.03874446193962 0.3236
-7.0388328014382 0.3237
-7.03893508753386 0.3238
-7.03904535772561 0.3239
-7.03915263888838 0.324
-7.03926348297861 0.3241
-7.03935366647147 0.3242
-7.03944633497997 0.3243
-7.03953464449468 0.3244
-7.03962127771571 0.3245
-7.0397113039958 0.3246
-7.03979955802566 0.3247
-7.03987500401774 0.3248
-7.03993281541324 0.3249
-7.03997740679353 0.325
-7.0399884514772 0.3251
-7.03998257583679 0.3252
-7.03995761006513 0.3253
-7.03990983096494 0.3254
-7.03983935941838 0.3255
-7.03975181246904 0.3256
-7.03964790415327 0.3257
-7.03954333560105 0.3258
-7.03943744647856 0.3259
-7.03932577957972 0.326
-7.03921824322481 0.3261
-7.03910574906128 0.3262
-7.03899008436589 0.3263
-7.03888543808187 0.3264
-7.03877903801793 0.3265
-7.03867666189477 0.3266
-7.03857072052285 0.3267
-7.03846127745781 0.3268
-7.03837014029177 0.3269
-7.03828927727413 0.327
-7.03821095966143 0.3271
-7.03812881455954 0.3272
-7.03805556708874 0.3273
-7.03800129851316 0.3274
-7.0379672056591 0.3275
-7.03792434169822 0.3276
-7.03786866736616 0.3277
-7.0378038292678 0.3278
-7.03774362396806 0.3279
-7.03769019695794 0.328
-7.03762676551802 0.3281
-7.03756205150523 0.3282
-7.03748980006055 0.3283
-7.03741017246451 0.3284
-7.03733271891238 0.3285
-7.03724983659013 0.3286
-7.03716812790897 0.3287
-7.0370806147592 0.3288
-7.03700032432783 0.3289
-7.03691484830294 0.329
-7.03683374241114 0.3291
-7.03676145624313 0.3292
-7.0367055300442 0.3293
-7.03665952446773 0.3294
-7.03662493785002 0.3295
-7.03659431153153 0.3296
-7.03658143927248 0.3297
-7.03658212050332 0.3298
-7.03658874204636 0.3299
-7.03661216608403 0.33
-7.03663986951265 0.3301
-7.0366755495756 0.3302
-7.03671583231744 0.3303
-7.0367588253449 0.3304
-7.03680978039337 0.3305
-7.03686875008969 0.3306
-7.03692780967353 0.3307
-7.03697737131217 0.3308
-7.03702545380199 0.3309
-7.03704858606832 0.331
-7.03706985200335 0.3311
-7.03709038416187 0.3312
-7.03710013813752 0.3313
-7.03710726227789 0.3314
-7.03710385023961 0.3315
-7.03709004275847 0.3316
-7.03704577519923 0.3317
-7.03697993412957 0.3318
-7.03692199408468 0.3319
-7.03686987079763 0.332
-7.03683265148778 0.3321
-7.03681940762613 0.3322
-7.03681730013287 0.3323
-7.03682891444543 0.3324
-7.03685314500241 0.3325
-7.03689092878245 0.3326
-7.03694034546586 0.3327
-7.03699156078598 0.3328
-7.03704228247773 0.3329
-7.03709856652071 0.333
-7.03715792087129 0.3331
-7.03722757750193 0.3332
-7.03731096579883 0.3333
-7.03739584470945 0.3334
-7.03748776180306 0.3335
-7.03756303693206 0.3336
-7.03764060458468 0.3337
-7.03771260756897 0.3338
-7.03779076638237 0.3339
-7.03786259895326 0.334
-7.03792164406398 0.3341
-7.03798241117592 0.3342
-7.0380384563419 0.3343
-7.03808914870244 0.3344
-7.0381322662675 0.3345
-7.03815818751734 0.3346
-7.03817559987935 0.3347
-7.03817787535547 0.3348
-7.03816621671044 0.3349
-7.03814001539756 0.335
-7.03810752161139 0.3351
-7.03807679584148 0.3352
-7.03804593320545 0.3353
-7.03801067493069 0.3354
-7.03797929440148 0.3355
-7.03794134347968 0.3356
-7.03788520050236 0.3357
-7.03781159158553 0.3358
-7.03773565177952 0.3359
-7.03765585024778 0.336
-7.03756771161353 0.3361
-7.03745213153597 0.3362
-7.03732205062224 0.3363
-7.03718732103884 0.3364
-7.03705064356383 0.3365
-7.0369217820545 0.3366
-7.03679141681482 0.3367
-7.03665979782155 0.3368
-7.03653388922879 0.3369
-7.03641623016734 0.337
-7.03630416689031 0.3371
-7.03620516855434 0.3372
-7.0361126361907 0.3373
-7.03602709400114 0.3374
-7.0359352991334 0.3375
-7.03585925557218 0.3376
-7.03578452929535 0.3377
-7.03571998743493 0.3378
-7.03567555360208 0.3379
-7.03565124904015 0.338
-7.03562498282529 0.3381
-7.03560121036097 0.3382
-7.03558847264351 0.3383
-7.0355758905987 0.3384
-7.03556300805258 0.3385
-7.03555364997173 0.3386
-7.03555914641746 0.3387
-7.03557641183398 0.3388
-7.03560969049038 0.3389
-7.0356424385314 0.339
-7.03567511498281 0.3391
-7.0357034343176 0.3392
-7.03574266448888 0.3393
-7.0357803469617 0.3394
-7.03581671175299 0.3395
-7.03584677359913 0.3396
-7.03587314662815 0.3397
-7.03588432767651 0.3398
-7.03589310177346 0.3399
-7.03588514665235 0.34
-7.03586816745477 0.3401
-7.03584867391359 0.3402
-7.0358276884604 0.3403
-7.03578868798884 0.3404
-7.03574020818305 0.3405
-7.03567819139024 0.3406
-7.03560212350014 0.3407
-7.03551598196867 0.3408
-7.03541598250235 0.3409
-7.03529759328809 0.341
-7.03517602919351 0.3411
-7.03504864261998 0.3412
-7.03491708546736 0.3413
-7.03477868699794 0.3414
-7.03465294441106 0.3415
-7.03454058292603 0.3416
-7.03443775848707 0.3417
-7.03435280977234 0.3418
-7.0342780016374 0.3419
-7.03421325860076 0.342
-7.03415812647594 0.3421
-7.0341256100039 0.3422
-7.0340923395476 0.3423
-7.03407906200317 0.3424
-7.03407268041619 0.3425
-7.03407007401045 0.3426
-7.03406956345193 0.3427
-7.03407126813026 0.3428
-7.03408123908248 0.3429
-7.03408926257843 0.343
-7.03412304381925 0.3431
-7.03418208915927 0.3432
-7.03425343022709 0.3433
-7.03433822454663 0.3434
-7.03444469154373 0.3435
-7.03456994903276 0.3436
-7.03470019013792 0.3437
-7.03483346336484 0.3438
-7.03497310977599 0.3439
-7.03510839226427 0.344
-7.03523778994449 0.3441
-7.03536872718761 0.3442
-7.03549811234292 0.3443
-7.03561504409599 0.3444
-7.03570091498754 0.3445
-7.03576205406225 0.3446
-7.03581553269011 0.3447
-7.03586478633942 0.3448
-7.03590922796034 0.3449
-7.03595126338527 0.345
-7.03597770845564 0.3451
-7.03598453577068 0.3452
-7.03597558565007 0.3453
-7.03594571172546 0.3454
-7.03590511134655 0.3455
-7.03585204065715 0.3456
-7.03579681288593 0.3457
-7.03574963971944 0.3458
-7.03568650678521 0.3459
-7.03561469765433 0.346
-7.03554207610858 0.3461
-7.03547091978006 0.3462
-7.03538456505941 0.3463
-7.03530624604306 0.3464
-7.03524762385139 0.3465
-7.03519765921077 0.3466
-7.03516345918425 0.3467
-7.03513348997719 0.3468
-7.03512730421768 0.3469
-7.03512382633042 0.347
-7.03512784846038 0.3471
-7.03514706412687 0.3472
-7.03517337170209 0.3473
-7.03520836561614 0.3474
-7.03524209406722 0.3475
-7.03528306582569 0.3476
-7.03533864582945 0.3477
-7.03540453548374 0.3478
-7.0354698168738 0.3479
-7.03554688615778 0.348
-7.03562003162677 0.3481
-7.03568978385562 0.3482
-7.03576103139728 0.3483
-7.03584788961362 0.3484
-7.03592984488005 0.3485
-7.03601526998089 0.3486
-7.03609235430164 0.3487
-7.03617087203827 0.3488
-7.03623677878045 0.3489
-7.03628586395523 0.349
-7.03633397315101 0.3491
-7.03636679581739 0.3492
-7.03639831251121 0.3493
-7.03641256863741 0.3494
-7.03642156473281 0.3495
-7.03642320180635 0.3496
-7.03641834560705 0.3497
-7.03639897418787 0.3498
-7.03637836339665 0.3499
-7.03635209877665 0.35
-7.03633858177924 0.3501
-7.03633156090793 0.3502
-7.03634657244078 0.3503
-7.03636836098133 0.3504
-7.03640211283564 0.3505
-7.03644346072728 0.3506
-7.03649237194411 0.3507
-7.03656567969767 0.3508
-7.0366406475948 0.3509
-7.03671742936135 0.351
-7.03678559558707 0.3511
-7.03686407993618 0.3512
-7.03693438738522 0.3513
-7.03699105553022 0.3514
-7.03704417581231 0.3515
-7.03710622853169 0.3516
-7.03715968832863 0.3517
-7.03721559000587 0.3518
-7.03729471516328 0.3519
-7.03737670155317 0.352
-7.03745242993799 0.3521
-7.03753554277485 0.3522
-7.03760740013858 0.3523
-7.03767307554937 0.3524
-7.03772282490609 0.3525
-7.03777420677787 0.3526
-7.03781026067646 0.3527
-7.03784233598894 0.3528
-7.03786075307512 0.3529
-7.03785614989672 0.353
-7.03784594226965 0.3531
-7.03782433250442 0.3532
-7.03778764770311 0.3533
-7.03773690977734 0.3534
-7.03768631806089 0.3535
-7.03763955722544 0.3536
-7.03757865733626 0.3537
-7.03749635618932 0.3538
-7.03739545195153 0.3539
-7.03726223839421 0.354
-7.03712488229464 0.3541
-7.03697748404822 0.3542
-7.03682248640788 0.3543
-7.03666254784661 0.3544
-7.03649672510309 0.3545
-7.03633237986381 0.3546
-7.03616931757632 0.3547
-7.0360272789558 0.3548
-7.03589116559509 0.3549
-7.03575004913189 0.355
-7.03562061022121 0.3551
-7.03548908658798 0.3552
-7.03535557766028 0.3553
-7.03522054542209 0.3554
-7.03508153066604 0.3555
-7.03493825417182 0.3556
-7.03479117111306 0.3557
-7.03465313231868 0.3558
-7.03452036659278 0.3559
-7.03440159715712 0.356
-7.03429000415433 0.3561
-7.03418759402326 0.3562
-7.03409217305739 0.3563
-7.03399341825578 0.3564
-7.03389733002715 0.3565
-7.03381249061498 0.3566
-7.03373273449821 0.3567
-7.03365025174701 0.3568
-7.03357371225586 0.3569
-7.03351079115371 0.357
-7.03346099233322 0.3571
-7.03341573799575 0.3572
-7.03339067256835 0.3573
-7.03339235300392 0.3574
-7.0334159968594 0.3575
-7.03344484763947 0.3576
-7.03347460804864 0.3577
-7.03352267949578 0.3578
-7.03357444928421 0.3579
-7.03361904080774 0.358
-7.03366051875066 0.3581
-7.03369422599253 0.3582
-7.0337257874124 0.3583
-7.03375968377072 0.3584
-7.03379540501107 0.3585
-7.03383219276864 0.3586
-7.03387298070023 0.3587
-7.03390753541215 0.3588
-7.03394468893163 0.3589
-7.033983006208 0.359
-7.03402447768663 0.3591
-7.03407242778947 0.3592
-7.03411872483955 0.3593
-7.03416621425755 0.3594
-7.03421717320148 0.3595
-7.03427232734655 0.3596
-7.03431382466226 0.3597
-7.03435094928488 0.3598
-7.03435611795022 0.3599
-7.03436212532202 0.36
-7.03437090602951 0.3601
-7.03437110137858 0.3602
-7.03435552379418 0.3603
-7.03433057284222 0.3604
-7.03429636909458 0.3605
-7.03425423736164 0.3606
-7.03419085396482 0.3607
-7.03411062935001 0.3608
-7.03400683653541 0.3609
-7.03389452057733 0.361
-7.03379139546517 0.3611
-7.03367738276724 0.3612
-7.03355608906955 0.3613
-7.03343967449295 0.3614
-7.03333882949697 0.3615
-7.03323454253965 0.3616
-7.03315129691094 0.3617
-7.03307125669764 0.3618
-7.03298860335068 0.3619
-7.03292382815634 0.362
-7.03285672198403 0.3621
-7.03280454647696 0.3622
-7.03275570911775 0.3623
-7.03271331278271 0.3624
-7.03267155014517 0.3625
-7.03261827662432 0.3626
-7.03257932522 0.3627
-7.03253434281771 0.3628
-7.03249939760615 0.3629
-7.03245948098578 0.363
-7.0324277544592 0.3631
-7.03241215442033 0.3632
-7.03237602896591 0.3633
-7.03234611644935 0.3634
-7.03231209075049 0.3635
-7.0322810758903 0.3636
-7.03225111012979 0.3637
-7.03222505298255 0.3638
-7.032197379791 0.3639
-7.03218615164157 0.364
-7.03218605350675 0.3641
-7.03219235728634 0.3642
-7.03219912013057 0.3643
-7.03220777476154 0.3644
-7.03223491242927 0.3645
-7.03227309994898 0.3646
-7.03231396452493 0.3647
-7.03235883849529 0.3648
-7.0324077145271 0.3649
-7.03246353245008 0.365
-7.03252689126751 0.3651
-7.03258736495721 0.3652
-7.03265670378764 0.3653
-7.03272566763861 0.3654
-7.03280252583406 0.3655
-7.03287848237489 0.3656
-7.03295638238494 0.3657
-7.03302611797654 0.3658
-7.03310406807534 0.3659
-7.03317253320123 0.366
-7.03323291207851 0.3661
-7.03330295184922 0.3662
-7.03336574456638 0.3663
-7.03343322346989 0.3664
-7.03349331895354 0.3665
-7.03354120733107 0.3666
-7.03358130225783 0.3667
-7.03360733106884 0.3668
-7.03364506713725 0.3669
-7.03368058035789 0.367
-7.03372751014285 0.3671
-7.03378422091659 0.3672
-7.03384842254349 0.3673
-7.03390240709419 0.3674
-7.03395586568457 0.3675
-7.03401615502973 0.3676
-7.03407467035277 0.3677
-7.03412829264002 0.3678
-7.03415985586426 0.3679
-7.03417013889329 0.368
-7.03417282640343 0.3681
-7.03415498728305 0.3682
-7.03413612598382 0.3683
-7.03411311440761 0.3684
-7.03409820845577 0.3685
-7.03409189547241 0.3686
-7.03408212055155 0.3687
-7.03407398821274 0.3688
-7.03406685058914 0.3689
-7.03406350331895 0.369
-7.03407409870105 0.3691
-7.03407365841739 0.3692
-7.03407425517459 0.3693
-7.03408778888141 0.3694
-7.03410754848737 0.3695
-7.03413603868311 0.3696
-7.03417173069528 0.3697
-7.03421420819391 0.3698
-7.0342625299409 0.3699
-7.03430935650367 0.37
-7.03434338273096 0.3701
-7.03436519308583 0.3702
-7.03437173107358 0.3703
-7.03435220262518 0.3704
-7.03431336004309 0.3705
-7.03427975107843 0.3706
-7.03423723672222 0.3707
-7.03418412765843 0.3708
-7.03411674565502 0.3709
-7.03403284197404 0.371
-7.03395585107786 0.3711
-7.03386448982526 0.3712
-7.03378171055513 0.3713
-7.03369186818861 0.3714
-7.03359836982522 0.3715
-7.03350410045435 0.3716
-7.03339986410115 0.3717
-7.0333014729209 0.3718
-7.0332022836638 0.3719
-7.03310567624776 0.372
-7.03301046096937 0.3721
-7.0329162064149 0.3722
-7.03283933175101 0.3723
-7.03275103264871 0.3724
-7.03267035370472 0.3725
-7.03260266923359 0.3726
-7.03254768614574 0.3727
-7.03250749801788 0.3728
-7.03248058747986 0.3729
-7.03246014482617 0.373
-7.03244281876949 0.3731
-7.03243545545505 0.3732
-7.03245795853633 0.3733
-7.03250786630827 0.3734
-7.0325560700025 0.3735
-7.0326213282597 0.3736
-7.03268546411411 0.3737
-7.03275497828109 0.3738
-7.03281989282337 0.3739
-7.03288466263521 0.374
-7.03295571030949 0.3741
-7.03303704159573 0.3742
-7.0331182320402 0.3743
-7.03319676084246 0.3744
-7.03326757966561 0.3745
-7.0333377021385 0.3746
-7.03339658743939 0.3747
-7.03342702519439 0.3748
-7.03343806411782 0.3749
-7.03344375994537 0.375
-7.0334559001031 0.3751
-7.03344961834222 0.3752
-7.0334222177419 0.3753
-7.03339059764392 0.3754
-7.03336168953717 0.3755
-7.03331771674358 0.3756
-7.03327298564628 0.3757
-7.03324109516768 0.3758
-7.0332282865064 0.3759
-7.03321031067211 0.376
-7.03318863543134 0.3761
-7.03318210580278 0.3762
-7.03317839876392 0.3763
-7.03317031895704 0.3764
-7.03317245202771 0.3765
-7.03317761091221 0.3766
-7.03318361505734 0.3767
-7.03319295612098 0.3768
-7.03322196273101 0.3769
-7.03326362433069 0.377
-7.03330773415698 0.3771
-7.033360946389 0.3772
-7.03340668516374 0.3773
-7.03345777274958 0.3774
-7.03349952117783 0.3775
-7.03353858798566 0.3776
-7.03358452861335 0.3777
-7.03362111354111 0.3778
-7.03364479293036 0.3779
-7.0336618465436 0.378
-7.03367751394565 0.3781
-7.03368265899176 0.3782
-7.03367358477306 0.3783
-7.03364767816295 0.3784
-7.03359262792311 0.3785
-7.03352528810684 0.3786
-7.03344212321991 0.3787
-7.03334020845267 0.3788
-7.03321757627087 0.3789
-7.03306641480464 0.379
-7.03292342074725 0.3791
-7.03278655447104 0.3792
-7.03265016959153 0.3793
-7.0325234025783 0.3794
-7.03238895470022 0.3795
-7.03226507526588 0.3796
-7.03214824444967 0.3797
-7.03203267359954 0.3798
-7.03193606459721 0.3799
-7.03183749781713 0.38
-7.03174602339538 0.3801
-7.0316559875164 0.3802
-7.03158025195749 0.3803
-7.03150811765644 0.3804
-7.03144810587059 0.3805
-7.03140239183539 0.3806
-7.03135636626731 0.3807
-7.03132779257607 0.3808
-7.03131562203154 0.3809
-7.03130785661905 0.381
-7.03129129699176 0.3811
-7.03128786024614 0.3812
-7.03129059246539 0.3813
-7.03129935780763 0.3814
-7.0313213377778 0.3815
-7.03136532348847 0.3816
-7.03142092087325 0.3817
-7.03146302372689 0.3818
-7.03150347869642 0.3819
-7.03154269855707 0.382
-7.0315983048174 0.3821
-7.03165060435312 0.3822
-7.03169078277522 0.3823
-7.03171787533489 0.3824
-7.03174721409418 0.3825
-7.03176642786161 0.3826
-7.03177638980625 0.3827
-7.03178736971082 0.3828
-7.03179238207711 0.3829
-7.03178238778043 0.383
-7.0317717956391 0.3831
-7.03177588189589 0.3832
-7.03177475194186 0.3833
-7.03177427585709 0.3834
-7.03178489990379 0.3835
-7.03177959265863 0.3836
-7.03178014846297 0.3837
-7.03177931464385 0.3838
-7.0317654767824 0.3839
-7.03173707125371 0.384
-7.03170646708834 0.3841
-7.03167491142931 0.3842
-7.03163276505904 0.3843
-7.0315804870783 0.3844
-7.03153309404608 0.3845
-7.0315048037561 0.3846
-7.03147027094848 0.3847
-7.03142406837954 0.3848
-7.03136833378081 0.3849
-7.03131073188998 0.385
-7.03123504877122 0.3851
-7.03115648627283 0.3852
-7.03108111101443 0.3853
-7.03099469792903 0.3854
-7.03093173664337 0.3855
-7.03086914171598 0.3856
-7.03080949813052 0.3857
-7.03076143555594 0.3858
-7.03073695251004 0.3859
-7.03071251646125 0.386
-7.03068798368208 0.3861
-7.03066917793363 0.3862
-7.03066243200627 0.3863
-7.03065564406988 0.3864
-7.03064109750529 0.3865
-7.03063442625457 0.3866
-7.03064078238758 0.3867
-7.03064906353428 0.3868
-7.03065505281911 0.3869
-7.03067862325754 0.387
-7.03070427214021 0.3871
-7.03072627078886 0.3872
-7.03074270132243 0.3873
-7.03074798793816 0.3874
-7.03075987275701 0.3875
-7.03077900539725 0.3876
-7.03079458974472 0.3877
-7.03080217125302 0.3878
-7.03081199166609 0.3879
-7.03081279513838 0.388
-7.03081251139159 0.3881
-7.0307972839017 0.3882
-7.03077993331775 0.3883
-7.03075255560737 0.3884
-7.03070193161971 0.3885
-7.03063515366284 0.3886
-7.03054067488473 0.3887
-7.03046132264167 0.3888
-7.03037607551485 0.3889
-7.03027989487716 0.389
-7.03017828586066 0.3891
-7.03006492371134 0.3892
-7.02994704745508 0.3893
-7.0298263789653 0.3894
-7.02969948873556 0.3895
-7.02956813884442 0.3896
-7.0294470122314 0.3897
-7.02933980497391 0.3898
-7.02922335088183 0.3899
-7.02911803968898 0.39
-7.02902896064199 0.3901
-7.02896086009549 0.3902
-7.02892962695996 0.3903
-7.02892149412723 0.3904
-7.02891669798537 0.3905
-7.02892027769158 0.3906
-7.02892418452458 0.3907
-7.02893735299096 0.3908
-7.02896449463835 0.3909
-7.02899734950441 0.391
-7.02903976035641 0.3911
-7.0290897991818 0.3912
-7.02915439086491 0.3913
-7.02921783390313 0.3914
-7.02929177805297 0.3915
-7.02935664906244 0.3916
-7.02942200773053 0.3917
-7.02948755994908 0.3918
-7.02955173187044 0.3919
-7.02961220993121 0.392
-7.02967015466041 0.3921
-7.02973552818704 0.3922
-7.02981647979865 0.3923
-7.02988915143319 0.3924
-7.02994427447014 0.3925
-7.02999792223318 0.3926
-7.03004410559399 0.3927
-7.03008672987785 0.3928
-7.03012272419819 0.3929
-7.03014851088782 0.393
-7.03017149135892 0.3931
-7.030177448016 0.3932
-7.0301742914738 0.3933
-7.03015956694205 0.3934
-7.03013081014836 0.3935
-7.03011389428698 0.3936
-7.0300874977147 0.3937
-7.0300295005419 0.3938
-7.02996542044771 0.3939
-7.02989981523619 0.394
-7.02983040973047 0.3941
-7.02976562922488 0.3942
-7.02971234840035 0.3943
-7.02966252696978 0.3944
-7.02962700686378 0.3945
-7.02957903281033 0.3946
-7.02953256127774 0.3947
-7.02950273540673 0.3948
-7.0294810637408 0.3949
-7.0294767742253 0.395
-7.02947354307698 0.3951
-7.02945986396541 0.3952
-7.02946580714987 0.3953
-7.02946745605297 0.3954
-7.02947806734308 0.3955
-7.02946862099033 0.3956
-7.02946561491408 0.3957
-7.02947111129546 0.3958
-7.02948601299305 0.3959
-7.02950716815793 0.396
-7.02953468055226 0.3961
-7.02955880954148 0.3962
-7.02958804208516 0.3963
-7.02964290950672 0.3964
-7.02970926219988 0.3965
-7.02978248942939 0.3966
-7.02985120039663 0.3967
-7.02991990667176 0.3968
-7.02997999721853 0.3969
-7.03005045568443 0.397
-7.03012726595878 0.3971
-7.03020122321266 0.3972
-7.03027053013456 0.3973
-7.03035272818685 0.3974
-7.03042621918747 0.3975
-7.0305073812371 0.3976
-7.03058391830906 0.3977
-7.03066097719567 0.3978
-7.03073512705762 0.3979
-7.03081233397361 0.398
-7.03088934770096 0.3981
-7.03095278019471 0.3982
-7.03102135539755 0.3983
-7.03106839823511 0.3984
-7.0311041542315 0.3985
-7.03112133132042 0.3986
-7.03114655596475 0.3987
-7.03117292756683 0.3988
-7.03120103597853 0.3989
-7.0312212289812 0.399
-7.03123556890626 0.3991
-7.03122042984729 0.3992
-7.03120385659565 0.3993
-7.0311656380926 0.3994
-7.03110752548247 0.3995
-7.03103784749173 0.3996
-7.03096030639245 0.3997
-7.03086878693563 0.3998
-7.03076333023307 0.3999
-7.03064895841749 0.4
-7.03053582786084 0.4001
-7.03041192046874 0.4002
-7.03027508598572 0.4003
-7.03012428570878 0.4004
-7.02997984464068 0.4005
-7.02983235755814 0.4006
-7.02966544561541 0.4007
-7.02949910201644 0.4008
-7.02935337819597 0.4009
-7.02922492351619 0.401
-7.02909603400684 0.4011
-7.0289734941112 0.4012
-7.02887303720776 0.4013
-7.02879263525237 0.4014
-7.02871233941695 0.4015
-7.0286462407485 0.4016
-7.02858484006639 0.4017
-7.02852707910828 0.4018
-7.02850718260954 0.4019
-7.02850156285951 0.402
-7.02852668523101 0.4021
-7.02857274440811 0.4022
-7.02863452363564 0.4023
-7.02873236083968 0.4024
-7.02884695516145 0.4025
-7.02894962952705 0.4026
-7.02905316907595 0.4027
-7.02916834060715 0.4028
-7.02929109064257 0.4029
-7.02939593631448 0.403
-7.02950478330971 0.4031
-7.02960356464031 0.4032
-7.02971022987571 0.4033
-7.02978739050842 0.4034
-7.02986642393898 0.4035
-7.02994945352643 0.4036
-7.03001411043843 0.4037
-7.03007271113948 0.4038
-7.03011498548329 0.4039
-7.03014793223523 0.404
-7.03016250531105 0.4041
-7.03016831242751 0.4042
-7.03017543712223 0.4043
-7.03018033921234 0.4044
-7.0301816731967 0.4045
-7.03018158372014 0.4046
-7.03018006785113 0.4047
-7.03017696518687 0.4048
-7.03016541362918 0.4049
-7.03015662191471 0.405
-7.0301448267093 0.4051
-7.03013398928072 0.4052
-7.03012003661069 0.4053
-7.03009386994258 0.4054
-7.03007244598545 0.4055
-7.03004628937228 0.4056
-7.03002686256618 0.4057
-7.03001896586667 0.4058
-7.03001380069981 0.4059
-7.03002131418891 0.406
-7.03004383914544 0.4061
-7.03006659636905 0.4062
-7.03009367638413 0.4063
-7.03011916315116 0.4064
-7.03015813507084 0.4065
-7.03019173424162 0.4066
-7.03021433479754 0.4067
-7.03022762797616 0.4068
-7.03025436241156 0.4069
-7.0302671728178 0.407
-7.03027311734509 0.4071
-7.03027565542253 0.4072
-7.03027332523536 0.4073
-7.03027253937633 0.4074
-7.03027030611869 0.4075
-7.03026419920993 0.4076
-7.03026046100246 0.4077
-7.03025629250677 0.4078
-7.03024692256363 0.4079
-7.03022406604765 0.408
-7.03019727909466 0.4081
-7.03017958542739 0.4082
-7.03015167019318 0.4083
-7.03012475836792 0.4084
-7.03009959809998 0.4085
-7.0300702698143 0.4086
-7.03003964811649 0.4087
-7.03001025897964 0.4088
-7.02998190859847 0.4089
-7.02996221874058 0.409
-7.02994653138257 0.4091
-7.02993099105451 0.4092
-7.02991395972213 0.4093
-7.02989203921005 0.4094
-7.02988194341623 0.4095
-7.02986709635918 0.4096
-7.02985117770581 0.4097
-7.02983434976922 0.4098
-7.02982491580401 0.4099
-7.02981344336866 0.41
-7.02979487599099 0.4101
-7.02978541119785 0.4102
-7.02975902160797 0.4103
-7.02972741520329 0.4104
-7.02970385970857 0.4105
-7.02968914100719 0.4106
-7.02967863474518 0.4107
-7.02966916040045 0.4108
-7.02966354646327 0.4109
-7.02966523105242 0.411
-7.02965232192879 0.4111
-7.02964341449214 0.4112
-7.02962592110262 0.4113
-7.02961149069689 0.4114
-7.0296037867233 0.4115
-7.02960183523854 0.4116
-7.02959678614319 0.4117
-7.02959866070489 0.4118
-7.02960068494401 0.4119
-7.02961587280261 0.412
-7.02965034615381 0.4121
-7.02969317222405 0.4122
-7.029738704982 0.4123
-7.02980096609337 0.4124
-7.02986918372168 0.4125
-7.02995126446076 0.4126
-7.03003207974509 0.4127
-7.03012142186174 0.4128
-7.03022840324935 0.4129
-7.03033259703494 0.413
-7.03043418436416 0.4131
-7.03054864504154 0.4132
-7.03067003367968 0.4133
-7.03078869003921 0.4134
-7.03089018948131 0.4135
-7.03098605655539 0.4136
-7.03106618477407 0.4137
-7.03113877701304 0.4138
-7.03119391993345 0.4139
-7.03122701407229 0.414
-7.03124900580272 0.4141
-7.03125970519578 0.4142
-7.03127000722089 0.4143
-7.0312694474886 0.4144
-7.03124212032633 0.4145
-7.03120192833371 0.4146
-7.03115920350323 0.4147
-7.03109632983675 0.4148
-7.03104077805871 0.4149
-7.03096667396507 0.415
-7.03088077047398 0.4151
-7.03079538838877 0.4152
-7.03068091091283 0.4153
-7.03057301826835 0.4154
-7.03045518919804 0.4155
-7.03033774841846 0.4156
-7.03021014869091 0.4157
-7.03008337289803 0.4158
-7.02996762602692 0.4159
-7.02984276033981 0.416
-7.02971834672065 0.4161
-7.02961721682792 0.4162
-7.02950480947944 0.4163
-7.02939232969539 0.4164
-7.02928239931924 0.4165
-7.02917516678573 0.4166
-7.0290754790288 0.4167
-7.02897027402686 0.4168
-7.0288571222071 0.4169
-7.02874475966837 0.417
-7.02863417650854 0.4171
-7.02852609675582 0.4172
-7.02842230714275 0.4173
-7.02832085807009 0.4174
-7.02821322648365 0.4175
-7.02812978695016 0.4176
-7.02806531977077 0.4177
-7.02800899800694 0.4178
-7.02796169662149 0.4179
-7.02793227448296 0.418
-7.0278963376278 0.4181
-7.02786171483966 0.4182
-7.02785052130669 0.4183
-7.02784201576172 0.4184
-7.02784462092153 0.4185
-7.02784996446391 0.4186
-7.02785696556055 0.4187
-7.02783928123968 0.4188
-7.02783030497982 0.4189
-7.02781309489945 0.419
-7.02780325152916 0.4191
-7.02780165401584 0.4192
-7.02779871682962 0.4193
-7.0278018437084 0.4194
-7.02780204475122 0.4195
-7.02780381640443 0.4196
-7.02781690957775 0.4197
-7.0278233664692 0.4198
-7.02783254525127 0.4199
-7.02785074640409 0.42
-7.0278714123645 0.4201
-7.02787614661874 0.4202
-7.02788261640389 0.4203
-7.02789151762298 0.4204
-7.02787776497693 0.4205
-7.02785600561859 0.4206
-7.02781156358686 0.4207
-7.02776524388667 0.4208
-7.02772341767665 0.4209
-7.02767786353717 0.421
-7.02764449043869 0.4211
-7.02762628856888 0.4212
-7.02759426969758 0.4213
-7.0275746361261 0.4214
-7.02754174657627 0.4215
-7.02750776788338 0.4216
-7.02746648986939 0.4217
-7.02742337417473 0.4218
-7.0273714837385 0.4219
-7.02731264738302 0.422
-7.02725101974049 0.4221
-7.02718856827359 0.4222
-7.02713160398496 0.4223
-7.027079634862 0.4224
-7.02704301622943 0.4225
-7.02701331052281 0.4226
-7.02699779161124 0.4227
-7.02698162219279 0.4228
-7.02697193790061 0.4229
-7.02695901838844 0.423
-7.02696258981966 0.4231
-7.02697594592511 0.4232
-7.026987020892 0.4233
-7.02699350940451 0.4234
-7.02701088207531 0.4235
-7.02703058795397 0.4236
-7.02704329933917 0.4237
-7.02705021062131 0.4238
-7.02704508244504 0.4239
-7.02703644629612 0.424
-7.02701148820159 0.4241
-7.02697664982862 0.4242
-7.02692769475065 0.4243
-7.02685383764381 0.4244
-7.02677485983987 0.4245
-7.02667398804698 0.4246
-7.02657179114157 0.4247
-7.0264666651543 0.4248
-7.02636238677362 0.4249
-7.02626218645289 0.425
-7.02616623890144 0.4251
-7.02608083374604 0.4252
-7.02600834659831 0.4253
-7.02594004293239 0.4254
-7.0258934639862 0.4255
-7.02585593426762 0.4256
-7.02583639167677 0.4257
-7.02582600543483 0.4258
-7.02580437720024 0.4259
-7.02578760565724 0.426
-7.02579584371387 0.4261
-7.0258111686181 0.4262
-7.02583070837173 0.4263
-7.02588067741024 0.4264
-7.0259306009248 0.4265
-7.02599900858803 0.4266
-7.0260701280911 0.4267
-7.02612023069295 0.4268
-7.02613808060269 0.4269
-7.02614337549867 0.427
-7.02613257062577 0.4271
-7.02611034342718 0.4272
-7.02608284304259 0.4273
-7.02606584285246 0.4274
-7.02604162246054 0.4275
-7.02600421418023 0.4276
-7.02595439582886 0.4277
-7.02588255770638 0.4278
-7.02578876820467 0.4279
-7.02568904205621 0.428
-7.02559661723806 0.4281
-7.0255184778624 0.4282
-7.02543584659809 0.4283
-7.02535651179615 0.4284
-7.02527576287002 0.4285
-7.02519509802439 0.4286
-7.02512461292769 0.4287
-7.02505591030781 0.4288
-7.02498191814246 0.4289
-7.02491637605179 0.429
-7.02486231654337 0.4291
-7.02479202809099 0.4292
-7.0247332534651 0.4293
-7.02466753252055 0.4294
-7.02460742621509 0.4295
-7.02454856762968 0.4296
-7.02449309932936 0.4297
-7.02444242226842 0.4298
-7.02439343627522 0.4299
-7.02435461182872 0.43
-7.02431090164345 0.4301
-7.02427761478873 0.4302
-7.02426366229449 0.4303
-7.02425629877271 0.4304
-7.02426805236322 0.4305
-7.02430936215656 0.4306
-7.02437098237812 0.4307
-7.02443235569444 0.4308
-7.02449746509373 0.4309
-7.0245657958648 0.431
-7.02465022305623 0.4311
-7.0247283571714 0.4312
-7.02480713486854 0.4313
-7.02490062958563 0.4314
-7.02498162538884 0.4315
-7.02505359412969 0.4316
-7.02512966694683 0.4317
-7.02519351495382 0.4318
-7.02523619786143 0.4319
-7.02526996243787 0.432
-7.02528283739824 0.4321
-7.02530339664501 0.4322
-7.02531535007386 0.4323
-7.02532033194759 0.4324
-7.02532262847715 0.4325
-7.02530594878958 0.4326
-7.02528937590166 0.4327
-7.02527953271715 0.4328
-7.02526738500829 0.4329
-7.02525299265505 0.433
-7.02524362238896 0.4331
-7.02523754218146 0.4332
-7.02523173531862 0.4333
-7.02523354458188 0.4334
-7.0252379663578 0.4335
-7.02526164058057 0.4336
-7.02528522153892 0.4337
-7.0253083515036 0.4338
-7.02534001892125 0.4339
-7.02537081965847 0.434
-7.02539678771946 0.4341
-7.02543273226369 0.4342
-7.02546237859129 0.4343
-7.02548323945312 0.4344
-7.02549606642464 0.4345
-7.02551356585457 0.4346
-7.0255379273399 0.4347
-7.02557320948194 0.4348
-7.02559561458677 0.4349
-7.02561690344019 0.435
-7.02563710387694 0.4351
-7.02567418089734 0.4352
-7.02572876346536 0.4353
-7.02577397531247 0.4354
-7.02581044492814 0.4355
-7.02584814504784 0.4356
-7.02587727707465 0.4357
-7.02590667590285 0.4358
-7.025917335498 0.4359
-7.0259185089041 0.436
-7.02591492728135 0.4361
-7.02591098509045 0.4362
-7.02590406414818 0.4363
-7.02589340794689 0.4364
-7.02588745564932 0.4365
-7.02587251735726 0.4366
-7.02586213692614 0.4367
-7.02583808158886 0.4368
-7.02581374439911 0.4369
-7.02578073135468 0.437
-7.02574061836922 0.4371
-7.02570290590641 0.4372
-7.0256555875083 0.4373
-7.02560562119519 0.4374
-7.02554993602589 0.4375
-7.02548098837092 0.4376
-7.02542663025976 0.4377
-7.02538236760601 0.4378
-7.02534828914074 0.4379
-7.02533007165698 0.438
-7.02530857874922 0.4381
-7.02528490618722 0.4382
-7.0252834663559 0.4383
-7.02529588412981 0.4384
-7.02530883538811 0.4385
-7.02532848373864 0.4386
-7.0253411296618 0.4387
-7.02534892705818 0.4388
-7.02534463064408 0.4389
-7.02534300899202 0.439
-7.0253271147133 0.4391
-7.02530022028729 0.4392
-7.02526185559066 0.4393
-7.02521600200258 0.4394
-7.02516660329144 0.4395
-7.02512519479116 0.4396
-7.02507170148405 0.4397
-7.02501131136639 0.4398
-7.02494338463633 0.4399
-7.0248776579145 0.44
-7.02480541309721 0.4401
-7.02472755877109 0.4402
-7.02465265759907 0.4403
-7.02459480878947 0.4404
-7.02452488630509 0.4405
-7.02446565751208 0.4406
-7.02439069621818 0.4407
-7.02432127095149 0.4408
-7.02425706606273 0.4409
-7.02420270198677 0.441
-7.02413281455897 0.4411
-7.02405087534865 0.4412
-7.02396955373881 0.4413
-7.02388574221584 0.4414
-7.02381460635877 0.4415
-7.02374708696483 0.4416
-7.02368012689844 0.4417
-7.02362115374327 0.4418
-7.02356778966643 0.4419
-7.02351694888013 0.442
-7.02346624853389 0.4421
-7.02342050422973 0.4422
-7.02337149505093 0.4423
-7.0233243264286 0.4424
-7.0232806207149 0.4425
-7.02323713011613 0.4426
-7.02320183717435 0.4427
-7.02317758834164 0.4428
-7.02315314182372 0.4429
-7.0231469928876 0.443
-7.02314669355102 0.4431
-7.02314819182485 0.4432
-7.02314932699623 0.4433
-7.02316823964197 0.4434
-7.02319892333882 0.4435
-7.02322793532437 0.4436
-7.02325039134902 0.4437
-7.02326466233376 0.4438
-7.02328375816452 0.4439
-7.02328782332902 0.444
-7.0233109628531 0.4441
-7.02334583809543 0.4442
-7.02336687176094 0.4443
-7.023398984395 0.4444
-7.02342767493869 0.4445
-7.02347510160822 0.4446
-7.02351190287049 0.4447
-7.02353024397477 0.4448
-7.0235466797839 0.4449
-7.02355186432067 0.445
-7.02356557492348 0.4451
-7.02356406207275 0.4452
-7.02353919092794 0.4453
-7.02351211452876 0.4454
-7.023483035892 0.4455
-7.0234484201526 0.4456
-7.02340327192014 0.4457
-7.02335919820311 0.4458
-7.02330640986155 0.4459
-7.02324712988205 0.446
-7.02319057548422 0.4461
-7.02313169037523 0.4462
-7.02306086922946 0.4463
-7.02298171358138 0.4464
-7.02290013940899 0.4465
-7.02279888649041 0.4466
-7.02269822736905 0.4467
-7.0225927947766 0.4468
-7.02248650769084 0.4469
-7.02237928196219 0.447
-7.02226019359061 0.4471
-7.02213635312348 0.4472
-7.02200948297225 0.4473
-7.02187860426987 0.4474
-7.02175241970959 0.4475
-7.02161798867238 0.4476
-7.02149714070382 0.4477
-7.02139457728298 0.4478
-7.02130383786623 0.4479
-7.02121394283517 0.448
-7.02113954612226 0.4481
-7.02106563953801 0.4482
-7.021008870342 0.4483
-7.02095869852841 0.4484
-7.02091361058272 0.4485
-7.02088138106584 0.4486
-7.02085239950618 0.4487
-7.02081868077748 0.4488
-7.02077008074147 0.4489
-7.02072090177913 0.449
-7.02065842098412 0.4491
-7.02060132696031 0.4492
-7.02054164153169 0.4493
-7.02049593050586 0.4494
-7.02047048010481 0.4495
-7.02045328333281 0.4496
-7.02043286996506 0.4497
-7.02042696818073 0.4498
-7.020436290403 0.4499
-7.02044019294188 0.45
-7.02044812677013 0.4501
-7.02044353533643 0.4502
-7.02043811358132 0.4503
-7.02044509442905 0.4504
-7.02046083494875 0.4505
-7.02047229850489 0.4506
-7.02048577143473 0.4507
-7.0204991044594 0.4508
-7.02052736216189 0.4509
-7.02056807064048 0.451
-7.02061701926421 0.4511
-7.02069041941193 0.4512
-7.02075649748839 0.4513
-7.02082642011181 0.4514
-7.02089253169895 0.4515
-7.02095210148927 0.4516
-7.02101624306267 0.4517
-7.02109395135997 0.4518
-7.02117129984834 0.4519
-7.02126312504822 0.452
-7.02136864169326 0.4521
-7.02147727115728 0.4522
-7.02159088543854 0.4523
-7.02171092655533 0.4524
-7.02185163907549 0.4525
-7.02199509067061 0.4526
-7.02214649875387 0.4527
-7.02230373398671 0.4528
-7.02245662059529 0.4529
-7.02261124473638 0.453
-7.02276823359567 0.4531
-7.02291821650479 0.4532
-7.02306811390226 0.4533
-7.02318784425804 0.4534
-7.02330526618002 0.4535
-7.02341384212267 0.4536
-7.02350258410681 0.4537
-7.02357027183916 0.4538
-7.02360875294924 0.4539
-7.02359956319547 0.454
-7.02357861329606 0.4541
-7.02353990230149 0.4542
-7.02348899081104 0.4543
-7.02344007360319 0.4544
-7.02336072853372 0.4545
-7.02325621991849 0.4546
-7.02313999330447 0.4547
-7.02302138299533 0.4548
-7.0228845714397 0.4549
-7.02273458616751 0.455
-7.02258123605515 0.4551
-7.02243492125158 0.4552
-7.02228327258095 0.4553
-7.02213759065267 0.4554
-7.02200673750271 0.4555
-7.02186674806001 0.4556
-7.02172389631114 0.4557
-7.02159200953543 0.4558
-7.02146254034806 0.4559
-7.02135737192372 0.456
-7.02127646102746 0.4561
-7.02121070768272 0.4562
-7.02115385612937 0.4563
-7.02110846895197 0.4564
-7.02107370603542 0.4565
-7.02105478335807 0.4566
-7.02104653778838 0.4567
-7.02103656394381 0.4568
-7.02103446023084 0.4569
-7.0210329404826 0.457
-7.02104002510323 0.4571
-7.02105479442833 0.4572
-7.02107693007549 0.4573
-7.02109082869171 0.4574
-7.02110677043958 0.4575
-7.0211192055966 0.4576
-7.02113538360365 0.4577
-7.02118013611569 0.4578
-7.02123510851797 0.4579
-7.02127815492358 0.458
-7.02131195869643 0.4581
-7.02134110626341 0.4582
-7.02137084242379 0.4583
-7.02138841693114 0.4584
-7.02139429699267 0.4585
-7.02139043171978 0.4586
-7.02137923497696 0.4587
-7.02135283420947 0.4588
-7.02131988975016 0.4589
-7.0212839049264 0.459
-7.02123336752187 0.4591
-7.02119118098712 0.4592
-7.02115166520137 0.4593
-7.02110858305589 0.4594
-7.02105745867312 0.4595
-7.02100895555912 0.4596
-7.02096042869334 0.4597
-7.02091614786127 0.4598
-7.0208933413668 0.4599
-7.02088128787044 0.46
-7.02088642115811 0.4601
-7.02092139443788 0.4602
-7.02098371555698 0.4603
-7.02105902320375 0.4604
-7.02114086315311 0.4605
-7.02123436202176 0.4606
-7.02134406717914 0.4607
-7.02145697665413 0.4608
-7.02157876793473 0.4609
-7.02169730499086 0.461
-7.0218078903087 0.4611
-7.0219330508707 0.4612
-7.02206687485327 0.4613
-7.02218911426744 0.4614
-7.02230019835891 0.4615
-7.02241480380444 0.4616
-7.02252617446918 0.4617
-7.02262333651293 0.4618
-7.0227087146909 0.4619
-7.02277103602313 0.462
-7.02280739697057 0.4621
-7.02282789269377 0.4622
-7.02284362426979 0.4623
-7.02285454995019 0.4624
-7.02285078352171 0.4625
-7.02283181714097 0.4626
-7.02278603720088 0.4627
-7.02272133290749 0.4628
-7.02264973253531 0.4629
-7.02255877193782 0.463
-7.02245378667511 0.4631
-7.02233569983365 0.4632
-7.02221473114023 0.4633
-7.02207604770973 0.4634
-7.02193603773769 0.4635
-7.02179587176676 0.4636
-7.02166623313779 0.4637
-7.02155075537844 0.4638
-7.02143900356734 0.4639
-7.02133114585372 0.464
-7.02120825152292 0.4641
-7.02108439866332 0.4642
-7.02096750639279 0.4643
-7.02085294568602 0.4644
-7.02076146640349 0.4645
-7.02067894899104 0.4646
-7.02063730417884 0.4647
-7.02061768572453 0.4648
-7.02060321930856 0.4649
-7.0206094520392 0.465
-7.02062310610358 0.4651
-7.02065205718372 0.4652
-7.020662999715 0.4653
-7.02066752220626 0.4654
-7.02067058834348 0.4655
-7.02068715986825 0.4656
-7.02071845199196 0.4657
-7.02075986982911 0.4658
-7.02079276593699 0.4659
-7.02082796285887 0.466
-7.02086313424105 0.4661
-7.02090375665148 0.4662
-7.02094211962197 0.4663
-7.02096872420962 0.4664
-7.02099226120379 0.4665
-7.02102378195027 0.4666
-7.02104914792877 0.4667
-7.02109114100014 0.4668
-7.02114269040201 0.4669
-7.02119732980488 0.467
-7.02125160115454 0.4671
-7.02130252862121 0.4672
-7.02134437798695 0.4673
-7.02139939339317 0.4674
-7.02145113697448 0.4675
-7.0215113211328 0.4676
-7.02156870069126 0.4677
-7.02162840930794 0.4678
-7.02167823744422 0.4679
-7.02173120445278 0.468
-7.0217775868418 0.4681
-7.02182985008625 0.4682
-7.02188799725871 0.4683
-7.02195817623307 0.4684
-7.02200821875668 0.4685
-7.02204622536 0.4686
-7.02207927425618 0.4687
-7.02212811677289 0.4688
-7.02217636021861 0.4689
-7.02222850219447 0.469
-7.02227345926028 0.4691
-7.02232276348429 0.4692
-7.02237576192014 0.4693
-7.02245033906902 0.4694
-7.02252041273619 0.4695
-7.0226054199021 0.4696
-7.02270436252905 0.4697
-7.02280257437878 0.4698
-7.02289749253528 0.4699
-7.02300165048755 0.47
-7.02308998290128 0.4701
-7.02317205686319 0.4702
-7.02324930892589 0.4703
-7.02330004500936 0.4704
-7.02334334005402 0.4705
-7.02337856676479 0.4706
-7.02339613122119 0.4707
-7.02339450616068 0.4708
-7.02338441043079 0.4709
-7.02337668655559 0.471
-7.02335850498155 0.4711
-7.02333231617308 0.4712
-7.023293216633 0.4713
-7.02324653402971 0.4714
-7.02320890586361 0.4715
-7.02317681072094 0.4716
-7.02315716264317 0.4717
-7.02315229076577 0.4718
-7.02317009214015 0.4719
-7.02318532684933 0.472
-7.02320412851748 0.4721
-7.02323182989478 0.4722
-7.0232700766902 0.4723
-7.02332923238135 0.4724
-7.0233885191914 0.4725
-7.02345958813232 0.4726
-7.02353476299553 0.4727
-7.02360296378488 0.4728
-7.02368313803348 0.4729
-7.02374420450978 0.473
-7.02380067538868 0.4731
-7.02383200574592 0.4732
-7.02385410112978 0.4733
-7.02387399627644 0.4734
-7.02388651916679 0.4735
-7.0238988223537 0.4736
-7.02389551148935 0.4737
-7.02388601520626 0.4738
-7.02386415857213 0.4739
-7.02385119374723 0.474
-7.02382331961701 0.4741
-7.02379702753707 0.4742
-7.02376893727997 0.4743
-7.02374865113052 0.4744
-7.02371598814916 0.4745
-7.02366641875265 0.4746
-7.02359615472916 0.4747
-7.02351529990443 0.4748
-7.0234205249626 0.4749
-7.02331628026116 0.475
-7.02319830135277 0.4751
-7.02306693462148 0.4752
-7.02292867596593 0.4753
-7.0227783843266 0.4754
-7.02263366908917 0.4755
-7.02249184239296 0.4756
-7.02235271245758 0.4757
-7.02221718486277 0.4758
-7.02209478801709 0.4759
-7.02197666987368 0.476
-7.02185484995122 0.4761
-7.02174949879692 0.4762
-7.02165118451132 0.4763
-7.02159119511221 0.4764
-7.02153208382981 0.4765
-7.02149577884064 0.4766
-7.02147145536978 0.4767
-7.02144408023551 0.4768
-7.02142793737809 0.4769
-7.02141969869056 0.477
-7.02140037688252 0.4771
-7.02138194261192 0.4772
-7.02136784810495 0.4773
-7.02134741326234 0.4774
-7.02131307506704 0.4775
-7.02127162140463 0.4776
-7.02121813404454 0.4777
-7.02116628614738 0.4778
-7.02109321046865 0.4779
-7.02100848374604 0.478
-7.02092600663528 0.4781
-7.02083062253486 0.4782
-7.02074272876677 0.4783
-7.02064728354104 0.4784
-7.02054176617724 0.4785
-7.02043416333747 0.4786
-7.02033310396069 0.4787
-7.0202289016022 0.4788
-7.0201335568456 0.4789
-7.02005135300906 0.479
-7.01997817819207 0.4791
-7.01992769314356 0.4792
-7.01989746389974 0.4793
-7.01987714095526 0.4794
-7.01985607290859 0.4795
-7.01983456655902 0.4796
-7.01982815301859 0.4797
-7.01983164545173 0.4798
-7.01985150958467 0.4799
-7.01988192048365 0.48
-7.01990631416263 0.4801
-7.01993808644583 0.4802
-7.0199909753155 0.4803
-7.02006776336584 0.4804
-7.02014069497709 0.4805
-7.02022299852561 0.4806
-7.02030952464183 0.4807
-7.02040792343572 0.4808
-7.02049483233307 0.4809
-7.02056649284166 0.481
-7.02063400258017 0.4811
-7.02068540271975 0.4812
-7.02073653401745 0.4813
-7.02076160680854 0.4814
-7.02078139806026 0.4815
-7.0207995691324 0.4816
-7.02081967037293 0.4817
-7.02083641585196 0.4818
-7.02084184103838 0.4819
-7.02083774559367 0.482
-7.02082542661724 0.4821
-7.02079597474752 0.4822
-7.02077265791318 0.4823
-7.02075010214837 0.4824
-7.02073329790584 0.4825
-7.02071081811559 0.4826
-7.02068388161864 0.4827
-7.02065547487923 0.4828
-7.02062616768225 0.4829
-7.02059959166905 0.483
-7.02057846308221 0.4831
-7.02056255179724 0.4832
-7.02054590254567 0.4833
-7.02052028594786 0.4834
-7.02049015126112 0.4835
-7.02046196048652 0.4836
-7.02046531917962 0.4837
-7.0204425507457 0.4838
-7.02042830606554 0.4839
-7.02041703767881 0.484
-7.02040907601562 0.4841
-7.02040495130831 0.4842
-7.02039931650304 0.4843
-7.0203941930475 0.4844
-7.02037963109721 0.4845
-7.0203495614273 0.4846
-7.02031054225169 0.4847
-7.02026277242661 0.4848
-7.02021378303707 0.4849
-7.02016080450271 0.485
-7.02010688177667 0.4851
-7.02004510063556 0.4852
-7.01997680737601 0.4853
-7.01990273691237 0.4854
-7.01981236033083 0.4855
-7.01971230219782 0.4856
-7.01960720041107 0.4857
-7.01949693964087 0.4858
-7.0193803290853 0.4859
-7.01927185631519 0.486
-7.019177702907 0.4861
-7.019077972924 0.4862
-7.01899228356091 0.4863
-7.01890550128397 0.4864
-7.01883201724255 0.4865
-7.01876918222918 0.4866
-7.01871430900451 0.4867
-7.01867063675769 0.4868
-7.01864343948824 0.4869
-7.01862005910848 0.487
-7.0186191318291 0.4871
-7.01863295200178 0.4872
-7.01864599141459 0.4873
-7.01866546957365 0.4874
-7.01870338428524 0.4875
-7.01876570610071 0.4876
-7.01883026381763 0.4877
-7.01889922019094 0.4878
-7.01897345933147 0.4879
-7.01906517362349 0.488
-7.01913781058547 0.4881
-7.01921431798918 0.4882
-7.01927675519686 0.4883
-7.01935764648753 0.4884
-7.01941920581572 0.4885
-7.01948305800923 0.4886
-7.01953647006568 0.4887
-7.01959093215997 0.4888
-7.01966356011202 0.4889
-7.01972593743447 0.489
-7.019776819309 0.4891
-7.01980532704692 0.4892
-7.01981503186779 0.4893
-7.01981502783468 0.4894
-7.01979077688476 0.4895
-7.01975174302377 0.4896
-7.01970119585875 0.4897
-7.0196484418207 0.4898
-7.01960382350808 0.4899
-7.01957217591003 0.49
-7.01955585926857 0.4901
-7.01955539139035 0.4902
-7.01954647714846 0.4903
-7.01955267827276 0.4904
-7.01956736017714 0.4905
-7.01957654363603 0.4906
-7.01957769398473 0.4907
-7.01958812780282 0.4908
-7.01960251275381 0.4909
-7.01963084376297 0.491
-7.01967985201235 0.4911
-7.01972756217785 0.4912
-7.01978241727397 0.4913
-7.0198547117994 0.4914
-7.01993687092798 0.4915
-7.02002662776522 0.4916
-7.02010363643202 0.4917
-7.02019641117015 0.4918
-7.02028508237864 0.4919
-7.02035158221886 0.492
-7.02042732765351 0.4921
-7.02047133750922 0.4922
-7.02051193214262 0.4923
-7.02054179385801 0.4924
-7.02054656595888 0.4925
-7.02054771691297 0.4926
-7.02054639469148 0.4927
-7.02053631984961 0.4928
-7.02052342428248 0.4929
-7.02051876046516 0.493
-7.0205158704998 0.4931
-7.02050711861992 0.4932
-7.02049089686573 0.4933
-7.02046270308846 0.4934
-7.02043473122833 0.4935
-7.02040980323875 0.4936
-7.02036987231419 0.4937
-7.0203387073493 0.4938
-7.02032463162283 0.4939
-7.02032816893713 0.494
-7.02033687584572 0.4941
-7.02032449494176 0.4942
-7.02029977624216 0.4943
-7.02028502684381 0.4944
-7.02026103969886 0.4945
-7.02021539298324 0.4946
-7.02015692351727 0.4947
-7.02008210108921 0.4948
-7.02000605707919 0.4949
-7.01992259006073 0.495
-7.01983314858713 0.4951
-7.01973424040784 0.4952
-7.01962712625647 0.4953
-7.01952261792698 0.4954
-7.0194130924046 0.4955
-7.01930177875741 0.4956
-7.0191981122782 0.4957
-7.01906497232174 0.4958
-7.01891117386752 0.4959
-7.01875243933279 0.496
-7.01859545160163 0.4961
-7.01843143634209 0.4962
-7.01827831617957 0.4963
-7.01812124549872 0.4964
-7.01797799543569 0.4965
-7.01783706819314 0.4966
-7.01771166368857 0.4967
-7.01759970637585 0.4968
-7.01748863107186 0.4969
-7.01739363517019 0.497
-7.01733284866975 0.4971
-7.01728619089747 0.4972
-7.01724377685322 0.4973
-7.01720978269612 0.4974
-7.01718747765908 0.4975
-7.01717075139304 0.4976
-7.01716623793184 0.4977
-7.01718445299854 0.4978
-7.01721581775415 0.4979
-7.01725258695351 0.498
-7.01728936072942 0.4981
-7.01731266183161 0.4982
-7.01732625437309 0.4983
-7.01734546585365 0.4984
-7.01735628932622 0.4985
-7.01736115918693 0.4986
-7.01735308245822 0.4987
-7.01733899381989 0.4988
-7.01731127121675 0.4989
-7.01727416074115 0.499
-7.01721983594231 0.4991
-7.01712153797956 0.4992
-7.01700471194412 0.4993
-7.01686327140191 0.4994
-7.01669827733674 0.4995
-7.01651823728616 0.4996
-7.01632909409271 0.4997
-7.0161303528765 0.4998
-7.01593652988451 0.4999
-7.01573816883703 0.5
-7.01554483271272 0.5001
-7.0153592020408 0.5002
-7.01518080449084 0.5003
-7.01501937601977 0.5004
-7.01487459717164 0.5005
-7.01474467124065 0.5006
-7.01463949122562 0.5007
-7.01456299285307 0.5008
-7.01451394880054 0.5009
-7.01448161180244 0.501
-7.01447783903627 0.5011
-7.01449765828951 0.5012
-7.01451929002294 0.5013
-7.0145471829386 0.5014
-7.0145848647976 0.5015
-7.01461395799095 0.5016
-7.01465619372523 0.5017
-7.01469475328033 0.5018
-7.01472950688916 0.5019
-7.01476245624724 0.502
-7.01478843699269 0.5021
-7.01481003186957 0.5022
-7.0148285963397 0.5023
-7.01483193148935 0.5024
-7.01482378591414 0.5025
-7.0147909807303 0.5026
-7.01475775103804 0.5027
-7.01473083770041 0.5028
-7.01469508145437 0.5029
-7.014669164745 0.503
-7.01464778743965 0.5031
-7.01462624280725 0.5032
-7.01461362508668 0.5033
-7.01459915984974 0.5034
-7.01458125271532 0.5035
-7.01458431865961 0.5036
-7.01458871925197 0.5037
-7.01460213397227 0.5038
-7.01462928068158 0.5039
-7.01465784798589 0.504
-7.01467522113825 0.5041
-7.01466986767989 0.5042
-7.01466350568923 0.5043
-7.01463740787574 0.5044
-7.01462682063885 0.5045
-7.01459835249995 0.5046
-7.01457428801499 0.5047
-7.01455809805226 0.5048
-7.01452338522443 0.5049
-7.01450023921944 0.505
-7.01449887268551 0.5051
-7.01450941974948 0.5052
-7.01454721803966 0.5053
-7.01458180043117 0.5054
-7.01462989912477 0.5055
-7.01466768439548 0.5056
-7.01472246655278 0.5057
-7.01478847578208 0.5058
-7.01485188369561 0.5059
-7.01491396782173 0.506
-7.01497622055183 0.5061
-7.01502634895439 0.5062
-7.01506280631791 0.5063
-7.01508098560503 0.5064
-7.01508663981528 0.5065
-7.01510206930019 0.5066
-7.01512076660523 0.5067
-7.01514070260005 0.5068
-7.01514867004237 0.5069
-7.0151268345403 0.507
-7.01509521102609 0.5071
-7.0150609396465 0.5072
-7.015029054583 0.5073
-7.01498151815535 0.5074
-7.0149222178106 0.5075
-7.01485592461209 0.5076
-7.01477933518349 0.5077
-7.01469661351741 0.5078
-7.01460445162422 0.5079
-7.01450472602451 0.508
-7.01439509184436 0.5081
-7.01426235335902 0.5082
-7.01413482188422 0.5083
-7.01400950345151 0.5084
-7.01389727078541 0.5085
-7.01378605229656 0.5086
-7.01368351812843 0.5087
-7.01360024618615 0.5088
-7.01352390007525 0.5089
-7.01347180553181 0.509
-7.01343437627596 0.5091
-7.01341434373835 0.5092
-7.01341274461228 0.5093
-7.01340186849852 0.5094
-7.01339710941557 0.5095
-7.01338801507438 0.5096
-7.01337600158239 0.5097
-7.0133769855172 0.5098
-7.01336800908841 0.5099
-7.01336024213403 0.51
-7.01333284185526 0.5101
-7.01330997740765 0.5102
-7.01329903405517 0.5103
-7.01329476555816 0.5104
-7.01330977667433 0.5105
-7.01332342466118 0.5106
-7.01334703864693 0.5107
-7.01339040579123 0.5108
-7.01344152624107 0.5109
-7.01351899357632 0.511
-7.01361711798371 0.5111
-7.01372227870497 0.5112
-7.0138231036194 0.5113
-7.01391742060309 0.5114
-7.01400281515706 0.5115
-7.01410486850707 0.5116
-7.01418183623778 0.5117
-7.01426228735424 0.5118
-7.01433698954562 0.5119
-7.01439472837092 0.512
-7.01443933629165 0.5121
-7.01447803743985 0.5122
-7.0145107011851 0.5123
-7.0145235007087 0.5124
-7.01453353837296 0.5125
-7.01454279856404 0.5126
-7.01453974444793 0.5127
-7.01453233523116 0.5128
-7.01451686518503 0.5129
-7.01450001990797 0.513
-7.01449331145005 0.5131
-7.01447305010654 0.5132
-7.01443937741815 0.5133
-7.01441943874098 0.5134
-7.01440284494 0.5135
-7.01438836087289 0.5136
-7.01437119124671 0.5137
-7.01437869144929 0.5138
-7.01438142664582 0.5139
-7.01437108980013 0.514
-7.01435327002406 0.5141
-7.01434152266456 0.5142
-7.01432789531404 0.5143
-7.01432819679475 0.5144
-7.01432916385387 0.5145
-7.01434911108456 0.5146
-7.01437310157571 0.5147
-7.01439857044435 0.5148
-7.0144173663815 0.5149
-7.01442476118317 0.515
-7.01443741299352 0.5151
-7.01443154217654 0.5152
-7.01441174374564 0.5153
-7.01439615452864 0.5154
-7.01437786454891 0.5155
-7.01435049334505 0.5156
-7.01430746581666 0.5157
-7.014254048375 0.5158
-7.01418242452912 0.5159
-7.01410857242494 0.516
-7.01403144900576 0.5161
-7.01394824967497 0.5162
-7.01385748057719 0.5163
-7.01377621450302 0.5164
-7.01370049343615 0.5165
-7.01362976581323 0.5166
-7.01355903222429 0.5167
-7.01349793210627 0.5168
-7.0134299295437 0.5169
-7.01336628627724 0.517
-7.01331392376562 0.5171
-7.01325983182857 0.5172
-7.01320877376961 0.5173
-7.01316620874342 0.5174
-7.01314138762601 0.5175
-7.01313449334832 0.5176
-7.0131320260897 0.5177
-7.01313120170439 0.5178
-7.01312627889364 0.5179
-7.01312659104581 0.518
-7.01312659202162 0.5181
-7.01312294560378 0.5182
-7.01311581366917 0.5183
-7.0130966121754 0.5184
-7.01306796650536 0.5185
-7.01304475394552 0.5186
-7.0130134797668 0.5187
-7.01298171498855 0.5188
-7.01296172213515 0.5189
-7.01292898494992 0.519
-7.01289391269749 0.5191
-7.01284911504979 0.5192
-7.01279789616431 0.5193
-7.0127248691955 0.5194
-7.01264722885324 0.5195
-7.01256065611872 0.5196
-7.01246085276791 0.5197
-7.01236474395477 0.5198
-7.01224095300016 0.5199
-7.01210662658932 0.52
-7.0119573248061 0.5201
-7.01179722599292 0.5202
-7.01163380825374 0.5203
-7.01146581590921 0.5204
-7.01129868926143 0.5205
-7.01114463740223 0.5206
-7.01097848836659 0.5207
-7.01081366511418 0.5208
-7.01066931940561 0.5209
-7.01054713490895 0.521
-7.01045627617234 0.5211
-7.01037432286739 0.5212
-7.01029475633627 0.5213
-7.01021382745197 0.5214
-7.01010682410625 0.5215
-7.01001608742684 0.5216
-7.00992126440505 0.5217
-7.00983994862233 0.5218
-7.00975201356824 0.5219
-7.00968918946887 0.522
-7.00963516456965 0.5221
-7.00958493783049 0.5222
-7.00952736349966 0.5223
-7.0094691644862 0.5224
-7.00941905227915 0.5225
-7.0093671877786 0.5226
-7.0093113347599 0.5227
-7.00924561815017 0.5228
-7.00918112675143 0.5229
-7.00911856139007 0.523
-7.00907298998393 0.5231
-7.00903762868557 0.5232
-7.00899210051947 0.5233
-7.00894866195356 0.5234
-7.00892190374522 0.5235
-7.00891220166379 0.5236
-7.00891109453275 0.5237
-7.00894356504238 0.5238
-7.00899530604469 0.5239
-7.00905033600077 0.524
-7.0091051032491 0.5241
-7.00917209045721 0.5242
-7.0092470161382 0.5243
-7.00932412231363 0.5244
-7.00939583709679 0.5245
-7.00948554075127 0.5246
-7.00958404103548 0.5247
-7.0096862746314 0.5248
-7.00979829743224 0.5249
-7.00990145306062 0.525
-7.01000011996342 0.5251
-7.01010104367944 0.5252
-7.0102051507251 0.5253
-7.01029314970043 0.5254
-7.01038704127796 0.5255
-7.01047301200046 0.5256
-7.01055242341266 0.5257
-7.01063239388475 0.5258
-7.01070480073927 0.5259
-7.01076010091425 0.526
-7.01081013263135 0.5261
-7.01086558410194 0.5262
-7.01091818882823 0.5263
-7.01097325981552 0.5264
-7.01102756751296 0.5265
-7.01108977084022 0.5266
-7.0111355402424 0.5267
-7.01115140247196 0.5268
-7.01117476373365 0.5269
-7.01119735449051 0.527
-7.01122231167406 0.5271
-7.011256120459 0.5272
-7.01130520624672 0.5273
-7.01136105002669 0.5274
-7.01142942857767 0.5275
-7.0114887896822 0.5276
-7.01155139702837 0.5277
-7.01162953679025 0.5278
-7.01171516472292 0.5279
-7.01181663234262 0.528
-7.01191765058016 0.5281
-7.01201600993496 0.5282
-7.01209775031378 0.5283
-7.01215893566503 0.5284
-7.01221243024742 0.5285
-7.01225167773794 0.5286
-7.01227765170863 0.5287
-7.01230516081265 0.5288
-7.01233017260228 0.5289
-7.01232985463436 0.529
-7.01230582117997 0.5291
-7.01226441384695 0.5292
-7.01218712415257 0.5293
-7.01209622013451 0.5294
-7.01198867284336 0.5295
-7.01187745572162 0.5296
-7.01175884284559 0.5297
-7.01161382458838 0.5298
-7.01145286935854 0.5299
-7.01126791351396 0.53
-7.01109355533258 0.5301
-7.01090084829971 0.5302
-7.01071594625563 0.5303
-7.01052860230244 0.5304
-7.01032927432316 0.5305
-7.01011700461131 0.5306
-7.00990268929277 0.5307
-7.00970090583289 0.5308
-7.00951135073998 0.5309
-7.0093134519513 0.531
-7.00911262942634 0.5311
-7.00893542064828 0.5312
-7.00876665420897 0.5313
-7.00860096046191 0.5314
-7.0084513426397 0.5315
-7.00832178555685 0.5316
-7.00821456501897 0.5317
-7.00811488133778 0.5318
-7.00803368405864 0.5319
-7.00796189956276 0.532
-7.00789748945131 0.5321
-7.00785193293477 0.5322
-7.00779102520015 0.5323
-7.0077200030307 0.5324
-7.00765292302472 0.5325
-7.00757519038939 0.5326
-7.00748724145024 0.5327
-7.00741926135294 0.5328
-7.00734851476869 0.5329
-7.00726587771241 0.533
-7.00720136567204 0.5331
-7.00713205556892 0.5332
-7.00706925478242 0.5333
-7.00699869541482 0.5334
-7.0069257300464 0.5335
-7.00687132713131 0.5336
-7.00681832845789 0.5337
-7.00677331338237 0.5338
-7.0067289206854 0.5339
-7.00670093113689 0.534
-7.00667315766374 0.5341
-7.00663273968881 0.5342
-7.00659697427173 0.5343
-7.0065667335173 0.5344
-7.00654760172024 0.5345
-7.00654602624595 0.5346
-7.00656537920398 0.5347
-7.00658299830955 0.5348
-7.00660932217409 0.5349
-7.0066526159155 0.535
-7.00671409125649 0.5351
-7.00678950187779 0.5352
-7.00687776517861 0.5353
-7.00696332256645 0.5354
-7.00704973727931 0.5355
-7.00713624394014 0.5356
-7.00722491864431 0.5357
-7.00730423979757 0.5358
-7.00739400067246 0.5359
-7.00748428269609 0.536
-7.00756048885088 0.5361
-7.007658616851 0.5362
-7.0077751988512 0.5363
-7.00786557782587 0.5364
-7.00795259961537 0.5365
-7.00804097268264 0.5366
-7.00812269309363 0.5367
-7.00820149039527 0.5368
-7.0082804576309 0.5369
-7.00836582742386 0.537
-7.00846148135691 0.5371
-7.00857710239396 0.5372
-7.00869759398897 0.5373
-7.00882300388838 0.5374
-7.00894482443656 0.5375
-7.00906082565856 0.5376
-7.00916611458198 0.5377
-7.00927835937479 0.5378
-7.00937112275464 0.5379
-7.00945809412494 0.538
-7.00953666629776 0.5381
-7.00960195993676 0.5382
-7.00966334738502 0.5383
-7.0097159262777 0.5384
-7.0097607040382 0.5385
-7.00979073814598 0.5386
-7.00981193614622 0.5387
-7.00981573530285 0.5388
-7.00981661698579 0.5389
-7.0098039618911 0.539
-7.00979751881783 0.5391
-7.00978589078887 0.5392
-7.0097605513874 0.5393
-7.00972401639588 0.5394
-7.00969391137294 0.5395
-7.00966942773135 0.5396
-7.00965290510638 0.5397
-7.00962773976645 0.5398
-7.00960382033393 0.5399
-7.00958701954577 0.54
-7.00956818998843 0.5401
-7.0095452283972 0.5402
-7.00952979957071 0.5403
-7.00948323803594 0.5404
-7.00943093940372 0.5405
-7.00937029600716 0.5406
-7.00929717437234 0.5407
-7.00919251905608 0.5408
-7.00906839438553 0.5409
-7.00895576196685 0.541
-7.00882286203889 0.5411
-7.00867469000881 0.5412
-7.00850915017247 0.5413
-7.00833928660826 0.5414
-7.00817564586724 0.5415
-7.00802728442723 0.5416
-7.0078883694507 0.5417
-7.0077605648385 0.5418
-7.00764320681788 0.5419
-7.00753125339164 0.542
-7.00741597004761 0.5421
-7.00730268538022 0.5422
-7.00719931346786 0.5423
-7.00708310132251 0.5424
-7.00698527447111 0.5425
-7.00691010870943 0.5426
-7.0068366555537 0.5427
-7.00677725617538 0.5428
-7.00671420644349 0.5429
-7.00664528247302 0.543
-7.00658782173076 0.5431
-7.00654853117707 0.5432
-7.00651296545538 0.5433
-7.00649225227078 0.5434
-7.00648059380976 0.5435
-7.00646968805882 0.5436
-7.00644844400184 0.5437
-7.00644880497458 0.5438
-7.00646758627742 0.5439
-7.00647117859877 0.544
-7.00647664446821 0.5441
-7.00647521509698 0.5442
-7.00649696719336 0.5443
-7.00652257825662 0.5444
-7.00655264697909 0.5445
-7.00660458498747 0.5446
-7.00666249890581 0.5447
-7.00670790572661 0.5448
-7.00676260826604 0.5449
-7.00681593547415 0.545
-7.00687895467383 0.5451
-7.0069573987686 0.5452
-7.00704447626324 0.5453
-7.00711851874714 0.5454
-7.00719944829598 0.5455
-7.00728050309973 0.5456
-7.00733784427387 0.5457
-7.00740136943998 0.5458
-7.00745019849883 0.5459
-7.0075002589952 0.546
-7.00754006092549 0.5461
-7.00757174973123 0.5462
-7.00757853466931 0.5463
-7.00760187713494 0.5464
-7.0076023518054 0.5465
-7.00759760208359 0.5466
-7.00758226885122 0.5467
-7.00756763412389 0.5468
-7.00755919815486 0.5469
-7.00754144349907 0.547
-7.00752808525205 0.5471
-7.00749214571506 0.5472
-7.00746438152027 0.5473
-7.00743402538962 0.5474
-7.00740059083987 0.5475
-7.00737586487267 0.5476
-7.0073494631278 0.5477
-7.00730223571674 0.5478
-7.00723481323956 0.5479
-7.00714548208253 0.548
-7.00703153299808 0.5481
-7.00689786676601 0.5482
-7.00675430019736 0.5483
-7.00660256298688 0.5484
-7.0064596914304 0.5485
-7.00630773392081 0.5486
-7.0061696686787 0.5487
-7.00603349041753 0.5488
-7.00588721653088 0.5489
-7.00576286810206 0.549
-7.00565038470665 0.5491
-7.00552928190994 0.5492
-7.00540473951524 0.5493
-7.00530886500661 0.5494
-7.00522097536342 0.5495
-7.00512897768067 0.5496
-7.00501991970545 0.5497
-7.00490571003108 0.5498
-7.00478558272131 0.5499
-7.00468209372375 0.55
-7.00458534309616 0.5501
-7.00450766723377 0.5502
-7.00444687257306 0.5503
-7.00439966055836 0.5504
-7.00437176113087 0.5505
-7.00435784883868 0.5506
-7.00434509472501 0.5507
-7.00430896676744 0.5508
-7.00427541188438 0.5509
-7.00424537557244 0.551
-7.00422768490709 0.5511
-7.00420231666689 0.5512
-7.00418686895009 0.5513
-7.00418123404053 0.5514
-7.00418101695679 0.5515
-7.00418148609642 0.5516
-7.00419739881688 0.5517
-7.00423181777098 0.5518
-7.00428735893023 0.5519
-7.00433163265015 0.552
-7.0043816021269 0.5521
-7.00443903663346 0.5522
-7.00448650670825 0.5523
-7.00453304296246 0.5524
-7.00456207889272 0.5525
-7.0045857834419 0.5526
-7.00462380328718 0.5527
-7.00466663711502 0.5528
-7.00472276129329 0.5529
-7.00478650403488 0.553
-7.00487277292993 0.5531
-7.00496920619577 0.5532
-7.00507048807491 0.5533
-7.00514651365592 0.5534
-7.00524178630635 0.5535
-7.00533107212693 0.5536
-7.00540939044778 0.5537
-7.00547746300924 0.5538
-7.00552824675091 0.5539
-7.00555805420932 0.554
-7.00557213445691 0.5541
-7.00557831012681 0.5542
-7.00557315683998 0.5543
-7.00556550808407 0.5544
-7.00555304288735 0.5545
-7.00552514832227 0.5546
-7.00548047387876 0.5547
-7.00542543355109 0.5548
-7.00536170078846 0.5549
-7.0052953091296 0.555
-7.00521122671936 0.5551
-7.00509764010078 0.5552
-7.00498120340561 0.5553
-7.00486797387628 0.5554
-7.00474399755674 0.5555
-7.0046163938775 0.5556
-7.00448906580439 0.5557
-7.00436378259532 0.5558
-7.00423725124939 0.5559
-7.00412972021963 0.556
-7.00403674731295 0.5561
-7.00396091076211 0.5562
-7.00390497638475 0.5563
-7.00387373790996 0.5564
-7.00386544084422 0.5565
-7.00385189158597 0.5566
-7.0038394228871 0.5567
-7.00384157595202 0.5568
-7.00383758504177 0.5569
-7.00383625226128 0.557
-7.00385080947092 0.5571
-7.00386837933346 0.5572
-7.00389549103254 0.5573
-7.00391826207442 0.5574
-7.00393719857167 0.5575
-7.00396527567522 0.5576
-7.00400347988909 0.5577
-7.00404652478917 0.5578
-7.00408484893304 0.5579
-7.00412295017933 0.558
-7.00415941085954 0.5581
-7.00418637869639 0.5582
-7.00420759228057 0.5583
-7.00421528096815 0.5584
-7.00420161263507 0.5585
-7.00417442584285 0.5586
-7.00414986225868 0.5587
-7.0041268072917 0.5588
-7.00410919084739 0.5589
-7.00407506321871 0.559
-7.00403462382007 0.5591
-7.00399911497843 0.5592
-7.00395098887386 0.5593
-7.0038904869233 0.5594
-7.0037860589796 0.5595
-7.00365094978343 0.5596
-7.00349256463123 0.5597
-7.00331883890743 0.5598
-7.00315717495964 0.5599
-7.0029811748323 0.56
-7.00281380675514 0.5601
-7.00265039758121 0.5602
-7.00248902733658 0.5603
-7.0023347622869 0.5604
-7.00217917679037 0.5605
-7.00203785355408 0.5606
-7.00189874750133 0.5607
-7.00176695961819 0.5608
-7.00164020687018 0.5609
-7.00153477015243 0.561
-7.0014297658875 0.5611
-7.00132322944506 0.5612
-7.00122092595288 0.5613
-7.00113324552676 0.5614
-7.00107792870104 0.5615
-7.00106591668565 0.5616
-7.00108951976908 0.5617
-7.00112979310826 0.5618
-7.00119422248069 0.5619
-7.00129391950367 0.562
-7.0014003211003 0.5621
-7.00152997492468 0.5622
-7.00165843086008 0.5623
-7.00177505386004 0.5624
-7.00189409063126 0.5625
-7.00201573880728 0.5626
-7.00215648194075 0.5627
-7.0022979447036 0.5628
-7.00244601085791 0.5629
-7.0025989295169 0.563
-7.00275743475887 0.5631
-7.0029202101138 0.5632
-7.00306521578992 0.5633
-7.00318302149306 0.5634
-7.00327519129672 0.5635
-7.0033639350996 0.5636
-7.00343972082 0.5637
-7.00349713718069 0.5638
-7.00350822009476 0.5639
-7.00349687825676 0.564
-7.00347362365231 0.5641
-7.00343864955993 0.5642
-7.00339258776846 0.5643
-7.00334804141511 0.5644
-7.0032761590104 0.5645
-7.00318824309535 0.5646
-7.0030970788006 0.5647
-7.00298365569316 0.5648
-7.00286810253282 0.5649
-7.0027567724436 0.565
-7.00263768014586 0.5651
-7.00253166308961 0.5652
-7.00244243107722 0.5653
-7.00238068965383 0.5654
-7.00233842838919 0.5655
-7.00231694711851 0.5656
-7.00230882972773 0.5657
-7.00230714330671 0.5658
-7.00232388909431 0.5659
-7.00235840615926 0.566
-7.00238839463324 0.5661
-7.00242403509271 0.5662
-7.00245108750552 0.5663
-7.0024756927148 0.5664
-7.00249433161713 0.5665
-7.0025323423087 0.5666
-7.002562223226 0.5667
-7.00260095097522 0.5668
-7.00263440702085 0.5669
-7.00267123527419 0.567
-7.00270798058289 0.5671
-7.0027189426501 0.5672
-7.00273556730228 0.5673
-7.00273897629052 0.5674
-7.00273612546108 0.5675
-7.00271241480554 0.5676
-7.00266923685709 0.5677
-7.0026331888373 0.5678
-7.00256325839374 0.5679
-7.00248891466489 0.568
-7.00240581231023 0.5681
-7.00231065922121 0.5682
-7.00220623910763 0.5683
-7.00209395934546 0.5684
-7.0019690071298 0.5685
-7.00184083280626 0.5686
-7.00171238349374 0.5687
-7.00157407614578 0.5688
-7.0014381732161 0.5689
-7.00129928827664 0.569
-7.00117067877486 0.5691
-7.00105858345503 0.5692
-7.00096750276089 0.5693
-7.00087921275614 0.5694
-7.00077709369467 0.5695
-7.00066968534034 0.5696
-7.00057868745366 0.5697
-7.00050854681695 0.5698
-7.00045479769821 0.5699
-7.00040362695289 0.57
-7.00035072918215 0.5701
-7.00032162832751 0.5702
-7.00030520907598 0.5703
-7.00029712324597 0.5704
-7.00030021750855 0.5705
-7.00030669811611 0.5706
-7.0002938042149 0.5707
-7.00026097070462 0.5708
-7.00022270672986 0.5709
-7.00019797596436 0.571
-7.00016329475798 0.5711
-7.00014581870614 0.5712
-7.00013988749667 0.5713
-7.00015218419884 0.5714
-7.00014944017771 0.5715
-7.000148607745 0.5716
-7.00014857748939 0.5717
-7.00015113432953 0.5718
-7.00015641936011 0.5719
-7.00016641618674 0.572
-7.00016827495907 0.5721
-7.00016363134158 0.5722
-7.00016764906687 0.5723
-7.00016203601521 0.5724
-7.00016978329628 0.5725
-7.00017936437472 0.5726
-7.00015676344983 0.5727
-7.00012386358538 0.5728
-7.00006619398824 0.5729
-6.99998077250496 0.573
-6.99987517139837 0.5731
-6.99974956749302 0.5732
-6.99960314065343 0.5733
-6.99946679469431 0.5734
-6.99931398281052 0.5735
-6.99916172732821 0.5736
-6.99901102000674 0.5737
-6.99886522948596 0.5738
-6.99870789768318 0.5739
-6.99856126245285 0.574
-6.99842728350776 0.5741
-6.99829244553472 0.5742
-6.99819967211799 0.5743
-6.99813895854227 0.5744
-6.99809687566115 0.5745
-6.99805756407367 0.5746
-6.99802956678682 0.5747
-6.99802080490706 0.5748
-6.99801018328691 0.5749
-6.9980119488954 0.575
-6.99800739470123 0.5751
-6.99799867398508 0.5752
-6.99798304258392 0.5753
-6.99797853371104 0.5754
-6.99796920183548 0.5755
-6.99796444187167 0.5756
-6.99794536519532 0.5757
-6.99791806153615 0.5758
-6.99789645950351 0.5759
-6.99787724213576 0.576
-6.9978679944543 0.5761
-6.99785144021189 0.5762
-6.99783823383836 0.5763
-6.99784093540173 0.5764
-6.99784468529082 0.5765
-6.99784941204284 0.5766
-6.99786528188189 0.5767
-6.99788997699099 0.5768
-6.99790820261496 0.5769
-6.99789813362583 0.577
-6.99789596604102 0.5771
-6.99787722743733 0.5772
-6.99783698888006 0.5773
-6.99778162339334 0.5774
-6.99770525700082 0.5775
-6.99761296570777 0.5776
-6.99751575903527 0.5777
-6.99742828109798 0.5778
-6.99735200320522 0.5779
-6.99726197960502 0.578
-6.99718940926551 0.5781
-6.99712563900922 0.5782
-6.99708335671552 0.5783
-6.9970380135859 0.5784
-6.99701229898814 0.5785
-6.99697800785795 0.5786
-6.9969646840593 0.5787
-6.99694466387584 0.5788
-6.99692140228188 0.5789
-6.99689246114816 0.579
-6.99687046732338 0.5791
-6.99685637208857 0.5792
-6.99685171404168 0.5793
-6.99685232589007 0.5794
-6.99685629986376 0.5795
-6.99686382517504 0.5796
-6.99687041733832 0.5797
-6.99688721528407 0.5798
-6.99690768324853 0.5799
-6.99692534388443 0.58
-6.996934270384 0.5801
-6.99693848098774 0.5802
-6.99695047101781 0.5803
-6.99698215444155 0.5804
-6.99703399454855 0.5805
-6.99710419022133 0.5806
-6.99718187593052 0.5807
-6.99727401268183 0.5808
-6.99737582150689 0.5809
-6.99747356676357 0.581
-6.99757838942528 0.5811
-6.99768583127837 0.5812
-6.99779956345609 0.5813
-6.99791442703338 0.5814
-6.9980279457454 0.5815
-6.99812889730376 0.5816
-6.99821587243169 0.5817
-6.99828436318014 0.5818
-6.99833878226658 0.5819
-6.9983721658282 0.582
-6.99837836006069 0.5821
-6.99838525763614 0.5822
-6.99837151658877 0.5823
-6.99833283703795 0.5824
-6.99830140696577 0.5825
-6.99826574453872 0.5826
-6.99821129112821 0.5827
-6.99812903402079 0.5828
-6.99802188977739 0.5829
-6.99790050390718 0.583
-6.99776657860637 0.5831
-6.99764303487385 0.5832
-6.99751588116679 0.5833
-6.99738976265313 0.5834
-6.99726509529881 0.5835
-6.99713314288182 0.5836
-6.99699682240792 0.5837
-6.99687075249599 0.5838
-6.99674813905438 0.5839
-6.99662040587871 0.584
-6.99650189207991 0.5841
-6.99637668924286 0.5842
-6.99624722237066 0.5843
-6.99612044770291 0.5844
-6.99600619180823 0.5845
-6.99588941698518 0.5846
-6.99576670903075 0.5847
-6.99565305206429 0.5848
-6.99552507011604 0.5849
-6.99542557832391 0.585
-6.99531548090684 0.5851
-6.99521127137072 0.5852
-6.99511837941987 0.5853
-6.99504905923894 0.5854
-6.99499488828124 0.5855
-6.99493976746955 0.5856
-6.99489998844509 0.5857
-6.99486486670513 0.5858
-6.99484741479964 0.5859
-6.99485067732798 0.586
-6.99484859018545 0.5861
-6.99488412843692 0.5862
-6.99491587747501 0.5863
-6.99495717695285 0.5864
-6.99500595289932 0.5865
-6.99505904760512 0.5866
-6.99510510533444 0.5867
-6.99515297005716 0.5868
-6.99521260366302 0.5869
-6.99526377309179 0.587
-6.99530374589282 0.5871
-6.99532894257619 0.5872
-6.99535133631369 0.5873
-6.99536124522001 0.5874
-6.99537541299097 0.5875
-6.99537580628857 0.5876
-6.9953785181851 0.5877
-6.99539013150751 0.5878
-6.9954039642021 0.5879
-6.99542108725741 0.588
-6.99543601756509 0.5881
-6.99543989570464 0.5882
-6.99543398780445 0.5883
-6.99542355810511 0.5884
-6.99542249476573 0.5885
-6.99541791443458 0.5886
-6.99539808848358 0.5887
-6.99536691390518 0.5888
-6.99534615925247 0.5889
-6.99532378735839 0.589
-6.99528706341661 0.5891
-6.995227211071 0.5892
-6.99517129726928 0.5893
-6.99509889987808 0.5894
-6.99501663817201 0.5895
-6.99491647729628 0.5896
-6.99482583609928 0.5897
-6.99473250717927 0.5898
-6.99461557259562 0.5899
-6.99450145579463 0.59
-6.99440462567251 0.5901
-6.99431689290061 0.5902
-6.9942396412694 0.5903
-6.99418476738876 0.5904
-6.99412098244409 0.5905
-6.99405150393642 0.5906
-6.99396194069911 0.5907
-6.99388193918578 0.5908
-6.99382112528653 0.5909
-6.9937587213908 0.591
-6.99369825637639 0.5911
-6.99363697859518 0.5912
-6.99357357574506 0.5913
-6.99350776984664 0.5914
-6.99343842936545 0.5915
-6.9933577685492 0.5916
-6.99327415114176 0.5917
-6.99321061739935 0.5918
-6.99315715224654 0.5919
-6.99308310830215 0.592
-6.99300621414112 0.5921
-6.9929577080074 0.5922
-6.99291031184171 0.5923
-6.99285454549244 0.5924
-6.99279648370479 0.5925
-6.99275522268691 0.5926
-6.99271144593254 0.5927
-6.99267339841653 0.5928
-6.99265835617125 0.5929
-6.99264352322519 0.593
-6.99263203036302 0.5931
-6.99261289983683 0.5932
-6.9925914469803 0.5933
-6.99258255510556 0.5934
-6.99257726790292 0.5935
-6.99258634567122 0.5936
-6.99261318284361 0.5937
-6.99262584295993 0.5938
-6.99266494003987 0.5939
-6.99270127534968 0.594
-6.99272210736091 0.5941
-6.99273202350895 0.5942
-6.99274180418306 0.5943
-6.99276860494823 0.5944
-6.99279347126041 0.5945
-6.99281912239745 0.5946
-6.99285999251653 0.5947
-6.99291176312407 0.5948
-6.9929641655041 0.5949
-6.9929979114332 0.595
-6.99305005764955 0.5951
-6.99311558176908 0.5952
-6.99319036868513 0.5953
-6.99326431504143 0.5954
-6.99334139236721 0.5955
-6.99343142823041 0.5956
-6.9935185384104 0.5957
-6.99362450385106 0.5958
-6.99373960289949 0.5959
-6.99383665916701 0.596
-6.99392419127713 0.5961
-6.99401253212939 0.5962
-6.9940833410278 0.5963
-6.9941355889288 0.5964
-6.9941799587798 0.5965
-6.99422185276494 0.5966
-6.99425634369871 0.5967
-6.99429958444043 0.5968
-6.99435110947628 0.5969
-6.9943998836672 0.597
-6.99443284675949 0.5971
-6.99445403899292 0.5972
-6.99447038981496 0.5973
-6.99446572716742 0.5974
-6.99446850665118 0.5975
-6.99445989742524 0.5976
-6.99443271934398 0.5977
-6.99440792049475 0.5978
-6.99437534425527 0.5979
-6.99432007878819 0.598
-6.99421759090524 0.5981
-6.99407655230057 0.5982
-6.99393393720571 0.5983
-6.99378341162444 0.5984
-6.99362241059328 0.5985
-6.99345529709889 0.5986
-6.993295778086 0.5987
-6.99313068093114 0.5988
-6.99296249028191 0.5989
-6.99279190194819 0.599
-6.99262493439001 0.5991
-6.99244986165338 0.5992
-6.99228760238398 0.5993
-6.99214578504092 0.5994
-6.99201595634918 0.5995
-6.99189731566552 0.5996
-6.99180201513557 0.5997
-6.99173338833012 0.5998
-6.99168223077287 0.5999
-6.99161224723258 0.6
-6.99154324404533 0.6001
-6.99150060687103 0.6002
-6.99146253243063 0.6003
-6.9914484120291 0.6004
-6.99145568871998 0.6005
-6.99147906027744 0.6006
-6.99149563717019 0.6007
-6.9915269504884 0.6008
-6.99155745861147 0.6009
-6.99158478225312 0.601
-6.99160542425182 0.6011
-6.99163750651563 0.6012
-6.99166434191247 0.6013
-6.99170233677687 0.6014
-6.99173737142867 0.6015
-6.99178212799006 0.6016
-6.99183010801959 0.6017
-6.9918845645654 0.6018
-6.99194128371967 0.6019
-6.99199197772058 0.602
-6.99203243477629 0.6021
-6.99205596717493 0.6022
-6.99206556635597 0.6023
-6.992071572299 0.6024
-6.99208073948066 0.6025
-6.99208565820159 0.6026
-6.9920704205708 0.6027
-6.99203776050747 0.6028
-6.99199788557464 0.6029
-6.99195301923712 0.603
-6.99190463236567 0.6031
-6.99183113479113 0.6032
-6.99175786533382 0.6033
-6.99168601334384 0.6034
-6.99162273808808 0.6035
-6.99156996709996 0.6036
-6.99151925308169 0.6037
-6.99147819856419 0.6038
-6.99145119518833 0.6039
-6.99142121756543 0.604
-6.99139105382934 0.6041
-6.99136770864865 0.6042
-6.99134835863744 0.6043
-6.99133949360492 0.6044
-6.99133827698761 0.6045
-6.99135431255754 0.6046
-6.99138363458939 0.6047
-6.99142974481895 0.6048
-6.9914715443544 0.6049
-6.99150489538714 0.605
-6.99152834703106 0.6051
-6.99153957194982 0.6052
-6.99153039343053 0.6053
-6.99152334349271 0.6054
-6.99149707305961 0.6055
-6.9914657198749 0.6056
-6.99142549177784 0.6057
-6.99138167221555 0.6058
-6.99134310826373 0.6059
-6.99130242404811 0.606
-6.99127594392725 0.6061
-6.9912488226073 0.6062
-6.99122841263265 0.6063
-6.99119465227507 0.6064
-6.99116031282067 0.6065
-6.99111706140547 0.6066
-6.9910625155122 0.6067
-6.99102038108762 0.6068
-6.99097499855712 0.6069
-6.9909426074289 0.607
-6.99090549152482 0.6071
-6.99084898831185 0.6072
-6.99079141066978 0.6073
-6.9907098909767 0.6074
-6.99062826659775 0.6075
-6.99054594171048 0.6076
-6.99044862639914 0.6077
-6.99034311464747 0.6078
-6.99021322421328 0.6079
-6.99006786524845 0.608
-6.98991007918369 0.6081
-6.98974363418784 0.6082
-6.98958311536876 0.6083
-6.98940403440411 0.6084
-6.98922415251365 0.6085
-6.98907227308087 0.6086
-6.98892678813483 0.6087
-6.98876578873772 0.6088
-6.98857738239069 0.6089
-6.98838535707142 0.609
-6.98818422922968 0.6091
-6.98797990146869 0.6092
-6.98776641865143 0.6093
-6.98757237564765 0.6094
-6.98737995225336 0.6095
-6.98720399441423 0.6096
-6.98704872935112 0.6097
-6.9869140931859 0.6098
-6.98680424582996 0.6099
-6.98670513941788 0.61
-6.98662924035501 0.6101
-6.98658151993536 0.6102
-6.98654894368378 0.6103
-6.98653341153948 0.6104
-6.98651812231756 0.6105
-6.98650617987241 0.6106
-6.98649458625767 0.6107
-6.98650437068122 0.6108
-6.98650881713478 0.6109
-6.98652936468158 0.611
-6.98654796156349 0.6111
-6.98656957106591 0.6112
-6.98659451458139 0.6113
-6.9866108933449 0.6114
-6.98664017404844 0.6115
-6.98665884506853 0.6116
-6.98669677849174 0.6117
-6.98673635620824 0.6118
-6.98674890018837 0.6119
-6.98674883745065 0.612
-6.98674445528808 0.6121
-6.98673286653743 0.6122
-6.98670330932623 0.6123
-6.98667825252034 0.6124
-6.98664580610172 0.6125
-6.98659745401762 0.6126
-6.98654856264183 0.6127
-6.98650063656103 0.6128
-6.98644800801775 0.6129
-6.9863882340818 0.613
-6.98631956481237 0.6131
-6.98625070712495 0.6132
-6.98616104741041 0.6133
-6.98606398740615 0.6134
-6.98597538402531 0.6135
-6.98588815162028 0.6136
-6.98579894111581 0.6137
-6.98571486647317 0.6138
-6.98564992482084 0.6139
-6.98559641684821 0.614
-6.9855234417867 0.6141
-6.98546971192588 0.6142
-6.9854453109055 0.6143
-6.98543560255147 0.6144
-6.98542872471682 0.6145
-6.98545779537382 0.6146
-6.98548608524198 0.6147
-6.98552650572119 0.6148
-6.98557199826233 0.6149
-6.98562662195004 0.615
-6.98569824930065 0.6151
-6.98577915492718 0.6152
-6.98585438722513 0.6153
-6.9859135927096 0.6154
-6.98596140866394 0.6155
-6.98601152913649 0.6156
-6.98605542607912 0.6157
-6.98610134496704 0.6158
-6.98612662239005 0.6159
-6.98614020066818 0.616
-6.98614232173659 0.6161
-6.98611744233659 0.6162
-6.98606885813425 0.6163
-6.98600147237891 0.6164
-6.98590982689884 0.6165
-6.9857944079215 0.6166
-6.98567699230687 0.6167
-6.98554367881326 0.6168
-6.98539628122645 0.6169
-6.98522022818129 0.617
-6.98503428133928 0.6171
-6.98483797673126 0.6172
-6.98462383358829 0.6173
-6.9844174266165 0.6174
-6.98419398926632 0.6175
-6.98399201480039 0.6176
-6.98382592230189 0.6177
-6.98366118897417 0.6178
-6.98351954160665 0.6179
-6.98339009489524 0.618
-6.98328349445596 0.6181
-6.9831838669366 0.6182
-6.98310624567143 0.6183
-6.9830347823131 0.6184
-6.98297912455944 0.6185
-6.98294846535398 0.6186
-6.98294773781263 0.6187
-6.98297983136089 0.6188
-6.98303660308505 0.6189
-6.98312824984624 0.619
-6.98322684289268 0.6191
-6.98335039115499 0.6192
-6.98351085667168 0.6193
-6.98369860087123 0.6194
-6.98389467497465 0.6195
-6.98407147746252 0.6196
-6.98424146378489 0.6197
-6.98440016789997 0.6198
-6.98454578951656 0.6199
-6.98466874551332 0.62
-6.98476850502896 0.6201
-6.98484743826731 0.6202
-6.98489586986274 0.6203
-6.98492701243322 0.6204
-6.98494089461739 0.6205
-6.9849135241629 0.6206
-6.98485211133679 0.6207
-6.98476839761978 0.6208
-6.98465241269295 0.6209
-6.98451235225467 0.621
-6.98432727692288 0.6211
-6.98412372245649 0.6212
-6.98391534357704 0.6213
-6.98370287040624 0.6214
-6.9834974770512 0.6215
-6.98329754718243 0.6216
-6.98309734577343 0.6217
-6.982912202531 0.6218
-6.98273227750488 0.6219
-6.98255203344716 0.622
-6.98238365839439 0.6221
-6.98221929714861 0.6222
-6.98209020773372 0.6223
-6.98197202660502 0.6224
-6.98184157940703 0.6225
-6.98172857581356 0.6226
-6.98163351732496 0.6227
-6.98154132603482 0.6228
-6.98147440916937 0.6229
-6.98141094932531 0.623
-6.98135505634977 0.6231
-6.98133416489455 0.6232
-6.98131519310546 0.6233
-6.98132723914111 0.6234
-6.98135846170779 0.6235
-6.98138756637199 0.6236
-6.98143163317551 0.6237
-6.98146828204411 0.6238
-6.9814892120282 0.6239
-6.98153050307633 0.624
-6.98157065759462 0.6241
-6.98161679863288 0.6242
-6.9816765960563 0.6243
-6.98174751845541 0.6244
-6.98181954542393 0.6245
-6.98188320724628 0.6246
-6.98192441523423 0.6247
-6.98195791221496 0.6248
-6.98199367904405 0.6249
-6.98200810644056 0.625
-6.98201993323205 0.6251
-6.98202752266649 0.6252
-6.98203954635014 0.6253
-6.98204046056081 0.6254
-6.98204747935391 0.6255
-6.98206145663634 0.6256
-6.98207797998308 0.6257
-6.98210530226401 0.6258
-6.98211854415333 0.6259
-6.98212585713784 0.626
-6.9821470528526 0.6261
-6.98215165805925 0.6262
-6.98216326209301 0.6263
-6.98218807307263 0.6264
-6.98221391498706 0.6265
-6.98225970161165 0.6266
-6.98230724687858 0.6267
-6.98237150194489 0.6268
-6.98247014576578 0.6269
-6.98259242309926 0.627
-6.98272091844351 0.6271
-6.982848893235 0.6272
-6.98297032335605 0.6273
-6.9831054282187 0.6274
-6.9832303886312 0.6275
-6.98336913655866 0.6276
-6.9835270298889 0.6277
-6.98366596199189 0.6278
-6.98380289241047 0.6279
-6.98391252688292 0.628
-6.98402674466335 0.6281
-6.98412521656288 0.6282
-6.98417884574208 0.6283
-6.98421881173041 0.6284
-6.98424794696998 0.6285
-6.98426650446494 0.6286
-6.98426221110839 0.6287
-6.98424605939289 0.6288
-6.9841854971076 0.6289
-6.98410806637484 0.629
-6.98400224522046 0.6291
-6.9838638912435 0.6292
-6.9837035647787 0.6293
-6.98351652199346 0.6294
-6.98330000810088 0.6295
-6.98305663613457 0.6296
-6.98280913882787 0.6297
-6.98256379737375 0.6298
-6.9823146043577 0.6299
-6.98206206354596 0.63
-6.98180545169478 0.6301
-6.98155943883518 0.6302
-6.98132521175874 0.6303
-6.98110311822105 0.6304
-6.98089101146259 0.6305
-6.98070796400404 0.6306
-6.98056529356412 0.6307
-6.98041860646987 0.6308
-6.98029116664519 0.6309
-6.98016444843296 0.631
-6.98005490827561 0.6311
-6.9799558182978 0.6312
-6.97989158553224 0.6313
-6.97983934368332 0.6314
-6.97979176045981 0.6315
-6.97976006299768 0.6316
-6.97974936118979 0.6317
-6.97973042378065 0.6318
-6.97973337587058 0.6319
-6.97973840116945 0.632
-6.97973412084181 0.6321
-6.97972123994803 0.6322
-6.97968461998473 0.6323
-6.97962924726475 0.6324
-6.9795735668431 0.6325
-6.97948131934551 0.6326
-6.97938113946866 0.6327
-6.97928640605357 0.6328
-6.97920978591619 0.6329
-6.97913787430749 0.633
-6.97906020813514 0.6331
-6.97898541250246 0.6332
-6.97889344993563 0.6333
-6.97879471572321 0.6334
-6.97872042301833 0.6335
-6.97864805577263 0.6336
-6.97859844561315 0.6337
-6.97857961485452 0.6338
-6.9785825967774 0.6339
-6.9785848572629 0.634
-6.97859165085379 0.6341
-6.97860087449701 0.6342
-6.97861371550283 0.6343
-6.97862160841303 0.6344
-6.97862728254927 0.6345
-6.97864155670171 0.6346
-6.97866027899191 0.6347
-6.97868247019065 0.6348
-6.97869072971558 0.6349
-6.97867571372919 0.635
-6.97868555960155 0.6351
-6.9787209194357 0.6352
-6.97876542331686 0.6353
-6.97880703222604 0.6354
-6.97886003980875 0.6355
-6.9789175039562 0.6356
-6.9789923837704 0.6357
-6.97909123780577 0.6358
-6.97919009003759 0.6359
-6.97928374220427 0.636
-6.979382215093 0.6361
-6.97947401464223 0.6362
-6.97955638391811 0.6363
-6.97961271680387 0.6364
-6.97964689441065 0.6365
-6.97967624045166 0.6366
-6.97968291096908 0.6367
-6.97968141064293 0.6368
-6.97966701497293 0.6369
-6.97963473244104 0.637
-6.97957826178091 0.6371
-6.9795068170356 0.6372
-6.97940710022096 0.6373
-6.97927566821888 0.6374
-6.97913514867445 0.6375
-6.97898783897955 0.6376
-6.97882915715458 0.6377
-6.97865493068927 0.6378
-6.97847516982952 0.6379
-6.97829394686348 0.638
-6.97810459380381 0.6381
-6.97793324797669 0.6382
-6.97779965822202 0.6383
-6.97769461678292 0.6384
-6.9775925690108 0.6385
-6.97753146692946 0.6386
-6.97751225577867 0.6387
-6.97754209949406 0.6388
-6.97760272470517 0.6389
-6.97769933103294 0.639
-6.97782082572706 0.6391
-6.97795163256676 0.6392
-6.97808664066062 0.6393
-6.97823901797063 0.6394
-6.97840095059096 0.6395
-6.97854982834498 0.6396
-6.97872082571335 0.6397
-6.97889944911485 0.6398
-6.97907271812471 0.6399
-6.97926123350534 0.64
-6.97940190050471 0.6401
-6.97950971866805 0.6402
-6.97960967753727 0.6403
-6.97968198552658 0.6404
-6.97975133551044 0.6405
-6.97980907092496 0.6406
-6.97984824748987 0.6407
-6.97986270650111 0.6408
-6.97986868473628 0.6409
-6.97985245624242 0.641
-6.97981830065496 0.6411
-6.97978955806829 0.6412
-6.97974031146376 0.6413
-6.97965273946198 0.6414
-6.97956240354126 0.6415
-6.97947151928479 0.6416
-6.97937785595723 0.6417
-6.9792726785234 0.6418
-6.97917776214584 0.6419
-6.97907401106597 0.642
-6.97899178353828 0.6421
-6.97890365467284 0.6422
-6.97880341887687 0.6423
-6.97869550551352 0.6424
-6.97856837101978 0.6425
-6.97843332629007 0.6426
-6.97829811123535 0.6427
-6.97814765099496 0.6428
-6.97798632224793 0.6429
-6.97782692324126 0.643
-6.97767817682442 0.6431
-6.97752759734672 0.6432
-6.97737775166893 0.6433
-6.97723529037435 0.6434
-6.9771088108137 0.6435
-6.97698755497343 0.6436
-6.97687644237886 0.6437
-6.97676590692946 0.6438
-6.97667425363599 0.6439
-6.97658007824582 0.644
-6.97647522682159 0.6441
-6.97637499291783 0.6442
-6.97627433950927 0.6443
-6.97617253944389 0.6444
-6.97608208821192 0.6445
-6.97598980210631 0.6446
-6.97589517363409 0.6447
-6.97579365119575 0.6448
-6.97568602064804 0.6449
-6.9755650696437 0.645
-6.97542663978649 0.6451
-6.97527761831013 0.6452
-6.97513564278711 0.6453
-6.97499737070176 0.6454
-6.97487195815982 0.6455
-6.97475182123828 0.6456
-6.97463736864363 0.6457
-6.97454479529327 0.6458
-6.97445860083621 0.6459
-6.97438942979019 0.646
-6.97434547242861 0.6461
-6.9743102310709 0.6462
-6.97427658222883 0.6463
-6.97428165270589 0.6464
-6.97427981818722 0.6465
-6.97426038482708 0.6466
-6.97423411737415 0.6467
-6.97421942213757 0.6468
-6.97421904180501 0.6469
-6.97421636540781 0.647
-6.97422355010172 0.6471
-6.97422680460546 0.6472
-6.9742375886671 0.6473
-6.97427370345223 0.6474
-6.97433432311406 0.6475
-6.97440595753557 0.6476
-6.97448224107402 0.6477
-6.97456531790543 0.6478
-6.97463889063023 0.6479
-6.97469538897137 0.648
-6.97474568787267 0.6481
-6.97478125835456 0.6482
-6.97481813878521 0.6483
-6.97486613768942 0.6484
-6.97489060608073 0.6485
-6.97490595381841 0.6486
-6.97491501509405 0.6487
-6.97491651088761 0.6488
-6.97489073969102 0.6489
-6.97484792105175 0.649
-6.97477249775328 0.6491
-6.97469891930653 0.6492
-6.97460664389049 0.6493
-6.97450061636111 0.6494
-6.97438445587606 0.6495
-6.97425172817009 0.6496
-6.9741166570818 0.6497
-6.97397969590823 0.6498
-6.97384942859515 0.6499
-6.97371984233992 0.65
-6.97357520944423 0.6501
-6.9734151347265 0.6502
-6.97325415693965 0.6503
-6.973101157069 0.6504
-6.97296104254394 0.6505
-6.97281209330423 0.6506
-6.97266392796679 0.6507
-6.97253366374351 0.6508
-6.97243019958489 0.6509
-6.97233570902079 0.651
-6.97226013208491 0.6511
-6.97218197661391 0.6512
-6.97212157185551 0.6513
-6.97205233569797 0.6514
-6.97199040628769 0.6515
-6.97193462569128 0.6516
-6.97186709698198 0.6517
-6.97180069571353 0.6518
-6.97170758850638 0.6519
-6.97162108899261 0.652
-6.97152637379477 0.6521
-6.97146049642571 0.6522
-6.97141766273276 0.6523
-6.97137426148868 0.6524
-6.97134869648149 0.6525
-6.9713383127279 0.6526
-6.97135217176374 0.6527
-6.97137608037905 0.6528
-6.97139302468752 0.6529
-6.97140693858117 0.653
-6.97146130663514 0.6531
-6.97151142633566 0.6532
-6.97157162707626 0.6533
-6.97164516365474 0.6534
-6.97170855425574 0.6535
-6.97178736536185 0.6536
-6.97185478293879 0.6537
-6.97189745788665 0.6538
-6.97192855987304 0.6539
-6.97195583340669 0.654
-6.97195585344001 0.6541
-6.97194969208342 0.6542
-6.97193403595627 0.6543
-6.97189954050726 0.6544
-6.9718621909096 0.6545
-6.97181163631023 0.6546
-6.97173064434434 0.6547
-6.97164551281628 0.6548
-6.97154193875152 0.6549
-6.97143865126662 0.655
-6.97131636975537 0.6551
-6.97119703040387 0.6552
-6.97107689498314 0.6553
-6.9709777110903 0.6554
-6.9708977836285 0.6555
-6.97083081115876 0.6556
-6.9707968834473 0.6557
-6.97076788167723 0.6558
-6.97073426548311 0.6559
-6.97068674968561 0.656
-6.97064791963705 0.6561
-6.97060534705248 0.6562
-6.97057128112337 0.6563
-6.97054986755991 0.6564
-6.97053559354547 0.6565
-6.97054960340716 0.6566
-6.97056087905801 0.6567
-6.97058602732544 0.6568
-6.97060985308605 0.6569
-6.97066733014055 0.657
-6.97074952651675 0.6571
-6.9708401503061 0.6572
-6.97094236250852 0.6573
-6.97102904611849 0.6574
-6.97108727557078 0.6575
-6.97114208167351 0.6576
-6.9712034949447 0.6577
-6.97125550178351 0.6578
-6.97129576697229 0.6579
-6.97131634538902 0.658
-6.97133335943841 0.6581
-6.97133037490911 0.6582
-6.97131059835791 0.6583
-6.9712678756764 0.6584
-6.97119324013117 0.6585
-6.97110504347828 0.6586
-6.97102743377433 0.6587
-6.9709446074503 0.6588
-6.97086294512675 0.6589
-6.97076024150809 0.659
-6.97065429313241 0.6591
-6.97053826610425 0.6592
-6.97042185616517 0.6593
-6.97027995015408 0.6594
-6.97014046596645 0.6595
-6.96999107922639 0.6596
-6.96985494465044 0.6597
-6.9697321230011 0.6598
-6.96962293390142 0.6599
-6.96951586127223 0.66
-6.96939890126596 0.6601
-6.96930738089704 0.6602
-6.96922351259923 0.6603
-6.96916578266019 0.6604
-6.96912356020206 0.6605
-6.96909758660166 0.6606
-6.96906455498434 0.6607
-6.96904011404588 0.6608
-6.96900142040644 0.6609
-6.96897706175889 0.661
-6.96895472085033 0.6611
-6.96893568077547 0.6612
-6.96891800464581 0.6613
-6.96889701894494 0.6614
-6.96889063358759 0.6615
-6.96888742677583 0.6616
-6.96888362170785 0.6617
-6.96889510783319 0.6618
-6.96891098065028 0.6619
-6.96892392323997 0.662
-6.96896188029601 0.6621
-6.96899251154776 0.6622
-6.96904963665853 0.6623
-6.96910599553069 0.6624
-6.9691570133558 0.6625
-6.96919297479827 0.6626
-6.96925292297199 0.6627
-6.96931191794135 0.6628
-6.96937782264727 0.6629
-6.96942882527114 0.663
-6.96947893426679 0.6631
-6.96951174105333 0.6632
-6.96953600273385 0.6633
-6.96956380806127 0.6634
-6.96957496016393 0.6635
-6.96957093394873 0.6636
-6.96953747531701 0.6637
-6.96949543967949 0.6638
-6.96946840419637 0.6639
-6.96944852657976 0.664
-6.96943402461551 0.6641
-6.96940326261228 0.6642
-6.96935141374984 0.6643
-6.96929078034637 0.6644
-6.96922821127073 0.6645
-6.96916275256293 0.6646
-6.9690939798034 0.6647
-6.96901626992339 0.6648
-6.96891038760019 0.6649
-6.96880355997095 0.665
-6.96869072085895 0.6651
-6.96854324225745 0.6652
-6.96842009015973 0.6653
-6.96831579802866 0.6654
-6.9682040614118 0.6655
-6.96810020962981 0.6656
-6.96795464708315 0.6657
-6.96781639707648 0.6658
-6.9676684530775 0.6659
-6.96751617095163 0.666
-6.96735484976542 0.6661
-6.96718185859072 0.6662
-6.96700465878989 0.6663
-6.96684080038946 0.6664
-6.96669044295901 0.6665
-6.96655519646554 0.6666
-6.96643525778193 0.6667
-6.966312056417 0.6668
-6.96617336454327 0.6669
-6.96604318899232 0.667
-6.96590757292808 0.6671
-6.96578439337717 0.6672
-6.96569756395866 0.6673
-6.96562336939573 0.6674
-6.96554471166161 0.6675
-6.96547754897575 0.6676
-6.9654317209545 0.6677
-6.96539249424399 0.6678
-6.96536428282432 0.6679
-6.96533176476957 0.668
-6.96529880573321 0.6681
-6.96526884485215 0.6682
-6.96523554278184 0.6683
-6.96519613199979 0.6684
-6.9651628723649 0.6685
-6.96509838421306 0.6686
-6.96503876172433 0.6687
-6.96498800331886 0.6688
-6.96493095752606 0.6689
-6.9648734873013 0.669
-6.96481475739944 0.6691
-6.96475208640503 0.6692
-6.96466055824527 0.6693
-6.96458430106929 0.6694
-6.96453101409263 0.6695
-6.96447176950743 0.6696
-6.96439587256604 0.6697
-6.96433901662054 0.6698
-6.96427065935033 0.6699
-6.96419639585065 0.67
-6.96411055420369 0.6701
-6.96403903270869 0.6702
-6.96397568884231 0.6703
-6.9639154169352 0.6704
-6.96388924698376 0.6705
-6.96386255866378 0.6706
-6.96386076836822 0.6707
-6.9638714158431 0.6708
-6.96389840202569 0.6709
-6.96393685900726 0.671
-6.96400525881378 0.6711
-6.96407614107543 0.6712
-6.96413811563188 0.6713
-6.96419084738322 0.6714
-6.96425433087066 0.6715
-6.9643024036478 0.6716
-6.96435237571817 0.6717
-6.96439902819472 0.6718
-6.96444533638008 0.6719
-6.96448515578652 0.672
-6.96451648240079 0.6721
-6.96455180231059 0.6722
-6.96456778387708 0.6723
-6.96455788289959 0.6724
-6.9645422598131 0.6725
-6.96451688626296 0.6726
-6.9644811605294 0.6727
-6.96444327914795 0.6728
-6.96438204554736 0.6729
-6.96432386072799 0.673
-6.96426666806238 0.6731
-6.96419875819719 0.6732
-6.96413551938941 0.6733
-6.96407312066488 0.6734
-6.96399080229794 0.6735
-6.96390020997577 0.6736
-6.9637948607267 0.6737
-6.96365440948732 0.6738
-6.96349403661771 0.6739
-6.96333051909636 0.674
-6.96316045692087 0.6741
-6.96299054525145 0.6742
-6.9627891589012 0.6743
-6.96257056986083 0.6744
-6.9623523926055 0.6745
-6.96213123119813 0.6746
-6.9619128522436 0.6747
-6.96169457829017 0.6748
-6.96148283181096 0.6749
-6.96126386407902 0.675
-6.96104886881411 0.6751
-6.96084477613334 0.6752
-6.96066386506974 0.6753
-6.960511180062 0.6754
-6.96037158988385 0.6755
-6.96026260635868 0.6756
-6.96017966412991 0.6757
-6.96012627377684 0.6758
-6.96010426713334 0.6759
-6.96010805680913 0.676
-6.96012868585191 0.6761
-6.96017679377436 0.6762
-6.96024986379886 0.6763
-6.96032838373796 0.6764
-6.96042552283676 0.6765
-6.96054900444464 0.6766
-6.96068050737189 0.6767
-6.96082131392407 0.6768
-6.96095123983463 0.6769
-6.96107482451581 0.677
-6.96118251111294 0.6771
-6.96127422694074 0.6772
-6.96136345680145 0.6773
-6.96143775229111 0.6774
-6.96148234519223 0.6775
-6.96151160270805 0.6776
-6.96151871678144 0.6777
-6.9615159017432 0.6778
-6.9614904543675 0.6779
-6.96144262515035 0.678
-6.96137113010299 0.6781
-6.96128177668227 0.6782
-6.96116076135336 0.6783
-6.96101803462369 0.6784
-6.96088554258703 0.6785
-6.96071803927865 0.6786
-6.96055006565053 0.6787
-6.96035180733531 0.6788
-6.96014762633462 0.6789
-6.95994497065125 0.679
-6.95973540793422 0.6791
-6.95953434088802 0.6792
-6.95931303720776 0.6793
-6.95909045976036 0.6794
-6.95890469108895 0.6795
-6.95875013052216 0.6796
-6.95862464446797 0.6797
-6.95851591524942 0.6798
-6.95841536850249 0.6799
-6.95832460144895 0.68
-6.95826891520129 0.6801
-6.95822559142715 0.6802
-6.95820081981986 0.6803
-6.95816477497073 0.6804
-6.95812348555354 0.6805
-6.95811866446272 0.6806
-6.95813381293496 0.6807
-6.95816366481792 0.6808
-6.95822373451744 0.6809
-6.95831646897705 0.681
-6.95842419120825 0.6811
-6.95854016733515 0.6812
-6.95866418487369 0.6813
-6.95878987916659 0.6814
-6.95891535742772 0.6815
-6.95904821696901 0.6816
-6.95919164986382 0.6817
-6.9593104767226 0.6818
-6.95942333116877 0.6819
-6.95954407048347 0.682
-6.9596729686522 0.6821
-6.95978934193686 0.6822
-6.95991875131349 0.6823
-6.96005585326153 0.6824
-6.96019405185059 0.6825
-6.96032806725147 0.6826
-6.96045691024592 0.6827
-6.96059530947843 0.6828
-6.96073437517404 0.6829
-6.96086333597155 0.683
-6.96097140053263 0.6831
-6.96106837628329 0.6832
-6.96115766390589 0.6833
-6.96122699607715 0.6834
-6.96130611998421 0.6835
-6.96138549924671 0.6836
-6.96144363063129 0.6837
-6.96148132406533 0.6838
-6.96150161681159 0.6839
-6.9614989965737 0.684
-6.9614704031412 0.6841
-6.96143638989898 0.6842
-6.9613860585705 0.6843
-6.96134287854036 0.6844
-6.96128018954386 0.6845
-6.96120228588434 0.6846
-6.96112452008798 0.6847
-6.9610406421205 0.6848
-6.96095896599646 0.6849
-6.96087349518563 0.685
-6.96080949322522 0.6851
-6.96073909619508 0.6852
-6.96066407992559 0.6853
-6.9605788269154 0.6854
-6.96048402497455 0.6855
-6.96038672531599 0.6856
-6.96028554831069 0.6857
-6.96015793826647 0.6858
-6.96001583720076 0.6859
-6.95986691938277 0.686
-6.95969240259923 0.6861
-6.9594944836941 0.6862
-6.95929760619638 0.6863
-6.95911753251211 0.6864
-6.95892451382022 0.6865
-6.95877427681672 0.6866
-6.95863428233003 0.6867
-6.95851182334121 0.6868
-6.95839454564919 0.6869
-6.95827579749057 0.687
-6.95813592424236 0.6871
-6.95800222001713 0.6872
-6.95785040935378 0.6873
-6.95768717371494 0.6874
-6.95751152039963 0.6875
-6.9573491808918 0.6876
-6.95716950409723 0.6877
-6.95699281140563 0.6878
-6.95681893903106 0.6879
-6.95669128421698 0.688
-6.95657445514168 0.6881
-6.95645240262988 0.6882
-6.95633500217167 0.6883
-6.95622808738787 0.6884
-6.95614931980727 0.6885
-6.95607778845057 0.6886
-6.95602693487101 0.6887
-6.95596895821125 0.6888
-6.95594399396229 0.6889
-6.95591085754943 0.689
-6.95589018461866 0.6891
-6.95587709477868 0.6892
-6.95588880441326 0.6893
-6.95591468695508 0.6894
-6.95595453950554 0.6895
-6.95597114404982 0.6896
-6.95598088894467 0.6897
-6.95599605479351 0.6898
-6.95600968645847 0.6899
-6.95604745065854 0.69
-6.95605975247218 0.6901
-6.95608040844712 0.6902
-6.95609046257516 0.6903
-6.95608956765457 0.6904
-6.95607653024724 0.6905
-6.95605503238484 0.6906
-6.95600781877484 0.6907
-6.95594201822534 0.6908
-6.95586003598486 0.6909
-6.95577200293457 0.691
-6.95566331874812 0.6911
-6.95554515583887 0.6912
-6.95539378311633 0.6913
-6.95522746143416 0.6914
-6.9550416003292 0.6915
-6.95486339703004 0.6916
-6.95468661831985 0.6917
-6.9545168975452 0.6918
-6.95435026521645 0.6919
-6.95417957660854 0.692
-6.95400206357666 0.6921
-6.95383141303526 0.6922
-6.95365412959695 0.6923
-6.95349554301944 0.6924
-6.95335553241586 0.6925
-6.95321336249593 0.6926
-6.95308873619293 0.6927
-6.95296542035957 0.6928
-6.9528454601063 0.6929
-6.95273713344537 0.693
-6.95266330514249 0.6931
-6.95260109156857 0.6932
-6.95254980457461 0.6933
-6.95251537486652 0.6934
-6.95252485830221 0.6935
-6.95252513887807 0.6936
-6.95254829170129 0.6937
-6.95260349554046 0.6938
-6.95266107982004 0.6939
-6.95271786981548 0.694
-6.9527657749709 0.6941
-6.95282594242371 0.6942
-6.95289273612301 0.6943
-6.95296118704855 0.6944
-6.95301772641814 0.6945
-6.9530741095289 0.6946
-6.95314062222346 0.6947
-6.95319701542782 0.6948
-6.95327083449346 0.6949
-6.95332817233505 0.695
-6.95336939882375 0.6951
-6.95340488458115 0.6952
-6.95343883717237 0.6953
-6.95345701653626 0.6954
-6.95347475598891 0.6955
-6.95348584611881 0.6956
-6.9535156812659 0.6957
-6.95353501266472 0.6958
-6.9535428864505 0.6959
-6.95352899289636 0.696
-6.95352444821584 0.6961
-6.95351705941711 0.6962
-6.95350447843472 0.6963
-6.9534734076595 0.6964
-6.95341788334878 0.6965
-6.95334434290264 0.6966
-6.95326670149767 0.6967
-6.95316579438136 0.6968
-6.95304661938149 0.6969
-6.95293503918504 0.697
-6.95282181364101 0.6971
-6.95270579517248 0.6972
-6.95259466244536 0.6973
-6.95245133188077 0.6974
-6.95230156760577 0.6975
-6.95216397544278 0.6976
-6.95202501111031 0.6977
-6.95189849667074 0.6978
-6.95178428247893 0.6979
-6.95167410111556 0.698
-6.95159425528832 0.6981
-6.95151586622434 0.6982
-6.9514554643265 0.6983
-6.95140669867351 0.6984
-6.95137255000102 0.6985
-6.95133496757206 0.6986
-6.95130649264974 0.6987
-6.95128303264419 0.6988
-6.95125458472939 0.6989
-6.95122885192748 0.699
-6.9511967034829 0.6991
-6.95117022816292 0.6992
-6.9511543013807 0.6993
-6.95114959461404 0.6994
-6.95114222067088 0.6995
-6.95111066665932 0.6996
-6.95108282083902 0.6997
-6.95105058468896 0.6998
-6.95100047613601 0.6999
-6.95093316639505 0.7
-6.9508853028834 0.7001
-6.9508115814617 0.7002
-6.95072897857526 0.7003
-6.95064223987051 0.7004
-6.95056112301752 0.7005
-6.95046738711864 0.7006
-6.95036194621519 0.7007
-6.9502516153453 0.7008
-6.95013501909042 0.7009
-6.95002485335913 0.701
-6.94993717271225 0.7011
-6.94985965305598 0.7012
-6.94977664555177 0.7013
-6.94966686831732 0.7014
-6.94954915240996 0.7015
-6.94941053537369 0.7016
-6.94928241529062 0.7017
-6.94916426504715 0.7018
-6.94903677989803 0.7019
-6.94893019391715 0.702
-6.94885832130415 0.7021
-6.94881296948949 0.7022
-6.94878955841779 0.7023
-6.94878054760201 0.7024
-6.9487972152909 0.7025
-6.94879551674445 0.7026
-6.94880007708201 0.7027
-6.94880244554768 0.7028
-6.94881266573814 0.7029
-6.94884782368778 0.703
-6.94889098960797 0.7031
-6.94893354207529 0.7032
-6.94899385287082 0.7033
-6.94905733604618 0.7034
-6.94912872775604 0.7035
-6.94921028722015 0.7036
-6.94933217134019 0.7037
-6.94947216065339 0.7038
-6.94959762909729 0.7039
-6.94972534906319 0.704
-6.94988354806491 0.7041
-6.95003254762623 0.7042
-6.95019259752658 0.7043
-6.95034454952563 0.7044
-6.95049336171237 0.7045
-6.95060804434537 0.7046
-6.95071407646349 0.7047
-6.95080407704122 0.7048
-6.9508837215815 0.7049
-6.95092980659565 0.705
-6.95097785934468 0.7051
-6.95100560157878 0.7052
-6.95101182400321 0.7053
-6.95100448074479 0.7054
-6.95097205122992 0.7055
-6.95094784587276 0.7056
-6.95093057497612 0.7057
-6.95091127485326 0.7058
-6.95087801868223 0.7059
-6.95082619925625 0.706
-6.95076406636768 0.7061
-6.95068739000058 0.7062
-6.95059386049953 0.7063
-6.95048271493647 0.7064
-6.95036066615876 0.7065
-6.95021855926224 0.7066
-6.95008072584423 0.7067
-6.94994131107927 0.7068
-6.94981406794535 0.7069
-6.94965666172681 0.707
-6.94950101348116 0.7071
-6.94937223235262 0.7072
-6.94927449156855 0.7073
-6.94920492374477 0.7074
-6.9491416257618 0.7075
-6.94909868601689 0.7076
-6.94905982190623 0.7077
-6.94907067818685 0.7078
-6.94909276984714 0.7079
-6.94915178027046 0.708
-6.94923697284125 0.7081
-6.94931311609798 0.7082
-6.94940776619965 0.7083
-6.9495083340749 0.7084
-6.94960900423914 0.7085
-6.94971226761619 0.7086
-6.94981463837809 0.7087
-6.94991793277848 0.7088
-6.94998626806104 0.7089
-6.9500202586155 0.709
-6.95006431926877 0.7091
-6.95011777808651 0.7092
-6.95017575058791 0.7093
-6.95023924975154 0.7094
-6.95028580103776 0.7095
-6.9503303915579 0.7096
-6.95036806723965 0.7097
-6.95038275952771 0.7098
-6.95040394119968 0.7099
-6.95042443475683 0.71
-6.9504358385949 0.7101
-6.95043464262529 0.7102
-6.95044616777815 0.7103
-6.95045589714182 0.7104
-6.9504562813041 0.7105
-6.95048143862258 0.7106
-6.95049164701991 0.7107
-6.95049551141222 0.7108
-6.95046914245289 0.7109
-6.95041867927956 0.711
-6.95036378411794 0.7111
-6.95029812445042 0.7112
-6.95022865515433 0.7113
-6.95015767669953 0.7114
-6.95007634343708 0.7115
-6.94998733812899 0.7116
-6.94989266598557 0.7117
-6.94978354802133 0.7118
-6.94965280931881 0.7119
-6.94951548489046 0.712
-6.94939360459826 0.7121
-6.94927729777593 0.7122
-6.94912502737535 0.7123
-6.9489669425816 0.7124
-6.948798830236 0.7125
-6.94862263469299 0.7126
-6.94846001172513 0.7127
-6.94830403258692 0.7128
-6.94818525773399 0.7129
-6.94805922870868 0.713
-6.9479122679997 0.7131
-6.94776021067844 0.7132
-6.94761758976145 0.7133
-6.94745697431479 0.7134
-6.94729671930535 0.7135
-6.94712880086449 0.7136
-6.94694414199939 0.7137
-6.94676848240102 0.7138
-6.94659321141016 0.7139
-6.94640154136589 0.714
-6.94619957822458 0.7141
-6.94598536284909 0.7142
-6.94578249144455 0.7143
-6.94558615948566 0.7144
-6.94536575400651 0.7145
-6.94518268990598 0.7146
-6.94501248976007 0.7147
-6.94484625482896 0.7148
-6.94467683786861 0.7149
-6.94454188813019 0.715
-6.94441049803808 0.7151
-6.94430234084595 0.7152
-6.94418502597294 0.7153
-6.9440794917769 0.7154
-6.94397396347216 0.7155
-6.94386554832748 0.7156
-6.94375644023106 0.7157
-6.94365040026187 0.7158
-6.9435275086881 0.7159
-6.94338810609817 0.716
-6.94323619082527 0.7161
-6.9430690969056 0.7162
-6.94289961617884 0.7163
-6.94274920641349 0.7164
-6.94260851780508 0.7165
-6.94246416662166 0.7166
-6.94232057675404 0.7167
-6.94219532115391 0.7168
-6.94209643228628 0.7169
-6.94200874155443 0.717
-6.94193126403326 0.7171
-6.94184619026029 0.7172
-6.94175525493711 0.7173
-6.94168860664359 0.7174
-6.94165528914676 0.7175
-6.94163643142535 0.7176
-6.94161224224899 0.7177
-6.94161482023847 0.7178
-6.94164138841748 0.7179
-6.94165511061799 0.718
-6.94165282524702 0.7181
-6.94167510146566 0.7182
-6.9416983377164 0.7183
-6.94172064923411 0.7184
-6.94175306474591 0.7185
-6.94179551229986 0.7186
-6.9418582246313 0.7187
-6.9419102774199 0.7188
-6.94194903527893 0.7189
-6.94200706931292 0.719
-6.94205080546406 0.7191
-6.94208585517797 0.7192
-6.94212120766092 0.7193
-6.94215848069535 0.7194
-6.94218827597322 0.7195
-6.94221735906828 0.7196
-6.94224480072323 0.7197
-6.94226365968151 0.7198
-6.94226903807577 0.7199
-6.94230070956609 0.72
-6.94232029762844 0.7201
-6.94234921636461 0.7202
-6.9423390789895 0.7203
-6.94232138236821 0.7204
-6.9423199358797 0.7205
-6.9423039236835 0.7206
-6.94227156519712 0.7207
-6.9422353878292 0.7208
-6.94219550968422 0.7209
-6.94214268664852 0.721
-6.94207516103873 0.7211
-6.94201918717772 0.7212
-6.94196303137061 0.7213
-6.94191634258197 0.7214
-6.94185727990224 0.7215
-6.94178700153198 0.7216
-6.94170149703487 0.7217
-6.94161071827557 0.7218
-6.94152080688578 0.7219
-6.94141704540002 0.722
-6.94130983376097 0.7221
-6.94117465850759 0.7222
-6.94106317084675 0.7223
-6.94095562078662 0.7224
-6.9408478572693 0.7225
-6.94074246699569 0.7226
-6.94063774961332 0.7227
-6.94056171266073 0.7228
-6.94050452703756 0.7229
-6.94049882391757 0.723
-6.94052372173916 0.7231
-6.94056634344482 0.7232
-6.94061889622745 0.7233
-6.94068791184891 0.7234
-6.94078571511817 0.7235
-6.94091536603558 0.7236
-6.94104565933142 0.7237
-6.94121729283339 0.7238
-6.94142176125495 0.7239
-6.94164737309373 0.724
-6.94191096696346 0.7241
-6.9421762522419 0.7242
-6.94244274517045 0.7243
-6.94268235213531 0.7244
-6.94293010288226 0.7245
-6.94316081041152 0.7246
-6.94338668900827 0.7247
-6.94361856091602 0.7248
-6.94381777823622 0.7249
-6.94401077219226 0.725
-6.94416048314326 0.7251
-6.94428932608175 0.7252
-6.94439380990083 0.7253
-6.9444858024968 0.7254
-6.94453972857837 0.7255
-6.94457882762477 0.7256
-6.94456239036448 0.7257
-6.94450659733034 0.7258
-6.94442944388909 0.7259
-6.94434555167963 0.726
-6.94421062523621 0.7261
-6.9440658997381 0.7262
-6.9439048342311 0.7263
-6.9437269907314 0.7264
-6.94353465433481 0.7265
-6.94335454413428 0.7266
-6.94318473682301 0.7267
-6.94300479135392 0.7268
-6.94280056153925 0.7269
-6.94260553361889 0.727
-6.94241989268969 0.7271
-6.94223252973895 0.7272
-6.94203699919294 0.7273
-6.94185517061385 0.7274
-6.94166831167144 0.7275
-6.94150886545274 0.7276
-6.94137247848016 0.7277
-6.94123410314146 0.7278
-6.94113303006701 0.7279
-6.94103439750245 0.728
-6.94093184328265 0.7281
-6.9408239277186 0.7282
-6.94072431358684 0.7283
-6.94061761061395 0.7284
-6.94050246101821 0.7285
-6.94037730671071 0.7286
-6.94026405978451 0.7287
-6.94013674782004 0.7288
-6.940002615441 0.7289
-6.93986562666882 0.729
-6.93971902698686 0.7291
-6.93956949059916 0.7292
-6.93941188505488 0.7293
-6.93926701912689 0.7294
-6.93915116120731 0.7295
-6.93904501453878 0.7296
-6.93897354839177 0.7297
-6.93890612051958 0.7298
-6.93887057934398 0.7299
-6.93883970220229 0.73
-6.93882409946424 0.7301
-6.93881854012348 0.7302
-6.93881031111394 0.7303
-6.93879955880117 0.7304
-6.93879784280053 0.7305
-6.93880618393932 0.7306
-6.93880756109449 0.7307
-6.93880074100537 0.7308
-6.93879288589927 0.7309
-6.9388055797821 0.731
-6.93882106795591 0.7311
-6.93885758895873 0.7312
-6.93891566869397 0.7313
-6.93898058601623 0.7314
-6.93906343964738 0.7315
-6.93916745697713 0.7316
-6.93927984034075 0.7317
-6.9393830615317 0.7318
-6.93949135697004 0.7319
-6.93959392589096 0.732
-6.93968259146941 0.7321
-6.93977373123296 0.7322
-6.93987237078767 0.7323
-6.93995335759929 0.7324
-6.94004222193261 0.7325
-6.94014260874935 0.7326
-6.94024109004384 0.7327
-6.94033438891705 0.7328
-6.94042509878348 0.7329
-6.94049979156062 0.733
-6.94055631081113 0.7331
-6.94062295789961 0.7332
-6.94067572822069 0.7333
-6.94071950231202 0.7334
-6.94075939876644 0.7335
-6.94076352186142 0.7336
-6.94074988331439 0.7337
-6.94073132308377 0.7338
-6.94070793867408 0.7339
-6.9406612876938 0.734
-6.94058890246296 0.7341
-6.94050599361735 0.7342
-6.9404240399175 0.7343
-6.94031367934818 0.7344
-6.94020173823143 0.7345
-6.94011462074344 0.7346
-6.94003837404195 0.7347
-6.93994680317975 0.7348
-6.93985924067059 0.7349
-6.93976816861093 0.735
-6.93965971947839 0.7351
-6.93956185560779 0.7352
-6.9394644653349 0.7353
-6.9393657876751 0.7354
-6.93927390430546 0.7355
-6.9391947034639 0.7356
-6.93913277686337 0.7357
-6.93910215468465 0.7358
-6.93907242924228 0.7359
-6.93906161216866 0.736
-6.93906861948662 0.7361
-6.93908634871715 0.7362
-6.93913767029214 0.7363
-6.93919560596526 0.7364
-6.93926526676908 0.7365
-6.93934511646843 0.7366
-6.93945469584958 0.7367
-6.93956786220511 0.7368
-6.93971041096697 0.7369
-6.93985284963523 0.737
-6.93998051602776 0.7371
-6.94009784971704 0.7372
-6.94021080772164 0.7373
-6.94028057418664 0.7374
-6.94035782868158 0.7375
-6.94041308058564 0.7376
-6.9404388946207 0.7377
-6.94046381643984 0.7378
-6.94045961436979 0.7379
-6.94043689856752 0.738
-6.9403989694495 0.7381
-6.9403475097883 0.7382
-6.94026907888736 0.7383
-6.940165968431 0.7384
-6.94005122993651 0.7385
-6.93991219781255 0.7386
-6.93976790399967 0.7387
-6.9396134155494 0.7388
-6.93943475463295 0.7389
-6.93925639326981 0.739
-6.93907018978281 0.7391
-6.93888622669692 0.7392
-6.93870065457321 0.7393
-6.93851245151655 0.7394
-6.93832854431036 0.7395
-6.93812519474439 0.7396
-6.93792278636731 0.7397
-6.9377248154897 0.7398
-6.93752443573971 0.7399
-6.9373368489799 0.74
-6.93715355969214 0.7401
-6.93697670904979 0.7402
-6.93680008820151 0.7403
-6.93661088081695 0.7404
-6.93644028254573 0.7405
-6.93627090359116 0.7406
-6.93611120926614 0.7407
-6.93596131750303 0.7408
-6.93580418582541 0.7409
-6.93565988300029 0.741
-6.93553732761278 0.7411
-6.93540356252121 0.7412
-6.93530605581044 0.7413
-6.93522071463658 0.7414
-6.93514466714679 0.7415
-6.93507054288591 0.7416
-6.9349883246623 0.7417
-6.93493190266582 0.7418
-6.93487366463604 0.7419
-6.9348134212463 0.742
-6.93474458049323 0.7421
-6.93468323027887 0.7422
-6.93462907424432 0.7423
-6.93457461184871 0.7424
-6.93452173654145 0.7425
-6.93445647347225 0.7426
-6.93439029523918 0.7427
-6.93432640402961 0.7428
-6.93427031406964 0.7429
-6.93422305305667 0.743
-6.93417563249814 0.7431
-6.93411869281334 0.7432
-6.93405794400562 0.7433
-6.93401094196783 0.7434
-6.93395803311721 0.7435
-6.93390119269266 0.7436
-6.93382748611397 0.7437
-6.93371477483931 0.7438
-6.93361040741499 0.7439
-6.9335263156758 0.744
-6.93342602850807 0.7441
-6.93332517859145 0.7442
-6.93322951814705 0.7443
-6.93315456135773 0.7444
-6.93307501579857 0.7445
-6.93299135155032 0.7446
-6.93288983413538 0.7447
-6.9327870493857 0.7448
-6.93270667849371 0.7449
-6.93262299941773 0.745
-6.9325526903767 0.7451
-6.93248856175174 0.7452
-6.93242561706398 0.7453
-6.93237915731998 0.7454
-6.93235220472694 0.7455
-6.93232604094624 0.7456
-6.93229783855333 0.7457
-6.9322828764007 0.7458
-6.93228623225765 0.7459
-6.93227371802857 0.746
-6.93226076814581 0.7461
-6.93225420025362 0.7462
-6.93224561496245 0.7463
-6.9322572421628 0.7464
-6.93228594766144 0.7465
-6.93232233417391 0.7466
-6.93234988668727 0.7467
-6.932391582292 0.7468
-6.93246099181244 0.7469
-6.93252708141876 0.747
-6.93259297850893 0.7471
-6.93265595981178 0.7472
-6.93272291609137 0.7473
-6.93280538751309 0.7474
-6.93287699726714 0.7475
-6.93294074149012 0.7476
-6.93302037222635 0.7477
-6.93309177863162 0.7478
-6.93314804511885 0.7479
-6.93317655586987 0.748
-6.93320272022427 0.7481
-6.93321055721591 0.7482
-6.93321015335029 0.7483
-6.93319870728045 0.7484
-6.93317539661818 0.7485
-6.93315145903795 0.7486
-6.93316181446704 0.7487
-6.93319681146819 0.7488
-6.93324935951221 0.7489
-6.93329028516214 0.749
-6.93333280747341 0.7491
-6.9333865268978 0.7492
-6.93345933812968 0.7493
-6.93352599223398 0.7494
-6.93358361625455 0.7495
-6.93366884114429 0.7496
-6.93376134988531 0.7497
-6.93385638939928 0.7498
-6.93397408701913 0.7499
-6.93408047458872 0.75
-6.93421858109681 0.7501
-6.9343382821431 0.7502
-6.93445264557214 0.7503
-6.93455382640104 0.7504
-6.93463750666978 0.7505
-6.93471913323224 0.7506
-6.93478865594289 0.7507
-6.93484324186861 0.7508
-6.93487082504144 0.7509
-6.93486891724844 0.751
-6.93488634289517 0.7511
-6.9348966072199 0.7512
-6.93491622398189 0.7513
-6.93494857048439 0.7514
-6.93500972543966 0.7515
-6.93506894406711 0.7516
-6.93511537378127 0.7517
-6.93517556719185 0.7518
-6.93525758089244 0.7519
-6.93535735746383 0.752
-6.93546341456171 0.7521
-6.93558087081371 0.7522
-6.93570073459799 0.7523
-6.93581236420704 0.7524
-6.93590761806064 0.7525
-6.93597870167308 0.7526
-6.93603994890231 0.7527
-6.93607378475757 0.7528
-6.93608270131082 0.7529
-6.93607647501312 0.753
-6.93605200642829 0.7531
-6.93603046161232 0.7532
-6.93596698297934 0.7533
-6.93589828526558 0.7534
-6.935808863675 0.7535
-6.93571329362606 0.7536
-6.93560296178361 0.7537
-6.93546439832286 0.7538
-6.93532354384057 0.7539
-6.93517328181441 0.754
-6.93501307361918 0.7541
-6.93484487701537 0.7542
-6.9346732713355 0.7543
-6.93452213846559 0.7544
-6.93438628187671 0.7545
-6.93425242513819 0.7546
-6.9341374013457 0.7547
-6.93403830648326 0.7548
-6.93393234173956 0.7549
-6.93378991276328 0.755
-6.9336657051025 0.7551
-6.93353436700761 0.7552
-6.93340768744242 0.7553
-6.9332759758445 0.7554
-6.93315294186064 0.7555
-6.93303924495762 0.7556
-6.93292636024428 0.7557
-6.93279654754699 0.7558
-6.93267513596667 0.7559
-6.93254416184628 0.756
-6.93241635384539 0.7561
-6.93227067495652 0.7562
-6.9321329530322 0.7563
-6.93200554945052 0.7564
-6.93187595700242 0.7565
-6.93175194886909 0.7566
-6.93162066752203 0.7567
-6.93150912137793 0.7568
-6.93140542494981 0.7569
-6.93130435386985 0.757
-6.93121662981557 0.7571
-6.93113409728659 0.7572
-6.93105359211822 0.7573
-6.93098212002069 0.7574
-6.93090139164751 0.7575
-6.93082770220981 0.7576
-6.93074161120982 0.7577
-6.93064618641465 0.7578
-6.93055450138413 0.7579
-6.93045712274563 0.758
-6.93037479459787 0.7581
-6.93032190806704 0.7582
-6.93027478521859 0.7583
-6.93024781855216 0.7584
-6.93024325318846 0.7585
-6.93024043217442 0.7586
-6.93024094737619 0.7587
-6.93023685184833 0.7588
-6.93026106572201 0.7589
-6.93029719851797 0.759
-6.93035449953462 0.7591
-6.93042072909285 0.7592
-6.93048085916021 0.7593
-6.93055524200723 0.7594
-6.93064108296976 0.7595
-6.93072356860193 0.7596
-6.93079890754207 0.7597
-6.93089100066619 0.7598
-6.93098668262939 0.7599
-6.93107616073013 0.76
-6.93116458674161 0.7601
-6.93124201139227 0.7602
-6.93130573211701 0.7603
-6.93136383641632 0.7604
-6.93143252887396 0.7605
-6.93147661818111 0.7606
-6.93153818990504 0.7607
-6.93158738451988 0.7608
-6.93164395476056 0.7609
-6.93169511782657 0.761
-6.93174127006537 0.7611
-6.93177368239144 0.7612
-6.93180774164855 0.7613
-6.93184078933499 0.7614
-6.9318468737602 0.7615
-6.93185331248084 0.7616
-6.9318483513843 0.7617
-6.93184064011137 0.7618
-6.93183255224119 0.7619
-6.93180200780941 0.762
-6.93176151098478 0.7621
-6.93170343136979 0.7622
-6.93163388855252 0.7623
-6.93155900693397 0.7624
-6.93147081398931 0.7625
-6.93136509846686 0.7626
-6.93123585604035 0.7627
-6.93109959496757 0.7628
-6.93093315840854 0.7629
-6.93075838825302 0.763
-6.93056959796449 0.7631
-6.93038502432732 0.7632
-6.9301912823015 0.7633
-6.92999557302448 0.7634
-6.92978858153265 0.7635
-6.92957105636278 0.7636
-6.92934676687957 0.7637
-6.92912268201285 0.7638
-6.92890359254552 0.7639
-6.92868822848744 0.764
-6.92847622684769 0.7641
-6.92826707896586 0.7642
-6.92806567978871 0.7643
-6.92787434536718 0.7644
-6.92770217134597 0.7645
-6.92753636718181 0.7646
-6.92736333793277 0.7647
-6.92718077519084 0.7648
-6.9270114270086 0.7649
-6.92685389027088 0.765
-6.92672858847202 0.7651
-6.92660767434955 0.7652
-6.92651091882783 0.7653
-6.92643130018615 0.7654
-6.9263709581507 0.7655
-6.9263400888242 0.7656
-6.92634215929709 0.7657
-6.9263477153025 0.7658
-6.92636235635099 0.7659
-6.92637410248445 0.766
-6.92639654038232 0.7661
-6.92646190909159 0.7662
-6.92652047232134 0.7663
-6.92660400101464 0.7664
-6.92667708840276 0.7665
-6.92676718031199 0.7666
-6.92685766855164 0.7667
-6.92699772754492 0.7668
-6.92713320939578 0.7669
-6.92725874995709 0.767
-6.92738263831588 0.7671
-6.9275311114743 0.7672
-6.92768304485012 0.7673
-6.9278220324576 0.7674
-6.92796250983917 0.7675
-6.92809174277811 0.7676
-6.92822223320274 0.7677
-6.92833420046324 0.7678
-6.92842143095912 0.7679
-6.92850029640387 0.768
-6.92854624147992 0.7681
-6.92858251127035 0.7682
-6.9286222269719 0.7683
-6.92865947146507 0.7684
-6.92867756990133 0.7685
-6.92869477831149 0.7686
-6.92871848494605 0.7687
-6.92873729644139 0.7688
-6.92874160085586 0.7689
-6.92872440304737 0.769
-6.9287080971893 0.7691
-6.92866056135315 0.7692
-6.92862003741796 0.7693
-6.92857136309464 0.7694
-6.92855387582058 0.7695
-6.92855473753003 0.7696
-6.92853226633638 0.7697
-6.92850169184612 0.7698
-6.92845319585307 0.7699
-6.92837216452131 0.77
-6.92828111777946 0.7701
-6.92815861362759 0.7702
-6.92800580039706 0.7703
-6.92783293357497 0.7704
-6.9276211481066 0.7705
-6.92741189229587 0.7706
-6.92719528126518 0.7707
-6.92696800041728 0.7708
-6.92672003203811 0.7709
-6.92644649222854 0.771
-6.92621082957535 0.7711
-6.9259820703574 0.7712
-6.9257407996675 0.7713
-6.92551362195088 0.7714
-6.9252965971174 0.7715
-6.92507368046669 0.7716
-6.92487471370306 0.7717
-6.92469822462051 0.7718
-6.92454624761677 0.7719
-6.92442423184523 0.772
-6.924295960039 0.7721
-6.92419567796966 0.7722
-6.92410376975535 0.7723
-6.92402155725663 0.7724
-6.92394330904384 0.7725
-6.92386585561493 0.7726
-6.92379781525682 0.7727
-6.92372418070756 0.7728
-6.92364910170922 0.7729
-6.92355458932134 0.773
-6.92343874324422 0.7731
-6.92333723470723 0.7732
-6.92322436130456 0.7733
-6.9231018471199 0.7734
-6.92294434422911 0.7735
-6.92276532702169 0.7736
-6.92257051811133 0.7737
-6.92235123379944 0.7738
-6.92214052582209 0.7739
-6.92192483754889 0.774
-6.92171754114036 0.7741
-6.92150763728874 0.7742
-6.9213309116075 0.7743
-6.92115813536595 0.7744
-6.92102909676818 0.7745
-6.92092644921813 0.7746
-6.92087506833874 0.7747
-6.92085544490911 0.7748
-6.92087488569126 0.7749
-6.92092210124849 0.775
-6.9210300030817 0.7751
-6.92113863634278 0.7752
-6.92124475306193 0.7753
-6.92140653708957 0.7754
-6.92159165395871 0.7755
-6.92179527191448 0.7756
-6.92199704883737 0.7757
-6.92220461103368 0.7758
-6.92240825374211 0.7759
-6.92260912606933 0.776
-6.92281320954993 0.7761
-6.92301915090714 0.7762
-6.92323230298288 0.7763
-6.92344939489484 0.7764
-6.92365407098295 0.7765
-6.92385731283609 0.7766
-6.92404604279292 0.7767
-6.92424412876472 0.7768
-6.92442793247039 0.7769
-6.92460559001127 0.777
-6.92475790600675 0.7771
-6.92490898899584 0.7772
-6.92503851407702 0.7773
-6.92513421516654 0.7774
-6.92521261456857 0.7775
-6.92528580594976 0.7776
-6.92532727271026 0.7777
-6.9253309024181 0.7778
-6.92529892203848 0.7779
-6.92522910928633 0.778
-6.92514621223503 0.7781
-6.92500838998614 0.7782
-6.92483829042622 0.7783
-6.92465433152361 0.7784
-6.92444641142996 0.7785
-6.9242298147519 0.7786
-6.92398681661994 0.7787
-6.92375152949627 0.7788
-6.92349012497034 0.7789
-6.92325110998327 0.779
-6.92301985618391 0.7791
-6.92279681733821 0.7792
-6.92261470933228 0.7793
-6.92241378983342 0.7794
-6.92224424522287 0.7795
-6.92209350282899 0.7796
-6.92199407780309 0.7797
-6.92191534147961 0.7798
-6.92186984169284 0.7799
-6.92182021416148 0.78
-6.92180509657703 0.7801
-6.92181384470189 0.7802
-6.92183787251944 0.7803
-6.92187367697406 0.7804
-6.9219453928398 0.7805
-6.92206219757834 0.7806
-6.92220253719336 0.7807
-6.92236658139758 0.7808
-6.92252479109696 0.7809
-6.92269698490529 0.781
-6.92286417110612 0.7811
-6.92300932557547 0.7812
-6.92315629895696 0.7813
-6.92328395974292 0.7814
-6.92339085857044 0.7815
-6.92350085722565 0.7816
-6.92362882170774 0.7817
-6.9237435529082 0.7818
-6.92384589626351 0.7819
-6.92393547487432 0.782
-6.92403622403177 0.7821
-6.92411953255332 0.7822
-6.92418298973184 0.7823
-6.92422447882461 0.7824
-6.92424905943644 0.7825
-6.9242224793959 0.7826
-6.92418171793271 0.7827
-6.92412098064683 0.7828
-6.92405427118273 0.7829
-6.92397864635447 0.783
-6.92387573437049 0.7831
-6.92375636082334 0.7832
-6.92363531541629 0.7833
-6.92350271687164 0.7834
-6.92335502049217 0.7835
-6.92323777376418 0.7836
-6.92313667212546 0.7837
-6.9230414652518 0.7838
-6.9229300448537 0.7839
-6.92281904558746 0.784
-6.92272069090339 0.7841
-6.92261239571375 0.7842
-6.92253501074902 0.7843
-6.92245505078018 0.7844
-6.92241281463536 0.7845
-6.92239329111774 0.7846
-6.92237492959799 0.7847
-6.92234766950045 0.7848
-6.92234780263349 0.7849
-6.92235849567682 0.785
-6.92241110113337 0.7851
-6.92247651414928 0.7852
-6.92254140476888 0.7853
-6.92260465581126 0.7854
-6.92262670450438 0.7855
-6.92263787717455 0.7856
-6.92265906600979 0.7857
-6.92270671104718 0.7858
-6.9227580500168 0.7859
-6.9228142513141 0.786
-6.92288823851707 0.7861
-6.92298308175936 0.7862
-6.92305841542899 0.7863
-6.92314038513349 0.7864
-6.92322820482206 0.7865
-6.92333813193219 0.7866
-6.92344307070059 0.7867
-6.92356017638457 0.7868
-6.92370901391983 0.7869
-6.92384476164151 0.787
-6.92397185652769 0.7871
-6.92410611344168 0.7872
-6.92425558564088 0.7873
-6.92439370004795 0.7874
-6.92453814648471 0.7875
-6.92471246393067 0.7876
-6.92488563199877 0.7877
-6.92506207356676 0.7878
-6.92523871701835 0.7879
-6.92542119705718 0.788
-6.92561237373357 0.7881
-6.92585970056469 0.7882
-6.9261158407168 0.7883
-6.92637674994617 0.7884
-6.92662317564587 0.7885
-6.92688384852192 0.7886
-6.92711205151434 0.7887
-6.92730774103146 0.7888
-6.92747523433209 0.7889
-6.9276193332071 0.789
-6.92776495570019 0.7891
-6.92788891387614 0.7892
-6.92801249155311 0.7893
-6.92809497118753 0.7894
-6.92813988847759 0.7895
-6.92816292701477 0.7896
-6.92814247965705 0.7897
-6.92809537377243 0.7898
-6.9280227257584 0.7899
-6.92790593575242 0.79
-6.92776135869063 0.7901
-6.92758513563807 0.7902
-6.92737890634706 0.7903
-6.92717795248454 0.7904
-6.92696339002781 0.7905
-6.92672635109617 0.7906
-6.92651342460985 0.7907
-6.9262868301942 0.7908
-6.92603985599474 0.7909
-6.92579082502345 0.791
-6.9255502871137 0.7911
-6.92534872062406 0.7912
-6.9251554639267 0.7913
-6.9249733982791 0.7914
-6.92480336240316 0.7915
-6.92464348546985 0.7916
-6.92451495411398 0.7917
-6.92438643418149 0.7918
-6.92427458681401 0.7919
-6.92417461482031 0.792
-6.92408307145671 0.7921
-6.92400787860855 0.7922
-6.9239483081537 0.7923
-6.92387742294479 0.7924
-6.92383158278345 0.7925
-6.92380412652532 0.7926
-6.92376716874308 0.7927
-6.92372989387907 0.7928
-6.92370216421426 0.7929
-6.92364483651172 0.793
-6.92358102089668 0.7931
-6.92350610290941 0.7932
-6.92344051143332 0.7933
-6.92336967524697 0.7934
-6.92329487111741 0.7935
-6.92321750738633 0.7936
-6.92314251500307 0.7937
-6.92306899974362 0.7938
-6.9229920258593 0.7939
-6.92289796788527 0.794
-6.92280394260901 0.7941
-6.92271002294022 0.7942
-6.92262239109338 0.7943
-6.9225186676887 0.7944
-6.92242295834336 0.7945
-6.92233103081581 0.7946
-6.92224618276315 0.7947
-6.92217517972302 0.7948
-6.92210424744125 0.7949
-6.92203675568345 0.795
-6.92197073524471 0.7951
-6.92189583206476 0.7952
-6.92183051723452 0.7953
-6.92178029476561 0.7954
-6.92173611603962 0.7955
-6.92171288552173 0.7956
-6.92169573308159 0.7957
-6.9216912335274 0.7958
-6.92171025421208 0.7959
-6.9217143127145 0.796
-6.9217347302412 0.7961
-6.92173573912907 0.7962
-6.92172750633727 0.7963
-6.92174820741258 0.7964
-6.92178520752261 0.7965
-6.92182598869505 0.7966
-6.9218611698002 0.7967
-6.92188479947841 0.7968
-6.92189651744862 0.7969
-6.92189476238165 0.797
-6.92190181235309 0.7971
-6.92194123058966 0.7972
-6.92199576987538 0.7973
-6.9220635389457 0.7974
-6.92211639939589 0.7975
-6.92217771792907 0.7976
-6.92223618002173 0.7977
-6.92233039798537 0.7978
-6.92241133982326 0.7979
-6.92248202982975 0.798
-6.92257185422866 0.7981
-6.92261702556281 0.7982
-6.92265082073624 0.7983
-6.92266982252541 0.7984
-6.92269350530741 0.7985
-6.9227219110362 0.7986
-6.92273932133415 0.7987
-6.92275256130747 0.7988
-6.92276976850174 0.7989
-6.92279201211629 0.799
-6.92280318626486 0.7991
-6.92281236456081 0.7992
-6.92280892084471 0.7993
-6.92283522535992 0.7994
-6.92285608657786 0.7995
-6.92288857095792 0.7996
-6.92293286463193 0.7997
-6.92298553685828 0.7998
-6.92303005650346 0.7999
-6.92307397429483 0.8
-6.92310835013589 0.8001
-6.92312445790681 0.8002
-6.92312278135346 0.8003
-6.92310370094947 0.8004
-6.92306280301344 0.8005
-6.92300122541358 0.8006
-6.92290151742083 0.8007
-6.92279018222262 0.8008
-6.92264522496033 0.8009
-6.92245002600267 0.801
-6.92222505173586 0.8011
-6.92198879852816 0.8012
-6.9217389195492 0.8013
-6.92147345743353 0.8014
-6.92118755144427 0.8015
-6.92091118569811 0.8016
-6.92062221372314 0.8017
-6.92032710963928 0.8018
-6.9200248832601 0.8019
-6.91972599105077 0.802
-6.9194496365534 0.8021
-6.91920392799943 0.8022
-6.91897045315091 0.8023
-6.91875256280964 0.8024
-6.9185730334172 0.8025
-6.91841067197169 0.8026
-6.91828344650147 0.8027
-6.91817414095428 0.8028
-6.91808804177936 0.8029
-6.91804712665465 0.803
-6.9180386913994 0.8031
-6.91804275375638 0.8032
-6.91806894504633 0.8033
-6.91812490663002 0.8034
-6.91820383324936 0.8035
-6.91829567544211 0.8036
-6.91842472670112 0.8037
-6.91857118805583 0.8038
-6.91876440016843 0.8039
-6.91895715311184 0.804
-6.91915402697772 0.8041
-6.91936574238684 0.8042
-6.91959553937131 0.8043
-6.91983391222145 0.8044
-6.92004772173086 0.8045
-6.92025143280008 0.8046
-6.92045458103919 0.8047
-6.9206739104567 0.8048
-6.92086344558866 0.8049
-6.92102625026131 0.805
-6.9211670230341 0.8051
-6.92128888967542 0.8052
-6.92138098115268 0.8053
-6.92145245821137 0.8054
-6.92148966407379 0.8055
-6.92154494897824 0.8056
-6.92159523760499 0.8057
-6.92159701529221 0.8058
-6.92158618002588 0.8059
-6.92153780571933 0.806
-6.92146179080611 0.8061
-6.92135593840694 0.8062
-6.92122263859434 0.8063
-6.92105785860995 0.8064
-6.92087375041242 0.8065
-6.92065742143193 0.8066
-6.9204164987293 0.8067
-6.92016837364453 0.8068
-6.91990988484562 0.8069
-6.91965306628047 0.807
-6.91938846298805 0.8071
-6.91910196500757 0.8072
-6.9188275699119 0.8073
-6.91856629149544 0.8074
-6.91831267650097 0.8075
-6.91806966631687 0.8076
-6.91782621905187 0.8077
-6.91758288590789 0.8078
-6.91735788639202 0.8079
-6.91714312441262 0.808
-6.91694942983821 0.8081
-6.91675286064533 0.8082
-6.91658427885862 0.8083
-6.91643528996031 0.8084
-6.91629452818222 0.8085
-6.91617305706051 0.8086
-6.9160803503389 0.8087
-6.91597599007847 0.8088
-6.91589086806653 0.8089
-6.91581685485586 0.809
-6.9157299356376 0.8091
-6.91566707093539 0.8092
-6.91561624301837 0.8093
-6.91561222069175 0.8094
-6.91562708708582 0.8095
-6.9156556857629 0.8096
-6.91568311479769 0.8097
-6.9157113007869 0.8098
-6.91575146195503 0.8099
-6.91577136060367 0.81
-6.91580611909224 0.8101
-6.9158017755679 0.8102
-6.91578091002551 0.8103
-6.91574102928133 0.8104
-6.91570297536133 0.8105
-6.91568152544529 0.8106
-6.91566676671304 0.8107
-6.91566948516218 0.8108
-6.91566376925261 0.8109
-6.91563921603775 0.811
-6.915642599526 0.8111
-6.91566541016917 0.8112
-6.91568755681237 0.8113
-6.91570658006186 0.8114
-6.91571914803908 0.8115
-6.91573527383964 0.8116
-6.91572093122932 0.8117
-6.91571922827183 0.8118
-6.91571910252138 0.8119
-6.91571316892567 0.812
-6.9157041170048 0.8121
-6.91569376734461 0.8122
-6.91570401957567 0.8123
-6.91571581608404 0.8124
-6.91573927343577 0.8125
-6.91577668252105 0.8126
-6.9158110833257 0.8127
-6.91586976187505 0.8128
-6.91590671036286 0.8129
-6.91594281008133 0.813
-6.91598921941671 0.8131
-6.91603352727648 0.8132
-6.91606210944731 0.8133
-6.91607730463203 0.8134
-6.91608533194126 0.8135
-6.9160768842079 0.8136
-6.91605081455537 0.8137
-6.91601313763805 0.8138
-6.91594644539273 0.8139
-6.91588618032474 0.814
-6.91582568115266 0.8141
-6.91575182657507 0.8142
-6.9156539969648 0.8143
-6.91554974655475 0.8144
-6.91543713986245 0.8145
-6.91532620362558 0.8146
-6.91522247181631 0.8147
-6.91512165933542 0.8148
-6.91501444839618 0.8149
-6.91491912071768 0.815
-6.91485639205569 0.8151
-6.9148222317822 0.8152
-6.91479595266437 0.8153
-6.91476967328605 0.8154
-6.91476268719783 0.8155
-6.91475311358031 0.8156
-6.91472751605257 0.8157
-6.91468251545578 0.8158
-6.91464645341373 0.8159
-6.91462143927251 0.816
-6.91460488054243 0.8161
-6.91457540693429 0.8162
-6.91454813026117 0.8163
-6.91452304895348 0.8164
-6.91449433180742 0.8165
-6.91450338979886 0.8166
-6.9144878815537 0.8167
-6.91445948469167 0.8168
-6.91442138817055 0.8169
-6.91438514265752 0.817
-6.91436103895059 0.8171
-6.9143427790724 0.8172
-6.91431068683105 0.8173
-6.91428106189376 0.8174
-6.91425738272876 0.8175
-6.91427557124586 0.8176
-6.91432058373307 0.8177
-6.91439611470403 0.8178
-6.91444740504962 0.8179
-6.91452707152026 0.818
-6.91462096602758 0.8181
-6.91471575855641 0.8182
-6.91484106339019 0.8183
-6.91497628756095 0.8184
-6.9150825244128 0.8185
-6.91519523742336 0.8186
-6.91532177433507 0.8187
-6.91544485606084 0.8188
-6.91557146006145 0.8189
-6.91569539595329 0.819
-6.91580414373695 0.8191
-6.9158921860205 0.8192
-6.91596600870144 0.8193
-6.91601209425841 0.8194
-6.91602367522608 0.8195
-6.91600171864711 0.8196
-6.91592499743543 0.8197
-6.91583360177645 0.8198
-6.91571614141947 0.8199
-6.91560180819819 0.82
-6.91548126862558 0.8201
-6.91533314780887 0.8202
-6.91516327007669 0.8203
-6.91498765040274 0.8204
-6.91480622484553 0.8205
-6.91460881442754 0.8206
-6.91441124930934 0.8207
-6.9142367149849 0.8208
-6.9140401531045 0.8209
-6.91384541907404 0.821
-6.91365539780788 0.8211
-6.91345387683064 0.8212
-6.91330875676712 0.8213
-6.91315516329383 0.8214
-6.91303080223267 0.8215
-6.91292694429919 0.8216
-6.9128516336378 0.8217
-6.91283056361069 0.8218
-6.91282727301259 0.8219
-6.91284882497823 0.822
-6.91288727102648 0.8221
-6.91295783545885 0.8222
-6.91305641967584 0.8223
-6.91316617642682 0.8224
-6.91330335223652 0.8225
-6.91346782752392 0.8226
-6.9136445893556 0.8227
-6.91382864649512 0.8228
-6.91405797956608 0.8229
-6.91429830727515 0.823
-6.91453830961455 0.8231
-6.91476913237304 0.8232
-6.91501032328042 0.8233
-6.91523519432859 0.8234
-6.91545957069539 0.8235
-6.91564826693823 0.8236
-6.91582082869684 0.8237
-6.91599395548688 0.8238
-6.91613323479137 0.8239
-6.91625814314343 0.824
-6.91637607253704 0.8241
-6.91647683618043 0.8242
-6.91654824729445 0.8243
-6.91659292728011 0.8244
-6.91663480581624 0.8245
-6.91665660728629 0.8246
-6.91667863996317 0.8247
-6.91670392845314 0.8248
-6.91671048736949 0.8249
-6.91666906262516 0.825
-6.91659351452138 0.8251
-6.91647875421019 0.8252
-6.91635055223114 0.8253
-6.91617843194058 0.8254
-6.91598833551274 0.8255
-6.915788252324 0.8256
-6.91557532067991 0.8257
-6.91535655664097 0.8258
-6.91512235497786 0.8259
-6.91490130361961 0.826
-6.91467448579032 0.8261
-6.91445998146648 0.8262
-6.91424280200444 0.8263
-6.91400275244147 0.8264
-6.91374514923292 0.8265
-6.91347758069095 0.8266
-6.91322347490793 0.8267
-6.91296671566426 0.8268
-6.91270764588665 0.8269
-6.91246337849979 0.827
-6.91222913246262 0.8271
-6.91201487518907 0.8272
-6.9117913040995 0.8273
-6.91159837936691 0.8274
-6.91142936044397 0.8275
-6.91127896454562 0.8276
-6.91111797803952 0.8277
-6.91097082397426 0.8278
-6.91082285131585 0.8279
-6.91067347316076 0.828
-6.91054948494837 0.8281
-6.91044502845962 0.8282
-6.91035127808363 0.8283
-6.91027934941917 0.8284
-6.91020087153844 0.8285
-6.91011828835896 0.8286
-6.91002820756805 0.8287
-6.90991324899438 0.8288
-6.90977315559855 0.8289
-6.90961808811888 0.829
-6.90945208530827 0.8291
-6.90928972412446 0.8292
-6.90911306545007 0.8293
-6.90893288587656 0.8294
-6.90872015976573 0.8295
-6.90849498364023 0.8296
-6.90824624433222 0.8297
-6.90799635301645 0.8298
-6.90776596252519 0.8299
-6.90754231401448 0.83
-6.90731083303773 0.8301
-6.90709816206935 0.8302
-6.90687251115687 0.8303
-6.90666664342493 0.8304
-6.90647641179402 0.8305
-6.90627967631361 0.8306
-6.90612332107263 0.8307
-6.90594987886349 0.8308
-6.90581742780165 0.8309
-6.90572053019738 0.831
-6.90565755601846 0.8311
-6.90564287354098 0.8312
-6.90563697437634 0.8313
-6.90566304835831 0.8314
-6.90570567350132 0.8315
-6.90579606732213 0.8316
-6.90592430606066 0.8317
-6.90605475320049 0.8318
-6.90618626563338 0.8319
-6.90632396194421 0.832
-6.90645635599745 0.8321
-6.90660890357716 0.8322
-6.90673261269278 0.8323
-6.9068377343813 0.8324
-6.90693297608256 0.8325
-6.90702173365155 0.8326
-6.90711448703149 0.8327
-6.90722784887033 0.8328
-6.90732293287203 0.8329
-6.90742801342657 0.833
-6.90753979430113 0.8331
-6.90764421118927 0.8332
-6.90772266135067 0.8333
-6.90783012748374 0.8334
-6.90792982258501 0.8335
-6.90805087524821 0.8336
-6.90818910546774 0.8337
-6.90829853840345 0.8338
-6.90839735623931 0.8339
-6.90847970028938 0.834
-6.90853865014209 0.8341
-6.90859363579253 0.8342
-6.90861211662598 0.8343
-6.90864578688865 0.8344
-6.90865662161857 0.8345
-6.90866748745925 0.8346
-6.90865288672715 0.8347
-6.9086355063575 0.8348
-6.90862041721616 0.8349
-6.90860803356767 0.835
-6.90859902527113 0.8351
-6.90859659452804 0.8352
-6.90861529843761 0.8353
-6.90866646171305 0.8354
-6.90873821583617 0.8355
-6.90882598664573 0.8356
-6.90895092032457 0.8357
-6.90909635437757 0.8358
-6.90927556700366 0.8359
-6.90945736155208 0.836
-6.90965080163472 0.8361
-6.9098693223673 0.8362
-6.91008703203841 0.8363
-6.91030010108526 0.8364
-6.91049744813441 0.8365
-6.91069219482168 0.8366
-6.91086508144188 0.8367
-6.91102312838398 0.8368
-6.91115769294605 0.8369
-6.91129805638488 0.837
-6.91142148996168 0.8371
-6.91151223928522 0.8372
-6.91158484380573 0.8373
-6.91161078913156 0.8374
-6.91156919722786 0.8375
-6.91148499768133 0.8376
-6.91135658037691 0.8377
-6.91120564081594 0.8378
-6.91099926548333 0.8379
-6.91073969908622 0.838
-6.91047953122901 0.8381
-6.9102014619575 0.8382
-6.9099378651888 0.8383
-6.90966074486817 0.8384
-6.90937042825577 0.8385
-6.90911120432185 0.8386
-6.90884929578498 0.8387
-6.90860408216107 0.8388
-6.9083620329077 0.8389
-6.90812938720635 0.839
-6.90789344528179 0.8391
-6.90766358636103 0.8392
-6.90746050937437 0.8393
-6.90727435153994 0.8394
-6.90714255224546 0.8395
-6.90704191668541 0.8396
-6.90695183676991 0.8397
-6.90687459499762 0.8398
-6.90680947193484 0.8399
-6.90676960091593 0.84
-6.90675674076543 0.8401
-6.90677499051849 0.8402
-6.90679628964735 0.8403
-6.90684118541885 0.8404
-6.9069291338758 0.8405
-6.90702906431857 0.8406
-6.90713775583144 0.8407
-6.90725558457407 0.8408
-6.90737500226783 0.8409
-6.90750411943352 0.841
-6.90762360154551 0.8411
-6.90773599686426 0.8412
-6.90784696391423 0.8413
-6.90794930297318 0.8414
-6.90803032190444 0.8415
-6.90811297731566 0.8416
-6.90818058182844 0.8417
-6.90822203471963 0.8418
-6.90821452536935 0.8419
-6.90819956032888 0.842
-6.90816120056167 0.8421
-6.90812474571085 0.8422
-6.90805969085832 0.8423
-6.90798840200867 0.8424
-6.90792040304585 0.8425
-6.90782840588588 0.8426
-6.90774509028805 0.8427
-6.90763144721685 0.8428
-6.90750830173875 0.8429
-6.9073560037794 0.843
-6.90723910169572 0.8431
-6.90711600532782 0.8432
-6.90701646775336 0.8433
-6.90693789320093 0.8434
-6.9068603049637 0.8435
-6.90678938757957 0.8436
-6.90671285444494 0.8437
-6.9066311926623 0.8438
-6.90655501757151 0.8439
-6.90648418213692 0.844
-6.90643546828619 0.8441
-6.90640930905336 0.8442
-6.90639766247296 0.8443
-6.90640010589453 0.8444
-6.90639938701285 0.8445
-6.90640300662881 0.8446
-6.90640949961976 0.8447
-6.90643488512906 0.8448
-6.90643910820112 0.8449
-6.90646154226286 0.845
-6.90648676444877 0.8451
-6.90651553240415 0.8452
-6.90654143843465 0.8453
-6.90661162111423 0.8454
-6.90666652292132 0.8455
-6.9067239542564 0.8456
-6.90676826194564 0.8457
-6.90680049156046 0.8458
-6.90682732299027 0.8459
-6.90683723391619 0.846
-6.90684834507152 0.8461
-6.90686107495959 0.8462
-6.90684667513045 0.8463
-6.90684110465188 0.8464
-6.90682547785359 0.8465
-6.90677084404988 0.8466
-6.90672623699452 0.8467
-6.90667577192134 0.8468
-6.90662299475508 0.8469
-6.90657315863975 0.847
-6.90648465842008 0.8471
-6.90640125399239 0.8472
-6.90629509654192 0.8473
-6.90619209063385 0.8474
-6.9060919007588 0.8475
-6.90598719715676 0.8476
-6.90588739887134 0.8477
-6.90573287213909 0.8478
-6.90558795618203 0.8479
-6.90542607770527 0.848
-6.90526691010969 0.8481
-6.90509068199635 0.8482
-6.90489874460125 0.8483
-6.9047170232556 0.8484
-6.9044989841711 0.8485
-6.90426373936028 0.8486
-6.9040473976816 0.8487
-6.90381116558652 0.8488
-6.90358009111891 0.8489
-6.90333922618054 0.849
-6.90310392185706 0.8491
-6.90286406742637 0.8492
-6.90258689195529 0.8493
-6.90231496787623 0.8494
-6.90206898582108 0.8495
-6.90181094062901 0.8496
-6.90157549313424 0.8497
-6.90135787770672 0.8498
-6.90116891506251 0.8499
-6.90100449823293 0.85
-6.90088209201999 0.8501
-6.90078893520216 0.8502
-6.90071334191718 0.8503
-6.90064261225602 0.8504
-6.90060442117007 0.8505
-6.90060395149936 0.8506
-6.90064768394467 0.8507
-6.90071894178075 0.8508
-6.90079581956102 0.8509
-6.9008708964787 0.851
-6.90097611620381 0.8511
-6.90109619096407 0.8512
-6.90123113553749 0.8513
-6.90136731405058 0.8514
-6.90152713612599 0.8515
-6.90167432309543 0.8516
-6.90181771596778 0.8517
-6.90196651897817 0.8518
-6.90210633141653 0.8519
-6.90222980756985 0.852
-6.90234761226296 0.8521
-6.90244778378839 0.8522
-6.90253311833744 0.8523
-6.90260194851046 0.8524
-6.90267586621387 0.8525
-6.90271489018381 0.8526
-6.90274917030666 0.8527
-6.90279022738111 0.8528
-6.90283623110407 0.8529
-6.90290598658603 0.853
-6.90299305418853 0.8531
-6.90307572717276 0.8532
-6.90316101058397 0.8533
-6.90324587081228 0.8534
-6.90332354069211 0.8535
-6.90340643260752 0.8536
-6.90349317854417 0.8537
-6.90357732717508 0.8538
-6.90363761291165 0.8539
-6.90371578262939 0.854
-6.90380477453464 0.8541
-6.90388141137297 0.8542
-6.90396080269535 0.8543
-6.90402150424078 0.8544
-6.90404690742301 0.8545
-6.90403283138538 0.8546
-6.90396840251508 0.8547
-6.90388615490041 0.8548
-6.90378212769776 0.8549
-6.90362659066806 0.855
-6.9034519910482 0.8551
-6.90328362925389 0.8552
-6.90309912819859 0.8553
-6.90291280437293 0.8554
-6.90272370066231 0.8555
-6.90254155507664 0.8556
-6.90238104174713 0.8557
-6.90222555727941 0.8558
-6.902069373116 0.8559
-6.90195565397124 0.856
-6.90183441890797 0.8561
-6.90172813601737 0.8562
-6.90163761821376 0.8563
-6.9015368951073 0.8564
-6.90143158755272 0.8565
-6.90132922751765 0.8566
-6.90124839789416 0.8567
-6.90117766901154 0.8568
-6.90112689311189 0.8569
-6.90109276762064 0.857
-6.90106964079726 0.8571
-6.90105581885802 0.8572
-6.90105636851685 0.8573
-6.9010443747554 0.8574
-6.90099187005914 0.8575
-6.90092380774311 0.8576
-6.90083237633785 0.8577
-6.90075305863105 0.8578
-6.90068334123011 0.8579
-6.90063836488321 0.858
-6.90061475770719 0.8581
-6.90063167959686 0.8582
-6.90066771766118 0.8583
-6.90072123767093 0.8584
-6.9007867053317 0.8585
-6.90085037094066 0.8586
-6.90092217882668 0.8587
-6.90098377420453 0.8588
-6.90106522088365 0.8589
-6.90116286779703 0.859
-6.90127919894252 0.8591
-6.90138864102162 0.8592
-6.90150457870263 0.8593
-6.90159569904946 0.8594
-6.90172137239766 0.8595
-6.90184661862891 0.8596
-6.90195888950084 0.8597
-6.90206158481378 0.8598
-6.90216378893215 0.8599
-6.90226256615685 0.86
-6.9023463798782 0.8601
-6.90240486529705 0.8602
-6.90244037760838 0.8603
-6.90246685230488 0.8604
-6.9024867203833 0.8605
-6.90248652859412 0.8606
-6.90248607336328 0.8607
-6.90247349252602 0.8608
-6.90247143116582 0.8609
-6.90244837347883 0.861
-6.90243872831762 0.8611
-6.90243256314732 0.8612
-6.90241186183254 0.8613
-6.90239755102974 0.8614
-6.90236708522362 0.8615
-6.90233768268031 0.8616
-6.90229590468445 0.8617
-6.9022667218848 0.8618
-6.90222902176044 0.8619
-6.90216717982405 0.862
-6.90208977421181 0.8621
-6.90200150963711 0.8622
-6.90188602642944 0.8623
-6.90173108890988 0.8624
-6.90159005804492 0.8625
-6.90145380205238 0.8626
-6.90133619175921 0.8627
-6.90118296781613 0.8628
-6.90101915114701 0.8629
-6.90083017585156 0.863
-6.90065805123713 0.8631
-6.90047892673218 0.8632
-6.90027532026812 0.8633
-6.90007932377391 0.8634
-6.89988441650707 0.8635
-6.89967519519363 0.8636
-6.89946068074658 0.8637
-6.89924031398856 0.8638
-6.89901760734831 0.8639
-6.89879627520391 0.864
-6.89859261780879 0.8641
-6.89843317349316 0.8642
-6.89827795166863 0.8643
-6.89811098135952 0.8644
-6.89795028572608 0.8645
-6.89780671189383 0.8646
-6.89767496387964 0.8647
-6.89758765284575 0.8648
-6.89752245128541 0.8649
-6.89746607107131 0.865
-6.89742110434896 0.8651
-6.89738815985275 0.8652
-6.8973547423012 0.8653
-6.8973408641871 0.8654
-6.89735882659327 0.8655
-6.8973884582799 0.8656
-6.89743661763787 0.8657
-6.89747154048664 0.8658
-6.89752755233841 0.8659
-6.89759890682279 0.866
-6.89765686256637 0.8661
-6.89773912558462 0.8662
-6.89786617085292 0.8663
-6.8980227390377 0.8664
-6.89818618030555 0.8665
-6.89835865856687 0.8666
-6.89855124082125 0.8667
-6.89874738457671 0.8668
-6.89893324049511 0.8669
-6.8991220734359 0.867
-6.89933584061061 0.8671
-6.89954968907201 0.8672
-6.89978290594931 0.8673
-6.90003481374242 0.8674
-6.90029204879257 0.8675
-6.90053609963461 0.8676
-6.90076664104827 0.8677
-6.9009960960491 0.8678
-6.90118025477614 0.8679
-6.9013435642335 0.868
-6.90151105542211 0.8681
-6.90167264523064 0.8682
-6.90181958093938 0.8683
-6.90193192153506 0.8684
-6.90201167405445 0.8685
-6.90206341345842 0.8686
-6.9020574171362 0.8687
-6.90203143804162 0.8688
-6.90198937606696 0.8689
-6.90193365888982 0.869
-6.90185067157819 0.8691
-6.9017277030258 0.8692
-6.90158232467588 0.8693
-6.90145220485092 0.8694
-6.90133023035593 0.8695
-6.90122578262529 0.8696
-6.90112818936548 0.8697
-6.90100966738829 0.8698
-6.90091245407702 0.8699
-6.90079984634838 0.87
-6.90069285887417 0.8701
-6.90059354883497 0.8702
-6.90050742633863 0.8703
-6.90043615161165 0.8704
-6.9003614649997 0.8705
-6.90032887433522 0.8706
-6.90031193075204 0.8707
-6.90031349449026 0.8708
-6.90031102216417 0.8709
-6.90032452134273 0.871
-6.90035690579378 0.8711
-6.90042467657429 0.8712
-6.90050177236142 0.8713
-6.90057408461247 0.8714
-6.90062095133616 0.8715
-6.90070647717484 0.8716
-6.90081743468573 0.8717
-6.90097960751046 0.8718
-6.90111634184204 0.8719
-6.90125192014176 0.872
-6.90139644222506 0.8721
-6.90152773990389 0.8722
-6.90165535852619 0.8723
-6.90178169062924 0.8724
-6.90189285555239 0.8725
-6.90199409903354 0.8726
-6.90207910657244 0.8727
-6.90216742269555 0.8728
-6.90224381179558 0.8729
-6.90229872989594 0.873
-6.90236392267662 0.8731
-6.90243007930508 0.8732
-6.90248458032175 0.8733
-6.90253016671763 0.8734
-6.9025565869004 0.8735
-6.90255428868433 0.8736
-6.90253630053057 0.8737
-6.9024724117813 0.8738
-6.90239405886918 0.8739
-6.9022672776967 0.874
-6.90213272070156 0.8741
-6.90201592421783 0.8742
-6.90187211749698 0.8743
-6.90170615159462 0.8744
-6.90153398069141 0.8745
-6.90135967695521 0.8746
-6.90118162044293 0.8747
-6.90099655925767 0.8748
-6.90078782578172 0.8749
-6.9005958929022 0.875
-6.90037183792901 0.8751
-6.90013646630049 0.8752
-6.89989474749703 0.8753
-6.89965498268197 0.8754
-6.89939614170881 0.8755
-6.89915703693754 0.8756
-6.89893602755261 0.8757
-6.89872457612951 0.8758
-6.89851989517161 0.8759
-6.89833200337497 0.876
-6.89817167548251 0.8761
-6.89802350882344 0.8762
-6.89789211912163 0.8763
-6.89778577663509 0.8764
-6.89768233295389 0.8765
-6.89760295544361 0.8766
-6.8975411257631 0.8767
-6.89745809779597 0.8768
-6.89737339882535 0.8769
-6.89731500014289 0.877
-6.89728095211836 0.8771
-6.89725841400479 0.8772
-6.89725054211621 0.8773
-6.89726050481646 0.8774
-6.89725185644472 0.8775
-6.89723980093251 0.8776
-6.89724494648537 0.8777
-6.89725257361108 0.8778
-6.89725943287472 0.8779
-6.8972624074413 0.878
-6.89725265012446 0.8781
-6.89723289003063 0.8782
-6.89721377152675 0.8783
-6.89721559819002 0.8784
-6.89721495685973 0.8785
-6.89721953949846 0.8786
-6.89724271020903 0.8787
-6.89726925070147 0.8788
-6.89728689754372 0.8789
-6.89731900725441 0.879
-6.89735494112072 0.8791
-6.89739569367381 0.8792
-6.89739881055197 0.8793
-6.89739669343536 0.8794
-6.89737320517869 0.8795
-6.89730633612825 0.8796
-6.89722478140057 0.8797
-6.89712470281437 0.8798
-6.8969893944662 0.8799
-6.89684535242734 0.88
-6.89669383316025 0.8801
-6.896520406023 0.8802
-6.89634027464083 0.8803
-6.89618020378504 0.8804
-6.89597019882051 0.8805
-6.89576250678466 0.8806
-6.89556260571715 0.8807
-6.8953981272126 0.8808
-6.89522567323796 0.8809
-6.89504669288919 0.881
-6.89486489199 0.8811
-6.89467686572694 0.8812
-6.89448203531775 0.8813
-6.89431238358966 0.8814
-6.89417463537673 0.8815
-6.89406940177264 0.8816
-6.89399662479852 0.8817
-6.89393816917896 0.8818
-6.89390854276239 0.8819
-6.89389918501517 0.882
-6.89394288807428 0.8821
-6.89400768296092 0.8822
-6.89408157274649 0.8823
-6.89418987722857 0.8824
-6.89432913106653 0.8825
-6.8945045660502 0.8826
-6.89470015676588 0.8827
-6.89489887850056 0.8828
-6.89509030664516 0.8829
-6.89528405357957 0.883
-6.89546084478676 0.8831
-6.89566158395663 0.8832
-6.89585140570536 0.8833
-6.89602531558398 0.8834
-6.89619051655382 0.8835
-6.89634508948657 0.8836
-6.8964565507548 0.8837
-6.89654477962653 0.8838
-6.89661590465997 0.8839
-6.89669735242772 0.884
-6.89677830580621 0.8841
-6.89685762104825 0.8842
-6.89696312358496 0.8843
-6.89707079076008 0.8844
-6.89713893550779 0.8845
-6.89716845577973 0.8846
-6.89717107383873 0.8847
-6.89715934550364 0.8848
-6.89714235163918 0.8849
-6.89713352122343 0.885
-6.89711825942976 0.8851
-6.89705775038463 0.8852
-6.89698401673054 0.8853
-6.89688357183127 0.8854
-6.89676339592466 0.8855
-6.89663403921352 0.8856
-6.89650014948801 0.8857
-6.89635059704807 0.8858
-6.89619729826062 0.8859
-6.89603815629441 0.886
-6.89588936499232 0.8861
-6.89576060002674 0.8862
-6.89563843045316 0.8863
-6.89551132606693 0.8864
-6.89539896214549 0.8865
-6.89530316221229 0.8866
-6.89521395176843 0.8867
-6.89508540812602 0.8868
-6.89495525691591 0.8869
-6.89481991390695 0.887
-6.89469742506738 0.8871
-6.8945464206434 0.8872
-6.89439920168984 0.8873
-6.89422630121345 0.8874
-6.89404311502431 0.8875
-6.89385982906038 0.8876
-6.89362323625589 0.8877
-6.89336123941745 0.8878
-6.89308564208752 0.8879
-6.89282259084908 0.888
-6.89256218667788 0.8881
-6.89229343102106 0.8882
-6.89201038234995 0.8883
-6.89174754617188 0.8884
-6.89148149337852 0.8885
-6.89120201172495 0.8886
-6.89090244497849 0.8887
-6.89057707792739 0.8888
-6.89026388037486 0.8889
-6.88999747120153 0.889
-6.88975334099277 0.8891
-6.88951452685591 0.8892
-6.8893009232712 0.8893
-6.88912422278784 0.8894
-6.88893685418285 0.8895
-6.88875923595196 0.8896
-6.8886099613229 0.8897
-6.88846440277044 0.8898
-6.88827786995588 0.8899
-6.88809713474959 0.89
-6.88792150177555 0.8901
-6.88775527297995 0.8902
-6.88759838474863 0.8903
-6.88745106758001 0.8904
-6.88732519909394 0.8905
-6.88718250595217 0.8906
-6.8870528309603 0.8907
-6.88690635264579 0.8908
-6.88675381499112 0.8909
-6.88663203838924 0.891
-6.88654274842556 0.8911
-6.88646278637671 0.8912
-6.88636494879483 0.8913
-6.88624669652346 0.8914
-6.88613120369156 0.8915
-6.88600708336342 0.8916
-6.88590956634467 0.8917
-6.88582337961528 0.8918
-6.88575711018331 0.8919
-6.88568229646055 0.892
-6.8856044952101 0.8921
-6.88552733122975 0.8922
-6.88549413479336 0.8923
-6.8854376193883 0.8924
-6.88539550090946 0.8925
-6.88538444271328 0.8926
-6.88540795396549 0.8927
-6.88543370617998 0.8928
-6.88544899535928 0.8929
-6.8854785079564 0.893
-6.88551731659443 0.8931
-6.88555737902947 0.8932
-6.88562739011736 0.8933
-6.88569894536103 0.8934
-6.88577295952505 0.8935
-6.88586673430439 0.8936
-6.88595841675557 0.8937
-6.88603376706693 0.8938
-6.88609288488118 0.8939
-6.88615315640306 0.894
-6.88621528576913 0.8941
-6.88626181004803 0.8942
-6.88631821730183 0.8943
-6.88633803218817 0.8944
-6.88635112933949 0.8945
-6.88637245928808 0.8946
-6.88639130944615 0.8947
-6.88642609721069 0.8948
-6.88648223083574 0.8949
-6.88653625553521 0.895
-6.88657083075743 0.8951
-6.88664156111029 0.8952
-6.88668717659212 0.8953
-6.88672212413762 0.8954
-6.8867597425174 0.8955
-6.88678481596591 0.8956
-6.88682278526086 0.8957
-6.88684048846042 0.8958
-6.88685267453983 0.8959
-6.88686164435495 0.896
-6.88686681843964 0.8961
-6.88686464281504 0.8962
-6.88686324927492 0.8963
-6.88687592172131 0.8964
-6.88684774124865 0.8965
-6.88681293887911 0.8966
-6.88671790719656 0.8967
-6.88664197800831 0.8968
-6.88655954375481 0.8969
-6.88646684409666 0.897
-6.88638703134225 0.8971
-6.88633017801589 0.8972
-6.88628359198697 0.8973
-6.88625921802938 0.8974
-6.8862447736499 0.8975
-6.88625538396957 0.8976
-6.88626912461342 0.8977
-6.88627830970564 0.8978
-6.88629865482815 0.8979
-6.88631283278126 0.898
-6.88634662436994 0.8981
-6.88639276104689 0.8982
-6.88645783429939 0.8983
-6.88655316711633 0.8984
-6.88665639100392 0.8985
-6.88672258534349 0.8986
-6.88678047861425 0.8987
-6.88686292644884 0.8988
-6.88695358959771 0.8989
-6.88703719495599 0.899
-6.88709656173562 0.8991
-6.88711890089312 0.8992
-6.88714812060069 0.8993
-6.88717372652349 0.8994
-6.88719368743313 0.8995
-6.88721207271121 0.8996
-6.88722695544308 0.8997
-6.8872258399838 0.8998
-6.88720218012952 0.8999
-6.88718403367252 0.9
-6.8871513602781 0.9001
-6.88712309011871 0.9002
-6.88707896459508 0.9003
-6.88705797460354 0.9004
-6.88700109850256 0.9005
-6.88693535750249 0.9006
-6.88684815907217 0.9007
-6.88673792424311 0.9008
-6.88660111889168 0.9009
-6.8864955053512 0.901
-6.88635537074869 0.9011
-6.88621175802975 0.9012
-6.88605107724575 0.9013
-6.88593511548896 0.9014
-6.88581835570427 0.9015
-6.88573524465449 0.9016
-6.88564705708526 0.9017
-6.8855785995481 0.9018
-6.88551472281746 0.9019
-6.88546623119353 0.902
-6.88544652647003 0.9021
-6.88541159906088 0.9022
-6.88539050059425 0.9023
-6.88538320520537 0.9024
-6.88539266627469 0.9025
-6.8854487664091 0.9026
-6.88547956765142 0.9027
-6.88550139049962 0.9028
-6.88552075930152 0.9029
-6.88553395516042 0.903
-6.88553523791888 0.9031
-6.88548960197449 0.9032
-6.88543276525759 0.9033
-6.88537200720388 0.9034
-6.88531953738865 0.9035
-6.88524571758039 0.9036
-6.88519330555019 0.9037
-6.88510268211165 0.9038
-6.88501254636819 0.9039
-6.88492136631884 0.904
-6.88486361478758 0.9041
-6.88483450726492 0.9042
-6.88482922987032 0.9043
-6.88479484860589 0.9044
-6.88476174340343 0.9045
-6.88474816263333 0.9046
-6.88476160237674 0.9047
-6.88479644264811 0.9048
-6.88483840446592 0.9049
-6.88490626148678 0.905
-6.8849675844586 0.9051
-6.88503412550876 0.9052
-6.88512997952012 0.9053
-6.8852197805599 0.9054
-6.88532839787535 0.9055
-6.885450401773 0.9056
-6.88555550640109 0.9057
-6.88564859418532 0.9058
-6.88576124984832 0.9059
-6.88585435839944 0.906
-6.88593069149592 0.9061
-6.88594564105363 0.9062
-6.88594563192888 0.9063
-6.88592006499997 0.9064
-6.8858701112462 0.9065
-6.88581978654964 0.9066
-6.88578968933901 0.9067
-6.88577426788684 0.9068
-6.88575947400184 0.9069
-6.88572852388491 0.907
-6.88566950795848 0.9071
-6.88561435041245 0.9072
-6.88558542738339 0.9073
-6.88554765841076 0.9074
-6.8855413867839 0.9075
-6.88555227063753 0.9076
-6.8855715861022 0.9077
-6.88560981761417 0.9078
-6.88564439939362 0.9079
-6.88567958433868 0.908
-6.88571296676491 0.9081
-6.88575256206835 0.9082
-6.88577516939039 0.9083
-6.88578175208185 0.9084
-6.8857819550445 0.9085
-6.88578563876921 0.9086
-6.88578182168914 0.9087
-6.88579856197994 0.9088
-6.88579135120588 0.9089
-6.88576447312618 0.909
-6.88572457029063 0.9091
-6.88567412846457 0.9092
-6.88561205544774 0.9093
-6.88555111360752 0.9094
-6.88548574791063 0.9095
-6.88542717383934 0.9096
-6.88538696621541 0.9097
-6.88537053014982 0.9098
-6.8853617154293 0.9099
-6.88537344225116 0.91
-6.88537709644094 0.9101
-6.88536403606881 0.9102
-6.88533527618225 0.9103
-6.88531956784301 0.9104
-6.88532537081771 0.9105
-6.88529680597134 0.9106
-6.88526021015053 0.9107
-6.88522814759766 0.9108
-6.88518522678859 0.9109
-6.88511477389514 0.911
-6.88504958176555 0.9111
-6.88500016224955 0.9112
-6.88493916364116 0.9113
-6.88485739707803 0.9114
-6.88478598220443 0.9115
-6.88472584909196 0.9116
-6.88467586936129 0.9117
-6.88462427788347 0.9118
-6.88455704421577 0.9119
-6.88448749414805 0.912
-6.88439094342085 0.9121
-6.88425144172753 0.9122
-6.88410355521763 0.9123
-6.88399272878991 0.9124
-6.8838794949477 0.9125
-6.88375997490946 0.9126
-6.88359399778055 0.9127
-6.88341843965334 0.9128
-6.88321890456487 0.9129
-6.88299395843295 0.913
-6.88279404928153 0.9131
-6.88255325335441 0.9132
-6.88231627022225 0.9133
-6.8820709899693 0.9134
-6.88182718036566 0.9135
-6.88159970872633 0.9136
-6.88139249894391 0.9137
-6.88118854624855 0.9138
-6.88098119828811 0.9139
-6.88078400825902 0.914
-6.8805854455417 0.9141
-6.88039349177864 0.9142
-6.88024488986871 0.9143
-6.88007473644915 0.9144
-6.87989274867601 0.9145
-6.87971363983452 0.9146
-6.87953379509258 0.9147
-6.87936472941632 0.9148
-6.87921896933281 0.9149
-6.87910540443172 0.915
-6.8790034224584 0.9151
-6.87889682487936 0.9152
-6.87880856818291 0.9153
-6.87874729481043 0.9154
-6.8787031496801 0.9155
-6.87866934579382 0.9156
-6.87864508716867 0.9157
-6.87861170916573 0.9158
-6.87860660774452 0.9159
-6.87859427017944 0.916
-6.87861667337065 0.9161
-6.8786524668292 0.9162
-6.87866894540605 0.9163
-6.87872507651654 0.9164
-6.87879539161499 0.9165
-6.87885224464941 0.9166
-6.87893552378167 0.9167
-6.87901812847817 0.9168
-6.87911510566058 0.9169
-6.87921335724773 0.917
-6.87930142599181 0.9171
-6.87937816974578 0.9172
-6.87943897370799 0.9173
-6.87950625928662 0.9174
-6.87957237626317 0.9175
-6.8796367749444 0.9176
-6.8797103102496 0.9177
-6.87981642768879 0.9178
-6.8799131308529 0.9179
-6.88001810991624 0.918
-6.8800905308356 0.9181
-6.88015595781619 0.9182
-6.88021759666161 0.9183
-6.880246736405 0.9184
-6.88026727164109 0.9185
-6.88028956295102 0.9186
-6.88032120007077 0.9187
-6.88030499755081 0.9188
-6.88028966518439 0.9189
-6.88024851783396 0.919
-6.88023144804538 0.9191
-6.88021136516606 0.9192
-6.88019533489581 0.9193
-6.88016985104255 0.9194
-6.88014561147247 0.9195
-6.88014824928911 0.9196
-6.88017185934086 0.9197
-6.88017433954481 0.9198
-6.88016465844834 0.9199
-6.88019110388881 0.92
-6.88021370365957 0.9201
-6.88027083383973 0.9202
-6.88033002366822 0.9203
-6.88037874817056 0.9204
-6.88043252113646 0.9205
-6.88050308808088 0.9206
-6.88056520392009 0.9207
-6.88062893425635 0.9208
-6.88067527175514 0.9209
-6.88073376466301 0.921
-6.88076952987455 0.9211
-6.88078033396265 0.9212
-6.88081362926018 0.9213
-6.88082658482308 0.9214
-6.88083977570604 0.9215
-6.88086769600968 0.9216
-6.8808813112926 0.9217
-6.88088053920363 0.9218
-6.88088851372446 0.9219
-6.88087184578158 0.922
-6.88083805294698 0.9221
-6.88078027208128 0.9222
-6.88069432769294 0.9223
-6.8806295562007 0.9224
-6.88054816820437 0.9225
-6.88047176350046 0.9226
-6.88039853586594 0.9227
-6.88031717071359 0.9228
-6.88020375833829 0.9229
-6.88009496848828 0.923
-6.87998170532658 0.9231
-6.87988249586529 0.9232
-6.87974167858103 0.9233
-6.87957648151561 0.9234
-6.87937723479023 0.9235
-6.87916770981364 0.9236
-6.87893580278057 0.9237
-6.87872571656197 0.9238
-6.87850854043357 0.9239
-6.87827276229373 0.924
-6.87805159404469 0.9241
-6.87781594369303 0.9242
-6.87760202112665 0.9243
-6.87739808253671 0.9244
-6.87716410725685 0.9245
-6.87693697201581 0.9246
-6.87672552092817 0.9247
-6.87653379577576 0.9248
-6.87631471190221 0.9249
-6.87609398435175 0.925
-6.87590704078783 0.9251
-6.87576148278783 0.9252
-6.87564139682696 0.9253
-6.87554123958274 0.9254
-6.87548218836311 0.9255
-6.875450857214 0.9256
-6.87546848789694 0.9257
-6.87550919466846 0.9258
-6.87561505038544 0.9259
-6.87573487045624 0.926
-6.87582920891271 0.9261
-6.87595131688796 0.9262
-6.87606695994157 0.9263
-6.87616434994089 0.9264
-6.87624895622347 0.9265
-6.87630882001581 0.9266
-6.87635445004912 0.9267
-6.87637561178541 0.9268
-6.87637814742842 0.9269
-6.87635792844373 0.927
-6.87632124382925 0.9271
-6.87628953802896 0.9272
-6.87622970875268 0.9273
-6.87614141565847 0.9274
-6.87604718107832 0.9275
-6.87596183163205 0.9276
-6.87583556028753 0.9277
-6.87572284907939 0.9278
-6.87561353968574 0.9279
-6.87550803749779 0.928
-6.87539859257098 0.9281
-6.87528254017418 0.9282
-6.87515029850707 0.9283
-6.87501172170041 0.9284
-6.87488882659922 0.9285
-6.87476785037857 0.9286
-6.874633193807 0.9287
-6.87449292175964 0.9288
-6.87435347690702 0.9289
-6.8741779903057 0.929
-6.87400580742968 0.9291
-6.87384397705052 0.9292
-6.87370103444997 0.9293
-6.87360031688717 0.9294
-6.87351970453415 0.9295
-6.87340082224107 0.9296
-6.87328381691437 0.9297
-6.87319199314293 0.9298
-6.87308545881619 0.9299
-6.872996791284 0.93
-6.87292633126989 0.9301
-6.87287615661559 0.9302
-6.87280307773482 0.9303
-6.87273467308433 0.9304
-6.8727215896043 0.9305
-6.87271837318792 0.9306
-6.87272519452946 0.9307
-6.8727339866309 0.9308
-6.87273717109104 0.9309
-6.87276235524032 0.931
-6.8728019047828 0.9311
-6.87283841553571 0.9312
-6.87289984091858 0.9313
-6.87295824375988 0.9314
-6.87301782722905 0.9315
-6.8730909414221 0.9316
-6.87317782504689 0.9317
-6.87328433014926 0.9318
-6.87339384099964 0.9319
-6.87350517283181 0.932
-6.87361359527532 0.9321
-6.87370316407949 0.9322
-6.87378978454116 0.9323
-6.87389082987425 0.9324
-6.87397829708072 0.9325
-6.87405424431301 0.9326
-6.87411246012275 0.9327
-6.87416574983807 0.9328
-6.87420950034523 0.9329
-6.87423329772879 0.933
-6.87423795978334 0.9331
-6.87423581525589 0.9332
-6.87426925655264 0.9333
-6.87430527679982 0.9334
-6.87433556844545 0.9335
-6.87436031059289 0.9336
-6.87435808778133 0.9337
-6.87433503392033 0.9338
-6.87429927297714 0.9339
-6.8742261905153 0.934
-6.87412998436265 0.9341
-6.87400509846853 0.9342
-6.87387484000138 0.9343
-6.87373781002885 0.9344
-6.87357031671767 0.9345
-6.87339331549093 0.9346
-6.87322372464535 0.9347
-6.87305340430277 0.9348
-6.87288878730667 0.9349
-6.87269347937 0.935
-6.87251862478617 0.9351
-6.87232802683686 0.9352
-6.87212650466444 0.9353
-6.87193706783879 0.9354
-6.87174291824821 0.9355
-6.87154973528902 0.9356
-6.87135124526515 0.9357
-6.87116386395497 0.9358
-6.87095691431997 0.9359
-6.87076299365447 0.936
-6.87057576129719 0.9361
-6.87038719291071 0.9362
-6.87017100690666 0.9363
-6.86995264585657 0.9364
-6.8697459550787 0.9365
-6.8695705438086 0.9366
-6.86941318899107 0.9367
-6.86928210996348 0.9368
-6.86915930258149 0.9369
-6.86905441843326 0.937
-6.86900596823113 0.9371
-6.86899656460673 0.9372
-6.86899366595106 0.9373
-6.86902854182931 0.9374
-6.86907237915135 0.9375
-6.86912702223658 0.9376
-6.86923063473525 0.9377
-6.86934982421476 0.9378
-6.8694719993912 0.9379
-6.86961883335547 0.938
-6.86979119401171 0.9381
-6.86996162809054 0.9382
-6.87012759095018 0.9383
-6.87026988351038 0.9384
-6.87043320816808 0.9385
-6.87058731091197 0.9386
-6.87079445028018 0.9387
-6.87098397603423 0.9388
-6.87117597861579 0.9389
-6.87135614696298 0.939
-6.87152287224524 0.9391
-6.87166349446947 0.9392
-6.87175124108813 0.9393
-6.8718044641297 0.9394
-6.87180327426909 0.9395
-6.87179260107825 0.9396
-6.87176333312754 0.9397
-6.87168593204176 0.9398
-6.87157637020543 0.9399
-6.87144355373753 0.94
-6.87130273651917 0.9401
-6.87113711230382 0.9402
-6.87094462224015 0.9403
-6.87073996596571 0.9404
-6.87051647350758 0.9405
-6.87025666499065 0.9406
-6.86999789421476 0.9407
-6.86975089524271 0.9408
-6.86950746283137 0.9409
-6.86930944268321 0.941
-6.86911670311893 0.9411
-6.86896346238419 0.9412
-6.86881762092351 0.9413
-6.8686777360972 0.9414
-6.86854865802864 0.9415
-6.86843574916586 0.9416
-6.86838402227423 0.9417
-6.86834081044042 0.9418
-6.86830455852041 0.9419
-6.86828087328123 0.942
-6.86830392302912 0.9421
-6.8683348458557 0.9422
-6.86838654656358 0.9423
-6.86843932670728 0.9424
-6.86847530534491 0.9425
-6.86851977899789 0.9426
-6.86856964438011 0.9427
-6.86861114012342 0.9428
-6.86865265533662 0.9429
-6.86868893540228 0.943
-6.86870749632409 0.9431
-6.8687053582185 0.9432
-6.86870699357303 0.9433
-6.86870728161505 0.9434
-6.86872625601964 0.9435
-6.86873890983487 0.9436
-6.86875642700525 0.9437
-6.86877379998586 0.9438
-6.8687667669361 0.9439
-6.8687513266428 0.944
-6.86872382290157 0.9441
-6.86870509450032 0.9442
-6.86864375980229 0.9443
-6.86860657480369 0.9444
-6.86858576076536 0.9445
-6.86855865524766 0.9446
-6.86851838258949 0.9447
-6.86842894231969 0.9448
-6.86834166104817 0.9449
-6.86826612686861 0.945
-6.86819216559528 0.9451
-6.8681155438214 0.9452
-6.86803321431836 0.9453
-6.86798185201669 0.9454
-6.86795242594208 0.9455
-6.86789596416842 0.9456
-6.8678159969101 0.9457
-6.86771364189747 0.9458
-6.86759662156162 0.9459
-6.86745279100773 0.946
-6.86731378922848 0.9461
-6.86714607836294 0.9462
-6.86698441754348 0.9463
-6.8668292293183 0.9464
-6.86668413880046 0.9465
-6.86654926949225 0.9466
-6.86643962288331 0.9467
-6.8663655691425 0.9468
-6.86631019580367 0.9469
-6.86621201230245 0.947
-6.86614164265148 0.9471
-6.86607602459236 0.9472
-6.86604393203441 0.9473
-6.86602003171931 0.9474
-6.86600584455113 0.9475
-6.86596437360266 0.9476
-6.86591373478602 0.9477
-6.86587087362813 0.9478
-6.8658434595057 0.9479
-6.86579380719318 0.948
-6.86576042245691 0.9481
-6.86575552004703 0.9482
-6.86575206568629 0.9483
-6.86577884280462 0.9484
-6.86583277263802 0.9485
-6.86586950890555 0.9486
-6.86587198536546 0.9487
-6.86588988507863 0.9488
-6.86587348137562 0.9489
-6.86585588188579 0.949
-6.86583778310471 0.9491
-6.86585822318776 0.9492
-6.86589156224572 0.9493
-6.86589763917302 0.9494
-6.86589685665538 0.9495
-6.8658970155918 0.9496
-6.86590478988331 0.9497
-6.86591619986039 0.9498
-6.86593743361931 0.9499
-6.86599169786483 0.95
-6.86607452225642 0.9501
-6.86612914044216 0.9502
-6.8662037455619 0.9503
-6.86624335436196 0.9504
-6.86629992609377 0.9505
-6.86638460932857 0.9506
-6.8664725462469 0.9507
-6.86658419968956 0.9508
-6.86670943577352 0.9509
-6.866815153478 0.951
-6.86690910132186 0.9511
-6.8669991875277 0.9512
-6.86705862851637 0.9513
-6.8671001659368 0.9514
-6.86714992965622 0.9515
-6.86717221773338 0.9516
-6.86718153964707 0.9517
-6.86719824630427 0.9518
-6.86722390254047 0.9519
-6.86723632098627 0.952
-6.86724982574184 0.9521
-6.86726295990676 0.9522
-6.86728382487436 0.9523
-6.86731589592491 0.9524
-6.86737308129128 0.9525
-6.8674626786121 0.9526
-6.86753007490484 0.9527
-6.86760060902921 0.9528
-6.86769761540696 0.9529
-6.86779108641103 0.953
-6.86788038861899 0.9531
-6.86796526429762 0.9532
-6.86806205258773 0.9533
-6.86813003803498 0.9534
-6.8681975938299 0.9535
-6.86827581040336 0.9536
-6.86831318085298 0.9537
-6.86838676796911 0.9538
-6.86845019509753 0.9539
-6.86853001270426 0.954
-6.86859247750972 0.9541
-6.86865719103644 0.9542
-6.86874015761956 0.9543
-6.86883236337299 0.9544
-6.86892640545987 0.9545
-6.86900755124837 0.9546
-6.86905653536371 0.9547
-6.86907022506064 0.9548
-6.869070691169 0.9549
-6.86908074916513 0.955
-6.86908024283322 0.9551
-6.86908539089766 0.9552
-6.86904761866885 0.9553
-6.86898581249454 0.9554
-6.86892729486212 0.9555
-6.86890025932424 0.9556
-6.86887562807972 0.9557
-6.86883703171941 0.9558
-6.86882633616661 0.9559
-6.86882580150087 0.956
-6.86881958816735 0.9561
-6.86878722607738 0.9562
-6.86878683080232 0.9563
-6.86880958275524 0.9564
-6.8688145084091 0.9565
-6.86882783895705 0.9566
-6.86886251098097 0.9567
-6.86887016146693 0.9568
-6.86887979074559 0.9569
-6.86886551437535 0.957
-6.86882904701151 0.9571
-6.8687672977874 0.9572
-6.86867248631817 0.9573
-6.86854553962155 0.9574
-6.86842974174385 0.9575
-6.86831900159243 0.9576
-6.86817483347167 0.9577
-6.86800953640567 0.9578
-6.86784923352301 0.9579
-6.86767571815432 0.958
-6.86748830204507 0.9581
-6.8672945165994 0.9582
-6.86707239440122 0.9583
-6.86686530157574 0.9584
-6.86668867245413 0.9585
-6.86648192491852 0.9586
-6.86628156998729 0.9587
-6.86601455977612 0.9588
-6.86576290978468 0.9589
-6.86554455512322 0.959
-6.86536095625266 0.9591
-6.86519376756087 0.9592
-6.8650284386702 0.9593
-6.86485347090363 0.9594
-6.86468609538645 0.9595
-6.86456199786659 0.9596
-6.86441922412717 0.9597
-6.86430929213468 0.9598
-6.86417125067548 0.9599
-6.86404202169363 0.96
-6.86395704984672 0.9601
-6.86385652402832 0.9602
-6.86374162681823 0.9603
-6.86360469268843 0.9604
-6.86347023658359 0.9605
-6.8633533184982 0.9606
-6.86322317855538 0.9607
-6.86310468368079 0.9608
-6.8629752116087 0.9609
-6.86285722385321 0.961
-6.86275755855401 0.9611
-6.86264612742518 0.9612
-6.86252278669088 0.9613
-6.86241575169309 0.9614
-6.86231872051371 0.9615
-6.86223369651855 0.9616
-6.86215534906802 0.9617
-6.86209422609772 0.9618
-6.86207202780679 0.9619
-6.86206133984009 0.962
-6.86206316141735 0.9621
-6.86206180273297 0.9622
-6.86207322845317 0.9623
-6.86207928640352 0.9624
-6.86209560749653 0.9625
-6.86208964497928 0.9626
-6.86206856019606 0.9627
-6.86203876345044 0.9628
-6.86200662711396 0.9629
-6.86195664600499 0.963
-6.8618601930407 0.9631
-6.86172470069976 0.9632
-6.86154259617161 0.9633
-6.86136245720473 0.9634
-6.86116830381922 0.9635
-6.86096533656912 0.9636
-6.86074876206311 0.9637
-6.86053077179066 0.9638
-6.86028265589922 0.9639
-6.8599984212644 0.964
-6.85971075211814 0.9641
-6.85944563622052 0.9642
-6.85921574243621 0.9643
-6.85898148160102 0.9644
-6.85881064863286 0.9645
-6.8586588036603 0.9646
-6.85852035351961 0.9647
-6.85838832448952 0.9648
-6.85828346428989 0.9649
-6.85820299740017 0.965
-6.85815198447711 0.9651
-6.85813193896485 0.9652
-6.85813465515891 0.9653
-6.85816566885353 0.9654
-6.85817914215121 0.9655
-6.85820724987252 0.9656
-6.85823535534722 0.9657
-6.858306169691 0.9658
-6.85835849359548 0.9659
-6.85844170557492 0.966
-6.85850985775024 0.9661
-6.85857314762221 0.9662
-6.85864333912111 0.9663
-6.85873389341697 0.9664
-6.85881094050878 0.9665
-6.85890171003074 0.9666
-6.85896459426882 0.9667
-6.85902753219979 0.9668
-6.85910149064349 0.9669
-6.85917819390199 0.967
-6.85927585416716 0.9671
-6.8593564792835 0.9672
-6.85947819111384 0.9673
-6.8596094235559 0.9674
-6.85972606903394 0.9675
-6.85984138722729 0.9676
-6.85994321981304 0.9677
-6.86002891136252 0.9678
-6.86010171459007 0.9679
-6.86016622573194 0.968
-6.86024099173728 0.9681
-6.86030952612562 0.9682
-6.86035752159374 0.9683
-6.86038390298351 0.9684
-6.86038335620393 0.9685
-6.86036115368338 0.9686
-6.86032045726546 0.9687
-6.8602543616911 0.9688
-6.86015971669446 0.9689
-6.8600580504872 0.969
-6.85994310325896 0.9691
-6.85984250042341 0.9692
-6.85975887604126 0.9693
-6.85970220006216 0.9694
-6.85965873683156 0.9695
-6.85961249250305 0.9696
-6.85958392435838 0.9697
-6.85953864401716 0.9698
-6.85948550486548 0.9699
-6.85948742965321 0.97
-6.85944554567133 0.9701
-6.8594057811065 0.9702
-6.85936706195166 0.9703
-6.85932951236525 0.9704
-6.85927999484935 0.9705
-6.85920826444122 0.9706
-6.85913880992266 0.9707
-6.85905148987441 0.9708
-6.85894938533987 0.9709
-6.85886750994886 0.971
-6.85877895685508 0.9711
-6.85866601474201 0.9712
-6.85856172529143 0.9713
-6.85844567064028 0.9714
-6.85829462532389 0.9715
-6.85814847709611 0.9716
-6.85795885116193 0.9717
-6.85775331880003 0.9718
-6.85757292543972 0.9719
-6.8573991697948 0.972
-6.8572125073503 0.9721
-6.85698139902131 0.9722
-6.85674160809743 0.9723
-6.85650595159086 0.9724
-6.85624837046465 0.9725
-6.85599468966296 0.9726
-6.85574898505924 0.9727
-6.85553680891539 0.9728
-6.8553050253097 0.9729
-6.8550906190345 0.973
-6.85492899122602 0.9731
-6.85477870568882 0.9732
-6.85463122272704 0.9733
-6.85450364473946 0.9734
-6.85440476169671 0.9735
-6.8542902784295 0.9736
-6.85417539729587 0.9737
-6.8540408556353 0.9738
-6.85386727008347 0.9739
-6.85368229537675 0.974
-6.85348557649661 0.9741
-6.85325884981676 0.9742
-6.85303959297762 0.9743
-6.85282599553101 0.9744
-6.85260185400355 0.9745
-6.85233423793988 0.9746
-6.85209361562599 0.9747
-6.85189011208187 0.9748
-6.85171706041426 0.9749
-6.85153721029276 0.975
-6.85136070156357 0.9751
-6.85119962590478 0.9752
-6.85109954290438 0.9753
-6.85100359307015 0.9754
-6.8509489801197 0.9755
-6.85094578948836 0.9756
-6.85097665894593 0.9757
-6.85103117840464 0.9758
-6.85107687949533 0.9759
-6.85116276363267 0.976
-6.85125433731689 0.9761
-6.85134994893415 0.9762
-6.85145889920227 0.9763
-6.85158806398653 0.9764
-6.85172676243234 0.9765
-6.85187551041883 0.9766
-6.85202480037633 0.9767
-6.85221508621632 0.9768
-6.85242960048217 0.9769
-6.85265488325035 0.977
-6.85285773575405 0.9771
-6.85305924965833 0.9772
-6.85324851905158 0.9773
-6.85344192738918 0.9774
-6.85363480649666 0.9775
-6.85384039824408 0.9776
-6.85403296542535 0.9777
-6.85424451613845 0.9778
-6.85444280145064 0.9779
-6.8546353466933 0.978
-6.8548429426489 0.9781
-6.85509444119765 0.9782
-6.85529759727448 0.9783
-6.85550121449826 0.9784
-6.85571638641369 0.9785
-6.8559380338944 0.9786
-6.85614589699315 0.9787
-6.85635619154144 0.9788
-6.8565889648414 0.9789
-6.85677084289442 0.979
-6.85694116749179 0.9791
-6.85706189043806 0.9792
-6.85717278999407 0.9793
-6.85729954078854 0.9794
-6.85740572009225 0.9795
-6.85747923688722 0.9796
-6.85752811797208 0.9797
-6.85760890232433 0.9798
-6.85768523941283 0.9799
-6.85773271819207 0.98
-6.85777920056765 0.9801
-6.85784058134089 0.9802
-6.85788959752887 0.9803
-6.85795114523659 0.9804
-6.85798914871163 0.9805
-6.8579933759031 0.9806
-6.85799703775227 0.9807
-6.85794805907442 0.9808
-6.85786851362889 0.9809
-6.85778110794945 0.981
-6.85768093843163 0.9811
-6.85757902419746 0.9812
-6.85743959328589 0.9813
-6.85725630596482 0.9814
-6.85704862567306 0.9815
-6.85683199236543 0.9816
-6.85656595016005 0.9817
-6.85629436100553 0.9818
-6.85602550951401 0.9819
-6.85576936012182 0.982
-6.85550437988603 0.9821
-6.85524834172648 0.9822
-6.85495649302095 0.9823
-6.85466250243982 0.9824
-6.85437143539397 0.9825
-6.85409110556504 0.9826
-6.85386903293749 0.9827
-6.85367188381948 0.9828
-6.85354056796148 0.9829
-6.85344914443131 0.983
-6.85333873282286 0.9831
-6.85325189344903 0.9832
-6.85322440490679 0.9833
-6.85320019041403 0.9834
-6.85318602694984 0.9835
-6.85318413535827 0.9836
-6.853162882198 0.9837
-6.85312205064896 0.9838
-6.85308043710901 0.9839
-6.85300607170741 0.984
-6.85291442446758 0.9841
-6.85282401908432 0.9842
-6.85277133279215 0.9843
-6.85272078809405 0.9844
-6.85267809496316 0.9845
-6.85262300652851 0.9846
-6.85259239719767 0.9847
-6.8525790946364 0.9848
-6.85258068704087 0.9849
-6.85258700520752 0.985
-6.85258683640777 0.9851
-6.85255698330079 0.9852
-6.85253519675151 0.9853
-6.85250727270858 0.9854
-6.85248590354441 0.9855
-6.8524691300249 0.9856
-6.8524336753765 0.9857
-6.8524338586645 0.9858
-6.85245013631081 0.9859
-6.85246657808268 0.986
-6.85246715603136 0.9861
-6.85244980180014 0.9862
-6.85237798698926 0.9863
-6.85229144084103 0.9864
-6.85220669342081 0.9865
-6.85210824211236 0.9866
-6.85203664568642 0.9867
-6.85195573740226 0.9868
-6.85187017806897 0.9869
-6.85177680911388 0.987
-6.85168062264191 0.9871
-6.8515408633452 0.9872
-6.85137823354501 0.9873
-6.85119615367516 0.9874
-6.85099137686923 0.9875
-6.85082459602672 0.9876
-6.85065410879669 0.9877
-6.850519393377 0.9878
-6.85040283721732 0.9879
-6.85027494072043 0.988
-6.85017723461838 0.9881
-6.85013384044117 0.9882
-6.85010187352597 0.9883
-6.85009506172952 0.9884
-6.8500987490941 0.9885
-6.85005633445956 0.9886
-6.84998475006167 0.9887
-6.84989610589703 0.9888
-6.84977989235135 0.9889
-6.8496447492272 0.989
-6.84949916169054 0.9891
-6.84932333960983 0.9892
-6.84911232141504 0.9893
-6.84889871918146 0.9894
-6.84871030066454 0.9895
-6.84846088452361 0.9896
-6.84822699860452 0.9897
-6.84802616072535 0.9898
-6.84783145369011 0.9899
-6.84767757146105 0.99
-6.84751662795614 0.9901
-6.84733286127344 0.9902
-6.8471373311855 0.9903
-6.84692210831421 0.9904
-6.84669706614085 0.9905
-6.84648106448039 0.9906
-6.84625110865408 0.9907
-6.84601986157709 0.9908
-6.84579658566668 0.9909
-6.84558440126035 0.991
-6.84540833662792 0.9911
-6.8452221709177 0.9912
-6.84504287739452 0.9913
-6.84488360099413 0.9914
-6.84471694358547 0.9915
-6.84457839826815 0.9916
-6.84445049546625 0.9917
-6.84431520558836 0.9918
-6.84418571417693 0.9919
-6.84408068130959 0.992
-6.84399513368322 0.9921
-6.84392896595871 0.9922
-6.8439167480385 0.9923
-6.84390493771565 0.9924
-6.84389706351268 0.9925
-6.84392635729839 0.9926
-6.84399044475281 0.9927
-6.84403484347965 0.9928
-6.8440668598646 0.9929
-6.84410089438409 0.993
-6.84412602688648 0.9931
-6.84412104933779 0.9932
-6.84410789957123 0.9933
-6.84406738194765 0.9934
-6.8439973542878 0.9935
-6.84390996302242 0.9936
-6.8437941633117 0.9937
-6.84369928721731 0.9938
-6.84360225595498 0.9939
-6.84349270877216 0.994
-6.84333139394307 0.9941
-6.84317146235589 0.9942
-6.84301113110234 0.9943
-6.84283952214634 0.9944
-6.84265141898589 0.9945
-6.8424637936931 0.9946
-6.84226094742774 0.9947
-6.84206373871877 0.9948
-6.84180255657399 0.9949
-6.84156103423529 0.995
-6.84133817446201 0.9951
-6.84111855223081 0.9952
-6.84091267444156 0.9953
-6.84072609741729 0.9954
-6.84056460859007 0.9955
-6.8404052340987 0.9956
-6.84023431236063 0.9957
-6.84008339332232 0.9958
-6.83995261980715 0.9959
-6.83986305827818 0.996
-6.8398191817954 0.9961
-6.83978078512364 0.9962
-6.83977812258919 0.9963
-6.83980878013637 0.9964
-6.83989890072117 0.9965
-6.84001979884344 0.9966
-6.84018960995328 0.9967
-6.84036801633645 0.9968
-6.84051469523483 0.9969
-6.84066758645603 0.997
-6.84084024079124 0.9971
-6.84101836179418 0.9972
-6.84119895031125 0.9973
-6.84137696814862 0.9974
-6.84155377824663 0.9975
-6.84170429393209 0.9976
-6.84182080668842 0.9977
-6.84197637208541 0.9978
-6.84218664197186 0.9979
-6.84237744742379 0.998
-6.84260958308727 0.9981
-6.84286082365104 0.9982
-6.84312576971436 0.9983
-6.84343116839873 0.9984
-6.8437708144391 0.9985
-6.84410357528288 0.9986
-6.84448778708248 0.9987
-6.84484499643859 0.9988
-6.8452119869511 0.9989
-6.84556088027738 0.999
-6.84592112564052 0.9991
-6.84626508539418 0.9992
-6.84656160499702 0.9993
-6.84685682348634 0.9994
-6.84713173405446 0.9995
-6.84736636503317 0.9996
-6.84758714701134 0.9997
-6.84776619954143 0.9998
-6.84786011025549 0.9999
-6.8479511563119 1
