# Fix print output for fix f5
-7.15670457511835 0
-7.15667174268787 0.0001
-7.15663351467003 0.0002
-7.15660067624396 0.0003
-7.15656427399067 0.0004
-7.15652805628798 0.0005
-7.15650611718009 0.0006
-7.15648032565335 0.0007
-7.15645353584375 0.0008
-7.15641212284334 0.0009
-7.15637570006005 0.001
-7.15635257156206 0.0011
-7.15634441117424 0.0012
-7.1563620797571 0.0013
-7.15637841459754 0.0014
-7.15642468089569 0.0015
-7.15647324277311 0.0016
-7.15655576101311 0.0017
-7.15664687428296 0.0018
-7.15673465376939 0.0019
-7.15684227527723 0.002
-7.15697772011554 0.0021
-7.15713211066609 0.0022
-7.15730699680917 0.0023
-7.15747521433595 0.0024
-7.1576440838066 0.0025
-7.15780864034819 0.0026
-7.15798155542412 0.0027
-7.15814244893458 0.0028
-7.1582889573882 0.0029
-7.15842058965513 0.003
-7.15853879100429 0.0031
-7.15866129082492 0.0032
-7.158778756008 0.0033
-7.1588714602853 0.0034
-7.15896217011248 0.0035
-7.15903226625196 0.0036
-7.15906587729836 0.0037
-7.1590918321521 0.0038
-7.15910057873728 0.0039
-7.15908963568996 0.004
-7.15907620596114 0.0041
-7.15905330684735 0.0042
-7.15904290275997 0.0043
-7.15900674064138 0.0044
-7.15895803018829 0.0045
-7.15892574230881 0.0046
-7.15888326896315 0.0047
-7.15883693647835 0.0048
-7.15880207107936 0.0049
-7.15875440754045 0.005
-7.15871352736108 0.0051
-7.15866928393558 0.0052
-7.15860740220856 0.0053
-7.15854582709195 0.0054
-7.1584747750543 0.0055
-7.15841164699503 0.0056
-7.15835687318466 0.0057
-7.15830271859516 0.0058
-7.15826100899841 0.0059
-7.15821398334409 0.006
-7.15816702376225 0.0061
-7.15812355915625 0.0062
-7.15810426710786 0.0063
-7.15808665250808 0.0064
-7.15805077753561 0.0065
-7.15802701298108 0.0066
-7.15799383451539 0.0067
-7.15797122746949 0.0068
-7.15792493513418 0.0069
-7.15788488293168 0.007
-7.15784399959727 0.0071
-7.1578123073571 0.0072
-7.15778679816072 0.0073
-7.15777096275069 0.0074
-7.15775347488113 0.0075
-7.1577366778983 0.0076
-7.15772723198741 0.0077
-7.15771569375479 0.0078
-7.15769775799084 0.0079
-7.15767444562728 0.008
-7.1576482556644 0.0081
-7.15759904026359 0.0082
-7.15753768565703 0.0083
-7.15746745669747 0.0084
-7.15738620974433 0.0085
-7.15729428930957 0.0086
-7.15719075519947 0.0087
-7.15710357846919 0.0088
-7.15701938944577 0.0089
-7.15696110063192 0.009
-7.1569114500338 0.0091
-7.15685530105129 0.0092
-7.15679074186692 0.0093
-7.15673784942426 0.0094
-7.15668970707915 0.0095
-7.15661675476101 0.0096
-7.15653644773752 0.0097
-7.15644717421311 0.0098
-7.15636044265109 0.0099
-7.15629279806269 0.01
-7.15623180930639 0.0101
-7.15615759248413 0.0102
-7.15607536627249 0.0103
-7.15597472923761 0.0104
-7.15586731820232 0.0105
-7.1557542935433 0.0106
-7.15562894150971 0.0107
-7.15550330878847 0.0108
-7.15538213175355 0.0109
-7.15528902661591 0.011
-7.15520070915938 0.0111
-7.15511909359226 0.0112
-7.15504740639676 0.0113
-7.15500155412956 0.0114
-7.154960341247 0.0115
-7.1549287131549 0.0116
-7.15491701344301 0.0117
-7.15489375663563 0.0118
-7.15486534227946 0.0119
-7.15485080349212 0.012
-7.15483559633709 0.0121
-7.15482471856348 0.0122
-7.15482767257432 0.0123
-7.15483511071318 0.0124
-7.15484282973693 0.0125
-7.15484105680963 0.0126
-7.15483921209502 0.0127
-7.15483275128265 0.0128
-7.15480857699556 0.0129
-7.15478981325947 0.013
-7.15477394752358 0.0131
-7.15475920034443 0.0132
-7.15474887439981 0.0133
-7.15471966616633 0.0134
-7.15469355467943 0.0135
-7.15467452224363 0.0136
-7.15465132775055 0.0137
-7.15463197217467 0.0138
-7.15462119438522 0.0139
-7.15461244035219 0.014
-7.15460396682598 0.0141
-7.1545971209252 0.0142
-7.15460940193961 0.0143
-7.15462876921596 0.0144
-7.15464229874214 0.0145
-7.15466895203437 0.0146
-7.15469400759224 0.0147
-7.15472385892986 0.0148
-7.15474896022915 0.0149
-7.15478771956787 0.015
-7.154818169802 0.0151
-7.15484460471729 0.0152
-7.15488694788752 0.0153
-7.15492628985392 0.0154
-7.15497367749464 0.0155
-7.1550260808176 0.0156
-7.15508001001687 0.0157
-7.15513732227278 0.0158
-7.15519856371502 0.0159
-7.15526969406293 0.016
-7.15533679871735 0.0161
-7.15542859341715 0.0162
-7.15552496085986 0.0163
-7.15561430836022 0.0164
-7.15570815527419 0.0165
-7.15579207011224 0.0166
-7.15589129814962 0.0167
-7.15598046799317 0.0168
-7.15609664557412 0.0169
-7.15621477704633 0.017
-7.15634220733604 0.0171
-7.15645767316031 0.0172
-7.15656398385681 0.0173
-7.15664187719767 0.0174
-7.15669544020488 0.0175
-7.15672451377044 0.0176
-7.15673511529203 0.0177
-7.1567158838976 0.0178
-7.15668102173451 0.0179
-7.1566273590886 0.018
-7.15655614402133 0.0181
-7.15648945770714 0.0182
-7.15642723046806 0.0183
-7.15636692789975 0.0184
-7.15627952225394 0.0185
-7.15618745146536 0.0186
-7.1561057977235 0.0187
-7.15602884097021 0.0188
-7.15595417776734 0.0189
-7.1558952147189 0.019
-7.15585156328034 0.0191
-7.15580904415986 0.0192
-7.15579374837801 0.0193
-7.15579242826585 0.0194
-7.15578548535778 0.0195
-7.15580195263324 0.0196
-7.15582564297145 0.0197
-7.15585982523533 0.0198
-7.15589520659361 0.0199
-7.15593799883225 0.02
-7.15597986381885 0.0201
-7.15602368282215 0.0202
-7.15607123331108 0.0203
-7.15610877304646 0.0204
-7.15613108543889 0.0205
-7.15613403324379 0.0206
-7.15613061671362 0.0207
-7.15612713117641 0.0208
-7.15612228424527 0.0209
-7.1561065576553 0.021
-7.1560829029642 0.0211
-7.15604198634765 0.0212
-7.15599623721805 0.0213
-7.15594815636738 0.0214
-7.15587828171509 0.0215
-7.15579329342463 0.0216
-7.15572098814048 0.0217
-7.15564539904596 0.0218
-7.15558878434887 0.0219
-7.1555484744678 0.022
-7.15550109100296 0.0221
-7.15546054533907 0.0222
-7.15541394110984 0.0223
-7.15537921855572 0.0224
-7.15534887162387 0.0225
-7.15531953603287 0.0226
-7.15528384012147 0.0227
-7.15525356718993 0.0228
-7.15522957868596 0.0229
-7.15521043228172 0.023
-7.15519802260233 0.0231
-7.1551814067468 0.0232
-7.15515057826029 0.0233
-7.15513607816942 0.0234
-7.15514019178021 0.0235
-7.15513701261415 0.0236
-7.1551212287138 0.0237
-7.15510478617903 0.0238
-7.15508644352156 0.0239
-7.15506538118376 0.024
-7.15503765787475 0.0241
-7.15497923264472 0.0242
-7.15491840850347 0.0243
-7.15485410756923 0.0244
-7.15476016665738 0.0245
-7.15465659795254 0.0246
-7.15453997131926 0.0247
-7.15440613532497 0.0248
-7.15427134916478 0.0249
-7.15413959158915 0.025
-7.15400651669894 0.0251
-7.15387057618368 0.0252
-7.1537317693638 0.0253
-7.15360102899372 0.0254
-7.15348546797567 0.0255
-7.15336797423144 0.0256
-7.15324723700892 0.0257
-7.15315492195344 0.0258
-7.15306101114726 0.0259
-7.15297589348183 0.026
-7.15290534864675 0.0261
-7.15283473955067 0.0262
-7.15277350375688 0.0263
-7.15274755391217 0.0264
-7.1527537156363 0.0265
-7.15278464059156 0.0266
-7.15283047864323 0.0267
-7.15289057503416 0.0268
-7.15295375365359 0.0269
-7.15300864395703 0.027
-7.15307348125893 0.0271
-7.15313377340576 0.0272
-7.15322635872562 0.0273
-7.15334199996601 0.0274
-7.1534575188627 0.0275
-7.15357715349764 0.0276
-7.15371715626856 0.0277
-7.15386957648394 0.0278
-7.15402699933064 0.0279
-7.15419052282529 0.028
-7.15434471942725 0.0281
-7.15448129112958 0.0282
-7.15459665039274 0.0283
-7.15468199539798 0.0284
-7.15475683879796 0.0285
-7.15480692284671 0.0286
-7.15485269056108 0.0287
-7.15487013353903 0.0288
-7.15488604822219 0.0289
-7.15487596086794 0.029
-7.15485884986315 0.0291
-7.1548166835301 0.0292
-7.15475619488006 0.0293
-7.15466161461265 0.0294
-7.15454664920959 0.0295
-7.15441795362467 0.0296
-7.15427954358089 0.0297
-7.15412726139798 0.0298
-7.15396149257547 0.0299
-7.15380296619205 0.03
-7.15363021715853 0.0301
-7.15345841670264 0.0302
-7.15328738022183 0.0303
-7.15312170675091 0.0304
-7.15295088456166 0.0305
-7.15280134457093 0.0306
-7.15268074350434 0.0307
-7.15262546549515 0.0308
-7.15258622559414 0.0309
-7.15256525227976 0.031
-7.15256354430063 0.0311
-7.1525750746499 0.0312
-7.15259780414088 0.0313
-7.15262861438653 0.0314
-7.15266889705603 0.0315
-7.15268759221625 0.0316
-7.15271514459298 0.0317
-7.15273841632557 0.0318
-7.15275987298367 0.0319
-7.15278495897709 0.032
-7.15280311847038 0.0321
-7.15281270562073 0.0322
-7.1527991442675 0.0323
-7.1528028388509 0.0324
-7.15279717447641 0.0325
-7.15277719575821 0.0326
-7.1527370552614 0.0327
-7.15269049248161 0.0328
-7.15262940171309 0.0329
-7.15256815032102 0.033
-7.15251109057233 0.0331
-7.15245406375738 0.0332
-7.152416660749 0.0333
-7.15238419189752 0.0334
-7.15235395136842 0.0335
-7.15233368049544 0.0336
-7.15230728291364 0.0337
-7.15228230550702 0.0338
-7.15228991974526 0.0339
-7.15229456954833 0.034
-7.15230893737699 0.0341
-7.15233144154484 0.0342
-7.15234756031275 0.0343
-7.15236331036838 0.0344
-7.15238021345108 0.0345
-7.15240063158243 0.0346
-7.15241639236438 0.0347
-7.15245473749113 0.0348
-7.15249350548821 0.0349
-7.15255501791219 0.035
-7.1526200968326 0.0351
-7.15269088922756 0.0352
-7.15278382353006 0.0353
-7.15288442930088 0.0354
-7.15296530587045 0.0355
-7.15302576196572 0.0356
-7.15307364369081 0.0357
-7.15311273574357 0.0358
-7.15314309142749 0.0359
-7.15317090486131 0.036
-7.15319811314907 0.0361
-7.15322664922742 0.0362
-7.15324812968441 0.0363
-7.15326133760308 0.0364
-7.15325967957933 0.0365
-7.15325694040045 0.0366
-7.15325823986322 0.0367
-7.1532677634878 0.0368
-7.15327454779322 0.0369
-7.15326701519058 0.037
-7.15324583886167 0.0371
-7.1532237005624 0.0372
-7.15320220674462 0.0373
-7.15319850960552 0.0374
-7.15319382036003 0.0375
-7.15318577687887 0.0376
-7.15317644933033 0.0377
-7.15314907232282 0.0378
-7.15309285358827 0.0379
-7.15303715658425 0.038
-7.15299266072015 0.0381
-7.15293395901658 0.0382
-7.15285551487134 0.0383
-7.15276268486289 0.0384
-7.15266476912744 0.0385
-7.15255721119666 0.0386
-7.15244429293449 0.0387
-7.15233623330475 0.0388
-7.15222350610933 0.0389
-7.15210230264986 0.039
-7.15198555168737 0.0391
-7.15186647934199 0.0392
-7.15174321162402 0.0393
-7.15163458150462 0.0394
-7.15154156756036 0.0395
-7.15146467024864 0.0396
-7.15141605839012 0.0397
-7.15137063749171 0.0398
-7.15132163958769 0.0399
-7.15126582624198 0.04
-7.15119965893594 0.0401
-7.15113748490595 0.0402
-7.15107895934347 0.0403
-7.15099802573045 0.0404
-7.15089658364663 0.0405
-7.15079105977751 0.0406
-7.15067901004358 0.0407
-7.15054952651667 0.0408
-7.15042296695541 0.0409
-7.15031476587698 0.041
-7.15022482113753 0.0411
-7.15014912360613 0.0412
-7.15006599714368 0.0413
-7.15001492830594 0.0414
-7.14996713096486 0.0415
-7.14993534588222 0.0416
-7.14993863170386 0.0417
-7.14995536586509 0.0418
-7.14998175537259 0.0419
-7.1500004825173 0.042
-7.15002340962742 0.0421
-7.15004767002434 0.0422
-7.15008396963 0.0423
-7.15014312694823 0.0424
-7.1501930024206 0.0425
-7.15024558183754 0.0426
-7.1503113366904 0.0427
-7.15037803516933 0.0428
-7.1504523182382 0.0429
-7.15053861933321 0.043
-7.1506261615815 0.0431
-7.15071332149421 0.0432
-7.15079766631532 0.0433
-7.15089508031872 0.0434
-7.15099126244232 0.0435
-7.15108942104644 0.0436
-7.15119733702754 0.0437
-7.1513116777111 0.0438
-7.15142746940086 0.0439
-7.1515234102207 0.044
-7.15161896730832 0.0441
-7.15171827017099 0.0442
-7.15181827291564 0.0443
-7.15189593413193 0.0444
-7.1519806212916 0.0445
-7.15205259679356 0.0446
-7.15211376225145 0.0447
-7.15217454787449 0.0448
-7.1522400478956 0.0449
-7.15229769416497 0.045
-7.152382145692 0.0451
-7.15246364216334 0.0452
-7.15253971016537 0.0453
-7.15261128343305 0.0454
-7.15269418687687 0.0455
-7.15275998671629 0.0456
-7.15281358065113 0.0457
-7.15285624347575 0.0458
-7.15289744306026 0.0459
-7.15295172169226 0.046
-7.15299552011194 0.0461
-7.15304718573086 0.0462
-7.15310014088487 0.0463
-7.15315735211237 0.0464
-7.15320136675821 0.0465
-7.15324372791467 0.0466
-7.15329460438143 0.0467
-7.15333073157894 0.0468
-7.15336053572117 0.0469
-7.15340024660821 0.047
-7.15343818587198 0.0471
-7.15347638788864 0.0472
-7.15351498384074 0.0473
-7.15355817620348 0.0474
-7.1536099758839 0.0475
-7.15365062946265 0.0476
-7.15368455184581 0.0477
-7.15372096383929 0.0478
-7.15375638254173 0.0479
-7.15378490023179 0.048
-7.15381959429374 0.0481
-7.15384713042726 0.0482
-7.15385691464264 0.0483
-7.15384728786249 0.0484
-7.15382270831889 0.0485
-7.15379100332972 0.0486
-7.15373968667402 0.0487
-7.15367956746044 0.0488
-7.153625325851 0.0489
-7.1535731532367 0.049
-7.1534991898002 0.0491
-7.15343141305952 0.0492
-7.15335940692237 0.0493
-7.15328139605631 0.0494
-7.15321219881847 0.0495
-7.15315248758961 0.0496
-7.153084713565 0.0497
-7.15301617770641 0.0498
-7.15295403415812 0.0499
-7.1528767816074 0.05
-7.15283842268192 0.0501
-7.15280204597894 0.0502
-7.15276331001073 0.0503
-7.1527152197684 0.0504
-7.15267569070184 0.0505
-7.15263985028106 0.0506
-7.15259834031012 0.0507
-7.15254245487399 0.0508
-7.15246738163334 0.0509
-7.1523927735984 0.051
-7.15230707628092 0.0511
-7.15219249385301 0.0512
-7.1520731406846 0.0513
-7.15193955012101 0.0514
-7.15179710833014 0.0515
-7.15163816994854 0.0516
-7.15146741600217 0.0517
-7.15132265962313 0.0518
-7.15118661492308 0.0519
-7.15106554369131 0.052
-7.150934826101 0.0521
-7.15079292918665 0.0522
-7.1506799662888 0.0523
-7.15055494440388 0.0524
-7.15046183541364 0.0525
-7.15037739542948 0.0526
-7.1503029819991 0.0527
-7.15023112768466 0.0528
-7.15016468242011 0.0529
-7.15009704569084 0.053
-7.15002768116067 0.0531
-7.14996771916174 0.0532
-7.14990013492281 0.0533
-7.14983228217381 0.0534
-7.14976924972186 0.0535
-7.14969647807583 0.0536
-7.14963648881104 0.0537
-7.14956793354911 0.0538
-7.1494994423479 0.0539
-7.14943772395526 0.054
-7.14937454599161 0.0541
-7.14933176945296 0.0542
-7.14930377239951 0.0543
-7.14926709458994 0.0544
-7.14924117088293 0.0545
-7.14921370244863 0.0546
-7.14916787215191 0.0547
-7.14912557584937 0.0548
-7.14908259240558 0.0549
-7.14903538115774 0.055
-7.1489817656901 0.0551
-7.1489304793697 0.0552
-7.14888577098082 0.0553
-7.14884503215626 0.0554
-7.14879904072162 0.0555
-7.14876322431985 0.0556
-7.14873154647554 0.0557
-7.14869635403837 0.0558
-7.14866084498822 0.0559
-7.14864071378332 0.056
-7.1486210544372 0.0561
-7.14860706932951 0.0562
-7.14858876716951 0.0563
-7.14856425413185 0.0564
-7.14853824898552 0.0565
-7.14851445295827 0.0566
-7.14848903354343 0.0567
-7.14845832221208 0.0568
-7.14841970966522 0.0569
-7.14837129724189 0.057
-7.1483307588448 0.0571
-7.14829341665204 0.0572
-7.1482552491915 0.0573
-7.14823227075388 0.0574
-7.14822180375925 0.0575
-7.14821608412266 0.0576
-7.14822150647823 0.0577
-7.14823401399574 0.0578
-7.14826269119933 0.0579
-7.14830867710445 0.058
-7.14836413722432 0.0581
-7.14844438530223 0.0582
-7.1485467306515 0.0583
-7.14865268094772 0.0584
-7.14875724852192 0.0585
-7.14888498576968 0.0586
-7.14902513148259 0.0587
-7.14917436180607 0.0588
-7.14933069117716 0.0589
-7.14949196912666 0.059
-7.14965031447066 0.0591
-7.14981547589659 0.0592
-7.14995936386518 0.0593
-7.15008628904846 0.0594
-7.1501908722755 0.0595
-7.15029547839506 0.0596
-7.15038568713805 0.0597
-7.15047530592459 0.0598
-7.15054290408611 0.0599
-7.1505911111907 0.06
-7.15064714413236 0.0601
-7.15069510477901 0.0602
-7.15074581173637 0.0603
-7.15076303345983 0.0604
-7.15077308826933 0.0605
-7.15077146701521 0.0606
-7.15076031261448 0.0607
-7.15074597296938 0.0608
-7.15072068727041 0.0609
-7.15068018678411 0.061
-7.15064969246145 0.0611
-7.15062558472821 0.0612
-7.15060585725676 0.0613
-7.15060055466956 0.0614
-7.15060323838411 0.0615
-7.15060823811808 0.0616
-7.15060578970926 0.0617
-7.15062037479104 0.0618
-7.15062903649175 0.0619
-7.15065832352702 0.062
-7.15067050325297 0.0621
-7.15068657285862 0.0622
-7.15070531128394 0.0623
-7.15071436815529 0.0624
-7.15070691446162 0.0625
-7.15069182338168 0.0626
-7.15066931973367 0.0627
-7.15063574930166 0.0628
-7.15058125523481 0.0629
-7.15050977117921 0.063
-7.15043180588545 0.0631
-7.15034603853806 0.0632
-7.15024472013645 0.0633
-7.15014821027502 0.0634
-7.15004773160484 0.0635
-7.14992535661282 0.0636
-7.149809353734 0.0637
-7.14968178299975 0.0638
-7.1495501242291 0.0639
-7.14941646074229 0.064
-7.14928987967394 0.0641
-7.14916388140405 0.0642
-7.14904805234549 0.0643
-7.1489362774258 0.0644
-7.14883815386402 0.0645
-7.14875518071323 0.0646
-7.14868165575712 0.0647
-7.14862802638909 0.0648
-7.14859471764415 0.0649
-7.1485881679033 0.065
-7.14859535216417 0.0651
-7.14860224714253 0.0652
-7.14860074356427 0.0653
-7.14859570829399 0.0654
-7.14857256330307 0.0655
-7.14854233298806 0.0656
-7.14849068464722 0.0657
-7.14842007238129 0.0658
-7.14834291035854 0.0659
-7.14825440714009 0.066
-7.14817390177395 0.0661
-7.14810513568332 0.0662
-7.1480396863763 0.0663
-7.14797556253728 0.0664
-7.14791461057416 0.0665
-7.14787144457198 0.0666
-7.14784796936586 0.0667
-7.1478383298273 0.0668
-7.14782618573576 0.0669
-7.14782593984654 0.067
-7.14783825443284 0.0671
-7.14784101469559 0.0672
-7.14784868649821 0.0673
-7.14785813929247 0.0674
-7.14786904255381 0.0675
-7.14787106039359 0.0676
-7.14787828631568 0.0677
-7.14789876718811 0.0678
-7.14792643306171 0.0679
-7.14795149207337 0.068
-7.14797514753239 0.0681
-7.14802008835115 0.0682
-7.14807628085494 0.0683
-7.1481239618503 0.0684
-7.14817055364962 0.0685
-7.14820793123889 0.0686
-7.14824329951441 0.0687
-7.1482921610446 0.0688
-7.14835005330027 0.0689
-7.14841015300302 0.069
-7.14847155580287 0.0691
-7.14852650939199 0.0692
-7.14858499228083 0.0693
-7.14863953673208 0.0694
-7.14870069208627 0.0695
-7.14874342329992 0.0696
-7.14879236337752 0.0697
-7.14884769325822 0.0698
-7.14889168832595 0.0699
-7.14894250317901 0.07
-7.1489872706083 0.0701
-7.14901231153349 0.0702
-7.14902845284117 0.0703
-7.14903803022158 0.0704
-7.14904124711972 0.0705
-7.14904293553126 0.0706
-7.14903710348488 0.0707
-7.1490286257811 0.0708
-7.1490353434932 0.0709
-7.14905136854899 0.071
-7.14906819668864 0.0711
-7.14909294984862 0.0712
-7.14910424789394 0.0713
-7.14912205987398 0.0714
-7.14915054866884 0.0715
-7.14919002126584 0.0716
-7.14923908296591 0.0717
-7.14926042112838 0.0718
-7.14927219883053 0.0719
-7.1492899264566 0.072
-7.14929768449531 0.0721
-7.1493126975966 0.0722
-7.14933549280864 0.0723
-7.1493604820423 0.0724
-7.1493901211445 0.0725
-7.1494110158921 0.0726
-7.14943666672511 0.0727
-7.14945432398495 0.0728
-7.14947694912435 0.0729
-7.14949547683834 0.073
-7.14951000466068 0.0731
-7.14951857606685 0.0732
-7.14951834638669 0.0733
-7.14952249930106 0.0734
-7.14951434370437 0.0735
-7.14951293105543 0.0736
-7.14951691479587 0.0737
-7.14950463829723 0.0738
-7.14949137342226 0.0739
-7.14946557847185 0.074
-7.14942963257554 0.0741
-7.14938320470188 0.0742
-7.14934579549878 0.0743
-7.14933403523982 0.0744
-7.14930574997891 0.0745
-7.14927781746113 0.0746
-7.14924114188327 0.0747
-7.14921026004799 0.0748
-7.1491785023787 0.0749
-7.14915040254822 0.075
-7.14910976410158 0.0751
-7.14907035040084 0.0752
-7.14902137739599 0.0753
-7.1489727280197 0.0754
-7.14890502673711 0.0755
-7.14882989045342 0.0756
-7.14873819378521 0.0757
-7.1486669100654 0.0758
-7.14860984054914 0.0759
-7.14856199744718 0.076
-7.14852749356002 0.0761
-7.14852508549419 0.0762
-7.14854926825166 0.0763
-7.14858763010245 0.0764
-7.14863582936176 0.0765
-7.14870624125107 0.0766
-7.14879050959356 0.0767
-7.14886715026292 0.0768
-7.14895495745894 0.0769
-7.14905411392994 0.077
-7.14915525087543 0.0771
-7.14926178169295 0.0772
-7.14938007282354 0.0773
-7.14949357263637 0.0774
-7.14961964543462 0.0775
-7.14972395523324 0.0776
-7.14983165627812 0.0777
-7.14994472794912 0.0778
-7.15003301277674 0.0779
-7.15010570301747 0.078
-7.15015460450392 0.0781
-7.15018718536517 0.0782
-7.15021356658433 0.0783
-7.15024046166379 0.0784
-7.15026400650914 0.0785
-7.15028087029257 0.0786
-7.15029039880619 0.0787
-7.15030334154033 0.0788
-7.15031500346746 0.0789
-7.15032439196603 0.079
-7.15033330128282 0.0791
-7.15034323996223 0.0792
-7.15034032221705 0.0793
-7.15034891603653 0.0794
-7.15035464329127 0.0795
-7.15034493335407 0.0796
-7.15031929181078 0.0797
-7.15029290726082 0.0798
-7.15025955802737 0.0799
-7.15021273582999 0.08
-7.15015652008334 0.0801
-7.15010745492714 0.0802
-7.1500492884409 0.0803
-7.15000738316395 0.0804
-7.14999283287707 0.0805
-7.14998647992949 0.0806
-7.14997754625472 0.0807
-7.14995014863405 0.0808
-7.14989151096275 0.0809
-7.1498251499548 0.081
-7.1497514698607 0.0811
-7.149643613545 0.0812
-7.14954171531891 0.0813
-7.14943592891024 0.0814
-7.14930633704918 0.0815
-7.14917199717491 0.0816
-7.14902966145282 0.0817
-7.14888211123751 0.0818
-7.14873684305683 0.0819
-7.14856710804321 0.082
-7.14838741895802 0.0821
-7.14818082818874 0.0822
-7.14799112176765 0.0823
-7.14780904100998 0.0824
-7.14761390393867 0.0825
-7.14743520992312 0.0826
-7.14728570195057 0.0827
-7.14715810214675 0.0828
-7.14704102831128 0.0829
-7.14696792810263 0.083
-7.14691694278051 0.0831
-7.1468751967727 0.0832
-7.14684747426676 0.0833
-7.14681569121119 0.0834
-7.14679859949114 0.0835
-7.1467925014123 0.0836
-7.14680504901594 0.0837
-7.14681811162284 0.0838
-7.14682246514035 0.0839
-7.14683806275113 0.084
-7.14684806115014 0.0841
-7.14686048263148 0.0842
-7.14685852932567 0.0843
-7.14683458534308 0.0844
-7.14680785092561 0.0845
-7.14675484383119 0.0846
-7.14669457153631 0.0847
-7.14662297989125 0.0848
-7.14655552781996 0.0849
-7.14648954803112 0.085
-7.14643619000615 0.0851
-7.14639342534032 0.0852
-7.14635823845099 0.0853
-7.14635205377407 0.0854
-7.14635565645706 0.0855
-7.14639099033537 0.0856
-7.14643081032352 0.0857
-7.14647530856186 0.0858
-7.14654278097164 0.0859
-7.14662416816127 0.086
-7.14670127304015 0.0861
-7.14678588462184 0.0862
-7.14688433802762 0.0863
-7.14697972952953 0.0864
-7.1470581320546 0.0865
-7.14712642736883 0.0866
-7.14717884813601 0.0867
-7.14720358668897 0.0868
-7.1472101851565 0.0869
-7.14721282161933 0.087
-7.14720781561825 0.0871
-7.14717756704838 0.0872
-7.14713284592689 0.0873
-7.14706428313413 0.0874
-7.14696840046748 0.0875
-7.14686293852286 0.0876
-7.14675516495246 0.0877
-7.14664752050759 0.0878
-7.1465456229764 0.0879
-7.14644226663852 0.088
-7.14635515677302 0.0881
-7.14629242097312 0.0882
-7.14625743174899 0.0883
-7.14623480353448 0.0884
-7.1462407918489 0.0885
-7.14624624067362 0.0886
-7.14624854195501 0.0887
-7.14625751897057 0.0888
-7.14626960606658 0.0889
-7.14626689515714 0.089
-7.14624581019832 0.0891
-7.14623101648754 0.0892
-7.14621583752939 0.0893
-7.1461977565112 0.0894
-7.14616955455158 0.0895
-7.14614339349573 0.0896
-7.1461225286629 0.0897
-7.14610007559731 0.0898
-7.14607644130408 0.0899
-7.14605480532207 0.09
-7.14603496860189 0.0901
-7.14598801148913 0.0902
-7.145931867182 0.0903
-7.14589545419393 0.0904
-7.14586431418599 0.0905
-7.14582956101015 0.0906
-7.14578512743833 0.0907
-7.14572929442966 0.0908
-7.1456623258126 0.0909
-7.14559633206641 0.091
-7.14551011729792 0.0911
-7.14545204379593 0.0912
-7.1454067944803 0.0913
-7.14535529878903 0.0914
-7.14531791574853 0.0915
-7.14528314176703 0.0916
-7.14527001376176 0.0917
-7.14527018150807 0.0918
-7.14529248413573 0.0919
-7.14532161370839 0.092
-7.14535708629906 0.0921
-7.14540881756254 0.0922
-7.14547396430087 0.0923
-7.14553903372863 0.0924
-7.14560972685667 0.0925
-7.14568504424039 0.0926
-7.1457612486056 0.0927
-7.14582980572504 0.0928
-7.14590403092391 0.0929
-7.14596172457805 0.093
-7.14601613115847 0.0931
-7.14606511722102 0.0932
-7.14611080708747 0.0933
-7.14615829658075 0.0934
-7.1461913885207 0.0935
-7.14622056788878 0.0936
-7.1462451062117 0.0937
-7.14628390064854 0.0938
-7.14631628307482 0.0939
-7.14634117021781 0.094
-7.14636633080467 0.0941
-7.14638826031104 0.0942
-7.14640890545084 0.0943
-7.1464441239219 0.0944
-7.14648541575356 0.0945
-7.14651892535788 0.0946
-7.14654291138798 0.0947
-7.14656266230384 0.0948
-7.14657917098518 0.0949
-7.14658722413806 0.095
-7.14658520299511 0.0951
-7.14657829426589 0.0952
-7.14653777567712 0.0953
-7.14648728704831 0.0954
-7.14641279822137 0.0955
-7.1463392394823 0.0956
-7.14625920533062 0.0957
-7.14618157493463 0.0958
-7.1461028890182 0.0959
-7.14602185819473 0.096
-7.14593846788972 0.0961
-7.14585583657359 0.0962
-7.14578668082148 0.0963
-7.14571270598274 0.0964
-7.14564322728762 0.0965
-7.14557672238372 0.0966
-7.14554938942936 0.0967
-7.14554080744087 0.0968
-7.14555179494548 0.0969
-7.14558079057316 0.097
-7.14560438976245 0.0971
-7.14560719504236 0.0972
-7.14562141838041 0.0973
-7.14563682101349 0.0974
-7.14564263933932 0.0975
-7.14561945488462 0.0976
-7.14558085000342 0.0977
-7.14553185247246 0.0978
-7.14546132057999 0.0979
-7.14536034019366 0.098
-7.14523621879785 0.0981
-7.14508664894168 0.0982
-7.14491826048045 0.0983
-7.14474390807365 0.0984
-7.14457636228402 0.0985
-7.14442062138181 0.0986
-7.1442671883282 0.0987
-7.14412038790353 0.0988
-7.14398682402258 0.0989
-7.14387266039721 0.099
-7.14377782336536 0.0991
-7.14369844339293 0.0992
-7.14364257109373 0.0993
-7.14362015064518 0.0994
-7.14361199897339 0.0995
-7.14362522126276 0.0996
-7.14367827757299 0.0997
-7.14372003607375 0.0998
-7.14375749818911 0.0999
-7.14379832561801 0.1
-7.14383704498639 0.1001
-7.14387843682625 0.1002
-7.14393996018186 0.1003
-7.14401624294812 0.1004
-7.14408884679183 0.1005
-7.14416689457347 0.1006
-7.14424758574616 0.1007
-7.14433426522996 0.1008
-7.14442881360755 0.1009
-7.14449335371644 0.101
-7.14456769813217 0.1011
-7.14462644967446 0.1012
-7.14468151053131 0.1013
-7.14473613768 0.1014
-7.1447858136738 0.1015
-7.14482064477942 0.1016
-7.144874449504 0.1017
-7.14493116452851 0.1018
-7.14498209231112 0.1019
-7.14503196833491 0.102
-7.14508766376876 0.1021
-7.14514841625964 0.1022
-7.14517571321646 0.1023
-7.14518851992388 0.1024
-7.14519404484921 0.1025
-7.14519271613155 0.1026
-7.14518944909856 0.1027
-7.14518402531364 0.1028
-7.14518321850117 0.1029
-7.14517676133168 0.103
-7.14517612834961 0.1031
-7.14517437357893 0.1032
-7.14518871154015 0.1033
-7.14520409683697 0.1034
-7.14523678317392 0.1035
-7.14527205889159 0.1036
-7.14529289171417 0.1037
-7.1453227969983 0.1038
-7.14534627418186 0.1039
-7.14535594597702 0.104
-7.14537347641693 0.1041
-7.14539988979394 0.1042
-7.14542538145495 0.1043
-7.14544645408233 0.1044
-7.14545319611308 0.1045
-7.14545018038412 0.1046
-7.14543955271172 0.1047
-7.1454114327044 0.1048
-7.14538349848136 0.1049
-7.14533217944293 0.105
-7.14527857954755 0.1051
-7.14520525671309 0.1052
-7.14513705814261 0.1053
-7.14505068686819 0.1054
-7.14496374932246 0.1055
-7.14485613465985 0.1056
-7.14474505541645 0.1057
-7.14463430329948 0.1058
-7.14451643388817 0.1059
-7.14440948184843 0.106
-7.1442860847074 0.1061
-7.14415063582243 0.1062
-7.14399551215919 0.1063
-7.14382655515628 0.1064
-7.14367158028093 0.1065
-7.14352418884324 0.1066
-7.14338024510163 0.1067
-7.14321879345117 0.1068
-7.14306458286753 0.1069
-7.14289299816568 0.107
-7.14272246107852 0.1071
-7.14253153428719 0.1072
-7.14234289459651 0.1073
-7.14217350942976 0.1074
-7.14201704909596 0.1075
-7.14187105627773 0.1076
-7.14173460074082 0.1077
-7.14159683080341 0.1078
-7.14147317320335 0.1079
-7.1413699382726 0.108
-7.14127297483274 0.1081
-7.14118593364764 0.1082
-7.14114102084816 0.1083
-7.1411242164159 0.1084
-7.14112687583067 0.1085
-7.14115069311708 0.1086
-7.14119307615279 0.1087
-7.14124026600834 0.1088
-7.14128588043511 0.1089
-7.14134500882115 0.109
-7.14139767243419 0.1091
-7.14145843275428 0.1092
-7.14152708814911 0.1093
-7.14160721122542 0.1094
-7.14167617992679 0.1095
-7.14175524097045 0.1096
-7.14182847884588 0.1097
-7.14188430704549 0.1098
-7.14192932055882 0.1099
-7.14197583888384 0.11
-7.1420348456982 0.1101
-7.14210107686593 0.1102
-7.14217683168933 0.1103
-7.1422596805805 0.1104
-7.1423501822586 0.1105
-7.14244347792308 0.1106
-7.14254380061455 0.1107
-7.14264281612235 0.1108
-7.14275362177585 0.1109
-7.14285522478232 0.111
-7.14295843765265 0.1111
-7.14305807247144 0.1112
-7.14315263132636 0.1113
-7.14322999674158 0.1114
-7.14330410286407 0.1115
-7.14335531198405 0.1116
-7.14339422143583 0.1117
-7.1434303403182 0.1118
-7.14345010189056 0.1119
-7.14345756468721 0.112
-7.14344829757603 0.1121
-7.14343043124288 0.1122
-7.14341055479112 0.1123
-7.1433920404372 0.1124
-7.1433800470287 0.1125
-7.14336136766364 0.1126
-7.14333291461924 0.1127
-7.14328850059913 0.1128
-7.14323516579046 0.1129
-7.14318788522812 0.113
-7.14312467328263 0.1131
-7.14306848058181 0.1132
-7.14301841337852 0.1133
-7.1429976389664 0.1134
-7.1429717351051 0.1135
-7.14296492919455 0.1136
-7.14297496939064 0.1137
-7.14299507285419 0.1138
-7.14300845331055 0.1139
-7.14300953716402 0.114
-7.14301066637921 0.1141
-7.14301173637352 0.1142
-7.14300860904885 0.1143
-7.1430134000346 0.1144
-7.14303088935396 0.1145
-7.14306651512755 0.1146
-7.14312821465351 0.1147
-7.14320086053041 0.1148
-7.14328237899359 0.1149
-7.1433542689874 0.115
-7.14340718191843 0.1151
-7.14345559425577 0.1152
-7.14350694638011 0.1153
-7.14356759556351 0.1154
-7.14361481124499 0.1155
-7.14367473852574 0.1156
-7.14373594742042 0.1157
-7.14380946090979 0.1158
-7.14388196110677 0.1159
-7.14394395516441 0.116
-7.1439964958085 0.1161
-7.14405616772379 0.1162
-7.1441152638067 0.1163
-7.14414414610584 0.1164
-7.1441662785931 0.1165
-7.14417571507356 0.1166
-7.14418279690913 0.1167
-7.14416441045329 0.1168
-7.14413806585467 0.1169
-7.1441140035146 0.117
-7.1440867739081 0.1171
-7.14404724538382 0.1172
-7.14402130193519 0.1173
-7.14398425140779 0.1174
-7.14394032218912 0.1175
-7.14388060306073 0.1176
-7.14381686618362 0.1177
-7.14375823481154 0.1178
-7.14372313670955 0.1179
-7.14370280255816 0.118
-7.14367984441966 0.1181
-7.14366196345533 0.1182
-7.1436609350252 0.1183
-7.14366927217234 0.1184
-7.14367308926907 0.1185
-7.14368150440938 0.1186
-7.14368885159751 0.1187
-7.14369650231266 0.1188
-7.14371174757785 0.1189
-7.14372364793757 0.119
-7.14373928453507 0.1191
-7.14375557525821 0.1192
-7.14378384467987 0.1193
-7.14381545832089 0.1194
-7.14383600268234 0.1195
-7.14384057793691 0.1196
-7.14385117105144 0.1197
-7.14385489806873 0.1198
-7.14385295118025 0.1199
-7.14385271012675 0.12
-7.14384693747412 0.1201
-7.1438290424877 0.1202
-7.14381265770035 0.1203
-7.1437925760155 0.1204
-7.14374913722134 0.1205
-7.1436943430557 0.1206
-7.14361994828769 0.1207
-7.14354504785176 0.1208
-7.14345536208123 0.1209
-7.14337565147723 0.121
-7.1433001898771 0.1211
-7.14323935299112 0.1212
-7.14316568015053 0.1213
-7.14307758973745 0.1214
-7.14299048881568 0.1215
-7.14290707069371 0.1216
-7.1428369992165 0.1217
-7.14276222012858 0.1218
-7.14268436528746 0.1219
-7.1426072004189 0.122
-7.14252215767279 0.1221
-7.14244240748913 0.1222
-7.1423733465001 0.1223
-7.14230773564708 0.1224
-7.14223261662433 0.1225
-7.14214497863044 0.1226
-7.14207344850764 0.1227
-7.14201021770581 0.1228
-7.1419678179969 0.1229
-7.14194113372066 0.123
-7.14190754630216 0.1231
-7.14187967004597 0.1232
-7.14186399247793 0.1233
-7.14183812136617 0.1234
-7.14181770843697 0.1235
-7.14180274964238 0.1236
-7.14179009741692 0.1237
-7.14177036401644 0.1238
-7.14176389214061 0.1239
-7.14176631492872 0.124
-7.14177804739933 0.1241
-7.14179764678669 0.1242
-7.14181384865647 0.1243
-7.1418408951966 0.1244
-7.14186337174655 0.1245
-7.14188370709853 0.1246
-7.14189547321154 0.1247
-7.14189652212186 0.1248
-7.14188983049102 0.1249
-7.14185726491369 0.125
-7.14182429143704 0.1251
-7.14178994162344 0.1252
-7.1417744776174 0.1253
-7.14175784496919 0.1254
-7.14173211614394 0.1255
-7.14169307351777 0.1256
-7.14168870061064 0.1257
-7.14169117503678 0.1258
-7.14170827752371 0.1259
-7.14171962369293 0.126
-7.14172730489513 0.1261
-7.14173349904278 0.1262
-7.141743178209 0.1263
-7.14175895663443 0.1264
-7.14177385147886 0.1265
-7.1417867200344 0.1266
-7.1418040553641 0.1267
-7.14182163916432 0.1268
-7.14181857307057 0.1269
-7.14184467188484 0.127
-7.14189068490781 0.1271
-7.1419280286462 0.1272
-7.14196863476734 0.1273
-7.14200073948429 0.1274
-7.14205626460496 0.1275
-7.14210731654709 0.1276
-7.14215438379142 0.1277
-7.14218720314601 0.1278
-7.14220462134346 0.1279
-7.14220731793741 0.128
-7.14220040720672 0.1281
-7.14217356909643 0.1282
-7.14213770166086 0.1283
-7.14208354286119 0.1284
-7.14204309193274 0.1285
-7.14199998537094 0.1286
-7.14195962667692 0.1287
-7.1419102809638 0.1288
-7.1418611536222 0.1289
-7.14178205803798 0.129
-7.14169836900938 0.1291
-7.1416077073846 0.1292
-7.14149864728751 0.1293
-7.14139798927665 0.1294
-7.14130391236505 0.1295
-7.14119875735017 0.1296
-7.14109144769221 0.1297
-7.14099766010875 0.1298
-7.14091362972833 0.1299
-7.14084641671467 0.13
-7.14078941475625 0.1301
-7.14072001572426 0.1302
-7.14066127318225 0.1303
-7.14062160016545 0.1304
-7.14058348180315 0.1305
-7.14053165733743 0.1306
-7.14047558805448 0.1307
-7.14043386348298 0.1308
-7.14038493016172 0.1309
-7.14033754126445 0.131
-7.14030330117705 0.1311
-7.14028617975456 0.1312
-7.14028952846409 0.1313
-7.14030542984362 0.1314
-7.14033340162076 0.1315
-7.14037745422404 0.1316
-7.14044868250779 0.1317
-7.14052735281395 0.1318
-7.14062975678393 0.1319
-7.140730661738 0.132
-7.14081498031283 0.1321
-7.14088390382676 0.1322
-7.14095878260786 0.1323
-7.14103348563358 0.1324
-7.14110914469852 0.1325
-7.14115245313484 0.1326
-7.14119249373347 0.1327
-7.14122914079648 0.1328
-7.1412465812587 0.1329
-7.14125296530383 0.133
-7.1412612950312 0.1331
-7.14125757146419 0.1332
-7.14122931983246 0.1333
-7.14118604841571 0.1334
-7.14112079205626 0.1335
-7.14105120959699 0.1336
-7.14098806256618 0.1337
-7.14091388813556 0.1338
-7.1408413840487 0.1339
-7.14074689037229 0.134
-7.14065484257867 0.1341
-7.14058457643373 0.1342
-7.14051531983691 0.1343
-7.14045371872123 0.1344
-7.14040131090842 0.1345
-7.14035832404345 0.1346
-7.14033235042021 0.1347
-7.1403204158141 0.1348
-7.14032699218083 0.1349
-7.14034320178952 0.135
-7.14036662474907 0.1351
-7.14040578036 0.1352
-7.14045497621718 0.1353
-7.14053261544421 0.1354
-7.14064080762012 0.1355
-7.14074853543285 0.1356
-7.14087100167575 0.1357
-7.14098284135576 0.1358
-7.14108467191742 0.1359
-7.14117550682641 0.136
-7.14125380492769 0.1361
-7.14132040497976 0.1362
-7.14137653456322 0.1363
-7.14142839424887 0.1364
-7.14147388867895 0.1365
-7.14151672157757 0.1366
-7.14155199355242 0.1367
-7.14158579295604 0.1368
-7.141621106585 0.1369
-7.14166629954753 0.137
-7.14171297440201 0.1371
-7.14176292614905 0.1372
-7.14180446237535 0.1373
-7.14184419856773 0.1374
-7.1418754212377 0.1375
-7.14192168081792 0.1376
-7.1419419775132 0.1377
-7.14195983154414 0.1378
-7.14196445471846 0.1379
-7.1419733393673 0.138
-7.14197836033802 0.1381
-7.14198614590196 0.1382
-7.14202143819375 0.1383
-7.14205124791248 0.1384
-7.14206862146246 0.1385
-7.14206658607177 0.1386
-7.14204807550073 0.1387
-7.14201953984613 0.1388
-7.14195195898098 0.1389
-7.14184762818701 0.139
-7.14172841747326 0.1391
-7.14160453264538 0.1392
-7.14147338003554 0.1393
-7.14133479602799 0.1394
-7.14117753615669 0.1395
-7.14102628256309 0.1396
-7.1408939317515 0.1397
-7.14078482205702 0.1398
-7.14068958017371 0.1399
-7.14059869443502 0.14
-7.14050945259993 0.1401
-7.14041515999519 0.1402
-7.14034888957545 0.1403
-7.14030416295913 0.1404
-7.14027354667714 0.1405
-7.14026232285531 0.1406
-7.14027766361493 0.1407
-7.14028620727225 0.1408
-7.14029581536446 0.1409
-7.14030019583631 0.141
-7.14030941054077 0.1411
-7.14032599475511 0.1412
-7.14035952885527 0.1413
-7.14039536213333 0.1414
-7.14043509457509 0.1415
-7.1404623608641 0.1416
-7.14045773344901 0.1417
-7.14044125996816 0.1418
-7.14040784378255 0.1419
-7.14036997916932 0.142
-7.14031014772884 0.1421
-7.14023793758847 0.1422
-7.14015927974624 0.1423
-7.14008893844663 0.1424
-7.13999301608178 0.1425
-7.1398889942731 0.1426
-7.13979498177644 0.1427
-7.13969882565522 0.1428
-7.13959859678295 0.1429
-7.13950669869401 0.143
-7.13943321771162 0.1431
-7.13938530075836 0.1432
-7.13935572552413 0.1433
-7.13934071919308 0.1434
-7.13933211927315 0.1435
-7.13935318395807 0.1436
-7.13939918476781 0.1437
-7.139464550978 0.1438
-7.13955095358409 0.1439
-7.13965673293664 0.144
-7.13975565882614 0.1441
-7.13985958385523 0.1442
-7.13996808460115 0.1443
-7.14009526298926 0.1444
-7.14022598520878 0.1445
-7.14036799024387 0.1446
-7.14048843101769 0.1447
-7.14060542604548 0.1448
-7.14070121977222 0.1449
-7.1408030025934 0.145
-7.14087954440008 0.1451
-7.14094968240983 0.1452
-7.14101436784982 0.1453
-7.14104781742579 0.1454
-7.14106215630656 0.1455
-7.14106690727407 0.1456
-7.14106521271483 0.1457
-7.14105170871362 0.1458
-7.1410397109148 0.1459
-7.14102734132465 0.146
-7.14101951673953 0.1461
-7.1410166507142 0.1462
-7.14100986088652 0.1463
-7.14098426031684 0.1464
-7.14094135394911 0.1465
-7.14089326894646 0.1466
-7.14086576599267 0.1467
-7.14084071018327 0.1468
-7.14081597670294 0.1469
-7.14081957029427 0.147
-7.14084009078199 0.1471
-7.14087572486094 0.1472
-7.14092900094336 0.1473
-7.14099438632778 0.1474
-7.14107575749169 0.1475
-7.14115934208228 0.1476
-7.14123851958443 0.1477
-7.14132112816912 0.1478
-7.14140713342348 0.1479
-7.14150019162911 0.148
-7.1415879067896 0.1481
-7.14166999876973 0.1482
-7.14174331102846 0.1483
-7.14179665442733 0.1484
-7.1418395826211 0.1485
-7.14186491064553 0.1486
-7.1418777116421 0.1487
-7.14187889632214 0.1488
-7.14187834478083 0.1489
-7.14184439622103 0.149
-7.14180769409341 0.1491
-7.14174617081237 0.1492
-7.14168522147383 0.1493
-7.14161888471344 0.1494
-7.14154642803152 0.1495
-7.14148103151985 0.1496
-7.14141361395737 0.1497
-7.14134295484982 0.1498
-7.14128410128949 0.1499
-7.14124208403797 0.15
-7.14121125086747 0.1501
-7.14118542476402 0.1502
-7.14116392468946 0.1503
-7.14115788614835 0.1504
-7.14116520926417 0.1505
-7.14119777110003 0.1506
-7.14121035434569 0.1507
-7.1412337455664 0.1508
-7.14125997955164 0.1509
-7.14129571737876 0.151
-7.14132611820514 0.1511
-7.14135957866198 0.1512
-7.14138018156467 0.1513
-7.14139169574386 0.1514
-7.14140878741904 0.1515
-7.1414375626849 0.1516
-7.14149139584809 0.1517
-7.14151804873972 0.1518
-7.14154473421232 0.1519
-7.14155776908485 0.152
-7.14155313040187 0.1521
-7.14154454504448 0.1522
-7.14150852418157 0.1523
-7.14145902383993 0.1524
-7.14139014473335 0.1525
-7.14131912141782 0.1526
-7.14124101385861 0.1527
-7.14117571813555 0.1528
-7.14110687832548 0.1529
-7.1410413397347 0.153
-7.14097448635949 0.1531
-7.14090383081411 0.1532
-7.14084268164202 0.1533
-7.14078420953052 0.1534
-7.14074177572772 0.1535
-7.14070682768318 0.1536
-7.14067322149548 0.1537
-7.14060991396544 0.1538
-7.14056917131624 0.1539
-7.14053525525642 0.154
-7.14050632366737 0.1541
-7.14046202078572 0.1542
-7.14041914719183 0.1543
-7.14038781270829 0.1544
-7.14036697478443 0.1545
-7.1403569932764 0.1546
-7.1403603370408 0.1547
-7.14037506248768 0.1548
-7.1403916497636 0.1549
-7.14041572694497 0.155
-7.1404398538793 0.1551
-7.14045110141833 0.1552
-7.14046318158092 0.1553
-7.14047026012863 0.1554
-7.14046276712405 0.1555
-7.14045371182203 0.1556
-7.14044131325852 0.1557
-7.14041518750088 0.1558
-7.14038451377954 0.1559
-7.14035169009681 0.156
-7.14030672990389 0.1561
-7.14026128669032 0.1562
-7.14019956765732 0.1563
-7.14012776299846 0.1564
-7.14006862143315 0.1565
-7.13999916766466 0.1566
-7.13992729181067 0.1567
-7.13985129858031 0.1568
-7.13977136023804 0.1569
-7.13968484211263 0.157
-7.13960077516928 0.1571
-7.13953394048071 0.1572
-7.13945373612923 0.1573
-7.13939212193078 0.1574
-7.13933297175554 0.1575
-7.13927914216417 0.1576
-7.13924176284853 0.1577
-7.13920755264644 0.1578
-7.13917415818299 0.1579
-7.13914783677306 0.158
-7.13912919010747 0.1581
-7.1391119045217 0.1582
-7.13910305759299 0.1583
-7.13908641412057 0.1584
-7.13906945667132 0.1585
-7.13905374487597 0.1586
-7.13904779132895 0.1587
-7.13904429409114 0.1588
-7.13902888561194 0.1589
-7.13902865275764 0.159
-7.13905235645082 0.1591
-7.13908429613316 0.1592
-7.13912544715709 0.1593
-7.13918363618381 0.1594
-7.13925927485344 0.1595
-7.139332211913 0.1596
-7.13940503617105 0.1597
-7.13950086432422 0.1598
-7.13960074376383 0.1599
-7.13970349458578 0.16
-7.13979268301042 0.1601
-7.13988417299235 0.1602
-7.13997006113885 0.1603
-7.14004409712103 0.1604
-7.14011052809414 0.1605
-7.1401600339645 0.1606
-7.14018226951821 0.1607
-7.14016974890105 0.1608
-7.14013346067529 0.1609
-7.14009680871393 0.161
-7.14005039474046 0.1611
-7.13996602753344 0.1612
-7.13987875786225 0.1613
-7.13977619208386 0.1614
-7.13966200785492 0.1615
-7.13953315988907 0.1616
-7.13940411297755 0.1617
-7.13926028347061 0.1618
-7.13912295507813 0.1619
-7.13899272177906 0.162
-7.13885697115625 0.1621
-7.13873694031745 0.1622
-7.13862697718464 0.1623
-7.13850677619264 0.1624
-7.13838505459081 0.1625
-7.13826678842164 0.1626
-7.13817678338928 0.1627
-7.13810152283148 0.1628
-7.13804267916016 0.1629
-7.13798740707983 0.163
-7.13793772971013 0.1631
-7.13789028963893 0.1632
-7.13783352807445 0.1633
-7.13780471883695 0.1634
-7.13780587752375 0.1635
-7.13781383670972 0.1636
-7.13783045385714 0.1637
-7.13786000295038 0.1638
-7.13786916266647 0.1639
-7.13788011494869 0.164
-7.13788291626407 0.1641
-7.137890817713 0.1642
-7.13790047758128 0.1643
-7.13790752902513 0.1644
-7.13789524464528 0.1645
-7.13786483610375 0.1646
-7.13782737293033 0.1647
-7.1377916277809 0.1648
-7.13773026525396 0.1649
-7.13766000651973 0.165
-7.13758591019631 0.1651
-7.13749651210446 0.1652
-7.13742677908825 0.1653
-7.13736439362998 0.1654
-7.13730585047789 0.1655
-7.13727156970983 0.1656
-7.13723081902653 0.1657
-7.13718038514606 0.1658
-7.13714295722767 0.1659
-7.13710037273568 0.166
-7.13706668792588 0.1661
-7.13704004155181 0.1662
-7.13701399036006 0.1663
-7.13700313228112 0.1664
-7.13697618390477 0.1665
-7.13694056574231 0.1666
-7.1369006678203 0.1667
-7.13687277203794 0.1668
-7.13686520407202 0.1669
-7.13685790990647 0.167
-7.1368472319572 0.1671
-7.13684308650547 0.1672
-7.13683376648797 0.1673
-7.1368322309381 0.1674
-7.13681081873163 0.1675
-7.13678306695496 0.1676
-7.13674384173689 0.1677
-7.13671488633009 0.1678
-7.13668815467192 0.1679
-7.13665616205449 0.168
-7.1366288478565 0.1681
-7.13657692098013 0.1682
-7.13654151306355 0.1683
-7.13651096627735 0.1684
-7.1364827805784 0.1685
-7.13645531546713 0.1686
-7.13643877698367 0.1687
-7.13643328603367 0.1688
-7.13643326548463 0.1689
-7.13643815978067 0.169
-7.1364463324865 0.1691
-7.13646238003968 0.1692
-7.13649261571794 0.1693
-7.13651397054869 0.1694
-7.13653799499406 0.1695
-7.13653956060173 0.1696
-7.13654627595392 0.1697
-7.13655931428823 0.1698
-7.13655382380056 0.1699
-7.13654452321131 0.17
-7.13655401785963 0.1701
-7.13655140079991 0.1702
-7.13654835939058 0.1703
-7.13653119170289 0.1704
-7.13651393979768 0.1705
-7.13650279625266 0.1706
-7.13650235303898 0.1707
-7.136520743243 0.1708
-7.13654859507527 0.1709
-7.13658358553086 0.171
-7.13664931496541 0.1711
-7.1367157392322 0.1712
-7.13678652326624 0.1713
-7.13685368553053 0.1714
-7.13693116672048 0.1715
-7.13701475498203 0.1716
-7.13710302355766 0.1717
-7.13718041031277 0.1718
-7.13725388129625 0.1719
-7.13732687481598 0.172
-7.13739849517942 0.1721
-7.13748072684022 0.1722
-7.13754907779015 0.1723
-7.13762295725976 0.1724
-7.13768923667798 0.1725
-7.1377654631504 0.1726
-7.1378237391591 0.1727
-7.13787658411067 0.1728
-7.13792155983072 0.1729
-7.13796080500643 0.173
-7.13799294439851 0.1731
-7.13802451547254 0.1732
-7.13806210238077 0.1733
-7.13809031353246 0.1734
-7.13811193109453 0.1735
-7.1381034212513 0.1736
-7.13808387164728 0.1737
-7.13805981674386 0.1738
-7.13803363813608 0.1739
-7.13800296801962 0.174
-7.13796727760132 0.1741
-7.13792080890241 0.1742
-7.13787001018389 0.1743
-7.13782909497144 0.1744
-7.13779671131451 0.1745
-7.13775846328694 0.1746
-7.1377259260339 0.1747
-7.13770701347005 0.1748
-7.13769591639002 0.1749
-7.13771760304603 0.175
-7.13776235333212 0.1751
-7.13782807403725 0.1752
-7.13790666618897 0.1753
-7.13802172906905 0.1754
-7.13814759656994 0.1755
-7.13828145323825 0.1756
-7.13844555395222 0.1757
-7.13859916419834 0.1758
-7.13874482002289 0.1759
-7.13890752485649 0.176
-7.13906113374497 0.1761
-7.13917977818201 0.1762
-7.13927592535874 0.1763
-7.13933854997786 0.1764
-7.13936803689693 0.1765
-7.13938467873143 0.1766
-7.13937061681969 0.1767
-7.13933051749723 0.1768
-7.13925971239536 0.1769
-7.13916320248516 0.177
-7.13904303343234 0.1771
-7.13889790254873 0.1772
-7.13874214023399 0.1773
-7.1385771481444 0.1774
-7.13842494443878 0.1775
-7.1382892896905 0.1776
-7.13816968516631 0.1777
-7.13806543625112 0.1778
-7.13797215417842 0.1779
-7.13788531648987 0.178
-7.13780853942586 0.1781
-7.13774902223015 0.1782
-7.13769665748015 0.1783
-7.1376554444903 0.1784
-7.13764105160973 0.1785
-7.13765185355287 0.1786
-7.13768600567029 0.1787
-7.1377497033047 0.1788
-7.13782816173837 0.1789
-7.13792859362962 0.179
-7.13804676670051 0.1791
-7.13817119271924 0.1792
-7.13827277367445 0.1793
-7.13839195757464 0.1794
-7.13851934907113 0.1795
-7.13864660061356 0.1796
-7.1387867100577 0.1797
-7.13892307590811 0.1798
-7.1390612476857 0.1799
-7.13921109382662 0.18
-7.1393486690136 0.1801
-7.13947191614103 0.1802
-7.1395885925407 0.1803
-7.13970216997884 0.1804
-7.13980119826862 0.1805
-7.13988304882172 0.1806
-7.13995312382697 0.1807
-7.14000869949363 0.1808
-7.14004623252592 0.1809
-7.14006418907857 0.181
-7.14009176405226 0.1811
-7.14010026606641 0.1812
-7.14009008080774 0.1813
-7.1400557554036 0.1814
-7.1400234431138 0.1815
-7.13997585808399 0.1816
-7.13991910866056 0.1817
-7.13984522661434 0.1818
-7.13975219580705 0.1819
-7.13964163870696 0.182
-7.13948651139043 0.1821
-7.13933136174377 0.1822
-7.13915087405983 0.1823
-7.13897663374293 0.1824
-7.13879960021124 0.1825
-7.13861907595679 0.1826
-7.13842096699465 0.1827
-7.13823282638264 0.1828
-7.13804526095026 0.1829
-7.13785373100042 0.183
-7.13766415700704 0.1831
-7.13748614891643 0.1832
-7.13731220828933 0.1833
-7.13713494455996 0.1834
-7.13697726268337 0.1835
-7.13682939599913 0.1836
-7.13669111424518 0.1837
-7.13657911744701 0.1838
-7.13649205995825 0.1839
-7.13641894466513 0.184
-7.13636051690868 0.1841
-7.13630704139493 0.1842
-7.13626401722036 0.1843
-7.13621679542976 0.1844
-7.1361774816431 0.1845
-7.13614101154676 0.1846
-7.13611337143369 0.1847
-7.13609036381432 0.1848
-7.13606366256572 0.1849
-7.13601801168847 0.185
-7.13597460526517 0.1851
-7.13594318705504 0.1852
-7.13590895163414 0.1853
-7.13587662713557 0.1854
-7.13587607598437 0.1855
-7.13588077158354 0.1856
-7.13589661975155 0.1857
-7.13591959385046 0.1858
-7.1359656075043 0.1859
-7.13603642184533 0.186
-7.13612401390411 0.1861
-7.13621493333851 0.1862
-7.13631422130744 0.1863
-7.13640169139075 0.1864
-7.13649219935296 0.1865
-7.13659199322574 0.1866
-7.13668142865415 0.1867
-7.13677935325764 0.1868
-7.13688069965286 0.1869
-7.13696714361201 0.187
-7.13703463901555 0.1871
-7.13709634793316 0.1872
-7.13715966237471 0.1873
-7.13722668820558 0.1874
-7.13724840816329 0.1875
-7.13725601400254 0.1876
-7.13727204368252 0.1877
-7.13726591551903 0.1878
-7.13724677971719 0.1879
-7.13721827520409 0.188
-7.13716149175927 0.1881
-7.13710327285287 0.1882
-7.13704114854924 0.1883
-7.13698032313468 0.1884
-7.13692106550461 0.1885
-7.13687094724973 0.1886
-7.13683980161131 0.1887
-7.13682007649999 0.1888
-7.13681461299759 0.1889
-7.13684907414493 0.189
-7.136892527369 0.1891
-7.13694038574237 0.1892
-7.13700328216307 0.1893
-7.13707975254056 0.1894
-7.13717303943474 0.1895
-7.13726291154524 0.1896
-7.13736055316074 0.1897
-7.13745572035904 0.1898
-7.13755523326091 0.1899
-7.13763474240124 0.19
-7.13771076591907 0.1901
-7.13775865519922 0.1902
-7.13778990063222 0.1903
-7.13780247360232 0.1904
-7.13778734077245 0.1905
-7.13777260983313 0.1906
-7.13776131077005 0.1907
-7.13774387401478 0.1908
-7.13772317288757 0.1909
-7.13769723287438 0.191
-7.13766850025642 0.1911
-7.13763363101639 0.1912
-7.13759511876701 0.1913
-7.13754721073126 0.1914
-7.13749032436913 0.1915
-7.13744446612947 0.1916
-7.13738898272556 0.1917
-7.13734188017086 0.1918
-7.13730880343234 0.1919
-7.13728346928573 0.192
-7.13726547160516 0.1921
-7.13726710794111 0.1922
-7.13728613516965 0.1923
-7.13730988250458 0.1924
-7.13733024687702 0.1925
-7.13732427421163 0.1926
-7.13731078987006 0.1927
-7.13727196734646 0.1928
-7.13721161869208 0.1929
-7.13713719202794 0.193
-7.13703506700296 0.1931
-7.13690437319913 0.1932
-7.13675364286891 0.1933
-7.1366004167665 0.1934
-7.13642795150685 0.1935
-7.13622355610576 0.1936
-7.13600402130101 0.1937
-7.13576458928615 0.1938
-7.13554570270522 0.1939
-7.13533184432957 0.194
-7.13510334593965 0.1941
-7.13488265867457 0.1942
-7.13467462721324 0.1943
-7.1344542846879 0.1944
-7.13425090221104 0.1945
-7.13406833089001 0.1946
-7.13389816102062 0.1947
-7.13373503149516 0.1948
-7.13357916257275 0.1949
-7.13341887220267 0.195
-7.13326575674772 0.1951
-7.13312780386033 0.1952
-7.13302241337864 0.1953
-7.13292763904729 0.1954
-7.13285787617047 0.1955
-7.13279417168051 0.1956
-7.13274784210596 0.1957
-7.13270626390124 0.1958
-7.13266699461955 0.1959
-7.13263441183026 0.196
-7.13263959964446 0.1961
-7.13265981717746 0.1962
-7.13269592727557 0.1963
-7.13274055495534 0.1964
-7.13280267948052 0.1965
-7.13286657141953 0.1966
-7.13293395693427 0.1967
-7.13299064313457 0.1968
-7.13305591344422 0.1969
-7.13313070906403 0.197
-7.1332024472219 0.1971
-7.13325989389409 0.1972
-7.13332838198165 0.1973
-7.13338535898618 0.1974
-7.13342983748829 0.1975
-7.13346634062671 0.1976
-7.13347476187429 0.1977
-7.13349296745329 0.1978
-7.13350053406147 0.1979
-7.13350020717695 0.198
-7.1335066664476 0.1981
-7.13350033990477 0.1982
-7.13351560542758 0.1983
-7.13352116794778 0.1984
-7.13353208519741 0.1985
-7.13356467550771 0.1986
-7.13360651032732 0.1987
-7.1336527579123 0.1988
-7.13370290390465 0.1989
-7.13376609915116 0.199
-7.13383090682037 0.1991
-7.13389760313161 0.1992
-7.1339688069664 0.1993
-7.13402114644303 0.1994
-7.13408118826606 0.1995
-7.13416483323493 0.1996
-7.13424866087534 0.1997
-7.13434118713788 0.1998
-7.13442818988507 0.1999
-7.13452853467174 0.2
-7.13464847476037 0.2001
-7.13476655916242 0.2002
-7.13489364473644 0.2003
-7.13501296514032 0.2004
-7.13513573649657 0.2005
-7.13524879419758 0.2006
-7.1353505840232 0.2007
-7.13543994118891 0.2008
-7.13549684397471 0.2009
-7.13554293603837 0.201
-7.13556917719642 0.2011
-7.13557371241711 0.2012
-7.13555120501708 0.2013
-7.13551393242202 0.2014
-7.1354652497007 0.2015
-7.13541597976723 0.2016
-7.13534724749367 0.2017
-7.13527155208153 0.2018
-7.13520386714441 0.2019
-7.13515590350239 0.202
-7.13510674751938 0.2021
-7.13507251447027 0.2022
-7.13504836740837 0.2023
-7.13501152601781 0.2024
-7.13497763853936 0.2025
-7.13496245836308 0.2026
-7.13495801522089 0.2027
-7.13496274290385 0.2028
-7.13497355691654 0.2029
-7.13500222975659 0.203
-7.13502459987081 0.2031
-7.13506069318688 0.2032
-7.13510712855411 0.2033
-7.13515906659071 0.2034
-7.13520900000275 0.2035
-7.13527784338553 0.2036
-7.13535100557342 0.2037
-7.13542443852081 0.2038
-7.13551157087355 0.2039
-7.13559260702379 0.204
-7.13566501669752 0.2041
-7.13571067598051 0.2042
-7.13575534230947 0.2043
-7.13579132340208 0.2044
-7.13580248653128 0.2045
-7.13582486149043 0.2046
-7.13583410173427 0.2047
-7.13583198059112 0.2048
-7.13581753240844 0.2049
-7.1357913219699 0.205
-7.13575060187434 0.2051
-7.13569726788708 0.2052
-7.13565444422165 0.2053
-7.13558925644271 0.2054
-7.13550149239803 0.2055
-7.13540812417464 0.2056
-7.13531328372401 0.2057
-7.13520398566364 0.2058
-7.13508842455611 0.2059
-7.13497581253048 0.206
-7.134866054461 0.2061
-7.13475207734928 0.2062
-7.13462304874914 0.2063
-7.13450836744972 0.2064
-7.13438771957583 0.2065
-7.13426056516348 0.2066
-7.1341435817984 0.2067
-7.13404175816474 0.2068
-7.13393001511278 0.2069
-7.13380978801108 0.207
-7.13370688413284 0.2071
-7.13360957898405 0.2072
-7.13350618033189 0.2073
-7.13340188396207 0.2074
-7.13329104659293 0.2075
-7.13318401638082 0.2076
-7.13309344011851 0.2077
-7.13302002113494 0.2078
-7.13296394850515 0.2079
-7.13292851203633 0.208
-7.13290690262238 0.2081
-7.13290552034716 0.2082
-7.1329274959515 0.2083
-7.1329564310976 0.2084
-7.13299240416057 0.2085
-7.13301227970027 0.2086
-7.13304123425767 0.2087
-7.13307709673739 0.2088
-7.13312748229255 0.2089
-7.13318295196487 0.209
-7.13325801449929 0.2091
-7.133320028574 0.2092
-7.13339497516618 0.2093
-7.13348343848137 0.2094
-7.13359018129274 0.2095
-7.13371074948134 0.2096
-7.13381335206535 0.2097
-7.13390934059412 0.2098
-7.13399132404682 0.2099
-7.1340819429595 0.21
-7.1341758246457 0.2101
-7.13426435819369 0.2102
-7.13433699247895 0.2103
-7.13441114673995 0.2104
-7.13446996542053 0.2105
-7.13451104710173 0.2106
-7.13454295883123 0.2107
-7.13458136850839 0.2108
-7.134598847961 0.2109
-7.13460945733682 0.211
-7.13461888268221 0.2111
-7.13463143996261 0.2112
-7.13462954381846 0.2113
-7.13464468677495 0.2114
-7.13465763024188 0.2115
-7.13468300536658 0.2116
-7.13470916334199 0.2117
-7.13473278309925 0.2118
-7.13476794315832 0.2119
-7.13481582113974 0.212
-7.13485631807196 0.2121
-7.13491842428145 0.2122
-7.13496637470376 0.2123
-7.13498184761246 0.2124
-7.13498631816884 0.2125
-7.13498348571188 0.2126
-7.13493768693815 0.2127
-7.13486964974982 0.2128
-7.13479534975053 0.2129
-7.13472184891334 0.213
-7.13464356617713 0.2131
-7.13456198187362 0.2132
-7.134490202059 0.2133
-7.13442312072979 0.2134
-7.13435337675073 0.2135
-7.13429877275711 0.2136
-7.13424500077942 0.2137
-7.1342034052162 0.2138
-7.13419489509841 0.2139
-7.13420684748589 0.214
-7.13422677380605 0.2141
-7.1342704005736 0.2142
-7.13431011687788 0.2143
-7.13433902523197 0.2144
-7.1343593177805 0.2145
-7.13438111609739 0.2146
-7.13438988077342 0.2147
-7.13438287998801 0.2148
-7.13435209675111 0.2149
-7.13430277345149 0.215
-7.13421607699493 0.2151
-7.13412120434116 0.2152
-7.13401460041238 0.2153
-7.1338846323597 0.2154
-7.13375531030332 0.2155
-7.13361869025486 0.2156
-7.13349430403354 0.2157
-7.13336045322375 0.2158
-7.13322175746969 0.2159
-7.1330891984154 0.216
-7.13297847732898 0.2161
-7.13287974903218 0.2162
-7.13278762840777 0.2163
-7.13270654882028 0.2164
-7.13263245241583 0.2165
-7.13258538966309 0.2166
-7.13256782296472 0.2167
-7.13256801853517 0.2168
-7.13258182924252 0.2169
-7.13261588852455 0.217
-7.13266782484787 0.2171
-7.13271678744099 0.2172
-7.13276428388977 0.2173
-7.13281470016616 0.2174
-7.13289117800969 0.2175
-7.13297135940983 0.2176
-7.13302639654432 0.2177
-7.13308570722448 0.2178
-7.13313940524012 0.2179
-7.13317161153823 0.218
-7.13320518244377 0.2181
-7.133209656691 0.2182
-7.1332111838277 0.2183
-7.13320332417409 0.2184
-7.13319486608014 0.2185
-7.13319468753342 0.2186
-7.13318225275825 0.2187
-7.13316223043889 0.2188
-7.13313745176635 0.2189
-7.13308514223173 0.219
-7.13302483894275 0.2191
-7.13295421219661 0.2192
-7.13288702237526 0.2193
-7.13283090568866 0.2194
-7.13278163694203 0.2195
-7.13273581507811 0.2196
-7.13268356903358 0.2197
-7.13264703989808 0.2198
-7.13261394239533 0.2199
-7.13257773659601 0.22
-7.13254800187899 0.2201
-7.13252737176988 0.2202
-7.13251314027227 0.2203
-7.13250877740542 0.2204
-7.13251179164562 0.2205
-7.13252786814553 0.2206
-7.13256033638554 0.2207
-7.13260132195552 0.2208
-7.13266038032732 0.2209
-7.13273424993678 0.221
-7.13281247625415 0.2211
-7.13288009295508 0.2212
-7.13294877358679 0.2213
-7.13300709612325 0.2214
-7.13305170329707 0.2215
-7.13308283889603 0.2216
-7.13309206342732 0.2217
-7.13310374585424 0.2218
-7.13309964020387 0.2219
-7.13308698547588 0.222
-7.13306482212259 0.2221
-7.13303233083442 0.2222
-7.13299052025655 0.2223
-7.13293248005434 0.2224
-7.13286705389585 0.2225
-7.13278551325681 0.2226
-7.13267571525359 0.2227
-7.13256108055073 0.2228
-7.13243890029114 0.2229
-7.13232353115 0.223
-7.13222088006204 0.2231
-7.13211990655221 0.2232
-7.13203235595288 0.2233
-7.13194007679874 0.2234
-7.13186204201479 0.2235
-7.13177684055679 0.2236
-7.13169586301416 0.2237
-7.13162118863374 0.2238
-7.13155653481102 0.2239
-7.13150591672383 0.224
-7.13147053345312 0.2241
-7.13145882693247 0.2242
-7.13145430173092 0.2243
-7.13148424355034 0.2244
-7.13151858412094 0.2245
-7.13156515084009 0.2246
-7.13158878651801 0.2247
-7.13160777955285 0.2248
-7.1316229167175 0.2249
-7.13164474495474 0.225
-7.13167633266763 0.2251
-7.1317145567168 0.2252
-7.13176536005446 0.2253
-7.13183484180571 0.2254
-7.13191764697483 0.2255
-7.13200283878646 0.2256
-7.13207909098659 0.2257
-7.13215699718136 0.2258
-7.13224727697048 0.2259
-7.13234047354309 0.226
-7.13243571528753 0.2261
-7.13253751426808 0.2262
-7.13261690374095 0.2263
-7.13269686252791 0.2264
-7.13277206633475 0.2265
-7.13282761189815 0.2266
-7.13286050437862 0.2267
-7.13288845737229 0.2268
-7.13289975430157 0.2269
-7.1329123402883 0.227
-7.13292696459748 0.2271
-7.13294756731926 0.2272
-7.13293514981801 0.2273
-7.13291641389638 0.2274
-7.13289662643264 0.2275
-7.132880223369 0.2276
-7.13285520629905 0.2277
-7.13284043689394 0.2278
-7.13282915236149 0.2279
-7.13282569490523 0.228
-7.13282844773946 0.2281
-7.13283945334886 0.2282
-7.13284542582231 0.2283
-7.13287302792602 0.2284
-7.13291114984055 0.2285
-7.13295118140054 0.2286
-7.13298458273312 0.2287
-7.13301395577025 0.2288
-7.1330455506602 0.2289
-7.13305787843097 0.229
-7.13306325506135 0.2291
-7.13306073191799 0.2292
-7.13304482009857 0.2293
-7.13301914504481 0.2294
-7.13298287884153 0.2295
-7.13294819263833 0.2296
-7.13290250651225 0.2297
-7.13283973916285 0.2298
-7.13278156066056 0.2299
-7.13273386546225 0.23
-7.13268000973034 0.2301
-7.13262264616606 0.2302
-7.13254760388975 0.2303
-7.13245401239256 0.2304
-7.1323418239406 0.2305
-7.1322418152533 0.2306
-7.13212995526577 0.2307
-7.13201776628491 0.2308
-7.13189936573671 0.2309
-7.13176238870524 0.231
-7.1316181567274 0.2311
-7.13147232973964 0.2312
-7.13132670693771 0.2313
-7.1311888348561 0.2314
-7.13104666920373 0.2315
-7.13091188075952 0.2316
-7.13077056155322 0.2317
-7.13063342548332 0.2318
-7.13051121919342 0.2319
-7.13040930657131 0.232
-7.13032109830235 0.2321
-7.13024622143651 0.2322
-7.13019358469312 0.2323
-7.13015141041175 0.2324
-7.13010974612372 0.2325
-7.13008397400509 0.2326
-7.13007136492074 0.2327
-7.13008290073708 0.2328
-7.13010679838608 0.2329
-7.13013803245236 0.233
-7.13017956373457 0.2331
-7.13022032184041 0.2332
-7.13025780628099 0.2333
-7.130274687342 0.2334
-7.1302926346283 0.2335
-7.13031133826742 0.2336
-7.13032949109031 0.2337
-7.13031483816094 0.2338
-7.13032738467055 0.2339
-7.13034135016811 0.234
-7.13035864031408 0.2341
-7.1303895105502 0.2342
-7.13041081810275 0.2343
-7.13042555250665 0.2344
-7.13044502294031 0.2345
-7.13045807932706 0.2346
-7.1304874043741 0.2347
-7.13053058863745 0.2348
-7.13059994593234 0.2349
-7.13068302842683 0.235
-7.13077827592079 0.2351
-7.13086253142488 0.2352
-7.13096918116208 0.2353
-7.13107099092918 0.2354
-7.13115703341235 0.2355
-7.13122200143272 0.2356
-7.13129437694799 0.2357
-7.13134975636929 0.2358
-7.13137471121969 0.2359
-7.13136884911077 0.236
-7.13133149816692 0.2361
-7.13126108825955 0.2362
-7.13118466798102 0.2363
-7.13111399860687 0.2364
-7.13101321732836 0.2365
-7.13088171689525 0.2366
-7.13074534175793 0.2367
-7.13060692614492 0.2368
-7.13046070032653 0.2369
-7.13031419923828 0.237
-7.13017675363437 0.2371
-7.13003894554386 0.2372
-7.129911351274 0.2373
-7.12981467914538 0.2374
-7.12972568038787 0.2375
-7.12963553171764 0.2376
-7.12955592684752 0.2377
-7.12948005430464 0.2378
-7.12942580560117 0.2379
-7.12939225361097 0.238
-7.12937692386032 0.2381
-7.12935659295706 0.2382
-7.12936890520098 0.2383
-7.12938817093028 0.2384
-7.12942682120173 0.2385
-7.12946082626038 0.2386
-7.12949953163668 0.2387
-7.12954871908032 0.2388
-7.12960645195581 0.2389
-7.12966023601349 0.239
-7.12972906208055 0.2391
-7.12979082142885 0.2392
-7.12986210670423 0.2393
-7.12989726145935 0.2394
-7.12992866772047 0.2395
-7.12994680804542 0.2396
-7.12995941510131 0.2397
-7.12996077559549 0.2398
-7.12995657262065 0.2399
-7.12993277691013 0.24
-7.12989755786727 0.2401
-7.12985586152987 0.2402
-7.1298060350779 0.2403
-7.12974748331037 0.2404
-7.1296970974533 0.2405
-7.12966751457971 0.2406
-7.12966009365742 0.2407
-7.12966699274681 0.2408
-7.12967500203621 0.2409
-7.12971736081791 0.241
-7.12976482477722 0.2411
-7.12982472600188 0.2412
-7.12991095657156 0.2413
-7.1300119692513 0.2414
-7.13011862409336 0.2415
-7.13021787613994 0.2416
-7.13030788334951 0.2417
-7.13036705679423 0.2418
-7.13039553731392 0.2419
-7.13042402749907 0.242
-7.13044554152149 0.2421
-7.13046864897164 0.2422
-7.13048303882576 0.2423
-7.13046777283516 0.2424
-7.13044427585704 0.2425
-7.13041213742761 0.2426
-7.13038175870404 0.2427
-7.13032689122781 0.2428
-7.13027231196647 0.2429
-7.13020967991704 0.243
-7.13013241163441 0.2431
-7.1300479853505 0.2432
-7.12996540591219 0.2433
-7.12988316181201 0.2434
-7.12979895465518 0.2435
-7.1297275577065 0.2436
-7.12965248766994 0.2437
-7.12959033804487 0.2438
-7.12953432033982 0.2439
-7.12947757926329 0.244
-7.12943061393691 0.2441
-7.1293923597681 0.2442
-7.12933867794 0.2443
-7.12926669550265 0.2444
-7.1291809037192 0.2445
-7.1291023747827 0.2446
-7.12903441334359 0.2447
-7.12896103065944 0.2448
-7.12888055401097 0.2449
-7.12878568865953 0.245
-7.12870051526666 0.2451
-7.12862035692622 0.2452
-7.12854175593909 0.2453
-7.12847503842174 0.2454
-7.12841722695046 0.2455
-7.12838858682925 0.2456
-7.12836378835005 0.2457
-7.12835376218955 0.2458
-7.12837552057205 0.2459
-7.12839960785238 0.246
-7.12842021179292 0.2461
-7.12844736628412 0.2462
-7.12846492126189 0.2463
-7.12849304266479 0.2464
-7.12851670371844 0.2465
-7.12852367641344 0.2466
-7.12851850632071 0.2467
-7.12849391101027 0.2468
-7.12844202273282 0.2469
-7.12837179806701 0.247
-7.12829344490113 0.2471
-7.12820662238857 0.2472
-7.12808799364206 0.2473
-7.12798140746921 0.2474
-7.12787934530018 0.2475
-7.12777236746469 0.2476
-7.12767653221225 0.2477
-7.12759244218085 0.2478
-7.12752029776736 0.2479
-7.12747176554837 0.248
-7.12742394570443 0.2481
-7.12738604759019 0.2482
-7.12734119676371 0.2483
-7.1273321485659 0.2484
-7.1273444685603 0.2485
-7.12736219336337 0.2486
-7.12739268992032 0.2487
-7.12743745043768 0.2488
-7.12749352554092 0.2489
-7.12757258269995 0.249
-7.12765979320334 0.2491
-7.12774615765954 0.2492
-7.1278433845619 0.2493
-7.12793710425144 0.2494
-7.12802521908028 0.2495
-7.12809670287964 0.2496
-7.12815625693444 0.2497
-7.12820922448692 0.2498
-7.12825621900371 0.2499
-7.12828599688955 0.25
-7.12830669111192 0.2501
-7.12832632289541 0.2502
-7.12833498886279 0.2503
-7.12831955161179 0.2504
-7.12828556134431 0.2505
-7.12824359296288 0.2506
-7.12819594833333 0.2507
-7.12814901688892 0.2508
-7.1281063524624 0.2509
-7.12806505814595 0.251
-7.12801873723722 0.2511
-7.12796662055669 0.2512
-7.12793339860975 0.2513
-7.12790610906304 0.2514
-7.12789604378217 0.2515
-7.12790562246227 0.2516
-7.12791491940746 0.2517
-7.12790761112271 0.2518
-7.12791321267899 0.2519
-7.12792466671725 0.252
-7.12792917981387 0.2521
-7.12793510704524 0.2522
-7.12794187632075 0.2523
-7.12795062341097 0.2524
-7.12795855908534 0.2525
-7.12796040470167 0.2526
-7.1279538479536 0.2527
-7.12792428801046 0.2528
-7.12788694258139 0.2529
-7.12784930568714 0.253
-7.12781149303989 0.2531
-7.12774334510933 0.2532
-7.12767385871694 0.2533
-7.12761968200368 0.2534
-7.12755871230398 0.2535
-7.12750036648301 0.2536
-7.12743399357004 0.2537
-7.12738204851573 0.2538
-7.1273172717192 0.2539
-7.12724839764081 0.254
-7.12719738633875 0.2541
-7.12713397498414 0.2542
-7.12708364804453 0.2543
-7.12704349346225 0.2544
-7.12701994162209 0.2545
-7.12699420102102 0.2546
-7.12697448517744 0.2547
-7.12696349082116 0.2548
-7.12696055561545 0.2549
-7.12694121597164 0.255
-7.12693520095663 0.2551
-7.1269358535812 0.2552
-7.12692861540389 0.2553
-7.12691082244943 0.2554
-7.126897373525 0.2555
-7.1268685925203 0.2556
-7.12685183957343 0.2557
-7.12685022289278 0.2558
-7.12686193983231 0.2559
-7.12686872462835 0.256
-7.12687054983102 0.2561
-7.12685631436142 0.2562
-7.12682794437813 0.2563
-7.12679682023991 0.2564
-7.12676065053322 0.2565
-7.12672371238921 0.2566
-7.12668966513367 0.2567
-7.12665346469693 0.2568
-7.12662046596373 0.2569
-7.12659400892511 0.257
-7.12654468967182 0.2571
-7.12649910302849 0.2572
-7.12646418228166 0.2573
-7.12644102273404 0.2574
-7.12639500950563 0.2575
-7.12633576885141 0.2576
-7.12626052884516 0.2577
-7.12620109057811 0.2578
-7.12614658451519 0.2579
-7.12609767323509 0.258
-7.12603491663343 0.2581
-7.12597142408161 0.2582
-7.12590037164845 0.2583
-7.12583591896268 0.2584
-7.12575554851354 0.2585
-7.12567358485617 0.2586
-7.12558521501812 0.2587
-7.1254973672046 0.2588
-7.12541312849294 0.2589
-7.12531951285503 0.259
-7.12525740317308 0.2591
-7.12520315134586 0.2592
-7.12517688835649 0.2593
-7.12515826676346 0.2594
-7.12514715403543 0.2595
-7.12516671799862 0.2596
-7.12520864833672 0.2597
-7.12525612195943 0.2598
-7.12532777852599 0.2599
-7.1254033671736 0.26
-7.12547227119257 0.2601
-7.12553552116013 0.2602
-7.12560177674713 0.2603
-7.12568082662532 0.2604
-7.12576682819184 0.2605
-7.12586483493828 0.2606
-7.12595931655108 0.2607
-7.12607397203098 0.2608
-7.12617592641035 0.2609
-7.12627961112661 0.261
-7.12638782232775 0.2611
-7.12650196566597 0.2612
-7.12663003992979 0.2613
-7.12675759885569 0.2614
-7.12689659919575 0.2615
-7.12703546934776 0.2616
-7.12719087469058 0.2617
-7.12736701045155 0.2618
-7.1275471528812 0.2619
-7.12772014678736 0.262
-7.12787726045049 0.2621
-7.12802815348408 0.2622
-7.12818531514499 0.2623
-7.12832969436364 0.2624
-7.12845911254389 0.2625
-7.12858917026928 0.2626
-7.12871578003717 0.2627
-7.12884194756242 0.2628
-7.12895491681641 0.2629
-7.12907877627825 0.263
-7.12918550146836 0.2631
-7.12927702100516 0.2632
-7.12935044313492 0.2633
-7.12943115898851 0.2634
-7.12949523561976 0.2635
-7.12954305206914 0.2636
-7.12954997385834 0.2637
-7.1295423048699 0.2638
-7.12950709097676 0.2639
-7.12946709686751 0.264
-7.12941721047202 0.2641
-7.12933709578427 0.2642
-7.12922813739981 0.2643
-7.12910121099496 0.2644
-7.12897347375285 0.2645
-7.12884491865144 0.2646
-7.12870236172354 0.2647
-7.12854718319036 0.2648
-7.12839290324164 0.2649
-7.12823231247029 0.265
-7.12807382265 0.2651
-7.12793750094911 0.2652
-7.1278043387496 0.2653
-7.12768589489422 0.2654
-7.1275635263457 0.2655
-7.12745948869603 0.2656
-7.12736220422904 0.2657
-7.12727463041406 0.2658
-7.12719665224717 0.2659
-7.12713673013026 0.266
-7.12708757147685 0.2661
-7.12705526230772 0.2662
-7.12704365425926 0.2663
-7.12704019445366 0.2664
-7.12703979431553 0.2665
-7.12703261707867 0.2666
-7.12704101242403 0.2667
-7.1270473967041 0.2668
-7.12704163579061 0.2669
-7.12705487687347 0.267
-7.12706557273165 0.2671
-7.12706793959198 0.2672
-7.12708193157255 0.2673
-7.12708312024146 0.2674
-7.12707314247723 0.2675
-7.12706287951604 0.2676
-7.12706483641183 0.2677
-7.12706626401981 0.2678
-7.12706478765117 0.2679
-7.12705820880935 0.268
-7.12702883746225 0.2681
-7.12699238734394 0.2682
-7.12696060674594 0.2683
-7.12692938547078 0.2684
-7.12688580972867 0.2685
-7.12683031995851 0.2686
-7.12676451305923 0.2687
-7.12669154013112 0.2688
-7.12662298709103 0.2689
-7.12655743792594 0.269
-7.12649653456388 0.2691
-7.12644679418238 0.2692
-7.12640475693123 0.2693
-7.12636093286189 0.2694
-7.12632792101829 0.2695
-7.12631035089516 0.2696
-7.12630373029424 0.2697
-7.12630844190164 0.2698
-7.12633188092065 0.2699
-7.12637828611027 0.27
-7.12641786657461 0.2701
-7.1264604646136 0.2702
-7.12651404679957 0.2703
-7.12657190334815 0.2704
-7.12662935602084 0.2705
-7.12668052793053 0.2706
-7.12672427144477 0.2707
-7.12677531363836 0.2708
-7.12683096871175 0.2709
-7.12688221420016 0.271
-7.12693217682499 0.2711
-7.12699520034259 0.2712
-7.12703022688125 0.2713
-7.127046411251 0.2714
-7.12704304854441 0.2715
-7.12704561652758 0.2716
-7.12702856995599 0.2717
-7.12701413154648 0.2718
-7.12700663878127 0.2719
-7.12700877631763 0.272
-7.12700863975109 0.2721
-7.12701478004829 0.2722
-7.12703046076877 0.2723
-7.12707288622916 0.2724
-7.12712382361082 0.2725
-7.12717787493863 0.2726
-7.12724757224179 0.2727
-7.12731969438266 0.2728
-7.12739660648174 0.2729
-7.1274785260973 0.273
-7.12755768040323 0.2731
-7.12763346003996 0.2732
-7.12771099215972 0.2733
-7.12778004733738 0.2734
-7.12784300553455 0.2735
-7.12790389862974 0.2736
-7.12796133014501 0.2737
-7.12801350516342 0.2738
-7.12804568192202 0.2739
-7.12805789448653 0.274
-7.12804102248035 0.2741
-7.12802409371487 0.2742
-7.12801632825169 0.2743
-7.1280175939327 0.2744
-7.12802135787525 0.2745
-7.12800644931428 0.2746
-7.12799850722788 0.2747
-7.12800933411124 0.2748
-7.12803304740195 0.2749
-7.1280703717962 0.275
-7.12811379092906 0.2751
-7.12816962523262 0.2752
-7.12823604428851 0.2753
-7.12829582726998 0.2754
-7.12836732839216 0.2755
-7.12844508163217 0.2756
-7.12851590914211 0.2757
-7.12859096628227 0.2758
-7.12865296925849 0.2759
-7.12871616386106 0.276
-7.12878761423307 0.2761
-7.12885575966972 0.2762
-7.12893961923662 0.2763
-7.12903034807545 0.2764
-7.12910272399663 0.2765
-7.12917320246388 0.2766
-7.12922617961664 0.2767
-7.12927482838409 0.2768
-7.12932420763873 0.2769
-7.1293591086536 0.277
-7.12938586796212 0.2771
-7.12939367940119 0.2772
-7.1293840112887 0.2773
-7.12935524615436 0.2774
-7.12932116797987 0.2775
-7.1292725470531 0.2776
-7.12922499513242 0.2777
-7.12917474846592 0.2778
-7.12911568741597 0.2779
-7.12903136873039 0.278
-7.1289534456646 0.2781
-7.12886919725023 0.2782
-7.12876798235172 0.2783
-7.12865565182071 0.2784
-7.12854085995891 0.2785
-7.12842175144213 0.2786
-7.1283015887718 0.2787
-7.12817246522029 0.2788
-7.1280525643514 0.2789
-7.12793829830184 0.279
-7.12784691876834 0.2791
-7.12778134743171 0.2792
-7.12772244687432 0.2793
-7.12767257196749 0.2794
-7.12764546105064 0.2795
-7.12762305293406 0.2796
-7.12762717690868 0.2797
-7.12764105537281 0.2798
-7.12766696808355 0.2799
-7.12770641543011 0.28
-7.12774736883546 0.2801
-7.12779552557653 0.2802
-7.12783346098304 0.2803
-7.12786068623205 0.2804
-7.12787811786214 0.2805
-7.12788896215968 0.2806
-7.12787885027567 0.2807
-7.12784566965031 0.2808
-7.12780114879608 0.2809
-7.12774924318035 0.281
-7.12768498535218 0.2811
-7.12760766107965 0.2812
-7.1275167112262 0.2813
-7.12740320552995 0.2814
-7.12728183534489 0.2815
-7.12715348062644 0.2816
-7.12703758852502 0.2817
-7.1269199286573 0.2818
-7.12680657227724 0.2819
-7.12668825159363 0.282
-7.12656518349821 0.2821
-7.12644766415569 0.2822
-7.1263456344988 0.2823
-7.12622149473079 0.2824
-7.12609412050259 0.2825
-7.1259785932731 0.2826
-7.12585977469677 0.2827
-7.12574168886178 0.2828
-7.12563365216676 0.2829
-7.12555336877651 0.283
-7.12547925116918 0.2831
-7.12540472954909 0.2832
-7.12534638492115 0.2833
-7.12530324427213 0.2834
-7.12525407660518 0.2835
-7.12519979073673 0.2836
-7.12515192622843 0.2837
-7.12510676969761 0.2838
-7.12506315257152 0.2839
-7.12500653624572 0.284
-7.1249639092168 0.2841
-7.12492510611584 0.2842
-7.12487875514409 0.2843
-7.12482171515919 0.2844
-7.12473993739667 0.2845
-7.12465021012913 0.2846
-7.12455623164503 0.2847
-7.12446834699804 0.2848
-7.1243755245917 0.2849
-7.12429370270266 0.285
-7.12421222506145 0.2851
-7.12411123577855 0.2852
-7.12402604639474 0.2853
-7.12393810463892 0.2854
-7.12385938194691 0.2855
-7.1237730309169 0.2856
-7.12367090402937 0.2857
-7.12355167110172 0.2858
-7.12343287218261 0.2859
-7.12329737543912 0.286
-7.12316159440995 0.2861
-7.12300839159243 0.2862
-7.12285616818294 0.2863
-7.12271951331672 0.2864
-7.12257435250967 0.2865
-7.12242720343892 0.2866
-7.12228220151489 0.2867
-7.12212754534076 0.2868
-7.12199008732692 0.2869
-7.12186532406863 0.287
-7.12176927825683 0.2871
-7.12169761311556 0.2872
-7.12163511926648 0.2873
-7.12159576017428 0.2874
-7.12155754982632 0.2875
-7.1215491930734 0.2876
-7.12155531845248 0.2877
-7.12157811436496 0.2878
-7.12160916528774 0.2879
-7.12165046785869 0.288
-7.12168889861426 0.2881
-7.12176147661633 0.2882
-7.12185512157215 0.2883
-7.12194718394796 0.2884
-7.12206290784396 0.2885
-7.12219319395555 0.2886
-7.12233169618528 0.2887
-7.12245852468417 0.2888
-7.12258192817201 0.2889
-7.12271240192273 0.289
-7.12284553931827 0.2891
-7.12296892299689 0.2892
-7.12307358042211 0.2893
-7.12317232855525 0.2894
-7.12326395838845 0.2895
-7.12334572873221 0.2896
-7.12342217045783 0.2897
-7.12346285735187 0.2898
-7.12349144814793 0.2899
-7.12350904357089 0.29
-7.1234848983918 0.2901
-7.12346446450459 0.2902
-7.1234490409164 0.2903
-7.12343328529414 0.2904
-7.12341956598983 0.2905
-7.12340597275185 0.2906
-7.12338499260009 0.2907
-7.12334804642882 0.2908
-7.12330147788853 0.2909
-7.12324738084634 0.291
-7.12318742426047 0.2911
-7.12314681891863 0.2912
-7.12312143612907 0.2913
-7.12309771045968 0.2914
-7.1230728539726 0.2915
-7.12307095775837 0.2916
-7.12308732815032 0.2917
-7.12312548426948 0.2918
-7.12319501176432 0.2919
-7.12328458485241 0.292
-7.12339012668446 0.2921
-7.12351376748049 0.2922
-7.12363287307485 0.2923
-7.12375858719064 0.2924
-7.12388101373274 0.2925
-7.12399848785895 0.2926
-7.12411486553465 0.2927
-7.1242229238698 0.2928
-7.12431543219544 0.2929
-7.12441113088926 0.293
-7.12450509808058 0.2931
-7.12459796512161 0.2932
-7.12467888893751 0.2933
-7.1247352021166 0.2934
-7.12476697771195 0.2935
-7.12479211771289 0.2936
-7.1247954297287 0.2937
-7.12480715422874 0.2938
-7.12480045685187 0.2939
-7.1247809134224 0.294
-7.12474991452562 0.2941
-7.12469159153625 0.2942
-7.12462733554902 0.2943
-7.12456578555641 0.2944
-7.12451470557998 0.2945
-7.12446298584927 0.2946
-7.12440865079561 0.2947
-7.12436248535088 0.2948
-7.12432113087893 0.2949
-7.12427643513328 0.295
-7.12423897096805 0.2951
-7.12420176830467 0.2952
-7.12416717160621 0.2953
-7.12412701097425 0.2954
-7.12409869178217 0.2955
-7.12405605326583 0.2956
-7.1239917703701 0.2957
-7.1239008994959 0.2958
-7.12379702099779 0.2959
-7.12367466315407 0.296
-7.12353160926741 0.2961
-7.12338511858253 0.2962
-7.12325316601775 0.2963
-7.12312922808807 0.2964
-7.12303007006662 0.2965
-7.12294045082002 0.2966
-7.12285965905256 0.2967
-7.1227763836373 0.2968
-7.12268891656765 0.2969
-7.12259996392463 0.297
-7.12251790495668 0.2971
-7.12244908235175 0.2972
-7.12239748135459 0.2973
-7.12235513383533 0.2974
-7.12233351366448 0.2975
-7.12232935904039 0.2976
-7.12235788012465 0.2977
-7.12240431370901 0.2978
-7.1224665819333 0.2979
-7.12254035834793 0.298
-7.12263057318092 0.2981
-7.12272320846755 0.2982
-7.12282449282653 0.2983
-7.12293592935291 0.2984
-7.1230528347313 0.2985
-7.12316711677712 0.2986
-7.12329150790072 0.2987
-7.12340024986685 0.2988
-7.12350409391455 0.2989
-7.12358441147103 0.299
-7.12366738576775 0.2991
-7.12370544267167 0.2992
-7.12372309327526 0.2993
-7.1237309636729 0.2994
-7.12372468125257 0.2995
-7.12370872165612 0.2996
-7.12369082811825 0.2997
-7.12364895457652 0.2998
-7.12358912041534 0.2999
-7.1235184637259 0.3
-7.12343997704715 0.3001
-7.1233388130719 0.3002
-7.12326031472805 0.3003
-7.12316938222272 0.3004
-7.12308562037185 0.3005
-7.12300320318486 0.3006
-7.12291877102719 0.3007
-7.12283489687588 0.3008
-7.12273230940944 0.3009
-7.12262972660154 0.301
-7.12250869418224 0.3011
-7.12242841817477 0.3012
-7.12237379999675 0.3013
-7.12232271839946 0.3014
-7.12227157431112 0.3015
-7.12222173087978 0.3016
-7.12220080492853 0.3017
-7.12217665263297 0.3018
-7.12215162319928 0.3019
-7.12213830943659 0.302
-7.1221367660249 0.3021
-7.12212178935918 0.3022
-7.12211803788449 0.3023
-7.12212963776863 0.3024
-7.1221496464551 0.3025
-7.12216114332335 0.3026
-7.12217414428333 0.3027
-7.12219665275255 0.3028
-7.12221460132438 0.3029
-7.12223108321006 0.303
-7.12226561283124 0.3031
-7.12231634042427 0.3032
-7.12237662022938 0.3033
-7.1224474965928 0.3034
-7.12250157355087 0.3035
-7.12254543760548 0.3036
-7.12258625360689 0.3037
-7.12263595042418 0.3038
-7.12267629777749 0.3039
-7.12271691099464 0.304
-7.12277416728908 0.3041
-7.12283044312673 0.3042
-7.12288531558622 0.3043
-7.12294042634885 0.3044
-7.12299676596585 0.3045
-7.12304499422623 0.3046
-7.12309568856915 0.3047
-7.1231288024612 0.3048
-7.12315854614537 0.3049
-7.12317456067461 0.305
-7.12317254620313 0.3051
-7.12317021054377 0.3052
-7.12315140114338 0.3053
-7.12313630838942 0.3054
-7.12311953677526 0.3055
-7.12309082577629 0.3056
-7.12305915351906 0.3057
-7.12300842319997 0.3058
-7.1229291383222 0.3059
-7.12286018520511 0.306
-7.12280212165521 0.3061
-7.12275343447781 0.3062
-7.12270920493688 0.3063
-7.12266721779731 0.3064
-7.12261591564177 0.3065
-7.12257791559734 0.3066
-7.1225280837607 0.3067
-7.12247072382256 0.3068
-7.12243029178932 0.3069
-7.12237996907456 0.307
-7.12232665028793 0.3071
-7.12226927882141 0.3072
-7.12220024133984 0.3073
-7.12211436599068 0.3074
-7.12201623093401 0.3075
-7.1218983890669 0.3076
-7.12178566864554 0.3077
-7.12166713900551 0.3078
-7.12155455256125 0.3079
-7.12145128114255 0.308
-7.12134749201847 0.3081
-7.12123950594672 0.3082
-7.1211429731745 0.3083
-7.12105964386493 0.3084
-7.12099156147234 0.3085
-7.12091705521573 0.3086
-7.12086714239839 0.3087
-7.1208358295745 0.3088
-7.12082469480947 0.3089
-7.12081067334441 0.309
-7.12082511611291 0.3091
-7.12083802317169 0.3092
-7.12085360417036 0.3093
-7.12085868431707 0.3094
-7.12086663861167 0.3095
-7.12087046648156 0.3096
-7.12088574855523 0.3097
-7.12089461222748 0.3098
-7.12090774626253 0.3099
-7.12092611418855 0.31
-7.12094394329005 0.3101
-7.12096597294804 0.3102
-7.1209749327485 0.3103
-7.12097799622672 0.3104
-7.12096953497328 0.3105
-7.12095657135734 0.3106
-7.12092747785098 0.3107
-7.1208886117272 0.3108
-7.12083098349613 0.3109
-7.12076227673859 0.311
-7.12067867034655 0.3111
-7.12059053382917 0.3112
-7.12048512436883 0.3113
-7.12037754912014 0.3114
-7.12029125884762 0.3115
-7.12020545846703 0.3116
-7.1201252219209 0.3117
-7.12004872252916 0.3118
-7.11999603685929 0.3119
-7.1199477156095 0.312
-7.11990521935726 0.3121
-7.11987490559847 0.3122
-7.11985829178402 0.3123
-7.11984477939014 0.3124
-7.11982234278358 0.3125
-7.11982583762857 0.3126
-7.11982614911498 0.3127
-7.11984314796697 0.3128
-7.1198860531711 0.3129
-7.11990997630516 0.313
-7.11993080395803 0.3131
-7.11994563946915 0.3132
-7.11997597113639 0.3133
-7.12000799903816 0.3134
-7.12004233928703 0.3135
-7.12008838575396 0.3136
-7.12013295635901 0.3137
-7.12019515224732 0.3138
-7.1202768899468 0.3139
-7.12038247186593 0.314
-7.12049562468637 0.3141
-7.12061816793451 0.3142
-7.12075809002322 0.3143
-7.12091731603071 0.3144
-7.12109310779964 0.3145
-7.12125284613216 0.3146
-7.12142050503816 0.3147
-7.12157919643752 0.3148
-7.12172292115296 0.3149
-7.12184690348792 0.315
-7.12194669232175 0.3151
-7.1220255805302 0.3152
-7.12208169230012 0.3153
-7.12212815088516 0.3154
-7.12214308189109 0.3155
-7.12212895017738 0.3156
-7.12210699915301 0.3157
-7.12207146035535 0.3158
-7.12202898584424 0.3159
-7.12195234573637 0.316
-7.12186824335912 0.3161
-7.12176960061372 0.3162
-7.12167592849975 0.3163
-7.1215928951334 0.3164
-7.12152534869981 0.3165
-7.12146657287783 0.3166
-7.12141943108987 0.3167
-7.12136820476871 0.3168
-7.12132116773767 0.3169
-7.12130559573722 0.317
-7.12131195572577 0.3171
-7.12130995117419 0.3172
-7.1213296077791 0.3173
-7.12136469794599 0.3174
-7.12142290980788 0.3175
-7.12148016209415 0.3176
-7.12156806062072 0.3177
-7.12167360054112 0.3178
-7.12177989570546 0.3179
-7.12187990928156 0.318
-7.12195734852605 0.3181
-7.12202228384594 0.3182
-7.12206461577309 0.3183
-7.12208054406044 0.3184
-7.12209326916622 0.3185
-7.12210934924481 0.3186
-7.12211781248481 0.3187
-7.12210896301113 0.3188
-7.12210037292179 0.3189
-7.12211381673915 0.319
-7.12213732343254 0.3191
-7.12215841392719 0.3192
-7.12217467391672 0.3193
-7.1222100819205 0.3194
-7.12224270970823 0.3195
-7.12227518296211 0.3196
-7.12231625995934 0.3197
-7.12235411285362 0.3198
-7.12237713540317 0.3199
-7.12238423497862 0.32
-7.12239011271863 0.3201
-7.12240045938818 0.3202
-7.12242726669282 0.3203
-7.12245074586156 0.3204
-7.12248036548116 0.3205
-7.12250941551269 0.3206
-7.12251942686074 0.3207
-7.12254525489688 0.3208
-7.12257468240381 0.3209
-7.12260319488404 0.321
-7.12263933899996 0.3211
-7.12266568753302 0.3212
-7.12268492780523 0.3213
-7.12271203963285 0.3214
-7.12272857649735 0.3215
-7.12272946592086 0.3216
-7.12271772798339 0.3217
-7.12270764260044 0.3218
-7.12271093648913 0.3219
-7.12273181741323 0.322
-7.1227442716317 0.3221
-7.12276599328657 0.3222
-7.12279210514674 0.3223
-7.12280442971926 0.3224
-7.12281864093121 0.3225
-7.12283148295796 0.3226
-7.12283427509047 0.3227
-7.12283319544113 0.3228
-7.12281685951066 0.3229
-7.12279451774324 0.323
-7.12276847662292 0.3231
-7.12273100802669 0.3232
-7.1227186915897 0.3233
-7.12271540997512 0.3234
-7.12271816667933 0.3235
-7.12273169101455 0.3236
-7.12276886827008 0.3237
-7.12280635529164 0.3238
-7.12288443925262 0.3239
-7.1229823273885 0.324
-7.12307256047964 0.3241
-7.12318147112278 0.3242
-7.12331031149089 0.3243
-7.12344781468298 0.3244
-7.12361034868494 0.3245
-7.12376445548811 0.3246
-7.12392420286735 0.3247
-7.12408780796717 0.3248
-7.12423753860139 0.3249
-7.1243607956628 0.325
-7.12446379919431 0.3251
-7.12453793806049 0.3252
-7.12459227602469 0.3253
-7.12462117506321 0.3254
-7.12462686454432 0.3255
-7.12462317646045 0.3256
-7.12459864993692 0.3257
-7.12455784743058 0.3258
-7.12450207206017 0.3259
-7.12442235043494 0.326
-7.12432975286269 0.3261
-7.12424637375785 0.3262
-7.12414479000216 0.3263
-7.12402840541409 0.3264
-7.12388497986153 0.3265
-7.12372488368567 0.3266
-7.12353964315353 0.3267
-7.12335514918312 0.3268
-7.12316487914718 0.3269
-7.12299553355445 0.327
-7.12283427471442 0.3271
-7.12264358212299 0.3272
-7.12245057409676 0.3273
-7.12225216935177 0.3274
-7.12203714141279 0.3275
-7.12184939676602 0.3276
-7.12168487034924 0.3277
-7.121522294188 0.3278
-7.12138384744729 0.3279
-7.12124604470557 0.328
-7.1211118093641 0.3281
-7.12102247916077 0.3282
-7.12096733838098 0.3283
-7.12093125746543 0.3284
-7.12092179667829 0.3285
-7.12095155853536 0.3286
-7.12099965954686 0.3287
-7.12105230451667 0.3288
-7.12110306374245 0.3289
-7.12114420088414 0.329
-7.12118791093864 0.3291
-7.12122655567078 0.3292
-7.12126017051679 0.3293
-7.12128824760423 0.3294
-7.12132244679692 0.3295
-7.12137506380439 0.3296
-7.12144592727222 0.3297
-7.12152480420936 0.3298
-7.12158930970539 0.3299
-7.12164771888189 0.33
-7.12169353493363 0.3301
-7.12173925568324 0.3302
-7.12179969470988 0.3303
-7.12186686436125 0.3304
-7.12193503326917 0.3305
-7.12201219474187 0.3306
-7.12207565856668 0.3307
-7.12214796561189 0.3308
-7.12220309762769 0.3309
-7.12225213645557 0.331
-7.12228705883797 0.3311
-7.12232074415346 0.3312
-7.12235277978237 0.3313
-7.12236605688226 0.3314
-7.12236981052269 0.3315
-7.12234863367693 0.3316
-7.1223130658441 0.3317
-7.12227178651994 0.3318
-7.12220307472708 0.3319
-7.12212664761877 0.332
-7.12205295914195 0.3321
-7.12196055020279 0.3322
-7.12184344702111 0.3323
-7.12172827499069 0.3324
-7.12163376933218 0.3325
-7.12157143356695 0.3326
-7.12152592875496 0.3327
-7.12148771885882 0.3328
-7.12145864126823 0.3329
-7.12144757138784 0.333
-7.1214509012128 0.3331
-7.1214830002977 0.3332
-7.12151035371225 0.3333
-7.12153416026786 0.3334
-7.12155987570125 0.3335
-7.12160999559023 0.3336
-7.12165702177672 0.3337
-7.12170395062776 0.3338
-7.121758924912 0.3339
-7.12180989037321 0.334
-7.12186117169733 0.3341
-7.12191498928471 0.3342
-7.12196923534666 0.3343
-7.12202107046619 0.3344
-7.12206029134608 0.3345
-7.12209428533303 0.3346
-7.12212918704408 0.3347
-7.12217042592161 0.3348
-7.12220940872792 0.3349
-7.12223944699868 0.335
-7.1222648689639 0.3351
-7.12228461577521 0.3352
-7.12228645931891 0.3353
-7.12229532323879 0.3354
-7.12231577439679 0.3355
-7.12235552831579 0.3356
-7.12240984752701 0.3357
-7.12246955234358 0.3358
-7.12253067160219 0.3359
-7.12256828144895 0.336
-7.12259669192029 0.3361
-7.12258979622568 0.3362
-7.12258107310383 0.3363
-7.12256463663898 0.3364
-7.1225283210876 0.3365
-7.12247150155519 0.3366
-7.12240730266665 0.3367
-7.12232969901652 0.3368
-7.12225392937094 0.3369
-7.12218152399648 0.337
-7.12210868851004 0.3371
-7.12202558316175 0.3372
-7.12194415420848 0.3373
-7.12185600824667 0.3374
-7.12176622575737 0.3375
-7.12169150632051 0.3376
-7.12161588270873 0.3377
-7.12155950945374 0.3378
-7.12150834147578 0.3379
-7.12145578112024 0.338
-7.12141283611915 0.3381
-7.1213853974695 0.3382
-7.12136187090753 0.3383
-7.12133506138829 0.3384
-7.12129910669996 0.3385
-7.12125517807457 0.3386
-7.12122003719669 0.3387
-7.12119212601246 0.3388
-7.12116115405542 0.3389
-7.12112452605883 0.339
-7.12108484145283 0.3391
-7.12105441206216 0.3392
-7.12102925112328 0.3393
-7.12101342337603 0.3394
-7.12098197674446 0.3395
-7.12095842037923 0.3396
-7.12093664156767 0.3397
-7.12092342976757 0.3398
-7.12089246077379 0.3399
-7.1208512119478 0.34
-7.12082960790218 0.3401
-7.12080543987909 0.3402
-7.12079192893008 0.3403
-7.12078467257122 0.3404
-7.12077094440765 0.3405
-7.12074923689118 0.3406
-7.12074505224431 0.3407
-7.12072785903105 0.3408
-7.12070840179596 0.3409
-7.1207009668365 0.341
-7.12070311365065 0.3411
-7.12071359030643 0.3412
-7.12074398925577 0.3413
-7.12078211977978 0.3414
-7.12081017011939 0.3415
-7.12082652282338 0.3416
-7.12085978667845 0.3417
-7.12089199679123 0.3418
-7.12093347351772 0.3419
-7.12097200313007 0.342
-7.12101697069851 0.3421
-7.12104651398152 0.3422
-7.12107043885248 0.3423
-7.12107453384666 0.3424
-7.12104681059564 0.3425
-7.12100590559726 0.3426
-7.12095550206421 0.3427
-7.120892931722 0.3428
-7.12081212981375 0.3429
-7.12073764621742 0.343
-7.12064582556739 0.3431
-7.1205530020822 0.3432
-7.12045037436839 0.3433
-7.12036054678535 0.3434
-7.12027118248418 0.3435
-7.12017447272344 0.3436
-7.12006439359525 0.3437
-7.11995023950636 0.3438
-7.11982509252162 0.3439
-7.11971247011743 0.344
-7.11959526382265 0.3441
-7.11950484640505 0.3442
-7.1193976550189 0.3443
-7.11930207863676 0.3444
-7.11920255709184 0.3445
-7.1190954019083 0.3446
-7.11900119674214 0.3447
-7.11893390643022 0.3448
-7.11887846459815 0.3449
-7.11884337571784 0.345
-7.11882938264821 0.3451
-7.11883468250872 0.3452
-7.11884346602318 0.3453
-7.11886187575928 0.3454
-7.11890512148952 0.3455
-7.11896407747004 0.3456
-7.11905302666728 0.3457
-7.11916117471559 0.3458
-7.11926585598022 0.3459
-7.11937959580062 0.346
-7.11947551294002 0.3461
-7.11955819840357 0.3462
-7.11962897162715 0.3463
-7.1196766540289 0.3464
-7.11972252252837 0.3465
-7.11975522678161 0.3466
-7.11978659353653 0.3467
-7.1197905173969 0.3468
-7.11978490929825 0.3469
-7.11976423969456 0.347
-7.11973909651302 0.3471
-7.11970250483228 0.3472
-7.11966278465337 0.3473
-7.11962965231414 0.3474
-7.119600598226 0.3475
-7.11957287146478 0.3476
-7.11953234692435 0.3477
-7.11946755291281 0.3478
-7.11938499718648 0.3479
-7.11930764447133 0.348
-7.11924096116954 0.3481
-7.11917110848532 0.3482
-7.11910235532378 0.3483
-7.11905025291202 0.3484
-7.11898886271265 0.3485
-7.11893257070421 0.3486
-7.11888885036562 0.3487
-7.11885901869314 0.3488
-7.11883317218203 0.3489
-7.1188041654742 0.349
-7.11877593398386 0.3491
-7.11875532905798 0.3492
-7.11874103728584 0.3493
-7.11874465518404 0.3494
-7.11874930263525 0.3495
-7.11875148458826 0.3496
-7.1187581866967 0.3497
-7.11873503741224 0.3498
-7.1186967182607 0.3499
-7.11868346494503 0.35
-7.11868733759558 0.3501
-7.11869533488318 0.3502
-7.11871757378597 0.3503
-7.11874648512214 0.3504
-7.11876954167152 0.3505
-7.11879559249796 0.3506
-7.11882209975905 0.3507
-7.11884413437004 0.3508
-7.11887330667482 0.3509
-7.11890554109558 0.351
-7.11892834706471 0.3511
-7.11894502218987 0.3512
-7.11893850703532 0.3513
-7.11894615651968 0.3514
-7.11893630378307 0.3515
-7.11891530168991 0.3516
-7.11889958164852 0.3517
-7.11888641669746 0.3518
-7.1188544182751 0.3519
-7.1188266804252 0.352
-7.11879174802922 0.3521
-7.11875830791987 0.3522
-7.11872599247821 0.3523
-7.11868021507942 0.3524
-7.11865633378781 0.3525
-7.11864013296071 0.3526
-7.11862369837843 0.3527
-7.1186180796858 0.3528
-7.11861913840059 0.3529
-7.11861690180862 0.353
-7.11860786530782 0.3531
-7.11859843739618 0.3532
-7.11859330923801 0.3533
-7.11857753896685 0.3534
-7.11855960462589 0.3535
-7.11854937520278 0.3536
-7.11852688996845 0.3537
-7.11849366180116 0.3538
-7.11842994444659 0.3539
-7.11835163375985 0.354
-7.11826033647739 0.3541
-7.11815813104221 0.3542
-7.11805872326971 0.3543
-7.11795617222898 0.3544
-7.11786283138244 0.3545
-7.11777464654222 0.3546
-7.11768857917674 0.3547
-7.11761201443277 0.3548
-7.11754105481347 0.3549
-7.11747577280506 0.355
-7.11741474180994 0.3551
-7.11736811521989 0.3552
-7.11732377896871 0.3553
-7.11729577366951 0.3554
-7.11726655857125 0.3555
-7.11724608897738 0.3556
-7.1172223943304 0.3557
-7.11718685056255 0.3558
-7.1171514241047 0.3559
-7.11711196570768 0.356
-7.11706783740822 0.3561
-7.11702235021676 0.3562
-7.11695772476592 0.3563
-7.11690551068336 0.3564
-7.11685399227923 0.3565
-7.1168093772532 0.3566
-7.11680454313158 0.3567
-7.11679697701344 0.3568
-7.11677467178703 0.3569
-7.1167648627579 0.357
-7.11676707416438 0.3571
-7.11677550524236 0.3572
-7.11679492822746 0.3573
-7.11681489643152 0.3574
-7.11684367377788 0.3575
-7.11687454319794 0.3576
-7.11689932003649 0.3577
-7.11692499384431 0.3578
-7.11694068332485 0.3579
-7.11693624028197 0.358
-7.11693089169853 0.3581
-7.11691552201576 0.3582
-7.11689981139987 0.3583
-7.11688413193635 0.3584
-7.11685336196764 0.3585
-7.1168187260671 0.3586
-7.11677599382246 0.3587
-7.1167263458594 0.3588
-7.1166710130904 0.3589
-7.11662513636191 0.359
-7.11658357168625 0.3591
-7.11655715530952 0.3592
-7.11653986687421 0.3593
-7.11653942673473 0.3594
-7.11657019623128 0.3595
-7.11660866766008 0.3596
-7.11665281242758 0.3597
-7.1167226714865 0.3598
-7.11679088625598 0.3599
-7.11687638003118 0.36
-7.11696100149921 0.3601
-7.11705846897991 0.3602
-7.11715284395529 0.3603
-7.11725652602936 0.3604
-7.11736148716532 0.3605
-7.11748110440525 0.3606
-7.11760805910391 0.3607
-7.11773707454666 0.3608
-7.1178482496144 0.3609
-7.11795367211094 0.361
-7.11804016376535 0.3611
-7.11813831352789 0.3612
-7.11821441680787 0.3613
-7.11829060309862 0.3614
-7.11836515411829 0.3615
-7.11841894536947 0.3616
-7.11844635016222 0.3617
-7.11846335097475 0.3618
-7.1184478416926 0.3619
-7.11841362161225 0.362
-7.11836385424305 0.3621
-7.11829009048577 0.3622
-7.11821737837072 0.3623
-7.11813205653455 0.3624
-7.11805350420354 0.3625
-7.11797882332908 0.3626
-7.11790795798077 0.3627
-7.11782752945229 0.3628
-7.11774574301506 0.3629
-7.11766565202642 0.363
-7.11758403792307 0.3631
-7.11750336815103 0.3632
-7.11742204496429 0.3633
-7.11734980962169 0.3634
-7.11727879190284 0.3635
-7.11722291909898 0.3636
-7.11715924544859 0.3637
-7.11709293344547 0.3638
-7.11703321079959 0.3639
-7.11698339764425 0.364
-7.11695962583043 0.3641
-7.1169514357164 0.3642
-7.1169546598553 0.3643
-7.116954007908 0.3644
-7.11695477879153 0.3645
-7.11696679868698 0.3646
-7.1170016745609 0.3647
-7.11704725959421 0.3648
-7.117098356315 0.3649
-7.11716530223224 0.365
-7.11724027865919 0.3651
-7.11731290564911 0.3652
-7.11737862358236 0.3653
-7.11743930347444 0.3654
-7.11749610612357 0.3655
-7.11755456540053 0.3656
-7.11762177593988 0.3657
-7.11767323641751 0.3658
-7.11771514486433 0.3659
-7.11775371375369 0.366
-7.11779464984954 0.3661
-7.11783420655341 0.3662
-7.11786835891766 0.3663
-7.11789448141811 0.3664
-7.11791489507821 0.3665
-7.11793469958718 0.3666
-7.11795465524633 0.3667
-7.11797094727826 0.3668
-7.1179702934213 0.3669
-7.11797859003394 0.367
-7.11800353072647 0.3671
-7.11802586423719 0.3672
-7.1180374703718 0.3673
-7.1180490233682 0.3674
-7.11803976229472 0.3675
-7.11802460087339 0.3676
-7.1179835938073 0.3677
-7.11793475773138 0.3678
-7.11787430735333 0.3679
-7.11781807538823 0.368
-7.11773378236404 0.3681
-7.11763365217445 0.3682
-7.11752426099269 0.3683
-7.11743149578049 0.3684
-7.11733091076098 0.3685
-7.11723585383172 0.3686
-7.1171316778472 0.3687
-7.11702558924174 0.3688
-7.11692234912364 0.3689
-7.11681752408749 0.369
-7.11671863244468 0.3691
-7.11663510199266 0.3692
-7.1165924268995 0.3693
-7.11657360677446 0.3694
-7.11656433318828 0.3695
-7.11658265625641 0.3696
-7.11662144017827 0.3697
-7.11668201723606 0.3698
-7.11676046555579 0.3699
-7.11686550938132 0.37
-7.11697277465579 0.3701
-7.11706517212611 0.3702
-7.1171739779752 0.3703
-7.11729072171905 0.3704
-7.11741005257295 0.3705
-7.11752363465449 0.3706
-7.11763390182452 0.3707
-7.1177274155094 0.3708
-7.11783044502383 0.3709
-7.1178991024389 0.371
-7.11793785291533 0.3711
-7.11794420825097 0.3712
-7.11793545054154 0.3713
-7.11789183820816 0.3714
-7.11783870141993 0.3715
-7.11779191075821 0.3716
-7.11772596764771 0.3717
-7.11765258849407 0.3718
-7.11757385502488 0.3719
-7.11746230554157 0.372
-7.11733208776343 0.3721
-7.11719800659815 0.3722
-7.11705638307069 0.3723
-7.11690605245122 0.3724
-7.11675243516873 0.3725
-7.11659482130682 0.3726
-7.11644697017959 0.3727
-7.11631066814964 0.3728
-7.11617921085526 0.3729
-7.11603965908701 0.373
-7.11592019585798 0.3731
-7.11581457438458 0.3732
-7.11573493955546 0.3733
-7.11567319181878 0.3734
-7.11562952979156 0.3735
-7.11560675052937 0.3736
-7.11561071489714 0.3737
-7.11562138511855 0.3738
-7.11563238602359 0.3739
-7.11564943566439 0.374
-7.1156861336623 0.3741
-7.11574269972545 0.3742
-7.11579519314919 0.3743
-7.11582968218737 0.3744
-7.11583455090817 0.3745
-7.11584459172704 0.3746
-7.11585102498813 0.3747
-7.11584787773754 0.3748
-7.11583208164296 0.3749
-7.11580198689087 0.375
-7.11576109261006 0.3751
-7.11570271424997 0.3752
-7.11564871532031 0.3753
-7.11558862973096 0.3754
-7.11552274774734 0.3755
-7.1154574882336 0.3756
-7.11541816879327 0.3757
-7.11536174210827 0.3758
-7.11529372896512 0.3759
-7.11522483866892 0.376
-7.11513910077778 0.3761
-7.11506463747754 0.3762
-7.11500859735015 0.3763
-7.11496503079198 0.3764
-7.11491044067489 0.3765
-7.11487292974717 0.3766
-7.1148219493048 0.3767
-7.11476671019097 0.3768
-7.11474676641236 0.3769
-7.11473945052356 0.377
-7.11475586868376 0.3771
-7.11478351441988 0.3772
-7.11482896615649 0.3773
-7.11488729854984 0.3774
-7.11496505690395 0.3775
-7.11503651471149 0.3776
-7.1151287110932 0.3777
-7.11522703878205 0.3778
-7.11532789441316 0.3779
-7.11542482763059 0.378
-7.11552394536128 0.3781
-7.11565513846435 0.3782
-7.11579462408805 0.3783
-7.11593611164819 0.3784
-7.1160809576549 0.3785
-7.11621456025387 0.3786
-7.11634863926929 0.3787
-7.11648515642243 0.3788
-7.1166050459333 0.3789
-7.116701950558 0.379
-7.11679216035469 0.3791
-7.11688266270923 0.3792
-7.11698235203653 0.3793
-7.11705837988775 0.3794
-7.11712144563741 0.3795
-7.1171820593836 0.3796
-7.11722744772458 0.3797
-7.11725853649687 0.3798
-7.11726531064883 0.3799
-7.11727864108062 0.38
-7.11727350367597 0.3801
-7.11724028648427 0.3802
-7.11721332453839 0.3803
-7.11718989026585 0.3804
-7.11715396625016 0.3805
-7.11711392175951 0.3806
-7.11705959715752 0.3807
-7.11699357414409 0.3808
-7.11694176525027 0.3809
-7.1168907821088 0.381
-7.11683745650772 0.3811
-7.11676480440595 0.3812
-7.11669988460724 0.3813
-7.11662152168787 0.3814
-7.11655423321071 0.3815
-7.11649001949561 0.3816
-7.11644807389745 0.3817
-7.11641053739497 0.3818
-7.11639140711368 0.3819
-7.11638725557836 0.382
-7.11638482912752 0.3821
-7.11636644379907 0.3822
-7.11636697780497 0.3823
-7.11638289682829 0.3824
-7.11641125313591 0.3825
-7.11645880881348 0.3826
-7.11653300561232 0.3827
-7.11660324736302 0.3828
-7.1166743971552 0.3829
-7.11673897119197 0.383
-7.11682526037128 0.3831
-7.11689992641587 0.3832
-7.1169776248791 0.3833
-7.11705503807109 0.3834
-7.11713553275484 0.3835
-7.11721466143689 0.3836
-7.11729772692017 0.3837
-7.11736931223384 0.3838
-7.11743760184618 0.3839
-7.11750130777456 0.384
-7.11755842823328 0.3841
-7.11759792401375 0.3842
-7.11761890000324 0.3843
-7.11762686469221 0.3844
-7.11760418893836 0.3845
-7.11755014524233 0.3846
-7.11747775085235 0.3847
-7.1174065808319 0.3848
-7.11731271443549 0.3849
-7.1172204242098 0.385
-7.11711098016216 0.3851
-7.11699715084313 0.3852
-7.116891725822 0.3853
-7.11678181576639 0.3854
-7.1166577541135 0.3855
-7.11654319693359 0.3856
-7.11644045664304 0.3857
-7.1163234257004 0.3858
-7.11620912780333 0.3859
-7.11610190646619 0.386
-7.11600982962824 0.3861
-7.11593266809384 0.3862
-7.11587025260848 0.3863
-7.11583746159133 0.3864
-7.11580166444676 0.3865
-7.11576208715869 0.3866
-7.11572420947747 0.3867
-7.11565340108856 0.3868
-7.1155859751748 0.3869
-7.11551983649745 0.387
-7.11544303927426 0.3871
-7.1153577298794 0.3872
-7.11526672109241 0.3873
-7.11515063087051 0.3874
-7.11503242116687 0.3875
-7.11490594263651 0.3876
-7.11475622788323 0.3877
-7.11459061874472 0.3878
-7.11441862247228 0.3879
-7.11423921874497 0.388
-7.1140862156152 0.3881
-7.11394513900976 0.3882
-7.11382468183132 0.3883
-7.11373023219131 0.3884
-7.11366649960228 0.3885
-7.11362248100743 0.3886
-7.11359964867463 0.3887
-7.11361986061302 0.3888
-7.11365427663177 0.3889
-7.11370559706276 0.389
-7.11378304548026 0.3891
-7.11387407376189 0.3892
-7.11397386534846 0.3893
-7.1140819596872 0.3894
-7.11420066822706 0.3895
-7.11432597936595 0.3896
-7.11443977466256 0.3897
-7.11455495323119 0.3898
-7.1146776877524 0.3899
-7.11481220961849 0.39
-7.11494941759891 0.3901
-7.11509766821816 0.3902
-7.11523938531496 0.3903
-7.11537399031418 0.3904
-7.11549016014297 0.3905
-7.11559316161256 0.3906
-7.11568870795017 0.3907
-7.1157856528307 0.3908
-7.11587664483234 0.3909
-7.1159605135649 0.391
-7.11604394833001 0.3911
-7.11612290211553 0.3912
-7.1161984611984 0.3913
-7.11628995337156 0.3914
-7.11637463869425 0.3915
-7.1164426493138 0.3916
-7.1164987502352 0.3917
-7.11655005949698 0.3918
-7.11661471841274 0.3919
-7.11667263492329 0.392
-7.11671552379689 0.3921
-7.11676219195537 0.3922
-7.11680147491105 0.3923
-7.11683396361864 0.3924
-7.11686315797768 0.3925
-7.11687308171838 0.3926
-7.11688792319247 0.3927
-7.1168810915006 0.3928
-7.11687141676292 0.3929
-7.11684502590807 0.393
-7.11681405661961 0.3931
-7.11675884603728 0.3932
-7.11668268944225 0.3933
-7.11660557491119 0.3934
-7.11651016458799 0.3935
-7.11640553176639 0.3936
-7.1162935328808 0.3937
-7.11617491972887 0.3938
-7.11604384242499 0.3939
-7.11592068256607 0.394
-7.11580861722311 0.3941
-7.1157009416889 0.3942
-7.11558426443968 0.3943
-7.11545212295626 0.3944
-7.1153283284324 0.3945
-7.11522064197152 0.3946
-7.11511253556569 0.3947
-7.11502148085139 0.3948
-7.11494899498899 0.3949
-7.11488614501975 0.395
-7.11484755699247 0.3951
-7.11484158550752 0.3952
-7.11484515743427 0.3953
-7.11487760053459 0.3954
-7.1149494906117 0.3955
-7.11504110616953 0.3956
-7.11516517346086 0.3957
-7.11527770052473 0.3958
-7.1153923435337 0.3959
-7.11548218881818 0.396
-7.11558279619186 0.3961
-7.11566729589545 0.3962
-7.11574582477999 0.3963
-7.1158037237174 0.3964
-7.115851442029 0.3965
-7.11588706480585 0.3966
-7.11591039898169 0.3967
-7.11591748325734 0.3968
-7.11588885012604 0.3969
-7.11584780724312 0.397
-7.11578485240407 0.3971
-7.1157192249649 0.3972
-7.11565627339543 0.3973
-7.11558371123401 0.3974
-7.11550121122945 0.3975
-7.1153939070275 0.3976
-7.11529114593643 0.3977
-7.11518244067913 0.3978
-7.11507812575063 0.3979
-7.11496821238759 0.398
-7.11485545576877 0.3981
-7.11474855672648 0.3982
-7.1146510843122 0.3983
-7.11456823043528 0.3984
-7.11448579422241 0.3985
-7.11440644484006 0.3986
-7.11432211689493 0.3987
-7.11425056868684 0.3988
-7.11418149031956 0.3989
-7.11410514771405 0.399
-7.11403553585415 0.3991
-7.11397197991684 0.3992
-7.11392358929195 0.3993
-7.11389538651774 0.3994
-7.11386529867814 0.3995
-7.11385868438939 0.3996
-7.11384947858814 0.3997
-7.11385094658653 0.3998
-7.11385635344309 0.3999
-7.1138642105986 0.4
-7.11389457551066 0.4001
-7.11394195669245 0.4002
-7.11400866142489 0.4003
-7.11407784968134 0.4004
-7.11414136176748 0.4005
-7.11420494573362 0.4006
-7.1142835309851 0.4007
-7.11438154686584 0.4008
-7.11448300339744 0.4009
-7.11458705336102 0.401
-7.11468069323401 0.4011
-7.1147524706707 0.4012
-7.11481675884309 0.4013
-7.11486157538723 0.4014
-7.11490793864351 0.4015
-7.11493655372588 0.4016
-7.11495618096631 0.4017
-7.11496319625518 0.4018
-7.11496306290003 0.4019
-7.11496637503407 0.402
-7.11496248557998 0.4021
-7.11495859341087 0.4022
-7.11495627235545 0.4023
-7.11494837357493 0.4024
-7.11494139776284 0.4025
-7.11493673115972 0.4026
-7.11492595592769 0.4027
-7.11492626873486 0.4028
-7.11493833537754 0.4029
-7.11495092874803 0.403
-7.11496191815705 0.4031
-7.11495588255115 0.4032
-7.11494385867764 0.4033
-7.11492781430403 0.4034
-7.11491928486322 0.4035
-7.11491054660358 0.4036
-7.11489508699935 0.4037
-7.11488808600516 0.4038
-7.11489544995279 0.4039
-7.11491399843965 0.404
-7.11490918004246 0.4041
-7.11489190273606 0.4042
-7.11487665437821 0.4043
-7.11486825189465 0.4044
-7.11487699623244 0.4045
-7.11488176091519 0.4046
-7.11489286111136 0.4047
-7.11490041138222 0.4048
-7.11489174304219 0.4049
-7.11487874506916 0.405
-7.11485258505005 0.4051
-7.11482472350228 0.4052
-7.11478224241731 0.4053
-7.11476131180365 0.4054
-7.11472860843871 0.4055
-7.1147178719941 0.4056
-7.114710937824 0.4057
-7.11470903017728 0.4058
-7.11470904789777 0.4059
-7.11471908381595 0.406
-7.11474859332173 0.4061
-7.11477214809335 0.4062
-7.1147870684613 0.4063
-7.11479192579257 0.4064
-7.114805187416 0.4065
-7.11483025968756 0.4066
-7.11486954869531 0.4067
-7.11489233364004 0.4068
-7.11492852411815 0.4069
-7.11495324792772 0.407
-7.11496400598239 0.4071
-7.11496650447614 0.4072
-7.11495154238526 0.4073
-7.11491570293675 0.4074
-7.11487067592861 0.4075
-7.11481770275192 0.4076
-7.11475099442996 0.4077
-7.11467759404544 0.4078
-7.11460737976687 0.4079
-7.11452599623326 0.408
-7.11441964279474 0.4081
-7.11431471784361 0.4082
-7.11420991314566 0.4083
-7.11411717426274 0.4084
-7.1140207480691 0.4085
-7.11389626788566 0.4086
-7.11377875207242 0.4087
-7.11368649755493 0.4088
-7.11359333449265 0.4089
-7.11349910316993 0.409
-7.113393580352 0.4091
-7.11328399554667 0.4092
-7.11319098037718 0.4093
-7.11308368890755 0.4094
-7.1129764500726 0.4095
-7.11285766871058 0.4096
-7.11273393109562 0.4097
-7.11262507120596 0.4098
-7.11249761384869 0.4099
-7.11236744233045 0.41
-7.11224590810563 0.4101
-7.11211741827266 0.4102
-7.1119866906738 0.4103
-7.11184674201679 0.4104
-7.11170985035648 0.4105
-7.11154243253362 0.4106
-7.11136944351933 0.4107
-7.11119962015961 0.4108
-7.11102217586999 0.4109
-7.11086046390044 0.411
-7.11070292772676 0.4111
-7.11054269229921 0.4112
-7.11039869629679 0.4113
-7.11025409431273 0.4114
-7.11011261082276 0.4115
-7.10999259788927 0.4116
-7.10987639586289 0.4117
-7.10976539372368 0.4118
-7.10966293666895 0.4119
-7.10957005664727 0.412
-7.10949268571948 0.4121
-7.10941694564037 0.4122
-7.10933627736285 0.4123
-7.10924838478356 0.4124
-7.10917615965524 0.4125
-7.10913875696617 0.4126
-7.10910945577692 0.4127
-7.10907456827355 0.4128
-7.10906069766356 0.4129
-7.10906999307662 0.413
-7.10910154335702 0.4131
-7.1091387963092 0.4132
-7.10917266369282 0.4133
-7.10920978542326 0.4134
-7.10925075801942 0.4135
-7.1092995102417 0.4136
-7.10936642414024 0.4137
-7.10944411466083 0.4138
-7.10954170637543 0.4139
-7.10966264359734 0.414
-7.10979514120224 0.4141
-7.10993246966438 0.4142
-7.11008814061378 0.4143
-7.11026758726427 0.4144
-7.11045785014839 0.4145
-7.11066663841107 0.4146
-7.11089525403585 0.4147
-7.11114161531123 0.4148
-7.11138049015008 0.4149
-7.11163219150761 0.415
-7.11187620041762 0.4151
-7.11211218498493 0.4152
-7.11234943121977 0.4153
-7.1125664428722 0.4154
-7.11275693656918 0.4155
-7.11293246043384 0.4156
-7.11310341546383 0.4157
-7.11326312217175 0.4158
-7.11340138911719 0.4159
-7.11352809208291 0.416
-7.11362456483086 0.4161
-7.11367990142646 0.4162
-7.11371405496335 0.4163
-7.11373012696521 0.4164
-7.11371308150896 0.4165
-7.11366932627422 0.4166
-7.11361271576363 0.4167
-7.11353635553465 0.4168
-7.11342066723884 0.4169
-7.11330633286726 0.417
-7.1131855553212 0.4171
-7.11307102617972 0.4172
-7.11297603726923 0.4173
-7.11288350584314 0.4174
-7.11281419277674 0.4175
-7.11276070849846 0.4176
-7.11270946099789 0.4177
-7.11266166556785 0.4178
-7.11262878412765 0.4179
-7.11260468928711 0.418
-7.11258560102824 0.4181
-7.11258907672335 0.4182
-7.11259983238907 0.4183
-7.11261607979315 0.4184
-7.11263300828768 0.4185
-7.11264014630797 0.4186
-7.11263801081129 0.4187
-7.11262832533252 0.4188
-7.11260700145309 0.4189
-7.11257545015253 0.419
-7.11254693651368 0.4191
-7.11251068067524 0.4192
-7.1124829077999 0.4193
-7.11244984004256 0.4194
-7.1124085783975 0.4195
-7.11238416245951 0.4196
-7.11235521431789 0.4197
-7.11232855090947 0.4198
-7.11231482544816 0.4199
-7.11228574082924 0.42
-7.11223571504939 0.4201
-7.11217947676489 0.4202
-7.11212940582396 0.4203
-7.11209889969538 0.4204
-7.11208421277796 0.4205
-7.11205215053038 0.4206
-7.11205088304252 0.4207
-7.11205330680833 0.4208
-7.11207361661883 0.4209
-7.11211863520129 0.421
-7.1121749288593 0.4211
-7.11224652587678 0.4212
-7.11231182088046 0.4213
-7.1123955880566 0.4214
-7.11247264501207 0.4215
-7.11255230413219 0.4216
-7.1126389801581 0.4217
-7.11272353467407 0.4218
-7.11280094393991 0.4219
-7.1128833339127 0.422
-7.11297331373051 0.4221
-7.11305759763888 0.4222
-7.11312925844851 0.4223
-7.11320317946585 0.4224
-7.11326661020296 0.4225
-7.11333128871877 0.4226
-7.11339930952141 0.4227
-7.11345052084288 0.4228
-7.11349043901207 0.4229
-7.11350158199569 0.423
-7.11348492246746 0.4231
-7.11347467971005 0.4232
-7.11344718439526 0.4233
-7.11337034775917 0.4234
-7.1132788284714 0.4235
-7.11316520111067 0.4236
-7.11302570898738 0.4237
-7.11286714095692 0.4238
-7.1126888947828 0.4239
-7.11249468759582 0.424
-7.11229657753959 0.4241
-7.11209681915057 0.4242
-7.11189612189567 0.4243
-7.11169318485051 0.4244
-7.1115121394978 0.4245
-7.11133559091481 0.4246
-7.11115769693723 0.4247
-7.1110128876106 0.4248
-7.11089745203693 0.4249
-7.11078430298501 0.425
-7.1106860357256 0.4251
-7.11062150113575 0.4252
-7.11056768360715 0.4253
-7.11052339141344 0.4254
-7.11049184606772 0.4255
-7.11047524550918 0.4256
-7.1104905068647 0.4257
-7.11049851203809 0.4258
-7.11050627864831 0.4259
-7.11052281028418 0.426
-7.11055406047563 0.4261
-7.11057995584415 0.4262
-7.11057493588936 0.4263
-7.11057260793219 0.4264
-7.11056144013015 0.4265
-7.11055532061753 0.4266
-7.11056568395677 0.4267
-7.11058464588913 0.4268
-7.11060050979046 0.4269
-7.11061869349538 0.427
-7.11064211699003 0.4271
-7.11066085639516 0.4272
-7.11068752545589 0.4273
-7.11070289573475 0.4274
-7.1107432765532 0.4275
-7.11077144420133 0.4276
-7.11080149172073 0.4277
-7.11082770222065 0.4278
-7.11083553063913 0.4279
-7.1108309612907 0.428
-7.1108025407428 0.4281
-7.11077058124408 0.4282
-7.11072753886151 0.4283
-7.11066078923918 0.4284
-7.11056383467631 0.4285
-7.11047023205158 0.4286
-7.11035052386121 0.4287
-7.11021683320415 0.4288
-7.11007508496809 0.4289
-7.10995370144652 0.429
-7.10984273128629 0.4291
-7.10972942016462 0.4292
-7.10962479577344 0.4293
-7.10952027634659 0.4294
-7.10943967732728 0.4295
-7.10938983527061 0.4296
-7.10934800809904 0.4297
-7.10931783867311 0.4298
-7.10928971719231 0.4299
-7.10925495446752 0.43
-7.10921606013186 0.4301
-7.10916582250561 0.4302
-7.10912866124366 0.4303
-7.10911909409835 0.4304
-7.10911724774151 0.4305
-7.10913055058107 0.4306
-7.10915568622313 0.4307
-7.10919117558527 0.4308
-7.10924354378529 0.4309
-7.109297690065 0.431
-7.10937519112739 0.4311
-7.10946659952767 0.4312
-7.10957278899896 0.4313
-7.10969801460478 0.4314
-7.10982747998692 0.4315
-7.10998567277754 0.4316
-7.11012152713129 0.4317
-7.11025447377741 0.4318
-7.11037528606544 0.4319
-7.11048732976861 0.432
-7.11058026932717 0.4321
-7.1106499597749 0.4322
-7.11070642238636 0.4323
-7.11075413676625 0.4324
-7.11077047202811 0.4325
-7.1107608642617 0.4326
-7.1107355585092 0.4327
-7.11068699683352 0.4328
-7.11062824209041 0.4329
-7.11055474391879 0.433
-7.11048876798428 0.4331
-7.1104154400886 0.4332
-7.11033738810685 0.4333
-7.11026560000249 0.4334
-7.11016520194598 0.4335
-7.11009262873958 0.4336
-7.11003685915895 0.4337
-7.10998288663418 0.4338
-7.10994618627923 0.4339
-7.10989774631019 0.434
-7.1098706002675 0.4341
-7.10984905888688 0.4342
-7.10983651819783 0.4343
-7.10984429044528 0.4344
-7.10985059852567 0.4345
-7.10988417317673 0.4346
-7.10992169649855 0.4347
-7.10996966401667 0.4348
-7.10999905505955 0.4349
-7.11003676022255 0.435
-7.11007678929938 0.4351
-7.11011189391114 0.4352
-7.11017206449242 0.4353
-7.11023069715961 0.4354
-7.11030531048872 0.4355
-7.11038002708588 0.4356
-7.11044058697434 0.4357
-7.11048977542763 0.4358
-7.11053917822701 0.4359
-7.11060180768108 0.436
-7.11067427983274 0.4361
-7.11073021967591 0.4362
-7.11076595643324 0.4363
-7.11078364334005 0.4364
-7.1107935184709 0.4365
-7.1107918484886 0.4366
-7.11075871585494 0.4367
-7.11070930088522 0.4368
-7.11066731852405 0.4369
-7.11059185437271 0.437
-7.11049326077078 0.4371
-7.11038608913738 0.4372
-7.11026052886725 0.4373
-7.1101167285262 0.4374
-7.10996625734018 0.4375
-7.10984354253499 0.4376
-7.10974488386793 0.4377
-7.10965025028416 0.4378
-7.10956325416353 0.4379
-7.10946278795045 0.438
-7.10937521277827 0.4381
-7.10929377715332 0.4382
-7.10922020860526 0.4383
-7.10914194809625 0.4384
-7.10907260913551 0.4385
-7.10900321468185 0.4386
-7.10893509765869 0.4387
-7.10886598954483 0.4388
-7.10878866757779 0.4389
-7.10868885540991 0.439
-7.10858637548228 0.4391
-7.10847096769164 0.4392
-7.10834972746488 0.4393
-7.10821633726648 0.4394
-7.10806783634735 0.4395
-7.10790760200333 0.4396
-7.10773761184541 0.4397
-7.10756816589326 0.4398
-7.10741212562822 0.4399
-7.10726501611067 0.44
-7.1071219151902 0.4401
-7.10697808812847 0.4402
-7.10683558105193 0.4403
-7.1067116140747 0.4404
-7.10661051612974 0.4405
-7.10653150978529 0.4406
-7.10645721980853 0.4407
-7.10639046719307 0.4408
-7.10633126607512 0.4409
-7.10628532826112 0.441
-7.10627538937561 0.4411
-7.10626890019717 0.4412
-7.10627474620571 0.4413
-7.10628960447762 0.4414
-7.10629732087788 0.4415
-7.10630560356834 0.4416
-7.10631329206596 0.4417
-7.10633666871094 0.4418
-7.1063746612824 0.4419
-7.10641135665268 0.442
-7.10643354418858 0.4421
-7.1064665874366 0.4422
-7.10650774269282 0.4423
-7.10656741241867 0.4424
-7.10662492557491 0.4425
-7.10671988394983 0.4426
-7.10682333468337 0.4427
-7.10694437974433 0.4428
-7.10708645207357 0.4429
-7.10723831060007 0.443
-7.10739962693291 0.4431
-7.10755636918835 0.4432
-7.10773772256882 0.4433
-7.10789536496097 0.4434
-7.10804954395857 0.4435
-7.10821170025353 0.4436
-7.10836757328809 0.4437
-7.10849197825257 0.4438
-7.10859062634524 0.4439
-7.10869932235732 0.444
-7.10878080743493 0.4441
-7.10884864608482 0.4442
-7.10889896007334 0.4443
-7.10892852320431 0.4444
-7.10895471658907 0.4445
-7.10897752886443 0.4446
-7.10900420052111 0.4447
-7.10903695987352 0.4448
-7.10908701203312 0.4449
-7.10915416987388 0.445
-7.10921822213312 0.4451
-7.10928110429882 0.4452
-7.1093403371393 0.4453
-7.10939680505505 0.4454
-7.10945251049048 0.4455
-7.10949448178921 0.4456
-7.10951529783919 0.4457
-7.10954176728242 0.4458
-7.10955887047264 0.4459
-7.1096026182715 0.446
-7.10963629986504 0.4461
-7.10966550762654 0.4462
-7.10969528951918 0.4463
-7.1097238718808 0.4464
-7.10973755490535 0.4465
-7.10977212405946 0.4466
-7.1098055589302 0.4467
-7.10983837854349 0.4468
-7.10989264351892 0.4469
-7.10996030038437 0.447
-7.11002937445573 0.4471
-7.11007326603908 0.4472
-7.11011861070184 0.4473
-7.11015335011692 0.4474
-7.11016701965864 0.4475
-7.11019251035015 0.4476
-7.11021923922885 0.4477
-7.11024771363571 0.4478
-7.11028899034904 0.4479
-7.11033242909722 0.448
-7.11038730000145 0.4481
-7.11045333126986 0.4482
-7.11053476203382 0.4483
-7.11060488077256 0.4484
-7.11066788626375 0.4485
-7.11072774649831 0.4486
-7.11077006309749 0.4487
-7.11079786246845 0.4488
-7.11081322173756 0.4489
-7.11083005094146 0.449
-7.11082732093692 0.4491
-7.11081433427502 0.4492
-7.11077542179959 0.4493
-7.11073326774454 0.4494
-7.11067139869303 0.4495
-7.11059733488089 0.4496
-7.11049527194406 0.4497
-7.11035412397419 0.4498
-7.110188607795 0.4499
-7.11000541631236 0.45
-7.10981960774025 0.4501
-7.10961869463242 0.4502
-7.10939674321048 0.4503
-7.10915984762926 0.4504
-7.10890901945599 0.4505
-7.10865482008898 0.4506
-7.10838864093795 0.4507
-7.10813573929154 0.4508
-7.10788073046644 0.4509
-7.10762750760171 0.451
-7.10740933942803 0.4511
-7.10720440365569 0.4512
-7.10701935290857 0.4513
-7.10684470615517 0.4514
-7.10668536582879 0.4515
-7.10652793790605 0.4516
-7.1063894818869 0.4517
-7.10626538072875 0.4518
-7.10616274005017 0.4519
-7.10607505567305 0.452
-7.10601261149907 0.4521
-7.10599416807736 0.4522
-7.10598422250883 0.4523
-7.10598038765457 0.4524
-7.10598125656444 0.4525
-7.10597638348548 0.4526
-7.1059524409582 0.4527
-7.10592534879589 0.4528
-7.10590597489116 0.4529
-7.10588335977601 0.453
-7.1058454392869 0.4531
-7.10580091069154 0.4532
-7.10574012621149 0.4533
-7.10566530905649 0.4534
-7.10557564299357 0.4535
-7.1054895614607 0.4536
-7.10539905301619 0.4537
-7.10530008565793 0.4538
-7.10520876632849 0.4539
-7.10511008324085 0.454
-7.10500361597207 0.4541
-7.1048820484397 0.4542
-7.10476920205451 0.4543
-7.10464908729856 0.4544
-7.10452651309259 0.4545
-7.10440594420823 0.4546
-7.10429386297713 0.4547
-7.10418850860631 0.4548
-7.10410098273899 0.4549
-7.10401878184998 0.455
-7.10394388975366 0.4551
-7.10388647311585 0.4552
-7.10384606904097 0.4553
-7.10383495033499 0.4554
-7.1038237279285 0.4555
-7.10380871480418 0.4556
-7.10381743985058 0.4557
-7.10380732935074 0.4558
-7.10380570255763 0.4559
-7.10381614404089 0.456
-7.10382470851976 0.4561
-7.10384408293193 0.4562
-7.10387384829456 0.4563
-7.10391197230464 0.4564
-7.10397959134148 0.4565
-7.10404606032937 0.4566
-7.10410326969763 0.4567
-7.10416355842436 0.4568
-7.10422560760754 0.4569
-7.10428726145299 0.457
-7.10434301372476 0.4571
-7.1044121364151 0.4572
-7.10447755770805 0.4573
-7.1045293273834 0.4574
-7.1045806687828 0.4575
-7.10463861884056 0.4576
-7.10471618021333 0.4577
-7.10479980582139 0.4578
-7.10489112886488 0.4579
-7.10497859445531 0.458
-7.10505921910113 0.4581
-7.10513359304596 0.4582
-7.1052223448162 0.4583
-7.1053078200189 0.4584
-7.10538428577382 0.4585
-7.10544325699454 0.4586
-7.10550361618148 0.4587
-7.10555781863055 0.4588
-7.10560553324577 0.4589
-7.10563032870552 0.459
-7.10563205255599 0.4591
-7.10561788750816 0.4592
-7.10560591426698 0.4593
-7.10558729372811 0.4594
-7.10556372260789 0.4595
-7.105552559706 0.4596
-7.1055596639725 0.4597
-7.10559099437394 0.4598
-7.10564363013982 0.4599
-7.10571432624008 0.46
-7.10579515026576 0.4601
-7.10588094404339 0.4602
-7.105984860673 0.4603
-7.10608205302742 0.4604
-7.10619538594395 0.4605
-7.10633362050783 0.4606
-7.1064782363869 0.4607
-7.10663787483296 0.4608
-7.10680098759848 0.4609
-7.10696269774586 0.461
-7.10711837280219 0.4611
-7.10728719374947 0.4612
-7.10744798287608 0.4613
-7.10760546897764 0.4614
-7.10774724389142 0.4615
-7.10788169608985 0.4616
-7.10799014883825 0.4617
-7.10806792095755 0.4618
-7.10809756590828 0.4619
-7.10809943873626 0.462
-7.10809368993323 0.4621
-7.10805282531995 0.4622
-7.1079950789291 0.4623
-7.10792503939029 0.4624
-7.10783430322999 0.4625
-7.10772649248833 0.4626
-7.10759681510394 0.4627
-7.10744604892183 0.4628
-7.10726366981722 0.4629
-7.10706757756902 0.463
-7.10689361833147 0.4631
-7.10670566257499 0.4632
-7.10652613534429 0.4633
-7.10636853843948 0.4634
-7.10621911228009 0.4635
-7.10606693819825 0.4636
-7.10592226269108 0.4637
-7.10580186268478 0.4638
-7.10567956747486 0.4639
-7.10558465573181 0.464
-7.10551159596661 0.4641
-7.10546360477739 0.4642
-7.1054136021433 0.4643
-7.10537257124615 0.4644
-7.10533954795858 0.4645
-7.10532283192448 0.4646
-7.10532406734765 0.4647
-7.10532242606376 0.4648
-7.10532248876005 0.4649
-7.10533128488738 0.465
-7.10532614269178 0.4651
-7.10533595744341 0.4652
-7.10534911288927 0.4653
-7.10537366410353 0.4654
-7.10538871722816 0.4655
-7.10542427700223 0.4656
-7.10547215339121 0.4657
-7.10551945479835 0.4658
-7.10558887861972 0.4659
-7.10564869216191 0.466
-7.10571714550133 0.4661
-7.10578201121443 0.4662
-7.10583315228561 0.4663
-7.10587732597168 0.4664
-7.10592114767947 0.4665
-7.10595637754504 0.4666
-7.10596688411157 0.4667
-7.10596520039925 0.4668
-7.10596985605675 0.4669
-7.10596195844738 0.467
-7.10594383241987 0.4671
-7.10593499019524 0.4672
-7.10591133337612 0.4673
-7.10586565803434 0.4674
-7.10580301294984 0.4675
-7.1057502367423 0.4676
-7.10569954279901 0.4677
-7.10564681708827 0.4678
-7.10559663146126 0.4679
-7.10553867596185 0.468
-7.10550968944035 0.4681
-7.10549454014445 0.4682
-7.10548212303319 0.4683
-7.10546020887777 0.4684
-7.10544500326452 0.4685
-7.10544692472116 0.4686
-7.10544191187974 0.4687
-7.10543850843085 0.4688
-7.10546275962465 0.4689
-7.10548422233156 0.469
-7.10551093075532 0.4691
-7.10553274074314 0.4692
-7.10555509369165 0.4693
-7.10557986310057 0.4694
-7.10559033285669 0.4695
-7.10559716626015 0.4696
-7.10558647536138 0.4697
-7.10556206075626 0.4698
-7.10553452089096 0.4699
-7.10549375507051 0.47
-7.10542805857537 0.4701
-7.10534937818986 0.4702
-7.10524668178276 0.4703
-7.10515244456313 0.4704
-7.10507318538172 0.4705
-7.10501367030182 0.4706
-7.10496420402649 0.4707
-7.10492094647916 0.4708
-7.10487693930724 0.4709
-7.104836541608 0.471
-7.10481806698622 0.4711
-7.1048058146901 0.4712
-7.10479041256039 0.4713
-7.10479381223064 0.4714
-7.10480010088349 0.4715
-7.10479482750024 0.4716
-7.10478608055696 0.4717
-7.10475953346385 0.4718
-7.10474153487383 0.4719
-7.10472550633898 0.472
-7.10468611736369 0.4721
-7.10464408993807 0.4722
-7.10459845550698 0.4723
-7.10455565563987 0.4724
-7.10450483847442 0.4725
-7.10444680111294 0.4726
-7.10438576583795 0.4727
-7.10430858839563 0.4728
-7.10420579279586 0.4729
-7.10410113379599 0.473
-7.10400689240438 0.4731
-7.10392711427498 0.4732
-7.10385254198614 0.4733
-7.10379225908157 0.4734
-7.10373980208954 0.4735
-7.10369758394999 0.4736
-7.1036694028052 0.4737
-7.10367127164017 0.4738
-7.103682179189 0.4739
-7.10372523411574 0.474
-7.10379749247338 0.4741
-7.10387563980858 0.4742
-7.10397154151232 0.4743
-7.10407345238431 0.4744
-7.1041900493109 0.4745
-7.104307806616 0.4746
-7.10443250148027 0.4747
-7.10454736885536 0.4748
-7.1046608927833 0.4749
-7.1047875065209 0.475
-7.10491427268462 0.4751
-7.10503355815404 0.4752
-7.10514892225955 0.4753
-7.10523746391802 0.4754
-7.10532988707315 0.4755
-7.10542476804754 0.4756
-7.10551251197659 0.4757
-7.1056016585215 0.4758
-7.10569323011276 0.4759
-7.10576239441023 0.476
-7.10581501144661 0.4761
-7.10586654826036 0.4762
-7.10591674081683 0.4763
-7.10595862371681 0.4764
-7.10598504348227 0.4765
-7.10602223550913 0.4766
-7.10605135307371 0.4767
-7.10607662923699 0.4768
-7.1060859873807 0.4769
-7.10609498701765 0.477
-7.10609867225993 0.4771
-7.1060964879181 0.4772
-7.1061113863598 0.4773
-7.10611312745884 0.4774
-7.10608698843275 0.4775
-7.10604523737856 0.4776
-7.10598275960587 0.4777
-7.10592613599494 0.4778
-7.10585737058681 0.4779
-7.10578444891946 0.478
-7.10570874895327 0.4781
-7.10563284123183 0.4782
-7.10556962247578 0.4783
-7.10551154452491 0.4784
-7.10544018114488 0.4785
-7.10535580974859 0.4786
-7.10528088505625 0.4787
-7.10522172973473 0.4788
-7.10516723956812 0.4789
-7.10511628001175 0.479
-7.10507030603964 0.4791
-7.10502099071529 0.4792
-7.10498216634088 0.4793
-7.1049493627332 0.4794
-7.10491208223525 0.4795
-7.10489134998183 0.4796
-7.10486926907751 0.4797
-7.10485210916113 0.4798
-7.10484102767247 0.4799
-7.10482887252421 0.48
-7.10482805930652 0.4801
-7.10483305803219 0.4802
-7.10485058522664 0.4803
-7.10485826584989 0.4804
-7.10486810882693 0.4805
-7.10487570234137 0.4806
-7.10488852590241 0.4807
-7.1048989767744 0.4808
-7.10490388829081 0.4809
-7.10490856156557 0.481
-7.10492729073714 0.4811
-7.10495527104983 0.4812
-7.10497351311751 0.4813
-7.10498535178142 0.4814
-7.10501519535675 0.4815
-7.10505280956737 0.4816
-7.10508958331432 0.4817
-7.10515372408683 0.4818
-7.10522699559001 0.4819
-7.10531885910657 0.482
-7.10542374088041 0.4821
-7.10554224811723 0.4822
-7.10568707927363 0.4823
-7.10584054398219 0.4824
-7.10600000736431 0.4825
-7.10616660570002 0.4826
-7.10634135798254 0.4827
-7.1065190120655 0.4828
-7.10670136856145 0.4829
-7.10686834150803 0.483
-7.10701866471431 0.4831
-7.10715592820935 0.4832
-7.10729273604946 0.4833
-7.10740476037067 0.4834
-7.10750043792971 0.4835
-7.10759283024746 0.4836
-7.1076644307909 0.4837
-7.10770867578185 0.4838
-7.10773941338089 0.4839
-7.1077539607983 0.484
-7.10774211269911 0.4841
-7.1077106393991 0.4842
-7.10765350714298 0.4843
-7.10760369030841 0.4844
-7.10754728127976 0.4845
-7.10750733898652 0.4846
-7.10747430274876 0.4847
-7.10744311531401 0.4848
-7.10744239206384 0.4849
-7.10745326763653 0.485
-7.10746772930878 0.4851
-7.10747773580389 0.4852
-7.10745962600417 0.4853
-7.10743612403135 0.4854
-7.1074064996273 0.4855
-7.1073699340218 0.4856
-7.10732479110633 0.4857
-7.10725224054405 0.4858
-7.10717078600117 0.4859
-7.10707571207815 0.486
-7.10695629307833 0.4861
-7.10683513741272 0.4862
-7.10671844662574 0.4863
-7.10662930281217 0.4864
-7.10654394970611 0.4865
-7.10645648761763 0.4866
-7.10638083638338 0.4867
-7.10629904712837 0.4868
-7.10622507993131 0.4869
-7.10615733032539 0.487
-7.10608829266786 0.4871
-7.10603421787653 0.4872
-7.10598219183173 0.4873
-7.10592697131455 0.4874
-7.10588228208334 0.4875
-7.10584170568993 0.4876
-7.10579193985411 0.4877
-7.1057583316964 0.4878
-7.10571678481568 0.4879
-7.10567005001275 0.488
-7.10564207707561 0.4881
-7.10561691209597 0.4882
-7.10559482426397 0.4883
-7.10557053608716 0.4884
-7.10554716999677 0.4885
-7.10550734794181 0.4886
-7.1054718684086 0.4887
-7.10542053555054 0.4888
-7.10538710352133 0.4889
-7.10533946152881 0.489
-7.10529563024707 0.4891
-7.10523927808122 0.4892
-7.10518187081428 0.4893
-7.10512484224312 0.4894
-7.10507162658451 0.4895
-7.10501619671073 0.4896
-7.1049550975982 0.4897
-7.10489485554876 0.4898
-7.10484892220177 0.4899
-7.10480946676572 0.49
-7.10477270060791 0.4901
-7.10473009462224 0.4902
-7.10470707782266 0.4903
-7.10467227522593 0.4904
-7.10464788343503 0.4905
-7.10461872749988 0.4906
-7.10456545493883 0.4907
-7.10449645604008 0.4908
-7.10441767557533 0.4909
-7.10432712429654 0.491
-7.10424328526351 0.4911
-7.10411856000211 0.4912
-7.10398726656796 0.4913
-7.10386003484004 0.4914
-7.10373040121853 0.4915
-7.10361748532181 0.4916
-7.10350817553563 0.4917
-7.10339764631134 0.4918
-7.10328025813542 0.4919
-7.10317339611911 0.492
-7.10305888072477 0.4921
-7.10295095991313 0.4922
-7.10284577474255 0.4923
-7.10274379623517 0.4924
-7.1026396162284 0.4925
-7.10254000616561 0.4926
-7.10242340826564 0.4927
-7.10232046867697 0.4928
-7.10221764876655 0.4929
-7.1021220353681 0.493
-7.10202705364925 0.4931
-7.10195917461519 0.4932
-7.1018809902663 0.4933
-7.10177823956324 0.4934
-7.10169505063925 0.4935
-7.10162502992613 0.4936
-7.10156558308124 0.4937
-7.10152266017223 0.4938
-7.10148353026265 0.4939
-7.1014485798778 0.494
-7.10141468684176 0.4941
-7.10138843178835 0.4942
-7.10138422600813 0.4943
-7.10141519413105 0.4944
-7.10146639352186 0.4945
-7.10153506547223 0.4946
-7.10160941516215 0.4947
-7.10168067952373 0.4948
-7.10175996118594 0.4949
-7.10184292224081 0.495
-7.10191521059818 0.4951
-7.1019886977324 0.4952
-7.10204378851868 0.4953
-7.1020908546377 0.4954
-7.1021626111175 0.4955
-7.10225231520592 0.4956
-7.10232022627154 0.4957
-7.10240484622641 0.4958
-7.10249316648575 0.4959
-7.10258791783247 0.496
-7.10267789592362 0.4961
-7.10277065374772 0.4962
-7.1028468862031 0.4963
-7.10291740733684 0.4964
-7.10299443295502 0.4965
-7.10308300568734 0.4966
-7.10317527219974 0.4967
-7.10326428397666 0.4968
-7.10335822490117 0.4969
-7.10346377508821 0.497
-7.10357183801662 0.4971
-7.10367971666348 0.4972
-7.10381802346136 0.4973
-7.1039452123275 0.4974
-7.10404429154467 0.4975
-7.10413951156171 0.4976
-7.10421500969704 0.4977
-7.10427312819165 0.4978
-7.10429400841711 0.4979
-7.10427738733913 0.498
-7.10421763135313 0.4981
-7.10413310210137 0.4982
-7.10404164056592 0.4983
-7.10393983487815 0.4984
-7.10384506881666 0.4985
-7.10375651261046 0.4986
-7.10366480512602 0.4987
-7.10357509073683 0.4988
-7.10347280742036 0.4989
-7.10337668561691 0.499
-7.10330119844822 0.4991
-7.10321329076199 0.4992
-7.10311754307916 0.4993
-7.10301428579041 0.4994
-7.10290730597791 0.4995
-7.10279227086104 0.4996
-7.10269880445221 0.4997
-7.10260974395868 0.4998
-7.10249714252644 0.4999
-7.10238159634154 0.5
-7.10226146913308 0.5001
-7.10211167848072 0.5002
-7.10196334472641 0.5003
-7.10179675694799 0.5004
-7.10163667277216 0.5005
-7.1014905919376 0.5006
-7.10135669513534 0.5007
-7.1012365270805 0.5008
-7.10110770498504 0.5009
-7.1009885103922 0.501
-7.10089975022157 0.5011
-7.10082280939779 0.5012
-7.10077282229439 0.5013
-7.10071635001804 0.5014
-7.10067633960982 0.5015
-7.10065429846814 0.5016
-7.10064340475865 0.5017
-7.1006432869543 0.5018
-7.10062772015941 0.5019
-7.10063262435426 0.502
-7.10061432897044 0.5021
-7.10060526958659 0.5022
-7.10059587003369 0.5023
-7.10058928438901 0.5024
-7.10059773453087 0.5025
-7.10061951617237 0.5026
-7.1006382709199 0.5027
-7.10064923541674 0.5028
-7.10066396331291 0.5029
-7.1007084423694 0.503
-7.10074434497345 0.5031
-7.10080870197117 0.5032
-7.10088174674474 0.5033
-7.10094488859989 0.5034
-7.10098790472204 0.5035
-7.10105078501164 0.5036
-7.10113251559707 0.5037
-7.10123399482827 0.5038
-7.10132689603937 0.5039
-7.10141261562296 0.504
-7.10151297425797 0.5041
-7.10162782719397 0.5042
-7.10173840267545 0.5043
-7.10183294464203 0.5044
-7.1019237805519 0.5045
-7.10201701439784 0.5046
-7.10210370427069 0.5047
-7.10217923538441 0.5048
-7.1022544399803 0.5049
-7.10232266817355 0.505
-7.10239701604944 0.5051
-7.10247821691127 0.5052
-7.1025299882435 0.5053
-7.10257884383041 0.5054
-7.10264176603329 0.5055
-7.1027241457806 0.5056
-7.10281184713399 0.5057
-7.10290220339493 0.5058
-7.10300521032932 0.5059
-7.10310785900933 0.506
-7.10321034747104 0.5061
-7.10330289165341 0.5062
-7.10338639193159 0.5063
-7.1034745759001 0.5064
-7.10354529238198 0.5065
-7.10359281642045 0.5066
-7.1036338163234 0.5067
-7.10367950772806 0.5068
-7.10370798741823 0.5069
-7.1037254826419 0.507
-7.10372908418018 0.5071
-7.10372165624474 0.5072
-7.10371319246094 0.5073
-7.10371050271738 0.5074
-7.10370620357959 0.5075
-7.10369876679737 0.5076
-7.10368923195831 0.5077
-7.10370028712326 0.5078
-7.10370781677271 0.5079
-7.10372492643321 0.508
-7.10375111607008 0.5081
-7.10378854876525 0.5082
-7.10381803215239 0.5083
-7.10384667119368 0.5084
-7.10387013772409 0.5085
-7.10389704838676 0.5086
-7.10392224526942 0.5087
-7.10394220912129 0.5088
-7.10395202186054 0.5089
-7.10394918858279 0.509
-7.1039449952005 0.5091
-7.1039220400435 0.5092
-7.10388136876613 0.5093
-7.1038103916941 0.5094
-7.10371350023672 0.5095
-7.10359947259122 0.5096
-7.10346567775768 0.5097
-7.10330651275624 0.5098
-7.10313659761022 0.5099
-7.1029514963228 0.51
-7.10277294718722 0.5101
-7.10259796638924 0.5102
-7.1024218230534 0.5103
-7.10223430353033 0.5104
-7.10206330917314 0.5105
-7.10188942528259 0.5106
-7.10170844074409 0.5107
-7.10151639226113 0.5108
-7.10133349928137 0.5109
-7.1011613049471 0.511
-7.10102166588067 0.5111
-7.10086960952717 0.5112
-7.10070835609892 0.5113
-7.10055108671061 0.5114
-7.10039020306871 0.5115
-7.10022716849476 0.5116
-7.10007382808638 0.5117
-7.09990780480907 0.5118
-7.09977554747976 0.5119
-7.09963161073001 0.512
-7.0995220561834 0.5121
-7.09942802877442 0.5122
-7.09935294252546 0.5123
-7.09929896104446 0.5124
-7.099269134724 0.5125
-7.09926365883764 0.5126
-7.09926106288967 0.5127
-7.09926653021552 0.5128
-7.09927659652325 0.5129
-7.09929511139109 0.513
-7.09931575539007 0.5131
-7.09936387635183 0.5132
-7.09942355834467 0.5133
-7.09947381540846 0.5134
-7.0995366917035 0.5135
-7.09960510203378 0.5136
-7.09969113943445 0.5137
-7.09977860840832 0.5138
-7.09986110773007 0.5139
-7.09994980796184 0.514
-7.1000269549998 0.5141
-7.10011839783847 0.5142
-7.1001754810197 0.5143
-7.10023199227746 0.5144
-7.10024870357894 0.5145
-7.1002653602699 0.5146
-7.10027238692586 0.5147
-7.10027655727138 0.5148
-7.10026817574783 0.5149
-7.10027091470115 0.515
-7.10026475776352 0.5151
-7.10024867221705 0.5152
-7.10023138724586 0.5153
-7.10020547744462 0.5154
-7.10015579269188 0.5155
-7.10009421875333 0.5156
-7.1000498652602 0.5157
-7.10001209473535 0.5158
-7.09998436613877 0.5159
-7.09996200665481 0.516
-7.0999325536608 0.5161
-7.09989420304264 0.5162
-7.09985903465956 0.5163
-7.09982680933023 0.5164
-7.09978594017742 0.5165
-7.09974601439727 0.5166
-7.09971239188466 0.5167
-7.09969129518489 0.5168
-7.09968679531052 0.5169
-7.09968200076504 0.517
-7.09967578415759 0.5171
-7.09966528091662 0.5172
-7.09965448339513 0.5173
-7.09965995677858 0.5174
-7.09968027318482 0.5175
-7.09969518038229 0.5176
-7.099700198084 0.5177
-7.09970336843099 0.5178
-7.09968294929298 0.5179
-7.09966419808041 0.518
-7.09963099987951 0.5181
-7.09957732070757 0.5182
-7.09953245239157 0.5183
-7.09946793533762 0.5184
-7.09941012757154 0.5185
-7.09935363708178 0.5186
-7.09928257545339 0.5187
-7.09922944982891 0.5188
-7.09919349193428 0.5189
-7.09916036734064 0.519
-7.09914313454377 0.5191
-7.09913406650002 0.5192
-7.09913903503963 0.5193
-7.09913861911886 0.5194
-7.09914988137953 0.5195
-7.09917394914529 0.5196
-7.09920332623361 0.5197
-7.09922741403541 0.5198
-7.09923677804374 0.5199
-7.0992533711149 0.52
-7.09928461729526 0.5201
-7.09929768891413 0.5202
-7.0993162894547 0.5203
-7.09934394591964 0.5204
-7.09936166766708 0.5205
-7.09937016840923 0.5206
-7.09937491670145 0.5207
-7.09938311979493 0.5208
-7.09935194482066 0.5209
-7.09933424210753 0.521
-7.09930368261209 0.5211
-7.09924886042139 0.5212
-7.09920609659676 0.5213
-7.09916277660245 0.5214
-7.09912136903633 0.5215
-7.09908822689617 0.5216
-7.09906953283629 0.5217
-7.09908224327072 0.5218
-7.09911558802677 0.5219
-7.09915404730344 0.522
-7.09920599382994 0.5221
-7.09926079122907 0.5222
-7.09930933243968 0.5223
-7.09934914813925 0.5224
-7.09939822507725 0.5225
-7.09946044479693 0.5226
-7.09953427411556 0.5227
-7.09962281231437 0.5228
-7.09972563680397 0.5229
-7.09981973709985 0.523
-7.09989985431876 0.5231
-7.09997806402586 0.5232
-7.10004526909695 0.5233
-7.10007826776399 0.5234
-7.1001111692981 0.5235
-7.10012749371679 0.5236
-7.10013896653205 0.5237
-7.10014661327859 0.5238
-7.10015031100301 0.5239
-7.10015553957663 0.524
-7.10015639231794 0.5241
-7.10015084849912 0.5242
-7.1001438315775 0.5243
-7.10015881620997 0.5244
-7.10018472308576 0.5245
-7.10020668045012 0.5246
-7.10022112923648 0.5247
-7.10025482254338 0.5248
-7.10028527183487 0.5249
-7.10032758817956 0.525
-7.10035457784501 0.5251
-7.1003913159422 0.5252
-7.10043098356843 0.5253
-7.10045924409669 0.5254
-7.10048894879216 0.5255
-7.10051712854118 0.5256
-7.10054157441117 0.5257
-7.10058691651806 0.5258
-7.10063443264547 0.5259
-7.10067259300031 0.526
-7.10071315989249 0.5261
-7.10076889087075 0.5262
-7.10084275021005 0.5263
-7.10091679461816 0.5264
-7.10098624914565 0.5265
-7.10105633020165 0.5266
-7.10112439338197 0.5267
-7.10119083341657 0.5268
-7.10124073570434 0.5269
-7.10128645566425 0.527
-7.10131666935403 0.5271
-7.10133849031886 0.5272
-7.10135673355254 0.5273
-7.1013675854964 0.5274
-7.10137224777733 0.5275
-7.10137618785375 0.5276
-7.1013720384608 0.5277
-7.10135291355707 0.5278
-7.10134480320939 0.5279
-7.10131814201964 0.528
-7.10125912710579 0.5281
-7.10118423595069 0.5282
-7.10110311912102 0.5283
-7.10102460387117 0.5284
-7.1009505310021 0.5285
-7.10087830407614 0.5286
-7.10080614106824 0.5287
-7.10073224646698 0.5288
-7.10064374300339 0.5289
-7.10057388004847 0.529
-7.10053699531622 0.5291
-7.10054769373268 0.5292
-7.10057684215083 0.5293
-7.10062551340697 0.5294
-7.10067553095672 0.5295
-7.10072150007616 0.5296
-7.10076815732312 0.5297
-7.10081182763943 0.5298
-7.10083880464591 0.5299
-7.10086390116924 0.53
-7.10087886021132 0.5301
-7.10089953813042 0.5302
-7.10094283853472 0.5303
-7.10098417735546 0.5304
-7.10102321940028 0.5305
-7.1010783982201 0.5306
-7.1011480808726 0.5307
-7.10120951933554 0.5308
-7.10126415071981 0.5309
-7.10131508630422 0.531
-7.1013654169582 0.5311
-7.10139468299609 0.5312
-7.10141199999594 0.5313
-7.10140748853532 0.5314
-7.10136558006288 0.5315
-7.10132016230697 0.5316
-7.10126026643488 0.5317
-7.1011897074613 0.5318
-7.10112652539027 0.5319
-7.10108230179438 0.532
-7.10104674718735 0.5321
-7.10099966686347 0.5322
-7.10095098672069 0.5323
-7.10091420108929 0.5324
-7.10086750265999 0.5325
-7.10082580912618 0.5326
-7.10080561692054 0.5327
-7.10080604895089 0.5328
-7.10080825064604 0.5329
-7.10081588544973 0.533
-7.10083273973038 0.5331
-7.10082717788589 0.5332
-7.10081371902761 0.5333
-7.10079334357624 0.5334
-7.10075709346982 0.5335
-7.10073183734486 0.5336
-7.10065777999413 0.5337
-7.10057085352987 0.5338
-7.10046330502111 0.5339
-7.1003313069057 0.534
-7.10020098900568 0.5341
-7.1000737913934 0.5342
-7.09997629426829 0.5343
-7.09988035685258 0.5344
-7.09978369287843 0.5345
-7.09968965101314 0.5346
-7.09960338174288 0.5347
-7.09952045676901 0.5348
-7.09944770123611 0.5349
-7.0993877433726 0.535
-7.09934358412614 0.5351
-7.09929460260762 0.5352
-7.09925070121406 0.5353
-7.09920746089509 0.5354
-7.09917916134045 0.5355
-7.09916079384427 0.5356
-7.09914643029668 0.5357
-7.09913266317516 0.5358
-7.09913535567737 0.5359
-7.09911954855429 0.536
-7.09911496226058 0.5361
-7.09908951478015 0.5362
-7.09906501484681 0.5363
-7.09906243239569 0.5364
-7.09904512696153 0.5365
-7.09901685265436 0.5366
-7.09896213434432 0.5367
-7.09889499318237 0.5368
-7.09880618807043 0.5369
-7.09869822711244 0.537
-7.09860232078455 0.5371
-7.09850143412348 0.5372
-7.09839805171129 0.5373
-7.09829443068138 0.5374
-7.09819262907071 0.5375
-7.09810034031434 0.5376
-7.09799092728886 0.5377
-7.09787119230621 0.5378
-7.09775755581165 0.5379
-7.09766141123695 0.538
-7.09757450659904 0.5381
-7.09746126204738 0.5382
-7.09734354964842 0.5383
-7.09722494795595 0.5384
-7.09710749755725 0.5385
-7.09700179843131 0.5386
-7.0968924925896 0.5387
-7.09677716123883 0.5388
-7.09667558698954 0.5389
-7.09657985468485 0.539
-7.09649676644168 0.5391
-7.09638597237701 0.5392
-7.09629239730018 0.5393
-7.09620869969933 0.5394
-7.09611367294219 0.5395
-7.09603151599753 0.5396
-7.09597697478947 0.5397
-7.09594515891605 0.5398
-7.0959281947387 0.5399
-7.0959130468301 0.54
-7.09587787518198 0.5401
-7.0958526997608 0.5402
-7.09583770214469 0.5403
-7.09582478687276 0.5404
-7.09584723492731 0.5405
-7.09586993110614 0.5406
-7.09589128116616 0.5407
-7.09591784129798 0.5408
-7.09594052068251 0.5409
-7.09598381676417 0.541
-7.0960446740472 0.5411
-7.09611714450907 0.5412
-7.09620685919393 0.5413
-7.09630684834262 0.5414
-7.09642727914616 0.5415
-7.09654276038629 0.5416
-7.09665582406305 0.5417
-7.09678047788686 0.5418
-7.09689897789078 0.5419
-7.09701468802155 0.542
-7.09714378598508 0.5421
-7.09725692200014 0.5422
-7.09737256441668 0.5423
-7.09748377832281 0.5424
-7.0976008368023 0.5425
-7.0977186232289 0.5426
-7.09781431344273 0.5427
-7.09789852734696 0.5428
-7.09797073498509 0.5429
-7.09803240034584 0.543
-7.09809012030312 0.5431
-7.09813872798298 0.5432
-7.09817157783011 0.5433
-7.09819807353447 0.5434
-7.09821900168404 0.5435
-7.0982515020167 0.5436
-7.09826528422406 0.5437
-7.09827951293049 0.5438
-7.09829087609303 0.5439
-7.09831893520917 0.544
-7.09836340188463 0.5441
-7.09841159790618 0.5442
-7.09847860426309 0.5443
-7.09857038615844 0.5444
-7.09868660903125 0.5445
-7.09880264446182 0.5446
-7.09892620865062 0.5447
-7.09906011197701 0.5448
-7.09920138677162 0.5449
-7.09933866485971 0.545
-7.09947647997947 0.5451
-7.09960855863106 0.5452
-7.09974437293106 0.5453
-7.09987254539466 0.5454
-7.09999560195636 0.5455
-7.10011742289975 0.5456
-7.10024107599035 0.5457
-7.10035664818222 0.5458
-7.10046566780682 0.5459
-7.10055887667961 0.546
-7.10065497581584 0.5461
-7.10072745039285 0.5462
-7.10081771026562 0.5463
-7.10089872906293 0.5464
-7.10097779322516 0.5465
-7.1010484127402 0.5466
-7.10109284095787 0.5467
-7.10111417559568 0.5468
-7.10111065651679 0.5469
-7.10108287934042 0.547
-7.10102363523491 0.5471
-7.10093952833693 0.5472
-7.1008383871134 0.5473
-7.10071235133138 0.5474
-7.10057536676684 0.5475
-7.10042663026501 0.5476
-7.1002774777995 0.5477
-7.10012050308697 0.5478
-7.09995584593667 0.5479
-7.09983164185224 0.548
-7.09969322435529 0.5481
-7.09956985343714 0.5482
-7.09942636358288 0.5483
-7.09926537356703 0.5484
-7.09911932100646 0.5485
-7.09897098331902 0.5486
-7.09883239976519 0.5487
-7.09870896573118 0.5488
-7.09861043685781 0.5489
-7.09852350022399 0.549
-7.09845810027268 0.5491
-7.09841783568671 0.5492
-7.09838441132297 0.5493
-7.09836779153111 0.5494
-7.09834219140291 0.5495
-7.09832819137601 0.5496
-7.09832542651147 0.5497
-7.09833847412524 0.5498
-7.09833488921142 0.5499
-7.09834032902358 0.55
-7.09833614175491 0.5501
-7.09833000171809 0.5502
-7.09831222533535 0.5503
-7.09828655420639 0.5504
-7.09826080356441 0.5505
-7.09822712432402 0.5506
-7.09817357241416 0.5507
-7.09811568534381 0.5508
-7.09805521125421 0.5509
-7.09798311960575 0.551
-7.09793507299252 0.5511
-7.09790237478694 0.5512
-7.09789301125879 0.5513
-7.09789935055294 0.5514
-7.09792332130639 0.5515
-7.09795797560755 0.5516
-7.09799511477237 0.5517
-7.09803298330799 0.5518
-7.09811182442195 0.5519
-7.09819998493033 0.552
-7.09828590604619 0.5521
-7.09835870321282 0.5522
-7.0984281366698 0.5523
-7.09849177576711 0.5524
-7.09855065794692 0.5525
-7.09861071051475 0.5526
-7.09865490585901 0.5527
-7.09871268283385 0.5528
-7.09876973519748 0.5529
-7.09882943546783 0.553
-7.09888978987123 0.5531
-7.09893034246312 0.5532
-7.09896827713444 0.5533
-7.09898219273872 0.5534
-7.09899223138611 0.5535
-7.09899610337305 0.5536
-7.09899171577172 0.5537
-7.09896730985164 0.5538
-7.0989372886315 0.5539
-7.09890000550182 0.554
-7.09884976553817 0.5541
-7.09878016540252 0.5542
-7.09870769520018 0.5543
-7.09863914971585 0.5544
-7.09860107027914 0.5545
-7.09854936793295 0.5546
-7.09850841729916 0.5547
-7.09848385864266 0.5548
-7.09847337422175 0.5549
-7.0984793873369 0.555
-7.09849982603676 0.5551
-7.09855259990461 0.5552
-7.09860927591041 0.5553
-7.09867541513496 0.5554
-7.09874328010219 0.5555
-7.09880558122527 0.5556
-7.09886803517633 0.5557
-7.09894003451319 0.5558
-7.09901402682788 0.5559
-7.09908386143606 0.556
-7.09916966213004 0.5561
-7.09925460588835 0.5562
-7.09932931525684 0.5563
-7.09938712387464 0.5564
-7.09943837223198 0.5565
-7.09948549279974 0.5566
-7.09951593930035 0.5567
-7.09953604266358 0.5568
-7.09955274644433 0.5569
-7.09955898050257 0.557
-7.09956930703728 0.5571
-7.09954958010916 0.5572
-7.09951951148942 0.5573
-7.09946226795688 0.5574
-7.09939644962886 0.5575
-7.099315832538 0.5576
-7.0992209611772 0.5577
-7.09909306098435 0.5578
-7.0989516683122 0.5579
-7.09881871587985 0.558
-7.0986641615062 0.5581
-7.09853725280413 0.5582
-7.09841298820017 0.5583
-7.09828872615694 0.5584
-7.09815143682349 0.5585
-7.0980059023643 0.5586
-7.09787632206552 0.5587
-7.09777519333712 0.5588
-7.09768636099084 0.5589
-7.09759657238388 0.559
-7.09751450644479 0.5591
-7.09743605963727 0.5592
-7.09735337168555 0.5593
-7.09728645352274 0.5594
-7.09718711997288 0.5595
-7.09708503940466 0.5596
-7.09698113295734 0.5597
-7.09686931306515 0.5598
-7.09675845009526 0.5599
-7.0966468730352 0.56
-7.09656344958727 0.5601
-7.09652012341275 0.5602
-7.09648354207699 0.5603
-7.09643990984541 0.5604
-7.09640245396495 0.5605
-7.09636552861178 0.5606
-7.09634557570243 0.5607
-7.09631756617289 0.5608
-7.09630741841704 0.5609
-7.09631049356231 0.561
-7.09631037166295 0.5611
-7.09631778512128 0.5612
-7.09631656036436 0.5613
-7.0963220266744 0.5614
-7.09634564469989 0.5615
-7.0963657286467 0.5616
-7.0963736610479 0.5617
-7.09638242295515 0.5618
-7.09640253986105 0.5619
-7.09641774993807 0.562
-7.09640753251563 0.5621
-7.09640532344384 0.5622
-7.09640179259993 0.5623
-7.0963978626228 0.5624
-7.09639737356429 0.5625
-7.09639326427456 0.5626
-7.09636200603128 0.5627
-7.09632527243421 0.5628
-7.09627876605026 0.5629
-7.09622516773388 0.563
-7.0961754668617 0.5631
-7.09610468700392 0.5632
-7.0960101117255 0.5633
-7.09589770474306 0.5634
-7.09577541993424 0.5635
-7.09563264366771 0.5636
-7.09548442597469 0.5637
-7.09534281669168 0.5638
-7.09519910990047 0.5639
-7.09504508973524 0.564
-7.09490273034561 0.5641
-7.09474245989308 0.5642
-7.09460028962797 0.5643
-7.09446714343856 0.5644
-7.09433862011353 0.5645
-7.09423342178641 0.5646
-7.09412918843377 0.5647
-7.09405928172899 0.5648
-7.09402361636191 0.5649
-7.09400040280886 0.565
-7.09398745568346 0.5651
-7.09398634053636 0.5652
-7.09399477357984 0.5653
-7.09401942404602 0.5654
-7.09409017225726 0.5655
-7.09416583560185 0.5656
-7.09426399753718 0.5657
-7.09435590920832 0.5658
-7.09447588717823 0.5659
-7.09459456229164 0.566
-7.0947073600847 0.5661
-7.09481025176676 0.5662
-7.09491962377544 0.5663
-7.09503437448005 0.5664
-7.09515299344856 0.5665
-7.09526686020419 0.5666
-7.09537206709144 0.5667
-7.09548045133285 0.5668
-7.0955667360599 0.5669
-7.09564335919092 0.567
-7.0957282445163 0.5671
-7.09580387523226 0.5672
-7.09590004324428 0.5673
-7.09600385772352 0.5674
-7.09609232103728 0.5675
-7.09618467255796 0.5676
-7.096245972067 0.5677
-7.09629063872687 0.5678
-7.09634872385217 0.5679
-7.09639794394949 0.568
-7.09644721476814 0.5681
-7.09647941176887 0.5682
-7.09652547423363 0.5683
-7.09654095739806 0.5684
-7.09653985319021 0.5685
-7.09653906554214 0.5686
-7.0965492561881 0.5687
-7.09657276176957 0.5688
-7.09657950961935 0.5689
-7.09658009974873 0.569
-7.09658195218527 0.5691
-7.09657628313589 0.5692
-7.0965778772708 0.5693
-7.09656724113914 0.5694
-7.09653489403061 0.5695
-7.09648563125497 0.5696
-7.09642321816591 0.5697
-7.0963545352989 0.5698
-7.0962762734608 0.5699
-7.0961908236884 0.57
-7.09611519895584 0.5701
-7.09604302573256 0.5702
-7.09598312565025 0.5703
-7.09595687490072 0.5704
-7.09595481218816 0.5705
-7.09597468205341 0.5706
-7.09601534127208 0.5707
-7.09605565853878 0.5708
-7.09608050991359 0.5709
-7.09611608944947 0.571
-7.09613142471959 0.5711
-7.0961433806532 0.5712
-7.09614101887468 0.5713
-7.0961480194138 0.5714
-7.09617481188652 0.5715
-7.09620226424565 0.5716
-7.09622935695606 0.5717
-7.09624469420666 0.5718
-7.09625684921695 0.5719
-7.09627171204679 0.572
-7.09627891651372 0.5721
-7.09626622447479 0.5722
-7.09622788129015 0.5723
-7.09616193391445 0.5724
-7.09609093526889 0.5725
-7.09601650672288 0.5726
-7.09592845244479 0.5727
-7.09583307184924 0.5728
-7.09573176036378 0.5729
-7.09560775615151 0.573
-7.09550248446632 0.5731
-7.09540011727034 0.5732
-7.09528969944504 0.5733
-7.09518437002305 0.5734
-7.09506317215686 0.5735
-7.09495306153239 0.5736
-7.09484792304749 0.5737
-7.09475269369765 0.5738
-7.09468632526431 0.5739
-7.09463885151995 0.574
-7.09461889439122 0.5741
-7.09460154128016 0.5742
-7.09459166848419 0.5743
-7.0946011063681 0.5744
-7.09460231225108 0.5745
-7.0945883303234 0.5746
-7.09456553653752 0.5747
-7.09455785199664 0.5748
-7.09452717689798 0.5749
-7.09449809905339 0.575
-7.09448337714437 0.5751
-7.09449363859701 0.5752
-7.0944979334371 0.5753
-7.09448739644318 0.5754
-7.09448781467643 0.5755
-7.09450649597818 0.5756
-7.09452997766492 0.5757
-7.09453295569462 0.5758
-7.09450258838716 0.5759
-7.09445784675093 0.576
-7.09441384287529 0.5761
-7.09437245176726 0.5762
-7.09434389868127 0.5763
-7.09431495491557 0.5764
-7.09429234074945 0.5765
-7.09424775629545 0.5766
-7.09420200494627 0.5767
-7.09413925065659 0.5768
-7.09406501604025 0.5769
-7.09400905589651 0.577
-7.09397686572161 0.5771
-7.09393939966903 0.5772
-7.09389848966977 0.5773
-7.09384087070505 0.5774
-7.09378570770263 0.5775
-7.09372466325981 0.5776
-7.09365475641135 0.5777
-7.09357582660512 0.5778
-7.09350150969945 0.5779
-7.09344253254728 0.578
-7.09339864959931 0.5781
-7.09334352144587 0.5782
-7.09331048554828 0.5783
-7.09327649689765 0.5784
-7.09324927800743 0.5785
-7.09320806243503 0.5786
-7.09316351209183 0.5787
-7.09312222460136 0.5788
-7.09310096899195 0.5789
-7.09308789309823 0.579
-7.09309486272244 0.5791
-7.09310218935438 0.5792
-7.09310648816272 0.5793
-7.09312508267898 0.5794
-7.09316247776997 0.5795
-7.09322279153754 0.5796
-7.09329110451182 0.5797
-7.09335642455266 0.5798
-7.09342294983832 0.5799
-7.09349293168304 0.58
-7.09356745498042 0.5801
-7.09363737948035 0.5802
-7.0937025420765 0.5803
-7.09374361671813 0.5804
-7.09378389536898 0.5805
-7.0938376969271 0.5806
-7.09387551441498 0.5807
-7.09391854499529 0.5808
-7.09396995472632 0.5809
-7.094025044203 0.581
-7.09407702249049 0.5811
-7.09413644121439 0.5812
-7.09420584753862 0.5813
-7.09427382269677 0.5814
-7.09436326822287 0.5815
-7.09443834476879 0.5816
-7.09453695226008 0.5817
-7.09463396558632 0.5818
-7.09474447885233 0.5819
-7.09486565839763 0.582
-7.09497611095092 0.5821
-7.0951026936515 0.5822
-7.09522005087945 0.5823
-7.09534819306066 0.5824
-7.09548161104715 0.5825
-7.0956156389694 0.5826
-7.09575510174798 0.5827
-7.0958819975368 0.5828
-7.09597453960691 0.5829
-7.09606564527102 0.583
-7.09613405131146 0.5831
-7.09620025720119 0.5832
-7.09624671283537 0.5833
-7.09628217574115 0.5834
-7.0963044017945 0.5835
-7.09632258520744 0.5836
-7.09634233456172 0.5837
-7.09635343096735 0.5838
-7.09634531582218 0.5839
-7.09632204491702 0.584
-7.09629098027365 0.5841
-7.09626745441037 0.5842
-7.09624747199437 0.5843
-7.09620713132217 0.5844
-7.09618269733753 0.5845
-7.09615900438477 0.5846
-7.09615589167073 0.5847
-7.09616083017666 0.5848
-7.09616293767252 0.5849
-7.09616190308305 0.585
-7.09616459069097 0.5851
-7.09617537779544 0.5852
-7.09618467094242 0.5853
-7.09621240271578 0.5854
-7.0962526809005 0.5855
-7.0963026105928 0.5856
-7.09632795979153 0.5857
-7.09633114471969 0.5858
-7.09632762168716 0.5859
-7.09630977477015 0.586
-7.09628741145558 0.5861
-7.09624674879193 0.5862
-7.09618841621337 0.5863
-7.09610471586388 0.5864
-7.09601402049536 0.5865
-7.09592035461964 0.5866
-7.09581090089089 0.5867
-7.09568491762537 0.5868
-7.09556053776953 0.5869
-7.09545668714366 0.587
-7.0953675327566 0.5871
-7.09528608753874 0.5872
-7.09520478845022 0.5873
-7.0951570755713 0.5874
-7.0951320674542 0.5875
-7.09513041397756 0.5876
-7.09514774977163 0.5877
-7.09517729911918 0.5878
-7.09523762359062 0.5879
-7.09530937775699 0.588
-7.09537927924836 0.5881
-7.09545285742707 0.5882
-7.09550651458328 0.5883
-7.09553925705829 0.5884
-7.09556812797629 0.5885
-7.09557964841747 0.5886
-7.09559152629395 0.5887
-7.09559877652804 0.5888
-7.0955935902784 0.5889
-7.09557676992718 0.589
-7.09555069468424 0.5891
-7.09552439733048 0.5892
-7.09549156556964 0.5893
-7.09544550223221 0.5894
-7.09540356059087 0.5895
-7.09535974625761 0.5896
-7.09531426015024 0.5897
-7.0952641425716 0.5898
-7.09517799303321 0.5899
-7.09506711383786 0.59
-7.09493956291558 0.5901
-7.09479951828381 0.5902
-7.0946660997672 0.5903
-7.09451855668568 0.5904
-7.09436353939442 0.5905
-7.09419212253577 0.5906
-7.093997621892 0.5907
-7.09379928011692 0.5908
-7.09358772801573 0.5909
-7.09337354667794 0.591
-7.09315743211791 0.5911
-7.09294719393217 0.5912
-7.09277722877591 0.5913
-7.09258904256169 0.5914
-7.0924062734921 0.5915
-7.09223318783389 0.5916
-7.09205330301503 0.5917
-7.09189423330167 0.5918
-7.09173786346257 0.5919
-7.09159787435683 0.592
-7.09145743426826 0.5921
-7.09133417815105 0.5922
-7.09124294454364 0.5923
-7.09116112819962 0.5924
-7.09110048899018 0.5925
-7.09104988385826 0.5926
-7.09099894682086 0.5927
-7.09097611754633 0.5928
-7.09094745751152 0.5929
-7.09092917967671 0.593
-7.09091288535719 0.5931
-7.09090296342909 0.5932
-7.09090778272623 0.5933
-7.09090045198363 0.5934
-7.09089771372443 0.5935
-7.09090432003417 0.5936
-7.09094583489017 0.5937
-7.09102521924165 0.5938
-7.09114175681464 0.5939
-7.09126045900649 0.594
-7.09139078848094 0.5941
-7.09151975708728 0.5942
-7.09163678754081 0.5943
-7.09177239238017 0.5944
-7.09190835228322 0.5945
-7.09203922554726 0.5946
-7.09218890605581 0.5947
-7.09234052482232 0.5948
-7.09247317425488 0.5949
-7.09261587038882 0.595
-7.0927036091456 0.5951
-7.09277980415248 0.5952
-7.09285803775462 0.5953
-7.09291917626946 0.5954
-7.09299544271275 0.5955
-7.09305964495328 0.5956
-7.0931149401857 0.5957
-7.09315836279186 0.5958
-7.09318021595556 0.5959
-7.09316717050626 0.596
-7.09315221422527 0.5961
-7.09313743481623 0.5962
-7.09312385905124 0.5963
-7.0931170101552 0.5964
-7.09311376686579 0.5965
-7.09307932833795 0.5966
-7.0930168350633 0.5967
-7.09293942773725 0.5968
-7.09284037581147 0.5969
-7.09273013783746 0.597
-7.0926256340818 0.5971
-7.09252194236163 0.5972
-7.09242407595048 0.5973
-7.09234617791139 0.5974
-7.09225172609991 0.5975
-7.09216886611746 0.5976
-7.09209686480239 0.5977
-7.09202666613028 0.5978
-7.0919977732392 0.5979
-7.09195705363428 0.598
-7.09194233387761 0.5981
-7.09194854421288 0.5982
-7.09194711599361 0.5983
-7.09196546083024 0.5984
-7.09198639496871 0.5985
-7.09202775773632 0.5986
-7.09207222539166 0.5987
-7.09213151605025 0.5988
-7.09220242868328 0.5989
-7.09226360645156 0.599
-7.0923279507109 0.5991
-7.09239535567093 0.5992
-7.09246261060855 0.5993
-7.09252874317592 0.5994
-7.09259108576826 0.5995
-7.09265475652839 0.5996
-7.09272786569597 0.5997
-7.09280652556321 0.5998
-7.09287869949968 0.5999
-7.09291523230777 0.6
-7.09295875986392 0.6001
-7.09300907935389 0.6002
-7.09305204696445 0.6003
-7.09306545425423 0.6004
-7.09307569795972 0.6005
-7.09308572950595 0.6006
-7.09308326419373 0.6007
-7.09306232947851 0.6008
-7.09304539575265 0.6009
-7.09303449057868 0.601
-7.09301210013958 0.6011
-7.09298130568604 0.6012
-7.0929428626564 0.6013
-7.09289018198961 0.6014
-7.09284629038969 0.6015
-7.0927844880339 0.6016
-7.0927358823058 0.6017
-7.09267039271814 0.6018
-7.09261002619852 0.6019
-7.09253329525752 0.602
-7.09244173621047 0.6021
-7.09234427938453 0.6022
-7.09223268137734 0.6023
-7.09213699301823 0.6024
-7.09202149884969 0.6025
-7.09189872043066 0.6026
-7.09178710542055 0.6027
-7.09168035884387 0.6028
-7.09158163682086 0.6029
-7.09148282434287 0.603
-7.09140603796343 0.6031
-7.09134652277786 0.6032
-7.09130683888909 0.6033
-7.09127963921374 0.6034
-7.09128740887481 0.6035
-7.09130238449262 0.6036
-7.09133635696865 0.6037
-7.0914027062189 0.6038
-7.09146610455295 0.6039
-7.09152816241445 0.604
-7.09161930119102 0.6041
-7.09170528005312 0.6042
-7.09179226422002 0.6043
-7.09190383474477 0.6044
-7.09205327812816 0.6045
-7.0921941467009 0.6046
-7.09233001472354 0.6047
-7.09244413051649 0.6048
-7.09255307356952 0.6049
-7.09264978542637 0.605
-7.09273759788484 0.6051
-7.09281451433877 0.6052
-7.0928561181653 0.6053
-7.09288996569333 0.6054
-7.09293139482167 0.6055
-7.09298933204143 0.6056
-7.09304341765563 0.6057
-7.09310896984263 0.6058
-7.09318173277029 0.6059
-7.09323574547038 0.606
-7.09327503741401 0.6061
-7.09330927957515 0.6062
-7.09333713453517 0.6063
-7.09335639299292 0.6064
-7.09337593634385 0.6065
-7.09339719843204 0.6066
-7.09341886362776 0.6067
-7.09344062801623 0.6068
-7.09349733087926 0.6069
-7.09355302653063 0.607
-7.09362338382393 0.6071
-7.09369912406147 0.6072
-7.09378931753046 0.6073
-7.09389459062145 0.6074
-7.09401525486887 0.6075
-7.09414370931986 0.6076
-7.09431154671806 0.6077
-7.09447932967809 0.6078
-7.09463689007468 0.6079
-7.09478426519704 0.608
-7.09494613693275 0.6081
-7.09509171402331 0.6082
-7.09522194501903 0.6083
-7.09531461752758 0.6084
-7.09539200332481 0.6085
-7.09544633090858 0.6086
-7.09547961994016 0.6087
-7.09550767885318 0.6088
-7.09551549739404 0.6089
-7.09551943665562 0.609
-7.09550120077128 0.6091
-7.095468588232 0.6092
-7.09542620654432 0.6093
-7.09535909941289 0.6094
-7.09528798278986 0.6095
-7.09520102671999 0.6096
-7.09509224272614 0.6097
-7.09497416739349 0.6098
-7.09484405625616 0.6099
-7.09472585100816 0.61
-7.09460350846363 0.6101
-7.09449533905433 0.6102
-7.09437256780947 0.6103
-7.09424056162079 0.6104
-7.09409294523686 0.6105
-7.09392991702525 0.6106
-7.09377440829887 0.6107
-7.09362758488153 0.6108
-7.09347687838424 0.6109
-7.09334239184773 0.611
-7.09321328263143 0.6111
-7.09309550710539 0.6112
-7.09299425654867 0.6113
-7.09289020195936 0.6114
-7.09278137620139 0.6115
-7.09266642611501 0.6116
-7.09253662797744 0.6117
-7.0923952446807 0.6118
-7.09224908012299 0.6119
-7.09211182888512 0.612
-7.09199122052244 0.6121
-7.09189222274212 0.6122
-7.0917797526236 0.6123
-7.09167983105522 0.6124
-7.0915753450745 0.6125
-7.09147222477202 0.6126
-7.09138966689077 0.6127
-7.09132037511552 0.6128
-7.09126500123167 0.6129
-7.09121530020071 0.613
-7.09117064691136 0.6131
-7.09114081542239 0.6132
-7.09111861290638 0.6133
-7.09110667220891 0.6134
-7.09107685092679 0.6135
-7.09105398784036 0.6136
-7.09105039211638 0.6137
-7.09106150964854 0.6138
-7.09107882004922 0.6139
-7.09108633606424 0.614
-7.09107826547575 0.6141
-7.09105827280494 0.6142
-7.09102525109729 0.6143
-7.0909850944683 0.6144
-7.09095654781165 0.6145
-7.09093591469886 0.6146
-7.09091921382957 0.6147
-7.09089659752595 0.6148
-7.09089760704437 0.6149
-7.09091008068524 0.615
-7.09093864319727 0.6151
-7.09097684231107 0.6152
-7.09102067950737 0.6153
-7.09106357503665 0.6154
-7.09111517284698 0.6155
-7.09116185018245 0.6156
-7.09120452601635 0.6157
-7.09124815350413 0.6158
-7.09129396105368 0.6159
-7.09133733391843 0.616
-7.09138727715216 0.6161
-7.09143740761888 0.6162
-7.09148644957073 0.6163
-7.09152949483131 0.6164
-7.09157765835748 0.6165
-7.091616895242 0.6166
-7.09164240629583 0.6167
-7.09168233427326 0.6168
-7.09172330347246 0.6169
-7.09177401164656 0.617
-7.09185755660917 0.6171
-7.09195280120876 0.6172
-7.0920316045114 0.6173
-7.09210420077862 0.6174
-7.09216900116631 0.6175
-7.09221357364693 0.6176
-7.09225729014078 0.6177
-7.09229242466632 0.6178
-7.09234895657021 0.6179
-7.09240141994493 0.618
-7.09242646049529 0.6181
-7.09244666489284 0.6182
-7.09245159815883 0.6183
-7.0924423029202 0.6184
-7.09241303564372 0.6185
-7.09238951180367 0.6186
-7.09235310923164 0.6187
-7.09231778805176 0.6188
-7.09224416490463 0.6189
-7.09216534179277 0.619
-7.0920915009716 0.6191
-7.09201318749215 0.6192
-7.09193270653306 0.6193
-7.09186683574304 0.6194
-7.09178898146762 0.6195
-7.09173049031072 0.6196
-7.0916860860086 0.6197
-7.09164035909759 0.6198
-7.09158781714566 0.6199
-7.09155990207023 0.62
-7.09152669004716 0.6201
-7.09149335821796 0.6202
-7.09147031057725 0.6203
-7.09146557260273 0.6204
-7.09145600247706 0.6205
-7.09143469336224 0.6206
-7.09141231454177 0.6207
-7.09137845320623 0.6208
-7.09134404408783 0.6209
-7.09130934513435 0.621
-7.09126407073607 0.6211
-7.09121218737181 0.6212
-7.09113929134378 0.6213
-7.09106721601292 0.6214
-7.09098014304354 0.6215
-7.09089047280944 0.6216
-7.09077933915726 0.6217
-7.09068144205799 0.6218
-7.09059472369922 0.6219
-7.09052008550644 0.622
-7.09046319963588 0.6221
-7.09040100469997 0.6222
-7.09037058848066 0.6223
-7.09035822396345 0.6224
-7.09037261235204 0.6225
-7.09038935072631 0.6226
-7.09041820699831 0.6227
-7.09046666667367 0.6228
-7.09050768093926 0.6229
-7.09055045135598 0.623
-7.09059912735891 0.6231
-7.09064099776054 0.6232
-7.09067730848919 0.6233
-7.09068936438665 0.6234
-7.09069903012054 0.6235
-7.09071579283986 0.6236
-7.09071263298919 0.6237
-7.09068735765677 0.6238
-7.09065407588333 0.6239
-7.09060659273191 0.624
-7.09054432928218 0.6241
-7.09048363495173 0.6242
-7.09040909853968 0.6243
-7.09031943499404 0.6244
-7.09021819831927 0.6245
-7.0901025521265 0.6246
-7.08998061322358 0.6247
-7.08987379907819 0.6248
-7.08976836433172 0.6249
-7.08967321869691 0.625
-7.08958508177181 0.6251
-7.08950139194403 0.6252
-7.08943060163434 0.6253
-7.08939827362065 0.6254
-7.08938474110435 0.6255
-7.08939702968367 0.6256
-7.08941513763945 0.6257
-7.08945818250891 0.6258
-7.0895231968867 0.6259
-7.08958313943524 0.626
-7.08963415414217 0.6261
-7.08967809704468 0.6262
-7.08971980603058 0.6263
-7.08978456538967 0.6264
-7.08986738806475 0.6265
-7.08995933719722 0.6266
-7.09004196848587 0.6267
-7.09010389354517 0.6268
-7.09012796064057 0.6269
-7.09013445201713 0.627
-7.09011889703288 0.6271
-7.09008156433358 0.6272
-7.09004000197336 0.6273
-7.08997555773953 0.6274
-7.08991107404553 0.6275
-7.08984608415449 0.6276
-7.08977915533239 0.6277
-7.08968817463971 0.6278
-7.08959129172632 0.6279
-7.08948022695472 0.628
-7.08938140196196 0.6281
-7.08928852642209 0.6282
-7.08919972733707 0.6283
-7.08911453199399 0.6284
-7.08901668071691 0.6285
-7.08893797497247 0.6286
-7.08885035097592 0.6287
-7.08876683324133 0.6288
-7.08869575091826 0.6289
-7.08863764818589 0.629
-7.08859667389428 0.6291
-7.08857599115255 0.6292
-7.08855361627656 0.6293
-7.08854940074513 0.6294
-7.08857841474977 0.6295
-7.08862120159572 0.6296
-7.08867979486891 0.6297
-7.08876742886041 0.6298
-7.08888420723584 0.6299
-7.08901720112871 0.63
-7.08915940884755 0.6301
-7.08929050783891 0.6302
-7.08942707043022 0.6303
-7.08956462655865 0.6304
-7.08968699827918 0.6305
-7.08981386241212 0.6306
-7.08994733041798 0.6307
-7.09008959902955 0.6308
-7.09024099982104 0.6309
-7.09039920940536 0.631
-7.09056591922459 0.6311
-7.09072329801022 0.6312
-7.09088207961983 0.6313
-7.09104380485966 0.6314
-7.09118493831777 0.6315
-7.09130704768854 0.6316
-7.09142362214927 0.6317
-7.09154018944192 0.6318
-7.09163624925322 0.6319
-7.09170760684203 0.632
-7.09177890309261 0.6321
-7.09184285455573 0.6322
-7.09190379897774 0.6323
-7.09195014509359 0.6324
-7.09198624767701 0.6325
-7.09203765690498 0.6326
-7.09209297269164 0.6327
-7.09214635940134 0.6328
-7.0922110750282 0.6329
-7.09226527855833 0.633
-7.09233145883247 0.6331
-7.09238615109145 0.6332
-7.09245156843798 0.6333
-7.09249400882404 0.6334
-7.09253936360915 0.6335
-7.09260186255376 0.6336
-7.09265748359758 0.6337
-7.09270324182054 0.6338
-7.09276413941948 0.6339
-7.0928310546723 0.634
-7.09291070542738 0.6341
-7.09298007526426 0.6342
-7.09300795286953 0.6343
-7.09302969113806 0.6344
-7.09304056605596 0.6345
-7.09301200999019 0.6346
-7.09298599319911 0.6347
-7.09296847519193 0.6348
-7.09295295370712 0.6349
-7.09290869259281 0.635
-7.09284813203855 0.6351
-7.09276144187974 0.6352
-7.0926663952415 0.6353
-7.09253563039965 0.6354
-7.09239076735301 0.6355
-7.09221222784964 0.6356
-7.0920323328775 0.6357
-7.09182506387542 0.6358
-7.09160512957894 0.6359
-7.09135997423035 0.636
-7.09111418597116 0.6361
-7.09087838681776 0.6362
-7.09065468114679 0.6363
-7.09042132089181 0.6364
-7.09020278330927 0.6365
-7.09002549515932 0.6366
-7.08986954551082 0.6367
-7.08972657395498 0.6368
-7.08961456311058 0.6369
-7.0895264871433 0.637
-7.0894635316197 0.6371
-7.0894060425829 0.6372
-7.08935650193127 0.6373
-7.08930539541844 0.6374
-7.08927318529397 0.6375
-7.08922709034568 0.6376
-7.08919941636824 0.6377
-7.08917610303247 0.6378
-7.08912213093687 0.6379
-7.08907245689329 0.638
-7.08902748751221 0.6381
-7.08898008850977 0.6382
-7.08891814339938 0.6383
-7.0888634977005 0.6384
-7.08878338231942 0.6385
-7.08870522368679 0.6386
-7.08861579860714 0.6387
-7.08852439639845 0.6388
-7.08844137523611 0.6389
-7.08835062011295 0.639
-7.08826593004916 0.6391
-7.08819004197394 0.6392
-7.08810727743126 0.6393
-7.08801884890506 0.6394
-7.08793826196617 0.6395
-7.08785441118422 0.6396
-7.08779269158214 0.6397
-7.08773456407609 0.6398
-7.08770119801313 0.6399
-7.08769889051424 0.64
-7.08772765680312 0.6401
-7.08776822664663 0.6402
-7.0878324439257 0.6403
-7.08790503754014 0.6404
-7.08800146574977 0.6405
-7.0881043101157 0.6406
-7.0882233526702 0.6407
-7.08836781845805 0.6408
-7.08852373271391 0.6409
-7.08868829492472 0.641
-7.0888307701507 0.6411
-7.08896599636888 0.6412
-7.08907941432189 0.6413
-7.08916994076617 0.6414
-7.0892410694943 0.6415
-7.08930264664015 0.6416
-7.08937244756104 0.6417
-7.08942987817047 0.6418
-7.08948678457015 0.6419
-7.08951423455064 0.642
-7.08955015377654 0.6421
-7.08957402794333 0.6422
-7.08958521206674 0.6423
-7.08957616066041 0.6424
-7.0895598481923 0.6425
-7.08953127910295 0.6426
-7.0894897433143 0.6427
-7.08945346828758 0.6428
-7.08940548686527 0.6429
-7.08935591550075 0.643
-7.08928990679332 0.6431
-7.08924175233234 0.6432
-7.08918307765748 0.6433
-7.08914455952394 0.6434
-7.08910054660081 0.6435
-7.08904450190177 0.6436
-7.08898220570246 0.6437
-7.08891674007458 0.6438
-7.08884457381321 0.6439
-7.08874764157844 0.644
-7.08862850311143 0.6441
-7.08851056540081 0.6442
-7.08836816060065 0.6443
-7.08822090218628 0.6444
-7.08806818845062 0.6445
-7.08790500734723 0.6446
-7.08773117906935 0.6447
-7.08756172230789 0.6448
-7.08739201231551 0.6449
-7.08721906798326 0.645
-7.08704017552526 0.6451
-7.08685657450742 0.6452
-7.08668386185933 0.6453
-7.08650187424137 0.6454
-7.08633011472579 0.6455
-7.08619605689445 0.6456
-7.08608572382364 0.6457
-7.08598166885687 0.6458
-7.08589245889392 0.6459
-7.085831623955 0.646
-7.08576973917006 0.6461
-7.08570257845519 0.6462
-7.08563482995004 0.6463
-7.08556361599542 0.6464
-7.08550204435193 0.6465
-7.08545249935474 0.6466
-7.08540021884433 0.6467
-7.08534147114774 0.6468
-7.085279935065 0.6469
-7.08522549392709 0.647
-7.08518805468564 0.6471
-7.08514524250041 0.6472
-7.08511021507007 0.6473
-7.08511144041541 0.6474
-7.08514321653429 0.6475
-7.08518941116585 0.6476
-7.08527050969521 0.6477
-7.08537328603554 0.6478
-7.08550462571781 0.6479
-7.08564200254431 0.648
-7.08579336025617 0.6481
-7.0859455580206 0.6482
-7.08609560797273 0.6483
-7.08625958444945 0.6484
-7.08641036289754 0.6485
-7.08656613197827 0.6486
-7.08673332007798 0.6487
-7.08688331345822 0.6488
-7.08701974290177 0.6489
-7.08716162503625 0.649
-7.08729814866146 0.6491
-7.08741723645217 0.6492
-7.08751238508769 0.6493
-7.08759418941398 0.6494
-7.08767374570961 0.6495
-7.08774157649166 0.6496
-7.08778877211036 0.6497
-7.08782062892361 0.6498
-7.08781117459919 0.6499
-7.08779012730083 0.65
-7.0877382863061 0.6501
-7.08765723996574 0.6502
-7.08756250179782 0.6503
-7.08746738872965 0.6504
-7.08733943341103 0.6505
-7.08721860407701 0.6506
-7.0870783720947 0.6507
-7.08694111099489 0.6508
-7.08681105487879 0.6509
-7.08667507499902 0.651
-7.08654730069543 0.6511
-7.08639124126928 0.6512
-7.08624861321164 0.6513
-7.08611543233881 0.6514
-7.08599974025066 0.6515
-7.08589597428201 0.6516
-7.08581821135806 0.6517
-7.08575788009935 0.6518
-7.08570836436583 0.6519
-7.08566058458905 0.652
-7.08563276667831 0.6521
-7.08559772375072 0.6522
-7.08555509388287 0.6523
-7.08552746788564 0.6524
-7.08549824593935 0.6525
-7.08548714285568 0.6526
-7.08549127642074 0.6527
-7.08549100937727 0.6528
-7.085502489674 0.6529
-7.08554619896029 0.653
-7.08561519221759 0.6531
-7.0856950109185 0.6532
-7.08580307527791 0.6533
-7.08592274981643 0.6534
-7.08605493752192 0.6535
-7.08618472319925 0.6536
-7.08631568066722 0.6537
-7.08646059184851 0.6538
-7.08660609451151 0.6539
-7.08675700375718 0.654
-7.08690075506042 0.6541
-7.08699807003536 0.6542
-7.08706026776814 0.6543
-7.08710441320294 0.6544
-7.0871257124995 0.6545
-7.08713311309355 0.6546
-7.0871147748591 0.6547
-7.08707116264055 0.6548
-7.08704164206934 0.6549
-7.086995096508 0.655
-7.08694321815164 0.6551
-7.08688243492012 0.6552
-7.08681719183705 0.6553
-7.08671972438189 0.6554
-7.0866001539954 0.6555
-7.08649607672058 0.6556
-7.08639550173155 0.6557
-7.08630086928472 0.6558
-7.08623404022511 0.6559
-7.08615864663891 0.656
-7.0860888821364 0.6561
-7.08601772664185 0.6562
-7.0859495964049 0.6563
-7.08590473826963 0.6564
-7.08586236040984 0.6565
-7.08585127410927 0.6566
-7.08582801602546 0.6567
-7.08581039531346 0.6568
-7.08579203533506 0.6569
-7.08577595997347 0.657
-7.08576393230925 0.6571
-7.08574054718333 0.6572
-7.08572162540293 0.6573
-7.08571360250794 0.6574
-7.08570228372842 0.6575
-7.0856931283015 0.6576
-7.0856801200091 0.6577
-7.08563966520726 0.6578
-7.08559607784755 0.6579
-7.08556994507507 0.658
-7.08552548159647 0.6581
-7.08548946171657 0.6582
-7.08547068147813 0.6583
-7.08547380004909 0.6584
-7.08549533070528 0.6585
-7.08554302861607 0.6586
-7.08562336987399 0.6587
-7.08571833091521 0.6588
-7.08582521422821 0.6589
-7.08593052239321 0.659
-7.08602188487911 0.6591
-7.08611208189919 0.6592
-7.08620784626003 0.6593
-7.08627883333335 0.6594
-7.08633188742774 0.6595
-7.08639752476621 0.6596
-7.08645252333565 0.6597
-7.08649872479787 0.6598
-7.08652494304125 0.6599
-7.0865708612419 0.66
-7.086616036511 0.6601
-7.08667430990349 0.6602
-7.08671131889248 0.6603
-7.08670890866494 0.6604
-7.08669910996742 0.6605
-7.08667380899935 0.6606
-7.08663290917887 0.6607
-7.08658415183773 0.6608
-7.08651115021704 0.6609
-7.08641809157874 0.661
-7.08630447552334 0.6611
-7.08617473891779 0.6612
-7.0860627798707 0.6613
-7.0859258121397 0.6614
-7.08576893164987 0.6615
-7.08559164330882 0.6616
-7.08540785197198 0.6617
-7.08523417868183 0.6618
-7.08505671807436 0.6619
-7.08487967573529 0.662
-7.08470531887628 0.6621
-7.08453356490213 0.6622
-7.08436549663288 0.6623
-7.08420494233425 0.6624
-7.08405878294042 0.6625
-7.08392955469553 0.6626
-7.08382105566005 0.6627
-7.08372542890252 0.6628
-7.0836849462931 0.6629
-7.08366140881842 0.663
-7.08367336300755 0.6631
-7.08371170286814 0.6632
-7.08377869176627 0.6633
-7.08387883671067 0.6634
-7.08400428310399 0.6635
-7.08411669544348 0.6636
-7.08423250100141 0.6637
-7.0843507913734 0.6638
-7.0844762628103 0.6639
-7.084598423203 0.664
-7.08471081898015 0.6641
-7.08481700756625 0.6642
-7.08492344906811 0.6643
-7.0850328795291 0.6644
-7.08510761931377 0.6645
-7.08516748256228 0.6646
-7.08520834599283 0.6647
-7.085250871969 0.6648
-7.08527158477817 0.6649
-7.08530745834116 0.665
-7.085350277956 0.6651
-7.08537523180885 0.6652
-7.08538102755674 0.6653
-7.08536366243763 0.6654
-7.0853434666279 0.6655
-7.08531711826608 0.6656
-7.08528654867179 0.6657
-7.08525739371401 0.6658
-7.08521713030627 0.6659
-7.08517953690863 0.666
-7.08514251629037 0.6661
-7.08509934590596 0.6662
-7.08508792387151 0.6663
-7.08506694085208 0.6664
-7.08504279390976 0.6665
-7.08504309303635 0.6666
-7.08504903146175 0.6667
-7.08505873325577 0.6668
-7.08506411731285 0.6669
-7.08509869652607 0.667
-7.08512826523912 0.6671
-7.08515614033637 0.6672
-7.0851774907758 0.6673
-7.08520031755679 0.6674
-7.08522649978097 0.6675
-7.08524610894722 0.6676
-7.08526455299352 0.6677
-7.08529952211011 0.6678
-7.08531803340652 0.6679
-7.08535239641338 0.668
-7.08537942230746 0.6681
-7.08539027393892 0.6682
-7.08540919158602 0.6683
-7.08540883759297 0.6684
-7.0854114468428 0.6685
-7.08540540189637 0.6686
-7.08541283061577 0.6687
-7.08539603819694 0.6688
-7.08537163553676 0.6689
-7.08537360700294 0.669
-7.08535797113067 0.6691
-7.08530828940031 0.6692
-7.08523944564364 0.6693
-7.08515190689939 0.6694
-7.0850607148025 0.6695
-7.08494548901844 0.6696
-7.08481018765617 0.6697
-7.08466118976797 0.6698
-7.08452083583688 0.6699
-7.08439359981312 0.67
-7.084292195247 0.6701
-7.08421655178882 0.6702
-7.08416274027943 0.6703
-7.08412746644516 0.6704
-7.08409915274753 0.6705
-7.08409307153947 0.6706
-7.08411526942707 0.6707
-7.08414152620862 0.6708
-7.08416535358777 0.6709
-7.08417864410392 0.671
-7.08418030520037 0.6711
-7.08418267551152 0.6712
-7.08421258954781 0.6713
-7.08424344383747 0.6714
-7.0842864748413 0.6715
-7.0842931948736 0.6716
-7.08427746384691 0.6717
-7.08425542763777 0.6718
-7.08421905199716 0.6719
-7.08416494977713 0.672
-7.08407795696348 0.6721
-7.08397842018964 0.6722
-7.08386794000481 0.6723
-7.0837329468924 0.6724
-7.08362295375832 0.6725
-7.08352431915579 0.6726
-7.08342791420376 0.6727
-7.08332639623857 0.6728
-7.08323743053556 0.6729
-7.08314851497576 0.673
-7.08305085359736 0.6731
-7.08297636957972 0.6732
-7.08291269920259 0.6733
-7.08287491902645 0.6734
-7.08283409383795 0.6735
-7.0828087374374 0.6736
-7.08277308472466 0.6737
-7.08274391083404 0.6738
-7.08271549286558 0.6739
-7.08268045387994 0.674
-7.08265066947897 0.6741
-7.0826193698529 0.6742
-7.08259604638926 0.6743
-7.08259492036751 0.6744
-7.08260246507039 0.6745
-7.08261586413664 0.6746
-7.08262820937878 0.6747
-7.0826438309108 0.6748
-7.08268802092979 0.6749
-7.08272277719066 0.675
-7.0827592069388 0.6751
-7.08280092983619 0.6752
-7.08285194968998 0.6753
-7.08289724674026 0.6754
-7.08292762223679 0.6755
-7.08296690781775 0.6756
-7.0829884893642 0.6757
-7.08297190131423 0.6758
-7.08294792319843 0.6759
-7.08292850835697 0.676
-7.08290627522339 0.6761
-7.08286974987488 0.6762
-7.08283138078126 0.6763
-7.08277610247334 0.6764
-7.08271505372152 0.6765
-7.08265764919663 0.6766
-7.08258795440078 0.6767
-7.08252986591073 0.6768
-7.08245302435794 0.6769
-7.08237866265082 0.677
-7.08231685248834 0.6771
-7.08225526979242 0.6772
-7.08220619393213 0.6773
-7.08217934055373 0.6774
-7.08217590802921 0.6775
-7.08217389646578 0.6776
-7.082183959291 0.6777
-7.08222904289662 0.6778
-7.08230099715621 0.6779
-7.08238600860607 0.678
-7.082471000328 0.6781
-7.08254328827692 0.6782
-7.08261589587673 0.6783
-7.08267651160537 0.6784
-7.08272843286334 0.6785
-7.08278669411259 0.6786
-7.0828395591366 0.6787
-7.08288440126799 0.6788
-7.08290632736642 0.6789
-7.08291660382716 0.679
-7.08291551377272 0.6791
-7.08290311999661 0.6792
-7.08287169235112 0.6793
-7.0828274783356 0.6794
-7.08279141088749 0.6795
-7.08275405677307 0.6796
-7.08275046213021 0.6797
-7.0827636747764 0.6798
-7.08280205428247 0.6799
-7.08286058360801 0.68
-7.08294260775195 0.6801
-7.0830293087683 0.6802
-7.08311961792458 0.6803
-7.08321399829784 0.6804
-7.08329530728852 0.6805
-7.08338216894218 0.6806
-7.08345178343003 0.6807
-7.08354763966572 0.6808
-7.08365135327732 0.6809
-7.08373772789455 0.681
-7.08383551873291 0.6811
-7.08391925347377 0.6812
-7.0839668819381 0.6813
-7.08397829357435 0.6814
-7.08395859623911 0.6815
-7.08389619655107 0.6816
-7.08378970172186 0.6817
-7.08366508271665 0.6818
-7.08350909863667 0.6819
-7.08335578524686 0.682
-7.0831887894798 0.6821
-7.08303128005773 0.6822
-7.08285551778102 0.6823
-7.08268962478459 0.6824
-7.08255574284592 0.6825
-7.0824283839911 0.6826
-7.08232114158263 0.6827
-7.08223634327858 0.6828
-7.08215532615753 0.6829
-7.08210645840237 0.683
-7.08207290864635 0.6831
-7.082065622562 0.6832
-7.08207919691806 0.6833
-7.08213144720767 0.6834
-7.08219568554257 0.6835
-7.08229250850991 0.6836
-7.08237382988195 0.6837
-7.08246426633682 0.6838
-7.08256903394647 0.6839
-7.0826585615457 0.684
-7.08275663435069 0.6841
-7.08284199422557 0.6842
-7.08289879061978 0.6843
-7.08291566900605 0.6844
-7.08290982178854 0.6845
-7.08289669607263 0.6846
-7.08286428194788 0.6847
-7.08283781488089 0.6848
-7.08279554173223 0.6849
-7.08275212721509 0.685
-7.08271748924207 0.6851
-7.08267953879375 0.6852
-7.08259498470793 0.6853
-7.08251229401149 0.6854
-7.08243415139011 0.6855
-7.08233079429803 0.6856
-7.08223159071462 0.6857
-7.08215037888935 0.6858
-7.08205035994773 0.6859
-7.0819568720647 0.686
-7.0818697306998 0.6861
-7.08179540892189 0.6862
-7.08172000257733 0.6863
-7.08163296533288 0.6864
-7.08153876052739 0.6865
-7.08145536585245 0.6866
-7.08136364526935 0.6867
-7.08127031913735 0.6868
-7.08117352184198 0.6869
-7.08108130413488 0.687
-7.08100837637325 0.6871
-7.08092807203184 0.6872
-7.08084106091956 0.6873
-7.08075947021105 0.6874
-7.0806926963779 0.6875
-7.08060439998337 0.6876
-7.08052895502603 0.6877
-7.08045241892404 0.6878
-7.08039009378506 0.6879
-7.08033156989266 0.688
-7.08027428990563 0.6881
-7.08021477354681 0.6882
-7.08016983684692 0.6883
-7.08011140115747 0.6884
-7.08005307212764 0.6885
-7.07999264766703 0.6886
-7.07991217584995 0.6887
-7.0798296184519 0.6888
-7.07973644596252 0.6889
-7.07965243817854 0.689
-7.07956007304363 0.6891
-7.0794606215899 0.6892
-7.07935708834835 0.6893
-7.07926628136589 0.6894
-7.07918109995922 0.6895
-7.07911867239018 0.6896
-7.0790867275729 0.6897
-7.07904966928008 0.6898
-7.07901431898022 0.6899
-7.07900822884523 0.69
-7.07900447349343 0.6901
-7.07900060581349 0.6902
-7.07899741202803 0.6903
-7.07899996582149 0.6904
-7.07902436673946 0.6905
-7.07907796613109 0.6906
-7.07917701648907 0.6907
-7.07930242185943 0.6908
-7.07944695861675 0.6909
-7.07958459567475 0.691
-7.07972377162058 0.6911
-7.07985790295944 0.6912
-7.07998435587334 0.6913
-7.08011932708033 0.6914
-7.08027175578554 0.6915
-7.08041775470718 0.6916
-7.08057886559469 0.6917
-7.08074215269744 0.6918
-7.08090218688413 0.6919
-7.08104633589529 0.692
-7.08118195501225 0.6921
-7.08131401154759 0.6922
-7.08143706778505 0.6923
-7.0815385649627 0.6924
-7.08163267807682 0.6925
-7.08173464962717 0.6926
-7.08182217815699 0.6927
-7.08188594782224 0.6928
-7.08192929486706 0.6929
-7.08194885509456 0.693
-7.08195559046115 0.6931
-7.08192155644709 0.6932
-7.08189997787737 0.6933
-7.08185512969092 0.6934
-7.08180249668525 0.6935
-7.08172623873679 0.6936
-7.08164030573209 0.6937
-7.08155375738747 0.6938
-7.0814800755724 0.6939
-7.08143020469433 0.694
-7.08136791474712 0.6941
-7.08129185593762 0.6942
-7.08120061552114 0.6943
-7.08111281532661 0.6944
-7.0810141059102 0.6945
-7.08092246557269 0.6946
-7.0808195565827 0.6947
-7.08072009531425 0.6948
-7.08061457747348 0.6949
-7.08049883151487 0.695
-7.08037435862044 0.6951
-7.08024976662991 0.6952
-7.08012401429451 0.6953
-7.08001291914775 0.6954
-7.07989459119905 0.6955
-7.07980692747034 0.6956
-7.07972686208907 0.6957
-7.07966125068068 0.6958
-7.07960273429002 0.6959
-7.07957209773422 0.696
-7.07956716212686 0.6961
-7.07957745411407 0.6962
-7.07960914643783 0.6963
-7.07964010250736 0.6964
-7.07970332546641 0.6965
-7.07977234971247 0.6966
-7.07985422542446 0.6967
-7.07994007370359 0.6968
-7.08002330754019 0.6969
-7.08010170161229 0.697
-7.08018846544716 0.6971
-7.0802577817562 0.6972
-7.08029179872526 0.6973
-7.0803130932385 0.6974
-7.08035444666088 0.6975
-7.08037803367532 0.6976
-7.08036391139272 0.6977
-7.08035530383077 0.6978
-7.08035441799258 0.6979
-7.08034597453537 0.698
-7.08034195613999 0.6981
-7.08033159270382 0.6982
-7.08030688401072 0.6983
-7.08029323347186 0.6984
-7.0802889462167 0.6985
-7.08028233607445 0.6986
-7.08031958499076 0.6987
-7.08036265831476 0.6988
-7.08039867128251 0.6989
-7.08043744599311 0.699
-7.08046171519218 0.6991
-7.08052353266773 0.6992
-7.08057428709642 0.6993
-7.08062835926385 0.6994
-7.08066531501494 0.6995
-7.08069435012145 0.6996
-7.08070982137523 0.6997
-7.0807244139455 0.6998
-7.08073631391296 0.6999
-7.08073890764057 0.7
-7.08071952742163 0.7001
-7.08068537973384 0.7002
-7.08063195938803 0.7003
-7.0805773515792 0.7004
-7.08052122608887 0.7005
-7.08045859550608 0.7006
-7.08040623380817 0.7007
-7.08035234032374 0.7008
-7.08030631349319 0.7009
-7.08027309648789 0.701
-7.0802554066526 0.7011
-7.08021923989236 0.7012
-7.08020564955044 0.7013
-7.08017403206097 0.7014
-7.08014611758642 0.7015
-7.08011987036076 0.7016
-7.08009132371417 0.7017
-7.08005488542872 0.7018
-7.08001736248957 0.7019
-7.07999746666913 0.702
-7.07997426964398 0.7021
-7.07995188759525 0.7022
-7.07997395492484 0.7023
-7.0799857470035 0.7024
-7.08000040176358 0.7025
-7.08003687489981 0.7026
-7.08005260726698 0.7027
-7.08005573885705 0.7028
-7.08005911489639 0.7029
-7.0800558596297 0.703
-7.08006839865866 0.7031
-7.08006860439152 0.7032
-7.0800512296587 0.7033
-7.08004089127636 0.7034
-7.08003929054505 0.7035
-7.08004740027763 0.7036
-7.08007761198212 0.7037
-7.08010776884057 0.7038
-7.08015295746222 0.7039
-7.08021157032075 0.704
-7.08026957085596 0.7041
-7.08034930256204 0.7042
-7.08042906685382 0.7043
-7.08053346104661 0.7044
-7.08066950364545 0.7045
-7.08079593369356 0.7046
-7.08093520490767 0.7047
-7.08107763956339 0.7048
-7.08123282579554 0.7049
-7.08139441105034 0.705
-7.08153617832183 0.7051
-7.081671441886 0.7052
-7.08179472587408 0.7053
-7.08191962109176 0.7054
-7.08201729617992 0.7055
-7.08209542191081 0.7056
-7.08214972202967 0.7057
-7.08219203555634 0.7058
-7.08221269743262 0.7059
-7.08221825172803 0.706
-7.08222135890931 0.7061
-7.0822143877849 0.7062
-7.08218707200826 0.7063
-7.08213722945825 0.7064
-7.08207777929917 0.7065
-7.08199037227786 0.7066
-7.08189318249603 0.7067
-7.08176509108508 0.7068
-7.08160328765042 0.7069
-7.08142240043007 0.707
-7.08123201102157 0.7071
-7.0810266231775 0.7072
-7.08084165456432 0.7073
-7.08065932971571 0.7074
-7.08052068659797 0.7075
-7.08040529645291 0.7076
-7.08027862095551 0.7077
-7.08015282583094 0.7078
-7.0800170946238 0.7079
-7.07986630244054 0.708
-7.07972051969704 0.7081
-7.07959077072341 0.7082
-7.07946713161938 0.7083
-7.07933513279737 0.7084
-7.07921714154399 0.7085
-7.07913957042748 0.7086
-7.07905823132983 0.7087
-7.07896501960339 0.7088
-7.0789021078221 0.7089
-7.07884487049487 0.709
-7.07879333760311 0.7091
-7.0787439578025 0.7092
-7.07870173246217 0.7093
-7.07866768086046 0.7094
-7.07863320877119 0.7095
-7.07861035064033 0.7096
-7.07859289132972 0.7097
-7.07859032523621 0.7098
-7.07857705211968 0.7099
-7.0785707219456 0.71
-7.07854323445032 0.7101
-7.07850809260205 0.7102
-7.07847189973098 0.7103
-7.07839370501287 0.7104
-7.07832014035538 0.7105
-7.07823971004865 0.7106
-7.0781513214563 0.7107
-7.07807408157771 0.7108
-7.07797569674308 0.7109
-7.07787256620047 0.711
-7.07776509638225 0.7111
-7.07764255740114 0.7112
-7.0775145249207 0.7113
-7.07738983624368 0.7114
-7.07729668716946 0.7115
-7.07720363372242 0.7116
-7.0771024617945 0.7117
-7.07701127414518 0.7118
-7.07692149100968 0.7119
-7.07683257549002 0.712
-7.07673515599393 0.7121
-7.07663042316883 0.7122
-7.07653799456066 0.7123
-7.07644307402771 0.7124
-7.07636168950498 0.7125
-7.07630196437462 0.7126
-7.0762622068625 0.7127
-7.0762138763776 0.7128
-7.07615052763052 0.7129
-7.07609146771636 0.713
-7.07606112864951 0.7131
-7.07605726409205 0.7132
-7.0760664645949 0.7133
-7.07608665467091 0.7134
-7.07610460918365 0.7135
-7.07614991195922 0.7136
-7.07621895717645 0.7137
-7.07631652717106 0.7138
-7.07643496278818 0.7139
-7.07656057153326 0.714
-7.07669417947303 0.7141
-7.07684588953679 0.7142
-7.0770164335759 0.7143
-7.07719049382781 0.7144
-7.07738060698695 0.7145
-7.07758781554657 0.7146
-7.07779806135266 0.7147
-7.07800584016636 0.7148
-7.07822485435222 0.7149
-7.07844008249007 0.715
-7.07866623720713 0.7151
-7.0788871153163 0.7152
-7.07909670670669 0.7153
-7.07930592112412 0.7154
-7.07946621243988 0.7155
-7.07959734671958 0.7156
-7.07969656139666 0.7157
-7.07980157039044 0.7158
-7.07989000310904 0.7159
-7.07993556632378 0.716
-7.07995142015689 0.7161
-7.07996841337211 0.7162
-7.07996729386178 0.7163
-7.07996610971054 0.7164
-7.07997708947619 0.7165
-7.07999820071071 0.7166
-7.08003349330453 0.7167
-7.08007687458653 0.7168
-7.08013094107137 0.7169
-7.080219839624 0.717
-7.08030060552509 0.7171
-7.08038756359236 0.7172
-7.08049961114428 0.7173
-7.08058179030014 0.7174
-7.08062980648359 0.7175
-7.08068357240343 0.7176
-7.08073708590367 0.7177
-7.08079566748629 0.7178
-7.08084244244017 0.7179
-7.08085825535934 0.718
-7.08084748897224 0.7181
-7.08084040283737 0.7182
-7.080821638047 0.7183
-7.08078897528221 0.7184
-7.08075944797276 0.7185
-7.08070831917041 0.7186
-7.08064590752316 0.7187
-7.08056603308822 0.7188
-7.08047866761703 0.7189
-7.08038670668739 0.719
-7.08029854570178 0.7191
-7.08022339351864 0.7192
-7.08016147777977 0.7193
-7.08010673141386 0.7194
-7.08007392136986 0.7195
-7.08005547248865 0.7196
-7.08005879412198 0.7197
-7.08008190601345 0.7198
-7.0801186830123 0.7199
-7.080145429551 0.72
-7.08018048427078 0.7201
-7.08020099986928 0.7202
-7.0802282009935 0.7203
-7.08023134768749 0.7204
-7.08022105377191 0.7205
-7.08019980032745 0.7206
-7.08017216733545 0.7207
-7.08013539201581 0.7208
-7.0801005651533 0.7209
-7.08004469548057 0.721
-7.07999066748048 0.7211
-7.0799315564998 0.7212
-7.0798588950866 0.7213
-7.07977480632169 0.7214
-7.07968986617974 0.7215
-7.07960670741128 0.7216
-7.0795324369605 0.7217
-7.07944582496397 0.7218
-7.07935968716976 0.7219
-7.0792938402718 0.722
-7.07921446906302 0.7221
-7.0791315623448 0.7222
-7.07904328403655 0.7223
-7.07893634355731 0.7224
-7.07881358982431 0.7225
-7.07869669534768 0.7226
-7.0785635611218 0.7227
-7.07843496852472 0.7228
-7.0783133192211 0.7229
-7.07818917127252 0.723
-7.07806518361613 0.7231
-7.07794314264553 0.7232
-7.07782086023162 0.7233
-7.07772394398445 0.7234
-7.07762703374926 0.7235
-7.07753251800868 0.7236
-7.07745369912243 0.7237
-7.07738622766811 0.7238
-7.07733839784462 0.7239
-7.07730922418088 0.724
-7.07727541187574 0.7241
-7.07725836350093 0.7242
-7.07724506226634 0.7243
-7.07724606098462 0.7244
-7.07728183971045 0.7245
-7.07732753283242 0.7246
-7.07737884881316 0.7247
-7.07742568510276 0.7248
-7.07747947349819 0.7249
-7.07752240928125 0.725
-7.07754960464335 0.7251
-7.07756721660075 0.7252
-7.0775769891179 0.7253
-7.07758143903772 0.7254
-7.07757493346224 0.7255
-7.07757560758045 0.7256
-7.07759042141197 0.7257
-7.07760759623479 0.7258
-7.07763759002785 0.7259
-7.07766780226443 0.726
-7.07770434623242 0.7261
-7.07774320747283 0.7262
-7.07777212369058 0.7263
-7.07781087529001 0.7264
-7.07785913119835 0.7265
-7.07791403067966 0.7266
-7.07799276611369 0.7267
-7.07808015486968 0.7268
-7.07816610878961 0.7269
-7.07826429730237 0.727
-7.0783584173147 0.7271
-7.07845246008364 0.7272
-7.07852863504213 0.7273
-7.07860027274917 0.7274
-7.07865730298564 0.7275
-7.0786861315307 0.7276
-7.0786899094601 0.7277
-7.07869228501752 0.7278
-7.07867715846551 0.7279
-7.07866333795482 0.728
-7.0786439081664 0.7281
-7.07862588308951 0.7282
-7.0785964851375 0.7283
-7.07855290381594 0.7284
-7.07850819463388 0.7285
-7.07844349913016 0.7286
-7.07839025436266 0.7287
-7.07831390873557 0.7288
-7.07823202444995 0.7289
-7.07816020909537 0.729
-7.07810631384487 0.7291
-7.07805186066138 0.7292
-7.07801135187432 0.7293
-7.07797267554486 0.7294
-7.0779167716725 0.7295
-7.07785658769019 0.7296
-7.07779378313346 0.7297
-7.07773150059164 0.7298
-7.07769042662652 0.7299
-7.07765327039327 0.73
-7.07762200626168 0.7301
-7.07762362921441 0.7302
-7.07763905173121 0.7303
-7.07766911602178 0.7304
-7.07768811372264 0.7305
-7.07772622783065 0.7306
-7.07779055052562 0.7307
-7.07783787171151 0.7308
-7.07790621411294 0.7309
-7.07797015582548 0.731
-7.07802870434004 0.7311
-7.0781079527459 0.7312
-7.07819821378173 0.7313
-7.07832013356327 0.7314
-7.0784517763744 0.7315
-7.07856718288296 0.7316
-7.07870146093095 0.7317
-7.0788359817689 0.7318
-7.07896363050257 0.7319
-7.07908345145908 0.732
-7.07920149923641 0.7321
-7.0793206062958 0.7322
-7.07943703735453 0.7323
-7.07952329615199 0.7324
-7.07960667350588 0.7325
-7.07966728069711 0.7326
-7.07972189128336 0.7327
-7.07979112804545 0.7328
-7.07984240281896 0.7329
-7.07987612767605 0.733
-7.07990577940082 0.7331
-7.07992953052734 0.7332
-7.07994357429611 0.7333
-7.07993815782277 0.7334
-7.07990652536375 0.7335
-7.07985854516222 0.7336
-7.07981408423675 0.7337
-7.07974980717128 0.7338
-7.07968283313653 0.7339
-7.07960999013551 0.734
-7.07953909550139 0.7341
-7.07942934901362 0.7342
-7.07931880042332 0.7343
-7.07921487844268 0.7344
-7.0791186598787 0.7345
-7.07900962071563 0.7346
-7.07889890377081 0.7347
-7.07877415209897 0.7348
-7.07865105632085 0.7349
-7.07853022921547 0.735
-7.07841262482039 0.7351
-7.07829720069949 0.7352
-7.07821412873401 0.7353
-7.07817609973694 0.7354
-7.0781736762144 0.7355
-7.07818016053123 0.7356
-7.07821461263517 0.7357
-7.0782541371078 0.7358
-7.07831302399437 0.7359
-7.07837869428704 0.736
-7.0784435751425 0.7361
-7.0785285388019 0.7362
-7.0786123462866 0.7363
-7.07869626060149 0.7364
-7.07877721431015 0.7365
-7.07887289177105 0.7366
-7.07894576173455 0.7367
-7.07900146063827 0.7368
-7.07905045769797 0.7369
-7.07908232928235 0.737
-7.07912669210434 0.7371
-7.07916330365585 0.7372
-7.07918173531509 0.7373
-7.07919909013268 0.7374
-7.07921715121801 0.7375
-7.07921552417708 0.7376
-7.07919741535314 0.7377
-7.07917113788462 0.7378
-7.07914465161678 0.7379
-7.07911511891655 0.738
-7.0790882645703 0.7381
-7.07905301319728 0.7382
-7.07902376521472 0.7383
-7.07898004114611 0.7384
-7.078900213769 0.7385
-7.07883372302952 0.7386
-7.07875277372741 0.7387
-7.07863882697333 0.7388
-7.07852463149367 0.7389
-7.07840914314384 0.739
-7.07827162486412 0.7391
-7.0781222577492 0.7392
-7.07798472624161 0.7393
-7.07785321914303 0.7394
-7.07772112600399 0.7395
-7.07758232777755 0.7396
-7.07743516459699 0.7397
-7.07730805090366 0.7398
-7.07718438205283 0.7399
-7.07706948040578 0.74
-7.0769587473598 0.7401
-7.0768347539111 0.7402
-7.07671471475938 0.7403
-7.07657545672711 0.7404
-7.07645850443509 0.7405
-7.07635544803656 0.7406
-7.076245077434 0.7407
-7.07613148796378 0.7408
-7.07600184518858 0.7409
-7.07589444487518 0.741
-7.07579966058002 0.7411
-7.07569598946092 0.7412
-7.07560197794955 0.7413
-7.07551874261321 0.7414
-7.07544316187892 0.7415
-7.07538131389834 0.7416
-7.07533079646447 0.7417
-7.07529499956435 0.7418
-7.07528641383348 0.7419
-7.07526904285281 0.742
-7.07525183613189 0.7421
-7.07524148416546 0.7422
-7.07520140640798 0.7423
-7.07516056442903 0.7424
-7.07510428093277 0.7425
-7.07505064101628 0.7426
-7.07499002108447 0.7427
-7.07494911936237 0.7428
-7.07491204117469 0.7429
-7.0748734509254 0.743
-7.07483607416942 0.7431
-7.07478084466674 0.7432
-7.07474293030099 0.7433
-7.0747033683829 0.7434
-7.07465559850285 0.7435
-7.0746047553209 0.7436
-7.07454785172009 0.7437
-7.07449496740757 0.7438
-7.07446044027961 0.7439
-7.07441663423532 0.744
-7.07438831124809 0.7441
-7.07435020265839 0.7442
-7.07431441232199 0.7443
-7.07430731873542 0.7444
-7.07431890222672 0.7445
-7.07437103376167 0.7446
-7.07444169795962 0.7447
-7.07454440005328 0.7448
-7.07466832243735 0.7449
-7.07480406224333 0.745
-7.0749588745208 0.7451
-7.07511548052389 0.7452
-7.07525615681739 0.7453
-7.07539503338025 0.7454
-7.07551215757037 0.7455
-7.07559587712497 0.7456
-7.07568775280744 0.7457
-7.0757715609134 0.7458
-7.07581030105328 0.7459
-7.07582111231217 0.746
-7.07579531868636 0.7461
-7.07574894060793 0.7462
-7.07569343334964 0.7463
-7.07561758220014 0.7464
-7.07553761312552 0.7465
-7.07544012729906 0.7466
-7.0753118862988 0.7467
-7.07517958637053 0.7468
-7.07503415131893 0.7469
-7.07490218398795 0.747
-7.07475444485905 0.7471
-7.07462291122437 0.7472
-7.07449162003263 0.7473
-7.07436893542727 0.7474
-7.07425773353485 0.7475
-7.07416721007555 0.7476
-7.07410715232193 0.7477
-7.07408072867153 0.7478
-7.07407774177148 0.7479
-7.074065304606 0.748
-7.07405887136174 0.7481
-7.07404836428866 0.7482
-7.07404771272881 0.7483
-7.07405556537763 0.7484
-7.0740752925745 0.7485
-7.07411075762354 0.7486
-7.07416565407937 0.7487
-7.07423513644006 0.7488
-7.07430346070112 0.7489
-7.07436223786506 0.749
-7.07441908864709 0.7491
-7.07449326265154 0.7492
-7.07458986583185 0.7493
-7.07469672543636 0.7494
-7.07478805651625 0.7495
-7.07487946045758 0.7496
-7.07496881246294 0.7497
-7.07505636524118 0.7498
-7.07515175307696 0.7499
-7.07524862620416 0.75
-7.07534547856471 0.7501
-7.07542700318254 0.7502
-7.07549666739862 0.7503
-7.07551525645625 0.7504
-7.07551583468045 0.7505
-7.07552308772832 0.7506
-7.07551332652631 0.7507
-7.07548915403294 0.7508
-7.07546566160421 0.7509
-7.07542918634342 0.751
-7.07538849558411 0.7511
-7.07534778246462 0.7512
-7.07531584460879 0.7513
-7.07527360849418 0.7514
-7.07522376424474 0.7515
-7.07516536158159 0.7516
-7.07511726050298 0.7517
-7.07507232940973 0.7518
-7.07503141471843 0.7519
-7.07499466064757 0.752
-7.07495450101028 0.7521
-7.07493103516762 0.7522
-7.0749114260207 0.7523
-7.07490155418996 0.7524
-7.07488707235273 0.7525
-7.07489235058367 0.7526
-7.07490419736584 0.7527
-7.07493019936429 0.7528
-7.07496938386431 0.7529
-7.07501136126609 0.753
-7.07507459979587 0.7531
-7.07516782886625 0.7532
-7.07527806505398 0.7533
-7.07539527907131 0.7534
-7.07551248227911 0.7535
-7.07563141519116 0.7536
-7.07576263382966 0.7537
-7.07589820040396 0.7538
-7.07604498102569 0.7539
-7.07618535338133 0.754
-7.07631980268831 0.7541
-7.07644499937377 0.7542
-7.07655085954555 0.7543
-7.07664672754362 0.7544
-7.07673185958754 0.7545
-7.07681584174515 0.7546
-7.07688154638675 0.7547
-7.07693379581816 0.7548
-7.07696972865283 0.7549
-7.0769935115841 0.755
-7.07700985616764 0.7551
-7.07702107053088 0.7552
-7.07703644211078 0.7553
-7.07705427556815 0.7554
-7.07706838637071 0.7555
-7.07707470355647 0.7556
-7.0770601191396 0.7557
-7.07701494606488 0.7558
-7.07695002170856 0.7559
-7.07685677410581 0.756
-7.07672658859159 0.7561
-7.07657343169738 0.7562
-7.07639331176134 0.7563
-7.07617808560307 0.7564
-7.07594961625313 0.7565
-7.07569504009025 0.7566
-7.07542056592578 0.7567
-7.07513177618331 0.7568
-7.07484235337338 0.7569
-7.07454248913255 0.757
-7.07424137433568 0.7571
-7.07395306295999 0.7572
-7.0736819221547 0.7573
-7.0734015845336 0.7574
-7.07315753499624 0.7575
-7.072946318018 0.7576
-7.07275690538242 0.7577
-7.07260868018395 0.7578
-7.07249572642439 0.7579
-7.07241608698353 0.758
-7.07234901579695 0.7581
-7.07232510884958 0.7582
-7.07231878401925 0.7583
-7.07233459362052 0.7584
-7.07238389161383 0.7585
-7.07244602734724 0.7586
-7.07252284837907 0.7587
-7.0726244567524 0.7588
-7.07272810064635 0.7589
-7.07283392177781 0.759
-7.07295762046845 0.7591
-7.07309306960936 0.7592
-7.07323128730147 0.7593
-7.07335463523748 0.7594
-7.07348250520022 0.7595
-7.07359805595491 0.7596
-7.07368800129908 0.7597
-7.07378275375053 0.7598
-7.07387711386318 0.7599
-7.07398334819947 0.76
-7.07408095789479 0.7601
-7.07418037176972 0.7602
-7.074268017993 0.7603
-7.07436853339597 0.7604
-7.07447354131294 0.7605
-7.07457920307549 0.7606
-7.07470401438877 0.7607
-7.07485634115008 0.7608
-7.07502386432182 0.7609
-7.07520924274718 0.761
-7.07537893656058 0.7611
-7.07554273465297 0.7612
-7.07568436991802 0.7613
-7.07585425657251 0.7614
-7.07603101999791 0.7615
-7.07618257387127 0.7616
-7.07633356010018 0.7617
-7.07645838111066 0.7618
-7.07658129557027 0.7619
-7.07668804315044 0.762
-7.07678962801801 0.7621
-7.0768720280154 0.7622
-7.07694117637819 0.7623
-7.07701417024337 0.7624
-7.07706720011023 0.7625
-7.07707541761379 0.7626
-7.07706176517987 0.7627
-7.07703794480687 0.7628
-7.07700825465983 0.7629
-7.07696183859394 0.763
-7.07692338765372 0.7631
-7.0768582413522 0.7632
-7.07676577768069 0.7633
-7.07663960955502 0.7634
-7.0765080046328 0.7635
-7.07636504946917 0.7636
-7.07621361130568 0.7637
-7.07607532366897 0.7638
-7.0759273082652 0.7639
-7.07577169955027 0.764
-7.07560276157181 0.7641
-7.0754070983603 0.7642
-7.07518868680153 0.7643
-7.07495450686666 0.7644
-7.07470580469483 0.7645
-7.07443818495034 0.7646
-7.07416250030897 0.7647
-7.07390456018768 0.7648
-7.07366157426648 0.7649
-7.07341823892912 0.765
-7.07317626216615 0.7651
-7.07295634156822 0.7652
-7.07276300576738 0.7653
-7.07259127627006 0.7654
-7.07241539145413 0.7655
-7.07224765226843 0.7656
-7.07211874474189 0.7657
-7.07201253352627 0.7658
-7.07193491455956 0.7659
-7.07189496264493 0.766
-7.07187654656986 0.7661
-7.07186837006049 0.7662
-7.07189814452738 0.7663
-7.07191346415517 0.7664
-7.07193831332044 0.7665
-7.071984473359 0.7666
-7.07204290378378 0.7667
-7.07208609524174 0.7668
-7.07211987204618 0.7669
-7.07214599978391 0.767
-7.07218599266388 0.7671
-7.07221844697667 0.7672
-7.07223956474467 0.7673
-7.0722315244135 0.7674
-7.07220815453495 0.7675
-7.0721866355363 0.7676
-7.07215180592297 0.7677
-7.07211552726509 0.7678
-7.0720801110333 0.7679
-7.07203072457442 0.768
-7.07198310724899 0.7681
-7.07193544508814 0.7682
-7.07190859839949 0.7683
-7.07189244694626 0.7684
-7.07187404510476 0.7685
-7.07185149795233 0.7686
-7.07180805918219 0.7687
-7.07175678416685 0.7688
-7.07170756940962 0.7689
-7.07166705070768 0.769
-7.07162820545508 0.7691
-7.07158682196598 0.7692
-7.07155270756025 0.7693
-7.07149857015324 0.7694
-7.07145202554875 0.7695
-7.07138926831762 0.7696
-7.07130468888723 0.7697
-7.07123969351564 0.7698
-7.07118425107466 0.7699
-7.0711554492972 0.77
-7.07114168923589 0.7701
-7.0711560619417 0.7702
-7.07119915753759 0.7703
-7.07126234916115 0.7704
-7.0713395939792 0.7705
-7.07141940008875 0.7706
-7.07150962769984 0.7707
-7.07160930199207 0.7708
-7.07170845886421 0.7709
-7.07181697437311 0.771
-7.07193675766224 0.7711
-7.07204984858194 0.7712
-7.07217303393423 0.7713
-7.07228437773299 0.7714
-7.07238429930136 0.7715
-7.07246376060394 0.7716
-7.07254243405738 0.7717
-7.07262714275554 0.7718
-7.07269543848775 0.7719
-7.07276715886545 0.772
-7.07285638863441 0.7721
-7.07291960564876 0.7722
-7.07296824587835 0.7723
-7.07303820240007 0.7724
-7.07309335642151 0.7725
-7.07314808073513 0.7726
-7.07321114580056 0.7727
-7.07324007227693 0.7728
-7.07326658043667 0.7729
-7.07325508447484 0.773
-7.07321687133428 0.7731
-7.07313742005478 0.7732
-7.07304798618372 0.7733
-7.07294683097353 0.7734
-7.07283986938472 0.7735
-7.07270873240244 0.7736
-7.07257012360113 0.7737
-7.07241374068523 0.7738
-7.07225767933665 0.7739
-7.07210511238682 0.774
-7.0719514749403 0.7741
-7.07181373416446 0.7742
-7.07170187056304 0.7743
-7.07160978926851 0.7744
-7.07153931200696 0.7745
-7.07148649212022 0.7746
-7.07148346628297 0.7747
-7.07148914654115 0.7748
-7.07150386701197 0.7749
-7.07154219230606 0.775
-7.0715866198603 0.7751
-7.07164280467151 0.7752
-7.07172326152601 0.7753
-7.07181992842535 0.7754
-7.07193379523844 0.7755
-7.07205214256623 0.7756
-7.07218357331819 0.7757
-7.07229307831337 0.7758
-7.07239500444057 0.7759
-7.07247708029484 0.776
-7.07253114706861 0.7761
-7.07256782346945 0.7762
-7.07258863841148 0.7763
-7.07259328251363 0.7764
-7.07255397338928 0.7765
-7.0725080298692 0.7766
-7.07245957897363 0.7767
-7.07239647072995 0.7768
-7.07232806190061 0.7769
-7.07224725095728 0.777
-7.0721591877522 0.7771
-7.07204275093707 0.7772
-7.07190335451346 0.7773
-7.0717681375124 0.7774
-7.07159775949876 0.7775
-7.07139758186799 0.7776
-7.07119280968503 0.7777
-7.07099068844059 0.7778
-7.07076961370309 0.7779
-7.07056586903352 0.778
-7.07037595740265 0.7781
-7.0702087347736 0.7782
-7.07004688871845 0.7783
-7.0698779283317 0.7784
-7.06969836507984 0.7785
-7.06952855785705 0.7786
-7.0693828623814 0.7787
-7.06926914360672 0.7788
-7.06917319836062 0.7789
-7.06909910521314 0.779
-7.06903792723611 0.7791
-7.06899669011803 0.7792
-7.06896683823242 0.7793
-7.06894712642968 0.7794
-7.06895951831786 0.7795
-7.06897659110468 0.7796
-7.06902680155187 0.7797
-7.06909590270282 0.7798
-7.06920473578941 0.7799
-7.06931188029626 0.78
-7.06941659651193 0.7801
-7.06955414860441 0.7802
-7.06971696535427 0.7803
-7.06988364883585 0.7804
-7.0700315039094 0.7805
-7.07016187401239 0.7806
-7.07028422360998 0.7807
-7.07036495820561 0.7808
-7.07041518490328 0.7809
-7.07044506050484 0.781
-7.07045726064168 0.7811
-7.07044752361148 0.7812
-7.07042326285037 0.7813
-7.07036065540303 0.7814
-7.07028646871929 0.7815
-7.07022049112944 0.7816
-7.07013487379849 0.7817
-7.0700447662918 0.7818
-7.06995284649978 0.7819
-7.06985488591089 0.782
-7.06976527369634 0.7821
-7.06970859575745 0.7822
-7.06965083065503 0.7823
-7.06962204757278 0.7824
-7.06961334588253 0.7825
-7.06964111021625 0.7826
-7.06967756443375 0.7827
-7.0697353840809 0.7828
-7.06981186590285 0.7829
-7.06991448931722 0.783
-7.07004022571677 0.7831
-7.07016873610686 0.7832
-7.0703148672453 0.7833
-7.07045780268357 0.7834
-7.07060161801152 0.7835
-7.07072606413239 0.7836
-7.07084625573856 0.7837
-7.07098606490697 0.7838
-7.07111342148592 0.7839
-7.07121959262154 0.784
-7.07133462139459 0.7841
-7.07145686555859 0.7842
-7.07155013088708 0.7843
-7.07163378065446 0.7844
-7.07171191900226 0.7845
-7.07176968092247 0.7846
-7.07179618161122 0.7847
-7.07180179773156 0.7848
-7.0718066781313 0.7849
-7.07179526775775 0.785
-7.07175978830759 0.7851
-7.07170807957503 0.7852
-7.0716586877894 0.7853
-7.0715952100956 0.7854
-7.071539539057 0.7855
-7.07148070575763 0.7856
-7.07141265861459 0.7857
-7.07134323505649 0.7858
-7.07125765659298 0.7859
-7.07116889858125 0.786
-7.07108778493303 0.7861
-7.07102784757104 0.7862
-7.0709865875954 0.7863
-7.07095812359832 0.7864
-7.07093826709881 0.7865
-7.07094800509509 0.7866
-7.07097584746895 0.7867
-7.0710516000335 0.7868
-7.07115328770739 0.7869
-7.07126470034326 0.787
-7.07134463314203 0.7871
-7.07143689619082 0.7872
-7.07154463366796 0.7873
-7.07164605672221 0.7874
-7.07173841047558 0.7875
-7.07183355535562 0.7876
-7.07191874131309 0.7877
-7.07200234267106 0.7878
-7.07206744541669 0.7879
-7.07210831158153 0.788
-7.07214674542058 0.7881
-7.07216025212684 0.7882
-7.07216124481083 0.7883
-7.07212308822079 0.7884
-7.07209352239562 0.7885
-7.0720641249805 0.7886
-7.07206082930372 0.7887
-7.07204971009138 0.7888
-7.07203253357667 0.7889
-7.07201274591076 0.789
-7.07201655774851 0.7891
-7.0720383791966 0.7892
-7.07205688917645 0.7893
-7.07207047423437 0.7894
-7.07211386429956 0.7895
-7.0721692206652 0.7896
-7.07222568737879 0.7897
-7.07230382161679 0.7898
-7.07235946284 0.7899
-7.07239492295302 0.79
-7.07241401302975 0.7901
-7.07240248624353 0.7902
-7.07235691067335 0.7903
-7.07229220749367 0.7904
-7.07221354088581 0.7905
-7.07213294894825 0.7906
-7.07203476066875 0.7907
-7.07194289493722 0.7908
-7.07184988697741 0.7909
-7.07176901766139 0.791
-7.07168215340981 0.7911
-7.07158967109269 0.7912
-7.07149266811252 0.7913
-7.07136891426555 0.7914
-7.0712284283653 0.7915
-7.07108698846446 0.7916
-7.07093830919159 0.7917
-7.07078162854467 0.7918
-7.07062080516492 0.7919
-7.07045054487687 0.792
-7.07029182442993 0.7921
-7.07015324885646 0.7922
-7.07001512578775 0.7923
-7.06989033662029 0.7924
-7.06975299131762 0.7925
-7.06963627895819 0.7926
-7.0695290436924 0.7927
-7.06941655129319 0.7928
-7.06931652634919 0.7929
-7.06924435516117 0.793
-7.06918473807999 0.7931
-7.06910445182149 0.7932
-7.06903221396647 0.7933
-7.06899363924186 0.7934
-7.06896406301035 0.7935
-7.06894535864721 0.7936
-7.06897205986958 0.7937
-7.06897683270029 0.7938
-7.06898653424614 0.7939
-7.06899916055564 0.794
-7.06901110782943 0.7941
-7.06904151519673 0.7942
-7.06908019120589 0.7943
-7.06912202814186 0.7944
-7.06916139167534 0.7945
-7.06918995846114 0.7946
-7.06922873694758 0.7947
-7.0692874445722 0.7948
-7.06935810009789 0.7949
-7.06944983034485 0.795
-7.06954164866925 0.7951
-7.0696424413349 0.7952
-7.06972638730011 0.7953
-7.06980152579515 0.7954
-7.06988156119888 0.7955
-7.06996241599712 0.7956
-7.07003816094461 0.7957
-7.07011283623348 0.7958
-7.07022066535872 0.7959
-7.07032935575758 0.796
-7.07044164600184 0.7961
-7.07056981134186 0.7962
-7.07070848168875 0.7963
-7.07082865460122 0.7964
-7.07095188833935 0.7965
-7.07105308756376 0.7966
-7.07113624126026 0.7967
-7.07120650675413 0.7968
-7.07124870668699 0.7969
-7.0712314003241 0.797
-7.07120417591719 0.7971
-7.07115998435358 0.7972
-7.07108824193308 0.7973
-7.07098888158345 0.7974
-7.07086265104567 0.7975
-7.07073426029274 0.7976
-7.07058532385227 0.7977
-7.07041623107857 0.7978
-7.07023756682214 0.7979
-7.07005181147783 0.798
-7.06984604494306 0.7981
-7.06964950299684 0.7982
-7.06944330958357 0.7983
-7.06924943945598 0.7984
-7.06905840384352 0.7985
-7.06886823423732 0.7986
-7.0686926355892 0.7987
-7.06853228525578 0.7988
-7.06839757203388 0.7989
-7.06829362502394 0.799
-7.0681976066103 0.7991
-7.06809247470004 0.7992
-7.06802044467768 0.7993
-7.06798000982452 0.7994
-7.06794753764037 0.7995
-7.06791420138464 0.7996
-7.0678962578471 0.7997
-7.06786238952199 0.7998
-7.06783751136139 0.7999
-7.06782685809249 0.8
-7.06780100127075 0.8001
-7.06775755229204 0.8002
-7.06769217454081 0.8003
-7.06763186284336 0.8004
-7.06756893114365 0.8005
-7.0675032888433 0.8006
-7.06745017661374 0.8007
-7.06738495555626 0.8008
-7.067320630881 0.8009
-7.06724617181652 0.801
-7.06716922673963 0.8011
-7.0670704954991 0.8012
-7.06695680966485 0.8013
-7.06683020128418 0.8014
-7.06671860144565 0.8015
-7.06662147844534 0.8016
-7.06651181761886 0.8017
-7.06638529407776 0.8018
-7.06623525702066 0.8019
-7.06610122456579 0.802
-7.06596907089299 0.8021
-7.06583335334387 0.8022
-7.0657017060746 0.8023
-7.06560816849878 0.8024
-7.06553379425532 0.8025
-7.06548263121647 0.8026
-7.06544150172077 0.8027
-7.0654013994643 0.8028
-7.06537660720233 0.8029
-7.06539136025113 0.803
-7.06541141694057 0.8031
-7.06543293087406 0.8032
-7.06546232573186 0.8033
-7.06550232401718 0.8034
-7.0655293374355 0.8035
-7.06556459627325 0.8036
-7.06558913282033 0.8037
-7.06560895262041 0.8038
-7.06563016193312 0.8039
-7.06561974272718 0.804
-7.06557278576716 0.8041
-7.06551153284011 0.8042
-7.06542166186534 0.8043
-7.06531329580729 0.8044
-7.06520787226391 0.8045
-7.06507999709666 0.8046
-7.06494976777469 0.8047
-7.06481834990184 0.8048
-7.06465282097658 0.8049
-7.06448794550981 0.805
-7.06431074404753 0.8051
-7.06412937856687 0.8052
-7.06395536573388 0.8053
-7.0637709875688 0.8054
-7.06359937421485 0.8055
-7.06343120711466 0.8056
-7.06327053771457 0.8057
-7.06312858481385 0.8058
-7.06300350313059 0.8059
-7.06290215547611 0.806
-7.06283482148195 0.8061
-7.06279355923144 0.8062
-7.06279473164546 0.8063
-7.06282342263946 0.8064
-7.06285186517232 0.8065
-7.06292037556273 0.8066
-7.06300400766265 0.8067
-7.06308782987497 0.8068
-7.06319116381066 0.8069
-7.06329824128672 0.807
-7.06340123338575 0.8071
-7.06352632023067 0.8072
-7.06363076345732 0.8073
-7.06371598330151 0.8074
-7.06378511241911 0.8075
-7.06383741128725 0.8076
-7.06389016652552 0.8077
-7.06392753746812 0.8078
-7.06394585071696 0.8079
-7.06395172602887 0.808
-7.06394499225608 0.8081
-7.06393799604648 0.8082
-7.06391956299082 0.8083
-7.06390175648673 0.8084
-7.06388294502011 0.8085
-7.06383962741189 0.8086
-7.06380014839976 0.8087
-7.06376837106084 0.8088
-7.06375039969721 0.8089
-7.06374149931898 0.809
-7.06374389961689 0.8091
-7.06375741691359 0.8092
-7.06377192247283 0.8093
-7.06380259103246 0.8094
-7.06384305613411 0.8095
-7.06387643697674 0.8096
-7.06391550851336 0.8097
-7.06394966123346 0.8098
-7.06396756826241 0.8099
-7.06396542574834 0.81
-7.06393538861712 0.8101
-7.06388715952434 0.8102
-7.06382377802814 0.8103
-7.06375479731677 0.8104
-7.06366995335514 0.8105
-7.06357754553283 0.8106
-7.06348225456205 0.8107
-7.06339901683909 0.8108
-7.06333645438915 0.8109
-7.06327760772617 0.811
-7.0632148622098 0.8111
-7.06315569295929 0.8112
-7.0630972933103 0.8113
-7.06305952467552 0.8114
-7.06302212902506 0.8115
-7.06299016649295 0.8116
-7.06296001147647 0.8117
-7.06292070239782 0.8118
-7.06289282881012 0.8119
-7.06286800546421 0.812
-7.06284407177865 0.8121
-7.06282493302533 0.8122
-7.06281923452495 0.8123
-7.06284604099897 0.8124
-7.06284462973428 0.8125
-7.06285138661866 0.8126
-7.06286138092755 0.8127
-7.06287282843265 0.8128
-7.06290378322827 0.8129
-7.06294213531412 0.813
-7.06297863887693 0.8131
-7.06303370916426 0.8132
-7.06306982012451 0.8133
-7.06312920524106 0.8134
-7.06317458644519 0.8135
-7.06322409364753 0.8136
-7.06326511149811 0.8137
-7.06330691295146 0.8138
-7.06334968487833 0.8139
-7.0633857763373 0.814
-7.06342544662648 0.8141
-7.06348628888019 0.8142
-7.06354729470445 0.8143
-7.06362201027248 0.8144
-7.06369674262446 0.8145
-7.06375741392529 0.8146
-7.06381224372802 0.8147
-7.06387306395107 0.8148
-7.06393313183289 0.8149
-7.06399750653372 0.815
-7.06407853366584 0.8151
-7.06418163889996 0.8152
-7.06427286183345 0.8153
-7.06437166837363 0.8154
-7.06446124499626 0.8155
-7.06454295931669 0.8156
-7.06462282906194 0.8157
-7.06469357343132 0.8158
-7.06477952335227 0.8159
-7.06488943799953 0.816
-7.06501070363174 0.8161
-7.06510992215259 0.8162
-7.06520479613418 0.8163
-7.06532411673405 0.8164
-7.06545181199638 0.8165
-7.06557143068858 0.8166
-7.06568631413163 0.8167
-7.0658148418343 0.8168
-7.06594211409822 0.8169
-7.06606003075165 0.817
-7.06619129608795 0.8171
-7.06634023032914 0.8172
-7.06650536765927 0.8173
-7.06665960925479 0.8174
-7.0668023209584 0.8175
-7.06690767938573 0.8176
-7.06701309498227 0.8177
-7.06708231601803 0.8178
-7.06714913975092 0.8179
-7.06721143195039 0.818
-7.0672793595577 0.8181
-7.06736127110186 0.8182
-7.06745024753228 0.8183
-7.06755857752613 0.8184
-7.06769252853206 0.8185
-7.0678065013936 0.8186
-7.06788588943366 0.8187
-7.06795079337275 0.8188
-7.06799366488653 0.8189
-7.06802673820778 0.819
-7.06804088879443 0.8191
-7.0680378038961 0.8192
-7.06800997411369 0.8193
-7.06799245872762 0.8194
-7.06794084250433 0.8195
-7.06785759690709 0.8196
-7.06775590496105 0.8197
-7.06762911471599 0.8198
-7.06744697800265 0.8199
-7.06726704884659 0.82
-7.06707714357507 0.8201
-7.06685516690264 0.8202
-7.06662405393081 0.8203
-7.06641112489746 0.8204
-7.06620201329225 0.8205
-7.06600715985946 0.8206
-7.0658480629802 0.8207
-7.0657390914554 0.8208
-7.06563321841495 0.8209
-7.06555284899675 0.821
-7.06549379152438 0.8211
-7.06545410908296 0.8212
-7.06542211276556 0.8213
-7.06538133659107 0.8214
-7.06534450377522 0.8215
-7.06531528391421 0.8216
-7.06531309863699 0.8217
-7.06533520369248 0.8218
-7.06534569863117 0.8219
-7.06533794884119 0.822
-7.06532623968036 0.8221
-7.06530402206583 0.8222
-7.06525248840333 0.8223
-7.0651906435246 0.8224
-7.06510549885622 0.8225
-7.06502262296667 0.8226
-7.06492302942631 0.8227
-7.06481261895933 0.8228
-7.06468246140014 0.8229
-7.06455042310293 0.823
-7.06441796982954 0.8231
-7.06431971892939 0.8232
-7.06421653575363 0.8233
-7.0640936695992 0.8234
-7.064004224911 0.8235
-7.06391765266252 0.8236
-7.06383511188946 0.8237
-7.06376346552038 0.8238
-7.06370138047163 0.8239
-7.06363408094144 0.824
-7.063586373631 0.8241
-7.06351845741914 0.8242
-7.06344740177505 0.8243
-7.063390542704 0.8244
-7.06334850343878 0.8245
-7.06330722107653 0.8246
-7.06326779839636 0.8247
-7.0632624182882 0.8248
-7.06327580197855 0.8249
-7.06330034602461 0.825
-7.06333203124376 0.8251
-7.06335944512701 0.8252
-7.06336945281997 0.8253
-7.06338101346698 0.8254
-7.06341271080864 0.8255
-7.06344845044106 0.8256
-7.06348768054095 0.8257
-7.06350263460838 0.8258
-7.06351086500502 0.8259
-7.06350978602222 0.826
-7.06353396927132 0.8261
-7.06356632976249 0.8262
-7.06360155312721 0.8263
-7.06362200007247 0.8264
-7.06363351958117 0.8265
-7.06364196950151 0.8266
-7.06363435873754 0.8267
-7.06361933525127 0.8268
-7.06360897370504 0.8269
-7.06359555953863 0.827
-7.06357571895742 0.8271
-7.06354267788044 0.8272
-7.06350262827059 0.8273
-7.06345665322747 0.8274
-7.06341774616771 0.8275
-7.06333899111045 0.8276
-7.06328852361546 0.8277
-7.06320245291438 0.8278
-7.06311461327253 0.8279
-7.06304329353615 0.828
-7.06295547486821 0.8281
-7.06287817702971 0.8282
-7.06279638999496 0.8283
-7.06275589684967 0.8284
-7.06269780203332 0.8285
-7.06266395497366 0.8286
-7.06265777192984 0.8287
-7.0626680678609 0.8288
-7.06270189057482 0.8289
-7.06275273994992 0.829
-7.0628068954232 0.8291
-7.06285044440672 0.8292
-7.06291323175178 0.8293
-7.06299073581242 0.8294
-7.06307683759621 0.8295
-7.06316836007999 0.8296
-7.06325154961037 0.8297
-7.06333920515294 0.8298
-7.06344279868281 0.8299
-7.0635384162153 0.83
-7.06364631072151 0.8301
-7.06375024522139 0.8302
-7.0638599228849 0.8303
-7.06395971374136 0.8304
-7.06405476673348 0.8305
-7.06414687042123 0.8306
-7.06420331581699 0.8307
-7.06424134342364 0.8308
-7.06423915563049 0.8309
-7.06423209819974 0.831
-7.06419698251172 0.8311
-7.06414696818691 0.8312
-7.06410907559726 0.8313
-7.06405693025452 0.8314
-7.06399511755253 0.8315
-7.06391025722294 0.8316
-7.06381278587933 0.8317
-7.06368271795717 0.8318
-7.06352933233768 0.8319
-7.06337173410756 0.832
-7.06322283402992 0.8321
-7.06305929251813 0.8322
-7.06289726033328 0.8323
-7.06272317684687 0.8324
-7.06257365953474 0.8325
-7.06238927837235 0.8326
-7.06221648375927 0.8327
-7.06202985466585 0.8328
-7.0618210339237 0.8329
-7.06163913087967 0.833
-7.06146352515339 0.8331
-7.06127690543309 0.8332
-7.06108240522059 0.8333
-7.06090201520864 0.8334
-7.06072005821448 0.8335
-7.06057352069145 0.8336
-7.06041880843705 0.8337
-7.0602673945025 0.8338
-7.06012312193622 0.8339
-7.05999267173814 0.834
-7.05986526165738 0.8341
-7.05972810423624 0.8342
-7.05957774585376 0.8343
-7.05945165313139 0.8344
-7.05935736815275 0.8345
-7.05929700609406 0.8346
-7.0592395308783 0.8347
-7.05917263858813 0.8348
-7.05913024193215 0.8349
-7.05912930854117 0.835
-7.05914151318938 0.8351
-7.05914969237466 0.8352
-7.05919183938198 0.8353
-7.05926103739429 0.8354
-7.05936023804475 0.8355
-7.05948797400019 0.8356
-7.05963138259737 0.8357
-7.05979549369536 0.8358
-7.05995123699336 0.8359
-7.06011529157793 0.836
-7.06027593169043 0.8361
-7.06043014206825 0.8362
-7.06059457374933 0.8363
-7.06075649583347 0.8364
-7.06092243713373 0.8365
-7.06109613866151 0.8366
-7.06129135339971 0.8367
-7.06146368397016 0.8368
-7.06164357996236 0.8369
-7.06181407177134 0.837
-7.06199122124625 0.8371
-7.06216781488665 0.8372
-7.06233461044221 0.8373
-7.06246946475271 0.8374
-7.06258824057538 0.8375
-7.06267290229586 0.8376
-7.06274702380836 0.8377
-7.06279565648696 0.8378
-7.06283596566339 0.8379
-7.06287852995349 0.838
-7.06290080631605 0.8381
-7.06290630937646 0.8382
-7.06290761814312 0.8383
-7.06288687266731 0.8384
-7.06287614570064 0.8385
-7.06284609989461 0.8386
-7.06278854055302 0.8387
-7.06275005700051 0.8388
-7.06270456176577 0.8389
-7.06267315648844 0.839
-7.06260877381561 0.8391
-7.06254067530731 0.8392
-7.06248118872426 0.8393
-7.06241388325384 0.8394
-7.0623365902931 0.8395
-7.06224708161477 0.8396
-7.0621560918985 0.8397
-7.06204610347782 0.8398
-7.06192702360757 0.8399
-7.06181051316277 0.84
-7.06168544476802 0.8401
-7.06159357624179 0.8402
-7.06150567802781 0.8403
-7.06140944026855 0.8404
-7.06134143653892 0.8405
-7.06128785408325 0.8406
-7.06123235263602 0.8407
-7.06117451113019 0.8408
-7.06112251541414 0.8409
-7.0610905083353 0.841
-7.06105166642702 0.8411
-7.06100478789645 0.8412
-7.06093397247312 0.8413
-7.06088757251467 0.8414
-7.06081622096997 0.8415
-7.0607332614044 0.8416
-7.06065627723659 0.8417
-7.06057558795977 0.8418
-7.06050702789566 0.8419
-7.06042973644674 0.842
-7.06033191747367 0.8421
-7.06022805437786 0.8422
-7.06011716421812 0.8423
-7.05999348451521 0.8424
-7.05984090654626 0.8425
-7.05969386172224 0.8426
-7.05955529137825 0.8427
-7.05938405244847 0.8428
-7.05919171323302 0.8429
-7.05898205098659 0.843
-7.05879439085001 0.8431
-7.05861689597513 0.8432
-7.05842960589198 0.8433
-7.05825676663538 0.8434
-7.0580982751984 0.8435
-7.05797883841809 0.8436
-7.05785546322272 0.8437
-7.05776222579028 0.8438
-7.05771292976147 0.8439
-7.05771616801925 0.844
-7.05772232116153 0.8441
-7.05774502373639 0.8442
-7.0577913702277 0.8443
-7.05785763858943 0.8444
-7.05794218238566 0.8445
-7.05801027459798 0.8446
-7.05809709909715 0.8447
-7.05820643384691 0.8448
-7.05834130256367 0.8449
-7.05847065259474 0.845
-7.05862371680588 0.8451
-7.05880339479703 0.8452
-7.05899165637955 0.8453
-7.05917697298688 0.8454
-7.05935117612624 0.8455
-7.05951231535629 0.8456
-7.05966292355543 0.8457
-7.05980538724669 0.8458
-7.05994242771903 0.8459
-7.06006239163021 0.846
-7.060175837901 0.8461
-7.06025341006045 0.8462
-7.06029917079733 0.8463
-7.06032669537652 0.8464
-7.06033658091283 0.8465
-7.06032809864378 0.8466
-7.06029212810094 0.8467
-7.06025932557177 0.8468
-7.06024293920345 0.8469
-7.06023118347976 0.847
-7.06021539872658 0.8471
-7.06022694515386 0.8472
-7.06026097533443 0.8473
-7.06030576612534 0.8474
-7.06034507361507 0.8475
-7.06039979161162 0.8476
-7.06045950862582 0.8477
-7.06050175161432 0.8478
-7.0605238095735 0.8479
-7.06054306001701 0.848
-7.06052933617375 0.8481
-7.06048869909139 0.8482
-7.06042360525501 0.8483
-7.06036593638393 0.8484
-7.06030946177833 0.8485
-7.06024146675038 0.8486
-7.0601735148822 0.8487
-7.06010912059496 0.8488
-7.06005086389834 0.8489
-7.05998435811634 0.849
-7.05992273491515 0.8491
-7.05983040756187 0.8492
-7.05974530402606 0.8493
-7.05969830467869 0.8494
-7.05966337126853 0.8495
-7.05963647820994 0.8496
-7.05963943596895 0.8497
-7.05966355455656 0.8498
-7.05971326246226 0.8499
-7.05979191900408 0.85
-7.05990880250761 0.8501
-7.06004278401409 0.8502
-7.06018309824628 0.8503
-7.06033352791133 0.8504
-7.06049043421865 0.8505
-7.06064439103189 0.8506
-7.06077939454571 0.8507
-7.06089585142155 0.8508
-7.06101965423304 0.8509
-7.06114603945488 0.851
-7.06127855576558 0.8511
-7.06140910947277 0.8512
-7.0615211751089 0.8513
-7.06166028728497 0.8514
-7.06178375442012 0.8515
-7.06190110874336 0.8516
-7.06202750869129 0.8517
-7.06217049516151 0.8518
-7.06231190367275 0.8519
-7.06242495627654 0.852
-7.06253188636883 0.8521
-7.06262118818549 0.8522
-7.06267920879958 0.8523
-7.06272752750808 0.8524
-7.06275633257519 0.8525
-7.0627640951089 0.8526
-7.06278192636365 0.8527
-7.06281323532213 0.8528
-7.06285698273048 0.8529
-7.06290400651767 0.853
-7.06296741152639 0.8531
-7.06300071893535 0.8532
-7.06303064833967 0.8533
-7.06304441910924 0.8534
-7.06305930306098 0.8535
-7.06309289572437 0.8536
-7.06311674445883 0.8537
-7.06313910262952 0.8538
-7.06318140549696 0.8539
-7.06323425452555 0.854
-7.06325948978125 0.8541
-7.06326588051672 0.8542
-7.06325580637426 0.8543
-7.06325423624799 0.8544
-7.06322057770881 0.8545
-7.06316055064268 0.8546
-7.06305748770651 0.8547
-7.06292182838498 0.8548
-7.06273926181651 0.8549
-7.06253894278473 0.855
-7.062323842893 0.8551
-7.06209124275398 0.8552
-7.06182831206854 0.8553
-7.0615616184179 0.8554
-7.06127464623885 0.8555
-7.0609745472441 0.8556
-7.06065262611268 0.8557
-7.06030486775495 0.8558
-7.05995335717362 0.8559
-7.05959725010034 0.856
-7.05924835505811 0.8561
-7.05891838085552 0.8562
-7.05857688310609 0.8563
-7.05823269678128 0.8564
-7.05793429581853 0.8565
-7.05764762231114 0.8566
-7.05735438042597 0.8567
-7.05707910942872 0.8568
-7.05683724479039 0.8569
-7.05662265285484 0.857
-7.05642548068161 0.8571
-7.05624109570698 0.8572
-7.05608625409546 0.8573
-7.05595579673776 0.8574
-7.05583127039487 0.8575
-7.0557033075141 0.8576
-7.05558260702439 0.8577
-7.05549241330173 0.8578
-7.05542766264219 0.8579
-7.055390499855 0.858
-7.05536745430001 0.8581
-7.05537295508098 0.8582
-7.05540494640126 0.8583
-7.05543024560454 0.8584
-7.05544443484378 0.8585
-7.05547168191931 0.8586
-7.05550514648887 0.8587
-7.05555437520769 0.8588
-7.05558380425741 0.8589
-7.05560467481666 0.859
-7.05560519854805 0.8591
-7.05557659880247 0.8592
-7.05553496805135 0.8593
-7.05549793861847 0.8594
-7.05545374204995 0.8595
-7.05543086993545 0.8596
-7.05542902859012 0.8597
-7.05541625594101 0.8598
-7.05541716163158 0.8599
-7.05540814870661 0.86
-7.05540062927613 0.8601
-7.05538568661831 0.8602
-7.05538672818884 0.8603
-7.0553892004506 0.8604
-7.05540786488383 0.8605
-7.05544782885315 0.8606
-7.05550441223498 0.8607
-7.05554380685197 0.8608
-7.05559734319123 0.8609
-7.0556882921542 0.861
-7.05580778931205 0.8611
-7.05596987590627 0.8612
-7.05615992710931 0.8613
-7.05637414604137 0.8614
-7.056624921513 0.8615
-7.05687124065564 0.8616
-7.05715325663126 0.8617
-7.05744490361278 0.8618
-7.05774645148139 0.8619
-7.05806300162445 0.862
-7.05839647833404 0.8621
-7.05875118870405 0.8622
-7.05908770409317 0.8623
-7.05941752135742 0.8624
-7.05974220219914 0.8625
-7.06004933924823 0.8626
-7.06034960979313 0.8627
-7.06065201816672 0.8628
-7.06093419793851 0.8629
-7.06115174910453 0.863
-7.06132579213659 0.8631
-7.0614721932523 0.8632
-7.06158668202934 0.8633
-7.06164399569211 0.8634
-7.06166409099922 0.8635
-7.06164740391854 0.8636
-7.06156066984542 0.8637
-7.06145110502657 0.8638
-7.06130569120509 0.8639
-7.06112223983089 0.864
-7.0609037021311 0.8641
-7.06067687482039 0.8642
-7.06044288767044 0.8643
-7.06016134879236 0.8644
-7.05986709058365 0.8645
-7.05958070324882 0.8646
-7.05930532241356 0.8647
-7.05903541432405 0.8648
-7.05874592577849 0.8649
-7.05850243361573 0.865
-7.05827216081034 0.8651
-7.05802246385766 0.8652
-7.05775236161623 0.8653
-7.05749114685637 0.8654
-7.05723221656624 0.8655
-7.05699257478682 0.8656
-7.05676210226042 0.8657
-7.05656011130668 0.8658
-7.05636021223435 0.8659
-7.05618596863688 0.866
-7.05603198053351 0.8661
-7.05589854751894 0.8662
-7.05578108322439 0.8663
-7.05568301257993 0.8664
-7.05558685299589 0.8665
-7.05553823957167 0.8666
-7.055503839709 0.8667
-7.05549200755587 0.8668
-7.05547954149367 0.8669
-7.05546887668282 0.867
-7.0554493546403 0.8671
-7.05544033650302 0.8672
-7.05542992205936 0.8673
-7.05540285310193 0.8674
-7.0553700091897 0.8675
-7.05533742755333 0.8676
-7.05531297070167 0.8677
-7.05529098029326 0.8678
-7.05525359243149 0.8679
-7.05523215879265 0.868
-7.05523211956388 0.8681
-7.05524534403167 0.8682
-7.05528614077299 0.8683
-7.05534470668631 0.8684
-7.05539602203335 0.8685
-7.0554426411165 0.8686
-7.05551395554759 0.8687
-7.05557244302494 0.8688
-7.05563120147453 0.8689
-7.05568315221948 0.869
-7.05575303402947 0.8691
-7.05582871257583 0.8692
-7.05591707435914 0.8693
-7.05597075767212 0.8694
-7.05604196323591 0.8695
-7.05609937281186 0.8696
-7.05615084265348 0.8697
-7.05619619618282 0.8698
-7.05620704815724 0.8699
-7.05620398085717 0.87
-7.05619630647208 0.8701
-7.05620061362788 0.8702
-7.05617351999293 0.8703
-7.05613115559415 0.8704
-7.05607370029667 0.8705
-7.05597847487635 0.8706
-7.05587563895551 0.8707
-7.05575615125373 0.8708
-7.05563424126071 0.8709
-7.05550015859911 0.871
-7.05537485723313 0.8711
-7.0552359899237 0.8712
-7.05510329714357 0.8713
-7.05495420847437 0.8714
-7.05482152930912 0.8715
-7.05468965931355 0.8716
-7.05456224553434 0.8717
-7.05444228533216 0.8718
-7.05432528906184 0.8719
-7.05424031556196 0.872
-7.05417711549142 0.8721
-7.05412307464268 0.8722
-7.05409628723616 0.8723
-7.05406892204149 0.8724
-7.05405975988438 0.8725
-7.05406313591778 0.8726
-7.05407687879654 0.8727
-7.05410361063626 0.8728
-7.05415078484389 0.8729
-7.05422213673065 0.873
-7.05432730993083 0.8731
-7.05444488582029 0.8732
-7.05457776014396 0.8733
-7.05470233350903 0.8734
-7.05482109675158 0.8735
-7.05494357143095 0.8736
-7.05506233457915 0.8737
-7.055191092036 0.8738
-7.05530353642585 0.8739
-7.05541351679152 0.874
-7.05551822115353 0.8741
-7.05561221484192 0.8742
-7.05571060693067 0.8743
-7.0557671972529 0.8744
-7.05581367687737 0.8745
-7.05584883085636 0.8746
-7.05586050825588 0.8747
-7.05588482860507 0.8748
-7.05590621498803 0.8749
-7.05592653873721 0.875
-7.05594099302666 0.8751
-7.0559747692507 0.8752
-7.05598890402128 0.8753
-7.05595844113811 0.8754
-7.05592255589181 0.8755
-7.05586969822852 0.8756
-7.05580895456721 0.8757
-7.05574991242966 0.8758
-7.05569090592211 0.8759
-7.05564531098309 0.876
-7.05562967017009 0.8761
-7.05564716430559 0.8762
-7.05566246016284 0.8763
-7.05567891580878 0.8764
-7.05566503988401 0.8765
-7.0556672456539 0.8766
-7.05564698695687 0.8767
-7.05562002400416 0.8768
-7.05561127946511 0.8769
-7.05558251069739 0.877
-7.05556008326699 0.8771
-7.05554013935693 0.8772
-7.05554702658768 0.8773
-7.05555457951594 0.8774
-7.05553933440028 0.8775
-7.0555184400251 0.8776
-7.05550142366804 0.8777
-7.0554923977918 0.8778
-7.05546464853916 0.8779
-7.05542115366809 0.878
-7.05539860104166 0.8781
-7.05535525673788 0.8782
-7.05529600043278 0.8783
-7.05522616485998 0.8784
-7.05515984285742 0.8785
-7.05510659953941 0.8786
-7.05504356029326 0.8787
-7.05497774576883 0.8788
-7.05493020407891 0.8789
-7.05487422905837 0.879
-7.05480097693079 0.8791
-7.054717443176 0.8792
-7.05464176643848 0.8793
-7.05457810458582 0.8794
-7.05452018946785 0.8795
-7.05446954935396 0.8796
-7.05442995613566 0.8797
-7.05439531420752 0.8798
-7.05432738520366 0.8799
-7.05427316220751 0.88
-7.05421903968108 0.8801
-7.05417061027663 0.8802
-7.05413090032786 0.8803
-7.05409195687056 0.8804
-7.05402617658301 0.8805
-7.05395664168545 0.8806
-7.05389179935265 0.8807
-7.05381350769487 0.8808
-7.05374223584519 0.8809
-7.05367271531402 0.881
-7.05362716705733 0.8811
-7.05359057252672 0.8812
-7.05356062077328 0.8813
-7.05353804294336 0.8814
-7.05350672384322 0.8815
-7.05348837928531 0.8816
-7.05347778699419 0.8817
-7.05347202366137 0.8818
-7.05346269871123 0.8819
-7.05343087254126 0.882
-7.05339392777786 0.8821
-7.05333808439635 0.8822
-7.05330549227775 0.8823
-7.053301251421 0.8824
-7.05331127475614 0.8825
-7.05328922598057 0.8826
-7.05327299195042 0.8827
-7.0532402835582 0.8828
-7.0531845834705 0.8829
-7.05314295651672 0.883
-7.05308062167363 0.8831
-7.05301965091242 0.8832
-7.05295257147788 0.8833
-7.05288635029065 0.8834
-7.05280580340314 0.8835
-7.05274137473324 0.8836
-7.05269707713131 0.8837
-7.05264308175486 0.8838
-7.05259718151287 0.8839
-7.05254954747413 0.884
-7.05250167165055 0.8841
-7.05246579081516 0.8842
-7.05243172456979 0.8843
-7.05240410148137 0.8844
-7.05239370711796 0.8845
-7.05238534733882 0.8846
-7.05236107228295 0.8847
-7.05236114869325 0.8848
-7.05237104648566 0.8849
-7.05239305428171 0.885
-7.05239408847206 0.8851
-7.05239841023002 0.8852
-7.05240730434735 0.8853
-7.05243560369087 0.8854
-7.0524320183301 0.8855
-7.05240837481502 0.8856
-7.05236341920291 0.8857
-7.05231130086403 0.8858
-7.05225627598674 0.8859
-7.05219474706689 0.886
-7.05212594268881 0.8861
-7.05202286518475 0.8862
-7.05192245959403 0.8863
-7.05183923022313 0.8864
-7.05175677598463 0.8865
-7.05167410948742 0.8866
-7.0516155015497 0.8867
-7.05157379899178 0.8868
-7.05154294430414 0.8869
-7.05153684828732 0.887
-7.05154551896531 0.8871
-7.0515743116548 0.8872
-7.05163175578685 0.8873
-7.05171196237138 0.8874
-7.05181417823681 0.8875
-7.05194503743939 0.8876
-7.05205918723963 0.8877
-7.05219722452647 0.8878
-7.05235077908182 0.8879
-7.05250000754468 0.888
-7.05263028431628 0.8881
-7.05275641818952 0.8882
-7.05288181905756 0.8883
-7.05298724640145 0.8884
-7.05306788672971 0.8885
-7.05316050670859 0.8886
-7.05322821168211 0.8887
-7.05328233122811 0.8888
-7.05331471925946 0.8889
-7.05335098098607 0.889
-7.05335706788002 0.8891
-7.05338389888116 0.8892
-7.05339824881563 0.8893
-7.05338157183669 0.8894
-7.05336471274115 0.8895
-7.05332680480736 0.8896
-7.05324831862163 0.8897
-7.05314603423644 0.8898
-7.05300742159478 0.8899
-7.05288529258105 0.89
-7.05275985451348 0.8901
-7.05264296699666 0.8902
-7.05255072089948 0.8903
-7.05243105013411 0.8904
-7.05231642107495 0.8905
-7.0521871896797 0.8906
-7.05209867557544 0.8907
-7.05203279573464 0.8908
-7.05201131858852 0.8909
-7.05201533491791 0.891
-7.05205084422004 0.8911
-7.05209122650658 0.8912
-7.0521610859395 0.8913
-7.05224686441459 0.8914
-7.05232265434411 0.8915
-7.05239782602168 0.8916
-7.052480570297 0.8917
-7.05255083568396 0.8918
-7.05263221838672 0.8919
-7.05271265892721 0.892
-7.05280054532439 0.8921
-7.05288139610889 0.8922
-7.05297232833042 0.8923
-7.05304523657571 0.8924
-7.05310100792116 0.8925
-7.05314797127788 0.8926
-7.05318285602894 0.8927
-7.0532377401416 0.8928
-7.05328465605637 0.8929
-7.05333288319002 0.893
-7.05337291525037 0.8931
-7.05339863743996 0.8932
-7.05341689672041 0.8933
-7.05342271190342 0.8934
-7.05342311015311 0.8935
-7.05340599323609 0.8936
-7.05334973772034 0.8937
-7.05330057072311 0.8938
-7.05326035758399 0.8939
-7.05318894649778 0.894
-7.05310689541194 0.8941
-7.05301572953995 0.8942
-7.0529132023429 0.8943
-7.05280421597568 0.8944
-7.0526861645082 0.8945
-7.05255530067301 0.8946
-7.0524326961755 0.8947
-7.05231538068402 0.8948
-7.05218837476363 0.8949
-7.05207218613553 0.895
-7.05195125250057 0.8951
-7.05182832538109 0.8952
-7.05172850342552 0.8953
-7.05166731549008 0.8954
-7.05159994461549 0.8955
-7.05153284614659 0.8956
-7.05146744885074 0.8957
-7.05140813631591 0.8958
-7.05132534653335 0.8959
-7.051212717193 0.896
-7.05109014400132 0.8961
-7.05093321900513 0.8962
-7.05078341373205 0.8963
-7.0506300898335 0.8964
-7.05047024122597 0.8965
-7.05031629927425 0.8966
-7.05017909300957 0.8967
-7.05004273672703 0.8968
-7.04991579314188 0.8969
-7.04977499188274 0.897
-7.04966434035826 0.8971
-7.04951795524274 0.8972
-7.04940929047631 0.8973
-7.04931502231981 0.8974
-7.04925285811925 0.8975
-7.04920551232237 0.8976
-7.04916473631255 0.8977
-7.04914570326901 0.8978
-7.04918265724285 0.8979
-7.04917435757386 0.898
-7.04918871796317 0.8981
-7.04921073532129 0.8982
-7.04923225885812 0.8983
-7.04928317524733 0.8984
-7.04932678334911 0.8985
-7.04936138902062 0.8986
-7.04939385525899 0.8987
-7.04941988904297 0.8988
-7.04945762131681 0.8989
-7.04950426646574 0.899
-7.04955584837859 0.8991
-7.04960844592466 0.8992
-7.04967383839243 0.8993
-7.04973795185829 0.8994
-7.04980353568725 0.8995
-7.04987235996713 0.8996
-7.04992481730232 0.8997
-7.04996636147878 0.8998
-7.05001622054872 0.8999
-7.0500427250455 0.9
-7.0500860674804 0.9001
-7.05008661213166 0.9002
-7.05004415605128 0.9003
-7.04998317964206 0.9004
-7.04989191731234 0.9005
-7.04977023509305 0.9006
-7.04965386241014 0.9007
-7.04950187168042 0.9008
-7.04933289724074 0.9009
-7.04912528128302 0.901
-7.04890970915428 0.9011
-7.04871001516913 0.9012
-7.04849973067873 0.9013
-7.0482983655352 0.9014
-7.04809026316906 0.9015
-7.04791438221234 0.9016
-7.04774956558797 0.9017
-7.04758796033269 0.9018
-7.04744619999281 0.9019
-7.04729830067117 0.902
-7.04713075184821 0.9021
-7.04692876260708 0.9022
-7.04675612101822 0.9023
-7.04654712343416 0.9024
-7.04633520459653 0.9025
-7.04610993866611 0.9026
-7.045903863634 0.9027
-7.04570846130492 0.9028
-7.04553095005109 0.9029
-7.04539477530383 0.903
-7.0452850741124 0.9031
-7.04519436448943 0.9032
-7.04512407624442 0.9033
-7.04507545385633 0.9034
-7.04503243284489 0.9035
-7.0450265702454 0.9036
-7.04502079551956 0.9037
-7.04504576611858 0.9038
-7.04514116374931 0.9039
-7.04527934863807 0.904
-7.04544519599518 0.9041
-7.04561693498939 0.9042
-7.04577745363093 0.9043
-7.04594225765624 0.9044
-7.04612284939708 0.9045
-7.04631239905764 0.9046
-7.04649774416369 0.9047
-7.04669440142572 0.9048
-7.04686056181463 0.9049
-7.04702167841567 0.905
-7.04715005458728 0.9051
-7.04725835273087 0.9052
-7.04733925750895 0.9053
-7.04741995647019 0.9054
-7.04749761599246 0.9055
-7.04756057263752 0.9056
-7.04760434677128 0.9057
-7.04765399590252 0.9058
-7.04768192065232 0.9059
-7.04771018522786 0.906
-7.04772192362596 0.9061
-7.04773104761915 0.9062
-7.04770917070452 0.9063
-7.04771343129141 0.9064
-7.0477089068835 0.9065
-7.04769110367947 0.9066
-7.04767983263633 0.9067
-7.04766623627251 0.9068
-7.04766299699311 0.9069
-7.04764520651739 0.907
-7.04761925562987 0.9071
-7.04761116164997 0.9072
-7.04760335771292 0.9073
-7.0476070628548 0.9074
-7.04764044886421 0.9075
-7.04768873265739 0.9076
-7.04773617182262 0.9077
-7.04778512402608 0.9078
-7.04783367111628 0.9079
-7.04786144579899 0.908
-7.04789905940955 0.9081
-7.04793039780695 0.9082
-7.04795475648422 0.9083
-7.0480098835549 0.9084
-7.04806363548509 0.9085
-7.048105109067 0.9086
-7.04814878210744 0.9087
-7.04818773310144 0.9088
-7.04821972496687 0.9089
-7.04823297253888 0.909
-7.0482253888833 0.9091
-7.04820579068877 0.9092
-7.04817595352412 0.9093
-7.04815556396627 0.9094
-7.04812074930211 0.9095
-7.0480722344083 0.9096
-7.04800288515201 0.9097
-7.04791431460197 0.9098
-7.04782187057291 0.9099
-7.04772112877531 0.91
-7.04758997100472 0.9101
-7.04744741211305 0.9102
-7.04729377830824 0.9103
-7.04716181671037 0.9104
-7.0470480173354 0.9105
-7.04694818319444 0.9106
-7.04685153925228 0.9107
-7.0467597428383 0.9108
-7.04666554913988 0.9109
-7.04659493191885 0.911
-7.04653573882293 0.9111
-7.04649476026243 0.9112
-7.04644129923039 0.9113
-7.0463971421452 0.9114
-7.04638807568349 0.9115
-7.04638889601196 0.9116
-7.04641290789576 0.9117
-7.04643782641454 0.9118
-7.04648850948412 0.9119
-7.04654351361582 0.912
-7.04660140000883 0.9121
-7.04665366629856 0.9122
-7.04671213170861 0.9123
-7.04679994575679 0.9124
-7.04684522565754 0.9125
-7.04688627137152 0.9126
-7.04690351102756 0.9127
-7.04690833069413 0.9128
-7.04690353078314 0.9129
-7.04687801791077 0.913
-7.0468408669158 0.9131
-7.04678281630633 0.9132
-7.04673996564848 0.9133
-7.04669322642137 0.9134
-7.04664008357463 0.9135
-7.04656901103616 0.9136
-7.04650757699439 0.9137
-7.0464302075397 0.9138
-7.04637476156028 0.9139
-7.04632468458929 0.914
-7.04627178876058 0.9141
-7.046202266105 0.9142
-7.04612108517104 0.9143
-7.04606935721017 0.9144
-7.04602191794327 0.9145
-7.04599440160844 0.9146
-7.04597680801617 0.9147
-7.04596949365872 0.9148
-7.04594376141043 0.9149
-7.04592346065165 0.915
-7.04590929242259 0.9151
-7.04586876820899 0.9152
-7.04583009486153 0.9153
-7.04581100353333 0.9154
-7.04578121913743 0.9155
-7.04575188329828 0.9156
-7.04573874988537 0.9157
-7.0457090769982 0.9158
-7.04565610811473 0.9159
-7.04559319521203 0.916
-7.04552495030763 0.9161
-7.04545785821916 0.9162
-7.04539652607486 0.9163
-7.04534413410813 0.9164
-7.0452862300401 0.9165
-7.04522493495389 0.9166
-7.04515767733636 0.9167
-7.04511881534006 0.9168
-7.04510120391447 0.9169
-7.04504569096829 0.917
-7.0449926162217 0.9171
-7.04493989224575 0.9172
-7.04488360885515 0.9173
-7.04483355743354 0.9174
-7.0447818661057 0.9175
-7.0447398510355 0.9176
-7.0446913394277 0.9177
-7.04465483371881 0.9178
-7.04461673323157 0.9179
-7.04456774583772 0.918
-7.04453498760577 0.9181
-7.0445039580502 0.9182
-7.04448616719107 0.9183
-7.0444447559821 0.9184
-7.04444019472719 0.9185
-7.04444309582219 0.9186
-7.04445824364212 0.9187
-7.04447995639167 0.9188
-7.04451807204067 0.9189
-7.04454431291869 0.919
-7.04458195911864 0.9191
-7.04465674530121 0.9192
-7.04474183215046 0.9193
-7.04485186534524 0.9194
-7.04499645321516 0.9195
-7.04517225914619 0.9196
-7.04535155349131 0.9197
-7.0455253357586 0.9198
-7.04573746076286 0.9199
-7.0459435822245 0.92
-7.04614246602759 0.9201
-7.04634815709875 0.9202
-7.04655112351538 0.9203
-7.04676453960414 0.9204
-7.04695637121819 0.9205
-7.04712636951214 0.9206
-7.04726244697697 0.9207
-7.04738934917667 0.9208
-7.04749331010532 0.9209
-7.04759791840944 0.921
-7.04764793079739 0.9211
-7.04766750994287 0.9212
-7.04767181708391 0.9213
-7.04764131231437 0.9214
-7.04757645539777 0.9215
-7.04751762525569 0.9216
-7.0474245014977 0.9217
-7.04730404724256 0.9218
-7.04718917419109 0.9219
-7.04709075068554 0.922
-7.04699807700475 0.9221
-7.04689859737322 0.9222
-7.0467841714991 0.9223
-7.04667298436586 0.9224
-7.0465674955953 0.9225
-7.04644093739164 0.9226
-7.04629502978019 0.9227
-7.0461611996052 0.9228
-7.04603862014417 0.9229
-7.04591013991396 0.923
-7.04580474269278 0.9231
-7.04568215642837 0.9232
-7.04554578681748 0.9233
-7.04541722077556 0.9234
-7.04527704511809 0.9235
-7.04512131805243 0.9236
-7.0449694023916 0.9237
-7.04482096002015 0.9238
-7.04466080212741 0.9239
-7.04449629790486 0.924
-7.04434055787018 0.9241
-7.04420484378745 0.9242
-7.044091652378 0.9243
-7.04398251435493 0.9244
-7.04387264903511 0.9245
-7.04376246492822 0.9246
-7.04366168868833 0.9247
-7.04356823247661 0.9248
-7.04348614457352 0.9249
-7.04344890965609 0.925
-7.04341092412688 0.9251
-7.04340340992352 0.9252
-7.04343668710237 0.9253
-7.043499958281 0.9254
-7.04360643047683 0.9255
-7.04375552165944 0.9256
-7.04392900053718 0.9257
-7.04413668641998 0.9258
-7.04433852244184 0.9259
-7.04456220902066 0.926
-7.04476609419561 0.9261
-7.04495151215236 0.9262
-7.04511843202834 0.9263
-7.04526637841316 0.9264
-7.04540272191142 0.9265
-7.04549809831781 0.9266
-7.04557132130281 0.9267
-7.04562694108922 0.9268
-7.04566502624642 0.9269
-7.04567117600636 0.927
-7.04564970550018 0.9271
-7.0456297408615 0.9272
-7.04559609847911 0.9273
-7.04555846927084 0.9274
-7.0455244140169 0.9275
-7.04549528289434 0.9276
-7.04545104418294 0.9277
-7.04540442722821 0.9278
-7.04536811230174 0.9279
-7.04529961676682 0.928
-7.04519968691368 0.9281
-7.04509141375275 0.9282
-7.04497610899553 0.9283
-7.04485323972081 0.9284
-7.04475184918121 0.9285
-7.04465037370441 0.9286
-7.04457451516553 0.9287
-7.04451424685963 0.9288
-7.04446340311454 0.9289
-7.04442185532025 0.929
-7.04440706983541 0.9291
-7.04440959016713 0.9292
-7.0444550277063 0.9293
-7.04452877190757 0.9294
-7.04462591640884 0.9295
-7.04472264154263 0.9296
-7.04479166146357 0.9297
-7.0448757228057 0.9298
-7.04499292024868 0.9299
-7.04513219322167 0.93
-7.04526315036338 0.9301
-7.04539918988618 0.9302
-7.04551160595753 0.9303
-7.04560965895248 0.9304
-7.04571957518268 0.9305
-7.045790758074 0.9306
-7.04584417678268 0.9307
-7.0458831139046 0.9308
-7.0458860600891 0.9309
-7.04587948749982 0.931
-7.04587281946243 0.9311
-7.04584178724812 0.9312
-7.04578967711123 0.9313
-7.04571617434882 0.9314
-7.04562337754312 0.9315
-7.04551931681093 0.9316
-7.04540384655458 0.9317
-7.0452939447081 0.9318
-7.04515485514111 0.9319
-7.04503320996348 0.932
-7.04488670951268 0.9321
-7.04470330431359 0.9322
-7.04455094011091 0.9323
-7.04437007353951 0.9324
-7.04418806586784 0.9325
-7.04400926590846 0.9326
-7.04379248265457 0.9327
-7.04359160953661 0.9328
-7.04339324742495 0.9329
-7.04323655393635 0.933
-7.04310689258125 0.9331
-7.04300206865904 0.9332
-7.04289405694309 0.9333
-7.04282114561736 0.9334
-7.04278550198495 0.9335
-7.04278454799249 0.9336
-7.04280649982818 0.9337
-7.04283252178031 0.9338
-7.04288272099391 0.9339
-7.04295940949587 0.934
-7.04302907561627 0.9341
-7.04310950198172 0.9342
-7.04322311123335 0.9343
-7.04330716376204 0.9344
-7.04338516934486 0.9345
-7.04345030063303 0.9346
-7.04349189422551 0.9347
-7.04351990694775 0.9348
-7.0435429249289 0.9349
-7.04355032993323 0.935
-7.04356147256371 0.9351
-7.04357278124623 0.9352
-7.0435951435166 0.9353
-7.04359481022382 0.9354
-7.04360273721929 0.9355
-7.04359628146422 0.9356
-7.04361304393396 0.9357
-7.04361291375117 0.9358
-7.04359173677813 0.9359
-7.04354730239206 0.936
-7.04351205886326 0.9361
-7.04348649533748 0.9362
-7.04344471612514 0.9363
-7.04339453315125 0.9364
-7.04332434766 0.9365
-7.04326304051146 0.9366
-7.04319945213611 0.9367
-7.04314121010121 0.9368
-7.04308014519716 0.9369
-7.04303199790791 0.937
-7.04297877086099 0.9371
-7.04295168031049 0.9372
-7.04291847197952 0.9373
-7.04288585021078 0.9374
-7.04284202244518 0.9375
-7.04280693823218 0.9376
-7.04280495030001 0.9377
-7.04282178329975 0.9378
-7.04285632668986 0.9379
-7.04289083344598 0.938
-7.04294402668863 0.9381
-7.04300791178568 0.9382
-7.04309759745318 0.9383
-7.04318463609527 0.9384
-7.04327030109084 0.9385
-7.04333541102403 0.9386
-7.0433818260933 0.9387
-7.04343736895542 0.9388
-7.04350303539313 0.9389
-7.04355891297692 0.939
-7.04360668788637 0.9391
-7.04360836499824 0.9392
-7.04361050287245 0.9393
-7.04358009745339 0.9394
-7.04351308505103 0.9395
-7.04344253748087 0.9396
-7.04336885525479 0.9397
-7.0433125670587 0.9398
-7.04326129917276 0.9399
-7.0431943680272 0.94
-7.043112165976 0.9401
-7.0430008367724 0.9402
-7.04289109904172 0.9403
-7.0427669442757 0.9404
-7.0426198628163 0.9405
-7.04248349253818 0.9406
-7.04231967047165 0.9407
-7.04217422236102 0.9408
-7.04203432191252 0.9409
-7.04190178208191 0.941
-7.04176379303032 0.9411
-7.04164019064573 0.9412
-7.04152024792183 0.9413
-7.04137667488802 0.9414
-7.04125218510036 0.9415
-7.04114144182197 0.9416
-7.04103337575602 0.9417
-7.04091929859751 0.9418
-7.04079807935347 0.9419
-7.04067083837669 0.942
-7.04050883673893 0.9421
-7.04036148916301 0.9422
-7.04023325813409 0.9423
-7.04009768902771 0.9424
-7.03996092207714 0.9425
-7.03984602281494 0.9426
-7.03973984547812 0.9427
-7.03963177514895 0.9428
-7.03953304847225 0.9429
-7.03944970031291 0.943
-7.03938519149155 0.9431
-7.03935540377347 0.9432
-7.03933839223065 0.9433
-7.03932344888269 0.9434
-7.03934046061245 0.9435
-7.03937185543367 0.9436
-7.03939266223848 0.9437
-7.03943403229425 0.9438
-7.03948898767473 0.9439
-7.03956665630956 0.944
-7.03966270482397 0.9441
-7.03978075755261 0.9442
-7.03989903470464 0.9443
-7.04004175027589 0.9444
-7.0401883174644 0.9445
-7.04032008782426 0.9446
-7.04045180785078 0.9447
-7.04059631016675 0.9448
-7.04077105596448 0.9449
-7.04096886750026 0.945
-7.04114674562901 0.9451
-7.04132194493728 0.9452
-7.04148552911324 0.9453
-7.04161863537097 0.9454
-7.04173938258887 0.9455
-7.04184214056365 0.9456
-7.04193676910555 0.9457
-7.04203904913633 0.9458
-7.04215152954202 0.9459
-7.04225747812651 0.946
-7.04236404206604 0.9461
-7.0424622773549 0.9462
-7.04259462105591 0.9463
-7.0427536405806 0.9464
-7.04290785332053 0.9465
-7.04306071174826 0.9466
-7.04322800287667 0.9467
-7.04340295353833 0.9468
-7.04360175753924 0.9469
-7.04378269649967 0.947
-7.04394559381544 0.9471
-7.04408907972843 0.9472
-7.04425349572697 0.9473
-7.04438036780228 0.9474
-7.04450250647621 0.9475
-7.04463051829411 0.9476
-7.04477101399156 0.9477
-7.04492636017989 0.9478
-7.04510069045259 0.9479
-7.04529651727582 0.948
-7.04549390354525 0.9481
-7.04568524579548 0.9482
-7.04588965207969 0.9483
-7.04607413258781 0.9484
-7.04624914911172 0.9485
-7.04639157040112 0.9486
-7.04653461629549 0.9487
-7.04664578153578 0.9488
-7.04673475505159 0.9489
-7.04678497945951 0.949
-7.04681213369826 0.9491
-7.04685355704004 0.9492
-7.04686776423719 0.9493
-7.04683112525627 0.9494
-7.04675920388545 0.9495
-7.04665826942136 0.9496
-7.04650880286974 0.9497
-7.04632220127274 0.9498
-7.04609215111069 0.9499
-7.04581640987407 0.95
-7.0455129307127 0.9501
-7.0452160618643 0.9502
-7.04494655630316 0.9503
-7.04467715439376 0.9504
-7.04443218951953 0.9505
-7.04418537726129 0.9506
-7.04394935314604 0.9507
-7.04370958607531 0.9508
-7.04347970103281 0.9509
-7.04326198185838 0.951
-7.0430392589263 0.9511
-7.04281612802741 0.9512
-7.04262711777999 0.9513
-7.04246200345427 0.9514
-7.04234644209795 0.9515
-7.04222934161525 0.9516
-7.04213221243363 0.9517
-7.04203671339023 0.9518
-7.04196797252312 0.9519
-7.04195087924811 0.952
-7.04197710145844 0.9521
-7.04201216670848 0.9522
-7.04204644293344 0.9523
-7.04206340186732 0.9524
-7.04209987815643 0.9525
-7.04212056549625 0.9526
-7.0421421038431 0.9527
-7.04217813518353 0.9528
-7.04221188979179 0.9529
-7.04224686979637 0.953
-7.04229339817133 0.9531
-7.04233072070883 0.9532
-7.04235827436726 0.9533
-7.04239171276982 0.9534
-7.04239269409222 0.9535
-7.04236005571141 0.9536
-7.04231024829392 0.9537
-7.0422251091359 0.9538
-7.04212597556635 0.9539
-7.04203743349856 0.954
-7.0419270516559 0.9541
-7.04180572929163 0.9542
-7.04168775987069 0.9543
-7.04157237076709 0.9544
-7.04145330119982 0.9545
-7.04133026157542 0.9546
-7.04119863424999 0.9547
-7.04103989929568 0.9548
-7.04087860916885 0.9549
-7.04070698479625 0.955
-7.04052030953215 0.9551
-7.04031327192804 0.9552
-7.04012368550938 0.9553
-7.03995280911429 0.9554
-7.03981662037255 0.9555
-7.03970636762374 0.9556
-7.03964128419008 0.9557
-7.03960277778363 0.9558
-7.03958439068782 0.9559
-7.0395690148567 0.956
-7.03957300657838 0.9561
-7.03955992938214 0.9562
-7.03955697368252 0.9563
-7.03955463266585 0.9564
-7.03959563975822 0.9565
-7.03966895047475 0.9566
-7.03974620117246 0.9567
-7.03981051055558 0.9568
-7.03986554151681 0.9569
-7.03992663469952 0.957
-7.03998032830263 0.9571
-7.04004525284569 0.9572
-7.04012505255921 0.9573
-7.04021014061298 0.9574
-7.04029255305064 0.9575
-7.04040894855419 0.9576
-7.04053157853914 0.9577
-7.04065627077243 0.9578
-7.04079972111741 0.9579
-7.0409217478541 0.958
-7.04099251570933 0.9581
-7.04105624873875 0.9582
-7.04110870465715 0.9583
-7.04114431631764 0.9584
-7.04116734990649 0.9585
-7.04117566282386 0.9586
-7.04118169747999 0.9587
-7.0411530335753 0.9588
-7.0411005599484 0.9589
-7.04103855192644 0.959
-7.04097681704035 0.9591
-7.04092372524214 0.9592
-7.04088307327852 0.9593
-7.04082349641739 0.9594
-7.04077046029882 0.9595
-7.04070006992885 0.9596
-7.04058995854965 0.9597
-7.04046069703637 0.9598
-7.04034490441718 0.9599
-7.04025167200354 0.96
-7.04017176183862 0.9601
-7.04008736383718 0.9602
-7.04001788475995 0.9603
-7.0399416778153 0.9604
-7.03986179760666 0.9605
-7.03977979462355 0.9606
-7.0396790758835 0.9607
-7.0395323399558 0.9608
-7.03939053155594 0.9609
-7.03926997764259 0.961
-7.03914180989415 0.9611
-7.03903884147387 0.9612
-7.0389245772488 0.9613
-7.03880624011759 0.9614
-7.03866703680004 0.9615
-7.03854275312943 0.9616
-7.0384353123826 0.9617
-7.03831007719895 0.9618
-7.03820929820588 0.9619
-7.0381110918478 0.962
-7.03801943841935 0.9621
-7.03792649620648 0.9622
-7.03785349627454 0.9623
-7.03779336364099 0.9624
-7.03773790181067 0.9625
-7.03765700872908 0.9626
-7.03762480766311 0.9627
-7.03760254570262 0.9628
-7.03758028543092 0.9629
-7.03760786646984 0.963
-7.03761748742305 0.9631
-7.03766960897311 0.9632
-7.0377514082981 0.9633
-7.03783342033155 0.9634
-7.03794303217285 0.9635
-7.03806821304545 0.9636
-7.03820581093041 0.9637
-7.03834605101017 0.9638
-7.03848873707552 0.9639
-7.03859772484298 0.964
-7.03869891283253 0.9641
-7.038818055948 0.9642
-7.03891576662557 0.9643
-7.03899953544457 0.9644
-7.03909589940958 0.9645
-7.03916674536795 0.9646
-7.03923786003717 0.9647
-7.03928528081008 0.9648
-7.03930861288244 0.9649
-7.03930286914806 0.965
-7.03932881154272 0.9651
-7.03933878659444 0.9652
-7.03929224471794 0.9653
-7.0392247789429 0.9654
-7.03913066834708 0.9655
-7.03902512910213 0.9656
-7.03891352516766 0.9657
-7.03878603395807 0.9658
-7.03864427325861 0.9659
-7.03849336266573 0.966
-7.03831254079319 0.9661
-7.038111619459 0.9662
-7.03790287914626 0.9663
-7.03767625296789 0.9664
-7.03743639568835 0.9665
-7.03718574467081 0.9666
-7.03692311940432 0.9667
-7.03665643154929 0.9668
-7.03638546519524 0.9669
-7.03612043343815 0.967
-7.03585635495237 0.9671
-7.03558634454083 0.9672
-7.03530843683952 0.9673
-7.03503994141014 0.9674
-7.03478626729008 0.9675
-7.03453784242007 0.9676
-7.03427530352021 0.9677
-7.03402159261137 0.9678
-7.0337851857786 0.9679
-7.0335886209885 0.968
-7.03338766732489 0.9681
-7.03324108058468 0.9682
-7.03312304835272 0.9683
-7.03302634020435 0.9684
-7.03294463121423 0.9685
-7.032926345825 0.9686
-7.03292229538698 0.9687
-7.03294490749828 0.9688
-7.03298496502506 0.9689
-7.03306642312093 0.969
-7.0331240351912 0.9691
-7.03318185697155 0.9692
-7.03324326095881 0.9693
-7.03330988402254 0.9694
-7.03335379891531 0.9695
-7.03340326964657 0.9696
-7.03345153831368 0.9697
-7.03348981979756 0.9698
-7.03355347829274 0.9699
-7.03360176541835 0.97
-7.0336808335224 0.9701
-7.03373640619221 0.9702
-7.03377422360795 0.9703
-7.03379485722466 0.9704
-7.03378520867833 0.9705
-7.03378853520071 0.9706
-7.03380658005079 0.9707
-7.03382994150461 0.9708
-7.03383002399409 0.9709
-7.03385254291217 0.971
-7.03390369366612 0.9711
-7.03395622554728 0.9712
-7.03399429291878 0.9713
-7.03406393984345 0.9714
-7.03415167245623 0.9715
-7.03428015413469 0.9716
-7.03438828917883 0.9717
-7.03451732224634 0.9718
-7.03466043697735 0.9719
-7.03482082359857 0.972
-7.03500035786853 0.9721
-7.03517520537533 0.9722
-7.03533921095867 0.9723
-7.0354839471719 0.9724
-7.03559297159994 0.9725
-7.0356833261866 0.9726
-7.03577212352604 0.9727
-7.03585382918134 0.9728
-7.03591236207506 0.9729
-7.03594883827613 0.973
-7.03597515265746 0.9731
-7.03599881311707 0.9732
-7.0359963712561 0.9733
-7.03601934128378 0.9734
-7.03603783139014 0.9735
-7.03602348308105 0.9736
-7.03598999238218 0.9737
-7.03592259861987 0.9738
-7.03583711837458 0.9739
-7.03573271873412 0.974
-7.03559448694938 0.9741
-7.03547609605567 0.9742
-7.03535172940069 0.9743
-7.03521007615251 0.9744
-7.035033234939 0.9745
-7.03483948788812 0.9746
-7.03460869078338 0.9747
-7.03438650292964 0.9748
-7.03417989557597 0.9749
-7.0339496015119 0.975
-7.03370715733816 0.9751
-7.03346338891075 0.9752
-7.03321486830441 0.9753
-7.03298583183466 0.9754
-7.03274855613084 0.9755
-7.03252516731869 0.9756
-7.03231222599195 0.9757
-7.03209847658729 0.9758
-7.03191694005561 0.9759
-7.03176995941889 0.976
-7.03163704603766 0.9761
-7.03150212405618 0.9762
-7.03139110716119 0.9763
-7.03128524138475 0.9764
-7.03120932656008 0.9765
-7.03115687558207 0.9766
-7.03111212337848 0.9767
-7.03107166256314 0.9768
-7.03103973618478 0.9769
-7.03098933621313 0.977
-7.03092638506845 0.9771
-7.03088479462607 0.9772
-7.0308251610911 0.9773
-7.03077678274408 0.9774
-7.03073468764589 0.9775
-7.03068914681706 0.9776
-7.03064349584237 0.9777
-7.03059105148301 0.9778
-7.0305150346396 0.9779
-7.03041306161028 0.978
-7.03033592159729 0.9781
-7.0302610099008 0.9782
-7.03019057526687 0.9783
-7.03010920233119 0.9784
-7.03002908276733 0.9785
-7.02996036007339 0.9786
-7.02988361129689 0.9787
-7.02977271946991 0.9788
-7.029669882013 0.9789
-7.02957932314357 0.979
-7.02953025944635 0.9791
-7.02948693874365 0.9792
-7.02940927663999 0.9793
-7.02932667590742 0.9794
-7.02924018423483 0.9795
-7.02916741136824 0.9796
-7.02913318980367 0.9797
-7.02908268397054 0.9798
-7.02901377419279 0.9799
-7.02894998812121 0.98
-7.02889359957368 0.9801
-7.02886524095165 0.9802
-7.02889522332285 0.9803
-7.02892076820839 0.9804
-7.02896445159463 0.9805
-7.02902134181768 0.9806
-7.02911658633458 0.9807
-7.02921704982397 0.9808
-7.02930472824417 0.9809
-7.02942873595355 0.981
-7.0295892171887 0.9811
-7.02977200277309 0.9812
-7.02993943198728 0.9813
-7.03007534023694 0.9814
-7.03019828056804 0.9815
-7.0303055126916 0.9816
-7.03039976102716 0.9817
-7.03046302492007 0.9818
-7.03055929840944 0.9819
-7.03063424717465 0.982
-7.03070331902192 0.9821
-7.03076834124337 0.9822
-7.03082229568062 0.9823
-7.03087766792602 0.9824
-7.03094077601401 0.9825
-7.03103189137984 0.9826
-7.03111684125802 0.9827
-7.03123272562064 0.9828
-7.03136188112504 0.9829
-7.03148830398251 0.983
-7.03160579497796 0.9831
-7.03171449869372 0.9832
-7.03183410559729 0.9833
-7.03199686287033 0.9834
-7.03216869518415 0.9835
-7.03235374115361 0.9836
-7.0325309719355 0.9837
-7.03274052493007 0.9838
-7.03292508449004 0.9839
-7.03310027925238 0.984
-7.03329792396879 0.9841
-7.03344723236137 0.9842
-7.03358092960603 0.9843
-7.03370009108312 0.9844
-7.03379279204148 0.9845
-7.03388277552897 0.9846
-7.03398133069552 0.9847
-7.03408860002466 0.9848
-7.03419530644654 0.9849
-7.03428812048757 0.985
-7.03439468997347 0.9851
-7.03447165964287 0.9852
-7.03456641756784 0.9853
-7.03465450881352 0.9854
-7.03476120286703 0.9855
-7.03486128268342 0.9856
-7.03493611048059 0.9857
-7.03501597866563 0.9858
-7.03508087711675 0.9859
-7.03513074004731 0.986
-7.03517889071145 0.9861
-7.03520324815577 0.9862
-7.03521757670063 0.9863
-7.0352559199223 0.9864
-7.03528693192993 0.9865
-7.03528390304896 0.9866
-7.0352657848 0.9867
-7.03521292671709 0.9868
-7.03514172193428 0.9869
-7.03503532597147 0.987
-7.03492828852495 0.9871
-7.03483331597266 0.9872
-7.03470367764091 0.9873
-7.03455364501086 0.9874
-7.03437948273265 0.9875
-7.03420777071084 0.9876
-7.03402869062708 0.9877
-7.03380759866571 0.9878
-7.03356059620345 0.9879
-7.03332862500079 0.988
-7.03310684161791 0.9881
-7.03288378927157 0.9882
-7.03269247849186 0.9883
-7.03249445122189 0.9884
-7.03227411503028 0.9885
-7.03205513404848 0.9886
-7.03187862004757 0.9887
-7.03171429360854 0.9888
-7.03154425682705 0.9889
-7.03137193336364 0.989
-7.03123061185937 0.9891
-7.03111704722186 0.9892
-7.031033817362 0.9893
-7.03094091694196 0.9894
-7.03083686000167 0.9895
-7.03073458936724 0.9896
-7.03061967315495 0.9897
-7.03052309215716 0.9898
-7.03045396375441 0.9899
-7.03041882126907 0.99
-7.03039214777546 0.9901
-7.03035976496212 0.9902
-7.03034323231869 0.9903
-7.03033010731306 0.9904
-7.03029216811826 0.9905
-7.03026516092684 0.9906
-7.03026594970524 0.9907
-7.0302604184557 0.9908
-7.03026652205788 0.9909
-7.03031135691328 0.991
-7.03039171733315 0.9911
-7.0304983669789 0.9912
-7.03064536521868 0.9913
-7.03076336112521 0.9914
-7.03087760354761 0.9915
-7.03100345651785 0.9916
-7.0311508208361 0.9917
-7.03135352317858 0.9918
-7.03152452052141 0.9919
-7.03171953777947 0.992
-7.03188620885386 0.9921
-7.03203255981457 0.9922
-7.03218189942788 0.9923
-7.03233577313876 0.9924
-7.03251042815357 0.9925
-7.0327114615965 0.9926
-7.03290584227007 0.9927
-7.03312190683549 0.9928
-7.03333673773265 0.9929
-7.0335398280499 0.993
-7.03370479463954 0.9931
-7.03380948096018 0.9932
-7.03389005733649 0.9933
-7.03393371113146 0.9934
-7.03395827911292 0.9935
-7.03394817600977 0.9936
-7.03393691812956 0.9937
-7.0339099186922 0.9938
-7.0338721423611 0.9939
-7.03382723959623 0.994
-7.03376641670959 0.9941
-7.03370589096913 0.9942
-7.03366095190946 0.9943
-7.0336072238606 0.9944
-7.03350677998081 0.9945
-7.03340365950792 0.9946
-7.03329934774631 0.9947
-7.03319992519351 0.9948
-7.033098206134 0.9949
-7.03298121126473 0.995
-7.03285664028302 0.9951
-7.03274330254578 0.9952
-7.03261472681489 0.9953
-7.03250152760772 0.9954
-7.0324070975902 0.9955
-7.03232666113404 0.9956
-7.03226540795118 0.9957
-7.03223568730524 0.9958
-7.03221097074938 0.9959
-7.03217931644979 0.996
-7.03215369759026 0.9961
-7.03208836100409 0.9962
-7.03202929422862 0.9963
-7.03192972448709 0.9964
-7.03179675010667 0.9965
-7.03167339900566 0.9966
-7.03156980690708 0.9967
-7.0314908534427 0.9968
-7.03139315834042 0.9969
-7.03130667743806 0.997
-7.03121411573469 0.9971
-7.03111591297779 0.9972
-7.0309876214475 0.9973
-7.03087590670467 0.9974
-7.03075531653674 0.9975
-7.03061871479742 0.9976
-7.03049647072233 0.9977
-7.03036388210995 0.9978
-7.03022375062993 0.9979
-7.03010384133075 0.998
-7.02997036775978 0.9981
-7.02982135597052 0.9982
-7.02968114729956 0.9983
-7.02956252141351 0.9984
-7.02944686161008 0.9985
-7.02933152772934 0.9986
-7.02922144664082 0.9987
-7.02910684097499 0.9988
-7.0290131283499 0.9989
-7.02892088207496 0.999
-7.02885370487523 0.9991
-7.02878684875002 0.9992
-7.02871439195161 0.9993
-7.02864653671661 0.9994
-7.02857427804146 0.9995
-7.02849115507353 0.9996
-7.02840271234571 0.9997
-7.02832441746153 0.9998
-7.02826191951592 0.9999
-7.02822529202873 1
