# Fix print output for fix f5
-7.05501836616339 0
-7.05491623170607 0.0001
-7.05481544617303 0.0002
-7.05471619618255 0.0003
-7.0546195952573 0.0004
-7.05454303432685 0.0005
-7.05446734441375 0.0006
-7.05439987671473 0.0007
-7.05432803218577 0.0008
-7.05427841121146 0.0009
-7.05423773841229 0.001
-7.0542333581621 0.0011
-7.05423521652713 0.0012
-7.05425242942195 0.0013
-7.0542780911635 0.0014
-7.05430560856728 0.0015
-7.05435371145227 0.0016
-7.05439760776856 0.0017
-7.05444989959481 0.0018
-7.05450358508361 0.0019
-7.05454914295546 0.002
-7.05459334559434 0.0021
-7.05464099396698 0.0022
-7.05468978563073 0.0023
-7.05471640311012 0.0024
-7.0547416965287 0.0025
-7.05476077991898 0.0026
-7.05477408425831 0.0027
-7.05479633005733 0.0028
-7.05480919782029 0.0029
-7.05482799388507 0.003
-7.05487164845308 0.0031
-7.05492272093189 0.0032
-7.05497499093306 0.0033
-7.05503328987076 0.0034
-7.05508401019546 0.0035
-7.05513313041322 0.0036
-7.05518291384414 0.0037
-7.05522819230725 0.0038
-7.05525226797774 0.0039
-7.05527646145591 0.004
-7.05529024670605 0.0041
-7.05528676893416 0.0042
-7.05528242471961 0.0043
-7.05526917166208 0.0044
-7.0552498801684 0.0045
-7.05523193032629 0.0046
-7.05522532056806 0.0047
-7.05521221895002 0.0048
-7.05519815407301 0.0049
-7.05518077945996 0.005
-7.05517281507616 0.0051
-7.05515220741062 0.0052
-7.05513356315644 0.0053
-7.05511714254625 0.0054
-7.05509202753177 0.0055
-7.05505793891385 0.0056
-7.05502097131771 0.0057
-7.05498560927637 0.0058
-7.0549471300003 0.0059
-7.05491200682561 0.006
-7.05489050505307 0.0061
-7.05489866709627 0.0062
-7.05492694115782 0.0063
-7.0549361300059 0.0064
-7.05494568951928 0.0065
-7.05495476759584 0.0066
-7.05494659951776 0.0067
-7.05494659545599 0.0068
-7.0549419659179 0.0069
-7.05494047419201 0.007
-7.05492747591278 0.0071
-7.0549174206125 0.0072
-7.05490422302894 0.0073
-7.0548729875102 0.0074
-7.05483240589269 0.0075
-7.05478269704246 0.0076
-7.05472603120334 0.0077
-7.05467599903056 0.0078
-7.05462918756089 0.0079
-7.05456461692083 0.008
-7.05449050829849 0.0081
-7.05440131195887 0.0082
-7.05431515435119 0.0083
-7.05423209928628 0.0084
-7.05417650890218 0.0085
-7.05413310601675 0.0086
-7.05410659652056 0.0087
-7.05408770416063 0.0088
-7.0540827244576 0.0089
-7.05408816507409 0.009
-7.05413327593415 0.0091
-7.05420718237547 0.0092
-7.0543136140123 0.0093
-7.05445710521386 0.0094
-7.05462671949572 0.0095
-7.0548063996603 0.0096
-7.05499220078939 0.0097
-7.05518638931076 0.0098
-7.05537104286294 0.0099
-7.05556301451249 0.01
-7.05576441241278 0.0101
-7.05595243670117 0.0102
-7.0561204673756 0.0103
-7.05628170724198 0.0104
-7.05644041190278 0.0105
-7.0565890019162 0.0106
-7.05671644564003 0.0107
-7.05682950323939 0.0108
-7.05694203625032 0.0109
-7.05704255545975 0.011
-7.05714773976963 0.0111
-7.05723684475387 0.0112
-7.05731427486202 0.0113
-7.05738305243111 0.0114
-7.05745758333722 0.0115
-7.05753557750027 0.0116
-7.05761506430009 0.0117
-7.05769133386005 0.0118
-7.05775564309535 0.0119
-7.05780159174197 0.012
-7.05782718517563 0.0121
-7.05785242574765 0.0122
-7.0578735296992 0.0123
-7.05788099854392 0.0124
-7.05787738252222 0.0125
-7.05788028505944 0.0126
-7.05785545724159 0.0127
-7.05781918640173 0.0128
-7.057767342071 0.0129
-7.05771283676231 0.013
-7.05764376320863 0.0131
-7.05758133742518 0.0132
-7.05751222260463 0.0133
-7.05746463813859 0.0134
-7.05740819933172 0.0135
-7.05735830083354 0.0136
-7.05731201478871 0.0137
-7.05726152470625 0.0138
-7.05721158760653 0.0139
-7.0571441371403 0.014
-7.05707982768898 0.0141
-7.05702480956222 0.0142
-7.05697591634507 0.0143
-7.05692857119002 0.0144
-7.05688793956715 0.0145
-7.0568493574489 0.0146
-7.05681132951749 0.0147
-7.05676413637121 0.0148
-7.0567352265778 0.0149
-7.05670175569207 0.015
-7.05667029974711 0.0151
-7.05664695799681 0.0152
-7.05663129359114 0.0153
-7.05661924175954 0.0154
-7.05661461572452 0.0155
-7.05661009895266 0.0156
-7.05660179621475 0.0157
-7.05659602855037 0.0158
-7.05657866702036 0.0159
-7.0565506085669 0.016
-7.05650780234333 0.0161
-7.0564621796135 0.0162
-7.05641466998624 0.0163
-7.05637022834275 0.0164
-7.05632471867087 0.0165
-7.05627251277646 0.0166
-7.05620042806421 0.0167
-7.05612932932435 0.0168
-7.05604752476872 0.0169
-7.05595883304895 0.017
-7.05587591215058 0.0171
-7.0557921137408 0.0172
-7.05571373773351 0.0173
-7.05562770204919 0.0174
-7.05554925083151 0.0175
-7.05547188650155 0.0176
-7.05538907226822 0.0177
-7.05530493868009 0.0178
-7.05522080810624 0.0179
-7.05515003838661 0.018
-7.05507466185958 0.0181
-7.05499657967548 0.0182
-7.0549016284688 0.0183
-7.05480179030889 0.0184
-7.05468794661617 0.0185
-7.05456198603486 0.0186
-7.05443830163672 0.0187
-7.05430644646022 0.0188
-7.0541837010988 0.0189
-7.05404340745948 0.019
-7.05390219494122 0.0191
-7.05375365596584 0.0192
-7.05362161741159 0.0193
-7.05349699433915 0.0194
-7.05337281976508 0.0195
-7.05325403090745 0.0196
-7.05314009901714 0.0197
-7.05304933679068 0.0198
-7.05298887651993 0.0199
-7.0529396946636 0.02
-7.05290700396082 0.0201
-7.05290526255541 0.0202
-7.05293819994437 0.0203
-7.05301165713503 0.0204
-7.05310011891736 0.0205
-7.05322106366409 0.0206
-7.05337005483501 0.0207
-7.05352881093163 0.0208
-7.05368515559611 0.0209
-7.05385910419425 0.021
-7.05404134455228 0.0211
-7.05422262597537 0.0212
-7.054401723173 0.0213
-7.05457472795844 0.0214
-7.05473108226244 0.0215
-7.05487691723516 0.0216
-7.05500413817032 0.0217
-7.05512667581888 0.0218
-7.05524681414931 0.0219
-7.05534264163206 0.022
-7.0554172231529 0.0221
-7.05548738652817 0.0222
-7.05556511584392 0.0223
-7.05563853147836 0.0224
-7.0556938429809 0.0225
-7.05574030669179 0.0226
-7.05576976805022 0.0227
-7.05579016559045 0.0228
-7.055800405462 0.0229
-7.05579888691836 0.023
-7.05579798989305 0.0231
-7.0557847665984 0.0232
-7.05575674495295 0.0233
-7.05571537897693 0.0234
-7.05568308448004 0.0235
-7.05565815389597 0.0236
-7.05564117866977 0.0237
-7.05562943373847 0.0238
-7.05562547725918 0.0239
-7.05561790257241 0.024
-7.05560359757383 0.0241
-7.05559806930591 0.0242
-7.05558623348298 0.0243
-7.05556950114395 0.0244
-7.05555947924744 0.0245
-7.05555230934994 0.0246
-7.05552567356989 0.0247
-7.05550885249357 0.0248
-7.05547819641458 0.0249
-7.05544004046514 0.025
-7.05537401841688 0.0251
-7.05529172541042 0.0252
-7.05520914646501 0.0253
-7.05513342579555 0.0254
-7.05504798278096 0.0255
-7.0549557500769 0.0256
-7.05486259990776 0.0257
-7.05477289122399 0.0258
-7.0546732888287 0.0259
-7.05456406839944 0.026
-7.05444961068604 0.0261
-7.05433381990089 0.0262
-7.05421277534317 0.0263
-7.05410376548317 0.0264
-7.05400168693402 0.0265
-7.05388841678857 0.0266
-7.05381041651717 0.0267
-7.05375236195509 0.0268
-7.05371306736797 0.0269
-7.05370902549485 0.027
-7.05371578068448 0.0271
-7.05374410004735 0.0272
-7.05376467652148 0.0273
-7.05380406160721 0.0274
-7.05383840290596 0.0275
-7.05388719232285 0.0276
-7.05396107079996 0.0277
-7.05406859647182 0.0278
-7.0541880650796 0.0279
-7.05429709368291 0.028
-7.0543818719984 0.0281
-7.05445794506206 0.0282
-7.05452506766454 0.0283
-7.05459161933419 0.0284
-7.05463805343585 0.0285
-7.05467986497573 0.0286
-7.05470218716213 0.0287
-7.05471364113725 0.0288
-7.05470175439116 0.0289
-7.0546762323428 0.029
-7.05461676893401 0.0291
-7.0545413336446 0.0292
-7.05445718949637 0.0293
-7.05433723706583 0.0294
-7.05420954501475 0.0295
-7.05407451218029 0.0296
-7.05393984683026 0.0297
-7.05379790474379 0.0298
-7.05365863847427 0.0299
-7.0535231428052 0.03
-7.05340082481983 0.0301
-7.05327694679893 0.0302
-7.05315848068081 0.0303
-7.05307607270581 0.0304
-7.05299235002737 0.0305
-7.0529326132987 0.0306
-7.05288695098067 0.0307
-7.05284888377378 0.0308
-7.05280785975547 0.0309
-7.05278890390473 0.031
-7.05278792480574 0.0311
-7.05279811670274 0.0312
-7.0528233353411 0.0313
-7.0528556977779 0.0314
-7.05291042848391 0.0315
-7.05300011217179 0.0316
-7.05311584991269 0.0317
-7.05324399408341 0.0318
-7.05338543621339 0.0319
-7.05354204597656 0.032
-7.05369973054671 0.0321
-7.05386054295156 0.0322
-7.05402226921365 0.0323
-7.05418528628923 0.0324
-7.05434214111548 0.0325
-7.05449450848965 0.0326
-7.05465074916185 0.0327
-7.05480522099359 0.0328
-7.05493217003895 0.0329
-7.05505651411885 0.033
-7.05516007661024 0.0331
-7.0552509182943 0.0332
-7.05531720197675 0.0333
-7.05536141181202 0.0334
-7.05537711357112 0.0335
-7.05538528493461 0.0336
-7.05537415567072 0.0337
-7.05535528983974 0.0338
-7.05534067528335 0.0339
-7.05531279747685 0.034
-7.05528018124878 0.0341
-7.05523344112866 0.0342
-7.05518926117394 0.0343
-7.05513659286238 0.0344
-7.05509226642904 0.0345
-7.05505429508414 0.0346
-7.05500941009361 0.0347
-7.0549673627423 0.0348
-7.0549268861318 0.0349
-7.05487887976271 0.035
-7.05482554313036 0.0351
-7.05476490373007 0.0352
-7.05470595469372 0.0353
-7.05464482503757 0.0354
-7.05457589133068 0.0355
-7.05449874524236 0.0356
-7.05441328860246 0.0357
-7.05432193297558 0.0358
-7.05422172137878 0.0359
-7.0541129005241 0.036
-7.05400785727369 0.0361
-7.05389850833668 0.0362
-7.05378785465516 0.0363
-7.05368010363253 0.0364
-7.05359117802677 0.0365
-7.05351627990559 0.0366
-7.05343481208529 0.0367
-7.05336064053068 0.0368
-7.05329791828518 0.0369
-7.05324714940642 0.037
-7.05321173596249 0.0371
-7.05318155302391 0.0372
-7.0531492867806 0.0373
-7.0531019060467 0.0374
-7.05304044465837 0.0375
-7.05299409420147 0.0376
-7.052944070357 0.0377
-7.05288957644312 0.0378
-7.052834311475 0.0379
-7.05277830011669 0.038
-7.05271613973896 0.0381
-7.05266154527173 0.0382
-7.05259990699914 0.0383
-7.05254005409937 0.0384
-7.05246039048667 0.0385
-7.05235787505748 0.0386
-7.05225256151321 0.0387
-7.05213007998432 0.0388
-7.05200728288992 0.0389
-7.05187553130019 0.039
-7.0517389558467 0.0391
-7.05159201473817 0.0392
-7.05144771410551 0.0393
-7.05130869064392 0.0394
-7.0511908174425 0.0395
-7.05106849795661 0.0396
-7.05095341780988 0.0397
-7.05085191185206 0.0398
-7.05076299329307 0.0399
-7.05069475613355 0.04
-7.05064243796223 0.0401
-7.05058764714551 0.0402
-7.05054677244313 0.0403
-7.05050641491324 0.0404
-7.0504677048237 0.0405
-7.05044112550289 0.0406
-7.05042068414444 0.0407
-7.05040901438035 0.0408
-7.05038831818522 0.0409
-7.0503732721001 0.041
-7.05036108450624 0.0411
-7.05034043606587 0.0412
-7.050328720247 0.0413
-7.05030891663402 0.0414
-7.05029272471396 0.0415
-7.05024553305444 0.0416
-7.05019445268176 0.0417
-7.05017505677068 0.0418
-7.05015179114445 0.0419
-7.05014817539518 0.042
-7.05016810038316 0.0421
-7.05019952886988 0.0422
-7.05024999469355 0.0423
-7.0503086567832 0.0424
-7.05035453112409 0.0425
-7.05039882399958 0.0426
-7.05044256096661 0.0427
-7.05049069026688 0.0428
-7.05053450196849 0.0429
-7.0505619058777 0.043
-7.05057440115329 0.0431
-7.05059827057721 0.0432
-7.05062642325649 0.0433
-7.05065398257126 0.0434
-7.05067248924578 0.0435
-7.05069017433281 0.0436
-7.05070413039547 0.0437
-7.05070329299306 0.0438
-7.05069725637323 0.0439
-7.0506904871771 0.044
-7.05067649385217 0.0441
-7.05066288037023 0.0442
-7.05065125849815 0.0443
-7.050639191773 0.0444
-7.0506340912934 0.0445
-7.05062686470427 0.0446
-7.05061208587918 0.0447
-7.05059695048195 0.0448
-7.05058785143651 0.0449
-7.05057408016923 0.045
-7.05056909770435 0.0451
-7.05054848256445 0.0452
-7.05054622405567 0.0453
-7.05056992155025 0.0454
-7.05061953360064 0.0455
-7.05069240282081 0.0456
-7.05076840287793 0.0457
-7.05085592784144 0.0458
-7.05094230578092 0.0459
-7.05102055330525 0.046
-7.05109037266102 0.0461
-7.05116464913082 0.0462
-7.05123017828089 0.0463
-7.0512732105025 0.0464
-7.05131658985853 0.0465
-7.05134531581207 0.0466
-7.05137310785301 0.0467
-7.05138432950545 0.0468
-7.05137546902772 0.0469
-7.05134630986967 0.047
-7.05129599539709 0.0471
-7.05125326867968 0.0472
-7.05122005738184 0.0473
-7.05119207993661 0.0474
-7.05117551455259 0.0475
-7.05114926135328 0.0476
-7.05113313352909 0.0477
-7.05111344136886 0.0478
-7.05109407403181 0.0479
-7.05107771927842 0.048
-7.05106370583353 0.0481
-7.05107712563582 0.0482
-7.05109730038738 0.0483
-7.05112534927584 0.0484
-7.05113685340762 0.0485
-7.05113768774406 0.0486
-7.05113407684019 0.0487
-7.05111983538327 0.0488
-7.05110518479588 0.0489
-7.05108400564068 0.049
-7.05105842209148 0.0491
-7.05102363391981 0.0492
-7.05099843627879 0.0493
-7.0509709023826 0.0494
-7.05097118876538 0.0495
-7.05098956038118 0.0496
-7.05102128718101 0.0497
-7.05107253377239 0.0498
-7.05112748083277 0.0499
-7.05118203900131 0.05
-7.0512296880492 0.0501
-7.05128650849969 0.0502
-7.05134614718248 0.0503
-7.05140662726532 0.0504
-7.05146947964291 0.0505
-7.0515150916884 0.0506
-7.05155766145945 0.0507
-7.05160412273166 0.0508
-7.05164829201714 0.0509
-7.05167746238692 0.051
-7.05171424064052 0.0511
-7.05175096113375 0.0512
-7.05179042218763 0.0513
-7.05182751535411 0.0514
-7.05186665075029 0.0515
-7.05188608104878 0.0516
-7.0518934203891 0.0517
-7.0518820660759 0.0518
-7.0518520641394 0.0519
-7.05181022250405 0.052
-7.05174997601143 0.0521
-7.05167041854087 0.0522
-7.05157380582237 0.0523
-7.05146056788141 0.0524
-7.05133596356543 0.0525
-7.0511876845343 0.0526
-7.05104123944406 0.0527
-7.0508757718565 0.0528
-7.05069668278241 0.0529
-7.05052410261442 0.053
-7.05035317123949 0.0531
-7.0501885806435 0.0532
-7.05002188271463 0.0533
-7.04986518523334 0.0534
-7.04970906880716 0.0535
-7.04954504384431 0.0536
-7.04938512160248 0.0537
-7.0492367978496 0.0538
-7.04911375898361 0.0539
-7.04899907972835 0.054
-7.04892013309283 0.0541
-7.04884438428851 0.0542
-7.04878282560764 0.0543
-7.04874560521005 0.0544
-7.0487264710975 0.0545
-7.04871832698812 0.0546
-7.04872281021232 0.0547
-7.04873018710999 0.0548
-7.04874817433651 0.0549
-7.04875498505578 0.055
-7.04877337228329 0.0551
-7.04878397177018 0.0552
-7.04879578361433 0.0553
-7.0488180216365 0.0554
-7.04886009437391 0.0555
-7.04890890496861 0.0556
-7.04896721150307 0.0557
-7.04901795377482 0.0558
-7.04906666358989 0.0559
-7.04912135949856 0.056
-7.04917511774974 0.0561
-7.04923156929384 0.0562
-7.04928259561446 0.0563
-7.04932882845037 0.0564
-7.04936705841792 0.0565
-7.04940119629738 0.0566
-7.0494230172434 0.0567
-7.0494583284366 0.0568
-7.04949577641533 0.0569
-7.0495118086318 0.057
-7.04952404640949 0.0571
-7.0495169870499 0.0572
-7.04950470672581 0.0573
-7.04948830563814 0.0574
-7.04946321035012 0.0575
-7.04943551253353 0.0576
-7.04939912710098 0.0577
-7.0493657059289 0.0578
-7.04931692305903 0.0579
-7.04927177198409 0.058
-7.049223438332 0.0581
-7.04917452332644 0.0582
-7.04911918312768 0.0583
-7.04906421515606 0.0584
-7.04900890855811 0.0585
-7.04897038157261 0.0586
-7.04894872385407 0.0587
-7.04894702433009 0.0588
-7.04895254509355 0.0589
-7.04895860435522 0.059
-7.04896453084115 0.0591
-7.04897696765564 0.0592
-7.04898439819477 0.0593
-7.04898833795061 0.0594
-7.04900567713831 0.0595
-7.04903769383449 0.0596
-7.04906618358464 0.0597
-7.04908443304914 0.0598
-7.04910997382009 0.0599
-7.04913920561342 0.06
-7.04915809841766 0.0601
-7.04919052461449 0.0602
-7.04919932470674 0.0603
-7.04920072188672 0.0604
-7.04917999775577 0.0605
-7.0491388973545 0.0606
-7.04907891636831 0.0607
-7.04901626985994 0.0608
-7.04896410778546 0.0609
-7.04892407876826 0.061
-7.04888326767401 0.0611
-7.04882925388212 0.0612
-7.04877446382216 0.0613
-7.048720334865 0.0614
-7.04868481088618 0.0615
-7.04865349430084 0.0616
-7.04862629691568 0.0617
-7.04862792677034 0.0618
-7.04863497978818 0.0619
-7.04865517581294 0.062
-7.0486792705041 0.0621
-7.04871562005429 0.0622
-7.04875855237228 0.0623
-7.04881330944221 0.0624
-7.04887807049539 0.0625
-7.04894386347276 0.0626
-7.0490062249594 0.0627
-7.04907347897468 0.0628
-7.04914183844763 0.0629
-7.04919986469977 0.063
-7.04926482750798 0.0631
-7.0493197603988 0.0632
-7.04936744743344 0.0633
-7.049404510642 0.0634
-7.04943754724275 0.0635
-7.04947654904205 0.0636
-7.04951684431509 0.0637
-7.04954462317385 0.0638
-7.0495547695364 0.0639
-7.04956198306665 0.064
-7.04958671779954 0.0641
-7.04960966975881 0.0642
-7.04963527452788 0.0643
-7.0496495614684 0.0644
-7.04967411914572 0.0645
-7.04971213757184 0.0646
-7.04973453712146 0.0647
-7.04975260863521 0.0648
-7.0497636944604 0.0649
-7.04976632948168 0.065
-7.04975599601739 0.0651
-7.04974006265847 0.0652
-7.04973311679381 0.0653
-7.04970910545643 0.0654
-7.04968144175205 0.0655
-7.0496501854852 0.0656
-7.04960769327794 0.0657
-7.04956914835233 0.0658
-7.04953524899124 0.0659
-7.0495208537396 0.066
-7.0495167173323 0.0661
-7.04953316454229 0.0662
-7.04955599108114 0.0663
-7.04958314054249 0.0664
-7.04961185836864 0.0665
-7.0496417464078 0.0666
-7.04968117533434 0.0667
-7.04971362257825 0.0668
-7.04972821194862 0.0669
-7.04973417872165 0.067
-7.04975407604974 0.0671
-7.04978375176763 0.0672
-7.04980520997653 0.0673
-7.04981650525594 0.0674
-7.04982894948558 0.0675
-7.04982958468064 0.0676
-7.04984450398306 0.0677
-7.04986156102935 0.0678
-7.04986683524891 0.0679
-7.04986628342669 0.068
-7.0498696484536 0.0681
-7.04985982276557 0.0682
-7.04985489955548 0.0683
-7.04985644581997 0.0684
-7.04985691835292 0.0685
-7.0498444431336 0.0686
-7.04983056669828 0.0687
-7.0498124091629 0.0688
-7.04979785176529 0.0689
-7.04978392454238 0.069
-7.04978252994967 0.0691
-7.04978597390503 0.0692
-7.0497844082499 0.0693
-7.04977683709492 0.0694
-7.04975352087342 0.0695
-7.0497257517661 0.0696
-7.04969374002169 0.0697
-7.04965791339893 0.0698
-7.04962637492464 0.0699
-7.04958542314485 0.07
-7.04954710856006 0.0701
-7.04950137620432 0.0702
-7.04945569775026 0.0703
-7.04941544778852 0.0704
-7.04937435801052 0.0705
-7.04934629305563 0.0706
-7.04931315540779 0.0707
-7.04927232640459 0.0708
-7.04922865091926 0.0709
-7.04918258987791 0.071
-7.04914308506956 0.0711
-7.04911933258096 0.0712
-7.04909543698114 0.0713
-7.04907040720831 0.0714
-7.04905987568562 0.0715
-7.04905949927473 0.0716
-7.04907298447499 0.0717
-7.04909704186271 0.0718
-7.04910278975328 0.0719
-7.04909487156486 0.072
-7.04907525912121 0.0721
-7.04904603453855 0.0722
-7.04901057261008 0.0723
-7.04897479322597 0.0724
-7.04892667700985 0.0725
-7.04888229394342 0.0726
-7.04882614478601 0.0727
-7.04877212809635 0.0728
-7.04870150751875 0.0729
-7.0486495803673 0.073
-7.04858664214217 0.0731
-7.04851956510174 0.0732
-7.04846705693572 0.0733
-7.04840842201932 0.0734
-7.04834588337156 0.0735
-7.04829433415117 0.0736
-7.04823941601709 0.0737
-7.04819857775439 0.0738
-7.04814187614269 0.0739
-7.04809413829302 0.074
-7.04805185458745 0.0741
-7.04800972258459 0.0742
-7.04799297680626 0.0743
-7.04798735200605 0.0744
-7.04799325415023 0.0745
-7.04799716996679 0.0746
-7.04801378235968 0.0747
-7.04802235450538 0.0748
-7.04803709174138 0.0749
-7.04803129510452 0.075
-7.04803339223663 0.0751
-7.04802682606711 0.0752
-7.04801054515786 0.0753
-7.04799047567993 0.0754
-7.04796335324558 0.0755
-7.04793541048587 0.0756
-7.04790816440347 0.0757
-7.04788413218168 0.0758
-7.04786090732117 0.0759
-7.04783753221642 0.076
-7.04779894855364 0.0761
-7.04777246567943 0.0762
-7.04775937073562 0.0763
-7.04774445472531 0.0764
-7.04772337251443 0.0765
-7.04768655959781 0.0766
-7.04764139558043 0.0767
-7.04759890551104 0.0768
-7.04755106032734 0.0769
-7.0474947988378 0.077
-7.04744531798339 0.0771
-7.04739413002829 0.0772
-7.04735762557106 0.0773
-7.04732775970311 0.0774
-7.04728624118153 0.0775
-7.04723851429352 0.0776
-7.04720188468266 0.0777
-7.04718123695993 0.0778
-7.04716562894846 0.0779
-7.04716259007725 0.078
-7.04718102795355 0.0781
-7.04720104028606 0.0782
-7.04720577169117 0.0783
-7.04721242539096 0.0784
-7.04721474440587 0.0785
-7.04723036749597 0.0786
-7.04723350712202 0.0787
-7.04722950212413 0.0788
-7.047237269144 0.0789
-7.04723188061259 0.079
-7.0472171039587 0.0791
-7.04722015680398 0.0792
-7.04721781330044 0.0793
-7.04721512861171 0.0794
-7.04720082675899 0.0795
-7.04717948883064 0.0796
-7.04716498939863 0.0797
-7.04711737607222 0.0798
-7.04706940004644 0.0799
-7.04702026347115 0.08
-7.04696549067875 0.0801
-7.04691327830622 0.0802
-7.04685056454279 0.0803
-7.04678044082065 0.0804
-7.04670347272315 0.0805
-7.0466328616708 0.0806
-7.04655962889164 0.0807
-7.04648029144328 0.0808
-7.04639911907376 0.0809
-7.04633165586715 0.081
-7.04626690034847 0.0811
-7.04621819544278 0.0812
-7.04620664267363 0.0813
-7.04620808001101 0.0814
-7.04622773562502 0.0815
-7.04625684017926 0.0816
-7.04630593059794 0.0817
-7.0463485698105 0.0818
-7.04638914252341 0.0819
-7.04644822202382 0.082
-7.04649484472095 0.0821
-7.04652498989185 0.0822
-7.04656275030686 0.0823
-7.04657918908351 0.0824
-7.04659988833347 0.0825
-7.04660301021799 0.0826
-7.0466006068848 0.0827
-7.04657332504339 0.0828
-7.04654833751749 0.0829
-7.04651843716692 0.083
-7.04650144784817 0.0831
-7.04649041879525 0.0832
-7.046486838873 0.0833
-7.04648960508592 0.0834
-7.0464984251261 0.0835
-7.04654193307845 0.0836
-7.04658710793744 0.0837
-7.04662559719157 0.0838
-7.04666192655202 0.0839
-7.04670782120182 0.084
-7.04675625965259 0.0841
-7.0468066322848 0.0842
-7.04684227487647 0.0843
-7.04688506907185 0.0844
-7.04692352355849 0.0845
-7.0469604967959 0.0846
-7.047002734237 0.0847
-7.04705753862336 0.0848
-7.04712294652154 0.0849
-7.04719624601575 0.085
-7.04725548993411 0.0851
-7.04732400543894 0.0852
-7.04739170004326 0.0853
-7.04746879196709 0.0854
-7.0475521794318 0.0855
-7.04763391263575 0.0856
-7.04769155737956 0.0857
-7.04773462457652 0.0858
-7.04777265448526 0.0859
-7.04778981451431 0.086
-7.04779805535065 0.0861
-7.04778735979661 0.0862
-7.04774914616005 0.0863
-7.04769767475455 0.0864
-7.0476511237753 0.0865
-7.04758976642639 0.0866
-7.04751728703921 0.0867
-7.04744316452134 0.0868
-7.0473591103211 0.0869
-7.04727829024519 0.087
-7.04719696624537 0.0871
-7.04712026689094 0.0872
-7.04704817157903 0.0873
-7.04698914969303 0.0874
-7.0469383357125 0.0875
-7.0469078075142 0.0876
-7.04690011397406 0.0877
-7.04690194133394 0.0878
-7.04690423379619 0.0879
-7.04691985156088 0.088
-7.04695270857 0.0881
-7.0469768760509 0.0882
-7.0469864348275 0.0883
-7.04699092039562 0.0884
-7.04700076466025 0.0885
-7.04700992939077 0.0886
-7.04700238874232 0.0887
-7.04698654654096 0.0888
-7.04697703698272 0.0889
-7.04695448511908 0.089
-7.04691584491879 0.0891
-7.04686840381007 0.0892
-7.04679142634971 0.0893
-7.04671661973086 0.0894
-7.04661959381693 0.0895
-7.04652003385107 0.0896
-7.0464256533769 0.0897
-7.04632585351454 0.0898
-7.0462413740852 0.0899
-7.04617012548253 0.09
-7.04611913810992 0.0901
-7.04607892999875 0.0902
-7.04604273440208 0.0903
-7.04604921772471 0.0904
-7.04606271973121 0.0905
-7.04608441007879 0.0906
-7.0461224198772 0.0907
-7.04616017512389 0.0908
-7.04620910630986 0.0909
-7.04625210576028 0.091
-7.04628763460597 0.0911
-7.04631806951364 0.0912
-7.04634466808415 0.0913
-7.04638378979435 0.0914
-7.04641279667698 0.0915
-7.04643819448956 0.0916
-7.04645441876647 0.0917
-7.0464672643485 0.0918
-7.04645318187759 0.0919
-7.04641971572179 0.092
-7.04635421148923 0.0921
-7.04626606203563 0.0922
-7.04617539670124 0.0923
-7.04607345211846 0.0924
-7.04597119824002 0.0925
-7.04588637671488 0.0926
-7.04580899663193 0.0927
-7.04572371382926 0.0928
-7.0456468243419 0.0929
-7.04556635230924 0.093
-7.04549549422503 0.0931
-7.04542186171643 0.0932
-7.04535056184462 0.0933
-7.04527970058905 0.0934
-7.04522240265386 0.0935
-7.04517864822377 0.0936
-7.04515291136542 0.0937
-7.04511534453359 0.0938
-7.04509204951107 0.0939
-7.04507759176297 0.094
-7.04508116444445 0.0941
-7.04510844826577 0.0942
-7.0451469551974 0.0943
-7.0451954019711 0.0944
-7.04526942116735 0.0945
-7.04534782534393 0.0946
-7.04541015132425 0.0947
-7.04547513806216 0.0948
-7.04554381306693 0.0949
-7.04559745766784 0.095
-7.04564426399521 0.0951
-7.04569403186159 0.0952
-7.0457401018122 0.0953
-7.04578326283305 0.0954
-7.04582775330111 0.0955
-7.04586088908585 0.0956
-7.04589243424473 0.0957
-7.04591480927466 0.0958
-7.0459351613692 0.0959
-7.04595458469553 0.096
-7.04597223718151 0.0961
-7.04598449846304 0.0962
-7.04599214940659 0.0963
-7.0460180067263 0.0964
-7.04604405995351 0.0965
-7.04605636082153 0.0966
-7.0460760351839 0.0967
-7.04609829691461 0.0968
-7.04610439132452 0.0969
-7.04610753144475 0.097
-7.04607761798537 0.0971
-7.04603589811844 0.0972
-7.04597386431405 0.0973
-7.04590362656392 0.0974
-7.04580826132267 0.0975
-7.04572263357146 0.0976
-7.04564700412195 0.0977
-7.04555813995792 0.0978
-7.04546945423538 0.0979
-7.04538035982344 0.098
-7.04529334927412 0.0981
-7.04519246159426 0.0982
-7.04508398206377 0.0983
-7.04497891118612 0.0984
-7.04486416033129 0.0985
-7.04474917899348 0.0986
-7.0446238644144 0.0987
-7.04450740425204 0.0988
-7.0444167701354 0.0989
-7.04434931807984 0.099
-7.04429844644971 0.0991
-7.04428082241276 0.0992
-7.04428365283603 0.0993
-7.04431872731315 0.0994
-7.04435285034958 0.0995
-7.04438327068661 0.0996
-7.04440891971761 0.0997
-7.04442326769529 0.0998
-7.04444279803582 0.0999
-7.04447332801295 0.1
-7.04448427520356 0.1001
-7.04449489804348 0.1002
-7.04448230773458 0.1003
-7.0444586822848 0.1004
-7.04442645542377 0.1005
-7.04439160899993 0.1006
-7.04435053674125 0.1007
-7.04429784521406 0.1008
-7.04423329599531 0.1009
-7.04417619895435 0.101
-7.04412310905851 0.1011
-7.04406573868422 0.1012
-7.04400654677332 0.1013
-7.04393289714158 0.1014
-7.04385738685439 0.1015
-7.04378964037594 0.1016
-7.04372730063538 0.1017
-7.04366976447543 0.1018
-7.04362725749833 0.1019
-7.04358337364178 0.102
-7.04352970243183 0.1021
-7.04347033548751 0.1022
-7.04340899770454 0.1023
-7.04335264728706 0.1024
-7.04328270675067 0.1025
-7.04323126328776 0.1026
-7.04321281851276 0.1027
-7.0432067217033 0.1028
-7.04319917178119 0.1029
-7.04321513044468 0.103
-7.04323702139932 0.1031
-7.04327127478224 0.1032
-7.04331489926555 0.1033
-7.04337912591724 0.1034
-7.04346137116344 0.1035
-7.04355353935052 0.1036
-7.04365548341943 0.1037
-7.04378792144635 0.1038
-7.04391406683891 0.1039
-7.04403369954905 0.104
-7.04414257115268 0.1041
-7.04424206465414 0.1042
-7.04434738360694 0.1043
-7.04443644094045 0.1044
-7.04452131992199 0.1045
-7.0445751133786 0.1046
-7.04463012652923 0.1047
-7.04466835286723 0.1048
-7.04469411594747 0.1049
-7.04470238146871 0.105
-7.0447045087911 0.1051
-7.04470839789672 0.1052
-7.0447126912348 0.1053
-7.04472325135079 0.1054
-7.04473979628589 0.1055
-7.04475355967704 0.1056
-7.0447764443015 0.1057
-7.04478196522225 0.1058
-7.04478871617471 0.1059
-7.04481620048831 0.106
-7.04485355666506 0.1061
-7.04487903729272 0.1062
-7.04490964128308 0.1063
-7.04493519506615 0.1064
-7.04496397496751 0.1065
-7.04500041974651 0.1066
-7.04503846006555 0.1067
-7.04509170075306 0.1068
-7.04516148046896 0.1069
-7.04523129347656 0.107
-7.04529054350435 0.1071
-7.04535271579692 0.1072
-7.04540150320658 0.1073
-7.04544979015906 0.1074
-7.0455050245819 0.1075
-7.04555400585708 0.1076
-7.04558007062924 0.1077
-7.04557621883294 0.1078
-7.04554540536727 0.1079
-7.04549382460239 0.108
-7.04543003482234 0.1081
-7.04533966081652 0.1082
-7.04523960371424 0.1083
-7.04514591759444 0.1084
-7.04506096838698 0.1085
-7.04497917840713 0.1086
-7.04490931706751 0.1087
-7.04483751420959 0.1088
-7.04477763890306 0.1089
-7.04471424213492 0.109
-7.04464903806848 0.1091
-7.04458800484153 0.1092
-7.04455569644995 0.1093
-7.04454278475629 0.1094
-7.04454220026305 0.1095
-7.04456525409842 0.1096
-7.04459944525486 0.1097
-7.04465298402797 0.1098
-7.04472894231421 0.1099
-7.04479493840668 0.11
-7.04490251127149 0.1101
-7.04501725201805 0.1102
-7.04513986222613 0.1103
-7.04525905671744 0.1104
-7.04536767608563 0.1105
-7.04547261292729 0.1106
-7.04555715811099 0.1107
-7.04562510177101 0.1108
-7.04569102477326 0.1109
-7.04574585081965 0.111
-7.04579502929929 0.1111
-7.04582482724857 0.1112
-7.04582897730705 0.1113
-7.04581515091379 0.1114
-7.04581218358461 0.1115
-7.04581114348537 0.1116
-7.04581413525398 0.1117
-7.0458130205802 0.1118
-7.04581279421475 0.1119
-7.04581081375443 0.112
-7.04578958455957 0.1121
-7.04575687366965 0.1122
-7.04572318412635 0.1123
-7.04568521010763 0.1124
-7.04563691470235 0.1125
-7.04556601967627 0.1126
-7.04548388059363 0.1127
-7.04539971865243 0.1128
-7.04531280175186 0.1129
-7.04524358888683 0.113
-7.04516361405038 0.1131
-7.04508561974965 0.1132
-7.04501904103914 0.1133
-7.04493820215574 0.1134
-7.0448619742561 0.1135
-7.04478046118066 0.1136
-7.04470779035165 0.1137
-7.04463672815307 0.1138
-7.04457307242804 0.1139
-7.0445072980355 0.114
-7.04445588178381 0.1141
-7.04441071099399 0.1142
-7.04437234059153 0.1143
-7.0443287700996 0.1144
-7.04430054630947 0.1145
-7.0442824120701 0.1146
-7.04429186197198 0.1147
-7.04434280821927 0.1148
-7.04440525942517 0.1149
-7.04445634264996 0.115
-7.04451432343207 0.1151
-7.0445619683785 0.1152
-7.04461482584578 0.1153
-7.04465478906255 0.1154
-7.04469169522651 0.1155
-7.04472353230829 0.1156
-7.04476294216964 0.1157
-7.04480434632184 0.1158
-7.04484614002171 0.1159
-7.04488344203132 0.116
-7.04489467447698 0.1161
-7.04489901597035 0.1162
-7.04488943285481 0.1163
-7.04486389379011 0.1164
-7.04482228752791 0.1165
-7.04476061808733 0.1166
-7.04470711590957 0.1167
-7.04463895215488 0.1168
-7.04455442768873 0.1169
-7.04444958773969 0.117
-7.04434479652009 0.1171
-7.04424510572737 0.1172
-7.04417293105282 0.1173
-7.04412936637527 0.1174
-7.04410720246614 0.1175
-7.04407591838624 0.1176
-7.04407630327166 0.1177
-7.04411695527789 0.1178
-7.04416547607957 0.1179
-7.04419996230772 0.118
-7.04423856464305 0.1181
-7.04428643063194 0.1182
-7.04434082844791 0.1183
-7.04438342954599 0.1184
-7.04442438222826 0.1185
-7.04445459571073 0.1186
-7.04446085229537 0.1187
-7.04444720135001 0.1188
-7.0444211281521 0.1189
-7.04437891858548 0.119
-7.04433677833834 0.1191
-7.0442812742384 0.1192
-7.04422055685375 0.1193
-7.04414783770802 0.1194
-7.04407345268241 0.1195
-7.04399919664322 0.1196
-7.04392810020783 0.1197
-7.04385691043495 0.1198
-7.04379038000168 0.1199
-7.04373823605079 0.12
-7.04368976922682 0.1201
-7.04363402242678 0.1202
-7.04358861057411 0.1203
-7.04353351368013 0.1204
-7.04348301363533 0.1205
-7.04343504174221 0.1206
-7.0433910576058 0.1207
-7.04333202835819 0.1208
-7.04325231640181 0.1209
-7.0431756487919 0.121
-7.04309893249388 0.1211
-7.0430200295736 0.1212
-7.04293467598408 0.1213
-7.04282767316849 0.1214
-7.04272087514143 0.1215
-7.04260923699685 0.1216
-7.04248484640106 0.1217
-7.04236153411954 0.1218
-7.0422400745652 0.1219
-7.04212693234259 0.122
-7.04201318119431 0.1221
-7.04191142564291 0.1222
-7.04183082769203 0.1223
-7.04177867275759 0.1224
-7.0417299120094 0.1225
-7.04170294804222 0.1226
-7.04166212013477 0.1227
-7.0416237710516 0.1228
-7.04159403062531 0.1229
-7.04157174749185 0.123
-7.04155440953646 0.1231
-7.0415324461801 0.1232
-7.04152169613091 0.1233
-7.04150984455505 0.1234
-7.04152044460483 0.1235
-7.04153914401069 0.1236
-7.04157599256747 0.1237
-7.04160629191811 0.1238
-7.04164647826737 0.1239
-7.04168971698486 0.124
-7.04172467753559 0.1241
-7.0417631276222 0.1242
-7.0417859628258 0.1243
-7.0418155598188 0.1244
-7.04183312336846 0.1245
-7.04184256009726 0.1246
-7.04183338568614 0.1247
-7.04181399848856 0.1248
-7.0417776448983 0.1249
-7.04173870884439 0.125
-7.04169751899715 0.1251
-7.04166098745636 0.1252
-7.04162020414437 0.1253
-7.04157928405225 0.1254
-7.04152898333856 0.1255
-7.04148692304401 0.1256
-7.04145525517621 0.1257
-7.04142648323941 0.1258
-7.04140141896408 0.1259
-7.04138810601905 0.126
-7.04138220120877 0.1261
-7.04138114713559 0.1262
-7.04139295370794 0.1263
-7.04142507840764 0.1264
-7.04147479451607 0.1265
-7.0415227514101 0.1266
-7.04157766764381 0.1267
-7.04165076981064 0.1268
-7.04172790765654 0.1269
-7.04181977097151 0.127
-7.04191731947967 0.1271
-7.04202207382184 0.1272
-7.04211456664732 0.1273
-7.04220307662618 0.1274
-7.04229597339412 0.1275
-7.04238706942922 0.1276
-7.04248704360402 0.1277
-7.04259024416735 0.1278
-7.04267955411946 0.1279
-7.04276780496327 0.128
-7.04283707910166 0.1281
-7.04287514098888 0.1282
-7.04289500480258 0.1283
-7.04289796783408 0.1284
-7.04288787849765 0.1285
-7.04284375024069 0.1286
-7.04279481988973 0.1287
-7.04273269883196 0.1288
-7.04265280362539 0.1289
-7.04256821367124 0.129
-7.04247597847994 0.1291
-7.04237426631136 0.1292
-7.04228624672679 0.1293
-7.04220218264423 0.1294
-7.04210919456796 0.1295
-7.04200714687812 0.1296
-7.04190633494373 0.1297
-7.04180536547291 0.1298
-7.04172668180325 0.1299
-7.04165686408059 0.13
-7.04160941347198 0.1301
-7.04156349528533 0.1302
-7.04153639478759 0.1303
-7.04152529260993 0.1304
-7.04153475190951 0.1305
-7.04157080029911 0.1306
-7.04161582331289 0.1307
-7.04167156176276 0.1308
-7.04174910396751 0.1309
-7.04183157054484 0.131
-7.04191709200348 0.1311
-7.04202245331732 0.1312
-7.04212898170841 0.1313
-7.04221423067474 0.1314
-7.04230962043517 0.1315
-7.04240382143811 0.1316
-7.04248343416935 0.1317
-7.04255050783238 0.1318
-7.04260550494335 0.1319
-7.04262465336146 0.132
-7.04262266178938 0.1321
-7.04261021827469 0.1322
-7.04259220890067 0.1323
-7.04255784419214 0.1324
-7.04251127957349 0.1325
-7.04246793839953 0.1326
-7.04241806031241 0.1327
-7.04235464729463 0.1328
-7.04227491006907 0.1329
-7.04217662486033 0.133
-7.04208205719892 0.1331
-7.04198436945597 0.1332
-7.04188695600629 0.1333
-7.04178745714683 0.1334
-7.04167645417184 0.1335
-7.0415657872415 0.1336
-7.04144909266819 0.1337
-7.04132709916524 0.1338
-7.04120101644387 0.1339
-7.04107571965023 0.134
-7.04096665566849 0.1341
-7.0408563843851 0.1342
-7.04076057011164 0.1343
-7.04069359621964 0.1344
-7.04064260541203 0.1345
-7.04060837382919 0.1346
-7.04059820379178 0.1347
-7.04060785351975 0.1348
-7.04063515316662 0.1349
-7.04065290367765 0.135
-7.0406865357262 0.1351
-7.04071869603715 0.1352
-7.04073830290144 0.1353
-7.04078142401719 0.1354
-7.04083058128693 0.1355
-7.04087181772925 0.1356
-7.04090759674241 0.1357
-7.04093723576737 0.1358
-7.04096566383462 0.1359
-7.04098360892661 0.136
-7.04098420975094 0.1361
-7.04096896287165 0.1362
-7.04094904094115 0.1363
-7.04091263061282 0.1364
-7.04086332481092 0.1365
-7.0407992101201 0.1366
-7.04071211901334 0.1367
-7.04063484430962 0.1368
-7.04055299719187 0.1369
-7.04047765524092 0.137
-7.04039599177608 0.1371
-7.04030931840593 0.1372
-7.04021889740851 0.1373
-7.04015008807286 0.1374
-7.04008268641912 0.1375
-7.04000668809218 0.1376
-7.03995294879869 0.1377
-7.03992130354911 0.1378
-7.03989993784125 0.1379
-7.03988693773877 0.138
-7.03988290128425 0.1381
-7.03989336208115 0.1382
-7.03991184981771 0.1383
-7.03994223276908 0.1384
-7.03996922527846 0.1385
-7.04000882995744 0.1386
-7.04004859522745 0.1387
-7.04009936260057 0.1388
-7.0401379206537 0.1389
-7.04016165091481 0.139
-7.04017337523766 0.1391
-7.04017871324457 0.1392
-7.04017005543562 0.1393
-7.04017703342651 0.1394
-7.04017850420209 0.1395
-7.04017773054833 0.1396
-7.04014763861871 0.1397
-7.04011114744232 0.1398
-7.04007332054184 0.1399
-7.04004258494215 0.14
-7.04001606855355 0.1401
-7.03999123743933 0.1402
-7.03995722449511 0.1403
-7.03991204368168 0.1404
-7.03987672580439 0.1405
-7.03983959700173 0.1406
-7.03981014559931 0.1407
-7.03977987817074 0.1408
-7.03975933162396 0.1409
-7.03974746616932 0.141
-7.03975649519779 0.1411
-7.03976345928757 0.1412
-7.03977442405882 0.1413
-7.03978689751814 0.1414
-7.0398129372272 0.1415
-7.03983244710646 0.1416
-7.03985408489411 0.1417
-7.03986441666561 0.1418
-7.03987773286796 0.1419
-7.03989558231268 0.142
-7.03991187892158 0.1421
-7.03994367355519 0.1422
-7.03997943921255 0.1423
-7.04000528059881 0.1424
-7.04001851438863 0.1425
-7.04003413604739 0.1426
-7.04005365858634 0.1427
-7.0400727067873 0.1428
-7.04010248229582 0.1429
-7.04012657059957 0.143
-7.04014574613152 0.1431
-7.04016404656264 0.1432
-7.04019132763344 0.1433
-7.04021841075493 0.1434
-7.04024987893267 0.1435
-7.04028231638643 0.1436
-7.0403101409778 0.1437
-7.04033702611939 0.1438
-7.04037001054172 0.1439
-7.04039260437488 0.144
-7.04041564859783 0.1441
-7.04042678155985 0.1442
-7.04044541929645 0.1443
-7.04045556233141 0.1444
-7.04045268139901 0.1445
-7.0404353498838 0.1446
-7.04040140380971 0.1447
-7.04036450918186 0.1448
-7.04033234148227 0.1449
-7.04030703494891 0.145
-7.04026357973187 0.1451
-7.04022097346335 0.1452
-7.04018143546166 0.1453
-7.04014597374435 0.1454
-7.04011454769405 0.1455
-7.04005916055085 0.1456
-7.03999644443665 0.1457
-7.03992722905513 0.1458
-7.03985353561622 0.1459
-7.03977031801326 0.146
-7.03967313495092 0.1461
-7.03956540055176 0.1462
-7.03944883321311 0.1463
-7.03934588578599 0.1464
-7.03925872992404 0.1465
-7.03919003724748 0.1466
-7.03912471686246 0.1467
-7.03905720263731 0.1468
-7.03898167805727 0.1469
-7.03890790624556 0.147
-7.03882117654875 0.1471
-7.03873392114278 0.1472
-7.03865861001489 0.1473
-7.03859356864463 0.1474
-7.03855620604459 0.1475
-7.0385211369528 0.1476
-7.0384830811006 0.1477
-7.03846847376806 0.1478
-7.03845304157588 0.1479
-7.03844727887304 0.148
-7.03841627480473 0.1481
-7.03838871000703 0.1482
-7.03837023138132 0.1483
-7.03835108676109 0.1484
-7.0383333133025 0.1485
-7.03830403040067 0.1486
-7.03825304570481 0.1487
-7.03819632700443 0.1488
-7.03816107360634 0.1489
-7.03813608333378 0.149
-7.0381309898797 0.1491
-7.03812628156175 0.1492
-7.03811768012852 0.1493
-7.0381155431312 0.1494
-7.03811328311959 0.1495
-7.03810121947959 0.1496
-7.03808676122217 0.1497
-7.03806645748479 0.1498
-7.03806011832568 0.1499
-7.03805802816512 0.15
-7.03806686526846 0.1501
-7.03809495720754 0.1502
-7.03811691456941 0.1503
-7.03813883429805 0.1504
-7.03815790011919 0.1505
-7.03819287203756 0.1506
-7.03824730225196 0.1507
-7.03831607144058 0.1508
-7.03840907953388 0.1509
-7.03849040582114 0.151
-7.03856468688902 0.1511
-7.03863301358985 0.1512
-7.03868983257145 0.1513
-7.03873729641904 0.1514
-7.0387903657019 0.1515
-7.03883571071689 0.1516
-7.03887910597132 0.1517
-7.03891794481789 0.1518
-7.03895221143709 0.1519
-7.0389867395313 0.152
-7.0390210845603 0.1521
-7.03903476192851 0.1522
-7.03903561580597 0.1523
-7.03902485453448 0.1524
-7.03900357776598 0.1525
-7.03897662324565 0.1526
-7.03894841294131 0.1527
-7.03890311814291 0.1528
-7.03884337314564 0.1529
-7.03878772510968 0.153
-7.0387299215101 0.1531
-7.03868786221944 0.1532
-7.03864554602523 0.1533
-7.03861680301665 0.1534
-7.03858538071344 0.1535
-7.03856602529355 0.1536
-7.03854862827091 0.1537
-7.03854480636699 0.1538
-7.03853061497099 0.1539
-7.03850507890322 0.154
-7.03850226021892 0.1541
-7.03851217436635 0.1542
-7.03852862855218 0.1543
-7.03857230276982 0.1544
-7.0386335345201 0.1545
-7.0386774608278 0.1546
-7.03872642397841 0.1547
-7.03877737605755 0.1548
-7.03883054917141 0.1549
-7.03888834863213 0.155
-7.03894355995744 0.1551
-7.03900083932776 0.1552
-7.0390405571594 0.1553
-7.03906825510269 0.1554
-7.03910978751159 0.1555
-7.03916324196737 0.1556
-7.03920949042928 0.1557
-7.03924004699234 0.1558
-7.0392527175146 0.1559
-7.03924879433376 0.156
-7.03923782825633 0.1561
-7.03921098484254 0.1562
-7.03917423044028 0.1563
-7.03911243398522 0.1564
-7.03906060005386 0.1565
-7.03902291567976 0.1566
-7.03896468546009 0.1567
-7.0389064613223 0.1568
-7.03885109072437 0.1569
-7.03879743323049 0.157
-7.03874791791258 0.1571
-7.03869053654312 0.1572
-7.0386394704684 0.1573
-7.03859457470952 0.1574
-7.0385679019218 0.1575
-7.03856099950812 0.1576
-7.03855910809439 0.1577
-7.0385657896636 0.1578
-7.03857617658659 0.1579
-7.03859172287867 0.158
-7.03861326889033 0.1581
-7.03864566451168 0.1582
-7.03867197117904 0.1583
-7.03869199444394 0.1584
-7.03870581795776 0.1585
-7.03870637829387 0.1586
-7.03870074664252 0.1587
-7.03867703605207 0.1588
-7.03864378180494 0.1589
-7.03860660319738 0.159
-7.03856637288862 0.1591
-7.03852179055785 0.1592
-7.03848129445977 0.1593
-7.03847401590759 0.1594
-7.03847611231672 0.1595
-7.03849648270527 0.1596
-7.03853573176334 0.1597
-7.03857784941128 0.1598
-7.03862910732714 0.1599
-7.03866710602571 0.16
-7.03870427762133 0.1601
-7.03874351181399 0.1602
-7.03878769055065 0.1603
-7.03883481652457 0.1604
-7.03887439612439 0.1605
-7.03889679568857 0.1606
-7.03892260522928 0.1607
-7.03893114167766 0.1608
-7.03892926590782 0.1609
-7.03891250812157 0.161
-7.03888629773163 0.1611
-7.03885386718686 0.1612
-7.03881058922295 0.1613
-7.03872728114753 0.1614
-7.03866097442245 0.1615
-7.03858914111039 0.1616
-7.0385281745002 0.1617
-7.03847003040285 0.1618
-7.03840952119936 0.1619
-7.03835408636342 0.162
-7.03831239576298 0.1621
-7.03829946582452 0.1622
-7.03830659075453 0.1623
-7.03831953925707 0.1624
-7.03833594301805 0.1625
-7.03837259301897 0.1626
-7.03843246285462 0.1627
-7.0385109280404 0.1628
-7.03862438564057 0.1629
-7.0387470836035 0.163
-7.03888091044708 0.1631
-7.03901863641802 0.1632
-7.03914420207762 0.1633
-7.03925398856015 0.1634
-7.03935211299673 0.1635
-7.03944725372105 0.1636
-7.03954696019415 0.1637
-7.03964134104885 0.1638
-7.03973258981139 0.1639
-7.03980537164444 0.164
-7.03986372139819 0.1641
-7.03989999179784 0.1642
-7.03991860906131 0.1643
-7.03992929294797 0.1644
-7.03993210490461 0.1645
-7.03992495633648 0.1646
-7.03990904921856 0.1647
-7.03986936193378 0.1648
-7.03981833117334 0.1649
-7.03977479458711 0.165
-7.03973838004137 0.1651
-7.03970327788012 0.1652
-7.03966742366257 0.1653
-7.03964049354228 0.1654
-7.03962484821515 0.1655
-7.03963378363354 0.1656
-7.03965931899201 0.1657
-7.03969555492714 0.1658
-7.03974944626998 0.1659
-7.03982338891217 0.166
-7.03991044271563 0.1661
-7.03999929665822 0.1662
-7.04010031244479 0.1663
-7.04020821775785 0.1664
-7.04031541750598 0.1665
-7.04042816155774 0.1666
-7.04051891426716 0.1667
-7.04057797791093 0.1668
-7.0406149846118 0.1669
-7.04064574983048 0.167
-7.04065946792005 0.1671
-7.04066210765257 0.1672
-7.04065088433038 0.1673
-7.04062669969664 0.1674
-7.04057241323109 0.1675
-7.04050045037219 0.1676
-7.04042093896382 0.1677
-7.04032269171392 0.1678
-7.04022287084078 0.1679
-7.04011642958545 0.168
-7.04001431994295 0.1681
-7.03991968418253 0.1682
-7.0398278407118 0.1683
-7.03973502911451 0.1684
-7.03967927288338 0.1685
-7.0396349417475 0.1686
-7.039596863933 0.1687
-7.03955728295096 0.1688
-7.03952252049213 0.1689
-7.03949412776976 0.169
-7.03947810109188 0.1691
-7.03945974941974 0.1692
-7.03943779616429 0.1693
-7.03942894344061 0.1694
-7.03942957099621 0.1695
-7.03944465836052 0.1696
-7.03945209427801 0.1697
-7.03945374280228 0.1698
-7.03945143234808 0.1699
-7.03944224080834 0.17
-7.0394449950275 0.1701
-7.03946376071729 0.1702
-7.03947546167628 0.1703
-7.03949288922423 0.1704
-7.0395132568882 0.1705
-7.0395347157088 0.1706
-7.039535830368 0.1707
-7.03953247734207 0.1708
-7.03953026178203 0.1709
-7.03953378340994 0.171
-7.03954309678203 0.1711
-7.03954055784389 0.1712
-7.0395285385396 0.1713
-7.03947844950384 0.1714
-7.03942046226028 0.1715
-7.03935126662476 0.1716
-7.03926785323142 0.1717
-7.03916881620803 0.1718
-7.03904775156697 0.1719
-7.03891338185866 0.172
-7.03878042314973 0.1721
-7.03866025801854 0.1722
-7.03854236149309 0.1723
-7.03844042137137 0.1724
-7.03835785467806 0.1725
-7.03829381966279 0.1726
-7.03824945283947 0.1727
-7.03823838533287 0.1728
-7.03825759713706 0.1729
-7.03829723080542 0.173
-7.0383608581671 0.1731
-7.03845262199774 0.1732
-7.03855417677899 0.1733
-7.03867010449162 0.1734
-7.03879909602475 0.1735
-7.0389358523836 0.1736
-7.03905609126869 0.1737
-7.03919266210555 0.1738
-7.03931788427018 0.1739
-7.03944516369157 0.174
-7.03956587202059 0.1741
-7.03969251345336 0.1742
-7.03980185891914 0.1743
-7.03990120445381 0.1744
-7.03999070354163 0.1745
-7.04008337535846 0.1746
-7.040162009222 0.1747
-7.04021876911424 0.1748
-7.04025278760578 0.1749
-7.04029208479712 0.175
-7.04033392592989 0.1751
-7.04036615409612 0.1752
-7.0403867843513 0.1753
-7.04040022564543 0.1754
-7.0404119503469 0.1755
-7.04041078461476 0.1756
-7.04039923274755 0.1757
-7.04038089869009 0.1758
-7.04036780052833 0.1759
-7.04036159829412 0.176
-7.04035848952986 0.1761
-7.0403505320329 0.1762
-7.04036694593297 0.1763
-7.04037261472252 0.1764
-7.04039655527294 0.1765
-7.04041494674206 0.1766
-7.04044718479228 0.1767
-7.04046379300919 0.1768
-7.04048251533789 0.1769
-7.04050001527888 0.177
-7.04052456182799 0.1771
-7.04052743279915 0.1772
-7.04054115208594 0.1773
-7.04054668988374 0.1774
-7.04053046052046 0.1775
-7.04050866692066 0.1776
-7.04046948766419 0.1777
-7.04042306431851 0.1778
-7.04036206095367 0.1779
-7.04029199690287 0.178
-7.04020326688727 0.1781
-7.04011115112311 0.1782
-7.04001837618717 0.1783
-7.03993695428793 0.1784
-7.03986534550998 0.1785
-7.03979301215485 0.1786
-7.03973224534747 0.1787
-7.03968539341736 0.1788
-7.03965118531702 0.1789
-7.03963528736369 0.179
-7.03961668196917 0.1791
-7.03961617671411 0.1792
-7.0396385953327 0.1793
-7.03966462555677 0.1794
-7.03970657356489 0.1795
-7.03974300630307 0.1796
-7.03978122001501 0.1797
-7.03981946471227 0.1798
-7.03984995358791 0.1799
-7.03988041338458 0.18
-7.03992578510953 0.1801
-7.03995612389869 0.1802
-7.03997393498271 0.1803
-7.03994984525456 0.1804
-7.03992435790301 0.1805
-7.03990219944001 0.1806
-7.03986767718805 0.1807
-7.03982369113782 0.1808
-7.03976200852288 0.1809
-7.03968846942546 0.181
-7.03960255026442 0.1811
-7.03951295716318 0.1812
-7.03940489395726 0.1813
-7.0393021322244 0.1814
-7.03920090213649 0.1815
-7.03907742960799 0.1816
-7.03896596671791 0.1817
-7.03886668705439 0.1818
-7.03878136965885 0.1819
-7.03869847101069 0.182
-7.03863691871663 0.1821
-7.0385716408451 0.1822
-7.03848396661163 0.1823
-7.03840314720176 0.1824
-7.03832921388437 0.1825
-7.03826059209014 0.1826
-7.03819504196713 0.1827
-7.03814067857537 0.1828
-7.03810697787326 0.1829
-7.038081504555 0.183
-7.03807018788823 0.1831
-7.03804467647139 0.1832
-7.0380063058159 0.1833
-7.03797729135679 0.1834
-7.03796335499184 0.1835
-7.03795612899448 0.1836
-7.03796936701408 0.1837
-7.03798581455801 0.1838
-7.03801019790403 0.1839
-7.03805401531258 0.184
-7.03810237086175 0.1841
-7.03812888287346 0.1842
-7.03814196627458 0.1843
-7.03814395419343 0.1844
-7.03815292279858 0.1845
-7.03813850898521 0.1846
-7.03811860490811 0.1847
-7.03809871540295 0.1848
-7.03805532239027 0.1849
-7.0380164747042 0.185
-7.03797372408136 0.1851
-7.03791880896914 0.1852
-7.03787367817732 0.1853
-7.03780350037193 0.1854
-7.0377276981973 0.1855
-7.03768169233042 0.1856
-7.03761849305683 0.1857
-7.03755914920717 0.1858
-7.03749118547378 0.1859
-7.03742096442005 0.186
-7.03734358706716 0.1861
-7.0372569908228 0.1862
-7.03719748401896 0.1863
-7.03713039967217 0.1864
-7.03704316657838 0.1865
-7.03696663463094 0.1866
-7.03689909261263 0.1867
-7.03683351967812 0.1868
-7.03675851945752 0.1869
-7.03665880146798 0.187
-7.0365345466374 0.1871
-7.03640794460954 0.1872
-7.03626399257902 0.1873
-7.036120949231 0.1874
-7.0359718022686 0.1875
-7.03582094032771 0.1876
-7.0356725744599 0.1877
-7.03552949152672 0.1878
-7.03540774947684 0.1879
-7.03530004477774 0.188
-7.03519929853892 0.1881
-7.03510455205601 0.1882
-7.03500861322866 0.1883
-7.03492656818639 0.1884
-7.03488925223468 0.1885
-7.03486618966351 0.1886
-7.03486342423527 0.1887
-7.03487844179538 0.1888
-7.03490125752623 0.1889
-7.0349384607066 0.189
-7.0349848394699 0.1891
-7.03503683881688 0.1892
-7.03509832471178 0.1893
-7.03517090622422 0.1894
-7.03524808591598 0.1895
-7.0353373847764 0.1896
-7.03543842111211 0.1897
-7.03553241071761 0.1898
-7.03562673813161 0.1899
-7.03573061120643 0.19
-7.03584334067216 0.1901
-7.03593717929312 0.1902
-7.03601552853046 0.1903
-7.03610539317834 0.1904
-7.03619986992268 0.1905
-7.03627860457045 0.1906
-7.03635480951079 0.1907
-7.03642852414277 0.1908
-7.03647753420872 0.1909
-7.03651480576446 0.191
-7.03653733291426 0.1911
-7.03654565584269 0.1912
-7.03654124164423 0.1913
-7.03652714101691 0.1914
-7.03651287933273 0.1915
-7.03649172681766 0.1916
-7.03646277388528 0.1917
-7.03643124718839 0.1918
-7.03642848443577 0.1919
-7.03643729406176 0.192
-7.03644943471006 0.1921
-7.0364788755478 0.1922
-7.03651100834739 0.1923
-7.0365474127441 0.1924
-7.03658169988395 0.1925
-7.03659225500489 0.1926
-7.03659978562812 0.1927
-7.03661291762202 0.1928
-7.03661631335668 0.1929
-7.03661465447014 0.193
-7.03662228126352 0.1931
-7.03663935800927 0.1932
-7.0366629821032 0.1933
-7.03667218353064 0.1934
-7.03666550562065 0.1935
-7.03664496647055 0.1936
-7.03662620679511 0.1937
-7.03660963989683 0.1938
-7.03660551809238 0.1939
-7.03658836870565 0.194
-7.03659356568494 0.1941
-7.03662006378992 0.1942
-7.03664023904378 0.1943
-7.03666866003914 0.1944
-7.03674623590797 0.1945
-7.03683823377953 0.1946
-7.03694077632002 0.1947
-7.03705392904512 0.1948
-7.03716725538728 0.1949
-7.03726941107304 0.195
-7.03736041650142 0.1951
-7.03745276570799 0.1952
-7.03753489251758 0.1953
-7.03761965835542 0.1954
-7.03768983535092 0.1955
-7.03775547907581 0.1956
-7.0378302445023 0.1957
-7.03788171542155 0.1958
-7.03791466807287 0.1959
-7.03793051525813 0.196
-7.03794392972727 0.1961
-7.03794324025253 0.1962
-7.03791873067623 0.1963
-7.03786616940286 0.1964
-7.03780563434453 0.1965
-7.0377338383781 0.1966
-7.0376468719235 0.1967
-7.03755211244559 0.1968
-7.0374681519836 0.1969
-7.03738376003211 0.197
-7.03729699426099 0.1971
-7.03720580750419 0.1972
-7.0371073575149 0.1973
-7.03699491508819 0.1974
-7.03690709121856 0.1975
-7.03682512474564 0.1976
-7.03673589264081 0.1977
-7.03665006297005 0.1978
-7.0365831907271 0.1979
-7.03653064058344 0.198
-7.03647531024952 0.1981
-7.03640109023403 0.1982
-7.03632680574307 0.1983
-7.03626066076995 0.1984
-7.03619819501308 0.1985
-7.03613312369224 0.1986
-7.03605220382013 0.1987
-7.03596917396691 0.1988
-7.03588238610593 0.1989
-7.03580151492114 0.199
-7.03571487204893 0.1991
-7.03561709932182 0.1992
-7.03549934957137 0.1993
-7.03538499590412 0.1994
-7.03527423706176 0.1995
-7.03517826092034 0.1996
-7.03507876256768 0.1997
-7.03497522842649 0.1998
-7.0348596775059 0.1999
-7.03473946632345 0.2
-7.03461788078023 0.2001
-7.03450644093138 0.2002
-7.03439561879783 0.2003
-7.03429358399574 0.2004
-7.03419901305807 0.2005
-7.0341091553417 0.2006
-7.03404704358828 0.2007
-7.03399944055254 0.2008
-7.03397022605802 0.2009
-7.0339528933067 0.201
-7.03394635748093 0.2011
-7.0339546195169 0.2012
-7.03398701060763 0.2013
-7.03404628126524 0.2014
-7.03412206968296 0.2015
-7.03419587517599 0.2016
-7.03429482699351 0.2017
-7.03438315615333 0.2018
-7.03446072376858 0.2019
-7.03453280227054 0.202
-7.03459620549596 0.2021
-7.03466133293457 0.2022
-7.03473042194287 0.2023
-7.03479210098217 0.2024
-7.03485170342936 0.2025
-7.03491259058976 0.2026
-7.03497083764765 0.2027
-7.03503018289578 0.2028
-7.03508126928489 0.2029
-7.03512191660505 0.203
-7.03515374223173 0.2031
-7.03517169382632 0.2032
-7.03518042635582 0.2033
-7.03518548355934 0.2034
-7.03519393195894 0.2035
-7.0352113139684 0.2036
-7.03522114779171 0.2037
-7.03522960612463 0.2038
-7.03524283291831 0.2039
-7.03526866129107 0.204
-7.03529787721701 0.2041
-7.03533389931833 0.2042
-7.03538137392945 0.2043
-7.0354243524396 0.2044
-7.03547182206622 0.2045
-7.03551959269305 0.2046
-7.03555385791356 0.2047
-7.03560657675471 0.2048
-7.03564299724372 0.2049
-7.03567944918262 0.205
-7.03572886050293 0.2051
-7.03577445932413 0.2052
-7.03581892342383 0.2053
-7.03587488279099 0.2054
-7.03592783050256 0.2055
-7.03598329686372 0.2056
-7.03603969537547 0.2057
-7.03608594741874 0.2058
-7.03614141049384 0.2059
-7.03618393488014 0.206
-7.03624265108649 0.2061
-7.03628455917947 0.2062
-7.03631752744027 0.2063
-7.03634562356773 0.2064
-7.03634763310484 0.2065
-7.03635534653092 0.2066
-7.03635662346965 0.2067
-7.03636600818948 0.2068
-7.03636648206629 0.2069
-7.03636355360483 0.207
-7.03636089228571 0.2071
-7.03635323827165 0.2072
-7.03631255180447 0.2073
-7.03627395998612 0.2074
-7.03624257120362 0.2075
-7.03621312837747 0.2076
-7.03617663594768 0.2077
-7.03615660688098 0.2078
-7.03614768542738 0.2079
-7.03612401823128 0.208
-7.03609523116059 0.2081
-7.03606707146102 0.2082
-7.03603438511762 0.2083
-7.03600479602637 0.2084
-7.03599053160648 0.2085
-7.03597131874391 0.2086
-7.03596067557489 0.2087
-7.03592942766135 0.2088
-7.03589332214126 0.2089
-7.03585744154976 0.209
-7.03580589412106 0.2091
-7.03574047292788 0.2092
-7.03569166402701 0.2093
-7.03563517656018 0.2094
-7.03559107031201 0.2095
-7.03554959069705 0.2096
-7.0355206897983 0.2097
-7.03549637856164 0.2098
-7.03545878392107 0.2099
-7.03542910763872 0.21
-7.03539189362535 0.2101
-7.03533846795179 0.2102
-7.03526284769221 0.2103
-7.03519399165837 0.2104
-7.03510912731482 0.2105
-7.03502977653416 0.2106
-7.03493296523056 0.2107
-7.03481730335102 0.2108
-7.03468320302202 0.2109
-7.03455799020027 0.211
-7.03443029177113 0.2111
-7.03430688503564 0.2112
-7.03419898687395 0.2113
-7.03410578956078 0.2114
-7.03402596167388 0.2115
-7.03397839183316 0.2116
-7.03393838695539 0.2117
-7.0338925082735 0.2118
-7.03385468724183 0.2119
-7.03382464812678 0.212
-7.03379714418904 0.2121
-7.03377262316512 0.2122
-7.03375455686394 0.2123
-7.03374719622428 0.2124
-7.03375319352241 0.2125
-7.03378416007754 0.2126
-7.03382807278288 0.2127
-7.03388423122591 0.2128
-7.03395821337437 0.2129
-7.03403263112972 0.213
-7.03411079841157 0.2131
-7.03420720435741 0.2132
-7.03430696262867 0.2133
-7.03441320859418 0.2134
-7.03451665228708 0.2135
-7.03460035940101 0.2136
-7.03468395740502 0.2137
-7.03476144679362 0.2138
-7.03484503510188 0.2139
-7.03491264565655 0.214
-7.03496635988643 0.2141
-7.03497776195274 0.2142
-7.03498256908049 0.2143
-7.03496902437804 0.2144
-7.03493314105845 0.2145
-7.03487722007199 0.2146
-7.03480105408456 0.2147
-7.03471416091072 0.2148
-7.03461639579491 0.2149
-7.03451089295085 0.215
-7.03439349457598 0.2151
-7.03430111083896 0.2152
-7.03420807207967 0.2153
-7.03411892784453 0.2154
-7.03403573390573 0.2155
-7.03396971823319 0.2156
-7.03392495572747 0.2157
-7.03387016517656 0.2158
-7.03383978014654 0.2159
-7.03382830855762 0.216
-7.03382417790523 0.2161
-7.03385132557294 0.2162
-7.0339039932743 0.2163
-7.0339578042505 0.2164
-7.03402700668312 0.2165
-7.03411950898565 0.2166
-7.03421946516183 0.2167
-7.03432858136151 0.2168
-7.03443560736069 0.2169
-7.03454487143175 0.217
-7.03466781458136 0.2171
-7.03479349003341 0.2172
-7.03491518790773 0.2173
-7.0350210564121 0.2174
-7.03512104248223 0.2175
-7.03523332857551 0.2176
-7.03531865226766 0.2177
-7.0353964085159 0.2178
-7.03545094391424 0.2179
-7.03551048853954 0.218
-7.03554080365951 0.2181
-7.03556086952908 0.2182
-7.03557995296524 0.2183
-7.03558186958239 0.2184
-7.03557040769314 0.2185
-7.03554334278338 0.2186
-7.03552074124534 0.2187
-7.03548730066223 0.2188
-7.03546347100456 0.2189
-7.03541467294188 0.219
-7.03536226178897 0.2191
-7.03531032380024 0.2192
-7.03525104743626 0.2193
-7.03518593724838 0.2194
-7.03510326136673 0.2195
-7.0350269433729 0.2196
-7.03493130219013 0.2197
-7.03485954963635 0.2198
-7.03479785789471 0.2199
-7.03475841564784 0.22
-7.03470135124634 0.2201
-7.03463461107507 0.2202
-7.03457526689265 0.2203
-7.03451632889257 0.2204
-7.03446889628472 0.2205
-7.03442603831223 0.2206
-7.03439314355987 0.2207
-7.03436964617713 0.2208
-7.03434451276856 0.2209
-7.03433277702374 0.221
-7.03432209458501 0.2211
-7.03431465774192 0.2212
-7.03429698181217 0.2213
-7.03429873507433 0.2214
-7.03429608025006 0.2215
-7.03428469704376 0.2216
-7.03426412271956 0.2217
-7.0342304923221 0.2218
-7.03417220333753 0.2219
-7.03413182997289 0.222
-7.03408320296332 0.2221
-7.03402420900609 0.2222
-7.03395651647668 0.2223
-7.03388243581679 0.2224
-7.03382136912609 0.2225
-7.03374100319851 0.2226
-7.03367293631465 0.2227
-7.03358089912783 0.2228
-7.0334756754754 0.2229
-7.03336488167411 0.223
-7.03324933360668 0.2231
-7.03312643897876 0.2232
-7.03300500895336 0.2233
-7.03288567526411 0.2234
-7.03276908595326 0.2235
-7.03267935263263 0.2236
-7.03260380584809 0.2237
-7.03252413107902 0.2238
-7.032442244616 0.2239
-7.03238257631549 0.224
-7.03233638036988 0.2241
-7.03228931395962 0.2242
-7.03223811412866 0.2243
-7.0322002468454 0.2244
-7.03215305750669 0.2245
-7.03209816037214 0.2246
-7.03205988455444 0.2247
-7.03202451470697 0.2248
-7.03199303199363 0.2249
-7.03197517548694 0.225
-7.03197322752496 0.2251
-7.03197210812571 0.2252
-7.03196401010111 0.2253
-7.03196893692838 0.2254
-7.03197547340565 0.2255
-7.03200278429622 0.2256
-7.03205625579385 0.2257
-7.03211661908617 0.2258
-7.03218331005261 0.2259
-7.03225893037616 0.226
-7.03234382434511 0.2261
-7.03244786434875 0.2262
-7.03255042294611 0.2263
-7.0326482996507 0.2264
-7.03274149407353 0.2265
-7.03280563560109 0.2266
-7.03288133602546 0.2267
-7.03296928665886 0.2268
-7.03305133266463 0.2269
-7.03311713531213 0.227
-7.0331686929148 0.2271
-7.03323148876437 0.2272
-7.03328296698837 0.2273
-7.03332146461721 0.2274
-7.03338016270333 0.2275
-7.03344241714726 0.2276
-7.03351093500561 0.2277
-7.03358173645709 0.2278
-7.03364462359015 0.2279
-7.03371121491991 0.228
-7.03377671072161 0.2281
-7.03383569475918 0.2282
-7.03388704391616 0.2283
-7.03393824511221 0.2284
-7.03397647942852 0.2285
-7.03401531523869 0.2286
-7.03403686889544 0.2287
-7.03405317224798 0.2288
-7.03405872736203 0.2289
-7.03406160548499 0.229
-7.03405389644316 0.2291
-7.03402466148192 0.2292
-7.03398337956881 0.2293
-7.03393719279916 0.2294
-7.03388823090885 0.2295
-7.03383836915238 0.2296
-7.0337838158838 0.2297
-7.03371205909394 0.2298
-7.03362824876621 0.2299
-7.03354678219481 0.23
-7.03345961243464 0.2301
-7.03337318311297 0.2302
-7.03329306773397 0.2303
-7.0332139257914 0.2304
-7.03313119580599 0.2305
-7.03304584259942 0.2306
-7.03294842432033 0.2307
-7.03284571283804 0.2308
-7.03275133655338 0.2309
-7.03264806850929 0.231
-7.03254164673605 0.2311
-7.03243520857904 0.2312
-7.03233371188003 0.2313
-7.03223663261341 0.2314
-7.03212577699725 0.2315
-7.03201306196964 0.2316
-7.03191122339024 0.2317
-7.03181112123296 0.2318
-7.03171777269989 0.2319
-7.03163641549893 0.232
-7.03157232065425 0.2321
-7.0315227761259 0.2322
-7.0315027352343 0.2323
-7.03149184231954 0.2324
-7.03150310878713 0.2325
-7.03153408754804 0.2326
-7.03157471801728 0.2327
-7.03164452544481 0.2328
-7.03171106561596 0.2329
-7.0317842238748 0.233
-7.03186749116163 0.2331
-7.03193805813795 0.2332
-7.03202650913036 0.2333
-7.03213703372662 0.2334
-7.03224374625354 0.2335
-7.03234874444744 0.2336
-7.03246746341872 0.2337
-7.03257247590937 0.2338
-7.03267038418055 0.2339
-7.03276623868566 0.234
-7.03286553349534 0.2341
-7.03295721760919 0.2342
-7.03304335531658 0.2343
-7.03311937431397 0.2344
-7.03319228216878 0.2345
-7.03326517256841 0.2346
-7.03331397023879 0.2347
-7.03335494358055 0.2348
-7.03339308688294 0.2349
-7.03343467708197 0.235
-7.03345722737774 0.2351
-7.03347641961054 0.2352
-7.03351170293157 0.2353
-7.03354262571029 0.2354
-7.03357177964768 0.2355
-7.03359405519458 0.2356
-7.03360627372149 0.2357
-7.03359437557695 0.2358
-7.03358147703245 0.2359
-7.03358426021451 0.236
-7.0335648039433 0.2361
-7.03355121403337 0.2362
-7.03356964717607 0.2363
-7.03360865630976 0.2364
-7.03364981521713 0.2365
-7.03369828963527 0.2366
-7.03376455410598 0.2367
-7.03383828207624 0.2368
-7.03391763746722 0.2369
-7.03398995528116 0.237
-7.03405881299758 0.2371
-7.03411950664967 0.2372
-7.03418747333434 0.2373
-7.0342577950834 0.2374
-7.03434639264055 0.2375
-7.03443983928649 0.2376
-7.03454065439965 0.2377
-7.03463572573946 0.2378
-7.03474380254978 0.2379
-7.03484262871413 0.238
-7.03493414775273 0.2381
-7.03500460282272 0.2382
-7.03507259912781 0.2383
-7.03514479032419 0.2384
-7.03521832998481 0.2385
-7.03526321867172 0.2386
-7.03528392098241 0.2387
-7.03528704082965 0.2388
-7.03529205142671 0.2389
-7.03526750063614 0.239
-7.03520515757702 0.2391
-7.03511264382415 0.2392
-7.03499373056647 0.2393
-7.03485116734241 0.2394
-7.03467035829944 0.2395
-7.03448849046538 0.2396
-7.03428220259312 0.2397
-7.034043931637 0.2398
-7.03379043468437 0.2399
-7.03353882445391 0.24
-7.03330956756443 0.2401
-7.0330895270962 0.2402
-7.03288643842648 0.2403
-7.03268798621541 0.2404
-7.0325027923107 0.2405
-7.03233176928748 0.2406
-7.03218273402342 0.2407
-7.03205165273864 0.2408
-7.03193798267582 0.2409
-7.03183819165913 0.241
-7.03175491000836 0.2411
-7.03167516733803 0.2412
-7.03161017882326 0.2413
-7.03155148032938 0.2414
-7.03149175673781 0.2415
-7.03145143716398 0.2416
-7.03140938390247 0.2417
-7.03135902154576 0.2418
-7.03130619062873 0.2419
-7.03125567948447 0.242
-7.03120041378731 0.2421
-7.03115900010128 0.2422
-7.03111312381905 0.2423
-7.03104943361708 0.2424
-7.03096401503655 0.2425
-7.03088083665861 0.2426
-7.03080943704188 0.2427
-7.0307294380887 0.2428
-7.03066562911768 0.2429
-7.03059161469094 0.243
-7.03053395185561 0.2431
-7.03049105933288 0.2432
-7.03047022013476 0.2433
-7.03046984261407 0.2434
-7.03046729508579 0.2435
-7.03046438073084 0.2436
-7.03047237826845 0.2437
-7.03047417440066 0.2438
-7.03047812098783 0.2439
-7.03048613198488 0.244
-7.03046568692445 0.2441
-7.03043963382661 0.2442
-7.03042021129114 0.2443
-7.03040986690514 0.2444
-7.03038027977479 0.2445
-7.03032719554856 0.2446
-7.03026560607518 0.2447
-7.03019464591262 0.2448
-7.03012306417911 0.2449
-7.03005112565746 0.245
-7.0299655770731 0.2451
-7.02988040593565 0.2452
-7.02979688721028 0.2453
-7.02972246260431 0.2454
-7.02965221417284 0.2455
-7.02959058701665 0.2456
-7.02953787527375 0.2457
-7.02949141370339 0.2458
-7.02946070104027 0.2459
-7.02943809028302 0.246
-7.02941636463474 0.2461
-7.02941513297425 0.2462
-7.02941112906122 0.2463
-7.02940709550817 0.2464
-7.0294037661393 0.2465
-7.02939579599246 0.2466
-7.02937824268628 0.2467
-7.02936259558548 0.2468
-7.02935595422373 0.2469
-7.02935736827285 0.247
-7.02935917653913 0.2471
-7.0293449386553 0.2472
-7.02933399454647 0.2473
-7.02931956164265 0.2474
-7.02929556729742 0.2475
-7.02928517227165 0.2476
-7.02926749672517 0.2477
-7.02925126163901 0.2478
-7.02924838302943 0.2479
-7.0292560714454 0.248
-7.02925668175186 0.2481
-7.02926960981437 0.2482
-7.02929363660474 0.2483
-7.02932729309933 0.2484
-7.02937750052291 0.2485
-7.0294091752542 0.2486
-7.02945174218396 0.2487
-7.02949520768548 0.2488
-7.02954275494485 0.2489
-7.02955790372631 0.249
-7.0295494962298 0.2491
-7.02952072127107 0.2492
-7.02949968775734 0.2493
-7.02947152981782 0.2494
-7.02944254168297 0.2495
-7.0294096303168 0.2496
-7.0293682346891 0.2497
-7.02933494922097 0.2498
-7.02931781833849 0.2499
-7.02926901642749 0.25
-7.02923232304131 0.2501
-7.02919434877917 0.2502
-7.02913371841426 0.2503
-7.02906229181181 0.2504
-7.0290003562686 0.2505
-7.02894892540035 0.2506
-7.02890466100493 0.2507
-7.02888023307433 0.2508
-7.02885566379023 0.2509
-7.02884401891865 0.251
-7.02884767293162 0.2511
-7.02886217131542 0.2512
-7.02889786981249 0.2513
-7.02895140963252 0.2514
-7.02903223432142 0.2515
-7.02911949514524 0.2516
-7.02920691108186 0.2517
-7.02929474333952 0.2518
-7.02938080009766 0.2519
-7.02944382925702 0.252
-7.0295067238343 0.2521
-7.02955234354563 0.2522
-7.02957714996702 0.2523
-7.02959642045244 0.2524
-7.02962249399953 0.2525
-7.02965199219865 0.2526
-7.02968327310268 0.2527
-7.02971024493167 0.2528
-7.02971680832813 0.2529
-7.02972696186408 0.253
-7.02972640515571 0.2531
-7.02972299231719 0.2532
-7.02971351361952 0.2533
-7.02971346038144 0.2534
-7.02972426796558 0.2535
-7.02972438086771 0.2536
-7.02973416611876 0.2537
-7.02975788163926 0.2538
-7.02977460225463 0.2539
-7.02976598862759 0.254
-7.02976048721697 0.2541
-7.02975027719869 0.2542
-7.02972852897414 0.2543
-7.02970517271121 0.2544
-7.02967920575446 0.2545
-7.0296447518638 0.2546
-7.02960939887852 0.2547
-7.02957853640489 0.2548
-7.02954727325089 0.2549
-7.0295118840479 0.255
-7.0294731927975 0.2551
-7.02941423826212 0.2552
-7.02935884369322 0.2553
-7.02929333523671 0.2554
-7.02921195479781 0.2555
-7.02913240918328 0.2556
-7.02903508293521 0.2557
-7.02894384273869 0.2558
-7.02885777336213 0.2559
-7.02877351387498 0.256
-7.02869994632883 0.2561
-7.02862549218071 0.2562
-7.02856265825106 0.2563
-7.02850154562475 0.2564
-7.02845399991342 0.2565
-7.02842669317763 0.2566
-7.02840033137568 0.2567
-7.02839163370119 0.2568
-7.0283949014201 0.2569
-7.02838644808007 0.257
-7.02840095976696 0.2571
-7.02842740408958 0.2572
-7.02846242130903 0.2573
-7.02851436291775 0.2574
-7.02857272523212 0.2575
-7.02862135771594 0.2576
-7.02866693512488 0.2577
-7.02869791222423 0.2578
-7.02872018210639 0.2579
-7.02873672335862 0.258
-7.02873186177392 0.2581
-7.02870157259806 0.2582
-7.02865547218983 0.2583
-7.0285927467062 0.2584
-7.0285249677225 0.2585
-7.02845230155518 0.2586
-7.02836411270666 0.2587
-7.02827253869677 0.2588
-7.02817972288634 0.2589
-7.02810075682748 0.259
-7.02804158131478 0.2591
-7.02796620437 0.2592
-7.0278796305453 0.2593
-7.02780745187988 0.2594
-7.02774813511302 0.2595
-7.0276944562795 0.2596
-7.02764037776672 0.2597
-7.02759861494628 0.2598
-7.02754676070195 0.2599
-7.02749126465347 0.26
-7.02742896343618 0.2601
-7.02738545761011 0.2602
-7.02735199563953 0.2603
-7.0273333669465 0.2604
-7.02733375733623 0.2605
-7.02733010126478 0.2606
-7.02733423206967 0.2607
-7.02734565900079 0.2608
-7.02737351929269 0.2609
-7.02739472835677 0.261
-7.02744678338839 0.2611
-7.02750309520446 0.2612
-7.02756767638718 0.2613
-7.02762549018914 0.2614
-7.02768126364895 0.2615
-7.02775669570295 0.2616
-7.02783501034913 0.2617
-7.02793660779232 0.2618
-7.02804346430061 0.2619
-7.02814793200614 0.262
-7.0282581606029 0.2621
-7.02837849334801 0.2622
-7.02850355101017 0.2623
-7.02864550987634 0.2624
-7.02879338854178 0.2625
-7.02893837438806 0.2626
-7.0291036929203 0.2627
-7.02927952679968 0.2628
-7.02944072314632 0.2629
-7.02957401733494 0.263
-7.02969025353573 0.2631
-7.02980827712757 0.2632
-7.02993125474066 0.2633
-7.0300430257301 0.2634
-7.03014829386193 0.2635
-7.03026667094236 0.2636
-7.03039159828938 0.2637
-7.0305057625509 0.2638
-7.0306236013227 0.2639
-7.03072935308241 0.264
-7.03082744267276 0.2641
-7.03091375745285 0.2642
-7.03099858613027 0.2643
-7.03107931799796 0.2644
-7.03114803540122 0.2645
-7.03119321240719 0.2646
-7.03121729704728 0.2647
-7.03125350520867 0.2648
-7.03127933020074 0.2649
-7.03130893339377 0.265
-7.03133365925617 0.2651
-7.03132877849747 0.2652
-7.03132006845157 0.2653
-7.03128961213697 0.2654
-7.03125012852537 0.2655
-7.03120397401005 0.2656
-7.03114787742921 0.2657
-7.03109233335335 0.2658
-7.03102984747043 0.2659
-7.030954832847 0.266
-7.03086846425983 0.2661
-7.03077165101954 0.2662
-7.03065620425007 0.2663
-7.03054897598624 0.2664
-7.03042065306667 0.2665
-7.03029889495566 0.2666
-7.03017618165537 0.2667
-7.03002573695976 0.2668
-7.02989193009866 0.2669
-7.02975620486756 0.267
-7.02961523720571 0.2671
-7.02948045079865 0.2672
-7.02933478480285 0.2673
-7.02919213932088 0.2674
-7.02904887299681 0.2675
-7.02890661462644 0.2676
-7.02876484707881 0.2677
-7.02861098590841 0.2678
-7.02845402214923 0.2679
-7.02831197761709 0.268
-7.02817070724242 0.2681
-7.02804632648937 0.2682
-7.02794231109884 0.2683
-7.02785095046001 0.2684
-7.02778467504076 0.2685
-7.02773682212909 0.2686
-7.0277172755951 0.2687
-7.02769941318373 0.2688
-7.02768958579381 0.2689
-7.02767650275871 0.269
-7.0276564109488 0.2691
-7.02765634220018 0.2692
-7.02763835523141 0.2693
-7.0276181145434 0.2694
-7.02761648875021 0.2695
-7.02760965860642 0.2696
-7.02761383755823 0.2697
-7.02763989301682 0.2698
-7.02766923942562 0.2699
-7.02771319889877 0.27
-7.0277418517406 0.2701
-7.0277905170752 0.2702
-7.02785310503702 0.2703
-7.02792739130835 0.2704
-7.02802887452062 0.2705
-7.02815664624648 0.2706
-7.0282913308804 0.2707
-7.02843774798857 0.2708
-7.02859862416759 0.2709
-7.0287739596202 0.271
-7.02892686136272 0.2711
-7.02907977830527 0.2712
-7.02921574886163 0.2713
-7.02933978994098 0.2714
-7.02945504558994 0.2715
-7.0295503734119 0.2716
-7.02964544605304 0.2717
-7.0297264058157 0.2718
-7.0297815630307 0.2719
-7.0298397412642 0.272
-7.02988026170766 0.2721
-7.02990183638109 0.2722
-7.02990949771691 0.2723
-7.02989713212226 0.2724
-7.02987266268793 0.2725
-7.02981190543144 0.2726
-7.0297235071424 0.2727
-7.02962138853159 0.2728
-7.02950541843964 0.2729
-7.02937143136168 0.273
-7.02925213416464 0.2731
-7.02914610312061 0.2732
-7.02904522139088 0.2733
-7.02894114120711 0.2734
-7.02884641341945 0.2735
-7.02875927871622 0.2736
-7.02868973062194 0.2737
-7.0286261229591 0.2738
-7.02859149864892 0.2739
-7.02857912293427 0.274
-7.02857119501826 0.2741
-7.02856888995107 0.2742
-7.02858627889556 0.2743
-7.02860264317994 0.2744
-7.02864731445681 0.2745
-7.02871843691015 0.2746
-7.0287862369326 0.2747
-7.02885469436147 0.2748
-7.02891493405971 0.2749
-7.02897772229653 0.275
-7.02903634846651 0.2751
-7.02909545575206 0.2752
-7.02914641114605 0.2753
-7.02918267462067 0.2754
-7.0292015834924 0.2755
-7.02920643440223 0.2756
-7.02920815438707 0.2757
-7.02917253681381 0.2758
-7.02913211855326 0.2759
-7.02908029216402 0.276
-7.02902802462209 0.2761
-7.0289689182044 0.2762
-7.02891764935426 0.2763
-7.0288620556699 0.2764
-7.02879347120525 0.2765
-7.02872318546417 0.2766
-7.0286565352083 0.2767
-7.02861873068368 0.2768
-7.02856887557172 0.2769
-7.02851488461293 0.277
-7.02844446560386 0.2771
-7.02837375939141 0.2772
-7.02829784604753 0.2773
-7.02823084286233 0.2774
-7.02816026045424 0.2775
-7.02808671338264 0.2776
-7.02802585902708 0.2777
-7.02796104470295 0.2778
-7.02790854428742 0.2779
-7.02786785927673 0.278
-7.02783259864007 0.2781
-7.02778367644452 0.2782
-7.02773140650637 0.2783
-7.02769571867336 0.2784
-7.02767887071091 0.2785
-7.02768643199521 0.2786
-7.02769525938008 0.2787
-7.02772683162294 0.2788
-7.02775807419494 0.2789
-7.02779247521381 0.279
-7.02782535299327 0.2791
-7.02784930544437 0.2792
-7.02786124203849 0.2793
-7.02786739641073 0.2794
-7.02787090880981 0.2795
-7.02787531967494 0.2796
-7.02787686789796 0.2797
-7.02785937664335 0.2798
-7.0278235201729 0.2799
-7.02778122393715 0.28
-7.02773231404946 0.2801
-7.02771330625354 0.2802
-7.02768932408154 0.2803
-7.02767580736789 0.2804
-7.02764882092968 0.2805
-7.02761289666627 0.2806
-7.02759080008517 0.2807
-7.02757790265376 0.2808
-7.02755412554954 0.2809
-7.02753639655807 0.281
-7.02753892723327 0.2811
-7.02754096143153 0.2812
-7.02755207684227 0.2813
-7.02755090628554 0.2814
-7.02753665010404 0.2815
-7.02752955114347 0.2816
-7.02750911017083 0.2817
-7.02749408796462 0.2818
-7.02748523707495 0.2819
-7.02747087535774 0.282
-7.02744525867379 0.2821
-7.02740975264015 0.2822
-7.02735883739539 0.2823
-7.02730694190097 0.2824
-7.02725824493288 0.2825
-7.02720764758143 0.2826
-7.02715394729226 0.2827
-7.02710940026759 0.2828
-7.02707564415158 0.2829
-7.02703017067853 0.283
-7.02697381726431 0.2831
-7.02691405745813 0.2832
-7.02687057943888 0.2833
-7.02681362569813 0.2834
-7.02676942735258 0.2835
-7.02673424034042 0.2836
-7.02669499961753 0.2837
-7.02665803738549 0.2838
-7.02660977582363 0.2839
-7.02657460158998 0.284
-7.02654966262792 0.2841
-7.02654069358154 0.2842
-7.02654039635601 0.2843
-7.02650296404598 0.2844
-7.02646778336361 0.2845
-7.02644629240204 0.2846
-7.0264356589204 0.2847
-7.02644002486908 0.2848
-7.0264593002411 0.2849
-7.02647645023277 0.285
-7.02650263264432 0.2851
-7.02652703598234 0.2852
-7.02655111207746 0.2853
-7.02657048743314 0.2854
-7.02659547276816 0.2855
-7.02663812435747 0.2856
-7.02668006612832 0.2857
-7.02672309124878 0.2858
-7.02676371072019 0.2859
-7.02681176780899 0.286
-7.02685047985956 0.2861
-7.02688597321452 0.2862
-7.02691699760802 0.2863
-7.02694281209125 0.2864
-7.0269605577288 0.2865
-7.02696836302723 0.2866
-7.02697632038669 0.2867
-7.02695656038119 0.2868
-7.02691381626384 0.2869
-7.02686138459907 0.287
-7.02679890958552 0.2871
-7.02669594323169 0.2872
-7.02657304267882 0.2873
-7.02642318115932 0.2874
-7.02626606831195 0.2875
-7.02609273207246 0.2876
-7.0259051767677 0.2877
-7.02570725592854 0.2878
-7.02549394718482 0.2879
-7.02528675151014 0.288
-7.02508144847646 0.2881
-7.02490039248939 0.2882
-7.02474891976882 0.2883
-7.02461627170842 0.2884
-7.02451613578044 0.2885
-7.02445660585435 0.2886
-7.02442435602139 0.2887
-7.02441282505048 0.2888
-7.02442585361724 0.2889
-7.02446581051047 0.289
-7.02452431076459 0.2891
-7.02460139680669 0.2892
-7.02469593726583 0.2893
-7.02481189434829 0.2894
-7.0249456954793 0.2895
-7.0251056129105 0.2896
-7.02526550917374 0.2897
-7.02543963532062 0.2898
-7.02561666365618 0.2899
-7.02579474305051 0.29
-7.02598571669406 0.2901
-7.02616667408317 0.2902
-7.02634263099657 0.2903
-7.02649038960632 0.2904
-7.02662326701945 0.2905
-7.02675441213447 0.2906
-7.02686430301681 0.2907
-7.02697992827559 0.2908
-7.02708776140604 0.2909
-7.02716802372796 0.291
-7.0272483532986 0.2911
-7.0273292277582 0.2912
-7.02740332133056 0.2913
-7.02745870101469 0.2914
-7.02749096171068 0.2915
-7.02749485908533 0.2916
-7.02748076810895 0.2917
-7.027453805556 0.2918
-7.027414004878 0.2919
-7.02735290805388 0.292
-7.02727742225848 0.2921
-7.02720102714818 0.2922
-7.02711673833414 0.2923
-7.02700558069602 0.2924
-7.02688178952214 0.2925
-7.02676653025303 0.2926
-7.02666000246746 0.2927
-7.02656689845938 0.2928
-7.02645357244097 0.2929
-7.02635327593431 0.293
-7.0262638147982 0.2931
-7.02620921125604 0.2932
-7.026157815709 0.2933
-7.02613641791393 0.2934
-7.02612765528527 0.2935
-7.02612166886814 0.2936
-7.02612561298236 0.2937
-7.02615037159074 0.2938
-7.0261690280448 0.2939
-7.02620158868298 0.294
-7.02623145051537 0.2941
-7.02626230969189 0.2942
-7.02630402742572 0.2943
-7.02633694933091 0.2944
-7.02634357460844 0.2945
-7.02632782890102 0.2946
-7.0262974541478 0.2947
-7.02624969316407 0.2948
-7.0261832689962 0.2949
-7.02609628552026 0.295
-7.02599175169166 0.2951
-7.0258684450484 0.2952
-7.02574565164604 0.2953
-7.02560534587395 0.2954
-7.02546266260882 0.2955
-7.02532080876304 0.2956
-7.02517182062239 0.2957
-7.02502368876373 0.2958
-7.02488135953001 0.2959
-7.02475005589034 0.296
-7.02462146510751 0.2961
-7.02451753256978 0.2962
-7.02442483018981 0.2963
-7.02437785295499 0.2964
-7.02435568094709 0.2965
-7.02435366562987 0.2966
-7.02436538789769 0.2967
-7.02439018555249 0.2968
-7.02441001816082 0.2969
-7.0244383088652 0.297
-7.02447715296885 0.2971
-7.02450909626745 0.2972
-7.02454842138231 0.2973
-7.02459883314953 0.2974
-7.02465315404832 0.2975
-7.02471798849006 0.2976
-7.02477405496665 0.2977
-7.02482937906521 0.2978
-7.02486609198912 0.2979
-7.02490224439379 0.298
-7.02491099536864 0.2981
-7.02490777041594 0.2982
-7.02489681505333 0.2983
-7.02487143665972 0.2984
-7.02486410636067 0.2985
-7.02484323056302 0.2986
-7.02482662879675 0.2987
-7.02482224145032 0.2988
-7.02481424133819 0.2989
-7.02480699336432 0.299
-7.02478516929975 0.2991
-7.02478742527787 0.2992
-7.02477567286133 0.2993
-7.02475873463085 0.2994
-7.02472584418961 0.2995
-7.02468342084208 0.2996
-7.02464489917425 0.2997
-7.02461892737285 0.2998
-7.02459586849501 0.2999
-7.02456184327573 0.3
-7.02453626552343 0.3001
-7.02451504790937 0.3002
-7.02448484165866 0.3003
-7.02448445620006 0.3004
-7.02447468147862 0.3005
-7.02448013623998 0.3006
-7.02448399413357 0.3007
-7.02449615902045 0.3008
-7.02449430032943 0.3009
-7.02449052173359 0.301
-7.02450443726916 0.3011
-7.02450934496012 0.3012
-7.0245146724297 0.3013
-7.02450660280384 0.3014
-7.0244605653784 0.3015
-7.02439208896861 0.3016
-7.02432560454939 0.3017
-7.02424276626087 0.3018
-7.02413612793585 0.3019
-7.02401251272079 0.302
-7.02388625488723 0.3021
-7.02373670384105 0.3022
-7.02356869524043 0.3023
-7.02341014824509 0.3024
-7.02323993732435 0.3025
-7.02308914666313 0.3026
-7.02297577334032 0.3027
-7.02285827821188 0.3028
-7.02274504409162 0.3029
-7.02263512436939 0.303
-7.02250457276415 0.3031
-7.02240975640784 0.3032
-7.02233167804159 0.3033
-7.0222715725881 0.3034
-7.02222573869732 0.3035
-7.02220061265096 0.3036
-7.02218255862196 0.3037
-7.02216504559037 0.3038
-7.02214831499295 0.3039
-7.02213995975279 0.304
-7.02215527457849 0.3041
-7.02217917106586 0.3042
-7.02222421052928 0.3043
-7.02228396809312 0.3044
-7.022348599037 0.3045
-7.0224320228541 0.3046
-7.02251967633543 0.3047
-7.02260928882931 0.3048
-7.02272065698335 0.3049
-7.02284822524056 0.305
-7.02297434542338 0.3051
-7.02311845366994 0.3052
-7.02326781528912 0.3053
-7.02341695679306 0.3054
-7.02356016780863 0.3055
-7.02369858910185 0.3056
-7.02383768211129 0.3057
-7.02397037220761 0.3058
-7.0240952290345 0.3059
-7.02421342388133 0.306
-7.02431956491087 0.3061
-7.02438871982688 0.3062
-7.02444903358982 0.3063
-7.02451912054187 0.3064
-7.02457329523331 0.3065
-7.02461323999268 0.3066
-7.02464514662966 0.3067
-7.02465501811199 0.3068
-7.02464939451417 0.3069
-7.02463927841417 0.307
-7.02461173773834 0.3071
-7.02456858833606 0.3072
-7.02450856739328 0.3073
-7.02444865501569 0.3074
-7.02438234236581 0.3075
-7.02429208088171 0.3076
-7.02419522687101 0.3077
-7.02410270957095 0.3078
-7.02401828234391 0.3079
-7.02394508277607 0.308
-7.02389166686856 0.3081
-7.02385515089764 0.3082
-7.02382484078483 0.3083
-7.023822721095 0.3084
-7.02382155924535 0.3085
-7.02381738856798 0.3086
-7.02382155084851 0.3087
-7.02384436458625 0.3088
-7.02386372720466 0.3089
-7.0239019217043 0.309
-7.02395579259029 0.3091
-7.02401813237591 0.3092
-7.02407296399549 0.3093
-7.02414086541296 0.3094
-7.0242277804178 0.3095
-7.02429308358297 0.3096
-7.02435278995871 0.3097
-7.02441458618615 0.3098
-7.0244831970068 0.3099
-7.02457386240459 0.31
-7.02465521450265 0.3101
-7.02472827011979 0.3102
-7.02478842770546 0.3103
-7.02484474847728 0.3104
-7.0248942790017 0.3105
-7.02493899100083 0.3106
-7.02497165140015 0.3107
-7.02499618782486 0.3108
-7.02501349064417 0.3109
-7.02502730394322 0.311
-7.02504864329151 0.3111
-7.02504598262766 0.3112
-7.02500281182733 0.3113
-7.02496097542522 0.3114
-7.0249326633145 0.3115
-7.02492613278156 0.3116
-7.02491625797596 0.3117
-7.02490320079247 0.3118
-7.02489476528568 0.3119
-7.02488699318992 0.312
-7.02490450086226 0.3121
-7.02492586245117 0.3122
-7.02491491075568 0.3123
-7.02491167449889 0.3124
-7.02490201746955 0.3125
-7.02487413422765 0.3126
-7.02482434606298 0.3127
-7.02477490783927 0.3128
-7.02472229804472 0.3129
-7.02464925009542 0.313
-7.02457207578106 0.3131
-7.02449605692969 0.3132
-7.02442800989583 0.3133
-7.02435659173352 0.3134
-7.02430206056633 0.3135
-7.02424801016672 0.3136
-7.02419973678228 0.3137
-7.02417882795953 0.3138
-7.02415626020774 0.3139
-7.02413561616835 0.314
-7.02412907580499 0.3141
-7.0241428926072 0.3142
-7.02416345523538 0.3143
-7.02419050641114 0.3144
-7.02423040225365 0.3145
-7.02426831814255 0.3146
-7.02431551770179 0.3147
-7.02437377628671 0.3148
-7.02444821585004 0.3149
-7.02451496949372 0.315
-7.02456787454814 0.3151
-7.0246199575084 0.3152
-7.02466039611742 0.3153
-7.02468802777412 0.3154
-7.02469943832354 0.3155
-7.02472092179824 0.3156
-7.02472503978706 0.3157
-7.02472199316015 0.3158
-7.02470979913929 0.3159
-7.02467683519277 0.316
-7.02464300672929 0.3161
-7.02458972118884 0.3162
-7.0245107897761 0.3163
-7.0244414004235 0.3164
-7.02436522222127 0.3165
-7.02429261476874 0.3166
-7.02420964737529 0.3167
-7.02411808399809 0.3168
-7.02402420113568 0.3169
-7.02390467756251 0.317
-7.0237944429821 0.3171
-7.0237059387361 0.3172
-7.02361652019844 0.3173
-7.02354474462587 0.3174
-7.02348659699491 0.3175
-7.02343861904165 0.3176
-7.0233880914755 0.3177
-7.02333535650602 0.3178
-7.02329698495041 0.3179
-7.02326577308611 0.318
-7.02325552711282 0.3181
-7.02325379839382 0.3182
-7.0232648037709 0.3183
-7.0232793328151 0.3184
-7.02331643874059 0.3185
-7.02336683332983 0.3186
-7.02343224437828 0.3187
-7.02351136685776 0.3188
-7.02357773622727 0.3189
-7.02364960404418 0.319
-7.02373845122739 0.3191
-7.02382265695828 0.3192
-7.02389811956566 0.3193
-7.02397797794528 0.3194
-7.02405720837594 0.3195
-7.02413112548079 0.3196
-7.02421251562504 0.3197
-7.0242807622919 0.3198
-7.02435455401957 0.3199
-7.02442681487353 0.32
-7.0244868696407 0.3201
-7.02455060166331 0.3202
-7.02462128840811 0.3203
-7.02468469543178 0.3204
-7.02473632343029 0.3205
-7.02478282337657 0.3206
-7.02483113346721 0.3207
-7.02487310173227 0.3208
-7.02489896640973 0.3209
-7.02494807021662 0.321
-7.02500062549562 0.3211
-7.02504411660278 0.3212
-7.02508444479961 0.3213
-7.02510713270477 0.3214
-7.02513972855551 0.3215
-7.02516980696085 0.3216
-7.02520660420684 0.3217
-7.02523810712345 0.3218
-7.02526541455228 0.3219
-7.02530531914869 0.322
-7.02535231769377 0.3221
-7.02538599693976 0.3222
-7.02541901070171 0.3223
-7.02544998321778 0.3224
-7.02548583691302 0.3225
-7.02550980797049 0.3226
-7.02552781545948 0.3227
-7.02553819121653 0.3228
-7.02553448705337 0.3229
-7.02552146211475 0.323
-7.02549448126826 0.3231
-7.0254665625105 0.3232
-7.02542736548622 0.3233
-7.025368551884 0.3234
-7.02531254680894 0.3235
-7.0252669749856 0.3236
-7.02522319950791 0.3237
-7.02518622670484 0.3238
-7.02517305849833 0.3239
-7.02515998322451 0.324
-7.02515799172446 0.3241
-7.02515114220028 0.3242
-7.02513762034984 0.3243
-7.02512817998233 0.3244
-7.02512755790948 0.3245
-7.02511837968108 0.3246
-7.02509701243575 0.3247
-7.02507542781669 0.3248
-7.02506650470221 0.3249
-7.0250589269135 0.325
-7.02502647917923 0.3251
-7.02497421531029 0.3252
-7.02492362522405 0.3253
-7.02487637919186 0.3254
-7.02484810015038 0.3255
-7.02481532301919 0.3256
-7.02478643008455 0.3257
-7.02476187906789 0.3258
-7.02473511849327 0.3259
-7.02470230711144 0.326
-7.02464402437252 0.3261
-7.02460045645727 0.3262
-7.02454225917101 0.3263
-7.02448181233031 0.3264
-7.0244066237399 0.3265
-7.02435359382191 0.3266
-7.02430269731307 0.3267
-7.02425381549135 0.3268
-7.02419969156052 0.3269
-7.02413537071313 0.327
-7.02406831067636 0.3271
-7.02399300708975 0.3272
-7.02389855160462 0.3273
-7.0238118906935 0.3274
-7.02372440652903 0.3275
-7.02362865420442 0.3276
-7.02352198587377 0.3277
-7.02342155374644 0.3278
-7.02330812515993 0.3279
-7.02319742692834 0.328
-7.02308013896774 0.3281
-7.02295676122524 0.3282
-7.02283224699039 0.3283
-7.02273846799858 0.3284
-7.02263888074236 0.3285
-7.02254455449405 0.3286
-7.02245446162323 0.3287
-7.02236293657675 0.3288
-7.02229013366491 0.3289
-7.02220750075271 0.329
-7.02211409461263 0.3291
-7.02202936140925 0.3292
-7.02194085245463 0.3293
-7.0218421293359 0.3294
-7.02172146104942 0.3295
-7.02160561398765 0.3296
-7.02148847684198 0.3297
-7.02137555584306 0.3298
-7.02125342516949 0.3299
-7.02112509135057 0.33
-7.02099491739578 0.3301
-7.02088323023246 0.3302
-7.02079783865806 0.3303
-7.02073535181367 0.3304
-7.0206888505953 0.3305
-7.02065211026055 0.3306
-7.02061052337045 0.3307
-7.02059459115423 0.3308
-7.02057461224303 0.3309
-7.0205635617497 0.331
-7.02057094832602 0.3311
-7.02057237720359 0.3312
-7.0205959697372 0.3313
-7.02062417832845 0.3314
-7.02065317399934 0.3315
-7.020670625784 0.3316
-7.02068186039718 0.3317
-7.02070883888321 0.3318
-7.02073642561079 0.3319
-7.02077045532402 0.332
-7.02082524493961 0.3321
-7.02087172410673 0.3322
-7.02090230419918 0.3323
-7.02092309733952 0.3324
-7.02092972962719 0.3325
-7.02090951746452 0.3326
-7.02089021098344 0.3327
-7.02087241654608 0.3328
-7.02084818439508 0.3329
-7.02080869624853 0.333
-7.02078453339914 0.3331
-7.02076122561309 0.3332
-7.02073049562597 0.3333
-7.02069482414856 0.3334
-7.02067466937262 0.3335
-7.02066004518043 0.3336
-7.02063854178832 0.3337
-7.02063322363656 0.3338
-7.02061432752312 0.3339
-7.02059756058097 0.334
-7.02058638508779 0.3341
-7.02058231558688 0.3342
-7.02056988492379 0.3343
-7.02056578584345 0.3344
-7.02057472058621 0.3345
-7.02059490746378 0.3346
-7.02060392408268 0.3347
-7.02061869658227 0.3348
-7.02064833016693 0.3349
-7.020693313621 0.335
-7.02076791527835 0.3351
-7.02086290319301 0.3352
-7.02096207225849 0.3353
-7.02108249477759 0.3354
-7.02120069987841 0.3355
-7.02133416277466 0.3356
-7.02147991267092 0.3357
-7.02165274480353 0.3358
-7.02182930241525 0.3359
-7.02199677625492 0.336
-7.02217420753878 0.3361
-7.02234067131571 0.3362
-7.0225249718663 0.3363
-7.02270232699813 0.3364
-7.02285702344418 0.3365
-7.02300287501104 0.3366
-7.02312721493577 0.3367
-7.02323796369843 0.3368
-7.02334370543961 0.3369
-7.02344589395222 0.337
-7.02352744044892 0.3371
-7.02360523942276 0.3372
-7.02369981049067 0.3373
-7.02379000569636 0.3374
-7.02386518467761 0.3375
-7.02392648017517 0.3376
-7.02398169861609 0.3377
-7.02401127301542 0.3378
-7.02402086629917 0.3379
-7.02400244369542 0.338
-7.02397574197138 0.3381
-7.02392870236747 0.3382
-7.02387670711026 0.3383
-7.02381299464966 0.3384
-7.02376510484546 0.3385
-7.02371288587492 0.3386
-7.02366088320967 0.3387
-7.02360748888658 0.3388
-7.02357177812791 0.3389
-7.02353145949389 0.339
-7.02348328898807 0.3391
-7.02343844656488 0.3392
-7.02340067657579 0.3393
-7.02337188017404 0.3394
-7.02335200599229 0.3395
-7.02333128663489 0.3396
-7.02330139610483 0.3397
-7.02328514263088 0.3398
-7.02327372156486 0.3399
-7.02325020202575 0.34
-7.0232290394902 0.3401
-7.02321344394933 0.3402
-7.02321647781879 0.3403
-7.02322765071788 0.3404
-7.0232238419208 0.3405
-7.02322231130769 0.3406
-7.02321707701449 0.3407
-7.02320868252058 0.3408
-7.02321358652881 0.3409
-7.02319938947921 0.341
-7.02318164078854 0.3411
-7.02314267395766 0.3412
-7.02308168196273 0.3413
-7.02300167814232 0.3414
-7.0229020561848 0.3415
-7.02278670213075 0.3416
-7.02267733000415 0.3417
-7.02256779646473 0.3418
-7.02246277946973 0.3419
-7.02235644455348 0.342
-7.02224201567894 0.3421
-7.0221136178088 0.3422
-7.02199318956192 0.3423
-7.02187084503085 0.3424
-7.0217765179301 0.3425
-7.02167595851397 0.3426
-7.02157542972798 0.3427
-7.02147968463015 0.3428
-7.02140923732738 0.3429
-7.02136251877105 0.343
-7.02133240384911 0.3431
-7.02132180838412 0.3432
-7.02135806378979 0.3433
-7.02140407526448 0.3434
-7.02148410048527 0.3435
-7.02160332278653 0.3436
-7.02174575675084 0.3437
-7.02190715204403 0.3438
-7.02208266400438 0.3439
-7.02226347866135 0.344
-7.02246174683264 0.3441
-7.02264832573291 0.3442
-7.02283047376504 0.3443
-7.02301645357714 0.3444
-7.02319379401516 0.3445
-7.0233574557361 0.3446
-7.02349347173524 0.3447
-7.02359614716459 0.3448
-7.02368315375289 0.3449
-7.02374906798573 0.345
-7.02379335515108 0.3451
-7.02382621289581 0.3452
-7.02386282527865 0.3453
-7.02387705922924 0.3454
-7.02389037944845 0.3455
-7.02387766450631 0.3456
-7.02385511156676 0.3457
-7.02381611118749 0.3458
-7.02378063520926 0.3459
-7.02372956682868 0.346
-7.02368316078377 0.3461
-7.02362629940905 0.3462
-7.02357283498794 0.3463
-7.02351420210385 0.3464
-7.02345876803831 0.3465
-7.02340004157982 0.3466
-7.02333054651304 0.3467
-7.02326395732949 0.3468
-7.02318858641004 0.3469
-7.02311437465602 0.347
-7.02303281982742 0.3471
-7.02294827178104 0.3472
-7.02285523492218 0.3473
-7.02276661629384 0.3474
-7.02270785498061 0.3475
-7.02265906509509 0.3476
-7.02260901267889 0.3477
-7.02254453139573 0.3478
-7.02246820997979 0.3479
-7.02240242550855 0.348
-7.02232049652503 0.3481
-7.02222881981887 0.3482
-7.02213337585734 0.3483
-7.02201121138342 0.3484
-7.02187850835531 0.3485
-7.02175078301482 0.3486
-7.02161683645436 0.3487
-7.02150308577557 0.3488
-7.02138425938029 0.3489
-7.02126284651185 0.349
-7.02115068146936 0.3491
-7.02104945281944 0.3492
-7.02093766427348 0.3493
-7.02082321675186 0.3494
-7.02071524231131 0.3495
-7.02060945372195 0.3496
-7.02051685997403 0.3497
-7.02041411839324 0.3498
-7.02032639801124 0.3499
-7.02023901396959 0.35
-7.02014120318834 0.3501
-7.02004053858917 0.3502
-7.0199281408019 0.3503
-7.01983143773192 0.3504
-7.01973855641186 0.3505
-7.0196624488891 0.3506
-7.01958909662139 0.3507
-7.01954566862323 0.3508
-7.0194993132098 0.3509
-7.01946518709101 0.351
-7.01944471691405 0.3511
-7.01943552155639 0.3512
-7.01943118689176 0.3513
-7.01944546281014 0.3514
-7.01945498446436 0.3515
-7.01946346768738 0.3516
-7.01948765682689 0.3517
-7.01951836402427 0.3518
-7.0195477787043 0.3519
-7.0195843166901 0.352
-7.01962027112266 0.3521
-7.01964950903492 0.3522
-7.01966487357736 0.3523
-7.01966790004971 0.3524
-7.01966908755923 0.3525
-7.01965495509265 0.3526
-7.01963738910805 0.3527
-7.01962621065632 0.3528
-7.01961809535028 0.3529
-7.01959242902964 0.353
-7.01954355518008 0.3531
-7.01947514268723 0.3532
-7.01939613308851 0.3533
-7.01933836896817 0.3534
-7.01927516598378 0.3535
-7.01922147671592 0.3536
-7.01916113332256 0.3537
-7.01912741482147 0.3538
-7.01911499867226 0.3539
-7.01911189281952 0.354
-7.01911953764007 0.3541
-7.01915305480166 0.3542
-7.01919281297833 0.3543
-7.01925048942184 0.3544
-7.01932918735888 0.3545
-7.01942309122651 0.3546
-7.01954653624618 0.3547
-7.01969600003961 0.3548
-7.01984783941953 0.3549
-7.02000173587879 0.355
-7.02015516325168 0.3551
-7.02030670074282 0.3552
-7.020462045018 0.3553
-7.02062364642595 0.3554
-7.02077584872157 0.3555
-7.02093681513752 0.3556
-7.02108929833314 0.3557
-7.02124157358577 0.3558
-7.02141137475388 0.3559
-7.02158861719527 0.356
-7.02173520427392 0.3561
-7.02187588168274 0.3562
-7.0219954087465 0.3563
-7.02210241159782 0.3564
-7.02219341451743 0.3565
-7.02225658320296 0.3566
-7.02230666385082 0.3567
-7.02232898591073 0.3568
-7.02233174408103 0.3569
-7.02231007191091 0.357
-7.02226728299353 0.3571
-7.02220594687023 0.3572
-7.02212241852557 0.3573
-7.02203430725271 0.3574
-7.02194799098871 0.3575
-7.02186814294153 0.3576
-7.02178443294472 0.3577
-7.02168554659473 0.3578
-7.0215810239387 0.3579
-7.02147068334438 0.358
-7.02136452437234 0.3581
-7.02127025513513 0.3582
-7.02118981020568 0.3583
-7.02111975476792 0.3584
-7.02107068058814 0.3585
-7.02104649023354 0.3586
-7.02101224720122 0.3587
-7.02098929706083 0.3588
-7.02098386840101 0.3589
-7.02098830267324 0.359
-7.02100314085695 0.3591
-7.02101156429555 0.3592
-7.02101232284973 0.3593
-7.02100751606301 0.3594
-7.02100360014702 0.3595
-7.02099213709706 0.3596
-7.02097412170982 0.3597
-7.02093171351537 0.3598
-7.02086406614518 0.3599
-7.02078513487467 0.36
-7.02069471635019 0.3601
-7.02059028420014 0.3602
-7.02046817003154 0.3603
-7.02033650580961 0.3604
-7.02020256168579 0.3605
-7.02006157813958 0.3606
-7.01991000143378 0.3607
-7.01974292159233 0.3608
-7.01957285155097 0.3609
-7.01938204198664 0.361
-7.01919490419477 0.3611
-7.01903186647988 0.3612
-7.01887192946833 0.3613
-7.01871706334757 0.3614
-7.01856863837355 0.3615
-7.01843773203806 0.3616
-7.01831832936902 0.3617
-7.01822906796943 0.3618
-7.01816182977243 0.3619
-7.01811473345204 0.362
-7.01808234822015 0.3621
-7.01807565555316 0.3622
-7.01808096793955 0.3623
-7.01812389035112 0.3624
-7.01816719055606 0.3625
-7.01821958862762 0.3626
-7.01829535674517 0.3627
-7.01837237081408 0.3628
-7.01843338673373 0.3629
-7.01848226812724 0.363
-7.01853124442008 0.3631
-7.0185812372964 0.3632
-7.01863606600469 0.3633
-7.01869960751789 0.3634
-7.01876477175396 0.3635
-7.01883236672183 0.3636
-7.01889979670196 0.3637
-7.01895319276719 0.3638
-7.01901111021641 0.3639
-7.01907086408671 0.364
-7.01913235628302 0.3641
-7.01917153295035 0.3642
-7.01919087506945 0.3643
-7.01918663277928 0.3644
-7.01918397915179 0.3645
-7.01917221916731 0.3646
-7.01914726410456 0.3647
-7.01910334049061 0.3648
-7.01906045674495 0.3649
-7.01900783264428 0.365
-7.01895475689866 0.3651
-7.01890352045016 0.3652
-7.01885791244662 0.3653
-7.01880678053382 0.3654
-7.01876073063891 0.3655
-7.01871629684747 0.3656
-7.0186510955866 0.3657
-7.01858394491862 0.3658
-7.01851765486185 0.3659
-7.01842524495818 0.366
-7.01833534688288 0.3661
-7.01826229571307 0.3662
-7.01817435970048 0.3663
-7.0180881676101 0.3664
-7.01801008152491 0.3665
-7.01792714621432 0.3666
-7.01782839007434 0.3667
-7.01772285280988 0.3668
-7.01761008275799 0.3669
-7.01750225221474 0.367
-7.01739263681146 0.3671
-7.01727184526271 0.3672
-7.01715471125122 0.3673
-7.01704692017029 0.3674
-7.01696535332376 0.3675
-7.01688642666025 0.3676
-7.01683257324567 0.3677
-7.01679535915018 0.3678
-7.01675248666497 0.3679
-7.01672367308076 0.368
-7.01668396530628 0.3681
-7.01665321365493 0.3682
-7.0166339889398 0.3683
-7.01664228094178 0.3684
-7.0166503820137 0.3685
-7.01665870202384 0.3686
-7.0166714622692 0.3687
-7.01669401738629 0.3688
-7.01672874012792 0.3689
-7.01677383508776 0.369
-7.01680834555979 0.3691
-7.01683957111375 0.3692
-7.01687611173393 0.3693
-7.01693624023387 0.3694
-7.0169832064132 0.3695
-7.01702500159741 0.3696
-7.01706406198027 0.3697
-7.01709989809001 0.3698
-7.01713744825766 0.3699
-7.01717196019583 0.37
-7.01718906765311 0.3701
-7.01719215191976 0.3702
-7.01719658439107 0.3703
-7.01720575421019 0.3704
-7.01720741237102 0.3705
-7.01721585560341 0.3706
-7.01722593267073 0.3707
-7.01722661295066 0.3708
-7.01722809398786 0.3709
-7.01721870743779 0.371
-7.01720442702458 0.3711
-7.01719062056785 0.3712
-7.01718299684872 0.3713
-7.01717411719559 0.3714
-7.01716082022821 0.3715
-7.01715760740596 0.3716
-7.01715320747349 0.3717
-7.01715279047322 0.3718
-7.01714366352573 0.3719
-7.01714544232131 0.372
-7.01714047523038 0.3721
-7.01714584594093 0.3722
-7.01717827662854 0.3723
-7.0172153194015 0.3724
-7.01723374197106 0.3725
-7.01727320563076 0.3726
-7.01733302509897 0.3727
-7.01739023532719 0.3728
-7.01746917390258 0.3729
-7.01755271862733 0.373
-7.0176392556665 0.3731
-7.0177334670978 0.3732
-7.01785469665236 0.3733
-7.01798873245725 0.3734
-7.01810751251333 0.3735
-7.01823470491471 0.3736
-7.0183404620914 0.3737
-7.01845525235552 0.3738
-7.01858503643804 0.3739
-7.01871437114679 0.374
-7.01885464587865 0.3741
-7.01899066789499 0.3742
-7.01912812210778 0.3743
-7.01924264106771 0.3744
-7.01934522353702 0.3745
-7.0194519642674 0.3746
-7.019555869007 0.3747
-7.01965667689354 0.3748
-7.01975246195467 0.3749
-7.01982472178043 0.375
-7.0198744900236 0.3751
-7.01990782204986 0.3752
-7.01990069493398 0.3753
-7.01986395857069 0.3754
-7.01981509825879 0.3755
-7.01972613311071 0.3756
-7.01962833905911 0.3757
-7.01950882630435 0.3758
-7.01937942560669 0.3759
-7.01921125585662 0.376
-7.01903775303671 0.3761
-7.01886285417282 0.3762
-7.01867519894816 0.3763
-7.01849635323696 0.3764
-7.01829785881044 0.3765
-7.01809990412158 0.3766
-7.01791965181234 0.3767
-7.01772236033374 0.3768
-7.0175474110053 0.3769
-7.01738020585556 0.377
-7.01723293997464 0.3771
-7.01710710198709 0.3772
-7.01698753949762 0.3773
-7.01687021714961 0.3774
-7.01677981840856 0.3775
-7.01668254964495 0.3776
-7.01659277737489 0.3777
-7.01650303085229 0.3778
-7.01642792572139 0.3779
-7.01636025871093 0.378
-7.01628430646861 0.3781
-7.01622330317468 0.3782
-7.01616035172584 0.3783
-7.01610539180885 0.3784
-7.01605360099553 0.3785
-7.01600660106701 0.3786
-7.01597492138431 0.3787
-7.01594140865639 0.3788
-7.0159225276194 0.3789
-7.01590884754632 0.379
-7.01590444554727 0.3791
-7.01588403815344 0.3792
-7.01584926953251 0.3793
-7.01582938560955 0.3794
-7.01579489361607 0.3795
-7.01574658278141 0.3796
-7.01569306800125 0.3797
-7.01564515400692 0.3798
-7.01558343672586 0.3799
-7.01552216394132 0.38
-7.01547390566311 0.3801
-7.01541149779855 0.3802
-7.01534507193265 0.3803
-7.01526995088877 0.3804
-7.01516798697171 0.3805
-7.01507860363374 0.3806
-7.01499568189368 0.3807
-7.01491612281706 0.3808
-7.0148397671606 0.3809
-7.01475764975716 0.381
-7.01469715411186 0.3811
-7.01465235322973 0.3812
-7.01463137814888 0.3813
-7.01461960720975 0.3814
-7.01463620998568 0.3815
-7.01467033537534 0.3816
-7.01471166791995 0.3817
-7.01476082830858 0.3818
-7.0148381762492 0.3819
-7.0149054824239 0.382
-7.01499203481169 0.3821
-7.01510621668312 0.3822
-7.01522662160535 0.3823
-7.01538105558439 0.3824
-7.01553196146786 0.3825
-7.01567950679664 0.3826
-7.01582038856749 0.3827
-7.01595477039726 0.3828
-7.01609907345814 0.3829
-7.01624016741761 0.383
-7.0163752007433 0.3831
-7.01650396459539 0.3832
-7.01662481404077 0.3833
-7.01673336930426 0.3834
-7.01682784770448 0.3835
-7.01690033463703 0.3836
-7.01696029184414 0.3837
-7.01700782682115 0.3838
-7.01703353191898 0.3839
-7.01703500272828 0.384
-7.01701514968791 0.3841
-7.0169865917113 0.3842
-7.01693554953109 0.3843
-7.01687595822054 0.3844
-7.01680811499214 0.3845
-7.01672668563276 0.3846
-7.01662554008327 0.3847
-7.0165130073403 0.3848
-7.01639006694962 0.3849
-7.01623852199818 0.385
-7.016078194396 0.3851
-7.01590656250508 0.3852
-7.01573431362351 0.3853
-7.01555229262513 0.3854
-7.01538016125297 0.3855
-7.0152158321425 0.3856
-7.01507446172153 0.3857
-7.01493841166334 0.3858
-7.01480400642447 0.3859
-7.0146673936311 0.386
-7.01454002528452 0.3861
-7.01442539666863 0.3862
-7.01431382457032 0.3863
-7.01419092739844 0.3864
-7.01406923080997 0.3865
-7.01395255865178 0.3866
-7.01383842665976 0.3867
-7.0137416350399 0.3868
-7.01365688430908 0.3869
-7.01359716312369 0.387
-7.01355154920241 0.3871
-7.01352361400756 0.3872
-7.01349419270667 0.3873
-7.01349190718796 0.3874
-7.01350505904416 0.3875
-7.0135174274723 0.3876
-7.01354201517881 0.3877
-7.01358474908658 0.3878
-7.0136296725772 0.3879
-7.01368819544656 0.388
-7.01373378730199 0.3881
-7.01379606811169 0.3882
-7.01384861898792 0.3883
-7.01389070739474 0.3884
-7.01392563105471 0.3885
-7.01397188399042 0.3886
-7.01403574045199 0.3887
-7.0140865278095 0.3888
-7.0141281238482 0.3889
-7.01415219641296 0.389
-7.01419983202382 0.3891
-7.01425105477733 0.3892
-7.01429883522917 0.3893
-7.01435358572891 0.3894
-7.01441873496552 0.3895
-7.01447746990788 0.3896
-7.01454504070289 0.3897
-7.01462427758527 0.3898
-7.01468313744076 0.3899
-7.01473872626307 0.39
-7.01478343824553 0.3901
-7.01482820174771 0.3902
-7.01484494357364 0.3903
-7.01487197238214 0.3904
-7.01490498184521 0.3905
-7.01494786745392 0.3906
-7.014980892619 0.3907
-7.01500596490694 0.3908
-7.01503712027225 0.3909
-7.01507562287571 0.391
-7.01512451454467 0.3911
-7.01516120653262 0.3912
-7.01520517151046 0.3913
-7.01523618370664 0.3914
-7.01526471525085 0.3915
-7.01528283000928 0.3916
-7.01527626749004 0.3917
-7.01526314265387 0.3918
-7.01523843074353 0.3919
-7.01520211815814 0.392
-7.01517016111415 0.3921
-7.01513213820821 0.3922
-7.01507690431551 0.3923
-7.01501932857494 0.3924
-7.01495546241334 0.3925
-7.01490417256886 0.3926
-7.01487674320652 0.3927
-7.01486722640491 0.3928
-7.01487642505026 0.3929
-7.01488797605917 0.393
-7.0149244609411 0.3931
-7.0149804989018 0.3932
-7.01505696685858 0.3933
-7.0151580283962 0.3934
-7.01528292695344 0.3935
-7.01542283996339 0.3936
-7.01556761281322 0.3937
-7.01572096719011 0.3938
-7.01586945687013 0.3939
-7.01601033102969 0.394
-7.01615340445656 0.3941
-7.01629245985729 0.3942
-7.01643484226559 0.3943
-7.01656654606388 0.3944
-7.01669141199991 0.3945
-7.01680562877936 0.3946
-7.01691398230991 0.3947
-7.01699714484258 0.3948
-7.01707848134725 0.3949
-7.01713982497421 0.395
-7.01718133318172 0.3951
-7.01720838314764 0.3952
-7.01720762705853 0.3953
-7.01718830424313 0.3954
-7.01717521878065 0.3955
-7.01714609810997 0.3956
-7.01709744752498 0.3957
-7.01701434061506 0.3958
-7.01690144387651 0.3959
-7.01676390885945 0.396
-7.01661765341504 0.3961
-7.01647176883824 0.3962
-7.01632406532853 0.3963
-7.01619383797928 0.3964
-7.01605853727001 0.3965
-7.01591293862357 0.3966
-7.01577222888092 0.3967
-7.01563881302628 0.3968
-7.01551004207542 0.3969
-7.01540038680203 0.397
-7.01530653924964 0.3971
-7.01523987810844 0.3972
-7.01519422161776 0.3973
-7.01515777882465 0.3974
-7.01511704527515 0.3975
-7.01508430144461 0.3976
-7.01506480736892 0.3977
-7.01504562701217 0.3978
-7.01504383912346 0.3979
-7.01507815382782 0.398
-7.01512460049452 0.3981
-7.01519636791942 0.3982
-7.01527741608457 0.3983
-7.01536897140787 0.3984
-7.01546770776059 0.3985
-7.01558004158128 0.3986
-7.01567037428789 0.3987
-7.0157858171951 0.3988
-7.01590445488389 0.3989
-7.01602784401818 0.399
-7.01614314975514 0.3991
-7.01626245048645 0.3992
-7.01636629119723 0.3993
-7.01647676436388 0.3994
-7.01655186210419 0.3995
-7.01660450944268 0.3996
-7.01664324049296 0.3997
-7.01667686482041 0.3998
-7.01668185933756 0.3999
-7.01667918400522 0.4
-7.01666628320777 0.4001
-7.01664347250821 0.4002
-7.01659602836214 0.4003
-7.01652085482389 0.4004
-7.01641730900882 0.4005
-7.01629618251909 0.4006
-7.01618539506612 0.4007
-7.01606507750082 0.4008
-7.01594898689061 0.4009
-7.01583935047485 0.401
-7.01573561070082 0.4011
-7.01563885353811 0.4012
-7.01555656667915 0.4013
-7.01549515997353 0.4014
-7.01545437769224 0.4015
-7.01544663038375 0.4016
-7.01545415125055 0.4017
-7.01546585197258 0.4018
-7.01549496782469 0.4019
-7.01555194874955 0.402
-7.01561800395422 0.4021
-7.01569171968584 0.4022
-7.01578328497481 0.4023
-7.01588839740106 0.4024
-7.01597767531372 0.4025
-7.01607401919153 0.4026
-7.01618451527811 0.4027
-7.0162840411671 0.4028
-7.01640945243859 0.4029
-7.01651662303386 0.403
-7.01661489785281 0.4031
-7.01671346989695 0.4032
-7.01680036038411 0.4033
-7.01686551398678 0.4034
-7.01691335844769 0.4035
-7.01695612228422 0.4036
-7.01698259237891 0.4037
-7.01698373914097 0.4038
-7.01695892855194 0.4039
-7.01692969610865 0.404
-7.01688797561033 0.4041
-7.01682853520655 0.4042
-7.01674662952965 0.4043
-7.01663598070681 0.4044
-7.0164970272902 0.4045
-7.01634750424466 0.4046
-7.01618977050791 0.4047
-7.01602169923448 0.4048
-7.01583985217197 0.4049
-7.01562826793989 0.405
-7.01542632014435 0.4051
-7.01521840755055 0.4052
-7.01500894609395 0.4053
-7.01479699700808 0.4054
-7.01459863613039 0.4055
-7.01440685756544 0.4056
-7.01421824277189 0.4057
-7.01405218501681 0.4058
-7.01389627149676 0.4059
-7.01373505167217 0.406
-7.01357785771071 0.4061
-7.01342876278491 0.4062
-7.01329705154918 0.4063
-7.01317945358351 0.4064
-7.01306785632959 0.4065
-7.01296762869578 0.4066
-7.01285884614782 0.4067
-7.0127605947004 0.4068
-7.01267315892819 0.4069
-7.01259929026487 0.407
-7.01253823488638 0.4071
-7.01249493699871 0.4072
-7.01246639782674 0.4073
-7.01245414419472 0.4074
-7.0124528221737 0.4075
-7.0124540597773 0.4076
-7.01249439657348 0.4077
-7.01255339598559 0.4078
-7.01262008215076 0.4079
-7.01271252150242 0.408
-7.01280546971117 0.4081
-7.01289174055167 0.4082
-7.01296746874917 0.4083
-7.01302590734114 0.4084
-7.01308948894065 0.4085
-7.01318275236742 0.4086
-7.01327639694877 0.4087
-7.01337550543217 0.4088
-7.01348104889263 0.4089
-7.01358628034224 0.409
-7.01369938143734 0.4091
-7.01383072504162 0.4092
-7.01396273861837 0.4093
-7.0140918269204 0.4094
-7.01423122327687 0.4095
-7.01437247650191 0.4096
-7.01450109432974 0.4097
-7.01462153899899 0.4098
-7.01475002602629 0.4099
-7.01488870622419 0.41
-7.01504068383659 0.4101
-7.01519326165877 0.4102
-7.01535056646888 0.4103
-7.01551053295761 0.4104
-7.01567333129644 0.4105
-7.01583281244516 0.4106
-7.01597349423126 0.4107
-7.01610507216148 0.4108
-7.01622292558052 0.4109
-7.01631363820427 0.411
-7.01638308172392 0.4111
-7.01643731331906 0.4112
-7.01647458413051 0.4113
-7.01649178589647 0.4114
-7.01648258150331 0.4115
-7.01643928048528 0.4116
-7.01636435031707 0.4117
-7.01626610432547 0.4118
-7.01615409984764 0.4119
-7.01602831165875 0.412
-7.0158809828346 0.4121
-7.01571486988428 0.4122
-7.01554011286816 0.4123
-7.01535857582724 0.4124
-7.01515764567109 0.4125
-7.01494299622127 0.4126
-7.01472473412595 0.4127
-7.01449807972494 0.4128
-7.01427350099417 0.4129
-7.01404200812556 0.413
-7.01380150968911 0.4131
-7.01357280604375 0.4132
-7.01335493121021 0.4133
-7.01315716575377 0.4134
-7.01297180273324 0.4135
-7.01278620198304 0.4136
-7.01259761591567 0.4137
-7.01241763844522 0.4138
-7.01223295288803 0.4139
-7.01206758809898 0.414
-7.01191510160496 0.4141
-7.0117831465657 0.4142
-7.01165804717084 0.4143
-7.01154275415488 0.4144
-7.01144724047047 0.4145
-7.01137744738325 0.4146
-7.01133378094567 0.4147
-7.01131402487067 0.4148
-7.01132574797263 0.4149
-7.01134884173019 0.415
-7.01138165601121 0.4151
-7.01144889930946 0.4152
-7.01153752661397 0.4153
-7.01162060979251 0.4154
-7.01173076796184 0.4155
-7.01182533559746 0.4156
-7.01192983494728 0.4157
-7.0120436829186 0.4158
-7.0121657465125 0.4159
-7.01228903117655 0.416
-7.01242103920829 0.4161
-7.01255128438349 0.4162
-7.01270077468285 0.4163
-7.01284355643319 0.4164
-7.01296995274367 0.4165
-7.01309340922887 0.4166
-7.01320297132057 0.4167
-7.01329105410587 0.4168
-7.01336708806759 0.4169
-7.01344601820488 0.417
-7.01351444788786 0.4171
-7.01358208106491 0.4172
-7.01363929344673 0.4173
-7.01370518688715 0.4174
-7.01377569691741 0.4175
-7.01384657471201 0.4176
-7.01391099079562 0.4177
-7.0139739577139 0.4178
-7.01404295386126 0.4179
-7.01412087305727 0.418
-7.014195088137 0.4181
-7.01426533432573 0.4182
-7.01435778332601 0.4183
-7.01444545245489 0.4184
-7.01453856206557 0.4185
-7.01461772935098 0.4186
-7.01469306906465 0.4187
-7.01474159481533 0.4188
-7.01477055582921 0.4189
-7.01477937947087 0.419
-7.01477843193084 0.4191
-7.01476742457885 0.4192
-7.01476250639546 0.4193
-7.01473338623128 0.4194
-7.01467398928857 0.4195
-7.01459260700994 0.4196
-7.01448706179404 0.4197
-7.01436109971283 0.4198
-7.01423144828421 0.4199
-7.01410496525502 0.42
-7.01397190204099 0.4201
-7.01383686006421 0.4202
-7.01370855281954 0.4203
-7.01359307670016 0.4204
-7.01349231012916 0.4205
-7.01339349807656 0.4206
-7.01330815216114 0.4207
-7.01324798906615 0.4208
-7.01321291427586 0.4209
-7.01319251521026 0.421
-7.01317575073777 0.4211
-7.01315473898045 0.4212
-7.01314492097756 0.4213
-7.01314918439629 0.4214
-7.01314895084148 0.4215
-7.01314991190012 0.4216
-7.01312555033441 0.4217
-7.01309874128615 0.4218
-7.01309239175998 0.4219
-7.01308955920761 0.422
-7.01307950768811 0.4221
-7.01306047288846 0.4222
-7.01305305895892 0.4223
-7.01304665714806 0.4224
-7.01305087420309 0.4225
-7.01303864092578 0.4226
-7.01303234122039 0.4227
-7.01303083463863 0.4228
-7.01304889478658 0.4229
-7.01304785767858 0.423
-7.01305520168193 0.4231
-7.01306335986001 0.4232
-7.01307435746642 0.4233
-7.01309846875523 0.4234
-7.01314086408169 0.4235
-7.01317923897859 0.4236
-7.01319450457391 0.4237
-7.01320413205637 0.4238
-7.0131971295245 0.4239
-7.01319060909117 0.424
-7.01317781274775 0.4241
-7.01317441774298 0.4242
-7.01317027336496 0.4243
-7.01315994589371 0.4244
-7.01313308280911 0.4245
-7.01310983019073 0.4246
-7.01309357935852 0.4247
-7.01307726354442 0.4248
-7.01304597746246 0.4249
-7.01302522964383 0.425
-7.01301403908799 0.4251
-7.01300457249518 0.4252
-7.0130086854427 0.4253
-7.01300746320825 0.4254
-7.01299785739268 0.4255
-7.01298169705429 0.4256
-7.01294391616889 0.4257
-7.01289520972848 0.4258
-7.0128583929748 0.4259
-7.01284466635598 0.426
-7.01282318178115 0.4261
-7.01280357139297 0.4262
-7.01277084318366 0.4263
-7.01272761517253 0.4264
-7.01267772315563 0.4265
-7.01262718181105 0.4266
-7.01257075262467 0.4267
-7.01252729793986 0.4268
-7.01249067922651 0.4269
-7.01245117225437 0.427
-7.01241003703065 0.4271
-7.01236921256467 0.4272
-7.01235129698703 0.4273
-7.01234334463994 0.4274
-7.0123556943799 0.4275
-7.01238389565065 0.4276
-7.01244047444266 0.4277
-7.01251352364186 0.4278
-7.01260178292817 0.4279
-7.01269326636834 0.428
-7.01277872371423 0.4281
-7.01286503734411 0.4282
-7.0129597948714 0.4283
-7.0130652526608 0.4284
-7.01316504694686 0.4285
-7.01327070401548 0.4286
-7.01337634513906 0.4287
-7.01347228087359 0.4288
-7.01356353266365 0.4289
-7.01363729456801 0.429
-7.01369281705542 0.4291
-7.01372932325565 0.4292
-7.01375401273562 0.4293
-7.01377006922748 0.4294
-7.01376336084149 0.4295
-7.013741060248 0.4296
-7.01371841723566 0.4297
-7.01368640227771 0.4298
-7.01365215782869 0.4299
-7.01361115506386 0.43
-7.0135537560519 0.4301
-7.01349186599337 0.4302
-7.01343611588436 0.4303
-7.01339101384599 0.4304
-7.01334042322838 0.4305
-7.01329883048193 0.4306
-7.01327274977206 0.4307
-7.01324381312551 0.4308
-7.01321055388886 0.4309
-7.01317902552328 0.431
-7.01314511385697 0.4311
-7.01310716389526 0.4312
-7.01305388146496 0.4313
-7.01298570391808 0.4314
-7.01290830528665 0.4315
-7.01281045749323 0.4316
-7.01269915116432 0.4317
-7.01260011416985 0.4318
-7.01251292750361 0.4319
-7.0124462380946 0.432
-7.01240394620763 0.4321
-7.01236566442279 0.4322
-7.01233540370539 0.4323
-7.01232207250664 0.4324
-7.01233652195013 0.4325
-7.01236416136868 0.4326
-7.01239160715463 0.4327
-7.01243597548761 0.4328
-7.01249096278139 0.4329
-7.01256017458579 0.433
-7.01263231729947 0.4331
-7.01270067455685 0.4332
-7.01280368061906 0.4333
-7.01292416711347 0.4334
-7.01303321259261 0.4335
-7.01313586462652 0.4336
-7.01323865369759 0.4337
-7.0133377805811 0.4338
-7.01342557215359 0.4339
-7.0134877568583 0.434
-7.01354762660855 0.4341
-7.01360275374407 0.4342
-7.01367240711572 0.4343
-7.01371792466699 0.4344
-7.01375540724957 0.4345
-7.01376529242529 0.4346
-7.01375988340454 0.4347
-7.01373155220327 0.4348
-7.01368410767014 0.4349
-7.01361711466207 0.435
-7.01353842745599 0.4351
-7.01345238445555 0.4352
-7.01334452103832 0.4353
-7.01323856285213 0.4354
-7.01311701331129 0.4355
-7.01300026001976 0.4356
-7.01288995782018 0.4357
-7.01277058152104 0.4358
-7.0126688811917 0.4359
-7.0125639657846 0.436
-7.01246192487735 0.4361
-7.01237449943631 0.4362
-7.01229508212074 0.4363
-7.01222414425016 0.4364
-7.01215095436083 0.4365
-7.01209858234797 0.4366
-7.01203266992715 0.4367
-7.01197703375963 0.4368
-7.01194305367363 0.4369
-7.01191816223162 0.437
-7.01190694430124 0.4371
-7.01188643498141 0.4372
-7.01188206345373 0.4373
-7.01188674146628 0.4374
-7.01188832417568 0.4375
-7.01189446466033 0.4376
-7.01189681375931 0.4377
-7.01191290866022 0.4378
-7.011924325978 0.4379
-7.01195792246855 0.438
-7.01199349069039 0.4381
-7.0120348334777 0.4382
-7.01207517432423 0.4383
-7.01209912044545 0.4384
-7.01212419154136 0.4385
-7.01214947303618 0.4386
-7.01217488546047 0.4387
-7.01220911667362 0.4388
-7.01221316309999 0.4389
-7.01220891503405 0.439
-7.01219797197046 0.4391
-7.01218425769331 0.4392
-7.01216087711023 0.4393
-7.01213377726631 0.4394
-7.01209029009613 0.4395
-7.0120429973367 0.4396
-7.01200474558415 0.4397
-7.01196787380136 0.4398
-7.01192354120938 0.4399
-7.01187181940783 0.44
-7.01181300591527 0.4401
-7.01176170051436 0.4402
-7.01170547675308 0.4403
-7.01161651313792 0.4404
-7.01152643894465 0.4405
-7.01143655824019 0.4406
-7.01137306800507 0.4407
-7.01131768291146 0.4408
-7.01127860169594 0.4409
-7.01121653334608 0.441
-7.01116490437565 0.4411
-7.01109969634201 0.4412
-7.01101836843858 0.4413
-7.01093703300901 0.4414
-7.01086855522985 0.4415
-7.01079822432173 0.4416
-7.01072519985122 0.4417
-7.01064647319565 0.4418
-7.01058577881617 0.4419
-7.0105278697231 0.442
-7.0104783489411 0.4421
-7.01043714838795 0.4422
-7.01040946765567 0.4423
-7.01038186823126 0.4424
-7.01037104289725 0.4425
-7.01035735809116 0.4426
-7.01034910412355 0.4427
-7.01033204544554 0.4428
-7.01031463708007 0.4429
-7.0102997143551 0.443
-7.01026288125056 0.4431
-7.01024227185 0.4432
-7.01021547330679 0.4433
-7.01018354139711 0.4434
-7.01015764174585 0.4435
-7.01014197320608 0.4436
-7.01014498409733 0.4437
-7.01014683786619 0.4438
-7.01015519225754 0.4439
-7.01017622479316 0.444
-7.01019613236133 0.4441
-7.0102069798509 0.4442
-7.01020613054038 0.4443
-7.01019886408828 0.4444
-7.01017850250957 0.4445
-7.01015276486522 0.4446
-7.0100998427784 0.4447
-7.01004780287423 0.4448
-7.00997187680375 0.4449
-7.00989607640311 0.445
-7.00981345875752 0.4451
-7.00973667104979 0.4452
-7.009668147032 0.4453
-7.00959537734227 0.4454
-7.00951159219563 0.4455
-7.00941227211018 0.4456
-7.00929160969986 0.4457
-7.00915875646104 0.4458
-7.00901520359157 0.4459
-7.00887576593333 0.446
-7.00875061324808 0.4461
-7.00863773299383 0.4462
-7.00852482833333 0.4463
-7.00843369541088 0.4464
-7.00835347494971 0.4465
-7.00827691958403 0.4466
-7.00821796864091 0.4467
-7.0081654347145 0.4468
-7.00811424021151 0.4469
-7.00807186314686 0.447
-7.00804376837119 0.4471
-7.00801719628194 0.4472
-7.00800219270152 0.4473
-7.00799860807258 0.4474
-7.00799264812666 0.4475
-7.00799805420778 0.4476
-7.00800627148677 0.4477
-7.00802487966434 0.4478
-7.0080323649878 0.4479
-7.00804164970174 0.448
-7.00807120323235 0.4481
-7.00813591243407 0.4482
-7.00820333546026 0.4483
-7.00827272526708 0.4484
-7.00834969021066 0.4485
-7.00844075372114 0.4486
-7.00853215723505 0.4487
-7.00864204385835 0.4488
-7.00877234968598 0.4489
-7.00890402012426 0.449
-7.00902905397931 0.4491
-7.00915922572267 0.4492
-7.00929445439654 0.4493
-7.00942551963271 0.4494
-7.00956442022071 0.4495
-7.00968733363679 0.4496
-7.0098056903264 0.4497
-7.00993023436857 0.4498
-7.01004754790568 0.4499
-7.01015837179024 0.45
-7.01025598163718 0.4501
-7.01033949195882 0.4502
-7.01042037820638 0.4503
-7.01050706111638 0.4504
-7.01057296899514 0.4505
-7.01063296253006 0.4506
-7.01066664021589 0.4507
-7.01070080239118 0.4508
-7.01073715447048 0.4509
-7.01075455035996 0.451
-7.01076696438571 0.4511
-7.01077015737785 0.4512
-7.01075967019628 0.4513
-7.01075711326355 0.4514
-7.01075417223969 0.4515
-7.01075785382008 0.4516
-7.01077649208672 0.4517
-7.01081523945495 0.4518
-7.01087548276715 0.4519
-7.01094477040543 0.452
-7.01102128072852 0.4521
-7.01107798323221 0.4522
-7.0111316281431 0.4523
-7.01118545590139 0.4524
-7.0112405828827 0.4525
-7.01130216026952 0.4526
-7.01136319780761 0.4527
-7.01142322282788 0.4528
-7.01148886783081 0.4529
-7.0115536028269 0.453
-7.01160643794834 0.4531
-7.01164713628825 0.4532
-7.01167227382038 0.4533
-7.01169883571439 0.4534
-7.01174283483712 0.4535
-7.01177957380568 0.4536
-7.01180015746671 0.4537
-7.01181132775478 0.4538
-7.01182110826502 0.4539
-7.01181486306877 0.454
-7.0117847613919 0.4541
-7.01175666738345 0.4542
-7.01172873699878 0.4543
-7.01170604489329 0.4544
-7.01164941191281 0.4545
-7.01158331283032 0.4546
-7.01153379432815 0.4547
-7.01148659197448 0.4548
-7.0114498467715 0.4549
-7.01142351790445 0.455
-7.01140198762341 0.4551
-7.0113773759719 0.4552
-7.01136750971722 0.4553
-7.01136416846679 0.4554
-7.01136868273777 0.4555
-7.01140437084973 0.4556
-7.01144006582423 0.4557
-7.01149594268525 0.4558
-7.01156054946592 0.4559
-7.01161371860124 0.456
-7.01167516832179 0.4561
-7.011738682773 0.4562
-7.01180448539291 0.4563
-7.01186622796181 0.4564
-7.01190989413079 0.4565
-7.01194785217599 0.4566
-7.01195572938937 0.4567
-7.01193933709037 0.4568
-7.01189748199328 0.4569
-7.01182739636609 0.457
-7.01173709048048 0.4571
-7.01163551558046 0.4572
-7.01152103239889 0.4573
-7.01141198030108 0.4574
-7.01128899594726 0.4575
-7.01116222146899 0.4576
-7.01103565929686 0.4577
-7.01092019616401 0.4578
-7.01081608301658 0.4579
-7.010727181635 0.458
-7.01062335898962 0.4581
-7.01053350491495 0.4582
-7.01044972057677 0.4583
-7.01038204181783 0.4584
-7.01031867634273 0.4585
-7.01026406874279 0.4586
-7.01021409460947 0.4587
-7.0101770324301 0.4588
-7.0101502977504 0.4589
-7.01011145456808 0.459
-7.0100733821317 0.4591
-7.010045286574 0.4592
-7.01000922601024 0.4593
-7.01000471035697 0.4594
-7.01001951801427 0.4595
-7.01003057103929 0.4596
-7.010049279098 0.4597
-7.01007474501102 0.4598
-7.01011151131428 0.4599
-7.01015587396 0.46
-7.01022216117645 0.4601
-7.01030343764247 0.4602
-7.01036922613628 0.4603
-7.01043001064435 0.4604
-7.01049283413158 0.4605
-7.01053904047994 0.4606
-7.01059325123035 0.4607
-7.01065967233682 0.4608
-7.01070369904872 0.4609
-7.0107427226131 0.461
-7.01077250644589 0.4611
-7.01080504101039 0.4612
-7.01083019551096 0.4613
-7.01081554220647 0.4614
-7.0107903658468 0.4615
-7.01075414986364 0.4616
-7.01071277528654 0.4617
-7.01063578700749 0.4618
-7.01053343919417 0.4619
-7.01041006958538 0.462
-7.01025419021832 0.4621
-7.01008367218503 0.4622
-7.00991233607346 0.4623
-7.00971327570563 0.4624
-7.0094979139065 0.4625
-7.00928527627935 0.4626
-7.00907247313523 0.4627
-7.00887888727492 0.4628
-7.00867402713848 0.4629
-7.00848620899787 0.463
-7.00831459924342 0.4631
-7.00815534555776 0.4632
-7.00802098012403 0.4633
-7.00791761706832 0.4634
-7.00783192889724 0.4635
-7.00777532508459 0.4636
-7.00771799545293 0.4637
-7.00766731596375 0.4638
-7.00762587912903 0.4639
-7.00760831296646 0.464
-7.0076292996857 0.4641
-7.00767750936118 0.4642
-7.00775073316105 0.4643
-7.00785327987466 0.4644
-7.00794740397852 0.4645
-7.00805724569507 0.4646
-7.00815925481465 0.4647
-7.008262953434 0.4648
-7.00835902110933 0.4649
-7.00844086663647 0.465
-7.00850253905689 0.4651
-7.00857695626672 0.4652
-7.00865521646037 0.4653
-7.00873080830572 0.4654
-7.00880888317692 0.4655
-7.00887508472415 0.4656
-7.00893084855167 0.4657
-7.00898093982482 0.4658
-7.00903796347205 0.4659
-7.00908512113183 0.466
-7.00912821001982 0.4661
-7.00917324551457 0.4662
-7.00921059288709 0.4663
-7.00925039085022 0.4664
-7.00930721914865 0.4665
-7.00933150180611 0.4666
-7.00932176298394 0.4667
-7.00930672543493 0.4668
-7.00927785809273 0.4669
-7.00925515453855 0.467
-7.00924112898425 0.4671
-7.00923083542668 0.4672
-7.0092255796502 0.4673
-7.00921066723518 0.4674
-7.00919827266627 0.4675
-7.00920585188141 0.4676
-7.00922594805687 0.4677
-7.00927007785168 0.4678
-7.00930710875776 0.4679
-7.00935724061699 0.468
-7.00940758720827 0.4681
-7.00945785861523 0.4682
-7.00951264104776 0.4683
-7.00957419638067 0.4684
-7.00964917486844 0.4685
-7.00972458940129 0.4686
-7.00979073409913 0.4687
-7.00987514541674 0.4688
-7.00998189388652 0.4689
-7.01008698924823 0.469
-7.01020141005595 0.4691
-7.01030269213587 0.4692
-7.01039246167181 0.4693
-7.01047211541167 0.4694
-7.01051701374499 0.4695
-7.01054814510095 0.4696
-7.01057052879583 0.4697
-7.01058168352117 0.4698
-7.01058983420309 0.4699
-7.01058549693333 0.47
-7.01057721501846 0.4701
-7.01055669981426 0.4702
-7.01052609574042 0.4703
-7.01048931654795 0.4704
-7.01045312105685 0.4705
-7.01041098618508 0.4706
-7.01036738082403 0.4707
-7.01030420063572 0.4708
-7.01025712478876 0.4709
-7.01021496305121 0.471
-7.01017747152294 0.4711
-7.01012746106755 0.4712
-7.01010025356704 0.4713
-7.01004869733756 0.4714
-7.01001137409409 0.4715
-7.00997072366379 0.4716
-7.00992106543928 0.4717
-7.00987790793247 0.4718
-7.00983683148117 0.4719
-7.00978936927921 0.472
-7.00973097397611 0.4721
-7.00965612825229 0.4722
-7.00958344955076 0.4723
-7.00949859586762 0.4724
-7.00941332801378 0.4725
-7.00932557909963 0.4726
-7.00924156797552 0.4727
-7.00915421836475 0.4728
-7.00906769872605 0.4729
-7.0090023359261 0.473
-7.008962307834 0.4731
-7.00894151403963 0.4732
-7.00892836926418 0.4733
-7.00893125841032 0.4734
-7.00894141557013 0.4735
-7.00896973796553 0.4736
-7.00899789355817 0.4737
-7.00904189931609 0.4738
-7.00909956877338 0.4739
-7.00915252608567 0.474
-7.00919485070905 0.4741
-7.00922744951724 0.4742
-7.00924147172102 0.4743
-7.00923431303463 0.4744
-7.00920571528045 0.4745
-7.00915437374306 0.4746
-7.00908232408414 0.4747
-7.00900824969597 0.4748
-7.00893061834689 0.4749
-7.00883833561063 0.475
-7.00873860289111 0.4751
-7.00863234357413 0.4752
-7.0085112546374 0.4753
-7.00837434056001 0.4754
-7.00824552079007 0.4755
-7.00809107451904 0.4756
-7.00793218055836 0.4757
-7.0077686636033 0.4758
-7.00759590219978 0.4759
-7.00741098933482 0.476
-7.00723302333537 0.4761
-7.00704843598763 0.4762
-7.0068714274992 0.4763
-7.00670626456239 0.4764
-7.00656831474828 0.4765
-7.00645109764077 0.4766
-7.00636283374683 0.4767
-7.00629042825059 0.4768
-7.0062214264937 0.4769
-7.00614872109286 0.477
-7.00609728737135 0.4771
-7.00605418959818 0.4772
-7.0060337454099 0.4773
-7.00602629182432 0.4774
-7.00604254314859 0.4775
-7.00605303049607 0.4776
-7.00606583870638 0.4777
-7.00608716258631 0.4778
-7.00611936884867 0.4779
-7.00616512678202 0.478
-7.00621498580946 0.4781
-7.0062643679706 0.4782
-7.00632718163762 0.4783
-7.00639900147503 0.4784
-7.00648285697845 0.4785
-7.00656375919281 0.4786
-7.00666351485235 0.4787
-7.0067589328022 0.4788
-7.00685739000476 0.4789
-7.0069479893404 0.479
-7.00701769178679 0.4791
-7.00708779488721 0.4792
-7.00716409338923 0.4793
-7.00723077683393 0.4794
-7.00732369668456 0.4795
-7.00740104250082 0.4796
-7.00746164258117 0.4797
-7.00751328330612 0.4798
-7.00755795979881 0.4799
-7.00759807878144 0.48
-7.00762653517344 0.4801
-7.00765313412007 0.4802
-7.00767030663128 0.4803
-7.00768553841853 0.4804
-7.00771204217187 0.4805
-7.00772591263468 0.4806
-7.00772110390874 0.4807
-7.00772733902429 0.4808
-7.00773776437991 0.4809
-7.0077577501992 0.481
-7.00776360195562 0.4811
-7.00775889015085 0.4812
-7.00774507361287 0.4813
-7.00771663746734 0.4814
-7.00768348122514 0.4815
-7.00763406486667 0.4816
-7.00757150554187 0.4817
-7.0075008704896 0.4818
-7.00743500407514 0.4819
-7.00738513324826 0.482
-7.00731959296474 0.4821
-7.00723813653741 0.4822
-7.00715936492739 0.4823
-7.00706139220858 0.4824
-7.0069605577881 0.4825
-7.00688007660824 0.4826
-7.00680862802535 0.4827
-7.00672149775062 0.4828
-7.00663813160014 0.4829
-7.00656613579686 0.483
-7.00647339428474 0.4831
-7.00636448518743 0.4832
-7.00626558715445 0.4833
-7.00616887126907 0.4834
-7.00606669974233 0.4835
-7.00594724029223 0.4836
-7.0058244467255 0.4837
-7.00571237200896 0.4838
-7.00562008808504 0.4839
-7.00553200655978 0.484
-7.00545311884795 0.4841
-7.00536971475313 0.4842
-7.00530853991332 0.4843
-7.00527871314162 0.4844
-7.0052816939889 0.4845
-7.00529660447257 0.4846
-7.00533216677685 0.4847
-7.00539522647548 0.4848
-7.00546527534956 0.4849
-7.00554684849079 0.485
-7.00565100016619 0.4851
-7.00577580726003 0.4852
-7.0058908343828 0.4853
-7.00601349760541 0.4854
-7.00614403874685 0.4855
-7.00627157371995 0.4856
-7.00640680319676 0.4857
-7.00653069101005 0.4858
-7.00666232603125 0.4859
-7.0067794947212 0.486
-7.00689086922256 0.4861
-7.00698389952525 0.4862
-7.00705468072488 0.4863
-7.00709447709121 0.4864
-7.00713499251542 0.4865
-7.00716547043555 0.4866
-7.00720147370246 0.4867
-7.00723651613984 0.4868
-7.0072586373774 0.4869
-7.00725897192979 0.487
-7.0072362358313 0.4871
-7.00719201301994 0.4872
-7.00713512291109 0.4873
-7.00708659725476 0.4874
-7.00702981575152 0.4875
-7.00699000151765 0.4876
-7.00692713261975 0.4877
-7.00685211098275 0.4878
-7.00675868821337 0.4879
-7.00666550469638 0.488
-7.0065592316878 0.4881
-7.00645609886834 0.4882
-7.00634176131517 0.4883
-7.00622390932504 0.4884
-7.00611043537232 0.4885
-7.00599902450262 0.4886
-7.00590791023855 0.4887
-7.00583315323981 0.4888
-7.00577315646007 0.4889
-7.00573964970688 0.489
-7.00570446523134 0.4891
-7.00566824880398 0.4892
-7.00564037333045 0.4893
-7.00561918420333 0.4894
-7.00559148490621 0.4895
-7.00556660914241 0.4896
-7.00553190068699 0.4897
-7.00549515137208 0.4898
-7.00547196922791 0.4899
-7.00547050854143 0.49
-7.00547084322509 0.4901
-7.0054939800141 0.4902
-7.00552709027202 0.4903
-7.00553860544106 0.4904
-7.00553628687741 0.4905
-7.00552755470973 0.4906
-7.00550470673179 0.4907
-7.00549917560406 0.4908
-7.00549120806223 0.4909
-7.0054935639369 0.491
-7.00550663071698 0.4911
-7.00550999716115 0.4912
-7.00550909009395 0.4913
-7.00552243819877 0.4914
-7.00554146012009 0.4915
-7.0055582061127 0.4916
-7.00555808844136 0.4917
-7.00553071375195 0.4918
-7.00549833603321 0.4919
-7.00545080190867 0.492
-7.00539956918856 0.4921
-7.00534986494694 0.4922
-7.00531609604008 0.4923
-7.00528656342747 0.4924
-7.00525918530182 0.4925
-7.00520830612 0.4926
-7.00516538444987 0.4927
-7.00512719599959 0.4928
-7.00506424953425 0.4929
-7.00498039899865 0.493
-7.00491677739411 0.4931
-7.00486410466892 0.4932
-7.00480122012931 0.4933
-7.00472052338677 0.4934
-7.0046488024139 0.4935
-7.00457742391679 0.4936
-7.00452497354167 0.4937
-7.00448164417263 0.4938
-7.00445571464545 0.4939
-7.0044258024183 0.494
-7.00440216798717 0.4941
-7.00437894447241 0.4942
-7.00436051042416 0.4943
-7.0043351251711 0.4944
-7.00432530124273 0.4945
-7.00432596684681 0.4946
-7.00433261332167 0.4947
-7.00435733542521 0.4948
-7.00438700784369 0.4949
-7.0044096950954 0.495
-7.00441528756645 0.4951
-7.00443626911398 0.4952
-7.00446230097843 0.4953
-7.00448707487879 0.4954
-7.00450415019199 0.4955
-7.00449107828302 0.4956
-7.00446953778117 0.4957
-7.00444005953603 0.4958
-7.00438498794343 0.4959
-7.00431203319623 0.496
-7.00423605336912 0.4961
-7.00416229345711 0.4962
-7.00409575740254 0.4963
-7.00404224079973 0.4964
-7.00398067250181 0.4965
-7.00393097495862 0.4966
-7.0038876932026 0.4967
-7.00384810140944 0.4968
-7.00382759150028 0.4969
-7.0037992933114 0.497
-7.0037840914634 0.4971
-7.00377770056491 0.4972
-7.00376578864657 0.4973
-7.00376751003932 0.4974
-7.00379304171017 0.4975
-7.00381537604349 0.4976
-7.00384356886552 0.4977
-7.0038937875084 0.4978
-7.0039332060708 0.4979
-7.00398154311884 0.498
-7.00403735800898 0.4981
-7.00409284352112 0.4982
-7.00416317303463 0.4983
-7.00424991812005 0.4984
-7.00431842023285 0.4985
-7.00440346138142 0.4986
-7.00446393559278 0.4987
-7.00451979478133 0.4988
-7.00457774687163 0.4989
-7.00461983988446 0.499
-7.00464877988725 0.4991
-7.00466360468765 0.4992
-7.00468695822734 0.4993
-7.00467616805026 0.4994
-7.00465698877429 0.4995
-7.00460571369375 0.4996
-7.00455848870032 0.4997
-7.00449151130493 0.4998
-7.00441714687905 0.4999
-7.00434510616305 0.5
-7.00428734607675 0.5001
-7.0042486050489 0.5002
-7.00421200438976 0.5003
-7.0041601808591 0.5004
-7.00413213835684 0.5005
-7.0041255045423 0.5006
-7.0041044557139 0.5007
-7.00411435994995 0.5008
-7.00413059147969 0.5009
-7.00414617089788 0.501
-7.00416440489756 0.5011
-7.004192691446 0.5012
-7.00422061081664 0.5013
-7.00425394537562 0.5014
-7.00428463319876 0.5015
-7.00433605070105 0.5016
-7.00437341594817 0.5017
-7.0044150744182 0.5018
-7.0044460142102 0.5019
-7.00446714498741 0.502
-7.00448187999742 0.5021
-7.00449017208398 0.5022
-7.00449012944664 0.5023
-7.00447232347846 0.5024
-7.00445688252843 0.5025
-7.00442970403378 0.5026
-7.00439993086195 0.5027
-7.00438092341567 0.5028
-7.0043720351546 0.5029
-7.00435915619032 0.503
-7.00435408306796 0.5031
-7.0043717017403 0.5032
-7.00439142352021 0.5033
-7.00442053685132 0.5034
-7.00446445786718 0.5035
-7.00451945957677 0.5036
-7.00456819099056 0.5037
-7.00462296956756 0.5038
-7.0046860665358 0.5039
-7.00475755782418 0.504
-7.00483896719468 0.5041
-7.00491914085237 0.5042
-7.00500509731068 0.5043
-7.00508310474396 0.5044
-7.00515126832316 0.5045
-7.0052060266073 0.5046
-7.00525179716417 0.5047
-7.00529823463611 0.5048
-7.00534431165608 0.5049
-7.00539158486146 0.505
-7.00544902661793 0.5051
-7.00549665616858 0.5052
-7.00554594561622 0.5053
-7.00559985628971 0.5054
-7.00565820231361 0.5055
-7.0057245399645 0.5056
-7.0057925397729 0.5057
-7.0058439253001 0.5058
-7.00589540788826 0.5059
-7.00593077766616 0.506
-7.00595904444437 0.5061
-7.00598851589868 0.5062
-7.0060238737715 0.5063
-7.00605642384864 0.5064
-7.00610229254815 0.5065
-7.00615318471065 0.5066
-7.006208770691 0.5067
-7.0062512293663 0.5068
-7.00629462324661 0.5069
-7.00633502365285 0.507
-7.00635881847775 0.5071
-7.00636545269493 0.5072
-7.00635441310011 0.5073
-7.00630573045785 0.5074
-7.00625025505657 0.5075
-7.00617618311242 0.5076
-7.00610184472686 0.5077
-7.00599377596137 0.5078
-7.00588434890759 0.5079
-7.00576888488913 0.508
-7.0056635610755 0.5081
-7.00555746056431 0.5082
-7.005445701165 0.5083
-7.00533217652091 0.5084
-7.00521463042948 0.5085
-7.00508812673166 0.5086
-7.0049623365943 0.5087
-7.00482836358326 0.5088
-7.00469281888506 0.5089
-7.00455608267811 0.509
-7.00440698659192 0.5091
-7.00424035506251 0.5092
-7.00406488482773 0.5093
-7.00390219972319 0.5094
-7.00374783789313 0.5095
-7.0035924344777 0.5096
-7.00342950664398 0.5097
-7.0032653327243 0.5098
-7.00311711538919 0.5099
-7.00297846040213 0.51
-7.00286728040695 0.5101
-7.00277782742753 0.5102
-7.00270275932708 0.5103
-7.00263417265173 0.5104
-7.00258129479962 0.5105
-7.00254684509872 0.5106
-7.00252766296108 0.5107
-7.00253313624812 0.5108
-7.00255780876525 0.5109
-7.00260407253122 0.511
-7.00265712139857 0.5111
-7.00272073717759 0.5112
-7.0027844406406 0.5113
-7.00284057070487 0.5114
-7.00290419960244 0.5115
-7.00296989983414 0.5116
-7.0030093493623 0.5117
-7.00304348439485 0.5118
-7.00308246429349 0.5119
-7.00311624910234 0.512
-7.00314734988295 0.5121
-7.00316708517941 0.5122
-7.00320813430387 0.5123
-7.00325647584245 0.5124
-7.00329697185106 0.5125
-7.00332905292336 0.5126
-7.00335422226141 0.5127
-7.00336555203201 0.5128
-7.00338755254543 0.5129
-7.00341526138033 0.513
-7.00344231310109 0.5131
-7.00347901931822 0.5132
-7.00353679328576 0.5133
-7.00359801856187 0.5134
-7.00365393574342 0.5135
-7.003713598519 0.5136
-7.00378445973337 0.5137
-7.00387127080464 0.5138
-7.00396815329073 0.5139
-7.0040482678185 0.514
-7.00412791024118 0.5141
-7.00418247322138 0.5142
-7.00423236009698 0.5143
-7.00429405054777 0.5144
-7.00433255898164 0.5145
-7.00437232767792 0.5146
-7.00440455554098 0.5147
-7.00441791172338 0.5148
-7.00442644789613 0.5149
-7.00443709649517 0.515
-7.00444059165035 0.5151
-7.00444505974178 0.5152
-7.00444186859111 0.5153
-7.00444775573079 0.5154
-7.00445900026055 0.5155
-7.00445463915745 0.5156
-7.00445509575355 0.5157
-7.00443933121861 0.5158
-7.00440799262047 0.5159
-7.00439068714121 0.516
-7.00436231675162 0.5161
-7.00433194316466 0.5162
-7.00430244687555 0.5163
-7.0042746647201 0.5164
-7.00423612442547 0.5165
-7.00420295743717 0.5166
-7.00418651740655 0.5167
-7.00417080515366 0.5168
-7.00417574058568 0.5169
-7.00419673681482 0.517
-7.00420388290054 0.5171
-7.00421750561125 0.5172
-7.00422078085706 0.5173
-7.00422333622468 0.5174
-7.00420944265286 0.5175
-7.00419493124383 0.5176
-7.00418868873185 0.5177
-7.00417706013325 0.5178
-7.00418183320629 0.5179
-7.00417725321824 0.518
-7.00417014862327 0.5181
-7.00416041707811 0.5182
-7.00413407517488 0.5183
-7.00411590659897 0.5184
-7.00410244190537 0.5185
-7.00409877609899 0.5186
-7.00410663054316 0.5187
-7.00409899604076 0.5188
-7.00407045263367 0.5189
-7.00403696568701 0.519
-7.00399430281712 0.5191
-7.0039273832587 0.5192
-7.00386232977618 0.5193
-7.00380505815066 0.5194
-7.00375600454868 0.5195
-7.00372563408239 0.5196
-7.00370629142638 0.5197
-7.00370176642186 0.5198
-7.00370837892246 0.5199
-7.00372582077372 0.52
-7.00375624800608 0.5201
-7.00379498695553 0.5202
-7.00383155942825 0.5203
-7.00389280165464 0.5204
-7.00394733481623 0.5205
-7.00400047912434 0.5206
-7.00407496282575 0.5207
-7.00415216872381 0.5208
-7.00425290659616 0.5209
-7.00434220102508 0.521
-7.00444222327058 0.5211
-7.00456085013977 0.5212
-7.00468518402853 0.5213
-7.00477712160339 0.5214
-7.00489110026386 0.5215
-7.00500460368379 0.5216
-7.00511929228929 0.5217
-7.00522564026342 0.5218
-7.00535168194242 0.5219
-7.0054628975937 0.522
-7.00558159857048 0.5221
-7.00568952449054 0.5222
-7.00578440850326 0.5223
-7.00586542833673 0.5224
-7.00593242742245 0.5225
-7.00601208785597 0.5226
-7.00608956175159 0.5227
-7.00613868953914 0.5228
-7.00618294104421 0.5229
-7.00622110212919 0.523
-7.00623638383389 0.5231
-7.00625345746688 0.5232
-7.00624115118213 0.5233
-7.00622841162277 0.5234
-7.00620540168708 0.5235
-7.00617321033991 0.5236
-7.0061443709044 0.5237
-7.00610514692626 0.5238
-7.0060538738435 0.5239
-7.00600388264132 0.524
-7.00595408959804 0.5241
-7.00592761997457 0.5242
-7.00590283439939 0.5243
-7.00588966053577 0.5244
-7.00590570551662 0.5245
-7.00592312307411 0.5246
-7.00595622646292 0.5247
-7.00599415656987 0.5248
-7.00603573396598 0.5249
-7.00607412901345 0.525
-7.00608978198814 0.5251
-7.00609747230677 0.5252
-7.00609811504927 0.5253
-7.00608425986689 0.5254
-7.0060491334033 0.5255
-7.00599236059824 0.5256
-7.00593178176501 0.5257
-7.00583604019764 0.5258
-7.00573037415259 0.5259
-7.0056170834279 0.526
-7.00549011280411 0.5261
-7.00536939041308 0.5262
-7.00525074155803 0.5263
-7.00512702430283 0.5264
-7.00498355645977 0.5265
-7.00481224366038 0.5266
-7.0046432827218 0.5267
-7.00447621906436 0.5268
-7.00429051138583 0.5269
-7.00409572137512 0.527
-7.00390778489017 0.5271
-7.00371868030354 0.5272
-7.00353101028471 0.5273
-7.00334104482595 0.5274
-7.00314038948591 0.5275
-7.0029274995663 0.5276
-7.00273671276343 0.5277
-7.00254946600232 0.5278
-7.00239721724591 0.5279
-7.0022536761427 0.528
-7.00213643217625 0.5281
-7.00203710194983 0.5282
-7.00196148459021 0.5283
-7.0018958165537 0.5284
-7.00186098242406 0.5285
-7.00184210504568 0.5286
-7.00183099697404 0.5287
-7.00183380709637 0.5288
-7.00182692468658 0.5289
-7.00181150082423 0.529
-7.00177086409689 0.5291
-7.00171549106396 0.5292
-7.00165780392076 0.5293
-7.00159234746853 0.5294
-7.00152811542563 0.5295
-7.00146271271105 0.5296
-7.00139632392733 0.5297
-7.00130966321486 0.5298
-7.0012138853741 0.5299
-7.00110555316847 0.53
-7.00097860668374 0.5301
-7.00084153764691 0.5302
-7.0007025264214 0.5303
-7.00054674076424 0.5304
-7.00039249347515 0.5305
-7.00023651067044 0.5306
-7.00008360124082 0.5307
-6.9999137896321 0.5308
-6.99972700244856 0.5309
-6.99954738424251 0.531
-6.99939914218939 0.5311
-6.99924048008493 0.5312
-6.99909671565853 0.5313
-6.99896508571296 0.5314
-6.99885195071505 0.5315
-6.99873963006776 0.5316
-6.99865532098913 0.5317
-6.99859951951051 0.5318
-6.9985433444798 0.5319
-6.99851338262539 0.532
-6.99849193044708 0.5321
-6.99850461356659 0.5322
-6.99853581153479 0.5323
-6.99860084423906 0.5324
-6.99868752873586 0.5325
-6.99878620623987 0.5326
-6.99892283394689 0.5327
-6.99906855235413 0.5328
-6.99921661064466 0.5329
-6.99937615104714 0.533
-6.99954786906662 0.5331
-6.99972918038733 0.5332
-6.99990284431552 0.5333
-7.00006129056135 0.5334
-7.00019987485697 0.5335
-7.00032468066644 0.5336
-7.00042606905338 0.5337
-7.00051505578223 0.5338
-7.00060931820279 0.5339
-7.00068069991701 0.534
-7.0007278115385 0.5341
-7.00078643194958 0.5342
-7.00081679401566 0.5343
-7.00084389790631 0.5344
-7.00085287425483 0.5345
-7.00087545567042 0.5346
-7.00089107090436 0.5347
-7.00092194909529 0.5348
-7.00096872176262 0.5349
-7.00099242913378 0.535
-7.00101759326377 0.5351
-7.00105247676397 0.5352
-7.00110582308329 0.5353
-7.00115990877047 0.5354
-7.00122885490418 0.5355
-7.00129814612626 0.5356
-7.00139323473849 0.5357
-7.00150865036968 0.5358
-7.00164005504933 0.5359
-7.00177596199039 0.536
-7.00192797592561 0.5361
-7.00209017590812 0.5362
-7.00225506350974 0.5363
-7.00241899942456 0.5364
-7.0025590680998 0.5365
-7.00266242986828 0.5366
-7.00275567213424 0.5367
-7.00284036061397 0.5368
-7.00291400270134 0.5369
-7.00296077645309 0.537
-7.00298694131601 0.5371
-7.00300172275734 0.5372
-7.0029935686432 0.5373
-7.00295715377064 0.5374
-7.002921457322 0.5375
-7.00285899311151 0.5376
-7.00279513459878 0.5377
-7.00272905785931 0.5378
-7.00266388521556 0.5379
-7.00260956530975 0.538
-7.00256784443452 0.5381
-7.00252219345136 0.5382
-7.00246926639241 0.5383
-7.00242920759266 0.5384
-7.00238207709918 0.5385
-7.00231838542529 0.5386
-7.0022497404405 0.5387
-7.00218292769674 0.5388
-7.00212480687652 0.5389
-7.00204641758416 0.539
-7.0019529587905 0.5391
-7.00186517089968 0.5392
-7.00179094925131 0.5393
-7.00172030274786 0.5394
-7.00165858034196 0.5395
-7.00161413513591 0.5396
-7.00158514550328 0.5397
-7.00155793519474 0.5398
-7.00154023298274 0.5399
-7.00152128510645 0.54
-7.00151395670515 0.5401
-7.00152418694941 0.5402
-7.00152383031611 0.5403
-7.00153092723738 0.5404
-7.00153984566861 0.5405
-7.00153849825819 0.5406
-7.00152455469549 0.5407
-7.00150305839674 0.5408
-7.00145134359556 0.5409
-7.00138411224483 0.541
-7.00130356300674 0.5411
-7.00120848295055 0.5412
-7.00110067673502 0.5413
-7.00099506706714 0.5414
-7.00086008172081 0.5415
-7.00072666344966 0.5416
-7.00060961953891 0.5417
-7.00050395453741 0.5418
-7.00039883488727 0.5419
-7.00030327430957 0.542
-7.0002196565044 0.5421
-7.00013316447235 0.5422
-7.00005217110473 0.5423
-6.99996508722665 0.5424
-6.9998975797179 0.5425
-6.99982673929282 0.5426
-6.99977511638751 0.5427
-6.99973165094734 0.5428
-6.99970415026075 0.5429
-6.9996834899317 0.543
-6.9996876240865 0.5431
-6.99969769598624 0.5432
-6.99971105480219 0.5433
-6.99970846922847 0.5434
-6.99970292941453 0.5435
-6.9996973725518 0.5436
-6.99969481516674 0.5437
-6.99968222308571 0.5438
-6.99967740369344 0.5439
-6.99967576148773 0.544
-6.99967646415219 0.5441
-6.99969002324609 0.5442
-6.99969873249164 0.5443
-6.99969195638313 0.5444
-6.99967860089053 0.5445
-6.99965019758321 0.5446
-6.99961663740581 0.5447
-6.99954917615999 0.5448
-6.99949206170096 0.5449
-6.99943625624556 0.545
-6.99935707007723 0.5451
-6.99927795056982 0.5452
-6.99918987192171 0.5453
-6.99907135733008 0.5454
-6.99896163556449 0.5455
-6.9988437220193 0.5456
-6.99873756408206 0.5457
-6.99862540219545 0.5458
-6.99852095947534 0.5459
-6.99838452884384 0.546
-6.99823358792972 0.5461
-6.99806593609288 0.5462
-6.99791698071217 0.5463
-6.99777352904387 0.5464
-6.99764172265361 0.5465
-6.99751303182169 0.5466
-6.99741522545833 0.5467
-6.99731636941289 0.5468
-6.99723723616428 0.5469
-6.99718802566093 0.547
-6.99716217356085 0.5471
-6.99715843156488 0.5472
-6.99717667191015 0.5473
-6.99721959760926 0.5474
-6.99729904204181 0.5475
-6.99738504654027 0.5476
-6.9974838905119 0.5477
-6.9976149270601 0.5478
-6.99775108053839 0.5479
-6.99790105119418 0.548
-6.99809405762931 0.5481
-6.99829087754159 0.5482
-6.99847367034644 0.5483
-6.99866337212801 0.5484
-6.99885850541652 0.5485
-6.99904415543404 0.5486
-6.99922056732607 0.5487
-6.99937767309115 0.5488
-6.99952795987951 0.5489
-6.99968495914664 0.549
-6.99980879643021 0.5491
-6.99993550340132 0.5492
-7.00005318917163 0.5493
-7.00015712925644 0.5494
-7.00022970632901 0.5495
-7.00029453887047 0.5496
-7.00033883536339 0.5497
-7.00037678512503 0.5498
-7.0004169344121 0.5499
-7.00046694540678 0.55
-7.0004954903249 0.5501
-7.00050701984546 0.5502
-7.00052062778957 0.5503
-7.00056534334898 0.5504
-7.00060914137689 0.5505
-7.00066324238407 0.5506
-7.00071218960686 0.5507
-7.00076428806884 0.5508
-7.00081257685963 0.5509
-7.00086725235157 0.551
-7.00092567119639 0.5511
-7.00099276308145 0.5512
-7.00106118993944 0.5513
-7.00112054331139 0.5514
-7.00118167790006 0.5515
-7.0012482407221 0.5516
-7.00131727108177 0.5517
-7.00137696954039 0.5518
-7.00145578987599 0.5519
-7.00153078685961 0.552
-7.00162106805551 0.5521
-7.00170268850229 0.5522
-7.00176877269751 0.5523
-7.00182809435399 0.5524
-7.00187860316985 0.5525
-7.00190770422413 0.5526
-7.00194552619117 0.5527
-7.00195550684069 0.5528
-7.00196669779024 0.5529
-7.001956422728 0.553
-7.00193210110839 0.5531
-7.00189292377517 0.5532
-7.00183405598176 0.5533
-7.00177226724452 0.5534
-7.00169550706012 0.5535
-7.00161640900021 0.5536
-7.00152986370651 0.5537
-7.00145010821957 0.5538
-7.00137704808299 0.5539
-7.00132508957319 0.554
-7.00127859009669 0.5541
-7.00123797416302 0.5542
-7.00120821634041 0.5543
-7.00118250021578 0.5544
-7.00115870850379 0.5545
-7.0011291890254 0.5546
-7.00112143378819 0.5547
-7.00110428123479 0.5548
-7.00109636750409 0.5549
-7.00109117025981 0.555
-7.00108827693448 0.5551
-7.00108763398896 0.5552
-7.00107100122579 0.5553
-7.0010477700145 0.5554
-7.00100075095772 0.5555
-7.00092635328299 0.5556
-7.00085991360195 0.5557
-7.00076633235531 0.5558
-7.00065684110605 0.5559
-7.00051858082025 0.556
-7.00038797287561 0.5561
-7.00024736544147 0.5562
-7.00011192312861 0.5563
-6.99998611497809 0.5564
-6.99986745058006 0.5565
-6.99976721337268 0.5566
-6.99966398110889 0.5567
-6.9995611778821 0.5568
-6.99946678331851 0.5569
-6.99936433706257 0.557
-6.99926334264632 0.5571
-6.9991793570917 0.5572
-6.99911332551192 0.5573
-6.99905717206651 0.5574
-6.99901235394677 0.5575
-6.99899083773302 0.5576
-6.99897622329107 0.5577
-6.9989613749339 0.5578
-6.99897575492228 0.5579
-6.9989922525943 0.558
-6.99904114818805 0.5581
-6.99909339137015 0.5582
-6.99914498367229 0.5583
-6.99920437795538 0.5584
-6.99927144088074 0.5585
-6.99935802051609 0.5586
-6.99945970108336 0.5587
-6.99956906203438 0.5588
-6.99968278596369 0.5589
-6.99978088089526 0.559
-6.9999031864678 0.5591
-7.00003321816531 0.5592
-7.00014931891737 0.5593
-7.00026813995511 0.5594
-7.00038594817808 0.5595
-7.00049003297933 0.5596
-7.00057964241011 0.5597
-7.00066475576177 0.5598
-7.00074430646581 0.5599
-7.00078640810028 0.56
-7.00081501117759 0.5601
-7.00083036760721 0.5602
-7.00082633601431 0.5603
-7.00079129497138 0.5604
-7.00075169767427 0.5605
-7.00071724929328 0.5606
-7.00068607406577 0.5607
-7.00064509744831 0.5608
-7.00058925602018 0.5609
-7.00051982802575 0.561
-7.00044324584699 0.5611
-7.00035890800384 0.5612
-7.00025394177082 0.5613
-7.00016185604034 0.5614
-7.00007706565428 0.5615
-6.99998352248311 0.5616
-6.99989251399695 0.5617
-6.99982147871334 0.5618
-6.99977209822026 0.5619
-6.99973660401868 0.562
-6.99971362568373 0.5621
-6.99973804504438 0.5622
-6.99979447971052 0.5623
-6.99985959280927 0.5624
-6.99994963568024 0.5625
-7.0000397238996 0.5626
-7.00014943711634 0.5627
-7.00026630610345 0.5628
-7.00040622297551 0.5629
-7.00053939422871 0.563
-7.00066605213045 0.5631
-7.00076915920425 0.5632
-7.00087055319658 0.5633
-7.00096389660491 0.5634
-7.00105296993286 0.5635
-7.00112628461604 0.5636
-7.00117860003318 0.5637
-7.00122669794742 0.5638
-7.00126534708298 0.5639
-7.00127057906658 0.564
-7.00125981254433 0.5641
-7.00122734523471 0.5642
-7.0011833116923 0.5643
-7.00113349472814 0.5644
-7.00107194371632 0.5645
-7.00101041282333 0.5646
-7.00093225938519 0.5647
-7.00084359263725 0.5648
-7.00074636078247 0.5649
-7.00063866241544 0.565
-7.00052982178711 0.5651
-7.00042229200041 0.5652
-7.00032230557815 0.5653
-7.00020233551809 0.5654
-7.00010223936687 0.5655
-7.00002362927419 0.5656
-6.99994727730404 0.5657
-6.99988225414998 0.5658
-6.99981942112638 0.5659
-6.99977060624066 0.566
-6.99972242294361 0.5661
-6.99967526628033 0.5662
-6.99963311385857 0.5663
-6.99961740057719 0.5664
-6.99960935800579 0.5665
-6.99961821017734 0.5666
-6.99964086466347 0.5667
-6.99967470697295 0.5668
-6.99972468621617 0.5669
-6.99977785055834 0.567
-6.99982334627579 0.5671
-6.99986349308482 0.5672
-6.99990390692299 0.5673
-6.99996129991737 0.5674
-7.00003439676967 0.5675
-7.00012400923283 0.5676
-7.00022637223551 0.5677
-7.00035024936663 0.5678
-7.00046066319503 0.5679
-7.0005750301777 0.568
-7.00068065379559 0.5681
-7.00077672394069 0.5682
-7.00085717236677 0.5683
-7.00091765187632 0.5684
-7.00096397765662 0.5685
-7.00098567891238 0.5686
-7.00099283672327 0.5687
-7.00096470669859 0.5688
-7.00091772927333 0.5689
-7.00085834736017 0.569
-7.00078498966484 0.5691
-7.0006977979022 0.5692
-7.00059623776474 0.5693
-7.0004862868313 0.5694
-7.00038785786965 0.5695
-7.00029846113027 0.5696
-7.00021797194156 0.5697
-7.00014644469871 0.5698
-7.00007791701196 0.5699
-7.0000132942909 0.57
-6.99995608723358 0.5701
-6.99989558085506 0.5702
-6.99981692983896 0.5703
-6.99973306057074 0.5704
-6.999641692696 0.5705
-6.99954547984275 0.5706
-6.99945923450569 0.5707
-6.99936927970167 0.5708
-6.99927603514639 0.5709
-6.99917645147285 0.571
-6.99905861609151 0.5711
-6.99894738713909 0.5712
-6.99887378660327 0.5713
-6.99879888416458 0.5714
-6.99870994932278 0.5715
-6.99861564249188 0.5716
-6.99852226411673 0.5717
-6.99843202609927 0.5718
-6.99835703186839 0.5719
-6.99828855662053 0.572
-6.99822331777554 0.5721
-6.99817631989985 0.5722
-6.99813202610025 0.5723
-6.99807539565974 0.5724
-6.99801937599428 0.5725
-6.99795928687241 0.5726
-6.99789535895665 0.5727
-6.9978328429374 0.5728
-6.99777464646421 0.5729
-6.99772590909535 0.573
-6.99769029959726 0.5731
-6.99765723657753 0.5732
-6.99762787400639 0.5733
-6.99761561714132 0.5734
-6.99760515097285 0.5735
-6.99760470861862 0.5736
-6.99760241027553 0.5737
-6.99758002924319 0.5738
-6.99754765871108 0.5739
-6.99752260113007 0.574
-6.9974953791488 0.5741
-6.99747876178602 0.5742
-6.99746972921293 0.5743
-6.99745059204027 0.5744
-6.99743585193199 0.5745
-6.99741946973939 0.5746
-6.99739258052007 0.5747
-6.99734982505428 0.5748
-6.99731717865638 0.5749
-6.99729496435651 0.575
-6.99728393588664 0.5751
-6.99728803092703 0.5752
-6.99731217272531 0.5753
-6.99733650587489 0.5754
-6.99735496261904 0.5755
-6.9973851422235 0.5756
-6.99744325734455 0.5757
-6.9975055417133 0.5758
-6.99757474396745 0.5759
-6.99766087653909 0.576
-6.99776772446217 0.5761
-6.9978672976314 0.5762
-6.99795356249669 0.5763
-6.99803973826269 0.5764
-6.99812278846467 0.5765
-6.99817254611237 0.5766
-6.99822265499456 0.5767
-6.99825171124379 0.5768
-6.99825484611187 0.5769
-6.99824905822001 0.577
-6.99822771000046 0.5771
-6.99820078361587 0.5772
-6.99817282127401 0.5773
-6.99813956690775 0.5774
-6.99810602018651 0.5775
-6.99807442662573 0.5776
-6.9980142300051 0.5777
-6.99795081686301 0.5778
-6.99787322923307 0.5779
-6.99778470367739 0.578
-6.99768662995069 0.5781
-6.99759506075396 0.5782
-6.99748470820843 0.5783
-6.99737464295339 0.5784
-6.99727395855423 0.5785
-6.9971886797648 0.5786
-6.99712027714457 0.5787
-6.99703672172643 0.5788
-6.99693779799381 0.5789
-6.99683731410244 0.579
-6.99672723418592 0.5791
-6.99661045707886 0.5792
-6.99650909740079 0.5793
-6.99642063601629 0.5794
-6.9963378260599 0.5795
-6.99628985472264 0.5796
-6.99621671310734 0.5797
-6.99615683163335 0.5798
-6.99611117569572 0.5799
-6.99607903122999 0.58
-6.99606465275162 0.5801
-6.99605265323609 0.5802
-6.99602559966333 0.5803
-6.99599834745761 0.5804
-6.99595505738016 0.5805
-6.99591735993022 0.5806
-6.99588723506714 0.5807
-6.99586506606981 0.5808
-6.99584491147503 0.5809
-6.99582350945201 0.581
-6.9957781000559 0.5811
-6.99573624887582 0.5812
-6.99567528081052 0.5813
-6.99561712410177 0.5814
-6.99554033110386 0.5815
-6.9954646004912 0.5816
-6.99539163226638 0.5817
-6.99531330750603 0.5818
-6.99522342067723 0.5819
-6.99511783029097 0.582
-6.99499296442158 0.5821
-6.99487782785824 0.5822
-6.99474964563613 0.5823
-6.99462176202451 0.5824
-6.9944872290885 0.5825
-6.99433775783155 0.5826
-6.99420105306308 0.5827
-6.99406113398534 0.5828
-6.99393913695561 0.5829
-6.9938403060203 0.583
-6.99376399636831 0.5831
-6.99368667216557 0.5832
-6.99362307320085 0.5833
-6.99356785621085 0.5834
-6.99353940492461 0.5835
-6.99352680088618 0.5836
-6.99352036923148 0.5837
-6.99353273398836 0.5838
-6.99356158227637 0.5839
-6.99360603475739 0.584
-6.99368244468702 0.5841
-6.99374907629853 0.5842
-6.9938467719288 0.5843
-6.99395666633129 0.5844
-6.99408228010259 0.5845
-6.99421882302732 0.5846
-6.99436603678135 0.5847
-6.99452720369035 0.5848
-6.99467116297839 0.5849
-6.99479971332518 0.585
-6.99490978545345 0.5851
-6.99500497574639 0.5852
-6.99509542522834 0.5853
-6.99516569091854 0.5854
-6.99522415892895 0.5855
-6.99526926332345 0.5856
-6.99530918020649 0.5857
-6.99534173794528 0.5858
-6.99535162935251 0.5859
-6.9953612034252 0.586
-6.99537158222932 0.5861
-6.99537153538422 0.5862
-6.99535650249072 0.5863
-6.99533213955659 0.5864
-6.99529118982424 0.5865
-6.9952488501518 0.5866
-6.99518181916584 0.5867
-6.99511889292344 0.5868
-6.99505501299077 0.5869
-6.99500638131895 0.587
-6.99498167006539 0.5871
-6.99497013904711 0.5872
-6.9949589951026 0.5873
-6.99494663623927 0.5874
-6.99493981889578 0.5875
-6.99491163717657 0.5876
-6.99488515753718 0.5877
-6.99487473319268 0.5878
-6.99484941255424 0.5879
-6.99481296797028 0.588
-6.9947583998303 0.5881
-6.99469273289976 0.5882
-6.99461074738666 0.5883
-6.99453771570389 0.5884
-6.99446130716678 0.5885
-6.99439934874475 0.5886
-6.99433696667455 0.5887
-6.99426485513228 0.5888
-6.99418354979417 0.5889
-6.99410088017263 0.589
-6.99402694392581 0.5891
-6.99391946983024 0.5892
-6.99381857298177 0.5893
-6.99373800283596 0.5894
-6.99366865600023 0.5895
-6.99358677285058 0.5896
-6.99353005261064 0.5897
-6.99347939314744 0.5898
-6.99344265244626 0.5899
-6.99341581351615 0.59
-6.99341010153828 0.5901
-6.99341840520727 0.5902
-6.99345075870796 0.5903
-6.99349358486103 0.5904
-6.99354392000031 0.5905
-6.99359343425097 0.5906
-6.99364045393448 0.5907
-6.99369184910256 0.5908
-6.99375886840518 0.5909
-6.9938412443011 0.591
-6.99394057160641 0.5911
-6.99403964570571 0.5912
-6.99413393958831 0.5913
-6.99421332524915 0.5914
-6.99428349740594 0.5915
-6.99433792608425 0.5916
-6.99440255304093 0.5917
-6.99448118079431 0.5918
-6.99455212572262 0.5919
-6.99462875102148 0.592
-6.99468679765465 0.5921
-6.9947450377011 0.5922
-6.99480415265213 0.5923
-6.99486946035923 0.5924
-6.9949296442733 0.5925
-6.99500617379667 0.5926
-6.99507778326049 0.5927
-6.9951546414142 0.5928
-6.99522711230034 0.5929
-6.99530849661084 0.593
-6.99541154423861 0.5931
-6.99551642288581 0.5932
-6.99564272482952 0.5933
-6.99577101908948 0.5934
-6.99587335244254 0.5935
-6.99596220047122 0.5936
-6.99603578531389 0.5937
-6.99611657421345 0.5938
-6.99617735574478 0.5939
-6.99622689795207 0.594
-6.99626884370108 0.5941
-6.99628091588685 0.5942
-6.99627495893274 0.5943
-6.99625764309264 0.5944
-6.99624205593784 0.5945
-6.9961898253286 0.5946
-6.99614079749439 0.5947
-6.99608179289892 0.5948
-6.99601186788061 0.5949
-6.99594990599216 0.595
-6.99588297984555 0.5951
-6.99582030893776 0.5952
-6.99573687267057 0.5953
-6.99562812549625 0.5954
-6.99552370204331 0.5955
-6.99541625701565 0.5956
-6.99531627916485 0.5957
-6.99520887639307 0.5958
-6.99509880186286 0.5959
-6.99497003683137 0.596
-6.99483495090672 0.5961
-6.99468816415729 0.5962
-6.99454096566353 0.5963
-6.99437021322692 0.5964
-6.99420936852591 0.5965
-6.99407250342483 0.5966
-6.99394147426204 0.5967
-6.99384009350862 0.5968
-6.99375063473179 0.5969
-6.99363508805129 0.597
-6.99353396429833 0.5971
-6.99343052445852 0.5972
-6.99333506003711 0.5973
-6.9932341541811 0.5974
-6.99313261499371 0.5975
-6.99304447533012 0.5976
-6.99298463248177 0.5977
-6.99291683056532 0.5978
-6.99284629829351 0.5979
-6.9927946577252 0.598
-6.9927459971758 0.5981
-6.99272240203948 0.5982
-6.99271134431945 0.5983
-6.99272212181795 0.5984
-6.99274124204808 0.5985
-6.99277092191398 0.5986
-6.99280120960211 0.5987
-6.99285517015222 0.5988
-6.99293011526405 0.5989
-6.99299813267476 0.599
-6.99306470872553 0.5991
-6.99315815064375 0.5992
-6.99326118021053 0.5993
-6.99336183613634 0.5994
-6.99343898064832 0.5995
-6.99351375372377 0.5996
-6.99359972807993 0.5997
-6.99368256264102 0.5998
-6.99374360711969 0.5999
-6.99379232308804 0.6
-6.99383152825375 0.6001
-6.99387471269213 0.6002
-6.99392250234094 0.6003
-6.99397480172387 0.6004
-6.99402237492594 0.6005
-6.99407823053865 0.6006
-6.99415048515765 0.6007
-6.99422211417654 0.6008
-6.99428126880895 0.6009
-6.9943440123645 0.601
-6.99439714235941 0.6011
-6.99446256841823 0.6012
-6.99452120700096 0.6013
-6.99458050600944 0.6014
-6.99461570386865 0.6015
-6.99463854871052 0.6016
-6.99464229808798 0.6017
-6.99465249239292 0.6018
-6.99465144273854 0.6019
-6.99464723551278 0.602
-6.99463005472264 0.6021
-6.9946029103213 0.6022
-6.99455921844606 0.6023
-6.99448408461868 0.6024
-6.99440854696828 0.6025
-6.99431684885585 0.6026
-6.99421421299205 0.6027
-6.99410213788288 0.6028
-6.9939814924269 0.6029
-6.99382874443029 0.603
-6.99369847084128 0.6031
-6.99358417228011 0.6032
-6.99348072935187 0.6033
-6.99338395983015 0.6034
-6.99330053361535 0.6035
-6.99321119218266 0.6036
-6.99315905892866 0.6037
-6.99311465908089 0.6038
-6.99308159662278 0.6039
-6.99307205317468 0.604
-6.99307432472915 0.6041
-6.99308101942063 0.6042
-6.99310394053527 0.6043
-6.99313380957395 0.6044
-6.99316435803643 0.6045
-6.99321968374541 0.6046
-6.99327319109715 0.6047
-6.9933120380433 0.6048
-6.99334442394324 0.6049
-6.99337078060483 0.605
-6.99338589233991 0.6051
-6.99341155039853 0.6052
-6.99341729736976 0.6053
-6.99344122178695 0.6054
-6.99345253027089 0.6055
-6.99344130159497 0.6056
-6.99340219569125 0.6057
-6.99335946328683 0.6058
-6.99331738363159 0.6059
-6.99325301990398 0.606
-6.99320672473717 0.6061
-6.99314417289815 0.6062
-6.99308513674207 0.6063
-6.99300156909387 0.6064
-6.99291514315191 0.6065
-6.99280703047245 0.6066
-6.99268665086646 0.6067
-6.99255735191727 0.6068
-6.9924262121069 0.6069
-6.99227459025248 0.607
-6.992131220527 0.6071
-6.99200290478328 0.6072
-6.99189378637584 0.6073
-6.99180827424048 0.6074
-6.99173843453612 0.6075
-6.99166192876757 0.6076
-6.99159626683776 0.6077
-6.99155629424458 0.6078
-6.99152611049914 0.6079
-6.99150955494896 0.608
-6.99151480123652 0.6081
-6.99154501153275 0.6082
-6.99159001028145 0.6083
-6.99164816590942 0.6084
-6.99170756519591 0.6085
-6.99176215241353 0.6086
-6.9918245953142 0.6087
-6.99190697045943 0.6088
-6.99198898994636 0.6089
-6.99208923151033 0.609
-6.99220576217537 0.6091
-6.99232836926361 0.6092
-6.99244606753974 0.6093
-6.99257771105381 0.6094
-6.99269497105843 0.6095
-6.99280811506114 0.6096
-6.99292279391345 0.6097
-6.99302489530366 0.6098
-6.99312966597862 0.6099
-6.99323527318248 0.61
-6.99332490395594 0.6101
-6.99341084556421 0.6102
-6.99348125764272 0.6103
-6.99355069571964 0.6104
-6.9936110537363 0.6105
-6.9936747627579 0.6106
-6.9937358133711 0.6107
-6.99378884380648 0.6108
-6.99381327352397 0.6109
-6.9938147552206 0.611
-6.99380893877061 0.6111
-6.99378146396526 0.6112
-6.99374487703707 0.6113
-6.9936915966319 0.6114
-6.99364102033967 0.6115
-6.99358307670311 0.6116
-6.99352151917069 0.6117
-6.99346299099096 0.6118
-6.99342922269386 0.6119
-6.99339634225056 0.612
-6.99340367470235 0.6121
-6.99343557032306 0.6122
-6.99349075324535 0.6123
-6.99356889405926 0.6124
-6.99365053184786 0.6125
-6.99375005734697 0.6126
-6.99384625990567 0.6127
-6.99394871661293 0.6128
-6.99407073774528 0.6129
-6.99417036348501 0.613
-6.99425369796293 0.6131
-6.99433369759913 0.6132
-6.99440390017815 0.6133
-6.99445886152186 0.6134
-6.99449559271346 0.6135
-6.99453324919705 0.6136
-6.99457562185968 0.6137
-6.99460499730075 0.6138
-6.99462649062507 0.6139
-6.99462220529162 0.614
-6.99462488388501 0.6141
-6.99461960740175 0.6142
-6.99461532305088 0.6143
-6.99459309520793 0.6144
-6.99454374376957 0.6145
-6.99446748753619 0.6146
-6.99436994536991 0.6147
-6.99426149382364 0.6148
-6.99413632024068 0.6149
-6.99399786063366 0.615
-6.99386819229466 0.6151
-6.99375725840913 0.6152
-6.9936730687901 0.6153
-6.99359927025515 0.6154
-6.99351196206052 0.6155
-6.99342064376246 0.6156
-6.99330822846436 0.6157
-6.99320386881032 0.6158
-6.9931011575305 0.6159
-6.99298836480119 0.616
-6.99288428069715 0.6161
-6.99278170527736 0.6162
-6.99268864022767 0.6163
-6.99258093203915 0.6164
-6.99248031343312 0.6165
-6.99238682308491 0.6166
-6.99229428273695 0.6167
-6.99223623796765 0.6168
-6.99217320391608 0.6169
-6.99213254404411 0.617
-6.99210160917557 0.6171
-6.99207976547658 0.6172
-6.9920947768632 0.6173
-6.99213139278227 0.6174
-6.99218513097383 0.6175
-6.99227210880022 0.6176
-6.99236390013885 0.6177
-6.99248246842913 0.6178
-6.99260198509452 0.6179
-6.99272396795913 0.618
-6.99284807626728 0.6181
-6.99294050280178 0.6182
-6.99300702077174 0.6183
-6.99304701627072 0.6184
-6.9930746078879 0.6185
-6.99307865355103 0.6186
-6.99305675849079 0.6187
-6.99300661075418 0.6188
-6.9929237508642 0.6189
-6.99280035225566 0.619
-6.99266545725267 0.6191
-6.99252737849263 0.6192
-6.99238978364221 0.6193
-6.99221578148015 0.6194
-6.99203249561441 0.6195
-6.99183780379035 0.6196
-6.99162093077721 0.6197
-6.99141748778165 0.6198
-6.99121018032272 0.6199
-6.99102238483708 0.62
-6.99083653777993 0.6201
-6.99064800110213 0.6202
-6.99046741603624 0.6203
-6.99030798593196 0.6204
-6.99015742815786 0.6205
-6.99002830227049 0.6206
-6.98993433367339 0.6207
-6.98984297379 0.6208
-6.98976131158679 0.6209
-6.98971032076673 0.621
-6.98968762097051 0.6211
-6.98970089851659 0.6212
-6.98974668878411 0.6213
-6.98982818114907 0.6214
-6.98993788123753 0.6215
-6.99006435067917 0.6216
-6.99020970584984 0.6217
-6.99035580778036 0.6218
-6.99049311209742 0.6219
-6.99063092541946 0.622
-6.99077824627532 0.6221
-6.99092163812398 0.6222
-6.99105996038257 0.6223
-6.99120094484595 0.6224
-6.9913298711657 0.6225
-6.99142124702121 0.6226
-6.99148478672209 0.6227
-6.99151848286546 0.6228
-6.99153569274054 0.6229
-6.9915414622621 0.623
-6.99153406585795 0.6231
-6.99150375164211 0.6232
-6.99145712948261 0.6233
-6.99139855543709 0.6234
-6.99135001075699 0.6235
-6.99128699370684 0.6236
-6.99121543180856 0.6237
-6.99113563112553 0.6238
-6.99106798168329 0.6239
-6.99101620970364 0.624
-6.99098137237819 0.6241
-6.99096927026394 0.6242
-6.99096885130442 0.6243
-6.99097456617461 0.6244
-6.99096940179782 0.6245
-6.99096514593378 0.6246
-6.99097572096525 0.6247
-6.99100060985465 0.6248
-6.99102641654356 0.6249
-6.99105904497351 0.625
-6.9911051558306 0.6251
-6.99115957392793 0.6252
-6.99122239844227 0.6253
-6.99128325045741 0.6254
-6.99134811171992 0.6255
-6.9913799738991 0.6256
-6.99140523132392 0.6257
-6.9914204337857 0.6258
-6.99142920523293 0.6259
-6.99142469802799 0.626
-6.99141089597026 0.6261
-6.99140114874543 0.6262
-6.99136020407794 0.6263
-6.99130544573359 0.6264
-6.99122514482351 0.6265
-6.9911209171911 0.6266
-6.99100905157442 0.6267
-6.99088657984321 0.6268
-6.99076997358498 0.6269
-6.9906634430003 0.627
-6.99054215914854 0.6271
-6.99041652163998 0.6272
-6.9902998430446 0.6273
-6.99018104122908 0.6274
-6.99007696759393 0.6275
-6.99000530932043 0.6276
-6.9899667544939 0.6277
-6.989957405437 0.6278
-6.9899783412421 0.6279
-6.99002313109316 0.628
-6.99007310010197 0.6281
-6.99017132730528 0.6282
-6.99029527048591 0.6283
-6.99043018072894 0.6284
-6.99056064872436 0.6285
-6.99067154943535 0.6286
-6.9907881683641 0.6287
-6.9908963072102 0.6288
-6.99099898150905 0.6289
-6.99109589455018 0.629
-6.99118893869259 0.6291
-6.99127637701575 0.6292
-6.99135931134463 0.6293
-6.99142021471907 0.6294
-6.99146674287514 0.6295
-6.99149480207976 0.6296
-6.99149398135574 0.6297
-6.99148163047649 0.6298
-6.99146909623354 0.6299
-6.99143435217308 0.63
-6.99137252139271 0.6301
-6.99128809867044 0.6302
-6.99119215521597 0.6303
-6.99106375840198 0.6304
-6.99090760875149 0.6305
-6.99073847885898 0.6306
-6.99055666629305 0.6307
-6.99036391107982 0.6308
-6.9901588759502 0.6309
-6.98996743280052 0.631
-6.98979172320289 0.6311
-6.98961970092967 0.6312
-6.98945006392822 0.6313
-6.98929508368723 0.6314
-6.98916137578463 0.6315
-6.98905047612226 0.6316
-6.98895892413621 0.6317
-6.98888894529374 0.6318
-6.98884075022675 0.6319
-6.98882912375182 0.632
-6.9888453702852 0.6321
-6.988862516211 0.6322
-6.98890620682793 0.6323
-6.9889609185517 0.6324
-6.98902313291895 0.6325
-6.98910511431152 0.6326
-6.98918405757031 0.6327
-6.98925548567632 0.6328
-6.98931880041496 0.6329
-6.98938330499397 0.633
-6.98945648066471 0.6331
-6.98951383781777 0.6332
-6.98956263554719 0.6333
-6.98958675149041 0.6334
-6.98957684091486 0.6335
-6.98956797132964 0.6336
-6.98953929134859 0.6337
-6.98951205210963 0.6338
-6.9894837814924 0.6339
-6.98942777313114 0.634
-6.98936947303445 0.6341
-6.98933307498011 0.6342
-6.98928769375994 0.6343
-6.98924469305134 0.6344
-6.98921950166961 0.6345
-6.98919924430832 0.6346
-6.98918305938199 0.6347
-6.98920268729411 0.6348
-6.9892503141656 0.6349
-6.98931760093547 0.635
-6.9893777470737 0.6351
-6.98944919905468 0.6352
-6.98952991960399 0.6353
-6.98964443167278 0.6354
-6.9897620515006 0.6355
-6.98989846614204 0.6356
-6.9900300919202 0.6357
-6.99015220441308 0.6358
-6.99026397758892 0.6359
-6.99039131746695 0.636
-6.99050943182255 0.6361
-6.99062651741117 0.6362
-6.99072971492806 0.6363
-6.99083358486457 0.6364
-6.99094535754291 0.6365
-6.9910700542191 0.6366
-6.99118823222983 0.6367
-6.99129751058062 0.6368
-6.99140453750818 0.6369
-6.99148174429622 0.637
-6.99156602986214 0.6371
-6.99165262916352 0.6372
-6.99171125946248 0.6373
-6.99177112007168 0.6374
-6.99180937971112 0.6375
-6.99184246938371 0.6376
-6.99184455400156 0.6377
-6.99183701109068 0.6378
-6.99183078889997 0.6379
-6.99181047326619 0.638
-6.99177113481301 0.6381
-6.99172065767828 0.6382
-6.99166373793849 0.6383
-6.99159355025156 0.6384
-6.9915165752068 0.6385
-6.99144988764818 0.6386
-6.99139075114782 0.6387
-6.99132884882276 0.6388
-6.99126847356982 0.6389
-6.99120309246464 0.639
-6.99115583326568 0.6391
-6.99110607668959 0.6392
-6.9910820238326 0.6393
-6.99104995093739 0.6394
-6.99103149411232 0.6395
-6.99101930113077 0.6396
-6.99100623460996 0.6397
-6.99099614930385 0.6398
-6.99098097845426 0.6399
-6.99095199035719 0.64
-6.9909283648185 0.6401
-6.99090089120584 0.6402
-6.99089100506583 0.6403
-6.99088889567057 0.6404
-6.99087393707526 0.6405
-6.99084362915502 0.6406
-6.99081032814838 0.6407
-6.99076575258861 0.6408
-6.99070815659383 0.6409
-6.99062599817357 0.641
-6.9905427213792 0.6411
-6.99044392884037 0.6412
-6.99035912852584 0.6413
-6.99027911104944 0.6414
-6.99020776448279 0.6415
-6.99014700996116 0.6416
-6.990070980352 0.6417
-6.99000400319815 0.6418
-6.98995874320777 0.6419
-6.98992726656596 0.642
-6.98990641743833 0.6421
-6.98987106333686 0.6422
-6.98981247452838 0.6423
-6.98974943828219 0.6424
-6.98968693565012 0.6425
-6.98962444714249 0.6426
-6.98955610963264 0.6427
-6.98949729058021 0.6428
-6.98945395585623 0.6429
-6.9894092719306 0.643
-6.9893537316673 0.6431
-6.98929913978425 0.6432
-6.98921354432835 0.6433
-6.98914222040269 0.6434
-6.98905309151431 0.6435
-6.98895483493999 0.6436
-6.98885657783729 0.6437
-6.98875627053157 0.6438
-6.98868170119264 0.6439
-6.988603349534 0.644
-6.9885218870009 0.6441
-6.98843842278735 0.6442
-6.98833868692811 0.6443
-6.98825226528087 0.6444
-6.98819761041652 0.6445
-6.98814636887624 0.6446
-6.98809098833688 0.6447
-6.98805574866068 0.6448
-6.9880509252581 0.6449
-6.98804441213196 0.645
-6.9880545042277 0.6451
-6.98808542642261 0.6452
-6.98810519157041 0.6453
-6.98814004426377 0.6454
-6.98818183223447 0.6455
-6.98821665031523 0.6456
-6.98826546927575 0.6457
-6.98832542220603 0.6458
-6.9884155489611 0.6459
-6.98849677116248 0.646
-6.98857414281282 0.6461
-6.98863704534647 0.6462
-6.98871737563776 0.6463
-6.98880997780423 0.6464
-6.98891444378571 0.6465
-6.98899146495382 0.6466
-6.98905499690582 0.6467
-6.98912258081621 0.6468
-6.98918534012033 0.6469
-6.98924278964487 0.647
-6.98930824332396 0.6471
-6.98938106897065 0.6472
-6.98944933625309 0.6473
-6.989503274221 0.6474
-6.98954426568161 0.6475
-6.98957235954493 0.6476
-6.98958533639734 0.6477
-6.98957898231002 0.6478
-6.98957216415767 0.6479
-6.98957427766328 0.648
-6.98956662857518 0.6481
-6.98954433556434 0.6482
-6.98950762661204 0.6483
-6.98945619776039 0.6484
-6.98942166156737 0.6485
-6.98938343681891 0.6486
-6.98934736804079 0.6487
-6.98929984167898 0.6488
-6.98926592137946 0.6489
-6.98921596925079 0.649
-6.98915282514799 0.6491
-6.98907947552674 0.6492
-6.98901125668189 0.6493
-6.98894240648756 0.6494
-6.98887133010815 0.6495
-6.98881785547714 0.6496
-6.98877834759877 0.6497
-6.98875226400359 0.6498
-6.98872223126902 0.6499
-6.98869567094176 0.65
-6.98868951236705 0.6501
-6.9887079856494 0.6502
-6.98874257613908 0.6503
-6.98879987300518 0.6504
-6.98885490250952 0.6505
-6.98890448033984 0.6506
-6.98894647149197 0.6507
-6.98898022864424 0.6508
-6.98900647817408 0.6509
-6.98901959905924 0.651
-6.98902557637135 0.6511
-6.98901565319311 0.6512
-6.98898438803927 0.6513
-6.98894615850796 0.6514
-6.9889130860931 0.6515
-6.98888653588955 0.6516
-6.98887903835431 0.6517
-6.98888103762787 0.6518
-6.98889010677421 0.6519
-6.9889270584456 0.652
-6.98896863230624 0.6521
-6.98900828995461 0.6522
-6.98904732602826 0.6523
-6.9890951457374 0.6524
-6.98914106912354 0.6525
-6.98922485811315 0.6526
-6.98931132408765 0.6527
-6.9893998719843 0.6528
-6.98948986009035 0.6529
-6.98958140101648 0.653
-6.9896846750442 0.6531
-6.98975206159219 0.6532
-6.98980721526779 0.6533
-6.98984984015905 0.6534
-6.9898789755543 0.6535
-6.98988884650231 0.6536
-6.98987279113092 0.6537
-6.9898591856335 0.6538
-6.9898378883833 0.6539
-6.9897973602439 0.654
-6.98973959721332 0.6541
-6.98965915865702 0.6542
-6.98956712310309 0.6543
-6.98945416089078 0.6544
-6.98932219727668 0.6545
-6.98917299543067 0.6546
-6.98900615500259 0.6547
-6.98880982111596 0.6548
-6.98859980382895 0.6549
-6.98839299034601 0.655
-6.98817277937195 0.6551
-6.98796155366097 0.6552
-6.98774420052488 0.6553
-6.9875256398761 0.6554
-6.98732093936969 0.6555
-6.9871305923055 0.6556
-6.98695638916237 0.6557
-6.98677073884568 0.6558
-6.98658434805839 0.6559
-6.9864257881157 0.656
-6.98627108069417 0.6561
-6.98613903946507 0.6562
-6.98604173836514 0.6563
-6.98595417210523 0.6564
-6.98585483572812 0.6565
-6.98576217971464 0.6566
-6.98570041198263 0.6567
-6.9856444359717 0.6568
-6.9856235645779 0.6569
-6.98560213448446 0.657
-6.985571668015 0.6571
-6.98554431750391 0.6572
-6.98552754874055 0.6573
-6.9855320572957 0.6574
-6.98554019475496 0.6575
-6.98553702516952 0.6576
-6.98552503632655 0.6577
-6.98552466476148 0.6578
-6.98553009353945 0.6579
-6.98553559664424 0.658
-6.98552122783417 0.6581
-6.98552353028814 0.6582
-6.98554276624812 0.6583
-6.98555508945494 0.6584
-6.98556357111285 0.6585
-6.98557374435469 0.6586
-6.98559435676206 0.6587
-6.98563540966108 0.6588
-6.9856800060852 0.6589
-6.98571816188987 0.659
-6.98575761774264 0.6591
-6.9858148054481 0.6592
-6.98589637146892 0.6593
-6.98598437525139 0.6594
-6.98604773374974 0.6595
-6.98611351093288 0.6596
-6.98617081811497 0.6597
-6.98621700536074 0.6598
-6.98625542615572 0.6599
-6.98629207036941 0.66
-6.9863474851871 0.6601
-6.98637308966254 0.6602
-6.98638895408269 0.6603
-6.9864049623317 0.6604
-6.98643097809812 0.6605
-6.98647264802992 0.6606
-6.98650756316384 0.6607
-6.98655959430575 0.6608
-6.98660363155033 0.6609
-6.98665200721917 0.661
-6.98672315368755 0.6611
-6.98679296373532 0.6612
-6.9868626618116 0.6613
-6.98692078110784 0.6614
-6.98696882015792 0.6615
-6.98701050476816 0.6616
-6.98706139415082 0.6617
-6.98710585661117 0.6618
-6.98713250996013 0.6619
-6.98717791056307 0.662
-6.98722059013174 0.6621
-6.98727003666182 0.6622
-6.98733594483616 0.6623
-6.98739212216041 0.6624
-6.98745132011391 0.6625
-6.98751862615971 0.6626
-6.98758547064178 0.6627
-6.98766391633216 0.6628
-6.98777626804083 0.6629
-6.98790192092132 0.663
-6.98802241067747 0.6631
-6.98814313225666 0.6632
-6.98826435174837 0.6633
-6.98840202118743 0.6634
-6.98854276692445 0.6635
-6.98868784539731 0.6636
-6.9888316388466 0.6637
-6.98897816922341 0.6638
-6.98909715144853 0.6639
-6.98921023589819 0.664
-6.9893066099242 0.6641
-6.98938070029073 0.6642
-6.98942406430084 0.6643
-6.98944892335869 0.6644
-6.98944088622841 0.6645
-6.98940872207739 0.6646
-6.98936595163989 0.6647
-6.98929867011253 0.6648
-6.98920890462577 0.6649
-6.98910109479327 0.665
-6.98898160576794 0.6651
-6.98882681810721 0.6652
-6.988657240993 0.6653
-6.98847239585575 0.6654
-6.98827564283733 0.6655
-6.98806139340989 0.6656
-6.98785936514087 0.6657
-6.98765218651052 0.6658
-6.9874316688203 0.6659
-6.9871930487482 0.666
-6.98698655932366 0.6661
-6.98678503440235 0.6662
-6.98657432934688 0.6663
-6.98639227783022 0.6664
-6.98622116792565 0.6665
-6.98607352000386 0.6666
-6.98593541123404 0.6667
-6.98583499486369 0.6668
-6.98575838164444 0.6669
-6.98569499211255 0.667
-6.98566069770346 0.6671
-6.98563890747901 0.6672
-6.98563853643473 0.6673
-6.98565493502537 0.6674
-6.98569876260702 0.6675
-6.98575813081742 0.6676
-6.98581234651447 0.6677
-6.98585792635928 0.6678
-6.98590611029513 0.6679
-6.98595247004755 0.668
-6.9859820843958 0.6681
-6.98600036215291 0.6682
-6.98601058993553 0.6683
-6.98601659583111 0.6684
-6.98604362223079 0.6685
-6.98606469018404 0.6686
-6.98609134155286 0.6687
-6.98609895820965 0.6688
-6.98610091021366 0.6689
-6.98611766546052 0.669
-6.98615200312242 0.6691
-6.98617672136226 0.6692
-6.98618333679748 0.6693
-6.98617347454994 0.6694
-6.9861798669719 0.6695
-6.9861833503667 0.6696
-6.98619610884331 0.6697
-6.9862268201291 0.6698
-6.98625516160386 0.6699
-6.98628212223623 0.67
-6.98630594366732 0.6701
-6.9863372019379 0.6702
-6.9863631925445 0.6703
-6.9864203003476 0.6704
-6.98648538223576 0.6705
-6.98653742587877 0.6706
-6.98660323534276 0.6707
-6.98667319155585 0.6708
-6.98673525605473 0.6709
-6.98679139097635 0.671
-6.98682998367941 0.6711
-6.9868741060336 0.6712
-6.98688864165696 0.6713
-6.986877687607 0.6714
-6.98684716825352 0.6715
-6.98680733250419 0.6716
-6.98674897774015 0.6717
-6.98668422614923 0.6718
-6.98660799601069 0.6719
-6.98653729773604 0.672
-6.98645758664823 0.6721
-6.98639515213181 0.6722
-6.98632697999858 0.6723
-6.98625213732023 0.6724
-6.98617605029383 0.6725
-6.98613077517967 0.6726
-6.98611090430434 0.6727
-6.98611933045942 0.6728
-6.98613962687599 0.6729
-6.98615761155388 0.673
-6.98616266572013 0.6731
-6.98617908624453 0.6732
-6.98621190144351 0.6733
-6.98626079668323 0.6734
-6.98630932181576 0.6735
-6.98636324672597 0.6736
-6.98640964644763 0.6737
-6.98646758990116 0.6738
-6.98650228354286 0.6739
-6.9865476015367 0.674
-6.98658327392097 0.6741
-6.98661737155493 0.6742
-6.9866464475514 0.6743
-6.98666819407813 0.6744
-6.98666508946124 0.6745
-6.98666003190891 0.6746
-6.98664589019527 0.6747
-6.98660879227083 0.6748
-6.98655069101492 0.6749
-6.98647832339008 0.675
-6.9864079928546 0.6751
-6.98634162060227 0.6752
-6.98626694994643 0.6753
-6.98620857124143 0.6754
-6.98614881143166 0.6755
-6.9860783735776 0.6756
-6.98600473336688 0.6757
-6.98591205232553 0.6758
-6.98584513804995 0.6759
-6.98574720864527 0.676
-6.98563406724333 0.6761
-6.98552490677887 0.6762
-6.98540965014629 0.6763
-6.98528617225269 0.6764
-6.98516891588806 0.6765
-6.98504521043426 0.6766
-6.98492775031611 0.6767
-6.98479736757943 0.6768
-6.98467212407642 0.6769
-6.98454448310508 0.677
-6.98442105966765 0.6771
-6.98428580079499 0.6772
-6.98415742248353 0.6773
-6.9840647054376 0.6774
-6.98400530294169 0.6775
-6.9839652966047 0.6776
-6.98392409648456 0.6777
-6.98389231984013 0.6778
-6.98387053519335 0.6779
-6.98385632521009 0.678
-6.98384371432808 0.6781
-6.9838461691395 0.6782
-6.98386965020305 0.6783
-6.98390556506466 0.6784
-6.98393531052129 0.6785
-6.98397373414267 0.6786
-6.98400618280028 0.6787
-6.98404547188002 0.6788
-6.98407840833839 0.6789
-6.98408676352535 0.679
-6.98408665309654 0.6791
-6.98406729087786 0.6792
-6.98405249663085 0.6793
-6.98403243960836 0.6794
-6.98402625806413 0.6795
-6.98400852352476 0.6796
-6.98397091134809 0.6797
-6.98392713644337 0.6798
-6.98388597716131 0.6799
-6.98384733356142 0.68
-6.98381057056947 0.6801
-6.98375379233221 0.6802
-6.98368486684226 0.6803
-6.98359963848966 0.6804
-6.98351021305822 0.6805
-6.98341950205035 0.6806
-6.98330940598961 0.6807
-6.98320096503845 0.6808
-6.9831191320425 0.6809
-6.98305812675814 0.681
-6.98298909473388 0.6811
-6.98294114938296 0.6812
-6.98288030764841 0.6813
-6.9828343736911 0.6814
-6.98279406966003 0.6815
-6.98278118537692 0.6816
-6.98277506802056 0.6817
-6.98280694181602 0.6818
-6.98284203906161 0.6819
-6.98287708054112 0.682
-6.98292452074004 0.6821
-6.98295844622036 0.6822
-6.98301581914503 0.6823
-6.98308480758467 0.6824
-6.98314341135963 0.6825
-6.98321750469142 0.6826
-6.98330691793253 0.6827
-6.98339642516094 0.6828
-6.9835086131732 0.6829
-6.98363057093087 0.683
-6.98377622178267 0.6831
-6.98392869496507 0.6832
-6.98408031905459 0.6833
-6.98421696787245 0.6834
-6.98433766642613 0.6835
-6.98443860407226 0.6836
-6.98453137771785 0.6837
-6.98461091204354 0.6838
-6.98467756766674 0.6839
-6.98473364709966 0.684
-6.98479279380377 0.6841
-6.98482231979132 0.6842
-6.98482952508859 0.6843
-6.98482707675813 0.6844
-6.98483673366069 0.6845
-6.98483345918129 0.6846
-6.98483397414423 0.6847
-6.98482420003085 0.6848
-6.9848258203963 0.6849
-6.98482641752615 0.685
-6.98482903010847 0.6851
-6.9848547899715 0.6852
-6.98490512432204 0.6853
-6.98493229689454 0.6854
-6.9849463744174 0.6855
-6.98494398595471 0.6856
-6.98491654638531 0.6857
-6.98488428343789 0.6858
-6.9848611133658 0.6859
-6.98485104912254 0.686
-6.98483490854503 0.6861
-6.98481437717143 0.6862
-6.98477737224529 0.6863
-6.9847254518192 0.6864
-6.98467468764553 0.6865
-6.98464114724139 0.6866
-6.98461561403813 0.6867
-6.98458455613334 0.6868
-6.98453926378033 0.6869
-6.98448895086014 0.687
-6.98443484092504 0.6871
-6.98437733603335 0.6872
-6.98429959869688 0.6873
-6.98423505106821 0.6874
-6.98416265090301 0.6875
-6.98409958587418 0.6876
-6.98404218661197 0.6877
-6.98397615869858 0.6878
-6.98393188779074 0.6879
-6.98390049850407 0.688
-6.98387863412322 0.6881
-6.98385954704794 0.6882
-6.98385976369778 0.6883
-6.98386016507298 0.6884
-6.98385747110145 0.6885
-6.98387131020808 0.6886
-6.98388421457647 0.6887
-6.9838949540413 0.6888
-6.98389241596748 0.6889
-6.98388721765105 0.689
-6.98390445938533 0.6891
-6.98395176177545 0.6892
-6.98399911577971 0.6893
-6.98406410553615 0.6894
-6.98412911512441 0.6895
-6.98420689279124 0.6896
-6.98430030436379 0.6897
-6.98439903178853 0.6898
-6.9845094662246 0.6899
-6.98464179348201 0.69
-6.98476047761655 0.6901
-6.98489067285547 0.6902
-6.98501612182308 0.6903
-6.98513057088256 0.6904
-6.9852381681303 0.6905
-6.98533035703036 0.6906
-6.9853947673222 0.6907
-6.98545261891553 0.6908
-6.98551367603071 0.6909
-6.98555565089156 0.691
-6.98560637999567 0.6911
-6.98564270319368 0.6912
-6.98566050959491 0.6913
-6.98569168714502 0.6914
-6.98572424487335 0.6915
-6.98573883077561 0.6916
-6.98575429128163 0.6917
-6.98576829703208 0.6918
-6.98579091919394 0.6919
-6.98581288213735 0.692
-6.98581857491221 0.6921
-6.98581985682735 0.6922
-6.98581708062358 0.6923
-6.98579768710552 0.6924
-6.98574970470883 0.6925
-6.98569863045718 0.6926
-6.98563355102173 0.6927
-6.98556134952377 0.6928
-6.98545957089974 0.6929
-6.98536510502013 0.693
-6.98526040606919 0.6931
-6.98514398608356 0.6932
-6.98501478293831 0.6933
-6.9848793248631 0.6934
-6.98473789656902 0.6935
-6.98457948959909 0.6936
-6.98442914430492 0.6937
-6.98429237006676 0.6938
-6.98413930078648 0.6939
-6.98398284665615 0.694
-6.98382248544127 0.6941
-6.98367439625538 0.6942
-6.98351239467262 0.6943
-6.9833467914883 0.6944
-6.9831816914285 0.6945
-6.9830149195187 0.6946
-6.98283634590647 0.6947
-6.98267656135519 0.6948
-6.98252804732317 0.6949
-6.98238897967839 0.695
-6.98224395516991 0.6951
-6.98209999246604 0.6952
-6.98197154716115 0.6953
-6.98184946536278 0.6954
-6.98171633529879 0.6955
-6.98159005130421 0.6956
-6.98145229673845 0.6957
-6.98132488054742 0.6958
-6.98118771038161 0.6959
-6.98107428876334 0.696
-6.98096550779352 0.6961
-6.98085020524623 0.6962
-6.98074543428384 0.6963
-6.98064890828181 0.6964
-6.98056278113787 0.6965
-6.98050164631935 0.6966
-6.98043469383388 0.6967
-6.98038065806458 0.6968
-6.98036511135288 0.6969
-6.98036541955179 0.697
-6.98038672979946 0.6971
-6.98039542256411 0.6972
-6.98042492076891 0.6973
-6.98046805152397 0.6974
-6.98050140645863 0.6975
-6.98054792402706 0.6976
-6.98059304555976 0.6977
-6.98064684228447 0.6978
-6.98071620534912 0.6979
-6.9807830644773 0.698
-6.98085513041562 0.6981
-6.98093612303326 0.6982
-6.98104473009462 0.6983
-6.98114950048677 0.6984
-6.98127456362656 0.6985
-6.98140080526264 0.6986
-6.98152416775944 0.6987
-6.98167209725874 0.6988
-6.9818041224619 0.6989
-6.98194260350608 0.699
-6.98206814580114 0.6991
-6.98217120910328 0.6992
-6.98227570486117 0.6993
-6.98239965309851 0.6994
-6.98248348640988 0.6995
-6.98256345712239 0.6996
-6.98262832976385 0.6997
-6.98266220858867 0.6998
-6.98265156773801 0.6999
-6.98264002059215 0.7
-6.98259127157336 0.7001
-6.98253905605869 0.7002
-6.98246940913989 0.7003
-6.98238920916655 0.7004
-6.98230220013602 0.7005
-6.98221209748426 0.7006
-6.98212228638213 0.7007
-6.98202874909285 0.7008
-6.98192488104793 0.7009
-6.98179662422653 0.701
-6.98166599000233 0.7011
-6.98154842350344 0.7012
-6.98143444306723 0.7013
-6.98132961649201 0.7014
-6.98124000037699 0.7015
-6.98115432072733 0.7016
-6.98109564719734 0.7017
-6.98104452163891 0.7018
-6.98099175039504 0.7019
-6.98094394874102 0.702
-6.9809175997926 0.7021
-6.98090980400587 0.7022
-6.98089892143691 0.7023
-6.98089544773332 0.7024
-6.98088432921975 0.7025
-6.9808894499231 0.7026
-6.98089744923359 0.7027
-6.98090934318289 0.7028
-6.98093451227462 0.7029
-6.98097843454594 0.703
-6.98102823926707 0.7031
-6.9810682846933 0.7032
-6.98112395646247 0.7033
-6.9812035522036 0.7034
-6.98130104473816 0.7035
-6.9814048418003 0.7036
-6.98151157800816 0.7037
-6.98162233941386 0.7038
-6.98171761538293 0.7039
-6.9818285009003 0.704
-6.9819418720336 0.7041
-6.98207503900699 0.7042
-6.98221803488714 0.7043
-6.9823807884496 0.7044
-6.98254728686538 0.7045
-6.98273084102976 0.7046
-6.98289259197744 0.7047
-6.98304718723091 0.7048
-6.98318472997985 0.7049
-6.98331731599014 0.705
-6.98346343272678 0.7051
-6.98358868938029 0.7052
-6.98369203046309 0.7053
-6.98376841131023 0.7054
-6.98382048289294 0.7055
-6.98386190984334 0.7056
-6.98388333559469 0.7057
-6.98389710449772 0.7058
-6.98391685896449 0.7059
-6.98391976937638 0.706
-6.98392049352501 0.7061
-6.98391102201349 0.7062
-6.98388149285853 0.7063
-6.9838674961337 0.7064
-6.98386182053793 0.7065
-6.98385854835042 0.7066
-6.98383739622687 0.7067
-6.98381212995393 0.7068
-6.98379474659873 0.7069
-6.98373909721326 0.707
-6.98367175791575 0.7071
-6.98358516569365 0.7072
-6.98349311669696 0.7073
-6.98338439630402 0.7074
-6.98327084484795 0.7075
-6.98313884773138 0.7076
-6.98300721015919 0.7077
-6.98288687222809 0.7078
-6.9827706754965 0.7079
-6.98263149226027 0.708
-6.98250619488539 0.7081
-6.98239282686428 0.7082
-6.9822836012026 0.7083
-6.98214902105648 0.7084
-6.98203886550981 0.7085
-6.98193670859514 0.7086
-6.98183906162931 0.7087
-6.98176697154501 0.7088
-6.98167576799721 0.7089
-6.98158986938938 0.709
-6.98151311466281 0.7091
-6.98144172359891 0.7092
-6.98137690499566 0.7093
-6.98128845867476 0.7094
-6.98118866723259 0.7095
-6.98108633765939 0.7096
-6.98098733943041 0.7097
-6.98087055744115 0.7098
-6.98073099453814 0.7099
-6.98059344563904 0.71
-6.98045293424536 0.7101
-6.98029545478431 0.7102
-6.98011226542157 0.7103
-6.97994794337504 0.7104
-6.97979405219031 0.7105
-6.97961786323257 0.7106
-6.97944271780354 0.7107
-6.97927308624057 0.7108
-6.97911294060701 0.7109
-6.97898174007951 0.711
-6.97887806350904 0.7111
-6.97878059976069 0.7112
-6.9786979160252 0.7113
-6.97861682573481 0.7114
-6.97853999589177 0.7115
-6.97849644188809 0.7116
-6.97845718778095 0.7117
-6.97844975359101 0.7118
-6.97847273881277 0.7119
-6.97849154588205 0.712
-6.97851672238407 0.7121
-6.97855733210052 0.7122
-6.9786113481947 0.7123
-6.97865672280365 0.7124
-6.97871057120257 0.7125
-6.97875021362836 0.7126
-6.9787910171766 0.7127
-6.97883134938313 0.7128
-6.97885560476251 0.7129
-6.97887672005375 0.713
-6.97890857194289 0.7131
-6.97894512777588 0.7132
-6.9789759885615 0.7133
-6.97901845044777 0.7134
-6.97904478647326 0.7135
-6.97906549329931 0.7136
-6.97908162539386 0.7137
-6.97910140777968 0.7138
-6.97914637867981 0.7139
-6.97919722580065 0.714
-6.97924578351123 0.7141
-6.97930362582203 0.7142
-6.97934960722659 0.7143
-6.979411447164 0.7144
-6.97946573782426 0.7145
-6.97952026527602 0.7146
-6.97959807961996 0.7147
-6.97968382608445 0.7148
-6.979765575568 0.7149
-6.97984220842532 0.715
-6.97988200598508 0.7151
-6.97988779453281 0.7152
-6.97987127249316 0.7153
-6.97982488115189 0.7154
-6.97975961842249 0.7155
-6.97968283749145 0.7156
-6.979596696628 0.7157
-6.97951061810558 0.7158
-6.97941265521386 0.7159
-6.97930045424004 0.716
-6.97919023822886 0.7161
-6.97907885058905 0.7162
-6.97895436988058 0.7163
-6.97882894665829 0.7164
-6.9787160481239 0.7165
-6.97863389477614 0.7166
-6.97855110797808 0.7167
-6.97847163696918 0.7168
-6.97842801733156 0.7169
-6.97841016560721 0.717
-6.9783970450742 0.7171
-6.97839204088906 0.7172
-6.97842917964511 0.7173
-6.97848256754835 0.7174
-6.97853692133234 0.7175
-6.97862604040794 0.7176
-6.9787416184069 0.7177
-6.97885698539219 0.7178
-6.97898879756622 0.7179
-6.97911726738445 0.718
-6.97924874211685 0.7181
-6.97935024839303 0.7182
-6.97944314528088 0.7183
-6.97952974283482 0.7184
-6.97960361977327 0.7185
-6.97968407369427 0.7186
-6.9797422810922 0.7187
-6.97979246533381 0.7188
-6.9798399068942 0.7189
-6.97989580005356 0.719
-6.97993731714696 0.7191
-6.979976975966 0.7192
-6.98000385281248 0.7193
-6.98004174253738 0.7194
-6.98007964856029 0.7195
-6.98012012229935 0.7196
-6.98014332927517 0.7197
-6.98016830540428 0.7198
-6.98016224276139 0.7199
-6.98013261010348 0.72
-6.98011267584767 0.7201
-6.98006944302155 0.7202
-6.98005132877338 0.7203
-6.98002021850423 0.7204
-6.97995540293452 0.7205
-6.97989042491077 0.7206
-6.97981115232572 0.7207
-6.9797030990006 0.7208
-6.97960716562542 0.7209
-6.97949109123581 0.721
-6.97935540074316 0.7211
-6.97920311414603 0.7212
-6.97903681589839 0.7213
-6.97888206366781 0.7214
-6.97872132886763 0.7215
-6.97853120426078 0.7216
-6.97832571748682 0.7217
-6.97812291177116 0.7218
-6.97792036737737 0.7219
-6.97772398798957 0.722
-6.97754333161258 0.7221
-6.97736747314978 0.7222
-6.97719800478044 0.7223
-6.97705299108577 0.7224
-6.97695712875264 0.7225
-6.97689028589065 0.7226
-6.97686027697389 0.7227
-6.97686268884621 0.7228
-6.97688661150478 0.7229
-6.97691649159791 0.723
-6.97695551568727 0.7231
-6.97700195539115 0.7232
-6.9770676318934 0.7233
-6.97714385844985 0.7234
-6.97722810609818 0.7235
-6.97730567210127 0.7236
-6.97738364188821 0.7237
-6.97744352601191 0.7238
-6.97750993873407 0.7239
-6.97757492018284 0.724
-6.97764372444571 0.7241
-6.97772981444726 0.7242
-6.97780240626316 0.7243
-6.97784906073143 0.7244
-6.97788279312418 0.7245
-6.97790626782857 0.7246
-6.97794009846966 0.7247
-6.97796864146492 0.7248
-6.97797211213359 0.7249
-6.97798955855114 0.725
-6.97801078567889 0.7251
-6.97802979083097 0.7252
-6.97804497826111 0.7253
-6.97807566836366 0.7254
-6.9781199195804 0.7255
-6.97813370072463 0.7256
-6.978149489054 0.7257
-6.97818466257175 0.7258
-6.97823291290527 0.7259
-6.97830046239802 0.726
-6.97834933621216 0.7261
-6.97840812687208 0.7262
-6.97846154459728 0.7263
-6.97854211472093 0.7264
-6.97862235751927 0.7265
-6.97870692772554 0.7266
-6.97878985736337 0.7267
-6.97886459943425 0.7268
-6.97893299412427 0.7269
-6.97899296014453 0.727
-6.97903179116174 0.7271
-6.97906952570342 0.7272
-6.97910560264503 0.7273
-6.97914293008667 0.7274
-6.97919976504278 0.7275
-6.97926201444872 0.7276
-6.97934313269751 0.7277
-6.97944837658944 0.7278
-6.97955852611537 0.7279
-6.97964486750116 0.728
-6.9797229665456 0.7281
-6.97979536189933 0.7282
-6.9798729026208 0.7283
-6.9799241478233 0.7284
-6.9799649005217 0.7285
-6.9799802259079 0.7286
-6.97999452152069 0.7287
-6.97998756311792 0.7288
-6.97998417648156 0.7289
-6.97998495082643 0.729
-6.97997442700003 0.7291
-6.9799610428099 0.7292
-6.97993577628627 0.7293
-6.9798867336837 0.7294
-6.97984914232334 0.7295
-6.97981605105596 0.7296
-6.97979379699937 0.7297
-6.9797554671424 0.7298
-6.97972232661392 0.7299
-6.97969722406775 0.73
-6.97968269596181 0.7301
-6.97966176121592 0.7302
-6.97964734216696 0.7303
-6.97963027025538 0.7304
-6.97960051383248 0.7305
-6.97956321947564 0.7306
-6.9795240344536 0.7307
-6.97946363477421 0.7308
-6.97941315196416 0.7309
-6.9793489529659 0.731
-6.9792603067204 0.7311
-6.97918783179135 0.7312
-6.97909643849576 0.7313
-6.97899324577164 0.7314
-6.97888448916843 0.7315
-6.97876033821237 0.7316
-6.97865017406439 0.7317
-6.97854689338868 0.7318
-6.97842553419275 0.7319
-6.97829900449545 0.732
-6.97818157055195 0.7321
-6.97807111734182 0.7322
-6.97802528500732 0.7323
-6.9779924603809 0.7324
-6.97799227699205 0.7325
-6.97801869843033 0.7326
-6.97806907603082 0.7327
-6.97814076448538 0.7328
-6.97821708581473 0.7329
-6.97833243041074 0.733
-6.97846193295747 0.7331
-6.97862975670553 0.7332
-6.97881869690634 0.7333
-6.9790122950553 0.7334
-6.97917441686121 0.7335
-6.97934505696208 0.7336
-6.97949854187006 0.7337
-6.97966015846161 0.7338
-6.97982207254798 0.7339
-6.97994618186427 0.734
-6.98005346899425 0.7341
-6.98013456664551 0.7342
-6.98017957318909 0.7343
-6.98020317939061 0.7344
-6.98021074358712 0.7345
-6.98017317130684 0.7346
-6.98012182336551 0.7347
-6.9800571133416 0.7348
-6.97996606784447 0.7349
-6.9798492312015 0.735
-6.97968149484625 0.7351
-6.97948710086381 0.7352
-6.97928792288062 0.7353
-6.97907613647902 0.7354
-6.97884956097615 0.7355
-6.97860190322918 0.7356
-6.97832242730691 0.7357
-6.97805313006556 0.7358
-6.97779607444618 0.7359
-6.97753121534183 0.736
-6.97725886008695 0.7361
-6.9769896528294 0.7362
-6.97671423978792 0.7363
-6.97647240820098 0.7364
-6.97625632821683 0.7365
-6.97604595075508 0.7366
-6.97584550244565 0.7367
-6.97566450906038 0.7368
-6.97551486371631 0.7369
-6.97540215380744 0.737
-6.97530610679361 0.7371
-6.975222884809 0.7372
-6.97516652506713 0.7373
-6.97515185077166 0.7374
-6.97514486357045 0.7375
-6.97516226529189 0.7376
-6.97519580807278 0.7377
-6.97523336346775 0.7378
-6.97527284596123 0.7379
-6.97531274181485 0.738
-6.97534555992902 0.7381
-6.97537297587548 0.7382
-6.97539444149909 0.7383
-6.97542654333695 0.7384
-6.97545298697139 0.7385
-6.9754887818931 0.7386
-6.97553843680648 0.7387
-6.97559878920973 0.7388
-6.97564589219894 0.7389
-6.97570297205992 0.739
-6.97578659278778 0.7391
-6.97586676251111 0.7392
-6.97595099507082 0.7393
-6.97604295165435 0.7394
-6.97614154048854 0.7395
-6.97623438252168 0.7396
-6.97632045382831 0.7397
-6.97641138111903 0.7398
-6.97649491104174 0.7399
-6.97658834420889 0.74
-6.97669777769294 0.7401
-6.97679657910523 0.7402
-6.97687305718224 0.7403
-6.97693349204877 0.7404
-6.97697383230447 0.7405
-6.97699867129624 0.7406
-6.97701646629361 0.7407
-6.97703810086704 0.7408
-6.97706146100526 0.7409
-6.97709235373517 0.741
-6.97712168330014 0.7411
-6.97713532106966 0.7412
-6.9771533782254 0.7413
-6.97715092685386 0.7414
-6.97714410952126 0.7415
-6.97712141083445 0.7416
-6.97710852999937 0.7417
-6.97710331666083 0.7418
-6.97711273024364 0.7419
-6.97713152358611 0.742
-6.97715515133375 0.7421
-6.97717884694142 0.7422
-6.97719873700687 0.7423
-6.97720846139686 0.7424
-6.9771938270241 0.7425
-6.97719634886229 0.7426
-6.97717508800971 0.7427
-6.97714571153582 0.7428
-6.97712122424431 0.7429
-6.97709422102008 0.743
-6.97708058769998 0.7431
-6.97707992579562 0.7432
-6.97709556415976 0.7433
-6.97712082090118 0.7434
-6.97715964063323 0.7435
-6.97720383846831 0.7436
-6.97725699806251 0.7437
-6.9773202550938 0.7438
-6.97738805073085 0.7439
-6.97743971245166 0.744
-6.977493063984 0.7441
-6.9775454604811 0.7442
-6.97757204047328 0.7443
-6.97760919185284 0.7444
-6.97765275231351 0.7445
-6.97769153816728 0.7446
-6.97776034137953 0.7447
-6.9778157838948 0.7448
-6.97785794187716 0.7449
-6.97787240087486 0.745
-6.97784603219388 0.7451
-6.97779252868815 0.7452
-6.97772529057136 0.7453
-6.97765249762425 0.7454
-6.97755932639279 0.7455
-6.9774479587 0.7456
-6.9773213919989 0.7457
-6.97718885407945 0.7458
-6.97704488863817 0.7459
-6.97688781087633 0.746
-6.97672164559082 0.7461
-6.97656242061112 0.7462
-6.97643592165633 0.7463
-6.97635392640882 0.7464
-6.97626921060704 0.7465
-6.9761885690968 0.7466
-6.97614753190337 0.7467
-6.97614648621682 0.7468
-6.97615055878002 0.7469
-6.97617733094688 0.747
-6.97622979674766 0.7471
-6.9763349184701 0.7472
-6.97644202125468 0.7473
-6.97657655219163 0.7474
-6.97674371689608 0.7475
-6.97693534749944 0.7476
-6.9771368107207 0.7477
-6.97734383988323 0.7478
-6.97755596483634 0.7479
-6.97775392393042 0.748
-6.97794765455419 0.7481
-6.97812969699527 0.7482
-6.97828828898637 0.7483
-6.97842240955079 0.7484
-6.97853973847962 0.7485
-6.97863922874968 0.7486
-6.97873166526543 0.7487
-6.97879188834283 0.7488
-6.97881663034547 0.7489
-6.97883157449772 0.749
-6.9788259153287 0.7491
-6.97880010882737 0.7492
-6.97877809338248 0.7493
-6.97873832272938 0.7494
-6.97869084365512 0.7495
-6.97864933458461 0.7496
-6.9786019994327 0.7497
-6.97855819540503 0.7498
-6.97850914045791 0.7499
-6.97844555760604 0.75
-6.97836181478837 0.7501
-6.97826956801915 0.7502
-6.97817485009363 0.7503
-6.97807331328742 0.7504
-6.97797221471552 0.7505
-6.97785191108901 0.7506
-6.97774268657194 0.7507
-6.9775857233992 0.7508
-6.97741416174822 0.7509
-6.9772172652027 0.751
-6.97701306317268 0.7511
-6.97680161250702 0.7512
-6.97656303274921 0.7513
-6.97633319675845 0.7514
-6.97612662007208 0.7515
-6.97592080769371 0.7516
-6.97570863637785 0.7517
-6.97550254661832 0.7518
-6.97530697772383 0.7519
-6.97511330133062 0.752
-6.9749157094809 0.7521
-6.97475490628514 0.7522
-6.97459720734392 0.7523
-6.9744684747335 0.7524
-6.97435186901614 0.7525
-6.97426412978702 0.7526
-6.97422108599855 0.7527
-6.97417330424848 0.7528
-6.97413971814947 0.7529
-6.97411395875916 0.753
-6.97409508879732 0.7531
-6.97406942325962 0.7532
-6.97404102725725 0.7533
-6.97403723257431 0.7534
-6.97407388298672 0.7535
-6.97410883953212 0.7536
-6.9741889808501 0.7537
-6.97427436405133 0.7538
-6.97432584115363 0.7539
-6.97435223430565 0.754
-6.97439291119767 0.7541
-6.97442651451887 0.7542
-6.97445439854134 0.7543
-6.97447104073337 0.7544
-6.97447322554668 0.7545
-6.97446561734583 0.7546
-6.97444210508125 0.7547
-6.9744034636251 0.7548
-6.97435356887619 0.7549
-6.97430627175644 0.755
-6.9742837987532 0.7551
-6.97424437672369 0.7552
-6.9741992107993 0.7553
-6.97412888854203 0.7554
-6.97407110569527 0.7555
-6.97402933147758 0.7556
-6.9739988372119 0.7557
-6.97395420731535 0.7558
-6.97391528647414 0.7559
-6.97386637132162 0.756
-6.9738185969519 0.7561
-6.97378739737253 0.7562
-6.9737499082293 0.7563
-6.97372795817421 0.7564
-6.97369709286194 0.7565
-6.973651089337 0.7566
-6.97358861557486 0.7567
-6.97350793121793 0.7568
-6.97342190704963 0.7569
-6.9733158067185 0.757
-6.97318422705671 0.7571
-6.97305210940944 0.7572
-6.97291486102227 0.7573
-6.97276391330751 0.7574
-6.97260821257586 0.7575
-6.97241561435908 0.7576
-6.97223571285769 0.7577
-6.97206910892395 0.7578
-6.97188929534749 0.7579
-6.97169888194697 0.758
-6.97150472271966 0.7581
-6.97132974472393 0.7582
-6.97115559021519 0.7583
-6.9709964166781 0.7584
-6.97083038528848 0.7585
-6.97065759921717 0.7586
-6.97048246623022 0.7587
-6.97034710703069 0.7588
-6.97021965689127 0.7589
-6.97011849445693 0.759
-6.97004678399445 0.7591
-6.96999573261337 0.7592
-6.96996979165699 0.7593
-6.96995322654511 0.7594
-6.96995868104147 0.7595
-6.9699722037662 0.7596
-6.97000324099879 0.7597
-6.97005823673982 0.7598
-6.97010706878702 0.7599
-6.97019081282615 0.76
-6.97029933278827 0.7601
-6.97041617008439 0.7602
-6.97055942231569 0.7603
-6.97067838254243 0.7604
-6.97078533908525 0.7605
-6.97087738009527 0.7606
-6.97096088337412 0.7607
-6.97106860258565 0.7608
-6.97115361442131 0.7609
-6.97123631443849 0.761
-6.97130363237168 0.7611
-6.97137637334978 0.7612
-6.97143275057838 0.7613
-6.97148700514427 0.7614
-6.9715403569826 0.7615
-6.97156621051887 0.7616
-6.97160044298275 0.7617
-6.97161879822852 0.7618
-6.9716410301613 0.7619
-6.97164240248171 0.762
-6.97163269177065 0.7621
-6.97161950158992 0.7622
-6.97159067265998 0.7623
-6.97155073377583 0.7624
-6.97151313623129 0.7625
-6.97145758155606 0.7626
-6.97137787026389 0.7627
-6.97127990090503 0.7628
-6.97119980046645 0.7629
-6.97111295957888 0.763
-6.97100364787555 0.7631
-6.97088932967537 0.7632
-6.97078464584679 0.7633
-6.9707107560974 0.7634
-6.97063498743548 0.7635
-6.970588580687 0.7636
-6.97056532655223 0.7637
-6.97056778666918 0.7638
-6.97059828991921 0.7639
-6.9706482661539 0.764
-6.97068561641429 0.7641
-6.97073770437457 0.7642
-6.97080939496143 0.7643
-6.97088611702813 0.7644
-6.97098081059307 0.7645
-6.97108012788475 0.7646
-6.97116978002573 0.7647
-6.97124849036399 0.7648
-6.9713210530672 0.7649
-6.97137222561934 0.765
-6.97142089623059 0.7651
-6.9714623777031 0.7652
-6.9714875377643 0.7653
-6.9714785681557 0.7654
-6.97143904476065 0.7655
-6.97139321442363 0.7656
-6.97132988147637 0.7657
-6.97127905673873 0.7658
-6.97121147936682 0.7659
-6.97115445852878 0.766
-6.97107253102509 0.7661
-6.97099416668971 0.7662
-6.97092777515866 0.7663
-6.97085572254489 0.7664
-6.97081353982058 0.7665
-6.9707820105582 0.7666
-6.97075268313072 0.7667
-6.97072168038936 0.7668
-6.9707013670209 0.7669
-6.97069613826095 0.767
-6.97071289766883 0.7671
-6.97075739952532 0.7672
-6.97079792171601 0.7673
-6.97084730207155 0.7674
-6.97087565762093 0.7675
-6.97089047739558 0.7676
-6.97090098719623 0.7677
-6.97093383243619 0.7678
-6.97097086303836 0.7679
-6.97102106968891 0.768
-6.97107009143707 0.7681
-6.97112791115451 0.7682
-6.97118412943345 0.7683
-6.97122585319202 0.7684
-6.97124298063111 0.7685
-6.97125695805595 0.7686
-6.97128653266368 0.7687
-6.97131912748469 0.7688
-6.97134312764459 0.7689
-6.97136142618759 0.769
-6.97136014134733 0.7691
-6.97134551761478 0.7692
-6.97131694405855 0.7693
-6.9712864747437 0.7694
-6.97121932076495 0.7695
-6.97114741814157 0.7696
-6.97107406144863 0.7697
-6.97099372630895 0.7698
-6.97091288224921 0.7699
-6.97082550455259 0.77
-6.97073395580636 0.7701
-6.97063749642359 0.7702
-6.97053380409819 0.7703
-6.97042355264499 0.7704
-6.97030177875362 0.7705
-6.97015409764552 0.7706
-6.97002042091269 0.7707
-6.96989473261326 0.7708
-6.9697734969966 0.7709
-6.96965106772483 0.771
-6.96955909212106 0.7711
-6.96951320228001 0.7712
-6.96949389169106 0.7713
-6.96948373516723 0.7714
-6.96948928741832 0.7715
-6.96952401879075 0.7716
-6.96957063122434 0.7717
-6.96963865547037 0.7718
-6.96972704862013 0.7719
-6.96979647565761 0.772
-6.96987295625487 0.7721
-6.96996856298169 0.7722
-6.97007234439669 0.7723
-6.97019739571493 0.7724
-6.97032850820356 0.7725
-6.97048644856945 0.7726
-6.97065152303231 0.7727
-6.97081657034038 0.7728
-6.97095904212484 0.7729
-6.971079879046 0.773
-6.97119523938425 0.7731
-6.97131188633975 0.7732
-6.97141122428304 0.7733
-6.9715089876824 0.7734
-6.97158975832213 0.7735
-6.97164545290908 0.7736
-6.97169423847252 0.7737
-6.97172976654836 0.7738
-6.9717681800494 0.7739
-6.97177348028363 0.774
-6.97175309921203 0.7741
-6.97168532902249 0.7742
-6.97160541807117 0.7743
-6.97151609296345 0.7744
-6.97142133395261 0.7745
-6.97131648220111 0.7746
-6.97118114032065 0.7747
-6.9710379077464 0.7748
-6.97091058243114 0.7749
-6.97076992457036 0.775
-6.9706537393365 0.7751
-6.970547177043 0.7752
-6.97045336076147 0.7753
-6.97039335356392 0.7754
-6.97036435841258 0.7755
-6.97036761784752 0.7756
-6.97037919494571 0.7757
-6.97041437297542 0.7758
-6.97047644561122 0.7759
-6.97054415062874 0.776
-6.97059891673371 0.7761
-6.9706844647738 0.7762
-6.9707720800264 0.7763
-6.97084934769542 0.7764
-6.97093857499581 0.7765
-6.97101276237787 0.7766
-6.97107287882106 0.7767
-6.97110845110727 0.7768
-6.97112908409724 0.7769
-6.97111022815856 0.777
-6.97105910180173 0.7771
-6.97099100600658 0.7772
-6.97091684592777 0.7773
-6.97081034113144 0.7774
-6.97071007620668 0.7775
-6.97058800122686 0.7776
-6.97046731431074 0.7777
-6.97034740620572 0.7778
-6.97021216697225 0.7779
-6.9700778531866 0.778
-6.96995957681897 0.7781
-6.96984511865208 0.7782
-6.96972912674521 0.7783
-6.96964238621486 0.7784
-6.9695463806278 0.7785
-6.96946304242159 0.7786
-6.96938494004021 0.7787
-6.96932989462214 0.7788
-6.96928972408982 0.7789
-6.96927388820112 0.779
-6.96926693978083 0.7791
-6.9692582300639 0.7792
-6.96926058553601 0.7793
-6.969295098741 0.7794
-6.96935499512641 0.7795
-6.96941410521772 0.7796
-6.96948173540514 0.7797
-6.96957038825 0.7798
-6.96966948963666 0.7799
-6.96976247003816 0.78
-6.96987189168633 0.7801
-6.96997935415225 0.7802
-6.97005253507413 0.7803
-6.97013432518837 0.7804
-6.97021059085117 0.7805
-6.97030589910735 0.7806
-6.97042592825495 0.7807
-6.97054134040281 0.7808
-6.97063801983888 0.7809
-6.97073699148952 0.781
-6.97081592710423 0.7811
-6.97090226148259 0.7812
-6.97099280827274 0.7813
-6.97106284391998 0.7814
-6.97113257190234 0.7815
-6.97118543751333 0.7816
-6.97123347854837 0.7817
-6.97126871992229 0.7818
-6.9712888906729 0.7819
-6.97130726265523 0.782
-6.97129512652351 0.7821
-6.97125565309554 0.7822
-6.97119035592491 0.7823
-6.97112659000401 0.7824
-6.97104083844429 0.7825
-6.97094545390898 0.7826
-6.97084239994985 0.7827
-6.97071796949105 0.7828
-6.97056796431189 0.7829
-6.97040258545862 0.783
-6.97022770609945 0.7831
-6.9700564883984 0.7832
-6.96990084712518 0.7833
-6.96975388558455 0.7834
-6.96959248310347 0.7835
-6.96946321530024 0.7836
-6.9693432992016 0.7837
-6.96924368196084 0.7838
-6.96916156300288 0.7839
-6.96908239250993 0.784
-6.96899634213903 0.7841
-6.96891883006748 0.7842
-6.96883872608112 0.7843
-6.96877702168698 0.7844
-6.96872469611218 0.7845
-6.96868618840719 0.7846
-6.96865968175092 0.7847
-6.96862846634251 0.7848
-6.96860735658539 0.7849
-6.96860071671544 0.785
-6.96862161890322 0.7851
-6.96863370054068 0.7852
-6.96867416074947 0.7853
-6.96870393682319 0.7854
-6.96875265163159 0.7855
-6.96882115997336 0.7856
-6.96890242869317 0.7857
-6.96897458948869 0.7858
-6.96903817813581 0.7859
-6.96909038970565 0.786
-6.96915098645057 0.7861
-6.96925368826671 0.7862
-6.96937826093802 0.7863
-6.9695134258927 0.7864
-6.96965868720096 0.7865
-6.9697913224241 0.7866
-6.96991731408098 0.7867
-6.9700312471498 0.7868
-6.97012449695663 0.7869
-6.97021975342798 0.787
-6.97031499851322 0.7871
-6.97037684602188 0.7872
-6.97042438330304 0.7873
-6.97044575495502 0.7874
-6.97045496552164 0.7875
-6.9704556815668 0.7876
-6.97043774465872 0.7877
-6.97040091519608 0.7878
-6.97033121029506 0.7879
-6.97025048046612 0.788
-6.97018050198587 0.7881
-6.97012296492943 0.7882
-6.97005160436663 0.7883
-6.96997418008996 0.7884
-6.96985896203231 0.7885
-6.96975303146848 0.7886
-6.96966318629714 0.7887
-6.96959528106254 0.7888
-6.9695691394117 0.7889
-6.9695531135012 0.789
-6.96957056800071 0.7891
-6.96961360806386 0.7892
-6.96967089221697 0.7893
-6.96972802198046 0.7894
-6.96980600975879 0.7895
-6.9699052869639 0.7896
-6.97000729594425 0.7897
-6.97010579581348 0.7898
-6.97020956602396 0.7899
-6.97030420153022 0.79
-6.9704051471939 0.7901
-6.97050218871134 0.7902
-6.9705905149084 0.7903
-6.97067215719623 0.7904
-6.97074006999688 0.7905
-6.97080425017418 0.7906
-6.97087267465683 0.7907
-6.97093297788949 0.7908
-6.97094833680226 0.7909
-6.97094065296353 0.791
-6.97091002233239 0.7911
-6.9708546915413 0.7912
-6.97078647256454 0.7913
-6.97069274539154 0.7914
-6.97057635728911 0.7915
-6.97046060536294 0.7916
-6.97033818666947 0.7917
-6.97022929932625 0.7918
-6.97012217999441 0.7919
-6.97003468701745 0.792
-6.96996286204969 0.7921
-6.96990004520906 0.7922
-6.96983972077836 0.7923
-6.96978612214058 0.7924
-6.96972023187213 0.7925
-6.96964318210933 0.7926
-6.96955840612653 0.7927
-6.9694806150844 0.7928
-6.96941243596946 0.7929
-6.96933478492848 0.793
-6.96925615164045 0.7931
-6.96917661806426 0.7932
-6.96911225466082 0.7933
-6.96902128745389 0.7934
-6.96894420197481 0.7935
-6.96886687863618 0.7936
-6.96880504493592 0.7937
-6.96874543976128 0.7938
-6.96869816625988 0.7939
-6.968646075392 0.794
-6.96860363651876 0.7941
-6.96857864306263 0.7942
-6.96857602888437 0.7943
-6.96858631022456 0.7944
-6.96862527092716 0.7945
-6.96867122983268 0.7946
-6.96870059425016 0.7947
-6.96873481305867 0.7948
-6.9687556528067 0.7949
-6.96877842864748 0.795
-6.96879104019203 0.7951
-6.96882004930281 0.7952
-6.96885888311543 0.7953
-6.96889490119092 0.7954
-6.96893502853305 0.7955
-6.96898401749824 0.7956
-6.96904211637787 0.7957
-6.96909647988422 0.7958
-6.96914779504278 0.7959
-6.96917466976681 0.796
-6.96917526828629 0.7961
-6.96914314459518 0.7962
-6.96908309245083 0.7963
-6.96898939101545 0.7964
-6.9689020916327 0.7965
-6.96879972291446 0.7966
-6.96868851394168 0.7967
-6.9685691739626 0.7968
-6.96845433989903 0.7969
-6.9683274708082 0.797
-6.96820335146098 0.7971
-6.96807840230204 0.7972
-6.96794239598121 0.7973
-6.96779774120142 0.7974
-6.96766541460695 0.7975
-6.96752783784326 0.7976
-6.9673943095899 0.7977
-6.96727911617151 0.7978
-6.96717262149268 0.7979
-6.9670858093361 0.798
-6.96702785053741 0.7981
-6.96698402191934 0.7982
-6.96695596913967 0.7983
-6.96692287241423 0.7984
-6.96688912663059 0.7985
-6.96685417957953 0.7986
-6.96682169885181 0.7987
-6.96679373290221 0.7988
-6.96676520071887 0.7989
-6.96673699485176 0.799
-6.96669334084346 0.7991
-6.96663256618006 0.7992
-6.96657744784753 0.7993
-6.9665133321246 0.7994
-6.96645924350012 0.7995
-6.96639671760944 0.7996
-6.9663319120442 0.7997
-6.96628760688486 0.7998
-6.96623982353211 0.7999
-6.9661826680585 0.8
-6.96612793571844 0.8001
-6.96604331596665 0.8002
-6.96593219851784 0.8003
-6.96583248661185 0.8004
-6.96571308930616 0.8005
-6.96561541084486 0.8006
-6.9655202326385 0.8007
-6.96542916916272 0.8008
-6.96535155865932 0.8009
-6.9652794983037 0.801
-6.96522838624383 0.8011
-6.96517095441868 0.8012
-6.9651361992491 0.8013
-6.96510011477782 0.8014
-6.96508698230855 0.8015
-6.96509017731778 0.8016
-6.9650883445697 0.8017
-6.96512163821793 0.8018
-6.96515972239606 0.8019
-6.96520365373232 0.802
-6.96527513047128 0.8021
-6.96535246146215 0.8022
-6.96544081986916 0.8023
-6.96555178325727 0.8024
-6.96564558482671 0.8025
-6.96575596543077 0.8026
-6.96587934263501 0.8027
-6.96600857145977 0.8028
-6.96613955705147 0.8029
-6.96627743693505 0.803
-6.96642112922526 0.8031
-6.96657137521036 0.8032
-6.96671595918328 0.8033
-6.96686153668009 0.8034
-6.96701965307285 0.8035
-6.96716105852283 0.8036
-6.96729895102723 0.8037
-6.96739367182292 0.8038
-6.96748072001132 0.8039
-6.96755084618054 0.804
-6.96761691530198 0.8041
-6.96764391058592 0.8042
-6.96766228943774 0.8043
-6.96764738940137 0.8044
-6.96762536006937 0.8045
-6.9676096048578 0.8046
-6.96758941682408 0.8047
-6.96758815475586 0.8048
-6.96759698809973 0.8049
-6.96761289060208 0.805
-6.96762668820661 0.8051
-6.96763881596911 0.8052
-6.96765413998278 0.8053
-6.96767403312911 0.8054
-6.96768804917363 0.8055
-6.96774077243453 0.8056
-6.96777864957394 0.8057
-6.96783228548232 0.8058
-6.96788617521142 0.8059
-6.96794994651402 0.806
-6.96798952735228 0.8061
-6.96801389935113 0.8062
-6.96804165818815 0.8063
-6.96809401563769 0.8064
-6.96814776202506 0.8065
-6.9682116483015 0.8066
-6.96826654795784 0.8067
-6.9683324086141 0.8068
-6.9683864275243 0.8069
-6.96845228145521 0.807
-6.96852401113586 0.8071
-6.96860788928985 0.8072
-6.9686802537267 0.8073
-6.96873955198682 0.8074
-6.96879364816139 0.8075
-6.96883233972669 0.8076
-6.96886632911849 0.8077
-6.96890934894904 0.8078
-6.96895080086568 0.8079
-6.96897317068485 0.808
-6.96899253837615 0.8081
-6.96901585435113 0.8082
-6.96903824244683 0.8083
-6.96902158222723 0.8084
-6.96896918866796 0.8085
-6.96889629135957 0.8086
-6.9687967735419 0.8087
-6.96867295815548 0.8088
-6.96851895080925 0.8089
-6.9683387141848 0.809
-6.96814073887048 0.8091
-6.96791557565522 0.8092
-6.96768164001759 0.8093
-6.96745457559733 0.8094
-6.96720276052799 0.8095
-6.96694353771728 0.8096
-6.96668201755661 0.8097
-6.96640921863372 0.8098
-6.96616305312104 0.8099
-6.96591456555252 0.81
-6.96566220234006 0.8101
-6.96540835151014 0.8102
-6.96517498266969 0.8103
-6.96494841126528 0.8104
-6.96472232137677 0.8105
-6.96449299304231 0.8106
-6.96428695916582 0.8107
-6.96408214466419 0.8108
-6.96389306851092 0.8109
-6.96371177389667 0.811
-6.96352137548545 0.8111
-6.96337252513783 0.8112
-6.96324660645656 0.8113
-6.96314363627538 0.8114
-6.96306087885576 0.8115
-6.9630374055757 0.8116
-6.96304594334448 0.8117
-6.96305899670149 0.8118
-6.96309028897573 0.8119
-6.96315271146893 0.812
-6.96323236878982 0.8121
-6.96331666049083 0.8122
-6.96340649971557 0.8123
-6.9634958112411 0.8124
-6.96360673122884 0.8125
-6.96373743507661 0.8126
-6.96384949322836 0.8127
-6.963957860609 0.8128
-6.96404339694622 0.8129
-6.96414276915935 0.813
-6.96423711677283 0.8131
-6.96430521258381 0.8132
-6.964371765215 0.8133
-6.96442228048378 0.8134
-6.96448780505016 0.8135
-6.96456354337364 0.8136
-6.96464404142333 0.8137
-6.9647212486652 0.8138
-6.96476176714661 0.8139
-6.96479789625724 0.814
-6.96483238383665 0.8141
-6.96485701239525 0.8142
-6.96485530683865 0.8143
-6.96483275148852 0.8144
-6.96481456820437 0.8145
-6.96479788609867 0.8146
-6.96477158011784 0.8147
-6.96474912558326 0.8148
-6.96471421895359 0.8149
-6.9646731278427 0.815
-6.96464625131445 0.8151
-6.96462311644247 0.8152
-6.96460925941778 0.8153
-6.96459706216424 0.8154
-6.96457447570279 0.8155
-6.96456252046743 0.8156
-6.96453368832888 0.8157
-6.96449713198884 0.8158
-6.96445314211316 0.8159
-6.96439959971172 0.816
-6.96436706685204 0.8161
-6.96432685756181 0.8162
-6.96428892135916 0.8163
-6.96425023543468 0.8164
-6.96420648395998 0.8165
-6.96416873239692 0.8166
-6.96413931134378 0.8167
-6.96412795291968 0.8168
-6.96410093571942 0.8169
-6.96407473343748 0.817
-6.96402290263014 0.8171
-6.96396007813881 0.8172
-6.96388237615496 0.8173
-6.96378391585745 0.8174
-6.96368606672197 0.8175
-6.96357896416004 0.8176
-6.96345921987938 0.8177
-6.96332405500228 0.8178
-6.96318554886667 0.8179
-6.96305320921181 0.818
-6.96290116249106 0.8181
-6.96273395365352 0.8182
-6.96254997475043 0.8183
-6.96236890618201 0.8184
-6.96218735697805 0.8185
-6.96201260625844 0.8186
-6.96185702031951 0.8187
-6.96174221740162 0.8188
-6.96165062795413 0.8189
-6.96155111845876 0.819
-6.96148055573479 0.8191
-6.96143655187875 0.8192
-6.96142105056518 0.8193
-6.96142951482285 0.8194
-6.96148226584193 0.8195
-6.96155787452163 0.8196
-6.96165461517963 0.8197
-6.96177760599868 0.8198
-6.96192369827668 0.8199
-6.96209305520375 0.82
-6.96229119283095 0.8201
-6.96249193738686 0.8202
-6.96270278738396 0.8203
-6.96292930882919 0.8204
-6.96314119465915 0.8205
-6.96336293320226 0.8206
-6.9635677431461 0.8207
-6.96376017427909 0.8208
-6.9639333734729 0.8209
-6.96410758291028 0.821
-6.96426284350052 0.8211
-6.96440086234426 0.8212
-6.96450895903912 0.8213
-6.96461559933072 0.8214
-6.96468813188304 0.8215
-6.96472414354704 0.8216
-6.96476225149311 0.8217
-6.96475182530093 0.8218
-6.96470759409442 0.8219
-6.9646469701312 0.822
-6.96454860602051 0.8221
-6.96444252093766 0.8222
-6.96430441768614 0.8223
-6.96413071410137 0.8224
-6.9639370183987 0.8225
-6.96371831158507 0.8226
-6.9634910906079 0.8227
-6.96326135594565 0.8228
-6.96302013771566 0.8229
-6.96277344954759 0.823
-6.9625293319019 0.8231
-6.96230980190785 0.8232
-6.96210103867013 0.8233
-6.9619271609364 0.8234
-6.96178114941045 0.8235
-6.96166511738794 0.8236
-6.9615738966881 0.8237
-6.96153565825431 0.8238
-6.96151233355674 0.8239
-6.96150704162285 0.824
-6.96150026171716 0.8241
-6.96149859572366 0.8242
-6.961476815902 0.8243
-6.96146876199492 0.8244
-6.96148656622483 0.8245
-6.96151259199018 0.8246
-6.96154497294608 0.8247
-6.96157077421809 0.8248
-6.96159359572638 0.8249
-6.96162897471116 0.825
-6.96167124923227 0.8251
-6.9617108310662 0.8252
-6.96177131581959 0.8253
-6.96182635765038 0.8254
-6.96188356882894 0.8255
-6.96193165579279 0.8256
-6.96200831767456 0.8257
-6.96211311745133 0.8258
-6.96222431315263 0.8259
-6.96231733081637 0.826
-6.96239978428439 0.8261
-6.96248388614227 0.8262
-6.96258161947617 0.8263
-6.96266245248449 0.8264
-6.96274755604882 0.8265
-6.96285447286269 0.8266
-6.96294232147827 0.8267
-6.96302645227393 0.8268
-6.96309149605329 0.8269
-6.96312418375305 0.827
-6.96314465620283 0.8271
-6.96314427168732 0.8272
-6.96311915950565 0.8273
-6.9630973442638 0.8274
-6.96304895436959 0.8275
-6.96298958817513 0.8276
-6.96292763168086 0.8277
-6.96284912519408 0.8278
-6.96276827807191 0.8279
-6.96266727726814 0.828
-6.96255777431002 0.8281
-6.96246183920308 0.8282
-6.96234031381625 0.8283
-6.96222729544465 0.8284
-6.96211518667496 0.8285
-6.96201768992079 0.8286
-6.96192611406585 0.8287
-6.96183190385926 0.8288
-6.96172227110868 0.8289
-6.96161560577769 0.829
-6.96152941595779 0.8291
-6.96145550700787 0.8292
-6.96137075472587 0.8293
-6.96129615370738 0.8294
-6.9612452946472 0.8295
-6.9611971633651 0.8296
-6.96116698730191 0.8297
-6.96116486158689 0.8298
-6.96116292572139 0.8299
-6.96117602933862 0.83
-6.96119888230136 0.8301
-6.96123910837096 0.8302
-6.96129199070199 0.8303
-6.96133766138925 0.8304
-6.96136744445835 0.8305
-6.96139156105312 0.8306
-6.96142503719256 0.8307
-6.96145069616753 0.8308
-6.96146986268076 0.8309
-6.96150334904159 0.831
-6.96155511013469 0.8311
-6.96160197228236 0.8312
-6.96165610545767 0.8313
-6.96169754025998 0.8314
-6.9617391739329 0.8315
-6.96177567557873 0.8316
-6.96179685750904 0.8317
-6.96179495431803 0.8318
-6.96178897991731 0.8319
-6.96175735664439 0.832
-6.96170828477122 0.8321
-6.96164073923013 0.8322
-6.96156228571818 0.8323
-6.96145264961728 0.8324
-6.96130868198038 0.8325
-6.96115732539218 0.8326
-6.96101045593858 0.8327
-6.96086135073869 0.8328
-6.96070614101205 0.8329
-6.96053083216857 0.833
-6.96035231449573 0.8331
-6.96017007218288 0.8332
-6.95997881942766 0.8333
-6.95976971938317 0.8334
-6.95958791463938 0.8335
-6.959392529319 0.8336
-6.95923567218268 0.8337
-6.95906327251741 0.8338
-6.95889130074341 0.8339
-6.95874798362129 0.834
-6.95862075787474 0.8341
-6.95851143217875 0.8342
-6.95839605359159 0.8343
-6.9583175711688 0.8344
-6.95826759945424 0.8345
-6.95822480223716 0.8346
-6.95819650525128 0.8347
-6.95817739817252 0.8348
-6.95818206181149 0.8349
-6.95820396838462 0.835
-6.95827190313193 0.8351
-6.95836663692021 0.8352
-6.95849257919407 0.8353
-6.9586448710816 0.8354
-6.95881590992214 0.8355
-6.95899254602153 0.8356
-6.9591808621619 0.8357
-6.95936835348952 0.8358
-6.95954979156255 0.8359
-6.95973002783042 0.836
-6.95990269851742 0.8361
-6.96006048783281 0.8362
-6.9602219332757 0.8363
-6.9603639912174 0.8364
-6.96048787357627 0.8365
-6.96061562408444 0.8366
-6.96072387128752 0.8367
-6.96081680025983 0.8368
-6.96089440937793 0.8369
-6.96095079423385 0.837
-6.96099087162716 0.8371
-6.96101539978644 0.8372
-6.96100385390531 0.8373
-6.96097336160685 0.8374
-6.96092182099177 0.8375
-6.96086012361479 0.8376
-6.96080752425713 0.8377
-6.96074556226443 0.8378
-6.96066094886028 0.8379
-6.96057850145666 0.838
-6.96050001746992 0.8381
-6.96039081090396 0.8382
-6.96029105512515 0.8383
-6.96020834388187 0.8384
-6.96010406453084 0.8385
-6.95999468302913 0.8386
-6.95989460128721 0.8387
-6.95981266455562 0.8388
-6.95970883048394 0.8389
-6.95963603953697 0.839
-6.95958024043335 0.8391
-6.95956151610495 0.8392
-6.95956005147993 0.8393
-6.95958016932245 0.8394
-6.95959785325676 0.8395
-6.95963345434733 0.8396
-6.95971614381758 0.8397
-6.9598307086415 0.8398
-6.95995102642113 0.8399
-6.96010227505514 0.84
-6.96027421416199 0.8401
-6.96045287382876 0.8402
-6.96065939078709 0.8403
-6.96086657884723 0.8404
-6.96107403184612 0.8405
-6.96130746169866 0.8406
-6.96153536194439 0.8407
-6.96176507343775 0.8408
-6.96199148126335 0.8409
-6.96221563555377 0.841
-6.9624175631759 0.8411
-6.96260433275774 0.8412
-6.96279361704754 0.8413
-6.96294701394975 0.8414
-6.96310444984148 0.8415
-6.96327481482933 0.8416
-6.9634253285474 0.8417
-6.96357015273667 0.8418
-6.96372491063022 0.8419
-6.96386834067679 0.842
-6.964006365173 0.8421
-6.96413663274005 0.8422
-6.96424357574034 0.8423
-6.96434461073429 0.8424
-6.96444979411014 0.8425
-6.96455780215939 0.8426
-6.96465213224349 0.8427
-6.96473472287946 0.8428
-6.96481615883398 0.8429
-6.96488188951197 0.843
-6.9649210886724 0.8431
-6.96494632849665 0.8432
-6.9649470352352 0.8433
-6.964894343137 0.8434
-6.96483995508638 0.8435
-6.96478391824893 0.8436
-6.96471397002531 0.8437
-6.96464680874108 0.8438
-6.96456668179665 0.8439
-6.96448978560361 0.844
-6.96440035227609 0.8441
-6.96431365587475 0.8442
-6.9642261780903 0.8443
-6.96414993824169 0.8444
-6.96406391554575 0.8445
-6.96397438003799 0.8446
-6.96388194678767 0.8447
-6.96376477726948 0.8448
-6.96363310094942 0.8449
-6.96348312337953 0.845
-6.96329795150332 0.8451
-6.96309302729578 0.8452
-6.96286778278076 0.8453
-6.96260914114028 0.8454
-6.96232915366892 0.8455
-6.96201671677702 0.8456
-6.96166809557141 0.8457
-6.96135445692107 0.8458
-6.9610415226825 0.8459
-6.96072005859566 0.846
-6.96039293571828 0.8461
-6.96003677892106 0.8462
-6.95970934252761 0.8463
-6.95937505364763 0.8464
-6.95907638498316 0.8465
-6.95880866278143 0.8466
-6.95857041076028 0.8467
-6.95835182295238 0.8468
-6.95816755932865 0.8469
-6.95801669205414 0.847
-6.95791238171375 0.8471
-6.95781872090676 0.8472
-6.95774070938899 0.8473
-6.95768749974417 0.8474
-6.95765748408757 0.8475
-6.95766432948583 0.8476
-6.95770076205315 0.8477
-6.95777146610769 0.8478
-6.95786846867368 0.8479
-6.95798076142833 0.848
-6.95809692313063 0.8481
-6.95823045708241 0.8482
-6.95836127545013 0.8483
-6.95847921237637 0.8484
-6.95861377228558 0.8485
-6.95876371438622 0.8486
-6.95893267606069 0.8487
-6.95911942703173 0.8488
-6.95929889629489 0.8489
-6.95948952757645 0.849
-6.95967537948014 0.8491
-6.95983948954594 0.8492
-6.95999760255953 0.8493
-6.96012235657891 0.8494
-6.96022318221448 0.8495
-6.96031925568008 0.8496
-6.96041005272319 0.8497
-6.96048470444523 0.8498
-6.96055274960877 0.8499
-6.96059888929772 0.85
-6.96061571087783 0.8501
-6.9605959651756 0.8502
-6.96056048256314 0.8503
-6.96051275066221 0.8504
-6.96043339747584 0.8505
-6.96033436406675 0.8506
-6.96022895522853 0.8507
-6.96012963856823 0.8508
-6.96003430307146 0.8509
-6.95995046050208 0.851
-6.95985810889624 0.8511
-6.95974407130677 0.8512
-6.95959861771153 0.8513
-6.95943005839441 0.8514
-6.95925352242564 0.8515
-6.95906575483069 0.8516
-6.95888508253783 0.8517
-6.95869273131689 0.8518
-6.9585128792725 0.8519
-6.95832960750268 0.852
-6.95813833160244 0.8521
-6.95796097053352 0.8522
-6.95779677909461 0.8523
-6.95763547267166 0.8524
-6.95751922177677 0.8525
-6.95740884103893 0.8526
-6.95730243337762 0.8527
-6.95720805524603 0.8528
-6.95710367691062 0.8529
-6.95700942968114 0.853
-6.95694565562167 0.8531
-6.95691788414489 0.8532
-6.9568971056481 0.8533
-6.95690122576319 0.8534
-6.95693440970714 0.8535
-6.95698747207188 0.8536
-6.95703167402039 0.8537
-6.95709442420759 0.8538
-6.9571681175632 0.8539
-6.95724352680591 0.854
-6.95732313275873 0.8541
-6.95739882302614 0.8542
-6.95750274902038 0.8543
-6.95759726554152 0.8544
-6.95766822710345 0.8545
-6.95770728957954 0.8546
-6.95774001267545 0.8547
-6.95780472691824 0.8548
-6.95785773492733 0.8549
-6.95790321337113 0.855
-6.95795047855233 0.8551
-6.95797310843724 0.8552
-6.95800381094374 0.8553
-6.95800938940158 0.8554
-6.95802795962525 0.8555
-6.95802965175166 0.8556
-6.95801485472992 0.8557
-6.95799990851332 0.8558
-6.95800193349062 0.8559
-6.95803152669087 0.856
-6.9580529731327 0.8561
-6.95810440428398 0.8562
-6.95813317921607 0.8563
-6.9581634677362 0.8564
-6.95820029032573 0.8565
-6.95821757973962 0.8566
-6.95821091082977 0.8567
-6.95822172496607 0.8568
-6.9582203955654 0.8569
-6.95821116886572 0.857
-6.95821467396574 0.8571
-6.95822482633654 0.8572
-6.95824229124758 0.8573
-6.95826073357645 0.8574
-6.95825068436502 0.8575
-6.95822622322686 0.8576
-6.95819545586936 0.8577
-6.95813373554658 0.8578
-6.95806896038872 0.8579
-6.95799968545165 0.858
-6.95790097268529 0.8581
-6.95777353137745 0.8582
-6.95764875145466 0.8583
-6.95751521023727 0.8584
-6.95737718612269 0.8585
-6.95724032215401 0.8586
-6.95711136657634 0.8587
-6.9569719730825 0.8588
-6.95684458356886 0.8589
-6.95671460594825 0.859
-6.95657901445704 0.8591
-6.95647214340873 0.8592
-6.95638736728753 0.8593
-6.95631046164913 0.8594
-6.95626632444591 0.8595
-6.95625410477128 0.8596
-6.95625604419311 0.8597
-6.95630069681193 0.8598
-6.9563758737361 0.8599
-6.95645051000165 0.86
-6.9565319570106 0.8601
-6.95663748405607 0.8602
-6.9567748320277 0.8603
-6.95693443286239 0.8604
-6.95708844323971 0.8605
-6.95724671360879 0.8606
-6.95738515800178 0.8607
-6.95750766284662 0.8608
-6.95760502897729 0.8609
-6.95768057029701 0.861
-6.95774340685579 0.8611
-6.95776199438426 0.8612
-6.95773851502885 0.8613
-6.95768054800077 0.8614
-6.95761886632333 0.8615
-6.95756227532014 0.8616
-6.95747382445595 0.8617
-6.95733030381788 0.8618
-6.95717473174942 0.8619
-6.9569889861456 0.862
-6.9567924057369 0.8621
-6.95659134679971 0.8622
-6.95636922919293 0.8623
-6.95614015854048 0.8624
-6.95591365814934 0.8625
-6.95571186830736 0.8626
-6.95552557081371 0.8627
-6.95535196219209 0.8628
-6.95519865085313 0.8629
-6.95505060834039 0.863
-6.95490430028156 0.8631
-6.95475150950479 0.8632
-6.95460585882978 0.8633
-6.95445895776373 0.8634
-6.95431943031721 0.8635
-6.95419371482167 0.8636
-6.95410849273999 0.8637
-6.95406138498923 0.8638
-6.95403932512865 0.8639
-6.95401362563762 0.864
-6.95400410898042 0.8641
-6.95399357821647 0.8642
-6.95398297288742 0.8643
-6.95396328286046 0.8644
-6.95393913987171 0.8645
-6.95393711636097 0.8646
-6.95397233891704 0.8647
-6.95403028353871 0.8648
-6.9541089758979 0.8649
-6.95417969921337 0.865
-6.95421195653559 0.8651
-6.95425532357483 0.8652
-6.95427544113655 0.8653
-6.95430763665877 0.8654
-6.95434749676689 0.8655
-6.95440331034908 0.8656
-6.95447975054677 0.8657
-6.95456962739298 0.8658
-6.95466564151127 0.8659
-6.95476378939784 0.866
-6.95485551778335 0.8661
-6.95496103465481 0.8662
-6.95505659086647 0.8663
-6.95519365138432 0.8664
-6.95534523532968 0.8665
-6.95549333964919 0.8666
-6.95560941528409 0.8667
-6.95572450932343 0.8668
-6.95578755599082 0.8669
-6.95582984567494 0.867
-6.95584410973127 0.8671
-6.95585853000719 0.8672
-6.95587849902137 0.8673
-6.95588118721808 0.8674
-6.95587030185823 0.8675
-6.95585874714364 0.8676
-6.95585844902048 0.8677
-6.95585701233136 0.8678
-6.95585047173273 0.8679
-6.9558249391488 0.868
-6.95576547815281 0.8681
-6.9557119040889 0.8682
-6.9556317089799 0.8683
-6.95551629160525 0.8684
-6.95537257367941 0.8685
-6.95523609206451 0.8686
-6.95511528582414 0.8687
-6.95498311727566 0.8688
-6.95485229080107 0.8689
-6.95473834876464 0.869
-6.95460726761277 0.8691
-6.95450880584867 0.8692
-6.95442834838367 0.8693
-6.95434052746605 0.8694
-6.9542261045829 0.8695
-6.95412131801786 0.8696
-6.95402159928106 0.8697
-6.95392581245919 0.8698
-6.95382402615688 0.8699
-6.95371864168216 0.87
-6.9536215694548 0.8701
-6.9535345538538 0.8702
-6.9534473952061 0.8703
-6.95335638371631 0.8704
-6.95328537826353 0.8705
-6.95323967246902 0.8706
-6.9532024177017 0.8707
-6.95317004577313 0.8708
-6.95313017827703 0.8709
-6.95311420737042 0.871
-6.95309975223335 0.8711
-6.95308408027549 0.8712
-6.95308112153447 0.8713
-6.95309359161058 0.8714
-6.95310731899077 0.8715
-6.95314551956435 0.8716
-6.9531996014879 0.8717
-6.95325555715347 0.8718
-6.95331717600016 0.8719
-6.95338574844519 0.872
-6.95346329655993 0.8721
-6.95353055902532 0.8722
-6.95360136490209 0.8723
-6.95369414460216 0.8724
-6.95378741374515 0.8725
-6.95388918745161 0.8726
-6.95396717707154 0.8727
-6.95404920230182 0.8728
-6.9541482256785 0.8729
-6.95423607284855 0.873
-6.95430577574672 0.8731
-6.95439988177651 0.8732
-6.95449147864143 0.8733
-6.9545835230436 0.8734
-6.95470802437146 0.8735
-6.95483519367328 0.8736
-6.95493669932677 0.8737
-6.95506424040353 0.8738
-6.95518786215471 0.8739
-6.95529377688478 0.874
-6.95540833021889 0.8741
-6.95551312611103 0.8742
-6.95560962598792 0.8743
-6.95569073458909 0.8744
-6.95576692800465 0.8745
-6.95582163874907 0.8746
-6.9558511779675 0.8747
-6.95589621688319 0.8748
-6.95593825163048 0.8749
-6.95598401662185 0.875
-6.95602347103365 0.8751
-6.9560721994168 0.8752
-6.95614386131246 0.8753
-6.95621570576874 0.8754
-6.95628076187834 0.8755
-6.95635930870547 0.8756
-6.95644471055229 0.8757
-6.95653979389405 0.8758
-6.95662284108202 0.8759
-6.95671675393728 0.876
-6.95679556029338 0.8761
-6.95686388366474 0.8762
-6.95693853586313 0.8763
-6.95698788241276 0.8764
-6.95701345583656 0.8765
-6.95702480421588 0.8766
-6.95699751809496 0.8767
-6.95696676514531 0.8768
-6.95693116753105 0.8769
-6.95686456685773 0.877
-6.95678928544883 0.8771
-6.95671286702759 0.8772
-6.95659976676886 0.8773
-6.95648799205003 0.8774
-6.95635740695464 0.8775
-6.9562386619425 0.8776
-6.95611267714809 0.8777
-6.95598097244025 0.8778
-6.95584231779732 0.8779
-6.95571177857363 0.878
-6.95559114619099 0.8781
-6.95545693524033 0.8782
-6.95530086605103 0.8783
-6.9551529801662 0.8784
-6.95500784003151 0.8785
-6.95488218847767 0.8786
-6.95479124065207 0.8787
-6.954718472398 0.8788
-6.95466713582781 0.8789
-6.95463728363222 0.879
-6.95464074722036 0.8791
-6.95468416653205 0.8792
-6.95472211316508 0.8793
-6.95476077422969 0.8794
-6.95482126383727 0.8795
-6.95491323937878 0.8796
-6.95502767026442 0.8797
-6.95517696141887 0.8798
-6.95532763610745 0.8799
-6.95548287534363 0.88
-6.95563627503734 0.8801
-6.95577604883966 0.8802
-6.95590560232923 0.8803
-6.95601884601684 0.8804
-6.95611445667783 0.8805
-6.95617355505509 0.8806
-6.95624202545425 0.8807
-6.95628791830085 0.8808
-6.95633162772044 0.8809
-6.956387044546 0.881
-6.95643052322071 0.8811
-6.9564767014907 0.8812
-6.95649643538923 0.8813
-6.95651926924765 0.8814
-6.95654015142779 0.8815
-6.95654619958723 0.8816
-6.95653399169081 0.8817
-6.95650915728447 0.8818
-6.95645359251252 0.8819
-6.95637193533354 0.882
-6.95627495078487 0.8821
-6.95617515692658 0.8822
-6.9560889766136 0.8823
-6.95595547997927 0.8824
-6.95581795745575 0.8825
-6.95569151004125 0.8826
-6.95554914251895 0.8827
-6.95541895349977 0.8828
-6.95529796856667 0.8829
-6.95516686151399 0.883
-6.95503422885133 0.8831
-6.95489495722058 0.8832
-6.95474805637681 0.8833
-6.95461512341948 0.8834
-6.95449700342498 0.8835
-6.954371386321 0.8836
-6.95427389344861 0.8837
-6.95415498024897 0.8838
-6.95405559133589 0.8839
-6.95392727474783 0.884
-6.95382481203052 0.8841
-6.95371094611616 0.8842
-6.95360376389353 0.8843
-6.95350906665481 0.8844
-6.95342741509643 0.8845
-6.95336082394886 0.8846
-6.95331505988366 0.8847
-6.95329614412449 0.8848
-6.953299668508 0.8849
-6.95330158064621 0.885
-6.95329232318992 0.8851
-6.95329266726279 0.8852
-6.95327245639063 0.8853
-6.95322707832805 0.8854
-6.9531612255724 0.8855
-6.95307764718907 0.8856
-6.95297621228767 0.8857
-6.95283757728689 0.8858
-6.95268780940988 0.8859
-6.95254949687481 0.886
-6.95241644307829 0.8861
-6.95226876267956 0.8862
-6.95212323225359 0.8863
-6.95198216847347 0.8864
-6.95184587186171 0.8865
-6.95171289079521 0.8866
-6.95159142358806 0.8867
-6.95147451468005 0.8868
-6.95134767204744 0.8869
-6.95121529160239 0.887
-6.95113104589719 0.8871
-6.95103657610989 0.8872
-6.9509489362967 0.8873
-6.95089399138652 0.8874
-6.9508507577524 0.8875
-6.95083467088513 0.8876
-6.95081793866738 0.8877
-6.95079823095332 0.8878
-6.95079080157286 0.8879
-6.95078803422177 0.888
-6.95075831967672 0.8881
-6.95072143914719 0.8882
-6.95069759949594 0.8883
-6.95069309950775 0.8884
-6.95067541379984 0.8885
-6.9506371982317 0.8886
-6.95060338279961 0.8887
-6.95059019452797 0.8888
-6.95055046978121 0.8889
-6.95052501009767 0.889
-6.95055983147684 0.8891
-6.95060453627831 0.8892
-6.95068070081999 0.8893
-6.95074518705819 0.8894
-6.95080834023747 0.8895
-6.95086337408175 0.8896
-6.95092791213035 0.8897
-6.95098871052611 0.8898
-6.95104698707563 0.8899
-6.95111017989573 0.89
-6.9511806815502 0.8901
-6.95125964729285 0.8902
-6.95136035643525 0.8903
-6.95144989364629 0.8904
-6.95150028834264 0.8905
-6.95154819816663 0.8906
-6.95159286600932 0.8907
-6.95165650904152 0.8908
-6.95170910072769 0.8909
-6.95177622283895 0.891
-6.95183668798412 0.8911
-6.95191255960503 0.8912
-6.95200904811915 0.8913
-6.95210144799079 0.8914
-6.95218174699604 0.8915
-6.9522795992586 0.8916
-6.95236942496306 0.8917
-6.95244941020088 0.8918
-6.95254501804007 0.8919
-6.95261392390333 0.892
-6.95267397470943 0.8921
-6.95272037397896 0.8922
-6.95277051790264 0.8923
-6.95281801045657 0.8924
-6.95287796177665 0.8925
-6.9529439733471 0.8926
-6.95300533448968 0.8927
-6.95306744726387 0.8928
-6.95313346129411 0.8929
-6.95321782333778 0.893
-6.95329235222681 0.8931
-6.95335791637407 0.8932
-6.95344951448047 0.8933
-6.95355331401702 0.8934
-6.95363602151916 0.8935
-6.95371162841661 0.8936
-6.953802010536 0.8937
-6.95390562158923 0.8938
-6.95399187768732 0.8939
-6.95407645749234 0.894
-6.95413660165834 0.8941
-6.95418314627601 0.8942
-6.95421412239542 0.8943
-6.95423524332981 0.8944
-6.95425181652168 0.8945
-6.95425690649669 0.8946
-6.95421193082518 0.8947
-6.95416687533267 0.8948
-6.95411406587465 0.8949
-6.95405675655173 0.895
-6.95395233070513 0.8951
-6.95383170501507 0.8952
-6.95369690313012 0.8953
-6.95355475982796 0.8954
-6.95344288389489 0.8955
-6.95335983489009 0.8956
-6.95325737311126 0.8957
-6.95319510954029 0.8958
-6.95316946829371 0.8959
-6.95318087878762 0.896
-6.95319125157507 0.8961
-6.95318338022546 0.8962
-6.95319012927376 0.8963
-6.95322871537038 0.8964
-6.95327005579424 0.8965
-6.95332725501326 0.8966
-6.95339922821645 0.8967
-6.95349112808631 0.8968
-6.95356594028438 0.8969
-6.95365154746541 0.897
-6.95374268676959 0.8971
-6.95383818119514 0.8972
-6.95392470826251 0.8973
-6.95399744693041 0.8974
-6.95404116663544 0.8975
-6.95406809523254 0.8976
-6.95409721050657 0.8977
-6.95412723262562 0.8978
-6.95415946130925 0.8979
-6.95419696003196 0.898
-6.95422380835505 0.8981
-6.95428204506281 0.8982
-6.95433532597129 0.8983
-6.95440568666968 0.8984
-6.95447221074844 0.8985
-6.95451545664059 0.8986
-6.95454733668575 0.8987
-6.95460126767517 0.8988
-6.95464941112819 0.8989
-6.95471196612734 0.899
-6.95476852459662 0.8991
-6.95481874100861 0.8992
-6.95486866171518 0.8993
-6.95493804500406 0.8994
-6.95498767840122 0.8995
-6.95502181970691 0.8996
-6.95507259861525 0.8997
-6.95511580449407 0.8998
-6.95512396295352 0.8999
-6.95511894214738 0.9
-6.95511987052521 0.9001
-6.95512558651637 0.9002
-6.9551114235886 0.9003
-6.95508827579675 0.9004
-6.95507215297844 0.9005
-6.95503384952407 0.9006
-6.95497390852076 0.9007
-6.9548782893306 0.9008
-6.95474926984982 0.9009
-6.95463067051283 0.901
-6.95451387975574 0.9011
-6.9543734700993 0.9012
-6.95423410897103 0.9013
-6.95410129592693 0.9014
-6.95396741614756 0.9015
-6.95385610569588 0.9016
-6.95378240742551 0.9017
-6.95372966798581 0.9018
-6.95370646182251 0.9019
-6.95366788254942 0.902
-6.95364640588199 0.9021
-6.95364897187023 0.9022
-6.95365465257725 0.9023
-6.95365652225015 0.9024
-6.95365017563712 0.9025
-6.95365395869711 0.9026
-6.95363874111435 0.9027
-6.9536045457611 0.9028
-6.95355225808038 0.9029
-6.95350718183524 0.903
-6.95345118940364 0.9031
-6.95336519858916 0.9032
-6.9532556711925 0.9033
-6.95311669404984 0.9034
-6.9529687872806 0.9035
-6.95282391661559 0.9036
-6.95264413100253 0.9037
-6.95246048993271 0.9038
-6.95227228361657 0.9039
-6.95208428532248 0.904
-6.95190203374897 0.9041
-6.95172025101169 0.9042
-6.95153998037651 0.9043
-6.95134607341294 0.9044
-6.95115233469329 0.9045
-6.95097275943415 0.9046
-6.95077067872216 0.9047
-6.95057039868902 0.9048
-6.95038122070001 0.9049
-6.9502290325736 0.905
-6.95009861361111 0.9051
-6.94996644054754 0.9052
-6.94985410474586 0.9053
-6.94976913706069 0.9054
-6.94970693443216 0.9055
-6.9496814993094 0.9056
-6.94967810569006 0.9057
-6.94971497349858 0.9058
-6.94978939777505 0.9059
-6.9498841911656 0.906
-6.95002599421286 0.9061
-6.95020509371902 0.9062
-6.95041980032465 0.9063
-6.95066724732388 0.9064
-6.95092064062144 0.9065
-6.95118343980508 0.9066
-6.95145809612641 0.9067
-6.95174148882545 0.9068
-6.95201189137476 0.9069
-6.95225990707336 0.907
-6.95249982333287 0.9071
-6.95273721929372 0.9072
-6.95296163072249 0.9073
-6.95316972001752 0.9074
-6.95334431039795 0.9075
-6.95350549371136 0.9076
-6.95363022994929 0.9077
-6.953719824971 0.9078
-6.95379335655192 0.9079
-6.95383876385308 0.908
-6.95384812109813 0.9081
-6.95380563330926 0.9082
-6.95373532370972 0.9083
-6.95364218347075 0.9084
-6.95351695426866 0.9085
-6.9533538547557 0.9086
-6.95313423892953 0.9087
-6.95287760478457 0.9088
-6.9525855263225 0.9089
-6.95227816816962 0.909
-6.95194040661144 0.9091
-6.95160504389399 0.9092
-6.9512762004724 0.9093
-6.95097498735738 0.9094
-6.95065649499486 0.9095
-6.95034177586355 0.9096
-6.950051605284 0.9097
-6.94976927767027 0.9098
-6.94952467401221 0.9099
-6.94929416058772 0.91
-6.94910216139235 0.9101
-6.94893453575327 0.9102
-6.94876327796685 0.9103
-6.94860916125651 0.9104
-6.9484931282935 0.9105
-6.94837418315211 0.9106
-6.94825869285849 0.9107
-6.94814598138092 0.9108
-6.94803034069245 0.9109
-6.94794866652706 0.911
-6.94786561355335 0.9111
-6.94775233472671 0.9112
-6.94765703133773 0.9113
-6.94757817883155 0.9114
-6.94748809268295 0.9115
-6.94736915938949 0.9116
-6.94727748554514 0.9117
-6.94716179078954 0.9118
-6.94704484064518 0.9119
-6.9469384682179 0.912
-6.94682610316725 0.9121
-6.94669902963003 0.9122
-6.94657170534632 0.9123
-6.94643067585545 0.9124
-6.94630314063076 0.9125
-6.94617991474809 0.9126
-6.94604298201782 0.9127
-6.94588646912279 0.9128
-6.9457149402913 0.9129
-6.94553501450359 0.913
-6.94536713024735 0.9131
-6.94519076314481 0.9132
-6.94503545458462 0.9133
-6.94490553541564 0.9134
-6.94480814374959 0.9135
-6.94472948425662 0.9136
-6.94464955834654 0.9137
-6.94459641418815 0.9138
-6.94458697260165 0.9139
-6.94459799355922 0.914
-6.94463338398652 0.9141
-6.94468224497498 0.9142
-6.94470747517613 0.9143
-6.94475810514471 0.9144
-6.94478736128583 0.9145
-6.9448202160202 0.9146
-6.94485962115358 0.9147
-6.94489142648961 0.9148
-6.94493194192121 0.9149
-6.944976187056 0.915
-6.94499642601166 0.9151
-6.94499500822396 0.9152
-6.94497513831943 0.9153
-6.94496609025814 0.9154
-6.94494899197572 0.9155
-6.94494122196834 0.9156
-6.94490760551124 0.9157
-6.94489176356232 0.9158
-6.94488251665494 0.9159
-6.9448766003429 0.916
-6.94487698447956 0.9161
-6.94489550633764 0.9162
-6.94492054771751 0.9163
-6.94493498570035 0.9164
-6.94492020864805 0.9165
-6.94490188766068 0.9166
-6.94489081381698 0.9167
-6.94488908482971 0.9168
-6.94488100765783 0.9169
-6.94486728385689 0.917
-6.94482958335565 0.9171
-6.94477141835943 0.9172
-6.94470185990567 0.9173
-6.94462611938517 0.9174
-6.94454106691548 0.9175
-6.94448451923381 0.9176
-6.94445387275853 0.9177
-6.9444182580066 0.9178
-6.94437039006316 0.9179
-6.94432233655171 0.918
-6.94428249052289 0.9181
-6.94427610622605 0.9182
-6.94429070230857 0.9183
-6.94433224350162 0.9184
-6.94439228469301 0.9185
-6.94444525069086 0.9186
-6.94451552646524 0.9187
-6.94459207759107 0.9188
-6.94468838550761 0.9189
-6.94483208922164 0.919
-6.9449576300907 0.9191
-6.94508057069131 0.9192
-6.94521945218357 0.9193
-6.94535934425871 0.9194
-6.94546788323519 0.9195
-6.94556103706337 0.9196
-6.94565025546129 0.9197
-6.94573346103396 0.9198
-6.94580831831036 0.9199
-6.94585643349241 0.92
-6.94584304123756 0.9201
-6.94580662196723 0.9202
-6.94575472471827 0.9203
-6.9456984701317 0.9204
-6.9456156797255 0.9205
-6.94554790713966 0.9206
-6.94547932062611 0.9207
-6.94539726565845 0.9208
-6.94530955407065 0.9209
-6.9451849995313 0.921
-6.94504096102762 0.9211
-6.94487584643945 0.9212
-6.94470658477049 0.9213
-6.94451707994066 0.9214
-6.94434079349827 0.9215
-6.94417053295408 0.9216
-6.94401586119361 0.9217
-6.94391901325036 0.9218
-6.94382272108629 0.9219
-6.94373242629927 0.922
-6.94366797854673 0.9221
-6.94365433208083 0.9222
-6.94367465749062 0.9223
-6.94370576786372 0.9224
-6.94375075303394 0.9225
-6.94382969690719 0.9226
-6.94395679040977 0.9227
-6.94410553016668 0.9228
-6.94423839890962 0.9229
-6.94440518001588 0.923
-6.94461848348092 0.9231
-6.94487841558235 0.9232
-6.94515782045675 0.9233
-6.9454285124388 0.9234
-6.94570239390626 0.9235
-6.94597389583038 0.9236
-6.94625849733161 0.9237
-6.94652406720598 0.9238
-6.94683400855854 0.9239
-6.94713102714985 0.924
-6.94743214540165 0.9241
-6.94775790035063 0.9242
-6.94808067011752 0.9243
-6.94840880433546 0.9244
-6.94872095238918 0.9245
-6.94905327561456 0.9246
-6.94936299096597 0.9247
-6.94965327872545 0.9248
-6.9499180268478 0.9249
-6.95014218352467 0.925
-6.95034425567694 0.9251
-6.95050645384581 0.9252
-6.95064756700824 0.9253
-6.95076368020866 0.9254
-6.95083243512321 0.9255
-6.95088171025612 0.9256
-6.95091742360687 0.9257
-6.9509212149079 0.9258
-6.95087823610395 0.9259
-6.95082748941607 0.926
-6.95077252584732 0.9261
-6.95071380179609 0.9262
-6.95064186695171 0.9263
-6.95057234051639 0.9264
-6.950463546318 0.9265
-6.95035563231247 0.9266
-6.95026033142937 0.9267
-6.95017095929819 0.9268
-6.95008654239294 0.9269
-6.94999155635208 0.927
-6.94987572489596 0.9271
-6.94977713127306 0.9272
-6.94968255014185 0.9273
-6.94956568516426 0.9274
-6.94943500203276 0.9275
-6.94928552887714 0.9276
-6.94910826377837 0.9277
-6.94889527038826 0.9278
-6.94867727145018 0.9279
-6.94843337079304 0.928
-6.94818575263505 0.9281
-6.94790506434875 0.9282
-6.94762399986379 0.9283
-6.947326444819 0.9284
-6.94705427193552 0.9285
-6.94679275565641 0.9286
-6.94651843314749 0.9287
-6.9462716088538 0.9288
-6.94601655577328 0.9289
-6.94577665497815 0.929
-6.94553550238477 0.9291
-6.94531664168926 0.9292
-6.9451171746814 0.9293
-6.94492696551739 0.9294
-6.94477786243243 0.9295
-6.94463599464201 0.9296
-6.94448748082568 0.9297
-6.94435005413559 0.9298
-6.9442637852494 0.9299
-6.94423555498158 0.93
-6.9442089854165 0.9301
-6.9441980143984 0.9302
-6.94421937048656 0.9303
-6.94426557350966 0.9304
-6.94432864554423 0.9305
-6.94442101022971 0.9306
-6.94453343531059 0.9307
-6.94464789921592 0.9308
-6.9447934153922 0.9309
-6.94493880236279 0.931
-6.94509078849966 0.9311
-6.94518786332502 0.9312
-6.94530435314425 0.9313
-6.9454375003815 0.9314
-6.94558736046907 0.9315
-6.94573760107222 0.9316
-6.94588580630308 0.9317
-6.94603416447284 0.9318
-6.94616682248888 0.9319
-6.94628236740067 0.932
-6.94637939437944 0.9321
-6.94648111794231 0.9322
-6.94657227020243 0.9323
-6.94663708661151 0.9324
-6.94667661020612 0.9325
-6.9467017210386 0.9326
-6.9466771726878 0.9327
-6.94662328980929 0.9328
-6.94654297766115 0.9329
-6.94643135665222 0.933
-6.94627347449456 0.9331
-6.94609167003485 0.9332
-6.94587950763108 0.9333
-6.94564860120728 0.9334
-6.94541093356574 0.9335
-6.94517161803191 0.9336
-6.94491646461543 0.9337
-6.94468159890813 0.9338
-6.94445381273549 0.9339
-6.94420971039526 0.934
-6.94396931984134 0.9341
-6.94371684840597 0.9342
-6.94345114032493 0.9343
-6.94319874028886 0.9344
-6.94294266758797 0.9345
-6.94268321913288 0.9346
-6.94244944762237 0.9347
-6.94225609493634 0.9348
-6.94208902236412 0.9349
-6.9419306674487 0.935
-6.94177213212638 0.9351
-6.94162018858105 0.9352
-6.94149100281254 0.9353
-6.94139416429179 0.9354
-6.94131112251418 0.9355
-6.94123867421477 0.9356
-6.94119227294219 0.9357
-6.94115203018818 0.9358
-6.94110996749264 0.9359
-6.94107721662069 0.936
-6.94105698076351 0.9361
-6.94103755376551 0.9362
-6.94102179469526 0.9363
-6.94101460401102 0.9364
-6.94102988112792 0.9365
-6.94105345694801 0.9366
-6.94109764196489 0.9367
-6.94114176427615 0.9368
-6.94120552170112 0.9369
-6.9412778514046 0.937
-6.94132588845209 0.9371
-6.9413103268114 0.9372
-6.94126347009453 0.9373
-6.94119092399638 0.9374
-6.94111391427234 0.9375
-6.9410348655446 0.9376
-6.94096831162985 0.9377
-6.94088508369386 0.9378
-6.94079891087731 0.9379
-6.9407190974179 0.938
-6.94065547568942 0.9381
-6.94058338745614 0.9382
-6.94050669001609 0.9383
-6.94042252981083 0.9384
-6.94035849040901 0.9385
-6.94032635457865 0.9386
-6.94032424711688 0.9387
-6.9403344474493 0.9388
-6.9403686339959 0.9389
-6.94042256950421 0.939
-6.94049590903094 0.9391
-6.94058772801881 0.9392
-6.94073179507761 0.9393
-6.94087753483281 0.9394
-6.94103448893348 0.9395
-6.94116079821258 0.9396
-6.94131868828797 0.9397
-6.94147152970057 0.9398
-6.94162102728247 0.9399
-6.94179283372438 0.94
-6.94194327653391 0.9401
-6.94208193970235 0.9402
-6.94223917881686 0.9403
-6.94238695142909 0.9404
-6.94251406665815 0.9405
-6.94263609292951 0.9406
-6.94276583366002 0.9407
-6.94288352552448 0.9408
-6.94297973106264 0.9409
-6.94304900707135 0.941
-6.94307641194466 0.9411
-6.94308424891021 0.9412
-6.94305606192772 0.9413
-6.94301911499385 0.9414
-6.94294014097733 0.9415
-6.94284239226253 0.9416
-6.94271043306971 0.9417
-6.94254415334032 0.9418
-6.94237305059887 0.9419
-6.94220526065449 0.942
-6.94200343179412 0.9421
-6.94177891724312 0.9422
-6.94154884824449 0.9423
-6.94132204604382 0.9424
-6.94110698964252 0.9425
-6.94089285279999 0.9426
-6.94069421739145 0.9427
-6.94045761580389 0.9428
-6.94023717320158 0.9429
-6.94002079074962 0.943
-6.93978056163817 0.9431
-6.93954467964409 0.9432
-6.93933123956559 0.9433
-6.93913121495018 0.9434
-6.93896171886888 0.9435
-6.93883438182963 0.9436
-6.93874970108953 0.9437
-6.93870024831178 0.9438
-6.93867746681383 0.9439
-6.93871037441165 0.944
-6.93876775546526 0.9441
-6.93888121101964 0.9442
-6.93899449145624 0.9443
-6.93912583201756 0.9444
-6.93928472345728 0.9445
-6.93943244345005 0.9446
-6.93958938332836 0.9447
-6.93973038434539 0.9448
-6.93986782637179 0.9449
-6.94000302642356 0.945
-6.94012105885266 0.9451
-6.94023256487008 0.9452
-6.94031925210991 0.9453
-6.94037714175352 0.9454
-6.94041603868416 0.9455
-6.94043870134845 0.9456
-6.94041716631666 0.9457
-6.94035337407471 0.9458
-6.94027564272037 0.9459
-6.94016979792037 0.946
-6.94004043286596 0.9461
-6.93986989818734 0.9462
-6.93970075480273 0.9463
-6.93949041245962 0.9464
-6.93926935145373 0.9465
-6.93902789653422 0.9466
-6.9387944112739 0.9467
-6.93857153110662 0.9468
-6.93831888297216 0.9469
-6.93805988607355 0.947
-6.93778329751435 0.9471
-6.93750917923367 0.9472
-6.93723690322982 0.9473
-6.93696116301238 0.9474
-6.93667026222548 0.9475
-6.93638461761847 0.9476
-6.93612079025893 0.9477
-6.93584425393622 0.9478
-6.93560957445855 0.9479
-6.93537126494783 0.948
-6.93514613249199 0.9481
-6.93495900597183 0.9482
-6.93479699869594 0.9483
-6.93467644757282 0.9484
-6.93457416605045 0.9485
-6.93450642899065 0.9486
-6.93444027719054 0.9487
-6.93436145862713 0.9488
-6.93429031491733 0.9489
-6.93424678602999 0.949
-6.93420248797482 0.9491
-6.93415713983556 0.9492
-6.93410480342219 0.9493
-6.93409308081651 0.9494
-6.93412800962365 0.9495
-6.93414917790778 0.9496
-6.93418817136459 0.9497
-6.93424501895667 0.9498
-6.93429743587875 0.9499
-6.93435795297833 0.95
-6.93441542420731 0.9501
-6.93446652737955 0.9502
-6.93452504577381 0.9503
-6.93462590003818 0.9504
-6.93474419874543 0.9505
-6.93484886385672 0.9506
-6.93494712169461 0.9507
-6.93505270222434 0.9508
-6.93517663652832 0.9509
-6.93531804688057 0.951
-6.93545319618594 0.9511
-6.93559561735123 0.9512
-6.93573616878582 0.9513
-6.93586321244261 0.9514
-6.93598325619887 0.9515
-6.93608181749779 0.9516
-6.93617999781444 0.9517
-6.93629518322178 0.9518
-6.93639649470264 0.9519
-6.93646899364071 0.952
-6.9365389864362 0.9521
-6.93659202874516 0.9522
-6.93659223677488 0.9523
-6.93658324991615 0.9524
-6.93653588319213 0.9525
-6.93646625279553 0.9526
-6.93640640797985 0.9527
-6.93635289523191 0.9528
-6.93634156963557 0.9529
-6.93631317343641 0.953
-6.93629707656414 0.9531
-6.93632082225494 0.9532
-6.93633784034395 0.9533
-6.93634667288423 0.9534
-6.9363654369412 0.9535
-6.9363786666538 0.9536
-6.9363807437332 0.9537
-6.93640995887116 0.9538
-6.93645967501083 0.9539
-6.93653340655044 0.954
-6.93662696789412 0.9541
-6.93673950056007 0.9542
-6.93687127188663 0.9543
-6.9369930716501 0.9544
-6.93712979855552 0.9545
-6.93728381885872 0.9546
-6.93743429326386 0.9547
-6.93755280901631 0.9548
-6.9376478932423 0.9549
-6.93771983713114 0.955
-6.93779917618297 0.9551
-6.93789229609117 0.9552
-6.9379687219466 0.9553
-6.93806091950988 0.9554
-6.93815491814015 0.9555
-6.93821007738197 0.9556
-6.93825938027822 0.9557
-6.93832856896034 0.9558
-6.93836065937291 0.9559
-6.9383867904809 0.956
-6.93839821180533 0.9561
-6.93838475879466 0.9562
-6.93834040813301 0.9563
-6.93829609009299 0.9564
-6.93823789058926 0.9565
-6.9381613114182 0.9566
-6.93807281177974 0.9567
-6.93795959899432 0.9568
-6.93784600084077 0.9569
-6.93767783237019 0.957
-6.93747360367037 0.9571
-6.93724209797614 0.9572
-6.93702565906775 0.9573
-6.936794526151 0.9574
-6.93656223924422 0.9575
-6.93634370675406 0.9576
-6.93613016075134 0.9577
-6.93590903303498 0.9578
-6.93569960003022 0.9579
-6.93547540149996 0.958
-6.93524462689234 0.9581
-6.93500883641653 0.9582
-6.93478323388135 0.9583
-6.93455248869244 0.9584
-6.93434783846672 0.9585
-6.93416228790692 0.9586
-6.93398346632717 0.9587
-6.93381035160758 0.9588
-6.93363461053383 0.9589
-6.93346835454306 0.959
-6.93333093524229 0.9591
-6.93321759631859 0.9592
-6.93313030782718 0.9593
-6.93307106056329 0.9594
-6.93300734673175 0.9595
-6.93295430273508 0.9596
-6.93292933324211 0.9597
-6.93290929340422 0.9598
-6.93289971641843 0.9599
-6.93291601436058 0.96
-6.93293143668693 0.9601
-6.93295605383372 0.9602
-6.93298694541461 0.9603
-6.93302136626161 0.9604
-6.93309330336865 0.9605
-6.93315485496366 0.9606
-6.93322767543285 0.9607
-6.93328353286818 0.9608
-6.93335040427813 0.9609
-6.93340788585129 0.961
-6.93347978913221 0.9611
-6.93353825760766 0.9612
-6.93359291624416 0.9613
-6.93366916544512 0.9614
-6.9337240760628 0.9615
-6.93375902355623 0.9616
-6.93380557490871 0.9617
-6.93387865317753 0.9618
-6.93394121949175 0.9619
-6.93401773081307 0.962
-6.93410103985501 0.9621
-6.93420528214074 0.9622
-6.93433850274614 0.9623
-6.93447694691553 0.9624
-6.93459778685216 0.9625
-6.93469469299481 0.9626
-6.93478692386614 0.9627
-6.93488931843793 0.9628
-6.93499694240252 0.9629
-6.93510125385088 0.963
-6.93518592859377 0.9631
-6.9352575920641 0.9632
-6.93533619804642 0.9633
-6.93542189313624 0.9634
-6.9354814004186 0.9635
-6.93553412292077 0.9636
-6.93560951015744 0.9637
-6.93568824369726 0.9638
-6.93574147820775 0.9639
-6.93579148294898 0.964
-6.9358505053497 0.9641
-6.93589031271109 0.9642
-6.93592616239729 0.9643
-6.93597204540756 0.9644
-6.93599444123986 0.9645
-6.93597833716415 0.9646
-6.93595727452186 0.9647
-6.93590523364876 0.9648
-6.9358372174347 0.9649
-6.93578436716111 0.965
-6.935737861468 0.9651
-6.93568799481707 0.9652
-6.93563036031783 0.9653
-6.93556178207171 0.9654
-6.93551157878827 0.9655
-6.93549278354923 0.9656
-6.93548779746586 0.9657
-6.93549085229905 0.9658
-6.93551033346792 0.9659
-6.93554506499625 0.966
-6.93561409415372 0.9661
-6.93569388720215 0.9662
-6.93579689902971 0.9663
-6.93591351350549 0.9664
-6.93602970771335 0.9665
-6.93610080904971 0.9666
-6.93616019194125 0.9667
-6.93617906061309 0.9668
-6.93620036835148 0.9669
-6.936225048584 0.967
-6.93624670171466 0.9671
-6.93627130553745 0.9672
-6.93630065679962 0.9673
-6.93632663485527 0.9674
-6.93634627067504 0.9675
-6.93631514738443 0.9676
-6.93628274094902 0.9677
-6.93623141639665 0.9678
-6.93617976616908 0.9679
-6.936157825965 0.968
-6.93614630227203 0.9681
-6.936128158004 0.9682
-6.93609668866045 0.9683
-6.93605866077483 0.9684
-6.93604217218767 0.9685
-6.93600709508281 0.9686
-6.93597780755429 0.9687
-6.93594208340372 0.9688
-6.93594036029223 0.9689
-6.93592984518245 0.969
-6.93592261427588 0.9691
-6.93591199967826 0.9692
-6.93590945843907 0.9693
-6.93587297278807 0.9694
-6.93580974218239 0.9695
-6.93573929554944 0.9696
-6.93565526150059 0.9697
-6.93557238543644 0.9698
-6.9354688354812 0.9699
-6.93534885930442 0.97
-6.93520911678869 0.9701
-6.93505379853922 0.9702
-6.93491786887994 0.9703
-6.93480437793981 0.9704
-6.93467182201824 0.9705
-6.93454712545768 0.9706
-6.93439533913271 0.9707
-6.93423570248081 0.9708
-6.93409308778564 0.9709
-6.93395523256004 0.971
-6.93381643029225 0.9711
-6.93365413583888 0.9712
-6.93350088536863 0.9713
-6.93336416089817 0.9714
-6.93325348962976 0.9715
-6.93316577177831 0.9716
-6.93308676782515 0.9717
-6.93301900098795 0.9718
-6.93294313148798 0.9719
-6.93287884798296 0.972
-6.93280945177908 0.9721
-6.93273610384949 0.9722
-6.93268085018232 0.9723
-6.93264801557306 0.9724
-6.93264156923799 0.9725
-6.93263056442452 0.9726
-6.93262504914424 0.9727
-6.93262726091955 0.9728
-6.93263177430728 0.9729
-6.93264687541966 0.973
-6.93265642405291 0.9731
-6.93267548290138 0.9732
-6.93267995049136 0.9733
-6.9326876335488 0.9734
-6.93268260370034 0.9735
-6.93266273625609 0.9736
-6.93261025124856 0.9737
-6.93255118075195 0.9738
-6.93249129664475 0.9739
-6.93241518825813 0.974
-6.9322972062246 0.9741
-6.93215918041571 0.9742
-6.93201678834737 0.9743
-6.9318889357774 0.9744
-6.93175611462908 0.9745
-6.93160696949719 0.9746
-6.93145390818931 0.9747
-6.93130357926291 0.9748
-6.93116638413401 0.9749
-6.9310086898716 0.975
-6.9308552980537 0.9751
-6.9306972274713 0.9752
-6.93059443442481 0.9753
-6.93051958669131 0.9754
-6.93043747800474 0.9755
-6.93035203689311 0.9756
-6.93028105535425 0.9757
-6.93022891934322 0.9758
-6.93022970429524 0.9759
-6.93023211786019 0.976
-6.93024682633143 0.9761
-6.93025443459824 0.9762
-6.93025216030893 0.9763
-6.93024431644729 0.9764
-6.93028343439527 0.9765
-6.93035462266894 0.9766
-6.93043518011601 0.9767
-6.93051511890547 0.9768
-6.93063315850993 0.9769
-6.93077059428457 0.977
-6.93090727418427 0.9771
-6.93102822023294 0.9772
-6.93113393968634 0.9773
-6.93125115257959 0.9774
-6.93135222061532 0.9775
-6.93145032352117 0.9776
-6.93156325072332 0.9777
-6.93167558444214 0.9778
-6.93177774780538 0.9779
-6.93185632250361 0.978
-6.93196759901878 0.9781
-6.93207492528681 0.9782
-6.93215258706402 0.9783
-6.93224615000949 0.9784
-6.93236694435913 0.9785
-6.93247140262608 0.9786
-6.93260193686315 0.9787
-6.93272265508379 0.9788
-6.93283822743026 0.9789
-6.93293657496618 0.979
-6.93303936632591 0.9791
-6.93313610762879 0.9792
-6.93321946322271 0.9793
-6.93331852125574 0.9794
-6.93338019209661 0.9795
-6.93342778992299 0.9796
-6.93348541289986 0.9797
-6.93354737249975 0.9798
-6.93357977165119 0.9799
-6.9335803461035 0.98
-6.93357365817947 0.9801
-6.93355194525974 0.9802
-6.93351939579358 0.9803
-6.93344581442337 0.9804
-6.93335236766288 0.9805
-6.93323817626335 0.9806
-6.93310286995959 0.9807
-6.9329678243404 0.9808
-6.93281293008584 0.9809
-6.93264183669432 0.981
-6.93249984695226 0.9811
-6.93237660015311 0.9812
-6.93226473498859 0.9813
-6.93215609609099 0.9814
-6.93207980144158 0.9815
-6.93202097188545 0.9816
-6.93200515500203 0.9817
-6.93203088660367 0.9818
-6.932073731179 0.9819
-6.93211219079249 0.982
-6.9321897560587 0.9821
-6.9322702344253 0.9822
-6.93235601455985 0.9823
-6.93244066458447 0.9824
-6.93255316927907 0.9825
-6.93264497337957 0.9826
-6.93274316935542 0.9827
-6.93285420289869 0.9828
-6.93299251621961 0.9829
-6.93311743703082 0.983
-6.93323375671547 0.9831
-6.93333875242123 0.9832
-6.93345809564281 0.9833
-6.93354245370487 0.9834
-6.93362165512812 0.9835
-6.93368280688892 0.9836
-6.93373796791241 0.9837
-6.9337597364138 0.9838
-6.93378464837348 0.9839
-6.93381207594127 0.984
-6.93379333264089 0.9841
-6.93375658676875 0.9842
-6.93374190301103 0.9843
-6.93374566995943 0.9844
-6.93374292006105 0.9845
-6.93376599229732 0.9846
-6.9337550359865 0.9847
-6.93375055214355 0.9848
-6.93373195610996 0.9849
-6.93371829089999 0.985
-6.93371960183716 0.9851
-6.93369104993408 0.9852
-6.93367082146579 0.9853
-6.93363913214109 0.9854
-6.9336149159877 0.9855
-6.93355230920047 0.9856
-6.93348289733588 0.9857
-6.93339540302936 0.9858
-6.93328370898535 0.9859
-6.93313590293117 0.986
-6.93297447877505 0.9861
-6.93283727849461 0.9862
-6.93270574303781 0.9863
-6.93257325132424 0.9864
-6.93241168181203 0.9865
-6.93224151928122 0.9866
-6.93203750675118 0.9867
-6.93179764739745 0.9868
-6.93153062105307 0.9869
-6.93125601680391 0.987
-6.93098145029858 0.9871
-6.9306980110638 0.9872
-6.93039425994217 0.9873
-6.93009590123556 0.9874
-6.92979305221267 0.9875
-6.92947348171757 0.9876
-6.92917834100807 0.9877
-6.92889287733129 0.9878
-6.92859090231318 0.9879
-6.92826833784786 0.988
-6.92795016939846 0.9881
-6.9276666587499 0.9882
-6.92739389037643 0.9883
-6.92713559157676 0.9884
-6.92688772713595 0.9885
-6.92667811037216 0.9886
-6.92649411758695 0.9887
-6.92629691986001 0.9888
-6.92610898415602 0.9889
-6.92593033716922 0.989
-6.92576162716304 0.9891
-6.92562262596617 0.9892
-6.92549321115999 0.9893
-6.92538934506098 0.9894
-6.92530083773391 0.9895
-6.92524095653083 0.9896
-6.92517532263558 0.9897
-6.92509905395368 0.9898
-6.92504911758553 0.9899
-6.92502493950502 0.99
-6.92501252413655 0.9901
-6.9250370121266 0.9902
-6.92507254238753 0.9903
-6.92512204423669 0.9904
-6.92518798219431 0.9905
-6.92523917046984 0.9906
-6.92528922054223 0.9907
-6.92532531554547 0.9908
-6.9253846086245 0.9909
-6.92542793441865 0.991
-6.92547651827281 0.9911
-6.92550581304881 0.9912
-6.92551945140875 0.9913
-6.92551259003546 0.9914
-6.9255367551901 0.9915
-6.92557472005097 0.9916
-6.9256125248487 0.9917
-6.9256816653613 0.9918
-6.92575271202039 0.9919
-6.92579387972542 0.992
-6.92583820157216 0.9921
-6.92586256455302 0.9922
-6.92585572286721 0.9923
-6.92583790692946 0.9924
-6.92578157211704 0.9925
-6.92574628266529 0.9926
-6.92570917379884 0.9927
-6.92559974819211 0.9928
-6.92547563373772 0.9929
-6.9253229945444 0.993
-6.92517199478864 0.9931
-6.92502216990943 0.9932
-6.92485818329964 0.9933
-6.92470668660457 0.9934
-6.92457765193269 0.9935
-6.92444112179387 0.9936
-6.92430085449495 0.9937
-6.92414200306133 0.9938
-6.92399578128527 0.9939
-6.92382879096079 0.994
-6.92371009211425 0.9941
-6.92359488051597 0.9942
-6.92352351056582 0.9943
-6.9234628084674 0.9944
-6.92339819417721 0.9945
-6.92331638416881 0.9946
-6.92325434026084 0.9947
-6.92320672227759 0.9948
-6.92319178667115 0.9949
-6.92318312376203 0.995
-6.92321355657675 0.9951
-6.92326226751887 0.9952
-6.92330507867556 0.9953
-6.92336750407468 0.9954
-6.92344479656808 0.9955
-6.92354121515256 0.9956
-6.92362684218181 0.9957
-6.92371875332514 0.9958
-6.92382226540216 0.9959
-6.92393550031478 0.996
-6.9240550846413 0.9961
-6.92416796271849 0.9962
-6.92425285570079 0.9963
-6.92435033101757 0.9964
-6.92443416373603 0.9965
-6.92454457208562 0.9966
-6.92466695770624 0.9967
-6.92477322767847 0.9968
-6.92487197962375 0.9969
-6.92496670186975 0.997
-6.92507510739124 0.9971
-6.92513739604394 0.9972
-6.92521847710842 0.9973
-6.92531638503079 0.9974
-6.92538836145594 0.9975
-6.92546098531692 0.9976
-6.9255132362658 0.9977
-6.9255915771473 0.9978
-6.92568439195518 0.9979
-6.92574826401049 0.998
-6.92579312589747 0.9981
-6.92580599636599 0.9982
-6.92580160969943 0.9983
-6.92581168983856 0.9984
-6.92580124696033 0.9985
-6.92577960786127 0.9986
-6.92572754372406 0.9987
-6.9256670664488 0.9988
-6.92558276965184 0.9989
-6.92546518678719 0.999
-6.92536532590956 0.9991
-6.92525723936498 0.9992
-6.92513653426469 0.9993
-6.92501451568881 0.9994
-6.92491041172551 0.9995
-6.92479998454818 0.9996
-6.9246961506995 0.9997
-6.92459934903381 0.9998
-6.92453438640335 0.9999
-6.92447594265026 1
