# Fix print output for fix f5
-6.96120630139161 0
-6.96114279501533 0.0001
-6.96108392902871 0.0002
-6.96102471404327 0.0003
-6.96098018413483 0.0004
-6.96096019915595 0.0005
-6.96094244230839 0.0006
-6.96093558105674 0.0007
-6.9609438848926 0.0008
-6.96096218352127 0.0009
-6.96099237400518 0.001
-6.9610362671151 0.0011
-6.96109273016231 0.0012
-6.96116432311577 0.0013
-6.96122502232705 0.0014
-6.96129358190314 0.0015
-6.96135994095502 0.0016
-6.96142751925524 0.0017
-6.96149538015824 0.0018
-6.96156085587548 0.0019
-6.96162285005606 0.002
-6.96167512566313 0.0021
-6.96172200490249 0.0022
-6.96175872069782 0.0023
-6.96178772505039 0.0024
-6.96180098382617 0.0025
-6.96181462402881 0.0026
-6.96182207012701 0.0027
-6.96182038131762 0.0028
-6.96181883520061 0.0029
-6.9618120971593 0.003
-6.96179162466843 0.0031
-6.96176760718737 0.0032
-6.96173870546346 0.0033
-6.96170834410161 0.0034
-6.96167229073954 0.0035
-6.96163742479932 0.0036
-6.96160322893399 0.0037
-6.96157219531654 0.0038
-6.96152642665305 0.0039
-6.96147996276102 0.004
-6.96142753827954 0.0041
-6.96136829784465 0.0042
-6.96129940422975 0.0043
-6.96123364766958 0.0044
-6.9611745352373 0.0045
-6.96111732801695 0.0046
-6.96106904749983 0.0047
-6.96101276098932 0.0048
-6.96096978128141 0.0049
-6.96094069118149 0.005
-6.96090362143 0.0051
-6.96087404852434 0.0052
-6.96084293763219 0.0053
-6.96082717048329 0.0054
-6.9608175418513 0.0055
-6.96081880337102 0.0056
-6.96083278091773 0.0057
-6.96085029525669 0.0058
-6.96086474650085 0.0059
-6.96088258553437 0.006
-6.96089709502077 0.0061
-6.96091220165339 0.0062
-6.96091826225557 0.0063
-6.96093138299995 0.0064
-6.96093981882245 0.0065
-6.96094951823939 0.0066
-6.96095817049701 0.0067
-6.96096710267282 0.0068
-6.96096991408687 0.0069
-6.96096571144523 0.007
-6.96096092745677 0.0071
-6.96095872106194 0.0072
-6.96095282382718 0.0073
-6.96094880692449 0.0074
-6.96094709601469 0.0075
-6.96093071015627 0.0076
-6.96092043191573 0.0077
-6.96090823325929 0.0078
-6.96089374588638 0.0079
-6.96087394774317 0.008
-6.96085942040574 0.0081
-6.96085792653243 0.0082
-6.96084982470087 0.0083
-6.96085285683053 0.0084
-6.96086664768108 0.0085
-6.96089269478093 0.0086
-6.96092462193867 0.0087
-6.96096886618045 0.0088
-6.9610146126179 0.0089
-6.96107811557523 0.009
-6.96114921627248 0.0091
-6.96123239089401 0.0092
-6.96133453798935 0.0093
-6.96143146477454 0.0094
-6.96152883107517 0.0095
-6.96163528283352 0.0096
-6.96174548238242 0.0097
-6.96186526008681 0.0098
-6.96197295602601 0.0099
-6.96207693178424 0.01
-6.96217979011264 0.0101
-6.9622606838936 0.0102
-6.96232983320776 0.0103
-6.96238382817101 0.0104
-6.96242117032416 0.0105
-6.96244168846761 0.0106
-6.96244126723531 0.0107
-6.96242059762633 0.0108
-6.96239146222517 0.0109
-6.96234733036518 0.011
-6.96227203959111 0.0111
-6.96217849723617 0.0112
-6.96207203891338 0.0113
-6.96194996806246 0.0114
-6.96183213190744 0.0115
-6.96171494363459 0.0116
-6.96159437825834 0.0117
-6.9614771800109 0.0118
-6.96137469624654 0.0119
-6.96126605992705 0.012
-6.9611612503373 0.0121
-6.96106193007916 0.0122
-6.96095570194499 0.0123
-6.96085220074201 0.0124
-6.96075807808399 0.0125
-6.96068018407461 0.0126
-6.96060530660111 0.0127
-6.96055048893347 0.0128
-6.9604959644368 0.0129
-6.96044536409995 0.013
-6.96039793439859 0.0131
-6.9603703061846 0.0132
-6.96033521540903 0.0133
-6.96030981466222 0.0134
-6.96029095748045 0.0135
-6.9602713589676 0.0136
-6.96026374851739 0.0137
-6.96025662566526 0.0138
-6.96026943181975 0.0139
-6.96029645244129 0.014
-6.96033395423079 0.0141
-6.9603927683412 0.0142
-6.96045725743755 0.0143
-6.96051828072504 0.0144
-6.96058787388068 0.0145
-6.96065504517105 0.0146
-6.96072741814051 0.0147
-6.96079750768388 0.0148
-6.96086830298125 0.0149
-6.96093371485221 0.015
-6.96099713342917 0.0151
-6.96105332610974 0.0152
-6.96109872934836 0.0153
-6.9611460308036 0.0154
-6.96118601260248 0.0155
-6.96120870281749 0.0156
-6.96124108040986 0.0157
-6.96127517257052 0.0158
-6.96132049676227 0.0159
-6.96136026385906 0.016
-6.96139832538411 0.0161
-6.96142830005474 0.0162
-6.96144993377008 0.0163
-6.96146521184292 0.0164
-6.96147179616883 0.0165
-6.96145849262092 0.0166
-6.96143959665111 0.0167
-6.9614132426625 0.0168
-6.96138691224047 0.0169
-6.96135595226954 0.017
-6.96132064517086 0.0171
-6.96128522521994 0.0172
-6.96124215564911 0.0173
-6.961181038483 0.0174
-6.96112451777052 0.0175
-6.96107097340749 0.0176
-6.96101877308391 0.0177
-6.96097237308628 0.0178
-6.96092580369631 0.0179
-6.96089313264818 0.018
-6.96086202305498 0.0181
-6.96082604482357 0.0182
-6.96080087761692 0.0183
-6.96078492770644 0.0184
-6.96077774071084 0.0185
-6.96078263451138 0.0186
-6.96077971755273 0.0187
-6.96077507602203 0.0188
-6.9607592219906 0.0189
-6.96075735532582 0.019
-6.9607443972418 0.0191
-6.96074228427729 0.0192
-6.96074628648828 0.0193
-6.96074796995374 0.0194
-6.9607488858228 0.0195
-6.96075142711994 0.0196
-6.9607558548182 0.0197
-6.96075576025338 0.0198
-6.96075850620561 0.0199
-6.96077146260973 0.02
-6.96079023335797 0.0201
-6.96082463639926 0.0202
-6.96085260702852 0.0203
-6.96086722515648 0.0204
-6.96088667360308 0.0205
-6.96089275244959 0.0206
-6.96089056444158 0.0207
-6.9608782803354 0.0208
-6.96084689527083 0.0209
-6.96080603488571 0.021
-6.96075053179837 0.0211
-6.96068751269252 0.0212
-6.96061447020135 0.0213
-6.96053021407988 0.0214
-6.9604295603273 0.0215
-6.96031321375541 0.0216
-6.960204130095 0.0217
-6.96010050571744 0.0218
-6.96000729511647 0.0219
-6.95991890827653 0.022
-6.95982944530873 0.0221
-6.9597489957464 0.0222
-6.95969943041131 0.0223
-6.95965712786733 0.0224
-6.95962584333448 0.0225
-6.95961399094611 0.0226
-6.95961715839968 0.0227
-6.95962798050662 0.0228
-6.95966492920277 0.0229
-6.9597180653307 0.023
-6.95979193507166 0.0231
-6.95986583295784 0.0232
-6.95992956634332 0.0233
-6.95998511838967 0.0234
-6.96003922011407 0.0235
-6.96009237672116 0.0236
-6.96014715296061 0.0237
-6.96018771648562 0.0238
-6.96022273228463 0.0239
-6.96024899820931 0.024
-6.96026271102159 0.0241
-6.96026682206918 0.0242
-6.96025795701644 0.0243
-6.96023924786664 0.0244
-6.96022126404924 0.0245
-6.96019299020421 0.0246
-6.96016860714877 0.0247
-6.9601419192987 0.0248
-6.96010307277374 0.0249
-6.96007741458065 0.025
-6.96006827407843 0.0251
-6.96005815704266 0.0252
-6.96004772493964 0.0253
-6.96005534094571 0.0254
-6.96006293117679 0.0255
-6.96007929322033 0.0256
-6.9600988804463 0.0257
-6.96012515718189 0.0258
-6.96015970302326 0.0259
-6.96019343950528 0.026
-6.96023313888573 0.0261
-6.96027685800005 0.0262
-6.96033734251685 0.0263
-6.96039941209021 0.0264
-6.96046091748106 0.0265
-6.96051092505031 0.0266
-6.96055995743415 0.0267
-6.9606061014417 0.0268
-6.96063736511049 0.0269
-6.96066726893427 0.027
-6.96069265364223 0.0271
-6.96070315292822 0.0272
-6.96071459003605 0.0273
-6.96072931383912 0.0274
-6.96072638555028 0.0275
-6.96071346236676 0.0276
-6.96068497410922 0.0277
-6.96064981269418 0.0278
-6.96059653223735 0.0279
-6.96053846860048 0.028
-6.96047276884683 0.0281
-6.96041399820854 0.0282
-6.9603491891374 0.0283
-6.96027504112942 0.0284
-6.96018935467129 0.0285
-6.96009213736275 0.0286
-6.95999087117171 0.0287
-6.95987519103475 0.0288
-6.95974245922192 0.0289
-6.95959059454043 0.029
-6.95943034813825 0.0291
-6.95925980788951 0.0292
-6.95909598163845 0.0293
-6.95893376403966 0.0294
-6.95876779443983 0.0295
-6.95860392609574 0.0296
-6.95844924541738 0.0297
-6.95831166715997 0.0298
-6.95817799318427 0.0299
-6.95804363385416 0.03
-6.95792632281551 0.0301
-6.95781892023817 0.0302
-6.95773579516146 0.0303
-6.95767373508601 0.0304
-6.95763994103359 0.0305
-6.95762438793807 0.0306
-6.95762657095284 0.0307
-6.95764614956837 0.0308
-6.95768248394942 0.0309
-6.95775709104459 0.031
-6.95785879278903 0.0311
-6.95797100599914 0.0312
-6.95809994636999 0.0313
-6.95822827458094 0.0314
-6.9583523970499 0.0315
-6.95847073468077 0.0316
-6.95859421824135 0.0317
-6.95872377567205 0.0318
-6.95885083600783 0.0319
-6.95897190845083 0.032
-6.95909398405471 0.0321
-6.95919367610296 0.0322
-6.95929828967261 0.0323
-6.959396774595 0.0324
-6.95949871773121 0.0325
-6.95959099662673 0.0326
-6.95967727279222 0.0327
-6.95975981416464 0.0328
-6.95984333538277 0.0329
-6.9599126237215 0.033
-6.95996669258471 0.0331
-6.96000646868115 0.0332
-6.96002448572798 0.0333
-6.96003377638397 0.0334
-6.96003106450113 0.0335
-6.96001497362244 0.0336
-6.95999185599986 0.0337
-6.95996153533669 0.0338
-6.95992170595273 0.0339
-6.95987867502246 0.034
-6.95983977344852 0.0341
-6.95980333988713 0.0342
-6.95975650795433 0.0343
-6.95970509818583 0.0344
-6.95965202252948 0.0345
-6.95960638157062 0.0346
-6.95957793762827 0.0347
-6.95956164745018 0.0348
-6.95955652029037 0.0349
-6.95956088604776 0.035
-6.95957072199982 0.0351
-6.9595878334529 0.0352
-6.95961820567896 0.0353
-6.95965903048358 0.0354
-6.95970269119796 0.0355
-6.95975779485979 0.0356
-6.95980939662236 0.0357
-6.95986361008594 0.0358
-6.95992123743479 0.0359
-6.95997668927894 0.036
-6.96002338423495 0.0361
-6.96007098634427 0.0362
-6.96012628587293 0.0363
-6.96019233710998 0.0364
-6.96024448015534 0.0365
-6.96028823065273 0.0366
-6.96032311333538 0.0367
-6.96035926133771 0.0368
-6.96039109038846 0.0369
-6.96042247176324 0.037
-6.96045783885069 0.0371
-6.96049201431443 0.0372
-6.96051704669975 0.0373
-6.96053149856501 0.0374
-6.96054064498783 0.0375
-6.96052977570108 0.0376
-6.96051662539636 0.0377
-6.96050023432114 0.0378
-6.96048177486833 0.0379
-6.96046802354085 0.038
-6.96044601925129 0.0381
-6.96042549368723 0.0382
-6.9604005924706 0.0383
-6.96036137251337 0.0384
-6.96033308850338 0.0385
-6.9603109320702 0.0386
-6.96028409542429 0.0387
-6.96025720577711 0.0388
-6.96021495703372 0.0389
-6.96016966554207 0.039
-6.96011988329714 0.0391
-6.96008111297362 0.0392
-6.96004252355209 0.0393
-6.96001266429324 0.0394
-6.95998614252475 0.0395
-6.95995366417609 0.0396
-6.95992199032311 0.0397
-6.95989814117656 0.0398
-6.95988435837227 0.0399
-6.95987055930165 0.04
-6.95986397579845 0.0401
-6.95986600780015 0.0402
-6.95985889891542 0.0403
-6.95985520688468 0.0404
-6.95984777944202 0.0405
-6.95984507024632 0.0406
-6.95985134795705 0.0407
-6.95985107436237 0.0408
-6.95985958021195 0.0409
-6.95985766914556 0.041
-6.95984316546635 0.0411
-6.95982451679389 0.0412
-6.95980030042726 0.0413
-6.95978816844571 0.0414
-6.9597760496221 0.0415
-6.95976661494506 0.0416
-6.95975616874807 0.0417
-6.95975043198487 0.0418
-6.9597478531203 0.0419
-6.95974050262847 0.042
-6.95970396599461 0.0421
-6.95964530491574 0.0422
-6.95958328213903 0.0423
-6.95951486075867 0.0424
-6.95944057299494 0.0425
-6.95935139949505 0.0426
-6.95926046095917 0.0427
-6.95915416158204 0.0428
-6.95905361942449 0.0429
-6.95896281623336 0.043
-6.95887016862883 0.0431
-6.95878476945378 0.0432
-6.95869991516122 0.0433
-6.95862737043578 0.0434
-6.95856203272606 0.0435
-6.95849303882436 0.0436
-6.95844545336906 0.0437
-6.9584274283136 0.0438
-6.9584171086091 0.0439
-6.95842646208752 0.044
-6.95844132699157 0.0441
-6.95846784233998 0.0442
-6.95850812455946 0.0443
-6.95856835500838 0.0444
-6.95866033244695 0.0445
-6.95875895724771 0.0446
-6.95886165861169 0.0447
-6.95897477030028 0.0448
-6.95908618066557 0.0449
-6.95920110602841 0.045
-6.95932659672787 0.0451
-6.95945433494126 0.0452
-6.9595658856836 0.0453
-6.95966980012543 0.0454
-6.95975973286887 0.0455
-6.95984917492734 0.0456
-6.95993945237319 0.0457
-6.96002306084383 0.0458
-6.96010874481699 0.0459
-6.96017620893412 0.046
-6.96022469782417 0.0461
-6.9602745163673 0.0462
-6.96031898274083 0.0463
-6.96033885104858 0.0464
-6.96034273837356 0.0465
-6.96034261767125 0.0466
-6.96032380328656 0.0467
-6.96030150569833 0.0468
-6.9602577265372 0.0469
-6.96020588681469 0.047
-6.96014305300247 0.0471
-6.96006009623487 0.0472
-6.95995956533796 0.0473
-6.95985360858118 0.0474
-6.95975504997479 0.0475
-6.95965154149785 0.0476
-6.9595461075679 0.0477
-6.95942947567811 0.0478
-6.9593165804763 0.0479
-6.95919832897619 0.048
-6.95908267771654 0.0481
-6.95897137005871 0.0482
-6.95886254899608 0.0483
-6.95875912899922 0.0484
-6.95865977658273 0.0485
-6.95857702427295 0.0486
-6.95850758197023 0.0487
-6.95844875894718 0.0488
-6.95840604787476 0.0489
-6.95837574170358 0.049
-6.95835885903902 0.0491
-6.95836004648399 0.0492
-6.95836374649864 0.0493
-6.95838189196398 0.0494
-6.95840347561784 0.0495
-6.95844247585852 0.0496
-6.95849934746964 0.0497
-6.95857300931466 0.0498
-6.95864988055997 0.0499
-6.95872438466453 0.05
-6.95878526729307 0.0501
-6.95885398613052 0.0502
-6.95893629650626 0.0503
-6.95901962275785 0.0504
-6.95909027059921 0.0505
-6.95914524425302 0.0506
-6.95920635437907 0.0507
-6.95927267089608 0.0508
-6.95933047573908 0.0509
-6.95938698182126 0.051
-6.95943207520989 0.0511
-6.95948356130872 0.0512
-6.95953616427919 0.0513
-6.95957761880021 0.0514
-6.95961405229756 0.0515
-6.95963863756983 0.0516
-6.95964564836225 0.0517
-6.95962317649469 0.0518
-6.9595847494427 0.0519
-6.95953870212988 0.052
-6.95948560207181 0.0521
-6.95941673266857 0.0522
-6.95934575784113 0.0523
-6.95927286083444 0.0524
-6.95920306598416 0.0525
-6.95913155190082 0.0526
-6.95905493124247 0.0527
-6.9589746718204 0.0528
-6.95890154815586 0.0529
-6.95883368723769 0.053
-6.95877114676311 0.0531
-6.95871485875548 0.0532
-6.95865518689193 0.0533
-6.95860720360324 0.0534
-6.95856560830494 0.0535
-6.9585299440028 0.0536
-6.95849505274754 0.0537
-6.95845178864819 0.0538
-6.95840246574966 0.0539
-6.9583678356061 0.054
-6.95832741811318 0.0541
-6.95828498758525 0.0542
-6.95825340692568 0.0543
-6.9582226494161 0.0544
-6.95819280172221 0.0545
-6.95816384939415 0.0546
-6.95813145059978 0.0547
-6.95809835309443 0.0548
-6.95806511525093 0.0549
-6.95803983874271 0.055
-6.95802416258988 0.0551
-6.95800044202634 0.0552
-6.95797829764746 0.0553
-6.95796347576997 0.0554
-6.95795788223478 0.0555
-6.95796514921576 0.0556
-6.95798008699259 0.0557
-6.95800115485585 0.0558
-6.9580266083931 0.0559
-6.95806242878284 0.056
-6.95809836022534 0.0561
-6.95813285487337 0.0562
-6.95817810979639 0.0563
-6.95823425951375 0.0564
-6.95830281129882 0.0565
-6.95838133489006 0.0566
-6.95845955535396 0.0567
-6.9585424571648 0.0568
-6.95863591869902 0.0569
-6.95873335279151 0.057
-6.9588372105738 0.0571
-6.95893764465215 0.0572
-6.95902403118968 0.0573
-6.95911655797682 0.0574
-6.95920884695888 0.0575
-6.95930093307548 0.0576
-6.9593818037776 0.0577
-6.95946354203953 0.0578
-6.95953139358301 0.0579
-6.95960344723945 0.058
-6.95967230221746 0.0581
-6.95972684071032 0.0582
-6.95977610218423 0.0583
-6.95980651020474 0.0584
-6.95981074543414 0.0585
-6.95980283066302 0.0586
-6.95977856387222 0.0587
-6.95975873389977 0.0588
-6.95972364798114 0.0589
-6.95969163420115 0.059
-6.95964591648205 0.0591
-6.95960279922414 0.0592
-6.95955756884426 0.0593
-6.95950586008324 0.0594
-6.95945506921017 0.0595
-6.95940000553338 0.0596
-6.95936225012796 0.0597
-6.95931863024863 0.0598
-6.95927303741811 0.0599
-6.95923075779963 0.06
-6.95919448118118 0.0601
-6.95915999078877 0.0602
-6.95912463496346 0.0603
-6.95909281157331 0.0604
-6.95906819086054 0.0605
-6.95903931117128 0.0606
-6.9590187281413 0.0607
-6.95900022578128 0.0608
-6.95898839598851 0.0609
-6.95897507628867 0.061
-6.95896050363099 0.0611
-6.95894794985921 0.0612
-6.95894426392598 0.0613
-6.95894815172601 0.0614
-6.95895123857697 0.0615
-6.95894689121294 0.0616
-6.95894406763072 0.0617
-6.95894964380233 0.0618
-6.95897001435078 0.0619
-6.95899780929726 0.062
-6.95903382642829 0.0621
-6.95907068300452 0.0622
-6.95910466862143 0.0623
-6.95914230816954 0.0624
-6.95918063027752 0.0625
-6.95923035477116 0.0626
-6.95927761414979 0.0627
-6.95933596098776 0.0628
-6.95939110852479 0.0629
-6.95944474899596 0.063
-6.95951014660901 0.0631
-6.95957163331636 0.0632
-6.95962632636992 0.0633
-6.95967696735038 0.0634
-6.95972795257259 0.0635
-6.95977360037857 0.0636
-6.95981354754637 0.0637
-6.95984652389665 0.0638
-6.95987086107984 0.0639
-6.95987883345069 0.064
-6.95988678236834 0.0641
-6.95989349865491 0.0642
-6.95990890409325 0.0643
-6.95992190973373 0.0644
-6.95993746938006 0.0645
-6.95995058554869 0.0646
-6.95995412755248 0.0647
-6.95996357449558 0.0648
-6.95997462987367 0.0649
-6.95998410899117 0.065
-6.95998299836655 0.0651
-6.95997743319723 0.0652
-6.95995542295343 0.0653
-6.95993020484069 0.0654
-6.959896585424 0.0655
-6.95985513625883 0.0656
-6.95979628124371 0.0657
-6.95973147428411 0.0658
-6.95965731841244 0.0659
-6.95957225097609 0.066
-6.95948077391427 0.0661
-6.95939229268189 0.0662
-6.95929903701102 0.0663
-6.95919696461932 0.0664
-6.95909941209418 0.0665
-6.95899334403967 0.0666
-6.95889627882034 0.0667
-6.95880795555574 0.0668
-6.95872432124062 0.0669
-6.95864063988002 0.067
-6.95855174496767 0.0671
-6.95846433231251 0.0672
-6.95836754745696 0.0673
-6.95828985478988 0.0674
-6.95821679191965 0.0675
-6.9581581255239 0.0676
-6.95812074625367 0.0677
-6.95808948207875 0.0678
-6.95806891672687 0.0679
-6.9580584134699 0.068
-6.95805589185268 0.0681
-6.95806121052132 0.0682
-6.95807342317048 0.0683
-6.95807775930821 0.0684
-6.95808706369285 0.0685
-6.95811523002509 0.0686
-6.95814283148661 0.0687
-6.95816680936712 0.0688
-6.95819633514688 0.0689
-6.95822260221807 0.069
-6.95825611376376 0.0691
-6.95828230381766 0.0692
-6.95830044062225 0.0693
-6.95830810628852 0.0694
-6.95831689698911 0.0695
-6.95832185951778 0.0696
-6.95830201831572 0.0697
-6.95826899701467 0.0698
-6.95823138595552 0.0699
-6.95817789248362 0.07
-6.95813533925227 0.0701
-6.95807630510449 0.0702
-6.9580135849859 0.0703
-6.95797027996222 0.0704
-6.95793887053162 0.0705
-6.95791746166009 0.0706
-6.957902051485 0.0707
-6.95790417055562 0.0708
-6.95790452610922 0.0709
-6.95792604900469 0.071
-6.95795239431956 0.0711
-6.9579952825682 0.0712
-6.95804701722215 0.0713
-6.95811738252579 0.0714
-6.95820974340962 0.0715
-6.95832507429988 0.0716
-6.95844844356066 0.0717
-6.95858024271124 0.0718
-6.95871069583303 0.0719
-6.95884566559418 0.072
-6.95899274477779 0.0721
-6.95913787454266 0.0722
-6.95927723298675 0.0723
-6.95941865529421 0.0724
-6.95955770681536 0.0725
-6.9596984407471 0.0726
-6.95983322506059 0.0727
-6.95995344930752 0.0728
-6.96006738635935 0.0729
-6.960159898334 0.073
-6.96022805560687 0.0731
-6.96027825530269 0.0732
-6.96031519321593 0.0733
-6.96032979302429 0.0734
-6.96031682382447 0.0735
-6.96030011235789 0.0736
-6.96027342495829 0.0737
-6.96023099292852 0.0738
-6.96017428066273 0.0739
-6.96011653442734 0.074
-6.96004138614087 0.0741
-6.95993677649681 0.0742
-6.95982694971918 0.0743
-6.95970622742078 0.0744
-6.95958117277413 0.0745
-6.95945793530471 0.0746
-6.95933475358835 0.0747
-6.95920673056412 0.0748
-6.95907498676257 0.0749
-6.95893834124588 0.075
-6.95880409014647 0.0751
-6.95867863395237 0.0752
-6.95855778331779 0.0753
-6.95845297514447 0.0754
-6.95835738837026 0.0755
-6.95826417198482 0.0756
-6.95816758812535 0.0757
-6.95809664741821 0.0758
-6.95803545259871 0.0759
-6.95797674105069 0.076
-6.95791885766288 0.0761
-6.95787386082169 0.0762
-6.95783659116301 0.0763
-6.9578003659566 0.0764
-6.95777160919213 0.0765
-6.95775193128584 0.0766
-6.95773756368551 0.0767
-6.95773787353359 0.0768
-6.95774457682349 0.0769
-6.95773764973635 0.077
-6.95773634018604 0.0771
-6.95773791574416 0.0772
-6.95774629883386 0.0773
-6.95775690403455 0.0774
-6.95777009001577 0.0775
-6.95778840153188 0.0776
-6.95781488330014 0.0777
-6.95783487883093 0.0778
-6.95785138102676 0.0779
-6.95787735223727 0.078
-6.9579092068021 0.0781
-6.95793051507964 0.0782
-6.95794401547631 0.0783
-6.95795840510119 0.0784
-6.95798508574485 0.0785
-6.95800652848594 0.0786
-6.95801612106073 0.0787
-6.95802309686366 0.0788
-6.95802463011884 0.0789
-6.95803503864976 0.079
-6.95803983424633 0.0791
-6.9580323690948 0.0792
-6.95801641647225 0.0793
-6.95799537552235 0.0794
-6.95797849142235 0.0795
-6.95795816192611 0.0796
-6.9579410612445 0.0797
-6.95791654733537 0.0798
-6.95790234033984 0.0799
-6.95788742058876 0.08
-6.95788259527096 0.0801
-6.95788925592325 0.0802
-6.95790177323137 0.0803
-6.95793353638744 0.0804
-6.95796687826637 0.0805
-6.95800261749377 0.0806
-6.95804237034902 0.0807
-6.9580655163404 0.0808
-6.95809905058305 0.0809
-6.95813920523803 0.081
-6.9581764537143 0.0811
-6.9582000119762 0.0812
-6.95821526607977 0.0813
-6.95822860970154 0.0814
-6.95823920054637 0.0815
-6.95824552538253 0.0816
-6.95824716373049 0.0817
-6.95824189378694 0.0818
-6.95821722919079 0.0819
-6.9581858533592 0.082
-6.95815693486065 0.0821
-6.9581259561483 0.0822
-6.95809604967887 0.0823
-6.9580674403462 0.0824
-6.95803807904576 0.0825
-6.95802462539561 0.0826
-6.95800728414084 0.0827
-6.9579963218255 0.0828
-6.95799180432684 0.0829
-6.95799050055734 0.083
-6.95798608783323 0.0831
-6.95798362498758 0.0832
-6.95798127043302 0.0833
-6.9579879497762 0.0834
-6.95800138884627 0.0835
-6.95801718018564 0.0836
-6.95803800406206 0.0837
-6.95806042065975 0.0838
-6.9580580089602 0.0839
-6.95804715553648 0.084
-6.95802694007789 0.0841
-6.9579918451576 0.0842
-6.9579438669295 0.0843
-6.95788757184343 0.0844
-6.95782057857306 0.0845
-6.95773754824427 0.0846
-6.95765079713034 0.0847
-6.95756261409787 0.0848
-6.95746506481838 0.0849
-6.9573630564801 0.085
-6.95726760573364 0.0851
-6.95717827617755 0.0852
-6.95709821450596 0.0853
-6.95703115459229 0.0854
-6.9569749879206 0.0855
-6.95693720652776 0.0856
-6.95691671343119 0.0857
-6.95691703729368 0.0858
-6.95693416057865 0.0859
-6.9569679096249 0.086
-6.95702722603313 0.0861
-6.95710322908221 0.0862
-6.9571901242833 0.0863
-6.95727814075908 0.0864
-6.95738255800234 0.0865
-6.95749065795309 0.0866
-6.95759744418262 0.0867
-6.95770474038713 0.0868
-6.95779622054236 0.0869
-6.95788573539955 0.087
-6.9579628670771 0.0871
-6.95803005013865 0.0872
-6.95808190455512 0.0873
-6.95813066800199 0.0874
-6.95815895582949 0.0875
-6.95817130515555 0.0876
-6.95816589071711 0.0877
-6.95815434995631 0.0878
-6.95813302726174 0.0879
-6.95809533397778 0.088
-6.95804833952789 0.0881
-6.95797911189298 0.0882
-6.95790700695148 0.0883
-6.95781711172557 0.0884
-6.95772085401925 0.0885
-6.95763005482767 0.0886
-6.95754659778277 0.0887
-6.95745763423882 0.0888
-6.95736952275296 0.0889
-6.95728256029934 0.089
-6.95720599718133 0.0891
-6.95712428925327 0.0892
-6.95704074222845 0.0893
-6.95697012972163 0.0894
-6.95690661659434 0.0895
-6.9568608257863 0.0896
-6.95682552409761 0.0897
-6.95679586535755 0.0898
-6.9567891890545 0.0899
-6.95680069730579 0.09
-6.95683478405005 0.0901
-6.95687987129565 0.0902
-6.95692846155599 0.0903
-6.95698777480365 0.0904
-6.95704766201064 0.0905
-6.95710225062744 0.0906
-6.9571784165722 0.0907
-6.95724967224931 0.0908
-6.95733460757772 0.0909
-6.95742362653456 0.091
-6.9575213494456 0.0911
-6.95761415660967 0.0912
-6.95769802703444 0.0913
-6.95777786694412 0.0914
-6.95784730957089 0.0915
-6.95790684209981 0.0916
-6.95796557630637 0.0917
-6.95802141152134 0.0918
-6.95806309698434 0.0919
-6.95809548753698 0.092
-6.95811059875794 0.0921
-6.95810038267929 0.0922
-6.95807626105019 0.0923
-6.9580260968094 0.0924
-6.95795170867985 0.0925
-6.95785885058064 0.0926
-6.95775159273561 0.0927
-6.95761850461153 0.0928
-6.95748706839692 0.0929
-6.95734466184591 0.093
-6.95720641359698 0.0931
-6.9570694112461 0.0932
-6.95692973484247 0.0933
-6.95679584195657 0.0934
-6.95666961112236 0.0935
-6.95656104642809 0.0936
-6.95646418285106 0.0937
-6.95639129053184 0.0938
-6.9563275256639 0.0939
-6.95628396175503 0.094
-6.95625480911878 0.0941
-6.95623741693288 0.0942
-6.95621804364241 0.0943
-6.9562176524686 0.0944
-6.95622463775807 0.0945
-6.95624293141311 0.0946
-6.95626431627178 0.0947
-6.9562989288776 0.0948
-6.95634302943638 0.0949
-6.95639569179589 0.095
-6.95645004780366 0.0951
-6.95652353365865 0.0952
-6.95660034003368 0.0953
-6.9566762197254 0.0954
-6.95676099769017 0.0955
-6.95684239938317 0.0956
-6.95693454379147 0.0957
-6.95702362804893 0.0958
-6.95709563696635 0.0959
-6.95717538017226 0.096
-6.95725461611001 0.0961
-6.95731893508634 0.0962
-6.95736319887724 0.0963
-6.95739821763721 0.0964
-6.95741155813006 0.0965
-6.9574158060433 0.0966
-6.95740377763306 0.0967
-6.95738959624822 0.0968
-6.95737291230739 0.0969
-6.95734582403139 0.097
-6.95729670778769 0.0971
-6.95723325597522 0.0972
-6.95717279322257 0.0973
-6.95711632220688 0.0974
-6.95705116054873 0.0975
-6.95699239826447 0.0976
-6.95692698767586 0.0977
-6.95685932472341 0.0978
-6.95678669924328 0.0979
-6.95672482008119 0.098
-6.95665278444618 0.0981
-6.95657961230001 0.0982
-6.95649982361119 0.0983
-6.95641165112456 0.0984
-6.95633102376683 0.0985
-6.9562316002195 0.0986
-6.95612042212464 0.0987
-6.95600707464981 0.0988
-6.95586824052215 0.0989
-6.95571252121843 0.099
-6.95555635203227 0.0991
-6.95540120267538 0.0992
-6.95524279022775 0.0993
-6.95507871296795 0.0994
-6.95490565041307 0.0995
-6.95472170532 0.0996
-6.95452507366245 0.0997
-6.95433314340122 0.0998
-6.95416795715456 0.0999
-6.95402474103528 0.1
-6.95390533870005 0.1001
-6.95380773411335 0.1002
-6.95373534903165 0.1003
-6.95368490350434 0.1004
-6.95366125827892 0.1005
-6.95366531815566 0.1006
-6.95370178091482 0.1007
-6.95376303568207 0.1008
-6.95385540648461 0.1009
-6.95396557917902 0.101
-6.95408850252084 0.1011
-6.95423179424704 0.1012
-6.95437732391583 0.1013
-6.95451652085501 0.1014
-6.95465506172651 0.1015
-6.95480167863667 0.1016
-6.95496102082761 0.1017
-6.95511121831871 0.1018
-6.95526729224942 0.1019
-6.95542390071705 0.102
-6.95556351861137 0.1021
-6.95569134148536 0.1022
-6.95580953983271 0.1023
-6.95591565529905 0.1024
-6.95600614234666 0.1025
-6.95608181725141 0.1026
-6.9561482673837 0.1027
-6.95619489711538 0.1028
-6.9562354095303 0.1029
-6.95627007920242 0.103
-6.95629481259255 0.1031
-6.95631642222593 0.1032
-6.95633210773876 0.1033
-6.95633691540919 0.1034
-6.95633436193885 0.1035
-6.95633264052277 0.1036
-6.95633616538712 0.1037
-6.95633917906178 0.1038
-6.95635143705571 0.1039
-6.9563730604065 0.104
-6.95638749591384 0.1041
-6.95639446410406 0.1042
-6.95639086941809 0.1043
-6.9563789903855 0.1044
-6.95636266017802 0.1045
-6.95634372877809 0.1046
-6.95632138695134 0.1047
-6.956293822595 0.1048
-6.95627511990494 0.1049
-6.95624898348787 0.105
-6.95621610688972 0.1051
-6.95618476307444 0.1052
-6.95615121486377 0.1053
-6.95611098024774 0.1054
-6.95606897516848 0.1055
-6.95602082497195 0.1056
-6.95598954841122 0.1057
-6.95596291373407 0.1058
-6.95593322040548 0.1059
-6.95590063833337 0.106
-6.95586615150227 0.1061
-6.95584249774222 0.1062
-6.95582336386407 0.1063
-6.95581561349737 0.1064
-6.95582499500984 0.1065
-6.95583850359341 0.1066
-6.95586092861699 0.1067
-6.95586416661623 0.1068
-6.95586080155184 0.1069
-6.95583827352498 0.107
-6.95580547282322 0.1071
-6.9557671025291 0.1072
-6.95572305524764 0.1073
-6.95567646630623 0.1074
-6.95563504718441 0.1075
-6.9555823562136 0.1076
-6.95552607298889 0.1077
-6.95545775864732 0.1078
-6.95539214087606 0.1079
-6.95533459815941 0.108
-6.95528839386327 0.1081
-6.95525406422544 0.1082
-6.95523336080354 0.1083
-6.95521544374676 0.1084
-6.95521335204507 0.1085
-6.95522309258397 0.1086
-6.95522768399093 0.1087
-6.95523258100449 0.1088
-6.95524105796543 0.1089
-6.95525509571296 0.109
-6.95526656006561 0.1091
-6.95527601613627 0.1092
-6.95527683052328 0.1093
-6.95526234578432 0.1094
-6.95523234094336 0.1095
-6.95519284451642 0.1096
-6.95514937842756 0.1097
-6.95510440275218 0.1098
-6.95505801442714 0.1099
-6.95499421543746 0.11
-6.9549387587047 0.1101
-6.95489369050906 0.1102
-6.95484392236432 0.1103
-6.95480256844414 0.1104
-6.95475833943536 0.1105
-6.95470906604512 0.1106
-6.95466348533543 0.1107
-6.95463340335323 0.1108
-6.95461082701339 0.1109
-6.95460201211485 0.111
-6.95459299658082 0.1111
-6.95458217889227 0.1112
-6.95458256548507 0.1113
-6.95459841146117 0.1114
-6.95461802863516 0.1115
-6.95463803007636 0.1116
-6.95465863287493 0.1117
-6.95469544912286 0.1118
-6.95473854938716 0.1119
-6.95478657298205 0.112
-6.95481661162611 0.1121
-6.9548585812903 0.1122
-6.95491015751653 0.1123
-6.95497025964891 0.1124
-6.95503578467546 0.1125
-6.95509669062934 0.1126
-6.95515399915275 0.1127
-6.95521566547414 0.1128
-6.95526813304801 0.1129
-6.95532844499007 0.113
-6.95538386685455 0.1131
-6.95543174081617 0.1132
-6.95548059253836 0.1133
-6.95552553770399 0.1134
-6.95557679279433 0.1135
-6.95562105056769 0.1136
-6.95566034104753 0.1137
-6.95568844303449 0.1138
-6.95571336370394 0.1139
-6.95573445959069 0.114
-6.95574797284588 0.1141
-6.95574306313618 0.1142
-6.9557286592663 0.1143
-6.95571462613534 0.1144
-6.95570896774757 0.1145
-6.95571126493829 0.1146
-6.95570304439345 0.1147
-6.95568117199791 0.1148
-6.95565295129635 0.1149
-6.95562333701512 0.115
-6.95559626682946 0.1151
-6.95556671182 0.1152
-6.95553167456327 0.1153
-6.95550737511909 0.1154
-6.9554897340487 0.1155
-6.95548128653653 0.1156
-6.95546733405497 0.1157
-6.9554527579188 0.1158
-6.95544953852853 0.1159
-6.95545080528041 0.116
-6.95544745035326 0.1161
-6.95544111503207 0.1162
-6.95543322598783 0.1163
-6.95542838162587 0.1164
-6.95542153204582 0.1165
-6.95542703825841 0.1166
-6.95543476531016 0.1167
-6.95545024657458 0.1168
-6.95546807890306 0.1169
-6.95549019399536 0.117
-6.95551218309342 0.1171
-6.9555273872989 0.1172
-6.95553258762611 0.1173
-6.95553970168859 0.1174
-6.95554102865761 0.1175
-6.95553891159217 0.1176
-6.95553696574731 0.1177
-6.9555308959016 0.1178
-6.95553516910235 0.1179
-6.95554528042115 0.118
-6.95555369072081 0.1181
-6.95556692687773 0.1182
-6.95558357311065 0.1183
-6.95560799519586 0.1184
-6.95563204391893 0.1185
-6.95566258445001 0.1186
-6.95568066896932 0.1187
-6.95569398397442 0.1188
-6.95569954340426 0.1189
-6.95569081198579 0.119
-6.95566207157709 0.1191
-6.95562009526267 0.1192
-6.95556933620593 0.1193
-6.95550789993822 0.1194
-6.95544319744062 0.1195
-6.95537495128012 0.1196
-6.95529292541637 0.1197
-6.95520916975385 0.1198
-6.95512122361631 0.1199
-6.95502923594359 0.12
-6.95493177313684 0.1201
-6.95484488874941 0.1202
-6.95476746604403 0.1203
-6.95470772579672 0.1204
-6.95464541190868 0.1205
-6.954580803395 0.1206
-6.95451173870903 0.1207
-6.95443901758834 0.1208
-6.95437074604009 0.1209
-6.95430724323286 0.121
-6.95424372567269 0.1211
-6.95418792105532 0.1212
-6.95414501785778 0.1213
-6.95411291081367 0.1214
-6.95408914656086 0.1215
-6.95406981673049 0.1216
-6.95404620082767 0.1217
-6.9540167272431 0.1218
-6.95399458861219 0.1219
-6.95396703086477 0.122
-6.9539446312912 0.1221
-6.95390981915985 0.1222
-6.95387379500566 0.1223
-6.95383535679385 0.1224
-6.95379869674414 0.1225
-6.95375852981508 0.1226
-6.95371530786737 0.1227
-6.95367267530669 0.1228
-6.95362658350988 0.1229
-6.95356379114274 0.123
-6.95350669832344 0.1231
-6.95345365800616 0.1232
-6.95339946508125 0.1233
-6.95336306195234 0.1234
-6.95332578370346 0.1235
-6.95329750281789 0.1236
-6.95328130800953 0.1237
-6.95326451875984 0.1238
-6.95325582482737 0.1239
-6.95325256069273 0.124
-6.9532649299515 0.1241
-6.95328089637085 0.1242
-6.95330505079204 0.1243
-6.95334124390554 0.1244
-6.95338469464559 0.1245
-6.95343780621501 0.1246
-6.95350508975399 0.1247
-6.95358534717373 0.1248
-6.95366750849545 0.1249
-6.95375025338271 0.125
-6.9538322955969 0.1251
-6.95391865675069 0.1252
-6.95399648091146 0.1253
-6.95407281937494 0.1254
-6.95413651502222 0.1255
-6.95419172188408 0.1256
-6.95424671747764 0.1257
-6.95428974515352 0.1258
-6.95432447603523 0.1259
-6.9543548410188 0.126
-6.95437835207039 0.1261
-6.95440480880373 0.1262
-6.95444389680916 0.1263
-6.95448842800069 0.1264
-6.95452673383458 0.1265
-6.95456336178901 0.1266
-6.95459401569085 0.1267
-6.95461945307255 0.1268
-6.95464607473181 0.1269
-6.95466013712032 0.127
-6.95467500913897 0.1271
-6.95468186639817 0.1272
-6.95468703188761 0.1273
-6.95469794700691 0.1274
-6.95470486519132 0.1275
-6.95470504897748 0.1276
-6.95471164143686 0.1277
-6.95472415186055 0.1278
-6.95472759459065 0.1279
-6.95471735218497 0.128
-6.95470079524444 0.1281
-6.95468642368795 0.1282
-6.95466880025591 0.1283
-6.9546437071209 0.1284
-6.95460846151287 0.1285
-6.95456523220812 0.1286
-6.95451797774134 0.1287
-6.95447529866768 0.1288
-6.95441768555265 0.1289
-6.95436386004859 0.129
-6.9543034990479 0.1291
-6.95423774508037 0.1292
-6.9541795410389 0.1293
-6.95411308742715 0.1294
-6.95403877516876 0.1295
-6.95394964576086 0.1296
-6.95386453027754 0.1297
-6.95376994592644 0.1298
-6.95368704205557 0.1299
-6.95360276926917 0.13
-6.95353462221069 0.1301
-6.95346771469227 0.1302
-6.95341320600064 0.1303
-6.95336505074627 0.1304
-6.95333220563453 0.1305
-6.95331340383694 0.1306
-6.95329923346664 0.1307
-6.95330836456673 0.1308
-6.9533120641242 0.1309
-6.95332491987184 0.131
-6.95333967389646 0.1311
-6.95335319947469 0.1312
-6.95337658068241 0.1313
-6.95340716594734 0.1314
-6.9534261881631 0.1315
-6.95344893181372 0.1316
-6.95347983593799 0.1317
-6.95351665406397 0.1318
-6.95354359402614 0.1319
-6.95356510284659 0.132
-6.95359147251398 0.1321
-6.95362481886539 0.1322
-6.95365647926508 0.1323
-6.95367063740411 0.1324
-6.95368409748918 0.1325
-6.95370195627465 0.1326
-6.95373614980826 0.1327
-6.95376405774462 0.1328
-6.95378385222899 0.1329
-6.95381748625964 0.133
-6.95384567608949 0.1331
-6.9538790850748 0.1332
-6.95390454510932 0.1333
-6.95393166246021 0.1334
-6.95394533070295 0.1335
-6.95396260051178 0.1336
-6.9539784650009 0.1337
-6.95398640434497 0.1338
-6.9540077649429 0.1339
-6.95403417850467 0.134
-6.95405503965661 0.1341
-6.95406118036382 0.1342
-6.95405880205942 0.1343
-6.95405656873457 0.1344
-6.9540551474861 0.1345
-6.95405390215196 0.1346
-6.95405143915383 0.1347
-6.95404385958166 0.1348
-6.95404403468483 0.1349
-6.9540369949694 0.135
-6.95405078645079 0.1351
-6.95407241977143 0.1352
-6.95408869238414 0.1353
-6.95411705299666 0.1354
-6.95415869084048 0.1355
-6.95420093853142 0.1356
-6.95425070108212 0.1357
-6.95430853839712 0.1358
-6.95437178592446 0.1359
-6.95444732394777 0.136
-6.95451824365324 0.1361
-6.95458569787221 0.1362
-6.95465571826148 0.1363
-6.95471571533384 0.1364
-6.95478955141302 0.1365
-6.95487254690207 0.1366
-6.95495823561752 0.1367
-6.95503151017713 0.1368
-6.95509665414941 0.1369
-6.95515840441847 0.137
-6.95522088118732 0.1371
-6.95527002923378 0.1372
-6.95530007620893 0.1373
-6.9553272461996 0.1374
-6.9553400539946 0.1375
-6.9553503993249 0.1376
-6.95534416331566 0.1377
-6.95532259624017 0.1378
-6.95529021340929 0.1379
-6.95524675424375 0.138
-6.95517799242025 0.1381
-6.95510246077826 0.1382
-6.95501576097338 0.1383
-6.95490913407733 0.1384
-6.9548141242239 0.1385
-6.95471930936088 0.1386
-6.9546310139837 0.1387
-6.95455110075046 0.1388
-6.95446347200074 0.1389
-6.95437853488995 0.139
-6.95429510737679 0.1391
-6.95421604787898 0.1392
-6.95415130671463 0.1393
-6.9540972508314 0.1394
-6.95404534767139 0.1395
-6.95399916844894 0.1396
-6.95395842429175 0.1397
-6.9539342387172 0.1398
-6.95390866329508 0.1399
-6.95389510268184 0.14
-6.95389045304117 0.1401
-6.95388973130674 0.1402
-6.95389011720095 0.1403
-6.95389469232596 0.1404
-6.95391521253216 0.1405
-6.95393267186095 0.1406
-6.95396010674103 0.1407
-6.95398838128256 0.1408
-6.95401082746903 0.1409
-6.9540343565861 0.141
-6.95406699557494 0.1411
-6.95410242170564 0.1412
-6.95414778277002 0.1413
-6.95418590510714 0.1414
-6.95423571142017 0.1415
-6.95428332923368 0.1416
-6.95432962783242 0.1417
-6.95436965633821 0.1418
-6.95439843121667 0.1419
-6.95442020162332 0.142
-6.95443739226386 0.1421
-6.9544500435847 0.1422
-6.95445019384783 0.1423
-6.95444042513607 0.1424
-6.95440315749251 0.1425
-6.95435502497984 0.1426
-6.95429443983469 0.1427
-6.9542300996813 0.1428
-6.95415643418277 0.1429
-6.95407769489917 0.143
-6.95400371275318 0.1431
-6.95394259546418 0.1432
-6.95388462773628 0.1433
-6.95381043717659 0.1434
-6.95373309502356 0.1435
-6.95366044446445 0.1436
-6.95359346462911 0.1437
-6.95352355649363 0.1438
-6.95346412383034 0.1439
-6.95339608476881 0.144
-6.95333242976947 0.1441
-6.95326902821377 0.1442
-6.95320952825484 0.1443
-6.95314903917778 0.1444
-6.95308493976718 0.1445
-6.95302701363922 0.1446
-6.95295826097637 0.1447
-6.95288724262551 0.1448
-6.95282352713216 0.1449
-6.95276964840164 0.145
-6.95274142641285 0.1451
-6.95271559501603 0.1452
-6.95268881015422 0.1453
-6.95267531678775 0.1454
-6.95266825010169 0.1455
-6.95265005404265 0.1456
-6.95263364653846 0.1457
-6.95263441716232 0.1458
-6.95263710489522 0.1459
-6.95264435665986 0.146
-6.95265909574071 0.1461
-6.95268218526879 0.1462
-6.95269706783769 0.1463
-6.95271254545009 0.1464
-6.95272732159951 0.1465
-6.95273223145375 0.1466
-6.95273631058523 0.1467
-6.95273561032081 0.1468
-6.95272409485631 0.1469
-6.95270662101351 0.147
-6.95266386938679 0.1471
-6.95261747911585 0.1472
-6.95256684075605 0.1473
-6.95252390020041 0.1474
-6.95248148570888 0.1475
-6.95242430474736 0.1476
-6.95236400354535 0.1477
-6.95232269514392 0.1478
-6.95228597293685 0.1479
-6.95224962827761 0.148
-6.95221132252414 0.1481
-6.95218608805153 0.1482
-6.9521718229868 0.1483
-6.95214969270489 0.1484
-6.95213112097658 0.1485
-6.95211026606981 0.1486
-6.95209166414805 0.1487
-6.95206897500235 0.1488
-6.95204470375307 0.1489
-6.95202761675604 0.149
-6.95200723691391 0.1491
-6.9519716166213 0.1492
-6.95193307212893 0.1493
-6.95189157190004 0.1494
-6.95186348483795 0.1495
-6.9518456710513 0.1496
-6.95183775186926 0.1497
-6.95184197439701 0.1498
-6.95185533457316 0.1499
-6.95186058368662 0.15
-6.95185152232072 0.1501
-6.95184580084547 0.1502
-6.95184804333727 0.1503
-6.9518562106452 0.1504
-6.95187357410377 0.1505
-6.95188852848785 0.1506
-6.95190795857298 0.1507
-6.95192776195658 0.1508
-6.95194311563055 0.1509
-6.95195009971884 0.151
-6.95196876000174 0.1511
-6.95199226877044 0.1512
-6.95201108418177 0.1513
-6.95202928826148 0.1514
-6.95203001818431 0.1515
-6.95202400511956 0.1516
-6.95200197560498 0.1517
-6.95198845870805 0.1518
-6.95197771412428 0.1519
-6.95195878336318 0.152
-6.95191908227559 0.1521
-6.95187083106395 0.1522
-6.95181757013642 0.1523
-6.95176242183933 0.1524
-6.95170253545971 0.1525
-6.95165207548794 0.1526
-6.95160419129529 0.1527
-6.95155565856742 0.1528
-6.95150280310731 0.1529
-6.95144719201976 0.153
-6.95138440477418 0.1531
-6.95131799079984 0.1532
-6.95126219036259 0.1533
-6.95122676680806 0.1534
-6.95118749084891 0.1535
-6.95115933244619 0.1536
-6.95114374286035 0.1537
-6.95113370938853 0.1538
-6.95113005618401 0.1539
-6.95112239504152 0.154
-6.95111385735326 0.1541
-6.95111621662662 0.1542
-6.95112353239525 0.1543
-6.95112379814611 0.1544
-6.9511305288934 0.1545
-6.95113310460059 0.1546
-6.95115651842756 0.1547
-6.95119242404447 0.1548
-6.95122667410658 0.1549
-6.95124881105505 0.155
-6.95126417416053 0.1551
-6.9512808466667 0.1552
-6.9512826505691 0.1553
-6.9512912298737 0.1554
-6.95129318184342 0.1555
-6.9512951423273 0.1556
-6.95131158826386 0.1557
-6.95132817482976 0.1558
-6.95134111276608 0.1559
-6.95134771969932 0.156
-6.95135011158803 0.1561
-6.95135735723539 0.1562
-6.95135838059376 0.1563
-6.95134754516245 0.1564
-6.95131977580358 0.1565
-6.95129176689956 0.1566
-6.95125874525089 0.1567
-6.9512032265406 0.1568
-6.95113540645818 0.1569
-6.95106714936024 0.157
-6.95100359438006 0.1571
-6.95093726421835 0.1572
-6.95086605253104 0.1573
-6.95080663548967 0.1574
-6.95074461969126 0.1575
-6.95069770442742 0.1576
-6.95066203270134 0.1577
-6.95062813887331 0.1578
-6.95061389443836 0.1579
-6.9506060530836 0.158
-6.95059939318054 0.1581
-6.95062070191732 0.1582
-6.95064284048255 0.1583
-6.9506700268579 0.1584
-6.95071115637995 0.1585
-6.95075524841487 0.1586
-6.95081645199271 0.1587
-6.95086561678008 0.1588
-6.95091599323091 0.1589
-6.95096291445177 0.159
-6.95099796320905 0.1591
-6.9510381046478 0.1592
-6.95108132995386 0.1593
-6.95110805864152 0.1594
-6.95112144942548 0.1595
-6.95112461854675 0.1596
-6.9511197965882 0.1597
-6.95111111233325 0.1598
-6.95110676479694 0.1599
-6.95110243160121 0.16
-6.95109610706909 0.1601
-6.95107817115826 0.1602
-6.95104962540825 0.1603
-6.95102905010468 0.1604
-6.95101558798803 0.1605
-6.95098777222558 0.1606
-6.9509660069756 0.1607
-6.95093536152805 0.1608
-6.95090001686526 0.1609
-6.95085388170291 0.161
-6.950808830986 0.1611
-6.95075138246238 0.1612
-6.95068900600608 0.1613
-6.95064665817537 0.1614
-6.95060204237608 0.1615
-6.95055385422371 0.1616
-6.95051380551786 0.1617
-6.95047931312961 0.1618
-6.95045245467788 0.1619
-6.95044025211754 0.162
-6.95043461048113 0.1621
-6.95044492044079 0.1622
-6.95045490634332 0.1623
-6.95046406379976 0.1624
-6.95049131822716 0.1625
-6.95051949678015 0.1626
-6.95056249973006 0.1627
-6.95060602694899 0.1628
-6.95065019756054 0.1629
-6.95070735381905 0.163
-6.95077433550515 0.1631
-6.95083230814346 0.1632
-6.95088778689441 0.1633
-6.95095765676136 0.1634
-6.95101912189866 0.1635
-6.95107191087991 0.1636
-6.9511099287164 0.1637
-6.95113503717762 0.1638
-6.95114843411154 0.1639
-6.95112836384299 0.164
-6.95110819238175 0.1641
-6.9510711284006 0.1642
-6.9510313086273 0.1643
-6.95099137909646 0.1644
-6.95094747889561 0.1645
-6.95089441646829 0.1646
-6.95083674567705 0.1647
-6.95078356132332 0.1648
-6.95072385605332 0.1649
-6.95065719202959 0.165
-6.95059501391932 0.1651
-6.95053161759601 0.1652
-6.95045790465571 0.1653
-6.95038456937313 0.1654
-6.95030443528789 0.1655
-6.95023570719115 0.1656
-6.95018870066651 0.1657
-6.95014622306141 0.1658
-6.95011041731116 0.1659
-6.95008350618347 0.166
-6.95007701268789 0.1661
-6.95009419505204 0.1662
-6.9501430848103 0.1663
-6.95020119748783 0.1664
-6.95027288075708 0.1665
-6.95035501020591 0.1666
-6.95045270557665 0.1667
-6.95056099704986 0.1668
-6.9506836942094 0.1669
-6.95080945365627 0.167
-6.95092814569182 0.1671
-6.95104424338689 0.1672
-6.95117038892396 0.1673
-6.95128469286642 0.1674
-6.95139370954252 0.1675
-6.95149320721343 0.1676
-6.95158405857462 0.1677
-6.95166662856928 0.1678
-6.95174373225566 0.1679
-6.95180711820942 0.168
-6.95185549838131 0.1681
-6.95189805640722 0.1682
-6.95192769748922 0.1683
-6.95195058370161 0.1684
-6.95196835157215 0.1685
-6.95198104178154 0.1686
-6.95198236670241 0.1687
-6.95197614210291 0.1688
-6.95195977842217 0.1689
-6.95193315955342 0.169
-6.95190123119677 0.1691
-6.95186282630511 0.1692
-6.95182376065949 0.1693
-6.95176089884974 0.1694
-6.95169151241769 0.1695
-6.95160473013476 0.1696
-6.95150348957838 0.1697
-6.95138703390698 0.1698
-6.95124903067854 0.1699
-6.95111378920231 0.17
-6.95097126298313 0.1701
-6.95082735211077 0.1702
-6.95067788236535 0.1703
-6.95053395185087 0.1704
-6.95040194515486 0.1705
-6.95027153694824 0.1706
-6.95013754248414 0.1707
-6.95000791043214 0.1708
-6.94989715417543 0.1709
-6.94980566886936 0.171
-6.94970964104029 0.1711
-6.94962451924596 0.1712
-6.94956169604513 0.1713
-6.94951711992578 0.1714
-6.94949002638636 0.1715
-6.94947736667487 0.1716
-6.94947624740297 0.1717
-6.94948666819689 0.1718
-6.9495034700187 0.1719
-6.94954252345971 0.172
-6.94957961745286 0.1721
-6.94962867961002 0.1722
-6.94968331204402 0.1723
-6.94975394358824 0.1724
-6.94983756601226 0.1725
-6.94992610678295 0.1726
-6.95002596786631 0.1727
-6.95013273265348 0.1728
-6.95023994934144 0.1729
-6.95035966320788 0.173
-6.95047065597335 0.1731
-6.95057162149986 0.1732
-6.95066412699335 0.1733
-6.95074865650581 0.1734
-6.95082132676186 0.1735
-6.95089681841954 0.1736
-6.95095448408326 0.1737
-6.9510050780482 0.1738
-6.951049541232 0.1739
-6.95107787015238 0.174
-6.95109148879128 0.1741
-6.95108166810188 0.1742
-6.95106389828189 0.1743
-6.95104275442802 0.1744
-6.95101478236825 0.1745
-6.9509751758289 0.1746
-6.95094588585769 0.1747
-6.95091960721427 0.1748
-6.95089316347887 0.1749
-6.95087311774007 0.175
-6.95087096311207 0.1751
-6.95085747834517 0.1752
-6.95085671850369 0.1753
-6.9508462617955 0.1754
-6.95083127733802 0.1755
-6.95081563183093 0.1756
-6.9508284018186 0.1757
-6.95085301610982 0.1758
-6.95088611674101 0.1759
-6.95092102240876 0.176
-6.95095895921346 0.1761
-6.95100678298602 0.1762
-6.95105977537442 0.1763
-6.95111505598026 0.1764
-6.95117893732797 0.1765
-6.95123888449609 0.1766
-6.95130258689559 0.1767
-6.95135556994312 0.1768
-6.95139588187092 0.1769
-6.9514290324246 0.177
-6.95145997185891 0.1771
-6.95149405707442 0.1772
-6.95152191475767 0.1773
-6.95154749028777 0.1774
-6.9515576986437 0.1775
-6.95155619373541 0.1776
-6.95155071924626 0.1777
-6.95154454610429 0.1778
-6.95152916208674 0.1779
-6.95150438539773 0.178
-6.95148014991768 0.1781
-6.95145385450891 0.1782
-6.95142229807473 0.1783
-6.95138491510191 0.1784
-6.95134503458278 0.1785
-6.95131732160892 0.1786
-6.95129024864176 0.1787
-6.9512615945825 0.1788
-6.95124413079549 0.1789
-6.95123421518101 0.179
-6.95123644000593 0.1791
-6.95124466455057 0.1792
-6.95125109742309 0.1793
-6.95126039514785 0.1794
-6.95127008626963 0.1795
-6.95128282309223 0.1796
-6.95130767245677 0.1797
-6.95133908225353 0.1798
-6.95136807072879 0.1799
-6.95138790382463 0.18
-6.95141311037189 0.1801
-6.95145448372013 0.1802
-6.95150182122285 0.1803
-6.95154419296182 0.1804
-6.95157552768319 0.1805
-6.95161011742894 0.1806
-6.95164027409828 0.1807
-6.95166880941125 0.1808
-6.95169693139718 0.1809
-6.95171097669852 0.181
-6.95170719588116 0.1811
-6.95169327667177 0.1812
-6.95166852978336 0.1813
-6.95162276478151 0.1814
-6.95156382243106 0.1815
-6.95149909584682 0.1816
-6.95142711728915 0.1817
-6.95134271642248 0.1818
-6.95124453229164 0.1819
-6.95113098602114 0.182
-6.95102111082801 0.1821
-6.95091604921955 0.1822
-6.95081593704743 0.1823
-6.95071479577065 0.1824
-6.9506293769324 0.1825
-6.95056159021452 0.1826
-6.95050905532305 0.1827
-6.95046702849473 0.1828
-6.95043241725501 0.1829
-6.95041121100747 0.183
-6.95040275572409 0.1831
-6.9504060783721 0.1832
-6.95041606858353 0.1833
-6.95042899842682 0.1834
-6.95044275381437 0.1835
-6.95045340493996 0.1836
-6.95046611743645 0.1837
-6.95048741326145 0.1838
-6.95051648666393 0.1839
-6.95055239324516 0.184
-6.95058728131908 0.1841
-6.95062815614209 0.1842
-6.95066503010599 0.1843
-6.95071176890042 0.1844
-6.95075645335243 0.1845
-6.95078654475677 0.1846
-6.95081513715626 0.1847
-6.95083142815788 0.1848
-6.95084832016082 0.1849
-6.95086909119571 0.185
-6.95088832562119 0.1851
-6.9509080370482 0.1852
-6.95091616542735 0.1853
-6.95092403508866 0.1854
-6.95093489049559 0.1855
-6.95093707848955 0.1856
-6.95092762715219 0.1857
-6.95090887093153 0.1858
-6.95087768627577 0.1859
-6.95084011280276 0.186
-6.95078752400438 0.1861
-6.95071732944182 0.1862
-6.95064507469438 0.1863
-6.95056246986356 0.1864
-6.95047065573985 0.1865
-6.95037515377034 0.1866
-6.9502583053762 0.1867
-6.9501439064822 0.1868
-6.95004231407797 0.1869
-6.94994168151149 0.187
-6.94984746004841 0.1871
-6.94977154954805 0.1872
-6.94969807942808 0.1873
-6.9496189532331 0.1874
-6.94954028964201 0.1875
-6.9494537010287 0.1876
-6.94936832212717 0.1877
-6.94928704368984 0.1878
-6.94920394369378 0.1879
-6.94912191277561 0.188
-6.9490420064401 0.1881
-6.9489701349167 0.1882
-6.9488957669829 0.1883
-6.9488278706936 0.1884
-6.9487638500524 0.1885
-6.94870336904675 0.1886
-6.94865694361091 0.1887
-6.94863568648926 0.1888
-6.94862671080324 0.1889
-6.94863519909136 0.189
-6.94864465564461 0.1891
-6.94865896894733 0.1892
-6.94865836655135 0.1893
-6.94866026246711 0.1894
-6.94866081515717 0.1895
-6.94865825950671 0.1896
-6.94865370366046 0.1897
-6.9486516546379 0.1898
-6.94866076739471 0.1899
-6.94867771728744 0.19
-6.94869672856381 0.1901
-6.94872458721769 0.1902
-6.94875686075844 0.1903
-6.94877994356607 0.1904
-6.94879783798025 0.1905
-6.94881400395242 0.1906
-6.94882928202283 0.1907
-6.94886223737446 0.1908
-6.94888611350829 0.1909
-6.9488988857265 0.191
-6.94891434619524 0.1911
-6.94893155979323 0.1912
-6.94895683421949 0.1913
-6.94899472819719 0.1914
-6.94904353677852 0.1915
-6.94909159677764 0.1916
-6.94913322934782 0.1917
-6.94917536093482 0.1918
-6.94923277088815 0.1919
-6.94928674809946 0.192
-6.94933675911285 0.1921
-6.94939770404889 0.1922
-6.94945767965175 0.1923
-6.94951731495414 0.1924
-6.94955920104464 0.1925
-6.94959836894636 0.1926
-6.94962779631379 0.1927
-6.94965433326628 0.1928
-6.94966531679883 0.1929
-6.94966945143454 0.193
-6.94966271412766 0.1931
-6.94965592775899 0.1932
-6.9496420612397 0.1933
-6.94961522450189 0.1934
-6.94958699063498 0.1935
-6.94956170010294 0.1936
-6.94953109999724 0.1937
-6.94950191526595 0.1938
-6.94947579192077 0.1939
-6.94945261928557 0.194
-6.94941036822671 0.1941
-6.9493610424495 0.1942
-6.94930765527074 0.1943
-6.94923321421624 0.1944
-6.94916049456662 0.1945
-6.94907787331939 0.1946
-6.94898890275758 0.1947
-6.94889180011724 0.1948
-6.9487984787315 0.1949
-6.94870671975109 0.195
-6.94861944806901 0.1951
-6.94854392759874 0.1952
-6.9484592421651 0.1953
-6.94837550272961 0.1954
-6.94830125411179 0.1955
-6.94822916580976 0.1956
-6.94815919405957 0.1957
-6.94810739364512 0.1958
-6.94806403561882 0.1959
-6.94804622740755 0.196
-6.94803835850741 0.1961
-6.94803390909276 0.1962
-6.94804435014453 0.1963
-6.94804827144564 0.1964
-6.94805490774244 0.1965
-6.94805892611812 0.1966
-6.94808241014107 0.1967
-6.9481046023292 0.1968
-6.94812178747116 0.1969
-6.94813445254518 0.197
-6.94813284965321 0.1971
-6.94812760347374 0.1972
-6.94811865369566 0.1973
-6.94811030918386 0.1974
-6.94810694998511 0.1975
-6.9481002010337 0.1976
-6.94809213694402 0.1977
-6.9480756058806 0.1978
-6.94806739502458 0.1979
-6.94806073131854 0.198
-6.94804923907363 0.1981
-6.94805598744472 0.1982
-6.94806146885116 0.1983
-6.94807748940436 0.1984
-6.94810767356302 0.1985
-6.94814091036657 0.1986
-6.94818508811888 0.1987
-6.94822222770955 0.1988
-6.94826194293601 0.1989
-6.94829698700204 0.199
-6.94833103152927 0.1991
-6.94835624770048 0.1992
-6.94837738638428 0.1993
-6.94838938792996 0.1994
-6.94840075563304 0.1995
-6.94840715465762 0.1996
-6.94840633730232 0.1997
-6.94840213571961 0.1998
-6.94839377203593 0.1999
-6.94838425957521 0.2
-6.94836943828993 0.2001
-6.94835830498774 0.2002
-6.94834520917212 0.2003
-6.9483526746887 0.2004
-6.94835639349624 0.2005
-6.94834820704297 0.2006
-6.9483368450566 0.2007
-6.94832998878422 0.2008
-6.94831005005125 0.2009
-6.94829716685438 0.201
-6.94828224770959 0.2011
-6.94826344265091 0.2012
-6.94824346671092 0.2013
-6.94822509430512 0.2014
-6.94820295581473 0.2015
-6.94818286569513 0.2016
-6.9481635738246 0.2017
-6.94813881196225 0.2018
-6.94810668816308 0.2019
-6.94808373616558 0.202
-6.9480670202078 0.2021
-6.94805754843542 0.2022
-6.94805022716339 0.2023
-6.94804787152932 0.2024
-6.94805260308692 0.2025
-6.94807315519048 0.2026
-6.94810785056633 0.2027
-6.94815336780802 0.2028
-6.94821223085014 0.2029
-6.9482933017585 0.203
-6.94838790164154 0.2031
-6.94847803157648 0.2032
-6.9485594741004 0.2033
-6.94864716582104 0.2034
-6.94872522002375 0.2035
-6.94879616496484 0.2036
-6.9488650701997 0.2037
-6.94891623392467 0.2038
-6.94896272896598 0.2039
-6.94899458824752 0.204
-6.9490054534063 0.2041
-6.94899665033381 0.2042
-6.94897882261019 0.2043
-6.94893913098454 0.2044
-6.94887929971116 0.2045
-6.9488145817976 0.2046
-6.94875056570047 0.2047
-6.94867358726204 0.2048
-6.94858724566672 0.2049
-6.94850115727796 0.205
-6.94840977512571 0.2051
-6.94831491525198 0.2052
-6.94823749734558 0.2053
-6.9481557808867 0.2054
-6.9480785639156 0.2055
-6.94800913376819 0.2056
-6.94795066784051 0.2057
-6.94790482381359 0.2058
-6.94785995666414 0.2059
-6.94781036416654 0.206
-6.94776248663641 0.2061
-6.94771927522791 0.2062
-6.94769029088747 0.2063
-6.94765903292682 0.2064
-6.94764764657324 0.2065
-6.94763945390079 0.2066
-6.94763642819397 0.2067
-6.94762920868114 0.2068
-6.94761689403754 0.2069
-6.94761608716316 0.207
-6.9476175752706 0.2071
-6.94762553935677 0.2072
-6.94762467708336 0.2073
-6.94762906531775 0.2074
-6.94762024652132 0.2075
-6.94759246132878 0.2076
-6.94756529384128 0.2077
-6.9475302368781 0.2078
-6.94748838808647 0.2079
-6.94745139400014 0.208
-6.94742171477775 0.2081
-6.94739039410879 0.2082
-6.94737208911411 0.2083
-6.9473550925583 0.2084
-6.94734265041686 0.2085
-6.94733439393307 0.2086
-6.9473253670814 0.2087
-6.94730659893346 0.2088
-6.94727156742047 0.2089
-6.94722817467337 0.209
-6.94717515091096 0.2091
-6.94712304818041 0.2092
-6.94707402978677 0.2093
-6.94702623576294 0.2094
-6.94697125456132 0.2095
-6.94693859471928 0.2096
-6.9468919252446 0.2097
-6.94683715789271 0.2098
-6.94678885017509 0.2099
-6.94674711484859 0.21
-6.94670554044872 0.2101
-6.94666570830986 0.2102
-6.94661761046971 0.2103
-6.9465708784315 0.2104
-6.94654005551931 0.2105
-6.94651660824256 0.2106
-6.94651226566918 0.2107
-6.94652218782641 0.2108
-6.94653695985635 0.2109
-6.94655420796017 0.211
-6.9465719870088 0.2111
-6.94659415316569 0.2112
-6.94660747425722 0.2113
-6.94663132945193 0.2114
-6.94667257614316 0.2115
-6.94670928123216 0.2116
-6.94673575749755 0.2117
-6.94675188626779 0.2118
-6.94677148568847 0.2119
-6.94677892669964 0.212
-6.94679786927847 0.2121
-6.94680948051783 0.2122
-6.94681584881939 0.2123
-6.94682725360052 0.2124
-6.94683929927522 0.2125
-6.9468550781026 0.2126
-6.94688765491634 0.2127
-6.94690759337751 0.2128
-6.94692546053229 0.2129
-6.94693548696632 0.213
-6.94695650448097 0.2131
-6.94698965563146 0.2132
-6.9470286330916 0.2133
-6.94708245541567 0.2134
-6.94713587691432 0.2135
-6.94719194347035 0.2136
-6.94725426362009 0.2137
-6.94730707930402 0.2138
-6.9473583710273 0.2139
-6.94740881227563 0.214
-6.9474509155865 0.2141
-6.94747437109526 0.2142
-6.94748827834184 0.2143
-6.94749817617801 0.2144
-6.94750621879174 0.2145
-6.9474962610394 0.2146
-6.94747191907997 0.2147
-6.94743320059309 0.2148
-6.94739368524928 0.2149
-6.94736178954642 0.215
-6.94732255568542 0.2151
-6.94728898834011 0.2152
-6.9472611064342 0.2153
-6.94722476676725 0.2154
-6.94718416081529 0.2155
-6.94715032582932 0.2156
-6.94711915239449 0.2157
-6.94709840533869 0.2158
-6.94707313339467 0.2159
-6.94706441971056 0.216
-6.94706216976076 0.2161
-6.94706113773627 0.2162
-6.94706443931996 0.2163
-6.94707251239259 0.2164
-6.94707870593998 0.2165
-6.94706693410707 0.2166
-6.94706323351541 0.2167
-6.94704525044619 0.2168
-6.94703719062845 0.2169
-6.94701301220866 0.217
-6.94698537228939 0.2171
-6.94695431210328 0.2172
-6.94690708600684 0.2173
-6.94686420132677 0.2174
-6.94681399306721 0.2175
-6.94676127268698 0.2176
-6.94671936772268 0.2177
-6.94669389657549 0.2178
-6.94667120334914 0.2179
-6.94666384434483 0.218
-6.94667031341752 0.2181
-6.94668763849188 0.2182
-6.94670955659112 0.2183
-6.94674928608669 0.2184
-6.94679760807868 0.2185
-6.94685815743252 0.2186
-6.94691910857089 0.2187
-6.94697390848019 0.2188
-6.94703506499344 0.2189
-6.94709371308519 0.219
-6.94714237078614 0.2191
-6.94719947240753 0.2192
-6.94726933685751 0.2193
-6.9473273884547 0.2194
-6.94738273438441 0.2195
-6.94745479661741 0.2196
-6.94752344165491 0.2197
-6.94759435600807 0.2198
-6.94767003122952 0.2199
-6.94773084312787 0.22
-6.94779088615379 0.2201
-6.94785190159385 0.2202
-6.94790459957558 0.2203
-6.94796070496651 0.2204
-6.94800980114924 0.2205
-6.94806110470057 0.2206
-6.94811262744632 0.2207
-6.94816045671069 0.2208
-6.94820649131662 0.2209
-6.94823735364246 0.221
-6.94825254823156 0.2211
-6.94825189800503 0.2212
-6.94824550921904 0.2213
-6.94823588211715 0.2214
-6.94822039340517 0.2215
-6.94820352455132 0.2216
-6.94817892962287 0.2217
-6.94816157393056 0.2218
-6.94814310129601 0.2219
-6.94812076664171 0.222
-6.94808973142289 0.2221
-6.94805353179533 0.2222
-6.94800803603579 0.2223
-6.94796063885044 0.2224
-6.94793152955234 0.2225
-6.94789408035004 0.2226
-6.94786070330062 0.2227
-6.94782223909067 0.2228
-6.94778167196437 0.2229
-6.94773614993486 0.223
-6.94769668130058 0.2231
-6.94764190868678 0.2232
-6.94758979815901 0.2233
-6.94753491134663 0.2234
-6.94747360862858 0.2235
-6.94741276275986 0.2236
-6.94735481083068 0.2237
-6.9473074048574 0.2238
-6.9472634332803 0.2239
-6.94722628769769 0.224
-6.94720094685802 0.2241
-6.94717884428303 0.2242
-6.94715655397422 0.2243
-6.947139412673 0.2244
-6.94713693090199 0.2245
-6.94714350397342 0.2246
-6.94716321899305 0.2247
-6.94719571556992 0.2248
-6.94723178347154 0.2249
-6.94727834055239 0.225
-6.94733221513008 0.2251
-6.94738232622439 0.2252
-6.94744872368654 0.2253
-6.94751383718232 0.2254
-6.94758109216875 0.2255
-6.94765065610861 0.2256
-6.94772263774161 0.2257
-6.94780521820028 0.2258
-6.94789472119393 0.2259
-6.94799851564749 0.226
-6.94810575434945 0.2261
-6.94822708565704 0.2262
-6.94835638352078 0.2263
-6.9484813772289 0.2264
-6.94860908335219 0.2265
-6.94874192587649 0.2266
-6.94886500887108 0.2267
-6.94898502241605 0.2268
-6.9490928185013 0.2269
-6.94917983005159 0.227
-6.94925689669249 0.2271
-6.94932931263601 0.2272
-6.94939419833763 0.2273
-6.94943462346477 0.2274
-6.94945455670099 0.2275
-6.94944992561842 0.2276
-6.9494384736787 0.2277
-6.94941386784747 0.2278
-6.94938392257109 0.2279
-6.94932787561443 0.228
-6.9492618267214 0.2281
-6.94916758635176 0.2282
-6.94905791174831 0.2283
-6.94893591971331 0.2284
-6.94881870689506 0.2285
-6.94870793540781 0.2286
-6.94858715805229 0.2287
-6.94844943157951 0.2288
-6.9483145519294 0.2289
-6.94818528443405 0.229
-6.94806348223779 0.2291
-6.94795414749298 0.2292
-6.94785278479871 0.2293
-6.94775222866806 0.2294
-6.94765219361944 0.2295
-6.9475511116458 0.2296
-6.9474701507859 0.2297
-6.94740337471883 0.2298
-6.94734694292822 0.2299
-6.94731199317065 0.23
-6.94727797351422 0.2301
-6.9472529192269 0.2302
-6.94723294206992 0.2303
-6.94721000885817 0.2304
-6.94719639121425 0.2305
-6.94717497365322 0.2306
-6.94715081248182 0.2307
-6.94712986701339 0.2308
-6.94711970667447 0.2309
-6.94711114531718 0.231
-6.94710097773226 0.2311
-6.94708962305242 0.2312
-6.94707703504793 0.2313
-6.94705947096284 0.2314
-6.94704405492058 0.2315
-6.94702102511042 0.2316
-6.94700499599138 0.2317
-6.9469937297389 0.2318
-6.94697215508226 0.2319
-6.94696704616111 0.232
-6.94696969569205 0.2321
-6.94698846644091 0.2322
-6.94700514866341 0.2323
-6.94702744815577 0.2324
-6.94705521500568 0.2325
-6.9470852300772 0.2326
-6.94711720242212 0.2327
-6.94715838802922 0.2328
-6.94720152901871 0.2329
-6.94725755586348 0.233
-6.9473036304514 0.2331
-6.94733204012027 0.2332
-6.94734673673081 0.2333
-6.94735889267465 0.2334
-6.9473721306768 0.2335
-6.94738179170952 0.2336
-6.94740026235703 0.2337
-6.94741193433853 0.2338
-6.9474262306216 0.2339
-6.94744513534487 0.234
-6.94746815814899 0.2341
-6.94748228666422 0.2342
-6.94748117195353 0.2343
-6.9474543187244 0.2344
-6.94742108806465 0.2345
-6.94737929952821 0.2346
-6.94733172833342 0.2347
-6.94727194161103 0.2348
-6.94719129887672 0.2349
-6.94710107347778 0.235
-6.94700718042848 0.2351
-6.94690969140072 0.2352
-6.94681095287304 0.2353
-6.94671910290803 0.2354
-6.94662312355807 0.2355
-6.94654283327262 0.2356
-6.94648166413352 0.2357
-6.94643374751443 0.2358
-6.94640045612952 0.2359
-6.94637748837469 0.236
-6.94634578812574 0.2361
-6.94632823717863 0.2362
-6.94632764922968 0.2363
-6.9463331607782 0.2364
-6.94633764392564 0.2365
-6.94634406739331 0.2366
-6.94635128838525 0.2367
-6.94636678142929 0.2368
-6.94638582455889 0.2369
-6.94639650743768 0.237
-6.94641735414727 0.2371
-6.94641661878254 0.2372
-6.94641301841893 0.2373
-6.94641099825679 0.2374
-6.9464028424907 0.2375
-6.94638070869747 0.2376
-6.94636936125439 0.2377
-6.94635820758022 0.2378
-6.94633848485592 0.2379
-6.94633043241752 0.238
-6.94632810839087 0.2381
-6.94633753168533 0.2382
-6.94635046528806 0.2383
-6.94635305398376 0.2384
-6.9463583640482 0.2385
-6.94637859206675 0.2386
-6.94639577387614 0.2387
-6.94640146612455 0.2388
-6.94641544649998 0.2389
-6.9464269463741 0.239
-6.9464428989069 0.2391
-6.94645249572352 0.2392
-6.94645517629037 0.2393
-6.94646530639923 0.2394
-6.94648705181048 0.2395
-6.94650528581827 0.2396
-6.94653309141355 0.2397
-6.94655932699379 0.2398
-6.94657299645355 0.2399
-6.94658309490009 0.24
-6.94661361584417 0.2401
-6.94665445568527 0.2402
-6.94670294926882 0.2403
-6.94674922135151 0.2404
-6.94678096816834 0.2405
-6.94680565674792 0.2406
-6.94683868692562 0.2407
-6.94686703187917 0.2408
-6.94688460938808 0.2409
-6.94687627495693 0.241
-6.94686246828479 0.2411
-6.94685178842907 0.2412
-6.94682026029556 0.2413
-6.94679161491545 0.2414
-6.94675183945882 0.2415
-6.94669984195274 0.2416
-6.94663919823843 0.2417
-6.94657853556565 0.2418
-6.94651553110439 0.2419
-6.94643333979703 0.242
-6.94634988603655 0.2421
-6.9462716441677 0.2422
-6.94619676537913 0.2423
-6.94611668689353 0.2424
-6.94605229335377 0.2425
-6.94599479233501 0.2426
-6.94594356258425 0.2427
-6.94592395530935 0.2428
-6.94592303595191 0.2429
-6.94593427670466 0.243
-6.94595516261132 0.2431
-6.94598577284936 0.2432
-6.94601955311605 0.2433
-6.94606554122379 0.2434
-6.94611715070451 0.2435
-6.94616680753544 0.2436
-6.94622045825512 0.2437
-6.94625658484288 0.2438
-6.94628775044673 0.2439
-6.94631285810801 0.244
-6.94634704343757 0.2441
-6.94637646958826 0.2442
-6.94640186398249 0.2443
-6.94641107633972 0.2444
-6.94641189652952 0.2445
-6.94640255140798 0.2446
-6.946388199798 0.2447
-6.94636326456912 0.2448
-6.94633311460086 0.2449
-6.94629404330716 0.245
-6.94626754814287 0.2451
-6.94624580911192 0.2452
-6.94623888044625 0.2453
-6.94624227569068 0.2454
-6.94625070068647 0.2455
-6.94626346264815 0.2456
-6.94627744483598 0.2457
-6.94629936003895 0.2458
-6.9463130685314 0.2459
-6.94633176252207 0.246
-6.94635171542513 0.2461
-6.94638412177292 0.2462
-6.94642066960558 0.2463
-6.94647203234789 0.2464
-6.94651592396082 0.2465
-6.94656884586689 0.2466
-6.9466007747753 0.2467
-6.94662700672169 0.2468
-6.94665278524674 0.2469
-6.94668187711333 0.247
-6.94671431082765 0.2471
-6.94673746098977 0.2472
-6.94676095393053 0.2473
-6.94678710085706 0.2474
-6.94680367720411 0.2475
-6.94681081549758 0.2476
-6.94681736129207 0.2477
-6.94680853356691 0.2478
-6.94679428292752 0.2479
-6.94676512670488 0.248
-6.94672471817862 0.2481
-6.94667437327752 0.2482
-6.94662432975329 0.2483
-6.94656724103793 0.2484
-6.94651127098297 0.2485
-6.9464573772014 0.2486
-6.94639197140488 0.2487
-6.94632378681298 0.2488
-6.94625357365104 0.2489
-6.94616741779601 0.249
-6.94608582373665 0.2491
-6.94599974760338 0.2492
-6.94590910817304 0.2493
-6.94582031154608 0.2494
-6.94573247170973 0.2495
-6.9456436956335 0.2496
-6.94554514316969 0.2497
-6.94543928104504 0.2498
-6.94533514947135 0.2499
-6.9452250989451 0.25
-6.94511408665811 0.2501
-6.94501257078271 0.2502
-6.94490105395902 0.2503
-6.94480071504136 0.2504
-6.9447077045577 0.2505
-6.94463248360944 0.2506
-6.94457245798486 0.2507
-6.94452467112917 0.2508
-6.94449364593624 0.2509
-6.94446853615521 0.251
-6.94445118377702 0.2511
-6.94445599856185 0.2512
-6.94446305085698 0.2513
-6.94448714857788 0.2514
-6.94451885751505 0.2515
-6.94456496851668 0.2516
-6.94460953009441 0.2517
-6.94466434831605 0.2518
-6.94473328457667 0.2519
-6.94481354289693 0.252
-6.9448793702467 0.2521
-6.94494957025773 0.2522
-6.94501153765895 0.2523
-6.94508531172927 0.2524
-6.94517381660127 0.2525
-6.94526670518797 0.2526
-6.94535924263518 0.2527
-6.94544942740894 0.2528
-6.94552963324312 0.2529
-6.94560585233203 0.253
-6.94569038148592 0.2531
-6.94577560650158 0.2532
-6.94585827322562 0.2533
-6.94594370180234 0.2534
-6.94602242057625 0.2535
-6.94607250735233 0.2536
-6.9461086835543 0.2537
-6.94615044686651 0.2538
-6.94618397217881 0.2539
-6.94622227350337 0.254
-6.94625149690075 0.2541
-6.94628482406828 0.2542
-6.9463160743521 0.2543
-6.94633706898339 0.2544
-6.94637047773037 0.2545
-6.94639383498106 0.2546
-6.94642020012269 0.2547
-6.94643837572571 0.2548
-6.94644388622245 0.2549
-6.94645611613048 0.255
-6.94648054862337 0.2551
-6.94648409564623 0.2552
-6.94649943293813 0.2553
-6.94651016241091 0.2554
-6.94651543221281 0.2555
-6.94652516716893 0.2556
-6.94653634302174 0.2557
-6.94654144160653 0.2558
-6.9465379755512 0.2559
-6.94653010446523 0.256
-6.94652669458021 0.2561
-6.94650815374803 0.2562
-6.94649117187475 0.2563
-6.94647933656747 0.2564
-6.94646422416133 0.2565
-6.94645160057912 0.2566
-6.94643671759769 0.2567
-6.94642188453605 0.2568
-6.94639964740097 0.2569
-6.94637003797718 0.257
-6.94634153933129 0.2571
-6.94630300468204 0.2572
-6.94626848792856 0.2573
-6.94624118601858 0.2574
-6.94621343742645 0.2575
-6.94619119061592 0.2576
-6.94616142230681 0.2577
-6.94611925976976 0.2578
-6.94608296498208 0.2579
-6.94604096078314 0.258
-6.94599437281734 0.2581
-6.94594619530189 0.2582
-6.94591105752435 0.2583
-6.94587995021617 0.2584
-6.94585810060434 0.2585
-6.94583456345409 0.2586
-6.94582342578328 0.2587
-6.94580561205574 0.2588
-6.94577632804202 0.2589
-6.94573001646445 0.259
-6.94568086924079 0.2591
-6.94562840304212 0.2592
-6.9455816482622 0.2593
-6.94553741252197 0.2594
-6.94548391239251 0.2595
-6.94543248684232 0.2596
-6.94539014580543 0.2597
-6.9453434183592 0.2598
-6.94529488601677 0.2599
-6.94524944426646 0.26
-6.94521332701975 0.2601
-6.94516821212632 0.2602
-6.94513324443623 0.2603
-6.94510504972423 0.2604
-6.9450751296298 0.2605
-6.94504134140866 0.2606
-6.94500862889735 0.2607
-6.94498499359778 0.2608
-6.9449623237737 0.2609
-6.94494905591211 0.261
-6.94493920833955 0.2611
-6.94492216692689 0.2612
-6.94489074412329 0.2613
-6.9448513908195 0.2614
-6.94481057657298 0.2615
-6.94476910867448 0.2616
-6.94473179680241 0.2617
-6.9447017939553 0.2618
-6.94466935567043 0.2619
-6.94464036660617 0.262
-6.9446083828561 0.2621
-6.94457908509894 0.2622
-6.94455559668953 0.2623
-6.94453444881037 0.2624
-6.94452558849585 0.2625
-6.94452395089155 0.2626
-6.94451760797077 0.2627
-6.94451105621457 0.2628
-6.94450608779613 0.2629
-6.94448912285461 0.263
-6.94446874438637 0.2631
-6.94443095629887 0.2632
-6.94437598615232 0.2633
-6.94431420480824 0.2634
-6.94423798811659 0.2635
-6.94415858786803 0.2636
-6.94408189203768 0.2637
-6.94400611676972 0.2638
-6.94391609356461 0.2639
-6.94381877115 0.264
-6.94372430697835 0.2641
-6.94361265396094 0.2642
-6.94349864940438 0.2643
-6.94339553506857 0.2644
-6.94328161927525 0.2645
-6.94317330891085 0.2646
-6.94307952386829 0.2647
-6.94300044317396 0.2648
-6.94293208399085 0.2649
-6.94286846307283 0.265
-6.94283345211968 0.2651
-6.94281436954348 0.2652
-6.94280644657107 0.2653
-6.94281559749327 0.2654
-6.94284279439534 0.2655
-6.94287098161272 0.2656
-6.94290120773096 0.2657
-6.94293835395121 0.2658
-6.94298429717006 0.2659
-6.94302527274082 0.266
-6.94305957153582 0.2661
-6.94310105131977 0.2662
-6.94314133498023 0.2663
-6.94317737665062 0.2664
-6.94320033988834 0.2665
-6.94322020032295 0.2666
-6.94323877052209 0.2667
-6.94323793822483 0.2668
-6.94322822907071 0.2669
-6.94320793563195 0.267
-6.94317678318412 0.2671
-6.9431296946463 0.2672
-6.94306005616324 0.2673
-6.94298578304939 0.2674
-6.94289907701354 0.2675
-6.94279809889016 0.2676
-6.94269596237363 0.2677
-6.94259124554793 0.2678
-6.9424786866259 0.2679
-6.94237189681701 0.268
-6.94227158861498 0.2681
-6.94218303101693 0.2682
-6.94210285032348 0.2683
-6.94202543859798 0.2684
-6.94198134446486 0.2685
-6.9419460508036 0.2686
-6.94192430436889 0.2687
-6.94189808296628 0.2688
-6.94188738137969 0.2689
-6.94188377110732 0.269
-6.9418975459543 0.2691
-6.94191226698871 0.2692
-6.94193365501037 0.2693
-6.94195872720265 0.2694
-6.94197159830769 0.2695
-6.94197744592123 0.2696
-6.94197950773512 0.2697
-6.9419817396754 0.2698
-6.94198107590407 0.2699
-6.94198068344405 0.27
-6.94197070592023 0.2701
-6.94196713920372 0.2702
-6.94196944251717 0.2703
-6.94195629479729 0.2704
-6.94194395149861 0.2705
-6.94193352479043 0.2706
-6.9419351697633 0.2707
-6.94195022827255 0.2708
-6.94196644133873 0.2709
-6.94198840784536 0.271
-6.94201191895454 0.2711
-6.94203988566236 0.2712
-6.94207771638576 0.2713
-6.94211945848556 0.2714
-6.94215759963539 0.2715
-6.94219930873702 0.2716
-6.94223356055498 0.2717
-6.94226820438256 0.2718
-6.94230657566837 0.2719
-6.94234504371151 0.272
-6.94237510908125 0.2721
-6.94241253890749 0.2722
-6.94244529318856 0.2723
-6.94245969546181 0.2724
-6.94247460864633 0.2725
-6.94249263525878 0.2726
-6.94251563039928 0.2727
-6.94253671378685 0.2728
-6.94254610417341 0.2729
-6.94254509957928 0.273
-6.9425475811473 0.2731
-6.94254971302888 0.2732
-6.94254805341788 0.2733
-6.94256573182093 0.2734
-6.94257905627359 0.2735
-6.94259753523049 0.2736
-6.94262150967463 0.2737
-6.94265690890234 0.2738
-6.94268577417114 0.2739
-6.94272229809741 0.274
-6.94277062196068 0.2741
-6.94281902593133 0.2742
-6.9428578595577 0.2743
-6.94288436883593 0.2744
-6.94290490338879 0.2745
-6.94290701096114 0.2746
-6.94289561197725 0.2747
-6.94287613095295 0.2748
-6.94283361657592 0.2749
-6.94279162138744 0.275
-6.94272632876414 0.2751
-6.94265912641661 0.2752
-6.94257622182721 0.2753
-6.94248422613432 0.2754
-6.94239421539479 0.2755
-6.94231459570079 0.2756
-6.94223801614264 0.2757
-6.94216306988684 0.2758
-6.94210557971819 0.2759
-6.94204953081098 0.276
-6.94200478161053 0.2761
-6.94197192839598 0.2762
-6.94194425298288 0.2763
-6.94193763680923 0.2764
-6.94192910097345 0.2765
-6.94193955929998 0.2766
-6.94195727171204 0.2767
-6.94199756817044 0.2768
-6.94206731757696 0.2769
-6.9421682327691 0.277
-6.9422734449386 0.2771
-6.94238407291624 0.2772
-6.94249923152926 0.2773
-6.94261634033655 0.2774
-6.94274683753541 0.2775
-6.94287825145579 0.2776
-6.94302604147086 0.2777
-6.94317926030885 0.2778
-6.94331502121538 0.2779
-6.94346036915301 0.278
-6.94359468333037 0.2781
-6.94372531208603 0.2782
-6.94385431013675 0.2783
-6.94397683157487 0.2784
-6.94409013605232 0.2785
-6.94418968608118 0.2786
-6.94427034558176 0.2787
-6.94432731004413 0.2788
-6.9443695285441 0.2789
-6.94438789327198 0.279
-6.94439403135185 0.2791
-6.94439246823199 0.2792
-6.94437093649766 0.2793
-6.94433062982841 0.2794
-6.94427358896736 0.2795
-6.94420655738685 0.2796
-6.94413048921295 0.2797
-6.94404211238648 0.2798
-6.94395225230624 0.2799
-6.94385100818898 0.28
-6.94374901622943 0.2801
-6.94365415280388 0.2802
-6.94357395066553 0.2803
-6.94350121530803 0.2804
-6.94344741014533 0.2805
-6.94340549659439 0.2806
-6.94337463602037 0.2807
-6.94334614090878 0.2808
-6.94331451383018 0.2809
-6.94329042038419 0.281
-6.94327823296625 0.2811
-6.94328094504742 0.2812
-6.94328386614812 0.2813
-6.94327748594707 0.2814
-6.9432891414359 0.2815
-6.94328848853565 0.2816
-6.94327881500254 0.2817
-6.94326433541473 0.2818
-6.94325022602795 0.2819
-6.94323169807123 0.282
-6.94321786357133 0.2821
-6.94320297987592 0.2822
-6.94317855833039 0.2823
-6.94314580876041 0.2824
-6.94310453446206 0.2825
-6.94305663242077 0.2826
-6.94300543185311 0.2827
-6.94294309240912 0.2828
-6.94286566217673 0.2829
-6.94278926996018 0.283
-6.94270349153181 0.2831
-6.94261835123244 0.2832
-6.94254470499745 0.2833
-6.9424836421028 0.2834
-6.94242814929403 0.2835
-6.94236937132367 0.2836
-6.94232067745726 0.2837
-6.94228916676345 0.2838
-6.94225013806149 0.2839
-6.94223005087852 0.284
-6.94222114252932 0.2841
-6.94222828076271 0.2842
-6.94223836169735 0.2843
-6.94225635657667 0.2844
-6.94227757863518 0.2845
-6.94231152085655 0.2846
-6.94236934585337 0.2847
-6.94242254185088 0.2848
-6.9424725067295 0.2849
-6.94253392704849 0.285
-6.94259554366582 0.2851
-6.9426578652199 0.2852
-6.94273983916904 0.2853
-6.94282465974205 0.2854
-6.94289570647026 0.2855
-6.94295666115526 0.2856
-6.94302166540299 0.2857
-6.94307971165573 0.2858
-6.94313593064071 0.2859
-6.94317789259872 0.286
-6.94319541962778 0.2861
-6.94321069664369 0.2862
-6.94319286467265 0.2863
-6.94315408276704 0.2864
-6.94309898234159 0.2865
-6.94305446879004 0.2866
-6.9429989678137 0.2867
-6.94293780426097 0.2868
-6.94287790033671 0.2869
-6.94280735145922 0.287
-6.94274110411814 0.2871
-6.94266944625711 0.2872
-6.94259716950447 0.2873
-6.94253376663873 0.2874
-6.94246587624325 0.2875
-6.94239924273988 0.2876
-6.94234131250785 0.2877
-6.94229897121802 0.2878
-6.94227351758794 0.2879
-6.94224242812633 0.288
-6.94221693967593 0.2881
-6.94220525295987 0.2882
-6.94222657629276 0.2883
-6.94225212676772 0.2884
-6.94229048726765 0.2885
-6.94234233857064 0.2886
-6.94239143797554 0.2887
-6.94244849022687 0.2888
-6.94251404459971 0.2889
-6.94258397595568 0.289
-6.94264648773168 0.2891
-6.94269636659129 0.2892
-6.94273660606095 0.2893
-6.94277623797766 0.2894
-6.94280531356594 0.2895
-6.94282908579211 0.2896
-6.94284657148022 0.2897
-6.94285954740023 0.2898
-6.94286098045349 0.2899
-6.94285854997835 0.29
-6.94284396187242 0.2901
-6.942822475707 0.2902
-6.94282005357985 0.2903
-6.94281966090605 0.2904
-6.94283278277972 0.2905
-6.94284162459896 0.2906
-6.94285474466189 0.2907
-6.9428723722794 0.2908
-6.94289531027064 0.2909
-6.94290603370399 0.291
-6.94292482974342 0.2911
-6.94293352196896 0.2912
-6.9429522932105 0.2913
-6.94297253299029 0.2914
-6.94298870500981 0.2915
-6.94300709686833 0.2916
-6.94303378341269 0.2917
-6.94307892639964 0.2918
-6.9431100470871 0.2919
-6.94313684415374 0.292
-6.94315850300223 0.2921
-6.94316611096784 0.2922
-6.94315558328879 0.2923
-6.94313789989621 0.2924
-6.94311618472138 0.2925
-6.94308994835042 0.2926
-6.94306424022731 0.2927
-6.94302020925785 0.2928
-6.94297662772377 0.2929
-6.94293580751693 0.293
-6.94287720992841 0.2931
-6.94279511101101 0.2932
-6.94270285053053 0.2933
-6.94260606521151 0.2934
-6.94249995857277 0.2935
-6.94239296573931 0.2936
-6.94228936778893 0.2937
-6.94219555145664 0.2938
-6.94209940084672 0.2939
-6.9420058054993 0.294
-6.94192370446028 0.2941
-6.94184854196413 0.2942
-6.94175955869009 0.2943
-6.94167541881313 0.2944
-6.94159298391758 0.2945
-6.94150971365635 0.2946
-6.94144664831465 0.2947
-6.94138185960535 0.2948
-6.94133513417779 0.2949
-6.94129142214892 0.295
-6.94125374054303 0.2951
-6.94122274197316 0.2952
-6.94119494726051 0.2953
-6.94119258517509 0.2954
-6.94119279336629 0.2955
-6.94117946467979 0.2956
-6.9411662384071 0.2957
-6.94117011152485 0.2958
-6.9411631461497 0.2959
-6.94114810720288 0.296
-6.94113202199249 0.2961
-6.94112889404549 0.2962
-6.94112631013193 0.2963
-6.94113242250131 0.2964
-6.94115344361873 0.2965
-6.94118972551171 0.2966
-6.94123694870046 0.2967
-6.94129033323746 0.2968
-6.9413618854978 0.2969
-6.94144659131054 0.297
-6.94152964512271 0.2971
-6.94161919040644 0.2972
-6.94170287704485 0.2973
-6.94177157907049 0.2974
-6.9418458417471 0.2975
-6.94190906534087 0.2976
-6.9419459721347 0.2977
-6.94197281876489 0.2978
-6.94198469547737 0.2979
-6.94197962313612 0.298
-6.94194341683127 0.2981
-6.94189426275679 0.2982
-6.94184719216942 0.2983
-6.94180269136328 0.2984
-6.94174383767992 0.2985
-6.94168804457008 0.2986
-6.94162181972752 0.2987
-6.94155718322546 0.2988
-6.94149468986093 0.2989
-6.94141966271367 0.299
-6.94134664458575 0.2991
-6.94127185402405 0.2992
-6.94120922906284 0.2993
-6.94114274824297 0.2994
-6.9410871926462 0.2995
-6.94103366316711 0.2996
-6.94099252461193 0.2997
-6.94095803862934 0.2998
-6.94093315265237 0.2999
-6.94092645401355 0.3
-6.94091692731459 0.3001
-6.94092274252564 0.3002
-6.94092842523222 0.3003
-6.94092706380023 0.3004
-6.94094055488177 0.3005
-6.94094509114403 0.3006
-6.94095490605686 0.3007
-6.94097669816995 0.3008
-6.94100649488433 0.3009
-6.94104215604774 0.301
-6.94107503690979 0.3011
-6.94111101639051 0.3012
-6.94114402341468 0.3013
-6.94116657581373 0.3014
-6.9411866273519 0.3015
-6.94121726248532 0.3016
-6.94125152030726 0.3017
-6.94129173455873 0.3018
-6.94132212588288 0.3019
-6.94134361817833 0.302
-6.94135491929343 0.3021
-6.94136024470086 0.3022
-6.94136205742536 0.3023
-6.94137539446149 0.3024
-6.94139338890998 0.3025
-6.94140750434 0.3026
-6.94142804369914 0.3027
-6.94144127364718 0.3028
-6.9414367446239 0.3029
-6.94142933768727 0.303
-6.94141716731735 0.3031
-6.94139273304572 0.3032
-6.94134634673706 0.3033
-6.94130367255465 0.3034
-6.941260213415 0.3035
-6.94121695940235 0.3036
-6.94116298415163 0.3037
-6.94112905920765 0.3038
-6.94107348145375 0.3039
-6.94101577725318 0.304
-6.94094899808619 0.3041
-6.94087623973843 0.3042
-6.94079877888692 0.3043
-6.9407195061649 0.3044
-6.94063755979494 0.3045
-6.94054573165468 0.3046
-6.94045172225382 0.3047
-6.94035119669822 0.3048
-6.94024375316889 0.3049
-6.9401291734797 0.305
-6.94002102030912 0.3051
-6.93991369463667 0.3052
-6.93982454473564 0.3053
-6.93973874585154 0.3054
-6.93965473939318 0.3055
-6.93958451941137 0.3056
-6.93950670034414 0.3057
-6.93943365102446 0.3058
-6.93935486394581 0.3059
-6.93929247625194 0.306
-6.93922734760995 0.3061
-6.93916693651908 0.3062
-6.93910967203719 0.3063
-6.93905648185544 0.3064
-6.93902474794453 0.3065
-6.93900192724604 0.3066
-6.93898899968656 0.3067
-6.9389897294565 0.3068
-6.93899981643702 0.3069
-6.93901351217305 0.307
-6.93903416835753 0.3071
-6.939068730557 0.3072
-6.93910814016483 0.3073
-6.93913802189706 0.3074
-6.93916620334604 0.3075
-6.93919998543404 0.3076
-6.93922420822184 0.3077
-6.93922958233294 0.3078
-6.93922603479108 0.3079
-6.93922595936781 0.308
-6.93924096427419 0.3081
-6.93925824007011 0.3082
-6.939291004714 0.3083
-6.93932884287754 0.3084
-6.93937032748361 0.3085
-6.93941405939241 0.3086
-6.93945300723646 0.3087
-6.93949354519953 0.3088
-6.9395125253019 0.3089
-6.93952751925743 0.309
-6.9395213751128 0.3091
-6.93950238303121 0.3092
-6.93947993460812 0.3093
-6.93946998005626 0.3094
-6.93946734356429 0.3095
-6.93946361135911 0.3096
-6.93946718439718 0.3097
-6.93947982187886 0.3098
-6.93947562324988 0.3099
-6.93948839411617 0.31
-6.93950160552791 0.3101
-6.93950678755467 0.3102
-6.9395182068395 0.3103
-6.93951650159154 0.3104
-6.9395270866554 0.3105
-6.93953738098581 0.3106
-6.93954827520633 0.3107
-6.93954221299949 0.3108
-6.93953375261756 0.3109
-6.93952700745173 0.311
-6.93950716100152 0.3111
-6.93948923147186 0.3112
-6.93946727612817 0.3113
-6.93944236115687 0.3114
-6.93942757365054 0.3115
-6.93940089791037 0.3116
-6.93937852255946 0.3117
-6.93936072912301 0.3118
-6.93933872084318 0.3119
-6.93932573498093 0.312
-6.93931612840423 0.3121
-6.93931485946574 0.3122
-6.93933843820613 0.3123
-6.93938473651996 0.3124
-6.93943969675186 0.3125
-6.93948908153883 0.3126
-6.93954194104389 0.3127
-6.93960443009352 0.3128
-6.93966549461175 0.3129
-6.93973899656702 0.313
-6.93981865859378 0.3131
-6.93991003769434 0.3132
-6.94001758050255 0.3133
-6.94012885686843 0.3134
-6.94025561668512 0.3135
-6.94038096566691 0.3136
-6.94050514488627 0.3137
-6.94062186094723 0.3138
-6.94070639308878 0.3139
-6.94077827037599 0.314
-6.94081718249369 0.3141
-6.94085045037444 0.3142
-6.94087011078052 0.3143
-6.94088623166026 0.3144
-6.94088168886627 0.3145
-6.94087060717294 0.3146
-6.9408411030457 0.3147
-6.94080231259455 0.3148
-6.9407682766794 0.3149
-6.94073132787967 0.315
-6.94068705609544 0.3151
-6.94062062474101 0.3152
-6.94055099956901 0.3153
-6.94047792570031 0.3154
-6.9403992583326 0.3155
-6.94034179556552 0.3156
-6.94026986943241 0.3157
-6.94019121919527 0.3158
-6.94011724865324 0.3159
-6.94004038897445 0.316
-6.93995400226468 0.3161
-6.93986959248976 0.3162
-6.93979103745734 0.3163
-6.93971656604258 0.3164
-6.93964904123279 0.3165
-6.93958870169528 0.3166
-6.93953323394006 0.3167
-6.93949687138964 0.3168
-6.93946835595221 0.3169
-6.93944732366032 0.317
-6.93942143150595 0.3171
-6.93939566150997 0.3172
-6.93936960024467 0.3173
-6.93934347955632 0.3174
-6.93932405110295 0.3175
-6.93930782343677 0.3176
-6.93929337974036 0.3177
-6.93927471832095 0.3178
-6.93924268388315 0.3179
-6.93920874083495 0.318
-6.93918701746797 0.3181
-6.93917052478366 0.3182
-6.93916456208278 0.3183
-6.93915462162289 0.3184
-6.93916109263182 0.3185
-6.939181160122 0.3186
-6.93919636262098 0.3187
-6.93920150844129 0.3188
-6.93920306539636 0.3189
-6.93920113386978 0.319
-6.93921397971949 0.3191
-6.93921094918965 0.3192
-6.93921317244324 0.3193
-6.93920407780889 0.3194
-6.9392039925203 0.3195
-6.93919762291038 0.3196
-6.939202302202 0.3197
-6.93920067603919 0.3198
-6.93920900789808 0.3199
-6.93922307266336 0.32
-6.93923564348091 0.3201
-6.93924734603368 0.3202
-6.93924833754676 0.3203
-6.93924460722516 0.3204
-6.93922988856912 0.3205
-6.93922191336754 0.3206
-6.93921772610585 0.3207
-6.93922290163207 0.3208
-6.93923256505938 0.3209
-6.93924132573791 0.321
-6.93926231113853 0.3211
-6.9392940829256 0.3212
-6.93934454241969 0.3213
-6.93939052001373 0.3214
-6.93943967288515 0.3215
-6.93951234149163 0.3216
-6.93959819929276 0.3217
-6.93969623857679 0.3218
-6.9398006867443 0.3219
-6.93992153339496 0.322
-6.9400636336881 0.3221
-6.94020333270205 0.3222
-6.94034025330169 0.3223
-6.9404746236153 0.3224
-6.94060759546861 0.3225
-6.94073787578409 0.3226
-6.94086350964967 0.3227
-6.9409678135025 0.3228
-6.94106520577831 0.3229
-6.94114936312516 0.323
-6.94122450515963 0.3231
-6.94127680350056 0.3232
-6.94130650614025 0.3233
-6.94131112192103 0.3234
-6.94130343103445 0.3235
-6.94127348672648 0.3236
-6.94122937849673 0.3237
-6.94117330307218 0.3238
-6.94110603523385 0.3239
-6.94102752021487 0.324
-6.94092418058217 0.3241
-6.94080252942373 0.3242
-6.94066629387661 0.3243
-6.94051795203201 0.3244
-6.94035423503522 0.3245
-6.94018137206373 0.3246
-6.94000624879169 0.3247
-6.9398475987766 0.3248
-6.93968812740085 0.3249
-6.93955164866855 0.325
-6.93943340154885 0.3251
-6.9393263031852 0.3252
-6.93923588192556 0.3253
-6.93916211682965 0.3254
-6.93910301192905 0.3255
-6.93905605779748 0.3256
-6.93902795576984 0.3257
-6.93901199947663 0.3258
-6.93900688327027 0.3259
-6.93902184818221 0.326
-6.93905124434176 0.3261
-6.93908729210686 0.3262
-6.9391296920317 0.3263
-6.93918580908561 0.3264
-6.93923937025062 0.3265
-6.93929069515604 0.3266
-6.93932819092474 0.3267
-6.93936718050132 0.3268
-6.93939132555764 0.3269
-6.93941585606089 0.327
-6.93942018640194 0.3271
-6.93940730092518 0.3272
-6.93938627015675 0.3273
-6.9393296868343 0.3274
-6.93927180886482 0.3275
-6.93920587104271 0.3276
-6.93913664236837 0.3277
-6.93904926834543 0.3278
-6.93896174979434 0.3279
-6.93885539001634 0.328
-6.93876192176793 0.3281
-6.93866437276094 0.3282
-6.93856777005718 0.3283
-6.9384699186201 0.3284
-6.93836297578284 0.3285
-6.93824201465021 0.3286
-6.93812212056053 0.3287
-6.93801193289834 0.3288
-6.93792262755315 0.3289
-6.93784227753697 0.329
-6.93777958174133 0.3291
-6.93772363912614 0.3292
-6.93767993913493 0.3293
-6.93766293796587 0.3294
-6.9376573486048 0.3295
-6.93765706565677 0.3296
-6.93766237374146 0.3297
-6.93768879673341 0.3298
-6.93774543052433 0.3299
-6.93781926462058 0.33
-6.93789636435634 0.3301
-6.93797625680156 0.3302
-6.93805262420546 0.3303
-6.93813907939399 0.3304
-6.9382183514516 0.3305
-6.93828454709123 0.3306
-6.93833316662025 0.3307
-6.93837067392823 0.3308
-6.93840016836038 0.3309
-6.93840841439842 0.331
-6.93840011887041 0.3311
-6.93838045482701 0.3312
-6.93834998053115 0.3313
-6.93830266250559 0.3314
-6.93824754534774 0.3315
-6.9381891906966 0.3316
-6.93812461879975 0.3317
-6.93804705692876 0.3318
-6.93796858595399 0.3319
-6.9378844449299 0.332
-6.93779521484759 0.3321
-6.93772163856984 0.3322
-6.93766524884892 0.3323
-6.93759121663424 0.3324
-6.93751706936658 0.3325
-6.93742716795774 0.3326
-6.93734438454413 0.3327
-6.93726955013194 0.3328
-6.93720400263184 0.3329
-6.93716240113146 0.333
-6.93710983643333 0.3331
-6.93705959029947 0.3332
-6.9370146691498 0.3333
-6.93698023046551 0.3334
-6.93693425199422 0.3335
-6.93688236573394 0.3336
-6.93683670026099 0.3337
-6.93679216249012 0.3338
-6.93676066218254 0.3339
-6.93672386277501 0.334
-6.9366870963076 0.3341
-6.93664326847908 0.3342
-6.93659556103365 0.3343
-6.93653637677399 0.3344
-6.93645848944893 0.3345
-6.93637730544325 0.3346
-6.93627945456706 0.3347
-6.93616288601304 0.3348
-6.93604261170305 0.3349
-6.93593556724696 0.335
-6.93582842961319 0.3351
-6.93572449698483 0.3352
-6.93562327055468 0.3353
-6.93552720319787 0.3354
-6.93545052955468 0.3355
-6.93538614739376 0.3356
-6.93533684696682 0.3357
-6.93530524046468 0.3358
-6.93528190226125 0.3359
-6.93527932497455 0.336
-6.93528685428077 0.3361
-6.93531129406906 0.3362
-6.93533390589915 0.3363
-6.93537605664497 0.3364
-6.93543364258051 0.3365
-6.93548902369253 0.3366
-6.93554363649113 0.3367
-6.93560174139312 0.3368
-6.93566106127063 0.3369
-6.93572266453975 0.337
-6.93578875467755 0.3371
-6.93585210270412 0.3372
-6.93589542993256 0.3373
-6.93591869097527 0.3374
-6.9359414058688 0.3375
-6.93596758049857 0.3376
-6.93598941678101 0.3377
-6.9360014559602 0.3378
-6.93599640897435 0.3379
-6.93599001597697 0.338
-6.93596971519856 0.3381
-6.935925338743 0.3382
-6.93586134483408 0.3383
-6.93578072920713 0.3384
-6.93568755220488 0.3385
-6.9356108537776 0.3386
-6.93552418033086 0.3387
-6.93544054696577 0.3388
-6.93536374416022 0.3389
-6.93530825453237 0.339
-6.93525788057993 0.3391
-6.93519883112592 0.3392
-6.93515743459273 0.3393
-6.93512501507557 0.3394
-6.93508478182926 0.3395
-6.93505838473083 0.3396
-6.93504715590117 0.3397
-6.93505924521491 0.3398
-6.93509461010829 0.3399
-6.93513024348857 0.34
-6.93516711345746 0.3401
-6.93520750137936 0.3402
-6.93525655767046 0.3403
-6.93532506737181 0.3404
-6.93539896732314 0.3405
-6.93546055806294 0.3406
-6.93551672811321 0.3407
-6.93557533872324 0.3408
-6.93562901497362 0.3409
-6.93565706559665 0.341
-6.93567401866775 0.3411
-6.93567839511856 0.3412
-6.93567749918944 0.3413
-6.9356734294196 0.3414
-6.93564496802766 0.3415
-6.93561434170884 0.3416
-6.93557168989403 0.3417
-6.9355355843877 0.3418
-6.9354995280134 0.3419
-6.93546955310671 0.342
-6.9354471619688 0.3421
-6.9354146338303 0.3422
-6.93537264770192 0.3423
-6.935326742103 0.3424
-6.93529835300338 0.3425
-6.93527839018349 0.3426
-6.93526660197401 0.3427
-6.93526974595944 0.3428
-6.93528121211387 0.3429
-6.93530623080978 0.343
-6.93534254094664 0.3431
-6.93539033693419 0.3432
-6.93542645037035 0.3433
-6.93545044479058 0.3434
-6.93546103057789 0.3435
-6.93546890954692 0.3436
-6.93549019456316 0.3437
-6.93550629141673 0.3438
-6.93552649134158 0.3439
-6.93555368938134 0.344
-6.93558312376139 0.3441
-6.93562014061031 0.3442
-6.93567137235196 0.3443
-6.93571889099533 0.3444
-6.93578043358947 0.3445
-6.93584802593758 0.3446
-6.93591685698557 0.3447
-6.93597765957643 0.3448
-6.93603021982281 0.3449
-6.93608146463985 0.345
-6.9361292093661 0.3451
-6.93616403806411 0.3452
-6.93618887387115 0.3453
-6.93621870835956 0.3454
-6.93622784581159 0.3455
-6.93623477251138 0.3456
-6.93623507643403 0.3457
-6.93623246418197 0.3458
-6.93620431413088 0.3459
-6.93618117220404 0.346
-6.93616325595323 0.3461
-6.9361408473498 0.3462
-6.93612261952721 0.3463
-6.93609941314584 0.3464
-6.93607093480312 0.3465
-6.93604321458618 0.3466
-6.93602942161917 0.3467
-6.93601417000252 0.3468
-6.93599466015402 0.3469
-6.93597263794853 0.347
-6.93595711755227 0.3471
-6.93594123082548 0.3472
-6.93592615191487 0.3473
-6.93592205906407 0.3474
-6.93594045566703 0.3475
-6.93595314727449 0.3476
-6.93597717167554 0.3477
-6.93600271984994 0.3478
-6.93602521017571 0.3479
-6.93604657466585 0.348
-6.93607497144983 0.3481
-6.93610633478946 0.3482
-6.93613050408329 0.3483
-6.93615505383969 0.3484
-6.93619397752696 0.3485
-6.93623244564725 0.3486
-6.93628756992224 0.3487
-6.93635426203354 0.3488
-6.9364231052756 0.3489
-6.93647551296223 0.349
-6.93652656106972 0.3491
-6.93657673697135 0.3492
-6.9366325342644 0.3493
-6.93668109161667 0.3494
-6.93673551324174 0.3495
-6.93677934362865 0.3496
-6.93681303679399 0.3497
-6.93683688906758 0.3498
-6.93683575932775 0.3499
-6.93681008264798 0.35
-6.93676320278228 0.3501
-6.93670212029137 0.3502
-6.93663007486027 0.3503
-6.93654120478776 0.3504
-6.93643412332917 0.3505
-6.93632518780762 0.3506
-6.93619655320879 0.3507
-6.93606254334918 0.3508
-6.93592073276756 0.3509
-6.93578554420049 0.351
-6.93565245896859 0.3511
-6.93551968670965 0.3512
-6.93540244003264 0.3513
-6.93528458614137 0.3514
-6.93518316354159 0.3515
-6.93510190249578 0.3516
-6.93504345589518 0.3517
-6.93499946683089 0.3518
-6.93497960210028 0.3519
-6.93497535307627 0.352
-6.93499192086126 0.3521
-6.93500881645496 0.3522
-6.9350411164033 0.3523
-6.93510281275681 0.3524
-6.93518410691214 0.3525
-6.93526545327155 0.3526
-6.93537149456149 0.3527
-6.93548970922965 0.3528
-6.93562175299947 0.3529
-6.93575341727793 0.353
-6.93587351030229 0.3531
-6.93600493650178 0.3532
-6.93611808299979 0.3533
-6.93621195590135 0.3534
-6.9362938656488 0.3535
-6.9363623403783 0.3536
-6.93641663305049 0.3537
-6.93645823590065 0.3538
-6.93648824114409 0.3539
-6.93648764823293 0.354
-6.93647744404782 0.3541
-6.93646117005895 0.3542
-6.93643720598447 0.3543
-6.93639374256076 0.3544
-6.9363517022119 0.3545
-6.9362920849302 0.3546
-6.93623360924669 0.3547
-6.93618736376652 0.3548
-6.9361332782411 0.3549
-6.93608248887467 0.355
-6.93602620159581 0.3551
-6.93597559637811 0.3552
-6.93592484687159 0.3553
-6.93588298819558 0.3554
-6.9358355787204 0.3555
-6.93580865888071 0.3556
-6.93578272863627 0.3557
-6.93578951285808 0.3558
-6.93581163935069 0.3559
-6.93583490219195 0.356
-6.93587233990445 0.3561
-6.93592032234212 0.3562
-6.93597151221837 0.3563
-6.93601254933997 0.3564
-6.93606618131761 0.3565
-6.93611659878484 0.3566
-6.93615570267779 0.3567
-6.9361869154415 0.3568
-6.93622160539886 0.3569
-6.93626723065717 0.357
-6.93630933537406 0.3571
-6.93636207366369 0.3572
-6.9364280832542 0.3573
-6.93648063427169 0.3574
-6.93651832180564 0.3575
-6.93653517402156 0.3576
-6.9365409981489 0.3577
-6.93654624804821 0.3578
-6.93653798315861 0.3579
-6.93652100559881 0.358
-6.93650132416923 0.3581
-6.93646937129794 0.3582
-6.93642241361218 0.3583
-6.9363695462149 0.3584
-6.93629851360129 0.3585
-6.93620435257186 0.3586
-6.9361067504025 0.3587
-6.93601677295047 0.3588
-6.93592648616805 0.3589
-6.93584613809233 0.359
-6.93575991646305 0.3591
-6.93566856568876 0.3592
-6.93556901865556 0.3593
-6.93548045701244 0.3594
-6.93539121111217 0.3595
-6.93529649374651 0.3596
-6.93519742684902 0.3597
-6.93508809306807 0.3598
-6.93499331611531 0.3599
-6.93490858411077 0.36
-6.93483056032053 0.3601
-6.93476830225905 0.3602
-6.93471561332552 0.3603
-6.93468239130752 0.3604
-6.93465769694566 0.3605
-6.93464263976097 0.3606
-6.93465475031964 0.3607
-6.93467092967687 0.3608
-6.93469948372309 0.3609
-6.93472192351177 0.361
-6.93474961402061 0.3611
-6.93477820833161 0.3612
-6.93480216408571 0.3613
-6.93484007621438 0.3614
-6.93486713516694 0.3615
-6.93489904638418 0.3616
-6.93491230209176 0.3617
-6.9349207297881 0.3618
-6.93491356220456 0.3619
-6.93490761879745 0.362
-6.93488877037682 0.3621
-6.93484249472584 0.3622
-6.93479478880523 0.3623
-6.93475189614208 0.3624
-6.93471029301645 0.3625
-6.9346825902614 0.3626
-6.93466693587133 0.3627
-6.93466340509869 0.3628
-6.93465814869845 0.3629
-6.93465544360588 0.363
-6.93465083218925 0.3631
-6.93466083152824 0.3632
-6.93467488671062 0.3633
-6.93469755428203 0.3634
-6.93471701105552 0.3635
-6.9347417518532 0.3636
-6.93475492296851 0.3637
-6.93475390518077 0.3638
-6.93475794036342 0.3639
-6.93476758210918 0.364
-6.9347785720041 0.3641
-6.93478775508263 0.3642
-6.93480997724138 0.3643
-6.9348372831296 0.3644
-6.9348678581229 0.3645
-6.93489698808351 0.3646
-6.93492074094862 0.3647
-6.93495270032776 0.3648
-6.93498119447092 0.3649
-6.93502623552914 0.365
-6.93507715286134 0.3651
-6.93511848066481 0.3652
-6.93515005748202 0.3653
-6.93518817812721 0.3654
-6.93524324301635 0.3655
-6.93530752207556 0.3656
-6.93536130545485 0.3657
-6.93541639173546 0.3658
-6.93546793069787 0.3659
-6.93551545062697 0.366
-6.9355588122376 0.3661
-6.9355823883111 0.3662
-6.93559641268929 0.3663
-6.93560975837854 0.3664
-6.93563162310964 0.3665
-6.93565722031988 0.3666
-6.93569111997094 0.3667
-6.93572993169817 0.3668
-6.9357693848441 0.3669
-6.93580735719081 0.367
-6.93583733476573 0.3671
-6.93585689811649 0.3672
-6.93588214858926 0.3673
-6.93591390343554 0.3674
-6.93593585812038 0.3675
-6.93594055071344 0.3676
-6.93592831039255 0.3677
-6.93591009339831 0.3678
-6.93589858730924 0.3679
-6.93588884760852 0.368
-6.93586432011901 0.3681
-6.93580785930836 0.3682
-6.93574214112081 0.3683
-6.93565320806336 0.3684
-6.93556058972219 0.3685
-6.93546597196539 0.3686
-6.93535617224989 0.3687
-6.93525074282023 0.3688
-6.93512555214973 0.3689
-6.93498201748873 0.369
-6.93483544948815 0.3691
-6.93469737329706 0.3692
-6.93454398949221 0.3693
-6.9343890577284 0.3694
-6.9342257879734 0.3695
-6.9340498637835 0.3696
-6.93388671036314 0.3697
-6.93372805778583 0.3698
-6.93356744189369 0.3699
-6.93341158482481 0.37
-6.93327209684006 0.3701
-6.93314671009333 0.3702
-6.93303585614436 0.3703
-6.93293325415182 0.3704
-6.93284549664212 0.3705
-6.93277166020939 0.3706
-6.93271200897206 0.3707
-6.93266864330028 0.3708
-6.93262759632837 0.3709
-6.93260521764273 0.371
-6.93258276008187 0.3711
-6.93256277150048 0.3712
-6.93254715026449 0.3713
-6.93253404207965 0.3714
-6.93253586122751 0.3715
-6.93255247994153 0.3716
-6.93259199509554 0.3717
-6.93265463337487 0.3718
-6.93273671462489 0.3719
-6.93282035471489 0.372
-6.93291513998648 0.3721
-6.93300541738343 0.3722
-6.93309055639951 0.3723
-6.93317650989966 0.3724
-6.93326954643799 0.3725
-6.93334462906751 0.3726
-6.93341378525874 0.3727
-6.93347510032407 0.3728
-6.93353400058503 0.3729
-6.93358887812064 0.373
-6.93362732216456 0.3731
-6.93366870512513 0.3732
-6.93371533184326 0.3733
-6.93375148945824 0.3734
-6.93376581972163 0.3735
-6.93377558564645 0.3736
-6.93378655619928 0.3737
-6.9337964542369 0.3738
-6.93380570213566 0.3739
-6.93381420167178 0.374
-6.93382942425204 0.3741
-6.93384760392753 0.3742
-6.93385372612998 0.3743
-6.93386864273223 0.3744
-6.93388607074582 0.3745
-6.93390208770466 0.3746
-6.93392940723644 0.3747
-6.93395703709914 0.3748
-6.93399797456499 0.3749
-6.93403046625844 0.375
-6.93406401615032 0.3751
-6.93409626022889 0.3752
-6.93410796866546 0.3753
-6.93411061012616 0.3754
-6.93410254247527 0.3755
-6.93408181664996 0.3756
-6.9340611350411 0.3757
-6.9340422513424 0.3758
-6.93402538366862 0.3759
-6.93400330850716 0.376
-6.93397568370857 0.3761
-6.93395214671502 0.3762
-6.93391717095509 0.3763
-6.93388919030662 0.3764
-6.93385616628805 0.3765
-6.93382564449772 0.3766
-6.93380623297152 0.3767
-6.93380996337882 0.3768
-6.93381916257088 0.3769
-6.93384959451529 0.377
-6.93389253360767 0.3771
-6.93394740229767 0.3772
-6.93401820663654 0.3773
-6.93409550070396 0.3774
-6.93417225522486 0.3775
-6.93425812602717 0.3776
-6.934336355144 0.3777
-6.93441668926757 0.3778
-6.93449351582897 0.3779
-6.93457508932112 0.378
-6.93465379565178 0.3781
-6.93473657679472 0.3782
-6.93482369692291 0.3783
-6.93490834147474 0.3784
-6.934999175867 0.3785
-6.93510324955938 0.3786
-6.93519041550708 0.3787
-6.93526987907223 0.3788
-6.93531979137798 0.3789
-6.93534243046666 0.379
-6.93535315213864 0.3791
-6.93536246197309 0.3792
-6.93536640836308 0.3793
-6.93535222218022 0.3794
-6.93532145370577 0.3795
-6.93526264509527 0.3796
-6.93519261149579 0.3797
-6.93510731703475 0.3798
-6.93500786830367 0.3799
-6.93490160525004 0.38
-6.93478626415638 0.3801
-6.93467832969362 0.3802
-6.93457504405242 0.3803
-6.93447158532971 0.3804
-6.93436193216424 0.3805
-6.93425349993731 0.3806
-6.93416159067181 0.3807
-6.934079807267 0.3808
-6.93402204289703 0.3809
-6.9339765147315 0.381
-6.93395006220508 0.3811
-6.93392652966787 0.3812
-6.93390483142109 0.3813
-6.93388271113241 0.3814
-6.93387566028452 0.3815
-6.93388798957403 0.3816
-6.93392235209415 0.3817
-6.93396089972718 0.3818
-6.93401397242335 0.3819
-6.93408512878102 0.382
-6.93415285433574 0.3821
-6.93422717179675 0.3822
-6.93429695968879 0.3823
-6.93436309436513 0.3824
-6.9344155250775 0.3825
-6.93445157794179 0.3826
-6.93447088781315 0.3827
-6.9344933541504 0.3828
-6.93451036304382 0.3829
-6.93451320175104 0.383
-6.93450501813036 0.3831
-6.93449118868135 0.3832
-6.93446486382733 0.3833
-6.93441315476116 0.3834
-6.93435252535874 0.3835
-6.93428523541996 0.3836
-6.93421195876028 0.3837
-6.93413457116769 0.3838
-6.93406627254654 0.3839
-6.93401114077991 0.384
-6.93395901122185 0.3841
-6.93390902495745 0.3842
-6.9338569572491 0.3843
-6.93380037199865 0.3844
-6.93373898120071 0.3845
-6.93366732189894 0.3846
-6.93360678074429 0.3847
-6.93354393750555 0.3848
-6.93348750603556 0.3849
-6.93343572111612 0.385
-6.93338291383206 0.3851
-6.93335283118149 0.3852
-6.93332054605681 0.3853
-6.93329264904695 0.3854
-6.93327797296825 0.3855
-6.93327826350108 0.3856
-6.9332824085968 0.3857
-6.93328783312703 0.3858
-6.93329741027058 0.3859
-6.93330993872544 0.386
-6.93333280795165 0.3861
-6.93335763404471 0.3862
-6.93339068740636 0.3863
-6.93342906424897 0.3864
-6.93347056514513 0.3865
-6.9335035725636 0.3866
-6.93354751962155 0.3867
-6.9335980806825 0.3868
-6.93366171458744 0.3869
-6.93372109408649 0.387
-6.93378370208965 0.3871
-6.93383430337458 0.3872
-6.93387899797118 0.3873
-6.93392496070109 0.3874
-6.93396389904738 0.3875
-6.93399873983859 0.3876
-6.93401872898011 0.3877
-6.93403434794176 0.3878
-6.93404101185625 0.3879
-6.93404786848936 0.388
-6.93405228589507 0.3881
-6.9340544529559 0.3882
-6.93405994635576 0.3883
-6.93405214913753 0.3884
-6.9340347823174 0.3885
-6.93401121578028 0.3886
-6.93396041441405 0.3887
-6.93390817167226 0.3888
-6.93384640161199 0.3889
-6.9337738287644 0.389
-6.93369075206793 0.3891
-6.93359292672198 0.3892
-6.93347660242565 0.3893
-6.93336033031079 0.3894
-6.9332460475323 0.3895
-6.93312749647572 0.3896
-6.93299159966018 0.3897
-6.93285875695594 0.3898
-6.93270931495529 0.3899
-6.93256482212348 0.39
-6.93242545871826 0.3901
-6.93227933918659 0.3902
-6.93213985938005 0.3903
-6.93201114122125 0.3904
-6.93188067870912 0.3905
-6.9317444326853 0.3906
-6.93162501621691 0.3907
-6.93151990292137 0.3908
-6.93143146739094 0.3909
-6.9313575229157 0.391
-6.93129115183602 0.3911
-6.93123147068894 0.3912
-6.9311782326284 0.3913
-6.93114323940651 0.3914
-6.93112178025269 0.3915
-6.93112638201975 0.3916
-6.93115445210787 0.3917
-6.93120313471542 0.3918
-6.93126569274884 0.3919
-6.93133447706104 0.392
-6.93140998056877 0.3921
-6.93149567940653 0.3922
-6.93159850955714 0.3923
-6.93167962551352 0.3924
-6.9317503697796 0.3925
-6.93183979945307 0.3926
-6.93194014877361 0.3927
-6.93204558149029 0.3928
-6.93214876635371 0.3929
-6.93224691225094 0.393
-6.93234925764638 0.3931
-6.93243775492163 0.3932
-6.93250845208171 0.3933
-6.93257627875588 0.3934
-6.93263102976314 0.3935
-6.93267523004683 0.3936
-6.93270840547145 0.3937
-6.93273823531731 0.3938
-6.93274951810213 0.3939
-6.93275635658028 0.394
-6.932739434732 0.3941
-6.93272281087216 0.3942
-6.93270153141416 0.3943
-6.93266058630759 0.3944
-6.93260072281766 0.3945
-6.93254911830619 0.3946
-6.93247702657285 0.3947
-6.93239450544581 0.3948
-6.93230059466349 0.3949
-6.93219398326162 0.395
-6.93208688124293 0.3951
-6.93197987123938 0.3952
-6.93187675305997 0.3953
-6.93175892517962 0.3954
-6.93164748038095 0.3955
-6.93154094993637 0.3956
-6.93142681080967 0.3957
-6.93131396029124 0.3958
-6.93118782103887 0.3959
-6.93106473050833 0.396
-6.93093384827997 0.3961
-6.93079465105995 0.3962
-6.93066085401276 0.3963
-6.93054486890169 0.3964
-6.93044477121391 0.3965
-6.930340859087 0.3966
-6.93023729385422 0.3967
-6.9301485423334 0.3968
-6.93009314284489 0.3969
-6.93005390657534 0.397
-6.93003408172616 0.3971
-6.93003073877711 0.3972
-6.93003205859461 0.3973
-6.93004081973402 0.3974
-6.93005609710612 0.3975
-6.93009275587357 0.3976
-6.9301260905655 0.3977
-6.93017084330058 0.3978
-6.93021704200009 0.3979
-6.93027981840501 0.398
-6.93034047947433 0.3981
-6.93040435712554 0.3982
-6.93046304272129 0.3983
-6.93051322724724 0.3984
-6.93054866861219 0.3985
-6.93056923836833 0.3986
-6.93059207895739 0.3987
-6.9306084946596 0.3988
-6.9306329338679 0.3989
-6.93065367216916 0.399
-6.93066734592869 0.3991
-6.93066187306216 0.3992
-6.93065114312269 0.3993
-6.93064091445153 0.3994
-6.93061668345282 0.3995
-6.93058711459335 0.3996
-6.93055609719117 0.3997
-6.93052536427641 0.3998
-6.93050214021084 0.3999
-6.93046672694588 0.4
-6.93044203827117 0.4001
-6.93041350418004 0.4002
-6.93038531294787 0.4003
-6.93035184693865 0.4004
-6.93031934256988 0.4005
-6.93027847492283 0.4006
-6.93023406010976 0.4007
-6.93019562498835 0.4008
-6.93015979496394 0.4009
-6.9301254415372 0.401
-6.93009418351099 0.4011
-6.9300572997185 0.4012
-6.93004600298297 0.4013
-6.93005486818309 0.4014
-6.93004964813363 0.4015
-6.93005323322483 0.4016
-6.9300468922503 0.4017
-6.93004598022159 0.4018
-6.93005024630724 0.4019
-6.93006840966397 0.402
-6.93009492160729 0.4021
-6.93012699305066 0.4022
-6.93014880710733 0.4023
-6.93016994333561 0.4024
-6.93019512043866 0.4025
-6.93022336296405 0.4026
-6.93026044205213 0.4027
-6.93029912791459 0.4028
-6.9303408285985 0.4029
-6.93038303702828 0.403
-6.93041785704429 0.4031
-6.93045466084133 0.4032
-6.9305015966223 0.4033
-6.93055963915396 0.4034
-6.9306166068617 0.4035
-6.93066620568483 0.4036
-6.93071327511744 0.4037
-6.93075893747017 0.4038
-6.93078676331612 0.4039
-6.93082400153812 0.404
-6.93085388883738 0.4041
-6.93086872898504 0.4042
-6.93087932435028 0.4043
-6.93087414641843 0.4044
-6.93085171244088 0.4045
-6.93081516446095 0.4046
-6.93077277922765 0.4047
-6.93071779224212 0.4048
-6.93068013271338 0.4049
-6.93063272531791 0.405
-6.93057980465253 0.4051
-6.93051898730037 0.4052
-6.93044344830595 0.4053
-6.93036787119396 0.4054
-6.93031195819405 0.4055
-6.930286621238 0.4056
-6.93026807322579 0.4057
-6.93025003726579 0.4058
-6.93024239496151 0.4059
-6.93023819891509 0.406
-6.93024560314293 0.4061
-6.9302603126325 0.4062
-6.93029884929555 0.4063
-6.93034259356053 0.4064
-6.93040088554854 0.4065
-6.9304604013975 0.4066
-6.93050349814975 0.4067
-6.93052728466161 0.4068
-6.93055771020735 0.4069
-6.93057752731486 0.407
-6.93058037350038 0.4071
-6.93056236645784 0.4072
-6.93052842027099 0.4073
-6.93048218572114 0.4074
-6.93042457413774 0.4075
-6.93033770457278 0.4076
-6.93024616851105 0.4077
-6.93014371445933 0.4078
-6.93003647258617 0.4079
-6.92993245462091 0.408
-6.92982367404528 0.4081
-6.92971440349158 0.4082
-6.92961325849779 0.4083
-6.92949830418341 0.4084
-6.92939910049108 0.4085
-6.92930438764905 0.4086
-6.92922059016592 0.4087
-6.92914063264445 0.4088
-6.92907299916092 0.4089
-6.92902282371231 0.409
-6.92897542522267 0.4091
-6.92893411601104 0.4092
-6.92890686789822 0.4093
-6.92890526904972 0.4094
-6.92890208529527 0.4095
-6.9288996027266 0.4096
-6.92889607704167 0.4097
-6.92891924946875 0.4098
-6.92894979651232 0.4099
-6.92897461934617 0.41
-6.92900479880871 0.4101
-6.92905275757529 0.4102
-6.92907876502883 0.4103
-6.92909481359495 0.4104
-6.92909987672986 0.4105
-6.92909208811968 0.4106
-6.92907406270996 0.4107
-6.92904295381352 0.4108
-6.9290168827428 0.4109
-6.92897262757778 0.411
-6.92891246403425 0.4111
-6.92884401628999 0.4112
-6.92876107850504 0.4113
-6.92865214842132 0.4114
-6.9285229996785 0.4115
-6.92837650280552 0.4116
-6.92822173082889 0.4117
-6.92806267564132 0.4118
-6.9279051589229 0.4119
-6.9277339240552 0.412
-6.92756272018633 0.4121
-6.92740312945995 0.4122
-6.92725176978396 0.4123
-6.92712304649389 0.4124
-6.92700558836623 0.4125
-6.92689908522663 0.4126
-6.92680637680705 0.4127
-6.92672524691837 0.4128
-6.9266674073694 0.4129
-6.92663398414074 0.413
-6.92662207843422 0.4131
-6.92661983068133 0.4132
-6.92663203952774 0.4133
-6.92665312837546 0.4134
-6.92668171052827 0.4135
-6.92671456426306 0.4136
-6.92674428675693 0.4137
-6.92678076246512 0.4138
-6.92682125705826 0.4139
-6.92687734288408 0.414
-6.92694792951845 0.4141
-6.9270231432059 0.4142
-6.92711435314976 0.4143
-6.92720511381458 0.4144
-6.92729856839117 0.4145
-6.9273768036732 0.4146
-6.92746013140838 0.4147
-6.92754583077995 0.4148
-6.92763269853668 0.4149
-6.92771246806436 0.415
-6.92778806834795 0.4151
-6.92785330109553 0.4152
-6.92791711466699 0.4153
-6.92797422445317 0.4154
-6.92801102737543 0.4155
-6.92804346476986 0.4156
-6.92806215427207 0.4157
-6.92808022676925 0.4158
-6.92810139406859 0.4159
-6.92811988233912 0.416
-6.92813429863108 0.4161
-6.92815169698339 0.4162
-6.92816262818753 0.4163
-6.92817680123092 0.4164
-6.92818193748522 0.4165
-6.92820507021898 0.4166
-6.92822250784878 0.4167
-6.92825734165629 0.4168
-6.92828509459137 0.4169
-6.92832125504662 0.417
-6.92835205482218 0.4171
-6.92838837137428 0.4172
-6.92842232093841 0.4173
-6.92844113184009 0.4174
-6.92844578167049 0.4175
-6.9284468307923 0.4176
-6.92845109051104 0.4177
-6.92844613725791 0.4178
-6.92843693607443 0.4179
-6.92841364475274 0.418
-6.92837008549224 0.4181
-6.92830777611238 0.4182
-6.92822223706711 0.4183
-6.92813199134911 0.4184
-6.9280360766621 0.4185
-6.92793549667191 0.4186
-6.92783407432866 0.4187
-6.92773021185121 0.4188
-6.92762046070353 0.4189
-6.9275258273041 0.419
-6.92743329161102 0.4191
-6.92736187132056 0.4192
-6.92729267573139 0.4193
-6.92722110386585 0.4194
-6.9271597985805 0.4195
-6.92712405875739 0.4196
-6.92706942831176 0.4197
-6.92702526222677 0.4198
-6.9270061534884 0.4199
-6.92699086965929 0.42
-6.92697710728917 0.4201
-6.92697207455649 0.4202
-6.92696024073268 0.4203
-6.92694166508019 0.4204
-6.92691366477647 0.4205
-6.92688115372843 0.4206
-6.92683023333116 0.4207
-6.92677046517738 0.4208
-6.92671805584353 0.4209
-6.9266770857482 0.421
-6.92665099798255 0.4211
-6.92663070750562 0.4212
-6.92659956847494 0.4213
-6.92658683194172 0.4214
-6.92659886599235 0.4215
-6.92660831802738 0.4216
-6.92662102635447 0.4217
-6.92663964962537 0.4218
-6.92667785082138 0.4219
-6.92671379906112 0.422
-6.92673707675275 0.4221
-6.92676221190395 0.4222
-6.92678816840641 0.4223
-6.92681312723522 0.4224
-6.92683204932637 0.4225
-6.92684015477716 0.4226
-6.92685520064411 0.4227
-6.92687469254324 0.4228
-6.92689140226769 0.4229
-6.92692247026477 0.423
-6.92695906452672 0.4231
-6.92699359185067 0.4232
-6.92704283011928 0.4233
-6.92711647057992 0.4234
-6.92720636243683 0.4235
-6.92731451271396 0.4236
-6.92744214972033 0.4237
-6.9275593802975 0.4238
-6.92769436045892 0.4239
-6.92781325262422 0.424
-6.92793501935069 0.4241
-6.92804959788972 0.4242
-6.92816558534902 0.4243
-6.92826994047543 0.4244
-6.92837086850586 0.4245
-6.92846299457161 0.4246
-6.92854969656368 0.4247
-6.92860977443737 0.4248
-6.92865634043829 0.4249
-6.92869666392644 0.425
-6.92871654571428 0.4251
-6.92873169439933 0.4252
-6.92874861669475 0.4253
-6.92876253585045 0.4254
-6.92876334397409 0.4255
-6.92874834513668 0.4256
-6.92873143844265 0.4257
-6.92870565652226 0.4258
-6.92866058693568 0.4259
-6.92860770262542 0.426
-6.92854032765953 0.4261
-6.92847311774647 0.4262
-6.92840587971625 0.4263
-6.92833370363035 0.4264
-6.92825829641602 0.4265
-6.92817875212977 0.4266
-6.92809630383154 0.4267
-6.92802451352612 0.4268
-6.92793729233922 0.4269
-6.92787027811015 0.427
-6.92780475940727 0.4271
-6.92775874006573 0.4272
-6.92771497526357 0.4273
-6.9276680078927 0.4274
-6.92761466833747 0.4275
-6.92755632145977 0.4276
-6.92750004114615 0.4277
-6.92744414832897 0.4278
-6.92739683973853 0.4279
-6.92737321004537 0.428
-6.92735503063592 0.4281
-6.92735097607076 0.4282
-6.9273432854516 0.4283
-6.9273232410277 0.4284
-6.92729430746795 0.4285
-6.9272540354049 0.4286
-6.92720951047106 0.4287
-6.92715940438925 0.4288
-6.92709063622717 0.4289
-6.92701610695602 0.429
-6.92695134724711 0.4291
-6.92688583691766 0.4292
-6.92682204329897 0.4293
-6.92676482670993 0.4294
-6.92669293957845 0.4295
-6.92661414786889 0.4296
-6.92654415584251 0.4297
-6.92646837320779 0.4298
-6.92638528801668 0.4299
-6.9263214909912 0.43
-6.92626188955499 0.4301
-6.92621314236625 0.4302
-6.92615285887819 0.4303
-6.92608827786439 0.4304
-6.92602271470627 0.4305
-6.92594368462746 0.4306
-6.92587049723821 0.4307
-6.92578483700335 0.4308
-6.92570192149732 0.4309
-6.92562978703482 0.431
-6.92554951686533 0.4311
-6.92547064992527 0.4312
-6.92538587729935 0.4313
-6.92530943519717 0.4314
-6.92525390712488 0.4315
-6.92520601274469 0.4316
-6.9251644496572 0.4317
-6.92515020824389 0.4318
-6.92515112833357 0.4319
-6.92516378082397 0.432
-6.92520238223192 0.4321
-6.92525255299136 0.4322
-6.92530821262935 0.4323
-6.92536321865887 0.4324
-6.92542242000699 0.4325
-6.92548932557108 0.4326
-6.92556572777035 0.4327
-6.92567107015869 0.4328
-6.92576071550448 0.4329
-6.92586386301517 0.433
-6.92595588972653 0.4331
-6.92602989909125 0.4332
-6.92608282827469 0.4333
-6.92611067467624 0.4334
-6.92611490470356 0.4335
-6.92611716412618 0.4336
-6.92610380781848 0.4337
-6.92606713938314 0.4338
-6.92602333045917 0.4339
-6.92597186320828 0.434
-6.92591427705326 0.4341
-6.92583998761236 0.4342
-6.92575820391782 0.4343
-6.92566980446981 0.4344
-6.92558476021883 0.4345
-6.92547614947499 0.4346
-6.92536020004172 0.4347
-6.92523560812955 0.4348
-6.92509795909305 0.4349
-6.92497191995731 0.435
-6.92485781808022 0.4351
-6.92471902570321 0.4352
-6.92459312622109 0.4353
-6.92448176817643 0.4354
-6.92438125736975 0.4355
-6.92428788110788 0.4356
-6.92420828586182 0.4357
-6.9241442860643 0.4358
-6.92408655160648 0.4359
-6.92403442360718 0.436
-6.9239765973733 0.4361
-6.92392715684246 0.4362
-6.92388070017158 0.4363
-6.92383819205689 0.4364
-6.92380672180947 0.4365
-6.92379130659043 0.4366
-6.9237923192081 0.4367
-6.92380807767503 0.4368
-6.92382757506422 0.4369
-6.92384222714334 0.437
-6.92384879974105 0.4371
-6.92385334647996 0.4372
-6.92385427482014 0.4373
-6.92385723412698 0.4374
-6.92385995661556 0.4375
-6.92386682512791 0.4376
-6.92387171045659 0.4377
-6.92387243472614 0.4378
-6.92387572737946 0.4379
-6.92387805563034 0.438
-6.92387597645629 0.4381
-6.92387447152024 0.4382
-6.92387262642302 0.4383
-6.92388562040377 0.4384
-6.923905553228 0.4385
-6.92393470353749 0.4386
-6.92397380959818 0.4387
-6.92402555673386 0.4388
-6.92408207312899 0.4389
-6.92414257574552 0.439
-6.92421981490467 0.4391
-6.92429684804479 0.4392
-6.92436626864985 0.4393
-6.92442878511161 0.4394
-6.924501514142 0.4395
-6.92457374281923 0.4396
-6.92465075261259 0.4397
-6.92471579452782 0.4398
-6.92477867817463 0.4399
-6.92482976007225 0.44
-6.9248880930263 0.4401
-6.92494570940749 0.4402
-6.92501297461224 0.4403
-6.92507507476813 0.4404
-6.92512387249184 0.4405
-6.9251647459246 0.4406
-6.92519294319059 0.4407
-6.92521416589371 0.4408
-6.92522131799098 0.4409
-6.92521471840951 0.441
-6.92520919711134 0.4411
-6.92520568151447 0.4412
-6.92519079531883 0.4413
-6.9251822091922 0.4414
-6.92517526541631 0.4415
-6.92515906326149 0.4416
-6.92514523038312 0.4417
-6.92513584357493 0.4418
-6.92510066249158 0.4419
-6.92506347793604 0.442
-6.92502393157582 0.4421
-6.92497688042787 0.4422
-6.92492695869881 0.4423
-6.92485947173004 0.4424
-6.92482428555751 0.4425
-6.9247953002977 0.4426
-6.92476209126694 0.4427
-6.92475608659679 0.4428
-6.92475060131201 0.4429
-6.92474039958185 0.443
-6.92473223123369 0.4431
-6.92471120261968 0.4432
-6.92469614708669 0.4433
-6.92468870785808 0.4434
-6.92468441437617 0.4435
-6.92468872977839 0.4436
-6.92469026979438 0.4437
-6.92470469644179 0.4438
-6.92471798306624 0.4439
-6.92472860784516 0.444
-6.92473934381232 0.4441
-6.92477306316841 0.4442
-6.92482400950733 0.4443
-6.92489135425352 0.4444
-6.9249665661528 0.4445
-6.92502513823074 0.4446
-6.92508163668052 0.4447
-6.92514774896094 0.4448
-6.92520681815936 0.4449
-6.9252570711695 0.445
-6.92530841749737 0.4451
-6.92534850462848 0.4452
-6.92538156490426 0.4453
-6.92541000353606 0.4454
-6.92543436253717 0.4455
-6.92545107449665 0.4456
-6.92546017767417 0.4457
-6.92547198914142 0.4458
-6.9254976439817 0.4459
-6.92552431559221 0.446
-6.92555188584829 0.4461
-6.92559572095197 0.4462
-6.92563862061786 0.4463
-6.92570252449674 0.4464
-6.92578584967336 0.4465
-6.92586259122281 0.4466
-6.92594474444708 0.4467
-6.92602898285061 0.4468
-6.9261120632357 0.4469
-6.92620194021371 0.447
-6.92628346261318 0.4471
-6.92635729631647 0.4472
-6.92640082718173 0.4473
-6.92641411751806 0.4474
-6.92643329285476 0.4475
-6.92644020127189 0.4476
-6.92642559175022 0.4477
-6.92638348376977 0.4478
-6.92631808474454 0.4479
-6.92624582742847 0.448
-6.92617200920733 0.4481
-6.92608380129762 0.4482
-6.92599621010923 0.4483
-6.92589929353749 0.4484
-6.92582853164874 0.4485
-6.92574046086821 0.4486
-6.92565333562941 0.4487
-6.92556283923462 0.4488
-6.92547882086964 0.4489
-6.92539090677541 0.449
-6.92530365975399 0.4491
-6.9252239991116 0.4492
-6.92515126881867 0.4493
-6.92508291210439 0.4494
-6.92501328173928 0.4495
-6.92495573781452 0.4496
-6.9249115021398 0.4497
-6.92487890258767 0.4498
-6.9248580009711 0.4499
-6.92484397752778 0.45
-6.92482933061293 0.4501
-6.92481844093755 0.4502
-6.92482268415732 0.4503
-6.92481646813639 0.4504
-6.92482027355673 0.4505
-6.9248407626517 0.4506
-6.92485901076465 0.4507
-6.9248693128251 0.4508
-6.92487049210464 0.4509
-6.92485431538537 0.451
-6.92483253677251 0.4511
-6.92480919583675 0.4512
-6.92478720822337 0.4513
-6.92476934350416 0.4514
-6.92476434616302 0.4515
-6.9247404482355 0.4516
-6.9247099726273 0.4517
-6.92468811708883 0.4518
-6.92468759229488 0.4519
-6.92467250537096 0.452
-6.92465136491805 0.4521
-6.92462686002154 0.4522
-6.92461359887728 0.4523
-6.92460569206212 0.4524
-6.92459161068462 0.4525
-6.92460129930709 0.4526
-6.92461012321619 0.4527
-6.92461345813842 0.4528
-6.92461018850508 0.4529
-6.92461100978584 0.453
-6.92460530648934 0.4531
-6.92460109143029 0.4532
-6.92461308950341 0.4533
-6.92464040767777 0.4534
-6.92466214191841 0.4535
-6.92468471960005 0.4536
-6.92471221811371 0.4537
-6.92473938873084 0.4538
-6.92475916243921 0.4539
-6.92477407235966 0.454
-6.92477781867602 0.4541
-6.92476707288853 0.4542
-6.92475523322097 0.4543
-6.92474446212337 0.4544
-6.9247267635271 0.4545
-6.92469683375567 0.4546
-6.92466438303776 0.4547
-6.92462740927849 0.4548
-6.9245819939621 0.4549
-6.92451651208838 0.455
-6.92443875801436 0.4551
-6.92434667540489 0.4552
-6.92425172674754 0.4553
-6.92414769446183 0.4554
-6.92405787792279 0.4555
-6.92395225208872 0.4556
-6.9238474908352 0.4557
-6.92373617543937 0.4558
-6.92362461447923 0.4559
-6.92351114096542 0.456
-6.92340526842413 0.4561
-6.92331177354118 0.4562
-6.92320706943692 0.4563
-6.92309255862588 0.4564
-6.92297377468662 0.4565
-6.9228507981161 0.4566
-6.92274767759249 0.4567
-6.92263844544417 0.4568
-6.92255303215745 0.4569
-6.9224701966227 0.457
-6.9224009551285 0.4571
-6.92233715445201 0.4572
-6.92228304644615 0.4573
-6.9222291576977 0.4574
-6.92218661066823 0.4575
-6.92214782799807 0.4576
-6.92212523602677 0.4577
-6.92210597447472 0.4578
-6.92209725172191 0.4579
-6.92210989074529 0.458
-6.92213784143081 0.4581
-6.922174941467 0.4582
-6.92221065763341 0.4583
-6.92224821880472 0.4584
-6.92228176053615 0.4585
-6.92229554398489 0.4586
-6.92229354857865 0.4587
-6.92227501631595 0.4588
-6.92225269796103 0.4589
-6.92223783072996 0.459
-6.92222191322517 0.4591
-6.92220287145645 0.4592
-6.92217786599664 0.4593
-6.92214676360387 0.4594
-6.92210950094345 0.4595
-6.922060202403 0.4596
-6.9220111421665 0.4597
-6.92195698845771 0.4598
-6.92189429563685 0.4599
-6.9218456338027 0.46
-6.92180906361461 0.4601
-6.92178603776392 0.4602
-6.92175974947934 0.4603
-6.92173699847728 0.4604
-6.92171171888539 0.4605
-6.92170633738425 0.4606
-6.92172022197084 0.4607
-6.92173815084869 0.4608
-6.92175693228151 0.4609
-6.92179145378739 0.461
-6.92183107551691 0.4611
-6.92187493329352 0.4612
-6.92191986468764 0.4613
-6.9219476197054 0.4614
-6.92199496088852 0.4615
-6.92205203801539 0.4616
-6.92209452886477 0.4617
-6.92214329523433 0.4618
-6.92218092374748 0.4619
-6.92220899055012 0.462
-6.92221851087064 0.4621
-6.92221500890293 0.4622
-6.92220003394672 0.4623
-6.92217564309126 0.4624
-6.9221548116928 0.4625
-6.92214263443653 0.4626
-6.92211867618837 0.4627
-6.92210058884256 0.4628
-6.92207632787886 0.4629
-6.92202953031423 0.463
-6.92198156934907 0.4631
-6.92193705518435 0.4632
-6.9218702063474 0.4633
-6.92180579296764 0.4634
-6.92173303475857 0.4635
-6.92166312451665 0.4636
-6.92159955908322 0.4637
-6.92154666019515 0.4638
-6.92150301867992 0.4639
-6.92146965527741 0.464
-6.92143632161789 0.4641
-6.92142066640361 0.4642
-6.92141783345348 0.4643
-6.92143177453864 0.4644
-6.92144533575902 0.4645
-6.92143752188701 0.4646
-6.92141384634916 0.4647
-6.9214074875185 0.4648
-6.92140658443267 0.4649
-6.92141050184249 0.465
-6.92139395705096 0.4651
-6.9213753335475 0.4652
-6.92134504686914 0.4653
-6.92131487310334 0.4654
-6.92129155735867 0.4655
-6.92126978891621 0.4656
-6.92125377805371 0.4657
-6.92124596897002 0.4658
-6.92123755051236 0.4659
-6.92123242989049 0.466
-6.92120417237558 0.4661
-6.92116939287541 0.4662
-6.92112969548449 0.4663
-6.92108882683006 0.4664
-6.92105909597701 0.4665
-6.92102388009658 0.4666
-6.92099547489279 0.4667
-6.92095760789097 0.4668
-6.92093129835043 0.4669
-6.92089692700476 0.467
-6.92087624635773 0.4671
-6.92087032709385 0.4672
-6.9208634970786 0.4673
-6.92085843091794 0.4674
-6.92083757372137 0.4675
-6.92082931658288 0.4676
-6.92084215337976 0.4677
-6.9208666375656 0.4678
-6.92090211999101 0.4679
-6.9209377071973 0.468
-6.92097502860926 0.4681
-6.92101652486589 0.4682
-6.92105875094048 0.4683
-6.92110299966404 0.4684
-6.92112899496223 0.4685
-6.92114696127757 0.4686
-6.92114991792607 0.4687
-6.92113700801078 0.4688
-6.92111317645271 0.4689
-6.92109251485208 0.469
-6.92106627154413 0.4691
-6.92104577382738 0.4692
-6.92102937288554 0.4693
-6.92101961312497 0.4694
-6.92099755651442 0.4695
-6.92099164156029 0.4696
-6.92098695164728 0.4697
-6.92099701486071 0.4698
-6.92100662365543 0.4699
-6.92102206859709 0.47
-6.92105670084913 0.4701
-6.92108046297939 0.4702
-6.92110005835958 0.4703
-6.9211100043492 0.4704
-6.92112109778262 0.4705
-6.92111975435686 0.4706
-6.9211173200744 0.4707
-6.92110556507876 0.4708
-6.92110418651105 0.4709
-6.92107641058614 0.471
-6.92105909278463 0.4711
-6.92104411780455 0.4712
-6.92102908265563 0.4713
-6.92101402797739 0.4714
-6.92100496934839 0.4715
-6.92099324591976 0.4716
-6.92098751873024 0.4717
-6.92098970359912 0.4718
-6.92099326732377 0.4719
-6.92101624327009 0.472
-6.92106414521497 0.4721
-6.92112766774354 0.4722
-6.92119832482899 0.4723
-6.92124740833975 0.4724
-6.92129371907192 0.4725
-6.92134367403691 0.4726
-6.92138355120755 0.4727
-6.92143249906022 0.4728
-6.9214830633247 0.4729
-6.92154224855029 0.473
-6.92161502303748 0.4731
-6.92168953180277 0.4732
-6.92176495050334 0.4733
-6.92184321109478 0.4734
-6.921924286351 0.4735
-6.92199431497687 0.4736
-6.92206166652787 0.4737
-6.92212002442933 0.4738
-6.92216996309578 0.4739
-6.9222404807223 0.474
-6.9223055997068 0.4741
-6.922358865408 0.4742
-6.92240146354466 0.4743
-6.92242040582751 0.4744
-6.92243402721902 0.4745
-6.92243383227432 0.4746
-6.92241363336862 0.4747
-6.92238313332358 0.4748
-6.92234606034168 0.4749
-6.92230899105102 0.475
-6.92223936183294 0.4751
-6.92216252785485 0.4752
-6.92206875113815 0.4753
-6.92195597334723 0.4754
-6.92182516013946 0.4755
-6.92169125374371 0.4756
-6.92155353346958 0.4757
-6.92140256566435 0.4758
-6.9212312327257 0.4759
-6.92104913495797 0.476
-6.92086668390562 0.4761
-6.92069000349394 0.4762
-6.92051825046045 0.4763
-6.92037481776707 0.4764
-6.92024072822731 0.4765
-6.92010413530927 0.4766
-6.92000260939227 0.4767
-6.91991981230774 0.4768
-6.91986307907795 0.4769
-6.91980920041836 0.477
-6.91975229258268 0.4771
-6.91970310881745 0.4772
-6.91965022938047 0.4773
-6.91960311872727 0.4774
-6.91957619062313 0.4775
-6.9195456260752 0.4776
-6.91952744270966 0.4777
-6.91950203762621 0.4778
-6.91947982880362 0.4779
-6.91945317531029 0.478
-6.91942789237244 0.4781
-6.91941419008934 0.4782
-6.91940060286316 0.4783
-6.91937502407059 0.4784
-6.9193688516774 0.4785
-6.91937107954886 0.4786
-6.91938788565893 0.4787
-6.91940841848867 0.4788
-6.91942453005656 0.4789
-6.91945658239823 0.479
-6.91952430374482 0.4791
-6.91959318357911 0.4792
-6.91967248677211 0.4793
-6.91974796731636 0.4794
-6.9198213550479 0.4795
-6.91989565185737 0.4796
-6.91997965314783 0.4797
-6.92006799417532 0.4798
-6.92015009517704 0.4799
-6.92024545505223 0.48
-6.92033605105919 0.4801
-6.92040149280709 0.4802
-6.92046630792423 0.4803
-6.92053064820753 0.4804
-6.92057586654824 0.4805
-6.92061568101512 0.4806
-6.92064570062269 0.4807
-6.92066826050885 0.4808
-6.92068039528467 0.4809
-6.92068473264559 0.481
-6.92067877632828 0.4811
-6.920668388371 0.4812
-6.92063959398864 0.4813
-6.92058321164841 0.4814
-6.92052533956538 0.4815
-6.92046469616627 0.4816
-6.92039096121001 0.4817
-6.92029910380968 0.4818
-6.92019968954537 0.4819
-6.9201035907702 0.482
-6.92001107740845 0.4821
-6.91990238201069 0.4822
-6.91979495723708 0.4823
-6.91968482641108 0.4824
-6.91957552027993 0.4825
-6.91944751002758 0.4826
-6.91930738625513 0.4827
-6.91916204348169 0.4828
-6.91901452632241 0.4829
-6.91887687764225 0.483
-6.91875810938905 0.4831
-6.91863590344299 0.4832
-6.91850905304332 0.4833
-6.91836941120857 0.4834
-6.91822942184574 0.4835
-6.91809479218271 0.4836
-6.91798580674368 0.4837
-6.91789625165012 0.4838
-6.91780696982353 0.4839
-6.91772683387806 0.484
-6.91767162882629 0.4841
-6.9176133267804 0.4842
-6.91757977207837 0.4843
-6.91754181109309 0.4844
-6.91751904538154 0.4845
-6.91750839266837 0.4846
-6.91751122516804 0.4847
-6.91751670801277 0.4848
-6.91754416060262 0.4849
-6.91758097930031 0.485
-6.91761072298782 0.4851
-6.91765122579718 0.4852
-6.91768729365397 0.4853
-6.91774576385526 0.4854
-6.91781757691687 0.4855
-6.91790028058506 0.4856
-6.91798983180509 0.4857
-6.91807140764447 0.4858
-6.91815647528454 0.4859
-6.91823183042761 0.486
-6.91829709594902 0.4861
-6.91834018232828 0.4862
-6.91836241708636 0.4863
-6.91838786275289 0.4864
-6.91839676994638 0.4865
-6.91839666895173 0.4866
-6.91839301534354 0.4867
-6.91838549441801 0.4868
-6.91837296865477 0.4869
-6.91835141814077 0.487
-6.91832787383717 0.4871
-6.91830918446979 0.4872
-6.91829133483326 0.4873
-6.91829102464589 0.4874
-6.91830594645586 0.4875
-6.91831149694733 0.4876
-6.91832858911456 0.4877
-6.91834432195981 0.4878
-6.91837210803375 0.4879
-6.91840874469322 0.488
-6.91844397713029 0.4881
-6.91847655477929 0.4882
-6.91851014441265 0.4883
-6.91855912640364 0.4884
-6.91859524541156 0.4885
-6.91862664174494 0.4886
-6.91864112560751 0.4887
-6.91863137462217 0.4888
-6.91861046499713 0.4889
-6.91858395558806 0.489
-6.91855813094797 0.4891
-6.91851278883235 0.4892
-6.91847058654835 0.4893
-6.91844679224398 0.4894
-6.91844017915849 0.4895
-6.91844719005233 0.4896
-6.91844494192871 0.4897
-6.91844911786248 0.4898
-6.91845461046856 0.4899
-6.91846204528385 0.49
-6.91848669917031 0.4901
-6.91851100596812 0.4902
-6.91854105817533 0.4903
-6.91857695917766 0.4904
-6.91859712462163 0.4905
-6.91862355093222 0.4906
-6.91863152139201 0.4907
-6.9186122542577 0.4908
-6.91860112710378 0.4909
-6.91857852130855 0.491
-6.91855929904859 0.4911
-6.91853482921052 0.4912
-6.91849959265078 0.4913
-6.91845698051507 0.4914
-6.91841473620603 0.4915
-6.91837880875836 0.4916
-6.91834365064712 0.4917
-6.91830286636054 0.4918
-6.91826812039139 0.4919
-6.91823115178697 0.492
-6.91819247931173 0.4921
-6.91815244032098 0.4922
-6.91811577611611 0.4923
-6.91808985292267 0.4924
-6.91806800161128 0.4925
-6.9180326336587 0.4926
-6.91799995725573 0.4927
-6.91797425513421 0.4928
-6.91795338556118 0.4929
-6.91792430046842 0.493
-6.91790813315754 0.4931
-6.91789370643867 0.4932
-6.91788404320472 0.4933
-6.91788060840348 0.4934
-6.91788123979177 0.4935
-6.91788330466508 0.4936
-6.91786949574313 0.4937
-6.91784641588839 0.4938
-6.91784799047741 0.4939
-6.91784707246408 0.494
-6.91784428691004 0.4941
-6.91784580935597 0.4942
-6.91784237011279 0.4943
-6.91786129879798 0.4944
-6.91789914616859 0.4945
-6.91795338162208 0.4946
-6.91800696827419 0.4947
-6.91804903330905 0.4948
-6.91808681731924 0.4949
-6.91810786303011 0.495
-6.91813249167141 0.4951
-6.91815415856625 0.4952
-6.91816514823979 0.4953
-6.91818708047458 0.4954
-6.91820481020771 0.4955
-6.91823319405974 0.4956
-6.91826087696198 0.4957
-6.91826573711022 0.4958
-6.91826776609162 0.4959
-6.91824859751061 0.496
-6.9182116047477 0.4961
-6.91816948981933 0.4962
-6.91813641329836 0.4963
-6.91811295822597 0.4964
-6.91809572269855 0.4965
-6.91808530606623 0.4966
-6.91808254488861 0.4967
-6.91809566287655 0.4968
-6.91810975541012 0.4969
-6.91815245283043 0.497
-6.91821335526773 0.4971
-6.91828960217741 0.4972
-6.91836620005935 0.4973
-6.91845419776281 0.4974
-6.91854029737768 0.4975
-6.91861820793454 0.4976
-6.91869075145608 0.4977
-6.91875075501691 0.4978
-6.91881645865928 0.4979
-6.9188820282481 0.498
-6.91893479066182 0.4981
-6.91899317806564 0.4982
-6.91904450267543 0.4983
-6.91908790394253 0.4984
-6.91912595386748 0.4985
-6.91917248391531 0.4986
-6.91920642626437 0.4987
-6.91923485912078 0.4988
-6.9192508730463 0.4989
-6.91925833921639 0.499
-6.91927016447503 0.4991
-6.91928715452355 0.4992
-6.91929500740924 0.4993
-6.91930542386424 0.4994
-6.91930844904884 0.4995
-6.91929882841534 0.4996
-6.91928732869248 0.4997
-6.91928401763084 0.4998
-6.9192788755665 0.4999
-6.91927491346459 0.5
-6.91926602421323 0.5001
-6.91926427053466 0.5002
-6.91925118101308 0.5003
-6.91924260852342 0.5004
-6.91923045082055 0.5005
-6.91922159326941 0.5006
-6.91922830015919 0.5007
-6.91924574490294 0.5008
-6.91926937194399 0.5009
-6.91928566265511 0.501
-6.91928828192427 0.5011
-6.91928692572412 0.5012
-6.91927882534975 0.5013
-6.91925123171479 0.5014
-6.91920162557402 0.5015
-6.91912556600974 0.5016
-6.91902356813855 0.5017
-6.91890328103687 0.5018
-6.91876554491916 0.5019
-6.91860371189329 0.502
-6.91841496495848 0.5021
-6.91823738901284 0.5022
-6.9180510658409 0.5023
-6.91783017076584 0.5024
-6.91760696839568 0.5025
-6.91739158230673 0.5026
-6.9171744132049 0.5027
-6.91695460613832 0.5028
-6.91674617674969 0.5029
-6.91655308903397 0.503
-6.91634109277125 0.5031
-6.91613569612721 0.5032
-6.91594710681838 0.5033
-6.9157732128811 0.5034
-6.91562064572514 0.5035
-6.91547982033921 0.5036
-6.91535401383277 0.5037
-6.91525340219045 0.5038
-6.91516824589329 0.5039
-6.91509148662789 0.504
-6.91502696170596 0.5041
-6.91497351110202 0.5042
-6.91493715847046 0.5043
-6.91492218683995 0.5044
-6.91492611700936 0.5045
-6.91493535376791 0.5046
-6.91495836205617 0.5047
-6.91500823681062 0.5048
-6.91506068023672 0.5049
-6.91515631217636 0.505
-6.91526938426447 0.5051
-6.91540315226748 0.5052
-6.91555387872325 0.5053
-6.91572102062568 0.5054
-6.91588373320399 0.5055
-6.91605026941719 0.5056
-6.9162311638776 0.5057
-6.91641637730023 0.5058
-6.91660750179894 0.5059
-6.91679100898901 0.506
-6.91697615951064 0.5061
-6.91714685161656 0.5062
-6.91732873979614 0.5063
-6.91750614139554 0.5064
-6.9176890516675 0.5065
-6.9178564830331 0.5066
-6.91801169195184 0.5067
-6.91815573010409 0.5068
-6.9182808515609 0.5069
-6.91841819439324 0.507
-6.91853927795994 0.5071
-6.91863864559058 0.5072
-6.91872709536707 0.5073
-6.91880200559751 0.5074
-6.91886643711174 0.5075
-6.91891130911182 0.5076
-6.91895614122876 0.5077
-6.918991586738 0.5078
-6.91900011992255 0.5079
-6.91900254665577 0.508
-6.91900968538726 0.5081
-6.91900165089504 0.5082
-6.91896981067727 0.5083
-6.91894453387731 0.5084
-6.91890410305871 0.5085
-6.91884701367301 0.5086
-6.91877467054552 0.5087
-6.91867579470374 0.5088
-6.91857653610117 0.5089
-6.91846505367895 0.509
-6.91835213296379 0.5091
-6.9182248326082 0.5092
-6.91809875985257 0.5093
-6.91796282078383 0.5094
-6.91783352784783 0.5095
-6.91770267723716 0.5096
-6.91757056215308 0.5097
-6.91743656192924 0.5098
-6.9173204343152 0.5099
-6.9172116434297 0.51
-6.91711498269336 0.5101
-6.91703647325645 0.5102
-6.91696679443261 0.5103
-6.91690785745232 0.5104
-6.91687523393468 0.5105
-6.91684267877782 0.5106
-6.91680551615405 0.5107
-6.91676875962434 0.5108
-6.91672168099574 0.5109
-6.91667432189589 0.511
-6.9166237661597 0.5111
-6.91658435060523 0.5112
-6.91655463283706 0.5113
-6.91652822079155 0.5114
-6.91649781964935 0.5115
-6.91646700568712 0.5116
-6.91641721212283 0.5117
-6.91634165239837 0.5118
-6.91624781560895 0.5119
-6.91614044634355 0.512
-6.91602509319445 0.5121
-6.91589070295801 0.5122
-6.91573742814228 0.5123
-6.91559120250067 0.5124
-6.91544366539383 0.5125
-6.91530628358607 0.5126
-6.91516379938313 0.5127
-6.91503548144801 0.5128
-6.91491352237263 0.5129
-6.91479165100705 0.513
-6.91467550680828 0.5131
-6.91456154800026 0.5132
-6.9144546879389 0.5133
-6.9143477653204 0.5134
-6.91425651737562 0.5135
-6.91419164034227 0.5136
-6.9141236974586 0.5137
-6.91405077984347 0.5138
-6.91398650708407 0.5139
-6.91392655787127 0.514
-6.91387821778595 0.5141
-6.91382822594744 0.5142
-6.91378663341209 0.5143
-6.91375483676266 0.5144
-6.91374317948391 0.5145
-6.91373323059955 0.5146
-6.91372489404782 0.5147
-6.91369991567317 0.5148
-6.91367731211608 0.5149
-6.91365908902593 0.515
-6.91365398438437 0.5151
-6.91365418031142 0.5152
-6.91365847881765 0.5153
-6.91367334463616 0.5154
-6.91367571023319 0.5155
-6.91368016475291 0.5156
-6.91367521746479 0.5157
-6.9136668085767 0.5158
-6.91365468305725 0.5159
-6.9136578731132 0.516
-6.91365631627665 0.5161
-6.91364988418855 0.5162
-6.91364513242117 0.5163
-6.9136367129135 0.5164
-6.91363668439493 0.5165
-6.91363097978774 0.5166
-6.9136338089064 0.5167
-6.91363324113082 0.5168
-6.91363958851056 0.5169
-6.91364007900932 0.517
-6.9136352146394 0.5171
-6.91363781773794 0.5172
-6.91364179379703 0.5173
-6.91363500357424 0.5174
-6.91361343946829 0.5175
-6.91357010700622 0.5176
-6.91353874145427 0.5177
-6.91350626289416 0.5178
-6.9134685370843 0.5179
-6.91341022674513 0.518
-6.91334422797753 0.5181
-6.91327380621866 0.5182
-6.91319866549399 0.5183
-6.91312222129516 0.5184
-6.91304138781573 0.5185
-6.91295351606983 0.5186
-6.91288343074848 0.5187
-6.91281601556949 0.5188
-6.9127591590397 0.5189
-6.91270963507821 0.519
-6.91266879122694 0.5191
-6.91265516630094 0.5192
-6.91265863178942 0.5193
-6.91265705696527 0.5194
-6.91267096195913 0.5195
-6.91269013284764 0.5196
-6.91273327906981 0.5197
-6.91276902501352 0.5198
-6.91281176227051 0.5199
-6.91285512882001 0.52
-6.91290383975795 0.5201
-6.91294959028996 0.5202
-6.91300733883592 0.5203
-6.91307847930343 0.5204
-6.91315590487747 0.5205
-6.9132337186075 0.5206
-6.91330077117575 0.5207
-6.9133519218965 0.5208
-6.91339069015637 0.5209
-6.91341296755996 0.521
-6.91341901483541 0.5211
-6.9134096295293 0.5212
-6.91339734958196 0.5213
-6.91337211934057 0.5214
-6.91332589853723 0.5215
-6.91326429893801 0.5216
-6.9132004245054 0.5217
-6.91313228655093 0.5218
-6.91305962128984 0.5219
-6.9130001580103 0.522
-6.91294053892 0.5221
-6.91287241183667 0.5222
-6.91281200170523 0.5223
-6.91276431175699 0.5224
-6.91272461450145 0.5225
-6.91269360807772 0.5226
-6.91267713423354 0.5227
-6.91266926346249 0.5228
-6.91268259604151 0.5229
-6.9127171157069 0.523
-6.91276355466539 0.5231
-6.91282801484974 0.5232
-6.91290166151809 0.5233
-6.9129696952667 0.5234
-6.91305203909193 0.5235
-6.9131321571995 0.5236
-6.91320766175582 0.5237
-6.91327140245986 0.5238
-6.91333148531185 0.5239
-6.91337157617543 0.524
-6.91338710562461 0.5241
-6.91342190738383 0.5242
-6.91345629217489 0.5243
-6.91349799139573 0.5244
-6.9135449362942 0.5245
-6.91358110241321 0.5246
-6.91361484911438 0.5247
-6.91363390600804 0.5248
-6.91363132273254 0.5249
-6.91362138495582 0.525
-6.91360297845993 0.5251
-6.91356606961764 0.5252
-6.91351020975538 0.5253
-6.91345304300108 0.5254
-6.91339553369948 0.5255
-6.91333920841626 0.5256
-6.91326249725356 0.5257
-6.91319389580848 0.5258
-6.91311944152177 0.5259
-6.91303596611897 0.526
-6.91297053308862 0.5261
-6.91291360893619 0.5262
-6.91286358807453 0.5263
-6.91282883513666 0.5264
-6.91280195309521 0.5265
-6.91278698136307 0.5266
-6.91279115965284 0.5267
-6.91280534424193 0.5268
-6.91282886422679 0.5269
-6.9128597027476 0.527
-6.91290351978011 0.5271
-6.91294474252291 0.5272
-6.91300548482839 0.5273
-6.91306322520804 0.5274
-6.91312501632202 0.5275
-6.91319124677755 0.5276
-6.91326864011265 0.5277
-6.91335783895164 0.5278
-6.91345389735033 0.5279
-6.91354419923354 0.528
-6.91363840840006 0.5281
-6.91371681289801 0.5282
-6.91379886247737 0.5283
-6.91388462515949 0.5284
-6.91397006228323 0.5285
-6.91406026544081 0.5286
-6.91415191255247 0.5287
-6.91421964761593 0.5288
-6.91429853813849 0.5289
-6.91437254693139 0.529
-6.914438550251 0.5291
-6.91450064726186 0.5292
-6.9145448586557 0.5293
-6.91461787614465 0.5294
-6.91468046685198 0.5295
-6.91474419098679 0.5296
-6.91481164998548 0.5297
-6.91485372156358 0.5298
-6.91488687341354 0.5299
-6.91490042083244 0.53
-6.91491806620063 0.5301
-6.91492872103674 0.5302
-6.9149140936916 0.5303
-6.91488753783309 0.5304
-6.91484938865576 0.5305
-6.91480232059404 0.5306
-6.91474159225322 0.5307
-6.91466827091617 0.5308
-6.91461429768912 0.5309
-6.91456014666863 0.531
-6.91448486780598 0.5311
-6.91440131445543 0.5312
-6.91430251402724 0.5313
-6.91419515681709 0.5314
-6.91408544419877 0.5315
-6.91397352661413 0.5316
-6.9138543534445 0.5317
-6.91372803332954 0.5318
-6.91361768542838 0.5319
-6.91351581054431 0.532
-6.91342320798806 0.5321
-6.91333752277714 0.5322
-6.91325510022616 0.5323
-6.91319111424467 0.5324
-6.91313467916574 0.5325
-6.91308368825899 0.5326
-6.91301467633698 0.5327
-6.91294141761 0.5328
-6.9128742405973 0.5329
-6.91278713162146 0.533
-6.91267777683915 0.5331
-6.91254593260524 0.5332
-6.91241410171638 0.5333
-6.91228809761625 0.5334
-6.91216417781452 0.5335
-6.91204480223584 0.5336
-6.91192958824123 0.5337
-6.91182516714812 0.5338
-6.91173633104059 0.5339
-6.91163916746559 0.534
-6.91156107784655 0.5341
-6.91148775410464 0.5342
-6.91142927586263 0.5343
-6.91139077909165 0.5344
-6.91137168723817 0.5345
-6.91137854586774 0.5346
-6.91140862418734 0.5347
-6.91145686110974 0.5348
-6.9115236430692 0.5349
-6.911615497516 0.535
-6.91172031097426 0.5351
-6.91183038996581 0.5352
-6.91195599313164 0.5353
-6.91209626055637 0.5354
-6.9122387171219 0.5355
-6.91239214525844 0.5356
-6.91253889605718 0.5357
-6.91266382177415 0.5358
-6.91278768750161 0.5359
-6.91291121655398 0.536
-6.91304415640001 0.5361
-6.91316688279903 0.5362
-6.9132825127116 0.5363
-6.91338725462642 0.5364
-6.91348721440742 0.5365
-6.913572175265 0.5366
-6.91365465783945 0.5367
-6.91372692551449 0.5368
-6.91376857329394 0.5369
-6.91378722424085 0.537
-6.91377690500547 0.5371
-6.91374498683962 0.5372
-6.91371962411095 0.5373
-6.91366969147138 0.5374
-6.91360431618111 0.5375
-6.91352080664704 0.5376
-6.91342749983019 0.5377
-6.91332514466398 0.5378
-6.91319719785687 0.5379
-6.91306277512716 0.538
-6.9129261881324 0.5381
-6.9127817409216 0.5382
-6.91263256420791 0.5383
-6.91247499243567 0.5384
-6.91231840057505 0.5385
-6.91216659140082 0.5386
-6.91201527368201 0.5387
-6.9118711336342 0.5388
-6.9117365717986 0.5389
-6.91160866584383 0.539
-6.91149249796442 0.5391
-6.91138464903293 0.5392
-6.91129186460655 0.5393
-6.91120658928613 0.5394
-6.91113527513651 0.5395
-6.91108522418917 0.5396
-6.9110369055859 0.5397
-6.91099227015784 0.5398
-6.91094695016353 0.5399
-6.91090453400279 0.54
-6.91086874405578 0.5401
-6.91081996735814 0.5402
-6.91077744256419 0.5403
-6.91074315079009 0.5404
-6.9107030426184 0.5405
-6.91065448377029 0.5406
-6.91059942599172 0.5407
-6.9105495046332 0.5408
-6.91050852010945 0.5409
-6.91047854340077 0.541
-6.91044914836856 0.5411
-6.91041577795555 0.5412
-6.91037985368303 0.5413
-6.91035790859865 0.5414
-6.91035570771772 0.5415
-6.91037315755748 0.5416
-6.91040323348473 0.5417
-6.91046057998267 0.5418
-6.91052426047322 0.5419
-6.91059920812632 0.542
-6.91068095969424 0.5421
-6.91077610778269 0.5422
-6.91088927470674 0.5423
-6.91097986876626 0.5424
-6.91106765160448 0.5425
-6.91113990259002 0.5426
-6.91121033290361 0.5427
-6.91127919310487 0.5428
-6.91133701057852 0.5429
-6.91137945498379 0.543
-6.9114108727507 0.5431
-6.91143529840955 0.5432
-6.91146775307629 0.5433
-6.91147105166171 0.5434
-6.9114657351253 0.5435
-6.91145950412566 0.5436
-6.91143294622186 0.5437
-6.91141861928031 0.5438
-6.91139894653065 0.5439
-6.91138889877463 0.544
-6.91137641024155 0.5441
-6.91136355067055 0.5442
-6.91135349935411 0.5443
-6.91134979083026 0.5444
-6.91133486205924 0.5445
-6.91129194635885 0.5446
-6.91124342222819 0.5447
-6.9111995546905 0.5448
-6.91114208323961 0.5449
-6.91109244049882 0.545
-6.91105723821426 0.5451
-6.91104454599071 0.5452
-6.91105421010355 0.5453
-6.91107976702371 0.5454
-6.91110298037283 0.5455
-6.91114135828396 0.5456
-6.91116860766361 0.5457
-6.91118506976323 0.5458
-6.91120772895074 0.5459
-6.91121472353858 0.546
-6.91120623879143 0.5461
-6.91120064289285 0.5462
-6.91119646341558 0.5463
-6.91118001375407 0.5464
-6.91114473172328 0.5465
-6.91110395910536 0.5466
-6.91103369601049 0.5467
-6.91094424225568 0.5468
-6.91084183782753 0.5469
-6.91073305704543 0.547
-6.91060590455004 0.5471
-6.91047533794773 0.5472
-6.91035266499592 0.5473
-6.91024381980013 0.5474
-6.91013830997669 0.5475
-6.91003757057639 0.5476
-6.90994407160113 0.5477
-6.90985187839325 0.5478
-6.90976446987598 0.5479
-6.90969521422878 0.548
-6.9096425230918 0.5481
-6.90959659548667 0.5482
-6.9095587702431 0.5483
-6.90952160898279 0.5484
-6.90950639855529 0.5485
-6.90949814809805 0.5486
-6.90950347747819 0.5487
-6.90952386928458 0.5488
-6.90955187041037 0.5489
-6.90957369148258 0.549
-6.90958750214889 0.5491
-6.90959688273652 0.5492
-6.90961819502756 0.5493
-6.90964790605825 0.5494
-6.90966758111467 0.5495
-6.90969331825262 0.5496
-6.90971674383388 0.5497
-6.90973708342144 0.5498
-6.90974959575761 0.5499
-6.90976858657988 0.55
-6.90978574347437 0.5501
-6.90979313186786 0.5502
-6.90979847461562 0.5503
-6.90981181297321 0.5504
-6.9098251589174 0.5505
-6.90984367416152 0.5506
-6.90987185441135 0.5507
-6.9099014822387 0.5508
-6.90992879844823 0.5509
-6.90995805456631 0.551
-6.90998170368618 0.5511
-6.91000986033301 0.5512
-6.91004910856774 0.5513
-6.9100816102857 0.5514
-6.9101292949932 0.5515
-6.91018746152794 0.5516
-6.91023856532224 0.5517
-6.91027628346015 0.5518
-6.91032603630207 0.5519
-6.9103594584583 0.552
-6.91039455149994 0.5521
-6.91041177618971 0.5522
-6.91039719862061 0.5523
-6.91036810915628 0.5524
-6.91033970586369 0.5525
-6.91030505853473 0.5526
-6.91026891457569 0.5527
-6.9102189018971 0.5528
-6.91016281373806 0.5529
-6.91011123129803 0.553
-6.91006947006075 0.5531
-6.91003974719171 0.5532
-6.91001276903512 0.5533
-6.90999532244725 0.5534
-6.9099714452914 0.5535
-6.90994180415341 0.5536
-6.90991861656528 0.5537
-6.90989356407612 0.5538
-6.90988134259245 0.5539
-6.90987177031131 0.554
-6.90987298868786 0.5541
-6.90987968295881 0.5542
-6.90987312339032 0.5543
-6.90986902864255 0.5544
-6.90986529563436 0.5545
-6.90984425199723 0.5546
-6.90983668095148 0.5547
-6.90982300523599 0.5548
-6.90981736762254 0.5549
-6.90981391708736 0.555
-6.90982206864579 0.5551
-6.90981019982448 0.5552
-6.90979529121307 0.5553
-6.90978572485966 0.5554
-6.90978444867701 0.5555
-6.9097766983998 0.5556
-6.90977008729397 0.5557
-6.90978003658967 0.5558
-6.90980116206519 0.5559
-6.90981584355705 0.556
-6.90984068626084 0.5561
-6.90987702033368 0.5562
-6.90992445506755 0.5563
-6.90998670335565 0.5564
-6.91006555376252 0.5565
-6.91014664256183 0.5566
-6.91022086663245 0.5567
-6.91027959235241 0.5568
-6.91033433522017 0.5569
-6.91036741362986 0.557
-6.91037185831246 0.5571
-6.91038724924624 0.5572
-6.91040690795861 0.5573
-6.91041831545924 0.5574
-6.91042404427135 0.5575
-6.91041480042086 0.5576
-6.91040929703115 0.5577
-6.91040531179743 0.5578
-6.91039397159477 0.5579
-6.91038341783306 0.558
-6.91035852958929 0.5581
-6.91031962954825 0.5582
-6.91027237209233 0.5583
-6.91021584244658 0.5584
-6.91015638961267 0.5585
-6.91009724752171 0.5586
-6.91002788860271 0.5587
-6.90993965911564 0.5588
-6.90983381598424 0.5589
-6.9097322424406 0.559
-6.90962972540099 0.5591
-6.90950316070981 0.5592
-6.90937113767292 0.5593
-6.90921880232182 0.5594
-6.90906245056699 0.5595
-6.90890255737076 0.5596
-6.90873752339914 0.5597
-6.90856282305727 0.5598
-6.90838379674452 0.5599
-6.90821359149361 0.56
-6.90806435109842 0.5601
-6.90794200424535 0.5602
-6.90783059378371 0.5603
-6.9077480781163 0.5604
-6.90766106283879 0.5605
-6.90758654386088 0.5606
-6.90752947945412 0.5607
-6.90749278798008 0.5608
-6.90748781791909 0.5609
-6.90750240937301 0.561
-6.9075356657052 0.5611
-6.9075962734593 0.5612
-6.90766040212187 0.5613
-6.90774227536082 0.5614
-6.90784540898445 0.5615
-6.90795875093709 0.5616
-6.90807144530444 0.5617
-6.90820989791828 0.5618
-6.90835455025674 0.5619
-6.90851238013678 0.562
-6.90866126571949 0.5621
-6.90879515263554 0.5622
-6.9089107104239 0.5623
-6.90901270491216 0.5624
-6.90909826399663 0.5625
-6.9091804275023 0.5626
-6.9092642019492 0.5627
-6.90933324155836 0.5628
-6.90937262851253 0.5629
-6.90940063279153 0.563
-6.9094290380479 0.5631
-6.90943348302208 0.5632
-6.90941924461411 0.5633
-6.90937758171571 0.5634
-6.90933255514611 0.5635
-6.90927905718807 0.5636
-6.90921337034127 0.5637
-6.90914090787781 0.5638
-6.90905715950569 0.5639
-6.90894994419095 0.564
-6.90883364994687 0.5641
-6.90871002046815 0.5642
-6.90859227796621 0.5643
-6.90847963298161 0.5644
-6.90835479735972 0.5645
-6.9082190483079 0.5646
-6.90809356034704 0.5647
-6.90795628842922 0.5648
-6.90782530343253 0.5649
-6.90769565284322 0.565
-6.90756370538949 0.5651
-6.90742231023878 0.5652
-6.90729105775948 0.5653
-6.90715649385825 0.5654
-6.90701486098457 0.5655
-6.90688527767955 0.5656
-6.90675747721353 0.5657
-6.90662090755927 0.5658
-6.90649095434967 0.5659
-6.90639334996617 0.566
-6.90630318765981 0.5661
-6.906225699338 0.5662
-6.90616418968345 0.5663
-6.90612581215191 0.5664
-6.9061147642148 0.5665
-6.90611810427163 0.5666
-6.90613601594532 0.5667
-6.90617299882901 0.5668
-6.90621822072991 0.5669
-6.90627938968691 0.567
-6.90633797845342 0.5671
-6.90639599565695 0.5672
-6.90647058733982 0.5673
-6.9065476820002 0.5674
-6.90663648984845 0.5675
-6.90673173224761 0.5676
-6.90682593116715 0.5677
-6.90692459980367 0.5678
-6.90701974712633 0.5679
-6.9070942074796 0.568
-6.90717017228826 0.5681
-6.90723349423727 0.5682
-6.90728700402551 0.5683
-6.90734256276367 0.5684
-6.9073808639936 0.5685
-6.90740128735734 0.5686
-6.90741513160548 0.5687
-6.90741624472436 0.5688
-6.90741830937685 0.5689
-6.90740859399792 0.569
-6.90739547142041 0.5691
-6.9073672405143 0.5692
-6.90733028345734 0.5693
-6.90728943571127 0.5694
-6.90725079903093 0.5695
-6.90722794405209 0.5696
-6.90719083976736 0.5697
-6.90714545491812 0.5698
-6.90710934713084 0.5699
-6.90707204512031 0.57
-6.90703127865419 0.5701
-6.90700474221533 0.5702
-6.90699291391571 0.5703
-6.90698412319266 0.5704
-6.90698548036907 0.5705
-6.90700692547864 0.5706
-6.90703152890149 0.5707
-6.90706172053793 0.5708
-6.90711075320705 0.5709
-6.90716808910425 0.571
-6.90721010331925 0.5711
-6.9072476590106 0.5712
-6.90726744384217 0.5713
-6.90728091171072 0.5714
-6.90728553665363 0.5715
-6.90727437958513 0.5716
-6.90727081466617 0.5717
-6.90726450720682 0.5718
-6.90724719269028 0.5719
-6.90723174303209 0.572
-6.90721812985402 0.5721
-6.90719701723347 0.5722
-6.90716044227174 0.5723
-6.90712572350929 0.5724
-6.90709557523532 0.5725
-6.90705631123109 0.5726
-6.9070180285376 0.5727
-6.90695806613002 0.5728
-6.9068987961037 0.5729
-6.90684545545673 0.573
-6.90681320983867 0.5731
-6.90677392642193 0.5732
-6.90673171157668 0.5733
-6.90671092028292 0.5734
-6.90668425643248 0.5735
-6.90665227642513 0.5736
-6.90661552888202 0.5737
-6.90659199982147 0.5738
-6.90656603270995 0.5739
-6.9065446538454 0.574
-6.90650759373757 0.5741
-6.9064612525325 0.5742
-6.90641848912579 0.5743
-6.90640116368086 0.5744
-6.90638230992613 0.5745
-6.90637472309318 0.5746
-6.90634642151563 0.5747
-6.90632156074337 0.5748
-6.90629532633971 0.5749
-6.90626589113699 0.575
-6.90621539374513 0.5751
-6.90616284308954 0.5752
-6.9061060013574 0.5753
-6.90604599629653 0.5754
-6.90597748298917 0.5755
-6.90592718998233 0.5756
-6.90587629166312 0.5757
-6.90581500903682 0.5758
-6.90574677419887 0.5759
-6.90568152554641 0.576
-6.90561919315985 0.5761
-6.90555573071132 0.5762
-6.90550357910059 0.5763
-6.90544456901149 0.5764
-6.90540423432442 0.5765
-6.90536483086168 0.5766
-6.90532072214856 0.5767
-6.90528230465772 0.5768
-6.90524504347573 0.5769
-6.9051978435241 0.577
-6.90515719924865 0.5771
-6.90512204050596 0.5772
-6.90509427274721 0.5773
-6.90507534272627 0.5774
-6.90503366614678 0.5775
-6.90499245821619 0.5776
-6.9049392451966 0.5777
-6.90487714716262 0.5778
-6.90480568382726 0.5779
-6.90472799709274 0.578
-6.90464742756524 0.5781
-6.90456241630804 0.5782
-6.90449556159677 0.5783
-6.90443794839407 0.5784
-6.90434583329642 0.5785
-6.90425330643172 0.5786
-6.90415797629657 0.5787
-6.90407888311962 0.5788
-6.90400020298989 0.5789
-6.90394275404189 0.579
-6.90388250497243 0.5791
-6.90382998450572 0.5792
-6.90377906138689 0.5793
-6.90372436704603 0.5794
-6.90367950257906 0.5795
-6.90365574753495 0.5796
-6.90364557753768 0.5797
-6.90364950923918 0.5798
-6.90367212060796 0.5799
-6.90371441436789 0.58
-6.90376184991292 0.5801
-6.90381286179882 0.5802
-6.9038650974286 0.5803
-6.90392621241997 0.5804
-6.90398657637114 0.5805
-6.9040489378306 0.5806
-6.90412078447852 0.5807
-6.90418101031408 0.5808
-6.90422921757876 0.5809
-6.90427327617383 0.581
-6.90429035398189 0.5811
-6.90430814995479 0.5812
-6.90432080722162 0.5813
-6.90433307558073 0.5814
-6.90433501209511 0.5815
-6.90431547792637 0.5816
-6.904299980136 0.5817
-6.90429618382963 0.5818
-6.90427462935806 0.5819
-6.90425298128119 0.582
-6.90424136208268 0.5821
-6.90421803283408 0.5822
-6.90419072777623 0.5823
-6.90416824890052 0.5824
-6.90412213779744 0.5825
-6.90406981840066 0.5826
-6.90402528502063 0.5827
-6.90400407336977 0.5828
-6.90398422979107 0.5829
-6.90397762067001 0.583
-6.90394700187662 0.5831
-6.90392852234967 0.5832
-6.90390367734044 0.5833
-6.90388848731792 0.5834
-6.90387551401884 0.5835
-6.90388223851916 0.5836
-6.90389338780973 0.5837
-6.90389748653807 0.5838
-6.90390200146871 0.5839
-6.90391154001561 0.584
-6.90392045905691 0.5841
-6.90393645449362 0.5842
-6.90393346572463 0.5843
-6.90391669985349 0.5844
-6.90387028668765 0.5845
-6.90381936029564 0.5846
-6.90376683661497 0.5847
-6.90371429565787 0.5848
-6.90365454372246 0.5849
-6.90358684019831 0.585
-6.90351983257253 0.5851
-6.90344682543148 0.5852
-6.90335458316601 0.5853
-6.90325790015606 0.5854
-6.90316055153514 0.5855
-6.90307807154863 0.5856
-6.90297949730897 0.5857
-6.90288002118518 0.5858
-6.90276486365266 0.5859
-6.90265324619019 0.586
-6.90253205265301 0.5861
-6.90241265457098 0.5862
-6.90227298772224 0.5863
-6.90212701640102 0.5864
-6.9019881496415 0.5865
-6.90185347702106 0.5866
-6.90170546371307 0.5867
-6.90155095369502 0.5868
-6.90138940911728 0.5869
-6.90122715736321 0.587
-6.90107693506559 0.5871
-6.90094073675862 0.5872
-6.90081605656544 0.5873
-6.90070518154792 0.5874
-6.90059971609289 0.5875
-6.90049915062085 0.5876
-6.90040117386361 0.5877
-6.90030705410783 0.5878
-6.90020162483512 0.5879
-6.90010056920085 0.588
-6.900011847272 0.5881
-6.89994490730735 0.5882
-6.89987584878881 0.5883
-6.8998159550597 0.5884
-6.89977389058653 0.5885
-6.89973024425572 0.5886
-6.89967764797616 0.5887
-6.8996109913228 0.5888
-6.89952839681752 0.5889
-6.89944756661528 0.589
-6.89937131486042 0.5891
-6.89929403201992 0.5892
-6.89922363767764 0.5893
-6.89915695340448 0.5894
-6.89908444915962 0.5895
-6.89900389014606 0.5896
-6.89893138523706 0.5897
-6.89887933465621 0.5898
-6.89884511562901 0.5899
-6.89880971608507 0.59
-6.89878375093773 0.5901
-6.89877483153894 0.5902
-6.89876754947159 0.5903
-6.89878740802218 0.5904
-6.89883839726982 0.5905
-6.89889870265214 0.5906
-6.89896145021979 0.5907
-6.89903058003504 0.5908
-6.89910562777719 0.5909
-6.89917319872767 0.591
-6.89924956729382 0.5911
-6.89932679271716 0.5912
-6.89941468380002 0.5913
-6.8995055140713 0.5914
-6.8996088411162 0.5915
-6.89970905806801 0.5916
-6.89982067305083 0.5917
-6.89994487183412 0.5918
-6.90007137892464 0.5919
-6.90021634692211 0.592
-6.90035966627198 0.5921
-6.90049629656482 0.5922
-6.90061560103668 0.5923
-6.90074444881725 0.5924
-6.90087227792472 0.5925
-6.90097625701985 0.5926
-6.90108078682229 0.5927
-6.90117483332449 0.5928
-6.90126535485643 0.5929
-6.90136565798506 0.593
-6.90145014079367 0.5931
-6.90152941024824 0.5932
-6.90159569441639 0.5933
-6.90163724720781 0.5934
-6.90167590909415 0.5935
-6.90170426924309 0.5936
-6.90173177682066 0.5937
-6.90176830933396 0.5938
-6.9017969045201 0.5939
-6.90179842274725 0.594
-6.90180134251112 0.5941
-6.90178823694629 0.5942
-6.90177517081671 0.5943
-6.9017745573411 0.5944
-6.90177711363058 0.5945
-6.90178856974333 0.5946
-6.90180107396517 0.5947
-6.90181169063104 0.5948
-6.90180473879116 0.5949
-6.90178593147669 0.595
-6.90175289861592 0.5951
-6.90172441148857 0.5952
-6.90169107557159 0.5953
-6.90166095224966 0.5954
-6.90161099303405 0.5955
-6.90154065872977 0.5956
-6.90145963219505 0.5957
-6.90138217850605 0.5958
-6.90131270916962 0.5959
-6.90125459260509 0.596
-6.90119194486455 0.5961
-6.90113616824921 0.5962
-6.90109010063077 0.5963
-6.90102930887997 0.5964
-6.9009610695033 0.5965
-6.90091301628065 0.5966
-6.90087590831674 0.5967
-6.9008348308995 0.5968
-6.90079983021927 0.5969
-6.90077828458886 0.597
-6.90077758827177 0.5971
-6.90077818432615 0.5972
-6.90079325156216 0.5973
-6.90082058838382 0.5974
-6.90086284058082 0.5975
-6.90090693620902 0.5976
-6.9009264438361 0.5977
-6.90095528781663 0.5978
-6.90099838968469 0.5979
-6.90103222942199 0.598
-6.90108322425651 0.5981
-6.90112386962091 0.5982
-6.90114399795851 0.5983
-6.90113790650184 0.5984
-6.90112253800377 0.5985
-6.90108684301124 0.5986
-6.90104414591284 0.5987
-6.90098459031466 0.5988
-6.90090465523712 0.5989
-6.90080227479499 0.599
-6.90069846042825 0.5991
-6.90059894521992 0.5992
-6.90051034962413 0.5993
-6.90042392914011 0.5994
-6.9003451722156 0.5995
-6.90026655702199 0.5996
-6.90018410486993 0.5997
-6.90011586044295 0.5998
-6.90006336393383 0.5999
-6.900025759009 0.6
-6.89997447477972 0.6001
-6.89991213477024 0.6002
-6.8998637552369 0.6003
-6.89981292687562 0.6004
-6.89977022199757 0.6005
-6.89973256128267 0.6006
-6.89968296764696 0.6007
-6.89962870414271 0.6008
-6.89956198696647 0.6009
-6.89951097009164 0.601
-6.89945565083045 0.6011
-6.89939993965505 0.6012
-6.89934926729111 0.6013
-6.89929669603929 0.6014
-6.89923364096788 0.6015
-6.89916925460413 0.6016
-6.89909472395102 0.6017
-6.89900379522522 0.6018
-6.89891719411671 0.6019
-6.89882692273256 0.602
-6.89874134288568 0.6021
-6.89863940834849 0.6022
-6.89853875531838 0.6023
-6.89843999691085 0.6024
-6.89834283330619 0.6025
-6.89823627422665 0.6026
-6.89813449777833 0.6027
-6.8980480419737 0.6028
-6.89797002064819 0.6029
-6.89790439196441 0.603
-6.89783339315379 0.6031
-6.89775457045059 0.6032
-6.89768850923701 0.6033
-6.89762150556004 0.6034
-6.89757173480857 0.6035
-6.89752083845368 0.6036
-6.89748858179456 0.6037
-6.89746578035509 0.6038
-6.89744550750607 0.6039
-6.89743486415228 0.604
-6.89743903492197 0.6041
-6.89745468398052 0.6042
-6.89747918602044 0.6043
-6.89749915665324 0.6044
-6.89751848594336 0.6045
-6.89754320827658 0.6046
-6.89756587382752 0.6047
-6.89757395478726 0.6048
-6.89760011887183 0.6049
-6.89761256764467 0.605
-6.89762456660213 0.6051
-6.89765809368146 0.6052
-6.89771393485544 0.6053
-6.8977708312907 0.6054
-6.89784109506936 0.6055
-6.89791837679067 0.6056
-6.89800056601643 0.6057
-6.89809109376787 0.6058
-6.89817371694022 0.6059
-6.89825297827443 0.606
-6.89831244377774 0.6061
-6.89835149931409 0.6062
-6.89837293629628 0.6063
-6.89840473178862 0.6064
-6.89844392907803 0.6065
-6.89846817582124 0.6066
-6.89848699248049 0.6067
-6.89847688639313 0.6068
-6.89844059029392 0.6069
-6.89839969482545 0.607
-6.89833739539917 0.6071
-6.89824681805044 0.6072
-6.89814048593185 0.6073
-6.89801473627752 0.6074
-6.89785341349342 0.6075
-6.89768109612272 0.6076
-6.89751222709048 0.6077
-6.89732530194046 0.6078
-6.89715856078806 0.6079
-6.89700001706395 0.608
-6.89685262635734 0.6081
-6.89669363012524 0.6082
-6.89653471596521 0.6083
-6.89638775145699 0.6084
-6.8962454597676 0.6085
-6.89613213888191 0.6086
-6.8960387718122 0.6087
-6.8959313720699 0.6088
-6.89582729224949 0.6089
-6.89574189709219 0.609
-6.89566570874502 0.6091
-6.8955938191308 0.6092
-6.89552641226948 0.6093
-6.89545501540338 0.6094
-6.89538658379522 0.6095
-6.89533813923599 0.6096
-6.89527915854014 0.6097
-6.89521123940896 0.6098
-6.89514981692677 0.6099
-6.8951047767669 0.61
-6.89506600058945 0.6101
-6.89503616267296 0.6102
-6.89501803841074 0.6103
-6.89498590609771 0.6104
-6.89496295271697 0.6105
-6.89494594714049 0.6106
-6.89492172594594 0.6107
-6.89489136086211 0.6108
-6.8948388449293 0.6109
-6.89477632437103 0.611
-6.89472443267702 0.6111
-6.89465492724496 0.6112
-6.89458105411243 0.6113
-6.89449544705649 0.6114
-6.89440825135246 0.6115
-6.89431995080517 0.6116
-6.89423892347264 0.6117
-6.89417269643666 0.6118
-6.89411537629251 0.6119
-6.89406575418033 0.612
-6.89401653229097 0.6121
-6.89396010257176 0.6122
-6.89391643190958 0.6123
-6.89387300089164 0.6124
-6.89382977874056 0.6125
-6.89380117419742 0.6126
-6.89376674991989 0.6127
-6.89372758167048 0.6128
-6.89370423797015 0.6129
-6.89366466061385 0.613
-6.89362123095033 0.6131
-6.8935982044925 0.6132
-6.89358683266651 0.6133
-6.89359826078534 0.6134
-6.89361158918585 0.6135
-6.89363717594798 0.6136
-6.8936770307381 0.6137
-6.89372537069494 0.6138
-6.89379680591689 0.6139
-6.8938729345685 0.614
-6.89394102328646 0.6141
-6.89400176739096 0.6142
-6.89407262694072 0.6143
-6.89414410151737 0.6144
-6.89423397380278 0.6145
-6.89432912634348 0.6146
-6.89442579190391 0.6147
-6.8945536619027 0.6148
-6.89470093473782 0.6149
-6.89482961710535 0.615
-6.89496904640127 0.6151
-6.89512445604215 0.6152
-6.89530149833212 0.6153
-6.89548925127273 0.6154
-6.89569116587521 0.6155
-6.89590207787918 0.6156
-6.89609834096999 0.6157
-6.8962807779322 0.6158
-6.8964532325376 0.6159
-6.89661189154147 0.616
-6.89677335557202 0.6161
-6.89691688952127 0.6162
-6.89704751366529 0.6163
-6.8971633963697 0.6164
-6.89726435907081 0.6165
-6.89733942129002 0.6166
-6.8973811225681 0.6167
-6.89741584812153 0.6168
-6.89742615668103 0.6169
-6.89740805786138 0.617
-6.89738569232442 0.6171
-6.89735667186203 0.6172
-6.89731615228362 0.6173
-6.89727347700711 0.6174
-6.89722640483354 0.6175
-6.89716601757689 0.6176
-6.89708773063794 0.6177
-6.89701567828207 0.6178
-6.89694173056688 0.6179
-6.89687467711283 0.618
-6.89680278281322 0.6181
-6.89676155042248 0.6182
-6.89671242167829 0.6183
-6.89667507498332 0.6184
-6.89666617313423 0.6185
-6.89665783259121 0.6186
-6.89664333358366 0.6187
-6.89662041889471 0.6188
-6.89661231598222 0.6189
-6.89660528748565 0.619
-6.89657640302548 0.6191
-6.89654280139234 0.6192
-6.8965143588169 0.6193
-6.89649178491657 0.6194
-6.89645943124248 0.6195
-6.89643567620101 0.6196
-6.89641224902107 0.6197
-6.89637695712022 0.6198
-6.89633719002586 0.6199
-6.89629345710377 0.62
-6.89624862016304 0.6201
-6.89619265670971 0.6202
-6.89615638746463 0.6203
-6.89612790925781 0.6204
-6.89609977338502 0.6205
-6.8960722168833 0.6206
-6.89605846264912 0.6207
-6.89603073110034 0.6208
-6.89600059226914 0.6209
-6.89596687477631 0.621
-6.89592358512203 0.6211
-6.8958888683825 0.6212
-6.89585710855685 0.6213
-6.89581498505733 0.6214
-6.89574755897957 0.6215
-6.89567636399088 0.6216
-6.89558745623741 0.6217
-6.89550012555775 0.6218
-6.89539633627193 0.6219
-6.89527761340116 0.622
-6.89514301458648 0.6221
-6.89498657803485 0.6222
-6.89480461908063 0.6223
-6.89462865438681 0.6224
-6.8944459913848 0.6225
-6.89425110196968 0.6226
-6.89405934090435 0.6227
-6.89386404598074 0.6228
-6.89366042432197 0.6229
-6.89347483520223 0.623
-6.89329228156001 0.6231
-6.89310469104349 0.6232
-6.89291638212884 0.6233
-6.8927361945003 0.6234
-6.89257820026778 0.6235
-6.89242795864886 0.6236
-6.89229966580183 0.6237
-6.89219014092806 0.6238
-6.8920896011002 0.6239
-6.89199422935656 0.624
-6.89189790928955 0.6241
-6.89181007196422 0.6242
-6.89172968490373 0.6243
-6.8916711425291 0.6244
-6.89161752089311 0.6245
-6.89155753157991 0.6246
-6.89150377321907 0.6247
-6.89144671939407 0.6248
-6.89138401909026 0.6249
-6.89133429368606 0.625
-6.89128531576429 0.6251
-6.89124715162364 0.6252
-6.89121598933729 0.6253
-6.89120054077661 0.6254
-6.89119417989272 0.6255
-6.89118567355137 0.6256
-6.89118643762278 0.6257
-6.89118845259194 0.6258
-6.89120507304234 0.6259
-6.89122921151207 0.626
-6.89128882247155 0.6261
-6.89136490148991 0.6262
-6.89145538903728 0.6263
-6.89153890878529 0.6264
-6.89161395691839 0.6265
-6.89170582114641 0.6266
-6.89181880388335 0.6267
-6.89192365942444 0.6268
-6.89202257252039 0.6269
-6.89212062362165 0.627
-6.89220490919935 0.6271
-6.89226924564375 0.6272
-6.89233203077386 0.6273
-6.8924005728142 0.6274
-6.89244688918527 0.6275
-6.89247942462386 0.6276
-6.89251137512338 0.6277
-6.89252106913131 0.6278
-6.89250803078641 0.6279
-6.89249944083263 0.628
-6.89248650933836 0.6281
-6.89245752098379 0.6282
-6.89241690090878 0.6283
-6.89237091460254 0.6284
-6.89232035694169 0.6285
-6.89225938626691 0.6286
-6.8921775447306 0.6287
-6.89209569674416 0.6288
-6.89200297774146 0.6289
-6.89191804420397 0.629
-6.89183835373503 0.6291
-6.8917469764961 0.6292
-6.89164971760658 0.6293
-6.89154921734058 0.6294
-6.89145973492016 0.6295
-6.8913715326457 0.6296
-6.89129239405796 0.6297
-6.89121202345556 0.6298
-6.89114079454709 0.6299
-6.89106160603437 0.63
-6.89097188760016 0.6301
-6.8908829122543 0.6302
-6.89080698151709 0.6303
-6.89073590637587 0.6304
-6.89065824396471 0.6305
-6.89058370453299 0.6306
-6.89051554535573 0.6307
-6.89044074774732 0.6308
-6.8903690911874 0.6309
-6.89028905496817 0.631
-6.89020190687338 0.6311
-6.89011730880451 0.6312
-6.89003777686077 0.6313
-6.88993948207508 0.6314
-6.88985717037562 0.6315
-6.88977777366246 0.6316
-6.88970221268959 0.6317
-6.88961890350928 0.6318
-6.88954875694686 0.6319
-6.88949865543017 0.632
-6.88945645996499 0.6321
-6.88940931850237 0.6322
-6.88935409253311 0.6323
-6.88930572944127 0.6324
-6.88926498228231 0.6325
-6.88922478478561 0.6326
-6.88918181637463 0.6327
-6.88912861105068 0.6328
-6.88908017492473 0.6329
-6.88904176046555 0.633
-6.88899741100951 0.6331
-6.88893663053817 0.6332
-6.88888460152815 0.6333
-6.88883454854753 0.6334
-6.88879686280227 0.6335
-6.88875785959415 0.6336
-6.88871933472813 0.6337
-6.88868076559169 0.6338
-6.88864770479491 0.6339
-6.88861001906155 0.634
-6.88856065951546 0.6341
-6.88849392048071 0.6342
-6.8884267046243 0.6343
-6.88837767942609 0.6344
-6.88833462200028 0.6345
-6.88829150350523 0.6346
-6.88825644899766 0.6347
-6.8882146594672 0.6348
-6.88816941881274 0.6349
-6.88811631282845 0.635
-6.88806944339419 0.6351
-6.88804155077571 0.6352
-6.88800557722013 0.6353
-6.88796920235667 0.6354
-6.88793035999869 0.6355
-6.8878952635126 0.6356
-6.88786237486523 0.6357
-6.88783190284837 0.6358
-6.88781357874754 0.6359
-6.88779667985607 0.636
-6.88778807487753 0.6361
-6.88776858821704 0.6362
-6.88772858401067 0.6363
-6.88768521926906 0.6364
-6.88766917495873 0.6365
-6.88767030800432 0.6366
-6.88767793834195 0.6367
-6.88767533912831 0.6368
-6.88767514402704 0.6369
-6.88768260753378 0.637
-6.88770055612685 0.6371
-6.88772876358 0.6372
-6.88774442387471 0.6373
-6.88775930676901 0.6374
-6.88777661479654 0.6375
-6.88778680716031 0.6376
-6.88778822256964 0.6377
-6.887785706636 0.6378
-6.88779736727611 0.6379
-6.88781119680262 0.638
-6.88783032062523 0.6381
-6.88786226278361 0.6382
-6.8878636622638 0.6383
-6.88784914869807 0.6384
-6.88784037227357 0.6385
-6.88783547564649 0.6386
-6.88782872218002 0.6387
-6.88781681824591 0.6388
-6.88777692072032 0.6389
-6.88772632407273 0.639
-6.88765747296711 0.6391
-6.88758382512405 0.6392
-6.88750884586445 0.6393
-6.88741774336465 0.6394
-6.88730436812291 0.6395
-6.88718863995571 0.6396
-6.88705458852452 0.6397
-6.8869391243133 0.6398
-6.88681849065074 0.6399
-6.88672181762746 0.64
-6.88662619688362 0.6401
-6.88652242481227 0.6402
-6.88643637481752 0.6403
-6.88634218134042 0.6404
-6.88625337003464 0.6405
-6.88617242035486 0.6406
-6.88610537100069 0.6407
-6.88608084845921 0.6408
-6.8860808693216 0.6409
-6.88611184793354 0.641
-6.88615083888986 0.6411
-6.88619919772538 0.6412
-6.88626359467113 0.6413
-6.88632048635128 0.6414
-6.88638882738852 0.6415
-6.88644003390245 0.6416
-6.88650849011787 0.6417
-6.88656633062814 0.6418
-6.88662317859432 0.6419
-6.88668628441398 0.642
-6.88675700709218 0.6421
-6.886824979012 0.6422
-6.88689158155437 0.6423
-6.88696206026844 0.6424
-6.8870071307043 0.6425
-6.88707526434633 0.6426
-6.8871473325729 0.6427
-6.8872172882813 0.6428
-6.88728810643811 0.6429
-6.88735645227452 0.643
-6.88744221159503 0.6431
-6.88750700486568 0.6432
-6.88759345211043 0.6433
-6.88766659266633 0.6434
-6.88772801281975 0.6435
-6.88778257919238 0.6436
-6.8878214520004 0.6437
-6.88788136885468 0.6438
-6.88792520722382 0.6439
-6.88797047852912 0.644
-6.88802938611981 0.6441
-6.88809461522885 0.6442
-6.88817274066426 0.6443
-6.88824439188217 0.6444
-6.88832075767905 0.6445
-6.88838117198607 0.6446
-6.88841980054051 0.6447
-6.88842361675452 0.6448
-6.88843308153967 0.6449
-6.88844405747442 0.645
-6.8884441521142 0.6451
-6.88843200098335 0.6452
-6.88842011664406 0.6453
-6.88838582749115 0.6454
-6.88833045907428 0.6455
-6.88827030277656 0.6456
-6.88820847320213 0.6457
-6.88813061754746 0.6458
-6.88805931192189 0.6459
-6.88797728631718 0.646
-6.88789561324196 0.6461
-6.88782342097544 0.6462
-6.88773068562762 0.6463
-6.88762584703502 0.6464
-6.88752360100364 0.6465
-6.88741899311924 0.6466
-6.88731367616431 0.6467
-6.88723055750307 0.6468
-6.88715254147818 0.6469
-6.88707298544856 0.647
-6.88699262927659 0.6471
-6.8869057169651 0.6472
-6.88683643123071 0.6473
-6.88678199448758 0.6474
-6.88674932553574 0.6475
-6.88671449284524 0.6476
-6.88670589753537 0.6477
-6.88669110162261 0.6478
-6.88668250369296 0.6479
-6.88667017422914 0.648
-6.88666893600055 0.6481
-6.88665119231967 0.6482
-6.88662315524439 0.6483
-6.88659961312563 0.6484
-6.88658014718078 0.6485
-6.88656681962101 0.6486
-6.88656694413971 0.6487
-6.88655564150945 0.6488
-6.88654118160801 0.6489
-6.88654132170307 0.649
-6.886554704201 0.6491
-6.88655324130767 0.6492
-6.88655057540832 0.6493
-6.88653216334337 0.6494
-6.88650875402017 0.6495
-6.88649178015918 0.6496
-6.88647879394937 0.6497
-6.88648424375451 0.6498
-6.88648262343287 0.6499
-6.88647313977939 0.65
-6.88645394191395 0.6501
-6.8864451854677 0.6502
-6.88642133556126 0.6503
-6.8863824285917 0.6504
-6.88633885699079 0.6505
-6.88628542013776 0.6506
-6.88623205648046 0.6507
-6.88616571860576 0.6508
-6.88609124657305 0.6509
-6.88600347552006 0.651
-6.88593185622152 0.6511
-6.88586695131225 0.6512
-6.88581083007594 0.6513
-6.88574119896137 0.6514
-6.88567420042646 0.6515
-6.88561737766334 0.6516
-6.88555919605174 0.6517
-6.88550001991517 0.6518
-6.88546597365554 0.6519
-6.88544432076739 0.652
-6.88543175891963 0.6521
-6.88541702528294 0.6522
-6.88538898097898 0.6523
-6.88535747541734 0.6524
-6.88531789404844 0.6525
-6.88526893743864 0.6526
-6.88522060197122 0.6527
-6.88519134175874 0.6528
-6.88516897227558 0.6529
-6.88513887422766 0.653
-6.88510695041384 0.6531
-6.88505336141933 0.6532
-6.88498257423823 0.6533
-6.88490445842087 0.6534
-6.88483529306581 0.6535
-6.88475038799464 0.6536
-6.88467556076625 0.6537
-6.88462042530014 0.6538
-6.88455552807012 0.6539
-6.88447412541146 0.654
-6.88439780420943 0.6541
-6.88432315261679 0.6542
-6.88427752726273 0.6543
-6.88425059560263 0.6544
-6.88423868311042 0.6545
-6.88423736874976 0.6546
-6.88425083037252 0.6547
-6.88427531590542 0.6548
-6.88432201003743 0.6549
-6.8843470643481 0.655
-6.88437445215663 0.6551
-6.88440869644321 0.6552
-6.88443863439286 0.6553
-6.88449047901075 0.6554
-6.88455547282699 0.6555
-6.88462745569722 0.6556
-6.88469200325568 0.6557
-6.88474891822375 0.6558
-6.88481067247463 0.6559
-6.88485800714798 0.656
-6.88489806936066 0.6561
-6.88493202881349 0.6562
-6.88497010598817 0.6563
-6.88500832437002 0.6564
-6.88502077866068 0.6565
-6.88503935380122 0.6566
-6.885038384372 0.6567
-6.88502943650873 0.6568
-6.88502613840327 0.6569
-6.88500836405739 0.657
-6.88497919411349 0.6571
-6.88492727305172 0.6572
-6.88488343668575 0.6573
-6.88483403297303 0.6574
-6.88476503258033 0.6575
-6.88468535912739 0.6576
-6.88458573781159 0.6577
-6.88448774215613 0.6578
-6.88437984465119 0.6579
-6.88424359664412 0.658
-6.88407368801082 0.6581
-6.88390045316214 0.6582
-6.88373659682505 0.6583
-6.88357506706956 0.6584
-6.88341778654287 0.6585
-6.88327345254994 0.6586
-6.8831467503629 0.6587
-6.8830098665437 0.6588
-6.88288555550157 0.6589
-6.8827749852955 0.659
-6.88266494784155 0.6591
-6.88255016413139 0.6592
-6.88245236779579 0.6593
-6.88235386574317 0.6594
-6.88224087331727 0.6595
-6.88211863599382 0.6596
-6.88199535560044 0.6597
-6.88185674685913 0.6598
-6.8817245915423 0.6599
-6.88157278863684 0.66
-6.88143733570478 0.6601
-6.88128976757079 0.6602
-6.88114904807804 0.6603
-6.8810056910081 0.6604
-6.88085697279254 0.6605
-6.8806909788577 0.6606
-6.880523833426 0.6607
-6.88035675469622 0.6608
-6.88019625546739 0.6609
-6.88005806730366 0.661
-6.87993351089985 0.6611
-6.87980850763475 0.6612
-6.8796838707381 0.6613
-6.87956863065199 0.6614
-6.87946483252375 0.6615
-6.87937125204995 0.6616
-6.8793006189227 0.6617
-6.8792451271271 0.6618
-6.87921515759786 0.6619
-6.87918826647113 0.662
-6.87916846845686 0.6621
-6.87915256044876 0.6622
-6.87914433139599 0.6623
-6.87913418514718 0.6624
-6.87912694741907 0.6625
-6.87913994075332 0.6626
-6.87915392740443 0.6627
-6.87916215011054 0.6628
-6.87919711794099 0.6629
-6.87924056003783 0.663
-6.87930219224254 0.6631
-6.87936432166701 0.6632
-6.87944886421574 0.6633
-6.87953565201375 0.6634
-6.87960327402554 0.6635
-6.87967596725181 0.6636
-6.87973282812647 0.6637
-6.87978435873314 0.6638
-6.8798331829477 0.6639
-6.8798841976819 0.664
-6.87993476714733 0.6641
-6.87998211085477 0.6642
-6.88000390559582 0.6643
-6.88001734183237 0.6644
-6.88002709050998 0.6645
-6.88001672340442 0.6646
-6.88000489981374 0.6647
-6.87998638332674 0.6648
-6.87997590544246 0.6649
-6.87994902892426 0.665
-6.87990725337408 0.6651
-6.87985865567095 0.6652
-6.87980474908044 0.6653
-6.87973088919018 0.6654
-6.87964368087702 0.6655
-6.87954601732803 0.6656
-6.87944856970754 0.6657
-6.87935639158145 0.6658
-6.87925243256472 0.6659
-6.87913610094374 0.666
-6.87900614741757 0.6661
-6.87887540703182 0.6662
-6.87874277088503 0.6663
-6.87860979376521 0.6664
-6.87850511503502 0.6665
-6.87840379377055 0.6666
-6.87830478070654 0.6667
-6.87823185921163 0.6668
-6.87815739637561 0.6669
-6.87809897622664 0.667
-6.87805320544108 0.6671
-6.8779916609712 0.6672
-6.87793007684081 0.6673
-6.87787919817881 0.6674
-6.87784839096154 0.6675
-6.87784029150812 0.6676
-6.87786565003341 0.6677
-6.87790087218765 0.6678
-6.87795946317625 0.6679
-6.87803172942099 0.668
-6.87810613344151 0.6681
-6.87818282373182 0.6682
-6.87826963654447 0.6683
-6.8783735525601 0.6684
-6.87847273299915 0.6685
-6.87856946942388 0.6686
-6.87866358269385 0.6687
-6.8787471299864 0.6688
-6.87880586342323 0.6689
-6.87887115726651 0.669
-6.87892904809233 0.6691
-6.8789915156729 0.6692
-6.87906284751281 0.6693
-6.87911997947582 0.6694
-6.87918822403778 0.6695
-6.87924089560499 0.6696
-6.87927044414901 0.6697
-6.87929963075166 0.6698
-6.87933289637943 0.6699
-6.8793686110091 0.67
-6.87939432442512 0.6701
-6.87942327682253 0.6702
-6.87946531844883 0.6703
-6.87951140371599 0.6704
-6.87952308128358 0.6705
-6.87952934730757 0.6706
-6.87951273525108 0.6707
-6.87947364167574 0.6708
-6.87942424373473 0.6709
-6.87935170230149 0.671
-6.87925848461024 0.6711
-6.8791543056402 0.6712
-6.87902932040654 0.6713
-6.87890845866289 0.6714
-6.87878767095304 0.6715
-6.87863883719439 0.6716
-6.87848619840853 0.6717
-6.87831801496373 0.6718
-6.8781561953512 0.6719
-6.87799945312752 0.672
-6.87786318398619 0.6721
-6.87774896814138 0.6722
-6.87763425459888 0.6723
-6.87750856293359 0.6724
-6.87736768581394 0.6725
-6.87721600064835 0.6726
-6.87707969993825 0.6727
-6.87693728800463 0.6728
-6.87678789489015 0.6729
-6.87664501002779 0.673
-6.87650456725228 0.6731
-6.87638787282433 0.6732
-6.87628226615035 0.6733
-6.87617522719776 0.6734
-6.87607843455366 0.6735
-6.87597197448911 0.6736
-6.87586786125547 0.6737
-6.87576288612279 0.6738
-6.87568813111135 0.6739
-6.87560868178581 0.674
-6.87552761264154 0.6741
-6.87543675831897 0.6742
-6.87535877891802 0.6743
-6.87525820753362 0.6744
-6.8751430818136 0.6745
-6.87503662362735 0.6746
-6.87491320664163 0.6747
-6.87479033097342 0.6748
-6.87467801594256 0.6749
-6.87458617374139 0.675
-6.87449179940813 0.6751
-6.87439444972767 0.6752
-6.87429656956495 0.6753
-6.87419951310627 0.6754
-6.87409258505443 0.6755
-6.87398229432402 0.6756
-6.87387891393503 0.6757
-6.87377890950502 0.6758
-6.87368524855383 0.6759
-6.87357890543247 0.676
-6.87348809660266 0.6761
-6.87338361151932 0.6762
-6.87329201780362 0.6763
-6.87318552844428 0.6764
-6.87309531515672 0.6765
-6.87303535051076 0.6766
-6.87300118001212 0.6767
-6.87299023926208 0.6768
-6.87298519980978 0.6769
-6.8729858656453 0.677
-6.87298912961518 0.6771
-6.87300773740297 0.6772
-6.87304372769054 0.6773
-6.87309855230921 0.6774
-6.87315964768912 0.6775
-6.87322629651377 0.6776
-6.87330467698862 0.6777
-6.87340593151596 0.6778
-6.87352709920162 0.6779
-6.87365667893983 0.678
-6.8738224059006 0.6781
-6.87397371587734 0.6782
-6.87412609069781 0.6783
-6.87428035221144 0.6784
-6.87442538011198 0.6785
-6.8745460316111 0.6786
-6.87465528202869 0.6787
-6.87475455363215 0.6788
-6.87485856782635 0.6789
-6.87495788113386 0.679
-6.87505296087895 0.6791
-6.87513099364711 0.6792
-6.87519007600275 0.6793
-6.87522406954735 0.6794
-6.87523902840022 0.6795
-6.8752492306165 0.6796
-6.87525711706216 0.6797
-6.87527051947517 0.6798
-6.87528341233672 0.6799
-6.87528249090755 0.68
-6.87526919466103 0.6801
-6.87524228659598 0.6802
-6.875231757111 0.6803
-6.87523268505562 0.6804
-6.87520949383512 0.6805
-6.87520559160024 0.6806
-6.875199067231 0.6807
-6.87516460016404 0.6808
-6.87513355598975 0.6809
-6.87509466184512 0.681
-6.87504889408906 0.6811
-6.87499133103633 0.6812
-6.87495225731523 0.6813
-6.87489685177227 0.6814
-6.8748540058352 0.6815
-6.87481763959785 0.6816
-6.87478061892349 0.6817
-6.87473696985515 0.6818
-6.87471589905891 0.6819
-6.87470360756329 0.682
-6.87470963478917 0.6821
-6.87469743611093 0.6822
-6.87468497079495 0.6823
-6.87465381563906 0.6824
-6.87459843565655 0.6825
-6.87452678810839 0.6826
-6.87442881374486 0.6827
-6.87432693951232 0.6828
-6.87420509311747 0.6829
-6.8740874718948 0.683
-6.87395376190327 0.6831
-6.8738168049236 0.6832
-6.87368125650369 0.6833
-6.87355518079534 0.6834
-6.87344926289857 0.6835
-6.87333114347714 0.6836
-6.87322036274182 0.6837
-6.87313425242777 0.6838
-6.87306591543857 0.6839
-6.87302286559772 0.684
-6.87300917034665 0.6841
-6.87299689840376 0.6842
-6.87300162454415 0.6843
-6.87300604563212 0.6844
-6.87302256180089 0.6845
-6.87305646412955 0.6846
-6.87309849569127 0.6847
-6.87314196251884 0.6848
-6.87317784676546 0.6849
-6.8731823527714 0.685
-6.87318530940154 0.6851
-6.8731832381718 0.6852
-6.87316149490757 0.6853
-6.87316242472859 0.6854
-6.87316148016671 0.6855
-6.87313546490457 0.6856
-6.87311701975481 0.6857
-6.87309650492985 0.6858
-6.87306828256933 0.6859
-6.87302910449582 0.686
-6.87299006011833 0.6861
-6.87292829406988 0.6862
-6.87282393314047 0.6863
-6.87267930135444 0.6864
-6.87253232865127 0.6865
-6.8723859566205 0.6866
-6.87222516783146 0.6867
-6.87204511910411 0.6868
-6.871861263585 0.6869
-6.87166299010588 0.687
-6.87146218510584 0.6871
-6.87124331139852 0.6872
-6.87100403000538 0.6873
-6.87076339938201 0.6874
-6.87050180766692 0.6875
-6.87023450200671 0.6876
-6.86997093811644 0.6877
-6.86969327838705 0.6878
-6.86943074784507 0.6879
-6.86916883195111 0.688
-6.86891730905729 0.6881
-6.86868245648747 0.6882
-6.86846985301983 0.6883
-6.86826313719613 0.6884
-6.86807445534617 0.6885
-6.86788746604247 0.6886
-6.86770883825774 0.6887
-6.86756446610187 0.6888
-6.86745140016729 0.6889
-6.86735381727594 0.689
-6.86728040707132 0.6891
-6.86720765397576 0.6892
-6.86715446916646 0.6893
-6.86711939904424 0.6894
-6.8671149965028 0.6895
-6.86712526028776 0.6896
-6.86714559307645 0.6897
-6.86718567001785 0.6898
-6.86722524133938 0.6899
-6.8672477949658 0.69
-6.86726727867231 0.6901
-6.86729136792705 0.6902
-6.86729955335716 0.6903
-6.86730753725327 0.6904
-6.86733137383501 0.6905
-6.86735674425069 0.6906
-6.86738500963956 0.6907
-6.86741658546185 0.6908
-6.86744526069422 0.6909
-6.86745843626755 0.691
-6.86745325191723 0.6911
-6.8674526340695 0.6912
-6.86744254033261 0.6913
-6.86739320351378 0.6914
-6.86737722383707 0.6915
-6.86735499830915 0.6916
-6.86731751644111 0.6917
-6.86726237028311 0.6918
-6.86717748016907 0.6919
-6.86709239930639 0.692
-6.8670172134413 0.6921
-6.86693962893412 0.6922
-6.86684975837381 0.6923
-6.86678398613008 0.6924
-6.866707704482 0.6925
-6.86665063743039 0.6926
-6.86660912761668 0.6927
-6.86657441609823 0.6928
-6.86656952084281 0.6929
-6.86659051968798 0.693
-6.86664456589899 0.6931
-6.86671446814831 0.6932
-6.8667949066564 0.6933
-6.86688191007434 0.6934
-6.86696644360394 0.6935
-6.86705071550076 0.6936
-6.86713342622126 0.6937
-6.86723889919477 0.6938
-6.86735559953674 0.6939
-6.86746092488195 0.694
-6.86755760472111 0.6941
-6.86765222969103 0.6942
-6.86775385133747 0.6943
-6.86785136676159 0.6944
-6.86794634276438 0.6945
-6.86802152349236 0.6946
-6.86808040715925 0.6947
-6.86813355042694 0.6948
-6.86816460827186 0.6949
-6.86818701171841 0.695
-6.86818206290625 0.6951
-6.86816282882332 0.6952
-6.86814421598373 0.6953
-6.86811741170484 0.6954
-6.86807881548538 0.6955
-6.86803896540981 0.6956
-6.86800813954845 0.6957
-6.867983750677 0.6958
-6.86795764052391 0.6959
-6.86791077105582 0.696
-6.8678666579505 0.6961
-6.86784116189868 0.6962
-6.86782803905722 0.6963
-6.86781848265759 0.6964
-6.86781761850764 0.6965
-6.86782231894982 0.6966
-6.8678114753247 0.6967
-6.86779851146895 0.6968
-6.86777910868675 0.6969
-6.86774868959714 0.697
-6.86771207881098 0.6971
-6.86767686096059 0.6972
-6.86761249864354 0.6973
-6.86753315861545 0.6974
-6.86745193561371 0.6975
-6.86736905250442 0.6976
-6.86726576268493 0.6977
-6.86713377371201 0.6978
-6.8669919506747 0.6979
-6.86685598765115 0.698
-6.866720319286 0.6981
-6.86656298100675 0.6982
-6.86641123517009 0.6983
-6.86624410250579 0.6984
-6.8660576925781 0.6985
-6.86587290063574 0.6986
-6.86570008570255 0.6987
-6.86554487152862 0.6988
-6.86537873153672 0.6989
-6.86521199656469 0.699
-6.86505232469798 0.6991
-6.86491086723665 0.6992
-6.8647706266615 0.6993
-6.86463500224756 0.6994
-6.86448870061817 0.6995
-6.86436449886834 0.6996
-6.86425730019474 0.6997
-6.86416399052204 0.6998
-6.86405088334567 0.6999
-6.86396070994608 0.7
-6.86387211078949 0.7001
-6.86378263749951 0.7002
-6.86370242301371 0.7003
-6.86362178270521 0.7004
-6.86354317565063 0.7005
-6.8634815397626 0.7006
-6.86341444823853 0.7007
-6.86334578136251 0.7008
-6.86327542168482 0.7009
-6.86320780826105 0.701
-6.86316126025806 0.7011
-6.86313699205019 0.7012
-6.86312992594388 0.7013
-6.86312419303054 0.7014
-6.86312767685205 0.7015
-6.86313047983311 0.7016
-6.86313445331312 0.7017
-6.86312406012901 0.7018
-6.86311227627275 0.7019
-6.86308403854061 0.702
-6.86307482951801 0.7021
-6.86307858935534 0.7022
-6.8631077013495 0.7023
-6.86313690669216 0.7024
-6.86315502208571 0.7025
-6.86312467316855 0.7026
-6.86307229282449 0.7027
-6.86301205542108 0.7028
-6.86293625557204 0.7029
-6.86286946764972 0.703
-6.86277634748177 0.7031
-6.86267055509795 0.7032
-6.86253515335365 0.7033
-6.86240213912923 0.7034
-6.86224467881598 0.7035
-6.86209734664714 0.7036
-6.86196175219539 0.7037
-6.8618277798198 0.7038
-6.86167261355247 0.7039
-6.86150692660613 0.704
-6.8613438660992 0.7041
-6.86118999685469 0.7042
-6.86104831360563 0.7043
-6.86092093652073 0.7044
-6.86080913334576 0.7045
-6.86072203432204 0.7046
-6.8606353715313 0.7047
-6.86055973054833 0.7048
-6.8604900598259 0.7049
-6.86044851383182 0.705
-6.86039581415345 0.7051
-6.86035430410439 0.7052
-6.86035140831829 0.7053
-6.86035993876843 0.7054
-6.86037305365559 0.7055
-6.86038918942846 0.7056
-6.86041225181485 0.7057
-6.86042588529274 0.7058
-6.8604673403013 0.7059
-6.86052687535405 0.706
-6.86058745264371 0.7061
-6.86066913305897 0.7062
-6.86075849019334 0.7063
-6.86085689165284 0.7064
-6.86094835352924 0.7065
-6.86106941715747 0.7066
-6.86118339915944 0.7067
-6.86130478543455 0.7068
-6.86142452750177 0.7069
-6.86153529973354 0.707
-6.86163262393678 0.7071
-6.86170656896669 0.7072
-6.86176529058549 0.7073
-6.86181420385497 0.7074
-6.86187169250502 0.7075
-6.86192594568471 0.7076
-6.86197810644791 0.7077
-6.86203334920053 0.7078
-6.86205704749057 0.7079
-6.86205464928196 0.708
-6.86205102720191 0.7081
-6.86205738263866 0.7082
-6.86206759485208 0.7083
-6.8620605931443 0.7084
-6.86207302269091 0.7085
-6.86210079179104 0.7086
-6.86212486899534 0.7087
-6.86214005553588 0.7088
-6.86215050216563 0.7089
-6.86215826505213 0.709
-6.86216830409038 0.7091
-6.8621797232407 0.7092
-6.86218822170205 0.7093
-6.86219545954222 0.7094
-6.86219525761375 0.7095
-6.8621777925278 0.7096
-6.86215151930148 0.7097
-6.86211386560993 0.7098
-6.86206421253616 0.7099
-6.86201256027222 0.71
-6.86194542513274 0.7101
-6.86188335192726 0.7102
-6.86181487148451 0.7103
-6.86173694130211 0.7104
-6.86165053776264 0.7105
-6.86156814157036 0.7106
-6.86149806618932 0.7107
-6.86144173721028 0.7108
-6.86138883353676 0.7109
-6.86134450256481 0.711
-6.86131003950915 0.7111
-6.86126849780358 0.7112
-6.86123690090886 0.7113
-6.86121365541034 0.7114
-6.86119339441941 0.7115
-6.86116091685477 0.7116
-6.86112285466123 0.7117
-6.86108216839514 0.7118
-6.86105453557484 0.7119
-6.8610271807846 0.712
-6.86097603729789 0.7121
-6.86091311262936 0.7122
-6.86086265585656 0.7123
-6.86080971287976 0.7124
-6.86075422852494 0.7125
-6.86068765389748 0.7126
-6.8606285965886 0.7127
-6.86054601274035 0.7128
-6.8604568617117 0.7129
-6.86037341002831 0.713
-6.86028315453621 0.7131
-6.86019390993616 0.7132
-6.86011488725226 0.7133
-6.86002223893313 0.7134
-6.85993285881558 0.7135
-6.85984550802004 0.7136
-6.85975092609667 0.7137
-6.85965050036674 0.7138
-6.85955560601907 0.7139
-6.85946908025641 0.714
-6.85938097747316 0.7141
-6.85929366027689 0.7142
-6.8592008881514 0.7143
-6.85914339620005 0.7144
-6.85909958781101 0.7145
-6.85906070104163 0.7146
-6.85903102406314 0.7147
-6.85898858936759 0.7148
-6.85896892799607 0.7149
-6.85893617547304 0.715
-6.85888947136342 0.7151
-6.85884437066434 0.7152
-6.85877927497422 0.7153
-6.85871902417514 0.7154
-6.85866054246277 0.7155
-6.85862421625315 0.7156
-6.85857185549341 0.7157
-6.85849383564288 0.7158
-6.85840512495877 0.7159
-6.85832500935877 0.716
-6.85824290636146 0.7161
-6.85815396179024 0.7162
-6.8580645956345 0.7163
-6.85798472519885 0.7164
-6.85789337727579 0.7165
-6.85780674891609 0.7166
-6.85773079728517 0.7167
-6.8576612307893 0.7168
-6.85759078184361 0.7169
-6.85749248339646 0.717
-6.85738890055316 0.7171
-6.85727550426534 0.7172
-6.85714638016301 0.7173
-6.85700733641262 0.7174
-6.85685226845273 0.7175
-6.85667656601637 0.7176
-6.85649963462418 0.7177
-6.85633514144155 0.7178
-6.85620039576793 0.7179
-6.85606448051969 0.718
-6.85594681738963 0.7181
-6.85581552159741 0.7182
-6.85568425829328 0.7183
-6.85557555564639 0.7184
-6.85547349314158 0.7185
-6.85538249589576 0.7186
-6.85530753845814 0.7187
-6.85525247042737 0.7188
-6.85520334842367 0.7189
-6.85519988428117 0.719
-6.85521761633005 0.7191
-6.85523496906841 0.7192
-6.85523825605294 0.7193
-6.85527152480456 0.7194
-6.85529408682185 0.7195
-6.8553120637776 0.7196
-6.85532909802218 0.7197
-6.85533877752755 0.7198
-6.85533432398879 0.7199
-6.85531229418697 0.72
-6.85529607115085 0.7201
-6.85525463575548 0.7202
-6.85519670559136 0.7203
-6.85511003304081 0.7204
-6.85500294644948 0.7205
-6.85488319956033 0.7206
-6.85472671319085 0.7207
-6.85455172469528 0.7208
-6.85438263391729 0.7209
-6.85419267713909 0.721
-6.85400128908923 0.7211
-6.85381056498341 0.7212
-6.85360376154031 0.7213
-6.85340448959783 0.7214
-6.85322605111757 0.7215
-6.85305254442951 0.7216
-6.85288533522474 0.7217
-6.85273057256525 0.7218
-6.85257526089592 0.7219
-6.8524523474586 0.722
-6.85235976370431 0.7221
-6.85228476133776 0.7222
-6.85222833966924 0.7223
-6.85219071128233 0.7224
-6.85214749398817 0.7225
-6.85212977503319 0.7226
-6.85213792294414 0.7227
-6.85216101332014 0.7228
-6.85217320105295 0.7229
-6.85221441570045 0.723
-6.85224462255396 0.7231
-6.85225226945161 0.7232
-6.8522436106388 0.7233
-6.85224815762098 0.7234
-6.85225541150679 0.7235
-6.85225009547279 0.7236
-6.85221535276559 0.7237
-6.85216161322988 0.7238
-6.85210995273292 0.7239
-6.85204227504212 0.724
-6.85196266719024 0.7241
-6.85187415902382 0.7242
-6.85176936319007 0.7243
-6.85166387243696 0.7244
-6.851544524962 0.7245
-6.85142351938187 0.7246
-6.85130422627385 0.7247
-6.85118818594589 0.7248
-6.85107361807622 0.7249
-6.8509775513673 0.725
-6.85090123730034 0.7251
-6.85082978999606 0.7252
-6.8507734673971 0.7253
-6.85072753438982 0.7254
-6.85068050760803 0.7255
-6.85066657698292 0.7256
-6.85065043656411 0.7257
-6.85063959817812 0.7258
-6.85062125900494 0.7259
-6.85062732431495 0.726
-6.85062587461526 0.7261
-6.85060135280864 0.7262
-6.85056143213266 0.7263
-6.85051591290111 0.7264
-6.85046342915627 0.7265
-6.85039309526745 0.7266
-6.85033362616913 0.7267
-6.85027709513254 0.7268
-6.85024138773267 0.7269
-6.85020625459138 0.727
-6.85017643639635 0.7271
-6.85013898396306 0.7272
-6.85008808802039 0.7273
-6.85002067383257 0.7274
-6.84992839848003 0.7275
-6.84983053560723 0.7276
-6.84976449152746 0.7277
-6.84969846899428 0.7278
-6.84964306606377 0.7279
-6.84958041610706 0.728
-6.8495380559007 0.7281
-6.84952445768494 0.7282
-6.8495277260912 0.7283
-6.84955075457894 0.7284
-6.84958299199525 0.7285
-6.84963140077226 0.7286
-6.84968691181292 0.7287
-6.84971490229972 0.7288
-6.84975441076767 0.7289
-6.8497811896648 0.729
-6.84980385184143 0.7291
-6.8498154856742 0.7292
-6.84981888764311 0.7293
-6.84982246375305 0.7294
-6.84982818614434 0.7295
-6.84983536783753 0.7296
-6.84981504613534 0.7297
-6.84978854764692 0.7298
-6.8497745891309 0.7299
-6.84973448340168 0.73
-6.84969233025209 0.7301
-6.8496385266394 0.7302
-6.84958156002446 0.7303
-6.8495260468617 0.7304
-6.84947336132174 0.7305
-6.84941106861814 0.7306
-6.84932788304114 0.7307
-6.84925231146114 0.7308
-6.84915193158263 0.7309
-6.84903703845642 0.731
-6.84891472986665 0.7311
-6.84875746143053 0.7312
-6.84861041244702 0.7313
-6.848444409703 0.7314
-6.84825258768097 0.7315
-6.84806670084707 0.7316
-6.84787368865941 0.7317
-6.84770141414011 0.7318
-6.84754307093016 0.7319
-6.84740738820166 0.732
-6.84729659416876 0.7321
-6.84719070561018 0.7322
-6.84710124486394 0.7323
-6.84704462041052 0.7324
-6.84700847203942 0.7325
-6.84700160493456 0.7326
-6.84702669477991 0.7327
-6.8470550931668 0.7328
-6.84711899080149 0.7329
-6.8471914244471 0.733
-6.84727960072745 0.7331
-6.84737734593496 0.7332
-6.84745424806748 0.7333
-6.8475332942553 0.7334
-6.84762697261232 0.7335
-6.8477193756899 0.7336
-6.84780125222873 0.7337
-6.84790252913185 0.7338
-6.84800628694544 0.7339
-6.8480936113824 0.734
-6.84818425049762 0.7341
-6.84827490048719 0.7342
-6.84834350513267 0.7343
-6.8484040503612 0.7344
-6.84845713864836 0.7345
-6.84850654989378 0.7346
-6.84855964122101 0.7347
-6.84859007140524 0.7348
-6.84860624870785 0.7349
-6.84862276943873 0.735
-6.84862120752376 0.7351
-6.84860860142284 0.7352
-6.84856307300165 0.7353
-6.84850668843628 0.7354
-6.84845998447588 0.7355
-6.84840103383309 0.7356
-6.84833410855921 0.7357
-6.84826053370979 0.7358
-6.84818249222899 0.7359
-6.84808987436994 0.736
-6.84798273230569 0.7361
-6.84785703500434 0.7362
-6.84771009616968 0.7363
-6.84758080188547 0.7364
-6.84743735696314 0.7365
-6.84729866913671 0.7366
-6.84714599343685 0.7367
-6.84696493823652 0.7368
-6.84678638651274 0.7369
-6.84662854300716 0.737
-6.84648500434572 0.7371
-6.84636122427041 0.7372
-6.84624972860187 0.7373
-6.84613016299962 0.7374
-6.84599736161284 0.7375
-6.84587369452542 0.7376
-6.84577409688037 0.7377
-6.84568912068279 0.7378
-6.84561043088261 0.7379
-6.84551863595588 0.738
-6.84545740919268 0.7381
-6.84539733416531 0.7382
-6.84534096672351 0.7383
-6.84527794722444 0.7384
-6.84522090873631 0.7385
-6.84517113412637 0.7386
-6.84513276929625 0.7387
-6.84510372561194 0.7388
-6.8450675596192 0.7389
-6.84502059358997 0.739
-6.84497892425497 0.7391
-6.84490544329017 0.7392
-6.84482599353228 0.7393
-6.84474774786563 0.7394
-6.84466710215713 0.7395
-6.84456845104546 0.7396
-6.84447368814037 0.7397
-6.84437426161167 0.7398
-6.84427057599504 0.7399
-6.84414143053391 0.74
-6.84400287866472 0.7401
-6.84387233158575 0.7402
-6.8437454467377 0.7403
-6.84364291477506 0.7404
-6.84356010900228 0.7405
-6.84351887512291 0.7406
-6.84347899249185 0.7407
-6.84345931290017 0.7408
-6.84344210127939 0.7409
-6.84343908220971 0.741
-6.84342760792287 0.7411
-6.84341405270895 0.7412
-6.84340519494382 0.7413
-6.84338304467736 0.7414
-6.84334939690044 0.7415
-6.84332590858049 0.7416
-6.84332272173651 0.7417
-6.84332342462456 0.7418
-6.84328451135989 0.7419
-6.84324513966402 0.742
-6.84319336501821 0.7421
-6.84315689181187 0.7422
-6.84311601157631 0.7423
-6.84307811895257 0.7424
-6.84301714902523 0.7425
-6.84295128312943 0.7426
-6.84287556029767 0.7427
-6.84278897126421 0.7428
-6.84271842014329 0.7429
-6.84266783992613 0.743
-6.84259998347064 0.7431
-6.84253350981996 0.7432
-6.84246199298177 0.7433
-6.84239445204001 0.7434
-6.84231130069823 0.7435
-6.84221757757311 0.7436
-6.84211146565552 0.7437
-6.8420188534416 0.7438
-6.84189997395247 0.7439
-6.84178312968551 0.744
-6.84167350108675 0.7441
-6.84157747359619 0.7442
-6.84147109324238 0.7443
-6.8413666609297 0.7444
-6.84127342419779 0.7445
-6.84117438960908 0.7446
-6.8410921248233 0.7447
-6.84098564109215 0.7448
-6.84088049953751 0.7449
-6.8408136407607 0.745
-6.84077241384228 0.7451
-6.84077375354382 0.7452
-6.84074062084677 0.7453
-6.84073089773888 0.7454
-6.84074420830825 0.7455
-6.84076665996202 0.7456
-6.84083373992324 0.7457
-6.84090490631725 0.7458
-6.84100829567138 0.7459
-6.84113873333448 0.746
-6.84130145536962 0.7461
-6.84146955026991 0.7462
-6.84165254833756 0.7463
-6.84184531370948 0.7464
-6.84204378471428 0.7465
-6.84224203214782 0.7466
-6.84246114178168 0.7467
-6.84267266916278 0.7468
-6.84285941094665 0.7469
-6.84303231493159 0.747
-6.84320781274106 0.7471
-6.84337295373878 0.7472
-6.84351363754912 0.7473
-6.84364013984782 0.7474
-6.84374468433971 0.7475
-6.84384322950981 0.7476
-6.84393070243959 0.7477
-6.84399928375307 0.7478
-6.84405371173029 0.7479
-6.84406508295449 0.748
-6.84407330935213 0.7481
-6.8440734168641 0.7482
-6.84404887692581 0.7483
-6.84400791145425 0.7484
-6.84395924223139 0.7485
-6.84390147135961 0.7486
-6.84383523911132 0.7487
-6.84376402967142 0.7488
-6.84370197220032 0.7489
-6.84362843332143 0.749
-6.84355386961369 0.7491
-6.84347438643478 0.7492
-6.84337052820434 0.7493
-6.84326233967536 0.7494
-6.843153059581 0.7495
-6.84303016799572 0.7496
-6.84291201115297 0.7497
-6.84281753814178 0.7498
-6.84272148631536 0.7499
-6.84263045091307 0.75
-6.84252902811892 0.7501
-6.84242676049003 0.7502
-6.84233909494642 0.7503
-6.84227091349631 0.7504
-6.84220085894134 0.7505
-6.8421556444575 0.7506
-6.84213057726191 0.7507
-6.84208825580063 0.7508
-6.84206200585752 0.7509
-6.84203910627744 0.751
-6.84202408496107 0.7511
-6.84199401602731 0.7512
-6.84197289264326 0.7513
-6.8419335492168 0.7514
-6.84189177645348 0.7515
-6.84183217737627 0.7516
-6.84177993312118 0.7517
-6.84172164203267 0.7518
-6.84165775303472 0.7519
-6.84158504214889 0.752
-6.84152658233102 0.7521
-6.84141710569887 0.7522
-6.84134109369492 0.7523
-6.84128056935933 0.7524
-6.84121252828126 0.7525
-6.84113648315198 0.7526
-6.84105928213263 0.7527
-6.84099049017186 0.7528
-6.84091765784115 0.7529
-6.84083497954206 0.753
-6.840757759189 0.7531
-6.84066365608445 0.7532
-6.84060893358885 0.7533
-6.84055846227818 0.7534
-6.84049735601847 0.7535
-6.84043809500257 0.7536
-6.8403932001293 0.7537
-6.84033459196403 0.7538
-6.84027723724602 0.7539
-6.84022704933516 0.754
-6.84017545612744 0.7541
-6.84012546380506 0.7542
-6.84006073995337 0.7543
-6.83997482055571 0.7544
-6.83990726470585 0.7545
-6.83985745630258 0.7546
-6.83980618462683 0.7547
-6.8397459547568 0.7548
-6.83967677411553 0.7549
-6.83960616196816 0.755
-6.83951761489032 0.7551
-6.83941981116093 0.7552
-6.8393096644854 0.7553
-6.83918731791341 0.7554
-6.83906040484456 0.7555
-6.83891852641989 0.7556
-6.8387616519264 0.7557
-6.83860975242975 0.7558
-6.83845703578252 0.7559
-6.83829776962804 0.756
-6.83812884491782 0.7561
-6.83797554603217 0.7562
-6.83783336834488 0.7563
-6.83770596940406 0.7564
-6.83758534342123 0.7565
-6.8374634900208 0.7566
-6.83735332743031 0.7567
-6.83725471445755 0.7568
-6.83718003230586 0.7569
-6.83711403867889 0.757
-6.83704764381479 0.7571
-6.83700136725045 0.7572
-6.83695458327974 0.7573
-6.83692775067683 0.7574
-6.83692183577752 0.7575
-6.83690857281723 0.7576
-6.83689080866012 0.7577
-6.83687039607154 0.7578
-6.83687045465576 0.7579
-6.83687096869743 0.758
-6.83689839667596 0.7581
-6.83692325078632 0.7582
-6.83694029146446 0.7583
-6.83695597984595 0.7584
-6.83697975883306 0.7585
-6.8370181793036 0.7586
-6.83703017103974 0.7587
-6.83705178232562 0.7588
-6.83707348996146 0.7589
-6.8370673468312 0.759
-6.83704067752377 0.7591
-6.83698962262371 0.7592
-6.83693847256446 0.7593
-6.8368480881603 0.7594
-6.83673656289129 0.7595
-6.83663605492028 0.7596
-6.83652830845399 0.7597
-6.83641025866551 0.7598
-6.83626690915816 0.7599
-6.83611866247945 0.76
-6.83597800642055 0.7601
-6.83582465445629 0.7602
-6.83566579726112 0.7603
-6.83550095905461 0.7604
-6.83533327712567 0.7605
-6.83514725178239 0.7606
-6.83495099125065 0.7607
-6.83476072818699 0.7608
-6.83456778841098 0.7609
-6.83438865890947 0.761
-6.83423531138371 0.7611
-6.83410141378948 0.7612
-6.83397111017977 0.7613
-6.83382568883212 0.7614
-6.83369371428402 0.7615
-6.83357155993484 0.7616
-6.83344693076606 0.7617
-6.83332343548505 0.7618
-6.83320962381879 0.7619
-6.83310771411175 0.762
-6.83299795240805 0.7621
-6.83290913224682 0.7622
-6.83281381836224 0.7623
-6.83272054035389 0.7624
-6.83263067246536 0.7625
-6.83254753200562 0.7626
-6.83246842179957 0.7627
-6.8323824999145 0.7628
-6.83228780172701 0.7629
-6.83219950962991 0.763
-6.8321173860256 0.7631
-6.83204891353589 0.7632
-6.83195160962743 0.7633
-6.83185417899765 0.7634
-6.83180577447483 0.7635
-6.83174357554643 0.7636
-6.83168766035995 0.7637
-6.83164619121682 0.7638
-6.83163287993542 0.7639
-6.83164463686862 0.764
-6.83169494706653 0.7641
-6.83174152303182 0.7642
-6.83177333558786 0.7643
-6.83181447391799 0.7644
-6.83185581121774 0.7645
-6.83189387430098 0.7646
-6.83193101882965 0.7647
-6.83196361035909 0.7648
-6.8320158935134 0.7649
-6.83206328948052 0.765
-6.83210178905109 0.7651
-6.83217162220525 0.7652
-6.83222391059882 0.7653
-6.83224569509947 0.7654
-6.83226225751045 0.7655
-6.83227436781524 0.7656
-6.83228130945975 0.7657
-6.83227447106838 0.7658
-6.8322608300544 0.7659
-6.8322378519797 0.766
-6.83223659944788 0.7661
-6.83226781906183 0.7662
-6.8322999759058 0.7663
-6.83233170716377 0.7664
-6.83234687960091 0.7665
-6.8323679460929 0.7666
-6.83238112977018 0.7667
-6.83240450718166 0.7668
-6.83244249195312 0.7669
-6.83248518193759 0.767
-6.8325329648486 0.7671
-6.83259263481119 0.7672
-6.83265235062727 0.7673
-6.8327050886948 0.7674
-6.83275804177853 0.7675
-6.83280413577477 0.7676
-6.83282685516465 0.7677
-6.8328522248207 0.7678
-6.83286860884843 0.7679
-6.83288825760679 0.768
-6.83288560664177 0.7681
-6.83287032121527 0.7682
-6.83285255468497 0.7683
-6.83283570257096 0.7684
-6.83281991656111 0.7685
-6.83277862702535 0.7686
-6.83271120960295 0.7687
-6.83264300971173 0.7688
-6.8325565774672 0.7689
-6.83245802192392 0.769
-6.83234288583289 0.7691
-6.83220365034827 0.7692
-6.83207592439522 0.7693
-6.83194509714321 0.7694
-6.8318245043297 0.7695
-6.83170662581006 0.7696
-6.83157124882365 0.7697
-6.83144909530561 0.7698
-6.83132838955893 0.7699
-6.83121656080301 0.77
-6.83111321595992 0.7701
-6.83102476637719 0.7702
-6.8309436206155 0.7703
-6.83088683533084 0.7704
-6.83083201090288 0.7705
-6.83077122580253 0.7706
-6.83071366529879 0.7707
-6.83066293165621 0.7708
-6.83061880280695 0.7709
-6.83059285555952 0.771
-6.83058203177605 0.7711
-6.83058477053903 0.7712
-6.83058271391298 0.7713
-6.83057999348047 0.7714
-6.83059854392951 0.7715
-6.83062829951492 0.7716
-6.83064283818804 0.7717
-6.83064480200056 0.7718
-6.83062765718859 0.7719
-6.83060780246799 0.772
-6.83058504384549 0.7721
-6.83054126337585 0.7722
-6.83046429940534 0.7723
-6.8303613843976 0.7724
-6.83024769645631 0.7725
-6.83013143234173 0.7726
-6.8299920110122 0.7727
-6.82984733879794 0.7728
-6.82969466295736 0.7729
-6.82950385005467 0.773
-6.82933115208232 0.7731
-6.82915129724801 0.7732
-6.82896362312879 0.7733
-6.82879963954722 0.7734
-6.82863622104203 0.7735
-6.82847884937318 0.7736
-6.82834188409432 0.7737
-6.82821595033281 0.7738
-6.82812218300148 0.7739
-6.82802166233955 0.774
-6.82790070163578 0.7741
-6.82776932224623 0.7742
-6.82765403899172 0.7743
-6.82755809887109 0.7744
-6.82749337983824 0.7745
-6.82746102726795 0.7746
-6.82745114607081 0.7747
-6.82745398338561 0.7748
-6.82744153987823 0.7749
-6.82743251660035 0.775
-6.82740395136566 0.7751
-6.82736898468221 0.7752
-6.82736126222969 0.7753
-6.82734250797635 0.7754
-6.82733414204613 0.7755
-6.82732367939733 0.7756
-6.82732528172533 0.7757
-6.82732932909817 0.7758
-6.82732258212166 0.7759
-6.82732590950296 0.776
-6.82732644215231 0.7761
-6.82731121421598 0.7762
-6.82730312380557 0.7763
-6.82729825041274 0.7764
-6.82729402046229 0.7765
-6.82730516995026 0.7766
-6.82730746938781 0.7767
-6.82729776776337 0.7768
-6.82727321419497 0.7769
-6.82722605878284 0.777
-6.82716900104459 0.7771
-6.82709153342527 0.7772
-6.82698058023238 0.7773
-6.82686010738871 0.7774
-6.82675823288531 0.7775
-6.82665899375175 0.7776
-6.82655744853771 0.7777
-6.82645995142194 0.7778
-6.82635847175087 0.7779
-6.82624432414537 0.778
-6.82610389938374 0.7781
-6.82595078035026 0.7782
-6.82578959318647 0.7783
-6.82561437352069 0.7784
-6.82542842938742 0.7785
-6.82524587046174 0.7786
-6.82505611519957 0.7787
-6.82486561191315 0.7788
-6.82465605445575 0.7789
-6.8244534239215 0.779
-6.82426881934035 0.7791
-6.82409884878858 0.7792
-6.82396159754569 0.7793
-6.82386784779672 0.7794
-6.8238217031736 0.7795
-6.82380068801042 0.7796
-6.82380894432098 0.7797
-6.82382101219513 0.7798
-6.82386442326237 0.7799
-6.82389784653609 0.78
-6.82394214641921 0.7801
-6.82400083638926 0.7802
-6.82406095258355 0.7803
-6.82413030598014 0.7804
-6.82420434329592 0.7805
-6.82431322531328 0.7806
-6.82444771532639 0.7807
-6.82456507051592 0.7808
-6.8246850982935 0.7809
-6.82481043554257 0.781
-6.82492305826221 0.7811
-6.82503985307204 0.7812
-6.82515829647589 0.7813
-6.82527069101304 0.7814
-6.82538538443972 0.7815
-6.82548057247743 0.7816
-6.82557405111656 0.7817
-6.82566973447613 0.7818
-6.82574767011147 0.7819
-6.82582897563102 0.782
-6.82588066860868 0.7821
-6.82593889828342 0.7822
-6.82600733530488 0.7823
-6.82608319468509 0.7824
-6.82617597275181 0.7825
-6.8263089835652 0.7826
-6.82645507500603 0.7827
-6.82661237388577 0.7828
-6.82675871661626 0.7829
-6.82689839240122 0.783
-6.82704253705567 0.7831
-6.8271697860339 0.7832
-6.82730273260382 0.7833
-6.82743040214374 0.7834
-6.82752744802169 0.7835
-6.82761359220916 0.7836
-6.82769010586695 0.7837
-6.82774882755457 0.7838
-6.82776532103698 0.7839
-6.82776884451163 0.784
-6.82775728307637 0.7841
-6.82773476498612 0.7842
-6.82769253383809 0.7843
-6.82763273477647 0.7844
-6.82756210575742 0.7845
-6.82747888914112 0.7846
-6.82738095130899 0.7847
-6.82725671613305 0.7848
-6.82713656261772 0.7849
-6.82700443108313 0.785
-6.82685767741119 0.7851
-6.82670313518182 0.7852
-6.82655396542246 0.7853
-6.82643474656501 0.7854
-6.8263171043994 0.7855
-6.82619247581081 0.7856
-6.82604647145 0.7857
-6.82587007558687 0.7858
-6.82568365135053 0.7859
-6.82551568174368 0.786
-6.82536387736409 0.7861
-6.82519766104986 0.7862
-6.82502418587548 0.7863
-6.8248687919501 0.7864
-6.8247208930166 0.7865
-6.82457110658709 0.7866
-6.82441172346209 0.7867
-6.82426260341608 0.7868
-6.82413049964536 0.7869
-6.82401709764914 0.787
-6.82392424798345 0.7871
-6.82382577528827 0.7872
-6.82374929176294 0.7873
-6.8236968726204 0.7874
-6.82366850347617 0.7875
-6.82365055551948 0.7876
-6.82363005672372 0.7877
-6.82359781081004 0.7878
-6.82355691991073 0.7879
-6.8235049391143 0.788
-6.82345485207835 0.7881
-6.82342784034661 0.7882
-6.82339994416516 0.7883
-6.82337800946611 0.7884
-6.82335934624014 0.7885
-6.82333818680287 0.7886
-6.82334386672123 0.7887
-6.82336381445247 0.7888
-6.82341462227132 0.7889
-6.82348243633519 0.789
-6.82357137687559 0.7891
-6.82365145551291 0.7892
-6.82370008235633 0.7893
-6.82373928067168 0.7894
-6.82378168334997 0.7895
-6.82380661878922 0.7896
-6.82382950443038 0.7897
-6.82383151178648 0.7898
-6.82383509118383 0.7899
-6.82381845179689 0.79
-6.82378753779374 0.7901
-6.82376915189416 0.7902
-6.82374642363219 0.7903
-6.82371243492433 0.7904
-6.82367646580389 0.7905
-6.82363253156795 0.7906
-6.82358905976187 0.7907
-6.82355722103503 0.7908
-6.82352314325736 0.7909
-6.82345610445271 0.791
-6.82337051425919 0.7911
-6.8232935443581 0.7912
-6.82323586440479 0.7913
-6.82319825345911 0.7914
-6.82315858410078 0.7915
-6.8231063902551 0.7916
-6.82304802638599 0.7917
-6.82299032702965 0.7918
-6.82296461343094 0.7919
-6.82294380217708 0.792
-6.82295113361645 0.7921
-6.8229602190088 0.7922
-6.82297264115432 0.7923
-6.82299717351112 0.7924
-6.82303257805755 0.7925
-6.82306662594381 0.7926
-6.82310515121483 0.7927
-6.82314033487553 0.7928
-6.82316687202804 0.7929
-6.82320294042729 0.793
-6.82324812689425 0.7931
-6.82326933801357 0.7932
-6.82328686808308 0.7933
-6.823264412455 0.7934
-6.82324667169823 0.7935
-6.82319904846656 0.7936
-6.82314271516774 0.7937
-6.82306592768287 0.7938
-6.82298255853833 0.7939
-6.82286217948293 0.794
-6.82270920413 0.7941
-6.82253729683062 0.7942
-6.82235645196013 0.7943
-6.82216005288039 0.7944
-6.82194657926448 0.7945
-6.82170582725788 0.7946
-6.82144782425876 0.7947
-6.82120361430888 0.7948
-6.82097363880458 0.7949
-6.82073329755268 0.795
-6.82046265901895 0.7951
-6.82018891577877 0.7952
-6.81992286855669 0.7953
-6.81966511464572 0.7954
-6.81941269263158 0.7955
-6.81916259498845 0.7956
-6.81888994155561 0.7957
-6.81864391699321 0.7958
-6.81840981713654 0.7959
-6.81818007509437 0.796
-6.81795486217122 0.7961
-6.81773962868433 0.7962
-6.81754082319565 0.7963
-6.81734459097681 0.7964
-6.8171540676745 0.7965
-6.81696700317143 0.7966
-6.81677892038621 0.7967
-6.81659120290706 0.7968
-6.81640353933241 0.7969
-6.81621224298096 0.797
-6.81601589941144 0.7971
-6.8158358227297 0.7972
-6.81565491040797 0.7973
-6.8154592371341 0.7974
-6.81528497065885 0.7975
-6.81510022101842 0.7976
-6.81489074018887 0.7977
-6.81467134743881 0.7978
-6.81447242401595 0.7979
-6.81429063198903 0.798
-6.81410839676132 0.7981
-6.81394221006411 0.7982
-6.81376398694848 0.7983
-6.8135991021886 0.7984
-6.81348170510856 0.7985
-6.81337486022259 0.7986
-6.81327167845121 0.7987
-6.81318044533266 0.7988
-6.81310407654049 0.7989
-6.81301975069743 0.799
-6.81295095987017 0.7991
-6.81290030050094 0.7992
-6.81290353857517 0.7993
-6.81290149991638 0.7994
-6.81291030339984 0.7995
-6.81289972653094 0.7996
-6.81289844003995 0.7997
-6.81292960748874 0.7998
-6.81295929861014 0.7999
-6.81299965405132 0.8
-6.81305998115831 0.8001
-6.81313389392663 0.8002
-6.81320955235159 0.8003
-6.81328351546504 0.8004
-6.8133414506065 0.8005
-6.81339599404011 0.8006
-6.81348303091264 0.8007
-6.81356142079744 0.8008
-6.8136290547392 0.8009
-6.81369111376846 0.801
-6.81372116461166 0.8011
-6.81377228728246 0.8012
-6.81382491196559 0.8013
-6.81388100653979 0.8014
-6.81393613272514 0.8015
-6.81398313023909 0.8016
-6.81399669583425 0.8017
-6.81400316075732 0.8018
-6.81397858776541 0.8019
-6.81392546823808 0.802
-6.81384282119833 0.8021
-6.8137324672634 0.8022
-6.81362422918287 0.8023
-6.81350031800621 0.8024
-6.81335092813214 0.8025
-6.81317978431137 0.8026
-6.8130052361968 0.8027
-6.81280190351911 0.8028
-6.81259249328744 0.8029
-6.81236541007448 0.803
-6.81212291292239 0.8031
-6.81185039283988 0.8032
-6.81154821451643 0.8033
-6.8112545630606 0.8034
-6.81097530309618 0.8035
-6.81069905963462 0.8036
-6.8104272500801 0.8037
-6.81017289761458 0.8038
-6.80991226481018 0.8039
-6.8096509477522 0.804
-6.80938843017117 0.8041
-6.80912550997368 0.8042
-6.80885979414558 0.8043
-6.80861079610397 0.8044
-6.80837590814785 0.8045
-6.80814854179472 0.8046
-6.80792732356636 0.8047
-6.80773730473452 0.8048
-6.80754553115831 0.8049
-6.80737275145443 0.805
-6.80723026320119 0.8051
-6.80710064207378 0.8052
-6.8069681292987 0.8053
-6.80684531326241 0.8054
-6.80672357820086 0.8055
-6.80660223575891 0.8056
-6.80647896773914 0.8057
-6.80635496021488 0.8058
-6.80624348209984 0.8059
-6.80615672878324 0.806
-6.80610173015763 0.8061
-6.8060396637596 0.8062
-6.80598843047314 0.8063
-6.8059564559571 0.8064
-6.80591363643872 0.8065
-6.80584496536906 0.8066
-6.80581141792525 0.8067
-6.80578900312796 0.8068
-6.80576266649375 0.8069
-6.80573635769312 0.807
-6.80574570787095 0.8071
-6.80576064564589 0.8072
-6.80579994405479 0.8073
-6.80586567994921 0.8074
-6.80594443998111 0.8075
-6.8060268758483 0.8076
-6.80612621309409 0.8077
-6.80623303336254 0.8078
-6.80634180330252 0.8079
-6.80646461051327 0.808
-6.80659622311922 0.8081
-6.80671047557903 0.8082
-6.80683889481092 0.8083
-6.80694906701562 0.8084
-6.807065605027 0.8085
-6.80716441589766 0.8086
-6.80726471072711 0.8087
-6.80737341390066 0.8088
-6.80747231185643 0.8089
-6.80756826814086 0.809
-6.80768023864521 0.8091
-6.80780828315814 0.8092
-6.80791735604217 0.8093
-6.8080300785968 0.8094
-6.80812686048141 0.8095
-6.80822444713013 0.8096
-6.80831771240028 0.8097
-6.80838657664529 0.8098
-6.80845764990473 0.8099
-6.8085155467967 0.81
-6.80853935611237 0.8101
-6.80854867323825 0.8102
-6.80854365071289 0.8103
-6.80851498768615 0.8104
-6.8084656626162 0.8105
-6.80840813557275 0.8106
-6.80835027353583 0.8107
-6.80829378655776 0.8108
-6.8082302253236 0.8109
-6.80817415146702 0.811
-6.80807957196194 0.8111
-6.80796789487105 0.8112
-6.80784025050588 0.8113
-6.80770024766461 0.8114
-6.80754884399259 0.8115
-6.80739175621156 0.8116
-6.80723106028525 0.8117
-6.80706049373767 0.8118
-6.80688217393698 0.8119
-6.80671500704305 0.812
-6.80654612721165 0.8121
-6.80638701651585 0.8122
-6.8062292467416 0.8123
-6.80608616304183 0.8124
-6.80593093701317 0.8125
-6.8057695646012 0.8126
-6.80558604568415 0.8127
-6.80540516095047 0.8128
-6.80522316686555 0.8129
-6.80503531399496 0.813
-6.8048531199065 0.8131
-6.80472884673839 0.8132
-6.80462797794893 0.8133
-6.80454114488399 0.8134
-6.80446821918522 0.8135
-6.80439273592108 0.8136
-6.80434881645708 0.8137
-6.80432852107814 0.8138
-6.80430994443188 0.8139
-6.80431698092963 0.814
-6.80434682012286 0.8141
-6.80436574792058 0.8142
-6.80440181472534 0.8143
-6.80446464904715 0.8144
-6.80450107670842 0.8145
-6.80450838049275 0.8146
-6.80451864972086 0.8147
-6.80452146656033 0.8148
-6.80453100934681 0.8149
-6.80453416336064 0.815
-6.80452586126188 0.8151
-6.80451836469674 0.8152
-6.80450993212546 0.8153
-6.80449440863737 0.8154
-6.80447459650738 0.8155
-6.80444253395824 0.8156
-6.80443349330623 0.8157
-6.80439519843034 0.8158
-6.80435642494557 0.8159
-6.80430204616414 0.816
-6.80426136097561 0.8161
-6.80420582508035 0.8162
-6.80413525826309 0.8163
-6.80405861546733 0.8164
-6.80399320338935 0.8165
-6.80391793557714 0.8166
-6.80385346935752 0.8167
-6.80378235973604 0.8168
-6.80371072550412 0.8169
-6.80365717114109 0.817
-6.80362700793154 0.8171
-6.80358691766841 0.8172
-6.80353226857797 0.8173
-6.80348775411649 0.8174
-6.80347463237702 0.8175
-6.8034863826216 0.8176
-6.80349590718321 0.8177
-6.80353210185505 0.8178
-6.80356394669711 0.8179
-6.80360697291093 0.818
-6.80364263997968 0.8181
-6.80369865422866 0.8182
-6.80375284911961 0.8183
-6.80381799277232 0.8184
-6.80389304092398 0.8185
-6.80396895060205 0.8186
-6.80405412447519 0.8187
-6.80413219296762 0.8188
-6.80421838963097 0.8189
-6.80429075156738 0.819
-6.80435928329776 0.8191
-6.80440985012068 0.8192
-6.80446463840756 0.8193
-6.80450951731456 0.8194
-6.80455180785825 0.8195
-6.80459120252877 0.8196
-6.80462195725078 0.8197
-6.80464173530105 0.8198
-6.80464128529059 0.8199
-6.80461988698578 0.82
-6.8046083253404 0.8201
-6.80457796742201 0.8202
-6.80452790591679 0.8203
-6.80449735530362 0.8204
-6.80443775208437 0.8205
-6.80436656359994 0.8206
-6.8043047854366 0.8207
-6.80424424412646 0.8208
-6.80420073812118 0.8209
-6.80415429561554 0.821
-6.804062634027 0.8211
-6.80395018567735 0.8212
-6.80383733339151 0.8213
-6.80370914585819 0.8214
-6.80359983972252 0.8215
-6.80349402749211 0.8216
-6.80338691311883 0.8217
-6.8032619043034 0.8218
-6.80314090340532 0.8219
-6.80303444604453 0.822
-6.80291805864548 0.8221
-6.80281273394621 0.8222
-6.80271806523716 0.8223
-6.80264036446219 0.8224
-6.80259622618329 0.8225
-6.80254701018922 0.8226
-6.80248644966707 0.8227
-6.80242845208907 0.8228
-6.80239839210854 0.8229
-6.80235242354759 0.823
-6.80228853953173 0.8231
-6.80223727467613 0.8232
-6.80215284714948 0.8233
-6.80206927419197 0.8234
-6.80200047407899 0.8235
-6.80194832416402 0.8236
-6.80190433955773 0.8237
-6.80184477929935 0.8238
-6.80179458154566 0.8239
-6.80173327694482 0.824
-6.8016665092193 0.8241
-6.80157944770715 0.8242
-6.80149099280205 0.8243
-6.80139872472762 0.8244
-6.80129695268977 0.8245
-6.80118943156166 0.8246
-6.80107797221532 0.8247
-6.80095631119606 0.8248
-6.8008562371662 0.8249
-6.80075112968262 0.825
-6.80063337153399 0.8251
-6.80049167074048 0.8252
-6.80034958827891 0.8253
-6.80020696176046 0.8254
-6.80006856086778 0.8255
-6.79993938391051 0.8256
-6.79982663373126 0.8257
-6.79974224491104 0.8258
-6.79966505422408 0.8259
-6.79958201505614 0.826
-6.79951191512588 0.8261
-6.7994381602012 0.8262
-6.79935758352543 0.8263
-6.79927294372424 0.8264
-6.79918598104944 0.8265
-6.79911700464467 0.8266
-6.79907577629574 0.8267
-6.7990928259173 0.8268
-6.7991424955024 0.8269
-6.79920343719839 0.827
-6.79930757201295 0.8271
-6.79941249247493 0.8272
-6.79954310299306 0.8273
-6.79967657517944 0.8274
-6.7998291450067 0.8275
-6.80000932802974 0.8276
-6.80020798103251 0.8277
-6.80046313861195 0.8278
-6.80071245761285 0.8279
-6.80094004313909 0.828
-6.80116518812179 0.8281
-6.80137262607771 0.8282
-6.80161226299098 0.8283
-6.80185377982004 0.8284
-6.80208329121193 0.8285
-6.80230384795881 0.8286
-6.80251521331917 0.8287
-6.80269330870736 0.8288
-6.80284155058869 0.8289
-6.80294064364926 0.829
-6.80302861428374 0.8291
-6.80308641907918 0.8292
-6.80311061247315 0.8293
-6.80311430476672 0.8294
-6.80308788984682 0.8295
-6.80306330164845 0.8296
-6.80302809429048 0.8297
-6.80296563663562 0.8298
-6.80287328887647 0.8299
-6.80276827425793 0.83
-6.80265346998258 0.8301
-6.80251299446471 0.8302
-6.80233748457411 0.8303
-6.80216950587283 0.8304
-6.80198814862105 0.8305
-6.80183846034669 0.8306
-6.80173328890385 0.8307
-6.80163709377984 0.8308
-6.80154252867314 0.8309
-6.80148730437217 0.831
-6.80143666446022 0.8311
-6.80140986659058 0.8312
-6.80138682409993 0.8313
-6.80139563747728 0.8314
-6.80141225149124 0.8315
-6.80143695057792 0.8316
-6.80145620963379 0.8317
-6.80150380171331 0.8318
-6.80156698187836 0.8319
-6.80163505139168 0.832
-6.8017006523044 0.8321
-6.80177028216374 0.8322
-6.80184612792387 0.8323
-6.80189858401373 0.8324
-6.8019459143936 0.8325
-6.80196621947187 0.8326
-6.80196337764135 0.8327
-6.80197089552805 0.8328
-6.80198340203321 0.8329
-6.80198219012302 0.833
-6.80196990643254 0.8331
-6.80195095066165 0.8332
-6.80190742038036 0.8333
-6.80186178165111 0.8334
-6.80181731998363 0.8335
-6.80174543104518 0.8336
-6.80163898191172 0.8337
-6.80150796990283 0.8338
-6.80136246976493 0.8339
-6.80121062695225 0.834
-6.80107234637457 0.8341
-6.80092420139681 0.8342
-6.80078423126509 0.8343
-6.80063294571175 0.8344
-6.80047309831937 0.8345
-6.80033123635221 0.8346
-6.80019119187186 0.8347
-6.80005707398364 0.8348
-6.79990422791827 0.8349
-6.79976325281979 0.835
-6.79960399706168 0.8351
-6.79946258424604 0.8352
-6.79934272421509 0.8353
-6.79922233717126 0.8354
-6.79910318024776 0.8355
-6.79895565035794 0.8356
-6.79883685082938 0.8357
-6.79870948885071 0.8358
-6.79858640876559 0.8359
-6.79849415366371 0.836
-6.79841889496717 0.8361
-6.79835338867996 0.8362
-6.79831811431006 0.8363
-6.79827000725718 0.8364
-6.79822044292452 0.8365
-6.79815875847265 0.8366
-6.79808612196399 0.8367
-6.79801556978741 0.8368
-6.79794896264899 0.8369
-6.79789449543769 0.837
-6.79782615280446 0.8371
-6.79776158512172 0.8372
-6.79770228589882 0.8373
-6.79763032719392 0.8374
-6.79757652299499 0.8375
-6.79753153309748 0.8376
-6.79748153271815 0.8377
-6.7974383372208 0.8378
-6.79739939504284 0.8379
-6.79731172157256 0.838
-6.79718068714368 0.8381
-6.79701826027744 0.8382
-6.79684215308472 0.8383
-6.79669968391054 0.8384
-6.79659469123455 0.8385
-6.79647659392559 0.8386
-6.79637958229676 0.8387
-6.79631425309763 0.8388
-6.79624014756204 0.8389
-6.79616814975525 0.839
-6.79611082584968 0.8391
-6.79603357958619 0.8392
-6.79594976509688 0.8393
-6.79583628013283 0.8394
-6.79574303781871 0.8395
-6.79563586869394 0.8396
-6.79553691217196 0.8397
-6.79543706496759 0.8398
-6.79535855314938 0.8399
-6.7952857559932 0.84
-6.79517906895886 0.8401
-6.79507821257372 0.8402
-6.79498518090887 0.8403
-6.79486584387584 0.8404
-6.79474879045347 0.8405
-6.79464343330827 0.8406
-6.79454155047933 0.8407
-6.79442559764856 0.8408
-6.79433398823394 0.8409
-6.79424845442011 0.841
-6.7941868505036 0.8411
-6.7941630532711 0.8412
-6.79414648967879 0.8413
-6.79416823894815 0.8414
-6.7942074683498 0.8415
-6.79428798993835 0.8416
-6.79436921851379 0.8417
-6.7944804551224 0.8418
-6.79459515663174 0.8419
-6.79471481568947 0.842
-6.79483821203627 0.8421
-6.79496120584918 0.8422
-6.7950826075001 0.8423
-6.79520906787241 0.8424
-6.79532205218182 0.8425
-6.79542013481282 0.8426
-6.79551958195773 0.8427
-6.79556956226511 0.8428
-6.79559874210507 0.8429
-6.79557494019106 0.843
-6.7955196056408 0.8431
-6.79542853473152 0.8432
-6.79532043832037 0.8433
-6.79522216209057 0.8434
-6.79513820633191 0.8435
-6.79506864357322 0.8436
-6.79500217532641 0.8437
-6.79493929450622 0.8438
-6.79489300912946 0.8439
-6.79487608590173 0.844
-6.79487944432994 0.8441
-6.79489156895949 0.8442
-6.79491265321342 0.8443
-6.7949175063267 0.8444
-6.79495114779152 0.8445
-6.79499336528159 0.8446
-6.7950485515341 0.8447
-6.7951242268255 0.8448
-6.7952213816237 0.8449
-6.79532870285433 0.845
-6.79544022574876 0.8451
-6.79556716607707 0.8452
-6.79566659113725 0.8453
-6.79577029251028 0.8454
-6.79586439720334 0.8455
-6.79593196387294 0.8456
-6.79599455518234 0.8457
-6.79604762150465 0.8458
-6.79610815352063 0.8459
-6.79614778435829 0.846
-6.79617490948688 0.8461
-6.79617582123084 0.8462
-6.79616026479308 0.8463
-6.79611654919747 0.8464
-6.79603766816037 0.8465
-6.79591797206851 0.8466
-6.79578679843195 0.8467
-6.79565509652318 0.8468
-6.79551696141307 0.8469
-6.79537700266304 0.847
-6.79523773927167 0.8471
-6.79506385008963 0.8472
-6.7948706271754 0.8473
-6.79465373041674 0.8474
-6.79444545961236 0.8475
-6.79426772670033 0.8476
-6.79410294670954 0.8477
-6.79394056560293 0.8478
-6.79379489548262 0.8479
-6.79365785278514 0.848
-6.79351710667219 0.8481
-6.79339328945223 0.8482
-6.79327637895864 0.8483
-6.79316643499762 0.8484
-6.79308260799093 0.8485
-6.7929950155189 0.8486
-6.79291254894294 0.8487
-6.7928441143813 0.8488
-6.79277431486239 0.8489
-6.79268402481835 0.849
-6.79260091834199 0.8491
-6.79250429123851 0.8492
-6.79237482575567 0.8493
-6.79223258723442 0.8494
-6.79211678597564 0.8495
-6.79197517643732 0.8496
-6.79180370393359 0.8497
-6.79161163611674 0.8498
-6.79145438501344 0.8499
-6.79128128681437 0.85
-6.79114924449963 0.8501
-6.79101766451777 0.8502
-6.79089680156938 0.8503
-6.79077571612586 0.8504
-6.7906626279658 0.8505
-6.79052389015849 0.8506
-6.79040166515228 0.8507
-6.79029330447714 0.8508
-6.79021775079085 0.8509
-6.79014948169077 0.851
-6.79010464991425 0.8511
-6.79006785657474 0.8512
-6.79002484115676 0.8513
-6.79001352408509 0.8514
-6.79001938778019 0.8515
-6.79002175944739 0.8516
-6.79003023948935 0.8517
-6.79005427481791 0.8518
-6.79007339471454 0.8519
-6.79011034157914 0.852
-6.79013906009206 0.8521
-6.79018368911885 0.8522
-6.79023529797766 0.8523
-6.79027918871257 0.8524
-6.79030726045497 0.8525
-6.79032352225836 0.8526
-6.79036001376623 0.8527
-6.79040729355134 0.8528
-6.79043433660755 0.8529
-6.79046074271198 0.853
-6.7904734815229 0.8531
-6.79046457751403 0.8532
-6.79041796590854 0.8533
-6.7903653829288 0.8534
-6.79028702223586 0.8535
-6.79020995267647 0.8536
-6.79014670478708 0.8537
-6.79006652817726 0.8538
-6.78998587927752 0.8539
-6.78991098311999 0.854
-6.78982760354329 0.8541
-6.78973092611431 0.8542
-6.78962936340608 0.8543
-6.78953592105133 0.8544
-6.78944538665795 0.8545
-6.78935952733385 0.8546
-6.78927863666129 0.8547
-6.78924996583687 0.8548
-6.78921064782542 0.8549
-6.78914560395731 0.855
-6.7890767409704 0.8551
-6.78901627730153 0.8552
-6.78897367105653 0.8553
-6.78893336535949 0.8554
-6.78889081248062 0.8555
-6.78885930785991 0.8556
-6.78884402315888 0.8557
-6.78883216395094 0.8558
-6.78884163496203 0.8559
-6.78887348080507 0.856
-6.78892796554677 0.8561
-6.78903023995614 0.8562
-6.78917372778659 0.8563
-6.78931483283841 0.8564
-6.7894653789861 0.8565
-6.78961168390664 0.8566
-6.78976516217975 0.8567
-6.78992469774508 0.8568
-6.79008991836827 0.8569
-6.79024298925296 0.857
-6.79034981135026 0.8571
-6.7904309379481 0.8572
-6.79049891372413 0.8573
-6.79052700090812 0.8574
-6.79054659756076 0.8575
-6.79053383833233 0.8576
-6.7905026045346 0.8577
-6.7904418043437 0.8578
-6.79036115428751 0.8579
-6.79023903448417 0.858
-6.79011178081215 0.8581
-6.78997637958655 0.8582
-6.78981329552948 0.8583
-6.78966413939629 0.8584
-6.78951744774756 0.8585
-6.7893688818776 0.8586
-6.78923949437143 0.8587
-6.78909460354576 0.8588
-6.78895080229904 0.8589
-6.78882320766604 0.859
-6.78866338246112 0.8591
-6.78850737932294 0.8592
-6.78833728860538 0.8593
-6.78818266141944 0.8594
-6.78800739068784 0.8595
-6.78784750150007 0.8596
-6.78770639121148 0.8597
-6.78755982598677 0.8598
-6.7874330412872 0.8599
-6.78734229815752 0.86
-6.78726999093786 0.8601
-6.78722231666711 0.8602
-6.78718443339233 0.8603
-6.78715291197474 0.8604
-6.7871551212378 0.8605
-6.78716278652243 0.8606
-6.787201207203 0.8607
-6.78729143405987 0.8608
-6.78741617545665 0.8609
-6.78757299086559 0.861
-6.7877130935889 0.8611
-6.78784405643664 0.8612
-6.787969253214 0.8613
-6.78809782091625 0.8614
-6.78821433698581 0.8615
-6.78832251199265 0.8616
-6.78843635012539 0.8617
-6.78857436357677 0.8618
-6.78872404340948 0.8619
-6.78887940845065 0.862
-6.78902164716951 0.8621
-6.78913787072456 0.8622
-6.78924211191149 0.8623
-6.78935231176538 0.8624
-6.78944624952789 0.8625
-6.78952884692213 0.8626
-6.7895938059427 0.8627
-6.78965737162572 0.8628
-6.78975152751354 0.8629
-6.78983499029686 0.863
-6.78990636153584 0.8631
-6.78996884069439 0.8632
-6.79002058193604 0.8633
-6.79008397716037 0.8634
-6.7901540092733 0.8635
-6.79021960006164 0.8636
-6.79029916308827 0.8637
-6.79038764890342 0.8638
-6.79045706627885 0.8639
-6.79051559719441 0.864
-6.79055708754741 0.8641
-6.79061947937718 0.8642
-6.79066420129316 0.8643
-6.79070612399661 0.8644
-6.79074267346542 0.8645
-6.79078476935092 0.8646
-6.79081028603966 0.8647
-6.79080663268683 0.8648
-6.79081121783316 0.8649
-6.79080726570384 0.865
-6.7907727642803 0.8651
-6.79071081339365 0.8652
-6.79063023453284 0.8653
-6.79054442057699 0.8654
-6.7904561987994 0.8655
-6.79033276817132 0.8656
-6.79020439250115 0.8657
-6.79004115027944 0.8658
-6.78988657166826 0.8659
-6.78971979504233 0.866
-6.7895872135688 0.8661
-6.78946011854636 0.8662
-6.78932402684506 0.8663
-6.78920551078691 0.8664
-6.7890951017538 0.8665
-6.78900805852754 0.8666
-6.78896049733255 0.8667
-6.78891217548297 0.8668
-6.78886152685541 0.8669
-6.78883405980954 0.867
-6.7888055004636 0.8671
-6.78881164688603 0.8672
-6.78882296937351 0.8673
-6.78884502411533 0.8674
-6.78884580667696 0.8675
-6.78885714104571 0.8676
-6.78888153889336 0.8677
-6.78892090132348 0.8678
-6.78896538466651 0.8679
-6.78898653276927 0.868
-6.78901256647445 0.8681
-6.78903013457332 0.8682
-6.78904178542674 0.8683
-6.78900960574971 0.8684
-6.78896504811028 0.8685
-6.78889231350377 0.8686
-6.78881283650351 0.8687
-6.78875390029068 0.8688
-6.78869506251288 0.8689
-6.78866815030722 0.869
-6.7886499550393 0.8691
-6.78865670040014 0.8692
-6.7886508278851 0.8693
-6.78863125471905 0.8694
-6.78862691623112 0.8695
-6.78862336237281 0.8696
-6.78860002591318 0.8697
-6.78856096681332 0.8698
-6.78854872339654 0.8699
-6.7885492514262 0.87
-6.78853073743843 0.8701
-6.78851957767334 0.8702
-6.78849410031864 0.8703
-6.78844027595569 0.8704
-6.78837496650116 0.8705
-6.78830625117507 0.8706
-6.78822155889912 0.8707
-6.7881406550461 0.8708
-6.78805217337558 0.8709
-6.78799221799424 0.871
-6.7879244219502 0.8711
-6.78785640809118 0.8712
-6.78779372598882 0.8713
-6.7877236519507 0.8714
-6.78763691373496 0.8715
-6.78754658306429 0.8716
-6.78746825719276 0.8717
-6.78738571385957 0.8718
-6.78731802926575 0.8719
-6.7872349364656 0.872
-6.78714019201219 0.8721
-6.78704477245047 0.8722
-6.78695766406328 0.8723
-6.7868512428394 0.8724
-6.78673341105739 0.8725
-6.78662274526957 0.8726
-6.78649250019177 0.8727
-6.7863654973973 0.8728
-6.7862039696675 0.8729
-6.78600067030827 0.873
-6.78578713747022 0.8731
-6.78554911390193 0.8732
-6.7853420736284 0.8733
-6.7851319346311 0.8734
-6.78492035651732 0.8735
-6.78471230192626 0.8736
-6.78449839956126 0.8737
-6.78427270563334 0.8738
-6.78404198915803 0.8739
-6.78381850872141 0.874
-6.78360662684532 0.8741
-6.78342786283261 0.8742
-6.78324347966401 0.8743
-6.78307097813913 0.8744
-6.78292142508024 0.8745
-6.78279532603048 0.8746
-6.78268548456555 0.8747
-6.78259528469539 0.8748
-6.78251856757015 0.8749
-6.78245203907289 0.875
-6.78241378092704 0.8751
-6.78239515390517 0.8752
-6.78238435975775 0.8753
-6.78238895100672 0.8754
-6.78242668905565 0.8755
-6.78248096534242 0.8756
-6.78255053717798 0.8757
-6.78263675700034 0.8758
-6.78268486760344 0.8759
-6.78270936571442 0.876
-6.78271740002515 0.8761
-6.78267906394475 0.8762
-6.78261622716366 0.8763
-6.78256332583645 0.8764
-6.78250326423641 0.8765
-6.78242749108473 0.8766
-6.78233486263622 0.8767
-6.78224825269097 0.8768
-6.78215437753664 0.8769
-6.78205688331495 0.877
-6.78196755815774 0.8771
-6.7818405320423 0.8772
-6.78172582161044 0.8773
-6.78156274964752 0.8774
-6.78138860450802 0.8775
-6.781201514833 0.8776
-6.78101145457328 0.8777
-6.78081974287972 0.8778
-6.78062809876378 0.8779
-6.7804138518209 0.878
-6.78019575827611 0.8781
-6.77997207250421 0.8782
-6.77976913057013 0.8783
-6.77959395904539 0.8784
-6.77943663437613 0.8785
-6.77930334003363 0.8786
-6.77918691219777 0.8787
-6.77908772150061 0.8788
-6.77901126643103 0.8789
-6.77896315408518 0.879
-6.77895018898711 0.8791
-6.77896517284905 0.8792
-6.77899013390543 0.8793
-6.77902626666259 0.8794
-6.77905783369604 0.8795
-6.77909422673648 0.8796
-6.77913405360928 0.8797
-6.77918375903814 0.8798
-6.77923378632462 0.8799
-6.77928668827732 0.88
-6.77936740191359 0.8801
-6.77943976598465 0.8802
-6.77952179131302 0.8803
-6.77960812654594 0.8804
-6.77969310356764 0.8805
-6.77975466295488 0.8806
-6.77976740686679 0.8807
-6.77977848959657 0.8808
-6.77977514318592 0.8809
-6.77975358747184 0.881
-6.77972194531756 0.8811
-6.77968672585658 0.8812
-6.77961961224614 0.8813
-6.77955352734898 0.8814
-6.77947283549869 0.8815
-6.77937939142062 0.8816
-6.77931156201394 0.8817
-6.77921595370363 0.8818
-6.77913113508642 0.8819
-6.77905985897158 0.882
-6.77900708862274 0.8821
-6.778956206301 0.8822
-6.77890599733678 0.8823
-6.77887234084142 0.8824
-6.77882363424661 0.8825
-6.77879903298854 0.8826
-6.77875538832552 0.8827
-6.77871832166512 0.8828
-6.77869996410417 0.8829
-6.77864771457556 0.883
-6.77855990291678 0.8831
-6.7784744844518 0.8832
-6.77840143771541 0.8833
-6.77833367991506 0.8834
-6.77827117631211 0.8835
-6.77822301805306 0.8836
-6.77816317765736 0.8837
-6.77808517442044 0.8838
-6.7779950809603 0.8839
-6.77793727254503 0.884
-6.77787980536555 0.8841
-6.77780581532561 0.8842
-6.77774508256988 0.8843
-6.77767076976151 0.8844
-6.77759988568333 0.8845
-6.7775555253787 0.8846
-6.77754078522002 0.8847
-6.77750861832624 0.8848
-6.77747578848396 0.8849
-6.77746801675644 0.885
-6.77745965781617 0.8851
-6.77748034370892 0.8852
-6.77750985561054 0.8853
-6.77753831233375 0.8854
-6.77759550835915 0.8855
-6.77768604790623 0.8856
-6.77778616906255 0.8857
-6.77790233937923 0.8858
-6.77803341535905 0.8859
-6.77815426886772 0.886
-6.77827010279434 0.8861
-6.77841976390667 0.8862
-6.77858601717268 0.8863
-6.77874034095418 0.8864
-6.77889219364321 0.8865
-6.77903447188361 0.8866
-6.7791789230651 0.8867
-6.77931865756628 0.8868
-6.77944341514842 0.8869
-6.77954977465831 0.887
-6.77965429379927 0.8871
-6.7797288345837 0.8872
-6.77976979791652 0.8873
-6.77978840306996 0.8874
-6.77977513395651 0.8875
-6.77974626214542 0.8876
-6.7797223093088 0.8877
-6.77968001526455 0.8878
-6.77961011087567 0.8879
-6.77954173184696 0.888
-6.77946004007559 0.8881
-6.77937014967127 0.8882
-6.77927918675898 0.8883
-6.7791440525501 0.8884
-6.77898549332907 0.8885
-6.77885380281234 0.8886
-6.77866675403004 0.8887
-6.77848657965831 0.8888
-6.77831138935074 0.8889
-6.77812716773434 0.889
-6.77793207022857 0.8891
-6.77773898695844 0.8892
-6.77753631351998 0.8893
-6.77732886006249 0.8894
-6.77714193219228 0.8895
-6.77695441056748 0.8896
-6.77677674927962 0.8897
-6.77659966801619 0.8898
-6.77642040108789 0.8899
-6.77625224096694 0.89
-6.77612052397239 0.8901
-6.77599715861883 0.8902
-6.77586565539981 0.8903
-6.77572156645354 0.8904
-6.77559966624248 0.8905
-6.77544364033869 0.8906
-6.77529539469645 0.8907
-6.77514882678236 0.8908
-6.77502358731714 0.8909
-6.77489501667364 0.891
-6.77478902648043 0.8911
-6.77471174571119 0.8912
-6.77464814918388 0.8913
-6.77460055273714 0.8914
-6.77451126849084 0.8915
-6.77440586543116 0.8916
-6.77428103787814 0.8917
-6.77417617526065 0.8918
-6.77407562441135 0.8919
-6.77400420128715 0.892
-6.7739155679509 0.8921
-6.77382987438968 0.8922
-6.77374885549297 0.8923
-6.7736809468211 0.8924
-6.77360872159255 0.8925
-6.77354684703503 0.8926
-6.77349873760222 0.8927
-6.77345312711668 0.8928
-6.77342032206953 0.8929
-6.7733830843661 0.893
-6.7733416244992 0.8931
-6.77333370481167 0.8932
-6.77330045384055 0.8933
-6.77329292588469 0.8934
-6.77327669604168 0.8935
-6.77324543668115 0.8936
-6.77319055992952 0.8937
-6.77312841076132 0.8938
-6.77304210877425 0.8939
-6.77292296889929 0.894
-6.77276930670297 0.8941
-6.77260552753 0.8942
-6.77246445477784 0.8943
-6.77232077935264 0.8944
-6.77212451255852 0.8945
-6.77191902376327 0.8946
-6.77168499267735 0.8947
-6.77143100602162 0.8948
-6.77117633384916 0.8949
-6.77093773485142 0.895
-6.77072752475648 0.8951
-6.77055579619884 0.8952
-6.77042082152612 0.8953
-6.77032042613769 0.8954
-6.77021048526401 0.8955
-6.77011843982492 0.8956
-6.77005619560027 0.8957
-6.77004318407784 0.8958
-6.77005073204161 0.8959
-6.77006201383628 0.896
-6.77011153313552 0.8961
-6.77014836809358 0.8962
-6.77019648465099 0.8963
-6.770265196403 0.8964
-6.77033093954307 0.8965
-6.77040296211538 0.8966
-6.7704779567551 0.8967
-6.77056849232674 0.8968
-6.77065942717513 0.8969
-6.77075989703907 0.897
-6.7708452830182 0.8971
-6.77091329389623 0.8972
-6.770985157548 0.8973
-6.77107544749889 0.8974
-6.77119973610118 0.8975
-6.77130571148154 0.8976
-6.77138924839241 0.8977
-6.7714720766535 0.8978
-6.77155783366844 0.8979
-6.77161779588497 0.898
-6.77165921561333 0.8981
-6.77170773791514 0.8982
-6.7717623015715 0.8983
-6.77182597279272 0.8984
-6.77188464487479 0.8985
-6.77196354167128 0.8986
-6.77203152652105 0.8987
-6.772062670669 0.8988
-6.77207877813084 0.8989
-6.77208837262801 0.899
-6.77205231589016 0.8991
-6.77200083944567 0.8992
-6.77191943090519 0.8993
-6.77179961008836 0.8994
-6.77168982338768 0.8995
-6.7715663912564 0.8996
-6.77142042082823 0.8997
-6.7712755600558 0.8998
-6.77109453668368 0.8999
-6.7708987913563 0.9
-6.77067702650448 0.9001
-6.77044586545482 0.9002
-6.7702595535428 0.9003
-6.77007427431541 0.9004
-6.76991809476571 0.9005
-6.76975894108086 0.9006
-6.76963241044793 0.9007
-6.76952207055766 0.9008
-6.76939844072513 0.9009
-6.76929187548485 0.901
-6.7692001837616 0.9011
-6.769112389604 0.9012
-6.76904288019368 0.9013
-6.76901090913439 0.9014
-6.76898707724086 0.9015
-6.76896610579792 0.9016
-6.7689395894598 0.9017
-6.76892096371315 0.9018
-6.76889880087095 0.9019
-6.7688820046997 0.902
-6.76887405569845 0.9021
-6.7688992089777 0.9022
-6.76896723183893 0.9023
-6.76902551208051 0.9024
-6.76906744031532 0.9025
-6.76913141465964 0.9026
-6.76917412123039 0.9027
-6.76919537126543 0.9028
-6.7692253133252 0.9029
-6.7692684252311 0.903
-6.76931081660355 0.9031
-6.76932260613057 0.9032
-6.7693477427273 0.9033
-6.76936927821877 0.9034
-6.76934455882401 0.9035
-6.76929713152898 0.9036
-6.76923511392494 0.9037
-6.76916341823211 0.9038
-6.76908360134864 0.9039
-6.76897211746507 0.904
-6.76885860623185 0.9041
-6.76872041639905 0.9042
-6.76859524842906 0.9043
-6.76844699066429 0.9044
-6.76829948404753 0.9045
-6.76818679562129 0.9046
-6.76806065254137 0.9047
-6.76792946070572 0.9048
-6.76781289480125 0.9049
-6.76773635629593 0.905
-6.76770126501046 0.9051
-6.76766458793976 0.9052
-6.76764699114111 0.9053
-6.76762407678042 0.9054
-6.76762108230519 0.9055
-6.76761302274844 0.9056
-6.76761110553697 0.9057
-6.76762772762614 0.9058
-6.76762097462124 0.9059
-6.76761189700224 0.906
-6.76758738520702 0.9061
-6.76757349437899 0.9062
-6.76757356742856 0.9063
-6.76756556400926 0.9064
-6.76756695822079 0.9065
-6.76753986915058 0.9066
-6.76751546808663 0.9067
-6.76751846346728 0.9068
-6.76752804609335 0.9069
-6.7675293568961 0.907
-6.76753822280722 0.9071
-6.76754237232641 0.9072
-6.76755728476349 0.9073
-6.76754327318148 0.9074
-6.76754026921503 0.9075
-6.76752473264963 0.9076
-6.76751881513209 0.9077
-6.76754070325563 0.9078
-6.76757059307106 0.9079
-6.76758225155677 0.908
-6.76757957953451 0.9081
-6.76759837047492 0.9082
-6.76758921365624 0.9083
-6.76758205976345 0.9084
-6.76757225586987 0.9085
-6.76757099689094 0.9086
-6.76756228614387 0.9087
-6.76757472366027 0.9088
-6.76759579019251 0.9089
-6.76759746262074 0.909
-6.76757540844681 0.9091
-6.76757624300763 0.9092
-6.7675932994333 0.9093
-6.76762610642427 0.9094
-6.76766571085127 0.9095
-6.76769393081659 0.9096
-6.76775222824121 0.9097
-6.76781323943586 0.9098
-6.76788914987522 0.9099
-6.76799283235764 0.91
-6.768096648949 0.9101
-6.76822685131647 0.9102
-6.76834989243035 0.9103
-6.76845223216225 0.9104
-6.76856431539295 0.9105
-6.76864595384786 0.9106
-6.76871852474873 0.9107
-6.76879577627978 0.9108
-6.76885880290497 0.9109
-6.76890306234447 0.911
-6.7688893793718 0.9111
-6.76884561137889 0.9112
-6.7687826717572 0.9113
-6.76870425349534 0.9114
-6.76862728249258 0.9115
-6.76852799081654 0.9116
-6.7683706847087 0.9117
-6.7682247694993 0.9118
-6.76808780317935 0.9119
-6.76795637287608 0.912
-6.76780715877456 0.9121
-6.76764967273625 0.9122
-6.76750954412495 0.9123
-6.76734631387554 0.9124
-6.76719869034882 0.9125
-6.76705333450311 0.9126
-6.76690434141167 0.9127
-6.76675315895741 0.9128
-6.76659697264901 0.9129
-6.76642408466649 0.913
-6.76626773357089 0.9131
-6.76609891020841 0.9132
-6.76591586958739 0.9133
-6.76570631733984 0.9134
-6.76548719945287 0.9135
-6.76523174264982 0.9136
-6.76501689870019 0.9137
-6.76478983231878 0.9138
-6.76454983750245 0.9139
-6.76433675192607 0.914
-6.76414730511624 0.9141
-6.76398153356726 0.9142
-6.76384496497182 0.9143
-6.76373494878461 0.9144
-6.76364309159907 0.9145
-6.76355205868926 0.9146
-6.76348478171376 0.9147
-6.76338235524665 0.9148
-6.76330035029872 0.9149
-6.7632674266069 0.915
-6.76323360844548 0.9151
-6.76322787537945 0.9152
-6.76324729261892 0.9153
-6.76328789429666 0.9154
-6.76331893777019 0.9155
-6.76336028932324 0.9156
-6.7634097294825 0.9157
-6.76346710798934 0.9158
-6.76352208274191 0.9159
-6.76360577179297 0.916
-6.76368537985295 0.9161
-6.76374857215111 0.9162
-6.76381154617458 0.9163
-6.76390812655087 0.9164
-6.76402392894722 0.9165
-6.76413561360322 0.9166
-6.76424254333212 0.9167
-6.76434406859638 0.9168
-6.76441261724562 0.9169
-6.76447903107075 0.917
-6.76456046579704 0.9171
-6.76462676239303 0.9172
-6.76469929265834 0.9173
-6.76479146241477 0.9174
-6.76490204594852 0.9175
-6.76502687880044 0.9176
-6.76514882007697 0.9177
-6.765289000873 0.9178
-6.76543004340401 0.9179
-6.76554491970489 0.918
-6.76566091038406 0.9181
-6.76577131483535 0.9182
-6.76584194932795 0.9183
-6.76590490533028 0.9184
-6.76594005854787 0.9185
-6.76595782299765 0.9186
-6.76598584198452 0.9187
-6.76603128946836 0.9188
-6.76605616370658 0.9189
-6.76605001215092 0.919
-6.76603443904833 0.9191
-6.76600993668507 0.9192
-6.76596076261772 0.9193
-6.76589978175779 0.9194
-6.76582678873639 0.9195
-6.76576914518016 0.9196
-6.76569056062279 0.9197
-6.76560153084514 0.9198
-6.76551255822198 0.9199
-6.76543198877637 0.92
-6.76533217040796 0.9201
-6.76523192296171 0.9202
-6.76511687540724 0.9203
-6.76499806918894 0.9204
-6.76486900493214 0.9205
-6.76472219372275 0.9206
-6.76458980034945 0.9207
-6.76445339422416 0.9208
-6.76432785415361 0.9209
-6.76421966411812 0.921
-6.76413678718101 0.9211
-6.76406287633997 0.9212
-6.76400681381419 0.9213
-6.7639458753926 0.9214
-6.76388524065566 0.9215
-6.76379789533702 0.9216
-6.76368763276918 0.9217
-6.76363424630841 0.9218
-6.76358994231848 0.9219
-6.76354333103002 0.922
-6.76349792102337 0.9221
-6.76342171444742 0.9222
-6.76333138838428 0.9223
-6.76326322969416 0.9224
-6.7631885451544 0.9225
-6.76308230121754 0.9226
-6.76296093002639 0.9227
-6.76281550174815 0.9228
-6.76265746594955 0.9229
-6.76249958300714 0.923
-6.76233787564629 0.9231
-6.76219040344795 0.9232
-6.76199584333023 0.9233
-6.76180828516246 0.9234
-6.76158326397294 0.9235
-6.76134580337458 0.9236
-6.76112841450022 0.9237
-6.76089435277021 0.9238
-6.7606876552741 0.9239
-6.76048482872992 0.924
-6.76030554746178 0.9241
-6.7601371490601 0.9242
-6.75995099229963 0.9243
-6.75977933635994 0.9244
-6.75962102388222 0.9245
-6.75946616430565 0.9246
-6.75933127597153 0.9247
-6.75922369431057 0.9248
-6.75916713914775 0.9249
-6.75913287771176 0.925
-6.7591037903001 0.9251
-6.75908150438072 0.9252
-6.75908297374167 0.9253
-6.75909114687783 0.9254
-6.75914166765567 0.9255
-6.75922190425942 0.9256
-6.75931238796685 0.9257
-6.75936435851541 0.9258
-6.75944485440116 0.9259
-6.7595334507117 0.926
-6.75959815424071 0.9261
-6.75967040727734 0.9262
-6.75977215879895 0.9263
-6.75989565558301 0.9264
-6.75999474486623 0.9265
-6.76009955967079 0.9266
-6.7602095336591 0.9267
-6.7603127069416 0.9268
-6.76042311576142 0.9269
-6.76053334113024 0.927
-6.7606060721824 0.9271
-6.76066909688399 0.9272
-6.76073250617597 0.9273
-6.76083631164857 0.9274
-6.76093085209059 0.9275
-6.76100754506205 0.9276
-6.76109250507267 0.9277
-6.76116426118925 0.9278
-6.76124608956885 0.9279
-6.76133262141325 0.928
-6.76140856874315 0.9281
-6.76147967931881 0.9282
-6.76155157263472 0.9283
-6.7616024235583 0.9284
-6.76165773607563 0.9285
-6.76173919597529 0.9286
-6.76180897199425 0.9287
-6.76190384940823 0.9288
-6.76200987217771 0.9289
-6.76211355136674 0.929
-6.76220138741409 0.9291
-6.76229752437973 0.9292
-6.76240471636775 0.9293
-6.76249079557969 0.9294
-6.76253284789396 0.9295
-6.76254647052708 0.9296
-6.76256677426557 0.9297
-6.76259960443986 0.9298
-6.76260622345036 0.9299
-6.76261942927167 0.93
-6.7626158880349 0.9301
-6.76259524219271 0.9302
-6.76256246749165 0.9303
-6.76249301213537 0.9304
-6.76241805123031 0.9305
-6.76235420143359 0.9306
-6.76227072940764 0.9307
-6.76220360108388 0.9308
-6.76211490375323 0.9309
-6.76198447917364 0.931
-6.76186773169159 0.9311
-6.76172809053961 0.9312
-6.76155651593673 0.9313
-6.76136853455722 0.9314
-6.76115051458674 0.9315
-6.76089112018546 0.9316
-6.7605975704098 0.9317
-6.76030333336153 0.9318
-6.76003037602704 0.9319
-6.75977495130556 0.932
-6.75950175720093 0.9321
-6.75924929501894 0.9322
-6.75902286097885 0.9323
-6.75881264465556 0.9324
-6.75860655435489 0.9325
-6.75840181010353 0.9326
-6.75822106530336 0.9327
-6.75803025416674 0.9328
-6.75784533605901 0.9329
-6.75765825174275 0.933
-6.75749975742299 0.9331
-6.75735339292036 0.9332
-6.75723668842635 0.9333
-6.75713769762027 0.9334
-6.75706861306054 0.9335
-6.75697007712105 0.9336
-6.75686038268 0.9337
-6.75676627458831 0.9338
-6.75667783556167 0.9339
-6.75658912318396 0.934
-6.7565186571234 0.9341
-6.75645751512709 0.9342
-6.7564121462246 0.9343
-6.75638524341509 0.9344
-6.75639128304856 0.9345
-6.75640957366489 0.9346
-6.75645794203772 0.9347
-6.75650971250662 0.9348
-6.75657855513364 0.9349
-6.75666010545684 0.935
-6.75677164056603 0.9351
-6.7568916690092 0.9352
-6.75700976167297 0.9353
-6.75711779869013 0.9354
-6.75723483656346 0.9355
-6.75733184918689 0.9356
-6.75744771494429 0.9357
-6.75757030746293 0.9358
-6.75771941197676 0.9359
-6.75786305327729 0.936
-6.75801667566131 0.9361
-6.75819928371321 0.9362
-6.75838202671236 0.9363
-6.75854245597661 0.9364
-6.7587253782091 0.9365
-6.75890251915369 0.9366
-6.75906041101115 0.9367
-6.7591975701616 0.9368
-6.75934751953349 0.9369
-6.75952859890561 0.937
-6.75971752693938 0.9371
-6.75988646993516 0.9372
-6.76004187504161 0.9373
-6.76018950282371 0.9374
-6.76033483223166 0.9375
-6.76044930694961 0.9376
-6.76053439602049 0.9377
-6.76059291939838 0.9378
-6.76062907828839 0.9379
-6.76065136976526 0.938
-6.76064522136912 0.9381
-6.76062723564157 0.9382
-6.76062606141604 0.9383
-6.76059510194972 0.9384
-6.76059890789681 0.9385
-6.76061276063274 0.9386
-6.76061800932466 0.9387
-6.76060311356405 0.9388
-6.76056755564262 0.9389
-6.76051898296876 0.939
-6.76041820831153 0.9391
-6.76033122855292 0.9392
-6.76021151250104 0.9393
-6.76005102694144 0.9394
-6.75988262996174 0.9395
-6.75970552699223 0.9396
-6.75953037694013 0.9397
-6.75936290609926 0.9398
-6.75920625938049 0.9399
-6.75903933431699 0.94
-6.75890115642221 0.9401
-6.75873577739149 0.9402
-6.75856170510757 0.9403
-6.75836314415438 0.9404
-6.75816321033204 0.9405
-6.75798989748456 0.9406
-6.75782402463508 0.9407
-6.75766163107387 0.9408
-6.75749901570231 0.9409
-6.75736244241789 0.941
-6.75723103829489 0.9411
-6.75711293891636 0.9412
-6.75698498577333 0.9413
-6.75685150204318 0.9414
-6.75671675262315 0.9415
-6.75661295223434 0.9416
-6.75653099636223 0.9417
-6.75643274388238 0.9418
-6.75628403866873 0.9419
-6.75615240921144 0.942
-6.75603815434568 0.9421
-6.7559244619665 0.9422
-6.75580179884236 0.9423
-6.7556595050894 0.9424
-6.75549969527974 0.9425
-6.75533804687198 0.9426
-6.75517398519784 0.9427
-6.75505412064277 0.9428
-6.75495491110636 0.9429
-6.75488483007403 0.943
-6.75479907526964 0.9431
-6.75470468698518 0.9432
-6.75460899357907 0.9433
-6.75450268470895 0.9434
-6.75437051451791 0.9435
-6.75427501783233 0.9436
-6.75418074715094 0.9437
-6.75408979623344 0.9438
-6.75399259586336 0.9439
-6.7539015451008 0.944
-6.75378857702093 0.9441
-6.75366806586376 0.9442
-6.75356624746256 0.9443
-6.75345890589917 0.9444
-6.75337159584606 0.9445
-6.75327231957643 0.9446
-6.75320118992748 0.9447
-6.7531071995137 0.9448
-6.75300325406541 0.9449
-6.7529002238216 0.945
-6.75276870953263 0.9451
-6.75262197204433 0.9452
-6.75243186994327 0.9453
-6.7522205086109 0.9454
-6.75201158244566 0.9455
-6.7517950474957 0.9456
-6.751562031396 0.9457
-6.75131440871942 0.9458
-6.75108831598268 0.9459
-6.75085463440955 0.946
-6.75061042326713 0.9461
-6.75038811687804 0.9462
-6.75016426613225 0.9463
-6.7499248233037 0.9464
-6.7496976990439 0.9465
-6.74948400794132 0.9466
-6.74928444553731 0.9467
-6.74907527055275 0.9468
-6.74891715490636 0.9469
-6.74877732896672 0.947
-6.74865602651211 0.9471
-6.74857212693069 0.9472
-6.74851164963901 0.9473
-6.74850048846704 0.9474
-6.7485047994005 0.9475
-6.74854233431334 0.9476
-6.74860097071228 0.9477
-6.7486815055227 0.9478
-6.74880269689782 0.9479
-6.74894290735748 0.948
-6.74913977516444 0.9481
-6.7493874327131 0.9482
-6.74965620619512 0.9483
-6.74993785337728 0.9484
-6.75024191854006 0.9485
-6.75054949175542 0.9486
-6.75088661864182 0.9487
-6.75120527493824 0.9488
-6.75159186727966 0.9489
-6.75197043188092 0.949
-6.75233753983316 0.9491
-6.75270856032393 0.9492
-6.75308677650432 0.9493
-6.75346823276307 0.9494
-6.7538054698071 0.9495
-6.7540849467148 0.9496
-6.75431729349671 0.9497
-6.75451008072305 0.9498
-6.75466668971086 0.9499
-6.75479303067269 0.95
-6.75488252412248 0.9501
-6.75496477821475 0.9502
-6.7550040449992 0.9503
-6.75497281668787 0.9504
-6.75490576888572 0.9505
-6.75484926395621 0.9506
-6.75476843023661 0.9507
-6.75464517573692 0.9508
-6.75449871886199 0.9509
-6.75429979185408 0.951
-6.75408399462574 0.9511
-6.75383670040915 0.9512
-6.75359287160248 0.9513
-6.75334318620585 0.9514
-6.75306700816677 0.9515
-6.75276220056614 0.9516
-6.75246303927442 0.9517
-6.75214079788305 0.9518
-6.75181249338111 0.9519
-6.75148766508303 0.952
-6.75115134368778 0.9521
-6.75083649299224 0.9522
-6.75053917547174 0.9523
-6.75025905844764 0.9524
-6.75000183194004 0.9525
-6.74974864421639 0.9526
-6.74954196430649 0.9527
-6.74934723254475 0.9528
-6.7491893056896 0.9529
-6.74906770341695 0.953
-6.74894573139397 0.9531
-6.74883993336094 0.9532
-6.74876191325125 0.9533
-6.74868562019519 0.9534
-6.74859887598498 0.9535
-6.74851980386382 0.9536
-6.74844647339434 0.9537
-6.74840582307374 0.9538
-6.74833151939096 0.9539
-6.74823677848113 0.954
-6.74814248382282 0.9541
-6.74803339320511 0.9542
-6.74794120366322 0.9543
-6.74781161443781 0.9544
-6.74769938841823 0.9545
-6.7475688554201 0.9546
-6.7473900682627 0.9547
-6.74722814116127 0.9548
-6.74708133797294 0.9549
-6.74693496609204 0.955
-6.7467608552048 0.9551
-6.746556534547 0.9552
-6.74632554895637 0.9553
-6.74607743715093 0.9554
-6.74582303141039 0.9555
-6.74557902491685 0.9556
-6.74535185320732 0.9557
-6.74513802444646 0.9558
-6.74490910371119 0.9559
-6.74466998894373 0.956
-6.74445208491366 0.9561
-6.74419194399103 0.9562
-6.74393699848521 0.9563
-6.74365245214141 0.9564
-6.74339178470949 0.9565
-6.74315400290947 0.9566
-6.74295508364844 0.9567
-6.7427971422878 0.9568
-6.74263032508677 0.9569
-6.74249124456599 0.957
-6.74235289671644 0.9571
-6.74222440005582 0.9572
-6.74207895207372 0.9573
-6.74195430551028 0.9574
-6.74182777001059 0.9575
-6.74171678960548 0.9576
-6.74166878381352 0.9577
-6.741658706768 0.9578
-6.74167941552144 0.9579
-6.74172091268174 0.958
-6.74175904465039 0.9581
-6.74181145489025 0.9582
-6.74189647936128 0.9583
-6.74196870339244 0.9584
-6.74203538600206 0.9585
-6.74213600295607 0.9586
-6.74224782317693 0.9587
-6.74238843909593 0.9588
-6.74252857276287 0.9589
-6.74264147071763 0.959
-6.74275111091297 0.9591
-6.74288317712283 0.9592
-6.74302537356535 0.9593
-6.74318463211839 0.9594
-6.74332901141757 0.9595
-6.74346366183643 0.9596
-6.74359301061547 0.9597
-6.74365682152301 0.9598
-6.74370241990608 0.9599
-6.74375504055117 0.96
-6.74378422175717 0.9601
-6.74377056760042 0.9602
-6.74372074017073 0.9603
-6.74363756018802 0.9604
-6.743507910792 0.9605
-6.74337534561231 0.9606
-6.74320731667019 0.9607
-6.74301194626665 0.9608
-6.74275997589477 0.9609
-6.74247396699366 0.961
-6.74216399730611 0.9611
-6.74183948999539 0.9612
-6.74149803971704 0.9613
-6.74111053776434 0.9614
-6.74074313847017 0.9615
-6.74037381683925 0.9616
-6.73999950336834 0.9617
-6.739604496425 0.9618
-6.73921600929381 0.9619
-6.73888154567306 0.962
-6.73858820033705 0.9621
-6.73830594235569 0.9622
-6.73802609193532 0.9623
-6.73777890501935 0.9624
-6.73758643002317 0.9625
-6.73746157257798 0.9626
-6.737410353019 0.9627
-6.73736390520503 0.9628
-6.7373404360763 0.9629
-6.7373319872924 0.963
-6.73736194669062 0.9631
-6.73744162056859 0.9632
-6.73751238354346 0.9633
-6.7376100336636 0.9634
-6.73774084981735 0.9635
-6.737912018836 0.9636
-6.738106787856 0.9637
-6.73829203977198 0.9638
-6.73847033624582 0.9639
-6.73866927313222 0.964
-6.73889285320765 0.9641
-6.73911829947007 0.9642
-6.73933400574094 0.9643
-6.73953892340621 0.9644
-6.7397886806343 0.9645
-6.74003553473917 0.9646
-6.74028296198524 0.9647
-6.74053354771169 0.9648
-6.74079097431343 0.9649
-6.74104131042147 0.965
-6.74128545566761 0.9651
-6.74153340020282 0.9652
-6.74179029648921 0.9653
-6.74203773645706 0.9654
-6.74226698202151 0.9655
-6.74250801863949 0.9656
-6.74273115288758 0.9657
-6.74291815922853 0.9658
-6.7430678685715 0.9659
-6.74316153439475 0.966
-6.74326224863159 0.9661
-6.74335511024596 0.9662
-6.74343573847729 0.9663
-6.74350990141391 0.9664
-6.74355073607343 0.9665
-6.74354728983758 0.9666
-6.74354851586179 0.9667
-6.74357896334574 0.9668
-6.7436310092275 0.9669
-6.74366740420192 0.967
-6.7436885801089 0.9671
-6.74369251229633 0.9672
-6.74368121892941 0.9673
-6.74367178285499 0.9674
-6.74370544088217 0.9675
-6.74375441090731 0.9676
-6.7438097458417 0.9677
-6.74386772228223 0.9678
-6.7439138006835 0.9679
-6.74399284509669 0.968
-6.74405573814725 0.9681
-6.74407859270241 0.9682
-6.74407613695157 0.9683
-6.74405038143179 0.9684
-6.74401433351635 0.9685
-6.74395196632265 0.9686
-6.74386722636063 0.9687
-6.74378025381814 0.9688
-6.74367850657967 0.9689
-6.74359222401873 0.969
-6.74347450520073 0.9691
-6.74334611175588 0.9692
-6.74321273927261 0.9693
-6.7430304051135 0.9694
-6.74283372267736 0.9695
-6.74262955447975 0.9696
-6.74240286880007 0.9697
-6.74215482100196 0.9698
-6.74186185871402 0.9699
-6.74155999090034 0.97
-6.7412564721022 0.9701
-6.74092245970551 0.9702
-6.74058018043237 0.9703
-6.74022409219619 0.9704
-6.73987709980388 0.9705
-6.73951243115329 0.9706
-6.73917823161647 0.9707
-6.7388482122472 0.9708
-6.73851641194942 0.9709
-6.73817062246316 0.971
-6.7378541803833 0.9711
-6.73751814007866 0.9712
-6.73721056749719 0.9713
-6.73692199242238 0.9714
-6.73664924560664 0.9715
-6.73630459661916 0.9716
-6.73597592602412 0.9717
-6.73563653079312 0.9718
-6.73533425917098 0.9719
-6.73502793837877 0.972
-6.73475391232015 0.9721
-6.7345174459673 0.9722
-6.73427906234041 0.9723
-6.73406309131122 0.9724
-6.73387837398516 0.9725
-6.73370918610347 0.9726
-6.73352851813391 0.9727
-6.73339664050553 0.9728
-6.73327904926171 0.9729
-6.73317281604425 0.973
-6.73309637020429 0.9731
-6.73301563828874 0.9732
-6.73290158430121 0.9733
-6.7327906953473 0.9734
-6.73268995848411 0.9735
-6.73259673839241 0.9736
-6.73255250014372 0.9737
-6.7325116612606 0.9738
-6.73249350903023 0.9739
-6.73250339073047 0.974
-6.73248991855906 0.9741
-6.7324962183766 0.9742
-6.73248846226928 0.9743
-6.73250202194284 0.9744
-6.73251757372682 0.9745
-6.7325234897762 0.9746
-6.73256294545622 0.9747
-6.73258660789954 0.9748
-6.73263585363744 0.9749
-6.73271844283372 0.975
-6.73278644919986 0.9751
-6.73287689869004 0.9752
-6.73294537374871 0.9753
-6.73299789860111 0.9754
-6.73302083531567 0.9755
-6.73302872631306 0.9756
-6.73305112455144 0.9757
-6.73305386687067 0.9758
-6.73305810766481 0.9759
-6.73303122372561 0.976
-6.73299987307317 0.9761
-6.73294853138247 0.9762
-6.73287951208462 0.9763
-6.73277984439913 0.9764
-6.73269987179156 0.9765
-6.73260936102178 0.9766
-6.7325363766661 0.9767
-6.7324783298612 0.9768
-6.73245242881566 0.9769
-6.73241587051742 0.977
-6.73232947767059 0.9771
-6.73217237277315 0.9772
-6.7320184301078 0.9773
-6.73184406078769 0.9774
-6.73166530454954 0.9775
-6.73148966803049 0.9776
-6.73133395510184 0.9777
-6.73120966003865 0.9778
-6.73112381052632 0.9779
-6.73105197736709 0.978
-6.73098798871337 0.9781
-6.73092402411531 0.9782
-6.73086539362876 0.9783
-6.73079896193024 0.9784
-6.7307141879854 0.9785
-6.73064064940264 0.9786
-6.73054493568446 0.9787
-6.73039572427921 0.9788
-6.73025341141728 0.9789
-6.73012614718862 0.979
-6.72997318310617 0.9791
-6.7298329705537 0.9792
-6.72969010263078 0.9793
-6.72953710367859 0.9794
-6.72938087597553 0.9795
-6.72927614531286 0.9796
-6.72918057667353 0.9797
-6.72908138663912 0.9798
-6.72902390562131 0.9799
-6.72897230806355 0.98
-6.72892725547808 0.9801
-6.72887077983661 0.9802
-6.72884195158521 0.9803
-6.72883286461763 0.9804
-6.72882376785439 0.9805
-6.72883372271878 0.9806
-6.72884072112711 0.9807
-6.72891193138277 0.9808
-6.72904600160682 0.9809
-6.72919733557292 0.981
-6.72935775192796 0.9811
-6.72950934695746 0.9812
-6.72963830488386 0.9813
-6.72981719961032 0.9814
-6.72998302788354 0.9815
-6.73015706766968 0.9816
-6.73032952166201 0.9817
-6.73049701018996 0.9818
-6.7306620763194 0.9819
-6.73083353911424 0.982
-6.73100512381867 0.9821
-6.73116642075269 0.9822
-6.7313096963644 0.9823
-6.73145443668786 0.9824
-6.73158469872463 0.9825
-6.73172854865916 0.9826
-6.73185516791764 0.9827
-6.73199945461775 0.9828
-6.73213274802882 0.9829
-6.73228250158951 0.983
-6.73241563315195 0.9831
-6.73255166299497 0.9832
-6.73270366130189 0.9833
-6.73286465674683 0.9834
-6.73302816191494 0.9835
-6.73314415619834 0.9836
-6.7332362373198 0.9837
-6.73333961663064 0.9838
-6.73341401766683 0.9839
-6.73346414211306 0.984
-6.73350066642275 0.9841
-6.73350741262371 0.9842
-6.7335286267882 0.9843
-6.73355092703976 0.9844
-6.733543597483 0.9845
-6.73348322400003 0.9846
-6.73340550397858 0.9847
-6.73332037439579 0.9848
-6.73320376032327 0.9849
-6.73308263783903 0.985
-6.73296937293635 0.9851
-6.73280576888452 0.9852
-6.7326314365123 0.9853
-6.73243017876925 0.9854
-6.73219054132339 0.9855
-6.73192667241676 0.9856
-6.73163555067122 0.9857
-6.73133285587782 0.9858
-6.73103695939388 0.9859
-6.73076180209079 0.986
-6.73051963376267 0.9861
-6.7302504287229 0.9862
-6.72998756421348 0.9863
-6.72976460988321 0.9864
-6.72958423142108 0.9865
-6.72941759913066 0.9866
-6.72926108353517 0.9867
-6.72913145951575 0.9868
-6.72902647073232 0.9869
-6.72893622524778 0.987
-6.7288493720863 0.9871
-6.72879563126772 0.9872
-6.72873678241178 0.9873
-6.7286773958343 0.9874
-6.72862986251176 0.9875
-6.72857141274246 0.9876
-6.72848490648606 0.9877
-6.72841314224002 0.9878
-6.72831702863143 0.9879
-6.72820611200435 0.988
-6.72808775692872 0.9881
-6.72796629587535 0.9882
-6.72785221978604 0.9883
-6.72770755459474 0.9884
-6.72756713966497 0.9885
-6.72742802457057 0.9886
-6.72728138874075 0.9887
-6.72710084192511 0.9888
-6.72689813475864 0.9889
-6.7266757794186 0.989
-6.72644903773851 0.9891
-6.72621290856967 0.9892
-6.7259341876245 0.9893
-6.72561095234099 0.9894
-6.72528050061857 0.9895
-6.72493413214355 0.9896
-6.7245684867471 0.9897
-6.72419821906613 0.9898
-6.72384115407968 0.9899
-6.72349214762386 0.99
-6.72314555296876 0.9901
-6.72279496725043 0.9902
-6.72250403783666 0.9903
-6.72223831613517 0.9904
-6.72202146988752 0.9905
-6.7218542085363 0.9906
-6.72172380008045 0.9907
-6.72164184432888 0.9908
-6.72161706770755 0.9909
-6.72160863267133 0.991
-6.72161772221927 0.9911
-6.72165850209041 0.9912
-6.7217060099273 0.9913
-6.7217726538902 0.9914
-6.72185009244164 0.9915
-6.72197927384025 0.9916
-6.72212785135257 0.9917
-6.72232777161964 0.9918
-6.72255895960941 0.9919
-6.72280188504374 0.992
-6.72302462639519 0.9921
-6.7232378890552 0.9922
-6.72347647057805 0.9923
-6.72372265404763 0.9924
-6.72396469969912 0.9925
-6.72416733172473 0.9926
-6.72434280632961 0.9927
-6.72451425082639 0.9928
-6.72466611796282 0.9929
-6.7248046198116 0.993
-6.72492243188933 0.9931
-6.72502254180341 0.9932
-6.72510386886045 0.9933
-6.72518022675327 0.9934
-6.72521242606598 0.9935
-6.72521252128943 0.9936
-6.72517661996608 0.9937
-6.72513297642742 0.9938
-6.72507346048379 0.9939
-6.72504369617465 0.994
-6.72500826717178 0.9941
-6.72494930940845 0.9942
-6.72487585952952 0.9943
-6.72477491678271 0.9944
-6.72467869278258 0.9945
-6.72458403277328 0.9946
-6.72445879499671 0.9947
-6.72432838316225 0.9948
-6.72422932973062 0.9949
-6.72414513660639 0.995
-6.72404995913912 0.9951
-6.72396502415457 0.9952
-6.72387500603335 0.9953
-6.72375621221649 0.9954
-6.72366323746832 0.9955
-6.72358473166428 0.9956
-6.72348836032269 0.9957
-6.72339820241565 0.9958
-6.72329674495097 0.9959
-6.7232469090966 0.996
-6.72322900984453 0.9961
-6.72323040012948 0.9962
-6.72318840396202 0.9963
-6.7231627865309 0.9964
-6.72314341906862 0.9965
-6.72311374668664 0.9966
-6.72305474016012 0.9967
-6.72299615700143 0.9968
-6.72297059317476 0.9969
-6.72295090296154 0.997
-6.72289541032399 0.9971
-6.72282696383421 0.9972
-6.7227399030137 0.9973
-6.72266390804216 0.9974
-6.72258469607499 0.9975
-6.72250647254382 0.9976
-6.72239106832866 0.9977
-6.72227980991775 0.9978
-6.72218696548905 0.9979
-6.72207045866772 0.998
-6.72200414094304 0.9981
-6.72200400573054 0.9982
-6.72205686991328 0.9983
-6.72208271772442 0.9984
-6.72211944044074 0.9985
-6.72216493335417 0.9986
-6.72225173890383 0.9987
-6.72231252743777 0.9988
-6.72240556689483 0.9989
-6.72248221458527 0.999
-6.72256740188548 0.9991
-6.72265648456085 0.9992
-6.72276312610211 0.9993
-6.72288085152846 0.9994
-6.722925419828 0.9995
-6.72296040068293 0.9996
-6.72299450307108 0.9997
-6.72300586450031 0.9998
-6.72303237147099 0.9999
-6.72307782190484 1
