# Fix print output for fix f5
-6.96266075319141 0
-6.96251244660117 0.0001
-6.96236678743166 0.0002
-6.96222217420328 0.0003
-6.96210474177417 0.0004
-6.96198022938509 0.0005
-6.96185775821065 0.0006
-6.96173292547704 0.0007
-6.96163238279741 0.0008
-6.96155545279192 0.0009
-6.96149048780525 0.001
-6.96143585737355 0.0011
-6.96139339752897 0.0012
-6.96136247688493 0.0013
-6.96134792470376 0.0014
-6.9613359434824 0.0015
-6.96133341328777 0.0016
-6.96133609711498 0.0017
-6.96133999148096 0.0018
-6.96134272879892 0.0019
-6.9613457810042 0.002
-6.96133296442995 0.0021
-6.96132415759815 0.0022
-6.96131615312524 0.0023
-6.96131294756923 0.0024
-6.96132265184414 0.0025
-6.96131732345816 0.0026
-6.96130869408721 0.0027
-6.96132701349804 0.0028
-6.96134883235868 0.0029
-6.96138889008392 0.003
-6.96142849450527 0.0031
-6.96147343335549 0.0032
-6.96153999517149 0.0033
-6.96162541384821 0.0034
-6.96171284679074 0.0035
-6.96180941521859 0.0036
-6.96189204062491 0.0037
-6.96197491698283 0.0038
-6.96204176995731 0.0039
-6.96210753056921 0.004
-6.96217831308635 0.0041
-6.96225996048658 0.0042
-6.96233645868935 0.0043
-6.96239829620236 0.0044
-6.96245558941108 0.0045
-6.96251403281214 0.0046
-6.96256224418719 0.0047
-6.96261441112768 0.0048
-6.96265466312009 0.0049
-6.96269090724332 0.005
-6.96271849932176 0.0051
-6.96276287275152 0.0052
-6.9628247333608 0.0053
-6.96288914079906 0.0054
-6.96298308401665 0.0055
-6.96308032961345 0.0056
-6.96318037349922 0.0057
-6.96328347686456 0.0058
-6.96336470538756 0.0059
-6.96343575393807 0.006
-6.96349599564446 0.0061
-6.96352675346704 0.0062
-6.96354600418012 0.0063
-6.96354280635542 0.0064
-6.96353638936045 0.0065
-6.96353239028152 0.0066
-6.96351274190748 0.0067
-6.96349225829506 0.0068
-6.96346238268029 0.0069
-6.96342419324191 0.007
-6.9633870378479 0.0071
-6.96335779157211 0.0072
-6.96335794554423 0.0073
-6.96338515708667 0.0074
-6.96341905371717 0.0075
-6.96346884703811 0.0076
-6.96352455699857 0.0077
-6.96361199416579 0.0078
-6.96371611871403 0.0079
-6.96382196830899 0.008
-6.96391801605288 0.0081
-6.96400802191012 0.0082
-6.96409724393604 0.0083
-6.96417792195373 0.0084
-6.96424939144432 0.0085
-6.96430909213954 0.0086
-6.9643515459807 0.0087
-6.9643882819509 0.0088
-6.96439931676065 0.0089
-6.96438120679164 0.009
-6.96434333197622 0.0091
-6.96427775951965 0.0092
-6.96418330964881 0.0093
-6.96408245657746 0.0094
-6.9639715025065 0.0095
-6.96384924097989 0.0096
-6.96372777979315 0.0097
-6.96360073554401 0.0098
-6.96348185070518 0.0099
-6.96335760538757 0.01
-6.96324299313027 0.0101
-6.96311736551838 0.0102
-6.96299611576993 0.0103
-6.96287036962213 0.0104
-6.96274647074863 0.0105
-6.96262918282219 0.0106
-6.96254374168649 0.0107
-6.96247316435747 0.0108
-6.96240709802939 0.0109
-6.96237148823531 0.011
-6.96234563451006 0.0111
-6.96232110288724 0.0112
-6.96229352475227 0.0113
-6.96228255658993 0.0114
-6.96227197661453 0.0115
-6.96226310352417 0.0116
-6.96224838121818 0.0117
-6.96223875221926 0.0118
-6.9622414744197 0.0119
-6.96225460944587 0.012
-6.96227711966232 0.0121
-6.96229310258767 0.0122
-6.96230977939394 0.0123
-6.96232303000068 0.0124
-6.96233346386852 0.0125
-6.962350535965 0.0126
-6.96236343292023 0.0127
-6.96237572396773 0.0128
-6.96237578297715 0.0129
-6.96236146149068 0.013
-6.96236394188971 0.0131
-6.96237152917174 0.0132
-6.96237484590315 0.0133
-6.96237219268789 0.0134
-6.96237208526114 0.0135
-6.9623813354306 0.0136
-6.96239297291983 0.0137
-6.96240593014506 0.0138
-6.96241144542609 0.0139
-6.96240710883895 0.014
-6.96239638629287 0.0141
-6.96239180939545 0.0142
-6.96237770077698 0.0143
-6.96236198561619 0.0144
-6.96233434859962 0.0145
-6.96229835261176 0.0146
-6.96225903705601 0.0147
-6.96222143961692 0.0148
-6.96217847777592 0.0149
-6.96213888046096 0.015
-6.96210285226482 0.0151
-6.96205965211099 0.0152
-6.96201277169595 0.0153
-6.96197320972519 0.0154
-6.96192971901541 0.0155
-6.9618920912885 0.0156
-6.96183853680129 0.0157
-6.96178405323617 0.0158
-6.96171182372096 0.0159
-6.96161463558385 0.016
-6.96150176625008 0.0161
-6.96140966045824 0.0162
-6.9613279937467 0.0163
-6.961241152228 0.0164
-6.96116137019609 0.0165
-6.9610930919525 0.0166
-6.96102853554019 0.0167
-6.96096975793042 0.0168
-6.96093059540213 0.0169
-6.96090784515095 0.017
-6.96090873376207 0.0171
-6.96094364528468 0.0172
-6.96100509638301 0.0173
-6.96109115559195 0.0174
-6.96120260948119 0.0175
-6.96131515303444 0.0176
-6.96143337574127 0.0177
-6.96155665821551 0.0178
-6.96168209720577 0.0179
-6.96180910324674 0.018
-6.96193024856205 0.0181
-6.96204617480274 0.0182
-6.9621584112637 0.0183
-6.96223367518843 0.0184
-6.96229700685705 0.0185
-6.96235721307802 0.0186
-6.96242620737915 0.0187
-6.96247671750401 0.0188
-6.96251183532282 0.0189
-6.96253740515824 0.019
-6.96254513449812 0.0191
-6.96253326342444 0.0192
-6.96250625940957 0.0193
-6.9624582551136 0.0194
-6.96239100928336 0.0195
-6.96231479199497 0.0196
-6.96221517747649 0.0197
-6.96210849843597 0.0198
-6.96199315131319 0.0199
-6.96187001028098 0.02
-6.96175215235346 0.0201
-6.96162341212118 0.0202
-6.96148947116244 0.0203
-6.96133867741441 0.0204
-6.96118644023357 0.0205
-6.96103119527171 0.0206
-6.96088386845095 0.0207
-6.96074680462145 0.0208
-6.96061453287755 0.0209
-6.96049935341701 0.021
-6.9603877939016 0.0211
-6.96027809738298 0.0212
-6.96018180973617 0.0213
-6.96009643498116 0.0214
-6.9600362534003 0.0215
-6.95998738798724 0.0216
-6.95994753992065 0.0217
-6.95990875546328 0.0218
-6.95987630276677 0.0219
-6.9598644935358 0.022
-6.95984542123213 0.0221
-6.95983702172928 0.0222
-6.95982794511494 0.0223
-6.95981724961037 0.0224
-6.95981210770821 0.0225
-6.95980991900226 0.0226
-6.95982789202311 0.0227
-6.95986451084265 0.0228
-6.95991471241266 0.0229
-6.95995076199485 0.023
-6.96000506208502 0.0231
-6.96006531145259 0.0232
-6.96013936599965 0.0233
-6.9602256511098 0.0234
-6.96031917864641 0.0235
-6.96038906302894 0.0236
-6.96045304805269 0.0237
-6.96052463252972 0.0238
-6.96061722399889 0.0239
-6.96069763899516 0.024
-6.96076893327213 0.0241
-6.96083960848713 0.0242
-6.96091051681414 0.0243
-6.96097929021091 0.0244
-6.96105844918388 0.0245
-6.96111770903331 0.0246
-6.96116300610857 0.0247
-6.96120425587901 0.0248
-6.96124338507871 0.0249
-6.96126903691893 0.025
-6.96128889134343 0.0251
-6.96129934367088 0.0252
-6.96130060486828 0.0253
-6.96129524913414 0.0254
-6.96128217981226 0.0255
-6.96126545876686 0.0256
-6.96125537003672 0.0257
-6.96123985394981 0.0258
-6.9612223687248 0.0259
-6.9612122741071 0.026
-6.96119815311613 0.0261
-6.96118127358011 0.0262
-6.96115331588008 0.0263
-6.9611361999707 0.0264
-6.9611334776374 0.0265
-6.96113491679062 0.0266
-6.96112984760815 0.0267
-6.96111375367016 0.0268
-6.96109771005989 0.0269
-6.96110549869865 0.027
-6.96111338896826 0.0271
-6.96111397453223 0.0272
-6.9611124904675 0.0273
-6.96109783495939 0.0274
-6.96109331199134 0.0275
-6.96108076138151 0.0276
-6.96107105685478 0.0277
-6.96105825210794 0.0278
-6.96104044010791 0.0279
-6.96101168067703 0.028
-6.96098357822473 0.0281
-6.96096001629912 0.0282
-6.96094199000975 0.0283
-6.96092988890542 0.0284
-6.96092411067993 0.0285
-6.96094100726727 0.0286
-6.960961112439 0.0287
-6.96098603669376 0.0288
-6.9610134137701 0.0289
-6.96104100328966 0.029
-6.96105962626447 0.0291
-6.96105831929249 0.0292
-6.96105131013833 0.0293
-6.96102800052978 0.0294
-6.96099550429455 0.0295
-6.96094351939426 0.0296
-6.96087024301156 0.0297
-6.9607879073104 0.0298
-6.96069591772283 0.0299
-6.96059025627089 0.03
-6.96048079590029 0.0301
-6.96037863737521 0.0302
-6.9602817533187 0.0303
-6.96018506830737 0.0304
-6.96008911818784 0.0305
-6.95999345790352 0.0306
-6.95990819521189 0.0307
-6.95982100352903 0.0308
-6.95974529074461 0.0309
-6.95966989237804 0.031
-6.95959549784788 0.0311
-6.95952986303318 0.0312
-6.95947424788919 0.0313
-6.95944040207482 0.0314
-6.95941958257512 0.0315
-6.95940758532511 0.0316
-6.95940777594099 0.0317
-6.95941765696572 0.0318
-6.95943540790929 0.0319
-6.95947757669996 0.032
-6.95954047369917 0.0321
-6.95962179371272 0.0322
-6.95969240110246 0.0323
-6.95976769560398 0.0324
-6.95982823126551 0.0325
-6.95988127247151 0.0326
-6.95992329097241 0.0327
-6.95995112381148 0.0328
-6.95997883957638 0.0329
-6.96001525829796 0.033
-6.96003170211734 0.0331
-6.96003843318909 0.0332
-6.96003444264038 0.0333
-6.96001155036083 0.0334
-6.95998742167531 0.0335
-6.95995022237791 0.0336
-6.95990909779541 0.0337
-6.95986784207044 0.0338
-6.95982171490174 0.0339
-6.95977057206895 0.034
-6.95971934826177 0.0341
-6.95965242403819 0.0342
-6.95958811278092 0.0343
-6.9595352084689 0.0344
-6.95948404614479 0.0345
-6.95943319017246 0.0346
-6.95939575714507 0.0347
-6.95936744060509 0.0348
-6.95936740642788 0.0349
-6.95938485371912 0.035
-6.95940876496095 0.0351
-6.95944274016564 0.0352
-6.95948408362682 0.0353
-6.95953908303223 0.0354
-6.95960552142466 0.0355
-6.95967933083167 0.0356
-6.95975232208046 0.0357
-6.95980628404705 0.0358
-6.9598389604788 0.0359
-6.95986204085483 0.036
-6.95987320626385 0.0361
-6.95987422272055 0.0362
-6.95986746765575 0.0363
-6.95984871485911 0.0364
-6.95983153805039 0.0365
-6.95979388961843 0.0366
-6.95973535960989 0.0367
-6.95966660552842 0.0368
-6.95957959476221 0.0369
-6.95948577491131 0.037
-6.95939438851943 0.0371
-6.95931216217643 0.0372
-6.95922496381512 0.0373
-6.95913840309766 0.0374
-6.95907821801674 0.0375
-6.95902677236048 0.0376
-6.95898910751991 0.0377
-6.95895158506659 0.0378
-6.95893753505883 0.0379
-6.9589317013663 0.038
-6.95892765292174 0.0381
-6.95892947596456 0.0382
-6.95892409857135 0.0383
-6.95891893740346 0.0384
-6.95891725740168 0.0385
-6.9589082588116 0.0386
-6.95891278233292 0.0387
-6.9589028234862 0.0388
-6.95889498771714 0.0389
-6.95886895367917 0.039
-6.95883987648485 0.0391
-6.95878541318914 0.0392
-6.95869878626896 0.0393
-6.95858722119552 0.0394
-6.95845707833832 0.0395
-6.95830898994552 0.0396
-6.95815647918169 0.0397
-6.95799538648676 0.0398
-6.95783269530025 0.0399
-6.95767410273934 0.04
-6.95752660799689 0.0401
-6.95739528927963 0.0402
-6.95728085201176 0.0403
-6.95717320187492 0.0404
-6.95708038323338 0.0405
-6.95699768545216 0.0406
-6.95693540013255 0.0407
-6.95690812868861 0.0408
-6.95688408670854 0.0409
-6.95687869439115 0.041
-6.95688552252119 0.0411
-6.95689503914856 0.0412
-6.95691493683951 0.0413
-6.95693536028768 0.0414
-6.95696181868966 0.0415
-6.95700162871665 0.0416
-6.95705703687499 0.0417
-6.95711957212199 0.0418
-6.9571977457964 0.0419
-6.9572783101992 0.042
-6.95734341369819 0.0421
-6.95741395015805 0.0422
-6.9574817261445 0.0423
-6.95754879705285 0.0424
-6.95760787543971 0.0425
-6.95764748745513 0.0426
-6.9576766723986 0.0427
-6.9576771699535 0.0428
-6.95767480794965 0.0429
-6.95764285338366 0.043
-6.95761862656374 0.0431
-6.95760030156193 0.0432
-6.95757251556187 0.0433
-6.95754449109792 0.0434
-6.95753092522207 0.0435
-6.95752735936712 0.0436
-6.95754415940279 0.0437
-6.95758263231206 0.0438
-6.95763417090646 0.0439
-6.95768288557941 0.044
-6.95774181849098 0.0441
-6.95779383893374 0.0442
-6.95783691996192 0.0443
-6.95787514645225 0.0444
-6.95789680958337 0.0445
-6.95789941016673 0.0446
-6.95788700549557 0.0447
-6.95786763949226 0.0448
-6.95783261027352 0.0449
-6.95777983380676 0.045
-6.95771860634514 0.0451
-6.95765695406805 0.0452
-6.95758807515306 0.0453
-6.95751163538607 0.0454
-6.95743348123148 0.0455
-6.95736373608649 0.0456
-6.95729825614575 0.0457
-6.9572362606158 0.0458
-6.95718447699551 0.0459
-6.95714684473721 0.046
-6.9571294167089 0.0461
-6.95712906760924 0.0462
-6.95715628708648 0.0463
-6.95719881069126 0.0464
-6.95724258130521 0.0465
-6.95729426132542 0.0466
-6.95735182186142 0.0467
-6.9574116215013 0.0468
-6.95747132175555 0.0469
-6.95751640409806 0.047
-6.95756929630168 0.0471
-6.95761460534636 0.0472
-6.95766659295594 0.0473
-6.95770149379177 0.0474
-6.9577257777867 0.0475
-6.95770329403364 0.0476
-6.95768131223463 0.0477
-6.95763721171685 0.0478
-6.95758481850073 0.0479
-6.95752613448297 0.048
-6.95746367601539 0.0481
-6.95740643529694 0.0482
-6.95735182672291 0.0483
-6.95730799309345 0.0484
-6.9572756415959 0.0485
-6.95725306356537 0.0486
-6.9572397868347 0.0487
-6.9572387136334 0.0488
-6.95726538317463 0.0489
-6.9573274275814 0.049
-6.95741276409855 0.0491
-6.95751927721932 0.0492
-6.95764709284231 0.0493
-6.95778408602648 0.0494
-6.95791927994029 0.0495
-6.95807641906478 0.0496
-6.95825206546863 0.0497
-6.95843251685713 0.0498
-6.9586228164398 0.0499
-6.95880777979688 0.05
-6.95898378373436 0.0501
-6.95915668347308 0.0502
-6.95932769723734 0.0503
-6.95948749973173 0.0504
-6.95963632681408 0.0505
-6.95978492442572 0.0506
-6.95992904490299 0.0507
-6.9600778565941 0.0508
-6.96021775085577 0.0509
-6.96035390877126 0.051
-6.96046970236413 0.0511
-6.96055492029674 0.0512
-6.96062549600288 0.0513
-6.9606772329631 0.0514
-6.96071578061997 0.0515
-6.96073466948516 0.0516
-6.96074838398415 0.0517
-6.96075138487008 0.0518
-6.96075491388967 0.0519
-6.96075066506701 0.052
-6.96072380734217 0.0521
-6.96068313586025 0.0522
-6.96061147522743 0.0523
-6.96053230739543 0.0524
-6.96046633545048 0.0525
-6.96040362903347 0.0526
-6.9603395196917 0.0527
-6.96027998522308 0.0528
-6.9602300303542 0.0529
-6.96018085078292 0.053
-6.96012903754976 0.0531
-6.9600930361219 0.0532
-6.96005554320791 0.0533
-6.96001994207004 0.0534
-6.95999380075457 0.0535
-6.95997162902413 0.0536
-6.95994353057388 0.0537
-6.95990770959838 0.0538
-6.95986516416307 0.0539
-6.95982530880223 0.054
-6.95977881222094 0.0541
-6.95973167980043 0.0542
-6.95968974697761 0.0543
-6.9596392136603 0.0544
-6.95958793992576 0.0545
-6.95953702287596 0.0546
-6.95948775541118 0.0547
-6.95942570306345 0.0548
-6.95938081885356 0.0549
-6.95933900590228 0.055
-6.95930177109263 0.0551
-6.95928911304049 0.0552
-6.95928037736917 0.0553
-6.95928623168934 0.0554
-6.95930758498656 0.0555
-6.95935730723573 0.0556
-6.95941701782835 0.0557
-6.95948847714106 0.0558
-6.95956244555137 0.0559
-6.95962983683707 0.056
-6.95971698572102 0.0561
-6.95982146186125 0.0562
-6.95992952071466 0.0563
-6.96002739666147 0.0564
-6.96012368952823 0.0565
-6.96021406588803 0.0566
-6.96031302368419 0.0567
-6.96040054281222 0.0568
-6.96048448742469 0.0569
-6.96055923838289 0.057
-6.96062262117841 0.0571
-6.9606666484598 0.0572
-6.96069232340605 0.0573
-6.96070311538926 0.0574
-6.96069057618191 0.0575
-6.96066073630501 0.0576
-6.96062518039926 0.0577
-6.96059953186348 0.0578
-6.96055770140419 0.0579
-6.9605150044191 0.058
-6.96045848695971 0.0581
-6.96040482620737 0.0582
-6.96033284231391 0.0583
-6.96025595486092 0.0584
-6.96016903289993 0.0585
-6.96008788798801 0.0586
-6.95999707201314 0.0587
-6.9598924140536 0.0588
-6.9597990719568 0.0589
-6.95970012010741 0.059
-6.95961048111629 0.0591
-6.9595385776582 0.0592
-6.95947995504335 0.0593
-6.95943358050616 0.0594
-6.95939706797699 0.0595
-6.95936161408266 0.0596
-6.95933002424415 0.0597
-6.95930503055739 0.0598
-6.95927820267124 0.0599
-6.95927387185291 0.06
-6.95928740179624 0.0601
-6.95930644863741 0.0602
-6.95932864627176 0.0603
-6.95935805866378 0.0604
-6.95937824322154 0.0605
-6.95939241121325 0.0606
-6.95941693929181 0.0607
-6.95944936486691 0.0608
-6.95948597969877 0.0609
-6.95953472878324 0.061
-6.95958239107713 0.0611
-6.9596486540094 0.0612
-6.95971875910354 0.0613
-6.95980219338904 0.0614
-6.95986895421405 0.0615
-6.95994147341419 0.0616
-6.96000851901825 0.0617
-6.96007203621837 0.0618
-6.96013617102305 0.0619
-6.96019124455184 0.062
-6.96021487696332 0.0621
-6.96023866453051 0.0622
-6.96024108811364 0.0623
-6.96021770456405 0.0624
-6.96017847130955 0.0625
-6.96013146158504 0.0626
-6.96006004551908 0.0627
-6.95997582978678 0.0628
-6.95988256157247 0.0629
-6.95979494201085 0.063
-6.95969584545428 0.0631
-6.95958402075534 0.0632
-6.95948627723033 0.0633
-6.95940222031453 0.0634
-6.95933704426781 0.0635
-6.95929348253274 0.0636
-6.95925104317394 0.0637
-6.95921756542786 0.0638
-6.95918982891013 0.0639
-6.95916331030609 0.064
-6.95914072638406 0.0641
-6.95911555716667 0.0642
-6.95909104649362 0.0643
-6.95907605770414 0.0644
-6.95907818243613 0.0645
-6.95907491647431 0.0646
-6.95905656936197 0.0647
-6.95901912579758 0.0648
-6.95897899851523 0.0649
-6.9589412026994 0.065
-6.95888680989512 0.0651
-6.95882184840804 0.0652
-6.95874074015239 0.0653
-6.95865432027724 0.0654
-6.95855027238806 0.0655
-6.95842724142957 0.0656
-6.95828556829414 0.0657
-6.95811942455931 0.0658
-6.95794551790613 0.0659
-6.9577686844553 0.066
-6.95759635547063 0.0661
-6.95743731988351 0.0662
-6.95726884206264 0.0663
-6.95710862588743 0.0664
-6.95695457625565 0.0665
-6.95682089589583 0.0666
-6.95670820399241 0.0667
-6.956607822577 0.0668
-6.95653037844176 0.0669
-6.95646833822779 0.067
-6.9564327991061 0.0671
-6.95642839452291 0.0672
-6.95643407068401 0.0673
-6.9564456642164 0.0674
-6.95645947266427 0.0675
-6.95649930461505 0.0676
-6.95654424663093 0.0677
-6.95660161192267 0.0678
-6.9566532331066 0.0679
-6.95670158086449 0.068
-6.9567444624874 0.0681
-6.95678048670531 0.0682
-6.95680525866392 0.0683
-6.95684131235183 0.0684
-6.95686899802232 0.0685
-6.95689397858202 0.0686
-6.95691542394622 0.0687
-6.95694364189771 0.0688
-6.95696417479098 0.0689
-6.9569892888763 0.069
-6.95700832715917 0.0691
-6.95702074882606 0.0692
-6.95701976028404 0.0693
-6.95701372175236 0.0694
-6.95701489809984 0.0695
-6.95701416106134 0.0696
-6.9570127710233 0.0697
-6.95702012442398 0.0698
-6.95702432147338 0.0699
-6.95703547617305 0.07
-6.95704432086362 0.0701
-6.95704982929616 0.0702
-6.95705170631668 0.0703
-6.95705223530023 0.0704
-6.95705455294518 0.0705
-6.95706041000405 0.0706
-6.95706082228821 0.0707
-6.95706533128345 0.0708
-6.95709260507558 0.0709
-6.9571346606315 0.071
-6.95718003797957 0.0711
-6.95724745589672 0.0712
-6.95733010509688 0.0713
-6.95740871518424 0.0714
-6.95749516959048 0.0715
-6.95759422439688 0.0716
-6.95769530631273 0.0717
-6.95780901653171 0.0718
-6.95793012011866 0.0719
-6.95805718239673 0.072
-6.95818554761127 0.0721
-6.95830806556102 0.0722
-6.95842439866044 0.0723
-6.95853865021108 0.0724
-6.95862899260879 0.0725
-6.9587057375569 0.0726
-6.95877987776767 0.0727
-6.95884883245647 0.0728
-6.95889715151016 0.0729
-6.95892818590579 0.073
-6.95895135995717 0.0731
-6.95895966297181 0.0732
-6.95892858058176 0.0733
-6.9588716330803 0.0734
-6.95881509710489 0.0735
-6.95872945298448 0.0736
-6.95863436567555 0.0737
-6.95852909161873 0.0738
-6.95840353545831 0.0739
-6.95826138617713 0.074
-6.9581185824105 0.0741
-6.95796754083053 0.0742
-6.95781657007291 0.0743
-6.95766689557057 0.0744
-6.9575291114655 0.0745
-6.9573902293455 0.0746
-6.95725999745728 0.0747
-6.95712947728987 0.0748
-6.95701910592651 0.0749
-6.95690168464289 0.075
-6.95677992858896 0.0751
-6.95664918307606 0.0752
-6.95653044787146 0.0753
-6.95642417746247 0.0754
-6.95631880648159 0.0755
-6.95623013247469 0.0756
-6.95613643148448 0.0757
-6.95605907058964 0.0758
-6.95599306901736 0.0759
-6.95595187693069 0.076
-6.95590738631902 0.0761
-6.95585954498152 0.0762
-6.9558187963305 0.0763
-6.9557902569878 0.0764
-6.95577472324702 0.0765
-6.95576856798687 0.0766
-6.95576632769387 0.0767
-6.95577547273969 0.0768
-6.95579574333669 0.0769
-6.9558271155958 0.077
-6.95586524191165 0.0771
-6.95592886100152 0.0772
-6.95599681954927 0.0773
-6.95607038397922 0.0774
-6.95615526744998 0.0775
-6.9562386247045 0.0776
-6.95631917347995 0.0777
-6.9563976704084 0.0778
-6.95646802011962 0.0779
-6.95654529454181 0.078
-6.9566452511013 0.0781
-6.95675930020826 0.0782
-6.95686998136479 0.0783
-6.95697535244024 0.0784
-6.95708317303958 0.0785
-6.95718824214541 0.0786
-6.957284455166 0.0787
-6.95737057410751 0.0788
-6.95744593556951 0.0789
-6.95751067381641 0.079
-6.95755982049146 0.0791
-6.95760524969609 0.0792
-6.95763065666505 0.0793
-6.95764198940388 0.0794
-6.95765571547054 0.0795
-6.95765656948751 0.0796
-6.95764867727397 0.0797
-6.95761700762671 0.0798
-6.95758209847364 0.0799
-6.95755932712332 0.08
-6.95751623526461 0.0801
-6.9574745722579 0.0802
-6.95742693876701 0.0803
-6.95736471381725 0.0804
-6.95730712209519 0.0805
-6.95724413683235 0.0806
-6.95719620548681 0.0807
-6.95714672910593 0.0808
-6.95710752017687 0.0809
-6.95704821562231 0.081
-6.95696820202021 0.0811
-6.95688965171747 0.0812
-6.95680632518459 0.0813
-6.95672087693028 0.0814
-6.9566333559947 0.0815
-6.956545581702 0.0816
-6.95644353676326 0.0817
-6.95632887624458 0.0818
-6.95622299076498 0.0819
-6.95610793393078 0.082
-6.95597789564819 0.0821
-6.95585285978654 0.0822
-6.95574885235591 0.0823
-6.95566466975823 0.0824
-6.95557842329862 0.0825
-6.95548712629853 0.0826
-6.95539983313184 0.0827
-6.95531016512392 0.0828
-6.95523097502232 0.0829
-6.95514835798395 0.083
-6.95505674800889 0.0831
-6.9549853718361 0.0832
-6.95491424514533 0.0833
-6.95486036905512 0.0834
-6.95481892297997 0.0835
-6.95479567174897 0.0836
-6.95475737748785 0.0837
-6.954721329111 0.0838
-6.95468353390113 0.0839
-6.95463905457403 0.084
-6.95459316653744 0.0841
-6.95455475191033 0.0842
-6.95451090727702 0.0843
-6.95448697523578 0.0844
-6.95448046410017 0.0845
-6.95447372572734 0.0846
-6.95446692585169 0.0847
-6.9544624125894 0.0848
-6.95447163501958 0.0849
-6.95448342964569 0.085
-6.95450023117992 0.0851
-6.954513780159 0.0852
-6.95453947339693 0.0853
-6.95457859271852 0.0854
-6.95461348792709 0.0855
-6.95465145800104 0.0856
-6.95469852139854 0.0857
-6.95474956143908 0.0858
-6.95479198259725 0.0859
-6.95483963658202 0.086
-6.95487138032102 0.0861
-6.95491915748114 0.0862
-6.95497787083169 0.0863
-6.95503426464874 0.0864
-6.95509750759385 0.0865
-6.95516405142838 0.0866
-6.95523926778518 0.0867
-6.95532722016516 0.0868
-6.95542015772417 0.0869
-6.95552022665638 0.087
-6.95561147772365 0.0871
-6.9556929724226 0.0872
-6.95577066941008 0.0873
-6.95584783105705 0.0874
-6.95592097099526 0.0875
-6.95597890346491 0.0876
-6.95604120884668 0.0877
-6.95608731080215 0.0878
-6.95612253921043 0.0879
-6.95612981099524 0.088
-6.95613236462717 0.0881
-6.95611608393319 0.0882
-6.95606870774344 0.0883
-6.95600417565261 0.0884
-6.95593671388244 0.0885
-6.95586753914919 0.0886
-6.95578995840149 0.0887
-6.9557107713116 0.0888
-6.95560816369088 0.0889
-6.95550203383853 0.089
-6.95537233690055 0.0891
-6.95524964932803 0.0892
-6.95511172923558 0.0893
-6.95497914834095 0.0894
-6.95485251672661 0.0895
-6.95471254231076 0.0896
-6.95457201854556 0.0897
-6.95443181904192 0.0898
-6.95427771902145 0.0899
-6.95412346227566 0.09
-6.95396874951262 0.0901
-6.95381655255954 0.0902
-6.95366359056474 0.0903
-6.95351950866525 0.0904
-6.95339150363575 0.0905
-6.95327195032947 0.0906
-6.95316338207637 0.0907
-6.95308341964067 0.0908
-6.95302453067042 0.0909
-6.95298941179473 0.091
-6.95297418387249 0.0911
-6.95298075542241 0.0912
-6.95298861138028 0.0913
-6.95301324806834 0.0914
-6.95303703273567 0.0915
-6.95307425417778 0.0916
-6.95312831951939 0.0917
-6.95320135016567 0.0918
-6.95329817858847 0.0919
-6.9533990717363 0.092
-6.953506166406 0.0921
-6.95362872390352 0.0922
-6.95375574012464 0.0923
-6.95388917854209 0.0924
-6.95404179886846 0.0925
-6.95419192370545 0.0926
-6.954338825339 0.0927
-6.95447864931551 0.0928
-6.95460951215214 0.0929
-6.9547203904882 0.093
-6.95482243798136 0.0931
-6.95491521044667 0.0932
-6.95500231802483 0.0933
-6.95507076240776 0.0934
-6.9551179758813 0.0935
-6.95515921441261 0.0936
-6.95517480260975 0.0937
-6.95517907643077 0.0938
-6.95518128585818 0.0939
-6.95517205203092 0.094
-6.95515860002365 0.0941
-6.95513930440309 0.0942
-6.95511254362651 0.0943
-6.95507651354418 0.0944
-6.95503835567203 0.0945
-6.95499094076633 0.0946
-6.95495476824881 0.0947
-6.95491553548396 0.0948
-6.95487387868866 0.0949
-6.95481161019536 0.095
-6.95474779510968 0.0951
-6.95467943821458 0.0952
-6.95461054333791 0.0953
-6.95452803008334 0.0954
-6.95441883589621 0.0955
-6.95430349553587 0.0956
-6.95419218377458 0.0957
-6.95407546214057 0.0958
-6.95396107953297 0.0959
-6.95384667415353 0.096
-6.95374183765151 0.0961
-6.95363925447353 0.0962
-6.95354329103857 0.0963
-6.95345817855733 0.0964
-6.95337382222626 0.0965
-6.95328366788268 0.0966
-6.95321206879546 0.0967
-6.95316341337548 0.0968
-6.95313621521424 0.0969
-6.95311997147844 0.097
-6.95311741572978 0.0971
-6.95312963046542 0.0972
-6.95315299946517 0.0973
-6.95318259681818 0.0974
-6.95322746469051 0.0975
-6.95329392878123 0.0976
-6.95336529113655 0.0977
-6.9534414317267 0.0978
-6.95352306256702 0.0979
-6.95360017083015 0.098
-6.95367265416984 0.0981
-6.95374357889923 0.0982
-6.9538072087215 0.0983
-6.95387180042678 0.0984
-6.95392497116578 0.0985
-6.95398693847184 0.0986
-6.95405062708428 0.0987
-6.95410830470906 0.0988
-6.95415609924548 0.0989
-6.95419992082412 0.099
-6.95423164102837 0.0991
-6.95426004906448 0.0992
-6.95428132997442 0.0993
-6.95430294401743 0.0994
-6.95428936724234 0.0995
-6.95426301179632 0.0996
-6.95423356113453 0.0997
-6.95419622705609 0.0998
-6.95416646878299 0.0999
-6.95414779624417 0.1
-6.95413051626266 0.1001
-6.95411801818338 0.1002
-6.95411172495957 0.1003
-6.95411210205129 0.1004
-6.95408605227319 0.1005
-6.95405605152392 0.1006
-6.95405087251429 0.1007
-6.95405453345086 0.1008
-6.95406082202284 0.1009
-6.95408763935769 0.101
-6.95411418210865 0.1011
-6.95414680462416 0.1012
-6.95417463531781 0.1013
-6.95420577362458 0.1014
-6.95425600190953 0.1015
-6.95430764237492 0.1016
-6.95436161723248 0.1017
-6.95440857178836 0.1018
-6.95444925977778 0.1019
-6.95449023311233 0.102
-6.95453944211607 0.1021
-6.95457059779474 0.1022
-6.95460666663106 0.1023
-6.95465202100009 0.1024
-6.95470013787269 0.1025
-6.95474101944502 0.1026
-6.95478098990662 0.1027
-6.95481821495127 0.1028
-6.95485402430269 0.1029
-6.95487675360129 0.103
-6.95488915979757 0.1031
-6.95488798692175 0.1032
-6.95486273539074 0.1033
-6.95483439741377 0.1034
-6.95482285001819 0.1035
-6.95478324586859 0.1036
-6.9547456723774 0.1037
-6.95470602507208 0.1038
-6.95466402291181 0.1039
-6.95461567616565 0.104
-6.95456407003079 0.1041
-6.95450006618511 0.1042
-6.95444073219907 0.1043
-6.95437880877048 0.1044
-6.95430532473229 0.1045
-6.95422078458532 0.1046
-6.95412401231364 0.1047
-6.95404190408746 0.1048
-6.95396616470256 0.1049
-6.95389615961114 0.105
-6.95383609613282 0.1051
-6.95377574575665 0.1052
-6.95373175192849 0.1053
-6.95369725837249 0.1054
-6.95367376810486 0.1055
-6.95363842204226 0.1056
-6.95361008524403 0.1057
-6.95360436781753 0.1058
-6.95360221610436 0.1059
-6.95360259988739 0.106
-6.95361241137305 0.1061
-6.95362874660333 0.1062
-6.95364967573493 0.1063
-6.95367420449551 0.1064
-6.95370541370237 0.1065
-6.95371917839327 0.1066
-6.95373649893077 0.1067
-6.95373847542876 0.1068
-6.95373681793468 0.1069
-6.95371037217342 0.107
-6.9536711883973 0.1071
-6.95362154984953 0.1072
-6.9535763578878 0.1073
-6.95352891733497 0.1074
-6.95347104855507 0.1075
-6.95340154948913 0.1076
-6.95331370780163 0.1077
-6.95323430470754 0.1078
-6.9531651181205 0.1079
-6.95308649473225 0.108
-6.95300618626359 0.1081
-6.95292932614257 0.1082
-6.95285764283151 0.1083
-6.95277618812896 0.1084
-6.95270391276574 0.1085
-6.95263375601184 0.1086
-6.95257650869427 0.1087
-6.95251799320753 0.1088
-6.95247055752772 0.1089
-6.95243127683519 0.109
-6.95240292155441 0.1091
-6.95239390579264 0.1092
-6.95240051740794 0.1093
-6.95241927912391 0.1094
-6.95243523724992 0.1095
-6.95245886113635 0.1096
-6.9524810849506 0.1097
-6.95250947496442 0.1098
-6.95251254985678 0.1099
-6.9525097173353 0.11
-6.95248181448333 0.1101
-6.95244431288777 0.1102
-6.95239280826419 0.1103
-6.95234878368273 0.1104
-6.95230537700157 0.1105
-6.9522522974927 0.1106
-6.9522128533258 0.1107
-6.9521615809618 0.1108
-6.95211592011312 0.1109
-6.9520778734667 0.111
-6.95205827052912 0.1111
-6.95205109823865 0.1112
-6.95206091476169 0.1113
-6.95208677092727 0.1114
-6.95211077998728 0.1115
-6.95214500055027 0.1116
-6.95220028282105 0.1117
-6.95225248137448 0.1118
-6.95230997158412 0.1119
-6.95237172113264 0.112
-6.95243979910276 0.1121
-6.9525246791612 0.1122
-6.95260831567751 0.1123
-6.95268854639157 0.1124
-6.95277525632709 0.1125
-6.95283594783267 0.1126
-6.95288959717826 0.1127
-6.95292016722242 0.1128
-6.95294729864093 0.1129
-6.95296326915591 0.113
-6.95296754847837 0.1131
-6.95296795703401 0.1132
-6.95298162612771 0.1133
-6.95298235070372 0.1134
-6.9529829220452 0.1135
-6.9529673227588 0.1136
-6.95295299350232 0.1137
-6.95292932829836 0.1138
-6.95290457299401 0.1139
-6.95286364525605 0.114
-6.952812015244 0.1141
-6.9527593306185 0.1142
-6.95270904873409 0.1143
-6.95265005822389 0.1144
-6.95259310495164 0.1145
-6.95254505746567 0.1146
-6.95250099428148 0.1147
-6.95244054165915 0.1148
-6.95239415151837 0.1149
-6.95235231943971 0.115
-6.95232662821075 0.1151
-6.95231648390698 0.1152
-6.95232189531992 0.1153
-6.9523261690259 0.1154
-6.95234378398682 0.1155
-6.95236443272363 0.1156
-6.95237908209606 0.1157
-6.95239865690083 0.1158
-6.95240549358623 0.1159
-6.95241987876504 0.116
-6.95242948627045 0.1161
-6.95242774225897 0.1162
-6.95242039304416 0.1163
-6.95240482998923 0.1164
-6.95237693531533 0.1165
-6.95233574576918 0.1166
-6.95228600401367 0.1167
-6.95222151060718 0.1168
-6.95217320164014 0.1169
-6.95212677877272 0.117
-6.95209045255467 0.1171
-6.95203971027601 0.1172
-6.95198530896596 0.1173
-6.95194122804043 0.1174
-6.95191267748822 0.1175
-6.95188627529208 0.1176
-6.9518718780462 0.1177
-6.9518737673567 0.1178
-6.9518757594073 0.1179
-6.95190238815933 0.118
-6.9519276764007 0.1181
-6.95195422643419 0.1182
-6.95198158940734 0.1183
-6.95202031717401 0.1184
-6.95205935137171 0.1185
-6.95211113428425 0.1186
-6.95217850896625 0.1187
-6.95225038748372 0.1188
-6.9523213620654 0.1189
-6.95240042827618 0.119
-6.95246362887669 0.1191
-6.95251271102977 0.1192
-6.95256200506022 0.1193
-6.95260370419143 0.1194
-6.95261888224873 0.1195
-6.95260612830021 0.1196
-6.9525892504485 0.1197
-6.95258084834477 0.1198
-6.95255675737784 0.1199
-6.95254652694213 0.12
-6.95253493440731 0.1201
-6.95251553908969 0.1202
-6.95249818902844 0.1203
-6.95250719167307 0.1204
-6.95251453495498 0.1205
-6.95252882464774 0.1206
-6.9525389650409 0.1207
-6.95254924527546 0.1208
-6.95256978321512 0.1209
-6.95259783929773 0.121
-6.95264799253182 0.1211
-6.95271927269754 0.1212
-6.95279384133619 0.1213
-6.95286861426667 0.1214
-6.95294326454034 0.1215
-6.95300170975505 0.1216
-6.95306007626525 0.1217
-6.9530978423199 0.1218
-6.95313451374814 0.1219
-6.9531612797485 0.122
-6.95317027700517 0.1221
-6.95318001700485 0.1222
-6.95318707347282 0.1223
-6.95318651236135 0.1224
-6.95318983688061 0.1225
-6.95319485458398 0.1226
-6.95320066298016 0.1227
-6.95320147188646 0.1228
-6.95318476920276 0.1229
-6.95315065976125 0.123
-6.95309982641714 0.1231
-6.95304253222358 0.1232
-6.95296040029551 0.1233
-6.9528446208858 0.1234
-6.95272913954586 0.1235
-6.95261620497276 0.1236
-6.9524729505503 0.1237
-6.95231199193343 0.1238
-6.95214025369816 0.1239
-6.95194612274598 0.124
-6.95175944722715 0.1241
-6.95157814324867 0.1242
-6.95139830730157 0.1243
-6.95122316643345 0.1244
-6.95102541993264 0.1245
-6.95082438960799 0.1246
-6.95061889001954 0.1247
-6.95041921334397 0.1248
-6.95023647585517 0.1249
-6.95005448883774 0.125
-6.94988538995851 0.1251
-6.94970025671097 0.1252
-6.94951362187873 0.1253
-6.94934055925755 0.1254
-6.94918404884789 0.1255
-6.94903802324847 0.1256
-6.9489037936166 0.1257
-6.94877643568414 0.1258
-6.94865835221872 0.1259
-6.94856398322857 0.126
-6.94847042077632 0.1261
-6.94837328438838 0.1262
-6.94826589237087 0.1263
-6.94816440779834 0.1264
-6.94807054065299 0.1265
-6.94798488311989 0.1266
-6.94793310789498 0.1267
-6.94790757472805 0.1268
-6.94790651561685 0.1269
-6.94791053014428 0.127
-6.94792873982104 0.1271
-6.94796787260452 0.1272
-6.94803792162188 0.1273
-6.94812675082957 0.1274
-6.94821775657224 0.1275
-6.94832045387885 0.1276
-6.94842754054831 0.1277
-6.9485437395931 0.1278
-6.94866967638238 0.1279
-6.94879654990418 0.128
-6.94892688032259 0.1281
-6.94904564193474 0.1282
-6.94917738128668 0.1283
-6.94929889184881 0.1284
-6.94942004109338 0.1285
-6.94952993429202 0.1286
-6.94962416494812 0.1287
-6.94970679882954 0.1288
-6.94979229185086 0.1289
-6.94986874945934 0.129
-6.9499259851723 0.1291
-6.94997626813277 0.1292
-6.95001787275714 0.1293
-6.95005198188616 0.1294
-6.95008284785752 0.1295
-6.95008961123378 0.1296
-6.95008045811358 0.1297
-6.95005583672056 0.1298
-6.95002777641988 0.1299
-6.9499953631494 0.13
-6.94996125262811 0.1301
-6.94992737862644 0.1302
-6.94989289431452 0.1303
-6.94985456128811 0.1304
-6.94981234006506 0.1305
-6.94977185825045 0.1306
-6.94972883565233 0.1307
-6.94967649913903 0.1308
-6.94962389021659 0.1309
-6.94956153605053 0.131
-6.94949616340756 0.1311
-6.94942218003972 0.1312
-6.94935417066325 0.1313
-6.9492810695964 0.1314
-6.94921568369206 0.1315
-6.94916048041279 0.1316
-6.94910592280583 0.1317
-6.94905921483159 0.1318
-6.94901387833221 0.1319
-6.94896250010223 0.132
-6.94891012773559 0.1321
-6.94885303684232 0.1322
-6.94879280462448 0.1323
-6.94873871948104 0.1324
-6.94868849361828 0.1325
-6.94864931763961 0.1326
-6.94861799847128 0.1327
-6.94858787359813 0.1328
-6.94855566648026 0.1329
-6.94853382034255 0.133
-6.94851767596516 0.1331
-6.94849921268186 0.1332
-6.94848046885909 0.1333
-6.94847306955666 0.1334
-6.94846527493983 0.1335
-6.94847486942896 0.1336
-6.94847571645262 0.1337
-6.94847680938629 0.1338
-6.94847483527757 0.1339
-6.94847155157955 0.134
-6.94846837826809 0.1341
-6.94847611389844 0.1342
-6.94849636851802 0.1343
-6.94850706849998 0.1344
-6.94852273526554 0.1345
-6.94854134116945 0.1346
-6.94855959061765 0.1347
-6.94856753033859 0.1348
-6.94856806448472 0.1349
-6.94856220783303 0.135
-6.94853633286317 0.1351
-6.94851440966948 0.1352
-6.94847660578513 0.1353
-6.94844458074232 0.1354
-6.9484079912272 0.1355
-6.94837624128779 0.1356
-6.94835370615477 0.1357
-6.94831855414855 0.1358
-6.94829102475677 0.1359
-6.94827787488279 0.136
-6.94827173263917 0.1361
-6.94826784063112 0.1362
-6.9482638712889 0.1363
-6.94826890572813 0.1364
-6.94828312994953 0.1365
-6.94829629228182 0.1366
-6.94830472259331 0.1367
-6.94830479489551 0.1368
-6.94830991827418 0.1369
-6.94831602067679 0.137
-6.94832916709179 0.1371
-6.94831703308297 0.1372
-6.94827862373196 0.1373
-6.94823214599213 0.1374
-6.94818008686856 0.1375
-6.94812753324952 0.1376
-6.94807569898267 0.1377
-6.94803199344536 0.1378
-6.94799210894874 0.1379
-6.94795552688885 0.138
-6.94791144056883 0.1381
-6.94786988842601 0.1382
-6.9478466946228 0.1383
-6.94783875353733 0.1384
-6.94783786214201 0.1385
-6.94783308119161 0.1386
-6.94782436486475 0.1387
-6.94783606862259 0.1388
-6.94783872613246 0.1389
-6.94784917157091 0.139
-6.94787594625986 0.1391
-6.94790637493463 0.1392
-6.94794181086091 0.1393
-6.94798685972582 0.1394
-6.94801170475259 0.1395
-6.94803210447901 0.1396
-6.94804703336895 0.1397
-6.9480575142154 0.1398
-6.94806459079301 0.1399
-6.94807671867789 0.14
-6.94809626860989 0.1401
-6.94812894839652 0.1402
-6.94815182508804 0.1403
-6.94816697731114 0.1404
-6.94817914257116 0.1405
-6.94819673215104 0.1406
-6.94821334499783 0.1407
-6.94821894657409 0.1408
-6.94822596039791 0.1409
-6.94821797215758 0.141
-6.94819739638989 0.1411
-6.94818868073944 0.1412
-6.94820864885364 0.1413
-6.94822897442891 0.1414
-6.94825468357311 0.1415
-6.94827151831089 0.1416
-6.94828229130781 0.1417
-6.9482920153419 0.1418
-6.94829994303465 0.1419
-6.94830530354961 0.142
-6.94830717529774 0.1421
-6.94830706155465 0.1422
-6.94829786327922 0.1423
-6.94827812764301 0.1424
-6.94826086171833 0.1425
-6.94824978167084 0.1426
-6.94822816223723 0.1427
-6.94820387695163 0.1428
-6.94818351384994 0.1429
-6.94816549362332 0.143
-6.94813932690752 0.1431
-6.94811817527102 0.1432
-6.94808296372715 0.1433
-6.94806378690229 0.1434
-6.94805759308942 0.1435
-6.94806195591425 0.1436
-6.94805656108539 0.1437
-6.94804186685199 0.1438
-6.94802603578286 0.1439
-6.94800603943292 0.144
-6.94796016135032 0.1441
-6.94791291890764 0.1442
-6.94786531603351 0.1443
-6.94782227359412 0.1444
-6.94776884485077 0.1445
-6.9477093197864 0.1446
-6.94765135730162 0.1447
-6.94757790436398 0.1448
-6.94751440678198 0.1449
-6.94747113268976 0.145
-6.94743962832414 0.1451
-6.94741580031909 0.1452
-6.94739173070983 0.1453
-6.94736876370675 0.1454
-6.94732648847108 0.1455
-6.94728100629543 0.1456
-6.94723796105299 0.1457
-6.94720056110986 0.1458
-6.9471704902015 0.1459
-6.94714785163828 0.146
-6.94713182691278 0.1461
-6.94711590824453 0.1462
-6.94710831510574 0.1463
-6.94708585141131 0.1464
-6.94705396179394 0.1465
-6.94702365031618 0.1466
-6.9470182615545 0.1467
-6.94704050362898 0.1468
-6.94706344440607 0.1469
-6.9470909714077 0.147
-6.94711915775313 0.1471
-6.94713236458693 0.1472
-6.94713536839149 0.1473
-6.94711182388759 0.1474
-6.94707925630236 0.1475
-6.9470405357575 0.1476
-6.94700555269714 0.1477
-6.94696328966539 0.1478
-6.94691571632303 0.1479
-6.94686559459423 0.148
-6.94680624677038 0.1481
-6.94672445593467 0.1482
-6.94665805069928 0.1483
-6.94659743513841 0.1484
-6.94654857940348 0.1485
-6.94650353688302 0.1486
-6.94646828330834 0.1487
-6.94643924680799 0.1488
-6.94642426765421 0.1489
-6.94640553370667 0.149
-6.94640439618965 0.1491
-6.94641166897257 0.1492
-6.94644419663492 0.1493
-6.94649744829518 0.1494
-6.94656358630099 0.1495
-6.94664520092217 0.1496
-6.94674724257557 0.1497
-6.94687597369676 0.1498
-6.94700475615349 0.1499
-6.94713788913567 0.15
-6.9472868297394 0.1501
-6.94745158937719 0.1502
-6.94760800458689 0.1503
-6.94776292853187 0.1504
-6.94791221844162 0.1505
-6.94804271284416 0.1506
-6.94816783300048 0.1507
-6.94827392078105 0.1508
-6.94837538977928 0.1509
-6.94847033160902 0.151
-6.94855174237463 0.1511
-6.94861848988527 0.1512
-6.94868491531885 0.1513
-6.94874429664934 0.1514
-6.94879541795507 0.1515
-6.94882544074518 0.1516
-6.94885959106052 0.1517
-6.94887554379766 0.1518
-6.9488839965482 0.1519
-6.94890453770413 0.152
-6.94892864336314 0.1521
-6.94894173661204 0.1522
-6.94894080580277 0.1523
-6.9489333684195 0.1524
-6.94891131038171 0.1525
-6.94889244866204 0.1526
-6.94885470684008 0.1527
-6.94881158458047 0.1528
-6.94875431933928 0.1529
-6.94867839637396 0.153
-6.9485895269968 0.1531
-6.94848316597017 0.1532
-6.94836889860749 0.1533
-6.94823650321628 0.1534
-6.94809755539824 0.1535
-6.94795285829126 0.1536
-6.94781263598542 0.1537
-6.94767554831275 0.1538
-6.94754073173722 0.1539
-6.94741833534138 0.154
-6.94731435201041 0.1541
-6.94720753226457 0.1542
-6.94710267160767 0.1543
-6.94699879847008 0.1544
-6.94691127891519 0.1545
-6.94683347659399 0.1546
-6.94678229966688 0.1547
-6.94674236174446 0.1548
-6.94670954418063 0.1549
-6.94667818466196 0.155
-6.94665357559636 0.1551
-6.94665358646455 0.1552
-6.94666097895824 0.1553
-6.94668966842666 0.1554
-6.9467408138441 0.1555
-6.946787737591 0.1556
-6.94684471565076 0.1557
-6.94690541706332 0.1558
-6.94696696101328 0.1559
-6.94701731237942 0.156
-6.94704933607662 0.1561
-6.94706601742229 0.1562
-6.94705886493965 0.1563
-6.94704438948121 0.1564
-6.94700664845139 0.1565
-6.94696347395123 0.1566
-6.94691788930394 0.1567
-6.9468600741671 0.1568
-6.94679311209139 0.1569
-6.94671669695259 0.157
-6.94663513472099 0.1571
-6.94656058394664 0.1572
-6.94649923838509 0.1573
-6.94646861387995 0.1574
-6.94644032752773 0.1575
-6.94639559139141 0.1576
-6.94633455061112 0.1577
-6.94627252201707 0.1578
-6.94621920543173 0.1579
-6.94616792387825 0.158
-6.94610145856006 0.1581
-6.94604797947264 0.1582
-6.94600237933943 0.1583
-6.94595960249 0.1584
-6.94591990028302 0.1585
-6.9458982927716 0.1586
-6.94587993872745 0.1587
-6.94586186198391 0.1588
-6.94585858455993 0.1589
-6.9458482434357 0.159
-6.94583955443098 0.1591
-6.94582188186938 0.1592
-6.94580983874599 0.1593
-6.9458091558814 0.1594
-6.94582143232229 0.1595
-6.94583751636372 0.1596
-6.94584211149131 0.1597
-6.9458630725432 0.1598
-6.94589872945436 0.1599
-6.94592787472071 0.16
-6.94595514447724 0.1601
-6.94598204424049 0.1602
-6.94600315896122 0.1603
-6.9460344802613 0.1604
-6.94607153023339 0.1605
-6.94611364755743 0.1606
-6.94615559853212 0.1607
-6.94619181536751 0.1608
-6.94623126330538 0.1609
-6.94627611881867 0.161
-6.94632898294788 0.1611
-6.94636891769402 0.1612
-6.9464099672078 0.1613
-6.94644926681678 0.1614
-6.94648551342799 0.1615
-6.94652886480365 0.1616
-6.94658170483063 0.1617
-6.94664709286338 0.1618
-6.94671855935964 0.1619
-6.9467920656877 0.162
-6.94687187307904 0.1621
-6.94695430656151 0.1622
-6.9470182594591 0.1623
-6.94707217853253 0.1624
-6.94710858056208 0.1625
-6.94713326457522 0.1626
-6.94714664965778 0.1627
-6.94716524477117 0.1628
-6.94719101033943 0.1629
-6.94720929018788 0.163
-6.94721963988601 0.1631
-6.947223061156 0.1632
-6.94722369887477 0.1633
-6.94721295745109 0.1634
-6.94720374917229 0.1635
-6.94717568746304 0.1636
-6.94714973171728 0.1637
-6.94711221339607 0.1638
-6.94707032700744 0.1639
-6.94702985586705 0.164
-6.94698671500062 0.1641
-6.94694304822297 0.1642
-6.9469086504311 0.1643
-6.94686968857927 0.1644
-6.94682955064722 0.1645
-6.9467801349988 0.1646
-6.94671381765617 0.1647
-6.94663586457825 0.1648
-6.94656981819406 0.1649
-6.94651215950047 0.165
-6.94645248886041 0.1651
-6.94637944822636 0.1652
-6.94631074140587 0.1653
-6.94621489383309 0.1654
-6.94613949658324 0.1655
-6.94608669601447 0.1656
-6.94604056939607 0.1657
-6.94599720297876 0.1658
-6.94595672513477 0.1659
-6.94591744164368 0.166
-6.94588097745019 0.1661
-6.94582380267051 0.1662
-6.94576892450965 0.1663
-6.94569596645194 0.1664
-6.94561643773635 0.1665
-6.94552904407241 0.1666
-6.94544394177952 0.1667
-6.94537076070556 0.1668
-6.94528632057979 0.1669
-6.94520224029547 0.167
-6.94511297245107 0.1671
-6.94502906012045 0.1672
-6.94493847002284 0.1673
-6.94485623319049 0.1674
-6.94479799460067 0.1675
-6.94474920008475 0.1676
-6.94471483393106 0.1677
-6.94469258105019 0.1678
-6.94469067344801 0.1679
-6.94469934080796 0.168
-6.94473912300611 0.1681
-6.94479914906586 0.1682
-6.94487668486456 0.1683
-6.94495468138164 0.1684
-6.94504185334644 0.1685
-6.9451288838757 0.1686
-6.94522662371244 0.1687
-6.94533698874497 0.1688
-6.94546354695507 0.1689
-6.94559784107838 0.169
-6.94573154667353 0.1691
-6.94585157884019 0.1692
-6.94598035890052 0.1693
-6.94610166144717 0.1694
-6.94622580067222 0.1695
-6.94634711939623 0.1696
-6.94646262200227 0.1697
-6.9465615651755 0.1698
-6.94663589666799 0.1699
-6.94669651688475 0.17
-6.94672409747557 0.1701
-6.94673784371639 0.1702
-6.94674971251883 0.1703
-6.94673882943311 0.1704
-6.94672074141927 0.1705
-6.94670570100718 0.1706
-6.94666533384054 0.1707
-6.94662266700029 0.1708
-6.94657378110294 0.1709
-6.94653192016877 0.171
-6.94648202498263 0.1711
-6.94641578050022 0.1712
-6.94636068399132 0.1713
-6.94629617309309 0.1714
-6.94624149224077 0.1715
-6.94616656896192 0.1716
-6.94609127916276 0.1717
-6.94602710440651 0.1718
-6.9459813752305 0.1719
-6.94592309494737 0.172
-6.94586543677814 0.1721
-6.94580159506615 0.1722
-6.9457456197863 0.1723
-6.94568808953274 0.1724
-6.94564857890906 0.1725
-6.94562679408686 0.1726
-6.9456292244019 0.1727
-6.94563536670162 0.1728
-6.94565330723012 0.1729
-6.94568742068634 0.173
-6.94573026158869 0.1731
-6.94577816069546 0.1732
-6.94583043592441 0.1733
-6.94588580660343 0.1734
-6.94592248722525 0.1735
-6.94594371728754 0.1736
-6.94595595483151 0.1737
-6.94595313055864 0.1738
-6.94595534398167 0.1739
-6.94596141280309 0.174
-6.94595114274894 0.1741
-6.94594166769505 0.1742
-6.9459402439036 0.1743
-6.94592504075637 0.1744
-6.94590562567203 0.1745
-6.94588240608813 0.1746
-6.94587345914417 0.1747
-6.94585802985282 0.1748
-6.94584810711328 0.1749
-6.94584095966302 0.175
-6.94583517155989 0.1751
-6.94581595526397 0.1752
-6.94580330016497 0.1753
-6.9458019739591 0.1754
-6.94579922784475 0.1755
-6.94578406642966 0.1756
-6.94575697203063 0.1757
-6.94572186535214 0.1758
-6.94567949023453 0.1759
-6.94563039630822 0.176
-6.94559059636427 0.1761
-6.94557270955342 0.1762
-6.94555455287525 0.1763
-6.94554302637014 0.1764
-6.94554935251675 0.1765
-6.94557711491642 0.1766
-6.94561330558399 0.1767
-6.9456729644948 0.1768
-6.94573717452564 0.1769
-6.94581675282144 0.177
-6.94589493449677 0.1771
-6.94600101218351 0.1772
-6.94610693736382 0.1773
-6.94623090787599 0.1774
-6.94634700894973 0.1775
-6.94646260742627 0.1776
-6.94658621073268 0.1777
-6.94668921890164 0.1778
-6.94678670393704 0.1779
-6.94687949906579 0.178
-6.94697986206449 0.1781
-6.94708131394394 0.1782
-6.94716844189609 0.1783
-6.94726139980632 0.1784
-6.94734367495817 0.1785
-6.94741935871479 0.1786
-6.94749091514503 0.1787
-6.94756325703816 0.1788
-6.9476362680602 0.1789
-6.94770406087342 0.179
-6.94777662935567 0.1791
-6.94783963077902 0.1792
-6.94791786130431 0.1793
-6.94798440314692 0.1794
-6.94806219381823 0.1795
-6.94813342687847 0.1796
-6.94820701883569 0.1797
-6.94828133912989 0.1798
-6.94834305579433 0.1799
-6.9483698292768 0.18
-6.9483821911455 0.1801
-6.94836857373239 0.1802
-6.94834470638634 0.1803
-6.94828294868981 0.1804
-6.9482082929732 0.1805
-6.94810826833418 0.1806
-6.94798988991433 0.1807
-6.94785699446336 0.1808
-6.94767778581772 0.1809
-6.94749231853868 0.181
-6.94730732631283 0.1811
-6.94709346804387 0.1812
-6.94687939720603 0.1813
-6.94666069470633 0.1814
-6.94644369948211 0.1815
-6.94621809484109 0.1816
-6.94599952180069 0.1817
-6.94578635914934 0.1818
-6.94560327744968 0.1819
-6.94543436957776 0.182
-6.94526662729196 0.1821
-6.94510285149507 0.1822
-6.94495993411063 0.1823
-6.94482079379421 0.1824
-6.94468296291477 0.1825
-6.94455385561736 0.1826
-6.94444121733716 0.1827
-6.94435588588484 0.1828
-6.94428701754713 0.1829
-6.94424877327233 0.183
-6.94419496028713 0.1831
-6.94414821837645 0.1832
-6.94410899755738 0.1833
-6.94406453656803 0.1834
-6.94403396568944 0.1835
-6.94401989753506 0.1836
-6.94402515210537 0.1837
-6.94402682452709 0.1838
-6.94402324173643 0.1839
-6.94402422696619 0.184
-6.9440140425407 0.1841
-6.94401164026352 0.1842
-6.94400230957775 0.1843
-6.94399933742358 0.1844
-6.94399299618346 0.1845
-6.9439882276085 0.1846
-6.94396723334568 0.1847
-6.94396107305697 0.1848
-6.9439518095592 0.1849
-6.94395906370263 0.185
-6.94396918484166 0.1851
-6.94396027807624 0.1852
-6.94393750109451 0.1853
-6.94392489166793 0.1854
-6.94391304159742 0.1855
-6.94389545596439 0.1856
-6.94390703556945 0.1857
-6.9439272382645 0.1858
-6.94395117747135 0.1859
-6.94397549913531 0.186
-6.94400531706691 0.1861
-6.94404345880887 0.1862
-6.94409304768107 0.1863
-6.94415547138246 0.1864
-6.94422016392958 0.1865
-6.94429590315038 0.1866
-6.94437474227807 0.1867
-6.94444447044905 0.1868
-6.94451270358225 0.1869
-6.94457966305124 0.187
-6.9446572559388 0.1871
-6.94472726925393 0.1872
-6.94478595122798 0.1873
-6.94483517356197 0.1874
-6.9448802539646 0.1875
-6.94492482084792 0.1876
-6.94497516283722 0.1877
-6.94505364028242 0.1878
-6.94512238216261 0.1879
-6.9451942481003 0.188
-6.94526397442061 0.1881
-6.94534147578072 0.1882
-6.94542262450575 0.1883
-6.94549941126912 0.1884
-6.9455615488708 0.1885
-6.94561489816732 0.1886
-6.94566228441165 0.1887
-6.94569784956161 0.1888
-6.94571743669716 0.1889
-6.94570627144996 0.189
-6.94566530334488 0.1891
-6.94560064119721 0.1892
-6.94551112945849 0.1893
-6.94539891783038 0.1894
-6.94528903906413 0.1895
-6.94515989488141 0.1896
-6.94501821625401 0.1897
-6.94488181223776 0.1898
-6.94472574283191 0.1899
-6.94455203950557 0.19
-6.94438128102118 0.1901
-6.94421078321129 0.1902
-6.94403920010251 0.1903
-6.94389624374671 0.1904
-6.9437867848758 0.1905
-6.9436804580215 0.1906
-6.94358383059956 0.1907
-6.94350052443835 0.1908
-6.94342233255296 0.1909
-6.94334333933491 0.191
-6.94326120095112 0.1911
-6.94317927783414 0.1912
-6.94310437594231 0.1913
-6.94304334109883 0.1914
-6.94298445407864 0.1915
-6.94292892942748 0.1916
-6.94286921384051 0.1917
-6.94280868342461 0.1918
-6.94275331014154 0.1919
-6.94270768882247 0.192
-6.94266460383603 0.1921
-6.94262382150008 0.1922
-6.94256617824144 0.1923
-6.94250027424707 0.1924
-6.94243470030597 0.1925
-6.94236210453084 0.1926
-6.9422833420507 0.1927
-6.9422095233337 0.1928
-6.94212132625003 0.1929
-6.94201774581853 0.193
-6.94191457389519 0.1931
-6.9418135988829 0.1932
-6.94172954453015 0.1933
-6.9416335270422 0.1934
-6.94152923245873 0.1935
-6.94143341949615 0.1936
-6.94134311224651 0.1937
-6.94126246803374 0.1938
-6.94116085600556 0.1939
-6.94107320899636 0.194
-6.94101056707282 0.1941
-6.94096414620966 0.1942
-6.94090364478759 0.1943
-6.94085340614459 0.1944
-6.94081099379679 0.1945
-6.94078015258991 0.1946
-6.9407510838596 0.1947
-6.94073265690223 0.1948
-6.94072459909901 0.1949
-6.94073338063258 0.195
-6.94075083454985 0.1951
-6.94078287760147 0.1952
-6.94081198571451 0.1953
-6.94084789249228 0.1954
-6.94090673935413 0.1955
-6.94095157771295 0.1956
-6.94103826156717 0.1957
-6.94112315151804 0.1958
-6.94120987746125 0.1959
-6.94128148142253 0.196
-6.94135555505123 0.1961
-6.94142711545518 0.1962
-6.94150301838967 0.1963
-6.94158948491145 0.1964
-6.9416733173837 0.1965
-6.9417615286089 0.1966
-6.94185296254322 0.1967
-6.94193676978851 0.1968
-6.9420211186507 0.1969
-6.94210252686769 0.197
-6.94217561684935 0.1971
-6.94223371863863 0.1972
-6.9422906995492 0.1973
-6.94235815273509 0.1974
-6.9424257785915 0.1975
-6.94249699997269 0.1976
-6.94257568983621 0.1977
-6.94265348450514 0.1978
-6.94271575948983 0.1979
-6.94278635317205 0.198
-6.94284986560431 0.1981
-6.94289323255871 0.1982
-6.94293840093673 0.1983
-6.94298977165049 0.1984
-6.94304513907796 0.1985
-6.94311091484784 0.1986
-6.94318514460654 0.1987
-6.943251627198 0.1988
-6.94331587848184 0.1989
-6.94339337317985 0.199
-6.94345361407025 0.1991
-6.94351335285754 0.1992
-6.94358317492849 0.1993
-6.94366613212061 0.1994
-6.94375078769103 0.1995
-6.94382898216619 0.1996
-6.9439017265635 0.1997
-6.94396036760416 0.1998
-6.94400893568812 0.1999
-6.94406914497528 0.2
-6.94414322967818 0.2001
-6.94422594115786 0.2002
-6.94430928906884 0.2003
-6.9444022123531 0.2004
-6.94450919088296 0.2005
-6.94460540669966 0.2006
-6.94470392162799 0.2007
-6.94480151032815 0.2008
-6.944899929816 0.2009
-6.94498975186374 0.201
-6.9450699522717 0.2011
-6.94514693102729 0.2012
-6.94519888563814 0.2013
-6.94524967113481 0.2014
-6.94528910608211 0.2015
-6.94531426467294 0.2016
-6.94532190351902 0.2017
-6.94531128265145 0.2018
-6.94528457912806 0.2019
-6.94523681697131 0.202
-6.94517754246318 0.2021
-6.9451113209423 0.2022
-6.94504881055632 0.2023
-6.94498143193441 0.2024
-6.94490904694114 0.2025
-6.94483063183355 0.2026
-6.9447433806283 0.2027
-6.94465193762717 0.2028
-6.94455801513729 0.2029
-6.94445554197553 0.203
-6.9443504432183 0.2031
-6.94423237422638 0.2032
-6.9441118458547 0.2033
-6.94398834749955 0.2034
-6.94387435893406 0.2035
-6.9437612121299 0.2036
-6.94364621283944 0.2037
-6.94356045129107 0.2038
-6.94349006285679 0.2039
-6.94345479691291 0.204
-6.94343012656658 0.2041
-6.94342100316342 0.2042
-6.94342894933827 0.2043
-6.94345559528372 0.2044
-6.94349417731156 0.2045
-6.94354325175964 0.2046
-6.94359328812016 0.2047
-6.94365856567187 0.2048
-6.94372650912678 0.2049
-6.94379716906365 0.205
-6.94386844383124 0.2051
-6.94392953402125 0.2052
-6.94398083163073 0.2053
-6.94402851218652 0.2054
-6.94406540176518 0.2055
-6.94410445666464 0.2056
-6.94413104518449 0.2057
-6.94414770198362 0.2058
-6.94415020146055 0.2059
-6.94414959313031 0.206
-6.94413162693453 0.2061
-6.94411548827477 0.2062
-6.94407762336228 0.2063
-6.94404222872005 0.2064
-6.94399787628625 0.2065
-6.94395530786695 0.2066
-6.94391633659655 0.2067
-6.94387712291505 0.2068
-6.9438607978214 0.2069
-6.94383513783636 0.207
-6.94382063709393 0.2071
-6.94381890172246 0.2072
-6.94381932655831 0.2073
-6.94383169510379 0.2074
-6.943861897612 0.2075
-6.94390299180855 0.2076
-6.94396419454815 0.2077
-6.94401473811651 0.2078
-6.94406159293422 0.2079
-6.94411792461094 0.208
-6.9441908111434 0.2081
-6.9442794752425 0.2082
-6.94436533895042 0.2083
-6.94446370124245 0.2084
-6.9445617989685 0.2085
-6.94464988451434 0.2086
-6.94473917239036 0.2087
-6.9448071583654 0.2088
-6.94486669011215 0.2089
-6.94492188404066 0.209
-6.94500287843784 0.2091
-6.94507588414119 0.2092
-6.94514952956673 0.2093
-6.94521459853241 0.2094
-6.94528082725071 0.2095
-6.94534020309438 0.2096
-6.94538954125827 0.2097
-6.94543197089176 0.2098
-6.94546882469403 0.2099
-6.94549551578673 0.21
-6.9455076846515 0.2101
-6.94551628370513 0.2102
-6.94549906551258 0.2103
-6.94546036776988 0.2104
-6.94540876067708 0.2105
-6.94534768599095 0.2106
-6.9452814084085 0.2107
-6.94519504307395 0.2108
-6.94510057292119 0.2109
-6.94500183476826 0.211
-6.94491327489585 0.2111
-6.94481929912179 0.2112
-6.94472754375025 0.2113
-6.94465266348487 0.2114
-6.94457440080114 0.2115
-6.9444940164648 0.2116
-6.9444200310774 0.2117
-6.9443491162802 0.2118
-6.94428561042755 0.2119
-6.94422564945274 0.212
-6.9441701038244 0.2121
-6.9441149163847 0.2122
-6.9440762587581 0.2123
-6.94404332870891 0.2124
-6.94401739603595 0.2125
-6.944008019125 0.2126
-6.94399971703775 0.2127
-6.9439869534996 0.2128
-6.94400040464443 0.2129
-6.94402415907928 0.213
-6.94403563069438 0.2131
-6.94404067210552 0.2132
-6.94405242579918 0.2133
-6.94404601424632 0.2134
-6.94403385297997 0.2135
-6.94399584459992 0.2136
-6.94394553524657 0.2137
-6.94390096780393 0.2138
-6.94386620876516 0.2139
-6.94384677337006 0.214
-6.94380818410731 0.2141
-6.94376398242101 0.2142
-6.9437191494439 0.2143
-6.94368776965244 0.2144
-6.94364749437203 0.2145
-6.94363246061961 0.2146
-6.94361606854819 0.2147
-6.94359570094454 0.2148
-6.94357482344609 0.2149
-6.94355765404336 0.215
-6.94353691024814 0.2151
-6.94350483148938 0.2152
-6.94348919804014 0.2153
-6.94347017179563 0.2154
-6.94347618601822 0.2155
-6.94348669984974 0.2156
-6.94348579435293 0.2157
-6.94347396918005 0.2158
-6.94345671020278 0.2159
-6.94344366154752 0.216
-6.94343160274171 0.2161
-6.94344024171199 0.2162
-6.94343361497092 0.2163
-6.94341821835578 0.2164
-6.94339100554076 0.2165
-6.94336343532615 0.2166
-6.94332370261285 0.2167
-6.94326879964268 0.2168
-6.94320239096135 0.2169
-6.94314486887431 0.217
-6.94306986830638 0.2171
-6.94298746452112 0.2172
-6.94289673691277 0.2173
-6.94280797153558 0.2174
-6.94271567712795 0.2175
-6.94261802950061 0.2176
-6.9425208622277 0.2177
-6.9424207921596 0.2178
-6.94232207908589 0.2179
-6.94223026242134 0.218
-6.94213433135406 0.2181
-6.9420368590015 0.2182
-6.94194107039158 0.2183
-6.94184432572501 0.2184
-6.94177752119101 0.2185
-6.94171401303542 0.2186
-6.94165610190871 0.2187
-6.94161633865078 0.2188
-6.94159550394981 0.2189
-6.94159704129612 0.219
-6.94161466730746 0.2191
-6.94165135051675 0.2192
-6.94170669599618 0.2193
-6.94177580886239 0.2194
-6.94185813099821 0.2195
-6.94195032427238 0.2196
-6.94205069156769 0.2197
-6.94214090918304 0.2198
-6.9422179187277 0.2199
-6.94227730785776 0.22
-6.94231566265224 0.2201
-6.94234459734431 0.2202
-6.94235371409277 0.2203
-6.94233783942106 0.2204
-6.94229712202914 0.2205
-6.94225184821351 0.2206
-6.94219553519641 0.2207
-6.94211953918483 0.2208
-6.94203103385463 0.2209
-6.94193934587743 0.221
-6.94183481366574 0.2211
-6.94171635621233 0.2212
-6.94159987703406 0.2213
-6.94150519141993 0.2214
-6.94140481001653 0.2215
-6.94129998377714 0.2216
-6.94120028528108 0.2217
-6.94112166113207 0.2218
-6.94103658476192 0.2219
-6.94095180266021 0.222
-6.94085924877227 0.2221
-6.94079143583534 0.2222
-6.9407314177467 0.2223
-6.94067839261226 0.2224
-6.94065431644686 0.2225
-6.94064859620844 0.2226
-6.94063679473312 0.2227
-6.94063755650302 0.2228
-6.94065896136293 0.2229
-6.94069412123734 0.223
-6.9407431100728 0.2231
-6.94078830611345 0.2232
-6.94083144771324 0.2233
-6.94087514014993 0.2234
-6.94094457006493 0.2235
-6.94100849069608 0.2236
-6.941055339401 0.2237
-6.94109850873447 0.2238
-6.94112831947727 0.2239
-6.94115490711152 0.224
-6.94117207609011 0.2241
-6.941195090093 0.2242
-6.9412048526981 0.2243
-6.94119281225694 0.2244
-6.94116960717614 0.2245
-6.94113973852801 0.2246
-6.94110865439311 0.2247
-6.94107903881078 0.2248
-6.94106323220339 0.2249
-6.94104127420308 0.225
-6.94102067266002 0.2251
-6.94099649308647 0.2252
-6.94099014255419 0.2253
-6.94099473786305 0.2254
-6.94100326867105 0.2255
-6.94101997054404 0.2256
-6.94105328476959 0.2257
-6.94111932823983 0.2258
-6.94122059024486 0.2259
-6.94133314616418 0.226
-6.94144445279839 0.2261
-6.94154228233383 0.2262
-6.9416387664876 0.2263
-6.94174930041223 0.2264
-6.94185917900411 0.2265
-6.9419518324614 0.2266
-6.94204215306144 0.2267
-6.94211761507774 0.2268
-6.9421861015143 0.2269
-6.94225180063755 0.227
-6.94229776745042 0.2271
-6.94232904960774 0.2272
-6.94235283690451 0.2273
-6.94238268590525 0.2274
-6.94240483346705 0.2275
-6.94241989580082 0.2276
-6.94243571623271 0.2277
-6.94243869255601 0.2278
-6.94243739378013 0.2279
-6.94244452656445 0.228
-6.94244950424675 0.2281
-6.94245507635731 0.2282
-6.94245880821957 0.2283
-6.94246289489025 0.2284
-6.94249113267363 0.2285
-6.94252286512782 0.2286
-6.94256478278163 0.2287
-6.9426168064816 0.2288
-6.94266254163264 0.2289
-6.94271719382368 0.229
-6.94277339238486 0.2291
-6.94284400906038 0.2292
-6.94288500926466 0.2293
-6.94293053026271 0.2294
-6.94298542816332 0.2295
-6.94304695499931 0.2296
-6.94308851941798 0.2297
-6.94311499267196 0.2298
-6.94314674080012 0.2299
-6.94317274424559 0.23
-6.94319196847096 0.2301
-6.94320802419594 0.2302
-6.94322640168486 0.2303
-6.94324539028505 0.2304
-6.94325476499441 0.2305
-6.94326570866355 0.2306
-6.94327441198993 0.2307
-6.94327909087822 0.2308
-6.94329745731203 0.2309
-6.943309126776 0.231
-6.94332981252496 0.2311
-6.94333591702417 0.2312
-6.94334471239198 0.2313
-6.9433588115476 0.2314
-6.943385546711 0.2315
-6.94341522141435 0.2316
-6.94342837559236 0.2317
-6.94343762519123 0.2318
-6.94343971494528 0.2319
-6.94342580404755 0.232
-6.9434065914621 0.2321
-6.94339429139804 0.2322
-6.94337047392641 0.2323
-6.94333998995336 0.2324
-6.94330062294536 0.2325
-6.94324062864088 0.2326
-6.94315700769769 0.2327
-6.94306148035953 0.2328
-6.94296312789714 0.2329
-6.94285500826282 0.233
-6.942753580312 0.2331
-6.9426784198987 0.2332
-6.94261294565628 0.2333
-6.94254809106521 0.2334
-6.9425004897404 0.2335
-6.94245601013908 0.2336
-6.94240419321039 0.2337
-6.94234840439444 0.2338
-6.94230143715126 0.2339
-6.94226635158037 0.234
-6.94224138423471 0.2341
-6.94224349379107 0.2342
-6.94224440074915 0.2343
-6.94225855970618 0.2344
-6.94227779993201 0.2345
-6.94227948773771 0.2346
-6.94227221859804 0.2347
-6.94227100426869 0.2348
-6.94227308805075 0.2349
-6.94227822402983 0.235
-6.94228274486926 0.2351
-6.94226218915577 0.2352
-6.94225135298811 0.2353
-6.94224258519128 0.2354
-6.94221183668132 0.2355
-6.94217527055398 0.2356
-6.94211954498071 0.2357
-6.94205067604655 0.2358
-6.94199113510925 0.2359
-6.94194023119412 0.236
-6.94189437753189 0.2361
-6.94184480262742 0.2362
-6.94179176332483 0.2363
-6.94173525539407 0.2364
-6.9416911275933 0.2365
-6.94164185687547 0.2366
-6.9415941777322 0.2367
-6.94154815419548 0.2368
-6.94149318386267 0.2369
-6.94143693065171 0.237
-6.94138784352247 0.2371
-6.94133335409875 0.2372
-6.94127486689243 0.2373
-6.94121958812563 0.2374
-6.94116998347811 0.2375
-6.94113221165413 0.2376
-6.94110038805013 0.2377
-6.94107418269701 0.2378
-6.94105175609361 0.2379
-6.9410543032119 0.238
-6.94106752589107 0.2381
-6.94108816976839 0.2382
-6.94111777430546 0.2383
-6.94114280720468 0.2384
-6.94116200405518 0.2385
-6.94116135487773 0.2386
-6.941160365035 0.2387
-6.94115349237172 0.2388
-6.94113527079157 0.2389
-6.94110656420503 0.239
-6.94107016233377 0.2391
-6.94103377661155 0.2392
-6.94098421502645 0.2393
-6.94093160780446 0.2394
-6.94088161158733 0.2395
-6.94081978523328 0.2396
-6.94076635662337 0.2397
-6.94068819884261 0.2398
-6.94059310515765 0.2399
-6.94048182216576 0.24
-6.94036054415654 0.2401
-6.94022460080226 0.2402
-6.94008619878599 0.2403
-6.93994771169248 0.2404
-6.93979979288919 0.2405
-6.93965949050057 0.2406
-6.93952416117246 0.2407
-6.93938508077542 0.2408
-6.93925663097084 0.2409
-6.93914509641838 0.241
-6.93905534048076 0.2411
-6.9389671763021 0.2412
-6.93888828089225 0.2413
-6.93882759963482 0.2414
-6.93879453908688 0.2415
-6.93877494615085 0.2416
-6.9387676577311 0.2417
-6.93875978380442 0.2418
-6.9387702421593 0.2419
-6.9387645142297 0.242
-6.93874748290491 0.2421
-6.93872019535747 0.2422
-6.93870310334002 0.2423
-6.93869061791574 0.2424
-6.9386859233294 0.2425
-6.9386876196018 0.2426
-6.93871858591813 0.2427
-6.93877529449175 0.2428
-6.93884191997334 0.2429
-6.93890835544247 0.243
-6.93897809601792 0.2431
-6.93906914665439 0.2432
-6.93915137464186 0.2433
-6.93923140295974 0.2434
-6.93929272630535 0.2435
-6.93933211180423 0.2436
-6.93935336023582 0.2437
-6.93936667494937 0.2438
-6.93934905221142 0.2439
-6.93930486213482 0.244
-6.9392592652907 0.2441
-6.93919530695029 0.2442
-6.93911555545544 0.2443
-6.93904539384374 0.2444
-6.9389822031009 0.2445
-6.93892212292962 0.2446
-6.93887308845466 0.2447
-6.9388302735535 0.2448
-6.93878794404595 0.2449
-6.93875775560288 0.245
-6.93876036216891 0.2451
-6.9387776080183 0.2452
-6.93882239065487 0.2453
-6.93886824667341 0.2454
-6.93892955636633 0.2455
-6.93899255370886 0.2456
-6.93906633076991 0.2457
-6.93913866978696 0.2458
-6.93920026725272 0.2459
-6.93926081027526 0.246
-6.93931496605089 0.2461
-6.93934362890521 0.2462
-6.93937452946452 0.2463
-6.93939761426365 0.2464
-6.93941065146263 0.2465
-6.93942575241687 0.2466
-6.93941128672147 0.2467
-6.93937288797775 0.2468
-6.93932553293032 0.2469
-6.93927591420338 0.247
-6.93922413033327 0.2471
-6.93915529234592 0.2472
-6.93906302121435 0.2473
-6.93895901807744 0.2474
-6.938845749084 0.2475
-6.93873109987258 0.2476
-6.93860593054908 0.2477
-6.93848693960361 0.2478
-6.9383827347725 0.2479
-6.93829131958864 0.248
-6.93819522347716 0.2481
-6.93809375500438 0.2482
-6.93800297787045 0.2483
-6.93793494618076 0.2484
-6.93787495571691 0.2485
-6.93781799443277 0.2486
-6.93776926585447 0.2487
-6.93774114052631 0.2488
-6.93774165314463 0.2489
-6.93777912648826 0.249
-6.9378157275326 0.2491
-6.93786735728364 0.2492
-6.93792578545937 0.2493
-6.93800007623342 0.2494
-6.93807865768884 0.2495
-6.9381595638982 0.2496
-6.93825286412902 0.2497
-6.93834349117409 0.2498
-6.93844136110231 0.2499
-6.93852376405021 0.25
-6.93860495355882 0.2501
-6.93868600208563 0.2502
-6.93875362717943 0.2503
-6.93882103454813 0.2504
-6.93886141212456 0.2505
-6.93888176458518 0.2506
-6.93889167489984 0.2507
-6.93890566613302 0.2508
-6.93890349799485 0.2509
-6.93888756072626 0.251
-6.93886570415464 0.2511
-6.93883380501266 0.2512
-6.93880623151157 0.2513
-6.93879383575509 0.2514
-6.93876854653044 0.2515
-6.93874495366938 0.2516
-6.93874509177434 0.2517
-6.93876180239389 0.2518
-6.93878959655395 0.2519
-6.93880150634734 0.252
-6.93882078336863 0.2521
-6.93884590083319 0.2522
-6.93888182057546 0.2523
-6.93891865098009 0.2524
-6.93894901380791 0.2525
-6.93899819587218 0.2526
-6.93906786510506 0.2527
-6.93913678232579 0.2528
-6.9391976943185 0.2529
-6.93925738308674 0.253
-6.93930642551843 0.2531
-6.93934664627522 0.2532
-6.93937324579422 0.2533
-6.93939096840055 0.2534
-6.93939850842948 0.2535
-6.93940518132285 0.2536
-6.93942744455162 0.2537
-6.93945962510965 0.2538
-6.93950116730409 0.2539
-6.93954944746597 0.254
-6.93960180358493 0.2541
-6.93967634027038 0.2542
-6.93974966109826 0.2543
-6.9398290872129 0.2544
-6.93990554887181 0.2545
-6.93999168154344 0.2546
-6.94008799054455 0.2547
-6.94020344368809 0.2548
-6.940327191708 0.2549
-6.94044089381827 0.255
-6.94054508456151 0.2551
-6.94063608711788 0.2552
-6.94071098419208 0.2553
-6.94077627345279 0.2554
-6.94082593375855 0.2555
-6.94084447307413 0.2556
-6.94084809022293 0.2557
-6.94083673195 0.2558
-6.94081439482513 0.2559
-6.94078806044475 0.256
-6.94073240230131 0.2561
-6.94067188493622 0.2562
-6.94060611052501 0.2563
-6.94052736635668 0.2564
-6.94045451880271 0.2565
-6.94037808397901 0.2566
-6.9403136862903 0.2567
-6.94026707445607 0.2568
-6.94022413510307 0.2569
-6.94018560058207 0.257
-6.94016167063372 0.2571
-6.94010607905135 0.2572
-6.94004404631767 0.2573
-6.93997747246689 0.2574
-6.93990539986848 0.2575
-6.93981723090011 0.2576
-6.93971009506024 0.2577
-6.93958914142999 0.2578
-6.93945508984559 0.2579
-6.93931721183688 0.258
-6.93915739556292 0.2581
-6.93899726442425 0.2582
-6.9388090173269 0.2583
-6.93860625584228 0.2584
-6.93841703848474 0.2585
-6.93822005180765 0.2586
-6.93801676377793 0.2587
-6.93782218481545 0.2588
-6.9376428712306 0.2589
-6.93749665712251 0.259
-6.93736811113104 0.2591
-6.93726097198826 0.2592
-6.93716574731365 0.2593
-6.9370914717845 0.2594
-6.9370342960573 0.2595
-6.93698123059688 0.2596
-6.93694356809219 0.2597
-6.93692876688852 0.2598
-6.93693506086351 0.2599
-6.93696189485613 0.26
-6.93700815452278 0.2601
-6.93706008581287 0.2602
-6.93714591593442 0.2603
-6.93722608969754 0.2604
-6.93733515348347 0.2605
-6.9374458396217 0.2606
-6.93755109393545 0.2607
-6.93766094524631 0.2608
-6.93776192939526 0.2609
-6.93785071167672 0.261
-6.93793278551843 0.2611
-6.93801243223691 0.2612
-6.93808695765445 0.2613
-6.9381600921787 0.2614
-6.9382476544506 0.2615
-6.93832798080822 0.2616
-6.93839947154189 0.2617
-6.93845954319029 0.2618
-6.93853117263335 0.2619
-6.9386086923717 0.262
-6.93869103204404 0.2621
-6.93877906083319 0.2622
-6.93885197282437 0.2623
-6.93890411965732 0.2624
-6.93894771583337 0.2625
-6.93898831592955 0.2626
-6.93902046455115 0.2627
-6.93904589357971 0.2628
-6.93907197600292 0.2629
-6.93910458597149 0.263
-6.93914196320313 0.2631
-6.93916052342275 0.2632
-6.93918193719897 0.2633
-6.93918160276953 0.2634
-6.93916341562206 0.2635
-6.93914621278149 0.2636
-6.93913703004608 0.2637
-6.93912294528352 0.2638
-6.93909628970956 0.2639
-6.93904697446321 0.264
-6.93898192044498 0.2641
-6.93889647455215 0.2642
-6.93880510888407 0.2643
-6.93869730525905 0.2644
-6.93858757638607 0.2645
-6.93846802495003 0.2646
-6.93835506268082 0.2647
-6.93823359279783 0.2648
-6.93809749848723 0.2649
-6.93795834833882 0.265
-6.93781354606335 0.2651
-6.93766689157631 0.2652
-6.93752608136169 0.2653
-6.93739788677134 0.2654
-6.93727911940684 0.2655
-6.93717495093956 0.2656
-6.9370733900755 0.2657
-6.93696303638686 0.2658
-6.93685251493713 0.2659
-6.9367581458053 0.266
-6.93666730729862 0.2661
-6.93657501397183 0.2662
-6.93646147295715 0.2663
-6.93634661898256 0.2664
-6.93624043605395 0.2665
-6.93613323048492 0.2666
-6.93600573256429 0.2667
-6.93590581617914 0.2668
-6.93582416186586 0.2669
-6.93575867113592 0.267
-6.93570899838131 0.2671
-6.93567155014622 0.2672
-6.93564319221811 0.2673
-6.93563613181891 0.2674
-6.93564821164416 0.2675
-6.93566246887621 0.2676
-6.93569686689745 0.2677
-6.93575409416397 0.2678
-6.93582230362495 0.2679
-6.93589505012199 0.268
-6.93597483758654 0.2681
-6.93604394140248 0.2682
-6.93610500295408 0.2683
-6.93615872505959 0.2684
-6.93621985458124 0.2685
-6.93628863038205 0.2686
-6.9363536129677 0.2687
-6.93641952198553 0.2688
-6.93648479268739 0.2689
-6.9365448833941 0.269
-6.93660732556093 0.2691
-6.93667078827999 0.2692
-6.93672841764082 0.2693
-6.93678188090907 0.2694
-6.9368223756717 0.2695
-6.93688918287766 0.2696
-6.93695969126948 0.2697
-6.9370269967578 0.2698
-6.93709336208859 0.2699
-6.93713346955645 0.27
-6.93715369014446 0.2701
-6.93717619955179 0.2702
-6.93718511083026 0.2703
-6.93717120167899 0.2704
-6.9371571236585 0.2705
-6.93714113856781 0.2706
-6.93713937980755 0.2707
-6.93711815731366 0.2708
-6.93708310230082 0.2709
-6.93705956430839 0.271
-6.93706154213661 0.2711
-6.93706828009547 0.2712
-6.93708875211709 0.2713
-6.93710734481736 0.2714
-6.9371362204286 0.2715
-6.93717136029843 0.2716
-6.93722865061731 0.2717
-6.93729854463642 0.2718
-6.93736414983447 0.2719
-6.9374464882439 0.272
-6.93754621169891 0.2721
-6.93764587455019 0.2722
-6.93774691914711 0.2723
-6.9378301716212 0.2724
-6.93790585477543 0.2725
-6.93796770002842 0.2726
-6.9380356505126 0.2727
-6.93809443372952 0.2728
-6.9381568373134 0.2729
-6.93821327478497 0.273
-6.93824696419819 0.2731
-6.93826759750366 0.2732
-6.93829196956699 0.2733
-6.93830764298256 0.2734
-6.9383036200265 0.2735
-6.9382869559031 0.2736
-6.93826007808603 0.2737
-6.93822969857237 0.2738
-6.93818095272044 0.2739
-6.9381170489097 0.274
-6.93803118660656 0.2741
-6.93794176139745 0.2742
-6.93785859022031 0.2743
-6.93778070794439 0.2744
-6.93770657742354 0.2745
-6.93763118112166 0.2746
-6.93757512130272 0.2747
-6.93753151002986 0.2748
-6.93749583600669 0.2749
-6.9374930889382 0.275
-6.93751382500649 0.2751
-6.93753416980373 0.2752
-6.93755684679966 0.2753
-6.93758401842405 0.2754
-6.93761073319207 0.2755
-6.93762999492461 0.2756
-6.93765282525901 0.2757
-6.93768370441174 0.2758
-6.9377027162726 0.2759
-6.93772971850645 0.276
-6.93775325943813 0.2761
-6.93779667312524 0.2762
-6.9378391817618 0.2763
-6.93788719067887 0.2764
-6.93794052361271 0.2765
-6.93799305143802 0.2766
-6.93803419884891 0.2767
-6.93804831496086 0.2768
-6.93804983379517 0.2769
-6.93802680516044 0.277
-6.9379851312201 0.2771
-6.93793149980095 0.2772
-6.93785889399065 0.2773
-6.93777910823214 0.2774
-6.93768588952198 0.2775
-6.93758918812781 0.2776
-6.93746426979296 0.2777
-6.93732035835758 0.2778
-6.93716299895007 0.2779
-6.93699219514066 0.278
-6.93682518953409 0.2781
-6.93665521368762 0.2782
-6.93647255860289 0.2783
-6.93627678758535 0.2784
-6.9360801572811 0.2785
-6.93589178499197 0.2786
-6.93570561937313 0.2787
-6.93554568317009 0.2788
-6.93538002811181 0.2789
-6.93520019213274 0.279
-6.93502748864409 0.2791
-6.93487653721417 0.2792
-6.93474609111411 0.2793
-6.93463990287562 0.2794
-6.9345601919082 0.2795
-6.93448146912932 0.2796
-6.93441298362615 0.2797
-6.9343502509048 0.2798
-6.93431068904142 0.2799
-6.93426508434514 0.28
-6.93422872996111 0.2801
-6.93420540670272 0.2802
-6.93418725980029 0.2803
-6.93415855427724 0.2804
-6.93413713508442 0.2805
-6.93409371424872 0.2806
-6.9340570262861 0.2807
-6.93401121503704 0.2808
-6.93396713328362 0.2809
-6.93393671580304 0.281
-6.93391202746936 0.2811
-6.93388730343413 0.2812
-6.93386563339737 0.2813
-6.93383215364279 0.2814
-6.93378353311315 0.2815
-6.9337427259374 0.2816
-6.93369723949082 0.2817
-6.93366187599454 0.2818
-6.93362700352978 0.2819
-6.93359109696316 0.282
-6.93356097003067 0.2821
-6.93353688749658 0.2822
-6.93352058133997 0.2823
-6.93352010807758 0.2824
-6.93351419508562 0.2825
-6.93351351894845 0.2826
-6.93352219622012 0.2827
-6.93355793029656 0.2828
-6.93360104089947 0.2829
-6.9336433437761 0.283
-6.93367894703688 0.2831
-6.93372246221713 0.2832
-6.93377598815434 0.2833
-6.93384269717309 0.2834
-6.93390875836485 0.2835
-6.93398434076403 0.2836
-6.93408022071945 0.2837
-6.93419061574436 0.2838
-6.93430596161806 0.2839
-6.93442684799493 0.284
-6.93456144149635 0.2841
-6.93470013919169 0.2842
-6.93483838642089 0.2843
-6.93495067737514 0.2844
-6.93505405378904 0.2845
-6.93514525718914 0.2846
-6.93521703432278 0.2847
-6.93528849562081 0.2848
-6.93535099881466 0.2849
-6.93541648075034 0.285
-6.93547475521692 0.2851
-6.93552821356541 0.2852
-6.93556901088886 0.2853
-6.93560612045221 0.2854
-6.93562635133654 0.2855
-6.93563154504596 0.2856
-6.93562925337836 0.2857
-6.93561154854835 0.2858
-6.93558175283578 0.2859
-6.93553237564581 0.286
-6.93546672371748 0.2861
-6.93539847662331 0.2862
-6.93533530178014 0.2863
-6.93527027298404 0.2864
-6.93518641918402 0.2865
-6.93509856319026 0.2866
-6.93501942861958 0.2867
-6.93494901203145 0.2868
-6.93488704354581 0.2869
-6.93483537448275 0.287
-6.93478272385132 0.2871
-6.9347294972588 0.2872
-6.93468575816642 0.2873
-6.93464392597072 0.2874
-6.93462626272447 0.2875
-6.93461078795133 0.2876
-6.93459617104768 0.2877
-6.93456406168643 0.2878
-6.93453844901349 0.2879
-6.93451138107922 0.288
-6.93447649612017 0.2881
-6.93444123994419 0.2882
-6.93441401514517 0.2883
-6.93437796846173 0.2884
-6.93435382781452 0.2885
-6.93431215134364 0.2886
-6.93427016852598 0.2887
-6.93424574059957 0.2888
-6.93421712418366 0.2889
-6.93419229212726 0.289
-6.93418218220893 0.2891
-6.93419332119557 0.2892
-6.9342145350978 0.2893
-6.93422976583099 0.2894
-6.93423974500472 0.2895
-6.93425603802306 0.2896
-6.93427851798158 0.2897
-6.9343302018054 0.2898
-6.93437911332782 0.2899
-6.93441123689377 0.29
-6.93445717464726 0.2901
-6.93452666956527 0.2902
-6.93459078072033 0.2903
-6.93465653581462 0.2904
-6.93471364858137 0.2905
-6.93478434619553 0.2906
-6.93486351661708 0.2907
-6.93494397773798 0.2908
-6.93500370492808 0.2909
-6.93506478961018 0.291
-6.93513334462947 0.2911
-6.93519482714987 0.2912
-6.93525767217556 0.2913
-6.9353073087078 0.2914
-6.93533641364136 0.2915
-6.93537198802528 0.2916
-6.93540982893979 0.2917
-6.93544720202206 0.2918
-6.9354979019168 0.2919
-6.93555755219038 0.292
-6.93563567804804 0.2921
-6.93572003350452 0.2922
-6.93580581380305 0.2923
-6.93588999472272 0.2924
-6.9359716236989 0.2925
-6.93606137140432 0.2926
-6.93614129042807 0.2927
-6.93621743075839 0.2928
-6.93628605476723 0.2929
-6.93635588918944 0.293
-6.93642911887263 0.2931
-6.93648101047475 0.2932
-6.93651979978489 0.2933
-6.93653607359999 0.2934
-6.93653477149085 0.2935
-6.9365190847347 0.2936
-6.93649208345567 0.2937
-6.93647417288452 0.2938
-6.93645363081725 0.2939
-6.9364199346939 0.294
-6.93636613302193 0.2941
-6.93631137309505 0.2942
-6.9362427092178 0.2943
-6.936144586925 0.2944
-6.93602926530643 0.2945
-6.93590021024746 0.2946
-6.93576533100466 0.2947
-6.9356291081665 0.2948
-6.935496082489 0.2949
-6.9353634798706 0.295
-6.93523820032817 0.2951
-6.93514236708157 0.2952
-6.93505725155272 0.2953
-6.93498169482208 0.2954
-6.93491282765743 0.2955
-6.93485823953934 0.2956
-6.93480203518258 0.2957
-6.93474062792025 0.2958
-6.9347034094198 0.2959
-6.93466263562446 0.296
-6.93464086414146 0.2961
-6.9346200214246 0.2962
-6.93459124049197 0.2963
-6.93455625660592 0.2964
-6.93450755475164 0.2965
-6.9344708191189 0.2966
-6.93444568204156 0.2967
-6.93441977013432 0.2968
-6.93437117312112 0.2969
-6.93433690266683 0.297
-6.93430922006242 0.2971
-6.93428106384123 0.2972
-6.93427693097137 0.2973
-6.93427542863719 0.2974
-6.93427162885773 0.2975
-6.93427398450422 0.2976
-6.93428376674999 0.2977
-6.93431261204452 0.2978
-6.93436767744303 0.2979
-6.93443737557511 0.298
-6.93453208182721 0.2981
-6.9346357867315 0.2982
-6.93475031614974 0.2983
-6.93487587822569 0.2984
-6.93500834881405 0.2985
-6.93514808121242 0.2986
-6.93529296607386 0.2987
-6.93541541160864 0.2988
-6.93552383153094 0.2989
-6.93562656222611 0.299
-6.93569358943296 0.2991
-6.93575756597998 0.2992
-6.93580625021072 0.2993
-6.93584355780952 0.2994
-6.93586452059045 0.2995
-6.93588541208442 0.2996
-6.93588554383083 0.2997
-6.93588691689314 0.2998
-6.93587016651446 0.2999
-6.93584404210332 0.3
-6.93581903943248 0.3001
-6.93577733459919 0.3002
-6.93570635922806 0.3003
-6.93563665248164 0.3004
-6.93556736974746 0.3005
-6.93550338299121 0.3006
-6.93543351646976 0.3007
-6.93535356735815 0.3008
-6.93524832308685 0.3009
-6.93514964078745 0.301
-6.93506782815745 0.3011
-6.93498710826612 0.3012
-6.93490677828434 0.3013
-6.93483609943075 0.3014
-6.93475127371269 0.3015
-6.93467999718464 0.3016
-6.93461979536699 0.3017
-6.9345721217861 0.3018
-6.93452967210563 0.3019
-6.93448567970066 0.302
-6.93446268379872 0.3021
-6.934441626671 0.3022
-6.934423917912 0.3023
-6.93440525840374 0.3024
-6.93439970685393 0.3025
-6.93439020604188 0.3026
-6.93441876616712 0.3027
-6.93445044288593 0.3028
-6.93449770167615 0.3029
-6.93455532348688 0.303
-6.93462626335799 0.3031
-6.93469139848741 0.3032
-6.93475645718012 0.3033
-6.93480170890867 0.3034
-6.93484805033814 0.3035
-6.93489869033574 0.3036
-6.93493755349024 0.3037
-6.93497091950756 0.3038
-6.93500985806571 0.3039
-6.93505467061659 0.304
-6.93509499818006 0.3041
-6.93511763699018 0.3042
-6.93512969230173 0.3043
-6.93514042104655 0.3044
-6.93515580559156 0.3045
-6.93514425214826 0.3046
-6.93511696674819 0.3047
-6.93507611775772 0.3048
-6.93502212867537 0.3049
-6.93497598924662 0.305
-6.93492305074754 0.3051
-6.93487108671422 0.3052
-6.93481019844603 0.3053
-6.93474788609294 0.3054
-6.93468512017865 0.3055
-6.93462205832625 0.3056
-6.93455973538421 0.3057
-6.93450598638832 0.3058
-6.93444443194431 0.3059
-6.9343756771707 0.306
-6.93429282040582 0.3061
-6.93421797579457 0.3062
-6.93414815875839 0.3063
-6.93408352600496 0.3064
-6.93402502226305 0.3065
-6.93398285080012 0.3066
-6.93394634039407 0.3067
-6.9339181959443 0.3068
-6.9339020676732 0.3069
-6.93388433461927 0.307
-6.93387674818456 0.3071
-6.93386631849136 0.3072
-6.93384704891621 0.3073
-6.93384621674372 0.3074
-6.93384316412364 0.3075
-6.93385271869731 0.3076
-6.933855035481 0.3077
-6.9338699738984 0.3078
-6.93388217893542 0.3079
-6.93389913881343 0.308
-6.9339119470737 0.3081
-6.93391822695947 0.3082
-6.93391419573597 0.3083
-6.93390446960356 0.3084
-6.93388907854844 0.3085
-6.93386831743646 0.3086
-6.93384085927901 0.3087
-6.93380636713439 0.3088
-6.93379524967788 0.3089
-6.93376962555326 0.309
-6.93375562699975 0.3091
-6.93372797380183 0.3092
-6.93370102618797 0.3093
-6.93369689418426 0.3094
-6.9336887045541 0.3095
-6.9336663888028 0.3096
-6.93364092517755 0.3097
-6.93361670990026 0.3098
-6.93357327084578 0.3099
-6.93351382108978 0.31
-6.93344295192495 0.3101
-6.93336217019125 0.3102
-6.93327113900827 0.3103
-6.93318955864535 0.3104
-6.93309881995642 0.3105
-6.93301536678526 0.3106
-6.93293499075457 0.3107
-6.93284987572499 0.3108
-6.93276451181237 0.3109
-6.9326808503489 0.311
-6.93261766432292 0.3111
-6.93255861622588 0.3112
-6.93250216407838 0.3113
-6.93244403161362 0.3114
-6.93237997567473 0.3115
-6.93232443712067 0.3116
-6.93227080526285 0.3117
-6.93220316654361 0.3118
-6.93211783382763 0.3119
-6.93202529243301 0.312
-6.93193893689875 0.3121
-6.93183818606221 0.3122
-6.93175136202723 0.3123
-6.93164236194619 0.3124
-6.93154438217569 0.3125
-6.93145853636706 0.3126
-6.93138063473003 0.3127
-6.93129862548087 0.3128
-6.93123805516801 0.3129
-6.93117355957157 0.313
-6.93111729875491 0.3131
-6.93109208196837 0.3132
-6.93108454686634 0.3133
-6.93110441798895 0.3134
-6.93114426550875 0.3135
-6.93120395331713 0.3136
-6.93127022527312 0.3137
-6.93134427950094 0.3138
-6.93141265333289 0.3139
-6.93148844741116 0.314
-6.93158311123114 0.3141
-6.93167817703641 0.3142
-6.93176811787366 0.3143
-6.93186817852876 0.3144
-6.93196468720776 0.3145
-6.93206659919591 0.3146
-6.93216914261171 0.3147
-6.93229214685948 0.3148
-6.93240694127428 0.3149
-6.93251583384601 0.315
-6.93259886301804 0.3151
-6.93266796561397 0.3152
-6.9327282460906 0.3153
-6.93277690214203 0.3154
-6.93283127578605 0.3155
-6.93288423968228 0.3156
-6.93291783668847 0.3157
-6.93295721723642 0.3158
-6.93298642202872 0.3159
-6.93300813059231 0.316
-6.93301851325027 0.3161
-6.93302284278844 0.3162
-6.93300786072432 0.3163
-6.93297519068316 0.3164
-6.93292307020513 0.3165
-6.93284733391179 0.3166
-6.93277158978322 0.3167
-6.93267172870647 0.3168
-6.9325614157854 0.3169
-6.93244074673087 0.317
-6.93233107744175 0.3171
-6.93221370654603 0.3172
-6.93211078865157 0.3173
-6.93201852956119 0.3174
-6.93195785125819 0.3175
-6.9319112267833 0.3176
-6.93187506898837 0.3177
-6.931854335045 0.3178
-6.93183468964505 0.3179
-6.93181723870577 0.318
-6.93180082531887 0.3181
-6.93178366027276 0.3182
-6.93174831038041 0.3183
-6.9317268381304 0.3184
-6.93170911129604 0.3185
-6.93170170608122 0.3186
-6.93169729954615 0.3187
-6.93171109603978 0.3188
-6.931741200401 0.3189
-6.93177880086583 0.319
-6.93182386700371 0.3191
-6.93187113814536 0.3192
-6.93189834107522 0.3193
-6.93190651915095 0.3194
-6.93189978316619 0.3195
-6.93189148319443 0.3196
-6.93188944933951 0.3197
-6.93187290529383 0.3198
-6.93184004535813 0.3199
-6.93179634380694 0.32
-6.93174522549055 0.3201
-6.93168137006684 0.3202
-6.93161801875359 0.3203
-6.93154463922586 0.3204
-6.93148135836234 0.3205
-6.93143841407343 0.3206
-6.9314131460026 0.3207
-6.93138016204675 0.3208
-6.93133133783397 0.3209
-6.93127651690009 0.321
-6.93122626951448 0.3211
-6.93116862007557 0.3212
-6.93111237389782 0.3213
-6.93108559865602 0.3214
-6.93106516442066 0.3215
-6.93105829748858 0.3216
-6.93106342522524 0.3217
-6.93109037570642 0.3218
-6.93110602346797 0.3219
-6.93112641764197 0.322
-6.93114139762276 0.3221
-6.93114776854982 0.3222
-6.93115030508324 0.3223
-6.93114765990168 0.3224
-6.93112128185547 0.3225
-6.93109255870981 0.3226
-6.93108242720488 0.3227
-6.93107539953034 0.3228
-6.93106028890933 0.3229
-6.93104385327708 0.323
-6.93103565468639 0.3231
-6.93103941027588 0.3232
-6.93103613608727 0.3233
-6.93103983735424 0.3234
-6.93104611685629 0.3235
-6.93105385477519 0.3236
-6.93105414774774 0.3237
-6.9310623909473 0.3238
-6.93107075839746 0.3239
-6.93107533395562 0.324
-6.93106867930679 0.3241
-6.9310694952223 0.3242
-6.93106277126823 0.3243
-6.93104663309172 0.3244
-6.93103060049052 0.3245
-6.93101846311952 0.3246
-6.93100883321471 0.3247
-6.93100505668287 0.3248
-6.93100761712957 0.3249
-6.93102411853768 0.325
-6.93103431359006 0.3251
-6.93104514215163 0.3252
-6.93105930027474 0.3253
-6.93107611450791 0.3254
-6.93110396612329 0.3255
-6.93112109869411 0.3256
-6.93111902225239 0.3257
-6.93111172043288 0.3258
-6.93109344932608 0.3259
-6.93107005116824 0.326
-6.93104263884357 0.3261
-6.93101865092768 0.3262
-6.9310011126964 0.3263
-6.93097965451882 0.3264
-6.93096412739577 0.3265
-6.93096145509557 0.3266
-6.93097919813957 0.3267
-6.93099953389935 0.3268
-6.93100731392817 0.3269
-6.93104146467285 0.327
-6.9310754803958 0.3271
-6.93108609880297 0.3272
-6.93109328110368 0.3273
-6.93108264913402 0.3274
-6.93107591515879 0.3275
-6.93107084620151 0.3276
-6.93107902322036 0.3277
-6.93107056640291 0.3278
-6.9310545783887 0.3279
-6.93104403306016 0.328
-6.93101088560674 0.3281
-6.93096605714288 0.3282
-6.93092342917424 0.3283
-6.93086457091085 0.3284
-6.93081600956084 0.3285
-6.93076861250383 0.3286
-6.93073174118695 0.3287
-6.93069157203415 0.3288
-6.93063285532016 0.3289
-6.93057954751325 0.329
-6.9305148671262 0.3291
-6.93046524240728 0.3292
-6.93042690161629 0.3293
-6.93039576737245 0.3294
-6.93037332072263 0.3295
-6.93035563025278 0.3296
-6.93032721683107 0.3297
-6.93031758791808 0.3298
-6.93030731542953 0.3299
-6.93029729779716 0.33
-6.93030595121697 0.3301
-6.93033000803871 0.3302
-6.93033822837535 0.3303
-6.9303809312261 0.3304
-6.93043644851794 0.3305
-6.93050181201875 0.3306
-6.9305834490409 0.3307
-6.93067856022404 0.3308
-6.93075889923437 0.3309
-6.93085398806851 0.331
-6.93095394953823 0.3311
-6.93106814628638 0.3312
-6.9311873001478 0.3313
-6.93132424451339 0.3314
-6.9314581395291 0.3315
-6.93157532194413 0.3316
-6.93167356452321 0.3317
-6.93176601070267 0.3318
-6.93183863567293 0.3319
-6.93187639849397 0.332
-6.93191507715009 0.3321
-6.93192102427473 0.3322
-6.93189748613398 0.3323
-6.93185888003998 0.3324
-6.93181760881781 0.3325
-6.93177019803981 0.3326
-6.9317220911642 0.3327
-6.93166573973662 0.3328
-6.93162169470013 0.3329
-6.93157006573134 0.333
-6.93151442910621 0.3331
-6.9314365978721 0.3332
-6.93134472692428 0.3333
-6.93125940578097 0.3334
-6.93117055757047 0.3335
-6.93108129578083 0.3336
-6.93099963752238 0.3337
-6.93090469329399 0.3338
-6.93080740179097 0.3339
-6.93071932926374 0.334
-6.93063487359013 0.3341
-6.93055857565477 0.3342
-6.9304769024859 0.3343
-6.93041662753761 0.3344
-6.93034584202977 0.3345
-6.93028578165174 0.3346
-6.9302246423877 0.3347
-6.93016922298574 0.3348
-6.93012308842699 0.3349
-6.93006592375757 0.335
-6.93003392607224 0.3351
-6.92999786425152 0.3352
-6.92998910378181 0.3353
-6.92996710882433 0.3354
-6.92994648478359 0.3355
-6.92991147188209 0.3356
-6.92987566941655 0.3357
-6.9298330477979 0.3358
-6.92978586918892 0.3359
-6.92972950491368 0.336
-6.9296586786939 0.3361
-6.92958872044748 0.3362
-6.92952161402428 0.3363
-6.92945796453908 0.3364
-6.92939269345755 0.3365
-6.92934436097323 0.3366
-6.92928826704867 0.3367
-6.9292456712218 0.3368
-6.92920276580345 0.3369
-6.92916421923084 0.337
-6.92913961587903 0.3371
-6.92912275318535 0.3372
-6.92910671271838 0.3373
-6.92909438973076 0.3374
-6.92909440903759 0.3375
-6.92910556333099 0.3376
-6.92911834398749 0.3377
-6.9291304351595 0.3378
-6.92912335442965 0.3379
-6.92911024030019 0.338
-6.92911230511911 0.3381
-6.92911488283724 0.3382
-6.92910613498881 0.3383
-6.9291033746856 0.3384
-6.92909082243025 0.3385
-6.92908706685579 0.3386
-6.92909022293898 0.3387
-6.92909918010208 0.3388
-6.92910463252479 0.3389
-6.92911007572082 0.339
-6.92912604561239 0.3391
-6.92915685182031 0.3392
-6.92918723310853 0.3393
-6.92922537161559 0.3394
-6.92925735334895 0.3395
-6.92928091659191 0.3396
-6.92928519870821 0.3397
-6.92927842407666 0.3398
-6.92925527745661 0.3399
-6.92923113794666 0.34
-6.92920592323992 0.3401
-6.92920166271512 0.3402
-6.92920136989624 0.3403
-6.92918437040457 0.3404
-6.92917067369308 0.3405
-6.92917614850142 0.3406
-6.92919378735046 0.3407
-6.92920976331654 0.3408
-6.92921976764842 0.3409
-6.92924774056672 0.341
-6.92927808863952 0.3411
-6.9292972145751 0.3412
-6.92931872309122 0.3413
-6.9293436648297 0.3414
-6.92936992571081 0.3415
-6.92940564942802 0.3416
-6.92942626671822 0.3417
-6.92944892611491 0.3418
-6.92948028387719 0.3419
-6.92951330197742 0.342
-6.92954592165549 0.3421
-6.92957576854811 0.3422
-6.92963241506344 0.3423
-6.92968968480911 0.3424
-6.9297224929318 0.3425
-6.92974390900703 0.3426
-6.92975775391051 0.3427
-6.92975917380404 0.3428
-6.92974077581538 0.3429
-6.92969638096945 0.343
-6.92964483026503 0.3431
-6.92958261121907 0.3432
-6.92949285815095 0.3433
-6.92940500695601 0.3434
-6.92932527589131 0.3435
-6.92922709779378 0.3436
-6.92912049107517 0.3437
-6.92902400907849 0.3438
-6.92892214886001 0.3439
-6.92882467100589 0.344
-6.92872471983333 0.3441
-6.92865364024311 0.3442
-6.92859722174052 0.3443
-6.92856136061237 0.3444
-6.9285152646834 0.3445
-6.92850655239316 0.3446
-6.9284975843347 0.3447
-6.92849744847002 0.3448
-6.92851739548226 0.3449
-6.92855024087416 0.345
-6.92859255960261 0.3451
-6.92864138023409 0.3452
-6.92868696498681 0.3453
-6.92874532344755 0.3454
-6.92881649937537 0.3455
-6.92890279512503 0.3456
-6.92899075384293 0.3457
-6.92906643376354 0.3458
-6.92914434821754 0.3459
-6.92921531552102 0.346
-6.92928577393659 0.3461
-6.92933955638334 0.3462
-6.9293676791699 0.3463
-6.92938918504782 0.3464
-6.92940236471885 0.3465
-6.92941223444681 0.3466
-6.92941476138228 0.3467
-6.92939839262286 0.3468
-6.9293701812554 0.3469
-6.92934485496064 0.347
-6.92930823529017 0.3471
-6.92928018442673 0.3472
-6.92925195534224 0.3473
-6.9292296855125 0.3474
-6.92919584475024 0.3475
-6.9291653108348 0.3476
-6.92914668092772 0.3477
-6.92911639745073 0.3478
-6.92908733514955 0.3479
-6.92905136515202 0.348
-6.92901048799306 0.3481
-6.92896313074445 0.3482
-6.92891174613086 0.3483
-6.92884695026467 0.3484
-6.92876583109598 0.3485
-6.92868178843847 0.3486
-6.92859359713504 0.3487
-6.92851281125462 0.3488
-6.92841761430432 0.3489
-6.92831929691235 0.349
-6.92821861420341 0.3491
-6.92810877695119 0.3492
-6.92801893493954 0.3493
-6.92794492916456 0.3494
-6.92786041359005 0.3495
-6.92778176649117 0.3496
-6.92771009110236 0.3497
-6.9276457387053 0.3498
-6.92758343299513 0.3499
-6.92751672489485 0.35
-6.92745792262975 0.3501
-6.92740161402743 0.3502
-6.92737290176349 0.3503
-6.92735624314578 0.3504
-6.92735470405293 0.3505
-6.92736262001902 0.3506
-6.92737289845011 0.3507
-6.92739677125795 0.3508
-6.92741880229759 0.3509
-6.92746389012682 0.351
-6.92750827826088 0.3511
-6.92757513029311 0.3512
-6.92764184712883 0.3513
-6.92773502138448 0.3514
-6.92784689544527 0.3515
-6.92795130050641 0.3516
-6.92804587837113 0.3517
-6.92814637780564 0.3518
-6.92824802131363 0.3519
-6.9283603956167 0.352
-6.92847985252644 0.3521
-6.92860878186259 0.3522
-6.92874767228743 0.3523
-6.92888845109815 0.3524
-6.92902455613789 0.3525
-6.92915169692657 0.3526
-6.92927707603041 0.3527
-6.92941730059989 0.3528
-6.92955590183673 0.3529
-6.9296864461654 0.353
-6.92983152528936 0.3531
-6.9299668885487 0.3532
-6.93009242235385 0.3533
-6.93019505541266 0.3534
-6.93028452308754 0.3535
-6.93036328473442 0.3536
-6.9304328525723 0.3537
-6.93048526460279 0.3538
-6.93053668875025 0.3539
-6.9305750444417 0.354
-6.93060030053896 0.3541
-6.93060914601451 0.3542
-6.93061876402937 0.3543
-6.93063247855758 0.3544
-6.93062937347101 0.3545
-6.93061944708226 0.3546
-6.93059446404046 0.3547
-6.93057577972767 0.3548
-6.93053805244852 0.3549
-6.93050558127241 0.355
-6.93048278939539 0.3551
-6.93045128908051 0.3552
-6.93038977188544 0.3553
-6.930320237966 0.3554
-6.93025339048334 0.3555
-6.93019806128377 0.3556
-6.93012466705448 0.3557
-6.93004547005421 0.3558
-6.92994731062801 0.3559
-6.92984353367013 0.356
-6.92974631354785 0.3561
-6.92964441973298 0.3562
-6.92955454507406 0.3563
-6.92946095698409 0.3564
-6.92935086474215 0.3565
-6.92924519830224 0.3566
-6.9291403271343 0.3567
-6.9290262895888 0.3568
-6.92890903970221 0.3569
-6.92879778711167 0.357
-6.92867159882404 0.3571
-6.92855367847613 0.3572
-6.92844116163654 0.3573
-6.92832608913683 0.3574
-6.92822428413126 0.3575
-6.92813749277811 0.3576
-6.92806768884127 0.3577
-6.92799404853522 0.3578
-6.92791632570321 0.3579
-6.92784561287199 0.358
-6.92776390326575 0.3581
-6.92769163979566 0.3582
-6.92764221074903 0.3583
-6.9275852728959 0.3584
-6.92753875852129 0.3585
-6.92748741333195 0.3586
-6.927424346666 0.3587
-6.92736511673252 0.3588
-6.92731568865741 0.3589
-6.92727853896276 0.359
-6.92724923522795 0.3591
-6.92724728867112 0.3592
-6.92727901886107 0.3593
-6.92733350442155 0.3594
-6.92739577826219 0.3595
-6.92746807061771 0.3596
-6.92755342798476 0.3597
-6.92765623046931 0.3598
-6.9277665787586 0.3599
-6.92788780823329 0.36
-6.92800599731557 0.3601
-6.92813900489441 0.3602
-6.92827234920308 0.3603
-6.92841420192914 0.3604
-6.92855250852392 0.3605
-6.92866800298442 0.3606
-6.92878160757671 0.3607
-6.92887071271842 0.3608
-6.92893301953308 0.3609
-6.92896664662216 0.361
-6.92899423735224 0.3611
-6.92899328123448 0.3612
-6.92898634984503 0.3613
-6.92896901912281 0.3614
-6.92895970531458 0.3615
-6.92895038719007 0.3616
-6.92893463053203 0.3617
-6.92891212355951 0.3618
-6.92890033267322 0.3619
-6.92888282977336 0.362
-6.92885323721842 0.3621
-6.92882002047501 0.3622
-6.9287699644993 0.3623
-6.92872689009223 0.3624
-6.92869896793736 0.3625
-6.92867517836064 0.3626
-6.92864829855603 0.3627
-6.92861212714468 0.3628
-6.9285613217999 0.3629
-6.92850242359484 0.363
-6.92843691323058 0.3631
-6.92836451498092 0.3632
-6.92831604927154 0.3633
-6.92825704252343 0.3634
-6.92819153167927 0.3635
-6.9281228558556 0.3636
-6.92803882466754 0.3637
-6.92795378342389 0.3638
-6.92784872890345 0.3639
-6.92775176744953 0.364
-6.92765955584285 0.3641
-6.92756300530373 0.3642
-6.92745780502441 0.3643
-6.92736357083961 0.3644
-6.9272859894934 0.3645
-6.92721095964167 0.3646
-6.92713500428044 0.3647
-6.92706448120075 0.3648
-6.92701522980272 0.3649
-6.92696880163397 0.365
-6.92691675142702 0.3651
-6.9268836140035 0.3652
-6.92684877904841 0.3653
-6.92683336333997 0.3654
-6.92681694958469 0.3655
-6.92680205403588 0.3656
-6.92678600860399 0.3657
-6.92678829061697 0.3658
-6.92678394700862 0.3659
-6.92679178079596 0.366
-6.92678589602889 0.3661
-6.92676982646215 0.3662
-6.92677871866693 0.3663
-6.92678212558215 0.3664
-6.92680852870897 0.3665
-6.92683688082992 0.3666
-6.92686723694927 0.3667
-6.92687467483801 0.3668
-6.92688852554843 0.3669
-6.9268955539366 0.367
-6.92691281337232 0.3671
-6.926925863111 0.3672
-6.92692041284254 0.3673
-6.92691898203473 0.3674
-6.9269039992083 0.3675
-6.92688713720534 0.3676
-6.92687386256929 0.3677
-6.9268685318272 0.3678
-6.92686165542865 0.3679
-6.92686549140265 0.368
-6.92687469670828 0.3681
-6.92688581222946 0.3682
-6.92691411418562 0.3683
-6.92694540186146 0.3684
-6.92697955691553 0.3685
-6.92700723330078 0.3686
-6.92704133811307 0.3687
-6.92709628151112 0.3688
-6.92714096957817 0.3689
-6.9271939349379 0.369
-6.92724094656299 0.3691
-6.9272746460953 0.3692
-6.92730128439136 0.3693
-6.92732567843111 0.3694
-6.92734020172773 0.3695
-6.92735518205988 0.3696
-6.92735745504509 0.3697
-6.92734208626981 0.3698
-6.92730276710378 0.3699
-6.92726713767926 0.37
-6.92724325047618 0.3701
-6.92722443056914 0.3702
-6.92720025953357 0.3703
-6.9271612635342 0.3704
-6.92711151228241 0.3705
-6.92705014404308 0.3706
-6.9269782373848 0.3707
-6.92691238562902 0.3708
-6.92684276491913 0.3709
-6.92678540331457 0.371
-6.92674531225121 0.3711
-6.92669521795218 0.3712
-6.92664678013849 0.3713
-6.92661284876863 0.3714
-6.92659169299526 0.3715
-6.92656801230961 0.3716
-6.92653923902904 0.3717
-6.92651600384038 0.3718
-6.92648368209515 0.3719
-6.92644161852896 0.372
-6.92639275330059 0.3721
-6.92633246753992 0.3722
-6.92628654908533 0.3723
-6.9262390440954 0.3724
-6.92618787751847 0.3725
-6.92613485177489 0.3726
-6.9260703808325 0.3727
-6.92600196118142 0.3728
-6.92592558795732 0.3729
-6.92584587453287 0.373
-6.92575650224403 0.3731
-6.92566756078472 0.3732
-6.92558041289068 0.3733
-6.92548383456293 0.3734
-6.92540641291539 0.3735
-6.9253458132436 0.3736
-6.92528193223975 0.3737
-6.92525174577267 0.3738
-6.92522864048158 0.3739
-6.9252112349343 0.374
-6.92520370586761 0.3741
-6.92521634945907 0.3742
-6.92523618670822 0.3743
-6.92528177079078 0.3744
-6.9253339309969 0.3745
-6.92539738486391 0.3746
-6.92545762403922 0.3747
-6.92552393340032 0.3748
-6.92560348056693 0.3749
-6.92569572127794 0.375
-6.92579381201273 0.3751
-6.92589113528862 0.3752
-6.92599756488987 0.3753
-6.92609803239811 0.3754
-6.92617313343347 0.3755
-6.92626189012424 0.3756
-6.92634956217819 0.3757
-6.92641757517649 0.3758
-6.92648125612168 0.3759
-6.92654102636518 0.376
-6.92657780235469 0.3761
-6.92659930192097 0.3762
-6.92661811132469 0.3763
-6.92662720107287 0.3764
-6.92661958472719 0.3765
-6.92661291874782 0.3766
-6.92659214878773 0.3767
-6.92656662256107 0.3768
-6.92654655166827 0.3769
-6.92651200809723 0.377
-6.92646262098214 0.3771
-6.92642240048476 0.3772
-6.92636602486027 0.3773
-6.92630475720672 0.3774
-6.92622890142172 0.3775
-6.926161617726 0.3776
-6.92608641375089 0.3777
-6.92603513613648 0.3778
-6.9259947249086 0.3779
-6.92597762543984 0.378
-6.92599258460487 0.3781
-6.92600483824298 0.3782
-6.92601778757381 0.3783
-6.92603808034918 0.3784
-6.92606164072274 0.3785
-6.92611334307283 0.3786
-6.9261772593367 0.3787
-6.92621780320717 0.3788
-6.92628334477841 0.3789
-6.92635184468522 0.379
-6.92643096657174 0.3791
-6.9265001330939 0.3792
-6.92655558119197 0.3793
-6.92660588653326 0.3794
-6.92666509228438 0.3795
-6.92671191565294 0.3796
-6.92675684983963 0.3797
-6.92678865710538 0.3798
-6.92680931538988 0.3799
-6.92682490943966 0.38
-6.92682871992914 0.3801
-6.92683512237458 0.3802
-6.92685020593605 0.3803
-6.92685273529409 0.3804
-6.92684036710225 0.3805
-6.92681521347545 0.3806
-6.92678559793819 0.3807
-6.92675255575067 0.3808
-6.92672222268998 0.3809
-6.92669590532255 0.381
-6.92667523759481 0.3811
-6.92666716464315 0.3812
-6.92666438453765 0.3813
-6.92667037839695 0.3814
-6.92666389834493 0.3815
-6.92666040256432 0.3816
-6.92665900481765 0.3817
-6.92665651217856 0.3818
-6.92663613448262 0.3819
-6.92660808435947 0.382
-6.92657619818408 0.3821
-6.92653782078487 0.3822
-6.92649959862899 0.3823
-6.92643596797424 0.3824
-6.92637256505755 0.3825
-6.92630301265836 0.3826
-6.9262258625454 0.3827
-6.9261500672779 0.3828
-6.92607219388239 0.3829
-6.92601546312568 0.383
-6.9259499729819 0.3831
-6.92589893904751 0.3832
-6.92586022950169 0.3833
-6.92582524744037 0.3834
-6.92577195587441 0.3835
-6.92571411870559 0.3836
-6.92565986303107 0.3837
-6.92560627927947 0.3838
-6.92556856677935 0.3839
-6.92553495731649 0.384
-6.92551626063908 0.3841
-6.92549623226672 0.3842
-6.92547196284918 0.3843
-6.92545686419379 0.3844
-6.92545507484024 0.3845
-6.92544245129665 0.3846
-6.92544243018137 0.3847
-6.92547122722837 0.3848
-6.92550692060812 0.3849
-6.92553050385921 0.385
-6.92555825938939 0.3851
-6.9256003807536 0.3852
-6.92565973793626 0.3853
-6.92570231564569 0.3854
-6.92572477735623 0.3855
-6.92573832293794 0.3856
-6.92574058312461 0.3857
-6.92572680757751 0.3858
-6.92570973083377 0.3859
-6.92568657896942 0.386
-6.92565860323623 0.3861
-6.92562207291386 0.3862
-6.92557410962369 0.3863
-6.92550895503255 0.3864
-6.92543096830659 0.3865
-6.92534943022776 0.3866
-6.92526361399173 0.3867
-6.92518141820756 0.3868
-6.92509881137668 0.3869
-6.92503088264585 0.387
-6.92497211992866 0.3871
-6.92492375736167 0.3872
-6.92490268702605 0.3873
-6.92489111297464 0.3874
-6.9248849322932 0.3875
-6.92487751676536 0.3876
-6.92486795974514 0.3877
-6.9248569794131 0.3878
-6.92486240228989 0.3879
-6.92488546814906 0.388
-6.92490955839812 0.3881
-6.92494556257681 0.3882
-6.92498486142223 0.3883
-6.925019008956 0.3884
-6.92506858066271 0.3885
-6.92513700912411 0.3886
-6.92519239045496 0.3887
-6.92524825736418 0.3888
-6.92529470075112 0.3889
-6.92531873320882 0.389
-6.92535083671033 0.3891
-6.92537345639565 0.3892
-6.92539387383509 0.3893
-6.92543073759593 0.3894
-6.92545595613636 0.3895
-6.9254694242183 0.3896
-6.92548995613969 0.3897
-6.92550832332041 0.3898
-6.92553223344638 0.3899
-6.92556359284589 0.39
-6.92559093675424 0.3901
-6.92562558755151 0.3902
-6.92564522731924 0.3903
-6.92565357571101 0.3904
-6.92566441411307 0.3905
-6.92568098287809 0.3906
-6.92567603929007 0.3907
-6.92565949287618 0.3908
-6.92564161342402 0.3909
-6.9256127325667 0.391
-6.92556600690425 0.3911
-6.92549441426621 0.3912
-6.92539836303227 0.3913
-6.92531255449769 0.3914
-6.92524809247597 0.3915
-6.92519572713998 0.3916
-6.92514709784917 0.3917
-6.92512351440271 0.3918
-6.92512740353723 0.3919
-6.92513729108482 0.392
-6.92516132039598 0.3921
-6.92520453584394 0.3922
-6.92524565984821 0.3923
-6.92529969456856 0.3924
-6.92536094469466 0.3925
-6.92544292514595 0.3926
-6.92553600427541 0.3927
-6.92563406340672 0.3928
-6.92574721430202 0.3929
-6.92588398162985 0.393
-6.92602615357968 0.3931
-6.92617741428407 0.3932
-6.9263451514051 0.3933
-6.92651738784285 0.3934
-6.92669460051934 0.3935
-6.9268698847195 0.3936
-6.92701988832562 0.3937
-6.92715017168072 0.3938
-6.92726584744312 0.3939
-6.92737222958054 0.394
-6.9274382167444 0.3941
-6.92747374363512 0.3942
-6.92750037766788 0.3943
-6.92752025531302 0.3944
-6.92752443713538 0.3945
-6.92749540136717 0.3946
-6.92744302007123 0.3947
-6.92738223587277 0.3948
-6.92731026671691 0.3949
-6.92724148116252 0.395
-6.92717492461825 0.3951
-6.92710250317043 0.3952
-6.92705021465738 0.3953
-6.92700332356206 0.3954
-6.92696222256822 0.3955
-6.92692481251449 0.3956
-6.92689247904715 0.3957
-6.92687229705228 0.3958
-6.92684220736486 0.3959
-6.92681146726346 0.396
-6.92677358045061 0.3961
-6.92672451504205 0.3962
-6.92668236841251 0.3963
-6.9266433099059 0.3964
-6.92659292631896 0.3965
-6.9265372498219 0.3966
-6.92647655099976 0.3967
-6.92640173666691 0.3968
-6.92630042262999 0.3969
-6.92618142432182 0.397
-6.92605121828358 0.3971
-6.92593373932068 0.3972
-6.92581314261356 0.3973
-6.92568518027246 0.3974
-6.92555006850802 0.3975
-6.9254123659496 0.3976
-6.92526054944857 0.3977
-6.92510568803438 0.3978
-6.92497322172982 0.3979
-6.92486497658459 0.398
-6.92477725047054 0.3981
-6.92471053695338 0.3982
-6.92466245540335 0.3983
-6.92461202548405 0.3984
-6.92455207763637 0.3985
-6.92448761183615 0.3986
-6.92441033533255 0.3987
-6.92433090988743 0.3988
-6.9242549641536 0.3989
-6.92416854656474 0.399
-6.92408025069271 0.3991
-6.92401159146777 0.3992
-6.92395673936074 0.3993
-6.92390719272159 0.3994
-6.92386424206647 0.3995
-6.92384335812303 0.3996
-6.92382793051471 0.3997
-6.92381892125132 0.3998
-6.92382617865117 0.3999
-6.92383164763465 0.4
-6.92383849680447 0.4001
-6.92384674881697 0.4002
-6.92386961402879 0.4003
-6.92387362125766 0.4004
-6.92386378054715 0.4005
-6.92387444567067 0.4006
-6.92386343374046 0.4007
-6.92387405064468 0.4008
-6.92386528608952 0.4009
-6.92384429011964 0.401
-6.92383432757948 0.4011
-6.92382274674667 0.4012
-6.92381023549728 0.4013
-6.92380824944107 0.4014
-6.92381167104713 0.4015
-6.92380695964776 0.4016
-6.92381487304773 0.4017
-6.92384012378515 0.4018
-6.92388192853599 0.4019
-6.92392625743196 0.402
-6.92396676564596 0.4021
-6.92397307605974 0.4022
-6.92398202901523 0.4023
-6.92398907526092 0.4024
-6.92399159343047 0.4025
-6.92400120539138 0.4026
-6.92400415402039 0.4027
-6.92399878213075 0.4028
-6.92399216130022 0.4029
-6.9239823663861 0.403
-6.9239897706707 0.4031
-6.92399400410091 0.4032
-6.92399845766507 0.4033
-6.92398887468067 0.4034
-6.92398207510847 0.4035
-6.92396624351312 0.4036
-6.92395547548691 0.4037
-6.92393539290949 0.4038
-6.92392724711453 0.4039
-6.92393822674081 0.404
-6.92394367134511 0.4041
-6.923938245914 0.4042
-6.92392578785816 0.4043
-6.92388603622139 0.4044
-6.9238353195523 0.4045
-6.92378222394684 0.4046
-6.92371103248166 0.4047
-6.92362007983709 0.4048
-6.92353653009304 0.4049
-6.92344402821079 0.405
-6.92336346872974 0.4051
-6.92327889834806 0.4052
-6.923208980886 0.4053
-6.92314552295999 0.4054
-6.92308961733522 0.4055
-6.9230312026645 0.4056
-6.92298112414618 0.4057
-6.92292353790496 0.4058
-6.92286847731844 0.4059
-6.92281061864078 0.406
-6.92275229400603 0.4061
-6.9226965093302 0.4062
-6.92263075203649 0.4063
-6.92256767689133 0.4064
-6.92250799836032 0.4065
-6.9224446743161 0.4066
-6.92237069198825 0.4067
-6.92230144717332 0.4068
-6.92223579594466 0.4069
-6.92217060665066 0.407
-6.9221060461589 0.4071
-6.92203486647244 0.4072
-6.9219688720238 0.4073
-6.92190708237469 0.4074
-6.92187231543206 0.4075
-6.92185808283355 0.4076
-6.92184574453105 0.4077
-6.92184197903363 0.4078
-6.92186468135351 0.4079
-6.9218751546009 0.408
-6.9219209030309 0.4081
-6.92198018949023 0.4082
-6.92206286972496 0.4083
-6.92214217922745 0.4084
-6.9222315498153 0.4085
-6.92231657096658 0.4086
-6.92239700061245 0.4087
-6.92246708991135 0.4088
-6.92252880496733 0.4089
-6.92258241261503 0.409
-6.9226211730743 0.4091
-6.92266120184767 0.4092
-6.92270261240413 0.4093
-6.92274936281763 0.4094
-6.92280150658202 0.4095
-6.92286474554081 0.4096
-6.92294660802465 0.4097
-6.92304098524261 0.4098
-6.9231286274274 0.4099
-6.92322565091844 0.41
-6.92334471963235 0.4101
-6.92347900804952 0.4102
-6.92364436705239 0.4103
-6.9238082211012 0.4104
-6.92398509740629 0.4105
-6.92415697243212 0.4106
-6.92432056018474 0.4107
-6.92447287701866 0.4108
-6.92461131770179 0.4109
-6.92473735974188 0.411
-6.92486421491412 0.4111
-6.92497380432205 0.4112
-6.92506846029219 0.4113
-6.92514111159152 0.4114
-6.92518897147892 0.4115
-6.92522349451383 0.4116
-6.92524222886079 0.4117
-6.92526333074099 0.4118
-6.92528465988171 0.4119
-6.92530582014639 0.412
-6.92532246399789 0.4121
-6.92532537100674 0.4122
-6.92533037581217 0.4123
-6.92533491546476 0.4124
-6.92534823646322 0.4125
-6.92536943063292 0.4126
-6.92539988400102 0.4127
-6.92543072495234 0.4128
-6.92547250151373 0.4129
-6.92551444253192 0.413
-6.92554122264979 0.4131
-6.92554615898511 0.4132
-6.92555383675251 0.4133
-6.92556516493618 0.4134
-6.92557574189989 0.4135
-6.92555880403202 0.4136
-6.92553602477083 0.4137
-6.92551333156333 0.4138
-6.92549360580488 0.4139
-6.92547491737414 0.414
-6.9254420348631 0.4141
-6.92540129230246 0.4142
-6.92534770940661 0.4143
-6.9252885586989 0.4144
-6.92520969339747 0.4145
-6.92516870131775 0.4146
-6.92512605256463 0.4147
-6.92507303110996 0.4148
-6.92502292296431 0.4149
-6.92497754277217 0.415
-6.92490836697871 0.4151
-6.92482769385822 0.4152
-6.92475265187171 0.4153
-6.9246641639568 0.4154
-6.92459402306341 0.4155
-6.92451900735016 0.4156
-6.92446145419724 0.4157
-6.92439984579368 0.4158
-6.92432699143679 0.4159
-6.92425096584305 0.416
-6.92417534046115 0.4161
-6.92409260630132 0.4162
-6.92400380383883 0.4163
-6.92390149993039 0.4164
-6.92379938361662 0.4165
-6.92369890153939 0.4166
-6.92359423132292 0.4167
-6.92350488330295 0.4168
-6.92342596639869 0.4169
-6.92335382256167 0.417
-6.92328064239498 0.4171
-6.9231870261013 0.4172
-6.92309248616007 0.4173
-6.92300118946227 0.4174
-6.92292299159085 0.4175
-6.92284577723354 0.4176
-6.92276004388197 0.4177
-6.92265920872802 0.4178
-6.92254250569908 0.4179
-6.92241773338693 0.418
-6.92230011692397 0.4181
-6.92218135149639 0.4182
-6.9220811277145 0.4183
-6.92198363393936 0.4184
-6.921915813894 0.4185
-6.92186440278745 0.4186
-6.92182248466691 0.4187
-6.92178639190729 0.4188
-6.92175444810711 0.4189
-6.9217515656342 0.419
-6.92175841026432 0.4191
-6.92175576461385 0.4192
-6.92174869537135 0.4193
-6.92174729012397 0.4194
-6.92174478955723 0.4195
-6.92173546293078 0.4196
-6.9217259549911 0.4197
-6.92170709003101 0.4198
-6.92168693580335 0.4199
-6.92166275032689 0.42
-6.92163717461236 0.4201
-6.9216083025097 0.4202
-6.92158354177723 0.4203
-6.92154108716676 0.4204
-6.92148716620338 0.4205
-6.92140427434065 0.4206
-6.92133412513201 0.4207
-6.92125651417442 0.4208
-6.92118625538949 0.4209
-6.92110307066078 0.421
-6.92101298343681 0.4211
-6.92093173603881 0.4212
-6.92086337326877 0.4213
-6.92079840565814 0.4214
-6.92073119247334 0.4215
-6.92066602566783 0.4216
-6.92061359997655 0.4217
-6.92056392993113 0.4218
-6.92052689586864 0.4219
-6.92050707916786 0.422
-6.9204934633485 0.4221
-6.92048102829173 0.4222
-6.92049246609542 0.4223
-6.92052027744905 0.4224
-6.92055399918681 0.4225
-6.92062386651202 0.4226
-6.92069463514733 0.4227
-6.92077207974172 0.4228
-6.92085940432057 0.4229
-6.92095869303522 0.423
-6.92107262549342 0.4231
-6.92118129336375 0.4232
-6.92129605638606 0.4233
-6.92143209078942 0.4234
-6.92155073044704 0.4235
-6.92167058111197 0.4236
-6.9217915490413 0.4237
-6.92191638924215 0.4238
-6.92204296380314 0.4239
-6.92217667503293 0.424
-6.92229606979619 0.4241
-6.92242324240503 0.4242
-6.92255273218763 0.4243
-6.92266765390886 0.4244
-6.92278954323382 0.4245
-6.92291494636669 0.4246
-6.92305016110392 0.4247
-6.92315993287708 0.4248
-6.92326362995388 0.4249
-6.92335409648023 0.425
-6.92344090800282 0.4251
-6.92352646848118 0.4252
-6.92360169793989 0.4253
-6.9236787853388 0.4254
-6.92373774523156 0.4255
-6.92377751936176 0.4256
-6.92381789360898 0.4257
-6.92386090149621 0.4258
-6.92389589093056 0.4259
-6.92391149427773 0.426
-6.92392547368933 0.4261
-6.92393517505811 0.4262
-6.9239408539778 0.4263
-6.92393303309014 0.4264
-6.92389338009158 0.4265
-6.92385113706296 0.4266
-6.92382143071181 0.4267
-6.92380283891553 0.4268
-6.92378256910153 0.4269
-6.92375546739397 0.427
-6.92374204460514 0.4271
-6.92371702322474 0.4272
-6.9236974568081 0.4273
-6.92363657582507 0.4274
-6.9235896307485 0.4275
-6.9235375632748 0.4276
-6.92349403929974 0.4277
-6.92344682601491 0.4278
-6.9233829825703 0.4279
-6.92332486813732 0.428
-6.92326103670153 0.4281
-6.92320407938587 0.4282
-6.92314077978677 0.4283
-6.92308068734348 0.4284
-6.92303294521869 0.4285
-6.92298404109942 0.4286
-6.92292063739293 0.4287
-6.92284873626255 0.4288
-6.92277705154897 0.4289
-6.92270158484351 0.429
-6.92261960614179 0.4291
-6.92254268959905 0.4292
-6.92247395201766 0.4293
-6.92241135111163 0.4294
-6.92233726433754 0.4295
-6.92226808967522 0.4296
-6.92221199882548 0.4297
-6.92217901361059 0.4298
-6.92214647975655 0.4299
-6.92213849617152 0.43
-6.9221428016153 0.4301
-6.92214929967365 0.4302
-6.92215632817828 0.4303
-6.92214223216535 0.4304
-6.92210865287624 0.4305
-6.92206544622168 0.4306
-6.92201156889508 0.4307
-6.9219417623844 0.4308
-6.92187473777051 0.4309
-6.92179495169702 0.431
-6.92172527665789 0.4311
-6.92165196101346 0.4312
-6.92156919394995 0.4313
-6.92150839596531 0.4314
-6.92144877648427 0.4315
-6.92139828589639 0.4316
-6.92134009306692 0.4317
-6.92128168380033 0.4318
-6.92122357930684 0.4319
-6.92116371214898 0.432
-6.92111914964172 0.4321
-6.92107555675499 0.4322
-6.92104391749136 0.4323
-6.92101110281687 0.4324
-6.92098819403798 0.4325
-6.92098982193349 0.4326
-6.92100583713033 0.4327
-6.92103665498358 0.4328
-6.92107801198977 0.4329
-6.92113140123773 0.433
-6.92117923672047 0.4331
-6.92122488864507 0.4332
-6.92127892467381 0.4333
-6.92133938680121 0.4334
-6.92142850465818 0.4335
-6.92151859471869 0.4336
-6.92160088782331 0.4337
-6.92168278368122 0.4338
-6.92177155795084 0.4339
-6.92186134412212 0.434
-6.92195139029808 0.4341
-6.92204789547699 0.4342
-6.92213658875842 0.4343
-6.92221894258665 0.4344
-6.92230369169682 0.4345
-6.92238497302512 0.4346
-6.92247064124869 0.4347
-6.92255511113979 0.4348
-6.92263481684381 0.4349
-6.92272871235238 0.435
-6.92282299551656 0.4351
-6.92288636128301 0.4352
-6.92293292166156 0.4353
-6.92296539936104 0.4354
-6.92298474806377 0.4355
-6.92298091953095 0.4356
-6.92295019588686 0.4357
-6.92290152184394 0.4358
-6.92283589023024 0.4359
-6.92275376085557 0.436
-6.92265343440389 0.4361
-6.92255205371344 0.4362
-6.92242943005607 0.4363
-6.92228043888255 0.4364
-6.9221374045426 0.4365
-6.92200072464084 0.4366
-6.92187087534258 0.4367
-6.92173593580704 0.4368
-6.92159680406316 0.4369
-6.92143047195725 0.437
-6.92125576046655 0.4371
-6.92106744925248 0.4372
-6.92088950412248 0.4373
-6.9207176849212 0.4374
-6.9205494024195 0.4375
-6.92039410296444 0.4376
-6.92025078151622 0.4377
-6.9201189648789 0.4378
-6.9200006580917 0.4379
-6.91991132180518 0.438
-6.91981884448168 0.4381
-6.91972609092447 0.4382
-6.91964854630845 0.4383
-6.91959201084957 0.4384
-6.91952244311475 0.4385
-6.91947298746646 0.4386
-6.91943569339601 0.4387
-6.91940660082159 0.4388
-6.91939031676356 0.4389
-6.91939076519943 0.439
-6.91941488641902 0.4391
-6.91944036543491 0.4392
-6.9194700890513 0.4393
-6.91949694747393 0.4394
-6.91951779986798 0.4395
-6.91952022210194 0.4396
-6.91951652515579 0.4397
-6.91951834852578 0.4398
-6.91950676603836 0.4399
-6.91948761044071 0.44
-6.91946384957153 0.4401
-6.91944177508508 0.4402
-6.91941998138838 0.4403
-6.9193856488602 0.4404
-6.91935598746366 0.4405
-6.9193036001446 0.4406
-6.91926493738205 0.4407
-6.91922975153544 0.4408
-6.91920574196427 0.4409
-6.91918744604555 0.441
-6.91917975175253 0.4411
-6.91917809839145 0.4412
-6.9191829382229 0.4413
-6.91920963687152 0.4414
-6.91924346467191 0.4415
-6.91929063493746 0.4416
-6.91933534092228 0.4417
-6.91939060301658 0.4418
-6.91946357144253 0.4419
-6.91954972454078 0.442
-6.91965124899971 0.4421
-6.91975179075309 0.4422
-6.91987257289577 0.4423
-6.91999625215578 0.4424
-6.92013731539982 0.4425
-6.92028144528945 0.4426
-6.92043518503397 0.4427
-6.92060101952811 0.4428
-6.92077039317005 0.4429
-6.92094752214371 0.443
-6.92112520186606 0.4431
-6.92128515480853 0.4432
-6.92142361077092 0.4433
-6.92155855731222 0.4434
-6.92167559731394 0.4435
-6.92177322732517 0.4436
-6.92184161606875 0.4437
-6.92187604258122 0.4438
-6.92188779115773 0.4439
-6.92186962074964 0.444
-6.92183063631701 0.4441
-6.92178212303396 0.4442
-6.92170677664043 0.4443
-6.92159848838602 0.4444
-6.92145064051239 0.4445
-6.92128163514943 0.4446
-6.92109301396626 0.4447
-6.92088902585433 0.4448
-6.92068334465589 0.4449
-6.92047938409251 0.445
-6.92026673297416 0.4451
-6.92006711995563 0.4452
-6.91986861031798 0.4453
-6.91967602990627 0.4454
-6.91950103497565 0.4455
-6.91932709206968 0.4456
-6.91916304235907 0.4457
-6.91901506852523 0.4458
-6.91887463684739 0.4459
-6.91875656461717 0.446
-6.91866425245246 0.4461
-6.91860893319141 0.4462
-6.91856848145468 0.4463
-6.91853731583347 0.4464
-6.9185338516001 0.4465
-6.91854900774779 0.4466
-6.91859543991823 0.4467
-6.91866082662594 0.4468
-6.9187626549816 0.4469
-6.91886855962889 0.447
-6.91896666946457 0.4471
-6.9190628451147 0.4472
-6.91915578053995 0.4473
-6.91924722331806 0.4474
-6.91934050967832 0.4475
-6.91942248341382 0.4476
-6.91950083750225 0.4477
-6.91955816658174 0.4478
-6.91961340073422 0.4479
-6.91963766998614 0.448
-6.91966164520564 0.4481
-6.91967622283259 0.4482
-6.91968837813968 0.4483
-6.91969371738604 0.4484
-6.91969071741286 0.4485
-6.91966786605881 0.4486
-6.91962406520239 0.4487
-6.91958498628207 0.4488
-6.91954706791951 0.4489
-6.9194835538158 0.449
-6.91941744536585 0.4491
-6.91936211937759 0.4492
-6.919311348188 0.4493
-6.91926580586451 0.4494
-6.9192261596472 0.4495
-6.91918802507569 0.4496
-6.91916055497755 0.4497
-6.91913205236202 0.4498
-6.91911397114722 0.4499
-6.91910747850947 0.45
-6.91908894297343 0.4501
-6.91905853297035 0.4502
-6.9190247042674 0.4503
-6.91900301585072 0.4504
-6.91896523818822 0.4505
-6.9189374627357 0.4506
-6.91892810962963 0.4507
-6.9189169105984 0.4508
-6.91890726035593 0.4509
-6.91890891550595 0.451
-6.91891693779642 0.4511
-6.91891313091217 0.4512
-6.91889712082528 0.4513
-6.91887811844906 0.4514
-6.9188381276847 0.4515
-6.91878899115271 0.4516
-6.9187399482423 0.4517
-6.91868885842131 0.4518
-6.91862981026121 0.4519
-6.91856525108682 0.452
-6.91849708915071 0.4521
-6.91840978767401 0.4522
-6.91831210580832 0.4523
-6.91821643684839 0.4524
-6.9181084460258 0.4525
-6.91800187474613 0.4526
-6.91789693111882 0.4527
-6.91779584627165 0.4528
-6.917705059808 0.4529
-6.91762059950227 0.453
-6.91751696584403 0.4531
-6.91741295143429 0.4532
-6.91733319501972 0.4533
-6.91726532210743 0.4534
-6.9171844669544 0.4535
-6.91709090596495 0.4536
-6.917005062481 0.4537
-6.91692527984902 0.4538
-6.91685314614205 0.4539
-6.916783751481 0.454
-6.91671653155384 0.4541
-6.9166534649558 0.4542
-6.91657889005879 0.4543
-6.91649507464421 0.4544
-6.91641651004668 0.4545
-6.91634442934916 0.4546
-6.91627734854145 0.4547
-6.91622426766452 0.4548
-6.91616951453675 0.4549
-6.91612479627537 0.455
-6.91609552811471 0.4551
-6.91607095896607 0.4552
-6.91603996035428 0.4553
-6.91601437238952 0.4554
-6.91598054379025 0.4555
-6.91596106656235 0.4556
-6.91595134521777 0.4557
-6.91593293133604 0.4558
-6.91590986147326 0.4559
-6.91588684275496 0.456
-6.9158672341451 0.4561
-6.91585613859581 0.4562
-6.9158450560437 0.4563
-6.91584899692279 0.4564
-6.91587763982964 0.4565
-6.91590794372313 0.4566
-6.91594059246391 0.4567
-6.91598383108201 0.4568
-6.91603446362001 0.4569
-6.91609458307478 0.457
-6.91616209211087 0.4571
-6.91622870442243 0.4572
-6.91629287036796 0.4573
-6.91637521683816 0.4574
-6.91646752853056 0.4575
-6.91655971308107 0.4576
-6.91665696755976 0.4577
-6.9167519632987 0.4578
-6.91684924539365 0.4579
-6.91694514982266 0.458
-6.91702960077461 0.4581
-6.91713304248499 0.4582
-6.91723440575231 0.4583
-6.91732464771873 0.4584
-6.91741732859368 0.4585
-6.91750518724116 0.4586
-6.91758577374619 0.4587
-6.91768311045925 0.4588
-6.91773726116668 0.4589
-6.91778010349029 0.459
-6.91781395836638 0.4591
-6.9178427333969 0.4592
-6.91788085775991 0.4593
-6.91791725762819 0.4594
-6.91795070749817 0.4595
-6.9179887684064 0.4596
-6.91802248691727 0.4597
-6.91804529602995 0.4598
-6.91806028111502 0.4599
-6.91806943303335 0.46
-6.91806702079197 0.4601
-6.91806819655935 0.4602
-6.91805467604603 0.4603
-6.91802913167798 0.4604
-6.91798927224317 0.4605
-6.91794659051484 0.4606
-6.91789782799936 0.4607
-6.91782534600594 0.4608
-6.9177517080052 0.4609
-6.91766772810579 0.461
-6.91756980514028 0.4611
-6.91746748203111 0.4612
-6.91735567905759 0.4613
-6.91726228212589 0.4614
-6.91718796682902 0.4615
-6.91713518070968 0.4616
-6.91709369562456 0.4617
-6.91705815255153 0.4618
-6.9170231056631 0.4619
-6.91699267988653 0.462
-6.91696643251439 0.4621
-6.91696370551857 0.4622
-6.91698261004995 0.4623
-6.91700282433418 0.4624
-6.91704292138944 0.4625
-6.91709078092411 0.4626
-6.91716108386055 0.4627
-6.91725658324568 0.4628
-6.91734953678099 0.4629
-6.91746072987374 0.463
-6.91757323476016 0.4631
-6.91768235783498 0.4632
-6.91778402265865 0.4633
-6.91788560212078 0.4634
-6.91798091489921 0.4635
-6.91807453558567 0.4636
-6.91816150246154 0.4637
-6.91823849330032 0.4638
-6.91830289809172 0.4639
-6.91834877312505 0.464
-6.9184051924247 0.4641
-6.91846535555857 0.4642
-6.91851617421398 0.4643
-6.91854327604705 0.4644
-6.91855333071236 0.4645
-6.91856192633635 0.4646
-6.91856785211811 0.4647
-6.91853693621292 0.4648
-6.91850955171324 0.4649
-6.9184815213303 0.465
-6.91842898882556 0.4651
-6.91837227161273 0.4652
-6.91830553625305 0.4653
-6.91823815373407 0.4654
-6.91818078279845 0.4655
-6.91810417984167 0.4656
-6.91803082744145 0.4657
-6.91796229517984 0.4658
-6.91789826091499 0.4659
-6.9178260233317 0.466
-6.91776228638882 0.4661
-6.91769060996783 0.4662
-6.91760606418183 0.4663
-6.91749675819193 0.4664
-6.91738260759113 0.4665
-6.91725114536712 0.4666
-6.91713001025288 0.4667
-6.91701469858566 0.4668
-6.91689691966256 0.4669
-6.91680229545644 0.467
-6.91671867026848 0.4671
-6.91664226316906 0.4672
-6.91657083667929 0.4673
-6.91651413590969 0.4674
-6.91646304497566 0.4675
-6.91644197998946 0.4676
-6.91643789807285 0.4677
-6.91643533460548 0.4678
-6.91646369745073 0.4679
-6.91650227464105 0.468
-6.9165593959451 0.4681
-6.91664503565619 0.4682
-6.91675880281612 0.4683
-6.91690071433336 0.4684
-6.91705202300223 0.4685
-6.91722290153318 0.4686
-6.91740000059368 0.4687
-6.9175773596228 0.4688
-6.91776123632953 0.4689
-6.91794075745631 0.469
-6.91812787832687 0.4691
-6.91828810125199 0.4692
-6.9184432619084 0.4693
-6.91856584757118 0.4694
-6.91867756124287 0.4695
-6.918765847066 0.4696
-6.91884393631116 0.4697
-6.91890677335259 0.4698
-6.91895439482912 0.4699
-6.91899440422409 0.47
-6.91900581059387 0.4701
-6.91901169329395 0.4702
-6.91898987346713 0.4703
-6.91896928275706 0.4704
-6.91894481765725 0.4705
-6.91890799269768 0.4706
-6.91888347971041 0.4707
-6.91883411972258 0.4708
-6.91880495538423 0.4709
-6.91878347065022 0.471
-6.91875942557929 0.4711
-6.91873825761928 0.4712
-6.91871335768881 0.4713
-6.91868129485887 0.4714
-6.91862823493966 0.4715
-6.91857694320536 0.4716
-6.91851095978928 0.4717
-6.91843252199094 0.4718
-6.91835948025232 0.4719
-6.91829274905904 0.472
-6.91823545305955 0.4721
-6.91817726502816 0.4722
-6.91812720505299 0.4723
-6.91807072633045 0.4724
-6.91802581463201 0.4725
-6.91797260830555 0.4726
-6.91791379110632 0.4727
-6.91786006770296 0.4728
-6.91780725115581 0.4729
-6.91774243539116 0.473
-6.91768098939262 0.4731
-6.91764093866268 0.4732
-6.91762755778318 0.4733
-6.91762525173813 0.4734
-6.91763302151012 0.4735
-6.91764903472938 0.4736
-6.91767716011768 0.4737
-6.91770342233617 0.4738
-6.9177406921664 0.4739
-6.9177883231539 0.474
-6.91783110010375 0.4741
-6.91787440928786 0.4742
-6.91791635326582 0.4743
-6.91795455945076 0.4744
-6.91798639487334 0.4745
-6.91801886890596 0.4746
-6.9180526826801 0.4747
-6.91807436327953 0.4748
-6.91809111116886 0.4749
-6.91808753899563 0.475
-6.91809780183301 0.4751
-6.91811407807472 0.4752
-6.91812397573097 0.4753
-6.918123612391 0.4754
-6.91810818807388 0.4755
-6.91808570012186 0.4756
-6.91805832205198 0.4757
-6.91802465495706 0.4758
-6.9180042591154 0.4759
-6.91800088794511 0.476
-6.9180065866741 0.4761
-6.91800863310064 0.4762
-6.91799774665253 0.4763
-6.91800198823092 0.4764
-6.91800844284868 0.4765
-6.91802661749201 0.4766
-6.91805148855494 0.4767
-6.91807968265018 0.4768
-6.91812515144891 0.4769
-6.9181840123546 0.477
-6.91822798331139 0.4771
-6.9182590005392 0.4772
-6.91827125546791 0.4773
-6.91828449776931 0.4774
-6.91831061984987 0.4775
-6.91834374165311 0.4776
-6.9183726915711 0.4777
-6.91839250990333 0.4778
-6.91840779974059 0.4779
-6.91842227672944 0.478
-6.91843080852525 0.4781
-6.9184660761253 0.4782
-6.91852224621453 0.4783
-6.91858124553192 0.4784
-6.91863383409077 0.4785
-6.91869153719124 0.4786
-6.91873739526783 0.4787
-6.91876385988513 0.4788
-6.91878418057714 0.4789
-6.91878547858281 0.479
-6.91875888940762 0.4791
-6.91872434220288 0.4792
-6.9186657190899 0.4793
-6.91859932992902 0.4794
-6.91851508632886 0.4795
-6.91840371809823 0.4796
-6.9182822856853 0.4797
-6.91814957106258 0.4798
-6.91801626950829 0.4799
-6.91786593674047 0.48
-6.91771087606344 0.4801
-6.91756807036975 0.4802
-6.9174328587037 0.4803
-6.91730074771842 0.4804
-6.91715937641925 0.4805
-6.91703276134196 0.4806
-6.91693022000273 0.4807
-6.91683541827108 0.4808
-6.91674099352915 0.4809
-6.91665274907467 0.481
-6.91658107388743 0.4811
-6.91651470330521 0.4812
-6.91647122306608 0.4813
-6.91644485987213 0.4814
-6.91643667439998 0.4815
-6.91645180998028 0.4816
-6.91648138363846 0.4817
-6.91652512768147 0.4818
-6.91659652781063 0.4819
-6.91669233622894 0.482
-6.91679944235716 0.4821
-6.91691529153305 0.4822
-6.91703746054381 0.4823
-6.91714159775976 0.4824
-6.91725106646634 0.4825
-6.9173443092751 0.4826
-6.91741739493549 0.4827
-6.91748131234175 0.4828
-6.91753354475165 0.4829
-6.91755190377509 0.483
-6.91756216101136 0.4831
-6.9175584190707 0.4832
-6.91754697781725 0.4833
-6.91752479294103 0.4834
-6.91751589653109 0.4835
-6.91749560889017 0.4836
-6.9174658081252 0.4837
-6.91743217623881 0.4838
-6.91739213951588 0.4839
-6.91733664802575 0.484
-6.91727088064231 0.4841
-6.91719021591493 0.4842
-6.9170768766582 0.4843
-6.91696170826225 0.4844
-6.91684740225206 0.4845
-6.91672775544301 0.4846
-6.91660035658982 0.4847
-6.91647996173572 0.4848
-6.91638769708137 0.4849
-6.91631412575101 0.485
-6.9162581394423 0.4851
-6.91620685326499 0.4852
-6.91616388472204 0.4853
-6.91613170498574 0.4854
-6.91611398658842 0.4855
-6.91611328948441 0.4856
-6.91611800319505 0.4857
-6.91613401308261 0.4858
-6.91616051102912 0.4859
-6.91620430170639 0.486
-6.91625374945189 0.4861
-6.9162929571332 0.4862
-6.91634997688001 0.4863
-6.91640576793157 0.4864
-6.91646857855575 0.4865
-6.91654740600454 0.4866
-6.91660542244804 0.4867
-6.91662803992076 0.4868
-6.91663382889728 0.4869
-6.91663486443231 0.487
-6.91662187854574 0.4871
-6.91660525065036 0.4872
-6.91658061432895 0.4873
-6.91656071628775 0.4874
-6.91654862042366 0.4875
-6.91651948100521 0.4876
-6.91649150257605 0.4877
-6.91645090452887 0.4878
-6.91641142484462 0.4879
-6.91637310153033 0.488
-6.91633552685413 0.4881
-6.91627840367088 0.4882
-6.91620562819682 0.4883
-6.91615466247051 0.4884
-6.91610190066188 0.4885
-6.91604469313521 0.4886
-6.91597915352181 0.4887
-6.91590116502832 0.4888
-6.91582891361573 0.4889
-6.91576726126353 0.489
-6.91573588123541 0.4891
-6.91570807643799 0.4892
-6.91569556781374 0.4893
-6.91569818226182 0.4894
-6.91571918604933 0.4895
-6.91575728497063 0.4896
-6.9157883282344 0.4897
-6.91581763387843 0.4898
-6.91586799481523 0.4899
-6.91591258458041 0.49
-6.9159476674338 0.4901
-6.9159965423748 0.4902
-6.91606088953283 0.4903
-6.91612395371033 0.4904
-6.91619448290878 0.4905
-6.91625301057696 0.4906
-6.91631559605203 0.4907
-6.91638202593462 0.4908
-6.91642869894324 0.4909
-6.9164420854472 0.491
-6.91645194210133 0.4911
-6.91643482946473 0.4912
-6.91640111751209 0.4913
-6.91635248863123 0.4914
-6.91626861090693 0.4915
-6.9161672706022 0.4916
-6.91604865024875 0.4917
-6.9159263517537 0.4918
-6.91580847344064 0.4919
-6.91568744249991 0.492
-6.91555368813734 0.4921
-6.9154142475896 0.4922
-6.91528608056032 0.4923
-6.91515728537603 0.4924
-6.91504221016394 0.4925
-6.91492071683799 0.4926
-6.91479381359847 0.4927
-6.91468610846843 0.4928
-6.91457274087849 0.4929
-6.91447566922644 0.493
-6.9143827358815 0.4931
-6.91430166783915 0.4932
-6.91423652238566 0.4933
-6.91417902186371 0.4934
-6.9141286720015 0.4935
-6.91409453862168 0.4936
-6.91407899058758 0.4937
-6.91406257015076 0.4938
-6.91404759894021 0.4939
-6.91403905524484 0.494
-6.9140401394511 0.4941
-6.91405664285811 0.4942
-6.91407225802164 0.4943
-6.91410474646271 0.4944
-6.91413885360803 0.4945
-6.91419185886992 0.4946
-6.91425293877172 0.4947
-6.91434512711144 0.4948
-6.91444001514435 0.4949
-6.91455245234229 0.495
-6.91468003901803 0.4951
-6.91480444748866 0.4952
-6.91493767922762 0.4953
-6.91508529028278 0.4954
-6.91525523298195 0.4955
-6.91541622139546 0.4956
-6.91557475699315 0.4957
-6.91573766477796 0.4958
-6.91588802101403 0.4959
-6.91602705359293 0.496
-6.91616008180911 0.4961
-6.916269657782 0.4962
-6.91635937426258 0.4963
-6.91641342251904 0.4964
-6.9164174748751 0.4965
-6.91638672838435 0.4966
-6.91633389736141 0.4967
-6.91627536685951 0.4968
-6.91622529023424 0.4969
-6.91617172619828 0.497
-6.91611480919137 0.4971
-6.91604931247388 0.4972
-6.915982220911 0.4973
-6.91589151220793 0.4974
-6.91578845263403 0.4975
-6.91567988798911 0.4976
-6.91557937054862 0.4977
-6.91546787403447 0.4978
-6.91535966092742 0.4979
-6.91525220661096 0.498
-6.91515115483599 0.4981
-6.91505643401886 0.4982
-6.91496369292316 0.4983
-6.9148810193967 0.4984
-6.91481702464613 0.4985
-6.91476248489431 0.4986
-6.91471848774712 0.4987
-6.91468307059692 0.4988
-6.91465382203869 0.4989
-6.91463253034167 0.499
-6.91463197790236 0.4991
-6.91463068347935 0.4992
-6.91464945100646 0.4993
-6.91466379784826 0.4994
-6.91469821887227 0.4995
-6.91472718324635 0.4996
-6.91476324862099 0.4997
-6.91480899406431 0.4998
-6.91486117928603 0.4999
-6.91492605192685 0.5
-6.91497637654406 0.5001
-6.91502775395445 0.5002
-6.91506853462303 0.5003
-6.9150876167727 0.5004
-6.91508152325413 0.5005
-6.9150442132269 0.5006
-6.91498892568813 0.5007
-6.91491480115596 0.5008
-6.91480995903949 0.5009
-6.91467663815185 0.501
-6.91453851645512 0.5011
-6.91438569703337 0.5012
-6.91423804357054 0.5013
-6.91408357249996 0.5014
-6.91394388418879 0.5015
-6.91380893093382 0.5016
-6.91368176300877 0.5017
-6.91356583155589 0.5018
-6.91346098027747 0.5019
-6.91337198393456 0.502
-6.91327215349657 0.5021
-6.9131789802165 0.5022
-6.91309751635992 0.5023
-6.91303017390216 0.5024
-6.91296453018143 0.5025
-6.91292692649751 0.5026
-6.91290870535813 0.5027
-6.9128937093489 0.5028
-6.91287460579702 0.5029
-6.91285582556341 0.503
-6.91284516376015 0.5031
-6.91283966226952 0.5032
-6.91283358979886 0.5033
-6.91284303299439 0.5034
-6.91286690033399 0.5035
-6.91288461706134 0.5036
-6.91290627396423 0.5037
-6.91294485392492 0.5038
-6.91298706805004 0.5039
-6.91301933150971 0.504
-6.91304172650936 0.5041
-6.91307610123695 0.5042
-6.91309989978168 0.5043
-6.91314139668633 0.5044
-6.91318637455237 0.5045
-6.91322598823522 0.5046
-6.91327559509473 0.5047
-6.91333549916579 0.5048
-6.91341577641421 0.5049
-6.91349760370403 0.505
-6.91359808310187 0.5051
-6.91369379764486 0.5052
-6.91378381899966 0.5053
-6.9138959847555 0.5054
-6.91400963398429 0.5055
-6.91413478793797 0.5056
-6.91425372447563 0.5057
-6.9143653817142 0.5058
-6.91445261520683 0.5059
-6.91453674888881 0.506
-6.91462380657798 0.5061
-6.9147018956876 0.5062
-6.91477315714261 0.5063
-6.91486628748779 0.5064
-6.91497202530227 0.5065
-6.91507632493214 0.5066
-6.91517049134191 0.5067
-6.91526741231592 0.5068
-6.91534579847541 0.5069
-6.91541619589598 0.507
-6.9154688606078 0.5071
-6.9154997044919 0.5072
-6.91551562016155 0.5073
-6.91551988226011 0.5074
-6.91551455786122 0.5075
-6.91549240377426 0.5076
-6.91546215672448 0.5077
-6.91541947994265 0.5078
-6.91536557158383 0.5079
-6.91531936094005 0.508
-6.91525658551175 0.5081
-6.91520335268358 0.5082
-6.91515239351948 0.5083
-6.91511879573018 0.5084
-6.91508753744384 0.5085
-6.91504934083829 0.5086
-6.91502940679288 0.5087
-6.91499430099565 0.5088
-6.91495236719129 0.5089
-6.91491726440547 0.509
-6.91489390621023 0.5091
-6.91486627883265 0.5092
-6.91483220396618 0.5093
-6.914792598506 0.5094
-6.91475164288939 0.5095
-6.914686431214 0.5096
-6.91461472690807 0.5097
-6.91453408462056 0.5098
-6.914455900597 0.5099
-6.91438447881175 0.51
-6.91429856100052 0.5101
-6.91421632808759 0.5102
-6.91415439046498 0.5103
-6.91411109281624 0.5104
-6.91407890420377 0.5105
-6.91407010255658 0.5106
-6.91406046094985 0.5107
-6.91403878611557 0.5108
-6.91402212421937 0.5109
-6.9140109059457 0.511
-6.91401392497564 0.5111
-6.91401555736845 0.5112
-6.9140076877699 0.5113
-6.91396848479194 0.5114
-6.9139197547136 0.5115
-6.91386728806982 0.5116
-6.91381668587784 0.5117
-6.9137655929674 0.5118
-6.91370887378869 0.5119
-6.9136487677771 0.512
-6.91357938747914 0.5121
-6.91351732382161 0.5122
-6.91344972319004 0.5123
-6.91338614198144 0.5124
-6.9133306411113 0.5125
-6.91328107811299 0.5126
-6.91321860606417 0.5127
-6.91315496185247 0.5128
-6.91308543526162 0.5129
-6.91301597685805 0.513
-6.91294414540475 0.5131
-6.91286759630887 0.5132
-6.91279385999063 0.5133
-6.91273435529815 0.5134
-6.91268331279907 0.5135
-6.91263816699558 0.5136
-6.91260767332059 0.5137
-6.91257945874134 0.5138
-6.91255058332727 0.5139
-6.91251260672669 0.514
-6.91248821085025 0.5141
-6.91248122723981 0.5142
-6.91247781168082 0.5143
-6.91247317270037 0.5144
-6.91246863350496 0.5145
-6.91246114071418 0.5146
-6.91244562005238 0.5147
-6.9124388146678 0.5148
-6.91243635254562 0.5149
-6.91245277933861 0.515
-6.91248185851294 0.5151
-6.91252287414483 0.5152
-6.91257182282016 0.5153
-6.91264486944141 0.5154
-6.91272887284585 0.5155
-6.91280390707988 0.5156
-6.91288881504972 0.5157
-6.91295830366581 0.5158
-6.91302318806598 0.5159
-6.91308892724841 0.516
-6.91315641060997 0.5161
-6.91322496762567 0.5162
-6.91329001937613 0.5163
-6.91336130031219 0.5164
-6.91338251173561 0.5165
-6.91337865585576 0.5166
-6.91335082614918 0.5167
-6.91329528350995 0.5168
-6.91323072499413 0.5169
-6.91314656391805 0.517
-6.91305813803432 0.5171
-6.91296423933335 0.5172
-6.91283479319764 0.5173
-6.91270657527372 0.5174
-6.91253988287338 0.5175
-6.91236782540917 0.5176
-6.91220978184656 0.5177
-6.91203315447045 0.5178
-6.91187788395787 0.5179
-6.91173545211363 0.518
-6.91160564025917 0.5181
-6.91152183123647 0.5182
-6.91145881316059 0.5183
-6.91142999505839 0.5184
-6.91144041449635 0.5185
-6.91148435582434 0.5186
-6.91154989711994 0.5187
-6.91162433457325 0.5188
-6.91171767970391 0.5189
-6.91183043515927 0.519
-6.91194023709332 0.5191
-6.91206611062163 0.5192
-6.91219684977548 0.5193
-6.91232382048021 0.5194
-6.91243889587116 0.5195
-6.91253592884364 0.5196
-6.91264547646924 0.5197
-6.91273876297847 0.5198
-6.91279212251444 0.5199
-6.91282729515331 0.52
-6.91285678640141 0.5201
-6.91286975648313 0.5202
-6.9128663474747 0.5203
-6.91286074029958 0.5204
-6.91284170007448 0.5205
-6.91281368795162 0.5206
-6.91275866614463 0.5207
-6.91268294719333 0.5208
-6.91258952827508 0.5209
-6.91247013694067 0.521
-6.91233906340954 0.5211
-6.91220186515767 0.5212
-6.91205002550214 0.5213
-6.91189023377259 0.5214
-6.91173846277958 0.5215
-6.91158455489887 0.5216
-6.91141788887333 0.5217
-6.91125568024592 0.5218
-6.91109910872442 0.5219
-6.91094777546702 0.522
-6.91080108065287 0.5221
-6.91062736166152 0.5222
-6.91046318370291 0.5223
-6.91032226790582 0.5224
-6.91020909638996 0.5225
-6.91011712350585 0.5226
-6.9100261197274 0.5227
-6.90995380601153 0.5228
-6.90990112453471 0.5229
-6.90986962361738 0.523
-6.90985714524156 0.5231
-6.90985383768291 0.5232
-6.90987652519553 0.5233
-6.90990641050438 0.5234
-6.90995616047898 0.5235
-6.90999973882468 0.5236
-6.91005030973085 0.5237
-6.91009366522801 0.5238
-6.91013492014802 0.5239
-6.91017769782942 0.524
-6.9102127304188 0.5241
-6.91023883342966 0.5242
-6.9102560058788 0.5243
-6.91024722598554 0.5244
-6.91021585981324 0.5245
-6.91017735796212 0.5246
-6.91016882570847 0.5247
-6.91017725118519 0.5248
-6.91018813667321 0.5249
-6.91021735300933 0.525
-6.91023091007327 0.5251
-6.91024692677359 0.5252
-6.91027987053441 0.5253
-6.91032849676903 0.5254
-6.91037533844096 0.5255
-6.9104250958499 0.5256
-6.91048553132338 0.5257
-6.91054022730758 0.5258
-6.91059576086283 0.5259
-6.9106461397879 0.526
-6.91070123437177 0.5261
-6.91074350513144 0.5262
-6.910786094848 0.5263
-6.91082117198409 0.5264
-6.91084379966778 0.5265
-6.91085393340799 0.5266
-6.91087080821793 0.5267
-6.91088947819785 0.5268
-6.9108948295104 0.5269
-6.91091142832554 0.527
-6.91093033950804 0.5271
-6.91091260258973 0.5272
-6.91089716569125 0.5273
-6.91087449642312 0.5274
-6.91085116279249 0.5275
-6.91081612727537 0.5276
-6.91077853066873 0.5277
-6.91073681503975 0.5278
-6.91069309686992 0.5279
-6.91065754202703 0.528
-6.91064185738554 0.5281
-6.91062309904903 0.5282
-6.91060637341745 0.5283
-6.91060483539873 0.5284
-6.91060745312985 0.5285
-6.91059912613479 0.5286
-6.91060454093441 0.5287
-6.91063133605672 0.5288
-6.91066430121036 0.5289
-6.91068028972279 0.529
-6.91070728055345 0.5291
-6.91073062704081 0.5292
-6.91074460344348 0.5293
-6.910748671739 0.5294
-6.91076603913397 0.5295
-6.91079471433678 0.5296
-6.91080699416962 0.5297
-6.91082717890003 0.5298
-6.91083991542355 0.5299
-6.91085689282268 0.53
-6.91086931706417 0.5301
-6.91087148133592 0.5302
-6.91086495550145 0.5303
-6.91084882225315 0.5304
-6.91081902404155 0.5305
-6.91078194502151 0.5306
-6.91073662850249 0.5307
-6.91068084140608 0.5308
-6.91061555121319 0.5309
-6.91054505203781 0.531
-6.91044416105905 0.5311
-6.91032389294304 0.5312
-6.91019444678889 0.5313
-6.91007505880944 0.5314
-6.9099493823482 0.5315
-6.90982185165349 0.5316
-6.90967210452274 0.5317
-6.90951769185427 0.5318
-6.9093730184597 0.5319
-6.90921961477857 0.532
-6.90908935448684 0.5321
-6.90895212268077 0.5322
-6.90882434754122 0.5323
-6.90870311784497 0.5324
-6.90859076970055 0.5325
-6.90848914483135 0.5326
-6.90840212316012 0.5327
-6.90834334544572 0.5328
-6.90830916285679 0.5329
-6.90828538402114 0.533
-6.90828420048615 0.5331
-6.90831202624858 0.5332
-6.90835472203799 0.5333
-6.90842047952638 0.5334
-6.90850471562064 0.5335
-6.90861277782398 0.5336
-6.90873021798927 0.5337
-6.90884153861899 0.5338
-6.90895373827894 0.5339
-6.90906409483315 0.534
-6.90919665374567 0.5341
-6.90934298063538 0.5342
-6.90948938955221 0.5343
-6.90965139441924 0.5344
-6.90979865854501 0.5345
-6.90994650809304 0.5346
-6.91010123856695 0.5347
-6.91025445174007 0.5348
-6.91039134420858 0.5349
-6.91051785938557 0.535
-6.91060049070231 0.5351
-6.91064285372947 0.5352
-6.91066178762545 0.5353
-6.9106661503984 0.5354
-6.91065159753454 0.5355
-6.9106117188673 0.5356
-6.91055580074469 0.5357
-6.9104590458147 0.5358
-6.9103477248337 0.5359
-6.9102238886549 0.536
-6.91008252008547 0.5361
-6.90993907501097 0.5362
-6.90978606520092 0.5363
-6.90963526557886 0.5364
-6.90949132538054 0.5365
-6.90935693595164 0.5366
-6.90924083263505 0.5367
-6.90914074514207 0.5368
-6.90904920681353 0.5369
-6.90896299217098 0.537
-6.90888541847826 0.5371
-6.90882481442988 0.5372
-6.90879572286917 0.5373
-6.90880130362577 0.5374
-6.9088278038957 0.5375
-6.90887114930033 0.5376
-6.90894279338095 0.5377
-6.90902846016875 0.5378
-6.90914797620417 0.5379
-6.90928617175998 0.538
-6.90943590034037 0.5381
-6.90959873023728 0.5382
-6.90975638310721 0.5383
-6.90990410584973 0.5384
-6.91003463953708 0.5385
-6.91015344701017 0.5386
-6.91026632084141 0.5387
-6.91036978516303 0.5388
-6.91046796972834 0.5389
-6.91055052796654 0.539
-6.91060656793911 0.5391
-6.91063146752258 0.5392
-6.9106399402002 0.5393
-6.9106256439091 0.5394
-6.91059000290182 0.5395
-6.91053402262179 0.5396
-6.91044341402751 0.5397
-6.91033946895514 0.5398
-6.91022344071744 0.5399
-6.9101140137946 0.54
-6.90999216422203 0.5401
-6.90985522869823 0.5402
-6.90970084828474 0.5403
-6.90954364901974 0.5404
-6.90935513372522 0.5405
-6.90916190347316 0.5406
-6.90896810675204 0.5407
-6.90876463916033 0.5408
-6.90857053642845 0.5409
-6.908388072862 0.541
-6.90822189791626 0.5411
-6.90805179151134 0.5412
-6.90790598260616 0.5413
-6.90777922609469 0.5414
-6.90768541842971 0.5415
-6.90759984923302 0.5416
-6.90753833817668 0.5417
-6.90747230016386 0.5418
-6.9074151183596 0.5419
-6.90738490489431 0.542
-6.90736629974756 0.5421
-6.90736624375821 0.5422
-6.90737780745155 0.5423
-6.90739186422552 0.5424
-6.90739059519768 0.5425
-6.90738394862798 0.5426
-6.90739586760254 0.5427
-6.90741760575629 0.5428
-6.90745399354413 0.5429
-6.90748240344074 0.543
-6.90750078951049 0.5431
-6.90750944770118 0.5432
-6.90750816805205 0.5433
-6.90749054977291 0.5434
-6.9074564454747 0.5435
-6.90742240433552 0.5436
-6.90738395225294 0.5437
-6.90733845639625 0.5438
-6.90729983032776 0.5439
-6.9072647535603 0.544
-6.90722437886081 0.5441
-6.90719952385139 0.5442
-6.90716899151962 0.5443
-6.9071157650293 0.5444
-6.90705795462924 0.5445
-6.9070028498401 0.5446
-6.90694537973892 0.5447
-6.90687781331699 0.5448
-6.90679501409199 0.5449
-6.90672031651662 0.545
-6.90664248541897 0.5451
-6.90659292419945 0.5452
-6.90654440679512 0.5453
-6.90649548516167 0.5454
-6.90645711508884 0.5455
-6.90642101951497 0.5456
-6.9063953893415 0.5457
-6.90639902126418 0.5458
-6.90641217418174 0.5459
-6.90644165426567 0.546
-6.90648647838854 0.5461
-6.90655921621687 0.5462
-6.90663393581457 0.5463
-6.90670750814668 0.5464
-6.90678639891282 0.5465
-6.90687688367862 0.5466
-6.90697856985365 0.5467
-6.90710937319328 0.5468
-6.90724993586201 0.5469
-6.9073776237417 0.547
-6.90751997050203 0.5471
-6.90768183054845 0.5472
-6.90782065612157 0.5473
-6.90795267451456 0.5474
-6.90806689107223 0.5475
-6.90816824576299 0.5476
-6.90825758522666 0.5477
-6.90834021712406 0.5478
-6.90838260086835 0.5479
-6.9084052576692 0.548
-6.90843703853549 0.5481
-6.90845791661778 0.5482
-6.90843961872531 0.5483
-6.90842347043379 0.5484
-6.9083898207289 0.5485
-6.90834634012522 0.5486
-6.90828914182675 0.5487
-6.90823572336135 0.5488
-6.90817569499108 0.5489
-6.90813372358254 0.549
-6.90810091414944 0.5491
-6.90808230278612 0.5492
-6.90808388091189 0.5493
-6.90809845184151 0.5494
-6.90810885400892 0.5495
-6.90812014064124 0.5496
-6.90815064610457 0.5497
-6.90817160583635 0.5498
-6.90819229177132 0.5499
-6.90818923398497 0.55
-6.90818370562769 0.5501
-6.90819660721832 0.5502
-6.90819590602176 0.5503
-6.9081819535933 0.5504
-6.90816596853069 0.5505
-6.90815732597715 0.5506
-6.90813645529085 0.5507
-6.90810536437442 0.5508
-6.90805764786444 0.5509
-6.90801569402415 0.551
-6.90799528411785 0.5511
-6.90797220937803 0.5512
-6.90795896658181 0.5513
-6.90797996960076 0.5514
-6.90802133063067 0.5515
-6.90804414137588 0.5516
-6.90808684535849 0.5517
-6.90813600736024 0.5518
-6.90821989471411 0.5519
-6.90831958896968 0.552
-6.9084299389771 0.5521
-6.90855299587523 0.5522
-6.90868781993945 0.5523
-6.90881936469214 0.5524
-6.90893687430142 0.5525
-6.90906421695333 0.5526
-6.90916860737946 0.5527
-6.90925799352202 0.5528
-6.90932606005283 0.5529
-6.90937451306254 0.553
-6.90939612143601 0.5531
-6.90940481352079 0.5532
-6.90936712149612 0.5533
-6.90932578129135 0.5534
-6.90925691973279 0.5535
-6.90915909024581 0.5536
-6.90902862122387 0.5537
-6.90888010957231 0.5538
-6.90872206517488 0.5539
-6.908564207835 0.554
-6.90839893403396 0.5541
-6.90824951721267 0.5542
-6.90810761295777 0.5543
-6.90798505483348 0.5544
-6.90787819836823 0.5545
-6.90777783072616 0.5546
-6.90770480120063 0.5547
-6.90765378420607 0.5548
-6.9076243449854 0.5549
-6.90760893768575 0.555
-6.90761546374493 0.5551
-6.90764349302978 0.5552
-6.90768903527791 0.5553
-6.90775900882451 0.5554
-6.9078471320224 0.5555
-6.90794130430901 0.5556
-6.90805207616796 0.5557
-6.9081630419748 0.5558
-6.90828546935289 0.5559
-6.90844249299208 0.556
-6.90860411690992 0.5561
-6.90877325663404 0.5562
-6.90894998424617 0.5563
-6.90910471888042 0.5564
-6.90922729640977 0.5565
-6.90933780987582 0.5566
-6.9094560332071 0.5567
-6.90954257816867 0.5568
-6.90960750027178 0.5569
-6.90965389610812 0.557
-6.90969072966039 0.5571
-6.90972303149835 0.5572
-6.9097216815966 0.5573
-6.90970960938984 0.5574
-6.90969346703371 0.5575
-6.90966243989922 0.5576
-6.9096320168586 0.5577
-6.90957715664617 0.5578
-6.90953958542698 0.5579
-6.9094953736785 0.558
-6.90943562415078 0.5581
-6.90936478606031 0.5582
-6.90930437467971 0.5583
-6.90923316048563 0.5584
-6.90915273450449 0.5585
-6.90905524533818 0.5586
-6.90897541571174 0.5587
-6.90889260159075 0.5588
-6.90880204029459 0.5589
-6.90870389658705 0.559
-6.90862707426894 0.5591
-6.9085555298572 0.5592
-6.90848431475085 0.5593
-6.9084408212735 0.5594
-6.90840167057318 0.5595
-6.90836035780727 0.5596
-6.90833418255299 0.5597
-6.90832224445337 0.5598
-6.90832216625689 0.5599
-6.90832525172966 0.56
-6.90834678163036 0.5601
-6.90836890089654 0.5602
-6.90839933080726 0.5603
-6.90842100031212 0.5604
-6.90844396624969 0.5605
-6.90847489306066 0.5606
-6.90849516407024 0.5607
-6.90850820302779 0.5608
-6.9085241397106 0.5609
-6.90854808219438 0.561
-6.9085727229414 0.5611
-6.90859962362649 0.5612
-6.90864158137717 0.5613
-6.90868100423801 0.5614
-6.90870888661803 0.5615
-6.90872096471701 0.5616
-6.90871366021061 0.5617
-6.90869243083535 0.5618
-6.90864833772207 0.5619
-6.90861324815977 0.562
-6.90858426012118 0.5621
-6.90853219032674 0.5622
-6.90849733918393 0.5623
-6.90845665137092 0.5624
-6.90840337978463 0.5625
-6.90834051292787 0.5626
-6.90828289707297 0.5627
-6.9082136012436 0.5628
-6.90814697641466 0.5629
-6.90806954289487 0.563
-6.90798920441572 0.5631
-6.90790343862977 0.5632
-6.90781861169911 0.5633
-6.90774284192659 0.5634
-6.90767595979707 0.5635
-6.90763577938832 0.5636
-6.90758211275484 0.5637
-6.90752757784622 0.5638
-6.90746847532665 0.5639
-6.90741226069529 0.564
-6.9073557251056 0.5641
-6.90729200003035 0.5642
-6.90721855743144 0.5643
-6.90713994858066 0.5644
-6.90706930299878 0.5645
-6.90699468145262 0.5646
-6.90691624727688 0.5647
-6.90683659334936 0.5648
-6.90676274940073 0.5649
-6.90670222984368 0.565
-6.90664689836978 0.5651
-6.90659303670796 0.5652
-6.90655523897926 0.5653
-6.90652013300327 0.5654
-6.90650582115479 0.5655
-6.9064975823505 0.5656
-6.90648546790113 0.5657
-6.90649666940685 0.5658
-6.90651058817732 0.5659
-6.90654233857502 0.566
-6.9065793006061 0.5661
-6.9066169537649 0.5662
-6.90665043252794 0.5663
-6.90667206991416 0.5664
-6.90668309527374 0.5665
-6.90669635655481 0.5666
-6.90670061738472 0.5667
-6.9066968843815 0.5668
-6.90667572236577 0.5669
-6.90664106707654 0.567
-6.90659186228722 0.5671
-6.90654473012331 0.5672
-6.90648781817887 0.5673
-6.90641625346997 0.5674
-6.90634102314642 0.5675
-6.90626219834473 0.5676
-6.90620888975409 0.5677
-6.90613139593331 0.5678
-6.90605981612304 0.5679
-6.90599345055327 0.568
-6.90594922241577 0.5681
-6.90592170715145 0.5682
-6.90590306011616 0.5683
-6.90588313647251 0.5684
-6.90585780735866 0.5685
-6.90583327962756 0.5686
-6.90580317373958 0.5687
-6.90579193916328 0.5688
-6.90576797458463 0.5689
-6.90574374885698 0.569
-6.90572069602809 0.5691
-6.90570921382847 0.5692
-6.90570881329826 0.5693
-6.90571949737432 0.5694
-6.90574918505636 0.5695
-6.90579414378337 0.5696
-6.90584769179519 0.5697
-6.90591042810202 0.5698
-6.90598923411229 0.5699
-6.90605975360699 0.57
-6.90613344916944 0.5701
-6.90621189736291 0.5702
-6.90628520989145 0.5703
-6.9063761747332 0.5704
-6.90649450861177 0.5705
-6.90660172851253 0.5706
-6.90670120337971 0.5707
-6.90677005172738 0.5708
-6.90682877720164 0.5709
-6.90688958392675 0.571
-6.90693905179943 0.5711
-6.90697962752983 0.5712
-6.90698795283646 0.5713
-6.90699077316303 0.5714
-6.9069730562802 0.5715
-6.90694561204383 0.5716
-6.90690305383754 0.5717
-6.90685778171225 0.5718
-6.90681108602887 0.5719
-6.90675154590843 0.572
-6.90669190118967 0.5721
-6.90662078829039 0.5722
-6.90652579344455 0.5723
-6.906443164552 0.5724
-6.90635326659412 0.5725
-6.90626367240201 0.5726
-6.90615701103399 0.5727
-6.90606410719597 0.5728
-6.90598135782778 0.5729
-6.90589200666247 0.573
-6.90578889752061 0.5731
-6.90567639529204 0.5732
-6.90556100948224 0.5733
-6.90542542700333 0.5734
-6.90527906488991 0.5735
-6.90510473772059 0.5736
-6.90491563244686 0.5737
-6.90471272313479 0.5738
-6.90449613664273 0.5739
-6.90427511315723 0.574
-6.90404576333616 0.5741
-6.90382422820781 0.5742
-6.90361764612643 0.5743
-6.90341275054646 0.5744
-6.90320968494731 0.5745
-6.90301372211335 0.5746
-6.90282369607057 0.5747
-6.90262682047033 0.5748
-6.90245530743927 0.5749
-6.90231248695496 0.575
-6.90218148560465 0.5751
-6.90205964896741 0.5752
-6.90195529490097 0.5753
-6.90187184830616 0.5754
-6.90182384734874 0.5755
-6.90180721644998 0.5756
-6.90180855795097 0.5757
-6.90184131519736 0.5758
-6.90187416958567 0.5759
-6.90191177420316 0.576
-6.90197397107853 0.5761
-6.90206341993057 0.5762
-6.90215761331702 0.5763
-6.9022641690456 0.5764
-6.9023947937073 0.5765
-6.90253444571106 0.5766
-6.90267675086752 0.5767
-6.90280769370291 0.5768
-6.90294337551026 0.5769
-6.90306469511569 0.577
-6.90319224723167 0.5771
-6.90329619079911 0.5772
-6.90337551620123 0.5773
-6.9034342098917 0.5774
-6.90348120855001 0.5775
-6.90350894477481 0.5776
-6.90353683531677 0.5777
-6.90357196532788 0.5778
-6.90358452207427 0.5779
-6.90360246729464 0.578
-6.90363483201225 0.5781
-6.90364389025879 0.5782
-6.90365219527107 0.5783
-6.9036418149304 0.5784
-6.90363720664376 0.5785
-6.90364057006779 0.5786
-6.90365587545797 0.5787
-6.90368656896468 0.5788
-6.9037129677654 0.5789
-6.90372849171382 0.579
-6.9037687700366 0.5791
-6.90381821240336 0.5792
-6.90387376325959 0.5793
-6.90392448421937 0.5794
-6.90398661620285 0.5795
-6.90405222385042 0.5796
-6.90413093613261 0.5797
-6.90421149720443 0.5798
-6.90429751398049 0.5799
-6.90438341300239 0.58
-6.90446826781619 0.5801
-6.90455379960405 0.5802
-6.90463015293875 0.5803
-6.90468676152439 0.5804
-6.90473386951979 0.5805
-6.90479745560955 0.5806
-6.904863723584 0.5807
-6.90492757395182 0.5808
-6.90500272847179 0.5809
-6.9050654921345 0.581
-6.90511506320431 0.5811
-6.9051529524383 0.5812
-6.90516491362402 0.5813
-6.90516837849133 0.5814
-6.90515610898329 0.5815
-6.90512010968907 0.5816
-6.90508919325134 0.5817
-6.90506826887513 0.5818
-6.90504242109988 0.5819
-6.9050264208987 0.582
-6.90498639202977 0.5821
-6.90493524404933 0.5822
-6.90486969302798 0.5823
-6.90479316035102 0.5824
-6.90470400519819 0.5825
-6.90461359151405 0.5826
-6.9045191573741 0.5827
-6.90441094904185 0.5828
-6.90430314745082 0.5829
-6.90420613030566 0.583
-6.90411133010047 0.5831
-6.90401736421573 0.5832
-6.90392791134935 0.5833
-6.9038447970004 0.5834
-6.90375460707154 0.5835
-6.90366231351032 0.5836
-6.90357561377411 0.5837
-6.90350299859778 0.5838
-6.9034417543395 0.5839
-6.90339461303955 0.584
-6.90335374148407 0.5841
-6.90333908860359 0.5842
-6.90332625058243 0.5843
-6.90330276293334 0.5844
-6.90328238302797 0.5845
-6.90326676716287 0.5846
-6.90326143499085 0.5847
-6.90326584351156 0.5848
-6.90327612236863 0.5849
-6.90329493887 0.585
-6.90330459049887 0.5851
-6.90332001202143 0.5852
-6.90334930816134 0.5853
-6.90336931114674 0.5854
-6.90340023796577 0.5855
-6.90345312653143 0.5856
-6.90351742855797 0.5857
-6.90358539437212 0.5858
-6.90365237707066 0.5859
-6.90372391289314 0.586
-6.90379225255944 0.5861
-6.90384969550613 0.5862
-6.90391822289293 0.5863
-6.90398545068537 0.5864
-6.90403718227737 0.5865
-6.90410028642374 0.5866
-6.9041474020036 0.5867
-6.90420105457811 0.5868
-6.9042402081811 0.5869
-6.9042784376926 0.587
-6.90432743526656 0.5871
-6.9043929216119 0.5872
-6.90443925956956 0.5873
-6.90445253571982 0.5874
-6.90446442886379 0.5875
-6.90446776089348 0.5876
-6.90446894240191 0.5877
-6.90447938773511 0.5878
-6.90447599010898 0.5879
-6.90446052530304 0.588
-6.90445837235088 0.5881
-6.90445056541558 0.5882
-6.90446601214674 0.5883
-6.90448496048186 0.5884
-6.90450652641578 0.5885
-6.90453752331372 0.5886
-6.90455545241913 0.5887
-6.90457306470898 0.5888
-6.90457877989234 0.5889
-6.90458255458138 0.589
-6.90457415788953 0.5891
-6.90455804644657 0.5892
-6.90452551891694 0.5893
-6.90451324771291 0.5894
-6.9045032261399 0.5895
-6.90449812954315 0.5896
-6.904510850254 0.5897
-6.90450988047779 0.5898
-6.9045021435775 0.5899
-6.90448934359493 0.59
-6.90446725024891 0.5901
-6.90444935177274 0.5902
-6.90443791436325 0.5903
-6.90441817151703 0.5904
-6.9044065209724 0.5905
-6.90439558081029 0.5906
-6.90438379395009 0.5907
-6.90437784232235 0.5908
-6.90436638126098 0.5909
-6.90432536434122 0.591
-6.90427998457301 0.5911
-6.9042431522337 0.5912
-6.90421123272133 0.5913
-6.90419105310171 0.5914
-6.90417579406079 0.5915
-6.90416175637883 0.5916
-6.90415149907938 0.5917
-6.9041432476427 0.5918
-6.9041481713707 0.5919
-6.90415175448773 0.592
-6.90415051295271 0.5921
-6.90416255973543 0.5922
-6.90415895442414 0.5923
-6.90413657246188 0.5924
-6.90410947611452 0.5925
-6.9040944174553 0.5926
-6.90408009555261 0.5927
-6.90406806823757 0.5928
-6.90405340833822 0.5929
-6.90403196339443 0.593
-6.90402075974804 0.5931
-6.90402584563945 0.5932
-6.90403135795296 0.5933
-6.90405048487069 0.5934
-6.90406146663822 0.5935
-6.90409590301009 0.5936
-6.90412410533198 0.5937
-6.90412602026268 0.5938
-6.90414909218346 0.5939
-6.90417462195812 0.594
-6.90420714279246 0.5941
-6.90424778604567 0.5942
-6.90426840466681 0.5943
-6.904282026558 0.5944
-6.90428908355209 0.5945
-6.90426071511208 0.5946
-6.90421591528069 0.5947
-6.90415358121207 0.5948
-6.90406465062359 0.5949
-6.90396378581558 0.595
-6.90387340440329 0.5951
-6.9037818483075 0.5952
-6.9036717159486 0.5953
-6.90353837911039 0.5954
-6.90338730464775 0.5955
-6.9032210539189 0.5956
-6.90304835654766 0.5957
-6.90287354045013 0.5958
-6.90271858852123 0.5959
-6.90256402943284 0.596
-6.90242060544491 0.5961
-6.90228764483421 0.5962
-6.90218176732603 0.5963
-6.90208775890181 0.5964
-6.90201986922511 0.5965
-6.90196388790704 0.5966
-6.90190427872978 0.5967
-6.90185580215967 0.5968
-6.90183034801413 0.5969
-6.90183107088086 0.597
-6.90184553623152 0.5971
-6.90188605887456 0.5972
-6.90193784852117 0.5973
-6.90200461604042 0.5974
-6.90208037105432 0.5975
-6.90214671948752 0.5976
-6.90225125008623 0.5977
-6.90237528521722 0.5978
-6.90252523062438 0.5979
-6.9026701056828 0.598
-6.90281899083364 0.5981
-6.90295342864655 0.5982
-6.90309482784836 0.5983
-6.90321498086679 0.5984
-6.90332475192165 0.5985
-6.903414542468 0.5986
-6.90347901006086 0.5987
-6.90353201789427 0.5988
-6.90356482223778 0.5989
-6.90357489805907 0.599
-6.90358249657711 0.5991
-6.90356056340809 0.5992
-6.90349963023743 0.5993
-6.90340561562657 0.5994
-6.90330336846116 0.5995
-6.90319655998547 0.5996
-6.90307749076118 0.5997
-6.90295733575906 0.5998
-6.90283178260376 0.5999
-6.90270616895771 0.6
-6.90256948254286 0.6001
-6.90245385205169 0.6002
-6.90234037353193 0.6003
-6.90222692796366 0.6004
-6.90212537546839 0.6005
-6.90204892499694 0.6006
-6.90196819733948 0.6007
-6.90188129097793 0.6008
-6.90180199540821 0.6009
-6.90172651443986 0.601
-6.90166369445347 0.6011
-6.90161979812602 0.6012
-6.90159026506292 0.6013
-6.90159232696475 0.6014
-6.90162607176453 0.6015
-6.90167571008098 0.6016
-6.90171415498001 0.6017
-6.90175739056968 0.6018
-6.90181049709419 0.6019
-6.90187165347007 0.602
-6.90192098361277 0.6021
-6.90197440371715 0.6022
-6.90201756600631 0.6023
-6.9020611788228 0.6024
-6.90209672111384 0.6025
-6.9021207075502 0.6026
-6.90211371096422 0.6027
-6.9021110281827 0.6028
-6.90207759668634 0.6029
-6.9020007374148 0.603
-6.90191768463065 0.6031
-6.90182156670014 0.6032
-6.90172124449976 0.6033
-6.90161020938416 0.6034
-6.9015131136352 0.6035
-6.90142685731937 0.6036
-6.90134945447666 0.6037
-6.9012680729658 0.6038
-6.90120797957852 0.6039
-6.90117616107832 0.604
-6.90115142440066 0.6041
-6.90114790399669 0.6042
-6.90115174372659 0.6043
-6.90117363189737 0.6044
-6.90119150346318 0.6045
-6.90121446795949 0.6046
-6.90125421497432 0.6047
-6.90130375387702 0.6048
-6.90138301190914 0.6049
-6.90146797364775 0.605
-6.90154204897531 0.6051
-6.90161538248563 0.6052
-6.90170228451867 0.6053
-6.90174519049406 0.6054
-6.90177146111484 0.6055
-6.90180572822457 0.6056
-6.90183842172665 0.6057
-6.90184849143466 0.6058
-6.90185866411405 0.6059
-6.90184667041501 0.606
-6.90183389846929 0.6061
-6.90181242970528 0.6062
-6.90177130070593 0.6063
-6.90170376330348 0.6064
-6.90161129151673 0.6065
-6.90151898251784 0.6066
-6.90141544400406 0.6067
-6.90131275631224 0.6068
-6.90119390352949 0.6069
-6.90108198475732 0.607
-6.90095811370217 0.6071
-6.9008417237719 0.6072
-6.90074207522465 0.6073
-6.90063967391249 0.6074
-6.90053038660328 0.6075
-6.90044327674871 0.6076
-6.90036817505134 0.6077
-6.90030696233638 0.6078
-6.90025404858566 0.6079
-6.90020332655879 0.608
-6.90018013396736 0.6081
-6.90018117941406 0.6082
-6.90018940230237 0.6083
-6.90020483063747 0.6084
-6.90021786109179 0.6085
-6.90022649117106 0.6086
-6.90025384813556 0.6087
-6.90027737347475 0.6088
-6.9003107163148 0.6089
-6.9002940315915 0.609
-6.90026902463887 0.6091
-6.90024661115166 0.6092
-6.90019875178458 0.6093
-6.90013917846558 0.6094
-6.90005703973772 0.6095
-6.89996785237574 0.6096
-6.89987845999915 0.6097
-6.89978146386258 0.6098
-6.89966619455608 0.6099
-6.89953083618634 0.61
-6.89940745436624 0.6101
-6.89928228439593 0.6102
-6.89915589059266 0.6103
-6.8990545862302 0.6104
-6.89896141010377 0.6105
-6.8988738583507 0.6106
-6.89881181104706 0.6107
-6.89878082671491 0.6108
-6.89878295084779 0.6109
-6.89878516804976 0.611
-6.89880713266682 0.6111
-6.89887103169283 0.6112
-6.89895323995525 0.6113
-6.89901987815642 0.6114
-6.89910119903213 0.6115
-6.89919561210723 0.6116
-6.89928765372889 0.6117
-6.89938778836158 0.6118
-6.89950341142525 0.6119
-6.89961552547849 0.612
-6.89972091943702 0.6121
-6.89981460791147 0.6122
-6.89988875860201 0.6123
-6.8999257579945 0.6124
-6.89995314177647 0.6125
-6.8999738711588 0.6126
-6.89999161113473 0.6127
-6.90001807204015 0.6128
-6.90005524005174 0.6129
-6.90010795823469 0.613
-6.90013918360549 0.6131
-6.90015342908446 0.6132
-6.9001636703081 0.6133
-6.90017567448418 0.6134
-6.90017636200187 0.6135
-6.90019177522889 0.6136
-6.90021307279433 0.6137
-6.90024922264614 0.6138
-6.90026578202867 0.6139
-6.90029340679557 0.614
-6.90033199932432 0.6141
-6.90037053361318 0.6142
-6.90041088506339 0.6143
-6.90044953067194 0.6144
-6.90047861600078 0.6145
-6.90049956024958 0.6146
-6.90052748106065 0.6147
-6.90054698315063 0.6148
-6.90056565380627 0.6149
-6.90061347339369 0.615
-6.90067370937415 0.6151
-6.90071535537716 0.6152
-6.90075253980189 0.6153
-6.90078506489656 0.6154
-6.90080088667392 0.6155
-6.90081630171648 0.6156
-6.90084108686576 0.6157
-6.9008475334484 0.6158
-6.90082893457419 0.6159
-6.90079311716062 0.616
-6.90076386934359 0.6161
-6.90072576463098 0.6162
-6.9006852204396 0.6163
-6.90063983267059 0.6164
-6.9005885942024 0.6165
-6.90052323165649 0.6166
-6.90044706505489 0.6167
-6.90037093341675 0.6168
-6.90029644120075 0.6169
-6.90021930140168 0.617
-6.90015223120977 0.6171
-6.9000911914197 0.6172
-6.90002025939135 0.6173
-6.89994530519747 0.6174
-6.89988431133531 0.6175
-6.89982588865649 0.6176
-6.89978088310767 0.6177
-6.89974658691894 0.6178
-6.89971760709773 0.6179
-6.89971137074411 0.618
-6.89971640111478 0.6181
-6.89972868004136 0.6182
-6.89973750489617 0.6183
-6.89973932560979 0.6184
-6.89973459460141 0.6185
-6.89972651731006 0.6186
-6.8997134621105 0.6187
-6.89970095230666 0.6188
-6.89969018399615 0.6189
-6.89968483385453 0.619
-6.8996654679922 0.6191
-6.89964333745495 0.6192
-6.89963000149433 0.6193
-6.89960767808248 0.6194
-6.89956374106166 0.6195
-6.89949983582795 0.6196
-6.89943961136983 0.6197
-6.89936424958034 0.6198
-6.89926696070152 0.6199
-6.89913441122093 0.62
-6.8989934098305 0.6201
-6.89885127172315 0.6202
-6.89871422151937 0.6203
-6.89860304879847 0.6204
-6.89851061774682 0.6205
-6.89842636083189 0.6206
-6.89834851603785 0.6207
-6.89826936416787 0.6208
-6.89818828509045 0.6209
-6.89811660739349 0.621
-6.89805381550456 0.6211
-6.89801302880633 0.6212
-6.89800350264558 0.6213
-6.8980064489258 0.6214
-6.89803233483757 0.6215
-6.89808288765842 0.6216
-6.89814116312884 0.6217
-6.89820820983379 0.6218
-6.89828389018975 0.6219
-6.89837989817969 0.622
-6.89848569685543 0.6221
-6.89858036189829 0.6222
-6.8986408910453 0.6223
-6.89869985736585 0.6224
-6.89873254997513 0.6225
-6.89878076014205 0.6226
-6.89884797631431 0.6227
-6.89893255712182 0.6228
-6.89899731441186 0.6229
-6.89902914768837 0.623
-6.89903676426401 0.6231
-6.89905608002873 0.6232
-6.89905251619947 0.6233
-6.89905754085699 0.6234
-6.89906458517211 0.6235
-6.8990708754206 0.6236
-6.89906811053063 0.6237
-6.89906936176919 0.6238
-6.89908473592297 0.6239
-6.89911074478465 0.624
-6.89913985432381 0.6241
-6.89917472226131 0.6242
-6.89922075263255 0.6243
-6.89927503282774 0.6244
-6.89932191498567 0.6245
-6.89938687191952 0.6246
-6.89945591407799 0.6247
-6.89953419958265 0.6248
-6.89960576737027 0.6249
-6.89968644967181 0.625
-6.89978122138447 0.6251
-6.89985327874561 0.6252
-6.89989998215086 0.6253
-6.89991883221624 0.6254
-6.89990758861873 0.6255
-6.89988987319217 0.6256
-6.89985085256751 0.6257
-6.8998096461952 0.6258
-6.8997499676046 0.6259
-6.8996665738861 0.626
-6.89959152195285 0.6261
-6.89950076134687 0.6262
-6.89941456316668 0.6263
-6.89935019986268 0.6264
-6.89930594261252 0.6265
-6.89927189055635 0.6266
-6.89923992947857 0.6267
-6.89921096333145 0.6268
-6.89920009125202 0.6269
-6.89918101379536 0.627
-6.89915606093602 0.6271
-6.89914031730707 0.6272
-6.89911649747091 0.6273
-6.89912216114661 0.6274
-6.8991409801545 0.6275
-6.89917029132967 0.6276
-6.8992031926673 0.6277
-6.89923083759151 0.6278
-6.89928626875435 0.6279
-6.89935181765636 0.628
-6.89942525074543 0.6281
-6.89949595404358 0.6282
-6.89956773320632 0.6283
-6.89963922794361 0.6284
-6.89969378810243 0.6285
-6.89974062052157 0.6286
-6.89978366561643 0.6287
-6.89982083442217 0.6288
-6.89984386487621 0.6289
-6.89985693416202 0.629
-6.89987416041762 0.6291
-6.89989415833289 0.6292
-6.8998893527299 0.6293
-6.89988453479302 0.6294
-6.89987862561259 0.6295
-6.89985232611411 0.6296
-6.89980995073568 0.6297
-6.899761906121 0.6298
-6.89970335991969 0.6299
-6.89966797403539 0.63
-6.89962658330232 0.6301
-6.89957990655963 0.6302
-6.89950851344884 0.6303
-6.89942923130274 0.6304
-6.89936305549364 0.6305
-6.89931446472114 0.6306
-6.89924119190975 0.6307
-6.89916650075443 0.6308
-6.89908358572818 0.6309
-6.89898368890239 0.631
-6.89891220430409 0.6311
-6.89884953967124 0.6312
-6.89879537715917 0.6313
-6.89875545521985 0.6314
-6.8987393134402 0.6315
-6.89871488008357 0.6316
-6.89867772233198 0.6317
-6.89864383621222 0.6318
-6.89862554104916 0.6319
-6.89861101255809 0.632
-6.8985820419598 0.6321
-6.89855949725495 0.6322
-6.89851978973417 0.6323
-6.89846245431082 0.6324
-6.89838673458668 0.6325
-6.8983214595304 0.6326
-6.89826337996573 0.6327
-6.89820896451034 0.6328
-6.89815137221856 0.6329
-6.89808749596101 0.633
-6.89803983975752 0.6331
-6.89799395698944 0.6332
-6.89795985669578 0.6333
-6.89793290110886 0.6334
-6.89792669992553 0.6335
-6.89794202596105 0.6336
-6.89797178599509 0.6337
-6.89801033253751 0.6338
-6.89805838267006 0.6339
-6.89811701419712 0.634
-6.89818556317769 0.6341
-6.89826996115533 0.6342
-6.89836402204422 0.6343
-6.89845285801314 0.6344
-6.8985355290501 0.6345
-6.89863273857727 0.6346
-6.8987233637073 0.6347
-6.89881753668476 0.6348
-6.89892304405008 0.6349
-6.8990180261008 0.635
-6.89911860105788 0.6351
-6.89922318306657 0.6352
-6.89933236954574 0.6353
-6.89942072689798 0.6354
-6.89950986329868 0.6355
-6.8996032561639 0.6356
-6.89969260798377 0.6357
-6.89977252009907 0.6358
-6.8998515146405 0.6359
-6.89991953889844 0.636
-6.8999697376388 0.6361
-6.90000172321247 0.6362
-6.9000209151409 0.6363
-6.90001656621756 0.6364
-6.89998504462179 0.6365
-6.89993919565187 0.6366
-6.89988464719593 0.6367
-6.89982899825665 0.6368
-6.89974700383866 0.6369
-6.89967206535188 0.637
-6.89959511526199 0.6371
-6.89954305180441 0.6372
-6.89948378772228 0.6373
-6.89941984623575 0.6374
-6.89936381604759 0.6375
-6.89931470308627 0.6376
-6.89925522509148 0.6377
-6.89919465152717 0.6378
-6.89913274185347 0.6379
-6.89909017100003 0.638
-6.8990533778365 0.6381
-6.89900520261151 0.6382
-6.89894009626478 0.6383
-6.89886773538726 0.6384
-6.89879096731984 0.6385
-6.89871391054603 0.6386
-6.89863661610718 0.6387
-6.89856473077995 0.6388
-6.89849119452522 0.6389
-6.89843307804316 0.639
-6.89836613573272 0.6391
-6.89830229533291 0.6392
-6.8982630270801 0.6393
-6.89821223258969 0.6394
-6.89818051488558 0.6395
-6.898154573341 0.6396
-6.89813733319367 0.6397
-6.89813041307562 0.6398
-6.89812996247617 0.6399
-6.89813445270121 0.64
-6.89816127017681 0.6401
-6.89820993168567 0.6402
-6.89825372271098 0.6403
-6.89830204425208 0.6404
-6.8983799821327 0.6405
-6.89846757793155 0.6406
-6.89855599569554 0.6407
-6.89863826674054 0.6408
-6.89872759232563 0.6409
-6.89879763026047 0.641
-6.89885902636005 0.6411
-6.89890405881148 0.6412
-6.8989403934372 0.6413
-6.89897105228046 0.6414
-6.89898487495096 0.6415
-6.89899755981245 0.6416
-6.89901331969422 0.6417
-6.89901576017239 0.6418
-6.89901922528153 0.6419
-6.89902997948871 0.642
-6.89903073968972 0.6421
-6.89903758808897 0.6422
-6.89904602596737 0.6423
-6.89906671286387 0.6424
-6.89910552562948 0.6425
-6.8991422236328 0.6426
-6.89917614402159 0.6427
-6.89922444600491 0.6428
-6.89925753226537 0.6429
-6.89926291790964 0.643
-6.89926880142656 0.6431
-6.8992515517512 0.6432
-6.89922186885911 0.6433
-6.89918347697855 0.6434
-6.89912663634922 0.6435
-6.89903867028127 0.6436
-6.89894091602193 0.6437
-6.89884033633571 0.6438
-6.89873462467459 0.6439
-6.89861893520029 0.644
-6.89849599407429 0.6441
-6.89839105496937 0.6442
-6.89827189226315 0.6443
-6.89816921116103 0.6444
-6.89807864931433 0.6445
-6.89799776526146 0.6446
-6.89793899506712 0.6447
-6.8978819878586 0.6448
-6.89782096804246 0.6449
-6.89777885937468 0.645
-6.89774109746294 0.6451
-6.89771284278913 0.6452
-6.89767871722244 0.6453
-6.89764517279682 0.6454
-6.89762448641237 0.6455
-6.89758592805954 0.6456
-6.897552455168 0.6457
-6.89753781250311 0.6458
-6.89752951601913 0.6459
-6.8975274401494 0.646
-6.89753448292801 0.6461
-6.89757783607712 0.6462
-6.89761912881608 0.6463
-6.89767054654042 0.6464
-6.89772862705419 0.6465
-6.89780524111885 0.6466
-6.89788229604527 0.6467
-6.8979386217816 0.6468
-6.89798068704447 0.6469
-6.89800494559801 0.647
-6.8980414818872 0.6471
-6.89805726661221 0.6472
-6.89805026106449 0.6473
-6.89805141948614 0.6474
-6.89805614628302 0.6475
-6.89805310715015 0.6476
-6.89803964279417 0.6477
-6.89801523766954 0.6478
-6.89797285076123 0.6479
-6.89792482871912 0.648
-6.89787009363763 0.6481
-6.89779737254844 0.6482
-6.89772690043651 0.6483
-6.89763457880957 0.6484
-6.89754001652966 0.6485
-6.8974222568572 0.6486
-6.89730992925331 0.6487
-6.89719375450125 0.6488
-6.89708274673714 0.6489
-6.89698602623546 0.649
-6.89689526867403 0.6491
-6.89682400663223 0.6492
-6.89677209739687 0.6493
-6.89673645965323 0.6494
-6.89670970514055 0.6495
-6.89667310792409 0.6496
-6.89663968235948 0.6497
-6.8966198715312 0.6498
-6.89661108868248 0.6499
-6.89662609431711 0.65
-6.8966538283959 0.6501
-6.89667548507806 0.6502
-6.89670548180913 0.6503
-6.89672089064997 0.6504
-6.89675586827317 0.6505
-6.89681171510521 0.6506
-6.89688688792107 0.6507
-6.89695721040433 0.6508
-6.89706337355327 0.6509
-6.89716891273097 0.651
-6.89729109603501 0.6511
-6.89740119036579 0.6512
-6.89750396796771 0.6513
-6.89760083662927 0.6514
-6.89770679771151 0.6515
-6.89779411262434 0.6516
-6.89788121251217 0.6517
-6.89793978146251 0.6518
-6.89800829545931 0.6519
-6.89809487128 0.652
-6.89817215222217 0.6521
-6.89823021678293 0.6522
-6.89828528081828 0.6523
-6.89830753275896 0.6524
-6.89829320866251 0.6525
-6.89826924811615 0.6526
-6.89822646743405 0.6527
-6.89815560561629 0.6528
-6.89805049073097 0.6529
-6.89793636729638 0.653
-6.8978197811015 0.6531
-6.89768825710184 0.6532
-6.89754612553919 0.6533
-6.89742349280633 0.6534
-6.89729178207685 0.6535
-6.8971569450412 0.6536
-6.89703186376408 0.6537
-6.89690341202113 0.6538
-6.89674474466783 0.6539
-6.89659380044895 0.654
-6.89641845105318 0.6541
-6.89625289534322 0.6542
-6.89608265154828 0.6543
-6.89590398157915 0.6544
-6.8957364985787 0.6545
-6.89557296848007 0.6546
-6.89543499853219 0.6547
-6.89532612097113 0.6548
-6.8952278136195 0.6549
-6.8951315463427 0.655
-6.89505829576644 0.6551
-6.89499261611327 0.6552
-6.8949367313515 0.6553
-6.89488217896812 0.6554
-6.89485129812827 0.6555
-6.89485219766169 0.6556
-6.89486242470809 0.6557
-6.89488313043944 0.6558
-6.89492417367491 0.6559
-6.89497836947368 0.656
-6.8950643874373 0.6561
-6.89516129837706 0.6562
-6.89526698155795 0.6563
-6.89538216854487 0.6564
-6.89552425092996 0.6565
-6.89565499623772 0.6566
-6.89578343599675 0.6567
-6.89592304060333 0.6568
-6.89606844655872 0.6569
-6.89620527685401 0.657
-6.89635221689531 0.6571
-6.89648952276025 0.6572
-6.89658781806959 0.6573
-6.89665659611147 0.6574
-6.89670953669813 0.6575
-6.89674588058683 0.6576
-6.8967630723254 0.6577
-6.89676354997932 0.6578
-6.89671563284688 0.6579
-6.89665089678809 0.658
-6.89655915764556 0.6581
-6.89644507471572 0.6582
-6.89633982740292 0.6583
-6.89621117139621 0.6584
-6.8960550135394 0.6585
-6.89589328472834 0.6586
-6.89572043708027 0.6587
-6.89554775915714 0.6588
-6.89536714094391 0.6589
-6.89518887924469 0.659
-6.89500964893196 0.6591
-6.89482819973034 0.6592
-6.89466587280197 0.6593
-6.89451760740389 0.6594
-6.89438140198719 0.6595
-6.89426883268951 0.6596
-6.8941431874079 0.6597
-6.89401025574164 0.6598
-6.89387384927771 0.6599
-6.89375304173352 0.66
-6.89363358028366 0.6601
-6.89353072484722 0.6602
-6.89344222591883 0.6603
-6.89337562236773 0.6604
-6.89332605674718 0.6605
-6.89329318402982 0.6606
-6.89327906789508 0.6607
-6.89327646819788 0.6608
-6.89328646566012 0.6609
-6.89329088419844 0.661
-6.89329477861793 0.6611
-6.89332385276266 0.6612
-6.89335640424568 0.6613
-6.89343234478666 0.6614
-6.89352365722136 0.6615
-6.89361475644679 0.6616
-6.89370997420341 0.6617
-6.89381588740455 0.6618
-6.89393757255252 0.6619
-6.8940232958176 0.662
-6.89411376506366 0.6621
-6.8941949851438 0.6622
-6.89426944374904 0.6623
-6.89433032349249 0.6624
-6.89436631422136 0.6625
-6.89438029533893 0.6626
-6.89439853279283 0.6627
-6.89441512326693 0.6628
-6.89442646656622 0.6629
-6.89445196270592 0.663
-6.89446940828021 0.6631
-6.89448116459583 0.6632
-6.89448849058023 0.6633
-6.89450313325798 0.6634
-6.89453928337381 0.6635
-6.89458599350883 0.6636
-6.89463841988934 0.6637
-6.89470051236386 0.6638
-6.89480810292801 0.6639
-6.89490666194733 0.664
-6.89502546645498 0.6641
-6.89516310977921 0.6642
-6.89529435115631 0.6643
-6.89544023352989 0.6644
-6.89559987748601 0.6645
-6.89575028883455 0.6646
-6.8958918713861 0.6647
-6.89602740359815 0.6648
-6.89615573598587 0.6649
-6.89625320400515 0.665
-6.8963287598345 0.6651
-6.89636407694614 0.6652
-6.89638043922855 0.6653
-6.89639527742707 0.6654
-6.89642440124897 0.6655
-6.89645282099087 0.6656
-6.89648650917096 0.6657
-6.89651416619007 0.6658
-6.896498745523 0.6659
-6.89647588129968 0.666
-6.89647286087103 0.6661
-6.89645837122668 0.6662
-6.8964219247114 0.6663
-6.89639400084516 0.6664
-6.89635177100764 0.6665
-6.89630380172305 0.6666
-6.89625710134614 0.6667
-6.89619926959506 0.6668
-6.89612814521123 0.6669
-6.89603082936701 0.667
-6.89593919924757 0.6671
-6.89584409325218 0.6672
-6.89573891226331 0.6673
-6.89562242336244 0.6674
-6.89551529895485 0.6675
-6.89542418039868 0.6676
-6.89534405770189 0.6677
-6.89526145210839 0.6678
-6.89518702846734 0.6679
-6.89512006142203 0.668
-6.89506326924294 0.6681
-6.89500273263958 0.6682
-6.89497353326351 0.6683
-6.89494099415766 0.6684
-6.89490910149472 0.6685
-6.89488324544322 0.6686
-6.89486378142727 0.6687
-6.89486119489589 0.6688
-6.894853908655 0.6689
-6.89485956182402 0.669
-6.89488099599753 0.6691
-6.89491039293854 0.6692
-6.89493453483483 0.6693
-6.89497169447213 0.6694
-6.89501737487184 0.6695
-6.89504881581396 0.6696
-6.89507663624842 0.6697
-6.89511573071656 0.6698
-6.89517137983519 0.6699
-6.89522653438972 0.67
-6.8953081266559 0.6701
-6.89539454792176 0.6702
-6.89548002324586 0.6703
-6.895556692145 0.6704
-6.89563800251293 0.6705
-6.89570902825627 0.6706
-6.89576363877364 0.6707
-6.89578246925904 0.6708
-6.89577027338539 0.6709
-6.89572195440727 0.671
-6.89565218800916 0.6711
-6.89555562691424 0.6712
-6.89545739162046 0.6713
-6.89533988818758 0.6714
-6.89520039766187 0.6715
-6.89504660148947 0.6716
-6.89488877484958 0.6717
-6.89476506949977 0.6718
-6.8946326233914 0.6719
-6.89450220825575 0.672
-6.89438465824032 0.6721
-6.8942537996141 0.6722
-6.89410509409854 0.6723
-6.89395979551673 0.6724
-6.89381796778035 0.6725
-6.89367764896583 0.6726
-6.89355942648588 0.6727
-6.89346664041195 0.6728
-6.89339762073864 0.6729
-6.8933459703639 0.673
-6.89332596609944 0.6731
-6.8933282943887 0.6732
-6.89335732760104 0.6733
-6.89341675498704 0.6734
-6.89349145540492 0.6735
-6.89357851289324 0.6736
-6.8936857875663 0.6737
-6.89378349996127 0.6738
-6.89386291630763 0.6739
-6.89394407846773 0.674
-6.89402214010685 0.6741
-6.8941023156613 0.6742
-6.89416438878708 0.6743
-6.89422630920179 0.6744
-6.89430102508075 0.6745
-6.89436776026397 0.6746
-6.8944354073016 0.6747
-6.89447621734489 0.6748
-6.89450024522279 0.6749
-6.8945118154862 0.675
-6.894534942068 0.6751
-6.89456660305582 0.6752
-6.89461236821632 0.6753
-6.89467007674875 0.6754
-6.8947149491867 0.6755
-6.89477760636571 0.6756
-6.89486734902532 0.6757
-6.89497919481259 0.6758
-6.89509575217637 0.6759
-6.89522791124002 0.676
-6.89536637946238 0.6761
-6.89551614489039 0.6762
-6.89566952287902 0.6763
-6.89582357533637 0.6764
-6.89597733016658 0.6765
-6.89613169823083 0.6766
-6.89630456643444 0.6767
-6.89643577219564 0.6768
-6.89655023797523 0.6769
-6.89666212484363 0.677
-6.89675998960083 0.6771
-6.89683758012796 0.6772
-6.89688650406514 0.6773
-6.89691503727442 0.6774
-6.89690081656097 0.6775
-6.8968608059317 0.6776
-6.89679049542629 0.6777
-6.89670377217132 0.6778
-6.89660362595901 0.6779
-6.89648576485932 0.678
-6.89634596913114 0.6781
-6.89620379237671 0.6782
-6.89606618880278 0.6783
-6.89592163964533 0.6784
-6.89579275305754 0.6785
-6.89566974011167 0.6786
-6.8955455452144 0.6787
-6.89542800712582 0.6788
-6.89530010662139 0.6789
-6.89516847936451 0.679
-6.89504295053894 0.6791
-6.89493379594609 0.6792
-6.89482232112285 0.6793
-6.8947182744122 0.6794
-6.89459973872024 0.6795
-6.89447883885089 0.6796
-6.89436459974044 0.6797
-6.89425184571156 0.6798
-6.89414303135724 0.6799
-6.89404294496497 0.68
-6.89393752280772 0.6801
-6.8938436922037 0.6802
-6.89374114526549 0.6803
-6.89363876027625 0.6804
-6.89354704374236 0.6805
-6.89344236252583 0.6806
-6.89333924454891 0.6807
-6.89323466706268 0.6808
-6.89310812465522 0.6809
-6.89300608947873 0.681
-6.89292836610885 0.6811
-6.8928580608855 0.6812
-6.89278729191044 0.6813
-6.89269967489487 0.6814
-6.89262431099968 0.6815
-6.89257623828427 0.6816
-6.89255480230202 0.6817
-6.89254204418982 0.6818
-6.89253319136726 0.6819
-6.89251673172719 0.682
-6.89250949720821 0.6821
-6.89250941979718 0.6822
-6.89250425360572 0.6823
-6.89249883976749 0.6824
-6.89251130324748 0.6825
-6.89253598701625 0.6826
-6.89257173171719 0.6827
-6.89259591545508 0.6828
-6.89261550318857 0.6829
-6.89262917819432 0.683
-6.89263988751397 0.6831
-6.89264759588846 0.6832
-6.89263309821571 0.6833
-6.89260284177027 0.6834
-6.89256541158467 0.6835
-6.89253380682425 0.6836
-6.89249521276282 0.6837
-6.89243835553428 0.6838
-6.89238158626475 0.6839
-6.89233150952128 0.684
-6.8922915376566 0.6841
-6.89224872897462 0.6842
-6.89218538701297 0.6843
-6.8921057590384 0.6844
-6.89202283795323 0.6845
-6.89192193117972 0.6846
-6.89182202963114 0.6847
-6.89173323304537 0.6848
-6.89163133272224 0.6849
-6.89152836990096 0.685
-6.89144412865932 0.6851
-6.89135977773693 0.6852
-6.89126215834401 0.6853
-6.89116409668703 0.6854
-6.89105182957858 0.6855
-6.89093284641147 0.6856
-6.89083895005679 0.6857
-6.89073218647667 0.6858
-6.89062538646048 0.6859
-6.89053852136406 0.686
-6.89045876906355 0.6861
-6.89038155627981 0.6862
-6.89031810820516 0.6863
-6.89027093897408 0.6864
-6.89023009707172 0.6865
-6.89021762232746 0.6866
-6.89021517650896 0.6867
-6.89020404388328 0.6868
-6.89018575539008 0.6869
-6.89015729558209 0.687
-6.89011818373059 0.6871
-6.89008113039826 0.6872
-6.89005186657108 0.6873
-6.89002727408734 0.6874
-6.89000573442934 0.6875
-6.88997971069293 0.6876
-6.88995994957014 0.6877
-6.88993653658951 0.6878
-6.88992953136514 0.6879
-6.88992956382951 0.688
-6.88991930239675 0.6881
-6.88991004341241 0.6882
-6.88989398473926 0.6883
-6.88990888859003 0.6884
-6.88992216530809 0.6885
-6.88993714809628 0.6886
-6.88994961057112 0.6887
-6.88998025148445 0.6888
-6.89002295374137 0.6889
-6.89005043429712 0.689
-6.89008801602468 0.6891
-6.89013560896056 0.6892
-6.89017885435176 0.6893
-6.89023142708537 0.6894
-6.89026410496192 0.6895
-6.89031255438891 0.6896
-6.89036903612584 0.6897
-6.89040915824969 0.6898
-6.89046701958263 0.6899
-6.89054308818677 0.69
-6.89061731816186 0.6901
-6.89067105530368 0.6902
-6.8907414250528 0.6903
-6.89079168327037 0.6904
-6.89084091419581 0.6905
-6.89087296890724 0.6906
-6.89089129248845 0.6907
-6.89091897101932 0.6908
-6.89095440888762 0.6909
-6.89098557201442 0.691
-6.89099704249646 0.6911
-6.89100238799734 0.6912
-6.89098815644509 0.6913
-6.89096018702374 0.6914
-6.89093773147593 0.6915
-6.89090987794433 0.6916
-6.89088155719364 0.6917
-6.89084886292896 0.6918
-6.8908167217172 0.6919
-6.89074332223888 0.692
-6.89067532298135 0.6921
-6.8906200454389 0.6922
-6.89056584966281 0.6923
-6.89052610644715 0.6924
-6.89048955044428 0.6925
-6.89047754409492 0.6926
-6.89045908803482 0.6927
-6.89045002711859 0.6928
-6.89043902142224 0.6929
-6.89043103368276 0.693
-6.89044045159481 0.6931
-6.89045538632144 0.6932
-6.89048249895028 0.6933
-6.89051116806405 0.6934
-6.89055080028592 0.6935
-6.8905924781649 0.6936
-6.89064408937388 0.6937
-6.89069669514373 0.6938
-6.89073859901295 0.6939
-6.89076818698084 0.694
-6.89078589047416 0.6941
-6.89080093731272 0.6942
-6.89081419496675 0.6943
-6.89083971173015 0.6944
-6.89084743365845 0.6945
-6.89084631091603 0.6946
-6.89084381210912 0.6947
-6.89084210198381 0.6948
-6.89082601597678 0.6949
-6.89082357227201 0.695
-6.8908241099784 0.6951
-6.89082724585114 0.6952
-6.89081728805597 0.6953
-6.89081288878226 0.6954
-6.89081273037607 0.6955
-6.89080713178672 0.6956
-6.89079696482029 0.6957
-6.89078090445229 0.6958
-6.89076222627215 0.6959
-6.89075357572593 0.696
-6.8907559821911 0.6961
-6.89074534848149 0.6962
-6.89074246141596 0.6963
-6.89076899988967 0.6964
-6.89080391889336 0.6965
-6.89084961436461 0.6966
-6.89087741396276 0.6967
-6.89090474489044 0.6968
-6.89093813507612 0.6969
-6.89098317089118 0.697
-6.89101795598086 0.6971
-6.89103993542709 0.6972
-6.89107423994561 0.6973
-6.89111531772226 0.6974
-6.89115475977225 0.6975
-6.89120207539455 0.6976
-6.89125261867564 0.6977
-6.89128871894524 0.6978
-6.8913093893833 0.6979
-6.89131280547868 0.698
-6.89132141564903 0.6981
-6.89130799147192 0.6982
-6.89127896890796 0.6983
-6.89122758998935 0.6984
-6.89116789760333 0.6985
-6.8910955631498 0.6986
-6.89102440772147 0.6987
-6.89093725148251 0.6988
-6.89086119657974 0.6989
-6.89079968725112 0.699
-6.89073285304139 0.6991
-6.89065727627694 0.6992
-6.89059057642529 0.6993
-6.89052093904702 0.6994
-6.89044590250305 0.6995
-6.89037371313632 0.6996
-6.89030147129445 0.6997
-6.89021897943591 0.6998
-6.89015098751887 0.6999
-6.89008404351875 0.7
-6.89003659687491 0.7001
-6.89002356986119 0.7002
-6.89001977345456 0.7003
-6.89001903401131 0.7004
-6.89001944420358 0.7005
-6.89000879176929 0.7006
-6.88999509964221 0.7007
-6.8899570127244 0.7008
-6.88990686714104 0.7009
-6.88985867221984 0.701
-6.88978241907739 0.7011
-6.88969241378337 0.7012
-6.88961169479699 0.7013
-6.88951420132582 0.7014
-6.88939135956266 0.7015
-6.88924697711366 0.7016
-6.88908468736533 0.7017
-6.88891925934997 0.7018
-6.88873102918891 0.7019
-6.88853137226127 0.702
-6.88833134036769 0.7021
-6.88813091985992 0.7022
-6.88793992232495 0.7023
-6.88775314206802 0.7024
-6.88756457733124 0.7025
-6.88740058596841 0.7026
-6.88724943370149 0.7027
-6.8871163358502 0.7028
-6.88698448137146 0.7029
-6.88684457715952 0.703
-6.88670606567226 0.7031
-6.88653537078966 0.7032
-6.88637436401078 0.7033
-6.88623671944932 0.7034
-6.88609900638472 0.7035
-6.88595648206651 0.7036
-6.88583929518163 0.7037
-6.88572271596085 0.7038
-6.88562821790759 0.7039
-6.88557004969099 0.704
-6.88550882691499 0.7041
-6.88547750259981 0.7042
-6.88545319254297 0.7043
-6.88543571010188 0.7044
-6.88545555943274 0.7045
-6.88549266363149 0.7046
-6.8855277541599 0.7047
-6.88556219155842 0.7048
-6.88559859508657 0.7049
-6.88564751251235 0.705
-6.88568522060457 0.7051
-6.88574721853061 0.7052
-6.885839231458 0.7053
-6.88595776597827 0.7054
-6.88607602633595 0.7055
-6.88619475588828 0.7056
-6.88630394585414 0.7057
-6.88643111506493 0.7058
-6.88655421279237 0.7059
-6.88666495442132 0.706
-6.88676322011705 0.7061
-6.88689543818926 0.7062
-6.88701529093208 0.7063
-6.88711918876108 0.7064
-6.88720944986812 0.7065
-6.88730948145117 0.7066
-6.88739377446596 0.7067
-6.88746445570765 0.7068
-6.8875449038344 0.7069
-6.8876281885946 0.707
-6.88771454305117 0.7071
-6.88779120171139 0.7072
-6.88785752864007 0.7073
-6.88794832325803 0.7074
-6.88804731857282 0.7075
-6.88814825802336 0.7076
-6.88825573323937 0.7077
-6.88836281404299 0.7078
-6.88848296747126 0.7079
-6.88860522310491 0.708
-6.88873392499964 0.7081
-6.88884542274592 0.7082
-6.88892400685744 0.7083
-6.88899541279996 0.7084
-6.88903125417023 0.7085
-6.88904102776302 0.7086
-6.88903124387936 0.7087
-6.88900872070936 0.7088
-6.88896063502994 0.7089
-6.88888663694051 0.709
-6.88879274246733 0.7091
-6.88868409469478 0.7092
-6.88857752556883 0.7093
-6.8884369368503 0.7094
-6.88828883261299 0.7095
-6.88813475590448 0.7096
-6.8879746390943 0.7097
-6.88783034768548 0.7098
-6.88769731520439 0.7099
-6.88754663414186 0.71
-6.88738157493863 0.7101
-6.8872216655358 0.7102
-6.88706893847391 0.7103
-6.88691248136501 0.7104
-6.88676909500194 0.7105
-6.88664829792427 0.7106
-6.88653442527737 0.7107
-6.88642003280018 0.7108
-6.88629962566094 0.7109
-6.88618637016146 0.711
-6.88606833622445 0.7111
-6.88595481602192 0.7112
-6.88586404145491 0.7113
-6.88578833276938 0.7114
-6.88573551196388 0.7115
-6.88571778966372 0.7116
-6.88571077529979 0.7117
-6.88572350284559 0.7118
-6.88576331065904 0.7119
-6.88583076533069 0.712
-6.8859245748424 0.7121
-6.88601571863803 0.7122
-6.88612401237581 0.7123
-6.88625358312604 0.7124
-6.88636235116183 0.7125
-6.88645200281754 0.7126
-6.88653613899601 0.7127
-6.88662048748538 0.7128
-6.88668536639985 0.7129
-6.88676490591971 0.713
-6.88684376499991 0.7131
-6.88691012672928 0.7132
-6.88696394966537 0.7133
-6.88700019416381 0.7134
-6.88701276302577 0.7135
-6.88701840930422 0.7136
-6.88699636293026 0.7137
-6.88694656114651 0.7138
-6.88689331415875 0.7139
-6.88681462293363 0.714
-6.88673311970837 0.7141
-6.88664501554381 0.7142
-6.88656170906395 0.7143
-6.88652027025669 0.7144
-6.88648727796525 0.7145
-6.88645287082428 0.7146
-6.88642627619738 0.7147
-6.88641220238653 0.7148
-6.88642264259028 0.7149
-6.88643368628377 0.715
-6.88648058768142 0.7151
-6.8865329452147 0.7152
-6.88659535231868 0.7153
-6.88667323869727 0.7154
-6.88678080272505 0.7155
-6.88691473277156 0.7156
-6.88707702908641 0.7157
-6.88724993618784 0.7158
-6.88743906015877 0.7159
-6.88762026571818 0.716
-6.88779235971001 0.7161
-6.8879605867942 0.7162
-6.88814880416319 0.7163
-6.888328469857 0.7164
-6.88850591542107 0.7165
-6.88868868618155 0.7166
-6.88884930307353 0.7167
-6.88898190847855 0.7168
-6.88913114791869 0.7169
-6.88923691123256 0.717
-6.88931616478436 0.7171
-6.88935169509445 0.7172
-6.88936906496412 0.7173
-6.8893590910454 0.7174
-6.88931184334456 0.7175
-6.88922805386951 0.7176
-6.88914875085964 0.7177
-6.88906131916772 0.7178
-6.8889609835257 0.7179
-6.88886554393256 0.718
-6.88874615490809 0.7181
-6.88863399629775 0.7182
-6.88853706828036 0.7183
-6.88843908109098 0.7184
-6.88836264331778 0.7185
-6.88828616038393 0.7186
-6.88822796910194 0.7187
-6.88816751972398 0.7188
-6.88811538043831 0.7189
-6.88807152082103 0.719
-6.88806542894768 0.7191
-6.88808578641034 0.7192
-6.88811628175599 0.7193
-6.88818346547415 0.7194
-6.88827090735848 0.7195
-6.88833787504516 0.7196
-6.88839118478345 0.7197
-6.88845626222624 0.7198
-6.88850659089066 0.7199
-6.88854261840287 0.72
-6.88857072987941 0.7201
-6.88857692852601 0.7202
-6.88855292405047 0.7203
-6.88850247612591 0.7204
-6.88843042407364 0.7205
-6.8883364065824 0.7206
-6.88823645693624 0.7207
-6.88812765935023 0.7208
-6.887999114957 0.7209
-6.88787521064445 0.721
-6.8877539279977 0.7211
-6.88763379549302 0.7212
-6.88752476308199 0.7213
-6.88741615382429 0.7214
-6.88732611920391 0.7215
-6.8872405620249 0.7216
-6.88716509915214 0.7217
-6.88710645736861 0.7218
-6.88705239865749 0.7219
-6.88698714328445 0.722
-6.88692024601335 0.7221
-6.88686715876147 0.7222
-6.88683315272231 0.7223
-6.88679530938138 0.7224
-6.88679503241758 0.7225
-6.88680274679915 0.7226
-6.88680700366939 0.7227
-6.88680359122076 0.7228
-6.88679352211125 0.7229
-6.88679218790465 0.723
-6.88678682528507 0.7231
-6.8867779362067 0.7232
-6.88676883438334 0.7233
-6.88675580934054 0.7234
-6.88676166433758 0.7235
-6.88676072462719 0.7236
-6.88677189377853 0.7237
-6.88678226305276 0.7238
-6.88681564056037 0.7239
-6.88686327072795 0.724
-6.88691516177421 0.7241
-6.88695369180411 0.7242
-6.88699704316945 0.7243
-6.88701617810374 0.7244
-6.88703023629538 0.7245
-6.88705465456217 0.7246
-6.88708022265088 0.7247
-6.88709097049626 0.7248
-6.88708826422171 0.7249
-6.88708624882049 0.725
-6.88705556634452 0.7251
-6.88701154892765 0.7252
-6.88695335633728 0.7253
-6.88688994949138 0.7254
-6.88681342553209 0.7255
-6.88673310779407 0.7256
-6.88666206130835 0.7257
-6.8865734540029 0.7258
-6.88648060167417 0.7259
-6.88638657650838 0.726
-6.88628024490651 0.7261
-6.88616135756224 0.7262
-6.88605398120862 0.7263
-6.88595763972625 0.7264
-6.88585293977389 0.7265
-6.88576193823141 0.7266
-6.8856854798987 0.7267
-6.88561058510885 0.7268
-6.88555686684062 0.7269
-6.88549271212714 0.727
-6.88545831466317 0.7271
-6.88543505695865 0.7272
-6.88542223120837 0.7273
-6.88541169573719 0.7274
-6.88543090442537 0.7275
-6.8854558362651 0.7276
-6.8854955430034 0.7277
-6.88552041785888 0.7278
-6.8855573727925 0.7279
-6.88558156667531 0.728
-6.88559279713335 0.7281
-6.88561175893964 0.7282
-6.88566433680324 0.7283
-6.8856903789374 0.7284
-6.88571035182605 0.7285
-6.88572884538218 0.7286
-6.88575791009324 0.7287
-6.88578596486013 0.7288
-6.88582038142047 0.7289
-6.88585852023122 0.729
-6.88588765483422 0.7291
-6.88590535410753 0.7292
-6.88593567878756 0.7293
-6.88594257286077 0.7294
-6.8859409679573 0.7295
-6.88591909113885 0.7296
-6.88589600500006 0.7297
-6.88588123350299 0.7298
-6.88585855714536 0.7299
-6.88580875652875 0.73
-6.88574289582159 0.7301
-6.88568444624282 0.7302
-6.88561162220702 0.7303
-6.8855371018929 0.7304
-6.88543454753408 0.7305
-6.88532751210472 0.7306
-6.88519319275418 0.7307
-6.88505106283588 0.7308
-6.88490193210193 0.7309
-6.88476584684492 0.731
-6.8846321253742 0.7311
-6.88449529988732 0.7312
-6.88435335436671 0.7313
-6.88420545681322 0.7314
-6.88405886146592 0.7315
-6.88392048226376 0.7316
-6.88380964773315 0.7317
-6.88368700108593 0.7318
-6.88355788245773 0.7319
-6.88341699202593 0.732
-6.88327434478039 0.7321
-6.88311941532255 0.7322
-6.88295633965251 0.7323
-6.88277925324127 0.7324
-6.88259529414567 0.7325
-6.88241315340918 0.7326
-6.88224902317743 0.7327
-6.88207408592406 0.7328
-6.88188716057631 0.7329
-6.88169117870478 0.733
-6.88150518163849 0.7331
-6.8813207432634 0.7332
-6.88111863671437 0.7333
-6.88092523346204 0.7334
-6.88075213401476 0.7335
-6.8805897921693 0.7336
-6.8804372252614 0.7337
-6.88026791060017 0.7338
-6.88011637046719 0.7339
-6.88000402663802 0.734
-6.8799021837692 0.7341
-6.87982555861057 0.7342
-6.87978672727474 0.7343
-6.87975571685841 0.7344
-6.87974941284519 0.7345
-6.87974934019873 0.7346
-6.87972678980876 0.7347
-6.87972937802034 0.7348
-6.87974834620069 0.7349
-6.87978795596256 0.735
-6.87982431578799 0.7351
-6.87985650924516 0.7352
-6.87993054469378 0.7353
-6.87998581044143 0.7354
-6.88003988142174 0.7355
-6.8800963915416 0.7356
-6.88016027644776 0.7357
-6.88026205120658 0.7358
-6.88038436819334 0.7359
-6.88052015629363 0.736
-6.88066414173764 0.7361
-6.88080941762578 0.7362
-6.88092520639003 0.7363
-6.88103571370641 0.7364
-6.88114699349038 0.7365
-6.88128621196298 0.7366
-6.88144896546945 0.7367
-6.8816229623918 0.7368
-6.88180991359 0.7369
-6.88198944750968 0.737
-6.88218191696291 0.7371
-6.88237215028036 0.7372
-6.88255567649706 0.7373
-6.88273354096222 0.7374
-6.88289325762546 0.7375
-6.88304651808097 0.7376
-6.88319325037083 0.7377
-6.88333733341151 0.7378
-6.8834718582425 0.7379
-6.88360759396997 0.738
-6.88373630203581 0.7381
-6.88386235662493 0.7382
-6.88397089703421 0.7383
-6.88408610231075 0.7384
-6.88418306825968 0.7385
-6.88429612120273 0.7386
-6.8844073177085 0.7387
-6.8845162271119 0.7388
-6.88462071121063 0.7389
-6.88473306985489 0.739
-6.88483633717038 0.7391
-6.88493757800262 0.7392
-6.88502922511807 0.7393
-6.88511741822915 0.7394
-6.88522761133495 0.7395
-6.88532839006609 0.7396
-6.88542996501945 0.7397
-6.88553602521965 0.7398
-6.88562972330804 0.7399
-6.88569001025361 0.74
-6.88575676499686 0.7401
-6.88580019781629 0.7402
-6.88579100500797 0.7403
-6.88578437511085 0.7404
-6.88576316138849 0.7405
-6.88573333533227 0.7406
-6.8856698021838 0.7407
-6.88560251805518 0.7408
-6.88551996684865 0.7409
-6.88544417932323 0.741
-6.88536286203952 0.7411
-6.88529218636904 0.7412
-6.88523314878243 0.7413
-6.88517148855007 0.7414
-6.88509036111719 0.7415
-6.88497865439025 0.7416
-6.88485650060747 0.7417
-6.88472899995622 0.7418
-6.88460298661403 0.7419
-6.88446541249588 0.742
-6.88433222536906 0.7421
-6.88421880299897 0.7422
-6.88409172746634 0.7423
-6.88395773662817 0.7424
-6.88383270840597 0.7425
-6.88371910556583 0.7426
-6.88357821813053 0.7427
-6.88345758931496 0.7428
-6.88334546558972 0.7429
-6.88325138929802 0.743
-6.8831856125076 0.7431
-6.88314399358683 0.7432
-6.88311879878594 0.7433
-6.88311661789941 0.7434
-6.8831475163936 0.7435
-6.88317675685135 0.7436
-6.88324176731944 0.7437
-6.88332699854033 0.7438
-6.88341679296642 0.7439
-6.88350109563512 0.744
-6.88357214429165 0.7441
-6.88362294421003 0.7442
-6.88363820816891 0.7443
-6.88362320329403 0.7444
-6.88357784779238 0.7445
-6.88348901460779 0.7446
-6.88338265608729 0.7447
-6.8832533631934 0.7448
-6.88310968052062 0.7449
-6.88292866852563 0.745
-6.88270973193335 0.7451
-6.88248605947249 0.7452
-6.88225105229809 0.7453
-6.88201342270373 0.7454
-6.88175985074008 0.7455
-6.88151644126067 0.7456
-6.88128558137842 0.7457
-6.88107394755564 0.7458
-6.88087294463622 0.7459
-6.88068703640839 0.746
-6.88052704886047 0.7461
-6.88039214140589 0.7462
-6.88026396571245 0.7463
-6.8801533029173 0.7464
-6.88007468141115 0.7465
-6.88002612721656 0.7466
-6.88000084846658 0.7467
-6.87998755025896 0.7468
-6.87998834544255 0.7469
-6.88001305405465 0.747
-6.88002071818826 0.7471
-6.88003237379186 0.7472
-6.88001330447816 0.7473
-6.87999630830132 0.7474
-6.87997198118073 0.7475
-6.87995544247415 0.7476
-6.87996357458358 0.7477
-6.87995695706215 0.7478
-6.8799557165129 0.7479
-6.87996939540417 0.748
-6.88002088572191 0.7481
-6.88010355045664 0.7482
-6.88020165055775 0.7483
-6.88029106485992 0.7484
-6.88039228678418 0.7485
-6.88047434645537 0.7486
-6.88058051790833 0.7487
-6.88066578259968 0.7488
-6.88076195846456 0.7489
-6.88088007179599 0.749
-6.88101934501026 0.7491
-6.88117166693792 0.7492
-6.88133160705743 0.7493
-6.88151356533487 0.7494
-6.88171426776731 0.7495
-6.88193267476431 0.7496
-6.88216873493103 0.7497
-6.88239963257495 0.7498
-6.88262687564369 0.7499
-6.88285419943113 0.75
-6.88305939159306 0.7501
-6.88326954592963 0.7502
-6.88346180975809 0.7503
-6.88362581496336 0.7504
-6.88376983447471 0.7505
-6.88388772235103 0.7506
-6.88401801963869 0.7507
-6.88412875663342 0.7508
-6.88424912262379 0.7509
-6.8843910694161 0.751
-6.88451134876744 0.7511
-6.88462288242 0.7512
-6.88472627483341 0.7513
-6.88479720219849 0.7514
-6.88486569214156 0.7515
-6.88493310170908 0.7516
-6.8849943444126 0.7517
-6.8850344160564 0.7518
-6.885053740434 0.7519
-6.88506060912419 0.752
-6.88503154587117 0.7521
-6.8849802281095 0.7522
-6.88492425806275 0.7523
-6.88488229387435 0.7524
-6.88480252447549 0.7525
-6.88472875851588 0.7526
-6.8846257488658 0.7527
-6.88452235285152 0.7528
-6.88440162791176 0.7529
-6.88427033788857 0.753
-6.88414054568157 0.7531
-6.8840091006842 0.7532
-6.88388439240316 0.7533
-6.88375489305324 0.7534
-6.88364829548593 0.7535
-6.88355482524321 0.7536
-6.88347641872501 0.7537
-6.88337510218064 0.7538
-6.88329175580991 0.7539
-6.88321152477418 0.754
-6.8831441726096 0.7541
-6.88309712847055 0.7542
-6.88307754528772 0.7543
-6.88305664312058 0.7544
-6.88306724710243 0.7545
-6.88310003835815 0.7546
-6.88313363039632 0.7547
-6.88317746161714 0.7548
-6.88322230309538 0.7549
-6.88326572705091 0.755
-6.88331704329151 0.7551
-6.88337895835397 0.7552
-6.88343325960574 0.7553
-6.88346664993426 0.7554
-6.8835089422314 0.7555
-6.88355269843067 0.7556
-6.88355556379209 0.7557
-6.88354328244932 0.7558
-6.88349698751403 0.7559
-6.88344640291849 0.756
-6.88339408140547 0.7561
-6.88332052026292 0.7562
-6.88321629425237 0.7563
-6.88309487957355 0.7564
-6.88295526522729 0.7565
-6.88279907255657 0.7566
-6.88264324152266 0.7567
-6.88250461379213 0.7568
-6.88235068183945 0.7569
-6.88221559175558 0.757
-6.8820725331322 0.7571
-6.88194639023321 0.7572
-6.88180278729913 0.7573
-6.88167986516837 0.7574
-6.88157752381157 0.7575
-6.88149982445899 0.7576
-6.88143278016217 0.7577
-6.88136244921469 0.7578
-6.88130994712802 0.7579
-6.88127895766199 0.758
-6.88123366508813 0.7581
-6.88118690668805 0.7582
-6.88117963382077 0.7583
-6.88117213551606 0.7584
-6.88119045057006 0.7585
-6.88120191384525 0.7586
-6.88121605863879 0.7587
-6.88122415702721 0.7588
-6.88125361558601 0.7589
-6.88130289374066 0.759
-6.88137867815595 0.7591
-6.8814605330995 0.7592
-6.88153699021081 0.7593
-6.88162107004465 0.7594
-6.88171077139622 0.7595
-6.88180116108674 0.7596
-6.88188671812923 0.7597
-6.88195699146921 0.7598
-6.88201690610382 0.7599
-6.88206787716977 0.76
-6.88210629758944 0.7601
-6.88215290946748 0.7602
-6.88218683923025 0.7603
-6.88220734137549 0.7604
-6.88223826583567 0.7605
-6.88225432900819 0.7606
-6.8822405066518 0.7607
-6.88221394218944 0.7608
-6.88216067487273 0.7609
-6.8820828735303 0.761
-6.88198082114989 0.7611
-6.88188373713004 0.7612
-6.88176043598786 0.7613
-6.88163567541107 0.7614
-6.88151899566574 0.7615
-6.88139956996198 0.7616
-6.88128040384314 0.7617
-6.88114300845518 0.7618
-6.88100187275469 0.7619
-6.88085420221614 0.762
-6.88071463067217 0.7621
-6.88056961780423 0.7622
-6.88041653561025 0.7623
-6.88026374631717 0.7624
-6.88010572674888 0.7625
-6.87995013441891 0.7626
-6.87980583521282 0.7627
-6.87964310987488 0.7628
-6.87948308281875 0.7629
-6.87934041526286 0.763
-6.87922332468275 0.7631
-6.87913889207201 0.7632
-6.87906835928238 0.7633
-6.87901189795579 0.7634
-6.87898394029744 0.7635
-6.8789971133996 0.7636
-6.87903187238024 0.7637
-6.87908004876019 0.7638
-6.87912536566664 0.7639
-6.87918374106369 0.764
-6.87926594949145 0.7641
-6.87936624921314 0.7642
-6.87946606959184 0.7643
-6.87955713363769 0.7644
-6.87966163573408 0.7645
-6.87975088645131 0.7646
-6.87981189075101 0.7647
-6.87984470062883 0.7648
-6.87985196284327 0.7649
-6.87982653276271 0.765
-6.8797894579656 0.7651
-6.8797491852676 0.7652
-6.87968634483341 0.7653
-6.87964569077916 0.7654
-6.87960095302107 0.7655
-6.87952331862175 0.7656
-6.87945934751405 0.7657
-6.87938863988874 0.7658
-6.87932147848048 0.7659
-6.87928031883964 0.766
-6.87922179333408 0.7661
-6.87915299784193 0.7662
-6.87908629874248 0.7663
-6.87900937699828 0.7664
-6.87894616354167 0.7665
-6.87888118854184 0.7666
-6.87882022771532 0.7667
-6.87877760534654 0.7668
-6.87872928368764 0.7669
-6.87868369930886 0.767
-6.8786409980878 0.7671
-6.8785957979634 0.7672
-6.87856009246317 0.7673
-6.87852129545973 0.7674
-6.87847306825762 0.7675
-6.87843746214744 0.7676
-6.87837606226419 0.7677
-6.87832410556133 0.7678
-6.87825526883792 0.7679
-6.87817772107871 0.768
-6.87813544260972 0.7681
-6.87807099209839 0.7682
-6.87799456516861 0.7683
-6.87790536230637 0.7684
-6.87781686000668 0.7685
-6.87774594709632 0.7686
-6.87764331120679 0.7687
-6.87753483530882 0.7688
-6.87744242411289 0.7689
-6.87735683131764 0.769
-6.87727918800423 0.7691
-6.87723362139878 0.7692
-6.87719707143399 0.7693
-6.87716872015484 0.7694
-6.87713664711432 0.7695
-6.87710356750336 0.7696
-6.87706559976745 0.7697
-6.87703557000087 0.7698
-6.87700523569427 0.7699
-6.87699757813955 0.77
-6.87700512511908 0.7701
-6.87699871129325 0.7702
-6.87699141312694 0.7703
-6.8770079577231 0.7704
-6.87702901380418 0.7705
-6.87705096894378 0.7706
-6.87705175750134 0.7707
-6.87705224096391 0.7708
-6.87704809531445 0.7709
-6.8770348746318 0.771
-6.8770140757209 0.7711
-6.87699019841239 0.7712
-6.87696059938377 0.7713
-6.87693068130447 0.7714
-6.87692771080937 0.7715
-6.87694579555159 0.7716
-6.87693589701937 0.7717
-6.87693572552974 0.7718
-6.87692299834842 0.7719
-6.87689228539264 0.772
-6.87684667569199 0.7721
-6.87681901235462 0.7722
-6.87680429120601 0.7723
-6.87680350823977 0.7724
-6.87679915038702 0.7725
-6.87681971695174 0.7726
-6.87683993194569 0.7727
-6.87688490932872 0.7728
-6.87693001137825 0.7729
-6.87697258047656 0.773
-6.87701943887325 0.7731
-6.87707552007882 0.7732
-6.87711025123206 0.7733
-6.87714990804059 0.7734
-6.8772140949859 0.7735
-6.87728457429666 0.7736
-6.87736668759634 0.7737
-6.87745462476817 0.7738
-6.87752425668327 0.7739
-6.87760820453186 0.774
-6.87769237031638 0.7741
-6.87776191742431 0.7742
-6.87785007621584 0.7743
-6.87795480375698 0.7744
-6.87803224857232 0.7745
-6.8781087968579 0.7746
-6.87817593728304 0.7747
-6.87821820592076 0.7748
-6.87823129642791 0.7749
-6.87823044175819 0.775
-6.87822712069086 0.7751
-6.87822533603323 0.7752
-6.87823212623967 0.7753
-6.87822568125097 0.7754
-6.87818197467814 0.7755
-6.87813096647349 0.7756
-6.87805698367877 0.7757
-6.87796092831165 0.7758
-6.87788639476114 0.7759
-6.87782487966107 0.776
-6.87777534092355 0.7761
-6.87772460580738 0.7762
-6.87766692562867 0.7763
-6.87763464865544 0.7764
-6.87762018202923 0.7765
-6.87762799077308 0.7766
-6.87764095397393 0.7767
-6.87767304961786 0.7768
-6.87773528668313 0.7769
-6.87779639439417 0.777
-6.87789397898137 0.7771
-6.8780016586704 0.7772
-6.87811819762375 0.7773
-6.87822197061898 0.7774
-6.8783395234029 0.7775
-6.8784619316246 0.7776
-6.87859612324468 0.7777
-6.87873078809054 0.7778
-6.87884667676135 0.7779
-6.87893490345649 0.778
-6.87900917086779 0.7781
-6.87905605796926 0.7782
-6.87908951893264 0.7783
-6.87911423785868 0.7784
-6.87912227008534 0.7785
-6.87911243685441 0.7786
-6.8790906475074 0.7787
-6.87906878029543 0.7788
-6.87903802381653 0.7789
-6.87902778323614 0.779
-6.8790236787484 0.7791
-6.87898159255086 0.7792
-6.87890500378766 0.7793
-6.87881346472505 0.7794
-6.87870110126624 0.7795
-6.87858421437611 0.7796
-6.87845511411127 0.7797
-6.87831123332022 0.7798
-6.87816364622495 0.7799
-6.87802942950695 0.78
-6.87791912373579 0.7801
-6.87781356605535 0.7802
-6.87770057546199 0.7803
-6.87763301253559 0.7804
-6.87759699048538 0.7805
-6.87756746799341 0.7806
-6.87753957423722 0.7807
-6.87753177509168 0.7808
-6.87754824239643 0.7809
-6.87757755293837 0.781
-6.87764895098241 0.7811
-6.87770962497619 0.7812
-6.87779092048493 0.7813
-6.87786684662164 0.7814
-6.87794671137002 0.7815
-6.87801893722429 0.7816
-6.87810092291481 0.7817
-6.87818335823222 0.7818
-6.8782469508844 0.7819
-6.87832513209399 0.782
-6.87838533848509 0.7821
-6.87843577628182 0.7822
-6.87847648823152 0.7823
-6.87849507225958 0.7824
-6.87851989867127 0.7825
-6.87851343454005 0.7826
-6.87848872167408 0.7827
-6.87845362280882 0.7828
-6.87838127616764 0.7829
-6.87829878196207 0.783
-6.87820980592629 0.7831
-6.87811979883664 0.7832
-6.87801710901891 0.7833
-6.87791153740371 0.7834
-6.87781718356614 0.7835
-6.87773277390919 0.7836
-6.87765606921331 0.7837
-6.87759156983358 0.7838
-6.87753395296361 0.7839
-6.87750630938313 0.784
-6.87749043701221 0.7841
-6.87747778977561 0.7842
-6.87746114465983 0.7843
-6.8774665451936 0.7844
-6.87747968372617 0.7845
-6.87748994583691 0.7846
-6.87751478373514 0.7847
-6.87754921632688 0.7848
-6.87756271932572 0.7849
-6.87758413107155 0.785
-6.87760813227611 0.7851
-6.87762936381254 0.7852
-6.87763633654219 0.7853
-6.87764289682782 0.7854
-6.87765739705592 0.7855
-6.87768217032388 0.7856
-6.87770319360887 0.7857
-6.87773231794627 0.7858
-6.87776442250027 0.7859
-6.87782318141243 0.786
-6.8778930289889 0.7861
-6.87797639900348 0.7862
-6.8780667683605 0.7863
-6.87816219445802 0.7864
-6.87825520195933 0.7865
-6.87834399293668 0.7866
-6.87843727466909 0.7867
-6.87855097315814 0.7868
-6.87867303146443 0.7869
-6.87878652297914 0.787
-6.87889685637856 0.7871
-6.87900221295881 0.7872
-6.87910319355937 0.7873
-6.87920409017951 0.7874
-6.87928998200093 0.7875
-6.87935855177107 0.7876
-6.87938645705121 0.7877
-6.87939607100181 0.7878
-6.87937458661636 0.7879
-6.87930725315151 0.788
-6.87922269496371 0.7881
-6.87911441766761 0.7882
-6.87896152642723 0.7883
-6.8787805645446 0.7884
-6.87858383853608 0.7885
-6.87838299661118 0.7886
-6.87815996279938 0.7887
-6.87793324818288 0.7888
-6.87769215279466 0.7889
-6.87743858630551 0.789
-6.87721025934848 0.7891
-6.87698651197124 0.7892
-6.87678236969737 0.7893
-6.87661079551147 0.7894
-6.87646422391673 0.7895
-6.87635116110939 0.7896
-6.87625580865632 0.7897
-6.87616512929955 0.7898
-6.87609227135151 0.7899
-6.8760160815513 0.79
-6.87594177265548 0.7901
-6.87590540789217 0.7902
-6.87587445688405 0.7903
-6.87587869311241 0.7904
-6.87592128377165 0.7905
-6.87594412810101 0.7906
-6.87599549829438 0.7907
-6.87604561262011 0.7908
-6.87612057450741 0.7909
-6.87622611855268 0.791
-6.87635262024886 0.7911
-6.87645758382859 0.7912
-6.8765611664161 0.7913
-6.87665570508671 0.7914
-6.87675152348618 0.7915
-6.87685089404542 0.7916
-6.87692068362844 0.7917
-6.87700476965418 0.7918
-6.87707799592633 0.7919
-6.87713432569993 0.792
-6.87718079066808 0.7921
-6.87720820229587 0.7922
-6.87722063889234 0.7923
-6.87723266773826 0.7924
-6.87722280385385 0.7925
-6.87719275551618 0.7926
-6.87713293510664 0.7927
-6.8770595453267 0.7928
-6.87699936062916 0.7929
-6.876931984378 0.793
-6.87685437785776 0.7931
-6.87676498496484 0.7932
-6.87666563243222 0.7933
-6.87658030502277 0.7934
-6.87648684704485 0.7935
-6.87638491426591 0.7936
-6.8762951887826 0.7937
-6.876200824249 0.7938
-6.87610415548264 0.7939
-6.87600833988286 0.794
-6.87591468879966 0.7941
-6.87584034093431 0.7942
-6.87576448790959 0.7943
-6.87568763567727 0.7944
-6.87560243197111 0.7945
-6.87552960478211 0.7946
-6.87548340956657 0.7947
-6.87545674145444 0.7948
-6.87542995965643 0.7949
-6.87540946518187 0.795
-6.87537832917074 0.7951
-6.87534251557378 0.7952
-6.87529228377027 0.7953
-6.8752468625184 0.7954
-6.8751963531908 0.7955
-6.87513668227745 0.7956
-6.87509640023968 0.7957
-6.87505658661897 0.7958
-6.87501668765767 0.7959
-6.87498125838197 0.796
-6.87497920097049 0.7961
-6.87496572605566 0.7962
-6.87492568993948 0.7963
-6.87489851532609 0.7964
-6.87486213081351 0.7965
-6.87483064194394 0.7966
-6.87478076082742 0.7967
-6.87474687917552 0.7968
-6.87468583879694 0.7969
-6.87460916711682 0.797
-6.87452013805926 0.7971
-6.87440646054285 0.7972
-6.87429468583554 0.7973
-6.87420835602211 0.7974
-6.87411097575769 0.7975
-6.87403256336959 0.7976
-6.87396129909077 0.7977
-6.87390616967357 0.7978
-6.87385405111686 0.7979
-6.87379020441982 0.798
-6.8737353189075 0.7981
-6.87371003897235 0.7982
-6.87368918854301 0.7983
-6.87365687116395 0.7984
-6.87363555699902 0.7985
-6.87361975484565 0.7986
-6.87360126500251 0.7987
-6.87359574939111 0.7988
-6.87358423583961 0.7989
-6.87357304785956 0.799
-6.87354744534072 0.7991
-6.87351793709112 0.7992
-6.87347882570366 0.7993
-6.87344241895328 0.7994
-6.87339990796584 0.7995
-6.87334515217808 0.7996
-6.87327761777218 0.7997
-6.87321412750846 0.7998
-6.8731080228043 0.7999
-6.87300221588517 0.8
-6.87290532267038 0.8001
-6.8727955010035 0.8002
-6.87268722518777 0.8003
-6.87258473026453 0.8004
-6.87250589628492 0.8005
-6.87243586691507 0.8006
-6.87236977548247 0.8007
-6.87232770354725 0.8008
-6.87229599271652 0.8009
-6.87227848026021 0.801
-6.87228121076149 0.8011
-6.87228979133472 0.8012
-6.87232323488067 0.8013
-6.87236681893437 0.8014
-6.87241974837336 0.8015
-6.87251802140926 0.8016
-6.87262962361944 0.8017
-6.87276924860952 0.8018
-6.87290429543298 0.8019
-6.87302334661137 0.802
-6.87315036641605 0.8021
-6.87328998612345 0.8022
-6.87342897969131 0.8023
-6.87354386940561 0.8024
-6.87364182451469 0.8025
-6.8737385711124 0.8026
-6.87384521253064 0.8027
-6.87393657270082 0.8028
-6.87400132766643 0.8029
-6.87404435517709 0.803
-6.87407258473286 0.8031
-6.87408098924475 0.8032
-6.87409182586778 0.8033
-6.87407674177606 0.8034
-6.87405829027518 0.8035
-6.87402974902121 0.8036
-6.87398181049347 0.8037
-6.87394002398757 0.8038
-6.87390742917951 0.8039
-6.87386206041803 0.804
-6.87380943322154 0.8041
-6.87374768268244 0.8042
-6.87369283543662 0.8043
-6.87364233592469 0.8044
-6.8735876778842 0.8045
-6.87354919665192 0.8046
-6.8735082411019 0.8047
-6.87347339147429 0.8048
-6.87344225746362 0.8049
-6.87343198473593 0.805
-6.87342125914794 0.8051
-6.87342927874289 0.8052
-6.87345973371562 0.8053
-6.87349178959539 0.8054
-6.87354087270581 0.8055
-6.87359112827224 0.8056
-6.87362629345038 0.8057
-6.87365226395257 0.8058
-6.87366094707407 0.8059
-6.87368877992804 0.806
-6.87371038106964 0.8061
-6.87371962143079 0.8062
-6.87372368861232 0.8063
-6.87372465461694 0.8064
-6.87370696803573 0.8065
-6.87366882262398 0.8066
-6.87360987537308 0.8067
-6.87349710701309 0.8068
-6.87338847689667 0.8069
-6.87328061073389 0.807
-6.87316004505399 0.8071
-6.87302186674887 0.8072
-6.87287801073084 0.8073
-6.87272610417916 0.8074
-6.87255108044037 0.8075
-6.87239255033224 0.8076
-6.87222842345867 0.8077
-6.87206826257887 0.8078
-6.87191322460183 0.8079
-6.87176155400098 0.808
-6.87162892646886 0.8081
-6.87149697187093 0.8082
-6.87137653072302 0.8083
-6.87126423170603 0.8084
-6.87115575220916 0.8085
-6.87103343776877 0.8086
-6.87092162450528 0.8087
-6.87083231838955 0.8088
-6.87077191212044 0.8089
-6.87071931471145 0.809
-6.87069074574134 0.8091
-6.87065154797647 0.8092
-6.87062180105637 0.8093
-6.87060669688962 0.8094
-6.87061969855224 0.8095
-6.87061605113325 0.8096
-6.87062789758462 0.8097
-6.87062451401639 0.8098
-6.87059762623854 0.8099
-6.87057544682515 0.81
-6.87054721522884 0.8101
-6.8705133058208 0.8102
-6.87048499477266 0.8103
-6.87045758136517 0.8104
-6.87044682652754 0.8105
-6.87042964529747 0.8106
-6.87038733713982 0.8107
-6.87035133358791 0.8108
-6.87033221168254 0.8109
-6.87029428363286 0.811
-6.87024706996876 0.8111
-6.87022611129454 0.8112
-6.87017667070953 0.8113
-6.8701422020618 0.8114
-6.87010777254664 0.8115
-6.87006533763976 0.8116
-6.87001942461165 0.8117
-6.86998950298792 0.8118
-6.86994331993245 0.8119
-6.86989531498526 0.812
-6.86985476238538 0.8121
-6.86983808352656 0.8122
-6.86982708665755 0.8123
-6.86983985779604 0.8124
-6.86985642709199 0.8125
-6.8698645103898 0.8126
-6.86988124806337 0.8127
-6.86990498031187 0.8128
-6.86995016226456 0.8129
-6.8700119989582 0.813
-6.87006425944074 0.8131
-6.8701691722384 0.8132
-6.87027827599799 0.8133
-6.87042569841235 0.8134
-6.87062093866863 0.8135
-6.87082673120423 0.8136
-6.87103223913057 0.8137
-6.8712395104063 0.8138
-6.87146599215919 0.8139
-6.87171028272863 0.814
-6.87192448364684 0.8141
-6.87215100709362 0.8142
-6.87236299567195 0.8143
-6.87255831197397 0.8144
-6.872746267366 0.8145
-6.87292908302486 0.8146
-6.87309418137451 0.8147
-6.87321909854567 0.8148
-6.873305127722 0.8149
-6.87336519185256 0.815
-6.87342824142826 0.8151
-6.87345597151659 0.8152
-6.87347292163891 0.8153
-6.87343270051189 0.8154
-6.87336688174449 0.8155
-6.87327370112782 0.8156
-6.87314709336006 0.8157
-6.87301129112933 0.8158
-6.8728669986532 0.8159
-6.87270525599818 0.816
-6.87254793859109 0.8161
-6.87237961367274 0.8162
-6.87220770016171 0.8163
-6.87203967423491 0.8164
-6.87188156097398 0.8165
-6.87173069569805 0.8166
-6.87158511021021 0.8167
-6.87143277857564 0.8168
-6.87130952640652 0.8169
-6.8711951579289 0.817
-6.87106576856806 0.8171
-6.87093286784307 0.8172
-6.87078097086545 0.8173
-6.87062636628788 0.8174
-6.87043757082431 0.8175
-6.8702529766392 0.8176
-6.87007598090296 0.8177
-6.86988998264161 0.8178
-6.86969659667448 0.8179
-6.86951063329693 0.818
-6.86936207377154 0.8181
-6.86921622856658 0.8182
-6.86906646165181 0.8183
-6.86896899513482 0.8184
-6.86888857457177 0.8185
-6.86882769640969 0.8186
-6.86877301879682 0.8187
-6.86873005107647 0.8188
-6.8686876361923 0.8189
-6.86865358980424 0.819
-6.86862987262133 0.8191
-6.86862815638985 0.8192
-6.86864426896421 0.8193
-6.86867845341377 0.8194
-6.86871057347277 0.8195
-6.8687723065079 0.8196
-6.86883936926332 0.8197
-6.86893477683748 0.8198
-6.86901521858998 0.8199
-6.86908150411554 0.82
-6.86914323228302 0.8201
-6.86919615692593 0.8202
-6.86923519721431 0.8203
-6.86926965161018 0.8204
-6.8693084651777 0.8205
-6.86935235769034 0.8206
-6.86939830051094 0.8207
-6.86942754042732 0.8208
-6.86945813152301 0.8209
-6.86949697950876 0.821
-6.8695251431148 0.8211
-6.8695535417888 0.8212
-6.86956947054926 0.8213
-6.86960495599677 0.8214
-6.86962455883886 0.8215
-6.86961389628233 0.8216
-6.86960313736124 0.8217
-6.869577931868 0.8218
-6.86956019759436 0.8219
-6.86953354744785 0.822
-6.86950370738302 0.8221
-6.86948982627561 0.8222
-6.86948307786895 0.8223
-6.86948523900776 0.8224
-6.86947416018042 0.8225
-6.86946722142628 0.8226
-6.86943655753504 0.8227
-6.86939343382167 0.8228
-6.86933626852342 0.8229
-6.86925357544796 0.823
-6.86915420071123 0.8231
-6.86903137015987 0.8232
-6.86890707645285 0.8233
-6.86875472887723 0.8234
-6.86859110138388 0.8235
-6.86842188059573 0.8236
-6.86825783113562 0.8237
-6.86809908386012 0.8238
-6.86795178983162 0.8239
-6.86783619190014 0.824
-6.86772766066945 0.8241
-6.86765846861751 0.8242
-6.86758839212496 0.8243
-6.86750703550607 0.8244
-6.8674639943515 0.8245
-6.86744076425804 0.8246
-6.8674129748854 0.8247
-6.86737483230508 0.8248
-6.86734263815869 0.8249
-6.86735312410649 0.825
-6.86737094787053 0.8251
-6.86740664545369 0.8252
-6.86744335515833 0.8253
-6.86749079679985 0.8254
-6.86754969080561 0.8255
-6.86761399594722 0.8256
-6.86768702469467 0.8257
-6.86777562313159 0.8258
-6.8678719376145 0.8259
-6.86795306311456 0.826
-6.86803400237298 0.8261
-6.86811848130749 0.8262
-6.86819579138264 0.8263
-6.86828074881702 0.8264
-6.86837871544804 0.8265
-6.86846986055717 0.8266
-6.8685772977561 0.8267
-6.86867481603805 0.8268
-6.86877619056606 0.8269
-6.86888516573498 0.827
-6.86899663774493 0.8271
-6.86912690481688 0.8272
-6.86926927131955 0.8273
-6.86940044734806 0.8274
-6.8695300424306 0.8275
-6.86964452993243 0.8276
-6.86972899666987 0.8277
-6.86980485714666 0.8278
-6.8698525859643 0.8279
-6.86988661934416 0.828
-6.86993095245558 0.8281
-6.86997247550773 0.8282
-6.87002816241872 0.8283
-6.87009602255817 0.8284
-6.87014723399459 0.8285
-6.8701837411078 0.8286
-6.87022429335242 0.8287
-6.87025745550803 0.8288
-6.87028526427369 0.8289
-6.8703177917953 0.829
-6.87033959661495 0.8291
-6.87036191419978 0.8292
-6.87037043961218 0.8293
-6.87035006493613 0.8294
-6.87035127513753 0.8295
-6.87031787288957 0.8296
-6.87028330302377 0.8297
-6.87022879178898 0.8298
-6.87015949397033 0.8299
-6.87007754565216 0.83
-6.8699796790173 0.8301
-6.86986795977173 0.8302
-6.86975791762741 0.8303
-6.86965347347752 0.8304
-6.86956941945787 0.8305
-6.86948648109677 0.8306
-6.86938692951744 0.8307
-6.86928343943542 0.8308
-6.86918223855645 0.8309
-6.8690945815441 0.831
-6.86898885889711 0.8311
-6.86887864865882 0.8312
-6.86874022609381 0.8313
-6.86860007899421 0.8314
-6.86845339984998 0.8315
-6.86832264765462 0.8316
-6.86822468168195 0.8317
-6.86814966923067 0.8318
-6.86809678590258 0.8319
-6.86805021619043 0.832
-6.8680064267001 0.8321
-6.8679802769572 0.8322
-6.86795611526426 0.8323
-6.86795539804903 0.8324
-6.86794973756732 0.8325
-6.8679750973784 0.8326
-6.86802496065038 0.8327
-6.86809186931109 0.8328
-6.86817700456234 0.8329
-6.86825754476829 0.833
-6.86835016406391 0.8331
-6.86846054435878 0.8332
-6.868580741495 0.8333
-6.8686996592147 0.8334
-6.86879936383053 0.8335
-6.86888495247438 0.8336
-6.86895746682952 0.8337
-6.86901889523425 0.8338
-6.86908620575793 0.8339
-6.86915100067553 0.834
-6.86921677151619 0.8341
-6.86928805996701 0.8342
-6.86934312326941 0.8343
-6.8693712448584 0.8344
-6.86937371184658 0.8345
-6.86936439663645 0.8346
-6.86932233186731 0.8347
-6.86926612664914 0.8348
-6.86918945952679 0.8349
-6.86908160918749 0.835
-6.86893218902868 0.8351
-6.86874684729059 0.8352
-6.8685390337871 0.8353
-6.86830871586318 0.8354
-6.86806304556553 0.8355
-6.86781591730328 0.8356
-6.86756802892709 0.8357
-6.86731723511111 0.8358
-6.86706616730772 0.8359
-6.86679881631059 0.836
-6.86651787307978 0.8361
-6.86626089204699 0.8362
-6.86599705377692 0.8363
-6.86572149613862 0.8364
-6.86544382798059 0.8365
-6.86514441346379 0.8366
-6.86486573051031 0.8367
-6.86460116707302 0.8368
-6.86435713929973 0.8369
-6.86410044465661 0.837
-6.86385437686726 0.8371
-6.86361937230192 0.8372
-6.8634150509987 0.8373
-6.86324076344578 0.8374
-6.86309122261333 0.8375
-6.86296132960859 0.8376
-6.86286781099773 0.8377
-6.86278742227121 0.8378
-6.86270315873528 0.8379
-6.86266385709082 0.838
-6.8626390440693 0.8381
-6.86262731378502 0.8382
-6.86264818443243 0.8383
-6.8626702184682 0.8384
-6.86268695498975 0.8385
-6.8626848444462 0.8386
-6.86269320086003 0.8387
-6.86271213282482 0.8388
-6.86270277643057 0.8389
-6.86268294764864 0.839
-6.86265298087421 0.8391
-6.86261484233527 0.8392
-6.86260341303909 0.8393
-6.86259290717924 0.8394
-6.86256949793622 0.8395
-6.86256564686983 0.8396
-6.86254646012838 0.8397
-6.86252125559098 0.8398
-6.86249073835824 0.8399
-6.86245396280139 0.84
-6.86242517582131 0.8401
-6.86240457609871 0.8402
-6.86238090111021 0.8403
-6.86234187200632 0.8404
-6.86229671906944 0.8405
-6.86225671860525 0.8406
-6.86224422296402 0.8407
-6.86226160176518 0.8408
-6.86230381601435 0.8409
-6.86234762299439 0.841
-6.86240490933294 0.8411
-6.86247837020216 0.8412
-6.86257430309187 0.8413
-6.8626762220182 0.8414
-6.8628097234925 0.8415
-6.86295435381233 0.8416
-6.86310705521615 0.8417
-6.8632647702141 0.8418
-6.86343097696532 0.8419
-6.86358866526189 0.842
-6.86376559850213 0.8421
-6.8639278369978 0.8422
-6.86409107522056 0.8423
-6.86426341444032 0.8424
-6.86441740173332 0.8425
-6.86459117882008 0.8426
-6.86475600481501 0.8427
-6.86491109445328 0.8428
-6.86505042144273 0.8429
-6.86518537621506 0.843
-6.86530363624635 0.8431
-6.86538206125089 0.8432
-6.86545976987554 0.8433
-6.86550175706138 0.8434
-6.8655208635576 0.8435
-6.86550146931924 0.8436
-6.86549331766008 0.8437
-6.86546089828874 0.8438
-6.86541879035112 0.8439
-6.8653395739178 0.844
-6.86525374100453 0.8441
-6.86513872012961 0.8442
-6.86501920738086 0.8443
-6.86488645858836 0.8444
-6.86473562167404 0.8445
-6.8645822742555 0.8446
-6.86443300744736 0.8447
-6.86429803226445 0.8448
-6.86418774295908 0.8449
-6.86408225975975 0.845
-6.86397423053925 0.8451
-6.86386753954257 0.8452
-6.86376069760341 0.8453
-6.8636669854701 0.8454
-6.8635959543014 0.8455
-6.86355638881233 0.8456
-6.86352365329546 0.8457
-6.86351289911069 0.8458
-6.86349434753316 0.8459
-6.86345051973472 0.846
-6.86341073354233 0.8461
-6.86341194546442 0.8462
-6.86341458065635 0.8463
-6.86343824906609 0.8464
-6.86348227392403 0.8465
-6.86352138728136 0.8466
-6.86355715067309 0.8467
-6.8635634123737 0.8468
-6.86356811772248 0.8469
-6.86353259065682 0.847
-6.86351163443893 0.8471
-6.86346817393361 0.8472
-6.86339524485051 0.8473
-6.86331945157396 0.8474
-6.86326129255333 0.8475
-6.86320358719909 0.8476
-6.86311486232795 0.8477
-6.86300781833563 0.8478
-6.86289629122695 0.8479
-6.86281825238403 0.848
-6.86274054182107 0.8481
-6.86267323420978 0.8482
-6.86260637969701 0.8483
-6.86252904616998 0.8484
-6.86244379205762 0.8485
-6.86233673659484 0.8486
-6.86221714405875 0.8487
-6.86208906900171 0.8488
-6.86198340046179 0.8489
-6.8618970562061 0.849
-6.86182696424298 0.8491
-6.86178099190536 0.8492
-6.86175337877042 0.8493
-6.86176581703462 0.8494
-6.86181088484058 0.8495
-6.86186112796316 0.8496
-6.86194100019511 0.8497
-6.86202801437676 0.8498
-6.86211003489837 0.8499
-6.86218869893376 0.85
-6.86226926605141 0.8501
-6.86236254610454 0.8502
-6.86247930764574 0.8503
-6.8626066941495 0.8504
-6.86274040134217 0.8505
-6.86285362024274 0.8506
-6.86298006315392 0.8507
-6.86312602108312 0.8508
-6.86327260023235 0.8509
-6.86341516845837 0.851
-6.86357907386179 0.8511
-6.86373693254123 0.8512
-6.86391380296535 0.8513
-6.86408477309731 0.8514
-6.86426779495113 0.8515
-6.8644468572877 0.8516
-6.86461658393811 0.8517
-6.86479026850219 0.8518
-6.86495299209653 0.8519
-6.86510451261878 0.852
-6.86524215550612 0.8521
-6.86534872277913 0.8522
-6.86544913672356 0.8523
-6.8655563428169 0.8524
-6.8656386591457 0.8525
-6.86572410414172 0.8526
-6.8658078398357 0.8527
-6.86587162208232 0.8528
-6.86594158438714 0.8529
-6.86600451213484 0.853
-6.86606378621148 0.8531
-6.86609894710387 0.8532
-6.86609735163855 0.8533
-6.8660818813659 0.8534
-6.86605950971304 0.8535
-6.86601920931859 0.8536
-6.86596718290653 0.8537
-6.86592214718575 0.8538
-6.86584069619847 0.8539
-6.86576672960732 0.854
-6.86568558413463 0.8541
-6.86558550363341 0.8542
-6.865470664007 0.8543
-6.86533467752395 0.8544
-6.86519918547346 0.8545
-6.86507154154692 0.8546
-6.86492833905561 0.8547
-6.86477963418727 0.8548
-6.86463119528633 0.8549
-6.86448990945933 0.855
-6.86434528554754 0.8551
-6.86417865080908 0.8552
-6.86402505803516 0.8553
-6.86389360883306 0.8554
-6.86377045719173 0.8555
-6.86365375454663 0.8556
-6.86355587069614 0.8557
-6.86346120662869 0.8558
-6.86336320579519 0.8559
-6.86325443047713 0.856
-6.86316736082438 0.8561
-6.86308383823764 0.8562
-6.86302352891623 0.8563
-6.86298050703286 0.8564
-6.86293794034556 0.8565
-6.86290322624605 0.8566
-6.86287199753558 0.8567
-6.86284020554557 0.8568
-6.86284708232185 0.8569
-6.8628572997317 0.857
-6.86285666027163 0.8571
-6.86284868010776 0.8572
-6.86285539367453 0.8573
-6.86285775470956 0.8574
-6.86284741392064 0.8575
-6.86281900053781 0.8576
-6.86278082626656 0.8577
-6.86272683260518 0.8578
-6.86265557148872 0.8579
-6.86259412989519 0.858
-6.86252495937655 0.8581
-6.86246148548663 0.8582
-6.86240319077234 0.8583
-6.86233767964446 0.8584
-6.86223454459128 0.8585
-6.86216061366344 0.8586
-6.86207765593277 0.8587
-6.86200056547578 0.8588
-6.86191603527875 0.8589
-6.86183277947992 0.859
-6.86175665148027 0.8591
-6.86167305376126 0.8592
-6.86160878732393 0.8593
-6.86156450963052 0.8594
-6.8615562081941 0.8595
-6.86157163237044 0.8596
-6.86160204003309 0.8597
-6.86166147567558 0.8598
-6.86172942832735 0.8599
-6.86180773135225 0.86
-6.86191541731334 0.8601
-6.86203578356571 0.8602
-6.86218881295836 0.8603
-6.86233743627301 0.8604
-6.86249808406369 0.8605
-6.86266398352264 0.8606
-6.86283482475452 0.8607
-6.86298670938222 0.8608
-6.86314311299304 0.8609
-6.86328904963778 0.861
-6.86342908540435 0.8611
-6.86354753199491 0.8612
-6.86364621099901 0.8613
-6.86373032473967 0.8614
-6.86380955121449 0.8615
-6.86387534338149 0.8616
-6.86394010102181 0.8617
-6.86399502543162 0.8618
-6.86401511667241 0.8619
-6.86401918773016 0.862
-6.86402219269388 0.8621
-6.86398692586011 0.8622
-6.86394965376568 0.8623
-6.86388558207996 0.8624
-6.86381916311038 0.8625
-6.86371286097978 0.8626
-6.86360455693693 0.8627
-6.86347721761911 0.8628
-6.86332831350803 0.8629
-6.86316967682211 0.863
-6.86302486073879 0.8631
-6.86289028181154 0.8632
-6.86276271359159 0.8633
-6.86264851819135 0.8634
-6.86252910936553 0.8635
-6.86241624857138 0.8636
-6.86235238947624 0.8637
-6.86231132707853 0.8638
-6.8622836225749 0.8639
-6.86224821836289 0.864
-6.86222540230374 0.8641
-6.86220608664936 0.8642
-6.86220628694637 0.8643
-6.86224722069411 0.8644
-6.86232933718654 0.8645
-6.86241423893396 0.8646
-6.8625170369111 0.8647
-6.8626336661472 0.8648
-6.86272742094445 0.8649
-6.86281505988249 0.865
-6.86287163995975 0.8651
-6.86290893585068 0.8652
-6.86294844519634 0.8653
-6.86295032547881 0.8654
-6.8629536568085 0.8655
-6.86295436990851 0.8656
-6.86290336910854 0.8657
-6.86284705047957 0.8658
-6.8628028756364 0.8659
-6.86273959256838 0.866
-6.86266652595683 0.8661
-6.86256866053479 0.8662
-6.86247231381481 0.8663
-6.8623526348391 0.8664
-6.86223457225986 0.8665
-6.86209845906808 0.8666
-6.86197502532078 0.8667
-6.86186529159846 0.8668
-6.86176247097518 0.8669
-6.86166261757003 0.867
-6.86155170396415 0.8671
-6.86146145456326 0.8672
-6.86137991899519 0.8673
-6.86130794459267 0.8674
-6.86123805365989 0.8675
-6.86119310551442 0.8676
-6.86121593009274 0.8677
-6.86122883615026 0.8678
-6.86127466788311 0.8679
-6.86134908578582 0.868
-6.86144451698974 0.8681
-6.86155291715648 0.8682
-6.86165290573837 0.8683
-6.86174165529912 0.8684
-6.8618185315634 0.8685
-6.86190866671208 0.8686
-6.86198306533165 0.8687
-6.86207705452043 0.8688
-6.86217512669773 0.8689
-6.86224640552554 0.869
-6.86231764394944 0.8691
-6.86240866136875 0.8692
-6.86247307870195 0.8693
-6.86251861853756 0.8694
-6.86254603041349 0.8695
-6.86255427483952 0.8696
-6.86253061003843 0.8697
-6.86246338469082 0.8698
-6.8623807524244 0.8699
-6.86228783432498 0.87
-6.86216461410717 0.8701
-6.86201676164253 0.8702
-6.86184449322088 0.8703
-6.86167160120902 0.8704
-6.86147997430946 0.8705
-6.86127657117666 0.8706
-6.86107911953035 0.8707
-6.86087310624097 0.8708
-6.86064849931972 0.8709
-6.86041355587619 0.871
-6.86017453439942 0.8711
-6.85994030359588 0.8712
-6.85971300347917 0.8713
-6.85949861839997 0.8714
-6.85926617597752 0.8715
-6.85902819148875 0.8716
-6.85881061274573 0.8717
-6.85859232667492 0.8718
-6.85840336708036 0.8719
-6.85820598698659 0.872
-6.85801769265868 0.8721
-6.85783668548542 0.8722
-6.85768306320709 0.8723
-6.85752157622675 0.8724
-6.85735337114247 0.8725
-6.85718933200107 0.8726
-6.85703007385149 0.8727
-6.85689797020074 0.8728
-6.85678558548323 0.8729
-6.85673570894435 0.873
-6.85667535963075 0.8731
-6.85665619559018 0.8732
-6.8566557646956 0.8733
-6.85664606224725 0.8734
-6.85667243671447 0.8735
-6.85669974402559 0.8736
-6.85674214059072 0.8737
-6.85676111492897 0.8738
-6.85676184723301 0.8739
-6.85677094655487 0.874
-6.85678429610639 0.8741
-6.85683603516398 0.8742
-6.85691892727687 0.8743
-6.85700142765363 0.8744
-6.85708090545818 0.8745
-6.85716558099065 0.8746
-6.85724329157763 0.8747
-6.85730342044756 0.8748
-6.85737105071335 0.8749
-6.85746109845817 0.875
-6.8575365735913 0.8751
-6.85763133982761 0.8752
-6.8577328186748 0.8753
-6.857857324604 0.8754
-6.85799804122539 0.8755
-6.85814132663943 0.8756
-6.85828882702095 0.8757
-6.85845843609475 0.8758
-6.85863700132536 0.8759
-6.85878317212787 0.876
-6.8589210619717 0.8761
-6.85906283733797 0.8762
-6.85920863262354 0.8763
-6.85933550853495 0.8764
-6.85944714404543 0.8765
-6.8595534387637 0.8766
-6.85963656641828 0.8767
-6.8597107892952 0.8768
-6.85977273992349 0.8769
-6.85983499722845 0.877
-6.85988460747739 0.8771
-6.85992556303232 0.8772
-6.85993900291535 0.8773
-6.85995226175879 0.8774
-6.85995276638777 0.8775
-6.85995291602528 0.8776
-6.85996110725553 0.8777
-6.85998298689759 0.8778
-6.86001467909146 0.8779
-6.86006387567321 0.878
-6.8601121574652 0.8781
-6.86015842547804 0.8782
-6.86021749703752 0.8783
-6.86026412508753 0.8784
-6.86031330354286 0.8785
-6.86036068528033 0.8786
-6.86043072399428 0.8787
-6.86048182038546 0.8788
-6.86053039742751 0.8789
-6.86052950866829 0.879
-6.86051084261843 0.8791
-6.86050502605077 0.8792
-6.86048681089769 0.8793
-6.86047215157257 0.8794
-6.86046908290458 0.8795
-6.86044998470103 0.8796
-6.86040167847015 0.8797
-6.86034456428428 0.8798
-6.86027733793254 0.8799
-6.86017777171087 0.88
-6.86003697284978 0.8801
-6.85991107544485 0.8802
-6.85977075053582 0.8803
-6.85960380430435 0.8804
-6.8594233818365 0.8805
-6.85925663055459 0.8806
-6.85908618536149 0.8807
-6.85894780629462 0.8808
-6.85883309465707 0.8809
-6.85872141838216 0.881
-6.85861126113546 0.8811
-6.85852164292031 0.8812
-6.85842030410848 0.8813
-6.85833318835421 0.8814
-6.85823849952035 0.8815
-6.85813141576141 0.8816
-6.85800197845808 0.8817
-6.85785608654676 0.8818
-6.85770433881074 0.8819
-6.85753400511695 0.882
-6.85737369727833 0.8821
-6.85720493764465 0.8822
-6.85703514416807 0.8823
-6.85686536223329 0.8824
-6.85672449505309 0.8825
-6.85658125610309 0.8826
-6.85645479285485 0.8827
-6.85632423547974 0.8828
-6.85620165278495 0.8829
-6.85606529405649 0.883
-6.85589711661954 0.8831
-6.8557140759309 0.8832
-6.85554889176296 0.8833
-6.85540271335119 0.8834
-6.85528595209693 0.8835
-6.85518954265709 0.8836
-6.85507587793708 0.8837
-6.85497912747866 0.8838
-6.85486440143691 0.8839
-6.85478388510207 0.884
-6.85471834324623 0.8841
-6.85467047741597 0.8842
-6.85463961532461 0.8843
-6.85464687289865 0.8844
-6.85465436329182 0.8845
-6.85468407638728 0.8846
-6.85476539233266 0.8847
-6.85485868594541 0.8848
-6.85496209807491 0.8849
-6.85509872633821 0.885
-6.85524335972805 0.8851
-6.85537139273641 0.8852
-6.85548642594577 0.8853
-6.85559506277223 0.8854
-6.85568477990931 0.8855
-6.85575547405119 0.8856
-6.85579528104685 0.8857
-6.85582128339836 0.8858
-6.85583591973817 0.8859
-6.85578550939416 0.886
-6.85572003081378 0.8861
-6.85565217187489 0.8862
-6.85554554990695 0.8863
-6.85541266586494 0.8864
-6.85526040985103 0.8865
-6.85513027318216 0.8866
-6.8549981249265 0.8867
-6.85487301488187 0.8868
-6.85474344289037 0.8869
-6.85462436787544 0.887
-6.85451973297551 0.8871
-6.85442571144971 0.8872
-6.85433616684092 0.8873
-6.85424705061576 0.8874
-6.8541679439298 0.8875
-6.85411495692687 0.8876
-6.85403862437497 0.8877
-6.8539831953516 0.8878
-6.8539261666067 0.8879
-6.85392799951613 0.888
-6.85392808259871 0.8881
-6.85393860924268 0.8882
-6.85393962338452 0.8883
-6.85396484950207 0.8884
-6.85400765201457 0.8885
-6.85405292193134 0.8886
-6.85413411318304 0.8887
-6.85421362602153 0.8888
-6.8543035737341 0.8889
-6.85441380973759 0.889
-6.85454423624918 0.8891
-6.85467268791606 0.8892
-6.85478606149382 0.8893
-6.85489727662398 0.8894
-6.85500346571432 0.8895
-6.85509738438188 0.8896
-6.85517192092372 0.8897
-6.85525511588294 0.8898
-6.85532689924167 0.8899
-6.85539778485296 0.89
-6.85543546540434 0.8901
-6.8554797140146 0.8902
-6.85551156446721 0.8903
-6.85554336168778 0.8904
-6.85557201412764 0.8905
-6.85556612343033 0.8906
-6.85555455920458 0.8907
-6.85555099474516 0.8908
-6.8555305984783 0.8909
-6.85549968605453 0.891
-6.85546344471835 0.8911
-6.85543586972862 0.8912
-6.85540004885327 0.8913
-6.85535263939918 0.8914
-6.85533084345283 0.8915
-6.85534261501273 0.8916
-6.85537288667783 0.8917
-6.85540740059356 0.8918
-6.85544542869732 0.8919
-6.85549085627706 0.892
-6.85553745539041 0.8921
-6.85561239456467 0.8922
-6.85570085178948 0.8923
-6.85581246502443 0.8924
-6.85590988455776 0.8925
-6.85598963852242 0.8926
-6.85607066978321 0.8927
-6.85612526204165 0.8928
-6.85616900535527 0.8929
-6.85618603819256 0.893
-6.85619586890823 0.8931
-6.85618613335183 0.8932
-6.85617067575705 0.8933
-6.85613086489515 0.8934
-6.8560860481582 0.8935
-6.85604523869452 0.8936
-6.85599526702856 0.8937
-6.85593550850133 0.8938
-6.85586064010988 0.8939
-6.85577843105104 0.894
-6.8556692787248 0.8941
-6.85553854573181 0.8942
-6.85539956683691 0.8943
-6.85525652386004 0.8944
-6.85512408040065 0.8945
-6.85499038370217 0.8946
-6.85489215136406 0.8947
-6.85479225446183 0.8948
-6.85472106462558 0.8949
-6.85467872911603 0.895
-6.8546272191539 0.8951
-6.85457609303247 0.8952
-6.85452559768786 0.8953
-6.85447004021305 0.8954
-6.85444791715011 0.8955
-6.85442794180262 0.8956
-6.85443282835819 0.8957
-6.85446486528178 0.8958
-6.85450729508698 0.8959
-6.85454446909973 0.896
-6.85459896668017 0.8961
-6.85465565043953 0.8962
-6.85473881452274 0.8963
-6.85480487134241 0.8964
-6.85487477498158 0.8965
-6.8549456367617 0.8966
-6.85502810418831 0.8967
-6.85509717476341 0.8968
-6.85517906386895 0.8969
-6.85526091260494 0.897
-6.85534016718448 0.8971
-6.85542720504989 0.8972
-6.85548422701917 0.8973
-6.8555391365608 0.8974
-6.85561390456241 0.8975
-6.85568130772917 0.8976
-6.8557528997579 0.8977
-6.85583418313621 0.8978
-6.85592621060809 0.8979
-6.85603353935407 0.898
-6.85616063409146 0.8981
-6.85630364137647 0.8982
-6.85645328081692 0.8983
-6.85663064743233 0.8984
-6.85680418557625 0.8985
-6.85697590094516 0.8986
-6.85716463919564 0.8987
-6.8573544854422 0.8988
-6.85756015139888 0.8989
-6.85773031827724 0.899
-6.85789197620146 0.8991
-6.85803152967688 0.8992
-6.85813819636419 0.8993
-6.85823874487175 0.8994
-6.85832612933562 0.8995
-6.85839258744387 0.8996
-6.85842882245967 0.8997
-6.85844940690079 0.8998
-6.8584602915472 0.8999
-6.8584749952331 0.9
-6.85848734640473 0.9001
-6.85851325383858 0.9002
-6.8585182747148 0.9003
-6.85853227306264 0.9004
-6.85854323369167 0.9005
-6.85853682357893 0.9006
-6.85850185560048 0.9007
-6.85845058474918 0.9008
-6.85839560064875 0.9009
-6.85834144296482 0.901
-6.85829431723627 0.9011
-6.85825343454913 0.9012
-6.85821382989726 0.9013
-6.85819148246896 0.9014
-6.85817417936584 0.9015
-6.85817187569348 0.9016
-6.85814358821207 0.9017
-6.8580899591338 0.9018
-6.85799204961199 0.9019
-6.85788976619242 0.902
-6.85780969112764 0.9021
-6.85771305878243 0.9022
-6.85762299767112 0.9023
-6.85751168919292 0.9024
-6.8574085119807 0.9025
-6.85727734661221 0.9026
-6.85712421035214 0.9027
-6.85695430433468 0.9028
-6.85675722786263 0.9029
-6.85655461859067 0.903
-6.85635667262749 0.9031
-6.8561627317411 0.9032
-6.85597073848693 0.9033
-6.85577617913684 0.9034
-6.85558323603806 0.9035
-6.85538262605051 0.9036
-6.85519767841961 0.9037
-6.85504096387553 0.9038
-6.8548642315542 0.9039
-6.85467811836562 0.904
-6.85447273024883 0.9041
-6.85426420357086 0.9042
-6.85407005608864 0.9043
-6.85389944562748 0.9044
-6.85374169267062 0.9045
-6.85358703556889 0.9046
-6.8534304703866 0.9047
-6.85326691528815 0.9048
-6.85313957850901 0.9049
-6.8530287630265 0.905
-6.85294132904156 0.9051
-6.85288792769905 0.9052
-6.85287821579647 0.9053
-6.85290473819263 0.9054
-6.85294067672989 0.9055
-6.85299954166508 0.9056
-6.8531018327867 0.9057
-6.8531930583486 0.9058
-6.85330476503707 0.9059
-6.8534307128738 0.906
-6.85359637200447 0.9061
-6.85380168519074 0.9062
-6.8540204503356 0.9063
-6.85423544717697 0.9064
-6.85445155902935 0.9065
-6.85466804406383 0.9066
-6.8549002006267 0.9067
-6.85514545543383 0.9068
-6.85537115629843 0.9069
-6.85557288097042 0.907
-6.85576996657962 0.9071
-6.85596706537422 0.9072
-6.85616258598641 0.9073
-6.8563541227663 0.9074
-6.85651174202538 0.9075
-6.85666563120178 0.9076
-6.8568024482331 0.9077
-6.85690974237305 0.9078
-6.85701625339811 0.9079
-6.8571186377536 0.908
-6.85718487412982 0.9081
-6.85725138267338 0.9082
-6.85730247641441 0.9083
-6.8573297988335 0.9084
-6.85732528066465 0.9085
-6.85729102932895 0.9086
-6.85724701994773 0.9087
-6.85717406947659 0.9088
-6.85709244743086 0.9089
-6.85702435395865 0.909
-6.85695451346303 0.9091
-6.85685441127865 0.9092
-6.85671170569835 0.9093
-6.85655918505616 0.9094
-6.85638473032195 0.9095
-6.8562245590685 0.9096
-6.85606642318002 0.9097
-6.85587908653253 0.9098
-6.85567965599581 0.9099
-6.8554774269756 0.91
-6.85526486950114 0.9101
-6.8550086586905 0.9102
-6.85472816564343 0.9103
-6.85440727149381 0.9104
-6.8541057790828 0.9105
-6.85383611452482 0.9106
-6.85356726117687 0.9107
-6.85330457965546 0.9108
-6.85303843922739 0.9109
-6.85278235532019 0.911
-6.85252623340506 0.9111
-6.85228638502545 0.9112
-6.85206488101224 0.9113
-6.8518750711821 0.9114
-6.85169156225232 0.9115
-6.85150741744478 0.9116
-6.85133030701759 0.9117
-6.85119531142087 0.9118
-6.85107180250572 0.9119
-6.85097394098405 0.912
-6.85093813939571 0.9121
-6.85092942410177 0.9122
-6.8509235137279 0.9123
-6.85090920176036 0.9124
-6.85091067771718 0.9125
-6.85093292851717 0.9126
-6.85095359231592 0.9127
-6.85097321759141 0.9128
-6.8509993895731 0.9129
-6.85099968371824 0.913
-6.85100204790685 0.9131
-6.85098985012146 0.9132
-6.85097407466839 0.9133
-6.85096293199585 0.9134
-6.85093669437834 0.9135
-6.85090906323654 0.9136
-6.85087627039382 0.9137
-6.85085632493347 0.9138
-6.85080301477979 0.9139
-6.85074089613854 0.914
-6.85069554760347 0.9141
-6.8506330465772 0.9142
-6.85057370202151 0.9143
-6.85049946943094 0.9144
-6.8504305979842 0.9145
-6.85035667262954 0.9146
-6.85026350760144 0.9147
-6.85017933302229 0.9148
-6.85009332970177 0.9149
-6.85001124399673 0.915
-6.84992415660034 0.9151
-6.84985690198632 0.9152
-6.84982537863563 0.9153
-6.84983602013039 0.9154
-6.84985153315883 0.9155
-6.84985886579363 0.9156
-6.84985701508651 0.9157
-6.8498738033508 0.9158
-6.84990747264465 0.9159
-6.84994396056579 0.916
-6.84996304010126 0.9161
-6.84997476272038 0.9162
-6.84999877259601 0.9163
-6.85002525493872 0.9164
-6.85006320632057 0.9165
-6.85008150265587 0.9166
-6.85009825276615 0.9167
-6.85008007473164 0.9168
-6.85007193532861 0.9169
-6.85003425221308 0.917
-6.85000008669348 0.9171
-6.84995793858632 0.9172
-6.84988592764207 0.9173
-6.84982571578493 0.9174
-6.84975562600178 0.9175
-6.84967568965779 0.9176
-6.84958560185251 0.9177
-6.84950791506385 0.9178
-6.84941927101142 0.9179
-6.84933650150853 0.918
-6.84927650610621 0.9181
-6.8492204008622 0.9182
-6.84919294193419 0.9183
-6.84919384802415 0.9184
-6.84919240693231 0.9185
-6.8492176655247 0.9186
-6.84924704466747 0.9187
-6.84930711005689 0.9188
-6.84936067638653 0.9189
-6.84943924458198 0.919
-6.84950930515308 0.9191
-6.84957663671889 0.9192
-6.84964371870482 0.9193
-6.849720275535 0.9194
-6.84981203890331 0.9195
-6.84990995468261 0.9196
-6.85001877125869 0.9197
-6.85011985879223 0.9198
-6.85022572122904 0.9199
-6.85033772273888 0.92
-6.8504420232126 0.9201
-6.85051767153238 0.9202
-6.85058947389255 0.9203
-6.85064517694587 0.9204
-6.8506993068411 0.9205
-6.8507608848539 0.9206
-6.85080045068146 0.9207
-6.85078186477875 0.9208
-6.85077969557539 0.9209
-6.8507639093537 0.921
-6.85074705161521 0.9211
-6.85075066106336 0.9212
-6.85073726151636 0.9213
-6.85071900167475 0.9214
-6.85069902144651 0.9215
-6.85067276550527 0.9216
-6.85064584552958 0.9217
-6.8506364467478 0.9218
-6.85063393955109 0.9219
-6.8506364372478 0.922
-6.85062800177681 0.9221
-6.85063607022597 0.9222
-6.85065025351381 0.9223
-6.85065883665065 0.9224
-6.85067679813475 0.9225
-6.85069668702187 0.9226
-6.85073135732466 0.9227
-6.85077190587803 0.9228
-6.85083989317205 0.9229
-6.85091012595765 0.923
-6.85095759263174 0.9231
-6.85103226664775 0.9232
-6.85110904615704 0.9233
-6.85118502696818 0.9234
-6.85126583376429 0.9235
-6.85135614617348 0.9236
-6.85145016307984 0.9237
-6.85152849215129 0.9238
-6.85161431533063 0.9239
-6.85170078349813 0.924
-6.85181141634349 0.9241
-6.85192169753014 0.9242
-6.85202487834702 0.9243
-6.85214132236425 0.9244
-6.85223116618408 0.9245
-6.85230080167544 0.9246
-6.85236898167872 0.9247
-6.85243747713271 0.9248
-6.85251846309932 0.9249
-6.85259475580133 0.925
-6.85269314353734 0.9251
-6.85277524716627 0.9252
-6.85285011372838 0.9253
-6.85292037441291 0.9254
-6.85300747915654 0.9255
-6.853087385023 0.9256
-6.85314258952234 0.9257
-6.85316946614585 0.9258
-6.85319032607366 0.9259
-6.85320351011564 0.926
-6.85318839481375 0.9261
-6.85316189577706 0.9262
-6.85311221096894 0.9263
-6.85307508827106 0.9264
-6.85301405573485 0.9265
-6.85291617006736 0.9266
-6.85280185415114 0.9267
-6.85269814177147 0.9268
-6.85259108383924 0.9269
-6.85247702473215 0.927
-6.85231744934089 0.9271
-6.85214926577804 0.9272
-6.85196196376423 0.9273
-6.85177212881204 0.9274
-6.85158327971542 0.9275
-6.85136981412807 0.9276
-6.85111834017194 0.9277
-6.85085269462215 0.9278
-6.85057214653878 0.9279
-6.85032087904077 0.928
-6.85006575257928 0.9281
-6.84982885454157 0.9282
-6.8495954052091 0.9283
-6.84937573717898 0.9284
-6.84914294899065 0.9285
-6.84893590401261 0.9286
-6.84872969398398 0.9287
-6.84852080752579 0.9288
-6.84834324201424 0.9289
-6.84818783995096 0.929
-6.84805508015286 0.9291
-6.84791257508159 0.9292
-6.84775702340985 0.9293
-6.84760734114511 0.9294
-6.84749170084037 0.9295
-6.84736225934975 0.9296
-6.84724770850177 0.9297
-6.84713126573684 0.9298
-6.84703719213301 0.9299
-6.84697444851407 0.93
-6.84692357783359 0.9301
-6.8468888084645 0.9302
-6.84687300223544 0.9303
-6.84686678122677 0.9304
-6.84687273570869 0.9305
-6.84687821399382 0.9306
-6.84691107068127 0.9307
-6.84693971321634 0.9308
-6.8469718287233 0.9309
-6.84700955801677 0.931
-6.84703980038551 0.9311
-6.84707065422916 0.9312
-6.84712274457082 0.9313
-6.84718443497327 0.9314
-6.84722281385271 0.9315
-6.84723928860675 0.9316
-6.84727209878226 0.9317
-6.84728992765097 0.9318
-6.8472979481585 0.9319
-6.84731313268901 0.932
-6.84736812387549 0.9321
-6.84744660677842 0.9322
-6.84753129850176 0.9323
-6.8475999384382 0.9324
-6.84768680051887 0.9325
-6.84776620786014 0.9326
-6.84783720197638 0.9327
-6.84791857082804 0.9328
-6.84799029264496 0.9329
-6.84808389011931 0.933
-6.84818086876864 0.9331
-6.84827247153696 0.9332
-6.8483548271492 0.9333
-6.84844254569917 0.9334
-6.84852980299381 0.9335
-6.84860847927524 0.9336
-6.84870047906341 0.9337
-6.84878951133122 0.9338
-6.84888121737393 0.9339
-6.84897836859283 0.934
-6.84907859451049 0.9341
-6.84920617102426 0.9342
-6.84935217429462 0.9343
-6.8494918570779 0.9344
-6.84964499639663 0.9345
-6.84980294726824 0.9346
-6.84996427421862 0.9347
-6.85013989373097 0.9348
-6.85029606024061 0.9349
-6.85044721123055 0.935
-6.85060751325831 0.9351
-6.85078629467686 0.9352
-6.85096002535262 0.9353
-6.85111973330078 0.9354
-6.85123224648964 0.9355
-6.85131615527813 0.9356
-6.8513802659353 0.9357
-6.85142591785099 0.9358
-6.85144253252154 0.9359
-6.85142530928272 0.936
-6.85137735205613 0.9361
-6.85129850737679 0.9362
-6.85121933857192 0.9363
-6.85115411806551 0.9364
-6.85107670696638 0.9365
-6.85095589274412 0.9366
-6.85082811042923 0.9367
-6.8506972521934 0.9368
-6.85057474486743 0.9369
-6.85042951848687 0.937
-6.85030039187247 0.9371
-6.85018531664695 0.9372
-6.85008336207749 0.9373
-6.84999635559453 0.9374
-6.84988946697491 0.9375
-6.84976338213404 0.9376
-6.84964437586716 0.9377
-6.84953596703215 0.9378
-6.84947327345692 0.9379
-6.84942503045274 0.938
-6.84937109030904 0.9381
-6.84931374414487 0.9382
-6.84925938469477 0.9383
-6.84918189485508 0.9384
-6.84912028090077 0.9385
-6.84908202062333 0.9386
-6.84905755923143 0.9387
-6.84906765246626 0.9388
-6.84906862898451 0.9389
-6.8490900387057 0.939
-6.84909187661389 0.9391
-6.84911351876442 0.9392
-6.84916039818952 0.9393
-6.84924487885442 0.9394
-6.8493354635337 0.9395
-6.84942237776187 0.9396
-6.84948661008915 0.9397
-6.84954759541648 0.9398
-6.84958828169435 0.9399
-6.84961084038129 0.94
-6.84961162089039 0.9401
-6.84963339669328 0.9402
-6.84963725838283 0.9403
-6.84963014231077 0.9404
-6.84961919358878 0.9405
-6.84957163790135 0.9406
-6.84951599627668 0.9407
-6.84941079451853 0.9408
-6.84928600241842 0.9409
-6.84913663167284 0.941
-6.84893941012476 0.9411
-6.8487327433751 0.9412
-6.84850981397219 0.9413
-6.8482996575457 0.9414
-6.84808535980093 0.9415
-6.84786098251994 0.9416
-6.84762033090865 0.9417
-6.84738293099905 0.9418
-6.84713757730208 0.9419
-6.8469293998584 0.942
-6.84675142314267 0.9421
-6.84657750078001 0.9422
-6.84640382394803 0.9423
-6.84623122364923 0.9424
-6.8460746228624 0.9425
-6.84592845267747 0.9426
-6.84580192489376 0.9427
-6.84568577263587 0.9428
-6.8455633361509 0.9429
-6.84546668389053 0.943
-6.84534089765204 0.9431
-6.84517592642448 0.9432
-6.8450483390553 0.9433
-6.84490866809552 0.9434
-6.84477452021418 0.9435
-6.84465586421986 0.9436
-6.84458463000968 0.9437
-6.84451628568442 0.9438
-6.84443306384912 0.9439
-6.84435250444553 0.944
-6.84428517117243 0.9441
-6.84424679683477 0.9442
-6.84420208688193 0.9443
-6.84417530077649 0.9444
-6.84414422899055 0.9445
-6.84411663265948 0.9446
-6.84408763915919 0.9447
-6.84406299685163 0.9448
-6.84400683388186 0.9449
-6.84395969004825 0.945
-6.84390308940598 0.9451
-6.8438550593206 0.9452
-6.8437829298944 0.9453
-6.84369472227015 0.9454
-6.84359882353142 0.9455
-6.84354274452487 0.9456
-6.84346550689528 0.9457
-6.84337061466793 0.9458
-6.84326676292688 0.9459
-6.84317291473364 0.946
-6.84308500900913 0.9461
-6.84299538081074 0.9462
-6.84292561899107 0.9463
-6.84287820580609 0.9464
-6.8428170258794 0.9465
-6.84276522509646 0.9466
-6.84272327796593 0.9467
-6.84267497372634 0.9468
-6.84264578659399 0.9469
-6.84260958528549 0.947
-6.84257852560322 0.9471
-6.84253331104632 0.9472
-6.84246584081841 0.9473
-6.84237537440751 0.9474
-6.84228344022801 0.9475
-6.84223171122009 0.9476
-6.84216588890014 0.9477
-6.84212812156494 0.9478
-6.84207150924108 0.9479
-6.84200299530705 0.948
-6.84189516648013 0.9481
-6.84178289810103 0.9482
-6.84169565062499 0.9483
-6.84161063554871 0.9484
-6.84155293162472 0.9485
-6.84148021740922 0.9486
-6.84145240583122 0.9487
-6.84142542256527 0.9488
-6.84139857635195 0.9489
-6.84139663937663 0.949
-6.84142743792194 0.9491
-6.84147105255984 0.9492
-6.84150509901017 0.9493
-6.84156081616853 0.9494
-6.84164611866066 0.9495
-6.84171891493038 0.9496
-6.84179731690962 0.9497
-6.84190966519561 0.9498
-6.84200624807725 0.9499
-6.84208543947724 0.95
-6.84217334658968 0.9501
-6.84223425186112 0.9502
-6.84226990399702 0.9503
-6.8423212066557 0.9504
-6.84235049643156 0.9505
-6.84236893096948 0.9506
-6.84236191093165 0.9507
-6.84232831056097 0.9508
-6.84224697123092 0.9509
-6.84215238417256 0.951
-6.84203963737977 0.9511
-6.84192046340957 0.9512
-6.84178719258624 0.9513
-6.84166633026359 0.9514
-6.84156638436288 0.9515
-6.84146042946568 0.9516
-6.84136952611083 0.9517
-6.84128707177732 0.9518
-6.84118736411586 0.9519
-6.84106057325418 0.952
-6.84094211251902 0.9521
-6.84083554600883 0.9522
-6.84072394902261 0.9523
-6.84061751649729 0.9524
-6.84054673305608 0.9525
-6.84047563925793 0.9526
-6.84042377406289 0.9527
-6.84039082202254 0.9528
-6.84036146002798 0.9529
-6.84032925770216 0.953
-6.8402726157212 0.9531
-6.84019654262981 0.9532
-6.8400881134953 0.9533
-6.83997488430401 0.9534
-6.83984747078323 0.9535
-6.83970895395245 0.9536
-6.83958179720839 0.9537
-6.83942543420158 0.9538
-6.83927721380252 0.9539
-6.83912003765543 0.954
-6.83896740106988 0.9541
-6.8388437029015 0.9542
-6.83871418770193 0.9543
-6.83860299428076 0.9544
-6.83850009611471 0.9545
-6.83842402610633 0.9546
-6.83839411263045 0.9547
-6.83838252011535 0.9548
-6.83838459044256 0.9549
-6.83838658062227 0.955
-6.83838629796676 0.9551
-6.8383719061846 0.9552
-6.83836373852259 0.9553
-6.83833476366055 0.9554
-6.83829140428695 0.9555
-6.83826041897138 0.9556
-6.83824077860823 0.9557
-6.83821774315905 0.9558
-6.83820242207556 0.9559
-6.83818631768335 0.956
-6.83818462387824 0.9561
-6.83820645305489 0.9562
-6.83823669382928 0.9563
-6.83826492930189 0.9564
-6.83829553214289 0.9565
-6.83832736303975 0.9566
-6.83835887407589 0.9567
-6.83837809860638 0.9568
-6.83839783178025 0.9569
-6.83839150863425 0.957
-6.83839032501688 0.9571
-6.83839484360472 0.9572
-6.83839609013409 0.9573
-6.83840989925682 0.9574
-6.83842345180127 0.9575
-6.83842921996092 0.9576
-6.83842745192723 0.9577
-6.83843041325638 0.9578
-6.83842181568024 0.9579
-6.83837701558634 0.958
-6.83834517842229 0.9581
-6.83827431089591 0.9582
-6.83819695530099 0.9583
-6.83814175451383 0.9584
-6.83808198838325 0.9585
-6.83800524840315 0.9586
-6.83790870845109 0.9587
-6.83782322021313 0.9588
-6.83771669663347 0.9589
-6.8375934368614 0.959
-6.83751051718188 0.9591
-6.83743283283846 0.9592
-6.83733199845446 0.9593
-6.83726204246425 0.9594
-6.83721155635548 0.9595
-6.83712509050998 0.9596
-6.83703467921244 0.9597
-6.83695799417637 0.9598
-6.83689694028687 0.9599
-6.83684389964425 0.96
-6.83678332727921 0.9601
-6.83674684238188 0.9602
-6.83672484694347 0.9603
-6.83670232545541 0.9604
-6.836656257183 0.9605
-6.8365990219311 0.9606
-6.83654188372714 0.9607
-6.83652253887589 0.9608
-6.83649636249541 0.9609
-6.8364642185649 0.961
-6.83642171126576 0.9611
-6.83636913571938 0.9612
-6.83632889713109 0.9613
-6.83631249468353 0.9614
-6.83628699017686 0.9615
-6.83626678911078 0.9616
-6.83627512285103 0.9617
-6.83631110125449 0.9618
-6.83638359986292 0.9619
-6.8364992928296 0.962
-6.83663414693706 0.9621
-6.83677219722996 0.9622
-6.83689461420904 0.9623
-6.83701504629099 0.9624
-6.83713335482325 0.9625
-6.83727102685739 0.9626
-6.83740338917953 0.9627
-6.83751460317703 0.9628
-6.83761479568485 0.9629
-6.83770611264893 0.963
-6.83776397120118 0.9631
-6.83778548760544 0.9632
-6.83778599527135 0.9633
-6.83776662793663 0.9634
-6.83770040477243 0.9635
-6.83762449622432 0.9636
-6.83751038713556 0.9637
-6.83734914762591 0.9638
-6.83717194786726 0.9639
-6.83695207748568 0.964
-6.83671634167602 0.9641
-6.83646934158082 0.9642
-6.83623124104722 0.9643
-6.83602749600747 0.9644
-6.83586362128735 0.9645
-6.83570841124257 0.9646
-6.83554350273928 0.9647
-6.83538791186982 0.9648
-6.83520884259681 0.9649
-6.83504357257264 0.965
-6.83486507618072 0.9651
-6.83467632343705 0.9652
-6.83451462784922 0.9653
-6.83437379489146 0.9654
-6.83427122038252 0.9655
-6.83421302638241 0.9656
-6.83417552444086 0.9657
-6.83417521843575 0.9658
-6.83418234398872 0.9659
-6.83421540179678 0.966
-6.8342812775728 0.9661
-6.83432531656939 0.9662
-6.83438773715936 0.9663
-6.8344377992663 0.9664
-6.83450350517737 0.9665
-6.83457480503196 0.9666
-6.83464476498595 0.9667
-6.8347268790687 0.9668
-6.83482323893754 0.9669
-6.83492955259617 0.967
-6.8350278128515 0.9671
-6.8351312292486 0.9672
-6.8352121619135 0.9673
-6.83529813426681 0.9674
-6.83538182777653 0.9675
-6.83543926540914 0.9676
-6.83549182856995 0.9677
-6.83553917762486 0.9678
-6.83558207355197 0.9679
-6.83561162010449 0.968
-6.83564495258825 0.9681
-6.83565543755516 0.9682
-6.83566820717335 0.9683
-6.83564720801711 0.9684
-6.83562031781979 0.9685
-6.83558556515614 0.9686
-6.83555531061197 0.9687
-6.8355096804196 0.9688
-6.83542935265726 0.9689
-6.83534803911824 0.969
-6.83526810448689 0.9691
-6.83519065249606 0.9692
-6.83510708209258 0.9693
-6.83500743845022 0.9694
-6.83490258882106 0.9695
-6.83482291672302 0.9696
-6.83474777704646 0.9697
-6.8347000362447 0.9698
-6.83462858851183 0.9699
-6.83456905467239 0.97
-6.83451097229371 0.9701
-6.83444636275206 0.9702
-6.8344011610064 0.9703
-6.83434784559525 0.9704
-6.83428125476499 0.9705
-6.83420109780696 0.9706
-6.8341068677157 0.9707
-6.8340001808694 0.9708
-6.83389062447042 0.9709
-6.83378301887704 0.971
-6.83369557953257 0.9711
-6.83361833497242 0.9712
-6.83351831366413 0.9713
-6.83341773997181 0.9714
-6.83328246529885 0.9715
-6.83314081599137 0.9716
-6.83298887983187 0.9717
-6.832807858816 0.9718
-6.83258397493343 0.9719
-6.83233746776674 0.972
-6.83210135191122 0.9721
-6.83186849653362 0.9722
-6.83165201175443 0.9723
-6.83142174001493 0.9724
-6.83119865245688 0.9725
-6.83097809902467 0.9726
-6.83076085325239 0.9727
-6.83056649221201 0.9728
-6.83033768037124 0.9729
-6.83012679329077 0.973
-6.82989442855981 0.9731
-6.82968143185044 0.9732
-6.82945961107873 0.9733
-6.82922508276953 0.9734
-6.82903435222487 0.9735
-6.82884670917319 0.9736
-6.82867271747381 0.9737
-6.82850309816074 0.9738
-6.82836324490149 0.9739
-6.82823582504856 0.974
-6.82813737375184 0.9741
-6.82807340224185 0.9742
-6.82802150489339 0.9743
-6.82798863784345 0.9744
-6.82800788763911 0.9745
-6.82805428654766 0.9746
-6.82811241968834 0.9747
-6.82819201947849 0.9748
-6.82828538665961 0.9749
-6.82839432790115 0.975
-6.82849652592959 0.9751
-6.82860872255212 0.9752
-6.8287217985204 0.9753
-6.82883039675171 0.9754
-6.82893400611168 0.9755
-6.82906414277191 0.9756
-6.8291777152039 0.9757
-6.8292637090489 0.9758
-6.82934712965336 0.9759
-6.82939825167356 0.976
-6.82943588284525 0.9761
-6.82945687732475 0.9762
-6.82946155492069 0.9763
-6.82946321211965 0.9764
-6.82945807052163 0.9765
-6.82944223611772 0.9766
-6.82944788484285 0.9767
-6.82943520695416 0.9768
-6.82941639540495 0.9769
-6.82938655084589 0.977
-6.82936278786174 0.9771
-6.82932553325471 0.9772
-6.8292969145274 0.9773
-6.8292590103503 0.9774
-6.8292185240044 0.9775
-6.82916256489399 0.9776
-6.82913788600852 0.9777
-6.82912805572132 0.9778
-6.82912601369729 0.9779
-6.82913440138128 0.978
-6.8291740752122 0.9781
-6.82922803488411 0.9782
-6.82925907832571 0.9783
-6.82929025732551 0.9784
-6.82934583752157 0.9785
-6.82938758460931 0.9786
-6.82946961623229 0.9787
-6.8295516031596 0.9788
-6.82965110104895 0.9789
-6.82974853233647 0.979
-6.82985394925301 0.9791
-6.82996603141717 0.9792
-6.83010808147543 0.9793
-6.83025803354853 0.9794
-6.83037663284987 0.9795
-6.83051674776936 0.9796
-6.83067669691723 0.9797
-6.830865674044 0.9798
-6.83103266195514 0.9799
-6.83118143125159 0.98
-6.83129756888237 0.9801
-6.83144962862726 0.9802
-6.83158955325918 0.9803
-6.83173489945156 0.9804
-6.83186638148275 0.9805
-6.8319518119412 0.9806
-6.83202772402816 0.9807
-6.8320881239638 0.9808
-6.83212083668704 0.9809
-6.83212586574754 0.981
-6.83215340732709 0.9811
-6.83217287563138 0.9812
-6.83219853784729 0.9813
-6.83222457842212 0.9814
-6.83222377563785 0.9815
-6.83222789554682 0.9816
-6.83221570376905 0.9817
-6.83218136466936 0.9818
-6.83213009483265 0.9819
-6.83207698570635 0.982
-6.83203269516232 0.9821
-6.83200262916218 0.9822
-6.83196123865968 0.9823
-6.83196004947793 0.9824
-6.83197162097844 0.9825
-6.83198512116334 0.9826
-6.83199668485299 0.9827
-6.83200687006523 0.9828
-6.83202152958934 0.9829
-6.83205335971041 0.983
-6.83211260633956 0.9831
-6.83217465317704 0.9832
-6.83222724540463 0.9833
-6.83226931428413 0.9834
-6.83229430494466 0.9835
-6.83229181731779 0.9836
-6.83226997158295 0.9837
-6.8322405250207 0.9838
-6.8321855548255 0.9839
-6.83210778097862 0.984
-6.83199165603925 0.9841
-6.83182763304293 0.9842
-6.83160992583785 0.9843
-6.83139182156905 0.9844
-6.83116966632318 0.9845
-6.83093120643668 0.9846
-6.83067802730779 0.9847
-6.83041424365284 0.9848
-6.83015128059754 0.9849
-6.82990404864992 0.985
-6.82967427920343 0.9851
-6.8294470270422 0.9852
-6.82926408941248 0.9853
-6.82911832880172 0.9854
-6.82902073674886 0.9855
-6.82895745911527 0.9856
-6.8288991421398 0.9857
-6.82883374368194 0.9858
-6.82881298039759 0.9859
-6.82883303289801 0.986
-6.82887268147442 0.9861
-6.82892776651043 0.9862
-6.82899488516331 0.9863
-6.8290753495399 0.9864
-6.82913931508253 0.9865
-6.82922197273013 0.9866
-6.82929391550813 0.9867
-6.82935606443654 0.9868
-6.82942092931845 0.9869
-6.82947593829031 0.987
-6.82950157699792 0.9871
-6.82951187201475 0.9872
-6.82953011999809 0.9873
-6.82956098158415 0.9874
-6.8295602606882 0.9875
-6.82953853895254 0.9876
-6.82948341617035 0.9877
-6.82941592216649 0.9878
-6.82933481630459 0.9879
-6.82921441919124 0.988
-6.82911692357518 0.9881
-6.8290141966684 0.9882
-6.82888689728819 0.9883
-6.82876227803689 0.9884
-6.8286570912203 0.9885
-6.8285587765853 0.9886
-6.82844530478824 0.9887
-6.82836583587377 0.9888
-6.82829018952544 0.9889
-6.8282088473904 0.989
-6.82812336915503 0.9891
-6.82802462155799 0.9892
-6.82789653537098 0.9893
-6.82778051699568 0.9894
-6.82769415265653 0.9895
-6.82762300119525 0.9896
-6.82753243986243 0.9897
-6.82747701892198 0.9898
-6.82740024751922 0.9899
-6.82732885440828 0.99
-6.82727223761352 0.9901
-6.82724357275643 0.9902
-6.82722478627174 0.9903
-6.82720800425977 0.9904
-6.82719354888846 0.9905
-6.8272360175111 0.9906
-6.82728399062564 0.9907
-6.82734918135422 0.9908
-6.82742937160899 0.9909
-6.82750667418831 0.991
-6.82759660130009 0.9911
-6.82771323268855 0.9912
-6.82784031448888 0.9913
-6.82799870058582 0.9914
-6.82816103758003 0.9915
-6.82834632948012 0.9916
-6.82848799668382 0.9917
-6.82863277657376 0.9918
-6.82879751005583 0.9919
-6.82893554651978 0.992
-6.82904354780375 0.9921
-6.82911131024459 0.9922
-6.8291544332354 0.9923
-6.82918474501791 0.9924
-6.82920407261316 0.9925
-6.82923458679906 0.9926
-6.82923851026644 0.9927
-6.8292005799647 0.9928
-6.82917969016667 0.9929
-6.82914679958962 0.993
-6.82912036769109 0.9931
-6.8290931124378 0.9932
-6.82906955377639 0.9933
-6.82904355085556 0.9934
-6.82900440565345 0.9935
-6.82896820526243 0.9936
-6.82893877383295 0.9937
-6.82888236814734 0.9938
-6.82884798909175 0.9939
-6.82880296069391 0.994
-6.82879121590627 0.9941
-6.82879957542024 0.9942
-6.82880366976258 0.9943
-6.82882738442744 0.9944
-6.82885511896872 0.9945
-6.8288819348551 0.9946
-6.82888957768257 0.9947
-6.82890076965845 0.9948
-6.82894088098874 0.9949
-6.82894834723776 0.995
-6.82897138994411 0.9951
-6.82897681704958 0.9952
-6.8289866098999 0.9953
-6.8289874672215 0.9954
-6.82898633488426 0.9955
-6.82899866680748 0.9956
-6.82898019325731 0.9957
-6.82891534862818 0.9958
-6.82885161999147 0.9959
-6.82879047948847 0.996
-6.82871085424613 0.9961
-6.82863192342399 0.9962
-6.82851476692703 0.9963
-6.82841536624464 0.9964
-6.82828684843856 0.9965
-6.82815478593546 0.9966
-6.82800091802441 0.9967
-6.82785155633396 0.9968
-6.82771543841475 0.9969
-6.82759199859301 0.997
-6.82747648279865 0.9971
-6.82738480416954 0.9972
-6.82729392125799 0.9973
-6.82721444037278 0.9974
-6.8271502032416 0.9975
-6.82709072234436 0.9976
-6.82704939026261 0.9977
-6.82702643980339 0.9978
-6.82696759505163 0.9979
-6.82693414741813 0.998
-6.82691436036611 0.9981
-6.82688972110338 0.9982
-6.82687875991024 0.9983
-6.82687796736334 0.9984
-6.82688300213508 0.9985
-6.8268654619346 0.9986
-6.82687423170173 0.9987
-6.82688483389563 0.9988
-6.82688036718702 0.9989
-6.82684703794975 0.999
-6.82683580600562 0.9991
-6.82680527813241 0.9992
-6.82680777628677 0.9993
-6.82680769122055 0.9994
-6.82681007475699 0.9995
-6.82681304041932 0.9996
-6.82685859246927 0.9997
-6.82691080262419 0.9998
-6.8269819295908 0.9999
-6.82707149776096 1
