# Fix print output for fix f5
-7.25038021665539 0
-7.25036577628327 0.0001
-7.25034338121627 0.0002
-7.25030109643431 0.0003
-7.25024631421717 0.0004
-7.25016730424414 0.0005
-7.25006449941527 0.0006
-7.24997182894992 0.0007
-7.24987623777825 0.0008
-7.24975647676359 0.0009
-7.24963542761901 0.001
-7.24951403202627 0.0011
-7.24938649679854 0.0012
-7.24926649817963 0.0013
-7.24915680926462 0.0014
-7.24904479172517 0.0015
-7.24891645751282 0.0016
-7.24879507378419 0.0017
-7.24866246721604 0.0018
-7.2485133113943 0.0019
-7.24835975851867 0.002
-7.24822082645524 0.0021
-7.248092734852 0.0022
-7.24797359773475 0.0023
-7.24786004326693 0.0024
-7.24775153416899 0.0025
-7.2476570491557 0.0026
-7.24757300221543 0.0027
-7.24750918918335 0.0028
-7.24744850704293 0.0029
-7.24741101744946 0.003
-7.24738990622608 0.0031
-7.24739549168435 0.0032
-7.24742920806559 0.0033
-7.24748020288177 0.0034
-7.24755549932589 0.0035
-7.24764469255589 0.0036
-7.24773810160886 0.0037
-7.24783744250419 0.0038
-7.24793466156403 0.0039
-7.24803036625956 0.004
-7.24812165603565 0.0041
-7.24822109037976 0.0042
-7.24832565236795 0.0043
-7.24842823593145 0.0044
-7.24852001722126 0.0045
-7.2485994464359 0.0046
-7.24869589879635 0.0047
-7.24879234652043 0.0048
-7.24889346086468 0.0049
-7.24898160117408 0.005
-7.2490854668858 0.0051
-7.24917554328179 0.0052
-7.24926516353302 0.0053
-7.24934651737681 0.0054
-7.24943346802099 0.0055
-7.24951950376055 0.0056
-7.2495937740226 0.0057
-7.24966513216499 0.0058
-7.2497172878953 0.0059
-7.24975605654644 0.006
-7.24979613800028 0.0061
-7.24983674111518 0.0062
-7.24986431434179 0.0063
-7.24988723728003 0.0064
-7.24991989088812 0.0065
-7.24994364566143 0.0066
-7.24996372554372 0.0067
-7.24996467940008 0.0068
-7.2499489748041 0.0069
-7.24992718044572 0.007
-7.24988288360754 0.0071
-7.24986028048599 0.0072
-7.24983961609565 0.0073
-7.24979647222129 0.0074
-7.24976240116706 0.0075
-7.24974425022133 0.0076
-7.24971779148434 0.0077
-7.24970091340654 0.0078
-7.24970284294407 0.0079
-7.24970017656651 0.008
-7.24968873048876 0.0081
-7.24967710672177 0.0082
-7.24964840856683 0.0083
-7.24962041497777 0.0084
-7.24959810156416 0.0085
-7.249561363328 0.0086
-7.24953765856081 0.0087
-7.24951083706367 0.0088
-7.24947816676585 0.0089
-7.24942168182277 0.009
-7.24936041579853 0.0091
-7.24929844704252 0.0092
-7.24923600781422 0.0093
-7.24917743398921 0.0094
-7.2491107756234 0.0095
-7.24904244854645 0.0096
-7.24898914231747 0.0097
-7.24892385839272 0.0098
-7.24886427778048 0.0099
-7.2488058654661 0.01
-7.24872962612496 0.0101
-7.24864970565556 0.0102
-7.24856414228363 0.0103
-7.24845988020745 0.0104
-7.24834017736443 0.0105
-7.24821708635522 0.0106
-7.24808403280776 0.0107
-7.24794847868625 0.0108
-7.24780920392947 0.0109
-7.24769079634025 0.011
-7.24756958722529 0.0111
-7.24745853946974 0.0112
-7.24736031079456 0.0113
-7.2472769627099 0.0114
-7.2472119177528 0.0115
-7.24715099461386 0.0116
-7.24710179064324 0.0117
-7.24707273934386 0.0118
-7.24705366277494 0.0119
-7.24703661613119 0.012
-7.24700615402929 0.0121
-7.24698769862678 0.0122
-7.24698290559306 0.0123
-7.24698195259741 0.0124
-7.2469808639531 0.0125
-7.2469778034614 0.0126
-7.24697937843776 0.0127
-7.24698506883272 0.0128
-7.24699403125043 0.0129
-7.24697698429696 0.013
-7.24695288616443 0.0131
-7.24692185561612 0.0132
-7.24689046099884 0.0133
-7.24685060182691 0.0134
-7.24681584291024 0.0135
-7.24676986371693 0.0136
-7.24670309645235 0.0137
-7.24664149140251 0.0138
-7.24654804421258 0.0139
-7.24646495241904 0.014
-7.24638446829861 0.0141
-7.2462909480445 0.0142
-7.24617781602481 0.0143
-7.24606550187923 0.0144
-7.24594599326417 0.0145
-7.24581367215608 0.0146
-7.24570277365327 0.0147
-7.24559008816682 0.0148
-7.24546794415184 0.0149
-7.24534580523795 0.015
-7.24522301128565 0.0151
-7.24511125636386 0.0152
-7.2450158792034 0.0153
-7.24493739986195 0.0154
-7.24486630285308 0.0155
-7.24480643626475 0.0156
-7.24477530852195 0.0157
-7.24476331604202 0.0158
-7.24475485815895 0.0159
-7.24475618695491 0.016
-7.24478531119429 0.0161
-7.24482282551609 0.0162
-7.24486360432219 0.0163
-7.24491709218962 0.0164
-7.24495781169546 0.0165
-7.24499058053424 0.0166
-7.24501706011346 0.0167
-7.24504313841897 0.0168
-7.24507714153051 0.0169
-7.24511560338001 0.017
-7.24516347430176 0.0171
-7.2452062223383 0.0172
-7.24527645506761 0.0173
-7.24536854205019 0.0174
-7.24546050608391 0.0175
-7.2455359302649 0.0176
-7.24559469913047 0.0177
-7.24564072696368 0.0178
-7.24569020374636 0.0179
-7.24573864633365 0.018
-7.24577685705958 0.0181
-7.24580579134288 0.0182
-7.24583219759827 0.0183
-7.24584901444188 0.0184
-7.24587262784092 0.0185
-7.24588412235824 0.0186
-7.24587389452042 0.0187
-7.24584490911552 0.0188
-7.24579431818361 0.0189
-7.24575388311678 0.019
-7.24569048170316 0.0191
-7.24561139006019 0.0192
-7.24553806475972 0.0193
-7.24546927765348 0.0194
-7.24540618654865 0.0195
-7.24535367989529 0.0196
-7.24532179952032 0.0197
-7.24532107368682 0.0198
-7.24531985187161 0.0199
-7.2453366307564 0.02
-7.24536887345973 0.0201
-7.24541867784141 0.0202
-7.24548074672035 0.0203
-7.24553581925772 0.0204
-7.24559516146785 0.0205
-7.24565981754151 0.0206
-7.24572552760809 0.0207
-7.2457857647366 0.0208
-7.24584359174869 0.0209
-7.24588972348881 0.021
-7.24592952274251 0.0211
-7.24596726643092 0.0212
-7.24597805349232 0.0213
-7.24597583814236 0.0214
-7.24597794309895 0.0215
-7.24598269219345 0.0216
-7.24597485729611 0.0217
-7.24598185038943 0.0218
-7.24599134668163 0.0219
-7.24600557783432 0.022
-7.24602659856907 0.0221
-7.2460294144668 0.0222
-7.24599529411223 0.0223
-7.24592597541187 0.0224
-7.24585611136727 0.0225
-7.24580224993326 0.0226
-7.24575882908361 0.0227
-7.24571152210891 0.0228
-7.24566178875926 0.0229
-7.24561644326663 0.023
-7.24558097256682 0.0231
-7.24552945834199 0.0232
-7.24549436520455 0.0233
-7.2454704490289 0.0234
-7.24544376518475 0.0235
-7.24541396108636 0.0236
-7.24538523977058 0.0237
-7.24535553616131 0.0238
-7.24534137034363 0.0239
-7.24532509895941 0.024
-7.24529654534119 0.0241
-7.24525551173323 0.0242
-7.24522029555289 0.0243
-7.24517517008625 0.0244
-7.24512142804094 0.0245
-7.24506901910272 0.0246
-7.24501513537868 0.0247
-7.24495584401824 0.0248
-7.2449267704025 0.0249
-7.24488405928484 0.025
-7.24485270111998 0.0251
-7.2448205319195 0.0252
-7.24478929861003 0.0253
-7.24474271828357 0.0254
-7.24468088455892 0.0255
-7.24463117373105 0.0256
-7.24457608732128 0.0257
-7.24453015818539 0.0258
-7.24450003825915 0.0259
-7.24445538749278 0.026
-7.24441516358808 0.0261
-7.24437857803383 0.0262
-7.24436940955932 0.0263
-7.24438252336058 0.0264
-7.24442953658247 0.0265
-7.24447188218408 0.0266
-7.24453311136331 0.0267
-7.2445907849731 0.0268
-7.24463763199069 0.0269
-7.24470283118713 0.027
-7.24475923306591 0.0271
-7.24482927654935 0.0272
-7.24491706219708 0.0273
-7.24499142729043 0.0274
-7.24504804703745 0.0275
-7.24509220648099 0.0276
-7.24511981034149 0.0277
-7.24515402696455 0.0278
-7.24517909877184 0.0279
-7.24520314421802 0.028
-7.24521378784307 0.0281
-7.24520760055172 0.0282
-7.24519832657611 0.0283
-7.24518453354333 0.0284
-7.24517131471065 0.0285
-7.24515851511923 0.0286
-7.24514342208822 0.0287
-7.24514544821148 0.0288
-7.24514021585039 0.0289
-7.24515523013538 0.029
-7.24515399587193 0.0291
-7.24515921841862 0.0292
-7.24515811380938 0.0293
-7.24515480803668 0.0294
-7.24513780491464 0.0295
-7.24511831911452 0.0296
-7.24508861503122 0.0297
-7.24506347984528 0.0298
-7.24502654817526 0.0299
-7.24498464066243 0.03
-7.24493733068327 0.0301
-7.24487729205121 0.0302
-7.24482079821617 0.0303
-7.24477078215215 0.0304
-7.24474279857965 0.0305
-7.24472492398743 0.0306
-7.24471071372804 0.0307
-7.24471318807254 0.0308
-7.24473642551669 0.0309
-7.24476673015722 0.031
-7.24481507679235 0.0311
-7.24484166713198 0.0312
-7.24488034231667 0.0313
-7.24491514601998 0.0314
-7.24495362883081 0.0315
-7.24500667982368 0.0316
-7.24506232717325 0.0317
-7.24510427096093 0.0318
-7.24515345853387 0.0319
-7.24521939994328 0.032
-7.24529245075023 0.0321
-7.24535779011536 0.0322
-7.24543017457681 0.0323
-7.24552026915525 0.0324
-7.24560007922908 0.0325
-7.24566856599385 0.0326
-7.24572653321845 0.0327
-7.24578204811935 0.0328
-7.24580455444497 0.0329
-7.24582187302431 0.033
-7.24584042015291 0.0331
-7.24584185968904 0.0332
-7.24583168138667 0.0333
-7.2458060529938 0.0334
-7.24577931420904 0.0335
-7.24573745466683 0.0336
-7.24567861788631 0.0337
-7.24560540277256 0.0338
-7.24552691664157 0.0339
-7.24544416824939 0.034
-7.24537851336817 0.0341
-7.24531380375951 0.0342
-7.24525012347181 0.0343
-7.24521948835393 0.0344
-7.24519875753963 0.0345
-7.24517776109462 0.0346
-7.24517594790882 0.0347
-7.24519034560552 0.0348
-7.24520762740629 0.0349
-7.24522800254447 0.035
-7.24526186281781 0.0351
-7.24528189759607 0.0352
-7.24530498404882 0.0353
-7.24532884639265 0.0354
-7.24535713069673 0.0355
-7.2453925830359 0.0356
-7.2454236872835 0.0357
-7.24545098754761 0.0358
-7.24548134494742 0.0359
-7.24550412042124 0.036
-7.24553342046391 0.0361
-7.24556092200538 0.0362
-7.24559526538643 0.0363
-7.24563274262344 0.0364
-7.24567153082844 0.0365
-7.24571768413189 0.0366
-7.24576070381195 0.0367
-7.24581955432232 0.0368
-7.2458754147688 0.0369
-7.24593887978469 0.037
-7.24600445195869 0.0371
-7.2460602247158 0.0372
-7.24610202403102 0.0373
-7.24614656110634 0.0374
-7.24618297161223 0.0375
-7.24623619607526 0.0376
-7.24629601583801 0.0377
-7.24636676382897 0.0378
-7.24643921754943 0.0379
-7.24651069273874 0.038
-7.24658265732576 0.0381
-7.24664532843477 0.0382
-7.24671966436269 0.0383
-7.2468053098549 0.0384
-7.24690141937203 0.0385
-7.24699321280796 0.0386
-7.24707458004861 0.0387
-7.2471558819375 0.0388
-7.24724332328468 0.0389
-7.24732569572679 0.039
-7.24740980284458 0.0391
-7.24750310406863 0.0392
-7.24756416932105 0.0393
-7.24761819484279 0.0394
-7.24767694033468 0.0395
-7.24773547874485 0.0396
-7.2477978345736 0.0397
-7.24785889125975 0.0398
-7.24789013999592 0.0399
-7.24788579953945 0.04
-7.24785441172016 0.0401
-7.24782850786442 0.0402
-7.24781616652365 0.0403
-7.24781723806878 0.0404
-7.24781767096861 0.0405
-7.24784062561889 0.0406
-7.24786361869047 0.0407
-7.24789368006817 0.0408
-7.24792785689918 0.0409
-7.24796082048484 0.041
-7.24800138962364 0.0411
-7.24805768922184 0.0412
-7.2481189645263 0.0413
-7.24819112083868 0.0414
-7.24827885719928 0.0415
-7.24837643129291 0.0416
-7.2484606609843 0.0417
-7.24851795808474 0.0418
-7.24854337336644 0.0419
-7.24854314844864 0.042
-7.24852992643555 0.0421
-7.2484860273892 0.0422
-7.24841151630557 0.0423
-7.24830948237923 0.0424
-7.24818864755216 0.0425
-7.24807043649453 0.0426
-7.24794867876539 0.0427
-7.24783348186067 0.0428
-7.24771951403595 0.0429
-7.24759198130217 0.043
-7.24744876444424 0.0431
-7.24731398171838 0.0432
-7.2471587559403 0.0433
-7.24698623926774 0.0434
-7.2468138519871 0.0435
-7.2466524949016 0.0436
-7.24649648733219 0.0437
-7.24636897188109 0.0438
-7.24622459448553 0.0439
-7.24611413169132 0.044
-7.24601062229653 0.0441
-7.24591600429095 0.0442
-7.24584401169565 0.0443
-7.24578249538846 0.0444
-7.245709233 0.0445
-7.24560999424674 0.0446
-7.24549230058831 0.0447
-7.24536304131187 0.0448
-7.24523653432863 0.0449
-7.24509965548644 0.045
-7.24494357496944 0.0451
-7.24479925383853 0.0452
-7.24464896813869 0.0453
-7.244492012667 0.0454
-7.24432879622109 0.0455
-7.2441644929928 0.0456
-7.24399588677546 0.0457
-7.24382484948626 0.0458
-7.24368474801131 0.0459
-7.24356411281553 0.046
-7.24346244133774 0.0461
-7.24336720102979 0.0462
-7.24328827239075 0.0463
-7.24322112781469 0.0464
-7.24316468037668 0.0465
-7.24310957408163 0.0466
-7.24305608425695 0.0467
-7.24299983690265 0.0468
-7.24293900894217 0.0469
-7.242876872755 0.047
-7.24279528030247 0.0471
-7.24271011165685 0.0472
-7.24261727284139 0.0473
-7.24251814463002 0.0474
-7.24240293892116 0.0475
-7.24227348970529 0.0476
-7.24214317583897 0.0477
-7.24200779237522 0.0478
-7.24188164151991 0.0479
-7.24175574408913 0.048
-7.24163123237444 0.0481
-7.24150011169365 0.0482
-7.24136113901662 0.0483
-7.24124841506446 0.0484
-7.24115340713357 0.0485
-7.24105551600612 0.0486
-7.24094788730978 0.0487
-7.24085470502725 0.0488
-7.24076048995336 0.0489
-7.24065212017204 0.049
-7.2405492412146 0.0491
-7.24045349529317 0.0492
-7.24035954228439 0.0493
-7.24027002972919 0.0494
-7.24021570850557 0.0495
-7.24017073136186 0.0496
-7.24013377515873 0.0497
-7.24009973771655 0.0498
-7.24006902913227 0.0499
-7.24004808860655 0.05
-7.24004478013962 0.0501
-7.24005359774992 0.0502
-7.24007925593127 0.0503
-7.24010488122131 0.0504
-7.24014658809533 0.0505
-7.24017951386756 0.0506
-7.2402012503489 0.0507
-7.24021751151907 0.0508
-7.24022561205812 0.0509
-7.24023378927033 0.051
-7.24022284576452 0.0511
-7.24019988322306 0.0512
-7.24017438849507 0.0513
-7.240124858921 0.0514
-7.24004498323591 0.0515
-7.23994553242623 0.0516
-7.23983017834459 0.0517
-7.23969920239887 0.0518
-7.2395607315781 0.0519
-7.23940478642146 0.052
-7.23926211893377 0.0521
-7.23913874891765 0.0522
-7.23902957437633 0.0523
-7.23893573090275 0.0524
-7.23884080160928 0.0525
-7.23877368686996 0.0526
-7.23873599939321 0.0527
-7.23872625149925 0.0528
-7.23876070087446 0.0529
-7.23881706960899 0.053
-7.23888761209355 0.0531
-7.23897387328507 0.0532
-7.23907474797163 0.0533
-7.23919062853384 0.0534
-7.23931561355188 0.0535
-7.23945006773511 0.0536
-7.23957157879489 0.0537
-7.23971907983371 0.0538
-7.23985342384892 0.0539
-7.2399875459756 0.054
-7.2401134856228 0.0541
-7.24021096199407 0.0542
-7.24028571141977 0.0543
-7.24035662681152 0.0544
-7.24040501977828 0.0545
-7.24041716009727 0.0546
-7.24042741785081 0.0547
-7.24042761820245 0.0548
-7.24042743624454 0.0549
-7.2404306972277 0.055
-7.2404439892633 0.0551
-7.24047453101101 0.0552
-7.24050968912844 0.0553
-7.24057893020664 0.0554
-7.2406780965464 0.0555
-7.24077452492487 0.0556
-7.24088218361464 0.0557
-7.24100961214138 0.0558
-7.24113381205499 0.0559
-7.24127490279466 0.056
-7.24141987187907 0.0561
-7.24155071091255 0.0562
-7.24169581551274 0.0563
-7.24183936588044 0.0564
-7.24197843166393 0.0565
-7.24212383428762 0.0566
-7.24227106570349 0.0567
-7.2423986124813 0.0568
-7.24249624662369 0.0569
-7.24259653111169 0.057
-7.24270251214291 0.0571
-7.24280276365258 0.0572
-7.24289599641292 0.0573
-7.2429827574394 0.0574
-7.24307837240735 0.0575
-7.24315700584762 0.0576
-7.2432316135321 0.0577
-7.24330365089352 0.0578
-7.24337366840622 0.0579
-7.2434388386868 0.058
-7.24349808817694 0.0581
-7.24357050415691 0.0582
-7.2436208641642 0.0583
-7.24369005294537 0.0584
-7.24375047727599 0.0585
-7.24379825810174 0.0586
-7.24384019263111 0.0587
-7.24387188533177 0.0588
-7.24389478308608 0.0589
-7.24392609327357 0.059
-7.24395258942744 0.0591
-7.24395680209323 0.0592
-7.24394723611721 0.0593
-7.24393253431587 0.0594
-7.24391288170303 0.0595
-7.24390316850984 0.0596
-7.24390179866279 0.0597
-7.24389080651035 0.0598
-7.24386715982916 0.0599
-7.24384911689573 0.06
-7.24384563359784 0.0601
-7.2438432980135 0.0602
-7.24383788618587 0.0603
-7.24383159973752 0.0604
-7.24384725211053 0.0605
-7.24385588598045 0.0606
-7.24387734806591 0.0607
-7.24387843143459 0.0608
-7.24388116307981 0.0609
-7.2438852252928 0.061
-7.2438962312082 0.0611
-7.24393469945544 0.0612
-7.24398545262563 0.0613
-7.24402613950445 0.0614
-7.24406612014657 0.0615
-7.24409978310513 0.0616
-7.24412347551418 0.0617
-7.24413192708797 0.0618
-7.24412766984769 0.0619
-7.24410711190298 0.062
-7.24407613387153 0.0621
-7.24402959023412 0.0622
-7.24397001800619 0.0623
-7.24389075701912 0.0624
-7.24378956440515 0.0625
-7.24367876185669 0.0626
-7.2435578179288 0.0627
-7.24341960305192 0.0628
-7.24326249030521 0.0629
-7.24308835985095 0.063
-7.24292550780102 0.0631
-7.2427505967837 0.0632
-7.24258724862308 0.0633
-7.24243837077425 0.0634
-7.24228785078406 0.0635
-7.24214971296333 0.0636
-7.24202727393194 0.0637
-7.24192311558446 0.0638
-7.2418153386051 0.0639
-7.24170167581756 0.064
-7.24161232687862 0.0641
-7.24154008883414 0.0642
-7.24147320931268 0.0643
-7.24139459051134 0.0644
-7.24132902652115 0.0645
-7.24126302919515 0.0646
-7.24118670608464 0.0647
-7.24110492551594 0.0648
-7.24102786478231 0.0649
-7.24094307461817 0.065
-7.24083775171678 0.0651
-7.24073350729174 0.0652
-7.24061943544955 0.0653
-7.24050234978425 0.0654
-7.24038926286611 0.0655
-7.24029034790011 0.0656
-7.24021188254685 0.0657
-7.24013594133223 0.0658
-7.24004930337651 0.0659
-7.23998313222564 0.066
-7.23994220916865 0.0661
-7.23990877743258 0.0662
-7.23986569111902 0.0663
-7.23982177038668 0.0664
-7.23978195106165 0.0665
-7.23976056886144 0.0666
-7.23973772920585 0.0667
-7.23969937469333 0.0668
-7.23966121341191 0.0669
-7.23962063944495 0.067
-7.2395705981993 0.0671
-7.23952298931244 0.0672
-7.2394670187351 0.0673
-7.2394153184817 0.0674
-7.23937024371747 0.0675
-7.23932481287612 0.0676
-7.23926724978783 0.0677
-7.23921927916077 0.0678
-7.23917839352741 0.0679
-7.23914391851363 0.068
-7.23913435327539 0.0681
-7.2391551837 0.0682
-7.23918469846858 0.0683
-7.23921721153425 0.0684
-7.23924460035407 0.0685
-7.2392585823355 0.0686
-7.2392757855067 0.0687
-7.23928845603781 0.0688
-7.23930725670919 0.0689
-7.23932834925276 0.069
-7.23936925401177 0.0691
-7.23940712381398 0.0692
-7.2394482455149 0.0693
-7.23949384563871 0.0694
-7.23953012056918 0.0695
-7.23953492088192 0.0696
-7.23953276435957 0.0697
-7.23951813453994 0.0698
-7.23948871832562 0.0699
-7.23947022651164 0.07
-7.23944306048848 0.0701
-7.23941601798185 0.0702
-7.23937152235578 0.0703
-7.23931383694071 0.0704
-7.23926124735362 0.0705
-7.23921890869956 0.0706
-7.23915749830046 0.0707
-7.23911322358639 0.0708
-7.23908524488387 0.0709
-7.23906541088458 0.071
-7.23905154504474 0.0711
-7.23906641539801 0.0712
-7.23909561419189 0.0713
-7.23913944976908 0.0714
-7.23918624909757 0.0715
-7.23923971607474 0.0716
-7.239284873844 0.0717
-7.23933923664722 0.0718
-7.23942085334954 0.0719
-7.23950691025955 0.072
-7.23959417143611 0.0721
-7.23966002501019 0.0722
-7.23973332960939 0.0723
-7.23982657534885 0.0724
-7.23990734854021 0.0725
-7.23999297864786 0.0726
-7.24006048855235 0.0727
-7.24012274956458 0.0728
-7.2401797002529 0.0729
-7.24023762363308 0.073
-7.2403021242908 0.0731
-7.24036358109822 0.0732
-7.24041175370331 0.0733
-7.24046367292902 0.0734
-7.24051901540401 0.0735
-7.24057405823187 0.0736
-7.24061727597819 0.0737
-7.24065552024908 0.0738
-7.24067052163882 0.0739
-7.24065434360074 0.074
-7.24061701440507 0.0741
-7.24056542329616 0.0742
-7.24048435231857 0.0743
-7.2403880298735 0.0744
-7.2402708171962 0.0745
-7.24013871065001 0.0746
-7.23999587801649 0.0747
-7.23983591088098 0.0748
-7.23965734611322 0.0749
-7.23948084083663 0.075
-7.23930281846764 0.0751
-7.23912740394841 0.0752
-7.23894784349944 0.0753
-7.23876976532013 0.0754
-7.23859844858607 0.0755
-7.23843522376607 0.0756
-7.23827836073129 0.0757
-7.23814377445105 0.0758
-7.23800749300901 0.0759
-7.23788250311617 0.076
-7.23777354801891 0.0761
-7.23769332271009 0.0762
-7.23764252806037 0.0763
-7.23762135874746 0.0764
-7.23762810869508 0.0765
-7.23765783256886 0.0766
-7.23769041394746 0.0767
-7.23774031832358 0.0768
-7.23778661133526 0.0769
-7.23783676720326 0.077
-7.23788071958119 0.0771
-7.23793395377324 0.0772
-7.23798017883702 0.0773
-7.23802206325668 0.0774
-7.23805471322972 0.0775
-7.23805293259427 0.0776
-7.23804919528768 0.0777
-7.23803171325447 0.0778
-7.23800534870531 0.0779
-7.23796098434477 0.078
-7.23792056520181 0.0781
-7.23787687397586 0.0782
-7.23782550274381 0.0783
-7.23779695634232 0.0784
-7.23777144626363 0.0785
-7.23776274001235 0.0786
-7.23775713899532 0.0787
-7.23776319881719 0.0788
-7.23778088728403 0.0789
-7.23779064134193 0.079
-7.23780815391126 0.0791
-7.23783114481643 0.0792
-7.23785112154425 0.0793
-7.23788138969355 0.0794
-7.23793272510286 0.0795
-7.23797352228866 0.0796
-7.23802459354523 0.0797
-7.2380979703691 0.0798
-7.23818808388931 0.0799
-7.23827314408372 0.08
-7.23834696180654 0.0801
-7.23843777058184 0.0802
-7.23852505582818 0.0803
-7.23859631062023 0.0804
-7.23867032151694 0.0805
-7.23874205564313 0.0806
-7.23881105234867 0.0807
-7.23887957372038 0.0808
-7.23892679920918 0.0809
-7.23897202658894 0.081
-7.23901652933393 0.0811
-7.23904769450112 0.0812
-7.23909907624142 0.0813
-7.23915266051059 0.0814
-7.23922067054721 0.0815
-7.23931371995396 0.0816
-7.23940755427188 0.0817
-7.23950337076489 0.0818
-7.23959111189265 0.0819
-7.23968533528779 0.082
-7.23978972075282 0.0821
-7.23987783558737 0.0822
-7.23994455373924 0.0823
-7.24000799684199 0.0824
-7.2400700443812 0.0825
-7.24011788446687 0.0826
-7.24015817606353 0.0827
-7.24017562751337 0.0828
-7.24017842036035 0.0829
-7.24016264041723 0.083
-7.24013795742883 0.0831
-7.24011218136764 0.0832
-7.24008822373152 0.0833
-7.24005438656247 0.0834
-7.23999538575698 0.0835
-7.23993131160455 0.0836
-7.23986635382025 0.0837
-7.23980715184894 0.0838
-7.23974495651801 0.0839
-7.23965690732792 0.084
-7.23957602056858 0.0841
-7.23948499680573 0.0842
-7.23940464379457 0.0843
-7.23933212781186 0.0844
-7.23925906060797 0.0845
-7.23919347310992 0.0846
-7.23912765859613 0.0847
-7.2390685694742 0.0848
-7.23901112714672 0.0849
-7.23895658075331 0.085
-7.23889973027519 0.0851
-7.2388338535248 0.0852
-7.23876832611059 0.0853
-7.238711012139 0.0854
-7.2386456660389 0.0855
-7.23859861991046 0.0856
-7.23853816014606 0.0857
-7.23848622077932 0.0858
-7.23842080397266 0.0859
-7.23835131409581 0.086
-7.23827569140375 0.0861
-7.23821273280274 0.0862
-7.23815486625619 0.0863
-7.23808956960803 0.0864
-7.23803249815206 0.0865
-7.23796045339536 0.0866
-7.23786275186787 0.0867
-7.23775256767635 0.0868
-7.23763531721937 0.0869
-7.23750889829954 0.087
-7.23738917417568 0.0871
-7.23729425876533 0.0872
-7.23720613335882 0.0873
-7.2371238896313 0.0874
-7.23705455392678 0.0875
-7.23699943790472 0.0876
-7.23694853632292 0.0877
-7.23692243302127 0.0878
-7.2369258956344 0.0879
-7.23696549041164 0.088
-7.23700102595027 0.0881
-7.23705226367203 0.0882
-7.23709967464657 0.0883
-7.2371444546775 0.0884
-7.23721209668455 0.0885
-7.2373008733561 0.0886
-7.23738575889857 0.0887
-7.23745374329075 0.0888
-7.23752222699136 0.0889
-7.23758307823967 0.089
-7.23765007373778 0.0891
-7.2377073018015 0.0892
-7.23777105645187 0.0893
-7.23782703101235 0.0894
-7.23785319278805 0.0895
-7.23787075899127 0.0896
-7.23789675770323 0.0897
-7.23792184269586 0.0898
-7.23793647974145 0.0899
-7.23794485225733 0.09
-7.23794455855992 0.0901
-7.23793823045422 0.0902
-7.23792470965471 0.0903
-7.2379036948794 0.0904
-7.23788267139638 0.0905
-7.23785428085409 0.0906
-7.2378198397478 0.0907
-7.23777181431404 0.0908
-7.23774403712892 0.0909
-7.23774680587097 0.091
-7.23776665983874 0.0911
-7.23779540912787 0.0912
-7.23781683003059 0.0913
-7.23786572916344 0.0914
-7.23795327447682 0.0915
-7.23807023376574 0.0916
-7.23820530229761 0.0917
-7.23836047194148 0.0918
-7.23852467488851 0.0919
-7.23869902025293 0.092
-7.23887585903907 0.0921
-7.23905890201521 0.0922
-7.23923219074711 0.0923
-7.23939817671472 0.0924
-7.23955304395603 0.0925
-7.23968386230449 0.0926
-7.23979426162744 0.0927
-7.23989395577778 0.0928
-7.23999323467909 0.0929
-7.24006674121365 0.093
-7.24010714920108 0.0931
-7.2401274551516 0.0932
-7.24014060143491 0.0933
-7.24014658407752 0.0934
-7.24014725474255 0.0935
-7.24013098972083 0.0936
-7.24010309819048 0.0937
-7.24010584773399 0.0938
-7.2401026419814 0.0939
-7.24008679201964 0.094
-7.24005244677472 0.0941
-7.24002986102269 0.0942
-7.24000447046184 0.0943
-7.2399677293705 0.0944
-7.23993010638448 0.0945
-7.23988598445695 0.0946
-7.23982189411842 0.0947
-7.23974403139432 0.0948
-7.23965129597927 0.0949
-7.23954136365415 0.095
-7.23940192947111 0.0951
-7.23924104099409 0.0952
-7.23906418543307 0.0953
-7.23888145130479 0.0954
-7.2387075006573 0.0955
-7.23852512821608 0.0956
-7.23833405860683 0.0957
-7.2381366694716 0.0958
-7.23794718541198 0.0959
-7.23774923620969 0.096
-7.23755821920735 0.0961
-7.23735173862694 0.0962
-7.23715664637121 0.0963
-7.23697587389783 0.0964
-7.23681661552667 0.0965
-7.2366716547253 0.0966
-7.23653736790083 0.0967
-7.2364293522036 0.0968
-7.23632543646785 0.0969
-7.23624120163433 0.097
-7.23616984328815 0.0971
-7.23611567247025 0.0972
-7.23609271255686 0.0973
-7.23609965235874 0.0974
-7.23611910491452 0.0975
-7.23616961416576 0.0976
-7.23622308545748 0.0977
-7.23628471076725 0.0978
-7.23635289531103 0.0979
-7.23641613152427 0.098
-7.23647833241611 0.0981
-7.2365554290155 0.0982
-7.23662204704042 0.0983
-7.23668491346405 0.0984
-7.23673962077512 0.0985
-7.2368026456782 0.0986
-7.23688988486832 0.0987
-7.23697979002685 0.0988
-7.23707455500585 0.0989
-7.2371623363546 0.099
-7.23726785910018 0.0991
-7.23737032215629 0.0992
-7.23747936174256 0.0993
-7.23759513154612 0.0994
-7.23770765372852 0.0995
-7.23780307972358 0.0996
-7.23788951276972 0.0997
-7.23798030501203 0.0998
-7.23804861916434 0.0999
-7.23809315528656 0.1
-7.2381351472787 0.1001
-7.2381565113691 0.1002
-7.2381668478847 0.1003
-7.23817721256447 0.1004
-7.23818099809091 0.1005
-7.23817208717388 0.1006
-7.23815126380458 0.1007
-7.23812056140573 0.1008
-7.23807362531642 0.1009
-7.23802829522027 0.101
-7.23796706183371 0.1011
-7.23790946619869 0.1012
-7.23784771725662 0.1013
-7.23779820335638 0.1014
-7.23775590566625 0.1015
-7.23770958844602 0.1016
-7.23765390445744 0.1017
-7.23759149748884 0.1018
-7.23751361825086 0.1019
-7.23744469614078 0.102
-7.23737719729686 0.1021
-7.23732494693029 0.1022
-7.2372945008437 0.1023
-7.23727350002432 0.1024
-7.23725567970732 0.1025
-7.23724043659951 0.1026
-7.2372131990863 0.1027
-7.23717225722742 0.1028
-7.23714002494081 0.1029
-7.23710950542878 0.103
-7.23708681282842 0.1031
-7.23706494745663 0.1032
-7.23703242509575 0.1033
-7.23700511089175 0.1034
-7.23697477102222 0.1035
-7.23693100531773 0.1036
-7.23688209295673 0.1037
-7.23682354390371 0.1038
-7.2367463081419 0.1039
-7.2366360293124 0.104
-7.23651551956604 0.1041
-7.2363656769078 0.1042
-7.2362104831773 0.1043
-7.23604406326613 0.1044
-7.23585890506703 0.1045
-7.23566116928166 0.1046
-7.23546168233102 0.1047
-7.23524822858853 0.1048
-7.23500895449096 0.1049
-7.23476730598393 0.105
-7.23452926147127 0.1051
-7.23431602620035 0.1052
-7.23412584495322 0.1053
-7.23397436654468 0.1054
-7.23383779110459 0.1055
-7.23371269380659 0.1056
-7.23361349005066 0.1057
-7.23355108405717 0.1058
-7.23351028640261 0.1059
-7.23349796821306 0.106
-7.23348817850253 0.1061
-7.23350282450103 0.1062
-7.23351381351944 0.1063
-7.23352503949168 0.1064
-7.23354645785388 0.1065
-7.23355787187146 0.1066
-7.23357831083287 0.1067
-7.23359155150372 0.1068
-7.23358433995698 0.1069
-7.23355721059004 0.107
-7.23353049206256 0.1071
-7.23349514217355 0.1072
-7.233465014716 0.1073
-7.23342234498443 0.1074
-7.23338750446081 0.1075
-7.23335975867174 0.1076
-7.23332975800964 0.1077
-7.23331953252294 0.1078
-7.23330927613614 0.1079
-7.23328844041928 0.108
-7.23326551590927 0.1081
-7.23324326008118 0.1082
-7.23324368993556 0.1083
-7.2332589670821 0.1084
-7.23330264162371 0.1085
-7.23336505104134 0.1086
-7.23343551259139 0.1087
-7.23350571645337 0.1088
-7.23359006921665 0.1089
-7.233671296081 0.109
-7.23374762433492 0.1091
-7.2338305047258 0.1092
-7.23389519787503 0.1093
-7.23396704457716 0.1094
-7.23401755739068 0.1095
-7.23404276117081 0.1096
-7.23403726616126 0.1097
-7.23402530882793 0.1098
-7.23400035892354 0.1099
-7.23394706988342 0.11
-7.23386173495094 0.1101
-7.23376044069234 0.1102
-7.23364503517664 0.1103
-7.2335308067561 0.1104
-7.23340423569837 0.1105
-7.2332745719266 0.1106
-7.23315254927938 0.1107
-7.23303879358593 0.1108
-7.23293785193849 0.1109
-7.23285944061661 0.111
-7.23278843638095 0.1111
-7.2327124476409 0.1112
-7.2326831176964 0.1113
-7.23268129207395 0.1114
-7.23270041579411 0.1115
-7.23273757006582 0.1116
-7.23279027312949 0.1117
-7.2328556618408 0.1118
-7.23295432429382 0.1119
-7.233057795303 0.112
-7.23315959884846 0.1121
-7.23326765429813 0.1122
-7.23336684839307 0.1123
-7.23347279393663 0.1124
-7.23358411181386 0.1125
-7.23369488128208 0.1126
-7.23380815809958 0.1127
-7.23390649688801 0.1128
-7.23399705269376 0.1129
-7.23408820325177 0.113
-7.2341650296592 0.1131
-7.23419621467204 0.1132
-7.23421069117092 0.1133
-7.23421466601069 0.1134
-7.23420300874459 0.1135
-7.23417853492869 0.1136
-7.23415147630199 0.1137
-7.23411847708413 0.1138
-7.2340971077925 0.1139
-7.23408608374919 0.114
-7.23407074940496 0.1141
-7.23402886075014 0.1142
-7.23399031982863 0.1143
-7.23394922396128 0.1144
-7.23391133757521 0.1145
-7.23387549549292 0.1146
-7.23382774145262 0.1147
-7.23380416914954 0.1148
-7.23377190415338 0.1149
-7.23373726820092 0.115
-7.2336971056562 0.1151
-7.23365250573581 0.1152
-7.23359643779654 0.1153
-7.23355552804028 0.1154
-7.23349703412928 0.1155
-7.23343441435534 0.1156
-7.2333634705401 0.1157
-7.23330185264438 0.1158
-7.23324270495552 0.1159
-7.23318468435603 0.116
-7.23312296234447 0.1161
-7.23307404258263 0.1162
-7.2330293526962 0.1163
-7.23300228859818 0.1164
-7.23297144185612 0.1165
-7.23292641416744 0.1166
-7.23288575928873 0.1167
-7.23284154841746 0.1168
-7.2327892848874 0.1169
-7.23274915388666 0.117
-7.23270727316055 0.1171
-7.23264258553109 0.1172
-7.23256490192306 0.1173
-7.23248996233758 0.1174
-7.23242119671076 0.1175
-7.23236717847039 0.1176
-7.23230309858091 0.1177
-7.2322542366919 0.1178
-7.23221799329971 0.1179
-7.2321847578115 0.118
-7.23215557639335 0.1181
-7.23211875104858 0.1182
-7.23206489805367 0.1183
-7.23200986068117 0.1184
-7.23194085834914 0.1185
-7.23188442060348 0.1186
-7.23184558253864 0.1187
-7.23185365612934 0.1188
-7.23185705551006 0.1189
-7.23188143583125 0.119
-7.23190160656413 0.1191
-7.23192829709112 0.1192
-7.23195293996227 0.1193
-7.2319784377991 0.1194
-7.23198736747928 0.1195
-7.23200982139373 0.1196
-7.23207008252635 0.1197
-7.23213497516198 0.1198
-7.23219391480967 0.1199
-7.232246238971 0.12
-7.2323018609174 0.1201
-7.23235598678465 0.1202
-7.23242818573432 0.1203
-7.23249930206605 0.1204
-7.23257973952173 0.1205
-7.23264733505285 0.1206
-7.23270827788908 0.1207
-7.23276617580734 0.1208
-7.23281720689214 0.1209
-7.23285599304541 0.121
-7.23289437103859 0.1211
-7.23291955658837 0.1212
-7.23295007167481 0.1213
-7.23296053799485 0.1214
-7.23296348788652 0.1215
-7.23295782983765 0.1216
-7.23294007195338 0.1217
-7.23293499021302 0.1218
-7.23292345895692 0.1219
-7.23291248986831 0.122
-7.23288835185822 0.1221
-7.23287037151036 0.1222
-7.23284726855072 0.1223
-7.23282678900327 0.1224
-7.23283097380853 0.1225
-7.23285475220926 0.1226
-7.23287937843016 0.1227
-7.23289552497875 0.1228
-7.23293371262573 0.1229
-7.23298526677129 0.123
-7.233015831917 0.1231
-7.23303747003183 0.1232
-7.23305548751517 0.1233
-7.23307877511461 0.1234
-7.23310947561543 0.1235
-7.23313622861315 0.1236
-7.23316050716575 0.1237
-7.23316528122817 0.1238
-7.23318648084551 0.1239
-7.23320518525275 0.124
-7.23321814846378 0.1241
-7.23322160699836 0.1242
-7.23324602428227 0.1243
-7.2332763894318 0.1244
-7.23331515430565 0.1245
-7.233359376581 0.1246
-7.2334203349422 0.1247
-7.23349583726864 0.1248
-7.23357256739785 0.1249
-7.23363880104366 0.125
-7.23370124799866 0.1251
-7.23377047392559 0.1252
-7.23384407069445 0.1253
-7.23393385351243 0.1254
-7.234030832776 0.1255
-7.23413409460239 0.1256
-7.23423208048809 0.1257
-7.23432382358636 0.1258
-7.23442422963128 0.1259
-7.23450851104265 0.126
-7.23458501665439 0.1261
-7.23464750619364 0.1262
-7.23471058110851 0.1263
-7.23476071636232 0.1264
-7.23481705035552 0.1265
-7.23487173899768 0.1266
-7.23492033540539 0.1267
-7.2349534390495 0.1268
-7.23499288511665 0.1269
-7.23502877549568 0.127
-7.23505677538977 0.1271
-7.2350594171561 0.1272
-7.23504913921693 0.1273
-7.23501407805354 0.1274
-7.23496437287817 0.1275
-7.23491057360549 0.1276
-7.23485398961167 0.1277
-7.23479237021461 0.1278
-7.2347419457036 0.1279
-7.23470420090998 0.128
-7.23467621325986 0.1281
-7.23466090046263 0.1282
-7.23466023735562 0.1283
-7.23468203537103 0.1284
-7.23470387574061 0.1285
-7.23471925056505 0.1286
-7.23474123168231 0.1287
-7.23475745308432 0.1288
-7.23478122247954 0.1289
-7.23480679445179 0.129
-7.23483281247225 0.1291
-7.23486279073951 0.1292
-7.23487709285318 0.1293
-7.23486711136399 0.1294
-7.23483832306327 0.1295
-7.23479503626459 0.1296
-7.2347456567847 0.1297
-7.23466167341973 0.1298
-7.2345761414544 0.1299
-7.23449220322685 0.13
-7.23439484215855 0.1301
-7.23428146520145 0.1302
-7.23415682364965 0.1303
-7.23402372777922 0.1304
-7.23389231716691 0.1305
-7.23374331424711 0.1306
-7.23357100425723 0.1307
-7.2333907926701 0.1308
-7.23320710163889 0.1309
-7.23302611207801 0.131
-7.23283297742095 0.1311
-7.23264848361794 0.1312
-7.23246497938551 0.1313
-7.23228348837661 0.1314
-7.23210733840679 0.1315
-7.23192863732601 0.1316
-7.23174535533826 0.1317
-7.23158390708103 0.1318
-7.23144799579639 0.1319
-7.23132716796954 0.132
-7.2312087504068 0.1321
-7.23109405108737 0.1322
-7.23099275021119 0.1323
-7.23090880883294 0.1324
-7.23082167038687 0.1325
-7.23073564313283 0.1326
-7.23064685749409 0.1327
-7.23056772485037 0.1328
-7.23051054873504 0.1329
-7.23046662373317 0.133
-7.23044352284266 0.1331
-7.23043575737434 0.1332
-7.23043924640762 0.1333
-7.23044344885613 0.1334
-7.23045975634748 0.1335
-7.23046344772752 0.1336
-7.23046490684764 0.1337
-7.23045911766977 0.1338
-7.23045143498949 0.1339
-7.23045959836535 0.134
-7.23046482602003 0.1341
-7.23046310826446 0.1342
-7.23045675804297 0.1343
-7.23044606290751 0.1344
-7.23042265273042 0.1345
-7.23040696116765 0.1346
-7.2303972638077 0.1347
-7.2304090661216 0.1348
-7.23044450754244 0.1349
-7.23047894138172 0.135
-7.23051142488668 0.1351
-7.23055623846245 0.1352
-7.23060287928889 0.1353
-7.23065528194511 0.1354
-7.23070519607068 0.1355
-7.23074012341133 0.1356
-7.23078098444284 0.1357
-7.23081172103216 0.1358
-7.23081947063574 0.1359
-7.23079897371434 0.136
-7.23076919655428 0.1361
-7.23071438038434 0.1362
-7.23064600772109 0.1363
-7.2305620559101 0.1364
-7.23046255942681 0.1365
-7.23035073204981 0.1366
-7.23022267180112 0.1367
-7.23011341422515 0.1368
-7.23000240253655 0.1369
-7.22988908439335 0.137
-7.22977670312227 0.1371
-7.22966523161859 0.1372
-7.22955365975044 0.1373
-7.22943585883377 0.1374
-7.22931220686232 0.1375
-7.22920894168719 0.1376
-7.22911855779039 0.1377
-7.22902777985752 0.1378
-7.2289409421016 0.1379
-7.22886294884817 0.138
-7.22878174997173 0.1381
-7.22872468420898 0.1382
-7.22867722406353 0.1383
-7.22863841532238 0.1384
-7.22858635676185 0.1385
-7.2285530553349 0.1386
-7.22853568974018 0.1387
-7.22852437847518 0.1388
-7.22852452707487 0.1389
-7.22852285181362 0.139
-7.22853069494023 0.1391
-7.22854073449104 0.1392
-7.22856457822322 0.1393
-7.22859164559952 0.1394
-7.22863272563705 0.1395
-7.22867777999065 0.1396
-7.22872661559197 0.1397
-7.22879180126593 0.1398
-7.22884844985368 0.1399
-7.22890318265364 0.14
-7.22897214146798 0.1401
-7.22905862793009 0.1402
-7.22914690116735 0.1403
-7.22922947060768 0.1404
-7.2293158101074 0.1405
-7.22940170637651 0.1406
-7.2294795245879 0.1407
-7.229536480412 0.1408
-7.22956987273176 0.1409
-7.22958329524243 0.141
-7.22959455360047 0.1411
-7.22959224291117 0.1412
-7.2295864645583 0.1413
-7.22959061951887 0.1414
-7.22959694920371 0.1415
-7.22960602637874 0.1416
-7.22962000728832 0.1417
-7.2296344205899 0.1418
-7.22965476741735 0.1419
-7.22969942613835 0.142
-7.2297427325776 0.1421
-7.22977853517765 0.1422
-7.2298084355949 0.1423
-7.22982822647788 0.1424
-7.22984602253081 0.1425
-7.22984592371506 0.1426
-7.22985657657911 0.1427
-7.22986406041985 0.1428
-7.22988302831834 0.1429
-7.2299178276892 0.143
-7.22995046648458 0.1431
-7.22997817184384 0.1432
-7.23002163848689 0.1433
-7.23005696955203 0.1434
-7.23008669059963 0.1435
-7.2301221096403 0.1436
-7.23018302287559 0.1437
-7.23023933023705 0.1438
-7.2303094557556 0.1439
-7.23039479153885 0.144
-7.23045180739501 0.1441
-7.23051711981009 0.1442
-7.2305765295007 0.1443
-7.23063334487924 0.1444
-7.23068797521961 0.1445
-7.23073486689528 0.1446
-7.23077706701094 0.1447
-7.23081589891858 0.1448
-7.23084932373689 0.1449
-7.2308577605999 0.145
-7.23086930241193 0.1451
-7.23087744505892 0.1452
-7.23087918134718 0.1453
-7.23086178978376 0.1454
-7.23084601323858 0.1455
-7.23082748663449 0.1456
-7.2307906166062 0.1457
-7.23076323261475 0.1458
-7.23073604416912 0.1459
-7.23069246595851 0.146
-7.23065000810474 0.1461
-7.23059422658064 0.1462
-7.2305267126237 0.1463
-7.23046703829651 0.1464
-7.23038961423414 0.1465
-7.23030341353525 0.1466
-7.23021194712439 0.1467
-7.23010923557742 0.1468
-7.23000003926006 0.1469
-7.2298757571098 0.147
-7.22974339100128 0.1471
-7.22960784366724 0.1472
-7.22948806046172 0.1473
-7.22937561888464 0.1474
-7.22928222430076 0.1475
-7.22919892226157 0.1476
-7.22914087443396 0.1477
-7.22909922385062 0.1478
-7.22906472095988 0.1479
-7.22903868982064 0.148
-7.22902098168681 0.1481
-7.2290343251253 0.1482
-7.22907430385503 0.1483
-7.22914651122613 0.1484
-7.22925372974416 0.1485
-7.22937273067729 0.1486
-7.22948585056255 0.1487
-7.2296078655569 0.1488
-7.22975761495042 0.1489
-7.22988349438741 0.149
-7.23000303296783 0.1491
-7.23009216329703 0.1492
-7.23015621803689 0.1493
-7.23020903998295 0.1494
-7.23024603638667 0.1495
-7.23028927073767 0.1496
-7.23031435306048 0.1497
-7.230323674345 0.1498
-7.2303273918353 0.1499
-7.23033201889229 0.15
-7.23033358823522 0.1501
-7.23032173077881 0.1502
-7.23030136770731 0.1503
-7.23027990266305 0.1504
-7.23026327373382 0.1505
-7.23024911952264 0.1506
-7.2302237775333 0.1507
-7.23020447169207 0.1508
-7.23019776228984 0.1509
-7.23021784966012 0.151
-7.23023322930901 0.1511
-7.2302384474648 0.1512
-7.23023987493595 0.1513
-7.23023714273929 0.1514
-7.23025324257673 0.1515
-7.23025103255973 0.1516
-7.23024723872278 0.1517
-7.23025040295799 0.1518
-7.23023463783326 0.1519
-7.23021860972803 0.152
-7.2302108517665 0.1521
-7.2302082074882 0.1522
-7.2302145185758 0.1523
-7.23021826180268 0.1524
-7.23022989481032 0.1525
-7.23024802813291 0.1526
-7.23026766534474 0.1527
-7.23028212071898 0.1528
-7.23030613465817 0.1529
-7.23031740945431 0.153
-7.23032611309852 0.1531
-7.2303336486082 0.1532
-7.23035141703519 0.1533
-7.23037275905323 0.1534
-7.23040588956721 0.1535
-7.23045311436368 0.1536
-7.23051306706324 0.1537
-7.23059030740852 0.1538
-7.23067478017907 0.1539
-7.23077329985762 0.154
-7.23085578755758 0.1541
-7.23093940412387 0.1542
-7.23100959489836 0.1543
-7.23111145296847 0.1544
-7.23120574009638 0.1545
-7.23130783569383 0.1546
-7.23142559897022 0.1547
-7.23153336528394 0.1548
-7.23165375161348 0.1549
-7.23175775922658 0.155
-7.23186586850689 0.1551
-7.23198183612774 0.1552
-7.23210669675798 0.1553
-7.2322239011565 0.1554
-7.23232607749196 0.1555
-7.23239870094404 0.1556
-7.23246970787928 0.1557
-7.23251556592067 0.1558
-7.23255022180869 0.1559
-7.23258361956688 0.156
-7.23261029029708 0.1561
-7.23261374414254 0.1562
-7.23260851068676 0.1563
-7.23260801118081 0.1564
-7.23258733382445 0.1565
-7.23255680268264 0.1566
-7.23250993181099 0.1567
-7.23245139667054 0.1568
-7.23238724982434 0.1569
-7.2323130545551 0.157
-7.23224159400854 0.1571
-7.23216562646053 0.1572
-7.23208594125257 0.1573
-7.2320015496954 0.1574
-7.23190827889209 0.1575
-7.23181375981847 0.1576
-7.23172946101224 0.1577
-7.23166857486742 0.1578
-7.23159743467306 0.1579
-7.23153809774132 0.158
-7.23148323120318 0.1581
-7.23141470474991 0.1582
-7.23136620899307 0.1583
-7.231318589588 0.1584
-7.23128185903891 0.1585
-7.23126536728758 0.1586
-7.23124732560887 0.1587
-7.23124431010119 0.1588
-7.23125534188944 0.1589
-7.23127649581644 0.159
-7.23130647112331 0.1591
-7.23134677340917 0.1592
-7.2313788777089 0.1593
-7.23140541637536 0.1594
-7.2314180954256 0.1595
-7.23142801796172 0.1596
-7.23144331900378 0.1597
-7.23145491776072 0.1598
-7.23145838749603 0.1599
-7.23145723518408 0.16
-7.23144591039265 0.1601
-7.23141618981055 0.1602
-7.2313682281738 0.1603
-7.23129179597863 0.1604
-7.23118833392765 0.1605
-7.23106867844989 0.1606
-7.2309282168105 0.1607
-7.23077456846309 0.1608
-7.23061219822137 0.1609
-7.23042223101328 0.161
-7.23022764582309 0.1611
-7.23005054754372 0.1612
-7.22985648997348 0.1613
-7.22964481595378 0.1614
-7.22944026624473 0.1615
-7.22922842767848 0.1616
-7.22903915096553 0.1617
-7.22886303503683 0.1618
-7.22870453892525 0.1619
-7.22856147682788 0.162
-7.22842858437075 0.1621
-7.22829635276583 0.1622
-7.22815692918466 0.1623
-7.22801655943818 0.1624
-7.22790081247201 0.1625
-7.22779508487613 0.1626
-7.22770622249991 0.1627
-7.22765551585175 0.1628
-7.22761828126191 0.1629
-7.22759237175806 0.163
-7.22757602273753 0.1631
-7.22757712764389 0.1632
-7.22759282845013 0.1633
-7.22761244371383 0.1634
-7.22764300313785 0.1635
-7.22767866167483 0.1636
-7.22771358057918 0.1637
-7.22772353046881 0.1638
-7.22773213704899 0.1639
-7.22774975713795 0.164
-7.22775766184034 0.1641
-7.2277682250277 0.1642
-7.22777339835559 0.1643
-7.22778217493168 0.1644
-7.22779470992906 0.1645
-7.22779333876715 0.1646
-7.22778672885743 0.1647
-7.22775922874809 0.1648
-7.22771267301576 0.1649
-7.22764780288048 0.165
-7.22759546747923 0.1651
-7.22755468439007 0.1652
-7.22750030109525 0.1653
-7.22746460250391 0.1654
-7.22741797754487 0.1655
-7.2273987398627 0.1656
-7.22738507041528 0.1657
-7.22736341182051 0.1658
-7.22731363021283 0.1659
-7.22725832268601 0.166
-7.22720001858328 0.1661
-7.22712263531653 0.1662
-7.22703386178594 0.1663
-7.22694439012935 0.1664
-7.22686040113512 0.1665
-7.22676654112537 0.1666
-7.2266721077446 0.1667
-7.22657017049503 0.1668
-7.22648361537878 0.1669
-7.22638769260238 0.167
-7.22627752898424 0.1671
-7.2261794892399 0.1672
-7.22607233834306 0.1673
-7.2259886543568 0.1674
-7.22594200720745 0.1675
-7.22592894083706 0.1676
-7.22595627866424 0.1677
-7.22601225079723 0.1678
-7.22608958481882 0.1679
-7.2261907915753 0.168
-7.22630196313502 0.1681
-7.22643947839491 0.1682
-7.22657674972293 0.1683
-7.22671476935053 0.1684
-7.22685709598397 0.1685
-7.22699336252249 0.1686
-7.2271329506386 0.1687
-7.22726908345797 0.1688
-7.22739774379393 0.1689
-7.227515627787 0.169
-7.22761940567677 0.1691
-7.22769675237444 0.1692
-7.22776560027665 0.1693
-7.22782191877105 0.1694
-7.22785914219184 0.1695
-7.22789548841092 0.1696
-7.22789984452878 0.1697
-7.22790047555994 0.1698
-7.22790419436889 0.1699
-7.22790023988146 0.17
-7.22789210315376 0.1701
-7.22787180384453 0.1702
-7.22784022467625 0.1703
-7.22780066173799 0.1704
-7.22775638773401 0.1705
-7.22769923800831 0.1706
-7.22764428473706 0.1707
-7.22757418933561 0.1708
-7.22750442298239 0.1709
-7.22744495463954 0.171
-7.22739808497518 0.1711
-7.22735640456455 0.1712
-7.22731744850649 0.1713
-7.22729631299174 0.1714
-7.22727537955638 0.1715
-7.22727154675255 0.1716
-7.22727621356977 0.1717
-7.22726237824505 0.1718
-7.22724514240516 0.1719
-7.22720599177664 0.172
-7.22716361442541 0.1721
-7.22709726320469 0.1722
-7.22700838064086 0.1723
-7.22690996509128 0.1724
-7.2268255572809 0.1725
-7.22673813261671 0.1726
-7.2266768979595 0.1727
-7.2265960262847 0.1728
-7.22651963156038 0.1729
-7.22645448371286 0.173
-7.22640851000229 0.1731
-7.22636341189723 0.1732
-7.22631801838977 0.1733
-7.22626781676265 0.1734
-7.22621912587115 0.1735
-7.22616665612828 0.1736
-7.22612931436926 0.1737
-7.22610748128326 0.1738
-7.22610189033887 0.1739
-7.22609290908618 0.174
-7.22609473579402 0.1741
-7.22609580015022 0.1742
-7.22611165539334 0.1743
-7.22612224834999 0.1744
-7.22615252487001 0.1745
-7.2261944042981 0.1746
-7.22621964235624 0.1747
-7.22624476869666 0.1748
-7.2262782467952 0.1749
-7.22631519235778 0.175
-7.22632579542729 0.1751
-7.22635004562095 0.1752
-7.22634339299467 0.1753
-7.22631676668412 0.1754
-7.22628541469443 0.1755
-7.22625417323142 0.1756
-7.22620952147994 0.1757
-7.22616933413048 0.1758
-7.22615019597099 0.1759
-7.22611230417711 0.176
-7.22605935674056 0.1761
-7.2259863412481 0.1762
-7.22593052955654 0.1763
-7.22585067118739 0.1764
-7.22575330427608 0.1765
-7.2256774015283 0.1766
-7.22559323451587 0.1767
-7.22550240736159 0.1768
-7.22542394290804 0.1769
-7.22535944767805 0.177
-7.22530062962293 0.1771
-7.22525861968364 0.1772
-7.22522288873115 0.1773
-7.22520371243605 0.1774
-7.2251921985345 0.1775
-7.22518876330758 0.1776
-7.22519777740406 0.1777
-7.22521686601397 0.1778
-7.22523525130674 0.1779
-7.22525277493555 0.178
-7.22527763479663 0.1781
-7.22531110351367 0.1782
-7.22534076073809 0.1783
-7.22535186293888 0.1784
-7.22535746936628 0.1785
-7.22536792019083 0.1786
-7.22538016867645 0.1787
-7.22537899458032 0.1788
-7.22536094376082 0.1789
-7.22535603315655 0.179
-7.22534577347559 0.1791
-7.22534832235009 0.1792
-7.22535134435036 0.1793
-7.2253739280606 0.1794
-7.22540889888563 0.1795
-7.22546659790699 0.1796
-7.22554620732065 0.1797
-7.22562144955967 0.1798
-7.22569832904314 0.1799
-7.2257806627694 0.18
-7.22588250482492 0.1801
-7.22598483082346 0.1802
-7.22607125737258 0.1803
-7.22616093924597 0.1804
-7.22623900937395 0.1805
-7.22630589390319 0.1806
-7.22637060577923 0.1807
-7.22644826896054 0.1808
-7.22650795824996 0.1809
-7.22656298123693 0.181
-7.22657944545148 0.1811
-7.22658454230673 0.1812
-7.22658302529213 0.1813
-7.22656737002332 0.1814
-7.22654638444736 0.1815
-7.22654365212578 0.1816
-7.22654943988624 0.1817
-7.22657505580245 0.1818
-7.22661629989927 0.1819
-7.22664978502479 0.182
-7.22667982377297 0.1821
-7.22672486613924 0.1822
-7.22678939061025 0.1823
-7.22684585663257 0.1824
-7.22689760589451 0.1825
-7.22693614497759 0.1826
-7.22696980204495 0.1827
-7.2269736942632 0.1828
-7.22697856726256 0.1829
-7.22698946680118 0.183
-7.22697886168165 0.1831
-7.22696409946808 0.1832
-7.22695390355193 0.1833
-7.22692835666332 0.1834
-7.22691508814929 0.1835
-7.22689087746433 0.1836
-7.22686338589872 0.1837
-7.22685314871734 0.1838
-7.22685899782623 0.1839
-7.22687698815241 0.184
-7.22690347675057 0.1841
-7.22695071646734 0.1842
-7.22699394020828 0.1843
-7.22704036658304 0.1844
-7.22712430089745 0.1845
-7.22722003286612 0.1846
-7.22732627122835 0.1847
-7.22745089038263 0.1848
-7.22756709216198 0.1849
-7.22767521090904 0.185
-7.22776722439192 0.1851
-7.22786718854476 0.1852
-7.22796694622901 0.1853
-7.22804534840569 0.1854
-7.2281056687205 0.1855
-7.22815253956654 0.1856
-7.22819333856756 0.1857
-7.22823734424473 0.1858
-7.22826053036002 0.1859
-7.22824794958786 0.186
-7.22820091931019 0.1861
-7.22814931872103 0.1862
-7.22808995608861 0.1863
-7.22802473017676 0.1864
-7.22795167536025 0.1865
-7.22785598502567 0.1866
-7.22775593729271 0.1867
-7.22765977975874 0.1868
-7.22757073221872 0.1869
-7.22747806661635 0.187
-7.22741589786344 0.1871
-7.22735891107608 0.1872
-7.22729883236577 0.1873
-7.22722920313062 0.1874
-7.22718027992998 0.1875
-7.22714040085724 0.1876
-7.22709735447673 0.1877
-7.22705607105031 0.1878
-7.22701693049591 0.1879
-7.22697773236675 0.188
-7.22695143752191 0.1881
-7.22692555011321 0.1882
-7.22689523930569 0.1883
-7.22686341396596 0.1884
-7.2268240275848 0.1885
-7.2267899626762 0.1886
-7.2267659500195 0.1887
-7.22674326780691 0.1888
-7.22672947843104 0.1889
-7.22671388940284 0.189
-7.22672111710261 0.1891
-7.22672387948064 0.1892
-7.22673808517454 0.1893
-7.22674345754434 0.1894
-7.2267342597835 0.1895
-7.22670754559022 0.1896
-7.22667541142537 0.1897
-7.22663063750142 0.1898
-7.2265772753195 0.1899
-7.22653761056108 0.19
-7.22648562250477 0.1901
-7.22644350798963 0.1902
-7.22641122378282 0.1903
-7.22638191137272 0.1904
-7.2263269865473 0.1905
-7.22626201339325 0.1906
-7.22619983096234 0.1907
-7.2261289872622 0.1908
-7.22607628352484 0.1909
-7.22603594974648 0.191
-7.22599904029631 0.1911
-7.22595864786273 0.1912
-7.22591313627141 0.1913
-7.2258914338496 0.1914
-7.22587605627451 0.1915
-7.22588576826464 0.1916
-7.22590436905541 0.1917
-7.22594332932235 0.1918
-7.22595432600109 0.1919
-7.22596156212732 0.192
-7.22597634866652 0.1921
-7.22599517201601 0.1922
-7.2260547330462 0.1923
-7.22613559106301 0.1924
-7.2262186084841 0.1925
-7.22631237601696 0.1926
-7.22639563310099 0.1927
-7.22646772153565 0.1928
-7.22653577454616 0.1929
-7.22657580840405 0.193
-7.22660384522017 0.1931
-7.22661885452627 0.1932
-7.22662135039858 0.1933
-7.22660098634673 0.1934
-7.22657316960813 0.1935
-7.22654590886522 0.1936
-7.22652396867488 0.1937
-7.2265041647751 0.1938
-7.22648715552612 0.1939
-7.22647703912523 0.194
-7.22646691782303 0.1941
-7.22646064406734 0.1942
-7.22645006213781 0.1943
-7.22645238048057 0.1944
-7.22645299068788 0.1945
-7.22645501008027 0.1946
-7.22645167731881 0.1947
-7.22644427880633 0.1948
-7.22643679953777 0.1949
-7.22641755170052 0.195
-7.22638952359129 0.1951
-7.22635224968426 0.1952
-7.22631964363532 0.1953
-7.22627450933044 0.1954
-7.22622469853797 0.1955
-7.22618623326516 0.1956
-7.22612902840089 0.1957
-7.22605589240519 0.1958
-7.22597891277891 0.1959
-7.22590002946328 0.196
-7.22582618106779 0.1961
-7.22573589746519 0.1962
-7.22564544245696 0.1963
-7.22554282422684 0.1964
-7.22542443495069 0.1965
-7.22529887499881 0.1966
-7.22515234926409 0.1967
-7.22499477998034 0.1968
-7.22481711499175 0.1969
-7.22463292104745 0.197
-7.2244495107398 0.1971
-7.22427597541347 0.1972
-7.22410917795057 0.1973
-7.22394087252947 0.1974
-7.2237889911959 0.1975
-7.22363568906491 0.1976
-7.22348280198298 0.1977
-7.22334060626785 0.1978
-7.22318886289378 0.1979
-7.22303339622027 0.198
-7.22289362630455 0.1981
-7.22276322603322 0.1982
-7.2226498289642 0.1983
-7.22254276963818 0.1984
-7.22246546953254 0.1985
-7.22241160295492 0.1986
-7.2223784516452 0.1987
-7.22234208918235 0.1988
-7.22233408552229 0.1989
-7.22233909972794 0.199
-7.22235375121683 0.1991
-7.22237226649317 0.1992
-7.22238955365647 0.1993
-7.22240733828757 0.1994
-7.22241260993229 0.1995
-7.22239733111705 0.1996
-7.22238496058066 0.1997
-7.22235549600778 0.1998
-7.22232673416353 0.1999
-7.22229395942473 0.2
-7.22225954458774 0.2001
-7.22221423357054 0.2002
-7.22216902378372 0.2003
-7.22212812659638 0.2004
-7.2220756514762 0.2005
-7.22202029159066 0.2006
-7.22195996866448 0.2007
-7.22189434231867 0.2008
-7.22182908749758 0.2009
-7.22178264841694 0.201
-7.2217476285746 0.2011
-7.22174704472798 0.2012
-7.22175212813578 0.2013
-7.22177540857286 0.2014
-7.22183477360004 0.2015
-7.22190981542869 0.2016
-7.22200657760394 0.2017
-7.22211319347955 0.2018
-7.22223629025083 0.2019
-7.22238384564923 0.202
-7.22254394668827 0.2021
-7.22271556222063 0.2022
-7.22290248354464 0.2023
-7.22308208537446 0.2024
-7.22324163883329 0.2025
-7.22337969726185 0.2026
-7.22351280186757 0.2027
-7.22362183905175 0.2028
-7.22373194700844 0.2029
-7.22383980458885 0.203
-7.22392475035816 0.2031
-7.22398872088668 0.2032
-7.22403923010754 0.2033
-7.22405540644701 0.2034
-7.2240428864555 0.2035
-7.22400111142474 0.2036
-7.22393438371039 0.2037
-7.2238541771825 0.2038
-7.22375450460198 0.2039
-7.22363730555907 0.204
-7.22349600769348 0.2041
-7.22334076687896 0.2042
-7.22318257753046 0.2043
-7.22302944173133 0.2044
-7.22286386818808 0.2045
-7.22268812974987 0.2046
-7.22251360153125 0.2047
-7.22234199629673 0.2048
-7.22217214727964 0.2049
-7.22203269123298 0.205
-7.22189253895967 0.2051
-7.22176966429782 0.2052
-7.2216618237221 0.2053
-7.2215818747035 0.2054
-7.22150480305274 0.2055
-7.22144460109794 0.2056
-7.22137968405667 0.2057
-7.22131893414521 0.2058
-7.22126537953413 0.2059
-7.22121934074235 0.206
-7.22118248828638 0.2061
-7.221175981338 0.2062
-7.22118067317024 0.2063
-7.22120549871992 0.2064
-7.22123886032069 0.2065
-7.22131251053319 0.2066
-7.22140013611803 0.2067
-7.22148192356989 0.2068
-7.22156368565328 0.2069
-7.22165588527716 0.207
-7.22173720620447 0.2071
-7.22182071712355 0.2072
-7.22191376376065 0.2073
-7.22200931976197 0.2074
-7.22209546298621 0.2075
-7.2221848559523 0.2076
-7.2222591233813 0.2077
-7.22231589043407 0.2078
-7.22239738045532 0.2079
-7.22247942822933 0.208
-7.22256619579864 0.2081
-7.2226530625291 0.2082
-7.22271676810067 0.2083
-7.22275543161983 0.2084
-7.222782376113 0.2085
-7.22278597257839 0.2086
-7.22277439181426 0.2087
-7.22274214295723 0.2088
-7.22272402334322 0.2089
-7.2226861247689 0.209
-7.22265561077848 0.2091
-7.22260499650619 0.2092
-7.22255462890278 0.2093
-7.22251075036325 0.2094
-7.22246782776772 0.2095
-7.22241762380075 0.2096
-7.22236694049798 0.2097
-7.22232016152151 0.2098
-7.22226181598313 0.2099
-7.22220114463059 0.21
-7.22216671706271 0.2101
-7.2221566672463 0.2102
-7.22215726439953 0.2103
-7.22216848765781 0.2104
-7.22217631097818 0.2105
-7.22218418538085 0.2106
-7.22219865338275 0.2107
-7.22220124154545 0.2108
-7.22220321335838 0.2109
-7.22220820438628 0.211
-7.22221122325356 0.2111
-7.22222036139002 0.2112
-7.22224505468483 0.2113
-7.22226256783996 0.2114
-7.22227954679945 0.2115
-7.22229484235456 0.2116
-7.22231822328609 0.2117
-7.22233241338372 0.2118
-7.22235005850083 0.2119
-7.22236445237288 0.212
-7.22237724803041 0.2121
-7.22238081713318 0.2122
-7.22238313373133 0.2123
-7.22238194374357 0.2124
-7.22237522609805 0.2125
-7.22235601095494 0.2126
-7.22234796040193 0.2127
-7.22233775581597 0.2128
-7.22232383170162 0.2129
-7.22230328431844 0.213
-7.22228039736179 0.2131
-7.22224692652373 0.2132
-7.22221884839761 0.2133
-7.22219104065459 0.2134
-7.22215008503446 0.2135
-7.2221154089669 0.2136
-7.22208525989831 0.2137
-7.22206225910036 0.2138
-7.22203526285448 0.2139
-7.22200915254973 0.214
-7.22197958830445 0.2141
-7.2219430922089 0.2142
-7.2219163496722 0.2143
-7.22189000369306 0.2144
-7.2218632476216 0.2145
-7.2218350375505 0.2146
-7.22179980268472 0.2147
-7.22178036587519 0.2148
-7.22176111548234 0.2149
-7.22173658404226 0.215
-7.22170892963789 0.2151
-7.22168475306119 0.2152
-7.2216471530665 0.2153
-7.22160575402189 0.2154
-7.22156144373399 0.2155
-7.22150825020625 0.2156
-7.22144907646572 0.2157
-7.2213922763335 0.2158
-7.22134442369429 0.2159
-7.22128263623335 0.216
-7.22121068763618 0.2161
-7.22113571798578 0.2162
-7.22107595154506 0.2163
-7.22102804310166 0.2164
-7.2209960482161 0.2165
-7.22097334245021 0.2166
-7.22094467635437 0.2167
-7.2209262099566 0.2168
-7.22091814332713 0.2169
-7.22089609597759 0.217
-7.2208915092664 0.2171
-7.22086468007615 0.2172
-7.22082554967216 0.2173
-7.22077912019916 0.2174
-7.22072761625273 0.2175
-7.22066656727498 0.2176
-7.22059972160212 0.2177
-7.22052507278946 0.2178
-7.22046938430246 0.2179
-7.22042376654796 0.218
-7.22036909046942 0.2181
-7.22030427188081 0.2182
-7.22022800708617 0.2183
-7.22016361113882 0.2184
-7.22009998150481 0.2185
-7.2200301796911 0.2186
-7.21994292509835 0.2187
-7.21985381820885 0.2188
-7.2197505572719 0.2189
-7.21964591664873 0.219
-7.21952996603222 0.2191
-7.21940621937721 0.2192
-7.21929422588861 0.2193
-7.21919171302443 0.2194
-7.21908831579802 0.2195
-7.21897812964449 0.2196
-7.21886374054883 0.2197
-7.2187498400619 0.2198
-7.21863352916224 0.2199
-7.21853196181607 0.22
-7.21845656634383 0.2201
-7.21841595113506 0.2202
-7.21840767838191 0.2203
-7.21840801917664 0.2204
-7.21843997475876 0.2205
-7.21848401108998 0.2206
-7.21854931812147 0.2207
-7.21862224526703 0.2208
-7.21869692628694 0.2209
-7.21878509326852 0.221
-7.21889668357764 0.2211
-7.21900116763969 0.2212
-7.2190970551597 0.2213
-7.21918096795462 0.2214
-7.21927793440833 0.2215
-7.21936163224941 0.2216
-7.21944873276722 0.2217
-7.21954224506177 0.2218
-7.21960801749405 0.2219
-7.21968472771039 0.222
-7.21976624027265 0.2221
-7.21983130205059 0.2222
-7.21987399188469 0.2223
-7.21989505932834 0.2224
-7.21991128233563 0.2225
-7.21992792525432 0.2226
-7.21994990295059 0.2227
-7.21997872041019 0.2228
-7.22001032872383 0.2229
-7.22003816486739 0.223
-7.22005632799188 0.2231
-7.22007138271824 0.2232
-7.2200828079592 0.2233
-7.22008496596425 0.2234
-7.2200869332191 0.2235
-7.22010188702512 0.2236
-7.22010874884234 0.2237
-7.22010675486449 0.2238
-7.22009236528928 0.2239
-7.22005631374284 0.224
-7.22002024607877 0.2241
-7.21998547226752 0.2242
-7.21995087309428 0.2243
-7.21992497163115 0.2244
-7.21989727070932 0.2245
-7.21986658024702 0.2246
-7.21984407527666 0.2247
-7.21982242569132 0.2248
-7.21979285662034 0.2249
-7.21979830351226 0.225
-7.21981839947967 0.2251
-7.21983788666774 0.2252
-7.21986505433947 0.2253
-7.21990485210976 0.2254
-7.2199637856657 0.2255
-7.22005167942196 0.2256
-7.22015171888456 0.2257
-7.22026215179556 0.2258
-7.2203750492273 0.2259
-7.220502967217 0.226
-7.22065510261115 0.2261
-7.22080984988042 0.2262
-7.22095589937818 0.2263
-7.22109903938084 0.2264
-7.22122339897938 0.2265
-7.22134131306232 0.2266
-7.22144110968392 0.2267
-7.22151743970115 0.2268
-7.22156796843076 0.2269
-7.22159698906813 0.227
-7.22161208084701 0.2271
-7.22160586472111 0.2272
-7.22156872965509 0.2273
-7.22149566655851 0.2274
-7.22141545116807 0.2275
-7.2213230990078 0.2276
-7.22120800091536 0.2277
-7.22107345595307 0.2278
-7.22093983617443 0.2279
-7.2208198369222 0.228
-7.22070378774331 0.2281
-7.2205662305511 0.2282
-7.22042103501865 0.2283
-7.22028182767936 0.2284
-7.22016048291705 0.2285
-7.22004504909445 0.2286
-7.21995940438869 0.2287
-7.21988788258485 0.2288
-7.21983335413091 0.2289
-7.21981727497142 0.229
-7.21981259708608 0.2291
-7.21980246857331 0.2292
-7.21979446646547 0.2293
-7.21979529091238 0.2294
-7.21980249419054 0.2295
-7.21980118724803 0.2296
-7.21980894725854 0.2297
-7.21983503395564 0.2298
-7.21985262364602 0.2299
-7.21987395880356 0.23
-7.21988394322369 0.2301
-7.21988005612459 0.2302
-7.21986052168351 0.2303
-7.21984121600931 0.2304
-7.21981301103812 0.2305
-7.21979292695526 0.2306
-7.2197649943717 0.2307
-7.21974478515437 0.2308
-7.21974621383736 0.2309
-7.21973951917338 0.231
-7.21972752856068 0.2311
-7.21969816161266 0.2312
-7.21966032671228 0.2313
-7.21961982428844 0.2314
-7.21957862677816 0.2315
-7.21954882366998 0.2316
-7.21950583749638 0.2317
-7.21945886101377 0.2318
-7.21942544688345 0.2319
-7.21940530130199 0.232
-7.21937865850448 0.2321
-7.21936550335125 0.2322
-7.21935661350942 0.2323
-7.21935605243986 0.2324
-7.21936084563559 0.2325
-7.21935578530709 0.2326
-7.21937411665268 0.2327
-7.21939154763017 0.2328
-7.21940203047075 0.2329
-7.21943267385275 0.233
-7.21948547514001 0.2331
-7.21954339921572 0.2332
-7.21958626821412 0.2333
-7.21963455688684 0.2334
-7.2196745041858 0.2335
-7.21970848886627 0.2336
-7.21972777865151 0.2337
-7.2197361226137 0.2338
-7.21973050524815 0.2339
-7.21971548524237 0.234
-7.21969558214558 0.2341
-7.21967224016852 0.2342
-7.21964559689628 0.2343
-7.21961581799568 0.2344
-7.21958408455184 0.2345
-7.21954838223692 0.2346
-7.21950893019243 0.2347
-7.21948350007348 0.2348
-7.21944693082033 0.2349
-7.21939881215119 0.235
-7.21933900493881 0.2351
-7.21928423065853 0.2352
-7.21923587593249 0.2353
-7.21920149637291 0.2354
-7.21917675444547 0.2355
-7.21916093777029 0.2356
-7.21915724299169 0.2357
-7.21916588039717 0.2358
-7.21919863831925 0.2359
-7.21924086377211 0.236
-7.21926618615211 0.2361
-7.21930250349923 0.2362
-7.21932190549994 0.2363
-7.21933317725986 0.2364
-7.219344386469 0.2365
-7.21936346176365 0.2366
-7.21936686757488 0.2367
-7.21938480509178 0.2368
-7.21940892103011 0.2369
-7.219434414241 0.237
-7.21948167636798 0.2371
-7.21953893578109 0.2372
-7.21958306978567 0.2373
-7.21962875523389 0.2374
-7.21965480168859 0.2375
-7.21966642032854 0.2376
-7.21965967674233 0.2377
-7.21964374721655 0.2378
-7.21964684760425 0.2379
-7.21964458339433 0.238
-7.21964862853789 0.2381
-7.21965204858142 0.2382
-7.21966231353917 0.2383
-7.21966464072352 0.2384
-7.2196718159176 0.2385
-7.2196672773393 0.2386
-7.21965846257744 0.2387
-7.21966887386883 0.2388
-7.21967617521808 0.2389
-7.21968711403449 0.239
-7.21969294439009 0.2391
-7.21972157529649 0.2392
-7.21974750525132 0.2393
-7.21978155559769 0.2394
-7.2198200546968 0.2395
-7.21984478465562 0.2396
-7.21988869837937 0.2397
-7.21991814060017 0.2398
-7.21994214776378 0.2399
-7.21997056430576 0.24
-7.21999514756719 0.2401
-7.2200317355315 0.2402
-7.22005561161343 0.2403
-7.22006681547495 0.2404
-7.22007516696897 0.2405
-7.22005422256084 0.2406
-7.22001252220885 0.2407
-7.21996440716685 0.2408
-7.21989306863015 0.2409
-7.21982124327086 0.241
-7.21974373672355 0.2411
-7.21964734568321 0.2412
-7.21955908352838 0.2413
-7.21945015965124 0.2414
-7.21934594959145 0.2415
-7.21923456025942 0.2416
-7.21911800649299 0.2417
-7.21900334333217 0.2418
-7.21887732143754 0.2419
-7.21876197621174 0.242
-7.21863124079934 0.2421
-7.21849977955215 0.2422
-7.21837654029258 0.2423
-7.2182540394793 0.2424
-7.21815908760785 0.2425
-7.21806992652142 0.2426
-7.21800470309955 0.2427
-7.21795617791485 0.2428
-7.21793386498729 0.2429
-7.2179137114658 0.243
-7.21790032627133 0.2431
-7.21788670507975 0.2432
-7.21789597504145 0.2433
-7.21792598057449 0.2434
-7.21796253471715 0.2435
-7.21801158815891 0.2436
-7.21804718896746 0.2437
-7.21808019401818 0.2438
-7.21812772851644 0.2439
-7.21817272022182 0.244
-7.21821613092819 0.2441
-7.21824748216787 0.2442
-7.21828100062364 0.2443
-7.21831370744787 0.2444
-7.21834289529468 0.2445
-7.21834961713323 0.2446
-7.21832622881695 0.2447
-7.21828838643432 0.2448
-7.21823245926152 0.2449
-7.21816642278703 0.245
-7.21810615554884 0.2451
-7.21803995034424 0.2452
-7.21795082107318 0.2453
-7.21785522382443 0.2454
-7.21775936246779 0.2455
-7.2176647945563 0.2456
-7.21755685167443 0.2457
-7.21745444373903 0.2458
-7.21734833011182 0.2459
-7.21723930972511 0.246
-7.21712710100483 0.2461
-7.21701218342121 0.2462
-7.21690097622686 0.2463
-7.21680147178294 0.2464
-7.21670529362525 0.2465
-7.21661587625671 0.2466
-7.21652877991291 0.2467
-7.21644969365959 0.2468
-7.21636122684978 0.2469
-7.2162876859613 0.247
-7.21622399594942 0.2471
-7.21617993601448 0.2472
-7.21614115740795 0.2473
-7.21609622116294 0.2474
-7.21606449010577 0.2475
-7.21603223430855 0.2476
-7.21599498948636 0.2477
-7.21594976129008 0.2478
-7.21591066924907 0.2479
-7.21589316727632 0.248
-7.21588210042809 0.2481
-7.21588215337051 0.2482
-7.21587961939303 0.2483
-7.21586312181253 0.2484
-7.21583388310365 0.2485
-7.21580860824641 0.2486
-7.21576555779316 0.2487
-7.21569505824865 0.2488
-7.21563623242517 0.2489
-7.21557325106436 0.249
-7.21550025594928 0.2491
-7.21541660047257 0.2492
-7.21533241227018 0.2493
-7.21524979137394 0.2494
-7.21517539512303 0.2495
-7.21510996389306 0.2496
-7.2150492523227 0.2497
-7.21500200087039 0.2498
-7.21496257839955 0.2499
-7.21494378804826 0.25
-7.21494704253576 0.2501
-7.21495196429948 0.2502
-7.21498641446455 0.2503
-7.21502587320232 0.2504
-7.2150894397679 0.2505
-7.21516993720009 0.2506
-7.21527013941001 0.2507
-7.21538173667741 0.2508
-7.21548818181663 0.2509
-7.21562101337414 0.251
-7.21573717767677 0.2511
-7.21585592169087 0.2512
-7.21597222000388 0.2513
-7.21609162967556 0.2514
-7.21620982631523 0.2515
-7.21633049427523 0.2516
-7.21644652217078 0.2517
-7.21655110717303 0.2518
-7.2166440198076 0.2519
-7.21672393937637 0.252
-7.21679363930842 0.2521
-7.2168566146144 0.2522
-7.21691032316089 0.2523
-7.21696240914777 0.2524
-7.21699183331848 0.2525
-7.21701442781512 0.2526
-7.21703047106999 0.2527
-7.21704413523367 0.2528
-7.21706716717962 0.2529
-7.21709548217707 0.253
-7.21711245694839 0.2531
-7.21714924301109 0.2532
-7.21719400595302 0.2533
-7.21724339350283 0.2534
-7.21728614266875 0.2535
-7.2173202183449 0.2536
-7.21735706496621 0.2537
-7.21741018552252 0.2538
-7.21747597915019 0.2539
-7.21753509606922 0.254
-7.21759252761707 0.2541
-7.21763926029173 0.2542
-7.21767767243084 0.2543
-7.21770113033869 0.2544
-7.21770919271613 0.2545
-7.2177100877484 0.2546
-7.2176940922128 0.2547
-7.21766498133446 0.2548
-7.21764203763452 0.2549
-7.21762008183303 0.255
-7.21760563675991 0.2551
-7.21761014700578 0.2552
-7.21761560021932 0.2553
-7.21762761160202 0.2554
-7.21764828455007 0.2555
-7.21765949842355 0.2556
-7.21766604838989 0.2557
-7.21767882611401 0.2558
-7.21769749734198 0.2559
-7.21770193214294 0.256
-7.21770961706022 0.2561
-7.21771787880943 0.2562
-7.21773859357212 0.2563
-7.21774238295447 0.2564
-7.21774928929525 0.2565
-7.21776482119807 0.2566
-7.21778284567444 0.2567
-7.21781024670625 0.2568
-7.21782843253003 0.2569
-7.21784540052791 0.257
-7.21785186860477 0.2571
-7.21785496219776 0.2572
-7.21784135076537 0.2573
-7.21782086336479 0.2574
-7.217790326727 0.2575
-7.21776176916483 0.2576
-7.21772200443256 0.2577
-7.21768422257468 0.2578
-7.21762930805225 0.2579
-7.21756675131069 0.258
-7.21748806568701 0.2581
-7.2174095697408 0.2582
-7.21733872674491 0.2583
-7.21727772370416 0.2584
-7.21722233043373 0.2585
-7.21714785687896 0.2586
-7.21707597470944 0.2587
-7.21699590603608 0.2588
-7.21692155632759 0.2589
-7.21685987299248 0.259
-7.21679264654494 0.2591
-7.21673475348187 0.2592
-7.21669939366772 0.2593
-7.21665824762154 0.2594
-7.21662668653945 0.2595
-7.21661130466276 0.2596
-7.2165994449749 0.2597
-7.21660105157085 0.2598
-7.21660760845041 0.2599
-7.21662602524843 0.26
-7.21664858648477 0.2601
-7.21667393549379 0.2602
-7.21671265732532 0.2603
-7.21674016484612 0.2604
-7.2167794118532 0.2605
-7.2168036497892 0.2606
-7.21680649914118 0.2607
-7.2167974144152 0.2608
-7.21679080894528 0.2609
-7.21676787825262 0.261
-7.2167254875116 0.2611
-7.21668339736639 0.2612
-7.21664950161329 0.2613
-7.21660641145456 0.2614
-7.21654129980515 0.2615
-7.21648126612085 0.2616
-7.21640919468649 0.2617
-7.21633648446087 0.2618
-7.21627377604899 0.2619
-7.21621652454046 0.262
-7.21618660632156 0.2621
-7.2161774721101 0.2622
-7.21618406949081 0.2623
-7.21619904258559 0.2624
-7.21625256681796 0.2625
-7.21631238827611 0.2626
-7.2163776676181 0.2627
-7.21646505324958 0.2628
-7.21657259828631 0.2629
-7.2166856403655 0.263
-7.21681706367559 0.2631
-7.21695842293049 0.2632
-7.2171010005655 0.2633
-7.21723707132586 0.2634
-7.21736750474073 0.2635
-7.21749845293239 0.2636
-7.21761769620534 0.2637
-7.21774519374723 0.2638
-7.21785801886762 0.2639
-7.21796587364548 0.264
-7.21806639440049 0.2641
-7.21815138555317 0.2642
-7.21822714244599 0.2643
-7.21831849950604 0.2644
-7.21840786871896 0.2645
-7.21848805506747 0.2646
-7.21857883612334 0.2647
-7.21868396052059 0.2648
-7.21880297577388 0.2649
-7.21891224735341 0.265
-7.21901929886369 0.2651
-7.21911150873341 0.2652
-7.21920474376426 0.2653
-7.21928666775324 0.2654
-7.21934845226735 0.2655
-7.21937824750482 0.2656
-7.21937373980015 0.2657
-7.21933576716746 0.2658
-7.21926626095351 0.2659
-7.21918429719542 0.266
-7.21908208564239 0.2661
-7.21894372908312 0.2662
-7.21877799508107 0.2663
-7.21858223696883 0.2664
-7.2183977778146 0.2665
-7.21820155934335 0.2666
-7.21798475587369 0.2667
-7.21775499273809 0.2668
-7.21752499571839 0.2669
-7.2172990218658 0.267
-7.21707908655644 0.2671
-7.21685034642332 0.2672
-7.21662265416739 0.2673
-7.21641662272506 0.2674
-7.21621053279375 0.2675
-7.21602578439025 0.2676
-7.21583489808923 0.2677
-7.21567149303436 0.2678
-7.21551505182571 0.2679
-7.21538562890221 0.268
-7.21529978716656 0.2681
-7.21526883512285 0.2682
-7.21527912167454 0.2683
-7.21531644741897 0.2684
-7.21538296792708 0.2685
-7.21546111804829 0.2686
-7.21553909651355 0.2687
-7.21560437486742 0.2688
-7.21566904201125 0.2689
-7.21573458329104 0.269
-7.21578431071521 0.2691
-7.2158047125293 0.2692
-7.21580593071998 0.2693
-7.21578753222994 0.2694
-7.21575312064301 0.2695
-7.21567588547161 0.2696
-7.21559028596143 0.2697
-7.21551040659521 0.2698
-7.21541908013719 0.2699
-7.21533737798956 0.27
-7.21525529739373 0.2701
-7.21518135096132 0.2702
-7.21511854678472 0.2703
-7.21507731213893 0.2704
-7.21503726862599 0.2705
-7.21499582862833 0.2706
-7.21495466385033 0.2707
-7.21491881552279 0.2708
-7.21489069152086 0.2709
-7.2148741289073 0.271
-7.21487124764654 0.2711
-7.21486958528195 0.2712
-7.21488021717804 0.2713
-7.21488491638308 0.2714
-7.21488782167373 0.2715
-7.21488839118306 0.2716
-7.21490045602411 0.2717
-7.21489446752915 0.2718
-7.21488268378834 0.2719
-7.21487841326395 0.272
-7.21486417766165 0.2721
-7.21483642737726 0.2722
-7.21481194378261 0.2723
-7.2147847484675 0.2724
-7.21475467620389 0.2725
-7.21473552536586 0.2726
-7.21471998979649 0.2727
-7.21472204101688 0.2728
-7.21473141008787 0.2729
-7.21473981353024 0.273
-7.21476650340326 0.2731
-7.2147848971451 0.2732
-7.21481104953136 0.2733
-7.21486356483048 0.2734
-7.21492344562823 0.2735
-7.21500556962438 0.2736
-7.21511789339433 0.2737
-7.21522986878341 0.2738
-7.21533693508617 0.2739
-7.21543728712498 0.274
-7.21554320923535 0.2741
-7.21565331875534 0.2742
-7.21576720998518 0.2743
-7.21589355426665 0.2744
-7.2160115092689 0.2745
-7.21612995393544 0.2746
-7.21625123484916 0.2747
-7.21636390537687 0.2748
-7.21646230544223 0.2749
-7.21655021562177 0.275
-7.21661795018451 0.2751
-7.21667661740773 0.2752
-7.21670924057351 0.2753
-7.21672509678254 0.2754
-7.21673443420562 0.2755
-7.21674405107764 0.2756
-7.21673644373366 0.2757
-7.21673212657785 0.2758
-7.21672096970409 0.2759
-7.21671054875892 0.276
-7.2167203759158 0.2761
-7.21672615672952 0.2762
-7.21674896487787 0.2763
-7.21675225106468 0.2764
-7.21675835089243 0.2765
-7.21676167992504 0.2766
-7.2167581239763 0.2767
-7.21675666409241 0.2768
-7.21675935740129 0.2769
-7.21676204988287 0.277
-7.21676213817362 0.2771
-7.21677734253434 0.2772
-7.21678049257898 0.2773
-7.21677936487501 0.2774
-7.21677571538578 0.2775
-7.21679544852827 0.2776
-7.21683863748062 0.2777
-7.21687033961438 0.2778
-7.2168972459543 0.2779
-7.21694493696516 0.278
-7.21700249493334 0.2781
-7.21705400064627 0.2782
-7.21709630396925 0.2783
-7.21713452112516 0.2784
-7.21716411725981 0.2785
-7.21716771710553 0.2786
-7.21715694783533 0.2787
-7.21710919919141 0.2788
-7.21704976376767 0.2789
-7.21697646871856 0.279
-7.2168962556511 0.2791
-7.21679609539191 0.2792
-7.21670472546714 0.2793
-7.21661056635209 0.2794
-7.21652673552257 0.2795
-7.21642660792276 0.2796
-7.21632949091037 0.2797
-7.21623612978203 0.2798
-7.21613797201548 0.2799
-7.21601995283396 0.28
-7.21587982747435 0.2801
-7.21575586379474 0.2802
-7.21564922082702 0.2803
-7.21552121342488 0.2804
-7.21539999451966 0.2805
-7.21527193956795 0.2806
-7.21514536767178 0.2807
-7.21502171743789 0.2808
-7.21493178517099 0.2809
-7.2148629307177 0.281
-7.21482388444202 0.2811
-7.21483235431611 0.2812
-7.2148445918447 0.2813
-7.2148657458721 0.2814
-7.21489218989982 0.2815
-7.21492360397289 0.2816
-7.21498248821338 0.2817
-7.21504024814769 0.2818
-7.21509624052974 0.2819
-7.21516056087546 0.282
-7.21521240952232 0.2821
-7.21525371713217 0.2822
-7.21531145149032 0.2823
-7.21538099845816 0.2824
-7.21545237112978 0.2825
-7.2155108726523 0.2826
-7.21555627626416 0.2827
-7.21558757030376 0.2828
-7.21561161288594 0.2829
-7.21564748105085 0.283
-7.21568161493213 0.2831
-7.21571836575262 0.2832
-7.21574392445933 0.2833
-7.21575205522249 0.2834
-7.21574615738651 0.2835
-7.21570983233995 0.2836
-7.21565057774942 0.2837
-7.21558667061775 0.2838
-7.21550845882436 0.2839
-7.21541307117879 0.284
-7.21530637609757 0.2841
-7.21519562490712 0.2842
-7.21508487718244 0.2843
-7.21496951184051 0.2844
-7.21482021741015 0.2845
-7.21467099844836 0.2846
-7.21452167460134 0.2847
-7.21436726557086 0.2848
-7.21422971562833 0.2849
-7.2140919020762 0.285
-7.21395450878796 0.2851
-7.21382135646587 0.2852
-7.21368744735838 0.2853
-7.21356895319879 0.2854
-7.21345255410551 0.2855
-7.21334968277064 0.2856
-7.21325214865622 0.2857
-7.21317635334541 0.2858
-7.21311612077713 0.2859
-7.21305782790024 0.286
-7.21301278427929 0.2861
-7.21298372062903 0.2862
-7.21297281663766 0.2863
-7.21294506015429 0.2864
-7.21290247306901 0.2865
-7.21285681737145 0.2866
-7.21280966644234 0.2867
-7.21275556579263 0.2868
-7.21271046743461 0.2869
-7.21266496562102 0.287
-7.21263309395125 0.2871
-7.21261627282989 0.2872
-7.21260439838418 0.2873
-7.21260483383209 0.2874
-7.21262737814447 0.2875
-7.21265954920297 0.2876
-7.21268569776997 0.2877
-7.21273698210026 0.2878
-7.21281512961924 0.2879
-7.2129086856583 0.288
-7.21299973436867 0.2881
-7.21309768011224 0.2882
-7.21320778317047 0.2883
-7.21332565566661 0.2884
-7.21341134723284 0.2885
-7.21348792205958 0.2886
-7.21355260897476 0.2887
-7.21361533456038 0.2888
-7.21365620769474 0.2889
-7.21368357445139 0.289
-7.21368586942264 0.2891
-7.2136692351985 0.2892
-7.21362000123627 0.2893
-7.21356498670145 0.2894
-7.21346968528656 0.2895
-7.21336483250699 0.2896
-7.21323139129127 0.2897
-7.21307317009512 0.2898
-7.21291055139346 0.2899
-7.2127381017215 0.29
-7.21255750510632 0.2901
-7.2123905839029 0.2902
-7.21223471839369 0.2903
-7.21210147788892 0.2904
-7.2119796482815 0.2905
-7.21189137360315 0.2906
-7.21181514624438 0.2907
-7.21174020147088 0.2908
-7.21168761130887 0.2909
-7.21164512273509 0.291
-7.2116018238785 0.2911
-7.21155969192742 0.2912
-7.21151671594608 0.2913
-7.21146579973166 0.2914
-7.21141516041869 0.2915
-7.21133529861261 0.2916
-7.21125094623323 0.2917
-7.21117770563427 0.2918
-7.21110021405496 0.2919
-7.21102902982171 0.292
-7.21096724796991 0.2921
-7.2109063947821 0.2922
-7.21085883498508 0.2923
-7.21081813160551 0.2924
-7.21077577752017 0.2925
-7.2107274399543 0.2926
-7.21067595518651 0.2927
-7.21063728836001 0.2928
-7.21059919304632 0.2929
-7.21055883655128 0.293
-7.2105388304551 0.2931
-7.21052629073604 0.2932
-7.2105217220577 0.2933
-7.21053637693844 0.2934
-7.21055745938085 0.2935
-7.21057933261448 0.2936
-7.21060173756323 0.2937
-7.21064421534227 0.2938
-7.21069368441489 0.2939
-7.21074581379527 0.294
-7.21078980858108 0.2941
-7.21083066797507 0.2942
-7.21088570443398 0.2943
-7.21095805378704 0.2944
-7.21104944328296 0.2945
-7.21112670253884 0.2946
-7.21117480533311 0.2947
-7.2112337566218 0.2948
-7.21127333793711 0.2949
-7.21130132154366 0.295
-7.21132624009266 0.2951
-7.21136841308413 0.2952
-7.2114141010235 0.2953
-7.21146002003734 0.2954
-7.21149033996503 0.2955
-7.21150740226259 0.2956
-7.21152629413838 0.2957
-7.21151944684111 0.2958
-7.21152079732165 0.2959
-7.21151735155951 0.296
-7.21149003764213 0.2961
-7.21145241596855 0.2962
-7.21142495278909 0.2963
-7.21138469753487 0.2964
-7.21135329643529 0.2965
-7.21130869010606 0.2966
-7.21126625960388 0.2967
-7.21123946501338 0.2968
-7.21121079665602 0.2969
-7.21122727799641 0.297
-7.21124870869964 0.2971
-7.21127513810944 0.2972
-7.21131573928018 0.2973
-7.21135972012338 0.2974
-7.21140741822319 0.2975
-7.21149335230554 0.2976
-7.21159104902528 0.2977
-7.21171037779813 0.2978
-7.21183731278657 0.2979
-7.21197048910031 0.298
-7.21210617003563 0.2981
-7.21224861093025 0.2982
-7.21239147874785 0.2983
-7.21252584377916 0.2984
-7.21264976728328 0.2985
-7.21275646572621 0.2986
-7.21284588366761 0.2987
-7.21291240472504 0.2988
-7.21295748200134 0.2989
-7.21297558310743 0.299
-7.21296851785652 0.2991
-7.21294826499957 0.2992
-7.2129396487075 0.2993
-7.21292035266314 0.2994
-7.21290949554642 0.2995
-7.21290819345158 0.2996
-7.21291154142986 0.2997
-7.2129373709008 0.2998
-7.21296071983896 0.2999
-7.21299304040665 0.3
-7.21303057991741 0.3001
-7.21307264372352 0.3002
-7.21310962425344 0.3003
-7.21315761749555 0.3004
-7.21319870266683 0.3005
-7.21323143499171 0.3006
-7.21326410342943 0.3007
-7.21329309045274 0.3008
-7.21330064161992 0.3009
-7.21329675475357 0.301
-7.21329213408193 0.3011
-7.21328000639073 0.3012
-7.21326018713227 0.3013
-7.21323564778496 0.3014
-7.21321238295605 0.3015
-7.21319941283404 0.3016
-7.2131864556283 0.3017
-7.21316562671207 0.3018
-7.213124020397 0.3019
-7.21307108492705 0.302
-7.21299012080493 0.3021
-7.21288684748612 0.3022
-7.21277188416558 0.3023
-7.21264461445419 0.3024
-7.21249318305398 0.3025
-7.21231801949232 0.3026
-7.21213140062836 0.3027
-7.21194799749968 0.3028
-7.21175564110279 0.3029
-7.21156749153193 0.303
-7.21137460911645 0.3031
-7.21116877491091 0.3032
-7.21095268361567 0.3033
-7.21073995092959 0.3034
-7.21052542041613 0.3035
-7.21030077863067 0.3036
-7.21008940228427 0.3037
-7.20989424416072 0.3038
-7.20969521252266 0.3039
-7.209488771822 0.304
-7.20927011782151 0.3041
-7.20907048414569 0.3042
-7.20890462413381 0.3043
-7.20876725700624 0.3044
-7.20866082304741 0.3045
-7.2085839381369 0.3046
-7.20853817082376 0.3047
-7.20852186875261 0.3048
-7.20853339472359 0.3049
-7.208571132522 0.305
-7.20864011349269 0.3051
-7.20873756407965 0.3052
-7.20884688771798 0.3053
-7.20895464145941 0.3054
-7.20906418934405 0.3055
-7.20916286491159 0.3056
-7.20926662566439 0.3057
-7.20935406459028 0.3058
-7.20943510299318 0.3059
-7.20949048003932 0.306
-7.20954118968459 0.3061
-7.20957739470745 0.3062
-7.20960087713779 0.3063
-7.20960225257867 0.3064
-7.20959747804944 0.3065
-7.20958625041349 0.3066
-7.20956270181659 0.3067
-7.20952795391343 0.3068
-7.20948461040414 0.3069
-7.20943583327196 0.307
-7.20942457167394 0.3071
-7.20939520464665 0.3072
-7.20938085469066 0.3073
-7.20938436660176 0.3074
-7.20939172209806 0.3075
-7.20943095032051 0.3076
-7.20947773385311 0.3077
-7.20953946877851 0.3078
-7.20961927543575 0.3079
-7.20972360985199 0.308
-7.20983553041304 0.3081
-7.20993848059437 0.3082
-7.21003787113383 0.3083
-7.21013459271832 0.3084
-7.21023355229047 0.3085
-7.21033297918507 0.3086
-7.21043056947529 0.3087
-7.21051194383026 0.3088
-7.21058645175837 0.3089
-7.2106571481412 0.309
-7.21071723831758 0.3091
-7.21078264781257 0.3092
-7.2108395357067 0.3093
-7.21090074423619 0.3094
-7.21098922009559 0.3095
-7.21106180665025 0.3096
-7.21110760764337 0.3097
-7.21115607801366 0.3098
-7.21119496647475 0.3099
-7.21122764551013 0.31
-7.21125871166188 0.3101
-7.21128763541106 0.3102
-7.21131053906832 0.3103
-7.21132905246472 0.3104
-7.21134215132493 0.3105
-7.21133932698246 0.3106
-7.21132289377571 0.3107
-7.21128864429746 0.3108
-7.21126382643679 0.3109
-7.21123055530167 0.311
-7.21120019165057 0.3111
-7.21116858531513 0.3112
-7.21115099584794 0.3113
-7.21110211381449 0.3114
-7.21107249236128 0.3115
-7.21102938124443 0.3116
-7.21098142970931 0.3117
-7.2109300324998 0.3118
-7.21087686863199 0.3119
-7.21082821170671 0.312
-7.21079634730599 0.3121
-7.21074509609728 0.3122
-7.21071172629414 0.3123
-7.21067834268559 0.3124
-7.21064577072818 0.3125
-7.2106176111832 0.3126
-7.21058661797078 0.3127
-7.21058677905403 0.3128
-7.21057578573911 0.3129
-7.21058714594744 0.313
-7.21059736491758 0.3131
-7.21059433648403 0.3132
-7.21059414689395 0.3133
-7.21060587138671 0.3134
-7.21060096727344 0.3135
-7.21061201313978 0.3136
-7.21059995105684 0.3137
-7.21057531793634 0.3138
-7.21051753702632 0.3139
-7.21044022695419 0.314
-7.21034477199244 0.3141
-7.21023884800382 0.3142
-7.21011369079491 0.3143
-7.20997549812749 0.3144
-7.20984424136661 0.3145
-7.20970644883239 0.3146
-7.2095769144195 0.3147
-7.20944927363198 0.3148
-7.20935276799432 0.3149
-7.20926597889197 0.315
-7.20921441280505 0.3151
-7.20916205977399 0.3152
-7.20913882934605 0.3153
-7.20912633703456 0.3154
-7.20912760909965 0.3155
-7.2091388497849 0.3156
-7.2091786922919 0.3157
-7.20922752356878 0.3158
-7.2092820862913 0.3159
-7.20936474573212 0.316
-7.20944622685787 0.3161
-7.20954367537419 0.3162
-7.20963476987068 0.3163
-7.20975059235876 0.3164
-7.20987822340171 0.3165
-7.21002192956227 0.3166
-7.21017318301806 0.3167
-7.21032606761042 0.3168
-7.21048382563836 0.3169
-7.21063042256816 0.317
-7.21077863565852 0.3171
-7.210891172851 0.3172
-7.2110194369114 0.3173
-7.21114537804989 0.3174
-7.21126247258147 0.3175
-7.21134164228134 0.3176
-7.21141745695375 0.3177
-7.21148779075757 0.3178
-7.21151539288138 0.3179
-7.21153271019532 0.318
-7.2115358035211 0.3181
-7.21151248289501 0.3182
-7.2114940723535 0.3183
-7.21144579145154 0.3184
-7.21139854552438 0.3185
-7.21134394712179 0.3186
-7.2112850622232 0.3187
-7.21122665754539 0.3188
-7.211169514973 0.3189
-7.21112453536938 0.319
-7.21107532185758 0.3191
-7.21103105607632 0.3192
-7.2109802874768 0.3193
-7.21092345571271 0.3194
-7.21084986367019 0.3195
-7.21078302571821 0.3196
-7.21071647023079 0.3197
-7.21063981636728 0.3198
-7.21055829363216 0.3199
-7.21047138618868 0.32
-7.21037371297712 0.3201
-7.21025938227024 0.3202
-7.21014971076445 0.3203
-7.21002887685854 0.3204
-7.20991072269392 0.3205
-7.20981698529794 0.3206
-7.20973486079284 0.3207
-7.20965188430103 0.3208
-7.20958879282868 0.3209
-7.20954991013198 0.321
-7.20952653767235 0.3211
-7.20950314342793 0.3212
-7.20949209329036 0.3213
-7.2094873679016 0.3214
-7.20949124312459 0.3215
-7.20950181472358 0.3216
-7.20954185043599 0.3217
-7.20958988133029 0.3218
-7.20964418114964 0.3219
-7.20971114185198 0.322
-7.20977633864369 0.3221
-7.20982449304614 0.3222
-7.2098868659298 0.3223
-7.20994040538493 0.3224
-7.21000451477786 0.3225
-7.21008859904212 0.3226
-7.21018575661604 0.3227
-7.21027582641271 0.3228
-7.21035420051357 0.3229
-7.21042839127565 0.323
-7.21047359489501 0.3231
-7.21050518018342 0.3232
-7.21053589132382 0.3233
-7.21054989309864 0.3234
-7.21053365896597 0.3235
-7.21051460982297 0.3236
-7.21048773778204 0.3237
-7.2104364911236 0.3238
-7.21037608941937 0.3239
-7.21028073410783 0.324
-7.21016963809155 0.3241
-7.21003666151733 0.3242
-7.20990513646355 0.3243
-7.20977947624602 0.3244
-7.2096527565768 0.3245
-7.20952211054195 0.3246
-7.20942611364226 0.3247
-7.20936090833352 0.3248
-7.20931930198012 0.3249
-7.20929565966487 0.325
-7.20928572442425 0.3251
-7.2093001440993 0.3252
-7.20932447782207 0.3253
-7.20936092902823 0.3254
-7.20940713608232 0.3255
-7.20948193358453 0.3256
-7.20958111422419 0.3257
-7.20968583212701 0.3258
-7.20980657963181 0.3259
-7.20992420866575 0.326
-7.21001561118106 0.3261
-7.21008412588591 0.3262
-7.21013141198878 0.3263
-7.21019086381403 0.3264
-7.21025275508469 0.3265
-7.21029679067372 0.3266
-7.2103306248275 0.3267
-7.21034343492611 0.3268
-7.21034771768811 0.3269
-7.21034192313444 0.327
-7.21033638406372 0.3271
-7.21033493815148 0.3272
-7.21033559314605 0.3273
-7.21034495968417 0.3274
-7.21034609813706 0.3275
-7.21035501366575 0.3276
-7.21036690527603 0.3277
-7.21037921712697 0.3278
-7.21039299388441 0.3279
-7.2104135647523 0.328
-7.21042926326461 0.3281
-7.21045582762453 0.3282
-7.2104851168288 0.3283
-7.21051723276228 0.3284
-7.21057931487559 0.3285
-7.21062219305237 0.3286
-7.21065450845266 0.3287
-7.21067958610069 0.3288
-7.21071229077316 0.3289
-7.210734347814 0.329
-7.21075002111484 0.3291
-7.21075859108438 0.3292
-7.21077128089831 0.3293
-7.21076697279134 0.3294
-7.21073320687586 0.3295
-7.21067705721556 0.3296
-7.21059931457193 0.3297
-7.21051928515265 0.3298
-7.21039939390515 0.3299
-7.21027876024355 0.33
-7.21013568598817 0.3301
-7.20998038311808 0.3302
-7.20982716276478 0.3303
-7.20968266822477 0.3304
-7.20953632240733 0.3305
-7.20939095762978 0.3306
-7.20925650555321 0.3307
-7.20915134691041 0.3308
-7.20904573738056 0.3309
-7.20896441566725 0.331
-7.20890950811491 0.3311
-7.20886102928435 0.3312
-7.20882376271894 0.3313
-7.20877442398394 0.3314
-7.20873041452073 0.3315
-7.20868395350681 0.3316
-7.20863605996736 0.3317
-7.20860427734239 0.3318
-7.20856951883122 0.3319
-7.2085380636446 0.332
-7.20852562251044 0.3321
-7.20850792741058 0.3322
-7.20849723241055 0.3323
-7.20848444682191 0.3324
-7.20847172941186 0.3325
-7.20848260549193 0.3326
-7.20852954880832 0.3327
-7.20859676187098 0.3328
-7.20867630542502 0.3329
-7.20876397139161 0.333
-7.20884035825211 0.3331
-7.20889462005659 0.3332
-7.2089646841826 0.3333
-7.20904212440526 0.3334
-7.20911626366276 0.3335
-7.20919555004181 0.3336
-7.20926529219542 0.3337
-7.20931987889647 0.3338
-7.20936821567412 0.3339
-7.20941971105813 0.334
-7.20944514471194 0.3341
-7.20946100318821 0.3342
-7.20945671729819 0.3343
-7.20942615645713 0.3344
-7.2093758816495 0.3345
-7.20931083748467 0.3346
-7.20921886168148 0.3347
-7.20911126609306 0.3348
-7.20899758076087 0.3349
-7.20886462758941 0.335
-7.20873102694589 0.3351
-7.20859289519973 0.3352
-7.20846494058056 0.3353
-7.20832367333378 0.3354
-7.20818588686283 0.3355
-7.20806996553703 0.3356
-7.20794799940058 0.3357
-7.20782403687738 0.3358
-7.20772057401149 0.3359
-7.20763756942346 0.336
-7.20756392699212 0.3361
-7.20750548542778 0.3362
-7.20745901183106 0.3363
-7.20741843015911 0.3364
-7.20738833204364 0.3365
-7.20738919937731 0.3366
-7.20741043763722 0.3367
-7.20743683711742 0.3368
-7.20747430845757 0.3369
-7.20753763833782 0.337
-7.20761031227712 0.3371
-7.2076721015731 0.3372
-7.20771982829356 0.3373
-7.20779806749065 0.3374
-7.20786586931363 0.3375
-7.2079241056133 0.3376
-7.20800915875469 0.3377
-7.2081068178482 0.3378
-7.20823560033563 0.3379
-7.20837116760452 0.338
-7.20851475616381 0.3381
-7.20865818854356 0.3382
-7.20879778887101 0.3383
-7.20893622237272 0.3384
-7.20905742097617 0.3385
-7.20918769584666 0.3386
-7.20930486052447 0.3387
-7.20941600853659 0.3388
-7.20950358914218 0.3389
-7.2095685989663 0.339
-7.20959187101986 0.3391
-7.20958700372025 0.3392
-7.20955009967535 0.3393
-7.20947890171474 0.3394
-7.20938128574856 0.3395
-7.20927583866135 0.3396
-7.20915435296205 0.3397
-7.20904050686558 0.3398
-7.20892091696006 0.3399
-7.20880558815649 0.34
-7.20870558405652 0.3401
-7.20862183482275 0.3402
-7.20850561854608 0.3403
-7.20839170773767 0.3404
-7.20827912320547 0.3405
-7.20817378691093 0.3406
-7.20807309108771 0.3407
-7.20800135546569 0.3408
-7.20790721197578 0.3409
-7.20781082425496 0.341
-7.20769434124193 0.3411
-7.20758360736532 0.3412
-7.20747619548822 0.3413
-7.20739675514341 0.3414
-7.2073085424024 0.3415
-7.2072251479318 0.3416
-7.20713532607697 0.3417
-7.20705219454435 0.3418
-7.20696096047945 0.3419
-7.20686744740976 0.342
-7.20678174782453 0.3421
-7.20669706427922 0.3422
-7.20662227971282 0.3423
-7.20654093095995 0.3424
-7.20647249679202 0.3425
-7.20642461111257 0.3426
-7.20638520333612 0.3427
-7.20636358325708 0.3428
-7.20636623219155 0.3429
-7.20638555396347 0.343
-7.2064325633988 0.3431
-7.20648779121196 0.3432
-7.20653463840683 0.3433
-7.20657621201591 0.3434
-7.20661648322359 0.3435
-7.20667758952564 0.3436
-7.20676469542675 0.3437
-7.20687855756898 0.3438
-7.20699711473844 0.3439
-7.20711867978406 0.344
-7.20723634509376 0.3441
-7.20734620726815 0.3442
-7.20745780296859 0.3443
-7.20756683978375 0.3444
-7.20766680099719 0.3445
-7.20777490115251 0.3446
-7.2078872593944 0.3447
-7.20800500929461 0.3448
-7.20812059339878 0.3449
-7.20824585610608 0.345
-7.20837835724211 0.3451
-7.20851242370503 0.3452
-7.20865801258467 0.3453
-7.20880255683465 0.3454
-7.20895468386542 0.3455
-7.20910418689074 0.3456
-7.20923798195452 0.3457
-7.20936872510842 0.3458
-7.20948452759554 0.3459
-7.20956931529907 0.346
-7.20963149309831 0.3461
-7.20966609266024 0.3462
-7.2096896515304 0.3463
-7.20970025782133 0.3464
-7.20970618816868 0.3465
-7.20970903910194 0.3466
-7.20970808529868 0.3467
-7.20970951550824 0.3468
-7.20970871923441 0.3469
-7.20968950776454 0.347
-7.20967353814337 0.3471
-7.20966435339224 0.3472
-7.20964187758309 0.3473
-7.20959072707606 0.3474
-7.20955131549889 0.3475
-7.20949602451489 0.3476
-7.20942840810345 0.3477
-7.20937157071376 0.3478
-7.20931359611933 0.3479
-7.20927499338648 0.348
-7.20922497912867 0.3481
-7.20917245981163 0.3482
-7.20910652751389 0.3483
-7.20904612211108 0.3484
-7.20899137764773 0.3485
-7.20896052463787 0.3486
-7.2089588585712 0.3487
-7.20895064449271 0.3488
-7.20895921940861 0.3489
-7.20896951958005 0.349
-7.20897374981199 0.3491
-7.20898655068829 0.3492
-7.20898608485461 0.3493
-7.20899173688083 0.3494
-7.20899791464083 0.3495
-7.20897932623548 0.3496
-7.20897650068572 0.3497
-7.20896592881172 0.3498
-7.20896020010667 0.3499
-7.2089503219754 0.35
-7.20892099023848 0.3501
-7.20889461919408 0.3502
-7.20885339177923 0.3503
-7.20882727725699 0.3504
-7.20879904824627 0.3505
-7.20876618841772 0.3506
-7.20872820724617 0.3507
-7.20870967189715 0.3508
-7.20868384120657 0.3509
-7.20865633001677 0.351
-7.20863524333297 0.3511
-7.20862788340816 0.3512
-7.20861552976958 0.3513
-7.208597018471 0.3514
-7.20856592452191 0.3515
-7.2085249461732 0.3516
-7.20848615525165 0.3517
-7.20846131307533 0.3518
-7.20842981082534 0.3519
-7.20841078513621 0.352
-7.2083927686303 0.3521
-7.20837520429981 0.3522
-7.2083671895856 0.3523
-7.20836854547629 0.3524
-7.20836173945969 0.3525
-7.20838017138242 0.3526
-7.20840612604756 0.3527
-7.20843127298022 0.3528
-7.20847330953062 0.3529
-7.20849656513273 0.353
-7.2085120023584 0.3531
-7.20852936985588 0.3532
-7.2085444283615 0.3533
-7.20854785234543 0.3534
-7.20854916102939 0.3535
-7.20856004945702 0.3536
-7.2085484260017 0.3537
-7.20853052848847 0.3538
-7.20852839331102 0.3539
-7.20853062120542 0.354
-7.20853652734194 0.3541
-7.20854575763655 0.3542
-7.20856492809674 0.3543
-7.20859231430739 0.3544
-7.20862567604533 0.3545
-7.20864493114419 0.3546
-7.2086446022162 0.3547
-7.20862800996842 0.3548
-7.2085659446206 0.3549
-7.20850248801739 0.355
-7.20843303264377 0.3551
-7.20836480623276 0.3552
-7.20827758933037 0.3553
-7.2081868584709 0.3554
-7.20808480749899 0.3555
-7.20797427500617 0.3556
-7.20787057423545 0.3557
-7.20778850760117 0.3558
-7.20773025774646 0.3559
-7.20767957755045 0.356
-7.20760256223457 0.3561
-7.20753670616026 0.3562
-7.20746677134362 0.3563
-7.20739882813141 0.3564
-7.20731803830509 0.3565
-7.2072655231961 0.3566
-7.20721342618456 0.3567
-7.20716436310777 0.3568
-7.20713160591868 0.3569
-7.207092610581 0.357
-7.20705771875522 0.3571
-7.20705764595861 0.3572
-7.20705453055236 0.3573
-7.20706822558779 0.3574
-7.20710001709465 0.3575
-7.20713884212309 0.3576
-7.20716864250066 0.3577
-7.20718441918116 0.3578
-7.2072237130513 0.3579
-7.20726489040911 0.358
-7.20731778928656 0.3581
-7.20738878598434 0.3582
-7.20745479853267 0.3583
-7.20754897261594 0.3584
-7.20764960228873 0.3585
-7.2077801851361 0.3586
-7.20792798490238 0.3587
-7.20809591438017 0.3588
-7.20827230027168 0.3589
-7.20844374221109 0.359
-7.20861159812544 0.3591
-7.20877345437189 0.3592
-7.20892653775083 0.3593
-7.20906489544675 0.3594
-7.20917941122636 0.3595
-7.20925629202791 0.3596
-7.2093158445267 0.3597
-7.20936218389066 0.3598
-7.20939076306774 0.3599
-7.2094166419576 0.36
-7.20942919153473 0.3601
-7.20942040072347 0.3602
-7.20938341254159 0.3603
-7.20932619638355 0.3604
-7.20927672014486 0.3605
-7.20922773140185 0.3606
-7.20916394796312 0.3607
-7.20908392753469 0.3608
-7.2090128935654 0.3609
-7.2089344499953 0.361
-7.20884469555847 0.3611
-7.20873589564143 0.3612
-7.20861242759504 0.3613
-7.2084975245415 0.3614
-7.20837190878281 0.3615
-7.20824424626803 0.3616
-7.20811389275167 0.3617
-7.20798946226367 0.3618
-7.20784899370822 0.3619
-7.20771849542858 0.362
-7.20759794036108 0.3621
-7.20747090872733 0.3622
-7.20735830601052 0.3623
-7.2072393469031 0.3624
-7.20712381022676 0.3625
-7.20700349787434 0.3626
-7.20688255142424 0.3627
-7.2067605670943 0.3628
-7.20664959855386 0.3629
-7.20653050705027 0.363
-7.20639390350529 0.3631
-7.20625880413028 0.3632
-7.20612874930184 0.3633
-7.2060137281453 0.3634
-7.20590574384385 0.3635
-7.20580533940751 0.3636
-7.20570507126502 0.3637
-7.20563877724961 0.3638
-7.20556804202035 0.3639
-7.20552594478647 0.364
-7.20549315744421 0.3641
-7.20549299795844 0.3642
-7.20551274763451 0.3643
-7.20555259696914 0.3644
-7.20561738631 0.3645
-7.20570595559222 0.3646
-7.20583362030936 0.3647
-7.20599840612506 0.3648
-7.20616303274056 0.3649
-7.20633791702605 0.365
-7.20652322228178 0.3651
-7.20671961952484 0.3652
-7.20692952429488 0.3653
-7.20712946829492 0.3654
-7.20733252327889 0.3655
-7.20751674340709 0.3656
-7.20766669263467 0.3657
-7.20779784686587 0.3658
-7.20792589613311 0.3659
-7.20802526436213 0.366
-7.20809690157994 0.3661
-7.20815236932877 0.3662
-7.20817462490874 0.3663
-7.20819156466472 0.3664
-7.20818711386004 0.3665
-7.20816480155534 0.3666
-7.20814073742612 0.3667
-7.20811503891494 0.3668
-7.20807381817402 0.3669
-7.20800905863413 0.367
-7.20792891982619 0.3671
-7.20783096575992 0.3672
-7.2077130443997 0.3673
-7.207584687257 0.3674
-7.20743734382889 0.3675
-7.20728004696769 0.3676
-7.20711606086235 0.3677
-7.20694629561743 0.3678
-7.20676455197036 0.3679
-7.20656262655513 0.368
-7.20634896118721 0.3681
-7.20613966611805 0.3682
-7.20593977994147 0.3683
-7.20575578502304 0.3684
-7.20558707441379 0.3685
-7.20541705802689 0.3686
-7.20525881851468 0.3687
-7.20511250420845 0.3688
-7.20497853670049 0.3689
-7.20486602258531 0.369
-7.20477526390744 0.3691
-7.20471471950546 0.3692
-7.20468826885922 0.3693
-7.20468519279087 0.3694
-7.20471381263227 0.3695
-7.20477401597565 0.3696
-7.20483552027892 0.3697
-7.20489257264273 0.3698
-7.20495091347628 0.3699
-7.20500165903395 0.37
-7.20503911405592 0.3701
-7.20507567915943 0.3702
-7.20511045284102 0.3703
-7.20512706270234 0.3704
-7.20512638812967 0.3705
-7.20512348131328 0.3706
-7.20509486067567 0.3707
-7.20506130864176 0.3708
-7.20500851245749 0.3709
-7.20497022956815 0.371
-7.20493111096147 0.3711
-7.20488826564015 0.3712
-7.20483530799414 0.3713
-7.20476797253515 0.3714
-7.2046850815777 0.3715
-7.20456474666699 0.3716
-7.20444361690656 0.3717
-7.204315826717 0.3718
-7.20419368178223 0.3719
-7.20409064697771 0.372
-7.20398389390478 0.3721
-7.2038643926552 0.3722
-7.203750869272 0.3723
-7.20364152540101 0.3724
-7.20352149158391 0.3725
-7.20339690538498 0.3726
-7.20329414295471 0.3727
-7.20321110176747 0.3728
-7.20314847102078 0.3729
-7.20308901096425 0.373
-7.20302461578454 0.3731
-7.2029813016633 0.3732
-7.20295078650191 0.3733
-7.20290644601728 0.3734
-7.20284698959387 0.3735
-7.20279213871456 0.3736
-7.20272613880562 0.3737
-7.20266452712647 0.3738
-7.20260395069391 0.3739
-7.20255854188758 0.374
-7.20251764499053 0.3741
-7.20248699786865 0.3742
-7.20244670608387 0.3743
-7.20240783439227 0.3744
-7.2023712687569 0.3745
-7.20232730713815 0.3746
-7.20226971013881 0.3747
-7.20220771642672 0.3748
-7.20213201207685 0.3749
-7.2020565602739 0.375
-7.20196814441752 0.3751
-7.20189180919555 0.3752
-7.20181261042776 0.3753
-7.20175113067773 0.3754
-7.20168751264294 0.3755
-7.20164089484413 0.3756
-7.20159349603657 0.3757
-7.20156415595374 0.3758
-7.20152059831251 0.3759
-7.20148181889 0.376
-7.20143902778354 0.3761
-7.20140603101364 0.3762
-7.20137384061289 0.3763
-7.20135456870145 0.3764
-7.2013386605598 0.3765
-7.20133347620554 0.3766
-7.20132366589241 0.3767
-7.20131835414746 0.3768
-7.20131896500955 0.3769
-7.20129868256382 0.377
-7.20128248203306 0.3771
-7.20126492540515 0.3772
-7.20124564571776 0.3773
-7.20122586361767 0.3774
-7.20120448021979 0.3775
-7.20119300146455 0.3776
-7.20120391985494 0.3777
-7.20123399159209 0.3778
-7.20126560835228 0.3779
-7.20130451423334 0.378
-7.2013358241698 0.3781
-7.201387322506 0.3782
-7.20144299900107 0.3783
-7.20151247974934 0.3784
-7.20160841311786 0.3785
-7.20169774581095 0.3786
-7.2017934039315 0.3787
-7.20187368695363 0.3788
-7.20195079616681 0.3789
-7.20202480785676 0.379
-7.20208618922714 0.3791
-7.20212877736893 0.3792
-7.20216648704629 0.3793
-7.20219797925812 0.3794
-7.20223720593597 0.3795
-7.20228331763222 0.3796
-7.20232409201134 0.3797
-7.202358720639 0.3798
-7.20239608519641 0.3799
-7.20242468269568 0.38
-7.20246497575194 0.3801
-7.20252777352946 0.3802
-7.20263790547318 0.3803
-7.2027631015731 0.3804
-7.20289283947504 0.3805
-7.20305804416963 0.3806
-7.20323634147539 0.3807
-7.20342207635953 0.3808
-7.20360060400292 0.3809
-7.20379140334351 0.381
-7.20398263295329 0.3811
-7.20416693860995 0.3812
-7.20436570298642 0.3813
-7.20455165091138 0.3814
-7.20470882461769 0.3815
-7.20483952378326 0.3816
-7.20494811536489 0.3817
-7.20502933948215 0.3818
-7.20510062010586 0.3819
-7.20513993719837 0.382
-7.20515288175273 0.3821
-7.20516915828868 0.3822
-7.20516067265527 0.3823
-7.20513440863245 0.3824
-7.20509663723002 0.3825
-7.20506110173985 0.3826
-7.20503463230987 0.3827
-7.20500270451854 0.3828
-7.20497707681306 0.3829
-7.20496504513634 0.383
-7.20495091728483 0.3831
-7.20492926453124 0.3832
-7.20490610912686 0.3833
-7.20489060478421 0.3834
-7.20488015354103 0.3835
-7.20487105526543 0.3836
-7.20488979198322 0.3837
-7.20491743790599 0.3838
-7.20494186742203 0.3839
-7.20495831522097 0.384
-7.20497094959234 0.3841
-7.20496964755516 0.3842
-7.20494645488595 0.3843
-7.20492794542574 0.3844
-7.2048939181686 0.3845
-7.20483942478301 0.3846
-7.20477100902603 0.3847
-7.20471375004329 0.3848
-7.20464431934915 0.3849
-7.20458169234279 0.385
-7.20452450946347 0.3851
-7.2044490679003 0.3852
-7.20435841410833 0.3853
-7.20425909466449 0.3854
-7.20415358492944 0.3855
-7.2040376662444 0.3856
-7.20392027407478 0.3857
-7.20381582233607 0.3858
-7.20371179449873 0.3859
-7.20358704466567 0.386
-7.20345663956039 0.3861
-7.20331037397296 0.3862
-7.20315820201554 0.3863
-7.20298724122428 0.3864
-7.20281680297429 0.3865
-7.20263749925184 0.3866
-7.20245036993255 0.3867
-7.20228211504281 0.3868
-7.20210914985829 0.3869
-7.20194640437309 0.387
-7.20180079715848 0.3871
-7.20164585236823 0.3872
-7.20149330800823 0.3873
-7.2013552941762 0.3874
-7.2012046465405 0.3875
-7.20105812677659 0.3876
-7.20092697137147 0.3877
-7.20081424372852 0.3878
-7.20070392160329 0.3879
-7.2005933367249 0.388
-7.20049260637921 0.3881
-7.20040992563773 0.3882
-7.20034079583147 0.3883
-7.20028464379314 0.3884
-7.20021374691165 0.3885
-7.20012776114524 0.3886
-7.2000412293182 0.3887
-7.1999699762026 0.3888
-7.19989774940093 0.3889
-7.19981576439746 0.389
-7.19974823281944 0.3891
-7.19969439550801 0.3892
-7.1996287536882 0.3893
-7.19956441805902 0.3894
-7.19950922255556 0.3895
-7.19946786562684 0.3896
-7.19945329412022 0.3897
-7.19945073633743 0.3898
-7.19947053293569 0.3899
-7.19950195369014 0.39
-7.19953137320227 0.3901
-7.19958759421125 0.3902
-7.19963496617577 0.3903
-7.19966084327475 0.3904
-7.19968719737625 0.3905
-7.19971958644515 0.3906
-7.19974584993868 0.3907
-7.19976734008515 0.3908
-7.19978424308278 0.3909
-7.19980423646274 0.391
-7.199801899426 0.3911
-7.19979272347026 0.3912
-7.19976708086828 0.3913
-7.19973577016579 0.3914
-7.19970364750355 0.3915
-7.19967825330505 0.3916
-7.19965832139075 0.3917
-7.19965191244615 0.3918
-7.19964346966571 0.3919
-7.199647923946 0.392
-7.19964842015018 0.3921
-7.19964989942069 0.3922
-7.19963962790046 0.3923
-7.19962484215146 0.3924
-7.19962047940349 0.3925
-7.19962557862069 0.3926
-7.19962934180084 0.3927
-7.19965199571636 0.3928
-7.19969774503546 0.3929
-7.19975928144316 0.393
-7.19985098781643 0.3931
-7.19995437392861 0.3932
-7.20005947233892 0.3933
-7.20016906856411 0.3934
-7.20026992856068 0.3935
-7.20037627295065 0.3936
-7.20048459382342 0.3937
-7.20058110882729 0.3938
-7.20067170343322 0.3939
-7.20076825419578 0.394
-7.20084464833364 0.3941
-7.20091008422039 0.3942
-7.20099097111364 0.3943
-7.2010813304488 0.3944
-7.2011601759892 0.3945
-7.20121579732462 0.3946
-7.20125659068871 0.3947
-7.20128173728955 0.3948
-7.20131444245288 0.3949
-7.2013379790935 0.395
-7.20136471844611 0.3951
-7.20138447991011 0.3952
-7.20138887155546 0.3953
-7.20137340230038 0.3954
-7.20136106811845 0.3955
-7.20134993254697 0.3956
-7.20133558752895 0.3957
-7.20132058425896 0.3958
-7.20129542419317 0.3959
-7.20123749829265 0.396
-7.20117715902359 0.3961
-7.2010972827932 0.3962
-7.20102677285154 0.3963
-7.20094426806001 0.3964
-7.20085922557454 0.3965
-7.20077660635206 0.3966
-7.20069047492453 0.3967
-7.20059902272213 0.3968
-7.20049501919839 0.3969
-7.2003898812282 0.397
-7.20027696662915 0.3971
-7.20016506131349 0.3972
-7.20007038074313 0.3973
-7.19998104785603 0.3974
-7.19987037457347 0.3975
-7.19977304872983 0.3976
-7.19968441904255 0.3977
-7.19959972188447 0.3978
-7.19952583651966 0.3979
-7.19946680124126 0.398
-7.19942913973972 0.3981
-7.19937650449559 0.3982
-7.19932729610647 0.3983
-7.19928056040397 0.3984
-7.19923897535764 0.3985
-7.19919021030278 0.3986
-7.19915619382535 0.3987
-7.19913456720681 0.3988
-7.19909591167362 0.3989
-7.19905544006337 0.399
-7.19900465087711 0.3991
-7.19895018066961 0.3992
-7.19890278315941 0.3993
-7.19886332864965 0.3994
-7.19881946885626 0.3995
-7.19879937091935 0.3996
-7.19881680613901 0.3997
-7.19886591903682 0.3998
-7.19891665718884 0.3999
-7.19896568990266 0.4
-7.19905066630216 0.4001
-7.19914772269333 0.4002
-7.19924588661173 0.4003
-7.19933085176919 0.4004
-7.19944012768443 0.4005
-7.19955002985865 0.4006
-7.19967484900795 0.4007
-7.1998080077909 0.4008
-7.19994886448874 0.4009
-7.2000911748317 0.401
-7.20022153219118 0.4011
-7.20034052196783 0.4012
-7.20043925654389 0.4013
-7.2005237073089 0.4014
-7.20057902930847 0.4015
-7.20060842356661 0.4016
-7.20062846672216 0.4017
-7.20062920275823 0.4018
-7.20061477314752 0.4019
-7.20058762940144 0.402
-7.20057259848698 0.4021
-7.20054733827642 0.4022
-7.2005279215468 0.4023
-7.20051533779667 0.4024
-7.20050456304978 0.4025
-7.20049732575486 0.4026
-7.20048573808332 0.4027
-7.20047935700954 0.4028
-7.20047978540657 0.4029
-7.20049864139378 0.403
-7.20049051665382 0.4031
-7.20049771778867 0.4032
-7.20051971247421 0.4033
-7.200540774459 0.4034
-7.20059136677055 0.4035
-7.20065332857592 0.4036
-7.20072613842954 0.4037
-7.20081806440357 0.4038
-7.20089841453098 0.4039
-7.20096051237132 0.404
-7.20101085913278 0.4041
-7.20105050019624 0.4042
-7.20107832955339 0.4043
-7.20110360570605 0.4044
-7.20110567108783 0.4045
-7.20110720616272 0.4046
-7.20111673543269 0.4047
-7.20112691618228 0.4048
-7.20113043912328 0.4049
-7.20112826830331 0.405
-7.20112195612336 0.4051
-7.20109851025405 0.4052
-7.20106465673362 0.4053
-7.20101786240353 0.4054
-7.20096974185462 0.4055
-7.20092623411979 0.4056
-7.2008840581376 0.4057
-7.20083467550101 0.4058
-7.20081450111421 0.4059
-7.20080764312305 0.406
-7.2008286367045 0.4061
-7.20085975574852 0.4062
-7.20089895779693 0.4063
-7.20093662317455 0.4064
-7.20098539907258 0.4065
-7.20102559436855 0.4066
-7.20106736431381 0.4067
-7.20111017239282 0.4068
-7.20114440055253 0.4069
-7.20117255006117 0.407
-7.20117912923442 0.4071
-7.20117414916679 0.4072
-7.20114194109862 0.4073
-7.20109022567033 0.4074
-7.20103185316521 0.4075
-7.20096549618897 0.4076
-7.2009152544632 0.4077
-7.20087077815094 0.4078
-7.20082905855028 0.4079
-7.20078469434939 0.408
-7.20075072098452 0.4081
-7.20073747213116 0.4082
-7.20076300064644 0.4083
-7.20078932405368 0.4084
-7.20081079322384 0.4085
-7.20085796454814 0.4086
-7.20092213964629 0.4087
-7.20100191514551 0.4088
-7.20109681544191 0.4089
-7.20119357211433 0.409
-7.20128067817219 0.4091
-7.20136531153756 0.4092
-7.20142345049963 0.4093
-7.20148522165522 0.4094
-7.20154120584298 0.4095
-7.20159760148398 0.4096
-7.20162947543733 0.4097
-7.20164925349453 0.4098
-7.20162281069349 0.4099
-7.20158540659235 0.41
-7.2015161750573 0.4101
-7.20142745142359 0.4102
-7.20133042506833 0.4103
-7.20121120050682 0.4104
-7.20107282340728 0.4105
-7.20093107721038 0.4106
-7.2007725663494 0.4107
-7.20060473221263 0.4108
-7.20043613624818 0.4109
-7.20025043176125 0.411
-7.20006603004067 0.4111
-7.19988804132694 0.4112
-7.19972844459131 0.4113
-7.19959160212635 0.4114
-7.19947782316326 0.4115
-7.19937609994144 0.4116
-7.19925991588116 0.4117
-7.19917497509818 0.4118
-7.19908596219881 0.4119
-7.19900752885283 0.412
-7.19892592223016 0.4121
-7.19884319095527 0.4122
-7.19876498895123 0.4123
-7.19869646715425 0.4124
-7.19863527087437 0.4125
-7.19857365819542 0.4126
-7.19850913907382 0.4127
-7.1984495919542 0.4128
-7.19841719799471 0.4129
-7.19840850703011 0.413
-7.19841286142726 0.4131
-7.19843057279471 0.4132
-7.1984643561485 0.4133
-7.19849887288586 0.4134
-7.19857072881302 0.4135
-7.1986811909293 0.4136
-7.19880228591877 0.4137
-7.19893857701427 0.4138
-7.19907149827499 0.4139
-7.19922378260966 0.414
-7.19938263483874 0.4141
-7.19955589357555 0.4142
-7.19970402646395 0.4143
-7.19983738576217 0.4144
-7.19994775682827 0.4145
-7.20004614113859 0.4146
-7.20012113216174 0.4147
-7.20017206072916 0.4148
-7.20021630264017 0.4149
-7.20024955004614 0.415
-7.20027947393424 0.4151
-7.20028020302081 0.4152
-7.20025430667547 0.4153
-7.20020469436432 0.4154
-7.2001507499589 0.4155
-7.20007729815552 0.4156
-7.2000035673639 0.4157
-7.19991699834746 0.4158
-7.19982855558772 0.4159
-7.19974896266752 0.416
-7.19965810120513 0.4161
-7.19956644752211 0.4162
-7.19947546382446 0.4163
-7.19939184301228 0.4164
-7.19929756978427 0.4165
-7.19919192365851 0.4166
-7.19907528223752 0.4167
-7.19894178643089 0.4168
-7.19879735830313 0.4169
-7.19866719982207 0.417
-7.19856217471244 0.4171
-7.19844466702477 0.4172
-7.19833791875683 0.4173
-7.1982318523035 0.4174
-7.19814280584206 0.4175
-7.19805465900036 0.4176
-7.19796732072553 0.4177
-7.19789599066869 0.4178
-7.19784871401981 0.4179
-7.19780207098769 0.418
-7.19775302501055 0.4181
-7.19769756785206 0.4182
-7.19763387901951 0.4183
-7.19759028524504 0.4184
-7.1975707797639 0.4185
-7.19757563904349 0.4186
-7.1975853439906 0.4187
-7.1976022835383 0.4188
-7.19762617963709 0.4189
-7.19764538219855 0.419
-7.1976789927071 0.4191
-7.19769910210285 0.4192
-7.19772917229096 0.4193
-7.197749627751 0.4194
-7.19776839992474 0.4195
-7.19780138460564 0.4196
-7.19782235044747 0.4197
-7.1978457386943 0.4198
-7.19785627585509 0.4199
-7.19785236554054 0.42
-7.19786257943834 0.4201
-7.1978844153694 0.4202
-7.19791446154729 0.4203
-7.19793693967755 0.4204
-7.19797729880166 0.4205
-7.19802148888071 0.4206
-7.19807059005804 0.4207
-7.19812813734762 0.4208
-7.19820795786655 0.4209
-7.19828706947358 0.421
-7.19838509218365 0.4211
-7.19847807520653 0.4212
-7.19857884839594 0.4213
-7.19867618467548 0.4214
-7.1987559495605 0.4215
-7.19884548971294 0.4216
-7.19895370938315 0.4217
-7.19906666569275 0.4218
-7.19917785181584 0.4219
-7.19929384007005 0.422
-7.19937715637641 0.4221
-7.19947341341273 0.4222
-7.19957560341604 0.4223
-7.19965939061523 0.4224
-7.19972537135586 0.4225
-7.19978190533239 0.4226
-7.19984368479021 0.4227
-7.19991055650873 0.4228
-7.19995468153444 0.4229
-7.20000934347781 0.423
-7.20007251684693 0.4231
-7.20015453836926 0.4232
-7.20022415977184 0.4233
-7.20026574578149 0.4234
-7.20029032824055 0.4235
-7.20030255788074 0.4236
-7.2002813565087 0.4237
-7.20024219610839 0.4238
-7.20018425882932 0.4239
-7.20008357902579 0.424
-7.1999602718367 0.4241
-7.19980583080148 0.4242
-7.199639260046 0.4243
-7.19943600994471 0.4244
-7.19922189261374 0.4245
-7.19901156731182 0.4246
-7.19880285672106 0.4247
-7.19859370190635 0.4248
-7.19839517658276 0.4249
-7.19820378970997 0.425
-7.19802041370942 0.4251
-7.19784149192041 0.4252
-7.1976735788047 0.4253
-7.19753432553347 0.4254
-7.19742647647634 0.4255
-7.19734523864379 0.4256
-7.19730181140844 0.4257
-7.19729544406456 0.4258
-7.19733429410002 0.4259
-7.19739839940738 0.426
-7.19749918128897 0.4261
-7.19762854291907 0.4262
-7.19776954054879 0.4263
-7.19793875203341 0.4264
-7.19812997909302 0.4265
-7.19831402608685 0.4266
-7.19848210980969 0.4267
-7.19864253219224 0.4268
-7.19877850215113 0.4269
-7.19891068752555 0.427
-7.19902300064899 0.4271
-7.1991211487217 0.4272
-7.19918589478086 0.4273
-7.19923933910241 0.4274
-7.19927642008085 0.4275
-7.19931645591731 0.4276
-7.19934761385902 0.4277
-7.19936489428745 0.4278
-7.19935302132887 0.4279
-7.19932849000117 0.428
-7.19928946415238 0.4281
-7.19923948430653 0.4282
-7.19917542654934 0.4283
-7.19910391739032 0.4284
-7.19901617214636 0.4285
-7.19892567196504 0.4286
-7.19881106277955 0.4287
-7.19870859864851 0.4288
-7.19861759365723 0.4289
-7.1985504305421 0.429
-7.19850546766987 0.4291
-7.19846906622732 0.4292
-7.19843871961655 0.4293
-7.19843447391126 0.4294
-7.19845035542634 0.4295
-7.19848220803375 0.4296
-7.19850083349458 0.4297
-7.19850961273367 0.4298
-7.1985233144032 0.4299
-7.19854196034769 0.43
-7.19854841889776 0.4301
-7.19854178566138 0.4302
-7.1985352937507 0.4303
-7.19851073677171 0.4304
-7.19848515780491 0.4305
-7.19844284624808 0.4306
-7.19837839721248 0.4307
-7.19829410007293 0.4308
-7.19820322650994 0.4309
-7.19809538913581 0.431
-7.19802144295008 0.4311
-7.19796626112281 0.4312
-7.19791198125391 0.4313
-7.19788345920853 0.4314
-7.19786303373176 0.4315
-7.19785716469075 0.4316
-7.19786224850493 0.4317
-7.19791007010406 0.4318
-7.19797886757634 0.4319
-7.19807399228205 0.432
-7.19816965664863 0.4321
-7.19826935190507 0.4322
-7.19836091107666 0.4323
-7.19842343185683 0.4324
-7.19846035574562 0.4325
-7.19850472000781 0.4326
-7.19853705907841 0.4327
-7.19857760054107 0.4328
-7.19859679319121 0.4329
-7.19861615449932 0.433
-7.19864516232714 0.4331
-7.19867929279438 0.4332
-7.19872307585684 0.4333
-7.19874999746317 0.4334
-7.19876596410839 0.4335
-7.19878490985203 0.4336
-7.19880387919972 0.4337
-7.19882057286069 0.4338
-7.19884265627001 0.4339
-7.19885140058908 0.434
-7.19882825955117 0.4341
-7.19881539334433 0.4342
-7.19880596275626 0.4343
-7.19880283925299 0.4344
-7.19879197555659 0.4345
-7.19879458735308 0.4346
-7.19878504811016 0.4347
-7.19878790598405 0.4348
-7.19878977177997 0.4349
-7.19878496568259 0.435
-7.19878860609067 0.4351
-7.19878726645148 0.4352
-7.19877922238695 0.4353
-7.19875401379693 0.4354
-7.19872812422113 0.4355
-7.19868694763389 0.4356
-7.19863789096672 0.4357
-7.19857226569856 0.4358
-7.19850147340726 0.4359
-7.19841974378017 0.436
-7.19834251854896 0.4361
-7.1982495934593 0.4362
-7.19817313966666 0.4363
-7.1980841622359 0.4364
-7.19799999053705 0.4365
-7.19789564391866 0.4366
-7.19779214980191 0.4367
-7.19768207966818 0.4368
-7.19756190176208 0.4369
-7.19743940114387 0.437
-7.19733773524232 0.4371
-7.19724182057554 0.4372
-7.19714482008862 0.4373
-7.19706874975303 0.4374
-7.19700489090637 0.4375
-7.19696111217416 0.4376
-7.19692592971299 0.4377
-7.19690040072104 0.4378
-7.19686896762079 0.4379
-7.19683165095861 0.438
-7.19680411535096 0.4381
-7.19678168198502 0.4382
-7.19677216525064 0.4383
-7.196772740782 0.4384
-7.19677416222045 0.4385
-7.19677626313433 0.4386
-7.19680127432992 0.4387
-7.19681452417052 0.4388
-7.19684012754818 0.4389
-7.19687253053689 0.439
-7.19691846255848 0.4391
-7.19700185498433 0.4392
-7.19707980791883 0.4393
-7.19716733981679 0.4394
-7.19724503234459 0.4395
-7.19732443328224 0.4396
-7.19740042050818 0.4397
-7.19746113253473 0.4398
-7.19752863733388 0.4399
-7.19757424320086 0.44
-7.19762148246667 0.4401
-7.19766481529611 0.4402
-7.19769360512125 0.4403
-7.19771769812351 0.4404
-7.19772608526519 0.4405
-7.19772874038163 0.4406
-7.19772448547653 0.4407
-7.19770648844579 0.4408
-7.19769377950331 0.4409
-7.19766513673617 0.441
-7.19764551311975 0.4411
-7.197649218369 0.4412
-7.19763591040097 0.4413
-7.19760803102752 0.4414
-7.19757291418506 0.4415
-7.19753318625908 0.4416
-7.19750820184483 0.4417
-7.19748865836609 0.4418
-7.19746490734003 0.4419
-7.19742539308543 0.442
-7.19739735381563 0.4421
-7.19737709653801 0.4422
-7.19734282998312 0.4423
-7.19729464804883 0.4424
-7.19725422235142 0.4425
-7.1972116458218 0.4426
-7.19717077842297 0.4427
-7.19714475186653 0.4428
-7.19711192904051 0.4429
-7.19707947597021 0.443
-7.1970337621847 0.4431
-7.19699443795699 0.4432
-7.19695641956682 0.4433
-7.1969096151549 0.4434
-7.19689463633562 0.4435
-7.19688515921883 0.4436
-7.19688298385523 0.4437
-7.19687513119947 0.4438
-7.19689126865585 0.4439
-7.19690863914858 0.444
-7.19691585306725 0.4441
-7.19692940749395 0.4442
-7.19695582326369 0.4443
-7.19699629250443 0.4444
-7.1970316644821 0.4445
-7.19704893246425 0.4446
-7.19705811234012 0.4447
-7.19706582053324 0.4448
-7.19708088404499 0.4449
-7.19710546976258 0.445
-7.1971175646401 0.4451
-7.19712749077424 0.4452
-7.19713489294782 0.4453
-7.19714833829067 0.4454
-7.19717805070445 0.4455
-7.19721109876225 0.4456
-7.19724794338396 0.4457
-7.19728014500344 0.4458
-7.19732683149946 0.4459
-7.19736747696986 0.446
-7.19742208723492 0.4461
-7.19745821783285 0.4462
-7.1975027645765 0.4463
-7.19754455261564 0.4464
-7.19760279416806 0.4465
-7.19764862459733 0.4466
-7.19770096679409 0.4467
-7.19773136896382 0.4468
-7.19777722534944 0.4469
-7.19784478593899 0.447
-7.19792047712446 0.4471
-7.19797874257591 0.4472
-7.19802781406265 0.4473
-7.19804648627774 0.4474
-7.19806527070847 0.4475
-7.19808203969382 0.4476
-7.19809720764363 0.4477
-7.19811382662557 0.4478
-7.19812969119736 0.4479
-7.19813468507203 0.448
-7.19814670365027 0.4481
-7.19814221409678 0.4482
-7.19813344649262 0.4483
-7.19810751753155 0.4484
-7.19810728834784 0.4485
-7.19810346344838 0.4486
-7.19809043921728 0.4487
-7.19809266985452 0.4488
-7.19808688055146 0.4489
-7.19806983984335 0.449
-7.19805118007878 0.4491
-7.19803890004228 0.4492
-7.19803074240999 0.4493
-7.19802357749371 0.4494
-7.19800881705225 0.4495
-7.19798701846715 0.4496
-7.19796756967551 0.4497
-7.19794087930606 0.4498
-7.19790185263374 0.4499
-7.19789775033481 0.45
-7.19789180269172 0.4501
-7.19787601236231 0.4502
-7.19785603519975 0.4503
-7.19783659438185 0.4504
-7.19781324311127 0.4505
-7.19778980705705 0.4506
-7.19775112560687 0.4507
-7.19770307894778 0.4508
-7.19767195754829 0.4509
-7.19762145629644 0.451
-7.1975334910922 0.4511
-7.19743913313034 0.4512
-7.19735832482533 0.4513
-7.19727067387635 0.4514
-7.19718300812282 0.4515
-7.1970896317822 0.4516
-7.19699785007597 0.4517
-7.19689954068541 0.4518
-7.19679430555701 0.4519
-7.19666874509032 0.452
-7.19654800570859 0.4521
-7.19639642484298 0.4522
-7.19626370732043 0.4523
-7.19615019113305 0.4524
-7.19603160408961 0.4525
-7.19592843321709 0.4526
-7.19584006146752 0.4527
-7.19575594530808 0.4528
-7.19568857029717 0.4529
-7.19560563036046 0.453
-7.19551950594561 0.4531
-7.19543132071764 0.4532
-7.19534089298174 0.4533
-7.19521953662318 0.4534
-7.19508305873569 0.4535
-7.19494872898666 0.4536
-7.19482118819289 0.4537
-7.19470751551921 0.4538
-7.19459500227831 0.4539
-7.19450378601478 0.454
-7.19440145349585 0.4541
-7.19430977936598 0.4542
-7.19424034782359 0.4543
-7.19419022764058 0.4544
-7.19414144148283 0.4545
-7.19411217666205 0.4546
-7.19411107518892 0.4547
-7.19413317684169 0.4548
-7.1941710787361 0.4549
-7.1942330552859 0.455
-7.19429867688139 0.4551
-7.19439434570765 0.4552
-7.19449292587237 0.4553
-7.19459638671714 0.4554
-7.19471947823941 0.4555
-7.19485019024894 0.4556
-7.1949862444194 0.4557
-7.19512632098601 0.4558
-7.19525021881626 0.4559
-7.19536012167609 0.456
-7.19547253188904 0.4561
-7.19558423049618 0.4562
-7.19568440503798 0.4563
-7.19576786208231 0.4564
-7.19582647418771 0.4565
-7.19588253012819 0.4566
-7.19592774558841 0.4567
-7.19596337279309 0.4568
-7.19597847838688 0.4569
-7.19596571202436 0.457
-7.19592703262821 0.4571
-7.1958839488904 0.4572
-7.19585529479668 0.4573
-7.19581522373413 0.4574
-7.19575961398328 0.4575
-7.19571456501359 0.4576
-7.19566069198905 0.4577
-7.19560526772784 0.4578
-7.19554673082804 0.4579
-7.19551411757177 0.458
-7.1955072718645 0.4581
-7.19548831907967 0.4582
-7.19547110850361 0.4583
-7.19547742507417 0.4584
-7.19549608786667 0.4585
-7.19551100230852 0.4586
-7.19550495205718 0.4587
-7.19548798948287 0.4588
-7.19547109952546 0.4589
-7.19545541638533 0.459
-7.1954344816176 0.4591
-7.19540120108242 0.4592
-7.19536592915811 0.4593
-7.19534354748457 0.4594
-7.19533816985647 0.4595
-7.19532497101411 0.4596
-7.19530885205911 0.4597
-7.19531315806741 0.4598
-7.19529665579804 0.4599
-7.19527367455397 0.46
-7.19523903766251 0.4601
-7.19521223691065 0.4602
-7.19518144130734 0.4603
-7.19514950761117 0.4604
-7.19511183007213 0.4605
-7.19509049299697 0.4606
-7.19508178022997 0.4607
-7.19509107247669 0.4608
-7.19509180449202 0.4609
-7.19508797076381 0.461
-7.19508992432461 0.4611
-7.19509463153218 0.4612
-7.19510920109345 0.4613
-7.1951383050893 0.4614
-7.19516937934187 0.4615
-7.19521008041731 0.4616
-7.19523722813835 0.4617
-7.19525852146223 0.4618
-7.19527165039285 0.4619
-7.19528896346655 0.462
-7.19529771158104 0.4621
-7.19529182082571 0.4622
-7.19526805937937 0.4623
-7.19521346941505 0.4624
-7.19515169665978 0.4625
-7.19506692764411 0.4626
-7.19496535246131 0.4627
-7.19487398150512 0.4628
-7.19479854643314 0.4629
-7.19473598643637 0.463
-7.1946733629473 0.4631
-7.19459502081894 0.4632
-7.19452854816257 0.4633
-7.1944777799459 0.4634
-7.19445309800659 0.4635
-7.19445044653014 0.4636
-7.19444832527593 0.4637
-7.19444897536196 0.4638
-7.19447563386152 0.4639
-7.19451335117478 0.464
-7.1945670695359 0.4641
-7.19464372743215 0.4642
-7.19471323414069 0.4643
-7.19477834998832 0.4644
-7.19484408170689 0.4645
-7.19490823876502 0.4646
-7.1949628689429 0.4647
-7.19502032129602 0.4648
-7.19505997222241 0.4649
-7.19510391262807 0.465
-7.19512968751069 0.4651
-7.1951354586811 0.4652
-7.19512062681389 0.4653
-7.1950687295569 0.4654
-7.19501937450572 0.4655
-7.19497311813396 0.4656
-7.19491977958279 0.4657
-7.1948586155369 0.4658
-7.19478156478843 0.4659
-7.19470205220092 0.466
-7.19464248982626 0.4661
-7.19458082129109 0.4662
-7.19452552745971 0.4663
-7.19448230742799 0.4664
-7.19444426471498 0.4665
-7.19442960023916 0.4666
-7.19442621134119 0.4667
-7.1944381809695 0.4668
-7.19447080636178 0.4669
-7.1945141730376 0.467
-7.19457747562105 0.4671
-7.19465720338521 0.4672
-7.19473938253519 0.4673
-7.19481464855302 0.4674
-7.19488296188788 0.4675
-7.19493906270874 0.4676
-7.19500604723611 0.4677
-7.19506054084468 0.4678
-7.19510536591293 0.4679
-7.19512120003792 0.468
-7.19512489170434 0.4681
-7.19513613475354 0.4682
-7.19512930264156 0.4683
-7.19512033851144 0.4684
-7.19510295149442 0.4685
-7.19506774568746 0.4686
-7.19503694931878 0.4687
-7.19501723585606 0.4688
-7.19501323246128 0.4689
-7.19501224221663 0.469
-7.19502765071809 0.4691
-7.19504527183229 0.4692
-7.19503659858103 0.4693
-7.19504545132488 0.4694
-7.19505414944378 0.4695
-7.19509679595836 0.4696
-7.19513121110331 0.4697
-7.1951682682016 0.4698
-7.19523331268238 0.4699
-7.19530005024319 0.47
-7.1953865728155 0.4701
-7.19549712095206 0.4702
-7.19560621877237 0.4703
-7.19572371729076 0.4704
-7.19583203116932 0.4705
-7.19592963254801 0.4706
-7.19602899178079 0.4707
-7.19613588143953 0.4708
-7.1962528157684 0.4709
-7.19637360439594 0.471
-7.19647911051757 0.4711
-7.19656688584879 0.4712
-7.19665151684805 0.4713
-7.19672756125274 0.4714
-7.19680611667637 0.4715
-7.19685015460501 0.4716
-7.19689773411955 0.4717
-7.19692530452416 0.4718
-7.19695764298714 0.4719
-7.1969559549322 0.472
-7.196945881848 0.4721
-7.19691010961276 0.4722
-7.19687748173574 0.4723
-7.19683126248676 0.4724
-7.19679130848701 0.4725
-7.19675204062358 0.4726
-7.19671897283469 0.4727
-7.19667912036348 0.4728
-7.19661993004508 0.4729
-7.19655768461708 0.473
-7.19649051250081 0.4731
-7.19642110483461 0.4732
-7.19635620368696 0.4733
-7.19629845058126 0.4734
-7.19625402268653 0.4735
-7.19621421422792 0.4736
-7.19619893710999 0.4737
-7.19620341918883 0.4738
-7.19621916882986 0.4739
-7.1962271285811 0.474
-7.19622210449085 0.4741
-7.19621529659825 0.4742
-7.19620971309932 0.4743
-7.19620949185509 0.4744
-7.19620737766884 0.4745
-7.19619460253878 0.4746
-7.19618692871165 0.4747
-7.19617105639205 0.4748
-7.19615602533027 0.4749
-7.19613457326311 0.475
-7.19610179782013 0.4751
-7.19604815266606 0.4752
-7.19598717153411 0.4753
-7.19589991299158 0.4754
-7.19581676479535 0.4755
-7.19572450498134 0.4756
-7.19562150749582 0.4757
-7.19551344698404 0.4758
-7.19539985764115 0.4759
-7.19527932832348 0.476
-7.19516446666126 0.4761
-7.19503689062241 0.4762
-7.19492329374713 0.4763
-7.19482987988086 0.4764
-7.19473716507785 0.4765
-7.19467741511442 0.4766
-7.19463183167475 0.4767
-7.19459349345705 0.4768
-7.19455353918137 0.4769
-7.19452154176651 0.477
-7.19449417710813 0.4771
-7.19447522164542 0.4772
-7.19446311623845 0.4773
-7.19445014901531 0.4774
-7.19443890902008 0.4775
-7.19443852953141 0.4776
-7.19444739918732 0.4777
-7.19443894942713 0.4778
-7.1944235858521 0.4779
-7.19439975767992 0.478
-7.19434354816027 0.4781
-7.19424935573186 0.4782
-7.19414023043166 0.4783
-7.194040897884 0.4784
-7.1939666188193 0.4785
-7.19390278167298 0.4786
-7.19385158511047 0.4787
-7.1938041446504 0.4788
-7.19378592491749 0.4789
-7.1937801817994 0.479
-7.19378044079462 0.4791
-7.19378644403215 0.4792
-7.1938017924038 0.4793
-7.1938047337366 0.4794
-7.19381724450843 0.4795
-7.19381795121019 0.4796
-7.19382376077322 0.4797
-7.19382723863752 0.4798
-7.19383127620669 0.4799
-7.19382904780177 0.48
-7.19381455046073 0.4801
-7.1937909351071 0.4802
-7.19376844874412 0.4803
-7.19373917924461 0.4804
-7.19370812466438 0.4805
-7.19368252492776 0.4806
-7.19367802027694 0.4807
-7.1937115951492 0.4808
-7.19377578824577 0.4809
-7.1938623615432 0.481
-7.19394372502597 0.4811
-7.19403233102224 0.4812
-7.19413544912985 0.4813
-7.19425735414342 0.4814
-7.19438162935505 0.4815
-7.19451721899819 0.4816
-7.19465292507778 0.4817
-7.19478751962833 0.4818
-7.19494062019328 0.4819
-7.19507861299183 0.482
-7.19520100694688 0.4821
-7.19532157993022 0.4822
-7.1954530884414 0.4823
-7.19557602096208 0.4824
-7.1956856558235 0.4825
-7.19578260717412 0.4826
-7.1958688377527 0.4827
-7.19591948880715 0.4828
-7.19595214241862 0.4829
-7.19596374481463 0.483
-7.19595170245325 0.4831
-7.19592586630055 0.4832
-7.19587191546294 0.4833
-7.19579150774883 0.4834
-7.19569250663873 0.4835
-7.19556549377512 0.4836
-7.19544203647827 0.4837
-7.19531961476714 0.4838
-7.19519100373486 0.4839
-7.1950584678096 0.484
-7.19492441964078 0.4841
-7.19478918677095 0.4842
-7.19466394619966 0.4843
-7.1945456347182 0.4844
-7.19444539152919 0.4845
-7.19435488756447 0.4846
-7.19429258822427 0.4847
-7.19424095897271 0.4848
-7.19419791790263 0.4849
-7.19416429967815 0.485
-7.19414515438175 0.4851
-7.19414837103205 0.4852
-7.19412640340823 0.4853
-7.19409728705361 0.4854
-7.19405393952454 0.4855
-7.19399591469975 0.4856
-7.19391194101058 0.4857
-7.19382829685632 0.4858
-7.19373813699998 0.4859
-7.1936598488111 0.486
-7.19357848686491 0.4861
-7.19349006748698 0.4862
-7.19341563977516 0.4863
-7.19332220458476 0.4864
-7.19321777852117 0.4865
-7.1930979022618 0.4866
-7.19297712018736 0.4867
-7.19285109999675 0.4868
-7.19273035364697 0.4869
-7.19262403310684 0.487
-7.19250649225608 0.4871
-7.19238567699581 0.4872
-7.19224444826726 0.4873
-7.19210310574454 0.4874
-7.19196067965911 0.4875
-7.19182755030318 0.4876
-7.19169743792737 0.4877
-7.19158098953198 0.4878
-7.19145547957914 0.4879
-7.19133941571701 0.488
-7.19125303339438 0.4881
-7.19116595651282 0.4882
-7.19109128750892 0.4883
-7.19101485593679 0.4884
-7.19094620568147 0.4885
-7.19088490078498 0.4886
-7.19083402463705 0.4887
-7.1907600316631 0.4888
-7.19067995223493 0.4889
-7.19059723973662 0.489
-7.19050508506103 0.4891
-7.19041463794407 0.4892
-7.19033784160763 0.4893
-7.19024725456652 0.4894
-7.19014586033182 0.4895
-7.19004972314 0.4896
-7.18996320989915 0.4897
-7.18987634083136 0.4898
-7.1897994657216 0.4899
-7.18973990809669 0.49
-7.18968869462269 0.4901
-7.18966042953615 0.4902
-7.18964866375338 0.4903
-7.1896664412921 0.4904
-7.18970053811103 0.4905
-7.18973780492522 0.4906
-7.18979431236661 0.4907
-7.1898816107523 0.4908
-7.19000036486276 0.4909
-7.19014046604386 0.491
-7.19026417855405 0.4911
-7.19038981585137 0.4912
-7.19051364288077 0.4913
-7.19065597855233 0.4914
-7.19082013742904 0.4915
-7.19099103949749 0.4916
-7.19114512639417 0.4917
-7.19129900577317 0.4918
-7.19146775754978 0.4919
-7.19161346095117 0.492
-7.19177797358258 0.4921
-7.19192438817601 0.4922
-7.19206499827213 0.4923
-7.19218261647796 0.4924
-7.1922899318224 0.4925
-7.19236719858635 0.4926
-7.19243056170738 0.4927
-7.19249750026291 0.4928
-7.19255359958626 0.4929
-7.19258142036336 0.493
-7.19260674231254 0.4931
-7.19263404264957 0.4932
-7.19265769721902 0.4933
-7.19265947773212 0.4934
-7.19266008331704 0.4935
-7.19263681634008 0.4936
-7.19260054164814 0.4937
-7.1925426919311 0.4938
-7.19248558509076 0.4939
-7.19241445386139 0.494
-7.19233907710702 0.4941
-7.19225802699429 0.4942
-7.19216685131207 0.4943
-7.19208745615976 0.4944
-7.19200303988802 0.4945
-7.1919039642964 0.4946
-7.19180119324231 0.4947
-7.19171490362162 0.4948
-7.19163506502526 0.4949
-7.1915598686664 0.495
-7.19148652537512 0.4951
-7.19140607909357 0.4952
-7.19134390453672 0.4953
-7.19127542839389 0.4954
-7.19120865235353 0.4955
-7.19113244884914 0.4956
-7.19107171784541 0.4957
-7.19100894007804 0.4958
-7.19096287120686 0.4959
-7.19093712265693 0.496
-7.19091892907587 0.4961
-7.19090053964967 0.4962
-7.19087880266888 0.4963
-7.19084990911927 0.4964
-7.19082586207984 0.4965
-7.1908506081648 0.4966
-7.19089093132336 0.4967
-7.19095428232435 0.4968
-7.19102844925392 0.4969
-7.19112291608695 0.497
-7.19121752840084 0.4971
-7.19130528190767 0.4972
-7.19138779462268 0.4973
-7.19147596534494 0.4974
-7.19156089541679 0.4975
-7.19163609673842 0.4976
-7.19172037377528 0.4977
-7.19177452521684 0.4978
-7.1918155743942 0.4979
-7.19182263262655 0.498
-7.19180281804333 0.4981
-7.19176528366252 0.4982
-7.19168116784983 0.4983
-7.19159254917419 0.4984
-7.19148648235534 0.4985
-7.19136880225915 0.4986
-7.19124694973591 0.4987
-7.19110082094668 0.4988
-7.19095409772063 0.4989
-7.19080279009277 0.499
-7.1906686068992 0.4991
-7.19052613304839 0.4992
-7.19038421217686 0.4993
-7.19024114423292 0.4994
-7.19010210222646 0.4995
-7.18998116388245 0.4996
-7.18986515572157 0.4997
-7.1897502713884 0.4998
-7.18963415143252 0.4999
-7.18953428530319 0.5
-7.1894521209638 0.5001
-7.18938029581217 0.5002
-7.18932455357328 0.5003
-7.18927882847484 0.5004
-7.18922683201068 0.5005
-7.18918548913537 0.5006
-7.18915660739469 0.5007
-7.18915113897441 0.5008
-7.18914175271747 0.5009
-7.18915157649268 0.501
-7.18915935504711 0.5011
-7.18916205607272 0.5012
-7.18916602712626 0.5013
-7.18915198843246 0.5014
-7.18916184792692 0.5015
-7.18917061120834 0.5016
-7.18914466592017 0.5017
-7.18911143004894 0.5018
-7.18909791731052 0.5019
-7.18910320132798 0.502
-7.18909907083774 0.5021
-7.1890985294689 0.5022
-7.18909888679505 0.5023
-7.18910142954532 0.5024
-7.18908528972167 0.5025
-7.18906547978606 0.5026
-7.18904465392644 0.5027
-7.18904893041554 0.5028
-7.18906954881572 0.5029
-7.18909613008299 0.503
-7.18912343040509 0.5031
-7.1891370814942 0.5032
-7.18915783827475 0.5033
-7.18918013898621 0.5034
-7.18920390734367 0.5035
-7.18923398507602 0.5036
-7.18925145576717 0.5037
-7.18926721002134 0.5038
-7.18927332002518 0.5039
-7.18929879603653 0.504
-7.18934396713718 0.5041
-7.18939874609017 0.5042
-7.18946111883855 0.5043
-7.18952530790469 0.5044
-7.18961345473022 0.5045
-7.18972742513404 0.5046
-7.18985145647418 0.5047
-7.1899605769579 0.5048
-7.19006645350887 0.5049
-7.19017476712099 0.505
-7.19027003854526 0.5051
-7.19035075274415 0.5052
-7.19039752151595 0.5053
-7.19043518495238 0.5054
-7.19046135392665 0.5055
-7.19049619092606 0.5056
-7.19052708804636 0.5057
-7.19055235679106 0.5058
-7.19058699400565 0.5059
-7.19062022685021 0.506
-7.19065593036213 0.5061
-7.1907034602437 0.5062
-7.19076535642598 0.5063
-7.19084251523815 0.5064
-7.19093471765585 0.5065
-7.19102107791599 0.5066
-7.19108734535433 0.5067
-7.19115291845864 0.5068
-7.19119068583893 0.5069
-7.19122256211878 0.507
-7.1912500406033 0.5071
-7.19123930826826 0.5072
-7.19119239646155 0.5073
-7.19111180093561 0.5074
-7.19099548980999 0.5075
-7.19083034755993 0.5076
-7.19064222725381 0.5077
-7.19043197217333 0.5078
-7.19021147048243 0.5079
-7.1899817337123 0.508
-7.18976731384821 0.5081
-7.18957166877389 0.5082
-7.18938621748447 0.5083
-7.18920924167358 0.5084
-7.1890343429751 0.5085
-7.18887317008497 0.5086
-7.18870600503581 0.5087
-7.18855214110626 0.5088
-7.18840199190358 0.5089
-7.18826959549766 0.509
-7.1881604180674 0.5091
-7.18807141218904 0.5092
-7.18801612372473 0.5093
-7.18798497712786 0.5094
-7.18797273438806 0.5095
-7.18797463306518 0.5096
-7.18798892511422 0.5097
-7.18803542744619 0.5098
-7.18810308626468 0.5099
-7.18817609614043 0.51
-7.18824788970996 0.5101
-7.18833047309764 0.5102
-7.18842416568266 0.5103
-7.18851758183733 0.5104
-7.18861016332549 0.5105
-7.18870606017036 0.5106
-7.18877311959904 0.5107
-7.1888077144256 0.5108
-7.1888320054332 0.5109
-7.18883739055611 0.511
-7.18881627464588 0.5111
-7.18880661699863 0.5112
-7.18878417894379 0.5113
-7.18873630814638 0.5114
-7.18866224005226 0.5115
-7.18856566953075 0.5116
-7.1884419090175 0.5117
-7.18832255185857 0.5118
-7.18820759230198 0.5119
-7.18807366475606 0.512
-7.18794134795461 0.5121
-7.18782829228637 0.5122
-7.18770902258388 0.5123
-7.18761429498737 0.5124
-7.18752358062304 0.5125
-7.18746309106164 0.5126
-7.18744797003617 0.5127
-7.18745559407405 0.5128
-7.18748176383753 0.5129
-7.18752089040573 0.513
-7.18755769650515 0.5131
-7.18761104450598 0.5132
-7.18767358159931 0.5133
-7.18774814573106 0.5134
-7.18784265086731 0.5135
-7.187939808455 0.5136
-7.18804756730171 0.5137
-7.1881387492221 0.5138
-7.18822229863505 0.5139
-7.18828931773494 0.514
-7.18834891253122 0.5141
-7.18839580680634 0.5142
-7.1884043816849 0.5143
-7.18841557666445 0.5144
-7.18841068109417 0.5145
-7.18839585190538 0.5146
-7.18835051985931 0.5147
-7.18829001283109 0.5148
-7.18822197329733 0.5149
-7.18814615848306 0.515
-7.18808858277591 0.5151
-7.18803607550412 0.5152
-7.18800612325867 0.5153
-7.18798623136998 0.5154
-7.18799884148833 0.5155
-7.18802145612293 0.5156
-7.18806396972199 0.5157
-7.18813031367854 0.5158
-7.18821610520163 0.5159
-7.18831380114026 0.516
-7.18840751964241 0.5161
-7.18849053062525 0.5162
-7.188569341974 0.5163
-7.18863187617635 0.5164
-7.18867764511453 0.5165
-7.18871672351835 0.5166
-7.18873494262933 0.5167
-7.18873823709253 0.5168
-7.18874741411787 0.5169
-7.18875098042735 0.517
-7.18878062519873 0.5171
-7.18881233429259 0.5172
-7.18884418862725 0.5173
-7.18886064819458 0.5174
-7.18888646352716 0.5175
-7.18891757584356 0.5176
-7.18894727595113 0.5177
-7.18898582519947 0.5178
-7.18901787805544 0.5179
-7.18903748577794 0.518
-7.18902770116679 0.5181
-7.18901907437034 0.5182
-7.1890043108387 0.5183
-7.18896729517708 0.5184
-7.18892222924279 0.5185
-7.18885641213362 0.5186
-7.18876272633528 0.5187
-7.18866913958024 0.5188
-7.18856383432229 0.5189
-7.18845625522013 0.519
-7.1883441733998 0.5191
-7.18824305682134 0.5192
-7.18813890439114 0.5193
-7.18806903476935 0.5194
-7.18800096143463 0.5195
-7.18795121201342 0.5196
-7.18789948601537 0.5197
-7.18784866096603 0.5198
-7.18781397089233 0.5199
-7.18778727903589 0.52
-7.18777324461769 0.5201
-7.18776925943108 0.5202
-7.18777582410609 0.5203
-7.18777450009036 0.5204
-7.18777636054159 0.5205
-7.187786895315 0.5206
-7.18780840629264 0.5207
-7.1878105488028 0.5208
-7.18782727258023 0.5209
-7.18782903259221 0.521
-7.18781380827431 0.5211
-7.18779827636013 0.5212
-7.18776198043142 0.5213
-7.18770764591148 0.5214
-7.18766678816438 0.5215
-7.18763180862421 0.5216
-7.18760985472274 0.5217
-7.18755747680084 0.5218
-7.18751255892324 0.5219
-7.18747497967768 0.522
-7.18744736997077 0.5221
-7.18741676792746 0.5222
-7.18738773204241 0.5223
-7.18737905800784 0.5224
-7.18739180644343 0.5225
-7.1874120868574 0.5226
-7.18742011569171 0.5227
-7.18742778582403 0.5228
-7.18744243703435 0.5229
-7.18746519263947 0.523
-7.18746924433333 0.5231
-7.18745723991748 0.5232
-7.1874294538867 0.5233
-7.18739254190393 0.5234
-7.18734121934636 0.5235
-7.1872847334475 0.5236
-7.1872124350283 0.5237
-7.18713425715159 0.5238
-7.18706547127684 0.5239
-7.18698852213021 0.524
-7.18688736072424 0.5241
-7.18678440280548 0.5242
-7.18669254822864 0.5243
-7.18662240906904 0.5244
-7.18656417741225 0.5245
-7.18648961515085 0.5246
-7.1864173168031 0.5247
-7.18635607426895 0.5248
-7.18630881369935 0.5249
-7.18624337400105 0.525
-7.18617432312695 0.5251
-7.1861145060728 0.5252
-7.18603399439868 0.5253
-7.18598445736185 0.5254
-7.18595329659238 0.5255
-7.18590268099461 0.5256
-7.1858593373624 0.5257
-7.18583121400534 0.5258
-7.1858126325294 0.5259
-7.18579765334778 0.526
-7.18578546833015 0.5261
-7.18577497337856 0.5262
-7.18576367863619 0.5263
-7.18578136126952 0.5264
-7.18580881883588 0.5265
-7.18584184955231 0.5266
-7.18588686871121 0.5267
-7.18593545307612 0.5268
-7.18599330389878 0.5269
-7.18605780086574 0.527
-7.18612650242369 0.5271
-7.18619639282668 0.5272
-7.18627023549886 0.5273
-7.18632906210064 0.5274
-7.18637770977405 0.5275
-7.18643037128768 0.5276
-7.18649370165146 0.5277
-7.18653739474648 0.5278
-7.18656102723122 0.5279
-7.18661152354847 0.528
-7.18664838684413 0.5281
-7.18669442618341 0.5282
-7.18674428890767 0.5283
-7.18679998897291 0.5284
-7.18685572186498 0.5285
-7.18692330612004 0.5286
-7.18700453917828 0.5287
-7.18709359314843 0.5288
-7.18715842174385 0.5289
-7.18721656708167 0.529
-7.18727747332507 0.5291
-7.1873475314029 0.5292
-7.18739440979794 0.5293
-7.18743448726167 0.5294
-7.18744620278298 0.5295
-7.18744634890875 0.5296
-7.18743843753658 0.5297
-7.18742814196093 0.5298
-7.18739714368526 0.5299
-7.18737245122255 0.53
-7.1873403194282 0.5301
-7.18729123622842 0.5302
-7.18724640513084 0.5303
-7.18719510999973 0.5304
-7.18713366652751 0.5305
-7.18708204401272 0.5306
-7.18704425681149 0.5307
-7.18700187740347 0.5308
-7.18696330035999 0.5309
-7.18690816604016 0.531
-7.18685335898494 0.5311
-7.18680504305331 0.5312
-7.18677938415769 0.5313
-7.18674922119529 0.5314
-7.18671787821342 0.5315
-7.186688161189 0.5316
-7.18665916628859 0.5317
-7.18662316972554 0.5318
-7.18659666336593 0.5319
-7.18657704654002 0.532
-7.18653898715102 0.5321
-7.18649261378226 0.5322
-7.18644386628389 0.5323
-7.18640527227002 0.5324
-7.18635481889731 0.5325
-7.18629496356844 0.5326
-7.18624299455811 0.5327
-7.1861890724473 0.5328
-7.18611674148635 0.5329
-7.18605253276601 0.533
-7.18597971637928 0.5331
-7.18590276245717 0.5332
-7.18585335151387 0.5333
-7.18579519079732 0.5334
-7.18574739091963 0.5335
-7.18572210471596 0.5336
-7.18568131941351 0.5337
-7.18563496271264 0.5338
-7.18561174209012 0.5339
-7.18559739110817 0.534
-7.18558991349677 0.5341
-7.18559156656191 0.5342
-7.18560414134751 0.5343
-7.18561428750264 0.5344
-7.18563993054338 0.5345
-7.18566823142408 0.5346
-7.18568398356735 0.5347
-7.18573123033939 0.5348
-7.18579820948204 0.5349
-7.18586539383352 0.535
-7.18593963608444 0.5351
-7.18602284225329 0.5352
-7.18612294662177 0.5353
-7.18621775287688 0.5354
-7.18630191267266 0.5355
-7.18637573588651 0.5356
-7.18644896799828 0.5357
-7.18651544624458 0.5358
-7.18658867619603 0.5359
-7.18665865237665 0.536
-7.18671972509074 0.5361
-7.18676649494765 0.5362
-7.18678968946331 0.5363
-7.18681341948146 0.5364
-7.18684618142023 0.5365
-7.18686698174545 0.5366
-7.18686776933962 0.5367
-7.18686828143989 0.5368
-7.18688127411654 0.5369
-7.18688525336346 0.537
-7.18688093480254 0.5371
-7.18690014330464 0.5372
-7.18690144960303 0.5373
-7.18690031929146 0.5374
-7.18688908838451 0.5375
-7.18688539214252 0.5376
-7.18688493670411 0.5377
-7.18688622905314 0.5378
-7.18691071478584 0.5379
-7.18695663619059 0.538
-7.18702255348806 0.5381
-7.18710804900754 0.5382
-7.18722025553792 0.5383
-7.18735986733663 0.5384
-7.1875064952378 0.5385
-7.18766208067585 0.5386
-7.18783542161806 0.5387
-7.18801446867465 0.5388
-7.1881965231398 0.5389
-7.18836136756375 0.539
-7.18853797037699 0.5391
-7.18871144906502 0.5392
-7.18885856614871 0.5393
-7.18900838297698 0.5394
-7.18913946213631 0.5395
-7.18924280880944 0.5396
-7.18934486209998 0.5397
-7.18940307550265 0.5398
-7.18943928380819 0.5399
-7.18944284336243 0.54
-7.18943931117521 0.5401
-7.18941071589921 0.5402
-7.18935173838315 0.5403
-7.18926928518611 0.5404
-7.1891654570201 0.5405
-7.18905532271611 0.5406
-7.18894514512361 0.5407
-7.18882952324864 0.5408
-7.1887114924654 0.5409
-7.18857874715259 0.541
-7.18845046572899 0.5411
-7.18832549668391 0.5412
-7.18820754556293 0.5413
-7.18810757383972 0.5414
-7.18801638524959 0.5415
-7.18795396373414 0.5416
-7.18790697281066 0.5417
-7.18784859597943 0.5418
-7.18780565090502 0.5419
-7.18776046494576 0.542
-7.1877183277929 0.5421
-7.18763318042935 0.5422
-7.18755824699534 0.5423
-7.18746919656531 0.5424
-7.187383452682 0.5425
-7.18726686265251 0.5426
-7.1871313141117 0.5427
-7.1870019855662 0.5428
-7.18685608555948 0.5429
-7.18672299183689 0.543
-7.18656876178737 0.5431
-7.18641834391431 0.5432
-7.18629667298257 0.5433
-7.18617875319532 0.5434
-7.1860690897557 0.5435
-7.1859753012121 0.5436
-7.18589594491844 0.5437
-7.18584612723231 0.5438
-7.18581319523966 0.5439
-7.18578852098091 0.544
-7.18578293356814 0.5441
-7.18576411278041 0.5442
-7.18573464457354 0.5443
-7.18569971561296 0.5444
-7.1856527747158 0.5445
-7.18560115302876 0.5446
-7.18554231201671 0.5447
-7.18547163905018 0.5448
-7.18539973111041 0.5449
-7.18532521171911 0.545
-7.18523152858536 0.5451
-7.18511937831669 0.5452
-7.18500713667409 0.5453
-7.18488756421615 0.5454
-7.18477049964297 0.5455
-7.18466885954218 0.5456
-7.18458045534434 0.5457
-7.18452783467076 0.5458
-7.18449459919424 0.5459
-7.18448020316334 0.546
-7.18446932336912 0.5461
-7.18447500886338 0.5462
-7.18450511537068 0.5463
-7.18454352916697 0.5464
-7.18458124366587 0.5465
-7.18463397985291 0.5466
-7.18469948126086 0.5467
-7.18479198891243 0.5468
-7.18490390227224 0.5469
-7.18505018442263 0.547
-7.18523485263704 0.5471
-7.18542887079652 0.5472
-7.1856292808417 0.5473
-7.18580612053986 0.5474
-7.18597460510301 0.5475
-7.18614286825343 0.5476
-7.1862942943017 0.5477
-7.1864381518128 0.5478
-7.18655707453326 0.5479
-7.18667753515912 0.548
-7.18679976866714 0.5481
-7.18688971485995 0.5482
-7.18694876324771 0.5483
-7.1869711282007 0.5484
-7.18697442569842 0.5485
-7.1869615895599 0.5486
-7.18693123513906 0.5487
-7.1868807491342 0.5488
-7.18680410400546 0.5489
-7.18670856720919 0.549
-7.18662412972651 0.5491
-7.18652419512975 0.5492
-7.18641443959062 0.5493
-7.18630284392453 0.5494
-7.18618839266301 0.5495
-7.18607949952346 0.5496
-7.1859661369332 0.5497
-7.18588358660369 0.5498
-7.18583290839265 0.5499
-7.18578984213144 0.55
-7.18578520295881 0.5501
-7.18580398438063 0.5502
-7.18586437293959 0.5503
-7.18595062479185 0.5504
-7.18603289415166 0.5505
-7.18611330260629 0.5506
-7.18618404325035 0.5507
-7.18624265141068 0.5508
-7.18629315964954 0.5509
-7.18632557862294 0.551
-7.18637615370888 0.5511
-7.18642362154249 0.5512
-7.18647406306538 0.5513
-7.18652231664438 0.5514
-7.18656128465268 0.5515
-7.18658651849175 0.5516
-7.18659196385483 0.5517
-7.18659817069577 0.5518
-7.18660381219435 0.5519
-7.18659388598329 0.552
-7.1865706759902 0.5521
-7.18653872920004 0.5522
-7.18652398903708 0.5523
-7.18650734050756 0.5524
-7.18648974888716 0.5525
-7.18647492770525 0.5526
-7.18647232498317 0.5527
-7.18647195676849 0.5528
-7.1864800189842 0.5529
-7.18647455915125 0.553
-7.18644233004297 0.5531
-7.18643011327673 0.5532
-7.18641627908939 0.5533
-7.1864172859836 0.5534
-7.18643315093001 0.5535
-7.18643581553964 0.5536
-7.18642256954377 0.5537
-7.18640214446485 0.5538
-7.18637533428965 0.5539
-7.18634960558085 0.554
-7.18630773457493 0.5541
-7.18625411304599 0.5542
-7.18619666811244 0.5543
-7.18614638018813 0.5544
-7.18609785678167 0.5545
-7.18605818284117 0.5546
-7.18602174676642 0.5547
-7.18599913821714 0.5548
-7.18597510145261 0.5549
-7.18594823133576 0.555
-7.1859331628262 0.5551
-7.18591340072207 0.5552
-7.18589402979461 0.5553
-7.18586239371091 0.5554
-7.18585773643482 0.5555
-7.18588321844592 0.5556
-7.18591847093405 0.5557
-7.18595146689377 0.5558
-7.18600899673161 0.5559
-7.18608273284842 0.556
-7.18615670312719 0.5561
-7.1862591548826 0.5562
-7.18637738473403 0.5563
-7.18648201574031 0.5564
-7.18656801150547 0.5565
-7.18665322404361 0.5566
-7.1867602307475 0.5567
-7.1868645295279 0.5568
-7.18696158929924 0.5569
-7.18705809971383 0.557
-7.18713921378001 0.5571
-7.18720552696428 0.5572
-7.18724613767144 0.5573
-7.18728688294917 0.5574
-7.18729291675676 0.5575
-7.18727538406819 0.5576
-7.18722544263209 0.5577
-7.18713363419811 0.5578
-7.18700440519981 0.5579
-7.18686182099432 0.558
-7.18670920031905 0.5581
-7.18654572250875 0.5582
-7.18635921327607 0.5583
-7.18615343088865 0.5584
-7.1859361926687 0.5585
-7.18571621325525 0.5586
-7.18549304386767 0.5587
-7.18528649726907 0.5588
-7.1850872799446 0.5589
-7.18489230921906 0.559
-7.18469963887515 0.5591
-7.18452110125644 0.5592
-7.1843456737532 0.5593
-7.18416353232158 0.5594
-7.18400759875315 0.5595
-7.1838536502655 0.5596
-7.18373162529987 0.5597
-7.18364053621263 0.5598
-7.18359352295469 0.5599
-7.18356814870494 0.56
-7.18355728650587 0.5601
-7.18354692058525 0.5602
-7.18357418050256 0.5603
-7.18363060459544 0.5604
-7.18369568506707 0.5605
-7.18377466159552 0.5606
-7.18386156535111 0.5607
-7.18394661751076 0.5608
-7.18403980152009 0.5609
-7.1841335984272 0.561
-7.18422269126001 0.5611
-7.18432402047377 0.5612
-7.18443359053045 0.5613
-7.18454093060274 0.5614
-7.18463511653337 0.5615
-7.18472689864642 0.5616
-7.18481116575796 0.5617
-7.18487571467504 0.5618
-7.18493036851795 0.5619
-7.18496724892577 0.562
-7.1849876246875 0.5621
-7.18498907956037 0.5622
-7.18500252685514 0.5623
-7.18500144538268 0.5624
-7.18497862254709 0.5625
-7.18495243836026 0.5626
-7.1848907322616 0.5627
-7.18482410174616 0.5628
-7.18475871888349 0.5629
-7.18466943685065 0.563
-7.18457979125285 0.5631
-7.18447345584396 0.5632
-7.18435107873568 0.5633
-7.18424743715425 0.5634
-7.18417442024709 0.5635
-7.18409548521012 0.5636
-7.18401736405414 0.5637
-7.18395672062548 0.5638
-7.18392043138035 0.5639
-7.18388552622633 0.564
-7.18387356676856 0.5641
-7.18388361807878 0.5642
-7.18391425349357 0.5643
-7.18394232996071 0.5644
-7.18401253061687 0.5645
-7.18409709918915 0.5646
-7.18417526655552 0.5647
-7.18424074529259 0.5648
-7.18430952347548 0.5649
-7.18437821258508 0.565
-7.18444946552437 0.5651
-7.18450049754211 0.5652
-7.18453236649535 0.5653
-7.18455067216373 0.5654
-7.18454682654406 0.5655
-7.18455659780721 0.5656
-7.18457224528072 0.5657
-7.18460840236432 0.5658
-7.18466510779755 0.5659
-7.18472501260464 0.566
-7.18477303944315 0.5661
-7.18481864670863 0.5662
-7.18485678162347 0.5663
-7.18490267603019 0.5664
-7.18494188599102 0.5665
-7.18499020199024 0.5666
-7.185032349411 0.5667
-7.18506554749065 0.5668
-7.1850964298509 0.5669
-7.18512046172402 0.567
-7.18516736883146 0.5671
-7.1851967987787 0.5672
-7.18521921041495 0.5673
-7.18524431715374 0.5674
-7.18526261313874 0.5675
-7.18529172637881 0.5676
-7.18532330128024 0.5677
-7.18535053380513 0.5678
-7.18540168464532 0.5679
-7.18543039212151 0.568
-7.18545711935175 0.5681
-7.18545853912118 0.5682
-7.18547136195805 0.5683
-7.18548243038651 0.5684
-7.18549225723851 0.5685
-7.18549082703829 0.5686
-7.18547420855572 0.5687
-7.18543788464636 0.5688
-7.18539699428195 0.5689
-7.185363838291 0.569
-7.18530744733869 0.5691
-7.18525025463507 0.5692
-7.18519162427716 0.5693
-7.18513683404946 0.5694
-7.185073301389 0.5695
-7.18500618213147 0.5696
-7.18492523825588 0.5697
-7.18485252483346 0.5698
-7.18476269298486 0.5699
-7.18465229426437 0.57
-7.18456122144287 0.5701
-7.18445609597964 0.5702
-7.18436290427376 0.5703
-7.18425999762286 0.5704
-7.1841746268307 0.5705
-7.18409877387657 0.5706
-7.18404298135792 0.5707
-7.18399503131381 0.5708
-7.18395563891314 0.5709
-7.18391293220456 0.571
-7.18385898527317 0.5711
-7.18380794961824 0.5712
-7.18374275286529 0.5713
-7.1836768271869 0.5714
-7.18361871380236 0.5715
-7.18356854587071 0.5716
-7.1835249959241 0.5717
-7.18348231252299 0.5718
-7.18342346458143 0.5719
-7.18337912365602 0.572
-7.18333784362728 0.5721
-7.18330071698043 0.5722
-7.18326724450494 0.5723
-7.18322288248666 0.5724
-7.1831635303213 0.5725
-7.18310100303947 0.5726
-7.18304088666634 0.5727
-7.18298570416151 0.5728
-7.1829386710688 0.5729
-7.18289296940756 0.573
-7.18284689206335 0.5731
-7.18280443962979 0.5732
-7.18276508988699 0.5733
-7.18272898638608 0.5734
-7.18268939095425 0.5735
-7.18265815658714 0.5736
-7.182637649715 0.5737
-7.18261047289604 0.5738
-7.18259503880524 0.5739
-7.18258750618426 0.574
-7.18259575240002 0.5741
-7.18258735204677 0.5742
-7.18259377188351 0.5743
-7.18261583274753 0.5744
-7.18263435923949 0.5745
-7.18266591796126 0.5746
-7.18269722703454 0.5747
-7.18274365309648 0.5748
-7.18279380176866 0.5749
-7.1828587543418 0.575
-7.18293392145724 0.5751
-7.18299807658024 0.5752
-7.18306328885752 0.5753
-7.18310617561042 0.5754
-7.18314738833843 0.5755
-7.18317648657696 0.5756
-7.18320099755051 0.5757
-7.18323309202631 0.5758
-7.18324976360131 0.5759
-7.18325696216981 0.576
-7.18327268232586 0.5761
-7.1832875545666 0.5762
-7.18328736221731 0.5763
-7.18328614504914 0.5764
-7.18327669867201 0.5765
-7.18324742178141 0.5766
-7.18321277010118 0.5767
-7.18319231633857 0.5768
-7.18316452076268 0.5769
-7.18315127800141 0.577
-7.18314424758423 0.5771
-7.1831514828329 0.5772
-7.18316545170188 0.5773
-7.18318480779644 0.5774
-7.18321309856892 0.5775
-7.18326996794113 0.5776
-7.18332430226845 0.5777
-7.18337329856768 0.5778
-7.18341247121576 0.5779
-7.18343577247554 0.578
-7.18343829959936 0.5781
-7.18339787002472 0.5782
-7.1833327933342 0.5783
-7.18324287316988 0.5784
-7.18313008451945 0.5785
-7.18298769227644 0.5786
-7.1828316521127 0.5787
-7.18267005014104 0.5788
-7.18250761427145 0.5789
-7.18234896871419 0.579
-7.1821966806329 0.5791
-7.18204175208101 0.5792
-7.18189168455048 0.5793
-7.18177943846122 0.5794
-7.18166172921298 0.5795
-7.18155745423874 0.5796
-7.18149505377509 0.5797
-7.18145429309407 0.5798
-7.18142024057584 0.5799
-7.18139202178806 0.58
-7.18139714003185 0.5801
-7.18142371285073 0.5802
-7.1814911898599 0.5803
-7.18156985115664 0.5804
-7.18166491775989 0.5805
-7.18174217298405 0.5806
-7.18182018370622 0.5807
-7.18190254714613 0.5808
-7.18199547219719 0.5809
-7.18209306215837 0.581
-7.18219590630636 0.5811
-7.18230280086104 0.5812
-7.18239720724468 0.5813
-7.18248474719911 0.5814
-7.18259060365966 0.5815
-7.18269047324385 0.5816
-7.18278555374825 0.5817
-7.18287707821107 0.5818
-7.18296254124934 0.5819
-7.18302723381046 0.582
-7.18308434072065 0.5821
-7.18312169372308 0.5822
-7.18313831543429 0.5823
-7.18314552258871 0.5824
-7.18316471954075 0.5825
-7.18317848180513 0.5826
-7.18320874799236 0.5827
-7.18321990172942 0.5828
-7.18322496861798 0.5829
-7.18321330173655 0.583
-7.18318036658225 0.5831
-7.18313656002737 0.5832
-7.18309242976059 0.5833
-7.18302734134948 0.5834
-7.18296646942705 0.5835
-7.18286979004303 0.5836
-7.18277344403887 0.5837
-7.18268950068676 0.5838
-7.1826204089868 0.5839
-7.18255409951664 0.584
-7.18249967351304 0.5841
-7.18246824920618 0.5842
-7.18245406193128 0.5843
-7.18245322849959 0.5844
-7.18248005315634 0.5845
-7.18253482279945 0.5846
-7.18260433030771 0.5847
-7.18273012259283 0.5848
-7.18288709290014 0.5849
-7.18305400029972 0.585
-7.18323724611567 0.5851
-7.18343572102679 0.5852
-7.18365295392297 0.5853
-7.18387460391607 0.5854
-7.18407848615557 0.5855
-7.18427295307412 0.5856
-7.18447413227752 0.5857
-7.18465568749928 0.5858
-7.18481895123599 0.5859
-7.18495200267904 0.586
-7.1850712831088 0.5861
-7.18514896877541 0.5862
-7.1851624811529 0.5863
-7.18512587349856 0.5864
-7.18506036176525 0.5865
-7.18497389974807 0.5866
-7.1848749292907 0.5867
-7.18476268462565 0.5868
-7.18462071882173 0.5869
-7.18445903241431 0.587
-7.18427420513572 0.5871
-7.18406380940323 0.5872
-7.18386593759593 0.5873
-7.18366858890799 0.5874
-7.18346253733294 0.5875
-7.18329451966022 0.5876
-7.18311672129694 0.5877
-7.18296078108042 0.5878
-7.18283087474029 0.5879
-7.18271570481672 0.588
-7.18262432020556 0.5881
-7.1825372169267 0.5882
-7.18247524649519 0.5883
-7.18242534767716 0.5884
-7.18238517339707 0.5885
-7.18237746215702 0.5886
-7.18238359104215 0.5887
-7.18240265958447 0.5888
-7.1824173696526 0.5889
-7.18242452729384 0.589
-7.18244647250021 0.5891
-7.18246300528693 0.5892
-7.1824561951892 0.5893
-7.18246273659014 0.5894
-7.18245977858142 0.5895
-7.18244986520781 0.5896
-7.18243368735444 0.5897
-7.18241516681821 0.5898
-7.18240831439547 0.5899
-7.18239825912426 0.59
-7.18238185814895 0.5901
-7.18237774004922 0.5902
-7.18239668084019 0.5903
-7.18241037416049 0.5904
-7.18244056933702 0.5905
-7.18245970763674 0.5906
-7.1824805040917 0.5907
-7.18249115553484 0.5908
-7.18249235086217 0.5909
-7.18250969880845 0.591
-7.18253316206929 0.5911
-7.18255334802736 0.5912
-7.18254359709543 0.5913
-7.18252360301166 0.5914
-7.18248689522868 0.5915
-7.18244807438336 0.5916
-7.18239882239229 0.5917
-7.18235969376897 0.5918
-7.18230132581024 0.5919
-7.18225931190882 0.592
-7.18223394189408 0.5921
-7.18221072749189 0.5922
-7.18216926411271 0.5923
-7.1821387756759 0.5924
-7.18215149424249 0.5925
-7.18218219133077 0.5926
-7.18223404036457 0.5927
-7.18230981614911 0.5928
-7.18238250987005 0.5929
-7.18245304544052 0.593
-7.18253146106253 0.5931
-7.18258756035881 0.5932
-7.18264701387365 0.5933
-7.18269899426857 0.5934
-7.18273130213449 0.5935
-7.18274261583558 0.5936
-7.18274517385143 0.5937
-7.18271790080095 0.5938
-7.18267977936374 0.5939
-7.18262113977359 0.594
-7.18253349903561 0.5941
-7.18243373133019 0.5942
-7.1823176936837 0.5943
-7.18219238738926 0.5944
-7.18204504868469 0.5945
-7.18192263393628 0.5946
-7.18180333890061 0.5947
-7.18167802437612 0.5948
-7.18155439272279 0.5949
-7.18144505265296 0.595
-7.18134921625971 0.5951
-7.1812574229497 0.5952
-7.18118013584204 0.5953
-7.18111739112464 0.5954
-7.18106745966007 0.5955
-7.18103989482842 0.5956
-7.18103576253117 0.5957
-7.18103703215847 0.5958
-7.18103918631079 0.5959
-7.1810301558654 0.596
-7.18102023659122 0.5961
-7.18100691134024 0.5962
-7.18098668644152 0.5963
-7.1809689482786 0.5964
-7.18092117747059 0.5965
-7.18087984857033 0.5966
-7.18081125162207 0.5967
-7.18074352756766 0.5968
-7.18065841385832 0.5969
-7.18056172148893 0.597
-7.18044947401784 0.5971
-7.18034157813946 0.5972
-7.18024757535156 0.5973
-7.18014850302652 0.5974
-7.18004108676196 0.5975
-7.17992559899065 0.5976
-7.17980569844382 0.5977
-7.17969867226156 0.5978
-7.17961117524031 0.5979
-7.17954619835326 0.598
-7.17951619874181 0.5981
-7.1795063494978 0.5982
-7.17951707190723 0.5983
-7.1795636251447 0.5984
-7.17964192299993 0.5985
-7.17973387206109 0.5986
-7.17980776186467 0.5987
-7.17988351406402 0.5988
-7.17993845916925 0.5989
-7.17998985607726 0.599
-7.1800402612251 0.5991
-7.18006692908757 0.5992
-7.18005765883968 0.5993
-7.18005380819861 0.5994
-7.18001479198731 0.5995
-7.17995591250777 0.5996
-7.1798622626785 0.5997
-7.17973717151034 0.5998
-7.17957707377526 0.5999
-7.1794159467998 0.6
-7.17924194358904 0.6001
-7.17905592347812 0.6002
-7.17887530643794 0.6003
-7.17869723802567 0.6004
-7.17852559718832 0.6005
-7.1783515749761 0.6006
-7.17820438423545 0.6007
-7.17807964801442 0.6008
-7.17797819811714 0.6009
-7.17789435605232 0.601
-7.17784011023568 0.6011
-7.1778139599262 0.6012
-7.17781465590911 0.6013
-7.17782739900247 0.6014
-7.17785909890797 0.6015
-7.17789556303489 0.6016
-7.1779751665972 0.6017
-7.17808664259193 0.6018
-7.17820920082507 0.6019
-7.17837206847831 0.602
-7.17853803745185 0.6021
-7.17872581694473 0.6022
-7.1789319352633 0.6023
-7.17912773397782 0.6024
-7.17931908057599 0.6025
-7.17951192721142 0.6026
-7.17970457585957 0.6027
-7.1798641959779 0.6028
-7.17998683822417 0.6029
-7.18011994644623 0.603
-7.18023901205076 0.6031
-7.18035195417082 0.6032
-7.18045554185115 0.6033
-7.18055417674191 0.6034
-7.18065491425961 0.6035
-7.18074990045082 0.6036
-7.18086118494015 0.6037
-7.18098236090639 0.6038
-7.18110672569966 0.6039
-7.18121446313404 0.604
-7.18130559343391 0.6041
-7.18137266419494 0.6042
-7.18142598821422 0.6043
-7.18148236430635 0.6044
-7.18153946943458 0.6045
-7.1815865434446 0.6046
-7.18162739526655 0.6047
-7.18165364975591 0.6048
-7.18170570477949 0.6049
-7.1817524643187 0.605
-7.18178034692699 0.6051
-7.18180149546259 0.6052
-7.18183534965517 0.6053
-7.1818824418158 0.6054
-7.18191660645852 0.6055
-7.18194459903708 0.6056
-7.18196485149263 0.6057
-7.18197549425397 0.6058
-7.18197479916052 0.6059
-7.18196415247767 0.606
-7.1819314147843 0.6061
-7.1818835430421 0.6062
-7.18181994724477 0.6063
-7.18175420789374 0.6064
-7.18168060034436 0.6065
-7.18158306941973 0.6066
-7.1814845415707 0.6067
-7.18138649181295 0.6068
-7.18130777853511 0.6069
-7.18125698430112 0.607
-7.18119782422147 0.6071
-7.18113490462173 0.6072
-7.18107526911304 0.6073
-7.18103067517457 0.6074
-7.18101332342671 0.6075
-7.18100322762931 0.6076
-7.18099489397826 0.6077
-7.18100277707998 0.6078
-7.18098254835767 0.6079
-7.18095904322078 0.608
-7.18093488316461 0.6081
-7.18090066918458 0.6082
-7.18087749450197 0.6083
-7.18086492144169 0.6084
-7.18084553598231 0.6085
-7.18081951221476 0.6086
-7.18079961194979 0.6087
-7.18077687865502 0.6088
-7.18076922415424 0.6089
-7.18076076162719 0.609
-7.18074607419538 0.6091
-7.1807436362122 0.6092
-7.1807233338255 0.6093
-7.18070773108936 0.6094
-7.18068630501643 0.6095
-7.18063849822394 0.6096
-7.18058416630558 0.6097
-7.18052637036615 0.6098
-7.1804722578921 0.6099
-7.18041987034279 0.61
-7.18037013002106 0.6101
-7.18032317039643 0.6102
-7.18027798612493 0.6103
-7.18022568207601 0.6104
-7.18017853248963 0.6105
-7.18015894922404 0.6106
-7.18013492372965 0.6107
-7.18013400610076 0.6108
-7.18014994330259 0.6109
-7.18019370976877 0.611
-7.18026572239582 0.6111
-7.18034101598366 0.6112
-7.18042187447663 0.6113
-7.18050432917885 0.6114
-7.18060605027093 0.6115
-7.18070450127903 0.6116
-7.18078560242253 0.6117
-7.18085040301823 0.6118
-7.18090285634707 0.6119
-7.18095122689937 0.612
-7.1809930349811 0.6121
-7.18103509825321 0.6122
-7.18104756429565 0.6123
-7.18104924682277 0.6124
-7.18103914890768 0.6125
-7.181028055176 0.6126
-7.18100399873904 0.6127
-7.18096909698877 0.6128
-7.18091819705677 0.6129
-7.18085030644484 0.613
-7.18077597192676 0.6131
-7.18069628452474 0.6132
-7.18059826677099 0.6133
-7.18052182683779 0.6134
-7.18045771746044 0.6135
-7.18041239976643 0.6136
-7.18038360799361 0.6137
-7.1803706806645 0.6138
-7.18036249523467 0.6139
-7.18035414556322 0.614
-7.18035099783571 0.6141
-7.18034591914762 0.6142
-7.18034353314242 0.6143
-7.1803306306211 0.6144
-7.1802911323425 0.6145
-7.18023806302441 0.6146
-7.18017674563239 0.6147
-7.18010053173074 0.6148
-7.17999353933507 0.6149
-7.17987461622596 0.615
-7.17974822729994 0.6151
-7.17960846401925 0.6152
-7.17946655112645 0.6153
-7.17934573594939 0.6154
-7.17922193556362 0.6155
-7.17912521689238 0.6156
-7.17904821096292 0.6157
-7.1789684694111 0.6158
-7.17889017173211 0.6159
-7.17883989957404 0.616
-7.17879123578739 0.6161
-7.178743437302 0.6162
-7.17870880519485 0.6163
-7.17867846279104 0.6164
-7.17865867654418 0.6165
-7.17864645340121 0.6166
-7.17864706069177 0.6167
-7.17863576019888 0.6168
-7.17863842594475 0.6169
-7.17862219458702 0.617
-7.17863447436625 0.6171
-7.17866354379291 0.6172
-7.17868426433007 0.6173
-7.17869459775525 0.6174
-7.17869228786379 0.6175
-7.17868323796601 0.6176
-7.17865531322263 0.6177
-7.17861536739295 0.6178
-7.17857274296928 0.6179
-7.17853562190497 0.618
-7.17847026538532 0.6181
-7.17840594528984 0.6182
-7.17833921006662 0.6183
-7.1782632538497 0.6184
-7.17821128678576 0.6185
-7.17815391469155 0.6186
-7.17811507513966 0.6187
-7.17808495349795 0.6188
-7.17804741560217 0.6189
-7.17800816464634 0.619
-7.17798437695987 0.6191
-7.17796827219335 0.6192
-7.17795284336409 0.6193
-7.17794114449052 0.6194
-7.17795277397517 0.6195
-7.1779686240936 0.6196
-7.17799640128345 0.6197
-7.178031165506 0.6198
-7.17808423555472 0.6199
-7.17813433587345 0.62
-7.17817643228289 0.6201
-7.17819736359336 0.6202
-7.17822287345903 0.6203
-7.17825786482053 0.6204
-7.17829050130617 0.6205
-7.1783175858856 0.6206
-7.17832429303909 0.6207
-7.17830338370985 0.6208
-7.1782783128006 0.6209
-7.17823384722439 0.621
-7.17817122974939 0.6211
-7.17810014729088 0.6212
-7.17804699504171 0.6213
-7.17798449853626 0.6214
-7.17789869671418 0.6215
-7.17781597595274 0.6216
-7.17772772222484 0.6217
-7.17762546977065 0.6218
-7.17752173890208 0.6219
-7.17743357621498 0.622
-7.17734770518313 0.6221
-7.17723204435326 0.6222
-7.17712038531697 0.6223
-7.17700855393806 0.6224
-7.17689562417372 0.6225
-7.17678599219338 0.6226
-7.17666021399653 0.6227
-7.17654087206503 0.6228
-7.17641417648048 0.6229
-7.17628434808674 0.623
-7.17617300774933 0.6231
-7.17606028734601 0.6232
-7.17593806243536 0.6233
-7.175811202607 0.6234
-7.17568257365057 0.6235
-7.17553410589313 0.6236
-7.17541462730862 0.6237
-7.17529550971344 0.6238
-7.17519097111908 0.6239
-7.17510438325511 0.624
-7.17503891366148 0.6241
-7.17499508944322 0.6242
-7.17498565621036 0.6243
-7.17500268679141 0.6244
-7.17503542194668 0.6245
-7.17507730042222 0.6246
-7.17511431986148 0.6247
-7.17515442960785 0.6248
-7.17516986182297 0.6249
-7.17518120682885 0.625
-7.17519057551462 0.6251
-7.1752265027833 0.6252
-7.17528851537348 0.6253
-7.17532384881939 0.6254
-7.17536277134364 0.6255
-7.17538171772391 0.6256
-7.17539905640575 0.6257
-7.17539674180128 0.6258
-7.17538305306583 0.6259
-7.17539010685366 0.626
-7.17541206063662 0.6261
-7.17542300789419 0.6262
-7.1754221856265 0.6263
-7.17541698240192 0.6264
-7.17540944242549 0.6265
-7.17538676549339 0.6266
-7.17534678759073 0.6267
-7.17529849583262 0.6268
-7.1752512710903 0.6269
-7.17520512875151 0.627
-7.17517819014384 0.6271
-7.17514938920505 0.6272
-7.17511089149715 0.6273
-7.17508193288047 0.6274
-7.17507446899448 0.6275
-7.17507545546726 0.6276
-7.1750888713728 0.6277
-7.175101318649 0.6278
-7.17514142842616 0.6279
-7.17517497081873 0.628
-7.17523036157911 0.6281
-7.17528748812126 0.6282
-7.17534428858171 0.6283
-7.17541472673257 0.6284
-7.17549846744304 0.6285
-7.17558204569611 0.6286
-7.17566921730014 0.6287
-7.17575116123356 0.6288
-7.17582669615388 0.6289
-7.17589929722836 0.629
-7.17595256882764 0.6291
-7.17597500701606 0.6292
-7.17598763967375 0.6293
-7.17598382144208 0.6294
-7.17593595204503 0.6295
-7.17586985494643 0.6296
-7.17582087810647 0.6297
-7.17575787205253 0.6298
-7.17570082694515 0.6299
-7.17565035242461 0.63
-7.17559904631343 0.6301
-7.17554941623897 0.6302
-7.17550513785695 0.6303
-7.17548009139276 0.6304
-7.1754791177334 0.6305
-7.17549199590464 0.6306
-7.1755101934557 0.6307
-7.17551735766864 0.6308
-7.17554591326549 0.6309
-7.17561566677915 0.631
-7.17569454868867 0.6311
-7.17575904792383 0.6312
-7.175826383527 0.6313
-7.17593493347451 0.6314
-7.1760429484274 0.6315
-7.17615830867475 0.6316
-7.17625361367119 0.6317
-7.17633728606423 0.6318
-7.17641074753771 0.6319
-7.17645792011861 0.632
-7.17649642699807 0.6321
-7.1765383719111 0.6322
-7.17655926737993 0.6323
-7.17657496302493 0.6324
-7.17657829258935 0.6325
-7.17656931646825 0.6326
-7.17654510246564 0.6327
-7.17651183035402 0.6328
-7.17646035308947 0.6329
-7.17640329727671 0.633
-7.17632477478364 0.6331
-7.17623521041689 0.6332
-7.17611653515606 0.6333
-7.17598822832479 0.6334
-7.1758350437857 0.6335
-7.17567484847939 0.6336
-7.17550341859796 0.6337
-7.17533616188639 0.6338
-7.17517795411395 0.6339
-7.17502135716333 0.634
-7.17486698653787 0.6341
-7.17471604839777 0.6342
-7.17458470539254 0.6343
-7.17445187905186 0.6344
-7.17431542818054 0.6345
-7.17417969945716 0.6346
-7.17405718411358 0.6347
-7.17393017256931 0.6348
-7.17380071741532 0.6349
-7.1737012515336 0.635
-7.17360614733802 0.6351
-7.17352332105905 0.6352
-7.17344532704242 0.6353
-7.17339359008842 0.6354
-7.17335230876647 0.6355
-7.17334261738213 0.6356
-7.17335866237639 0.6357
-7.17340077924583 0.6358
-7.17344641729928 0.6359
-7.17350610196209 0.636
-7.1735792232831 0.6361
-7.17367645119822 0.6362
-7.17379311368851 0.6363
-7.1739189222153 0.6364
-7.17406096750944 0.6365
-7.17421697868271 0.6366
-7.17438309201196 0.6367
-7.17454980338677 0.6368
-7.17473121151967 0.6369
-7.17490729375552 0.637
-7.17508049328191 0.6371
-7.17526322414077 0.6372
-7.17544054614803 0.6373
-7.17560716557466 0.6374
-7.17576517379583 0.6375
-7.17590456332655 0.6376
-7.17601275570353 0.6377
-7.17608774792269 0.6378
-7.17612115395202 0.6379
-7.1761346117793 0.638
-7.17613774393134 0.6381
-7.17612890902702 0.6382
-7.17610295795557 0.6383
-7.1760584151412 0.6384
-7.17600213820284 0.6385
-7.17594956370186 0.6386
-7.17589460437267 0.6387
-7.17583693946566 0.6388
-7.17578320182122 0.6389
-7.17573621870284 0.639
-7.17569949517365 0.6391
-7.1756481491558 0.6392
-7.17560252406524 0.6393
-7.17557822145587 0.6394
-7.17556671106971 0.6395
-7.17558584146411 0.6396
-7.17563543052399 0.6397
-7.1756645481348 0.6398
-7.17571024378417 0.6399
-7.1757384058114 0.64
-7.17579323293596 0.6401
-7.17588422058807 0.6402
-7.17598017964145 0.6403
-7.17607848214437 0.6404
-7.17616698714312 0.6405
-7.17626458250314 0.6406
-7.17635079006446 0.6407
-7.17643051138612 0.6408
-7.17648243957362 0.6409
-7.17651280540337 0.641
-7.17655596246805 0.6411
-7.17658003801413 0.6412
-7.17660840043959 0.6413
-7.1766323478606 0.6414
-7.17664212197969 0.6415
-7.1766406475526 0.6416
-7.17663062017933 0.6417
-7.17661970905492 0.6418
-7.17661541321134 0.6419
-7.17659735352492 0.642
-7.17657560517963 0.6421
-7.17654410908562 0.6422
-7.17650578615986 0.6423
-7.17646290278077 0.6424
-7.17640784950699 0.6425
-7.17634294837465 0.6426
-7.17628161790493 0.6427
-7.17622547052257 0.6428
-7.17616849293737 0.6429
-7.17611552002234 0.643
-7.1760735445539 0.6431
-7.17604791908163 0.6432
-7.17604335765526 0.6433
-7.17605321552419 0.6434
-7.17607367340377 0.6435
-7.17607808479427 0.6436
-7.17607098026283 0.6437
-7.17608835232516 0.6438
-7.17611830796022 0.6439
-7.17613258267075 0.644
-7.17614272287657 0.6441
-7.17615614742019 0.6442
-7.17617997650799 0.6443
-7.17619920976554 0.6444
-7.17620692851023 0.6445
-7.17618798926406 0.6446
-7.17616259708369 0.6447
-7.17612466844839 0.6448
-7.17608695015442 0.6449
-7.17603947139297 0.645
-7.17596996988745 0.6451
-7.175897292639 0.6452
-7.17582178317675 0.6453
-7.17573863319666 0.6454
-7.1756440940916 0.6455
-7.17556180715807 0.6456
-7.17547742011098 0.6457
-7.17540101297068 0.6458
-7.17531454488917 0.6459
-7.17525944798663 0.646
-7.17521389757608 0.6461
-7.17517948939137 0.6462
-7.17516026872345 0.6463
-7.17517324349285 0.6464
-7.17520111182845 0.6465
-7.17525123589335 0.6466
-7.17528416005803 0.6467
-7.17534375070348 0.6468
-7.1753875736939 0.6469
-7.17542011032085 0.647
-7.17547122660766 0.6471
-7.17553476705079 0.6472
-7.17560421830997 0.6473
-7.17567512066339 0.6474
-7.17575192234443 0.6475
-7.17582482752693 0.6476
-7.17587444327699 0.6477
-7.17593016941836 0.6478
-7.17598920258282 0.6479
-7.17604781851643 0.648
-7.17608613594136 0.6481
-7.17612171884731 0.6482
-7.17612963066608 0.6483
-7.17613018975444 0.6484
-7.17612312127485 0.6485
-7.17610797592423 0.6486
-7.17607377954236 0.6487
-7.17602344928283 0.6488
-7.17594206602333 0.6489
-7.1758520043187 0.649
-7.17573098334796 0.6491
-7.17558659585399 0.6492
-7.1754545620925 0.6493
-7.17529959730225 0.6494
-7.175143990259 0.6495
-7.17497003321813 0.6496
-7.1747954718471 0.6497
-7.174627143445 0.6498
-7.1744788880065 0.6499
-7.17435163861261 0.65
-7.17423526743565 0.6501
-7.17412823052669 0.6502
-7.17404999795242 0.6503
-7.17400033949542 0.6504
-7.17398820267416 0.6505
-7.17399298528385 0.6506
-7.17402382162871 0.6507
-7.17409820363816 0.6508
-7.17422242049727 0.6509
-7.17436370092494 0.651
-7.1745054234819 0.6511
-7.17464938928584 0.6512
-7.17477838731493 0.6513
-7.17489670170369 0.6514
-7.17502211227728 0.6515
-7.17515314491983 0.6516
-7.17527314674154 0.6517
-7.17538361680824 0.6518
-7.17547020220817 0.6519
-7.17554017980366 0.652
-7.17561241794324 0.6521
-7.17568202426173 0.6522
-7.17571576893576 0.6523
-7.17574189554815 0.6524
-7.17575782442797 0.6525
-7.17577642988668 0.6526
-7.17579773599907 0.6527
-7.17580631622238 0.6528
-7.17581157917481 0.6529
-7.17583234753472 0.653
-7.17584908805375 0.6531
-7.17583288831567 0.6532
-7.17581484649714 0.6533
-7.1758073585111 0.6534
-7.17578132644224 0.6535
-7.17576557929148 0.6536
-7.17574539273304 0.6537
-7.17572513801918 0.6538
-7.17571672983504 0.6539
-7.17572280371269 0.654
-7.17574511371208 0.6541
-7.17578215557197 0.6542
-7.17582995401305 0.6543
-7.17587534216319 0.6544
-7.17591030452874 0.6545
-7.17595435977906 0.6546
-7.17597796589554 0.6547
-7.17600022090007 0.6548
-7.17603338108027 0.6549
-7.17604434083092 0.655
-7.17605451806786 0.6551
-7.17604066909966 0.6552
-7.17602908938485 0.6553
-7.17602218155347 0.6554
-7.17600981015915 0.6555
-7.17598119364693 0.6556
-7.17594666423716 0.6557
-7.17590878317428 0.6558
-7.1758733946544 0.6559
-7.17584338268529 0.656
-7.17580461045879 0.6561
-7.17576142358246 0.6562
-7.17573082330871 0.6563
-7.17567835265164 0.6564
-7.17560068181239 0.6565
-7.17551581795485 0.6566
-7.1754112291973 0.6567
-7.1753261589387 0.6568
-7.17521281924879 0.6569
-7.17511640515339 0.657
-7.1750418255156 0.6571
-7.17498391806624 0.6572
-7.17491632271608 0.6573
-7.17485521679372 0.6574
-7.17476999331562 0.6575
-7.17469435935401 0.6576
-7.17463233605806 0.6577
-7.17456379765362 0.6578
-7.17449277213907 0.6579
-7.17441015509256 0.658
-7.1743281589292 0.6581
-7.174252636124 0.6582
-7.17417314815829 0.6583
-7.174093425168 0.6584
-7.17401403930352 0.6585
-7.1739475274331 0.6586
-7.17392257770225 0.6587
-7.17389717408523 0.6588
-7.17388181698377 0.6589
-7.17388819593315 0.659
-7.1739036136473 0.6591
-7.17393914230079 0.6592
-7.17395111280785 0.6593
-7.17395089863529 0.6594
-7.1739652509929 0.6595
-7.1739863118696 0.6596
-7.17398514250928 0.6597
-7.17394712272448 0.6598
-7.17390430565871 0.6599
-7.17385945763207 0.66
-7.17379421543024 0.6601
-7.17374002073017 0.6602
-7.17368703256327 0.6603
-7.17362948836136 0.6604
-7.17357561064456 0.6605
-7.17351908102518 0.6606
-7.17346066561808 0.6607
-7.17342610656863 0.6608
-7.17337934481382 0.6609
-7.17334786456623 0.661
-7.17335171851181 0.6611
-7.17335220901144 0.6612
-7.17334315018657 0.6613
-7.17333708265772 0.6614
-7.17333564447426 0.6615
-7.17333207953104 0.6616
-7.1733421186686 0.6617
-7.17335317011202 0.6618
-7.1733844463597 0.6619
-7.17340910448625 0.662
-7.17342212679675 0.6621
-7.17342491144058 0.6622
-7.1734366786804 0.6623
-7.17346096521024 0.6624
-7.17348910193417 0.6625
-7.17352737368254 0.6626
-7.17357246045277 0.6627
-7.17360779963374 0.6628
-7.17365323629988 0.6629
-7.17367966228592 0.663
-7.17368739378739 0.6631
-7.17370694549644 0.6632
-7.17373334305769 0.6633
-7.1737294896787 0.6634
-7.17371028407059 0.6635
-7.17368792448366 0.6636
-7.17364226251071 0.6637
-7.17360078421028 0.6638
-7.1735501946507 0.6639
-7.17349988629156 0.664
-7.17342954765673 0.6641
-7.17334535059585 0.6642
-7.17324370161701 0.6643
-7.17313374403963 0.6644
-7.17300703463999 0.6645
-7.17287110516439 0.6646
-7.17274401071741 0.6647
-7.17262840365941 0.6648
-7.17254197946395 0.6649
-7.17246780967183 0.665
-7.17241440532298 0.6651
-7.17237156599253 0.6652
-7.1723153823208 0.6653
-7.17228132605312 0.6654
-7.172251264623 0.6655
-7.17223853836512 0.6656
-7.17223056176636 0.6657
-7.17222201768408 0.6658
-7.17221417305824 0.6659
-7.17222327489229 0.666
-7.17222861835336 0.6661
-7.17221047642569 0.6662
-7.17218428137216 0.6663
-7.17215799417582 0.6664
-7.17213988676105 0.6665
-7.17210767998233 0.6666
-7.17208482733849 0.6667
-7.17206457563938 0.6668
-7.17203906739723 0.6669
-7.17201328391646 0.667
-7.17198285177391 0.6671
-7.17194897198314 0.6672
-7.17191946223746 0.6673
-7.1719020293025 0.6674
-7.17189321415919 0.6675
-7.17187860775026 0.6676
-7.17187436880936 0.6677
-7.17188566097319 0.6678
-7.17191615403686 0.6679
-7.17195012235614 0.668
-7.17199540747022 0.6681
-7.17203066956893 0.6682
-7.17208400018001 0.6683
-7.17216781306342 0.6684
-7.17229098912026 0.6685
-7.17242077888434 0.6686
-7.17255246315393 0.6687
-7.17268325667525 0.6688
-7.17281429442541 0.6689
-7.17292823828103 0.669
-7.17305782970353 0.6691
-7.17321294143485 0.6692
-7.17335208370497 0.6693
-7.17347861044935 0.6694
-7.17357893401047 0.6695
-7.17367956326593 0.6696
-7.17375934443163 0.6697
-7.17382362701758 0.6698
-7.17385788019142 0.6699
-7.17390352153324 0.67
-7.17393365032827 0.6701
-7.17398726417879 0.6702
-7.17404593123685 0.6703
-7.17409667653491 0.6704
-7.17412901925627 0.6705
-7.17414697272362 0.6706
-7.17416761095605 0.6707
-7.17418363641927 0.6708
-7.17417591209099 0.6709
-7.17414584808329 0.671
-7.1740866458178 0.6711
-7.17402060242794 0.6712
-7.17394375801007 0.6713
-7.17383770458686 0.6714
-7.17374836183954 0.6715
-7.17365991384438 0.6716
-7.17357055907168 0.6717
-7.17347881778841 0.6718
-7.17340438012996 0.6719
-7.17332168278621 0.672
-7.17326044235969 0.6721
-7.17319793198604 0.6722
-7.17310725625085 0.6723
-7.17300039933427 0.6724
-7.17289314975941 0.6725
-7.17277681491556 0.6726
-7.17264970277944 0.6727
-7.17250667728207 0.6728
-7.17237788152202 0.6729
-7.17224983969168 0.673
-7.17211129404129 0.6731
-7.17198014272143 0.6732
-7.17186869749458 0.6733
-7.17176531860298 0.6734
-7.17170433318508 0.6735
-7.17165364251385 0.6736
-7.17161814846713 0.6737
-7.17160235233227 0.6738
-7.17159542285867 0.6739
-7.17159265821582 0.674
-7.17159947279055 0.6741
-7.17160530083318 0.6742
-7.17161636177433 0.6743
-7.17162539105067 0.6744
-7.17164186495982 0.6745
-7.17167828090513 0.6746
-7.17173019992073 0.6747
-7.17178644137667 0.6748
-7.17183750797958 0.6749
-7.17189142442132 0.675
-7.17193078852388 0.6751
-7.17197082424957 0.6752
-7.17201867281826 0.6753
-7.17205575918029 0.6754
-7.17209465078062 0.6755
-7.17211304000606 0.6756
-7.17210642093557 0.6757
-7.17209861897899 0.6758
-7.17209285999507 0.6759
-7.17207837790425 0.676
-7.17206225714962 0.6761
-7.17204729429074 0.6762
-7.17202053456268 0.6763
-7.17197570547774 0.6764
-7.17191666111046 0.6765
-7.17185988307364 0.6766
-7.17180756214538 0.6767
-7.17175000246289 0.6768
-7.17167548472906 0.6769
-7.17160860305879 0.677
-7.17152844271187 0.6771
-7.17143017948603 0.6772
-7.17131642465976 0.6773
-7.17119610467711 0.6774
-7.17109047785433 0.6775
-7.17097895881019 0.6776
-7.17086184170205 0.6777
-7.1707376480375 0.6778
-7.17060000759916 0.6779
-7.17045530341776 0.678
-7.1703222629989 0.6781
-7.1702155356667 0.6782
-7.17014839838242 0.6783
-7.17009734083264 0.6784
-7.1700693537488 0.6785
-7.17006063123675 0.6786
-7.17008945054003 0.6787
-7.17013026662021 0.6788
-7.17015528599926 0.6789
-7.17019599596164 0.679
-7.17023471005681 0.6791
-7.17030327118753 0.6792
-7.17035720641894 0.6793
-7.17039871621772 0.6794
-7.17044655625661 0.6795
-7.17050253389421 0.6796
-7.17052372204553 0.6797
-7.17054423300022 0.6798
-7.17056666088812 0.6799
-7.17056900973072 0.68
-7.17056567823118 0.6801
-7.17056083932071 0.6802
-7.17055016455634 0.6803
-7.17053926510625 0.6804
-7.17054403520588 0.6805
-7.17054639996567 0.6806
-7.17052966552705 0.6807
-7.17052585416372 0.6808
-7.17052564822824 0.6809
-7.17052859452826 0.681
-7.17053130508017 0.6811
-7.1705415700258 0.6812
-7.17054666821756 0.6813
-7.17052745707118 0.6814
-7.170536403361 0.6815
-7.17055657213421 0.6816
-7.17058913548456 0.6817
-7.17064045691459 0.6818
-7.17071547046138 0.6819
-7.17079347185743 0.682
-7.17087312739003 0.6821
-7.17095431838234 0.6822
-7.17103093016959 0.6823
-7.17112899214187 0.6824
-7.17121753254694 0.6825
-7.17129992589495 0.6826
-7.17136258657499 0.6827
-7.17141661567011 0.6828
-7.1714728041848 0.6829
-7.17152966428918 0.683
-7.17158696397636 0.6831
-7.17160220302493 0.6832
-7.17160630298261 0.6833
-7.17160861721896 0.6834
-7.1716251066832 0.6835
-7.17162163895217 0.6836
-7.1716130947418 0.6837
-7.17161844474428 0.6838
-7.17161995413003 0.6839
-7.17160338414247 0.684
-7.1715785415584 0.6841
-7.17154861238995 0.6842
-7.17150672138574 0.6843
-7.17145351321647 0.6844
-7.17140431608073 0.6845
-7.17134035009794 0.6846
-7.17128869275481 0.6847
-7.1712356166717 0.6848
-7.17118920832067 0.6849
-7.17117186824132 0.685
-7.17117481357735 0.6851
-7.17117544937926 0.6852
-7.17118915172994 0.6853
-7.1712138785473 0.6854
-7.17123708857034 0.6855
-7.17125005090228 0.6856
-7.17127210199537 0.6857
-7.17130238324825 0.6858
-7.17132621807785 0.6859
-7.17133107267968 0.686
-7.17135320575588 0.6861
-7.17137829080041 0.6862
-7.17142044787334 0.6863
-7.17147916403354 0.6864
-7.17154630751165 0.6865
-7.17162823631189 0.6866
-7.17171177260914 0.6867
-7.17177674438545 0.6868
-7.17184280749737 0.6869
-7.1719060090575 0.687
-7.17195124285644 0.6871
-7.17198224927726 0.6872
-7.17201578794504 0.6873
-7.17204699265978 0.6874
-7.17205375397713 0.6875
-7.17205008608279 0.6876
-7.17202473305088 0.6877
-7.17199606632457 0.6878
-7.17192380858256 0.6879
-7.17184028653731 0.688
-7.17171543076842 0.6881
-7.17159602631274 0.6882
-7.17147522048543 0.6883
-7.17134063743631 0.6884
-7.17117887409052 0.6885
-7.17100672931272 0.6886
-7.17082403636108 0.6887
-7.17063809758142 0.6888
-7.17047084440421 0.6889
-7.17031656865886 0.689
-7.17017144347794 0.6891
-7.17003337226088 0.6892
-7.16989813099585 0.6893
-7.16977644379405 0.6894
-7.16967665513014 0.6895
-7.16960091303984 0.6896
-7.16951967117171 0.6897
-7.16946068302258 0.6898
-7.16942389171974 0.6899
-7.16939488984461 0.69
-7.16937290017192 0.6901
-7.16935805391805 0.6902
-7.1693534893237 0.6903
-7.16936421212889 0.6904
-7.16938529054496 0.6905
-7.16941591095914 0.6906
-7.16943888046578 0.6907
-7.1694765115567 0.6908
-7.16951547081827 0.6909
-7.16955787059646 0.691
-7.16962416096515 0.6911
-7.16969881162783 0.6912
-7.16977196944671 0.6913
-7.16983109129305 0.6914
-7.16986607870081 0.6915
-7.16988765926211 0.6916
-7.16988709994978 0.6917
-7.16986289285534 0.6918
-7.16980066253132 0.6919
-7.16971552693056 0.692
-7.16962505378837 0.6921
-7.16954466870106 0.6922
-7.16945993799061 0.6923
-7.16937028130063 0.6924
-7.16929698443633 0.6925
-7.16919969022387 0.6926
-7.16909359862686 0.6927
-7.16897933636042 0.6928
-7.16885773437722 0.6929
-7.16876289963636 0.693
-7.16869261813437 0.6931
-7.16865380486503 0.6932
-7.16864178461379 0.6933
-7.16866069190344 0.6934
-7.1687068587456 0.6935
-7.16876927055249 0.6936
-7.16883132368982 0.6937
-7.16890075367119 0.6938
-7.16898850976101 0.6939
-7.16908194618268 0.694
-7.16918632478816 0.6941
-7.16929387348314 0.6942
-7.1693925357564 0.6943
-7.16951136877916 0.6944
-7.16963823413621 0.6945
-7.16978031680147 0.6946
-7.16992786402978 0.6947
-7.17006323970704 0.6948
-7.17019897455306 0.6949
-7.17033134895419 0.695
-7.17045678953291 0.6951
-7.17056732325316 0.6952
-7.1706571990474 0.6953
-7.1707260886432 0.6954
-7.17079193396988 0.6955
-7.17082412626584 0.6956
-7.17085020754228 0.6957
-7.17085989931246 0.6958
-7.17087064826402 0.6959
-7.17085613304034 0.696
-7.17082503249516 0.6961
-7.17075606350151 0.6962
-7.17066665535851 0.6963
-7.17055427699834 0.6964
-7.17040987356318 0.6965
-7.17024408778562 0.6966
-7.17007354983234 0.6967
-7.16991150747817 0.6968
-7.16973691524745 0.6969
-7.1695725030722 0.697
-7.16941090299081 0.6971
-7.16923885292732 0.6972
-7.16905141330566 0.6973
-7.16887981253691 0.6974
-7.1687111975429 0.6975
-7.16853190226375 0.6976
-7.16836409241446 0.6977
-7.16822906463433 0.6978
-7.16810305619592 0.6979
-7.16797893494117 0.698
-7.16786512011376 0.6981
-7.16775906018655 0.6982
-7.16765899774662 0.6983
-7.16757430744054 0.6984
-7.1674889728692 0.6985
-7.16741173996855 0.6986
-7.16733401654857 0.6987
-7.16725730832946 0.6988
-7.16720261161649 0.6989
-7.16715267268396 0.699
-7.16711805491274 0.6991
-7.16709579164794 0.6992
-7.16708258988802 0.6993
-7.16708830668934 0.6994
-7.16708986947869 0.6995
-7.16710037244207 0.6996
-7.16712823181558 0.6997
-7.16714729075387 0.6998
-7.16716521436765 0.6999
-7.16721266979111 0.7
-7.16725491224828 0.7001
-7.16729955764608 0.7002
-7.16734477472414 0.7003
-7.1673848624141 0.7004
-7.16743636346901 0.7005
-7.16751359525644 0.7006
-7.16759758497431 0.7007
-7.1676583710449 0.7008
-7.16772257745657 0.7009
-7.16779853494493 0.701
-7.16787157673439 0.7011
-7.16793695380894 0.7012
-7.16801579419202 0.7013
-7.16810631776929 0.7014
-7.16819397475402 0.7015
-7.16827577884762 0.7016
-7.16836168294595 0.7017
-7.16843275676044 0.7018
-7.1684983444216 0.7019
-7.16857608521601 0.702
-7.1686703075316 0.7021
-7.16878616917147 0.7022
-7.16891950628751 0.7023
-7.16904830682865 0.7024
-7.16917453553025 0.7025
-7.1692895338283 0.7026
-7.16942440337847 0.7027
-7.16956126155852 0.7028
-7.16968938935025 0.7029
-7.16984593943253 0.703
-7.1699965090404 0.7031
-7.17015426560357 0.7032
-7.17030554287838 0.7033
-7.17043789552373 0.7034
-7.17057053873208 0.7035
-7.17069908255676 0.7036
-7.17083423890583 0.7037
-7.17095295254298 0.7038
-7.17106364112323 0.7039
-7.17116535524187 0.704
-7.17125315231416 0.7041
-7.17133209145163 0.7042
-7.1714028112863 0.7043
-7.17147992769919 0.7044
-7.17154493067021 0.7045
-7.17162745296849 0.7046
-7.17169913950078 0.7047
-7.17177069553212 0.7048
-7.17182215295296 0.7049
-7.17186349282307 0.705
-7.17189018815809 0.7051
-7.17189168705452 0.7052
-7.17186333095215 0.7053
-7.17181374574834 0.7054
-7.17173416948982 0.7055
-7.17163696483849 0.7056
-7.17152362793517 0.7057
-7.17140020526115 0.7058
-7.17127400174956 0.7059
-7.17114970670513 0.706
-7.17104335149108 0.7061
-7.17093792454665 0.7062
-7.17085134264333 0.7063
-7.17077201972874 0.7064
-7.1707193806817 0.7065
-7.17068092378681 0.7066
-7.17063257587165 0.7067
-7.17062504783822 0.7068
-7.17060602464452 0.7069
-7.17059038643435 0.707
-7.1706058566345 0.7071
-7.17061996574083 0.7072
-7.17065626540675 0.7073
-7.17069861676869 0.7074
-7.1707582070136 0.7075
-7.17081800931988 0.7076
-7.17087400279017 0.7077
-7.17094185355525 0.7078
-7.17102983543963 0.7079
-7.1711267320704 0.708
-7.1712315551655 0.7081
-7.17134951860494 0.7082
-7.17143578760411 0.7083
-7.1715273744442 0.7084
-7.17159304403211 0.7085
-7.17163537600837 0.7086
-7.1716626548847 0.7087
-7.17166536212357 0.7088
-7.17163663928212 0.7089
-7.17160336170416 0.709
-7.17156461206268 0.7091
-7.17151912193307 0.7092
-7.17145480833165 0.7093
-7.17138378863495 0.7094
-7.17129611166644 0.7095
-7.17121756701723 0.7096
-7.17110926516454 0.7097
-7.17099430496147 0.7098
-7.17086797773969 0.7099
-7.17073812232141 0.71
-7.17062862219796 0.7101
-7.17051368535389 0.7102
-7.17041019096113 0.7103
-7.17029695474981 0.7104
-7.17017902237202 0.7105
-7.17005082493579 0.7106
-7.16992919921445 0.7107
-7.16983006429927 0.7108
-7.16973696831219 0.7109
-7.16964855207991 0.711
-7.16956563548134 0.7111
-7.16948882463832 0.7112
-7.16938320467788 0.7113
-7.16926746769659 0.7114
-7.16914221751521 0.7115
-7.16899149029673 0.7116
-7.16882635996731 0.7117
-7.16863634787859 0.7118
-7.16843883767039 0.7119
-7.1682003589989 0.712
-7.16795155409105 0.7121
-7.16770743978758 0.7122
-7.16746988839423 0.7123
-7.1671976876104 0.7124
-7.16692222414009 0.7125
-7.16667665303033 0.7126
-7.16642620074088 0.7127
-7.16617167906017 0.7128
-7.16592744627283 0.7129
-7.16569523850135 0.713
-7.16549981214072 0.7131
-7.16534210527342 0.7132
-7.16522676351049 0.7133
-7.16515320550476 0.7134
-7.16511111205 0.7135
-7.16510765490746 0.7136
-7.16513524402411 0.7137
-7.16520268722106 0.7138
-7.16528195348248 0.7139
-7.16534828414464 0.714
-7.16542839506681 0.7141
-7.16551991435062 0.7142
-7.16562386408858 0.7143
-7.16572655341127 0.7144
-7.16583079097642 0.7145
-7.16589929476659 0.7146
-7.16594190093769 0.7147
-7.16596564537596 0.7148
-7.16598550338931 0.7149
-7.16602400386394 0.715
-7.16603696782642 0.7151
-7.1660390560586 0.7152
-7.16601011998012 0.7153
-7.16597854193789 0.7154
-7.16593333772813 0.7155
-7.16589198258748 0.7156
-7.16584263577932 0.7157
-7.1657719127022 0.7158
-7.16570648881628 0.7159
-7.16564712469963 0.716
-7.16558389220494 0.7161
-7.16551425078739 0.7162
-7.16545232425191 0.7163
-7.16539970560364 0.7164
-7.16535261859861 0.7165
-7.16530238695716 0.7166
-7.16526417577204 0.7167
-7.16522414487578 0.7168
-7.16519064820718 0.7169
-7.16514856346481 0.717
-7.16512827670699 0.7171
-7.16512032355283 0.7172
-7.16514497477568 0.7173
-7.16520317042909 0.7174
-7.16524942496728 0.7175
-7.1653019156438 0.7176
-7.16536922341867 0.7177
-7.16544766947842 0.7178
-7.16553599279859 0.7179
-7.16566408301741 0.718
-7.16579601489936 0.7181
-7.16592472060351 0.7182
-7.16605780756824 0.7183
-7.16620425117805 0.7184
-7.16633583316821 0.7185
-7.16647498684437 0.7186
-7.16661337535322 0.7187
-7.16676531668673 0.7188
-7.16690330485707 0.7189
-7.16704121700466 0.719
-7.16715875010536 0.7191
-7.16727262423443 0.7192
-7.16741804585434 0.7193
-7.16755455452475 0.7194
-7.16768318159458 0.7195
-7.16780105661602 0.7196
-7.16791287539602 0.7197
-7.16802483962525 0.7198
-7.16814410125269 0.7199
-7.16824160840882 0.72
-7.16831346107585 0.7201
-7.16836079783308 0.7202
-7.16838022291246 0.7203
-7.16838956430966 0.7204
-7.16838762136206 0.7205
-7.16837038801707 0.7206
-7.1683370350631 0.7207
-7.16829582083949 0.7208
-7.16826225480748 0.7209
-7.16822314596401 0.721
-7.1681759842463 0.7211
-7.16810262464453 0.7212
-7.16800657514511 0.7213
-7.16790001276853 0.7214
-7.16775679402468 0.7215
-7.16761220987105 0.7216
-7.16747594117675 0.7217
-7.16733660609637 0.7218
-7.16717585751962 0.7219
-7.16702683021816 0.722
-7.1668846689326 0.7221
-7.16672476148381 0.7222
-7.16656347923624 0.7223
-7.1664107765535 0.7224
-7.16624769475472 0.7225
-7.16608468281175 0.7226
-7.16590814365999 0.7227
-7.16572830987851 0.7228
-7.16555542582041 0.7229
-7.16538791677077 0.723
-7.16522054260477 0.7231
-7.16504880529213 0.7232
-7.16486920060674 0.7233
-7.164688876529 0.7234
-7.16450667749891 0.7235
-7.1643452137139 0.7236
-7.16419829443558 0.7237
-7.1640459550598 0.7238
-7.16387123439735 0.7239
-7.16371950375816 0.724
-7.16357862139675 0.7241
-7.16343095104935 0.7242
-7.16331075954926 0.7243
-7.16322566932724 0.7244
-7.16315484447681 0.7245
-7.16308950705172 0.7246
-7.1630121993464 0.7247
-7.16293294809918 0.7248
-7.16287937058648 0.7249
-7.1628543928345 0.725
-7.16285019321432 0.7251
-7.16285337218436 0.7252
-7.16289107854924 0.7253
-7.16297531298577 0.7254
-7.16309914874729 0.7255
-7.16324887092189 0.7256
-7.16342455439261 0.7257
-7.1636125366952 0.7258
-7.16379920790384 0.7259
-7.16401717862852 0.726
-7.16422273421419 0.7261
-7.16441552341878 0.7262
-7.16461749879809 0.7263
-7.16477400204677 0.7264
-7.1649138206395 0.7265
-7.1650221746586 0.7266
-7.16508907997484 0.7267
-7.16514543342604 0.7268
-7.16518592823771 0.7269
-7.16522254081908 0.727
-7.16525702960941 0.7271
-7.16527269978071 0.7272
-7.16528862389307 0.7273
-7.16531710664857 0.7274
-7.165315734331 0.7275
-7.16531299015411 0.7276
-7.16532715663492 0.7277
-7.16532620125657 0.7278
-7.1653151629832 0.7279
-7.16532349983135 0.728
-7.16532870962334 0.7281
-7.16533860131258 0.7282
-7.16533383229234 0.7283
-7.16534367478732 0.7284
-7.16537282739727 0.7285
-7.1653764878727 0.7286
-7.16539433833068 0.7287
-7.16540981544818 0.7288
-7.16541788228364 0.7289
-7.16543515199945 0.729
-7.16546110269937 0.7291
-7.16546085115988 0.7292
-7.16546882060996 0.7293
-7.16548803944272 0.7294
-7.16554834443932 0.7295
-7.16561117785436 0.7296
-7.16568635561004 0.7297
-7.16576717265373 0.7298
-7.16585839410271 0.7299
-7.16594437215413 0.73
-7.16602525970951 0.7301
-7.16611359508979 0.7302
-7.16618037957719 0.7303
-7.16623618656684 0.7304
-7.16631019722492 0.7305
-7.16640163950784 0.7306
-7.16651792155816 0.7307
-7.16664275565124 0.7308
-7.16677729541919 0.7309
-7.16693056826669 0.731
-7.16707120491242 0.7311
-7.16719224504516 0.7312
-7.16731117762739 0.7313
-7.16740282845837 0.7314
-7.16748104674485 0.7315
-7.16752530771911 0.7316
-7.16755474963119 0.7317
-7.1675720450767 0.7318
-7.16758082555849 0.7319
-7.16757597651168 0.732
-7.16754809046934 0.7321
-7.16748846347909 0.7322
-7.16741983421895 0.7323
-7.16734414118151 0.7324
-7.1672380770944 0.7325
-7.16712569318807 0.7326
-7.16699198794534 0.7327
-7.16684387580876 0.7328
-7.16668222061755 0.7329
-7.16648578849879 0.733
-7.16625275663999 0.7331
-7.16599584739874 0.7332
-7.16574700156795 0.7333
-7.1654894390116 0.7334
-7.16523905226352 0.7335
-7.16499226088157 0.7336
-7.16473838372342 0.7337
-7.16447384548315 0.7338
-7.16422104930208 0.7339
-7.16398209271732 0.734
-7.16377082682069 0.7341
-7.16360195393631 0.7342
-7.16345441558033 0.7343
-7.16331095552518 0.7344
-7.16322080783046 0.7345
-7.16314566585804 0.7346
-7.16308695031833 0.7347
-7.16302643436956 0.7348
-7.16297441908297 0.7349
-7.16292472569518 0.735
-7.16287923271334 0.7351
-7.16286266312686 0.7352
-7.16286217144686 0.7353
-7.16287842562719 0.7354
-7.16291957464968 0.7355
-7.16297533539271 0.7356
-7.16305586732461 0.7357
-7.16314290202714 0.7358
-7.1632401418524 0.7359
-7.16334345711711 0.736
-7.16344169154212 0.7361
-7.16354401208544 0.7362
-7.16363448540017 0.7363
-7.1637182258217 0.7364
-7.16378460379113 0.7365
-7.16382341720494 0.7366
-7.16387620969574 0.7367
-7.16392315370003 0.7368
-7.163954806265 0.7369
-7.16399083162097 0.737
-7.16404986449136 0.7371
-7.16409026146738 0.7372
-7.16411843396764 0.7373
-7.16411023417792 0.7374
-7.16409394027288 0.7375
-7.16406643741174 0.7376
-7.16403855590444 0.7377
-7.16400560743256 0.7378
-7.16398292628386 0.7379
-7.16395642016001 0.738
-7.163911721741 0.7381
-7.16387352308386 0.7382
-7.16381793575254 0.7383
-7.1637552743363 0.7384
-7.16367536638219 0.7385
-7.16355630722864 0.7386
-7.1634140983408 0.7387
-7.16322958603276 0.7388
-7.16302713571586 0.7389
-7.16283699916707 0.739
-7.16265341317748 0.7391
-7.16247101413947 0.7392
-7.16230299373869 0.7393
-7.1621624266435 0.7394
-7.16203378002897 0.7395
-7.16189466185914 0.7396
-7.16177215997029 0.7397
-7.16167032243749 0.7398
-7.16159424904444 0.7399
-7.161549302068 0.74
-7.16151683614747 0.7401
-7.16149275054697 0.7402
-7.16149574304525 0.7403
-7.16150821256393 0.7404
-7.16152341194178 0.7405
-7.16158206586725 0.7406
-7.16166206978337 0.7407
-7.16173725069863 0.7408
-7.16179718637285 0.7409
-7.161852218082 0.741
-7.16187515534087 0.7411
-7.16186754503649 0.7412
-7.16185306459207 0.7413
-7.16186345182 0.7414
-7.16188922587473 0.7415
-7.16190506135885 0.7416
-7.16195898408207 0.7417
-7.16200458438686 0.7418
-7.16206818156486 0.7419
-7.1621067236067 0.742
-7.16217523332215 0.7421
-7.16223909435673 0.7422
-7.16232940200464 0.7423
-7.16239910008339 0.7424
-7.1624726972424 0.7425
-7.16255226088729 0.7426
-7.16264499355957 0.7427
-7.16270948742809 0.7428
-7.16274460312783 0.7429
-7.16277036104405 0.743
-7.16280279666182 0.7431
-7.1628560867055 0.7432
-7.16287955048721 0.7433
-7.16291178021282 0.7434
-7.16293435034137 0.7435
-7.16293321544899 0.7436
-7.16291063079277 0.7437
-7.16288509689942 0.7438
-7.16284219493904 0.7439
-7.16276596083631 0.744
-7.16268210125091 0.7441
-7.16257170487349 0.7442
-7.16246261513309 0.7443
-7.162357861061 0.7444
-7.16223188006173 0.7445
-7.16210318616335 0.7446
-7.16198877808548 0.7447
-7.16188518454328 0.7448
-7.16176539381505 0.7449
-7.16165133955065 0.745
-7.16154410025532 0.7451
-7.16145380020759 0.7452
-7.16136524107818 0.7453
-7.16129709929169 0.7454
-7.16125807024075 0.7455
-7.16123212343262 0.7456
-7.16122779159225 0.7457
-7.16126079938652 0.7458
-7.16126017886258 0.7459
-7.16129380508188 0.746
-7.16134031652848 0.7461
-7.16140212805754 0.7462
-7.16146647482124 0.7463
-7.16153171655198 0.7464
-7.16159538075941 0.7465
-7.16166570852492 0.7466
-7.1617467815707 0.7467
-7.16182948787509 0.7468
-7.16192113852955 0.7469
-7.16202339395126 0.747
-7.16210738120813 0.7471
-7.16217972345657 0.7472
-7.16224556400154 0.7473
-7.16233442575443 0.7474
-7.16244595191908 0.7475
-7.16253232890987 0.7476
-7.16261446858629 0.7477
-7.16267050331777 0.7478
-7.16274431961372 0.7479
-7.16281616941936 0.748
-7.1628628303525 0.7481
-7.1629274797951 0.7482
-7.16297140442665 0.7483
-7.16301974255952 0.7484
-7.16303510958715 0.7485
-7.16302954232204 0.7486
-7.16300108761703 0.7487
-7.16298126427722 0.7488
-7.16296298995433 0.7489
-7.16294857566436 0.749
-7.16294088657642 0.7491
-7.16290938333219 0.7492
-7.16287952172365 0.7493
-7.16285788119478 0.7494
-7.16281864959978 0.7495
-7.16277382499722 0.7496
-7.16270604103166 0.7497
-7.16263941492897 0.7498
-7.16258520521134 0.7499
-7.16251638456574 0.75
-7.1624592212392 0.7501
-7.16240469533163 0.7502
-7.16235647449098 0.7503
-7.16230251837726 0.7504
-7.16224693156411 0.7505
-7.16219122832866 0.7506
-7.16215224908757 0.7507
-7.16212883545792 0.7508
-7.16214444739024 0.7509
-7.16218992889265 0.751
-7.16224641391798 0.7511
-7.16232633870566 0.7512
-7.16241994042796 0.7513
-7.16251891534525 0.7514
-7.16260877170384 0.7515
-7.16270669631117 0.7516
-7.16278852840739 0.7517
-7.16287781366271 0.7518
-7.16295610042354 0.7519
-7.16302408027494 0.752
-7.16308346170617 0.7521
-7.1631339204323 0.7522
-7.1631876862082 0.7523
-7.16322629100165 0.7524
-7.16324561867821 0.7525
-7.16325993260522 0.7526
-7.16327060277999 0.7527
-7.16326230436004 0.7528
-7.16323331147054 0.7529
-7.16319108894886 0.753
-7.16314461355643 0.7531
-7.16308773209393 0.7532
-7.16301256078888 0.7533
-7.16291633598292 0.7534
-7.16279242543738 0.7535
-7.1626642404695 0.7536
-7.16253244980122 0.7537
-7.16238688455407 0.7538
-7.16226395131343 0.7539
-7.16214872545486 0.754
-7.16204907811939 0.7541
-7.16196060568238 0.7542
-7.16189055571377 0.7543
-7.16184017066916 0.7544
-7.16180193809362 0.7545
-7.16179652979594 0.7546
-7.16181002992604 0.7547
-7.16185032074851 0.7548
-7.16191623407383 0.7549
-7.16200957439938 0.755
-7.16209422998683 0.7551
-7.16219261294809 0.7552
-7.16228818524792 0.7553
-7.1623753756729 0.7554
-7.16246482503975 0.7555
-7.16254101539702 0.7556
-7.1626097563091 0.7557
-7.16268241293936 0.7558
-7.16275103756632 0.7559
-7.16280299518785 0.756
-7.16284787073623 0.7561
-7.16289083255096 0.7562
-7.16292522194411 0.7563
-7.16294201723946 0.7564
-7.1629218992985 0.7565
-7.16289883413876 0.7566
-7.16283455587209 0.7567
-7.16274359922957 0.7568
-7.1626486384641 0.7569
-7.16254371936362 0.757
-7.16243345068891 0.7571
-7.16232071015601 0.7572
-7.16221078260768 0.7573
-7.16210495784499 0.7574
-7.16202827799341 0.7575
-7.16194882700471 0.7576
-7.16182609276855 0.7577
-7.16168554908689 0.7578
-7.16155140812752 0.7579
-7.16142041499316 0.758
-7.1612899049998 0.7581
-7.16117145776194 0.7582
-7.16106698574621 0.7583
-7.16095585705934 0.7584
-7.16084626110861 0.7585
-7.16073364072023 0.7586
-7.16062974373684 0.7587
-7.16052892758086 0.7588
-7.16043192110659 0.7589
-7.16033874454636 0.759
-7.16026527445306 0.7591
-7.16021779087843 0.7592
-7.16018468477686 0.7593
-7.16017616745916 0.7594
-7.16020557905236 0.7595
-7.1602545590987 0.7596
-7.16031001837721 0.7597
-7.16039419636377 0.7598
-7.16050260687833 0.7599
-7.16061582905908 0.76
-7.16073005844988 0.7601
-7.16084845044583 0.7602
-7.16096178422191 0.7603
-7.16108275350164 0.7604
-7.16119595266619 0.7605
-7.16128046515502 0.7606
-7.16134709068029 0.7607
-7.16138453561383 0.7608
-7.16142588902804 0.7609
-7.16143160216093 0.761
-7.16139360787743 0.7611
-7.16133713704458 0.7612
-7.16126868315877 0.7613
-7.16119504107612 0.7614
-7.16113261037886 0.7615
-7.16105875894809 0.7616
-7.16096543157906 0.7617
-7.16087119679124 0.7618
-7.16079188538429 0.7619
-7.1607095662059 0.762
-7.16064815005358 0.7621
-7.16058852873618 0.7622
-7.16053601009626 0.7623
-7.16049815924534 0.7624
-7.16046505939243 0.7625
-7.16043657365976 0.7626
-7.16040134058566 0.7627
-7.16034710860307 0.7628
-7.16029063971172 0.7629
-7.16024290518107 0.763
-7.16018383537986 0.7631
-7.16015006458764 0.7632
-7.16013227577266 0.7633
-7.16010655091036 0.7634
-7.16009403709837 0.7635
-7.16008904332609 0.7636
-7.16009035069533 0.7637
-7.16011280280515 0.7638
-7.1601380273576 0.7639
-7.16018808275326 0.764
-7.16025098081167 0.7641
-7.16033769991668 0.7642
-7.16043479830551 0.7643
-7.16053510177441 0.7644
-7.16063767503962 0.7645
-7.16074842747639 0.7646
-7.16087465408373 0.7647
-7.16100242209524 0.7648
-7.16113309132409 0.7649
-7.1612706404234 0.765
-7.16141746788139 0.7651
-7.16156731176072 0.7652
-7.16171643719857 0.7653
-7.16185847007402 0.7654
-7.16198874866681 0.7655
-7.16208100887525 0.7656
-7.16215731933339 0.7657
-7.16219094363029 0.7658
-7.16221211763277 0.7659
-7.16222424457009 0.766
-7.16225457237192 0.7661
-7.16229505448014 0.7662
-7.16231526379678 0.7663
-7.16232217850226 0.7664
-7.16230959455512 0.7665
-7.16230289859322 0.7666
-7.16228338500239 0.7667
-7.16227074441209 0.7668
-7.16226502472057 0.7669
-7.16228176857288 0.767
-7.16226314280167 0.7671
-7.16224010570501 0.7672
-7.16221768408257 0.7673
-7.16219163998149 0.7674
-7.16218148428439 0.7675
-7.16220955204751 0.7676
-7.16224907367434 0.7677
-7.1622993259849 0.7678
-7.16235489536718 0.7679
-7.16242766361784 0.768
-7.16249878028397 0.7681
-7.16255740501289 0.7682
-7.1625927076719 0.7683
-7.16261568392623 0.7684
-7.16260486421833 0.7685
-7.1625768290884 0.7686
-7.1625335690441 0.7687
-7.16248541860413 0.7688
-7.16243351617733 0.7689
-7.16238871423152 0.769
-7.16232427887553 0.7691
-7.16225979419295 0.7692
-7.16218227916645 0.7693
-7.1620663991807 0.7694
-7.16192896917372 0.7695
-7.16175838889958 0.7696
-7.16158297985841 0.7697
-7.16137151890716 0.7698
-7.16113488940757 0.7699
-7.16090657479355 0.77
-7.16068095608153 0.7701
-7.16045214758117 0.7702
-7.16020898007162 0.7703
-7.15995433070498 0.7704
-7.15973081480727 0.7705
-7.15953937681565 0.7706
-7.1593722740025 0.7707
-7.15921630409202 0.7708
-7.15906835657888 0.7709
-7.15894376766493 0.771
-7.15883682086877 0.7711
-7.15875027129375 0.7712
-7.15869429460262 0.7713
-7.15865029236834 0.7714
-7.1586191473184 0.7715
-7.15861142044906 0.7716
-7.1586268950025 0.7717
-7.15864156296059 0.7718
-7.15868316738785 0.7719
-7.15871502336541 0.772
-7.15875561450125 0.7721
-7.15880703836523 0.7722
-7.15887558594318 0.7723
-7.15894328272987 0.7724
-7.15904585068955 0.7725
-7.1591551566944 0.7726
-7.15925765284959 0.7727
-7.15934291950939 0.7728
-7.15940999317469 0.7729
-7.15949113944486 0.773
-7.15956793203011 0.7731
-7.15964044921746 0.7732
-7.15971330163022 0.7733
-7.15976801226133 0.7734
-7.15980804805882 0.7735
-7.15980875657847 0.7736
-7.15980498787808 0.7737
-7.15976857831864 0.7738
-7.15975548124362 0.7739
-7.1597318469276 0.774
-7.1596953805617 0.7741
-7.15965324855919 0.7742
-7.15961266530138 0.7743
-7.15956367299074 0.7744
-7.15951140330925 0.7745
-7.1594444614789 0.7746
-7.15938002392185 0.7747
-7.15930267112026 0.7748
-7.15920946952438 0.7749
-7.15911885104787 0.775
-7.1590331924409 0.7751
-7.15893538368571 0.7752
-7.15882171985475 0.7753
-7.15871960525213 0.7754
-7.15860345530469 0.7755
-7.15848037753846 0.7756
-7.15836486610696 0.7757
-7.15826726798855 0.7758
-7.15817950389301 0.7759
-7.15810855879552 0.776
-7.15802737531253 0.7761
-7.15796843754678 0.7762
-7.15792226043376 0.7763
-7.15787204518067 0.7764
-7.15778747139387 0.7765
-7.15769867753214 0.7766
-7.15760407248542 0.7767
-7.15749114285912 0.7768
-7.1573584360844 0.7769
-7.15720807073891 0.777
-7.15706980360034 0.7771
-7.15691113185818 0.7772
-7.15675985677316 0.7773
-7.15661455786976 0.7774
-7.15646235946574 0.7775
-7.15630077741947 0.7776
-7.15613701314937 0.7777
-7.15596445518623 0.7778
-7.15580342619137 0.7779
-7.15565701624376 0.778
-7.15553736119599 0.7781
-7.15542730972145 0.7782
-7.15533657659026 0.7783
-7.1552625386493 0.7784
-7.15523947062352 0.7785
-7.15524973550656 0.7786
-7.15530181516153 0.7787
-7.15539809310163 0.7788
-7.15551772621252 0.7789
-7.15566879768762 0.779
-7.1558226047114 0.7791
-7.15600187283555 0.7792
-7.15620809011729 0.7793
-7.15639864847666 0.7794
-7.15660271382991 0.7795
-7.15681048404125 0.7796
-7.15700133667731 0.7797
-7.15718617132557 0.7798
-7.15735680320061 0.7799
-7.15748171689634 0.78
-7.15758547397512 0.7801
-7.15766567707014 0.7802
-7.1577533733301 0.7803
-7.1578331345314 0.7804
-7.15790805544447 0.7805
-7.15797303908134 0.7806
-7.15804811180662 0.7807
-7.15811158247009 0.7808
-7.15819464619989 0.7809
-7.15825888629939 0.781
-7.15831287898328 0.7811
-7.15838681500215 0.7812
-7.1584651711075 0.7813
-7.15855327288193 0.7814
-7.1586552211341 0.7815
-7.15880454097146 0.7816
-7.15897267513752 0.7817
-7.15915188883063 0.7818
-7.15934368072689 0.7819
-7.15952499053601 0.782
-7.15971217172013 0.7821
-7.15989992297294 0.7822
-7.16005839188299 0.7823
-7.16021532464317 0.7824
-7.16034898888538 0.7825
-7.16048095393573 0.7826
-7.16061921711701 0.7827
-7.16073871196363 0.7828
-7.16084693740234 0.7829
-7.16094546290383 0.783
-7.16103038945985 0.7831
-7.16110583505254 0.7832
-7.16116414393743 0.7833
-7.16118417613059 0.7834
-7.16116660141704 0.7835
-7.16114767221779 0.7836
-7.16111327160475 0.7837
-7.16105517462218 0.7838
-7.16099700566882 0.7839
-7.1609525608495 0.784
-7.16086916502253 0.7841
-7.16079796859878 0.7842
-7.1606951891898 0.7843
-7.16058432392716 0.7844
-7.16046750951538 0.7845
-7.1603410797372 0.7846
-7.16023029285977 0.7847
-7.16010491985278 0.7848
-7.16000070056943 0.7849
-7.15986066749229 0.785
-7.15971538079717 0.7851
-7.15958445635499 0.7852
-7.15945677715176 0.7853
-7.15933391066922 0.7854
-7.15919593989716 0.7855
-7.15907794661676 0.7856
-7.15896520878449 0.7857
-7.15886666374383 0.7858
-7.15880925859285 0.7859
-7.15878325614743 0.786
-7.1587657080252 0.7861
-7.15876081864058 0.7862
-7.15876678870555 0.7863
-7.15878852741899 0.7864
-7.15880017727775 0.7865
-7.15879122314806 0.7866
-7.15878723346491 0.7867
-7.15877758719984 0.7868
-7.15876866492677 0.7869
-7.15875272108574 0.787
-7.15872431097369 0.7871
-7.15870925421192 0.7872
-7.15869853756175 0.7873
-7.15867680784925 0.7874
-7.15866872544156 0.7875
-7.15866312511292 0.7876
-7.15865236058737 0.7877
-7.15866220195365 0.7878
-7.15866721494028 0.7879
-7.15866627541722 0.788
-7.15866913265264 0.7881
-7.15865333310083 0.7882
-7.15863293367391 0.7883
-7.15859858105504 0.7884
-7.15855146816392 0.7885
-7.15852288571342 0.7886
-7.15850610643986 0.7887
-7.15847929713816 0.7888
-7.15844566146845 0.7889
-7.15840981624523 0.789
-7.15839764790219 0.7891
-7.15838058131107 0.7892
-7.15836267593443 0.7893
-7.15838067978783 0.7894
-7.1584405940076 0.7895
-7.15849511433717 0.7896
-7.15856341963278 0.7897
-7.15861507548114 0.7898
-7.15868366202917 0.7899
-7.15872434580877 0.79
-7.15872847958669 0.7901
-7.15872847167643 0.7902
-7.15873356295764 0.7903
-7.1587297246788 0.7904
-7.15870822079468 0.7905
-7.15865652307125 0.7906
-7.15858152207301 0.7907
-7.15851126517258 0.7908
-7.15843541477675 0.7909
-7.15834211793696 0.791
-7.15823298731936 0.7911
-7.15812095431218 0.7912
-7.15799117178759 0.7913
-7.15786069964662 0.7914
-7.15773754668381 0.7915
-7.15764595350709 0.7916
-7.1575466339224 0.7917
-7.15744091981088 0.7918
-7.15737046973409 0.7919
-7.15730569031627 0.792
-7.15725140120977 0.7921
-7.15720939874219 0.7922
-7.15717040989973 0.7923
-7.15714862032761 0.7924
-7.15717406965429 0.7925
-7.15722308712305 0.7926
-7.15727262983605 0.7927
-7.15732204792884 0.7928
-7.15738304071995 0.7929
-7.15744814841873 0.793
-7.1575080200899 0.7931
-7.157580818849 0.7932
-7.15767224378338 0.7933
-7.15775435940636 0.7934
-7.15782976989887 0.7935
-7.15789216603001 0.7936
-7.15795023788059 0.7937
-7.15802155228746 0.7938
-7.1580665866344 0.7939
-7.15810871577041 0.794
-7.15814877992006 0.7941
-7.15819223213329 0.7942
-7.15823263430909 0.7943
-7.15825520735838 0.7944
-7.15825980620227 0.7945
-7.15825340403297 0.7946
-7.15821844216241 0.7947
-7.15819405869217 0.7948
-7.15816612878547 0.7949
-7.15812375828865 0.795
-7.15808361585312 0.7951
-7.15804183820856 0.7952
-7.15799256276978 0.7953
-7.1579316925741 0.7954
-7.15785598620414 0.7955
-7.15780742956325 0.7956
-7.15776661229346 0.7957
-7.15771972495065 0.7958
-7.15768418346382 0.7959
-7.157646321333 0.796
-7.15759141272235 0.7961
-7.15754255909939 0.7962
-7.1574985684962 0.7963
-7.15748352363108 0.7964
-7.15748593761967 0.7965
-7.15747324091624 0.7966
-7.15745300293486 0.7967
-7.1574403856245 0.7968
-7.15743793388172 0.7969
-7.15743525782596 0.797
-7.15747205789586 0.7971
-7.15751626526837 0.7972
-7.15755695186991 0.7973
-7.15759665337166 0.7974
-7.15763944890309 0.7975
-7.15769147630631 0.7976
-7.15773980136739 0.7977
-7.15778935505842 0.7978
-7.15782478350378 0.7979
-7.15787720162169 0.798
-7.15792658464415 0.7981
-7.15797076651291 0.7982
-7.15801891680558 0.7983
-7.15806138797469 0.7984
-7.15811454559563 0.7985
-7.15814808263566 0.7986
-7.15818719045525 0.7987
-7.15819758704315 0.7988
-7.15821442747843 0.7989
-7.15822201796333 0.799
-7.15821316276079 0.7991
-7.15821902486956 0.7992
-7.15821910714817 0.7993
-7.15820402102559 0.7994
-7.15817694126065 0.7995
-7.1581698245708 0.7996
-7.15814192873318 0.7997
-7.15811705963058 0.7998
-7.1580745270542 0.7999
-7.15801595404248 0.8
-7.15795343712332 0.8001
-7.15787751303714 0.8002
-7.15780428204963 0.8003
-7.15770635402116 0.8004
-7.15758995842826 0.8005
-7.15746269998914 0.8006
-7.15734178584354 0.8007
-7.15721202801415 0.8008
-7.1570630255912 0.8009
-7.15692754895675 0.801
-7.1567887025017 0.8011
-7.15666517367193 0.8012
-7.15654789631985 0.8013
-7.15644553024558 0.8014
-7.15633042588378 0.8015
-7.15621742538203 0.8016
-7.15609725680534 0.8017
-7.15594328395427 0.8018
-7.15579869019596 0.8019
-7.15567221634205 0.802
-7.15552396404253 0.8021
-7.15539172325562 0.8022
-7.15523737479539 0.8023
-7.15508516636819 0.8024
-7.15495984972639 0.8025
-7.15484076359621 0.8026
-7.1547379430244 0.8027
-7.15462075585064 0.8028
-7.15452071335727 0.8029
-7.15443561340193 0.803
-7.15437514677363 0.8031
-7.1543382406229 0.8032
-7.15432044400271 0.8033
-7.15430294514407 0.8034
-7.15428151416053 0.8035
-7.15427143849044 0.8036
-7.15424272768027 0.8037
-7.15422154540858 0.8038
-7.15419779795021 0.8039
-7.15415466995343 0.804
-7.15410487777691 0.8041
-7.15405460125819 0.8042
-7.15400708187081 0.8043
-7.15396879843983 0.8044
-7.15393151073778 0.8045
-7.15391775586401 0.8046
-7.15390850805025 0.8047
-7.15393045812946 0.8048
-7.15396541669703 0.8049
-7.15400666578734 0.805
-7.15405901198277 0.8051
-7.15410029589098 0.8052
-7.15414571410548 0.8053
-7.15417314689548 0.8054
-7.15418658934456 0.8055
-7.15417737766424 0.8056
-7.15415974467545 0.8057
-7.15415261749892 0.8058
-7.15413678894909 0.8059
-7.15409663061533 0.806
-7.15405516492884 0.8061
-7.15400347687367 0.8062
-7.15395052334729 0.8063
-7.15391055093642 0.8064
-7.15386503681913 0.8065
-7.15384409631028 0.8066
-7.15384658573723 0.8067
-7.15384305055929 0.8068
-7.15384060457736 0.8069
-7.1538718240691 0.807
-7.15392838896445 0.8071
-7.1540179956862 0.8072
-7.15410986327677 0.8073
-7.15425674484894 0.8074
-7.15442282715176 0.8075
-7.15458031294132 0.8076
-7.15475680275089 0.8077
-7.15492473842637 0.8078
-7.15510825966354 0.8079
-7.155251349078 0.808
-7.15538710086008 0.8081
-7.15551065620086 0.8082
-7.15563787403593 0.8083
-7.15575898382036 0.8084
-7.1558250149205 0.8085
-7.15588959567894 0.8086
-7.1559516093925 0.8087
-7.15599269817532 0.8088
-7.15600694385179 0.8089
-7.15598450441432 0.809
-7.15593439777366 0.8091
-7.15588447262476 0.8092
-7.15581529781904 0.8093
-7.15575403521854 0.8094
-7.15569668351837 0.8095
-7.15564777338646 0.8096
-7.15562319128079 0.8097
-7.15560057442842 0.8098
-7.15557934386887 0.8099
-7.15555811348359 0.81
-7.15553919137135 0.8101
-7.15552140574564 0.8102
-7.1554996832265 0.8103
-7.15546969137179 0.8104
-7.155479275573 0.8105
-7.15550710459889 0.8106
-7.15552907043988 0.8107
-7.15554807109668 0.8108
-7.15558376628243 0.8109
-7.15562184888751 0.811
-7.15565282607723 0.8111
-7.15567367662374 0.8112
-7.15569682081035 0.8113
-7.15569805888977 0.8114
-7.15568847090388 0.8115
-7.15565557606857 0.8116
-7.15560948481938 0.8117
-7.15554445536194 0.8118
-7.15546026044488 0.8119
-7.15538792601656 0.812
-7.15529963832715 0.8121
-7.15519378889183 0.8122
-7.15507839670996 0.8123
-7.15496718398382 0.8124
-7.15485109585689 0.8125
-7.15473028335912 0.8126
-7.15464134199436 0.8127
-7.15455775617114 0.8128
-7.15447591218726 0.8129
-7.15440298140097 0.813
-7.15433986488984 0.8131
-7.15426602448137 0.8132
-7.15419867694888 0.8133
-7.154149544704 0.8134
-7.15411318699547 0.8135
-7.15409384890975 0.8136
-7.15407678264116 0.8137
-7.15404454806165 0.8138
-7.15402383182847 0.8139
-7.15399187609333 0.814
-7.15394134055875 0.8141
-7.15387886322603 0.8142
-7.15384670215552 0.8143
-7.15383656427717 0.8144
-7.15381528997033 0.8145
-7.15378621819045 0.8146
-7.1537923900937 0.8147
-7.15378356693988 0.8148
-7.15378159389665 0.8149
-7.15380737875225 0.815
-7.15382973678116 0.8151
-7.1538402696102 0.8152
-7.1538430175991 0.8153
-7.15387168475924 0.8154
-7.15391426643197 0.8155
-7.15398418341816 0.8156
-7.15408619131398 0.8157
-7.15420228411667 0.8158
-7.15431733154414 0.8159
-7.15444873227402 0.816
-7.15456619051917 0.8161
-7.15468600379675 0.8162
-7.15480984371365 0.8163
-7.15495454321679 0.8164
-7.15509766074319 0.8165
-7.15523602536923 0.8166
-7.1553776359851 0.8167
-7.15550006152872 0.8168
-7.1556059044001 0.8169
-7.15569796906973 0.817
-7.15577864343974 0.8171
-7.15583176657038 0.8172
-7.15586491941466 0.8173
-7.15588927509409 0.8174
-7.15589419391742 0.8175
-7.15589490059983 0.8176
-7.15587920436873 0.8177
-7.15586883988473 0.8178
-7.15584929611504 0.8179
-7.15583210541658 0.818
-7.15578442098802 0.8181
-7.15571894314907 0.8182
-7.15565374476649 0.8183
-7.155567171447 0.8184
-7.15549417003099 0.8185
-7.15542779575544 0.8186
-7.15535600164526 0.8187
-7.15529441020538 0.8188
-7.1552315886143 0.8189
-7.15517986822081 0.819
-7.15512595691385 0.8191
-7.15506941492347 0.8192
-7.15501274350931 0.8193
-7.15495400219465 0.8194
-7.15491066190446 0.8195
-7.15487955409923 0.8196
-7.15484519354321 0.8197
-7.15482247886166 0.8198
-7.15479910684396 0.8199
-7.1548047812666 0.82
-7.15481721821504 0.8201
-7.15483852550004 0.8202
-7.15487103626155 0.8203
-7.15490120793112 0.8204
-7.15495556141161 0.8205
-7.15502658549565 0.8206
-7.15510474423493 0.8207
-7.15520888660616 0.8208
-7.15533768787981 0.8209
-7.15550132880254 0.821
-7.15566180455864 0.8211
-7.15581808748442 0.8212
-7.15598354333394 0.8213
-7.15615846546008 0.8214
-7.15633181992183 0.8215
-7.15647356839982 0.8216
-7.1566150974896 0.8217
-7.15674310854626 0.8218
-7.15687822118841 0.8219
-7.15700262630888 0.822
-7.15710770686346 0.8221
-7.15718012992243 0.8222
-7.15720515538771 0.8223
-7.15722610243273 0.8224
-7.15720476742483 0.8225
-7.15714146600535 0.8226
-7.15706132070515 0.8227
-7.15695334280353 0.8228
-7.15682023616942 0.8229
-7.15666382502337 0.823
-7.15645965971415 0.8231
-7.15623207950953 0.8232
-7.15598424946089 0.8233
-7.15571534875792 0.8234
-7.15543413701816 0.8235
-7.15513519647817 0.8236
-7.15483100595629 0.8237
-7.15451901328771 0.8238
-7.15424379431741 0.8239
-7.15396714095134 0.824
-7.15372586801698 0.8241
-7.15349157611808 0.8242
-7.15327487232642 0.8243
-7.15308818855292 0.8244
-7.15291708450773 0.8245
-7.1527644816199 0.8246
-7.15266083321251 0.8247
-7.1525787891385 0.8248
-7.15251018104365 0.8249
-7.15244540616196 0.825
-7.15240856284874 0.8251
-7.15237246970747 0.8252
-7.15235554702799 0.8253
-7.15234848516039 0.8254
-7.15234822478938 0.8255
-7.15235264669213 0.8256
-7.15235390689886 0.8257
-7.15236545574586 0.8258
-7.1523602612167 0.8259
-7.15236282297392 0.826
-7.15239430512004 0.8261
-7.15240496058716 0.8262
-7.15243393498578 0.8263
-7.15245226629181 0.8264
-7.15247900634378 0.8265
-7.15252946332138 0.8266
-7.15257402289765 0.8267
-7.1526281315511 0.8268
-7.15268213019674 0.8269
-7.15273632469932 0.827
-7.15278810745934 0.8271
-7.15284601661413 0.8272
-7.15293756006873 0.8273
-7.15304008303162 0.8274
-7.15313310719311 0.8275
-7.15322791699384 0.8276
-7.15331905282195 0.8277
-7.15339439432659 0.8278
-7.15349117645287 0.8279
-7.15360242077522 0.828
-7.1536937050724 0.8281
-7.15375837200258 0.8282
-7.15383110590978 0.8283
-7.15391572499014 0.8284
-7.15399220827009 0.8285
-7.15404816879501 0.8286
-7.15406763482011 0.8287
-7.15404562912905 0.8288
-7.15401665233463 0.8289
-7.1539710414325 0.829
-7.15389664006882 0.8291
-7.15380961940887 0.8292
-7.15373718095332 0.8293
-7.15367825547557 0.8294
-7.15363738939226 0.8295
-7.15358680447071 0.8296
-7.15351880318947 0.8297
-7.15344462637898 0.8298
-7.15340316049049 0.8299
-7.15336530507101 0.83
-7.15336541829933 0.8301
-7.15337551279707 0.8302
-7.15339406577505 0.8303
-7.1534240608821 0.8304
-7.15345627936838 0.8305
-7.15350371857121 0.8306
-7.1535609317064 0.8307
-7.15361259064411 0.8308
-7.15366075011929 0.8309
-7.1536877142177 0.831
-7.15369592108463 0.8311
-7.15367578290316 0.8312
-7.15365469533867 0.8313
-7.15363695177943 0.8314
-7.15361086912413 0.8315
-7.15359232003876 0.8316
-7.15355322187009 0.8317
-7.15351719129945 0.8318
-7.15345044313339 0.8319
-7.15337654941263 0.832
-7.15323909263368 0.8321
-7.15309452298577 0.8322
-7.15296153518991 0.8323
-7.15282501607387 0.8324
-7.15266969671119 0.8325
-7.15250817199583 0.8326
-7.15233175931451 0.8327
-7.15217172865281 0.8328
-7.15202557220644 0.8329
-7.15188308081401 0.833
-7.15174443076069 0.8331
-7.15162499831129 0.8332
-7.15151437802739 0.8333
-7.15142179229497 0.8334
-7.15131559969209 0.8335
-7.15121676140839 0.8336
-7.15112142737135 0.8337
-7.15102295663912 0.8338
-7.15095915123874 0.8339
-7.15090827505766 0.834
-7.15086488693216 0.8341
-7.1508306524381 0.8342
-7.15079421273184 0.8343
-7.15073945725886 0.8344
-7.15070166101309 0.8345
-7.1506662577613 0.8346
-7.15062363387978 0.8347
-7.15057419038373 0.8348
-7.15052774018113 0.8349
-7.1504894473669 0.835
-7.15045496182215 0.8351
-7.15042702101426 0.8352
-7.1503941551441 0.8353
-7.15037950764089 0.8354
-7.15035556343476 0.8355
-7.15033106928933 0.8356
-7.15031986917773 0.8357
-7.15031533972894 0.8358
-7.15032610296962 0.8359
-7.15035849129894 0.836
-7.15039249594508 0.8361
-7.15043234520439 0.8362
-7.15047111134771 0.8363
-7.15050137401325 0.8364
-7.15049870103599 0.8365
-7.15048932597447 0.8366
-7.15047469358941 0.8367
-7.15046288970261 0.8368
-7.15045361462676 0.8369
-7.15045577814771 0.837
-7.15044841196624 0.8371
-7.15041490262372 0.8372
-7.15036102936205 0.8373
-7.15030637304335 0.8374
-7.15024174416795 0.8375
-7.15018763579585 0.8376
-7.15009364370557 0.8377
-7.15000086614603 0.8378
-7.14989031806796 0.8379
-7.14977276405586 0.838
-7.14966840680752 0.8381
-7.14954080894412 0.8382
-7.14944703364155 0.8383
-7.14938071616719 0.8384
-7.14931323353823 0.8385
-7.1492696928278 0.8386
-7.14922685229031 0.8387
-7.14919970983843 0.8388
-7.14917499242651 0.8389
-7.14911906275142 0.839
-7.14906008167361 0.8391
-7.14900966652442 0.8392
-7.14895811718203 0.8393
-7.14889166647753 0.8394
-7.14882351560123 0.8395
-7.14876538839799 0.8396
-7.14870885989976 0.8397
-7.14865443302673 0.8398
-7.14860112466227 0.8399
-7.14855859297765 0.84
-7.14852765035699 0.8401
-7.1485157353372 0.8402
-7.1485138087603 0.8403
-7.14853760054192 0.8404
-7.14857286422796 0.8405
-7.14862704074741 0.8406
-7.14865670761487 0.8407
-7.1487012934156 0.8408
-7.14874559461838 0.8409
-7.14878979432372 0.841
-7.14884650177026 0.8411
-7.14890189732576 0.8412
-7.14896436435238 0.8413
-7.149013366788 0.8414
-7.1490326693734 0.8415
-7.14905284997905 0.8416
-7.14906709203385 0.8417
-7.1490718326384 0.8418
-7.14906299306618 0.8419
-7.14904255224943 0.842
-7.14899579642839 0.8421
-7.14894439087472 0.8422
-7.14890122608226 0.8423
-7.14883604291619 0.8424
-7.14880552360228 0.8425
-7.14875683668027 0.8426
-7.14871102168478 0.8427
-7.14870390298413 0.8428
-7.14871138054834 0.8429
-7.14873566982565 0.843
-7.14877800592942 0.8431
-7.14880616152465 0.8432
-7.14882337710263 0.8433
-7.14884738622112 0.8434
-7.1488754632649 0.8435
-7.14890896864173 0.8436
-7.14897759252545 0.8437
-7.14906616037196 0.8438
-7.14918320296256 0.8439
-7.14927601333572 0.844
-7.14938393516205 0.8441
-7.14950382392497 0.8442
-7.14963570087661 0.8443
-7.14974085082522 0.8444
-7.14981502801853 0.8445
-7.14986872473928 0.8446
-7.14991599691097 0.8447
-7.14994346431245 0.8448
-7.14993621718267 0.8449
-7.14993758213292 0.845
-7.14991220584198 0.8451
-7.14987382932352 0.8452
-7.14981423238275 0.8453
-7.14970558561721 0.8454
-7.14958326267506 0.8455
-7.14945398694319 0.8456
-7.14933115590855 0.8457
-7.14920592061782 0.8458
-7.14907892461046 0.8459
-7.14895623419048 0.846
-7.14883563464755 0.8461
-7.14870905176308 0.8462
-7.1486063024484 0.8463
-7.14849296011745 0.8464
-7.14838793071313 0.8465
-7.14828127004077 0.8466
-7.14816440666738 0.8467
-7.14803709854256 0.8468
-7.14791286801706 0.8469
-7.14780599605531 0.847
-7.14770493119483 0.8471
-7.14760465644785 0.8472
-7.14752640941729 0.8473
-7.14745040789626 0.8474
-7.14739861175838 0.8475
-7.14734247581297 0.8476
-7.14725684075232 0.8477
-7.14717282555429 0.8478
-7.14708598746344 0.8479
-7.14701636437312 0.848
-7.14694372345587 0.8481
-7.14685591686427 0.8482
-7.14675531125259 0.8483
-7.14663538292024 0.8484
-7.14652651543253 0.8485
-7.14644483812091 0.8486
-7.14637215680756 0.8487
-7.14632957876931 0.8488
-7.14628564138133 0.8489
-7.14625856387629 0.849
-7.14624926398833 0.8491
-7.14623812063679 0.8492
-7.14625330774554 0.8493
-7.14631885461783 0.8494
-7.14640910020504 0.8495
-7.14651895007547 0.8496
-7.14665732542138 0.8497
-7.14680404230772 0.8498
-7.14691499459788 0.8499
-7.14703835052945 0.85
-7.14715525802079 0.8501
-7.14727468972052 0.8502
-7.14739767346849 0.8503
-7.14752457734571 0.8504
-7.14768044161692 0.8505
-7.14782466014024 0.8506
-7.1479564156459 0.8507
-7.14807541110426 0.8508
-7.14819094042975 0.8509
-7.14828258051508 0.851
-7.14835793198248 0.8511
-7.14841861073793 0.8512
-7.14845900111067 0.8513
-7.14851018030056 0.8514
-7.14855834656004 0.8515
-7.14860038426677 0.8516
-7.14860706896752 0.8517
-7.14862980477126 0.8518
-7.14862476987285 0.8519
-7.14860837016391 0.852
-7.14856216632448 0.8521
-7.14847442895549 0.8522
-7.14837663246 0.8523
-7.14827443191862 0.8524
-7.14817391920792 0.8525
-7.14805103368499 0.8526
-7.14791565216953 0.8527
-7.14779986743082 0.8528
-7.14767618163613 0.8529
-7.14755840989986 0.853
-7.14743508320548 0.8531
-7.14731700955306 0.8532
-7.14721877745147 0.8533
-7.14710365429676 0.8534
-7.14701381721163 0.8535
-7.14696097691274 0.8536
-7.14689388231187 0.8537
-7.14683155221188 0.8538
-7.14678254228684 0.8539
-7.1467355229896 0.854
-7.14670891298371 0.8541
-7.14668350717547 0.8542
-7.14667450594322 0.8543
-7.14668924307605 0.8544
-7.14670627966244 0.8545
-7.14674375214433 0.8546
-7.14681602372123 0.8547
-7.14688960224745 0.8548
-7.14696482577434 0.8549
-7.14703067017482 0.855
-7.14709399755633 0.8551
-7.14716914517885 0.8552
-7.14724377967558 0.8553
-7.14732121539211 0.8554
-7.14739974824338 0.8555
-7.14748008297569 0.8556
-7.14759540679507 0.8557
-7.14772194246757 0.8558
-7.14784295014408 0.8559
-7.14798951165906 0.856
-7.14813841334203 0.8561
-7.14827199000486 0.8562
-7.14839072592312 0.8563
-7.14851032066049 0.8564
-7.14863567905665 0.8565
-7.14875295752025 0.8566
-7.14888270534766 0.8567
-7.14900350419684 0.8568
-7.1491585839697 0.8569
-7.14933116432361 0.857
-7.14949827108417 0.8571
-7.14965291468536 0.8572
-7.14982240359866 0.8573
-7.14997228176658 0.8574
-7.15008904661399 0.8575
-7.1502066470962 0.8576
-7.15031206618897 0.8577
-7.15043537824972 0.8578
-7.15054145228384 0.8579
-7.15063406054114 0.858
-7.15072876237845 0.8581
-7.15081481749843 0.8582
-7.15092423225172 0.8583
-7.15102380410693 0.8584
-7.15110932745406 0.8585
-7.15115506909734 0.8586
-7.15118804840203 0.8587
-7.1512105683758 0.8588
-7.15122522720944 0.8589
-7.15120835990824 0.859
-7.15117716323187 0.8591
-7.15113524034463 0.8592
-7.15108135500587 0.8593
-7.15103171289237 0.8594
-7.15094116790124 0.8595
-7.1508406438609 0.8596
-7.15071731409193 0.8597
-7.15058198218876 0.8598
-7.15043312891454 0.8599
-7.15029791958594 0.86
-7.15018089910666 0.8601
-7.15003595786164 0.8602
-7.1499209188953 0.8603
-7.14982120966388 0.8604
-7.14970668313562 0.8605
-7.14961562560168 0.8606
-7.14953870938928 0.8607
-7.14947500493992 0.8608
-7.14940002598586 0.8609
-7.14934085441978 0.861
-7.14931336685007 0.8611
-7.14930261840471 0.8612
-7.14927819088679 0.8613
-7.149231517897 0.8614
-7.14918417953318 0.8615
-7.14913137997384 0.8616
-7.14908313415551 0.8617
-7.14904795884862 0.8618
-7.14902630293314 0.8619
-7.1490049295561 0.862
-7.14898881002667 0.8621
-7.14895698720332 0.8622
-7.14893357670959 0.8623
-7.14889348081903 0.8624
-7.14885531476827 0.8625
-7.1488151397462 0.8626
-7.14876898610267 0.8627
-7.14870635629513 0.8628
-7.14863284434378 0.8629
-7.1485643142503 0.863
-7.14850220691446 0.8631
-7.14843678570621 0.8632
-7.1483726602054 0.8633
-7.14831706368869 0.8634
-7.14827383885289 0.8635
-7.14821087002475 0.8636
-7.14810394579424 0.8637
-7.14796167853532 0.8638
-7.14781336162903 0.8639
-7.14767152521331 0.864
-7.14754354535913 0.8641
-7.14740398229771 0.8642
-7.14723559510557 0.8643
-7.14709638852288 0.8644
-7.14696450583641 0.8645
-7.14684940431391 0.8646
-7.14676710278579 0.8647
-7.14670086191294 0.8648
-7.14665056087045 0.8649
-7.1466371520368 0.865
-7.14663266988795 0.8651
-7.14661931451261 0.8652
-7.1465847971119 0.8653
-7.14655434451025 0.8654
-7.14653160093077 0.8655
-7.14649341991406 0.8656
-7.14644102263278 0.8657
-7.1463691030186 0.8658
-7.14630079242308 0.8659
-7.14623892785013 0.866
-7.14618627380283 0.8661
-7.14612344962081 0.8662
-7.14607638299195 0.8663
-7.1460308125609 0.8664
-7.14601461347126 0.8665
-7.14596519217367 0.8666
-7.1459170298531 0.8667
-7.14585661931238 0.8668
-7.14576320126431 0.8669
-7.14563829402044 0.867
-7.14551542103896 0.8671
-7.14538193666565 0.8672
-7.14526356457599 0.8673
-7.14514701274403 0.8674
-7.14502750900196 0.8675
-7.14493066583124 0.8676
-7.14481812893064 0.8677
-7.14471868428173 0.8678
-7.14464039939313 0.8679
-7.14458356392822 0.868
-7.14454029921094 0.8681
-7.1445105757565 0.8682
-7.14450451057493 0.8683
-7.14450577454818 0.8684
-7.14451608070823 0.8685
-7.14452473599809 0.8686
-7.14456104735107 0.8687
-7.14460388439343 0.8688
-7.14463601833274 0.8689
-7.14463767728584 0.869
-7.14463896421761 0.8691
-7.14464333896116 0.8692
-7.14463563800095 0.8693
-7.14462062295044 0.8694
-7.14458394453238 0.8695
-7.14454798239183 0.8696
-7.14449906245563 0.8697
-7.14445497407859 0.8698
-7.14440643895708 0.8699
-7.14434644294256 0.87
-7.14429289451986 0.8701
-7.14425296851963 0.8702
-7.14421566134035 0.8703
-7.14418351135849 0.8704
-7.1441523180961 0.8705
-7.14413578242537 0.8706
-7.14413683497585 0.8707
-7.14412661246007 0.8708
-7.14412686343414 0.8709
-7.14415834679773 0.871
-7.14418633033455 0.8711
-7.14420097716464 0.8712
-7.14424132430568 0.8713
-7.1443161530916 0.8714
-7.14441982724633 0.8715
-7.14453500514836 0.8716
-7.14464642336863 0.8717
-7.1447679634142 0.8718
-7.14491026799426 0.8719
-7.1450428343257 0.872
-7.14520889035925 0.8721
-7.14539189488617 0.8722
-7.14559127555792 0.8723
-7.14579228954537 0.8724
-7.14598352176505 0.8725
-7.14616659363336 0.8726
-7.14635098631052 0.8727
-7.14651231369374 0.8728
-7.1466518587974 0.8729
-7.14679112080924 0.873
-7.14691275569854 0.8731
-7.14702453314633 0.8732
-7.14711515960145 0.8733
-7.14718657787659 0.8734
-7.14724774490308 0.8735
-7.14727074652022 0.8736
-7.14726114347766 0.8737
-7.1472210523391 0.8738
-7.14717537035286 0.8739
-7.14710579357686 0.874
-7.14702477722788 0.8741
-7.14691418282808 0.8742
-7.14680137441131 0.8743
-7.14665286959504 0.8744
-7.14649086199772 0.8745
-7.1463384833752 0.8746
-7.14617750110089 0.8747
-7.14600112027579 0.8748
-7.14583233473252 0.8749
-7.14570037047161 0.875
-7.14560071610424 0.8751
-7.14552005807034 0.8752
-7.14545778126523 0.8753
-7.14538740073905 0.8754
-7.14533259527422 0.8755
-7.14530219390862 0.8756
-7.14525619937087 0.8757
-7.1452041494962 0.8758
-7.14516712279637 0.8759
-7.14513478100813 0.876
-7.14510982845917 0.8761
-7.14511209500203 0.8762
-7.14512608643755 0.8763
-7.14514283965549 0.8764
-7.14514671857654 0.8765
-7.14513812926001 0.8766
-7.14511248926205 0.8767
-7.1451101530947 0.8768
-7.14513110192807 0.8769
-7.14514685805332 0.877
-7.14514720123884 0.8771
-7.14513857209533 0.8772
-7.1451343029686 0.8773
-7.14510625686457 0.8774
-7.14506317308812 0.8775
-7.14503187094405 0.8776
-7.14497805289642 0.8777
-7.14492892050404 0.8778
-7.14492857338774 0.8779
-7.14493376549703 0.878
-7.1449618089818 0.8781
-7.14500084529812 0.8782
-7.14502648269883 0.8783
-7.14505764449767 0.8784
-7.1450939558635 0.8785
-7.14514133606135 0.8786
-7.14519696940948 0.8787
-7.14523377488894 0.8788
-7.14529109232979 0.8789
-7.14535971855751 0.879
-7.14544581723377 0.8791
-7.14554608432724 0.8792
-7.1456715728651 0.8793
-7.14580926755374 0.8794
-7.14593946479001 0.8795
-7.14610925750028 0.8796
-7.14629071395472 0.8797
-7.14648259086785 0.8798
-7.14667026864019 0.8799
-7.14684579573366 0.88
-7.14700304929901 0.8801
-7.14716503969801 0.8802
-7.14730148844902 0.8803
-7.14744386685365 0.8804
-7.14755969465234 0.8805
-7.14764247544523 0.8806
-7.14770275496278 0.8807
-7.14772043152329 0.8808
-7.14770519170656 0.8809
-7.1476736804224 0.881
-7.14762532123286 0.8811
-7.14751713699786 0.8812
-7.14736299312611 0.8813
-7.14716866477531 0.8814
-7.14692145856432 0.8815
-7.146698184175 0.8816
-7.14646321435823 0.8817
-7.1462189560327 0.8818
-7.14595824847471 0.8819
-7.14569170084888 0.882
-7.14543314377152 0.8821
-7.14519083715293 0.8822
-7.14494636021383 0.8823
-7.14470980662681 0.8824
-7.14448329268333 0.8825
-7.14424942327483 0.8826
-7.14402137887158 0.8827
-7.14382485814394 0.8828
-7.14363150068568 0.8829
-7.14345827792379 0.883
-7.14330492412828 0.8831
-7.14319926613599 0.8832
-7.14310444954146 0.8833
-7.1430328308669 0.8834
-7.14298225310084 0.8835
-7.14291524190707 0.8836
-7.142854768649 0.8837
-7.14279869300913 0.8838
-7.14273396105559 0.8839
-7.14266559131329 0.884
-7.14260752811226 0.8841
-7.14256279568125 0.8842
-7.14251845323195 0.8843
-7.14247758839188 0.8844
-7.14242776268595 0.8845
-7.14235344525561 0.8846
-7.14229540366511 0.8847
-7.14225646348481 0.8848
-7.14222375180624 0.8849
-7.14219453623088 0.885
-7.14215655830632 0.8851
-7.14209929158182 0.8852
-7.14205079211149 0.8853
-7.14204152773616 0.8854
-7.14202282082528 0.8855
-7.14201395158875 0.8856
-7.14201548740766 0.8857
-7.14206503823583 0.8858
-7.14214324123726 0.8859
-7.14224886835723 0.886
-7.14233620495645 0.8861
-7.14242603403531 0.8862
-7.14254277256531 0.8863
-7.14266727105628 0.8864
-7.14281548029979 0.8865
-7.14296882588556 0.8866
-7.14312138248355 0.8867
-7.14327553158892 0.8868
-7.14342348282774 0.8869
-7.14356771510707 0.887
-7.14368527075114 0.8871
-7.14378687556765 0.8872
-7.14390967221171 0.8873
-7.14402775169828 0.8874
-7.14412616077887 0.8875
-7.14420664188588 0.8876
-7.14426871218241 0.8877
-7.14430795457333 0.8878
-7.14434447478317 0.8879
-7.14437261449585 0.888
-7.14438575036845 0.8881
-7.1443865450261 0.8882
-7.144342373973 0.8883
-7.14428682900614 0.8884
-7.14423333436512 0.8885
-7.1441443488291 0.8886
-7.14403368478068 0.8887
-7.1439046004392 0.8888
-7.1437819615333 0.8889
-7.1436402572991 0.889
-7.14352627808659 0.8891
-7.14343847495743 0.8892
-7.14337100036718 0.8893
-7.14333325100597 0.8894
-7.14332767559496 0.8895
-7.14335544602958 0.8896
-7.14338891495029 0.8897
-7.14341907189554 0.8898
-7.1434523628363 0.8899
-7.14348430585192 0.89
-7.1435285256929 0.8901
-7.14358732948456 0.8902
-7.14363820819179 0.8903
-7.14369838437218 0.8904
-7.14374744479005 0.8905
-7.14379930783398 0.8906
-7.14382913873242 0.8907
-7.14388260254171 0.8908
-7.14393820818295 0.8909
-7.14398204527913 0.891
-7.14402418650179 0.8911
-7.14407047076341 0.8912
-7.14411472930111 0.8913
-7.14418763273672 0.8914
-7.14428207675798 0.8915
-7.14438564202391 0.8916
-7.14447995197044 0.8917
-7.14456266158965 0.8918
-7.14463743164096 0.8919
-7.14471313050938 0.892
-7.14476358934292 0.8921
-7.14481975608074 0.8922
-7.14486220433693 0.8923
-7.14487348039159 0.8924
-7.14484902452945 0.8925
-7.14480808497321 0.8926
-7.14477108612672 0.8927
-7.14468914664101 0.8928
-7.14460611032661 0.8929
-7.14450767481965 0.893
-7.14439871568713 0.8931
-7.14428108795906 0.8932
-7.14413555023151 0.8933
-7.14395252158015 0.8934
-7.14375885325482 0.8935
-7.14357015001931 0.8936
-7.14338121171929 0.8937
-7.14317583105669 0.8938
-7.14299765217202 0.8939
-7.14281731640758 0.894
-7.14263993605527 0.8941
-7.14246212201469 0.8942
-7.14228441116437 0.8943
-7.14212184345259 0.8944
-7.1419720652524 0.8945
-7.1418405552046 0.8946
-7.14171344124987 0.8947
-7.14162249286444 0.8948
-7.14157149416689 0.8949
-7.14155423620394 0.895
-7.14155323296614 0.8951
-7.14157821104041 0.8952
-7.14163080236524 0.8953
-7.14170048104607 0.8954
-7.14176955638408 0.8955
-7.14181459108181 0.8956
-7.14187058047351 0.8957
-7.14191473668862 0.8958
-7.14197447474559 0.8959
-7.1420237008204 0.896
-7.14207638181766 0.8961
-7.14213888965511 0.8962
-7.14217859370222 0.8963
-7.14220037180176 0.8964
-7.14219102439237 0.8965
-7.1421849716929 0.8966
-7.14215891029541 0.8967
-7.14210689028433 0.8968
-7.14205100683363 0.8969
-7.14199049892403 0.897
-7.14191570358505 0.8971
-7.14182337955731 0.8972
-7.14172719364134 0.8973
-7.14164652570964 0.8974
-7.14156391605307 0.8975
-7.14149035869381 0.8976
-7.1413864212822 0.8977
-7.14125548262285 0.8978
-7.1411169491457 0.8979
-7.14096014042735 0.898
-7.14081498291056 0.8981
-7.14068183675244 0.8982
-7.14052116615367 0.8983
-7.14038043895318 0.8984
-7.14025168663291 0.8985
-7.14011367176556 0.8986
-7.13997885205334 0.8987
-7.13982348768844 0.8988
-7.13967642541355 0.8989
-7.13953507061494 0.899
-7.13938319365658 0.8991
-7.13922938175691 0.8992
-7.13912238387663 0.8993
-7.13902560172827 0.8994
-7.13895589239199 0.8995
-7.13892274153501 0.8996
-7.13889270003709 0.8997
-7.13888724026763 0.8998
-7.13890676039186 0.8999
-7.13895760428313 0.9
-7.13902482342447 0.9001
-7.13910717548449 0.9002
-7.13918616685545 0.9003
-7.13927424716007 0.9004
-7.13935593503658 0.9005
-7.13944825716289 0.9006
-7.1395432641132 0.9007
-7.13965196794501 0.9008
-7.13978974099766 0.9009
-7.13993208747764 0.901
-7.14007287293659 0.9011
-7.14022065489752 0.9012
-7.14037280327935 0.9013
-7.14052225426463 0.9014
-7.14067394219024 0.9015
-7.14080213364069 0.9016
-7.14090516052043 0.9017
-7.14101843975173 0.9018
-7.14113020784662 0.9019
-7.14124527083889 0.902
-7.14135744359793 0.9021
-7.14146158391117 0.9022
-7.14154565034733 0.9023
-7.14163887434655 0.9024
-7.14171687538521 0.9025
-7.14180272626939 0.9026
-7.1418897694793 0.9027
-7.14195904855885 0.9028
-7.14199919644202 0.9029
-7.14204196347732 0.903
-7.14208069369965 0.9031
-7.14212342564767 0.9032
-7.14216628274293 0.9033
-7.14221825253563 0.9034
-7.14226356928225 0.9035
-7.14229659120071 0.9036
-7.14234252680051 0.9037
-7.14238296475131 0.9038
-7.14243256854037 0.9039
-7.14249302606466 0.904
-7.14251143138241 0.9041
-7.14253200393463 0.9042
-7.14253425902424 0.9043
-7.14252855390848 0.9044
-7.14248848897292 0.9045
-7.14244798683822 0.9046
-7.14238613761603 0.9047
-7.14227385156332 0.9048
-7.14214043599035 0.9049
-7.14200638951163 0.905
-7.14185109766199 0.9051
-7.14167448215955 0.9052
-7.14148331090712 0.9053
-7.14126906444204 0.9054
-7.14106223674578 0.9055
-7.14088393024917 0.9056
-7.14071560701367 0.9057
-7.14055637177191 0.9058
-7.14041360071407 0.9059
-7.14025997587608 0.906
-7.14012786371054 0.9061
-7.13998530167636 0.9062
-7.13984862822858 0.9063
-7.13973865743993 0.9064
-7.13964613969422 0.9065
-7.13956797370273 0.9066
-7.13952649019065 0.9067
-7.13951277617791 0.9068
-7.13952480406936 0.9069
-7.13955526444535 0.907
-7.1396070426689 0.9071
-7.13965172654293 0.9072
-7.13970308989021 0.9073
-7.13977623397281 0.9074
-7.1398661486004 0.9075
-7.13998910968871 0.9076
-7.14009789799094 0.9077
-7.14019551867476 0.9078
-7.14028710403541 0.9079
-7.14037692425257 0.908
-7.14045424229963 0.9081
-7.14051232351667 0.9082
-7.14052996212804 0.9083
-7.14051858677794 0.9084
-7.14046793196818 0.9085
-7.14038320084607 0.9086
-7.14027476303388 0.9087
-7.14015876850668 0.9088
-7.14003234129618 0.9089
-7.13988905665165 0.909
-7.13973641423093 0.9091
-7.13956901711872 0.9092
-7.13939865050127 0.9093
-7.13924048536608 0.9094
-7.13910697665807 0.9095
-7.13899685834856 0.9096
-7.13887377533402 0.9097
-7.13875372112652 0.9098
-7.13865152343622 0.9099
-7.13857312316065 0.91
-7.13848149604812 0.9101
-7.13840819169632 0.9102
-7.13836747649777 0.9103
-7.13836695108471 0.9104
-7.13840205724175 0.9105
-7.13846590960477 0.9106
-7.13852233092576 0.9107
-7.13860778913925 0.9108
-7.13868962836247 0.9109
-7.13878964921649 0.911
-7.13889224646522 0.9111
-7.13900091743537 0.9112
-7.13914535038275 0.9113
-7.13930180025921 0.9114
-7.13947905601967 0.9115
-7.13964821863721 0.9116
-7.13981102376985 0.9117
-7.13997962201594 0.9118
-7.1401550374044 0.9119
-7.14035166991915 0.912
-7.14053964788655 0.9121
-7.14070588657037 0.9122
-7.14084609591769 0.9123
-7.1409735013952 0.9124
-7.14110987896155 0.9125
-7.14123703745345 0.9126
-7.14135324722704 0.9127
-7.14146442797792 0.9128
-7.14155499487021 0.9129
-7.14164753180507 0.913
-7.14171388070009 0.9131
-7.14176263343976 0.9132
-7.1417977393607 0.9133
-7.14181064188084 0.9134
-7.14180737104272 0.9135
-7.14179518933387 0.9136
-7.14178751438877 0.9137
-7.14174124072039 0.9138
-7.14165638737142 0.9139
-7.14156813288735 0.914
-7.14147072138079 0.9141
-7.14137032011254 0.9142
-7.14121340219673 0.9143
-7.14103980992899 0.9144
-7.14085641637856 0.9145
-7.140647767359 0.9146
-7.14044463388717 0.9147
-7.140242282703 0.9148
-7.1400660702098 0.9149
-7.13987860245437 0.915
-7.13971320489352 0.9151
-7.13957624676149 0.9152
-7.13943336763837 0.9153
-7.13930372772008 0.9154
-7.13921268800444 0.9155
-7.13910550487375 0.9156
-7.13900303543023 0.9157
-7.13887972411097 0.9158
-7.13875000679993 0.9159
-7.13862127671878 0.916
-7.1385083778564 0.9161
-7.13841191913332 0.9162
-7.13831958525434 0.9163
-7.13822139276917 0.9164
-7.13811033348657 0.9165
-7.13798560573707 0.9166
-7.13785930188531 0.9167
-7.13772603185849 0.9168
-7.13760408193787 0.9169
-7.13749759992525 0.917
-7.13738819027204 0.9171
-7.13727481974521 0.9172
-7.13714662383558 0.9173
-7.13702928770802 0.9174
-7.13691786611142 0.9175
-7.13679228214576 0.9176
-7.13668377372022 0.9177
-7.13657380051776 0.9178
-7.13643944725349 0.9179
-7.13633867095174 0.918
-7.1362616256439 0.9181
-7.13616900505348 0.9182
-7.13605759743399 0.9183
-7.13596169913529 0.9184
-7.13587350491463 0.9185
-7.13578487736473 0.9186
-7.13570510611466 0.9187
-7.13564644802052 0.9188
-7.13559641891192 0.9189
-7.13555608905763 0.919
-7.13549951097687 0.9191
-7.13544004885639 0.9192
-7.13537352073405 0.9193
-7.1353202898579 0.9194
-7.13525190364407 0.9195
-7.13518163182437 0.9196
-7.13514141705441 0.9197
-7.13507017393105 0.9198
-7.1349838207143 0.9199
-7.13487792423459 0.92
-7.13477698502656 0.9201
-7.13468642769947 0.9202
-7.13460534108045 0.9203
-7.13453032709223 0.9204
-7.13443477472987 0.9205
-7.13436957984611 0.9206
-7.1343200934589 0.9207
-7.13426598662581 0.9208
-7.13424512687625 0.9209
-7.1342553872509 0.921
-7.13429377649401 0.9211
-7.13434744700187 0.9212
-7.13444145677141 0.9213
-7.1345526117658 0.9214
-7.13466165794906 0.9215
-7.13479442650643 0.9216
-7.13493078319255 0.9217
-7.1350756669797 0.9218
-7.13523387438069 0.9219
-7.13540302174708 0.922
-7.13556300327308 0.9221
-7.13570949795315 0.9222
-7.13586911203136 0.9223
-7.13603297017694 0.9224
-7.13619238509932 0.9225
-7.13635841062543 0.9226
-7.13652665216764 0.9227
-7.13669110477166 0.9228
-7.13686895588509 0.9229
-7.13702590493018 0.923
-7.13716560519018 0.9231
-7.13725623587666 0.9232
-7.13733756624216 0.9233
-7.13740816114354 0.9234
-7.13747116099178 0.9235
-7.13752186628322 0.9236
-7.13755090080563 0.9237
-7.13758636001844 0.9238
-7.1376043272025 0.9239
-7.13761652464854 0.924
-7.13763840798081 0.9241
-7.1376325888188 0.9242
-7.13762488911802 0.9243
-7.13758582007839 0.9244
-7.13749228116119 0.9245
-7.13738686632762 0.9246
-7.13726541961849 0.9247
-7.13714392426612 0.9248
-7.13704911327401 0.9249
-7.13695921683548 0.925
-7.13684104066911 0.9251
-7.13673047946609 0.9252
-7.13666059880266 0.9253
-7.13659284308597 0.9254
-7.13650447077484 0.9255
-7.13643724422172 0.9256
-7.13636399190539 0.9257
-7.13632073773011 0.9258
-7.13631437327018 0.9259
-7.13632393785196 0.926
-7.13635478492397 0.9261
-7.1364300087051 0.9262
-7.13652224058599 0.9263
-7.13663819636231 0.9264
-7.13679710050109 0.9265
-7.13700336766306 0.9266
-7.13724622688342 0.9267
-7.13747930398989 0.9268
-7.13769678165944 0.9269
-7.13792526986771 0.927
-7.13814719351483 0.9271
-7.13835641188696 0.9272
-7.13854917905882 0.9273
-7.13874605471695 0.9274
-7.13894473971505 0.9275
-7.13910670311441 0.9276
-7.13926117301414 0.9277
-7.13940957816327 0.9278
-7.13952796634047 0.9279
-7.13960804681898 0.928
-7.13964854398015 0.9281
-7.13963682922217 0.9282
-7.1396095426427 0.9283
-7.13957063736424 0.9284
-7.13950216783486 0.9285
-7.13943785226235 0.9286
-7.13935165124928 0.9287
-7.13926362130378 0.9288
-7.13914397033231 0.9289
-7.13903934442816 0.929
-7.13891765860156 0.9291
-7.13880462745665 0.9292
-7.1387061075808 0.9293
-7.13860271629949 0.9294
-7.13851109204871 0.9295
-7.13843836413604 0.9296
-7.13836680102876 0.9297
-7.13828062551474 0.9298
-7.1382152795369 0.9299
-7.13815093524904 0.93
-7.13807272910904 0.9301
-7.13797984296919 0.9302
-7.1378563381202 0.9303
-7.13772512775373 0.9304
-7.13758220486914 0.9305
-7.1374275420169 0.9306
-7.1372868649042 0.9307
-7.13713309434441 0.9308
-7.13696982184994 0.9309
-7.13680784715417 0.931
-7.13664654167972 0.9311
-7.13648118968631 0.9312
-7.13631799773148 0.9313
-7.13617081988566 0.9314
-7.13604121787709 0.9315
-7.13590691511458 0.9316
-7.13580894551558 0.9317
-7.13572413233126 0.9318
-7.13566766094783 0.9319
-7.1356254176771 0.932
-7.13555981479737 0.9321
-7.13548969439196 0.9322
-7.13542326398761 0.9323
-7.13534502177485 0.9324
-7.13529492076586 0.9325
-7.13527927689343 0.9326
-7.135246425496 0.9327
-7.13523610196335 0.9328
-7.13525717475956 0.9329
-7.13528177738689 0.933
-7.13531108141485 0.9331
-7.13537224117144 0.9332
-7.13542230924388 0.9333
-7.13548497924962 0.9334
-7.13557258922037 0.9335
-7.13566219150611 0.9336
-7.13573277442159 0.9337
-7.13581179681942 0.9338
-7.13589822225706 0.9339
-7.13597049571605 0.934
-7.13601737414444 0.9341
-7.13606209593022 0.9342
-7.13608131900616 0.9343
-7.13607549183866 0.9344
-7.13605686668313 0.9345
-7.13604148993636 0.9346
-7.13602998506567 0.9347
-7.13599133162446 0.9348
-7.13594899453335 0.9349
-7.13588299517999 0.935
-7.1358232353318 0.9351
-7.13577415520383 0.9352
-7.13569704966438 0.9353
-7.13562415058666 0.9354
-7.1355676042291 0.9355
-7.13549514900604 0.9356
-7.13539013176683 0.9357
-7.13528730657841 0.9358
-7.13518864169833 0.9359
-7.13508918550388 0.936
-7.13500827174828 0.9361
-7.13490169971365 0.9362
-7.13478991984582 0.9363
-7.13470291292301 0.9364
-7.1346085854968 0.9365
-7.13448999490649 0.9366
-7.13434786562541 0.9367
-7.13421640559965 0.9368
-7.13408598819046 0.9369
-7.13394256270062 0.937
-7.13376767396518 0.9371
-7.13357487104923 0.9372
-7.13338571090334 0.9373
-7.13317630275671 0.9374
-7.13294554084848 0.9375
-7.13272324446676 0.9376
-7.13247817385113 0.9377
-7.13221588363682 0.9378
-7.13194193165736 0.9379
-7.13169966592214 0.938
-7.13145863548525 0.9381
-7.13121498867101 0.9382
-7.13098444704355 0.9383
-7.13076400560621 0.9384
-7.13056844396365 0.9385
-7.13040675063129 0.9386
-7.13027653352359 0.9387
-7.13017508398908 0.9388
-7.13011777173964 0.9389
-7.13006269703684 0.939
-7.13000023437327 0.9391
-7.12995016019738 0.9392
-7.12994882643483 0.9393
-7.12995386837924 0.9394
-7.13000024692916 0.9395
-7.13006097029662 0.9396
-7.13014299821077 0.9397
-7.13027352738874 0.9398
-7.13042468628311 0.9399
-7.13057569085441 0.94
-7.13077849404537 0.9401
-7.13097011866527 0.9402
-7.13117302848009 0.9403
-7.13137104128099 0.9404
-7.13158750904356 0.9405
-7.13176338185156 0.9406
-7.13195667048374 0.9407
-7.13213603557936 0.9408
-7.13227616140992 0.9409
-7.13239577417353 0.941
-7.13247019733973 0.9411
-7.13253248768688 0.9412
-7.13258527462586 0.9413
-7.13260658861111 0.9414
-7.13261425984637 0.9415
-7.13258549665803 0.9416
-7.13254716173863 0.9417
-7.13247465868661 0.9418
-7.13243062786932 0.9419
-7.13237055986382 0.942
-7.13229927733991 0.9421
-7.13222049763637 0.9422
-7.13213933392978 0.9423
-7.13206058915454 0.9424
-7.13196211021343 0.9425
-7.13184939675584 0.9426
-7.13171897681263 0.9427
-7.13161180465577 0.9428
-7.13152497101555 0.9429
-7.13147034059498 0.943
-7.13142283809885 0.9431
-7.13139658751206 0.9432
-7.13135944905763 0.9433
-7.13137393742635 0.9434
-7.13138882106302 0.9435
-7.13144299658072 0.9436
-7.13149476048865 0.9437
-7.13154102432758 0.9438
-7.13160622712755 0.9439
-7.13167725427168 0.944
-7.13175850635186 0.9441
-7.13185035681864 0.9442
-7.13192009944328 0.9443
-7.13197278950754 0.9444
-7.13203966879992 0.9445
-7.13210883040919 0.9446
-7.1321724055426 0.9447
-7.13221532256773 0.9448
-7.13223292376092 0.9449
-7.13224675516042 0.945
-7.13222972576136 0.9451
-7.13221612100798 0.9452
-7.13217364937201 0.9453
-7.13209725656189 0.9454
-7.13202164843933 0.9455
-7.13193780973847 0.9456
-7.13185460716834 0.9457
-7.13175622522355 0.9458
-7.13166652789062 0.9459
-7.131597507557 0.946
-7.13153385234056 0.9461
-7.1314963238192 0.9462
-7.13148105080528 0.9463
-7.1314639022049 0.9464
-7.13143688073518 0.9465
-7.13143024611135 0.9466
-7.13143622635708 0.9467
-7.13145255628856 0.9468
-7.13148698733724 0.9469
-7.1315448678786 0.947
-7.13161444308598 0.9471
-7.13168753606805 0.9472
-7.13176994726085 0.9473
-7.13184687389603 0.9474
-7.13193133481392 0.9475
-7.1320105942083 0.9476
-7.13209566732886 0.9477
-7.13217877365326 0.9478
-7.13224488127312 0.9479
-7.13228894204277 0.948
-7.13234367504547 0.9481
-7.13239740109914 0.9482
-7.13243741714243 0.9483
-7.13245675158894 0.9484
-7.13248299987045 0.9485
-7.13250583449973 0.9486
-7.13251349134674 0.9487
-7.1324884723751 0.9488
-7.13243058971915 0.9489
-7.13236249081624 0.949
-7.13228077973309 0.9491
-7.13220451896014 0.9492
-7.13211711182238 0.9493
-7.13200553669683 0.9494
-7.13190704901844 0.9495
-7.13179753498561 0.9496
-7.13171028165957 0.9497
-7.1316121148735 0.9498
-7.13150317278872 0.9499
-7.1313774988573 0.95
-7.1312654242319 0.9501
-7.13116619366586 0.9502
-7.13109163502831 0.9503
-7.13102376448003 0.9504
-7.130950692005 0.9505
-7.13091216052537 0.9506
-7.13090538994889 0.9507
-7.13091786780151 0.9508
-7.1309700783251 0.9509
-7.1310337517303 0.951
-7.131152660833 0.9511
-7.13125797465465 0.9512
-7.13135019173567 0.9513
-7.13144863852457 0.9514
-7.13151946599028 0.9515
-7.13157497592383 0.9516
-7.13163521634421 0.9517
-7.13169317202378 0.9518
-7.13176262197812 0.9519
-7.13182720687469 0.952
-7.13189271403001 0.9521
-7.13192357316624 0.9522
-7.13193941733044 0.9523
-7.13192749465242 0.9524
-7.13190767607806 0.9525
-7.13187292260341 0.9526
-7.13180043207677 0.9527
-7.13170658486556 0.9528
-7.13160239206338 0.9529
-7.13148551096119 0.953
-7.13136431151719 0.9531
-7.13125543262773 0.9532
-7.13114191337259 0.9533
-7.1310190953399 0.9534
-7.13087052463613 0.9535
-7.13070656420833 0.9536
-7.13051846484049 0.9537
-7.1303197309199 0.9538
-7.13010282540599 0.9539
-7.1298580585042 0.954
-7.12960522615718 0.9541
-7.12934832482495 0.9542
-7.12906285005614 0.9543
-7.1287780526404 0.9544
-7.12848921230415 0.9545
-7.12821691547727 0.9546
-7.12796626388168 0.9547
-7.12773431594306 0.9548
-7.12749440015308 0.9549
-7.12725791982846 0.955
-7.12705020367534 0.9551
-7.12683228325186 0.9552
-7.12661112500758 0.9553
-7.12642562667658 0.9554
-7.12625434460668 0.9555
-7.12610756573717 0.9556
-7.12597687949171 0.9557
-7.12588417152314 0.9558
-7.12580814123307 0.9559
-7.12576226000625 0.956
-7.12571492125144 0.9561
-7.1257024741687 0.9562
-7.12570590983953 0.9563
-7.12570095546883 0.9564
-7.12568434277819 0.9565
-7.1257075272648 0.9566
-7.12575278667464 0.9567
-7.12580748019764 0.9568
-7.12587924031956 0.9569
-7.12594715057131 0.957
-7.12603689878233 0.9571
-7.12616439724929 0.9572
-7.12628459532164 0.9573
-7.12644000399021 0.9574
-7.12660170191163 0.9575
-7.12675118004181 0.9576
-7.1268991219763 0.9577
-7.1270402870921 0.9578
-7.12721093576588 0.9579
-7.12739022894382 0.958
-7.12757441012022 0.9581
-7.12776996005351 0.9582
-7.12795969457982 0.9583
-7.12812804527835 0.9584
-7.12825748604559 0.9585
-7.12838441539194 0.9586
-7.12850038818148 0.9587
-7.12859632870473 0.9588
-7.1286644193652 0.9589
-7.12871394770987 0.959
-7.12875370991918 0.9591
-7.12875609962127 0.9592
-7.1287212581009 0.9593
-7.12867693645227 0.9594
-7.12862241310291 0.9595
-7.12856602416895 0.9596
-7.12850369648748 0.9597
-7.128430303961 0.9598
-7.12834314414858 0.9599
-7.12823545383817 0.96
-7.12812372845327 0.9601
-7.12802564380323 0.9602
-7.12789547038533 0.9603
-7.12776710308489 0.9604
-7.12764395376118 0.9605
-7.12753923157361 0.9606
-7.1274191740111 0.9607
-7.12731492010365 0.9608
-7.12720040385397 0.9609
-7.12712346237217 0.961
-7.12705280644145 0.9611
-7.12698238042818 0.9612
-7.12694313567853 0.9613
-7.12692741365069 0.9614
-7.12691312879988 0.9615
-7.12693560513838 0.9616
-7.12697341743652 0.9617
-7.12702847373444 0.9618
-7.12710953430063 0.9619
-7.12718425019778 0.962
-7.12728556051506 0.9621
-7.12740509355708 0.9622
-7.12752521078678 0.9623
-7.1276478090593 0.9624
-7.12775145796116 0.9625
-7.12785177678632 0.9626
-7.12795202976112 0.9627
-7.12806726956758 0.9628
-7.12820611447109 0.9629
-7.12837574624299 0.963
-7.12851732535392 0.9631
-7.12866990875982 0.9632
-7.12881471513469 0.9633
-7.12898893846335 0.9634
-7.12915947255223 0.9635
-7.12934236513091 0.9636
-7.12952321933262 0.9637
-7.12969235814113 0.9638
-7.12984714201568 0.9639
-7.12997746936401 0.964
-7.13010239028952 0.9641
-7.13018780632427 0.9642
-7.13023167070279 0.9643
-7.13029177022542 0.9644
-7.13033902841847 0.9645
-7.13038458533803 0.9646
-7.13040783288106 0.9647
-7.13038591913186 0.9648
-7.13036557424843 0.9649
-7.13038318111312 0.965
-7.13040521421252 0.9651
-7.13044245756423 0.9652
-7.13046687437763 0.9653
-7.13051709489683 0.9654
-7.13058568121372 0.9655
-7.13065165660907 0.9656
-7.13071394381016 0.9657
-7.13075301493133 0.9658
-7.13079408544008 0.9659
-7.13084211756846 0.966
-7.13089002605701 0.9661
-7.13094246570614 0.9662
-7.13098132848383 0.9663
-7.13101466728971 0.9664
-7.13102577926912 0.9665
-7.13104091487919 0.9666
-7.13105657976911 0.9667
-7.13108650759868 0.9668
-7.13109146458729 0.9669
-7.13108806475698 0.967
-7.13108141050835 0.9671
-7.13105318219952 0.9672
-7.13101953699875 0.9673
-7.13099400174529 0.9674
-7.13095090159918 0.9675
-7.13091302982873 0.9676
-7.13087765835673 0.9677
-7.13083930835587 0.9678
-7.1307889876469 0.9679
-7.13073072884515 0.968
-7.13066819864996 0.9681
-7.13060375005872 0.9682
-7.1305182737111 0.9683
-7.13041332149647 0.9684
-7.13032842250272 0.9685
-7.13022961903856 0.9686
-7.13013579881274 0.9687
-7.13001914525603 0.9688
-7.12991621228927 0.9689
-7.12981959994118 0.969
-7.12976412369429 0.9691
-7.12969755576916 0.9692
-7.12963122954065 0.9693
-7.12957081430195 0.9694
-7.12951069447361 0.9695
-7.12946332972619 0.9696
-7.12943899055282 0.9697
-7.12941231629456 0.9698
-7.12938448623769 0.9699
-7.12936871866494 0.97
-7.1293992301953 0.9701
-7.12941338316089 0.9702
-7.12946099423831 0.9703
-7.12954856073376 0.9704
-7.1296444134894 0.9705
-7.12974714411616 0.9706
-7.12985747299592 0.9707
-7.12995745237541 0.9708
-7.13005669883656 0.9709
-7.13015427111214 0.971
-7.13025508120658 0.9711
-7.13033449709205 0.9712
-7.13039679564374 0.9713
-7.13043351218989 0.9714
-7.13045460247671 0.9715
-7.13046074408605 0.9716
-7.13045518945576 0.9717
-7.13043561185508 0.9718
-7.13040326325322 0.9719
-7.13035551560447 0.972
-7.1302870563367 0.9721
-7.13021371354681 0.9722
-7.13012775229254 0.9723
-7.1300213298941 0.9724
-7.12992517885409 0.9725
-7.12981918792741 0.9726
-7.12970178575394 0.9727
-7.12956639523535 0.9728
-7.12940025537645 0.9729
-7.12922887735868 0.973
-7.12905811673245 0.9731
-7.12887494802946 0.9732
-7.12868956040883 0.9733
-7.12849421234336 0.9734
-7.12830288369789 0.9735
-7.12811879086605 0.9736
-7.12795129489038 0.9737
-7.12778055537694 0.9738
-7.12761392114507 0.9739
-7.12747113603151 0.974
-7.12730548376916 0.9741
-7.12714023836132 0.9742
-7.12700649919608 0.9743
-7.12687603001664 0.9744
-7.12675958804137 0.9745
-7.12666175756517 0.9746
-7.12662502565213 0.9747
-7.12659548935105 0.9748
-7.12655934226031 0.9749
-7.12654226628744 0.975
-7.12655921838392 0.9751
-7.1265414051801 0.9752
-7.12654832653407 0.9753
-7.12658470945362 0.9754
-7.12664599101984 0.9755
-7.12671940383214 0.9756
-7.12679493173405 0.9757
-7.12685395156484 0.9758
-7.12691155077934 0.9759
-7.12697118324793 0.976
-7.12702868314908 0.9761
-7.12705797324643 0.9762
-7.12708495413204 0.9763
-7.12709305493734 0.9764
-7.12706526366722 0.9765
-7.12703950678859 0.9766
-7.12699118261515 0.9767
-7.12694898276665 0.9768
-7.1268747388399 0.9769
-7.12680503796074 0.977
-7.12675161483114 0.9771
-7.12668267032797 0.9772
-7.12660832483543 0.9773
-7.12655376962942 0.9774
-7.12646775053535 0.9775
-7.12640813105788 0.9776
-7.12635686148257 0.9777
-7.12630034848439 0.9778
-7.12625904808654 0.9779
-7.12619421093181 0.978
-7.12615662660876 0.9781
-7.12610524100244 0.9782
-7.12605050138471 0.9783
-7.12599100845066 0.9784
-7.12594169629748 0.9785
-7.1258724443631 0.9786
-7.12581773167621 0.9787
-7.12576437395883 0.9788
-7.12572513614633 0.9789
-7.12570939335025 0.979
-7.12570349666152 0.9791
-7.125678091431 0.9792
-7.12562535985816 0.9793
-7.12557229070404 0.9794
-7.12554331141142 0.9795
-7.12550436693015 0.9796
-7.1254735408219 0.9797
-7.12542730689961 0.9798
-7.1253921762686 0.9799
-7.12537419640096 0.98
-7.1253718683042 0.9801
-7.12536392071502 0.9802
-7.12535604674744 0.9803
-7.12536791221719 0.9804
-7.12538849835801 0.9805
-7.1254197987588 0.9806
-7.12549982106144 0.9807
-7.12556763220183 0.9808
-7.12563888430927 0.9809
-7.1257097425077 0.981
-7.12575715288852 0.9811
-7.12580309703715 0.9812
-7.12584377051788 0.9813
-7.12586686173909 0.9814
-7.1258857827358 0.9815
-7.1258848349913 0.9816
-7.12586260060012 0.9817
-7.12583274431454 0.9818
-7.12580776149481 0.9819
-7.12579182201487 0.982
-7.12576605004564 0.9821
-7.12575868802946 0.9822
-7.12577243449471 0.9823
-7.12577265610299 0.9824
-7.12576549067699 0.9825
-7.1257629896969 0.9826
-7.12576620386405 0.9827
-7.12574495303021 0.9828
-7.12568472610378 0.9829
-7.12562137344157 0.983
-7.12552386084873 0.9831
-7.12540543766463 0.9832
-7.12529159817236 0.9833
-7.1251763548399 0.9834
-7.12506463546914 0.9835
-7.12494748481403 0.9836
-7.12483182518997 0.9837
-7.12474263854668 0.9838
-7.12463090967437 0.9839
-7.12451226785667 0.984
-7.12442042797715 0.9841
-7.12431204323889 0.9842
-7.12421440020542 0.9843
-7.12412922818291 0.9844
-7.12406451551665 0.9845
-7.12398749694931 0.9846
-7.12390966521169 0.9847
-7.12381006310646 0.9848
-7.12370117093751 0.9849
-7.12359784343331 0.985
-7.1235067503002 0.9851
-7.12341518430102 0.9852
-7.12334453563084 0.9853
-7.1232926352885 0.9854
-7.12326020380036 0.9855
-7.12324437903975 0.9856
-7.12323272640293 0.9857
-7.12322279038372 0.9858
-7.12322159282502 0.9859
-7.12324858243408 0.986
-7.12324044021465 0.9861
-7.12325373518835 0.9862
-7.12328661862992 0.9863
-7.12331602457397 0.9864
-7.12337250554736 0.9865
-7.12344718343599 0.9866
-7.12352079369345 0.9867
-7.12356365273501 0.9868
-7.12361434221704 0.9869
-7.12365804558375 0.987
-7.12372544730776 0.9871
-7.12379996116104 0.9872
-7.12390281169918 0.9873
-7.12398482440321 0.9874
-7.12407466010596 0.9875
-7.12416252191619 0.9876
-7.12426086991141 0.9877
-7.1243885612906 0.9878
-7.12450220514019 0.9879
-7.1246273693885 0.988
-7.12475727656784 0.9881
-7.12488618834003 0.9882
-7.12503052473634 0.9883
-7.12516983174019 0.9884
-7.12530963595121 0.9885
-7.12542335041598 0.9886
-7.12552590529931 0.9887
-7.12559161045089 0.9888
-7.12564538957686 0.9889
-7.12570876989733 0.989
-7.12576779880284 0.9891
-7.12584827728797 0.9892
-7.12590616027024 0.9893
-7.12596754234342 0.9894
-7.12604669735189 0.9895
-7.12613373474109 0.9896
-7.12620712963057 0.9897
-7.12627477134349 0.9898
-7.12633073268932 0.9899
-7.12637962990401 0.99
-7.1264023866363 0.9901
-7.12640757273584 0.9902
-7.12641714600187 0.9903
-7.12644123873105 0.9904
-7.12649762376403 0.9905
-7.12657114221958 0.9906
-7.12660557852917 0.9907
-7.12664837770488 0.9908
-7.12668629745865 0.9909
-7.12670788575708 0.991
-7.12674342027135 0.9911
-7.12678099629996 0.9912
-7.12682541573891 0.9913
-7.12688548651451 0.9914
-7.12693213604483 0.9915
-7.12696995353504 0.9916
-7.12697106494011 0.9917
-7.12698033217707 0.9918
-7.12701402511321 0.9919
-7.12703043759106 0.992
-7.12701283574672 0.9921
-7.12700810717597 0.9922
-7.12700412096711 0.9923
-7.1269708515086 0.9924
-7.12692406137383 0.9925
-7.12686975374182 0.9926
-7.12680787901083 0.9927
-7.12676932488042 0.9928
-7.12673991920515 0.9929
-7.1266935138688 0.993
-7.1266241260811 0.9931
-7.12652905982688 0.9932
-7.1264454643335 0.9933
-7.12633370711987 0.9934
-7.12619351658024 0.9935
-7.12602486414331 0.9936
-7.12582018955518 0.9937
-7.12557882722975 0.9938
-7.12532286690953 0.9939
-7.12504751486156 0.994
-7.12476329182109 0.9941
-7.12448981837379 0.9942
-7.12422654560886 0.9943
-7.12397107259351 0.9944
-7.1237184838571 0.9945
-7.12343352214606 0.9946
-7.12317338159521 0.9947
-7.12294258504822 0.9948
-7.12273331767387 0.9949
-7.12254581750209 0.995
-7.12236371031375 0.9951
-7.12218354031466 0.9952
-7.12201007668268 0.9953
-7.12185034532161 0.9954
-7.12171808456503 0.9955
-7.12158525578054 0.9956
-7.12149264558513 0.9957
-7.12141265839767 0.9958
-7.1213607060899 0.9959
-7.12133158302841 0.996
-7.1212793729098 0.9961
-7.12126760086209 0.9962
-7.12125132991674 0.9963
-7.12125558112182 0.9964
-7.12127387676437 0.9965
-7.12128838490298 0.9966
-7.12133104075471 0.9967
-7.12137220600139 0.9968
-7.12141806730105 0.9969
-7.12147621209894 0.997
-7.1215170882542 0.9971
-7.12153883019575 0.9972
-7.12156094734146 0.9973
-7.12158336255756 0.9974
-7.12163596716045 0.9975
-7.1216775589603 0.9976
-7.12169982570465 0.9977
-7.12175548695203 0.9978
-7.12183667355883 0.9979
-7.1219060270963 0.998
-7.12199138496831 0.9981
-7.12206871044675 0.9982
-7.12212447692436 0.9983
-7.12217480583742 0.9984
-7.12221071801903 0.9985
-7.12220254189833 0.9986
-7.12218131285536 0.9987
-7.12218778147633 0.9988
-7.12219286975776 0.9989
-7.12219086968945 0.999
-7.12218240918106 0.9991
-7.12213417754983 0.9992
-7.12209902582052 0.9993
-7.12206694428366 0.9994
-7.12206384600095 0.9995
-7.12208057440261 0.9996
-7.12208869653458 0.9997
-7.12214452092891 0.9998
-7.12219298467481 0.9999
-7.12223740872924 1
