# Fix print output for fix f5
-6.84908474191767 0
-6.84913040417549 0.0001
-6.84917580513197 0.0002
-6.84921441868605 0.0003
-6.84924407749117 0.0004
-6.84927208800566 0.0005
-6.84930546123 0.0006
-6.84932980522773 0.0007
-6.84935446048311 0.0008
-6.84937776675548 0.0009
-6.84939850972428 0.001
-6.84941592807649 0.0011
-6.84942115951302 0.0012
-6.8494318060271 0.0013
-6.84944097327749 0.0014
-6.84944480085528 0.0015
-6.84946425142747 0.0016
-6.84948294675822 0.0017
-6.84950367437746 0.0018
-6.84953276133973 0.0019
-6.84955679460539 0.002
-6.84958779423484 0.0021
-6.84961224234457 0.0022
-6.84963825863234 0.0023
-6.84966206142439 0.0024
-6.84968749371405 0.0025
-6.84971933173256 0.0026
-6.84975804127692 0.0027
-6.84980194517424 0.0028
-6.84984114189721 0.0029
-6.84987829040504 0.003
-6.84990942174471 0.0031
-6.849935390025 0.0032
-6.84994803782362 0.0033
-6.84997063337951 0.0034
-6.84998530452669 0.0035
-6.84999488544371 0.0036
-6.84999275098923 0.0037
-6.84996492491468 0.0038
-6.8499379521454 0.0039
-6.84990535954638 0.004
-6.84986506005669 0.0041
-6.8498267731504 0.0042
-6.84978481641505 0.0043
-6.84974191398391 0.0044
-6.84969968208514 0.0045
-6.84964080959362 0.0046
-6.84957310779956 0.0047
-6.84951014315958 0.0048
-6.84944794810964 0.0049
-6.84938403353064 0.005
-6.84931657814917 0.0051
-6.84925598871135 0.0052
-6.84918553651108 0.0053
-6.84911024777428 0.0054
-6.84904097360581 0.0055
-6.848972095839 0.0056
-6.84889533639052 0.0057
-6.84882521805597 0.0058
-6.84875390499856 0.0059
-6.84868054436667 0.006
-6.84861684426287 0.0061
-6.84855072831722 0.0062
-6.8484765941456 0.0063
-6.8483996598167 0.0064
-6.84831844177246 0.0065
-6.84823784982881 0.0066
-6.84815744419384 0.0067
-6.84807793351689 0.0068
-6.84801674419418 0.0069
-6.84796532146667 0.007
-6.84791840886831 0.0071
-6.84788255988399 0.0072
-6.84785096655964 0.0073
-6.84780664821303 0.0074
-6.84778217400452 0.0075
-6.84776785715175 0.0076
-6.84776300483136 0.0077
-6.84776849725083 0.0078
-6.84778182451921 0.0079
-6.84780405503957 0.008
-6.8478283060869 0.0081
-6.84785301754441 0.0082
-6.84787049232386 0.0083
-6.84789611170523 0.0084
-6.84792602033864 0.0085
-6.84796163832344 0.0086
-6.84798426418791 0.0087
-6.84800358259826 0.0088
-6.84802778902887 0.0089
-6.8480410485169 0.009
-6.84804950395622 0.0091
-6.84806544738267 0.0092
-6.84807411025651 0.0093
-6.84806325784426 0.0094
-6.84804908418278 0.0095
-6.84803014672341 0.0096
-6.84799857024443 0.0097
-6.84797509632072 0.0098
-6.84794160005719 0.0099
-6.84791203732468 0.01
-6.84788863415419 0.0101
-6.8478614736088 0.0102
-6.84782931178283 0.0103
-6.84780607381426 0.0104
-6.84779202122385 0.0105
-6.84777893852415 0.0106
-6.8477669542628 0.0107
-6.84775738266832 0.0108
-6.84775580905438 0.0109
-6.84774604540824 0.011
-6.84772785322243 0.0111
-6.84772060496379 0.0112
-6.8477022693216 0.0113
-6.84767510545102 0.0114
-6.84764818734464 0.0115
-6.84762590937127 0.0116
-6.84759119350023 0.0117
-6.84756149592065 0.0118
-6.84753239039671 0.0119
-6.84750887242153 0.012
-6.84748504908333 0.0121
-6.84744984147233 0.0122
-6.84740218600745 0.0123
-6.84734647827509 0.0124
-6.84728325537468 0.0125
-6.84722276852152 0.0126
-6.84715567342969 0.0127
-6.84708975209877 0.0128
-6.84702316267313 0.0129
-6.84695699284285 0.013
-6.84688032434551 0.0131
-6.84680063404582 0.0132
-6.84671926158724 0.0133
-6.84664505668049 0.0134
-6.84656976443266 0.0135
-6.84650213509262 0.0136
-6.84644303742561 0.0137
-6.84639079253348 0.0138
-6.84634738970974 0.0139
-6.8463211019294 0.014
-6.8463120426895 0.0141
-6.84630030976043 0.0142
-6.84629064796845 0.0143
-6.84628696717686 0.0144
-6.84629655994459 0.0145
-6.84629039902882 0.0146
-6.84629283699869 0.0147
-6.84629935528453 0.0148
-6.84631057553198 0.0149
-6.84632732245664 0.015
-6.84635657727547 0.0151
-6.84638789131403 0.0152
-6.84642612506838 0.0153
-6.8464652739453 0.0154
-6.84650421253519 0.0155
-6.84652735598638 0.0156
-6.84656191662143 0.0157
-6.84660631129551 0.0158
-6.84664154084406 0.0159
-6.84667874572078 0.016
-6.84671908227932 0.0161
-6.8467621436322 0.0162
-6.84679873688547 0.0163
-6.84683987099391 0.0164
-6.846881519858 0.0165
-6.84692412699165 0.0166
-6.84696089592263 0.0167
-6.84699251101215 0.0168
-6.84703027116449 0.0169
-6.84707023716861 0.017
-6.84710857793757 0.0171
-6.84713470136117 0.0172
-6.8471659783328 0.0173
-6.84720346378313 0.0174
-6.84723982222621 0.0175
-6.84727261194632 0.0176
-6.84731287666214 0.0177
-6.84735802469418 0.0178
-6.84740814644258 0.0179
-6.84746094410727 0.018
-6.84751830079202 0.0181
-6.84756948225813 0.0182
-6.84762201101769 0.0183
-6.84767160948577 0.0184
-6.84770981606774 0.0185
-6.84774238668567 0.0186
-6.84777549638055 0.0187
-6.84781265329094 0.0188
-6.84783939917046 0.0189
-6.84786365088724 0.019
-6.84788147163645 0.0191
-6.84789297377693 0.0192
-6.84791013207337 0.0193
-6.84792810981719 0.0194
-6.84793553157279 0.0195
-6.84793285892026 0.0196
-6.84791666328899 0.0197
-6.84788501400114 0.0198
-6.847837040821 0.0199
-6.8477885970168 0.02
-6.84773773049446 0.0201
-6.84768454745642 0.0202
-6.84763098697982 0.0203
-6.84757224684422 0.0204
-6.84750257174237 0.0205
-6.84743505716778 0.0206
-6.84736272651797 0.0207
-6.84727728602086 0.0208
-6.84718607245161 0.0209
-6.84709623474759 0.021
-6.84700603815531 0.0211
-6.84691700359517 0.0212
-6.84682444500913 0.0213
-6.84674058928434 0.0214
-6.8466587683461 0.0215
-6.84657208362585 0.0216
-6.84647432334064 0.0217
-6.84636732256412 0.0218
-6.84625430678166 0.0219
-6.84613940860116 0.022
-6.84604553199483 0.0221
-6.84594181316033 0.0222
-6.84583789617902 0.0223
-6.84572510025165 0.0224
-6.84560780351699 0.0225
-6.84549581101459 0.0226
-6.84538648804251 0.0227
-6.84528553095365 0.0228
-6.84519740369243 0.0229
-6.84510949236811 0.023
-6.84503092161831 0.0231
-6.84497390252948 0.0232
-6.84491895041996 0.0233
-6.84487674857268 0.0234
-6.8448590821666 0.0235
-6.84486074063654 0.0236
-6.84487080077852 0.0237
-6.84490315042815 0.0238
-6.8449326642485 0.0239
-6.8449662102327 0.024
-6.84500346605006 0.0241
-6.84505702194176 0.0242
-6.8451166566559 0.0243
-6.84519285283635 0.0244
-6.8452544150948 0.0245
-6.84532015504149 0.0246
-6.84538684748505 0.0247
-6.84544789485154 0.0248
-6.84550580881464 0.0249
-6.84556775663199 0.025
-6.84562628913764 0.0251
-6.84568702048835 0.0252
-6.84574240379222 0.0253
-6.84580120681029 0.0254
-6.84586007719173 0.0255
-6.84590894737827 0.0256
-6.84595122405074 0.0257
-6.84598820176397 0.0258
-6.84602158214992 0.0259
-6.84605777838822 0.026
-6.84608876379921 0.0261
-6.84610448092215 0.0262
-6.84611084993373 0.0263
-6.84610247541234 0.0264
-6.84608008846386 0.0265
-6.8460617524578 0.0266
-6.84604536449915 0.0267
-6.84603512795972 0.0268
-6.84602986624152 0.0269
-6.84600920592624 0.027
-6.84598425032238 0.0271
-6.84596589914388 0.0272
-6.84595183742988 0.0273
-6.84594089157406 0.0274
-6.8459495037569 0.0275
-6.84597426284791 0.0276
-6.84600463254873 0.0277
-6.84604236315191 0.0278
-6.84608863643916 0.0279
-6.84613901087383 0.028
-6.84618934720009 0.0281
-6.84623523137269 0.0282
-6.84628660097838 0.0283
-6.8463339479692 0.0284
-6.84638510565756 0.0285
-6.84642872376121 0.0286
-6.84645401996764 0.0287
-6.84646554279292 0.0288
-6.84646984527451 0.0289
-6.84647269998795 0.029
-6.84646923100844 0.0291
-6.84645907869149 0.0292
-6.84644653300529 0.0293
-6.84642945979812 0.0294
-6.8464024177376 0.0295
-6.84636255264761 0.0296
-6.84632193611553 0.0297
-6.84626698207882 0.0298
-6.84621048571016 0.0299
-6.84616241796802 0.03
-6.84612466398581 0.0301
-6.84608146639399 0.0302
-6.84602916779115 0.0303
-6.8459715611748 0.0304
-6.84591768883395 0.0305
-6.84586541480646 0.0306
-6.84581865974038 0.0307
-6.84577496581098 0.0308
-6.84573328531097 0.0309
-6.84571229733943 0.031
-6.84569994756488 0.0311
-6.84571351661704 0.0312
-6.84573516465523 0.0313
-6.84576177440835 0.0314
-6.84580560932352 0.0315
-6.84585845002712 0.0316
-6.84592206163173 0.0317
-6.84600294632424 0.0318
-6.84609767211015 0.0319
-6.84619215980738 0.032
-6.84629942131025 0.0321
-6.84640382176339 0.0322
-6.84650620049931 0.0323
-6.8465904150388 0.0324
-6.8466568169674 0.0325
-6.84671386565349 0.0326
-6.84675353280521 0.0327
-6.84677539952664 0.0328
-6.84678897879139 0.0329
-6.84679386833561 0.033
-6.84678795342422 0.0331
-6.84676605597591 0.0332
-6.84673175790132 0.0333
-6.84667124610252 0.0334
-6.84659464081208 0.0335
-6.84650642990085 0.0336
-6.84641281033445 0.0337
-6.84630401273602 0.0338
-6.84617646575152 0.0339
-6.84603922228745 0.034
-6.84589456757914 0.0341
-6.84574701761749 0.0342
-6.84560477619188 0.0343
-6.84547089510748 0.0344
-6.84535531670996 0.0345
-6.8452554921562 0.0346
-6.84516412704788 0.0347
-6.84511405961093 0.0348
-6.84508540179176 0.0349
-6.84508298531284 0.035
-6.8450946924333 0.0351
-6.84512559963932 0.0352
-6.84516457451347 0.0353
-6.84521733703664 0.0354
-6.84528383974603 0.0355
-6.84534901685162 0.0356
-6.84542491593807 0.0357
-6.8454991227901 0.0358
-6.84558495693961 0.0359
-6.84566938493715 0.036
-6.84575636871775 0.0361
-6.84584454202579 0.0362
-6.84593487435403 0.0363
-6.846014923832 0.0364
-6.84608128200641 0.0365
-6.84613522273632 0.0366
-6.84618043173017 0.0367
-6.84622132641935 0.0368
-6.84625324236564 0.0369
-6.84626838179408 0.037
-6.84627167436292 0.0371
-6.8462619196844 0.0372
-6.84624650007034 0.0373
-6.84622598791208 0.0374
-6.84619019207861 0.0375
-6.84613572396583 0.0376
-6.84607682086612 0.0377
-6.84599298897868 0.0378
-6.84591238996295 0.0379
-6.84583163127966 0.038
-6.84574502857937 0.0381
-6.8456584714469 0.0382
-6.84556794397877 0.0383
-6.84548988212122 0.0384
-6.84541665314525 0.0385
-6.84535462341198 0.0386
-6.84529473834931 0.0387
-6.84524328743299 0.0388
-6.84519612663154 0.0389
-6.84515110616221 0.039
-6.8451152665454 0.0391
-6.84509155614461 0.0392
-6.84508436744621 0.0393
-6.84508199453173 0.0394
-6.84509621116422 0.0395
-6.84513110008339 0.0396
-6.84517289161682 0.0397
-6.84523714321129 0.0398
-6.84531534440816 0.0399
-6.84539418918729 0.04
-6.84546912255146 0.0401
-6.84555044933178 0.0402
-6.84562616135742 0.0403
-6.845702292882 0.0404
-6.84578571307372 0.0405
-6.84586279772705 0.0406
-6.84593163487267 0.0407
-6.84598675067123 0.0408
-6.84603249552291 0.0409
-6.8460639670653 0.041
-6.84609406132983 0.0411
-6.84611609121966 0.0412
-6.84613086182286 0.0413
-6.84613779495263 0.0414
-6.84613904794109 0.0415
-6.84612159201652 0.0416
-6.84609623634877 0.0417
-6.84606399131242 0.0418
-6.84603332317072 0.0419
-6.84599403662521 0.042
-6.84594631392462 0.0421
-6.84589710495411 0.0422
-6.84583972105213 0.0423
-6.84578223269148 0.0424
-6.8457175281479 0.0425
-6.84565091904724 0.0426
-6.84558154881817 0.0427
-6.84552100402868 0.0428
-6.84545618614739 0.0429
-6.84538918182668 0.043
-6.84532347874613 0.0431
-6.84525666531482 0.0432
-6.84519528323199 0.0433
-6.84514848757314 0.0434
-6.84510387159906 0.0435
-6.84506913883674 0.0436
-6.84503883386299 0.0437
-6.8450200973958 0.0438
-6.84501123302906 0.0439
-6.84500768018319 0.044
-6.84500330864443 0.0441
-6.84500673280141 0.0442
-6.84501297821505 0.0443
-6.8450320600644 0.0444
-6.84503654515269 0.0445
-6.84504852743164 0.0446
-6.84505372965874 0.0447
-6.84505063200494 0.0448
-6.84505911729852 0.0449
-6.84506206929912 0.045
-6.84505949578759 0.0451
-6.84506020819294 0.0452
-6.84506886562404 0.0453
-6.84507337244486 0.0454
-6.84507530554265 0.0455
-6.84507428380262 0.0456
-6.84508074665424 0.0457
-6.84507960653622 0.0458
-6.84508381880071 0.0459
-6.84507679221148 0.046
-6.84507796961742 0.0461
-6.84507999745341 0.0462
-6.84508023192168 0.0463
-6.84506955599785 0.0464
-6.84505305537197 0.0465
-6.84503581585022 0.0466
-6.84502099422977 0.0467
-6.84500003487621 0.0468
-6.84497995148144 0.0469
-6.8449570491217 0.047
-6.84493648036321 0.0471
-6.84491895644992 0.0472
-6.84489359812209 0.0473
-6.84487318668638 0.0474
-6.8448713187328 0.0475
-6.84488105021549 0.0476
-6.84489597285278 0.0477
-6.84491946513178 0.0478
-6.84494501310393 0.0479
-6.84497722017188 0.048
-6.84500905407313 0.0481
-6.84503314174361 0.0482
-6.84507272303182 0.0483
-6.84511539993587 0.0484
-6.84515234283809 0.0485
-6.84518846196436 0.0486
-6.84522183233817 0.0487
-6.84525662368642 0.0488
-6.84529532008889 0.0489
-6.84534960135866 0.049
-6.84541727165685 0.0491
-6.84548786857538 0.0492
-6.84556283568882 0.0493
-6.84562001241887 0.0494
-6.84567531407243 0.0495
-6.84573045275368 0.0496
-6.84576996914925 0.0497
-6.84580120681958 0.0498
-6.84582837454086 0.0499
-6.84585011298044 0.05
-6.84586100797777 0.0501
-6.84586451196107 0.0502
-6.84585116301213 0.0503
-6.84582005322681 0.0504
-6.84578586474434 0.0505
-6.84574019117734 0.0506
-6.84568980537845 0.0507
-6.84563978763576 0.0508
-6.84559133021459 0.0509
-6.84554385688072 0.051
-6.84549637522481 0.0511
-6.84546457931654 0.0512
-6.84545275414007 0.0513
-6.84545778267494 0.0514
-6.84545447040853 0.0515
-6.84545529303113 0.0516
-6.84545083812413 0.0517
-6.84544431551737 0.0518
-6.84543106424462 0.0519
-6.84541398486247 0.052
-6.8453929098565 0.0521
-6.84536698664544 0.0522
-6.84534424965445 0.0523
-6.84531687635424 0.0524
-6.84529286231551 0.0525
-6.84526970578682 0.0526
-6.84524218302993 0.0527
-6.84521638822103 0.0528
-6.845212362556 0.0529
-6.84521803984266 0.053
-6.84523395542888 0.0531
-6.8452614126811 0.0532
-6.84530052500225 0.0533
-6.84534694578938 0.0534
-6.8454143694013 0.0535
-6.84549194571443 0.0536
-6.84558065204354 0.0537
-6.84567891492416 0.0538
-6.84577783246194 0.0539
-6.84586596314106 0.054
-6.84594923236194 0.0541
-6.8460193030468 0.0542
-6.84609427935998 0.0543
-6.84616526156979 0.0544
-6.84622762523059 0.0545
-6.84628869541291 0.0546
-6.84633950332833 0.0547
-6.84637432323592 0.0548
-6.84639575543068 0.0549
-6.84641665096426 0.055
-6.84642786615856 0.0551
-6.84643203110548 0.0552
-6.84644042174129 0.0553
-6.84644472938271 0.0554
-6.84644028982034 0.0555
-6.8464437826574 0.0556
-6.84644682602559 0.0557
-6.84645275865799 0.0558
-6.84646337322595 0.0559
-6.84647595621432 0.056
-6.8464953288815 0.0561
-6.84651748637958 0.0562
-6.84655574625072 0.0563
-6.84659295990831 0.0564
-6.84661736154204 0.0565
-6.8466252615105 0.0566
-6.84663089889087 0.0567
-6.8466336201793 0.0568
-6.8466246516611 0.0569
-6.8465986115474 0.057
-6.84655468059077 0.0571
-6.84650952957393 0.0572
-6.84645006650336 0.0573
-6.84637432202409 0.0574
-6.84629069775717 0.0575
-6.84619339461058 0.0576
-6.84610398115129 0.0577
-6.84600321915488 0.0578
-6.84589514622708 0.0579
-6.84578454773643 0.058
-6.84567364491692 0.0581
-6.84555894025442 0.0582
-6.84545381381353 0.0583
-6.84536047927755 0.0584
-6.84527471202816 0.0585
-6.84519402337123 0.0586
-6.84511732015079 0.0587
-6.84505230913066 0.0588
-6.84499066894348 0.0589
-6.84492351628894 0.059
-6.84486835731751 0.0591
-6.84481854058234 0.0592
-6.84477904112787 0.0593
-6.84474525449126 0.0594
-6.84470463794984 0.0595
-6.84466514774264 0.0596
-6.844617346005 0.0597
-6.84456933708377 0.0598
-6.84451208646005 0.0599
-6.84446013920082 0.06
-6.84440852575906 0.0601
-6.84436809512297 0.0602
-6.84432652353274 0.0603
-6.84429419622697 0.0604
-6.84425810508159 0.0605
-6.8442380562364 0.0606
-6.84422593275436 0.0607
-6.84421246780893 0.0608
-6.8441997658066 0.0609
-6.84421462997526 0.061
-6.84423309922574 0.0611
-6.84425635074488 0.0612
-6.84428038213332 0.0613
-6.84429689619023 0.0614
-6.84431628978349 0.0615
-6.8443414017407 0.0616
-6.84436929348808 0.0617
-6.84440040975453 0.0618
-6.84444867001839 0.0619
-6.84448203645277 0.062
-6.84451157459305 0.0621
-6.84454593179649 0.0622
-6.84457748404843 0.0623
-6.8445716705077 0.0624
-6.84455656931974 0.0625
-6.84453628612027 0.0626
-6.84451311711701 0.0627
-6.84448315518357 0.0628
-6.84443751706193 0.0629
-6.84439117048217 0.063
-6.84434114575935 0.0631
-6.84430035998752 0.0632
-6.84426159483362 0.0633
-6.84422269945436 0.0634
-6.84418905983698 0.0635
-6.84416082038531 0.0636
-6.84413883290848 0.0637
-6.84411223060815 0.0638
-6.84409901212768 0.0639
-6.84409797498344 0.064
-6.84411105872589 0.0641
-6.8441278943715 0.0642
-6.8441692399476 0.0643
-6.84421928585069 0.0644
-6.8442703687974 0.0645
-6.84432912174221 0.0646
-6.84439065576303 0.0647
-6.84446137055349 0.0648
-6.84454266609832 0.0649
-6.84463684107564 0.065
-6.84472894842855 0.0651
-6.84482124598221 0.0652
-6.84491199645159 0.0653
-6.84498459858905 0.0654
-6.84503757024773 0.0655
-6.84507675431476 0.0656
-6.84509552455044 0.0657
-6.84509802473824 0.0658
-6.84508945027266 0.0659
-6.84507424300103 0.066
-6.84505491078789 0.0661
-6.84502895619464 0.0662
-6.84498603797359 0.0663
-6.84492157555017 0.0664
-6.84485024364509 0.0665
-6.84477463425909 0.0666
-6.84470809860495 0.0667
-6.84465079709823 0.0668
-6.84460126327007 0.0669
-6.84454155854863 0.067
-6.84448388931757 0.0671
-6.84443395679877 0.0672
-6.84439267372481 0.0673
-6.84435838105116 0.0674
-6.84434284111218 0.0675
-6.84432850821182 0.0676
-6.84432397801367 0.0677
-6.84431996206152 0.0678
-6.8443217250812 0.0679
-6.84434211035124 0.068
-6.84437978755952 0.0681
-6.84442416936007 0.0682
-6.84447105862665 0.0683
-6.84451560794906 0.0684
-6.84457331666403 0.0685
-6.84464021113225 0.0686
-6.84471915696877 0.0687
-6.84479279562237 0.0688
-6.84487295679079 0.0689
-6.84494691173613 0.069
-6.84502585843789 0.0691
-6.84509904451419 0.0692
-6.84516670224339 0.0693
-6.84523390178559 0.0694
-6.84529272293058 0.0695
-6.84534253799152 0.0696
-6.84537516100856 0.0697
-6.84539052399085 0.0698
-6.84538500395838 0.0699
-6.84535369092348 0.07
-6.84530533617327 0.0701
-6.8452499689004 0.0702
-6.84518643544819 0.0703
-6.84510686659461 0.0704
-6.84501374662477 0.0705
-6.84491927447327 0.0706
-6.84481942223004 0.0707
-6.84470355087316 0.0708
-6.84459068747332 0.0709
-6.84449205093565 0.071
-6.84438941967801 0.0711
-6.84429983893987 0.0712
-6.84420914781744 0.0713
-6.84413002585615 0.0714
-6.84405932680663 0.0715
-6.84400735419759 0.0716
-6.84396054955994 0.0717
-6.84392615853731 0.0718
-6.8438943968299 0.0719
-6.84387046054716 0.072
-6.84385873743605 0.0721
-6.8438592659703 0.0722
-6.84385800307524 0.0723
-6.84387488758581 0.0724
-6.84390957872355 0.0725
-6.84394011949857 0.0726
-6.84399000671894 0.0727
-6.84405199336775 0.0728
-6.84411734494902 0.0729
-6.84419309516305 0.073
-6.84427428088665 0.0731
-6.84435683443113 0.0732
-6.84445921289967 0.0733
-6.84457105261916 0.0734
-6.84469663106674 0.0735
-6.84482293234265 0.0736
-6.8449494099891 0.0737
-6.84506913592724 0.0738
-6.8451735097186 0.0739
-6.8452762866743 0.074
-6.84536751918556 0.0741
-6.84544639229376 0.0742
-6.84552583392567 0.0743
-6.84557925314598 0.0744
-6.84561213172991 0.0745
-6.84563317595985 0.0746
-6.8456440993041 0.0747
-6.84565305181755 0.0748
-6.84565095182254 0.0749
-6.84563325450319 0.075
-6.84560773319586 0.0751
-6.84556912932445 0.0752
-6.84551795889998 0.0753
-6.84545957941885 0.0754
-6.84540078833478 0.0755
-6.8453463584848 0.0756
-6.84528577369077 0.0757
-6.84522300284563 0.0758
-6.84515806199025 0.0759
-6.84510304178989 0.076
-6.84504668998796 0.0761
-6.84499421889183 0.0762
-6.84495053350822 0.0763
-6.84492038321967 0.0764
-6.84489393780465 0.0765
-6.84487134159589 0.0766
-6.84486599473598 0.0767
-6.84486072298388 0.0768
-6.84486547446434 0.0769
-6.8448923751549 0.077
-6.84492524825071 0.0771
-6.84495143084634 0.0772
-6.84496252458249 0.0773
-6.84497348839788 0.0774
-6.84497429054988 0.0775
-6.84498703427872 0.0776
-6.8449936896318 0.0777
-6.84499349133202 0.0778
-6.84499008477096 0.0779
-6.84499114755304 0.078
-6.84497741038771 0.0781
-6.84495189388233 0.0782
-6.84492168224188 0.0783
-6.84489410343301 0.0784
-6.84487159950475 0.0785
-6.84483813665921 0.0786
-6.84481046189339 0.0787
-6.84478176953781 0.0788
-6.84475811416071 0.0789
-6.84473047769059 0.079
-6.84470742379775 0.0791
-6.8446686896239 0.0792
-6.84462862381935 0.0793
-6.84458810314135 0.0794
-6.84453539256712 0.0795
-6.84447502531708 0.0796
-6.8444171595816 0.0797
-6.84436160285294 0.0798
-6.8443068302297 0.0799
-6.84424053000274 0.08
-6.84416479677979 0.0801
-6.84409308841535 0.0802
-6.84401907820413 0.0803
-6.84394747167417 0.0804
-6.84389056746018 0.0805
-6.84383986088508 0.0806
-6.8437816049737 0.0807
-6.84372570844239 0.0808
-6.84365805666371 0.0809
-6.84358525210386 0.081
-6.84351860508757 0.0811
-6.84345776233123 0.0812
-6.84340135656498 0.0813
-6.84336262910514 0.0814
-6.84331933495432 0.0815
-6.84327172599065 0.0816
-6.84323038423091 0.0817
-6.84320107182046 0.0818
-6.84316302343297 0.0819
-6.84313022036811 0.082
-6.84310578247314 0.0821
-6.84307574825095 0.0822
-6.84304935931863 0.0823
-6.8430215938525 0.0824
-6.84299851091363 0.0825
-6.8429701801466 0.0826
-6.84294425375546 0.0827
-6.84292280671283 0.0828
-6.84289980232178 0.0829
-6.84288939812099 0.083
-6.84288893514756 0.0831
-6.84290052980052 0.0832
-6.84291675786282 0.0833
-6.84291888270664 0.0834
-6.84293144441718 0.0835
-6.84293475072442 0.0836
-6.84293250675143 0.0837
-6.84293461387321 0.0838
-6.84293998736707 0.0839
-6.84293245025598 0.084
-6.84292844645129 0.0841
-6.84291012840783 0.0842
-6.84288047795549 0.0843
-6.84285664091951 0.0844
-6.84283224682046 0.0845
-6.84280146762507 0.0846
-6.84278477128053 0.0847
-6.8427576344996 0.0848
-6.84272901778767 0.0849
-6.84269939601461 0.085
-6.84267533157916 0.0851
-6.84265519254903 0.0852
-6.84265442036394 0.0853
-6.8426564429549 0.0854
-6.84266464345799 0.0855
-6.84268036970442 0.0856
-6.84270411852217 0.0857
-6.84274133949877 0.0858
-6.84279426556335 0.0859
-6.84285375771702 0.086
-6.8429029340065 0.0861
-6.84294578295191 0.0862
-6.84299838458431 0.0863
-6.84305409065952 0.0864
-6.84310731697642 0.0865
-6.84315784405715 0.0866
-6.84321330272606 0.0867
-6.84327092814393 0.0868
-6.84333151352152 0.0869
-6.84338019849714 0.087
-6.84342426014542 0.0871
-6.84346582580868 0.0872
-6.84349978214759 0.0873
-6.8435241775328 0.0874
-6.84353468267865 0.0875
-6.84353735300732 0.0876
-6.84352619768361 0.0877
-6.84349467325625 0.0878
-6.84345824331685 0.0879
-6.84342359619803 0.088
-6.84339310942655 0.0881
-6.84337103250786 0.0882
-6.84336114576669 0.0883
-6.84335409868612 0.0884
-6.84336445049946 0.0885
-6.84338358718992 0.0886
-6.84340637014863 0.0887
-6.84343737233361 0.0888
-6.84346672763073 0.0889
-6.84350688908029 0.089
-6.84354460169586 0.0891
-6.8436027905251 0.0892
-6.84366889178063 0.0893
-6.84372855753765 0.0894
-6.8437878279941 0.0895
-6.84385622855065 0.0896
-6.84391927139468 0.0897
-6.8439827259665 0.0898
-6.84404911166638 0.0899
-6.84410376284397 0.09
-6.84415332884619 0.0901
-6.8441923389588 0.0902
-6.8442310421743 0.0903
-6.84426718544414 0.0904
-6.84429513523665 0.0905
-6.8443105487866 0.0906
-6.84431743472652 0.0907
-6.84431906621427 0.0908
-6.84430916851217 0.0909
-6.84429677150121 0.091
-6.84427995935688 0.0911
-6.84426190188241 0.0912
-6.84423567594207 0.0913
-6.84419595048777 0.0914
-6.84414068228501 0.0915
-6.84406714433136 0.0916
-6.843988756319 0.0917
-6.84391301156321 0.0918
-6.84383261778356 0.0919
-6.84374873790318 0.092
-6.84365531167085 0.0921
-6.84355902029155 0.0922
-6.843462760698 0.0923
-6.84337000924824 0.0924
-6.84327772776371 0.0925
-6.84318243344614 0.0926
-6.84309229512312 0.0927
-6.84300912939948 0.0928
-6.84292730480134 0.0929
-6.84284793968781 0.093
-6.84277701675211 0.0931
-6.84270555419126 0.0932
-6.8426437977133 0.0933
-6.84258070010737 0.0934
-6.84252148415563 0.0935
-6.84246168158819 0.0936
-6.84241702453807 0.0937
-6.84236918198595 0.0938
-6.84232506551999 0.0939
-6.84228600388232 0.094
-6.84225573644019 0.0941
-6.8422329050567 0.0942
-6.84222045288988 0.0943
-6.84220781636103 0.0944
-6.84221142412269 0.0945
-6.84223492755904 0.0946
-6.84226366965565 0.0947
-6.84229595601229 0.0948
-6.84232322123375 0.0949
-6.84234388757773 0.095
-6.84236082533595 0.0951
-6.84237270049429 0.0952
-6.84238143847897 0.0953
-6.84238706347711 0.0954
-6.84237932876357 0.0955
-6.84236434164339 0.0956
-6.84234852645108 0.0957
-6.84233328574531 0.0958
-6.84230099362928 0.0959
-6.84226333992523 0.096
-6.84221537345142 0.0961
-6.84216469397895 0.0962
-6.84210945972674 0.0963
-6.84205317895709 0.0964
-6.84198871872086 0.0965
-6.84192779803452 0.0966
-6.84186441379344 0.0967
-6.84180079879409 0.0968
-6.84173531613016 0.0969
-6.84167738350277 0.097
-6.84163033706688 0.0971
-6.84159421861865 0.0972
-6.84155932443111 0.0973
-6.84154417934235 0.0974
-6.84154329948813 0.0975
-6.84155427297022 0.0976
-6.84157302420688 0.0977
-6.84159730137512 0.0978
-6.84163325458778 0.0979
-6.84169746045104 0.098
-6.84176507712911 0.0981
-6.8418273404843 0.0982
-6.84189158842176 0.0983
-6.84197373775205 0.0984
-6.84206563606971 0.0985
-6.84215081384106 0.0986
-6.84224055786371 0.0987
-6.84233865909982 0.0988
-6.84242129014941 0.0989
-6.84249858733772 0.099
-6.84256049835435 0.0991
-6.84261160528699 0.0992
-6.8426641268139 0.0993
-6.8427295852946 0.0994
-6.84279857517574 0.0995
-6.84285655919761 0.0996
-6.84290692838917 0.0997
-6.84295514339896 0.0998
-6.84298697869864 0.0999
-6.84300990343195 0.1
-6.84301802342281 0.1001
-6.84302593900384 0.1002
-6.84303162419105 0.1003
-6.84303577203046 0.1004
-6.84303871853462 0.1005
-6.84304075290934 0.1006
-6.84304801848369 0.1007
-6.84305461082675 0.1008
-6.84306720979612 0.1009
-6.84309279345958 0.101
-6.84312120934896 0.1011
-6.84314406149564 0.1012
-6.84318045428911 0.1013
-6.84321647344418 0.1014
-6.84325650747767 0.1015
-6.84330595123169 0.1016
-6.843358833664 0.1017
-6.84341285782329 0.1018
-6.84346644698537 0.1019
-6.84351580497739 0.102
-6.84357921580961 0.1021
-6.84364018175019 0.1022
-6.84368634438144 0.1023
-6.84372936928167 0.1024
-6.84376075483908 0.1025
-6.84380121520879 0.1026
-6.84383931001307 0.1027
-6.84386647683559 0.1028
-6.84388998365065 0.1029
-6.8439060295813 0.103
-6.8439213967395 0.1031
-6.84391589931869 0.1032
-6.84389908854756 0.1033
-6.84386844713534 0.1034
-6.84383641716425 0.1035
-6.84379945216004 0.1036
-6.84375016483704 0.1037
-6.84369093593154 0.1038
-6.84362969735399 0.1039
-6.84355533733036 0.104
-6.84347027738283 0.1041
-6.84337416536462 0.1042
-6.84327935235208 0.1043
-6.84318578403634 0.1044
-6.8430895122312 0.1045
-6.84299370310935 0.1046
-6.84290547698356 0.1047
-6.84281236139824 0.1048
-6.84273333711342 0.1049
-6.84264762668088 0.105
-6.84256304300891 0.1051
-6.8424735431533 0.1052
-6.84238144006764 0.1053
-6.8422996221013 0.1054
-6.8422205829371 0.1055
-6.84214087963234 0.1056
-6.84206587040572 0.1057
-6.84200975518078 0.1058
-6.84195893080041 0.1059
-6.84192697134741 0.106
-6.84190670819588 0.1061
-6.84189693617913 0.1062
-6.84188291112469 0.1063
-6.84186789422612 0.1064
-6.84186384413924 0.1065
-6.84186587118915 0.1066
-6.84186390484601 0.1067
-6.84185645908066 0.1068
-6.84185235183032 0.1069
-6.84184570443054 0.107
-6.84183493556229 0.1071
-6.84182684483605 0.1072
-6.84182593768511 0.1073
-6.84182082977746 0.1074
-6.84181447056338 0.1075
-6.84179649518745 0.1076
-6.84177754206452 0.1077
-6.84176188857446 0.1078
-6.84173572462848 0.1079
-6.84172053916937 0.108
-6.84170034152475 0.1081
-6.8416832224795 0.1082
-6.84166827565123 0.1083
-6.84165862245231 0.1084
-6.84165566790559 0.1085
-6.84166272244883 0.1086
-6.8416703161222 0.1087
-6.84168356160463 0.1088
-6.84170724644742 0.1089
-6.84173770691352 0.109
-6.84177870170153 0.1091
-6.84181613587621 0.1092
-6.84185612736792 0.1093
-6.84188787019547 0.1094
-6.84192362651814 0.1095
-6.84196950773818 0.1096
-6.84200986684298 0.1097
-6.84205079657236 0.1098
-6.84209675767141 0.1099
-6.84213986627293 0.11
-6.84217554288467 0.1101
-6.84220048731453 0.1102
-6.84222904258566 0.1103
-6.84225862412628 0.1104
-6.84228247806801 0.1105
-6.84229636767169 0.1106
-6.84230235885321 0.1107
-6.84230122850787 0.1108
-6.84229170101632 0.1109
-6.84227818106728 0.111
-6.84226639102521 0.1111
-6.84224826940486 0.1112
-6.84222783863103 0.1113
-6.84219137247054 0.1114
-6.84214161023605 0.1115
-6.84207404818566 0.1116
-6.84200381359295 0.1117
-6.84192390527936 0.1118
-6.8418381294418 0.1119
-6.8417472220718 0.112
-6.84165243753239 0.1121
-6.8415483655431 0.1122
-6.84144530462874 0.1123
-6.84134929830695 0.1124
-6.84126279643272 0.1125
-6.84119447917928 0.1126
-6.84112796657592 0.1127
-6.84106938026893 0.1128
-6.84101088704871 0.1129
-6.84095859435471 0.113
-6.8409131830093 0.1131
-6.84087545933314 0.1132
-6.84084624719067 0.1133
-6.84082667892452 0.1134
-6.84082923273907 0.1135
-6.84083170346389 0.1136
-6.84084600672888 0.1137
-6.84086282673744 0.1138
-6.84088770596067 0.1139
-6.84090150778625 0.114
-6.84091217323295 0.1141
-6.84092472396254 0.1142
-6.84093580794995 0.1143
-6.84094824372079 0.1144
-6.84095937286823 0.1145
-6.84096689617009 0.1146
-6.84097637033349 0.1147
-6.84098372995625 0.1148
-6.84098186968828 0.1149
-6.84099716497681 0.115
-6.84101845467153 0.1151
-6.84104586669055 0.1152
-6.84107289687132 0.1153
-6.8411071608406 0.1154
-6.84114988974992 0.1155
-6.84120187604254 0.1156
-6.84125125378754 0.1157
-6.84130903821593 0.1158
-6.84137871495167 0.1159
-6.8414571351297 0.116
-6.84154471807014 0.1161
-6.84163487964238 0.1162
-6.84173044867054 0.1163
-6.84182513192314 0.1164
-6.84190706667209 0.1165
-6.84197079521828 0.1166
-6.84202298571766 0.1167
-6.84205827517776 0.1168
-6.84209859011372 0.1169
-6.84212239254742 0.117
-6.8421403752486 0.1171
-6.84215520688682 0.1172
-6.84216871973168 0.1173
-6.84215638916452 0.1174
-6.84212566111622 0.1175
-6.84208754388574 0.1176
-6.8420319536844 0.1177
-6.84197405557555 0.1178
-6.84192096586911 0.1179
-6.84186351054579 0.118
-6.84181093369401 0.1181
-6.84175336471995 0.1182
-6.84170854167007 0.1183
-6.84166556930827 0.1184
-6.84162485781995 0.1185
-6.84159567295366 0.1186
-6.84157231896263 0.1187
-6.84154699480995 0.1188
-6.8415208708477 0.1189
-6.8415066633817 0.119
-6.8414929315465 0.1191
-6.841477930557 0.1192
-6.84147659009957 0.1193
-6.84147780876716 0.1194
-6.84147794168081 0.1195
-6.84147959073186 0.1196
-6.84148441145302 0.1197
-6.84148526625835 0.1198
-6.84147580329817 0.1199
-6.84147695407227 0.12
-6.84147437068918 0.1201
-6.84146273037174 0.1202
-6.84146222802531 0.1203
-6.84145313463546 0.1204
-6.84144370214489 0.1205
-6.8414259079672 0.1206
-6.84140347261075 0.1207
-6.84138193963499 0.1208
-6.841345766735 0.1209
-6.84130002445543 0.121
-6.84125079983299 0.1211
-6.8411884355685 0.1212
-6.84112705603374 0.1213
-6.84105097465711 0.1214
-6.84096705728347 0.1215
-6.84087784497434 0.1216
-6.8407892351721 0.1217
-6.84068620387688 0.1218
-6.84057252753378 0.1219
-6.8404558870705 0.122
-6.84035311067599 0.1221
-6.84024707675194 0.1222
-6.84014312823598 0.1223
-6.84004823336751 0.1224
-6.83996587987527 0.1225
-6.83989363011526 0.1226
-6.83982584550677 0.1227
-6.839777833769 0.1228
-6.83973163836612 0.1229
-6.83969660749563 0.123
-6.83966809618835 0.1231
-6.83965115099744 0.1232
-6.83964185627111 0.1233
-6.8396565693641 0.1234
-6.83969035393208 0.1235
-6.83973634876059 0.1236
-6.83979019217147 0.1237
-6.83985082285575 0.1238
-6.83990672909298 0.1239
-6.8399663535388 0.124
-6.84002607109581 0.1241
-6.84009251935562 0.1242
-6.84015840315378 0.1243
-6.84021733487105 0.1244
-6.84027142899915 0.1245
-6.84031977935815 0.1246
-6.84035821945675 0.1247
-6.84039467057035 0.1248
-6.84043322397371 0.1249
-6.84047277566454 0.125
-6.84050825938387 0.1251
-6.84053002737123 0.1252
-6.84053983743605 0.1253
-6.84055613239188 0.1254
-6.84056040692812 0.1255
-6.84056181545713 0.1256
-6.84055915359204 0.1257
-6.84054394948128 0.1258
-6.84051755186083 0.1259
-6.84048104746288 0.126
-6.84043494867762 0.1261
-6.84037664699458 0.1262
-6.84032801788139 0.1263
-6.84027956429593 0.1264
-6.84022194140208 0.1265
-6.84015527280109 0.1266
-6.84009007792699 0.1267
-6.84001495001568 0.1268
-6.83993504751739 0.1269
-6.8398614335978 0.127
-6.83978562850278 0.1271
-6.83971099952711 0.1272
-6.83963283241815 0.1273
-6.83956199616657 0.1274
-6.83949865590746 0.1275
-6.83942468875025 0.1276
-6.83935122982558 0.1277
-6.83927138010688 0.1278
-6.83918605324181 0.1279
-6.83910033846884 0.128
-6.83900429572691 0.1281
-6.83890631161983 0.1282
-6.83881621395296 0.1283
-6.83871612474019 0.1284
-6.83861596113131 0.1285
-6.83849892674568 0.1286
-6.8383818585498 0.1287
-6.83825781541671 0.1288
-6.83814179595144 0.1289
-6.83802224007151 0.129
-6.83792194775407 0.1291
-6.83784159010427 0.1292
-6.83776965735359 0.1293
-6.83770799605158 0.1294
-6.83765803928095 0.1295
-6.83761409979164 0.1296
-6.83757736443847 0.1297
-6.83753960794758 0.1298
-6.83750567238778 0.1299
-6.83749459858221 0.13
-6.83749309089015 0.1301
-6.83750267677116 0.1302
-6.83752398174193 0.1303
-6.83755338224711 0.1304
-6.83758930661412 0.1305
-6.83764549825658 0.1306
-6.83771586696258 0.1307
-6.83779617988671 0.1308
-6.8378889511931 0.1309
-6.83796217686691 0.131
-6.83804838271952 0.1311
-6.83814470467836 0.1312
-6.83824137684104 0.1313
-6.83833440780181 0.1314
-6.83843192027919 0.1315
-6.83853056682193 0.1316
-6.83863154601743 0.1317
-6.83872523586499 0.1318
-6.8388249061802 0.1319
-6.83893340653724 0.132
-6.83904629905734 0.1321
-6.83915485216146 0.1322
-6.83926005709114 0.1323
-6.83935706738355 0.1324
-6.83945122501145 0.1325
-6.83953570844854 0.1326
-6.83961666066797 0.1327
-6.83968976319859 0.1328
-6.83975356689867 0.1329
-6.83981507961138 0.133
-6.83987348293246 0.1331
-6.83993516797932 0.1332
-6.83999227767681 0.1333
-6.84004496304935 0.1334
-6.84007934586777 0.1335
-6.84010349281766 0.1336
-6.8401184808547 0.1337
-6.84012556447439 0.1338
-6.84013530436532 0.1339
-6.84013930926363 0.134
-6.84012324378775 0.1341
-6.84010691352426 0.1342
-6.84008138548167 0.1343
-6.84005881611264 0.1344
-6.84004284540063 0.1345
-6.8400289362452 0.1346
-6.8400168082472 0.1347
-6.84000193940946 0.1348
-6.83999153021608 0.1349
-6.83998604282759 0.135
-6.83997746382079 0.1351
-6.83997970206541 0.1352
-6.8399913381158 0.1353
-6.83999236192146 0.1354
-6.84000742714876 0.1355
-6.84002756265448 0.1356
-6.84005671735828 0.1357
-6.84007371046443 0.1358
-6.84008370445466 0.1359
-6.84008217312169 0.136
-6.84006365951146 0.1361
-6.84002364890381 0.1362
-6.83998311995723 0.1363
-6.83992741106381 0.1364
-6.83987725874447 0.1365
-6.83981829474648 0.1366
-6.83974394093788 0.1367
-6.83965717375026 0.1368
-6.83954788818868 0.1369
-6.83943133314397 0.137
-6.83930378847608 0.1371
-6.83917124127888 0.1372
-6.839039686352 0.1373
-6.83890569948345 0.1374
-6.83876495493412 0.1375
-6.83861503420717 0.1376
-6.83846533542732 0.1377
-6.83829890341035 0.1378
-6.83813704621137 0.1379
-6.8379700795545 0.138
-6.83780071429198 0.1381
-6.83763895934283 0.1382
-6.83747497441071 0.1383
-6.8373180606705 0.1384
-6.83716359259851 0.1385
-6.83701182873314 0.1386
-6.83687222888117 0.1387
-6.83675021310692 0.1388
-6.83665656350357 0.1389
-6.83658699301905 0.139
-6.83652299893525 0.1391
-6.83646480545331 0.1392
-6.83642344045892 0.1393
-6.83639009153604 0.1394
-6.83638498023658 0.1395
-6.83639805485167 0.1396
-6.8364309051977 0.1397
-6.83646230345539 0.1398
-6.83651795294031 0.1399
-6.83658934339406 0.14
-6.83666765667479 0.1401
-6.83675770416956 0.1402
-6.83685641333723 0.1403
-6.83696072054933 0.1404
-6.83706114817148 0.1405
-6.83716780032646 0.1406
-6.83727705973897 0.1407
-6.83738404020646 0.1408
-6.83748800477182 0.1409
-6.83760601525922 0.141
-6.83772764319766 0.1411
-6.83784427870349 0.1412
-6.837951134881 0.1413
-6.83804471601849 0.1414
-6.83813164700242 0.1415
-6.83820994584019 0.1416
-6.83827870284732 0.1417
-6.83832620927846 0.1418
-6.83836808728801 0.1419
-6.83840722729591 0.142
-6.83843522633595 0.1421
-6.8384605154334 0.1422
-6.83848640319621 0.1423
-6.83850747639513 0.1424
-6.83853406004409 0.1425
-6.83857158909343 0.1426
-6.83860642595468 0.1427
-6.83865307897223 0.1428
-6.83869603916644 0.1429
-6.83872980316108 0.143
-6.83875095476418 0.1431
-6.83877501916467 0.1432
-6.83881240223401 0.1433
-6.83885589773514 0.1434
-6.83890356207183 0.1435
-6.83895389341234 0.1436
-6.83901917148555 0.1437
-6.83908582743916 0.1438
-6.83914644848768 0.1439
-6.83920927361429 0.144
-6.83926678109086 0.1441
-6.83932585275711 0.1442
-6.83937931733774 0.1443
-6.83942723586061 0.1444
-6.83945780964416 0.1445
-6.83948288526477 0.1446
-6.83949561683609 0.1447
-6.83950151612182 0.1448
-6.83949152668232 0.1449
-6.83947419610972 0.145
-6.83945675926402 0.1451
-6.83943097991296 0.1452
-6.83938449670895 0.1453
-6.83932526652145 0.1454
-6.83925424592615 0.1455
-6.83917743608367 0.1456
-6.83908962342007 0.1457
-6.83900124109147 0.1458
-6.83890595028643 0.1459
-6.83878934379459 0.146
-6.83866768428512 0.1461
-6.83854944905213 0.1462
-6.83842971925005 0.1463
-6.83830977111179 0.1464
-6.83819835247022 0.1465
-6.83808952042626 0.1466
-6.83798152902796 0.1467
-6.83787505044987 0.1468
-6.83777488972292 0.1469
-6.83769518190709 0.147
-6.83759896602573 0.1471
-6.83750883969379 0.1472
-6.83741420274179 0.1473
-6.83732370033336 0.1474
-6.837236772052 0.1475
-6.8371599417431 0.1476
-6.83710255773391 0.1477
-6.83705965032342 0.1478
-6.83701757673761 0.1479
-6.83699351178639 0.148
-6.83698117121406 0.1481
-6.83697308566946 0.1482
-6.8369739193052 0.1483
-6.83698124530769 0.1484
-6.83700022691879 0.1485
-6.8370224078244 0.1486
-6.83705698687565 0.1487
-6.83710194027079 0.1488
-6.83715084776452 0.1489
-6.83721260379802 0.149
-6.83729261581822 0.1491
-6.83736636649833 0.1492
-6.83745287252083 0.1493
-6.83753063303503 0.1494
-6.83760317088777 0.1495
-6.83767514307319 0.1496
-6.83774672469837 0.1497
-6.83783141061871 0.1498
-6.83791952273852 0.1499
-6.83799417130762 0.15
-6.83806528737601 0.1501
-6.83813763602119 0.1502
-6.83821023309544 0.1503
-6.83828678612784 0.1504
-6.838365680884 0.1505
-6.8384451031848 0.1506
-6.83853720193504 0.1507
-6.83861434536932 0.1508
-6.83868933268589 0.1509
-6.83876785119991 0.151
-6.83884134386459 0.1511
-6.83891018643096 0.1512
-6.8389977987653 0.1513
-6.83906004630502 0.1514
-6.83910798650121 0.1515
-6.83915559891651 0.1516
-6.83918201278174 0.1517
-6.83919806424384 0.1518
-6.83919634519681 0.1519
-6.83920093099643 0.152
-6.8392082742759 0.1521
-6.83921161923726 0.1522
-6.83922035562724 0.1523
-6.83922460181214 0.1524
-6.83924168380275 0.1525
-6.83926779074992 0.1526
-6.83930181724229 0.1527
-6.83932672195375 0.1528
-6.83934856601196 0.1529
-6.83937008939535 0.153
-6.83938408018281 0.1531
-6.83939386330815 0.1532
-6.83939842644916 0.1533
-6.83939199586744 0.1534
-6.83936834992574 0.1535
-6.83933623859974 0.1536
-6.83929026861915 0.1537
-6.83923581887677 0.1538
-6.83917677502993 0.1539
-6.83911259676363 0.154
-6.83904427229664 0.1541
-6.83896283254597 0.1542
-6.83887775283189 0.1543
-6.83878486049576 0.1544
-6.83868817110084 0.1545
-6.83858485027409 0.1546
-6.83847604720159 0.1547
-6.83836351978152 0.1548
-6.8382471233302 0.1549
-6.83812653425533 0.155
-6.83801546902587 0.1551
-6.8379103148393 0.1552
-6.83780696796426 0.1553
-6.83770250419014 0.1554
-6.83760803454188 0.1555
-6.8375268100822 0.1556
-6.83744844682855 0.1557
-6.83737487298119 0.1558
-6.83730924159827 0.1559
-6.83724986346876 0.156
-6.83719812263508 0.1561
-6.83714797193745 0.1562
-6.8371063801387 0.1563
-6.83707228298324 0.1564
-6.8370446071593 0.1565
-6.83701688231427 0.1566
-6.83700916974855 0.1567
-6.83699554817589 0.1568
-6.8369904052423 0.1569
-6.83698169855239 0.157
-6.8369719936812 0.1571
-6.83697065807706 0.1572
-6.83697327102165 0.1573
-6.83697509176497 0.1574
-6.83697981870963 0.1575
-6.83699585566153 0.1576
-6.8370192964169 0.1577
-6.83704162370221 0.1578
-6.83706838987644 0.1579
-6.83710465669297 0.158
-6.83715542966814 0.1581
-6.8372013975769 0.1582
-6.83724723036528 0.1583
-6.83729788395308 0.1584
-6.83735093094144 0.1585
-6.83740941617356 0.1586
-6.83745662123731 0.1587
-6.83749720864826 0.1588
-6.83753162285404 0.1589
-6.83755219827629 0.159
-6.83755159334189 0.1591
-6.83755232453139 0.1592
-6.83754191254085 0.1593
-6.83751903788388 0.1594
-6.83748791994722 0.1595
-6.83746367170819 0.1596
-6.83744010430653 0.1597
-6.8374340360021 0.1598
-6.83742046096016 0.1599
-6.83740982694672 0.16
-6.83740449177902 0.1601
-6.83740280511017 0.1602
-6.8374093617742 0.1603
-6.83741420483638 0.1604
-6.83741455258771 0.1605
-6.83741518855201 0.1606
-6.83742103122938 0.1607
-6.83743407120389 0.1608
-6.83745825630625 0.1609
-6.83749469088548 0.161
-6.83753201603871 0.1611
-6.83758053227973 0.1612
-6.83762168310138 0.1613
-6.83767001987253 0.1614
-6.83772914217441 0.1615
-6.83779976726302 0.1616
-6.837853037325 0.1617
-6.83789454102043 0.1618
-6.83792531823297 0.1619
-6.83796355892562 0.162
-6.83799487739861 0.1621
-6.83801286518847 0.1622
-6.83803293888196 0.1623
-6.83805119036488 0.1624
-6.8380571954181 0.1625
-6.83806490986207 0.1626
-6.83807203828236 0.1627
-6.83808288738014 0.1628
-6.83809048728282 0.1629
-6.83808605550365 0.163
-6.83808484075508 0.1631
-6.83806333117201 0.1632
-6.83802318195109 0.1633
-6.83794384091598 0.1634
-6.83786486187646 0.1635
-6.83778337191326 0.1636
-6.83770057760744 0.1637
-6.83761182604362 0.1638
-6.83751983590638 0.1639
-6.83742447483258 0.164
-6.83734215003624 0.1641
-6.83726743170377 0.1642
-6.83719044243347 0.1643
-6.83711636887943 0.1644
-6.83705224635872 0.1645
-6.83700534878434 0.1646
-6.83695694586421 0.1647
-6.83690894196509 0.1648
-6.83686687823051 0.1649
-6.8368211929628 0.165
-6.83678187231281 0.1651
-6.83674592922688 0.1652
-6.83671886519394 0.1653
-6.83670788890695 0.1654
-6.83671136897814 0.1655
-6.83671204837146 0.1656
-6.83671474820538 0.1657
-6.83671426777932 0.1658
-6.83672518892066 0.1659
-6.83673731358624 0.166
-6.83675180270426 0.1661
-6.83677660213967 0.1662
-6.8368059108794 0.1663
-6.83684718024636 0.1664
-6.83688481194576 0.1665
-6.83691072086175 0.1666
-6.83693527774244 0.1667
-6.83695663863938 0.1668
-6.83698300895842 0.1669
-6.83699489890055 0.167
-6.8370100116226 0.1671
-6.83701513458592 0.1672
-6.83701772726084 0.1673
-6.83701045774544 0.1674
-6.83700570064656 0.1675
-6.83699507755023 0.1676
-6.83698423130127 0.1677
-6.8369576337488 0.1678
-6.83692494926093 0.1679
-6.8368893729166 0.168
-6.83684527052245 0.1681
-6.83679802417129 0.1682
-6.83673234683289 0.1683
-6.83665704488922 0.1684
-6.83658708871898 0.1685
-6.83651583480791 0.1686
-6.83643591446923 0.1687
-6.83635582520135 0.1688
-6.83628233438195 0.1689
-6.83620877482935 0.169
-6.83613864330926 0.1691
-6.83607625491155 0.1692
-6.83601153830914 0.1693
-6.83594996654688 0.1694
-6.83588524013968 0.1695
-6.83582312687609 0.1696
-6.83577036078028 0.1697
-6.83571565843656 0.1698
-6.83566899303471 0.1699
-6.83563315510037 0.17
-6.83560080709898 0.1701
-6.83558417732285 0.1702
-6.83558942695775 0.1703
-6.83559696408873 0.1704
-6.83561661683966 0.1705
-6.83564777191466 0.1706
-6.83568547455752 0.1707
-6.83573942248317 0.1708
-6.83578612939902 0.1709
-6.83583633903614 0.171
-6.8358997007765 0.1711
-6.83596444398585 0.1712
-6.83602974124863 0.1713
-6.83609772728575 0.1714
-6.83616946745749 0.1715
-6.83623549603865 0.1716
-6.83630416414768 0.1717
-6.83637269067535 0.1718
-6.8364480139083 0.1719
-6.83652328503251 0.172
-6.83658829714704 0.1721
-6.83665305668108 0.1722
-6.83672685761387 0.1723
-6.83679142359843 0.1724
-6.83686005699137 0.1725
-6.83691312915401 0.1726
-6.83696066680405 0.1727
-6.83700528309853 0.1728
-6.83705977330663 0.1729
-6.83711994232279 0.173
-6.83716708082875 0.1731
-6.83721746805393 0.1732
-6.83726392020772 0.1733
-6.83731581915436 0.1734
-6.83736888546642 0.1735
-6.83741626988185 0.1736
-6.83747132700712 0.1737
-6.83752589664659 0.1738
-6.83757294686808 0.1739
-6.83762010520308 0.174
-6.83766189716644 0.1741
-6.83770372667971 0.1742
-6.83773789549092 0.1743
-6.8377651928013 0.1744
-6.83778327523878 0.1745
-6.83779782055177 0.1746
-6.83780469623685 0.1747
-6.83780178953922 0.1748
-6.837790313529 0.1749
-6.83778423768078 0.175
-6.83775571428134 0.1751
-6.83773513958806 0.1752
-6.83771097454592 0.1753
-6.83766440137815 0.1754
-6.83761665202408 0.1755
-6.83757149957117 0.1756
-6.83751881912223 0.1757
-6.83744832780401 0.1758
-6.83737280134446 0.1759
-6.83729019679741 0.176
-6.8371994276566 0.1761
-6.83709615602196 0.1762
-6.83699943499336 0.1763
-6.83690266269549 0.1764
-6.8367985967604 0.1765
-6.83669198248646 0.1766
-6.8366024184041 0.1767
-6.83651825206008 0.1768
-6.83645051240767 0.1769
-6.83639101680904 0.177
-6.83633097353898 0.1771
-6.83628439579641 0.1772
-6.83625069345972 0.1773
-6.83622991511394 0.1774
-6.83621403873986 0.1775
-6.83620507239115 0.1776
-6.83621446064816 0.1777
-6.83622361169164 0.1778
-6.83624025205762 0.1779
-6.83626469340414 0.178
-6.8362864509803 0.1781
-6.83631208400285 0.1782
-6.83633321273654 0.1783
-6.83635916583251 0.1784
-6.83638819565471 0.1785
-6.83641460807348 0.1786
-6.83643469441378 0.1787
-6.83644947242383 0.1788
-6.83646737562931 0.1789
-6.83648981824993 0.179
-6.83651399424779 0.1791
-6.8365473725019 0.1792
-6.83659255591018 0.1793
-6.83664534316484 0.1794
-6.83670128461545 0.1795
-6.83677505230419 0.1796
-6.83685112888715 0.1797
-6.83693362453588 0.1798
-6.83702154931993 0.1799
-6.83709776141979 0.18
-6.83717855295184 0.1801
-6.83726323974389 0.1802
-6.83734123358783 0.1803
-6.83741430158058 0.1804
-6.83749022142984 0.1805
-6.83756756547513 0.1806
-6.83765243619716 0.1807
-6.83774997501654 0.1808
-6.83783377134778 0.1809
-6.83791524112409 0.181
-6.83798458429145 0.1811
-6.83805683218414 0.1812
-6.83812200643181 0.1813
-6.83817681679338 0.1814
-6.83823302219819 0.1815
-6.83829862457056 0.1816
-6.83836491509952 0.1817
-6.83842144210129 0.1818
-6.83846338351588 0.1819
-6.83850402309724 0.182
-6.83853896929151 0.1821
-6.83856391869672 0.1822
-6.83857741754052 0.1823
-6.83858409025267 0.1824
-6.83858409875004 0.1825
-6.83857345226392 0.1826
-6.83854845899394 0.1827
-6.83849545948497 0.1828
-6.83843511566343 0.1829
-6.83836370113765 0.183
-6.83827038218257 0.1831
-6.83816009830389 0.1832
-6.83805639859592 0.1833
-6.83795843560206 0.1834
-6.8378577373921 0.1835
-6.83775026690123 0.1836
-6.83764198756961 0.1837
-6.83752953729524 0.1838
-6.83740965633655 0.1839
-6.83729708906945 0.184
-6.83719167521916 0.1841
-6.83709907622736 0.1842
-6.83701527916266 0.1843
-6.8369360347811 0.1844
-6.83685190628747 0.1845
-6.83677305795361 0.1846
-6.83669478167613 0.1847
-6.83663525900246 0.1848
-6.83657990968071 0.1849
-6.83653049814416 0.185
-6.83648960216712 0.1851
-6.83645034269621 0.1852
-6.83640167916963 0.1853
-6.83635601099008 0.1854
-6.83630089791004 0.1855
-6.83624123702448 0.1856
-6.83618619607084 0.1857
-6.83613222897093 0.1858
-6.83608603268242 0.1859
-6.83605296186942 0.186
-6.83602795044325 0.1861
-6.83600683347481 0.1862
-6.83598779494793 0.1863
-6.83598265654472 0.1864
-6.83597323153599 0.1865
-6.835967428024 0.1866
-6.83596530905443 0.1867
-6.8359576945437 0.1868
-6.83595019350376 0.1869
-6.83596062031285 0.187
-6.83598893516005 0.1871
-6.83602095833178 0.1872
-6.83607072303281 0.1873
-6.83612612927362 0.1874
-6.83618736141223 0.1875
-6.8362485953211 0.1876
-6.83631367477476 0.1877
-6.83637470259226 0.1878
-6.83644144930166 0.1879
-6.83651983374956 0.188
-6.83658857182064 0.1881
-6.83666339872156 0.1882
-6.83674305374315 0.1883
-6.83681561602294 0.1884
-6.8368776761553 0.1885
-6.836925505155 0.1886
-6.83695565834388 0.1887
-6.83698309815313 0.1888
-6.83700239953373 0.1889
-6.8370118912532 0.189
-6.83702195683941 0.1891
-6.83701641997319 0.1892
-6.83700787184469 0.1893
-6.83700168042177 0.1894
-6.83699196141451 0.1895
-6.8369867830839 0.1896
-6.83697719528152 0.1897
-6.83697423433441 0.1898
-6.83695536991119 0.1899
-6.83694895788052 0.19
-6.83694101437549 0.1901
-6.83692744175819 0.1902
-6.83689639380085 0.1903
-6.8368648499475 0.1904
-6.83684193191736 0.1905
-6.83681626515122 0.1906
-6.83678761149639 0.1907
-6.83675080249644 0.1908
-6.83670353460174 0.1909
-6.83666390000334 0.191
-6.83662426768047 0.1911
-6.83658240793886 0.1912
-6.83653054686048 0.1913
-6.83647643180799 0.1914
-6.83641798271714 0.1915
-6.8363447102793 0.1916
-6.83627659130967 0.1917
-6.83622065527852 0.1918
-6.8361713706553 0.1919
-6.83612776020982 0.192
-6.8361081943334 0.1921
-6.83610314390247 0.1922
-6.83610920909364 0.1923
-6.8361312320059 0.1924
-6.83615441735407 0.1925
-6.83618802879231 0.1926
-6.8362184658435 0.1927
-6.83624486185181 0.1928
-6.83627577344114 0.1929
-6.83631654645244 0.193
-6.83637632730324 0.1931
-6.83643403250928 0.1932
-6.83648415283081 0.1933
-6.83654298715263 0.1934
-6.83659771028006 0.1935
-6.83664321840142 0.1936
-6.83668992816825 0.1937
-6.83674577395731 0.1938
-6.83678584812177 0.1939
-6.83681655003633 0.194
-6.83685052631227 0.1941
-6.83688842996795 0.1942
-6.83693386937319 0.1943
-6.83698166696112 0.1944
-6.8370339878053 0.1945
-6.83708024727559 0.1946
-6.83712785285764 0.1947
-6.83719378371526 0.1948
-6.83725658176159 0.1949
-6.83731481456012 0.195
-6.83737673474792 0.1951
-6.83744920669185 0.1952
-6.83752567834698 0.1953
-6.83760409409793 0.1954
-6.83769225326548 0.1955
-6.83779905083474 0.1956
-6.83790010772439 0.1957
-6.83799844145467 0.1958
-6.83809092581894 0.1959
-6.83817308796846 0.196
-6.83823193156089 0.1961
-6.8382807783989 0.1962
-6.83832539582465 0.1963
-6.83836066069418 0.1964
-6.83837473012352 0.1965
-6.83837463033618 0.1966
-6.83836341857445 0.1967
-6.83833418338879 0.1968
-6.83828263063237 0.1969
-6.83822539162996 0.197
-6.83815917771653 0.1971
-6.83808413094196 0.1972
-6.83800638040149 0.1973
-6.83791181824285 0.1974
-6.83780140813831 0.1975
-6.83768758324587 0.1976
-6.83757250498856 0.1977
-6.8374598245542 0.1978
-6.83733304410238 0.1979
-6.83721028066969 0.198
-6.83708879648835 0.1981
-6.83697908520436 0.1982
-6.83687393811626 0.1983
-6.83677220218494 0.1984
-6.83668933740417 0.1985
-6.83662034544758 0.1986
-6.83655537270508 0.1987
-6.83649836625961 0.1988
-6.8364359941777 0.1989
-6.83637883440349 0.199
-6.83632803945064 0.1991
-6.83627533352981 0.1992
-6.83622693760724 0.1993
-6.83616483597648 0.1994
-6.83610641793678 0.1995
-6.83605237666377 0.1996
-6.8360099071288 0.1997
-6.83596999046902 0.1998
-6.83594005269329 0.1999
-6.83592288547741 0.2
-6.83591349361593 0.2001
-6.83592622637802 0.2002
-6.83595010081983 0.2003
-6.83598174770008 0.2004
-6.83600744619189 0.2005
-6.83604072508982 0.2006
-6.83608016994084 0.2007
-6.83609836562886 0.2008
-6.83611063808334 0.2009
-6.83611590977704 0.201
-6.83611048879501 0.2011
-6.83609399357201 0.2012
-6.83606001410007 0.2013
-6.83601200075096 0.2014
-6.83596118049065 0.2015
-6.83591181975977 0.2016
-6.83586054779872 0.2017
-6.83579583952277 0.2018
-6.83572841281455 0.2019
-6.83565540017592 0.202
-6.83557972524496 0.2021
-6.83549324741478 0.2022
-6.83539305720882 0.2023
-6.83529469564038 0.2024
-6.83518428198958 0.2025
-6.83508003725686 0.2026
-6.83496417870117 0.2027
-6.83485446533258 0.2028
-6.83475306198748 0.2029
-6.83465014058484 0.203
-6.83455508565496 0.2031
-6.83446123295187 0.2032
-6.83437157014543 0.2033
-6.83430333678488 0.2034
-6.83425299900726 0.2035
-6.83421520560476 0.2036
-6.83419329210412 0.2037
-6.83418791657604 0.2038
-6.83419974389741 0.2039
-6.83422804971966 0.204
-6.83427376884622 0.2041
-6.83435236126357 0.2042
-6.834446508568 0.2043
-6.83455149062478 0.2044
-6.83466171166928 0.2045
-6.83479620726008 0.2046
-6.83493461616801 0.2047
-6.8350572340881 0.2048
-6.83516874954625 0.2049
-6.83528201810197 0.205
-6.83538974929386 0.2051
-6.83548545884505 0.2052
-6.83555774084345 0.2053
-6.83562696895491 0.2054
-6.8356874376123 0.2055
-6.83575620643182 0.2056
-6.83580851190359 0.2057
-6.83586755367801 0.2058
-6.83591154144292 0.2059
-6.83594478527661 0.206
-6.83596897208716 0.2061
-6.83597909722537 0.2062
-6.83598925278096 0.2063
-6.83598948130464 0.2064
-6.83599197821601 0.2065
-6.83599542845986 0.2066
-6.83598947694739 0.2067
-6.83599298412723 0.2068
-6.83598474348555 0.2069
-6.83597070778866 0.207
-6.83597421879119 0.2071
-6.83598263789284 0.2072
-6.83598858021298 0.2073
-6.83598894789968 0.2074
-6.83598622677419 0.2075
-6.83600322753344 0.2076
-6.8360193375093 0.2077
-6.83603605719063 0.2078
-6.83604846782619 0.2079
-6.83607150024698 0.208
-6.83609974623521 0.2081
-6.83613205345105 0.2082
-6.83617336535831 0.2083
-6.83623158199368 0.2084
-6.83629804811247 0.2085
-6.8363480088631 0.2086
-6.83640671205823 0.2087
-6.8364627595167 0.2088
-6.83652143674807 0.2089
-6.83656424156103 0.209
-6.83661672968026 0.2091
-6.83665548441753 0.2092
-6.83668672482284 0.2093
-6.83671815459579 0.2094
-6.83675046611374 0.2095
-6.83676866781261 0.2096
-6.83677546023858 0.2097
-6.83677732267335 0.2098
-6.83677850725902 0.2099
-6.8367692952075 0.21
-6.83673360383013 0.2101
-6.83669328066466 0.2102
-6.8366410013281 0.2103
-6.83657735239405 0.2104
-6.8365009037995 0.2105
-6.83641657893178 0.2106
-6.83633552306795 0.2107
-6.83624156084377 0.2108
-6.8361502410616 0.2109
-6.83606415650164 0.211
-6.83596924271434 0.2111
-6.83587544394812 0.2112
-6.83578495250054 0.2113
-6.83570807953399 0.2114
-6.83563179664159 0.2115
-6.83556867781681 0.2116
-6.83550199378428 0.2117
-6.83545048775536 0.2118
-6.83542462993585 0.2119
-6.83540214447886 0.212
-6.8353922109689 0.2121
-6.8353964782573 0.2122
-6.83541349943212 0.2123
-6.83545020443252 0.2124
-6.8354931403431 0.2125
-6.83553128336097 0.2126
-6.83556655848234 0.2127
-6.83559341233093 0.2128
-6.83561302808525 0.2129
-6.8356284220047 0.213
-6.83563022271714 0.2131
-6.83562199613107 0.2132
-6.83560310806375 0.2133
-6.83557344261804 0.2134
-6.8355409930376 0.2135
-6.83550611802385 0.2136
-6.83547040451528 0.2137
-6.83542578119715 0.2138
-6.83537038993612 0.2139
-6.83532497879481 0.214
-6.83527197904357 0.2141
-6.83521135472401 0.2142
-6.83515520776841 0.2143
-6.83508766713188 0.2144
-6.83503603833696 0.2145
-6.83498006368934 0.2146
-6.83492879693234 0.2147
-6.83488362701029 0.2148
-6.83484647859988 0.2149
-6.83480995946969 0.215
-6.83477443539509 0.2151
-6.83474441737743 0.2152
-6.83470926500214 0.2153
-6.83469027561968 0.2154
-6.83467735083596 0.2155
-6.83467945984496 0.2156
-6.83468606600783 0.2157
-6.83471009404371 0.2158
-6.83473687117387 0.2159
-6.83476167009784 0.216
-6.83479306650702 0.2161
-6.83482271566781 0.2162
-6.83484863880371 0.2163
-6.83487387893561 0.2164
-6.83489937842366 0.2165
-6.8349334406704 0.2166
-6.83496626456255 0.2167
-6.83498539635679 0.2168
-6.83499764527251 0.2169
-6.8349916118709 0.217
-6.83498166101176 0.2171
-6.83497056979348 0.2172
-6.83496026390875 0.2173
-6.83495121487212 0.2174
-6.83494562759437 0.2175
-6.83493340403959 0.2176
-6.83492589864987 0.2177
-6.83490827783828 0.2178
-6.83488165732866 0.2179
-6.83484552805877 0.218
-6.83480687936413 0.2181
-6.8347784499618 0.2182
-6.83475103083622 0.2183
-6.83472503799234 0.2184
-6.83469594889566 0.2185
-6.8346684608902 0.2186
-6.8346433625437 0.2187
-6.83463991786446 0.2188
-6.83463991290313 0.2189
-6.83464320426477 0.219
-6.83464643658764 0.2191
-6.83465981464059 0.2192
-6.8346730526648 0.2193
-6.83470144207386 0.2194
-6.83473065105797 0.2195
-6.83474735503643 0.2196
-6.83475723042045 0.2197
-6.83477877509974 0.2198
-6.8347966644953 0.2199
-6.83479838914526 0.22
-6.8348114503623 0.2201
-6.83481604549388 0.2202
-6.83481327891193 0.2203
-6.83480546073257 0.2204
-6.83479113139117 0.2205
-6.83478917500392 0.2206
-6.83479237226288 0.2207
-6.83480715418143 0.2208
-6.83483484742734 0.2209
-6.83486990886731 0.221
-6.83490543992237 0.2211
-6.8349436907169 0.2212
-6.83497584337489 0.2213
-6.83501582009879 0.2214
-6.83505164209455 0.2215
-6.83510976320014 0.2216
-6.83516884174494 0.2217
-6.83522846820595 0.2218
-6.83527409881758 0.2219
-6.83531439425876 0.222
-6.83534546930444 0.2221
-6.83536291738742 0.2222
-6.83537342395784 0.2223
-6.83536819907037 0.2224
-6.83535941580585 0.2225
-6.83534339783676 0.2226
-6.83531884794536 0.2227
-6.83529325999779 0.2228
-6.83525707162599 0.2229
-6.83521683860874 0.223
-6.83517195339103 0.2231
-6.83510815459032 0.2232
-6.83504712883718 0.2233
-6.83496863911854 0.2234
-6.83489189816919 0.2235
-6.83481705946407 0.2236
-6.83474148378471 0.2237
-6.83467532140853 0.2238
-6.83461196189602 0.2239
-6.83454701687794 0.224
-6.83447829297582 0.2241
-6.83441605496616 0.2242
-6.83436235736416 0.2243
-6.83430820060437 0.2244
-6.83425772586405 0.2245
-6.8342241530331 0.2246
-6.83420155583793 0.2247
-6.83417746846596 0.2248
-6.83415687527538 0.2249
-6.83413268682491 0.225
-6.8341163779716 0.2251
-6.83411033793763 0.2252
-6.83410773925619 0.2253
-6.83411894422844 0.2254
-6.8341503952202 0.2255
-6.83417841232459 0.2256
-6.83421854844361 0.2257
-6.83426815656916 0.2258
-6.83431882755937 0.2259
-6.83436730623528 0.226
-6.83442687978376 0.2261
-6.83449725065298 0.2262
-6.83455979334516 0.2263
-6.83461407067326 0.2264
-6.83465050871496 0.2265
-6.83467536162945 0.2266
-6.83468486369413 0.2267
-6.83469320102401 0.2268
-6.83469870012245 0.2269
-6.83470360841102 0.227
-6.83471162249094 0.2271
-6.83471439057977 0.2272
-6.83471520680885 0.2273
-6.83470460797574 0.2274
-6.83469002315166 0.2275
-6.83465904454004 0.2276
-6.83460712997832 0.2277
-6.83455316629118 0.2278
-6.8344989746276 0.2279
-6.83444619895846 0.228
-6.83438546752979 0.2281
-6.83433848073439 0.2282
-6.83429527395711 0.2283
-6.83424119373816 0.2284
-6.83419872641183 0.2285
-6.83416776628671 0.2286
-6.83414347366571 0.2287
-6.83412670241797 0.2288
-6.83410370297081 0.2289
-6.83408807899987 0.229
-6.83409754690609 0.2291
-6.83411265716252 0.2292
-6.8341401236029 0.2293
-6.83418030425325 0.2294
-6.83422323753901 0.2295
-6.83428286919682 0.2296
-6.83434312294147 0.2297
-6.8343962059367 0.2298
-6.83445627597166 0.2299
-6.83452687319457 0.23
-6.83460324530839 0.2301
-6.83468245374816 0.2302
-6.83475728433735 0.2303
-6.8348242262208 0.2304
-6.83489108313236 0.2305
-6.8349485428378 0.2306
-6.83499763759132 0.2307
-6.83503671905651 0.2308
-6.83507611996226 0.2309
-6.83512157838655 0.231
-6.83516591948294 0.2311
-6.83519881012901 0.2312
-6.83523600875787 0.2313
-6.83526021165518 0.2314
-6.83528358436169 0.2315
-6.83530427130153 0.2316
-6.83531115471791 0.2317
-6.83531572607854 0.2318
-6.83531240142378 0.2319
-6.83529580581245 0.232
-6.83526650903079 0.2321
-6.83523654200591 0.2322
-6.83519554237523 0.2323
-6.83515887606305 0.2324
-6.83512027894519 0.2325
-6.83508468742476 0.2326
-6.83505143165389 0.2327
-6.83501783442828 0.2328
-6.83497164704644 0.2329
-6.83489926864529 0.233
-6.83482531370968 0.2331
-6.83475948607299 0.2332
-6.83469495903998 0.2333
-6.83463156319279 0.2334
-6.83456414834122 0.2335
-6.83450980272084 0.2336
-6.83445205974694 0.2337
-6.8343892774924 0.2338
-6.83433564981275 0.2339
-6.83428119554135 0.234
-6.83421015358792 0.2341
-6.83415124097115 0.2342
-6.83410478812523 0.2343
-6.83406268626331 0.2344
-6.83402509648951 0.2345
-6.83397445756147 0.2346
-6.83391460760316 0.2347
-6.83385452840159 0.2348
-6.8337892984017 0.2349
-6.83372542695598 0.235
-6.83366709156742 0.2351
-6.8336086631806 0.2352
-6.833553003118 0.2353
-6.83350199806519 0.2354
-6.83345704652781 0.2355
-6.83342683515413 0.2356
-6.83342020357166 0.2357
-6.83342815190187 0.2358
-6.83343740342835 0.2359
-6.83345842554846 0.236
-6.83348959331885 0.2361
-6.83352109623763 0.2362
-6.83354024889544 0.2363
-6.83354088432279 0.2364
-6.83354076935378 0.2365
-6.83353456611045 0.2366
-6.8335120002055 0.2367
-6.83349159250535 0.2368
-6.83345868892693 0.2369
-6.83340925254093 0.237
-6.83336174626106 0.2371
-6.83331395599846 0.2372
-6.83325564370563 0.2373
-6.83321259969233 0.2374
-6.83316793125922 0.2375
-6.83310628205157 0.2376
-6.83303926961357 0.2377
-6.83297938970649 0.2378
-6.83291553458228 0.2379
-6.83286358021233 0.238
-6.8328197228108 0.2381
-6.83277502712191 0.2382
-6.8327303475624 0.2383
-6.83269697347769 0.2384
-6.83267481416773 0.2385
-6.8326665434835 0.2386
-6.83267484259657 0.2387
-6.83269042319898 0.2388
-6.83272222102655 0.2389
-6.83276267923631 0.239
-6.83281815796335 0.2391
-6.83288180422338 0.2392
-6.83294364163928 0.2393
-6.83300452019601 0.2394
-6.83306298382293 0.2395
-6.83310644921766 0.2396
-6.8331532527114 0.2397
-6.83319176828437 0.2398
-6.83323169403744 0.2399
-6.83326122208431 0.24
-6.83327795108438 0.2401
-6.83328327976328 0.2402
-6.83328502945014 0.2403
-6.83328650172528 0.2404
-6.83328000130689 0.2405
-6.83326664355856 0.2406
-6.8332458516067 0.2407
-6.83321805905925 0.2408
-6.83319478736977 0.2409
-6.83316867749158 0.241
-6.83313670411978 0.2411
-6.83309747541417 0.2412
-6.83306341095455 0.2413
-6.83303016381493 0.2414
-6.83299496768922 0.2415
-6.83295447865128 0.2416
-6.83290947697176 0.2417
-6.83285599619968 0.2418
-6.83279723853771 0.2419
-6.83273552625886 0.242
-6.83266641996562 0.2421
-6.83260581395197 0.2422
-6.8325523816095 0.2423
-6.83251098235573 0.2424
-6.83246567915969 0.2425
-6.83242813388469 0.2426
-6.83239618230362 0.2427
-6.83237086877 0.2428
-6.83235026970958 0.2429
-6.83233091956555 0.243
-6.83230713428856 0.2431
-6.83229131706456 0.2432
-6.83228111241462 0.2433
-6.83227050625954 0.2434
-6.83225472029938 0.2435
-6.83225472641163 0.2436
-6.83226410057024 0.2437
-6.83227880755817 0.2438
-6.83229525967062 0.2439
-6.83231278396065 0.244
-6.832330889393 0.2441
-6.83234296366124 0.2442
-6.83235575330939 0.2443
-6.83237201717001 0.2444
-6.83238441306865 0.2445
-6.83237973017697 0.2446
-6.83237101991493 0.2447
-6.83235596593652 0.2448
-6.8323402776093 0.2449
-6.83230385400142 0.245
-6.83224968915937 0.2451
-6.83219464118718 0.2452
-6.83213904637486 0.2453
-6.83209482266886 0.2454
-6.83204012738224 0.2455
-6.83198940440795 0.2456
-6.83193730998327 0.2457
-6.83189033332464 0.2458
-6.83183963684121 0.2459
-6.83179252364255 0.246
-6.83175356704465 0.2461
-6.83172509804477 0.2462
-6.83170319353837 0.2463
-6.83167087241662 0.2464
-6.83164627747993 0.2465
-6.8316188189416 0.2466
-6.83158571246478 0.2467
-6.83155712789689 0.2468
-6.83155531243143 0.2469
-6.83155423344868 0.247
-6.83155655638009 0.2471
-6.83155694635169 0.2472
-6.83155740662449 0.2473
-6.83153685739261 0.2474
-6.83151669070452 0.2475
-6.83150332172711 0.2476
-6.83148618013289 0.2477
-6.83145589334058 0.2478
-6.83142021389812 0.2479
-6.8313767531965 0.248
-6.83133353859744 0.2481
-6.83126616931783 0.2482
-6.83120702345418 0.2483
-6.83113754541559 0.2484
-6.8310734970309 0.2485
-6.83100234517986 0.2486
-6.83094463189399 0.2487
-6.83090444462617 0.2488
-6.83086287502374 0.2489
-6.83082444455363 0.249
-6.83078910944128 0.2491
-6.83075620160677 0.2492
-6.83072194629491 0.2493
-6.83070801750904 0.2494
-6.83069841569232 0.2495
-6.83069255937111 0.2496
-6.83068865341707 0.2497
-6.83069124459973 0.2498
-6.83070715580048 0.2499
-6.83072934272813 0.25
-6.83076499614072 0.2501
-6.83080114321548 0.2502
-6.8308433973869 0.2503
-6.83089987464196 0.2504
-6.83095661807273 0.2505
-6.83101071411585 0.2506
-6.83105444342368 0.2507
-6.83109314267133 0.2508
-6.83112589371632 0.2509
-6.83115646641753 0.251
-6.83117876142129 0.2511
-6.83119757188484 0.2512
-6.83122289535233 0.2513
-6.8312453550403 0.2514
-6.83128371387562 0.2515
-6.83131549450665 0.2516
-6.83135935538045 0.2517
-6.8314098708788 0.2518
-6.83146320672503 0.2519
-6.83149843363481 0.252
-6.83153986458406 0.2521
-6.83157782297599 0.2522
-6.83160297825452 0.2523
-6.8316260346177 0.2524
-6.8316453168228 0.2525
-6.83163974271588 0.2526
-6.83163948857798 0.2527
-6.83162646886026 0.2528
-6.83161610546628 0.2529
-6.83160090180574 0.253
-6.83158237253335 0.2531
-6.83157129979628 0.2532
-6.83154060972618 0.2533
-6.83149061544493 0.2534
-6.83142398152232 0.2535
-6.83134847340197 0.2536
-6.83126784892684 0.2537
-6.83120086797675 0.2538
-6.83114201784481 0.2539
-6.83108211255514 0.254
-6.83101317286114 0.2541
-6.83095142400851 0.2542
-6.83089391717136 0.2543
-6.83085310891367 0.2544
-6.83081274182619 0.2545
-6.83076274668493 0.2546
-6.83071393854691 0.2547
-6.83067319463661 0.2548
-6.83065627101717 0.2549
-6.83065458444483 0.255
-6.8306649736824 0.2551
-6.83068654111502 0.2552
-6.83069294130638 0.2553
-6.83071187619066 0.2554
-6.83074057684304 0.2555
-6.83077636051946 0.2556
-6.83080840563541 0.2557
-6.83084948134746 0.2558
-6.83089337648864 0.2559
-6.83094682475823 0.256
-6.83099478465468 0.2561
-6.83104912376436 0.2562
-6.83110336838146 0.2563
-6.83116313263529 0.2564
-6.83122363864575 0.2565
-6.83129833356714 0.2566
-6.83137664594393 0.2567
-6.8314431020973 0.2568
-6.83150813266136 0.2569
-6.83157768140025 0.257
-6.83163249071787 0.2571
-6.83169597668044 0.2572
-6.83177442037798 0.2573
-6.83185302004657 0.2574
-6.83191138910229 0.2575
-6.83196402906142 0.2576
-6.8320020328001 0.2577
-6.8320266894855 0.2578
-6.8320242889788 0.2579
-6.83200875634177 0.258
-6.83196456006259 0.2581
-6.83191152965612 0.2582
-6.83184303140117 0.2583
-6.83174781156595 0.2584
-6.83163142258972 0.2585
-6.83149575350345 0.2586
-6.83135228929376 0.2587
-6.83118982216097 0.2588
-6.83102831744824 0.2589
-6.83086565822247 0.259
-6.83069444190354 0.2591
-6.83050750934359 0.2592
-6.83031923564176 0.2593
-6.83014302895507 0.2594
-6.82996777492408 0.2595
-6.82979637501007 0.2596
-6.82963622282389 0.2597
-6.82947710725422 0.2598
-6.82934735671946 0.2599
-6.82925022660717 0.26
-6.82916883979657 0.2601
-6.82910283127302 0.2602
-6.8290540560676 0.2603
-6.82901912022804 0.2604
-6.82899835418401 0.2605
-6.82899648777389 0.2606
-6.82899931131655 0.2607
-6.82900714605877 0.2608
-6.82902757404122 0.2609
-6.829047457704 0.261
-6.82906777487873 0.2611
-6.82908738646588 0.2612
-6.82911567742005 0.2613
-6.82915736027347 0.2614
-6.82919194020384 0.2615
-6.8292160870778 0.2616
-6.82923591778888 0.2617
-6.82926309384953 0.2618
-6.82928326616001 0.2619
-6.82929128266648 0.262
-6.82929897325585 0.2621
-6.82930035911122 0.2622
-6.82929260478441 0.2623
-6.82927769876822 0.2624
-6.8292702635954 0.2625
-6.82928031232097 0.2626
-6.82927706904923 0.2627
-6.82926738357687 0.2628
-6.82927051909282 0.2629
-6.82927650264667 0.263
-6.82928233619551 0.2631
-6.8292905582227 0.2632
-6.82928103171807 0.2633
-6.8292732271506 0.2634
-6.82927338827702 0.2635
-6.82928134672788 0.2636
-6.82930002214141 0.2637
-6.82933055387168 0.2638
-6.82937438437181 0.2639
-6.8294167068444 0.264
-6.82945470618221 0.2641
-6.82949255470513 0.2642
-6.82952341635193 0.2643
-6.82955458272007 0.2644
-6.82957855931263 0.2645
-6.82961505546371 0.2646
-6.82963914142436 0.2647
-6.82966393246172 0.2648
-6.82967365584001 0.2649
-6.82967699348174 0.265
-6.82967301129718 0.2651
-6.82966386868803 0.2652
-6.82964039109499 0.2653
-6.82959872648766 0.2654
-6.82955964273339 0.2655
-6.82952021148637 0.2656
-6.82947831095853 0.2657
-6.82942638145687 0.2658
-6.82935707427658 0.2659
-6.82929158239782 0.266
-6.82921110403899 0.2661
-6.82912974267696 0.2662
-6.8290466441896 0.2663
-6.82895824271583 0.2664
-6.82887437560476 0.2665
-6.82878093708827 0.2666
-6.82868656029293 0.2667
-6.82859380742313 0.2668
-6.82849887856352 0.2669
-6.82840946285164 0.267
-6.82832202877365 0.2671
-6.82823481362449 0.2672
-6.82816519662867 0.2673
-6.82810940453429 0.2674
-6.82805441261155 0.2675
-6.82801007060388 0.2676
-6.82796753260353 0.2677
-6.8279268308034 0.2678
-6.8279033694661 0.2679
-6.82788436372536 0.268
-6.82788119564467 0.2681
-6.82787725948629 0.2682
-6.82788056489135 0.2683
-6.8279021767851 0.2684
-6.82794034563998 0.2685
-6.8279823547365 0.2686
-6.82803716308427 0.2687
-6.82810181535668 0.2688
-6.82817450210196 0.2689
-6.82823569296232 0.269
-6.82830848630767 0.2691
-6.82837330142005 0.2692
-6.82842870039635 0.2693
-6.82848248409491 0.2694
-6.82852865141765 0.2695
-6.82856895190414 0.2696
-6.82858961607744 0.2697
-6.82860543553748 0.2698
-6.82860779852314 0.2699
-6.82860465315775 0.27
-6.82856922041927 0.2701
-6.82852259713046 0.2702
-6.82847189461814 0.2703
-6.82843136454695 0.2704
-6.82839381070409 0.2705
-6.82835067113064 0.2706
-6.82830685449085 0.2707
-6.8282567477865 0.2708
-6.82820383889211 0.2709
-6.82815536766711 0.271
-6.82810287719035 0.2711
-6.82805192055595 0.2712
-6.82801538337925 0.2713
-6.82797899817214 0.2714
-6.82795547297273 0.2715
-6.82795627250866 0.2716
-6.82795547617667 0.2717
-6.82795342534831 0.2718
-6.82797275872907 0.2719
-6.8279962819616 0.272
-6.82802762488965 0.2721
-6.82806707388488 0.2722
-6.82810835929408 0.2723
-6.82813487431909 0.2724
-6.8281797740005 0.2725
-6.82822302993175 0.2726
-6.82828013852602 0.2727
-6.82834004735664 0.2728
-6.82840399447809 0.2729
-6.82848340699345 0.273
-6.8285572203612 0.2731
-6.82862456168197 0.2732
-6.82869596681107 0.2733
-6.82877693006858 0.2734
-6.82885162009592 0.2735
-6.82893098229808 0.2736
-6.82900506723735 0.2737
-6.82907699991346 0.2738
-6.82913455187841 0.2739
-6.82918484239176 0.274
-6.82921742356509 0.2741
-6.82925645021812 0.2742
-6.82929600722779 0.2743
-6.82933424837031 0.2744
-6.82936387069341 0.2745
-6.82937681491802 0.2746
-6.82938131891972 0.2747
-6.82937004964631 0.2748
-6.82934455570884 0.2749
-6.82930493533914 0.275
-6.82925361844392 0.2751
-6.82920379707411 0.2752
-6.82914757785251 0.2753
-6.82907996680556 0.2754
-6.8290046309212 0.2755
-6.82893375860122 0.2756
-6.82886246168231 0.2757
-6.82879615288418 0.2758
-6.82875150520098 0.2759
-6.82872133586434 0.276
-6.82868520939364 0.2761
-6.82866302718662 0.2762
-6.82863631742162 0.2763
-6.82860622399386 0.2764
-6.82858917637706 0.2765
-6.82857036772169 0.2766
-6.82855165444389 0.2767
-6.82853559918929 0.2768
-6.82852045007951 0.2769
-6.8285159003531 0.277
-6.82851237042027 0.2771
-6.82850414455099 0.2772
-6.82849010318002 0.2773
-6.82848281362794 0.2774
-6.82847877670908 0.2775
-6.82846857263325 0.2776
-6.82845667165607 0.2777
-6.82845138487852 0.2778
-6.82845098264038 0.2779
-6.82844330643182 0.278
-6.82843897189651 0.2781
-6.82844494582987 0.2782
-6.82845085930337 0.2783
-6.82845452576707 0.2784
-6.82845898130974 0.2785
-6.82846500430095 0.2786
-6.82848125671007 0.2787
-6.82850580787867 0.2788
-6.82853760203309 0.2789
-6.82856719816041 0.279
-6.82860183516215 0.2791
-6.82865098602498 0.2792
-6.82871438437792 0.2793
-6.82878852641578 0.2794
-6.8288669379368 0.2795
-6.82893928293937 0.2796
-6.82901851944224 0.2797
-6.82910106674018 0.2798
-6.82917373577093 0.2799
-6.82923333470371 0.28
-6.82927022258141 0.2801
-6.82928296538532 0.2802
-6.82929718749209 0.2803
-6.82928950787839 0.2804
-6.82928435503356 0.2805
-6.82927629659625 0.2806
-6.82926073556975 0.2807
-6.82923096611555 0.2808
-6.82919373245088 0.2809
-6.82915262961971 0.281
-6.82910260815135 0.2811
-6.82905298260304 0.2812
-6.82899473517668 0.2813
-6.82893226115433 0.2814
-6.82884981783027 0.2815
-6.82873891342184 0.2816
-6.82862521982307 0.2817
-6.8285010169706 0.2818
-6.82837069286589 0.2819
-6.82823670335784 0.282
-6.82810532685481 0.2821
-6.82798745453067 0.2822
-6.82788722155146 0.2823
-6.82778660494746 0.2824
-6.82769779861815 0.2825
-6.82762435219944 0.2826
-6.82755996522054 0.2827
-6.82750713676523 0.2828
-6.82745527932953 0.2829
-6.8274111502073 0.283
-6.82736825262588 0.2831
-6.82732718875103 0.2832
-6.82729815072196 0.2833
-6.8272779842437 0.2834
-6.82726649876897 0.2835
-6.8272606507524 0.2836
-6.82725574061842 0.2837
-6.82727729486472 0.2838
-6.82730625139045 0.2839
-6.82735524325531 0.284
-6.82741285334214 0.2841
-6.82749129521922 0.2842
-6.82757593858418 0.2843
-6.82767598456781 0.2844
-6.82778237221276 0.2845
-6.82791246455073 0.2846
-6.82804668345108 0.2847
-6.82817750089558 0.2848
-6.82831659127778 0.2849
-6.82845628055179 0.285
-6.82858368551005 0.2851
-6.8287217135474 0.2852
-6.82884555248492 0.2853
-6.82897851268497 0.2854
-6.82909179238739 0.2855
-6.82919034519185 0.2856
-6.8292819960134 0.2857
-6.82935390164364 0.2858
-6.8294122628254 0.2859
-6.82946333563193 0.286
-6.82951810309689 0.2861
-6.82954783392852 0.2862
-6.82955799399843 0.2863
-6.82955020836203 0.2864
-6.82954414954455 0.2865
-6.82953611272842 0.2866
-6.82952292637402 0.2867
-6.82950046896199 0.2868
-6.82947609604113 0.2869
-6.82945278417287 0.287
-6.82943250156482 0.2871
-6.82941485078415 0.2872
-6.8293929344899 0.2873
-6.82937959262913 0.2874
-6.8293646487709 0.2875
-6.82935796814712 0.2876
-6.82934975691956 0.2877
-6.82934373347551 0.2878
-6.8293323038309 0.2879
-6.82932772891166 0.288
-6.82933475034149 0.2881
-6.8293490637401 0.2882
-6.8293739965867 0.2883
-6.82938962124611 0.2884
-6.82941121075997 0.2885
-6.82942951440624 0.2886
-6.82946115997667 0.2887
-6.82950193199614 0.2888
-6.82955793242804 0.2889
-6.82963430270023 0.289
-6.82971624611845 0.2891
-6.82981031449484 0.2892
-6.82991530722576 0.2893
-6.8300173204973 0.2894
-6.83009845496887 0.2895
-6.83017309100664 0.2896
-6.83025981729034 0.2897
-6.83034019278014 0.2898
-6.83043350314909 0.2899
-6.83051512482572 0.29
-6.8305918170832 0.2901
-6.83066261653352 0.2902
-6.83073180464377 0.2903
-6.83079589598886 0.2904
-6.83085320689514 0.2905
-6.83089052426956 0.2906
-6.83092769472048 0.2907
-6.83096885024738 0.2908
-6.83100369046914 0.2909
-6.83103241704401 0.291
-6.83104563681823 0.2911
-6.83106382090583 0.2912
-6.83106890706792 0.2913
-6.8310522064584 0.2914
-6.8310218323041 0.2915
-6.83098543704431 0.2916
-6.83094030186889 0.2917
-6.83088573293479 0.2918
-6.83084126574603 0.2919
-6.83080436461053 0.292
-6.83077114024645 0.2921
-6.83072746339967 0.2922
-6.83067686402002 0.2923
-6.83062497336336 0.2924
-6.83058357417394 0.2925
-6.83054961100281 0.2926
-6.83052286736726 0.2927
-6.83049225683223 0.2928
-6.83047764790134 0.2929
-6.83045405699345 0.293
-6.83042383665871 0.2931
-6.83040522047328 0.2932
-6.83039282021293 0.2933
-6.83038793193365 0.2934
-6.83039289796081 0.2935
-6.83040617033342 0.2936
-6.83042763565534 0.2937
-6.83045993797242 0.2938
-6.83049229100117 0.2939
-6.8305218255531 0.294
-6.83057081956377 0.2941
-6.83061350779005 0.2942
-6.83066305677338 0.2943
-6.83069116700133 0.2944
-6.8307035891305 0.2945
-6.83070864123719 0.2946
-6.83070498844007 0.2947
-6.83069675649323 0.2948
-6.83068000909433 0.2949
-6.83066658346287 0.295
-6.83063924344352 0.2951
-6.8306054783878 0.2952
-6.83058168763168 0.2953
-6.83055564501442 0.2954
-6.83053796985716 0.2955
-6.83050576896499 0.2956
-6.8304752274294 0.2957
-6.83043715901398 0.2958
-6.83037896501319 0.2959
-6.8303333777655 0.296
-6.83027338548907 0.2961
-6.83019855595765 0.2962
-6.83011323935805 0.2963
-6.83002699651954 0.2964
-6.82993522692374 0.2965
-6.82982810505767 0.2966
-6.82970325777153 0.2967
-6.8295890479228 0.2968
-6.82946807210605 0.2969
-6.82933918148783 0.297
-6.82920944380541 0.2971
-6.82907933604577 0.2972
-6.82894839973016 0.2973
-6.82881166998025 0.2974
-6.82865580679949 0.2975
-6.82850270968362 0.2976
-6.82835255490582 0.2977
-6.8281947627052 0.2978
-6.82804281439645 0.2979
-6.82789576127448 0.298
-6.8277679254907 0.2981
-6.82765561035549 0.2982
-6.82755098929092 0.2983
-6.82746554778448 0.2984
-6.82739837364261 0.2985
-6.82734574452433 0.2986
-6.82731582945026 0.2987
-6.82730681219517 0.2988
-6.82730786534562 0.2989
-6.82730709453947 0.299
-6.82731839614293 0.2991
-6.82734468049784 0.2992
-6.82737960248212 0.2993
-6.82742383550196 0.2994
-6.82746086069654 0.2995
-6.8274920180105 0.2996
-6.82751038833669 0.2997
-6.82750979497746 0.2998
-6.82749904589026 0.2999
-6.8274898101726 0.3
-6.8274673251549 0.3001
-6.82745382398268 0.3002
-6.82744199556123 0.3003
-6.82743221762344 0.3004
-6.82741059261293 0.3005
-6.82739484069772 0.3006
-6.82738907702466 0.3007
-6.82738337990591 0.3008
-6.82738869304803 0.3009
-6.82738232764008 0.301
-6.82738375034142 0.3011
-6.82738918439445 0.3012
-6.82739846596142 0.3013
-6.82741504670711 0.3014
-6.82743877063582 0.3015
-6.82747058092413 0.3016
-6.82749644903939 0.3017
-6.82751896490221 0.3018
-6.82753375243642 0.3019
-6.82756311151942 0.302
-6.82758983092625 0.3021
-6.8276052951112 0.3022
-6.82761955107848 0.3023
-6.82762820706309 0.3024
-6.82765394493494 0.3025
-6.82768716120105 0.3026
-6.82770872877812 0.3027
-6.82772398065625 0.3028
-6.82773171981904 0.3029
-6.82773713504288 0.303
-6.82773647028836 0.3031
-6.82772839443685 0.3032
-6.82770482157375 0.3033
-6.82767505482036 0.3034
-6.82764401422771 0.3035
-6.82761858005574 0.3036
-6.82758883963699 0.3037
-6.8275691731185 0.3038
-6.82753844295961 0.3039
-6.82750768260219 0.304
-6.82748283060124 0.3041
-6.82746360349434 0.3042
-6.82745374143922 0.3043
-6.82744072554753 0.3044
-6.82742609813723 0.3045
-6.82739781597588 0.3046
-6.82737049678255 0.3047
-6.82734696304102 0.3048
-6.82731829488899 0.3049
-6.8272901951166 0.305
-6.82727016010364 0.3051
-6.82725636250044 0.3052
-6.82724436619036 0.3053
-6.82722787817112 0.3054
-6.8272176049511 0.3055
-6.82719358358374 0.3056
-6.82718073466104 0.3057
-6.82717791545521 0.3058
-6.82717693157928 0.3059
-6.82717412010107 0.306
-6.82717812695403 0.3061
-6.82718649227938 0.3062
-6.82719685786655 0.3063
-6.82720927076041 0.3064
-6.8272186365546 0.3065
-6.82723626723562 0.3066
-6.82725311345981 0.3067
-6.82728131982045 0.3068
-6.82730811514307 0.3069
-6.82734279897727 0.307
-6.82737304712372 0.3071
-6.82740758997572 0.3072
-6.82743129929446 0.3073
-6.82745366512957 0.3074
-6.82748741382349 0.3075
-6.82753046093679 0.3076
-6.82759541180461 0.3077
-6.82767396017796 0.3078
-6.82775381420684 0.3079
-6.82783347362076 0.308
-6.82791299876204 0.3081
-6.82801057447245 0.3082
-6.82812340347011 0.3083
-6.82822441975627 0.3084
-6.82832464752451 0.3085
-6.82843790199945 0.3086
-6.8285603021027 0.3087
-6.82866934486467 0.3088
-6.82876873403159 0.3089
-6.82887054681479 0.309
-6.82897220590963 0.3091
-6.8290763929761 0.3092
-6.82918672513273 0.3093
-6.82929240117668 0.3094
-6.82939112270663 0.3095
-6.82946760384391 0.3096
-6.82952430928551 0.3097
-6.82956818871138 0.3098
-6.8296137139751 0.3099
-6.82964659081796 0.31
-6.82967990645676 0.3101
-6.82970076581886 0.3102
-6.82971101866419 0.3103
-6.82970163112762 0.3104
-6.82967773553844 0.3105
-6.82965220448007 0.3106
-6.82961528297185 0.3107
-6.82956573962232 0.3108
-6.82950134730371 0.3109
-6.82943579895911 0.311
-6.82935891924976 0.3111
-6.82926748427545 0.3112
-6.8291753060672 0.3113
-6.82906010394666 0.3114
-6.82893832601986 0.3115
-6.82880977919308 0.3116
-6.82868423575766 0.3117
-6.82855873246673 0.3118
-6.82843470217847 0.3119
-6.82829817354494 0.312
-6.82815893896936 0.3121
-6.82802803575238 0.3122
-6.82789316513624 0.3123
-6.82776281672684 0.3124
-6.82763894037235 0.3125
-6.82751991121863 0.3126
-6.82740561623797 0.3127
-6.82728397259926 0.3128
-6.82716271544155 0.3129
-6.82704088917104 0.313
-6.82690728792913 0.3131
-6.82677036764275 0.3132
-6.82663401722527 0.3133
-6.8264845104412 0.3134
-6.82633349059142 0.3135
-6.82617397676732 0.3136
-6.82602210699322 0.3137
-6.82586808125933 0.3138
-6.82572172501509 0.3139
-6.82559064971685 0.314
-6.82546730568058 0.3141
-6.82535812226905 0.3142
-6.82525836820453 0.3143
-6.82516733262983 0.3144
-6.82508159746991 0.3145
-6.82499294318548 0.3146
-6.82492633725905 0.3147
-6.82485422979049 0.3148
-6.82480166081361 0.3149
-6.82474822116023 0.315
-6.82469631314402 0.3151
-6.82465021361063 0.3152
-6.82460113835503 0.3153
-6.82458588543297 0.3154
-6.82459088209831 0.3155
-6.82460027555796 0.3156
-6.82461817370962 0.3157
-6.8246297341744 0.3158
-6.82464724494938 0.3159
-6.8246637976346 0.316
-6.82467054388768 0.3161
-6.82469319425154 0.3162
-6.82472312881175 0.3163
-6.82476248218949 0.3164
-6.82479745194984 0.3165
-6.82484364710699 0.3166
-6.82488494298916 0.3167
-6.82493114428656 0.3168
-6.8249840163736 0.3169
-6.82504225871694 0.317
-6.82511903265087 0.3171
-6.82519100678694 0.3172
-6.82525933038072 0.3173
-6.82532930624362 0.3174
-6.82539446962734 0.3175
-6.82547012813287 0.3176
-6.82553774333436 0.3177
-6.82559780973453 0.3178
-6.82564986081519 0.3179
-6.8256850606568 0.318
-6.82571515802218 0.3181
-6.82573764515591 0.3182
-6.82575638162134 0.3183
-6.8257765187265 0.3184
-6.8257947653682 0.3185
-6.82580106367098 0.3186
-6.82579790563533 0.3187
-6.82579289952293 0.3188
-6.82579543816616 0.3189
-6.82580379831411 0.319
-6.82579739664309 0.3191
-6.82578853251094 0.3192
-6.82578099576738 0.3193
-6.82576655536816 0.3194
-6.82574781757516 0.3195
-6.82572164837548 0.3196
-6.8256856506485 0.3197
-6.82566419493751 0.3198
-6.8256304960984 0.3199
-6.82560013895477 0.32
-6.82556443769528 0.3201
-6.82553196601264 0.3202
-6.82551280333604 0.3203
-6.82549637052994 0.3204
-6.82548164695748 0.3205
-6.82547528093452 0.3206
-6.82545998026126 0.3207
-6.82544727324213 0.3208
-6.82544073400784 0.3209
-6.82545521334428 0.321
-6.82547516987103 0.3211
-6.82550333439709 0.3212
-6.82553836929644 0.3213
-6.82557480557769 0.3214
-6.82559318223206 0.3215
-6.82560519396641 0.3216
-6.82560319083925 0.3217
-6.82557486256601 0.3218
-6.82552258818809 0.3219
-6.82545448601023 0.322
-6.82536569430813 0.3221
-6.8252631117155 0.3222
-6.82514360363087 0.3223
-6.8250178093254 0.3224
-6.82488548267498 0.3225
-6.82475412767229 0.3226
-6.82462496884969 0.3227
-6.82448878279841 0.3228
-6.82434959413664 0.3229
-6.82420378637414 0.323
-6.82404330417446 0.3231
-6.8238869893676 0.3232
-6.82372498023456 0.3233
-6.82357337257928 0.3234
-6.82341287614866 0.3235
-6.82325849318927 0.3236
-6.82309459680953 0.3237
-6.82294644778374 0.3238
-6.82281697823305 0.3239
-6.82267414583087 0.324
-6.82255700637956 0.3241
-6.82245043646208 0.3242
-6.82236016180137 0.3243
-6.82228506839257 0.3244
-6.82223470110681 0.3245
-6.82218913491485 0.3246
-6.8221530055015 0.3247
-6.82211735269402 0.3248
-6.82208950669687 0.3249
-6.82205818782069 0.325
-6.82202613607603 0.3251
-6.82199353799699 0.3252
-6.82197308686476 0.3253
-6.82196496124365 0.3254
-6.82195929346346 0.3255
-6.82193637762391 0.3256
-6.82190580606376 0.3257
-6.82188114207064 0.3258
-6.82185382398896 0.3259
-6.82183418892125 0.326
-6.8218126962039 0.3261
-6.82179340252621 0.3262
-6.82178165164702 0.3263
-6.82176451127949 0.3264
-6.82175333216862 0.3265
-6.82174081392758 0.3266
-6.8217314055904 0.3267
-6.82173099567884 0.3268
-6.82173952435061 0.3269
-6.82174792054459 0.327
-6.82176805200164 0.3271
-6.82180932336477 0.3272
-6.82187078869503 0.3273
-6.82194177700608 0.3274
-6.82202402543617 0.3275
-6.8221198770458 0.3276
-6.82223651843799 0.3277
-6.82235611406573 0.3278
-6.82248792977313 0.3279
-6.82261895156773 0.328
-6.82274326125747 0.3281
-6.82286641747324 0.3282
-6.82299489880456 0.3283
-6.82311130747419 0.3284
-6.82320693766042 0.3285
-6.82330458672628 0.3286
-6.82340701710528 0.3287
-6.82351411214217 0.3288
-6.8236192866916 0.3289
-6.8237198859581 0.329
-6.82381147770091 0.3291
-6.82388159741034 0.3292
-6.82396562597039 0.3293
-6.82405145041685 0.3294
-6.82412907583915 0.3295
-6.82420287931182 0.3296
-6.82427979179773 0.3297
-6.82434969509001 0.3298
-6.82440834677155 0.3299
-6.82445845220359 0.33
-6.82449871401448 0.3301
-6.82453071704284 0.3302
-6.82454711646284 0.3303
-6.82454890798599 0.3304
-6.82454056593784 0.3305
-6.82453019507762 0.3306
-6.82451928709479 0.3307
-6.82450073366402 0.3308
-6.82448835502099 0.3309
-6.82447330693152 0.331
-6.82445474192808 0.3311
-6.82442904314256 0.3312
-6.82438769447991 0.3313
-6.82433992180687 0.3314
-6.82427483769659 0.3315
-6.82420857207353 0.3316
-6.82414218483703 0.3317
-6.82406581769473 0.3318
-6.82397341766356 0.3319
-6.82387674373366 0.332
-6.82378529499429 0.3321
-6.82369966803121 0.3322
-6.8236259689909 0.3323
-6.82355386729972 0.3324
-6.82349694023582 0.3325
-6.82344275535677 0.3326
-6.82338558087132 0.3327
-6.82332208598682 0.3328
-6.82326680194598 0.3329
-6.82321909472428 0.333
-6.82316903352161 0.3331
-6.82311138240974 0.3332
-6.8230654487913 0.3333
-6.82301425851873 0.3334
-6.82297660291019 0.3335
-6.82295024569924 0.3336
-6.82293377902588 0.3337
-6.82292893082749 0.3338
-6.82294030126288 0.3339
-6.82295218903055 0.334
-6.82297225080941 0.3341
-6.82300068208543 0.3342
-6.82303480853815 0.3343
-6.82308837465757 0.3344
-6.82314569183787 0.3345
-6.82319508248255 0.3346
-6.82323941673843 0.3347
-6.82329077077061 0.3348
-6.82333985595834 0.3349
-6.82338782195605 0.335
-6.82342882074833 0.3351
-6.82348688164997 0.3352
-6.82355079623028 0.3353
-6.82362044981108 0.3354
-6.82369008218854 0.3355
-6.82376225768703 0.3356
-6.82384447997771 0.3357
-6.82393180090099 0.3358
-6.8240059791231 0.3359
-6.82405938125453 0.336
-6.82409170350492 0.3361
-6.82413404626157 0.3362
-6.82417676920499 0.3363
-6.82420994043982 0.3364
-6.8242425679113 0.3365
-6.82427227103376 0.3366
-6.82430376567716 0.3367
-6.82431285308136 0.3368
-6.82429482699443 0.3369
-6.8242728966692 0.337
-6.82426714832275 0.3371
-6.82426352608414 0.3372
-6.82425957689748 0.3373
-6.82426572121136 0.3374
-6.82426845802818 0.3375
-6.82426952509825 0.3376
-6.82427304726678 0.3377
-6.82428676594297 0.3378
-6.82430722114473 0.3379
-6.82434660443768 0.338
-6.82439946928598 0.3381
-6.82446828239155 0.3382
-6.82454307849065 0.3383
-6.82461916689909 0.3384
-6.82471015400792 0.3385
-6.82479548356101 0.3386
-6.82487007875157 0.3387
-6.8249551784835 0.3388
-6.82503246342497 0.3389
-6.82509860939796 0.339
-6.82515661867078 0.3391
-6.82521615997483 0.3392
-6.82526581848991 0.3393
-6.82529800181257 0.3394
-6.82532705821486 0.3395
-6.82534503354406 0.3396
-6.82535428723314 0.3397
-6.82537124120404 0.3398
-6.82538953877488 0.3399
-6.82540532111457 0.34
-6.82543005856379 0.3401
-6.82545642733828 0.3402
-6.82549413565091 0.3403
-6.82553861154372 0.3404
-6.82556298710222 0.3405
-6.82558933785954 0.3406
-6.8256139514319 0.3407
-6.82563080617139 0.3408
-6.82565691722839 0.3409
-6.8256591810629 0.341
-6.82565597665971 0.3411
-6.82563569498751 0.3412
-6.82560564126742 0.3413
-6.82555539283812 0.3414
-6.82549895537797 0.3415
-6.82543298186186 0.3416
-6.82536082992132 0.3417
-6.82526908125377 0.3418
-6.82517165985479 0.3419
-6.82506772880267 0.342
-6.82495353806344 0.3421
-6.82485503191908 0.3422
-6.82476308660616 0.3423
-6.82467454339005 0.3424
-6.82457967316681 0.3425
-6.82448480945877 0.3426
-6.82439132087341 0.3427
-6.82432372732621 0.3428
-6.82425711471329 0.3429
-6.82420599712829 0.343
-6.82416969803273 0.3431
-6.82413827130567 0.3432
-6.82411979109047 0.3433
-6.82409028826571 0.3434
-6.82406685761034 0.3435
-6.82404302028582 0.3436
-6.82402373677809 0.3437
-6.82400227543363 0.3438
-6.82399048592996 0.3439
-6.82397372676268 0.344
-6.82395416518391 0.3441
-6.82393280823096 0.3442
-6.82391275462521 0.3443
-6.82387950264131 0.3444
-6.82384055776369 0.3445
-6.82380343731213 0.3446
-6.82376432484823 0.3447
-6.82373117477803 0.3448
-6.82368739376801 0.3449
-6.82365580587981 0.345
-6.82364137525042 0.3451
-6.82362764010009 0.3452
-6.82362229241582 0.3453
-6.82361481007815 0.3454
-6.82361434600852 0.3455
-6.82362334032135 0.3456
-6.823654404442 0.3457
-6.82368261370231 0.3458
-6.82370341712696 0.3459
-6.82372549040856 0.346
-6.82374817051909 0.3461
-6.82377726525172 0.3462
-6.82380219862828 0.3463
-6.82382789091476 0.3464
-6.82384449318603 0.3465
-6.82385613071159 0.3466
-6.82386743130643 0.3467
-6.8238701508306 0.3468
-6.82387069419433 0.3469
-6.82387023706257 0.347
-6.82386826534869 0.3471
-6.82386703223158 0.3472
-6.82385282813482 0.3473
-6.82383624682748 0.3474
-6.8238019155963 0.3475
-6.82374810442947 0.3476
-6.82367939042426 0.3477
-6.82360690321556 0.3478
-6.82351464027744 0.3479
-6.82342736088566 0.348
-6.8233380589938 0.3481
-6.8232333026362 0.3482
-6.82313440333146 0.3483
-6.82301971636884 0.3484
-6.82291291674145 0.3485
-6.82281217475356 0.3486
-6.82271924298597 0.3487
-6.82263642531416 0.3488
-6.82256274842542 0.3489
-6.82248495231962 0.349
-6.82241120162931 0.3491
-6.82233763889582 0.3492
-6.82226104526837 0.3493
-6.8221915273515 0.3494
-6.82213216011158 0.3495
-6.82206657196652 0.3496
-6.82200375394125 0.3497
-6.82194598292503 0.3498
-6.82189079930138 0.3499
-6.82185807804303 0.35
-6.82183130039203 0.3501
-6.82181887976326 0.3502
-6.82180997960012 0.3503
-6.82182761226526 0.3504
-6.82186255585872 0.3505
-6.82189996082695 0.3506
-6.8219451711426 0.3507
-6.82198671579107 0.3508
-6.82204017756234 0.3509
-6.82208865322473 0.351
-6.82212532406603 0.3511
-6.82216019574714 0.3512
-6.82218047200915 0.3513
-6.82220281997217 0.3514
-6.82222370232915 0.3515
-6.82224369423006 0.3516
-6.82224786563089 0.3517
-6.82225548970165 0.3518
-6.82225100571581 0.3519
-6.82222860066436 0.352
-6.8222035895417 0.3521
-6.82216931976253 0.3522
-6.8221313691488 0.3523
-6.82210379811516 0.3524
-6.82207637819587 0.3525
-6.82204573629429 0.3526
-6.82201574054839 0.3527
-6.82199011970357 0.3528
-6.82196984471273 0.3529
-6.8219594767776 0.353
-6.82195252300162 0.3531
-6.82196590553706 0.3532
-6.82198893286889 0.3533
-6.8220210514015 0.3534
-6.82207880116805 0.3535
-6.82215811809976 0.3536
-6.82225613408516 0.3537
-6.82235714340542 0.3538
-6.82243627184453 0.3539
-6.8225208900948 0.354
-6.82260494369524 0.3541
-6.82268135254621 0.3542
-6.82273978609504 0.3543
-6.82278019465509 0.3544
-6.8228036387549 0.3545
-6.82280558325033 0.3546
-6.82278263271864 0.3547
-6.82274532091353 0.3548
-6.82268475299475 0.3549
-6.82261685756667 0.355
-6.82253084993596 0.3551
-6.82243334845344 0.3552
-6.82232421242034 0.3553
-6.82220484720994 0.3554
-6.82206863867 0.3555
-6.82192176119082 0.3556
-6.82175939099252 0.3557
-6.82158920311984 0.3558
-6.82140003320797 0.3559
-6.82122217159361 0.356
-6.82105106700725 0.3561
-6.82089185357673 0.3562
-6.82073000813827 0.3563
-6.82058543228707 0.3564
-6.82046713265187 0.3565
-6.82035749465434 0.3566
-6.82025829078932 0.3567
-6.82018769696759 0.3568
-6.82013498957569 0.3569
-6.82011287806037 0.357
-6.82010717884341 0.3571
-6.82012523518672 0.3572
-6.82015626763918 0.3573
-6.82021189731884 0.3574
-6.82027803929248 0.3575
-6.82035841632872 0.3576
-6.82046211087477 0.3577
-6.82056094800568 0.3578
-6.82066711891506 0.3579
-6.820772030602 0.358
-6.82089728740499 0.3581
-6.8210393265453 0.3582
-6.82117922562769 0.3583
-6.82132881986223 0.3584
-6.82146140568914 0.3585
-6.82158708640009 0.3586
-6.82169242992342 0.3587
-6.82177904372162 0.3588
-6.82185105722864 0.3589
-6.82190027482822 0.359
-6.82192670864235 0.3591
-6.821935862191 0.3592
-6.82192140986027 0.3593
-6.82188969602152 0.3594
-6.82183886967225 0.3595
-6.82177704179814 0.3596
-6.8217088522419 0.3597
-6.82162884552533 0.3598
-6.82153235234429 0.3599
-6.821427193611 0.36
-6.82130325682586 0.3601
-6.82116491728224 0.3602
-6.82101608565956 0.3603
-6.820873640913 0.3604
-6.82073745277818 0.3605
-6.82061271972719 0.3606
-6.82049387380115 0.3607
-6.8203857153993 0.3608
-6.82028526938996 0.3609
-6.82020444563136 0.361
-6.82013898086716 0.3611
-6.82008917277365 0.3612
-6.82004991638189 0.3613
-6.82002837697021 0.3614
-6.82002085711951 0.3615
-6.82004154657316 0.3616
-6.82005736333615 0.3617
-6.82007701536095 0.3618
-6.82009794337223 0.3619
-6.82011703048847 0.362
-6.82014420977025 0.3621
-6.82017305542959 0.3622
-6.82019714650089 0.3623
-6.8202218335881 0.3624
-6.82024643455959 0.3625
-6.82027194464031 0.3626
-6.82029929351807 0.3627
-6.82033716086377 0.3628
-6.82037670891657 0.3629
-6.82040453302196 0.363
-6.82043010063453 0.3631
-6.82045441916163 0.3632
-6.82048140429452 0.3633
-6.82050701524662 0.3634
-6.82053581126074 0.3635
-6.82056143021076 0.3636
-6.82059139123019 0.3637
-6.82061666418932 0.3638
-6.8206485659371 0.3639
-6.82069433487556 0.364
-6.82073393772139 0.3641
-6.8207570662294 0.3642
-6.82077479733316 0.3643
-6.82079102751361 0.3644
-6.82081161458327 0.3645
-6.82081246794271 0.3646
-6.82080848728038 0.3647
-6.82080062492674 0.3648
-6.820789502346 0.3649
-6.82076949871834 0.365
-6.8207414553273 0.3651
-6.82071135716756 0.3652
-6.8206897716549 0.3653
-6.82066963442487 0.3654
-6.8206550217309 0.3655
-6.82063819283969 0.3656
-6.82062012805214 0.3657
-6.82061324331991 0.3658
-6.82061973223094 0.3659
-6.82063001413239 0.366
-6.8206406516778 0.3661
-6.82065174750646 0.3662
-6.82067053202248 0.3663
-6.82069154575206 0.3664
-6.82072262858222 0.3665
-6.82076515669653 0.3666
-6.82082019316779 0.3667
-6.82087798963403 0.3668
-6.82094099175769 0.3669
-6.82100941767631 0.367
-6.82106494919811 0.3671
-6.82110888986256 0.3672
-6.82113941143313 0.3673
-6.82116581870959 0.3674
-6.82119774541007 0.3675
-6.82121121352473 0.3676
-6.82121708639379 0.3677
-6.82123200139425 0.3678
-6.82123821867991 0.3679
-6.82124514074124 0.368
-6.8212315831922 0.3681
-6.8211980456725 0.3682
-6.82115600390409 0.3683
-6.82110902103776 0.3684
-6.82104988548302 0.3685
-6.82098690567246 0.3686
-6.82092354479196 0.3687
-6.82085410804004 0.3688
-6.82077760136781 0.3689
-6.82069536465243 0.369
-6.82062009624739 0.3691
-6.82054583891118 0.3692
-6.82046657132515 0.3693
-6.82038515019996 0.3694
-6.82030206752963 0.3695
-6.82021751191831 0.3696
-6.82014089514451 0.3697
-6.82006925076332 0.3698
-6.82000992956857 0.3699
-6.81995769483234 0.37
-6.81991927296911 0.3701
-6.81987998235307 0.3702
-6.81985436695669 0.3703
-6.81984082225114 0.3704
-6.81984310491291 0.3705
-6.81985496560274 0.3706
-6.81987913676936 0.3707
-6.81990895363249 0.3708
-6.81995405245349 0.3709
-6.82001120707865 0.371
-6.82006997541637 0.3711
-6.82014151936916 0.3712
-6.82021453364049 0.3713
-6.82029569253049 0.3714
-6.82037314219089 0.3715
-6.82044400184814 0.3716
-6.82050761796242 0.3717
-6.82057203715776 0.3718
-6.82063047627511 0.3719
-6.82068948510888 0.372
-6.82075758012994 0.3721
-6.82083262179319 0.3722
-6.82090581670769 0.3723
-6.82096763118822 0.3724
-6.82102731451211 0.3725
-6.82107680861572 0.3726
-6.82112988010163 0.3727
-6.8211884599692 0.3728
-6.82123565773828 0.3729
-6.82126765141295 0.373
-6.82128605055191 0.3731
-6.82130738037061 0.3732
-6.82132756243439 0.3733
-6.82133848163447 0.3734
-6.8213424974546 0.3735
-6.82134797463254 0.3736
-6.82134140271686 0.3737
-6.82133626245247 0.3738
-6.82133885069424 0.3739
-6.82134127410452 0.374
-6.8213361095744 0.3741
-6.82134883001737 0.3742
-6.82136853131369 0.3743
-6.82139139321257 0.3744
-6.82141566344003 0.3745
-6.82142226954135 0.3746
-6.82142073066076 0.3747
-6.82140989134462 0.3748
-6.82139834145267 0.3749
-6.82138944064917 0.375
-6.82135811933002 0.3751
-6.82130442288172 0.3752
-6.82123065105425 0.3753
-6.82114006233719 0.3754
-6.82103984118451 0.3755
-6.82091555309962 0.3756
-6.82078001067315 0.3757
-6.82063506462412 0.3758
-6.8204761156298 0.3759
-6.82030722053793 0.376
-6.82013155646914 0.3761
-6.81996635399496 0.3762
-6.81982305492036 0.3763
-6.81967873927266 0.3764
-6.81954108763554 0.3765
-6.81940787366122 0.3766
-6.81929998439943 0.3767
-6.81921516160765 0.3768
-6.8191419689662 0.3769
-6.81909750329466 0.377
-6.81908556940784 0.3771
-6.81908554799327 0.3772
-6.81910030871455 0.3773
-6.81913496477286 0.3774
-6.8191900590148 0.3775
-6.81923028053476 0.3776
-6.81926220759367 0.3777
-6.81928519594137 0.3778
-6.81929396699367 0.3779
-6.8193042517555 0.378
-6.81931194478391 0.3781
-6.81930719462002 0.3782
-6.81929465286909 0.3783
-6.81927870275326 0.3784
-6.81925035641636 0.3785
-6.81920918756582 0.3786
-6.81914257102895 0.3787
-6.81907531184527 0.3788
-6.81899399933508 0.3789
-6.81889444157541 0.379
-6.81878656548436 0.3791
-6.81868055547854 0.3792
-6.8185658898304 0.3793
-6.81844456952304 0.3794
-6.81831738657642 0.3795
-6.8182068121503 0.3796
-6.81811783529581 0.3797
-6.81804300402676 0.3798
-6.81796391936486 0.3799
-6.81788503982855 0.38
-6.81779288729454 0.3801
-6.81769960544366 0.3802
-6.81761135805355 0.3803
-6.81752928451534 0.3804
-6.81744719357135 0.3805
-6.81737184319319 0.3806
-6.81730381713897 0.3807
-6.81723068079868 0.3808
-6.81715953247076 0.3809
-6.81708632018008 0.381
-6.81701770675067 0.3811
-6.81697073377633 0.3812
-6.81692819443172 0.3813
-6.81689820174523 0.3814
-6.81686391033821 0.3815
-6.8168493974981 0.3816
-6.81684446483139 0.3817
-6.81683647344273 0.3818
-6.81683156919309 0.3819
-6.81684042100119 0.382
-6.81684684017147 0.3821
-6.81684514310491 0.3822
-6.816853002685 0.3823
-6.81685972481794 0.3824
-6.81686047076083 0.3825
-6.81685536316658 0.3826
-6.81685400346064 0.3827
-6.81685918470831 0.3828
-6.81686140599128 0.3829
-6.81686982333434 0.383
-6.81687658872056 0.3831
-6.81687888259162 0.3832
-6.81686628355344 0.3833
-6.81684779720091 0.3834
-6.81680814429564 0.3835
-6.81676893212726 0.3836
-6.81672558552161 0.3837
-6.8166719756522 0.3838
-6.81661843979154 0.3839
-6.81655998122399 0.384
-6.81649783077954 0.3841
-6.81644626695796 0.3842
-6.81639837690287 0.3843
-6.8163590077529 0.3844
-6.81632781132686 0.3845
-6.81630637239468 0.3846
-6.8162864301919 0.3847
-6.81628218907077 0.3848
-6.8162767106431 0.3849
-6.81627173956253 0.385
-6.81628041392512 0.3851
-6.81629200788967 0.3852
-6.81631115682439 0.3853
-6.8163473216053 0.3854
-6.81639954759215 0.3855
-6.81647672581189 0.3856
-6.81654919041756 0.3857
-6.81663873472728 0.3858
-6.81673768066056 0.3859
-6.81682142570764 0.386
-6.81691918119401 0.3861
-6.81701710543518 0.3862
-6.81711831194444 0.3863
-6.817223668569 0.3864
-6.81732955985008 0.3865
-6.81744033863434 0.3866
-6.81754845276548 0.3867
-6.81766085422962 0.3868
-6.8177603760202 0.3869
-6.81786675192525 0.387
-6.81796073093797 0.3871
-6.81804247422153 0.3872
-6.81810765184508 0.3873
-6.81814485235169 0.3874
-6.81816216562854 0.3875
-6.81816887302063 0.3876
-6.81816981085693 0.3877
-6.81816299941528 0.3878
-6.8181564659861 0.3879
-6.81814961649383 0.388
-6.81814123505431 0.3881
-6.81813783564352 0.3882
-6.8181351917512 0.3883
-6.81813963951608 0.3884
-6.81815724623421 0.3885
-6.81818265030102 0.3886
-6.81820053544058 0.3887
-6.81821238975067 0.3888
-6.81823528618306 0.3889
-6.8182633306113 0.389
-6.81829419510416 0.3891
-6.8183468844496 0.3892
-6.81838898453499 0.3893
-6.81842205998945 0.3894
-6.81845213765651 0.3895
-6.81847168166234 0.3896
-6.81848918626589 0.3897
-6.81850872375015 0.3898
-6.81851874174456 0.3899
-6.81851916405525 0.39
-6.81851293873268 0.3901
-6.81849992721423 0.3902
-6.81847516740553 0.3903
-6.81844359848159 0.3904
-6.8183982461817 0.3905
-6.81833517256993 0.3906
-6.81826109730464 0.3907
-6.8181937777428 0.3908
-6.81811317346221 0.3909
-6.81803258644442 0.391
-6.81795265045905 0.3911
-6.81787192523004 0.3912
-6.81780002098039 0.3913
-6.81773251786786 0.3914
-6.8176701565289 0.3915
-6.81761702950412 0.3916
-6.81757469203886 0.3917
-6.81752522429059 0.3918
-6.81748061623463 0.3919
-6.81745753480029 0.392
-6.81743220768899 0.3921
-6.81742476600078 0.3922
-6.8174220072023 0.3923
-6.81741109452526 0.3924
-6.81739014794785 0.3925
-6.81737771661707 0.3926
-6.81737492267091 0.3927
-6.81737941504605 0.3928
-6.8173786053361 0.3929
-6.81737978471667 0.393
-6.81736705217779 0.3931
-6.81735815741958 0.3932
-6.8173390024475 0.3933
-6.817303134241 0.3934
-6.81728167926936 0.3935
-6.8172643553712 0.3936
-6.81725099682483 0.3937
-6.81722597371683 0.3938
-6.81719887636303 0.3939
-6.81716810913037 0.394
-6.81715275109892 0.3941
-6.81712762110809 0.3942
-6.81709022547731 0.3943
-6.8170408049497 0.3944
-6.81698124322495 0.3945
-6.816913494898 0.3946
-6.8168469711483 0.3947
-6.81678161840544 0.3948
-6.81672151492126 0.3949
-6.81666241930396 0.395
-6.81661137487175 0.3951
-6.81657621705393 0.3952
-6.81655185455702 0.3953
-6.81653506104731 0.3954
-6.8165305376891 0.3955
-6.81653811106783 0.3956
-6.81655782919149 0.3957
-6.81657889866373 0.3958
-6.81659531350804 0.3959
-6.81660857697892 0.396
-6.81662517535928 0.3961
-6.81663913121911 0.3962
-6.81665737738759 0.3963
-6.81667277260037 0.3964
-6.81669188430083 0.3965
-6.81670367580937 0.3966
-6.81671413913449 0.3967
-6.81673220028965 0.3968
-6.8167535723446 0.3969
-6.81675781697004 0.397
-6.81675219942297 0.3971
-6.816752144706 0.3972
-6.81676304797003 0.3973
-6.81676016011706 0.3974
-6.81675754397655 0.3975
-6.81676290703343 0.3976
-6.81677289231883 0.3977
-6.81678747000592 0.3978
-6.81679365113398 0.3979
-6.81680438352459 0.398
-6.81682310784789 0.3981
-6.81684378365782 0.3982
-6.81687222592731 0.3983
-6.81690872794265 0.3984
-6.81694354130964 0.3985
-6.81697853881581 0.3986
-6.81700638398747 0.3987
-6.81702975474282 0.3988
-6.81707033850187 0.3989
-6.81710307187971 0.399
-6.81713541225906 0.3991
-6.8171701444542 0.3992
-6.81720356117003 0.3993
-6.817238382491 0.3994
-6.81724728626783 0.3995
-6.81724919086605 0.3996
-6.8172383653416 0.3997
-6.81722665562727 0.3998
-6.81720060400504 0.3999
-6.81716330753636 0.4
-6.81710850214679 0.4001
-6.81704398872085 0.4002
-6.81697792046122 0.4003
-6.8169198250197 0.4004
-6.81686872503503 0.4005
-6.81682969039187 0.4006
-6.81679398922619 0.4007
-6.81675981667945 0.4008
-6.81672597145425 0.4009
-6.81668270604168 0.401
-6.81662520483023 0.4011
-6.81657213892017 0.4012
-6.81651433460592 0.4013
-6.81647297780271 0.4014
-6.81644086438027 0.4015
-6.81641593186112 0.4016
-6.81638650419113 0.4017
-6.81635813928827 0.4018
-6.81632194225035 0.4019
-6.81628564533389 0.402
-6.81624101683608 0.4021
-6.81619932335416 0.4022
-6.81613887355893 0.4023
-6.81608475017747 0.4024
-6.81602864781783 0.4025
-6.81598033272637 0.4026
-6.8159286171591 0.4027
-6.8158909391821 0.4028
-6.8158607913809 0.4029
-6.81582548637293 0.403
-6.81579621359817 0.4031
-6.81578827447442 0.4032
-6.8158005460039 0.4033
-6.81582062758185 0.4034
-6.81585115602496 0.4035
-6.81590042195791 0.4036
-6.81593263032524 0.4037
-6.81597213731753 0.4038
-6.81601418032203 0.4039
-6.81605077760096 0.404
-6.8160850407279 0.4041
-6.81609976407572 0.4042
-6.81612149117056 0.4043
-6.81613962563872 0.4044
-6.81614768459251 0.4045
-6.8161507661259 0.4046
-6.81615372323487 0.4047
-6.8161586325256 0.4048
-6.81614665926869 0.4049
-6.81613587718562 0.405
-6.81611464516689 0.4051
-6.81607359331365 0.4052
-6.81602322228721 0.4053
-6.81597168594449 0.4054
-6.8159114582779 0.4055
-6.81584533882698 0.4056
-6.81576567801777 0.4057
-6.81567945103406 0.4058
-6.81557348660472 0.4059
-6.8154568932275 0.406
-6.81533712876791 0.4061
-6.81519659211067 0.4062
-6.81503437180746 0.4063
-6.81487257922354 0.4064
-6.81471390799256 0.4065
-6.814551533096 0.4066
-6.8144017815413 0.4067
-6.81426855754441 0.4068
-6.81414157536268 0.4069
-6.81401390645953 0.407
-6.81388971876992 0.4071
-6.81377755599588 0.4072
-6.81368720407596 0.4073
-6.81361423821933 0.4074
-6.81356516701484 0.4075
-6.81354394469353 0.4076
-6.8135265771669 0.4077
-6.8135411293381 0.4078
-6.81358870177584 0.4079
-6.81364278932878 0.408
-6.81371122054011 0.4081
-6.81378777730276 0.4082
-6.81387298237789 0.4083
-6.81396299264864 0.4084
-6.81405126970907 0.4085
-6.81415307017396 0.4086
-6.81424821178301 0.4087
-6.81435484012808 0.4088
-6.81445839897187 0.4089
-6.81454759384865 0.409
-6.81464096618832 0.4091
-6.81472669645763 0.4092
-6.81480048017132 0.4093
-6.81487272620098 0.4094
-6.8149293237089 0.4095
-6.81497937010147 0.4096
-6.81501804844779 0.4097
-6.81504320843981 0.4098
-6.81506179902652 0.4099
-6.81506876417987 0.41
-6.8150664496199 0.4101
-6.81504633076971 0.4102
-6.81502295851573 0.4103
-6.81500342797984 0.4104
-6.81498772566182 0.4105
-6.814977274185 0.4106
-6.81498370273639 0.4107
-6.81498502487942 0.4108
-6.81498285521381 0.4109
-6.81498703810869 0.411
-6.81498682649917 0.4111
-6.81498039307951 0.4112
-6.81498367605351 0.4113
-6.81498843491929 0.4114
-6.81499608941077 0.4115
-6.81499961151821 0.4116
-6.81499347877643 0.4117
-6.81497524055131 0.4118
-6.814970715733 0.4119
-6.81495829588591 0.412
-6.81495224502544 0.4121
-6.81495912485725 0.4122
-6.81495256662362 0.4123
-6.81494912955332 0.4124
-6.81494024716517 0.4125
-6.81493499828834 0.4126
-6.81493892763783 0.4127
-6.81495469392527 0.4128
-6.81496891536347 0.4129
-6.81498461781711 0.413
-6.81498260873681 0.4131
-6.81497641113023 0.4132
-6.81497416510744 0.4133
-6.81497927222418 0.4134
-6.81497123022569 0.4135
-6.8149671087448 0.4136
-6.81496003981477 0.4137
-6.81495173538804 0.4138
-6.81495565107288 0.4139
-6.81496155394023 0.414
-6.81499433405557 0.4141
-6.81503600852138 0.4142
-6.81508614624996 0.4143
-6.81516400936673 0.4144
-6.81524717227017 0.4145
-6.81535671343719 0.4146
-6.81547060727863 0.4147
-6.81560395765756 0.4148
-6.81574586767723 0.4149
-6.81588172493857 0.415
-6.81601467593736 0.4151
-6.81612860207647 0.4152
-6.81623826204376 0.4153
-6.81634661378526 0.4154
-6.81644458396042 0.4155
-6.8165334901883 0.4156
-6.81660947296365 0.4157
-6.81666663702199 0.4158
-6.81670528800789 0.4159
-6.81673310016562 0.416
-6.81673993081517 0.4161
-6.81673497685749 0.4162
-6.81670657576993 0.4163
-6.81666489656687 0.4164
-6.81660401573013 0.4165
-6.81653098297308 0.4166
-6.81645096446317 0.4167
-6.81634861923112 0.4168
-6.81622460361289 0.4169
-6.81608090263033 0.417
-6.815924728467 0.4171
-6.8157596742646 0.4172
-6.81559511586045 0.4173
-6.81543724976015 0.4174
-6.81529779023812 0.4175
-6.81516280640307 0.4176
-6.81503112509643 0.4177
-6.81491836047328 0.4178
-6.81480571501321 0.4179
-6.8146955123405 0.418
-6.81459446947375 0.4181
-6.81451872053311 0.4182
-6.81446267908849 0.4183
-6.81441899151638 0.4184
-6.81438239522129 0.4185
-6.81435756885983 0.4186
-6.81434397802905 0.4187
-6.81433801124132 0.4188
-6.81432732248589 0.4189
-6.81431501529156 0.419
-6.81429575910132 0.4191
-6.8142714545697 0.4192
-6.81424746194342 0.4193
-6.81421066691147 0.4194
-6.81418136972534 0.4195
-6.81413660693899 0.4196
-6.81410757951669 0.4197
-6.81407122669437 0.4198
-6.81401545524375 0.4199
-6.81395019067178 0.42
-6.81388747026777 0.4201
-6.81384323701835 0.4202
-6.81381336783649 0.4203
-6.81376950114079 0.4204
-6.813722007651 0.4205
-6.81367728475345 0.4206
-6.81363780310549 0.4207
-6.81359841057085 0.4208
-6.813559643625 0.4209
-6.81352492895074 0.421
-6.81349718661589 0.4211
-6.81346621235787 0.4212
-6.81343591974026 0.4213
-6.81341717692497 0.4214
-6.81341402074489 0.4215
-6.81341643537557 0.4216
-6.81342072450143 0.4217
-6.81343759610491 0.4218
-6.81346219793857 0.4219
-6.81350562911016 0.422
-6.81354864459569 0.4221
-6.81360729180105 0.4222
-6.8136726180609 0.4223
-6.81373938660793 0.4224
-6.81380124729646 0.4225
-6.81385983227493 0.4226
-6.81390535986664 0.4227
-6.81394887335451 0.4228
-6.81398622587902 0.4229
-6.81401563689946 0.423
-6.81404022744759 0.4231
-6.81405961666542 0.4232
-6.81407211962842 0.4233
-6.81407662315839 0.4234
-6.81405771728808 0.4235
-6.81402801072669 0.4236
-6.81399476995056 0.4237
-6.81395831276186 0.4238
-6.81391810971693 0.4239
-6.81389747635221 0.424
-6.81389134067191 0.4241
-6.81388960393026 0.4242
-6.81388664203544 0.4243
-6.81386779373758 0.4244
-6.81385684091267 0.4245
-6.81383592613893 0.4246
-6.81380419531462 0.4247
-6.81378271665845 0.4248
-6.81376380005398 0.4249
-6.81374021397198 0.425
-6.8137152050994 0.4251
-6.8136918278397 0.4252
-6.81366976892474 0.4253
-6.81362919491811 0.4254
-6.81361226223718 0.4255
-6.81358099809782 0.4256
-6.81354610095484 0.4257
-6.81351649826558 0.4258
-6.81348198382848 0.4259
-6.81342947247387 0.426
-6.81335277321582 0.4261
-6.81328312392821 0.4262
-6.81321443260308 0.4263
-6.81314882163702 0.4264
-6.81309779871978 0.4265
-6.81305247695932 0.4266
-6.8130144878367 0.4267
-6.81297747020877 0.4268
-6.81295778514381 0.4269
-6.81294594557898 0.427
-6.8129407039595 0.4271
-6.81294312825434 0.4272
-6.81295002282054 0.4273
-6.81295494329652 0.4274
-6.81297557192321 0.4275
-6.81299847920988 0.4276
-6.81301605395375 0.4277
-6.81301349716321 0.4278
-6.81300863519138 0.4279
-6.81301493839238 0.428
-6.81300817534912 0.4281
-6.81299860102291 0.4282
-6.8129828261315 0.4283
-6.81298049828546 0.4284
-6.81297766310601 0.4285
-6.81298173419912 0.4286
-6.8130028622011 0.4287
-6.81301888979757 0.4288
-6.81303396914406 0.4289
-6.81303270115072 0.429
-6.81302092233749 0.4291
-6.81301841137398 0.4292
-6.81301663293847 0.4293
-6.81302082155362 0.4294
-6.81302591534957 0.4295
-6.81303162921298 0.4296
-6.8130398138261 0.4297
-6.81303895041363 0.4298
-6.81302727957085 0.4299
-6.81300310342253 0.43
-6.81296036275964 0.4301
-6.81291656133041 0.4302
-6.81284830906914 0.4303
-6.8127656706804 0.4304
-6.81267004887804 0.4305
-6.81254669305414 0.4306
-6.81242757066603 0.4307
-6.81230735441594 0.4308
-6.8121763081809 0.4309
-6.81205199031439 0.431
-6.81193873995341 0.4311
-6.81182510504116 0.4312
-6.81172125877246 0.4313
-6.8116337296405 0.4314
-6.81154455251595 0.4315
-6.81148225918826 0.4316
-6.81142200214505 0.4317
-6.81137255447249 0.4318
-6.81131893685003 0.4319
-6.81128510931189 0.432
-6.81124416674052 0.4321
-6.81121729359199 0.4322
-6.81120197444696 0.4323
-6.81120695233084 0.4324
-6.81122377001607 0.4325
-6.81124339481752 0.4326
-6.81127208134454 0.4327
-6.81131444650366 0.4328
-6.81134645773652 0.4329
-6.81138558840158 0.433
-6.81142646722447 0.4331
-6.81146212801694 0.4332
-6.81148742108102 0.4333
-6.81151572201863 0.4334
-6.81154295436937 0.4335
-6.81156569760512 0.4336
-6.81159226622037 0.4337
-6.81161792088428 0.4338
-6.811650728752 0.4339
-6.81169388971048 0.434
-6.81174503446741 0.4341
-6.81180442070512 0.4342
-6.81186841300771 0.4343
-6.81194273887886 0.4344
-6.81202700488468 0.4345
-6.81211387117583 0.4346
-6.81220142136567 0.4347
-6.81228775025184 0.4348
-6.81237015890553 0.4349
-6.8124441012687 0.435
-6.81252414938929 0.4351
-6.81260863381015 0.4352
-6.81268865743592 0.4353
-6.81274987649173 0.4354
-6.81280049961152 0.4355
-6.8128345314115 0.4356
-6.81284471962467 0.4357
-6.81283325434021 0.4358
-6.81280909061563 0.4359
-6.81277328209399 0.436
-6.81272997958343 0.4361
-6.81268587162773 0.4362
-6.81263300905331 0.4363
-6.81256045379674 0.4364
-6.81248592103677 0.4365
-6.81240779447046 0.4366
-6.81233160345207 0.4367
-6.81226458621145 0.4368
-6.81219274289495 0.4369
-6.81214263741673 0.437
-6.81209702816221 0.4371
-6.81206386540436 0.4372
-6.81203997347297 0.4373
-6.81202564965972 0.4374
-6.81203244483223 0.4375
-6.81203974820729 0.4376
-6.81207773516122 0.4377
-6.81212355831879 0.4378
-6.81216428910013 0.4379
-6.81221172031347 0.438
-6.81227117783852 0.4381
-6.81232714835145 0.4382
-6.81237679904454 0.4383
-6.81243277328102 0.4384
-6.812486490021 0.4385
-6.81254646638221 0.4386
-6.8126078704838 0.4387
-6.81267189000024 0.4388
-6.81272815760118 0.4389
-6.81277371256483 0.439
-6.8128203493118 0.4391
-6.81285209775903 0.4392
-6.81286380474813 0.4393
-6.81285527607175 0.4394
-6.81283886196611 0.4395
-6.8128075028843 0.4396
-6.81275639533405 0.4397
-6.81269621911849 0.4398
-6.81261480983315 0.4399
-6.81252379561135 0.44
-6.81243638176829 0.4401
-6.81233167646463 0.4402
-6.81222129590036 0.4403
-6.8121019488773 0.4404
-6.81198150729492 0.4405
-6.8118626657707 0.4406
-6.8117595351965 0.4407
-6.81165889422049 0.4408
-6.81156418117543 0.4409
-6.81144764469884 0.441
-6.81132101251983 0.4411
-6.81119249312102 0.4412
-6.81107195800354 0.4413
-6.8109610783938 0.4414
-6.81086511276219 0.4415
-6.81076399294771 0.4416
-6.81066185892476 0.4417
-6.8105586586486 0.4418
-6.81046018910619 0.4419
-6.81035165354473 0.442
-6.81026502505421 0.4421
-6.81018659841335 0.4422
-6.81011827530079 0.4423
-6.81005407699003 0.4424
-6.80998881698609 0.4425
-6.80992546258908 0.4426
-6.80988142058008 0.4427
-6.80984058662499 0.4428
-6.80982275843314 0.4429
-6.80979945628493 0.443
-6.80979225232794 0.4431
-6.8097792934271 0.4432
-6.80977944877549 0.4433
-6.80979424027456 0.4434
-6.80981044208744 0.4435
-6.80982583505878 0.4436
-6.8098351562258 0.4437
-6.80984588103442 0.4438
-6.80985818944748 0.4439
-6.80986034857211 0.444
-6.80987159867467 0.4441
-6.80987979723796 0.4442
-6.80989587010736 0.4443
-6.8099230801408 0.4444
-6.80992728897109 0.4445
-6.80993488709963 0.4446
-6.80993312520426 0.4447
-6.80991818594729 0.4448
-6.80988124735798 0.4449
-6.80984830570347 0.445
-6.80980720682614 0.4451
-6.80976055438372 0.4452
-6.80971709914968 0.4453
-6.80965687007331 0.4454
-6.80959593869557 0.4455
-6.809513065595 0.4456
-6.8094544501013 0.4457
-6.80938737739235 0.4458
-6.80933022583518 0.4459
-6.80927957784965 0.446
-6.8092275378722 0.4461
-6.80917657917306 0.4462
-6.80913939728458 0.4463
-6.8091123329773 0.4464
-6.80907679698818 0.4465
-6.80903936122519 0.4466
-6.80902979235935 0.4467
-6.80903338075739 0.4468
-6.80904408666517 0.4469
-6.80906122423137 0.447
-6.80908547579348 0.4471
-6.80911732953533 0.4472
-6.80914576001447 0.4473
-6.80918792752006 0.4474
-6.80923127775338 0.4475
-6.80928679326653 0.4476
-6.809347070476 0.4477
-6.80941901564871 0.4478
-6.80949716898408 0.4479
-6.80957567815187 0.448
-6.80966124801525 0.4481
-6.80972658110132 0.4482
-6.80978409547471 0.4483
-6.80983491645947 0.4484
-6.80988457276115 0.4485
-6.80994065906741 0.4486
-6.81000066394181 0.4487
-6.81004719904222 0.4488
-6.81008084904788 0.4489
-6.81011218483358 0.449
-6.81013377404981 0.4491
-6.81014822807629 0.4492
-6.81015699790906 0.4493
-6.81015079796601 0.4494
-6.81012880950578 0.4495
-6.81011210081379 0.4496
-6.81008282156871 0.4497
-6.81003482393 0.4498
-6.80996870358044 0.4499
-6.80988605134666 0.45
-6.80979795394879 0.4501
-6.80972293850131 0.4502
-6.80963932192071 0.4503
-6.80956762999804 0.4504
-6.80950447833127 0.4505
-6.80945071487435 0.4506
-6.80939955270794 0.4507
-6.80936603867849 0.4508
-6.80934302697964 0.4509
-6.8093377186512 0.451
-6.80933128246217 0.4511
-6.80934857758695 0.4512
-6.80938131542028 0.4513
-6.80942254932484 0.4514
-6.80947463256842 0.4515
-6.80952825777572 0.4516
-6.8095709825791 0.4517
-6.80961333072942 0.4518
-6.80965658319074 0.4519
-6.80968494995264 0.452
-6.80971079475498 0.4521
-6.8097266150708 0.4522
-6.80973023736345 0.4523
-6.80973712534431 0.4524
-6.80972862531636 0.4525
-6.80972523847994 0.4526
-6.80972482977774 0.4527
-6.80972415511674 0.4528
-6.80972185693979 0.4529
-6.80971886603253 0.453
-6.80970479692065 0.4531
-6.80968669816084 0.4532
-6.80965078700651 0.4533
-6.80961809548103 0.4534
-6.80957445234365 0.4535
-6.80951784877616 0.4536
-6.80946301190584 0.4537
-6.80941280232268 0.4538
-6.80936686028658 0.4539
-6.80933371017638 0.454
-6.80929315516128 0.4541
-6.80924475656285 0.4542
-6.80919764128543 0.4543
-6.80914860110651 0.4544
-6.80910055606598 0.4545
-6.80905700425207 0.4546
-6.80900752817922 0.4547
-6.80896384585889 0.4548
-6.80892131023189 0.4549
-6.80888855409775 0.455
-6.80883843269094 0.4551
-6.80877004326299 0.4552
-6.80869535717434 0.4553
-6.80863130188901 0.4554
-6.8085620637874 0.4555
-6.80847556134808 0.4556
-6.80838082924518 0.4557
-6.80828885083186 0.4558
-6.80818547135386 0.4559
-6.80807893928027 0.456
-6.80797696928515 0.4561
-6.80787644561424 0.4562
-6.80778036396854 0.4563
-6.80768811309833 0.4564
-6.80762667545347 0.4565
-6.80755774833602 0.4566
-6.80749410829439 0.4567
-6.80743670518798 0.4568
-6.80738922334938 0.4569
-6.80734984625726 0.457
-6.80731043144356 0.4571
-6.80727871532175 0.4572
-6.8072511301002 0.4573
-6.8072403092257 0.4574
-6.80723134561148 0.4575
-6.80723819739829 0.4576
-6.80726458571949 0.4577
-6.80732016174151 0.4578
-6.80738396205227 0.4579
-6.80745587615374 0.458
-6.80752681093769 0.4581
-6.80761420106573 0.4582
-6.80770178601983 0.4583
-6.8077936614794 0.4584
-6.80789135179243 0.4585
-6.80798266614933 0.4586
-6.80808196295049 0.4587
-6.80817886686224 0.4588
-6.80826179583913 0.4589
-6.80834526057502 0.459
-6.80841599952056 0.4591
-6.80848266148246 0.4592
-6.80854873129166 0.4593
-6.80859824211943 0.4594
-6.80864174059802 0.4595
-6.80868751166184 0.4596
-6.80873708820735 0.4597
-6.80876064650231 0.4598
-6.80877524079488 0.4599
-6.80878653279481 0.46
-6.80877923516997 0.4601
-6.8087691262388 0.4602
-6.80875883681559 0.4603
-6.8087530732695 0.4604
-6.80875911823697 0.4605
-6.80876706452457 0.4606
-6.80879397285797 0.4607
-6.80881820688084 0.4608
-6.80885297512562 0.4609
-6.80889403189977 0.461
-6.8089478147385 0.4611
-6.80900500359572 0.4612
-6.80907467006952 0.4613
-6.80915520260587 0.4614
-6.80924054466167 0.4615
-6.80934097128112 0.4616
-6.80944433455851 0.4617
-6.80955216590053 0.4618
-6.80966009825962 0.4619
-6.80976750031193 0.462
-6.80986701083388 0.4621
-6.80996447219863 0.4622
-6.81007017456848 0.4623
-6.81014975392808 0.4624
-6.81018827947323 0.4625
-6.81020398764271 0.4626
-6.81019953897338 0.4627
-6.81019085098688 0.4628
-6.81016083004044 0.4629
-6.81012204870218 0.463
-6.81006138623762 0.4631
-6.80998745560288 0.4632
-6.80988945844931 0.4633
-6.80977923815562 0.4634
-6.80965116783955 0.4635
-6.80951103132765 0.4636
-6.80936300750552 0.4637
-6.80921907090796 0.4638
-6.80907935602188 0.4639
-6.80894973511028 0.464
-6.8088231315289 0.4641
-6.80869258634412 0.4642
-6.80856340975065 0.4643
-6.80842329317668 0.4644
-6.80830084033967 0.4645
-6.80818756693695 0.4646
-6.80806913302937 0.4647
-6.80796707846994 0.4648
-6.80787906424023 0.4649
-6.80777829741157 0.465
-6.80768884826281 0.4651
-6.8076019121743 0.4652
-6.80752429573997 0.4653
-6.80746643806703 0.4654
-6.80740444801621 0.4655
-6.80735468871239 0.4656
-6.80730851777979 0.4657
-6.80728181440108 0.4658
-6.80724265910662 0.4659
-6.80719914457935 0.466
-6.807155750988 0.4661
-6.80711926301556 0.4662
-6.80708610350618 0.4663
-6.80705617665129 0.4664
-6.8070307419393 0.4665
-6.80699611159259 0.4666
-6.80695267585012 0.4667
-6.80689899443046 0.4668
-6.80683248415425 0.4669
-6.80674541259241 0.467
-6.80664503420794 0.4671
-6.80654034751868 0.4672
-6.80643794374227 0.4673
-6.80633741412744 0.4674
-6.80623655218715 0.4675
-6.80613800204348 0.4676
-6.80604437521021 0.4677
-6.80596214844578 0.4678
-6.80589798239954 0.4679
-6.80585616466508 0.468
-6.8057919047189 0.4681
-6.80574845246861 0.4682
-6.80572161270201 0.4683
-6.80570908130302 0.4684
-6.8057092805131 0.4685
-6.80570693000254 0.4686
-6.80571005690644 0.4687
-6.80571930956095 0.4688
-6.80572978434862 0.4689
-6.80574136879811 0.469
-6.80574765511851 0.4691
-6.80574818106103 0.4692
-6.80574654170271 0.4693
-6.80574396541416 0.4694
-6.80574392685297 0.4695
-6.80574613685608 0.4696
-6.80574595798912 0.4697
-6.80574641377272 0.4698
-6.80574216445954 0.4699
-6.80573779253336 0.47
-6.80573712664251 0.4701
-6.80571902481459 0.4702
-6.80570010234947 0.4703
-6.80569175956023 0.4704
-6.80569824810451 0.4705
-6.80569479425628 0.4706
-6.80571375593431 0.4707
-6.805738378506 0.4708
-6.80577329666996 0.4709
-6.80579709757857 0.471
-6.80583034113404 0.4711
-6.80587216954791 0.4712
-6.80591375347997 0.4713
-6.80595988879664 0.4714
-6.80599071341236 0.4715
-6.80601817349818 0.4716
-6.80604058717598 0.4717
-6.8060596818897 0.4718
-6.80605232543451 0.4719
-6.80604688918026 0.472
-6.80601927529498 0.4721
-6.80598483862294 0.4722
-6.80593291950474 0.4723
-6.80587816385088 0.4724
-6.8058299625077 0.4725
-6.80578775087627 0.4726
-6.80573759958993 0.4727
-6.8056991716134 0.4728
-6.8056600612677 0.4729
-6.80564647469492 0.473
-6.80565202090043 0.4731
-6.80567972172507 0.4732
-6.8057248817477 0.4733
-6.80577990055234 0.4734
-6.8058293656121 0.4735
-6.80588866590696 0.4736
-6.80597018883459 0.4737
-6.80605543512184 0.4738
-6.8061405187269 0.4739
-6.80621579772172 0.474
-6.80629471024971 0.4741
-6.8063792961499 0.4742
-6.80646657600629 0.4743
-6.80655517826156 0.4744
-6.80665077841909 0.4745
-6.80673053872216 0.4746
-6.80682358298411 0.4747
-6.80689366138543 0.4748
-6.80695621927715 0.4749
-6.80702170902363 0.475
-6.80708647581236 0.4751
-6.80714648444335 0.4752
-6.80719872912769 0.4753
-6.80725748671044 0.4754
-6.80731696536397 0.4755
-6.80737549971897 0.4756
-6.80743533842156 0.4757
-6.80752002422655 0.4758
-6.80760460586779 0.4759
-6.80771309641737 0.476
-6.80783078977279 0.4761
-6.80794818679275 0.4762
-6.80807756619858 0.4763
-6.80820575528931 0.4764
-6.80834161638921 0.4765
-6.80848814860589 0.4766
-6.80863957622118 0.4767
-6.80880198124509 0.4768
-6.80896877095051 0.4769
-6.8091257476841 0.477
-6.80927912535558 0.4771
-6.80942371176036 0.4772
-6.80957261434151 0.4773
-6.80970899539665 0.4774
-6.8098318394988 0.4775
-6.80994862901318 0.4776
-6.81007209603183 0.4777
-6.81018278947641 0.4778
-6.8102862852261 0.4779
-6.81038718410993 0.478
-6.81044378329447 0.4781
-6.81048024859798 0.4782
-6.81048546439316 0.4783
-6.81049544979178 0.4784
-6.81048170257365 0.4785
-6.81044723423384 0.4786
-6.81039581692622 0.4787
-6.81033129837564 0.4788
-6.81027555658762 0.4789
-6.81019435634149 0.479
-6.8101285749002 0.4791
-6.81004758937994 0.4792
-6.80996452637121 0.4793
-6.80986531438319 0.4794
-6.80976839900173 0.4795
-6.80966942469426 0.4796
-6.80958159132225 0.4797
-6.80949020630243 0.4798
-6.80939202993877 0.4799
-6.80929497791922 0.48
-6.80919750614906 0.4801
-6.80908905999743 0.4802
-6.80897900140855 0.4803
-6.80887831719493 0.4804
-6.80879239684023 0.4805
-6.80870904058056 0.4806
-6.8086477690028 0.4807
-6.80860452015711 0.4808
-6.80856418736014 0.4809
-6.80854246174339 0.481
-6.80852040119692 0.4811
-6.80850698915991 0.4812
-6.80851071082584 0.4813
-6.80851952344879 0.4814
-6.80853711890834 0.4815
-6.80853947322815 0.4816
-6.80854020905479 0.4817
-6.80853323532483 0.4818
-6.80851995599862 0.4819
-6.80851320502687 0.482
-6.80851187570274 0.4821
-6.80850614293963 0.4822
-6.80848524748031 0.4823
-6.80843975104704 0.4824
-6.80840076891067 0.4825
-6.80835355307367 0.4826
-6.80830005129976 0.4827
-6.80822991073795 0.4828
-6.80815060263088 0.4829
-6.80805792570421 0.483
-6.80794648413163 0.4831
-6.80784183532738 0.4832
-6.80773480305318 0.4833
-6.80763568102113 0.4834
-6.80754406573139 0.4835
-6.80744828748761 0.4836
-6.80735557616163 0.4837
-6.80725391497636 0.4838
-6.80715184039318 0.4839
-6.80705974427824 0.484
-6.80695963701044 0.4841
-6.80684694731929 0.4842
-6.80675462866874 0.4843
-6.8066693504273 0.4844
-6.80658082478379 0.4845
-6.80651315152615 0.4846
-6.80643921974777 0.4847
-6.8063711107747 0.4848
-6.80631559514226 0.4849
-6.80624938376048 0.485
-6.8061918201202 0.4851
-6.80613103704546 0.4852
-6.80605502862832 0.4853
-6.80598085072879 0.4854
-6.80591392797139 0.4855
-6.80584721090377 0.4856
-6.80578612386397 0.4857
-6.80572579361086 0.4858
-6.80566044780611 0.4859
-6.80558992718927 0.486
-6.80553021737855 0.4861
-6.80547720588505 0.4862
-6.80543262579213 0.4863
-6.80538845319986 0.4864
-6.80535243624145 0.4865
-6.80531821646723 0.4866
-6.8052982095061 0.4867
-6.80524651531218 0.4868
-6.80520874848766 0.4869
-6.80517520405171 0.487
-6.80515500665896 0.4871
-6.80515018754206 0.4872
-6.80515615570553 0.4873
-6.80517578509606 0.4874
-6.80523019129598 0.4875
-6.8052900403252 0.4876
-6.80536152713204 0.4877
-6.80543102414922 0.4878
-6.80551585272148 0.4879
-6.80560270931334 0.488
-6.80568689029778 0.4881
-6.80578528410331 0.4882
-6.8058829289115 0.4883
-6.8059762801689 0.4884
-6.80607066165749 0.4885
-6.80616027858729 0.4886
-6.80624588753555 0.4887
-6.80633869717606 0.4888
-6.80641522418899 0.4889
-6.80648396767299 0.489
-6.80655099996658 0.4891
-6.80661102588891 0.4892
-6.80667185302784 0.4893
-6.80672440162563 0.4894
-6.80678055946303 0.4895
-6.80682609818802 0.4896
-6.80688183493093 0.4897
-6.80692356292862 0.4898
-6.80695511094148 0.4899
-6.80697165983806 0.49
-6.80697859840236 0.4901
-6.80697373573697 0.4902
-6.80697629604013 0.4903
-6.80697221254003 0.4904
-6.80696737610634 0.4905
-6.80695797564072 0.4906
-6.80693762087032 0.4907
-6.8069192362699 0.4908
-6.80688925643454 0.4909
-6.80684488450109 0.491
-6.80680532061498 0.4911
-6.80675078335523 0.4912
-6.80670386067008 0.4913
-6.80665705305319 0.4914
-6.80660482132013 0.4915
-6.80654874631922 0.4916
-6.80648078539922 0.4917
-6.80641816747427 0.4918
-6.80635509053897 0.4919
-6.80629136106475 0.492
-6.80623192109328 0.4921
-6.80616679459815 0.4922
-6.80609191308012 0.4923
-6.80600494386406 0.4924
-6.80592380723034 0.4925
-6.80583313927932 0.4926
-6.80574219837079 0.4927
-6.80564026754315 0.4928
-6.8055519704441 0.4929
-6.80545850246033 0.493
-6.80537688740096 0.4931
-6.80529949539484 0.4932
-6.80522616864194 0.4933
-6.80517181787307 0.4934
-6.80511749873263 0.4935
-6.8050757962923 0.4936
-6.80503890428197 0.4937
-6.80501448509234 0.4938
-6.8050042058198 0.4939
-6.80499341105546 0.494
-6.80497268988198 0.4941
-6.80496446306734 0.4942
-6.80494796681593 0.4943
-6.80494050092982 0.4944
-6.80492216196989 0.4945
-6.80490653922126 0.4946
-6.80488200962033 0.4947
-6.80486657029384 0.4948
-6.80484552413483 0.4949
-6.80480939069759 0.495
-6.80477228328557 0.4951
-6.8047142738082 0.4952
-6.80466196234059 0.4953
-6.80459036482196 0.4954
-6.80449223002384 0.4955
-6.80440320982922 0.4956
-6.80430079545542 0.4957
-6.80419353933027 0.4958
-6.80405318094646 0.4959
-6.80392578150488 0.496
-6.80381765879099 0.4961
-6.80370902272224 0.4962
-6.80361319413841 0.4963
-6.8035346318799 0.4964
-6.80345443349589 0.4965
-6.80336328341636 0.4966
-6.80328663583263 0.4967
-6.8032320217493 0.4968
-6.80318597333792 0.4969
-6.80314316517344 0.497
-6.80310124864256 0.4971
-6.80306435939624 0.4972
-6.80303395871106 0.4973
-6.8030078767904 0.4974
-6.8029957277254 0.4975
-6.80298668010189 0.4976
-6.802993182907 0.4977
-6.80301083375406 0.4978
-6.80303213184152 0.4979
-6.80306162916946 0.498
-6.80309507378955 0.4981
-6.80314276305822 0.4982
-6.80318647941199 0.4983
-6.80322370408631 0.4984
-6.80326628286149 0.4985
-6.80331688024814 0.4986
-6.80336320063584 0.4987
-6.80340551507479 0.4988
-6.80345309613691 0.4989
-6.80351745854102 0.499
-6.80358125552445 0.4991
-6.80364517498293 0.4992
-6.80371409853278 0.4993
-6.80377673079757 0.4994
-6.80382296070832 0.4995
-6.80384703447764 0.4996
-6.80385347743032 0.4997
-6.80385047805162 0.4998
-6.80384742135216 0.4999
-6.8038357588004 0.5
-6.80381508662115 0.5001
-6.80378983657327 0.5002
-6.80376908667462 0.5003
-6.80373942194316 0.5004
-6.80370010635508 0.5005
-6.80366781635016 0.5006
-6.80363878119176 0.5007
-6.80358109157874 0.5008
-6.80351049843036 0.5009
-6.80342563858837 0.501
-6.80332858909586 0.5011
-6.80322912729746 0.5012
-6.80314067851049 0.5013
-6.80307919763593 0.5014
-6.80301996155265 0.5015
-6.80297943647 0.5016
-6.80295514561261 0.5017
-6.8029397901852 0.5018
-6.80292349710181 0.5019
-6.80290011797679 0.502
-6.80288372984858 0.5021
-6.80288435727875 0.5022
-6.80289446244976 0.5023
-6.80291702023338 0.5024
-6.80294035251543 0.5025
-6.80297621267848 0.5026
-6.8030329435753 0.5027
-6.80309010201798 0.5028
-6.80314536585666 0.5029
-6.80322408216059 0.503
-6.80331409711264 0.5031
-6.80341007175141 0.5032
-6.80351850393869 0.5033
-6.80360703017657 0.5034
-6.80370388211188 0.5035
-6.80379294622573 0.5036
-6.80387263630151 0.5037
-6.8039655307902 0.5038
-6.80405993498101 0.5039
-6.80416015546337 0.504
-6.8042519385804 0.5041
-6.80433390911758 0.5042
-6.8044050917333 0.5043
-6.80447068946322 0.5044
-6.80453482534603 0.5045
-6.80459617929061 0.5046
-6.80463709466357 0.5047
-6.80465836535823 0.5048
-6.80467922058512 0.5049
-6.80468210385296 0.505
-6.80467807788141 0.5051
-6.804668452617 0.5052
-6.80465659994628 0.5053
-6.80461821638592 0.5054
-6.8045548049916 0.5055
-6.80448297429545 0.5056
-6.80440395419067 0.5057
-6.80433523474346 0.5058
-6.80425521920486 0.5059
-6.80417821099293 0.506
-6.80410254954768 0.5061
-6.80401994804513 0.5062
-6.80394782371006 0.5063
-6.80385762195308 0.5064
-6.80375772694187 0.5065
-6.80364905967156 0.5066
-6.80355550195083 0.5067
-6.80346045181875 0.5068
-6.80337789555639 0.5069
-6.80330127851899 0.507
-6.80322989207699 0.5071
-6.80318101705533 0.5072
-6.80312991077037 0.5073
-6.80309181688869 0.5074
-6.80306129959002 0.5075
-6.80303124746239 0.5076
-6.80301336928153 0.5077
-6.80298417253 0.5078
-6.80296408376048 0.5079
-6.80294775026124 0.508
-6.80294597705898 0.5081
-6.80295688250073 0.5082
-6.80296560548084 0.5083
-6.80295387611476 0.5084
-6.80294677403773 0.5085
-6.80296260224911 0.5086
-6.80295627006128 0.5087
-6.80294657250057 0.5088
-6.80293358393878 0.5089
-6.80291491121223 0.509
-6.80289770423409 0.5091
-6.80288698128528 0.5092
-6.80288409604014 0.5093
-6.80287693557514 0.5094
-6.80286024478489 0.5095
-6.80284043367536 0.5096
-6.80280682068638 0.5097
-6.8027632929002 0.5098
-6.80273325142433 0.5099
-6.80270334118721 0.51
-6.80267903002987 0.5101
-6.80265152315096 0.5102
-6.80262047240082 0.5103
-6.80258919846967 0.5104
-6.80254460798385 0.5105
-6.80249238081343 0.5106
-6.80244114497075 0.5107
-6.8023909194578 0.5108
-6.80232589171528 0.5109
-6.80226201542181 0.511
-6.80220357003381 0.5111
-6.80215468970033 0.5112
-6.80211676329693 0.5113
-6.80207166190119 0.5114
-6.80201816571529 0.5115
-6.80195738592112 0.5116
-6.80189677416476 0.5117
-6.80183144279322 0.5118
-6.80175720250361 0.5119
-6.80168796522548 0.512
-6.80160238181953 0.5121
-6.80152172045134 0.5122
-6.80145015974617 0.5123
-6.80138755380876 0.5124
-6.80133508395621 0.5125
-6.80128642109213 0.5126
-6.80122972005765 0.5127
-6.80117790091713 0.5128
-6.80113904900863 0.5129
-6.80111374387613 0.513
-6.80108038947886 0.5131
-6.80106073255166 0.5132
-6.80106070442406 0.5133
-6.80107489768331 0.5134
-6.80110452860233 0.5135
-6.80114503453264 0.5136
-6.80119965027681 0.5137
-6.80127020587613 0.5138
-6.80136189884789 0.5139
-6.80145878417623 0.514
-6.80156998172069 0.5141
-6.80168511909787 0.5142
-6.80179713227438 0.5143
-6.80191188555073 0.5144
-6.80203894478967 0.5145
-6.8021682501531 0.5146
-6.80229882863714 0.5147
-6.80243504187966 0.5148
-6.80256054831841 0.5149
-6.80267359564136 0.515
-6.80278480768473 0.5151
-6.80288192493262 0.5152
-6.80296793098606 0.5153
-6.80304994273856 0.5154
-6.80313513800088 0.5155
-6.80321336208628 0.5156
-6.80329407826057 0.5157
-6.80336474644458 0.5158
-6.80343825755227 0.5159
-6.80350501560143 0.516
-6.80357173585109 0.5161
-6.8036340127601 0.5162
-6.80369206567449 0.5163
-6.80373387945181 0.5164
-6.80377761280777 0.5165
-6.80381328624587 0.5166
-6.8038572165426 0.5167
-6.80390215348684 0.5168
-6.80393569167247 0.5169
-6.80397165201068 0.517
-6.80401220399425 0.5171
-6.80406956001617 0.5172
-6.80412033560665 0.5173
-6.80417031572315 0.5174
-6.80422603523725 0.5175
-6.80427195326929 0.5176
-6.80432719602447 0.5177
-6.804374397984 0.5178
-6.80440575462886 0.5179
-6.80442996755821 0.518
-6.80446412003937 0.5181
-6.80448960932594 0.5182
-6.80452151892955 0.5183
-6.80454021822655 0.5184
-6.80457426229567 0.5185
-6.80458933842322 0.5186
-6.80461695941826 0.5187
-6.80463961745121 0.5188
-6.80464773168357 0.5189
-6.804661981708 0.519
-6.80468433587271 0.5191
-6.80471880457925 0.5192
-6.80473654115404 0.5193
-6.80473287962113 0.5194
-6.80472930515998 0.5195
-6.80470311696468 0.5196
-6.80468556396956 0.5197
-6.80466334277872 0.5198
-6.80462600657326 0.5199
-6.80455991218348 0.52
-6.80448639564478 0.5201
-6.80441073462374 0.5202
-6.80431623766024 0.5203
-6.80421024395179 0.5204
-6.80410031051206 0.5205
-6.80398005481847 0.5206
-6.80385604685484 0.5207
-6.80372946851244 0.5208
-6.80358865972919 0.5209
-6.80346229372172 0.521
-6.80334272548817 0.5211
-6.80323900631188 0.5212
-6.80315765051457 0.5213
-6.8030873202118 0.5214
-6.80303050451349 0.5215
-6.80297301646608 0.5216
-6.80291498100569 0.5217
-6.80286043523286 0.5218
-6.80281496073223 0.5219
-6.80277955421997 0.522
-6.80275057930858 0.5221
-6.80273593757479 0.5222
-6.80272906662183 0.5223
-6.80273464706963 0.5224
-6.80275397131213 0.5225
-6.80275849947289 0.5226
-6.80276891240032 0.5227
-6.80278337835798 0.5228
-6.80281395018595 0.5229
-6.80286074434929 0.523
-6.80291534117036 0.5231
-6.80296615225167 0.5232
-6.8030312073844 0.5233
-6.80309911082615 0.5234
-6.80317610912207 0.5235
-6.80324471689051 0.5236
-6.80330710836315 0.5237
-6.80336629698655 0.5238
-6.80341225105632 0.5239
-6.80343789146334 0.524
-6.80344047992404 0.5241
-6.80342874722533 0.5242
-6.80341428072541 0.5243
-6.80339587688986 0.5244
-6.80338057070194 0.5245
-6.80337301885701 0.5246
-6.80335546589275 0.5247
-6.8033259160861 0.5248
-6.80328482604729 0.5249
-6.80323745915137 0.525
-6.80318935048094 0.5251
-6.8031318275142 0.5252
-6.80307564330853 0.5253
-6.80301013041906 0.5254
-6.80294151297623 0.5255
-6.80287454211865 0.5256
-6.80279358650817 0.5257
-6.80269145125361 0.5258
-6.80256237117419 0.5259
-6.80242435146388 0.526
-6.80229460825622 0.5261
-6.80216383597423 0.5262
-6.80203112789546 0.5263
-6.80189884565622 0.5264
-6.80174869519953 0.5265
-6.80160299445983 0.5266
-6.80146887580741 0.5267
-6.80132801541065 0.5268
-6.80119721629713 0.5269
-6.80107426084955 0.527
-6.80097106112077 0.5271
-6.80088167352114 0.5272
-6.80078326683029 0.5273
-6.80068869494199 0.5274
-6.80058426210657 0.5275
-6.80048948926515 0.5276
-6.80040434416954 0.5277
-6.80033043069855 0.5278
-6.8002620375599 0.5279
-6.80020482796566 0.528
-6.80014298839861 0.5281
-6.80009135932379 0.5282
-6.80003513661982 0.5283
-6.79998456672189 0.5284
-6.79994165564516 0.5285
-6.79990241891265 0.5286
-6.79986444446477 0.5287
-6.79981729493628 0.5288
-6.7997799352477 0.5289
-6.79973673337697 0.529
-6.79969950535576 0.5291
-6.79964147349916 0.5292
-6.79957490214878 0.5293
-6.79949872243835 0.5294
-6.79942756386145 0.5295
-6.79934695787319 0.5296
-6.79924966253092 0.5297
-6.79914774659007 0.5298
-6.79904024172657 0.5299
-6.79893806423755 0.53
-6.79885726115907 0.5301
-6.7987947698296 0.5302
-6.79873465505378 0.5303
-6.79868819641976 0.5304
-6.79865099453926 0.5305
-6.79861369378067 0.5306
-6.79858864283511 0.5307
-6.79858049472797 0.5308
-6.79858127448849 0.5309
-6.79859193808191 0.531
-6.79861627081138 0.5311
-6.79865134579099 0.5312
-6.79869040644354 0.5313
-6.79872469088419 0.5314
-6.79874562769644 0.5315
-6.79877026991686 0.5316
-6.79880850106364 0.5317
-6.79886300119173 0.5318
-6.79891430962168 0.5319
-6.79896450046762 0.532
-6.79901164074649 0.5321
-6.79903791753204 0.5322
-6.79905624609927 0.5323
-6.79907691713286 0.5324
-6.79911543872188 0.5325
-6.79915648895069 0.5326
-6.79919078763182 0.5327
-6.79921576674999 0.5328
-6.79923362586216 0.5329
-6.79924734306935 0.533
-6.79926326935275 0.5331
-6.79926375446338 0.5332
-6.79925292544532 0.5333
-6.79921787063384 0.5334
-6.79919395548453 0.5335
-6.79915645202454 0.5336
-6.79911523765852 0.5337
-6.79907254024617 0.5338
-6.7990416758026 0.5339
-6.79902412185603 0.534
-6.79900980353989 0.5341
-6.79899885579692 0.5342
-6.79898639224217 0.5343
-6.79898799622859 0.5344
-6.79900049911467 0.5345
-6.79901313521355 0.5346
-6.79903540809811 0.5347
-6.79906011724746 0.5348
-6.79910249584716 0.5349
-6.79912900963439 0.535
-6.79915653076362 0.5351
-6.79916594701738 0.5352
-6.79918016896826 0.5353
-6.79919249139561 0.5354
-6.7991977810378 0.5355
-6.79919890621538 0.5356
-6.79919375717924 0.5357
-6.79917226276207 0.5358
-6.79914824586545 0.5359
-6.79912784570266 0.536
-6.79910710682639 0.5361
-6.7990850494949 0.5362
-6.7990709751826 0.5363
-6.79906798142272 0.5364
-6.79906503421062 0.5365
-6.79905331862181 0.5366
-6.79903345235831 0.5367
-6.79900589457566 0.5368
-6.79897481221088 0.5369
-6.79893905607903 0.537
-6.79892724550161 0.5371
-6.79890525240198 0.5372
-6.7988770807248 0.5373
-6.79884350066758 0.5374
-6.79881309070671 0.5375
-6.79877654275824 0.5376
-6.79875429711032 0.5377
-6.79872755819055 0.5378
-6.79870096987798 0.5379
-6.79867606300215 0.538
-6.79866240238951 0.5381
-6.79865598186075 0.5382
-6.79865172936799 0.5383
-6.79864913873091 0.5384
-6.79865498566971 0.5385
-6.79867232821399 0.5386
-6.79869980418946 0.5387
-6.79874936448306 0.5388
-6.79880572816953 0.5389
-6.79886455851201 0.539
-6.79891442216223 0.5391
-6.79897768403446 0.5392
-6.79905153132136 0.5393
-6.7991190552586 0.5394
-6.79917230458132 0.5395
-6.79922726526195 0.5396
-6.79927864569225 0.5397
-6.79930946270208 0.5398
-6.7993521629634 0.5399
-6.79939170169776 0.54
-6.79943061888105 0.5401
-6.79944801691628 0.5402
-6.79946412893833 0.5403
-6.79945866797398 0.5404
-6.79944423314939 0.5405
-6.79941533948942 0.5406
-6.79936957790767 0.5407
-6.79932236861544 0.5408
-6.79926005246793 0.5409
-6.79918863416587 0.541
-6.7991183488631 0.5411
-6.79906330825788 0.5412
-6.79900779818932 0.5413
-6.79896933237207 0.5414
-6.79892384471917 0.5415
-6.79886791354245 0.5416
-6.79881881592102 0.5417
-6.79876374442393 0.5418
-6.79870011145839 0.5419
-6.79863554998806 0.542
-6.79857033281893 0.5421
-6.79850714075744 0.5422
-6.79841739991685 0.5423
-6.79832258130908 0.5424
-6.7982272811263 0.5425
-6.79812892336528 0.5426
-6.7980202489425 0.5427
-6.7978882894699 0.5428
-6.79776768906864 0.5429
-6.7976599518487 0.543
-6.79756333258851 0.5431
-6.79747737328532 0.5432
-6.79740826870005 0.5433
-6.7973574728792 0.5434
-6.79732043506331 0.5435
-6.79730620799056 0.5436
-6.79730444870662 0.5437
-6.79732255779947 0.5438
-6.79734986362854 0.5439
-6.79739230047688 0.544
-6.79744954710842 0.5441
-6.79752460479629 0.5442
-6.79761401846682 0.5443
-6.79769895873997 0.5444
-6.7978005427598 0.5445
-6.79789850663348 0.5446
-6.79799893140595 0.5447
-6.79810782210619 0.5448
-6.79823451144046 0.5449
-6.79835749133644 0.545
-6.79848786276333 0.5451
-6.79860949598638 0.5452
-6.79871997091464 0.5453
-6.79882770851491 0.5454
-6.79892057905065 0.5455
-6.79901113392583 0.5456
-6.79909313319775 0.5457
-6.7991703413865 0.5458
-6.79921555834806 0.5459
-6.79925298319126 0.546
-6.79927673950703 0.5461
-6.7992748916463 0.5462
-6.79926504505784 0.5463
-6.79922736402778 0.5464
-6.79918122353443 0.5465
-6.79910140929468 0.5466
-6.79900225799599 0.5467
-6.79889775925154 0.5468
-6.79876678980917 0.5469
-6.79863310940528 0.547
-6.79847599657382 0.5471
-6.7983050477924 0.5472
-6.79811725756701 0.5473
-6.79794347347499 0.5474
-6.79776377867532 0.5475
-6.79758401159324 0.5476
-6.79742402531455 0.5477
-6.79726033743974 0.5478
-6.79711823615732 0.5479
-6.7969878053632 0.548
-6.79685964158493 0.5481
-6.79674270968357 0.5482
-6.79661769190916 0.5483
-6.79649927791356 0.5484
-6.79639202352854 0.5485
-6.79630479946895 0.5486
-6.7962300628634 0.5487
-6.79616061279129 0.5488
-6.79610150006879 0.5489
-6.79605370499863 0.549
-6.79600506494077 0.5491
-6.79596276854166 0.5492
-6.79592970465086 0.5493
-6.79591265560315 0.5494
-6.7958945894371 0.5495
-6.79586926034221 0.5496
-6.79586730112908 0.5497
-6.79587825556312 0.5498
-6.79589709249705 0.5499
-6.79592942380924 0.55
-6.79595468318387 0.5501
-6.79596890510659 0.5502
-6.79598735382346 0.5503
-6.79600279634441 0.5504
-6.79602029931517 0.5505
-6.79604616688916 0.5506
-6.7960765098593 0.5507
-6.79610294735723 0.5508
-6.79613804003375 0.5509
-6.79618169607857 0.551
-6.79621650896581 0.5511
-6.79624015155161 0.5512
-6.79626878664907 0.5513
-6.79629196368092 0.5514
-6.79633159081704 0.5515
-6.79636389502292 0.5516
-6.7963925444155 0.5517
-6.79643610270004 0.5518
-6.79646454606074 0.5519
-6.79650891677259 0.552
-6.79655593755023 0.5521
-6.79662271659007 0.5522
-6.7966753692684 0.5523
-6.79672104252464 0.5524
-6.79678129132139 0.5525
-6.7968216225921 0.5526
-6.79684243794091 0.5527
-6.79683691090479 0.5528
-6.79683361225383 0.5529
-6.79681110174988 0.553
-6.7967734117044 0.5531
-6.79672722350094 0.5532
-6.79668109373073 0.5533
-6.79663044298354 0.5534
-6.79658412069938 0.5535
-6.79655452169597 0.5536
-6.79653532746486 0.5537
-6.79652800803366 0.5538
-6.7965224435986 0.5539
-6.79650590957109 0.554
-6.79648373504256 0.5541
-6.79644924724605 0.5542
-6.7964095812384 0.5543
-6.79638165279262 0.5544
-6.7963553766395 0.5545
-6.79632681176592 0.5546
-6.79630823697773 0.5547
-6.79627925462664 0.5548
-6.79624176234566 0.5549
-6.79620018346617 0.555
-6.79616942555007 0.5551
-6.79613268461337 0.5552
-6.79607876162417 0.5553
-6.796006173019 0.5554
-6.7959343665178 0.5555
-6.79587472747042 0.5556
-6.79580865810278 0.5557
-6.79575527782401 0.5558
-6.79569685040227 0.5559
-6.79565056628403 0.556
-6.795621204265 0.5561
-6.79558627738191 0.5562
-6.79553856229741 0.5563
-6.79552671710342 0.5564
-6.79551726997151 0.5565
-6.79552124866542 0.5566
-6.79554304740245 0.5567
-6.79559126977982 0.5568
-6.79564685778849 0.5569
-6.7957163352539 0.557
-6.79579708732924 0.5571
-6.7958699398506 0.5572
-6.79594329302336 0.5573
-6.79602879677519 0.5574
-6.79611042160546 0.5575
-6.79618975079236 0.5576
-6.79625794709384 0.5577
-6.79629549768235 0.5578
-6.79632521221415 0.5579
-6.7963396168013 0.558
-6.79633190808894 0.5581
-6.79630956206744 0.5582
-6.79630154758792 0.5583
-6.79627777889083 0.5584
-6.79624639399281 0.5585
-6.79619414412665 0.5586
-6.7961212946866 0.5587
-6.79603138516315 0.5588
-6.79594222764478 0.5589
-6.79583885878375 0.559
-6.79574100509854 0.5591
-6.79562902913732 0.5592
-6.7955085283534 0.5593
-6.79538290639886 0.5594
-6.79526586009049 0.5595
-6.7951440230919 0.5596
-6.79501667238261 0.5597
-6.79488605140982 0.5598
-6.79475477824737 0.5599
-6.79462508512097 0.56
-6.79448302852955 0.5601
-6.79435542265158 0.5602
-6.79423766257674 0.5603
-6.79413527096971 0.5604
-6.7940432392173 0.5605
-6.79395781236194 0.5606
-6.79387733101968 0.5607
-6.79379433446095 0.5608
-6.7937082680381 0.5609
-6.79362131667668 0.561
-6.79351551984019 0.5611
-6.79340604180804 0.5612
-6.79331525303721 0.5613
-6.79322876325171 0.5614
-6.79314000928939 0.5615
-6.79303521311783 0.5616
-6.79293538347302 0.5617
-6.79284273690706 0.5618
-6.79275529122134 0.5619
-6.79265789164914 0.562
-6.7925713730384 0.5621
-6.79250264474333 0.5622
-6.79244537710552 0.5623
-6.79237881133977 0.5624
-6.79231364819546 0.5625
-6.79225957301358 0.5626
-6.79221384014414 0.5627
-6.79216973923715 0.5628
-6.79214025118819 0.5629
-6.79212083588677 0.563
-6.79211188110697 0.5631
-6.7920898548413 0.5632
-6.79207026724422 0.5633
-6.7920440178846 0.5634
-6.79200479690203 0.5635
-6.79197760372009 0.5636
-6.79193667171158 0.5637
-6.79189783764141 0.5638
-6.79186465532922 0.5639
-6.79183027150818 0.564
-6.79179247999965 0.5641
-6.79175823125817 0.5642
-6.79173091766674 0.5643
-6.79171760828412 0.5644
-6.79171025892002 0.5645
-6.79170121569574 0.5646
-6.79168769011977 0.5647
-6.79168095185421 0.5648
-6.79168142239059 0.5649
-6.79169775950208 0.565
-6.79170106275893 0.5651
-6.79169544487479 0.5652
-6.79167691708968 0.5653
-6.79166115934221 0.5654
-6.79166621284371 0.5655
-6.79166569657558 0.5656
-6.79165194158964 0.5657
-6.79164782045375 0.5658
-6.79164410970404 0.5659
-6.79164618031992 0.566
-6.79166232008072 0.5661
-6.79166279637381 0.5662
-6.79165872284532 0.5663
-6.79165333530147 0.5664
-6.79164646175921 0.5665
-6.79163578548692 0.5666
-6.79162747306452 0.5667
-6.79160910552952 0.5668
-6.79158759846027 0.5669
-6.7915665325857 0.567
-6.79156481610702 0.5671
-6.79155273689916 0.5672
-6.79154305872366 0.5673
-6.79152565665897 0.5674
-6.79150649346851 0.5675
-6.79147144074349 0.5676
-6.79143454974835 0.5677
-6.79137669026874 0.5678
-6.79131357770337 0.5679
-6.79124870847188 0.568
-6.79121013692955 0.5681
-6.79118171172845 0.5682
-6.79115867274237 0.5683
-6.79111794289534 0.5684
-6.79107175592323 0.5685
-6.79104569412519 0.5686
-6.7910358671774 0.5687
-6.79102484718638 0.5688
-6.79102751134181 0.5689
-6.79102984267806 0.569
-6.79102788370013 0.5691
-6.79104539964356 0.5692
-6.79107507337847 0.5693
-6.79110204881119 0.5694
-6.79114640161857 0.5695
-6.79120274397166 0.5696
-6.79126401354293 0.5697
-6.79133607854008 0.5698
-6.79138664424443 0.5699
-6.79143429953387 0.57
-6.79146054711691 0.5701
-6.79147584107608 0.5702
-6.79148835064261 0.5703
-6.79149127305668 0.5704
-6.79149522858742 0.5705
-6.79149308153035 0.5706
-6.79147938504662 0.5707
-6.79146651145977 0.5708
-6.79146971629889 0.5709
-6.79145839621791 0.571
-6.79145795409122 0.5711
-6.79147353647324 0.5712
-6.79148733228966 0.5713
-6.79149663057568 0.5714
-6.79149114559446 0.5715
-6.79148422221153 0.5716
-6.79147271503223 0.5717
-6.79146075938127 0.5718
-6.79144714368833 0.5719
-6.79143847069259 0.572
-6.79142207635015 0.5721
-6.79140701806069 0.5722
-6.79137652035242 0.5723
-6.79133800605471 0.5724
-6.79129937209038 0.5725
-6.7912542864819 0.5726
-6.79120106578496 0.5727
-6.79114670553631 0.5728
-6.79109194332402 0.5729
-6.79100816750215 0.573
-6.79092715916846 0.5731
-6.79084541763388 0.5732
-6.79075599549004 0.5733
-6.79066550255519 0.5734
-6.79057731545524 0.5735
-6.79049716496196 0.5736
-6.79040753804271 0.5737
-6.79030542388377 0.5738
-6.79019821331246 0.5739
-6.79009520028361 0.574
-6.78999161663445 0.5741
-6.78989109372684 0.5742
-6.78980174877014 0.5743
-6.7897006742413 0.5744
-6.78960533943831 0.5745
-6.78950650369245 0.5746
-6.78941355352455 0.5747
-6.78934241646667 0.5748
-6.78927601539062 0.5749
-6.78923697671064 0.575
-6.78919274315845 0.5751
-6.78916808721446 0.5752
-6.78916145997447 0.5753
-6.78916515960028 0.5754
-6.78917046204938 0.5755
-6.78919494884426 0.5756
-6.78922029085823 0.5757
-6.78926564409567 0.5758
-6.78931403925011 0.5759
-6.78936143021065 0.576
-6.78941789207562 0.5761
-6.78947390886207 0.5762
-6.78954302601129 0.5763
-6.78961650024624 0.5764
-6.7896937355985 0.5765
-6.78977588823792 0.5766
-6.78985121788677 0.5767
-6.78991131848284 0.5768
-6.7899484698167 0.5769
-6.78998563957165 0.577
-6.79002553430437 0.5771
-6.79007862029108 0.5772
-6.79013820187215 0.5773
-6.79020423207801 0.5774
-6.7902558435582 0.5775
-6.79029074076344 0.5776
-6.79032715575357 0.5777
-6.79034328837271 0.5778
-6.79035966953731 0.5779
-6.79035607450414 0.578
-6.79035328300512 0.5781
-6.79034367913426 0.5782
-6.79033444526717 0.5783
-6.79032673810709 0.5784
-6.79031254038589 0.5785
-6.79030287571148 0.5786
-6.79029929876081 0.5787
-6.79028723455586 0.5788
-6.79026314660789 0.5789
-6.79024322077426 0.579
-6.79022798463094 0.5791
-6.79023073215499 0.5792
-6.79023836548526 0.5793
-6.79024553845336 0.5794
-6.79024483094889 0.5795
-6.7902446585066 0.5796
-6.79024799512146 0.5797
-6.79024902267542 0.5798
-6.79023889948811 0.5799
-6.79023203450665 0.58
-6.79022933913162 0.5801
-6.7901976278678 0.5802
-6.79013361856326 0.5803
-6.79005236298284 0.5804
-6.78996083823355 0.5805
-6.789858483809 0.5806
-6.78975231193404 0.5807
-6.7896504099777 0.5808
-6.78954599918276 0.5809
-6.78943007029584 0.581
-6.78931323361283 0.5811
-6.78918164692946 0.5812
-6.78905711615254 0.5813
-6.78894710397428 0.5814
-6.78885321274803 0.5815
-6.78874996067206 0.5816
-6.78864254572877 0.5817
-6.78854275380846 0.5818
-6.78843710937278 0.5819
-6.78832890866909 0.582
-6.78822079132765 0.5821
-6.78811818242073 0.5822
-6.78802197142538 0.5823
-6.7879496480614 0.5824
-6.787896386453 0.5825
-6.78785576467388 0.5826
-6.78780959255757 0.5827
-6.78776160147371 0.5828
-6.78771811503957 0.5829
-6.78765288747559 0.583
-6.78760630316628 0.5831
-6.78756880643389 0.5832
-6.78753652484145 0.5833
-6.78751664505752 0.5834
-6.78749180558648 0.5835
-6.78746425128784 0.5836
-6.78743527235022 0.5837
-6.78741086386678 0.5838
-6.78738963277993 0.5839
-6.78735064583329 0.584
-6.78730131226302 0.5841
-6.78723111570521 0.5842
-6.78714787053091 0.5843
-6.78706629710707 0.5844
-6.78699789734682 0.5845
-6.78693210631295 0.5846
-6.78685792343033 0.5847
-6.78680569589431 0.5848
-6.78676940157805 0.5849
-6.78674302064416 0.585
-6.78670593802154 0.5851
-6.78667051613884 0.5852
-6.78661181410953 0.5853
-6.78656312532741 0.5854
-6.78653120013917 0.5855
-6.78651938849581 0.5856
-6.78652084645623 0.5857
-6.78650950230498 0.5858
-6.78649178726905 0.5859
-6.78645895217571 0.586
-6.78645231461736 0.5861
-6.78646226098949 0.5862
-6.78647032310053 0.5863
-6.7865205130859 0.5864
-6.78658133272933 0.5865
-6.78663886462478 0.5866
-6.78671088405431 0.5867
-6.78680696657317 0.5868
-6.78691960887212 0.5869
-6.7870281683249 0.587
-6.78714622307445 0.5871
-6.78727784535292 0.5872
-6.78741695899761 0.5873
-6.78755852731385 0.5874
-6.7876952082512 0.5875
-6.78781786920811 0.5876
-6.78791631415045 0.5877
-6.7879909939683 0.5878
-6.78807335188441 0.5879
-6.78814250496664 0.588
-6.78819824225781 0.5881
-6.78824347841702 0.5882
-6.78828156023649 0.5883
-6.78832777436031 0.5884
-6.78836214861537 0.5885
-6.78840850334678 0.5886
-6.78845529225076 0.5887
-6.78849040783491 0.5888
-6.7884988394003 0.5889
-6.78850113699323 0.589
-6.78849284175559 0.5891
-6.788455696542 0.5892
-6.78840995603933 0.5893
-6.78836952933616 0.5894
-6.78833362214207 0.5895
-6.78830075131637 0.5896
-6.78826568733144 0.5897
-6.7882263161951 0.5898
-6.78817475801628 0.5899
-6.78812959356662 0.59
-6.78808132611962 0.5901
-6.7880359036443 0.5902
-6.78798298448771 0.5903
-6.78790491155038 0.5904
-6.78782190717639 0.5905
-6.78773336860464 0.5906
-6.78766194133907 0.5907
-6.78761002946967 0.5908
-6.78755447374195 0.5909
-6.78752991098268 0.591
-6.78752499471929 0.5911
-6.7875029265996 0.5912
-6.78747832484408 0.5913
-6.78746417646475 0.5914
-6.78744361096259 0.5915
-6.78742069814316 0.5916
-6.78738412644348 0.5917
-6.78733854237096 0.5918
-6.78728771848586 0.5919
-6.78722349433977 0.592
-6.78715975900047 0.5921
-6.78710103827735 0.5922
-6.78703323044845 0.5923
-6.78694388124538 0.5924
-6.78685371292505 0.5925
-6.7867574362897 0.5926
-6.78665807663039 0.5927
-6.78655152604986 0.5928
-6.78645712313041 0.5929
-6.78638099627669 0.593
-6.78630859401873 0.5931
-6.78621928755271 0.5932
-6.78612493056314 0.5933
-6.78604021629115 0.5934
-6.78596219307041 0.5935
-6.78588486799028 0.5936
-6.78583277800169 0.5937
-6.78581359558705 0.5938
-6.78578927750697 0.5939
-6.78577101896433 0.594
-6.78577239848832 0.5941
-6.78579380738393 0.5942
-6.78580618640292 0.5943
-6.78583985858328 0.5944
-6.78586504040619 0.5945
-6.78590152213069 0.5946
-6.78594422022846 0.5947
-6.78597551103599 0.5948
-6.78601767940447 0.5949
-6.78605455850168 0.595
-6.78610271058599 0.5951
-6.78614772201263 0.5952
-6.78620265210152 0.5953
-6.78625483722348 0.5954
-6.78628492484252 0.5955
-6.78630588528333 0.5956
-6.78632351897887 0.5957
-6.78632030523611 0.5958
-6.78631970518491 0.5959
-6.78631166560401 0.596
-6.78630678090565 0.5961
-6.78630585866596 0.5962
-6.78629985122403 0.5963
-6.78629570174962 0.5964
-6.78629399010802 0.5965
-6.78631862202984 0.5966
-6.78633067834898 0.5967
-6.78633567837936 0.5968
-6.78634530003359 0.5969
-6.78637161907748 0.597
-6.78639700080679 0.5971
-6.78641398789307 0.5972
-6.7864439774956 0.5973
-6.78646748021936 0.5974
-6.78651385128966 0.5975
-6.78655643837683 0.5976
-6.786605606609 0.5977
-6.78665638158329 0.5978
-6.78670893143234 0.5979
-6.78677440419149 0.598
-6.78682458987981 0.5981
-6.78688896866159 0.5982
-6.78692967291588 0.5983
-6.78698053323347 0.5984
-6.78701296052514 0.5985
-6.78703744519148 0.5986
-6.78705587487892 0.5987
-6.787062134857 0.5988
-6.7870588490145 0.5989
-6.78705466735923 0.599
-6.78703357011678 0.5991
-6.78698436333949 0.5992
-6.78692830437233 0.5993
-6.78686730429187 0.5994
-6.7867984877293 0.5995
-6.78671137786325 0.5996
-6.78661508237888 0.5997
-6.78653495221832 0.5998
-6.78645281665001 0.5999
-6.78637020277049 0.6
-6.786292127016 0.6001
-6.78621292751393 0.6002
-6.78615093009272 0.6003
-6.78610183459696 0.6004
-6.78605793116973 0.6005
-6.7860294533228 0.6006
-6.78599986112616 0.6007
-6.78598756436734 0.6008
-6.78597000991833 0.6009
-6.78595324541401 0.601
-6.78593230057564 0.6011
-6.78592197596167 0.6012
-6.78590726911207 0.6013
-6.78589926166498 0.6014
-6.78588334252261 0.6015
-6.78586619650654 0.6016
-6.78585832817419 0.6017
-6.78585504320053 0.6018
-6.78585222570015 0.6019
-6.78583894114583 0.602
-6.78582916216987 0.6021
-6.7858166562564 0.6022
-6.78581110209282 0.6023
-6.78579223639927 0.6024
-6.78575519988866 0.6025
-6.78571878648513 0.6026
-6.78568028478497 0.6027
-6.78564107485091 0.6028
-6.78561014709437 0.6029
-6.7855884510651 0.603
-6.78557339712332 0.6031
-6.78555429285631 0.6032
-6.78552250579342 0.6033
-6.78548236704503 0.6034
-6.7854415666694 0.6035
-6.7854070146354 0.6036
-6.78536934757671 0.6037
-6.78533396498203 0.6038
-6.78527936349998 0.6039
-6.78521949528998 0.604
-6.78517587422125 0.6041
-6.78512095624941 0.6042
-6.78505345487307 0.6043
-6.78498032830659 0.6044
-6.78491146924308 0.6045
-6.78483518094132 0.6046
-6.7847362004796 0.6047
-6.78464472447387 0.6048
-6.78455065629887 0.6049
-6.78446032844834 0.605
-6.78437753406974 0.6051
-6.78432148374188 0.6052
-6.78426461860598 0.6053
-6.78422961373129 0.6054
-6.7842162249323 0.6055
-6.78418686890018 0.6056
-6.78417651443205 0.6057
-6.78416796410108 0.6058
-6.78416201980397 0.6059
-6.78415256625385 0.606
-6.78415312582806 0.6061
-6.78416139057724 0.6062
-6.78417231994205 0.6063
-6.78418443463171 0.6064
-6.78419392662312 0.6065
-6.7842141882536 0.6066
-6.78425633819256 0.6067
-6.78429973871342 0.6068
-6.78436533667702 0.6069
-6.784408545015 0.607
-6.78447731527132 0.6071
-6.78453673669538 0.6072
-6.78459771993737 0.6073
-6.78464722293627 0.6074
-6.78471660068736 0.6075
-6.78476874853946 0.6076
-6.7848208979984 0.6077
-6.78486863047331 0.6078
-6.78492356249741 0.6079
-6.78498621674255 0.608
-6.78504934557334 0.6081
-6.78513076048647 0.6082
-6.7852071630361 0.6083
-6.78529710774202 0.6084
-6.78537335843394 0.6085
-6.78544676527675 0.6086
-6.78551837766862 0.6087
-6.78559263485369 0.6088
-6.78565636081261 0.6089
-6.78570218338873 0.609
-6.78571978894002 0.6091
-6.78570775961373 0.6092
-6.78569003453955 0.6093
-6.78566006825665 0.6094
-6.7856062953827 0.6095
-6.78555576900251 0.6096
-6.78549181171102 0.6097
-6.78542426909484 0.6098
-6.78534144115815 0.6099
-6.78524801380058 0.61
-6.78514580868999 0.6101
-6.78502020980928 0.6102
-6.7848867877522 0.6103
-6.78477220340866 0.6104
-6.78464873119439 0.6105
-6.78451503776686 0.6106
-6.7843950454072 0.6107
-6.78427918519182 0.6108
-6.78416829785432 0.6109
-6.78406060420836 0.611
-6.78396663336678 0.6111
-6.78389181400382 0.6112
-6.78383504137837 0.6113
-6.78378768098482 0.6114
-6.78376270310375 0.6115
-6.78376109455769 0.6116
-6.78377965098251 0.6117
-6.78381127764547 0.6118
-6.78382624470262 0.6119
-6.78385963532226 0.612
-6.78388304430588 0.6121
-6.78389329999383 0.6122
-6.78391382131286 0.6123
-6.7839293759865 0.6124
-6.78394144552545 0.6125
-6.78394495722792 0.6126
-6.78395775731879 0.6127
-6.78399411463249 0.6128
-6.7840329185925 0.6129
-6.78407391487398 0.613
-6.78410936159337 0.6131
-6.78414956343166 0.6132
-6.78418739117411 0.6133
-6.78422980135278 0.6134
-6.78427440409873 0.6135
-6.78432144655519 0.6136
-6.7843557234293 0.6137
-6.78437020889811 0.6138
-6.78438418833338 0.6139
-6.78438306519378 0.614
-6.78436991333904 0.6141
-6.78433857261416 0.6142
-6.78428433203789 0.6143
-6.78421565395436 0.6144
-6.78414031492673 0.6145
-6.7840441770979 0.6146
-6.78394092676373 0.6147
-6.7838127763106 0.6148
-6.7836813973602 0.6149
-6.7835430939699 0.615
-6.78340674782059 0.6151
-6.78327365853322 0.6152
-6.7831362511847 0.6153
-6.78300411705746 0.6154
-6.78285839667264 0.6155
-6.78270278374434 0.6156
-6.78252899351599 0.6157
-6.78237257520585 0.6158
-6.78221595101525 0.6159
-6.78207145106106 0.616
-6.78192748140124 0.6161
-6.78181032619157 0.6162
-6.78169411528837 0.6163
-6.7816044667399 0.6164
-6.78152468055162 0.6165
-6.78146420375825 0.6166
-6.78141861335812 0.6167
-6.78139608942497 0.6168
-6.78138114050367 0.6169
-6.78136726113925 0.617
-6.78135981455512 0.6171
-6.78137670709434 0.6172
-6.78140844157067 0.6173
-6.78143224495507 0.6174
-6.78145651667306 0.6175
-6.78149001610374 0.6176
-6.78150682276162 0.6177
-6.78153383124559 0.6178
-6.78154486642797 0.6179
-6.78155535948878 0.618
-6.78158140866146 0.6181
-6.78159133010819 0.6182
-6.78160912852385 0.6183
-6.78162292605274 0.6184
-6.78162941692319 0.6185
-6.78165063182293 0.6186
-6.78167406216162 0.6187
-6.78170391600382 0.6188
-6.78174040841689 0.6189
-6.7818006734205 0.619
-6.78186244726902 0.6191
-6.78193299603805 0.6192
-6.78199988969858 0.6193
-6.78208667586807 0.6194
-6.7821737324854 0.6195
-6.78224698902228 0.6196
-6.78233579446844 0.6197
-6.78242168283949 0.6198
-6.78251053289973 0.6199
-6.78259935607398 0.62
-6.78267463476183 0.6201
-6.78274263796216 0.6202
-6.78280404595796 0.6203
-6.78287106637655 0.6204
-6.78293736211043 0.6205
-6.78299242519697 0.6206
-6.78302575174562 0.6207
-6.78303205676301 0.6208
-6.78301714109599 0.6209
-6.78298730209888 0.621
-6.7829480694127 0.6211
-6.78290500286179 0.6212
-6.78284177410169 0.6213
-6.78276308191503 0.6214
-6.78267743452361 0.6215
-6.78257747264741 0.6216
-6.78246317685036 0.6217
-6.7823268568288 0.6218
-6.78217842588168 0.6219
-6.78201519919808 0.622
-6.78184119614308 0.6221
-6.78166914701379 0.6222
-6.78149447324822 0.6223
-6.78130704903289 0.6224
-6.78113160401824 0.6225
-6.78096920362228 0.6226
-6.78080635507854 0.6227
-6.78063075541706 0.6228
-6.78045317756493 0.6229
-6.78029398387873 0.623
-6.78017315067658 0.6231
-6.78006394485398 0.6232
-6.77997132194399 0.6233
-6.77990590422165 0.6234
-6.77985685153248 0.6235
-6.77982326266937 0.6236
-6.77981634129226 0.6237
-6.7798316773914 0.6238
-6.77986029506544 0.6239
-6.77990796016351 0.624
-6.77996773648855 0.6241
-6.78002064092758 0.6242
-6.78007327633542 0.6243
-6.7801328295029 0.6244
-6.78021970044992 0.6245
-6.78031172705441 0.6246
-6.7804063215358 0.6247
-6.78049642573999 0.6248
-6.78058985122734 0.6249
-6.78069566888885 0.625
-6.78080803611324 0.6251
-6.78093354231785 0.6252
-6.78104698283035 0.6253
-6.78114955218176 0.6254
-6.78125011856136 0.6255
-6.78132835501239 0.6256
-6.78138767413621 0.6257
-6.78144585114263 0.6258
-6.78147844197909 0.6259
-6.78149380463374 0.626
-6.78150159712067 0.6261
-6.78148566694985 0.6262
-6.78146516220285 0.6263
-6.78145002754025 0.6264
-6.78144286622163 0.6265
-6.78142668218169 0.6266
-6.78141684962822 0.6267
-6.78141221750625 0.6268
-6.78140244655452 0.6269
-6.78138130558323 0.627
-6.78136378260958 0.6271
-6.78135847064229 0.6272
-6.78134831514874 0.6273
-6.78135555323721 0.6274
-6.78136491808908 0.6275
-6.78136483981698 0.6276
-6.78134998000893 0.6277
-6.78132607243915 0.6278
-6.78129724402603 0.6279
-6.78128167077111 0.628
-6.78125561390612 0.6281
-6.78123243500132 0.6282
-6.7812100273414 0.6283
-6.78119422374872 0.6284
-6.78118091471051 0.6285
-6.78116142197922 0.6286
-6.78113866165141 0.6287
-6.78112808647912 0.6288
-6.78110383834219 0.6289
-6.7810855547917 0.629
-6.78105609754794 0.6291
-6.78102247284551 0.6292
-6.78097982506833 0.6293
-6.78094805327457 0.6294
-6.7809124024369 0.6295
-6.78088679082785 0.6296
-6.7808556337641 0.6297
-6.7808288432578 0.6298
-6.78081037746791 0.6299
-6.78081521129099 0.63
-6.78081562561431 0.6301
-6.78082493056349 0.6302
-6.78084549053548 0.6303
-6.78086835976399 0.6304
-6.78089122619854 0.6305
-6.78090566691936 0.6306
-6.78094256151115 0.6307
-6.78097575949702 0.6308
-6.78101520503063 0.6309
-6.78107090070097 0.631
-6.78111245582887 0.6311
-6.7811385215489 0.6312
-6.78116929070602 0.6313
-6.78120835530224 0.6314
-6.78123352731759 0.6315
-6.78123805709486 0.6316
-6.78123193932237 0.6317
-6.78122422487655 0.6318
-6.7811938200334 0.6319
-6.78114355839385 0.632
-6.78105759478986 0.6321
-6.78096207700579 0.6322
-6.78086778744626 0.6323
-6.78076447719879 0.6324
-6.78062578433314 0.6325
-6.78047126057722 0.6326
-6.78029981022324 0.6327
-6.78011728081018 0.6328
-6.779935110164 0.6329
-6.77974373606861 0.633
-6.779561051798 0.6331
-6.77937259065933 0.6332
-6.77917905866492 0.6333
-6.77900414665647 0.6334
-6.77883037611088 0.6335
-6.7786654245141 0.6336
-6.77852048207711 0.6337
-6.77839239862495 0.6338
-6.77826644989973 0.6339
-6.77815343584072 0.634
-6.77806707882405 0.6341
-6.77801827884983 0.6342
-6.7779741097739 0.6343
-6.77795469352361 0.6344
-6.77795738679203 0.6345
-6.77800504400637 0.6346
-6.7780757205301 0.6347
-6.77815916917899 0.6348
-6.77824050661203 0.6349
-6.77833404676053 0.635
-6.77842868304935 0.6351
-6.77853511333561 0.6352
-6.77866512828543 0.6353
-6.77881779427485 0.6354
-6.77897934113438 0.6355
-6.77912974133601 0.6356
-6.7792887155903 0.6357
-6.77945932309115 0.6358
-6.77962533030265 0.6359
-6.77978135492669 0.636
-6.77993378082229 0.6361
-6.78008032228561 0.6362
-6.7802136467472 0.6363
-6.78032436366926 0.6364
-6.78041647257935 0.6365
-6.78048680703694 0.6366
-6.78055345605363 0.6367
-6.78060274341222 0.6368
-6.78062661259506 0.6369
-6.78062453546892 0.637
-6.78060925692 0.6371
-6.78060519980983 0.6372
-6.78061428859914 0.6373
-6.78062063188062 0.6374
-6.7806060388313 0.6375
-6.78057506851957 0.6376
-6.78054389353373 0.6377
-6.78050814183355 0.6378
-6.7804707546009 0.6379
-6.78042622082417 0.638
-6.7803940145358 0.6381
-6.78034074533063 0.6382
-6.78028469777243 0.6383
-6.78021555951697 0.6384
-6.78015780183915 0.6385
-6.7800860941447 0.6386
-6.7800028530507 0.6387
-6.77989659064683 0.6388
-6.77976652999783 0.6389
-6.77964155344636 0.639
-6.77951146608032 0.6391
-6.77939529657309 0.6392
-6.77929243648984 0.6393
-6.77919254668063 0.6394
-6.77907715455245 0.6395
-6.77897733002364 0.6396
-6.77888208553695 0.6397
-6.77878313780083 0.6398
-6.7786947471387 0.6399
-6.77860847949949 0.64
-6.77852237529603 0.6401
-6.77844291129559 0.6402
-6.77836016132153 0.6403
-6.77826712376875 0.6404
-6.77817718604475 0.6405
-6.77809511708875 0.6406
-6.77799696917487 0.6407
-6.77790614984144 0.6408
-6.77781815795686 0.6409
-6.77774749888456 0.641
-6.77768520722764 0.6411
-6.77763333256191 0.6412
-6.77759477323051 0.6413
-6.77757067245508 0.6414
-6.77753412634931 0.6415
-6.77750584784635 0.6416
-6.77748808235969 0.6417
-6.77745466671096 0.6418
-6.77742857143921 0.6419
-6.77739112213845 0.642
-6.77736395537383 0.6421
-6.77735046384529 0.6422
-6.77732543654074 0.6423
-6.77730149008803 0.6424
-6.77726948972245 0.6425
-6.77723126661571 0.6426
-6.77717431323082 0.6427
-6.77711257500916 0.6428
-6.77704301165518 0.6429
-6.77697643968951 0.643
-6.7769054111133 0.6431
-6.77683190711179 0.6432
-6.77675384444153 0.6433
-6.7766625840626 0.6434
-6.77654771036299 0.6435
-6.77643914586257 0.6436
-6.77632658078639 0.6437
-6.77622885506677 0.6438
-6.7761220076448 0.6439
-6.77600888021377 0.644
-6.77589061985487 0.6441
-6.7757770003054 0.6442
-6.77566770616876 0.6443
-6.77557579319216 0.6444
-6.7754946994838 0.6445
-6.77540356139719 0.6446
-6.77533637145485 0.6447
-6.77526127753111 0.6448
-6.77519718634174 0.6449
-6.77514843113044 0.645
-6.77510621983023 0.6451
-6.77505914662309 0.6452
-6.77501365143956 0.6453
-6.7749528799053 0.6454
-6.77491227494951 0.6455
-6.77486767899636 0.6456
-6.77481885917006 0.6457
-6.77476704280038 0.6458
-6.77471420835906 0.6459
-6.77467294163231 0.646
-6.7746213442614 0.6461
-6.77457337369649 0.6462
-6.77451208105229 0.6463
-6.77445929397965 0.6464
-6.77441791460751 0.6465
-6.77435887554059 0.6466
-6.77431747534547 0.6467
-6.77427927032358 0.6468
-6.77422534436269 0.6469
-6.77417168665775 0.647
-6.77412027228119 0.6471
-6.77407534999889 0.6472
-6.77402795398574 0.6473
-6.77398369425033 0.6474
-6.77393636223197 0.6475
-6.77388825395106 0.6476
-6.77383456651936 0.6477
-6.77378258389609 0.6478
-6.77372031171007 0.6479
-6.77367035871707 0.648
-6.77361501570616 0.6481
-6.77357479215413 0.6482
-6.77355180818806 0.6483
-6.77352824870672 0.6484
-6.77351188631211 0.6485
-6.77349946933141 0.6486
-6.77348561768605 0.6487
-6.7734648884636 0.6488
-6.77346199615224 0.6489
-6.77347094156828 0.649
-6.77349330682494 0.6491
-6.773519631204 0.6492
-6.77355166645172 0.6493
-6.77358639759857 0.6494
-6.77364543862558 0.6495
-6.77369811711644 0.6496
-6.77376382165987 0.6497
-6.77382226415395 0.6498
-6.77387499271413 0.6499
-6.77394187071149 0.65
-6.77401940465054 0.6501
-6.77408757894568 0.6502
-6.77414510121794 0.6503
-6.77419725616398 0.6504
-6.77424980541727 0.6505
-6.77430053112337 0.6506
-6.77436488771453 0.6507
-6.7744342167961 0.6508
-6.77448809096182 0.6509
-6.77452694499184 0.651
-6.77453433226993 0.6511
-6.77452923451214 0.6512
-6.77448924823692 0.6513
-6.77445334741074 0.6514
-6.77441336061239 0.6515
-6.77438724560468 0.6516
-6.77434897919871 0.6517
-6.77430202052541 0.6518
-6.77423668483313 0.6519
-6.77418335283732 0.652
-6.77414267821024 0.6521
-6.77411178390495 0.6522
-6.77406801381075 0.6523
-6.77401084360949 0.6524
-6.77393612968507 0.6525
-6.77384835291098 0.6526
-6.77377664796312 0.6527
-6.7736955262976 0.6528
-6.77362428737944 0.6529
-6.77358175413856 0.653
-6.7735635542356 0.6531
-6.77356498151193 0.6532
-6.77360038007804 0.6533
-6.77366581394325 0.6534
-6.77375149940357 0.6535
-6.77381980469358 0.6536
-6.77387120234304 0.6537
-6.77393037594289 0.6538
-6.77397495102793 0.6539
-6.77401950130004 0.654
-6.77405197837705 0.6541
-6.77406783745122 0.6542
-6.77407472070687 0.6543
-6.77409874830018 0.6544
-6.77411628505862 0.6545
-6.77413360320134 0.6546
-6.77414245380334 0.6547
-6.77413639354431 0.6548
-6.77412319544754 0.6549
-6.77410763799684 0.655
-6.77408227439908 0.6551
-6.77402573516031 0.6552
-6.77395674792274 0.6553
-6.77387478486158 0.6554
-6.7737767252896 0.6555
-6.77366265881137 0.6556
-6.77354530260108 0.6557
-6.77339446937854 0.6558
-6.77323682249227 0.6559
-6.77307954711431 0.656
-6.77292054157595 0.6561
-6.77276002080716 0.6562
-6.77259021947898 0.6563
-6.77242682536036 0.6564
-6.77227341668702 0.6565
-6.77213413474882 0.6566
-6.77200954216391 0.6567
-6.77189174905808 0.6568
-6.77178328485321 0.6569
-6.7716979658783 0.657
-6.77160743876144 0.6571
-6.77153021657943 0.6572
-6.77144346697443 0.6573
-6.7713947861833 0.6574
-6.77133913000017 0.6575
-6.77129551465216 0.6576
-6.77125477526117 0.6577
-6.77123453037274 0.6578
-6.77121731225047 0.6579
-6.77120678860288 0.658
-6.7712098061524 0.6581
-6.77121641560609 0.6582
-6.77123299594684 0.6583
-6.77125520093058 0.6584
-6.77127208074026 0.6585
-6.77127704289358 0.6586
-6.77127488426945 0.6587
-6.77127413830171 0.6588
-6.77129263468443 0.6589
-6.77130478754308 0.659
-6.77129336155142 0.6591
-6.77128364108349 0.6592
-6.77127910083128 0.6593
-6.77124777099408 0.6594
-6.77120696958742 0.6595
-6.77116949565258 0.6596
-6.77114190481704 0.6597
-6.77109612673802 0.6598
-6.77102395992119 0.6599
-6.77096083454407 0.66
-6.77091707423081 0.6601
-6.77086168187461 0.6602
-6.7708111124769 0.6603
-6.77075644094883 0.6604
-6.77068626381814 0.6605
-6.7706080459235 0.6606
-6.77055140598535 0.6607
-6.77050180805791 0.6608
-6.7704550456532 0.6609
-6.77040771389018 0.661
-6.77037088197496 0.6611
-6.77033819762533 0.6612
-6.77031912680516 0.6613
-6.77030290977345 0.6614
-6.77029091301849 0.6615
-6.77027134891179 0.6616
-6.77026905546441 0.6617
-6.77027794448679 0.6618
-6.77030069061513 0.6619
-6.77034060109592 0.662
-6.77037711268854 0.6621
-6.77041019202162 0.6622
-6.7704340623315 0.6623
-6.77046999333341 0.6624
-6.77051296571105 0.6625
-6.77053506689789 0.6626
-6.77056001740081 0.6627
-6.77058474544977 0.6628
-6.77059251645043 0.6629
-6.77059797669167 0.663
-6.77058470982588 0.6631
-6.77057347484584 0.6632
-6.77056636309819 0.6633
-6.77055782019573 0.6634
-6.77053674080196 0.6635
-6.77050582002824 0.6636
-6.77047430552374 0.6637
-6.77043495246385 0.6638
-6.77039901560754 0.6639
-6.77036051939652 0.664
-6.77032698150255 0.6641
-6.77029793902028 0.6642
-6.77027654728352 0.6643
-6.77027089171449 0.6644
-6.77028130843919 0.6645
-6.77030983180757 0.6646
-6.77034583361092 0.6647
-6.77039457361184 0.6648
-6.77044878443053 0.6649
-6.77051342701191 0.665
-6.77056334186804 0.6651
-6.77060208583677 0.6652
-6.77063033493055 0.6653
-6.7706519927162 0.6654
-6.77068585003746 0.6655
-6.77071047350336 0.6656
-6.7707233032193 0.6657
-6.77072963225338 0.6658
-6.77071945644583 0.6659
-6.77067854060797 0.666
-6.77063134417123 0.6661
-6.77058282975652 0.6662
-6.77052897073842 0.6663
-6.77048171577642 0.6664
-6.77041589730186 0.6665
-6.77034448223923 0.6666
-6.77028863213227 0.6667
-6.77022430416194 0.6668
-6.77016856058208 0.6669
-6.77012027391858 0.667
-6.77009423504392 0.6671
-6.77008837634437 0.6672
-6.77008825797268 0.6673
-6.77008343061595 0.6674
-6.77009055671353 0.6675
-6.77011696449056 0.6676
-6.77013874923829 0.6677
-6.7701751572164 0.6678
-6.7702234291348 0.6679
-6.77025504535209 0.668
-6.77030321923683 0.6681
-6.77035869618478 0.6682
-6.77040489523345 0.6683
-6.77045924002208 0.6684
-6.7705205551612 0.6685
-6.77058810140798 0.6686
-6.77066996549918 0.6687
-6.77076216462666 0.6688
-6.77083764899822 0.6689
-6.77088629280943 0.669
-6.77091804645921 0.6691
-6.77094360183196 0.6692
-6.77097843201195 0.6693
-6.77099983309742 0.6694
-6.77103368774301 0.6695
-6.77108948054252 0.6696
-6.77114031967474 0.6697
-6.77119272619691 0.6698
-6.77125173412588 0.6699
-6.77129466213354 0.67
-6.77132029016054 0.6701
-6.77133814071271 0.6702
-6.77133670081806 0.6703
-6.77133734835443 0.6704
-6.77133675263591 0.6705
-6.77133237634326 0.6706
-6.77132041524828 0.6707
-6.77128894777723 0.6708
-6.77125957381753 0.6709
-6.77124088248402 0.671
-6.7712060120683 0.6711
-6.77116152176086 0.6712
-6.77112211589137 0.6713
-6.77106762064482 0.6714
-6.77097832433924 0.6715
-6.77089574354501 0.6716
-6.77080086932939 0.6717
-6.77068693053476 0.6718
-6.77054236827632 0.6719
-6.77040351868558 0.672
-6.77026054779687 0.6721
-6.77010737207182 0.6722
-6.76994954056445 0.6723
-6.76977565397228 0.6724
-6.76959261583993 0.6725
-6.76942001978591 0.6726
-6.76925606834107 0.6727
-6.76906852960226 0.6728
-6.76886262790726 0.6729
-6.76865682596203 0.673
-6.7684599309045 0.6731
-6.76827632642647 0.6732
-6.76810185318257 0.6733
-6.76794772188463 0.6734
-6.76781373984094 0.6735
-6.76769034100061 0.6736
-6.76756479282311 0.6737
-6.76744729978764 0.6738
-6.76734091710111 0.6739
-6.76723514818178 0.674
-6.76715088586027 0.6741
-6.76707770941745 0.6742
-6.76702385808154 0.6743
-6.76699410251584 0.6744
-6.76699114710174 0.6745
-6.76700165605249 0.6746
-6.76701706511471 0.6747
-6.76704367064723 0.6748
-6.76710360332843 0.6749
-6.76717404436393 0.675
-6.76726658888231 0.6751
-6.76738210139455 0.6752
-6.76752743893995 0.6753
-6.76770850177773 0.6754
-6.76790020766916 0.6755
-6.76808664015807 0.6756
-6.76828371790712 0.6757
-6.7684976324799 0.6758
-6.76871231958474 0.6759
-6.76891875000479 0.676
-6.76910171208563 0.6761
-6.76928087986458 0.6762
-6.76945435520324 0.6763
-6.76960022646396 0.6764
-6.76974918782778 0.6765
-6.76986387758062 0.6766
-6.76997416318473 0.6767
-6.77007591910944 0.6768
-6.77017851601237 0.6769
-6.77026300916465 0.677
-6.77032838083403 0.6771
-6.77036982214063 0.6772
-6.77037367600372 0.6773
-6.77035289978528 0.6774
-6.77032135664613 0.6775
-6.77026848050412 0.6776
-6.77018929448739 0.6777
-6.77010470529238 0.6778
-6.76999974555631 0.6779
-6.76985731696314 0.678
-6.76971430778065 0.6781
-6.76957267542273 0.6782
-6.76942772330754 0.6783
-6.76927775766624 0.6784
-6.76913625389361 0.6785
-6.76899511432285 0.6786
-6.76885563796138 0.6787
-6.76872237692998 0.6788
-6.76860414507575 0.6789
-6.76849506403238 0.679
-6.76840506868852 0.6791
-6.76834072879478 0.6792
-6.76830314442055 0.6793
-6.76826190724546 0.6794
-6.76824438642305 0.6795
-6.76825962845159 0.6796
-6.76829065759608 0.6797
-6.76835224583715 0.6798
-6.76842811129168 0.6799
-6.76850676221945 0.68
-6.76861398361823 0.6801
-6.76874106810085 0.6802
-6.76887056327791 0.6803
-6.76902331507367 0.6804
-6.7691668773952 0.6805
-6.76929727896743 0.6806
-6.76943960761854 0.6807
-6.76957305985081 0.6808
-6.76969630037098 0.6809
-6.76981454615033 0.681
-6.76991664699316 0.6811
-6.76999477721644 0.6812
-6.77008042736707 0.6813
-6.77013647677436 0.6814
-6.77017758553169 0.6815
-6.77018909134254 0.6816
-6.77018091616301 0.6817
-6.77015240158896 0.6818
-6.77010273237191 0.6819
-6.77004447606559 0.682
-6.7699613637567 0.6821
-6.76984446770853 0.6822
-6.76971843387529 0.6823
-6.76956938947364 0.6824
-6.76941635191542 0.6825
-6.76924127358636 0.6826
-6.76906125753762 0.6827
-6.76887536179918 0.6828
-6.76868741891553 0.6829
-6.76851343430125 0.683
-6.76832221313941 0.6831
-6.76815207168324 0.6832
-6.76796346148101 0.6833
-6.76778254238076 0.6834
-6.76759457229289 0.6835
-6.76744157923677 0.6836
-6.76727825491192 0.6837
-6.7671236820092 0.6838
-6.7669773440816 0.6839
-6.76684295571895 0.684
-6.76671331864204 0.6841
-6.76659679491651 0.6842
-6.76649848607337 0.6843
-6.76641034291269 0.6844
-6.76632553370642 0.6845
-6.76625201672985 0.6846
-6.76617872740395 0.6847
-6.76610324368715 0.6848
-6.76604385972581 0.6849
-6.76598904348298 0.685
-6.7659326815555 0.6851
-6.76588253546811 0.6852
-6.76584651924041 0.6853
-6.76582254563503 0.6854
-6.7658108806766 0.6855
-6.76580616078475 0.6856
-6.76581004887223 0.6857
-6.76582135875203 0.6858
-6.76585744805834 0.6859
-6.7659191697971 0.686
-6.76598151023085 0.6861
-6.76605670861628 0.6862
-6.76611903021286 0.6863
-6.76617213340547 0.6864
-6.76622153643626 0.6865
-6.7662680783666 0.6866
-6.76631150540284 0.6867
-6.76633818791066 0.6868
-6.76635928109158 0.6869
-6.76638145998961 0.687
-6.76640361287063 0.6871
-6.76642012210165 0.6872
-6.76641626761846 0.6873
-6.76639362480167 0.6874
-6.76634502052647 0.6875
-6.76629503900032 0.6876
-6.76624383153334 0.6877
-6.76619620849797 0.6878
-6.76615324264338 0.6879
-6.76611726154523 0.688
-6.76609716026929 0.6881
-6.7660695861552 0.6882
-6.76604139424029 0.6883
-6.7660313622342 0.6884
-6.76601375984228 0.6885
-6.76599572047808 0.6886
-6.76598034044531 0.6887
-6.76595667063291 0.6888
-6.76594274247303 0.6889
-6.76592452732169 0.689
-6.76591117150728 0.6891
-6.76589848483482 0.6892
-6.76589013056233 0.6893
-6.76588898464275 0.6894
-6.76587544636285 0.6895
-6.7658576136216 0.6896
-6.76584399010702 0.6897
-6.76583900962492 0.6898
-6.76585258623349 0.6899
-6.76588939960286 0.69
-6.76593559135772 0.6901
-6.76600129712589 0.6902
-6.76607743628838 0.6903
-6.76617002354409 0.6904
-6.7662520406559 0.6905
-6.76634300272149 0.6906
-6.76641363664045 0.6907
-6.76647499583307 0.6908
-6.76652134280332 0.6909
-6.76657465753519 0.691
-6.76661923242828 0.6911
-6.76666021621655 0.6912
-6.76669006661102 0.6913
-6.76670176520311 0.6914
-6.7667022652123 0.6915
-6.76672275645647 0.6916
-6.76673376029942 0.6917
-6.76672922125503 0.6918
-6.7667038919736 0.6919
-6.76667454274333 0.692
-6.7666151105913 0.6921
-6.76653047938966 0.6922
-6.76644760131799 0.6923
-6.76634649097611 0.6924
-6.76625005308133 0.6925
-6.76615546980276 0.6926
-6.76604632241532 0.6927
-6.76594098363572 0.6928
-6.76582905901012 0.6929
-6.76570811289584 0.693
-6.76558148484689 0.6931
-6.76542875114142 0.6932
-6.76528170645473 0.6933
-6.76514371843068 0.6934
-6.76500763522411 0.6935
-6.76487335245822 0.6936
-6.76475117059628 0.6937
-6.76462707203945 0.6938
-6.76449588047537 0.6939
-6.76436006682652 0.694
-6.76421975495496 0.6941
-6.76408311509032 0.6942
-6.76393232323436 0.6943
-6.76378076632097 0.6944
-6.76366028226765 0.6945
-6.76354030608315 0.6946
-6.76342146542531 0.6947
-6.76329921241419 0.6948
-6.76319001017564 0.6949
-6.76308877395642 0.695
-6.76298430630472 0.6951
-6.76289150514544 0.6952
-6.76278942469868 0.6953
-6.76270563867927 0.6954
-6.76262080479244 0.6955
-6.7625485397606 0.6956
-6.76247619736813 0.6957
-6.76238933919616 0.6958
-6.76231195261964 0.6959
-6.76222682483625 0.696
-6.76216554469134 0.6961
-6.76213439481651 0.6962
-6.76210169559532 0.6963
-6.76207107906311 0.6964
-6.76203837210672 0.6965
-6.762021995798 0.6966
-6.76200128303503 0.6967
-6.76200807617767 0.6968
-6.76205555118122 0.6969
-6.76211959751714 0.697
-6.76220765759783 0.6971
-6.76230818072855 0.6972
-6.7624232246906 0.6973
-6.76254315454224 0.6974
-6.76266477875137 0.6975
-6.76275568661013 0.6976
-6.76282678591592 0.6977
-6.7629055863913 0.6978
-6.76297873402713 0.6979
-6.76303605302718 0.698
-6.76309122820959 0.6981
-6.76315080357804 0.6982
-6.76320516325528 0.6983
-6.76325319468663 0.6984
-6.76331168966994 0.6985
-6.76335747272195 0.6986
-6.76339587614316 0.6987
-6.76341033124565 0.6988
-6.76341653691796 0.6989
-6.76339390984008 0.699
-6.76334198074316 0.6991
-6.76327311481147 0.6992
-6.76319668937401 0.6993
-6.76308220493737 0.6994
-6.76295972407211 0.6995
-6.76281674252311 0.6996
-6.76265194730908 0.6997
-6.76248200865931 0.6998
-6.76232356536792 0.6999
-6.76215304683559 0.7
-6.7620005865564 0.7001
-6.76185151412625 0.7002
-6.76173602866996 0.7003
-6.761631875466 0.7004
-6.76151926190827 0.7005
-6.76141816682812 0.7006
-6.76131920948138 0.7007
-6.76123562932179 0.7008
-6.76114664784954 0.7009
-6.76106855751238 0.701
-6.76100322266794 0.7011
-6.76094064570308 0.7012
-6.76090247724885 0.7013
-6.76088798866489 0.7014
-6.76088003347405 0.7015
-6.76088254266045 0.7016
-6.76088526113254 0.7017
-6.76088656459345 0.7018
-6.76088595158445 0.7019
-6.76090204976598 0.702
-6.76093958717513 0.7021
-6.76095197532298 0.7022
-6.76096748181836 0.7023
-6.76097096070705 0.7024
-6.76097116224561 0.7025
-6.76097138279568 0.7026
-6.76095738445591 0.7027
-6.76093626616945 0.7028
-6.76090935700345 0.7029
-6.76086767338783 0.703
-6.76082949323065 0.7031
-6.7607873207071 0.7032
-6.76075219433207 0.7033
-6.76072921074928 0.7034
-6.76071270329295 0.7035
-6.7607103870435 0.7036
-6.76073100226731 0.7037
-6.76074297381079 0.7038
-6.76076647774604 0.7039
-6.76077330572075 0.704
-6.76077581251185 0.7041
-6.76077862181732 0.7042
-6.76077982468632 0.7043
-6.76081304443805 0.7044
-6.76085819744927 0.7045
-6.76090956293801 0.7046
-6.76097914235203 0.7047
-6.7610411873804 0.7048
-6.76111142082768 0.7049
-6.76118023007064 0.705
-6.76123481587595 0.7051
-6.76127520839974 0.7052
-6.76128669414074 0.7053
-6.76127913826588 0.7054
-6.76125476500073 0.7055
-6.76119745028461 0.7056
-6.76114866579681 0.7057
-6.76106069884249 0.7058
-6.7609449531793 0.7059
-6.7608289915899 0.706
-6.7606876006323 0.7061
-6.7605301559639 0.7062
-6.76036168431336 0.7063
-6.76018109996851 0.7064
-6.75998165681125 0.7065
-6.75976951827017 0.7066
-6.75956579756927 0.7067
-6.7593364803722 0.7068
-6.75909857629238 0.7069
-6.75887187946365 0.707
-6.7586385998249 0.7071
-6.75838951390791 0.7072
-6.75814135803592 0.7073
-6.7578984426044 0.7074
-6.75767170247453 0.7075
-6.75744562597202 0.7076
-6.75724723672931 0.7077
-6.75706987182335 0.7078
-6.75689942434275 0.7079
-6.75673888781282 0.708
-6.75659535264155 0.7081
-6.75645659161584 0.7082
-6.75634409382249 0.7083
-6.7562544225126 0.7084
-6.75616760287403 0.7085
-6.7560976700852 0.7086
-6.75604154061672 0.7087
-6.75599242733728 0.7088
-6.75593383439177 0.7089
-6.75589614430743 0.709
-6.7558827355183 0.7091
-6.75588260524578 0.7092
-6.7558683855088 0.7093
-6.75586218463619 0.7094
-6.75586022001794 0.7095
-6.75584174516841 0.7096
-6.75582488563679 0.7097
-6.7558210925811 0.7098
-6.75581872622985 0.7099
-6.75580466750749 0.71
-6.75577688254305 0.7101
-6.75573636120735 0.7102
-6.75570280000898 0.7103
-6.75567587676621 0.7104
-6.7556417966226 0.7105
-6.75558705579378 0.7106
-6.75551439388391 0.7107
-6.75543395310367 0.7108
-6.75533986270651 0.7109
-6.75524773842052 0.711
-6.75515576261215 0.7111
-6.7550582845254 0.7112
-6.75496254739334 0.7113
-6.75489130236431 0.7114
-6.75483991242076 0.7115
-6.75479629502565 0.7116
-6.75477171599068 0.7117
-6.75475664712968 0.7118
-6.75473906401657 0.7119
-6.75473216020272 0.712
-6.75473635715946 0.7121
-6.75473343203313 0.7122
-6.75472293743233 0.7123
-6.75470862992041 0.7124
-6.75470303272812 0.7125
-6.75469749216418 0.7126
-6.75467548692119 0.7127
-6.75463276599956 0.7128
-6.75456901534421 0.7129
-6.7544975325628 0.713
-6.75442394359467 0.7131
-6.75433470877347 0.7132
-6.75424152348008 0.7133
-6.75412958932043 0.7134
-6.75401170254539 0.7135
-6.75388220383976 0.7136
-6.75374978374092 0.7137
-6.75361578101136 0.7138
-6.75347720432209 0.7139
-6.75333671224397 0.714
-6.75317446253519 0.7141
-6.75300557420404 0.7142
-6.75284127933964 0.7143
-6.752670036144 0.7144
-6.75248144009007 0.7145
-6.75229930265489 0.7146
-6.75212211085978 0.7147
-6.75195636996745 0.7148
-6.75179673236813 0.7149
-6.75164877052705 0.715
-6.75150739911053 0.7151
-6.75137265342843 0.7152
-6.75124966695307 0.7153
-6.75116010044197 0.7154
-6.75107120623557 0.7155
-6.7509971161252 0.7156
-6.75093503016315 0.7157
-6.75089539766603 0.7158
-6.75085964030712 0.7159
-6.75084257010802 0.716
-6.75085198958869 0.7161
-6.75088670555956 0.7162
-6.75093311264345 0.7163
-6.75100949128992 0.7164
-6.75111945381719 0.7165
-6.75126193711182 0.7166
-6.75143483385103 0.7167
-6.75162373582734 0.7168
-6.75182109050465 0.7169
-6.75204112624275 0.717
-6.752268450348 0.7171
-6.75249445876034 0.7172
-6.75273869545353 0.7173
-6.75296228176281 0.7174
-6.75317844196139 0.7175
-6.75339521804629 0.7176
-6.75359006132255 0.7177
-6.75376885490696 0.7178
-6.75393157156127 0.7179
-6.75408024720711 0.718
-6.75421733907136 0.7181
-6.75432933726881 0.7182
-6.75441831144237 0.7183
-6.75448414667335 0.7184
-6.75452006322382 0.7185
-6.75452572359176 0.7186
-6.75452106572279 0.7187
-6.75447506988489 0.7188
-6.75439996674417 0.7189
-6.75429766155578 0.719
-6.75417870524713 0.7191
-6.75405169703676 0.7192
-6.75389148196793 0.7193
-6.75372745540525 0.7194
-6.75357221497051 0.7195
-6.7533935138741 0.7196
-6.7532040741514 0.7197
-6.75299743263479 0.7198
-6.75276044551386 0.7199
-6.75251955774127 0.72
-6.75227670741535 0.7201
-6.75200923492321 0.7202
-6.75172902909568 0.7203
-6.75146552649317 0.7204
-6.75120574154248 0.7205
-6.75095767707243 0.7206
-6.75075006049141 0.7207
-6.75055505203639 0.7208
-6.75038456234759 0.7209
-6.75023775548292 0.721
-6.75012495106765 0.7211
-6.75004206587459 0.7212
-6.74996879271392 0.7213
-6.74992081114893 0.7214
-6.74988398721755 0.7215
-6.74985901265929 0.7216
-6.74986081264235 0.7217
-6.74985697524913 0.7218
-6.74985844213518 0.7219
-6.74987139256126 0.722
-6.74989204427126 0.7221
-6.74993113458733 0.7222
-6.74996793601613 0.7223
-6.75001041537235 0.7224
-6.75005662424418 0.7225
-6.75012294583923 0.7226
-6.75018065187747 0.7227
-6.75024052509036 0.7228
-6.75029089774721 0.7229
-6.75032200034238 0.723
-6.7503395904055 0.7231
-6.75036018251213 0.7232
-6.75036659518071 0.7233
-6.75035547615867 0.7234
-6.75033232642488 0.7235
-6.75030740459038 0.7236
-6.75027462122416 0.7237
-6.7502174298948 0.7238
-6.75013993124456 0.7239
-6.75003704172402 0.724
-6.74990312205315 0.7241
-6.74975266874815 0.7242
-6.74959102565872 0.7243
-6.74943370768792 0.7244
-6.74927194218045 0.7245
-6.74911239934085 0.7246
-6.74895682734423 0.7247
-6.74882165625515 0.7248
-6.74868031867334 0.7249
-6.74853965986773 0.725
-6.7483933092064 0.7251
-6.74825333097379 0.7252
-6.74812308166703 0.7253
-6.74798742755499 0.7254
-6.74786743197185 0.7255
-6.74773399682333 0.7256
-6.74762356027885 0.7257
-6.7475293854203 0.7258
-6.74744584045622 0.7259
-6.74735059980278 0.726
-6.74726945410857 0.7261
-6.747201345911 0.7262
-6.74712981098053 0.7263
-6.74705848963245 0.7264
-6.74698597155477 0.7265
-6.74693978988956 0.7266
-6.74690001384048 0.7267
-6.74687207083604 0.7268
-6.74684738902995 0.7269
-6.74685193821222 0.727
-6.74687789794681 0.7271
-6.74689594732846 0.7272
-6.74690701373158 0.7273
-6.74691648398533 0.7274
-6.74690497761979 0.7275
-6.74687956965254 0.7276
-6.74686314809672 0.7277
-6.74684113660847 0.7278
-6.74681000356558 0.7279
-6.74675526583392 0.728
-6.74668915638882 0.7281
-6.74662043239794 0.7282
-6.74653160732685 0.7283
-6.74643824820196 0.7284
-6.74633927138218 0.7285
-6.74621860879875 0.7286
-6.74611842841204 0.7287
-6.74602411192228 0.7288
-6.74595167063136 0.7289
-6.74588629125901 0.729
-6.74583064317438 0.7291
-6.74579975064086 0.7292
-6.74577065175754 0.7293
-6.74575286805561 0.7294
-6.74575012733513 0.7295
-6.74576533965828 0.7296
-6.74578804175838 0.7297
-6.74581347266382 0.7298
-6.74582313428383 0.7299
-6.74582159766951 0.73
-6.74582160140267 0.7301
-6.74582371598191 0.7302
-6.74583292096152 0.7303
-6.74583275622929 0.7304
-6.7458256427732 0.7305
-6.74579681133687 0.7306
-6.74573021899963 0.7307
-6.74564781502129 0.7308
-6.74555795777682 0.7309
-6.74545936007473 0.731
-6.74536265658574 0.7311
-6.74525714339965 0.7312
-6.74516127154741 0.7313
-6.74509083572126 0.7314
-6.74501829276581 0.7315
-6.74493978244691 0.7316
-6.74485989932779 0.7317
-6.74480228273703 0.7318
-6.74473542698365 0.7319
-6.74465651418177 0.732
-6.74458905162452 0.7321
-6.74450811542614 0.7322
-6.74442643340663 0.7323
-6.74436132976361 0.7324
-6.74430668581483 0.7325
-6.74424065124843 0.7326
-6.74416380212833 0.7327
-6.74408686496739 0.7328
-6.74400133706988 0.7329
-6.74390584693872 0.733
-6.74382022760919 0.7331
-6.74373660511689 0.7332
-6.74363169973116 0.7333
-6.74351629317369 0.7334
-6.74338602208687 0.7335
-6.74327448330236 0.7336
-6.74316549988003 0.7337
-6.74305633127834 0.7338
-6.74292894825394 0.7339
-6.74281287813982 0.734
-6.74269808725549 0.7341
-6.74259787436607 0.7342
-6.74247746945245 0.7343
-6.74235039053881 0.7344
-6.74222656384136 0.7345
-6.74211738772483 0.7346
-6.74202761116135 0.7347
-6.74194151774695 0.7348
-6.74187036960913 0.7349
-6.74179403722319 0.735
-6.74171836878809 0.7351
-6.74162580382863 0.7352
-6.7415256402651 0.7353
-6.74145250036152 0.7354
-6.74142182947975 0.7355
-6.74139127790998 0.7356
-6.74135426949199 0.7357
-6.74134645100402 0.7358
-6.74136528199135 0.7359
-6.74139615263469 0.736
-6.74142617402632 0.7361
-6.74148199372659 0.7362
-6.74154777826089 0.7363
-6.74163817678116 0.7364
-6.74175936555388 0.7365
-6.74188913272256 0.7366
-6.74202284425215 0.7367
-6.74215889088439 0.7368
-6.74230145467083 0.7369
-6.74243047711328 0.737
-6.74255871731859 0.7371
-6.74266259190239 0.7372
-6.74274816503562 0.7373
-6.74281650739268 0.7374
-6.74287882816445 0.7375
-6.7429338803148 0.7376
-6.74295859084699 0.7377
-6.74295035380257 0.7378
-6.74293551241261 0.7379
-6.74289336288639 0.738
-6.74281739488825 0.7381
-6.74273506019916 0.7382
-6.74265579663757 0.7383
-6.74256754105195 0.7384
-6.74245793568864 0.7385
-6.74236424184226 0.7386
-6.74222975022837 0.7387
-6.74209501043523 0.7388
-6.74194850570763 0.7389
-6.7417879197877 0.739
-6.74162570521043 0.7391
-6.74146539373358 0.7392
-6.74131315305562 0.7393
-6.74115998912077 0.7394
-6.74100020916815 0.7395
-6.74083380203673 0.7396
-6.74067204066761 0.7397
-6.74052622599963 0.7398
-6.74037983899976 0.7399
-6.74025511018885 0.74
-6.74012227584233 0.7401
-6.73998998282979 0.7402
-6.7398688653373 0.7403
-6.73974260019873 0.7404
-6.73960910858947 0.7405
-6.73949357553047 0.7406
-6.73939755613347 0.7407
-6.73929117375874 0.7408
-6.73919226634543 0.7409
-6.73911077959405 0.741
-6.73904701827354 0.7411
-6.73899261180217 0.7412
-6.73895082030691 0.7413
-6.73892362560441 0.7414
-6.73889537021176 0.7415
-6.73889028095777 0.7416
-6.73888921095139 0.7417
-6.73888384170449 0.7418
-6.73887783850283 0.7419
-6.73887580518804 0.742
-6.73888118502159 0.7421
-6.73889843095725 0.7422
-6.73890186693264 0.7423
-6.73890069868998 0.7424
-6.73888545606754 0.7425
-6.73886705937192 0.7426
-6.73882914454502 0.7427
-6.73878963682557 0.7428
-6.73875660022137 0.7429
-6.73872194402196 0.743
-6.73869588174154 0.7431
-6.73868759246213 0.7432
-6.73868011901387 0.7433
-6.73869292728555 0.7434
-6.73872554221152 0.7435
-6.73874567068587 0.7436
-6.73877496252057 0.7437
-6.73882300417302 0.7438
-6.73890090300391 0.7439
-6.73899168827573 0.744
-6.73908016980588 0.7441
-6.73915059622234 0.7442
-6.73921728988456 0.7443
-6.73927530908578 0.7444
-6.73931243305406 0.7445
-6.73934096591774 0.7446
-6.73935488682004 0.7447
-6.73936938690971 0.7448
-6.73938408043496 0.7449
-6.73939327275599 0.745
-6.73937817128608 0.7451
-6.73935078218011 0.7452
-6.73929558081589 0.7453
-6.73922259080485 0.7454
-6.73913268357725 0.7455
-6.73904214811233 0.7456
-6.73894510861429 0.7457
-6.73882591707452 0.7458
-6.73868865557437 0.7459
-6.73851754285564 0.746
-6.73832744866969 0.7461
-6.73811778015808 0.7462
-6.73788883720101 0.7463
-6.73766541344495 0.7464
-6.73743859761994 0.7465
-6.73720708788461 0.7466
-6.73698901799405 0.7467
-6.73677358589927 0.7468
-6.73656036031866 0.7469
-6.73635097501121 0.747
-6.73614823843697 0.7471
-6.73596134908327 0.7472
-6.73577024974322 0.7473
-6.73559506655475 0.7474
-6.73543811799371 0.7475
-6.73530842038618 0.7476
-6.73518118627789 0.7477
-6.73503334190367 0.7478
-6.73487247840979 0.7479
-6.73469378495355 0.748
-6.73452145221711 0.7481
-6.73434276245762 0.7482
-6.73415339867521 0.7483
-6.7339575572944 0.7484
-6.73375302314823 0.7485
-6.73353564642849 0.7486
-6.73333504630868 0.7487
-6.7331208575375 0.7488
-6.73292066905796 0.7489
-6.7327326448414 0.749
-6.73256384839584 0.7491
-6.73237435984033 0.7492
-6.73220285830244 0.7493
-6.73203868670769 0.7494
-6.7319044750923 0.7495
-6.73179131063741 0.7496
-6.73171632070201 0.7497
-6.73167213400328 0.7498
-6.73162910336101 0.7499
-6.73161540795855 0.75
-6.7316083393472 0.7501
-6.73162268243756 0.7502
-6.73166000624657 0.7503
-6.73169801701768 0.7504
-6.7317621148705 0.7505
-6.73185242191622 0.7506
-6.73196989548299 0.7507
-6.73210826173619 0.7508
-6.7322667124283 0.7509
-6.73245892885521 0.751
-6.73267711631338 0.7511
-6.73291401813487 0.7512
-6.73315919491589 0.7513
-6.73340176228327 0.7514
-6.73364574918548 0.7515
-6.73390257662085 0.7516
-6.73414492133377 0.7517
-6.73438423728928 0.7518
-6.73459481382012 0.7519
-6.73479580106502 0.752
-6.73496064377826 0.7521
-6.73510224297728 0.7522
-6.73521524111661 0.7523
-6.73530373346956 0.7524
-6.73537336772162 0.7525
-6.73540779589027 0.7526
-6.73543440097812 0.7527
-6.73542554524477 0.7528
-6.73537393131421 0.7529
-6.73531647554222 0.753
-6.73525876420131 0.7531
-6.7351775939373 0.7532
-6.73507665008571 0.7533
-6.73495816413432 0.7534
-6.73481143774513 0.7535
-6.73465047802575 0.7536
-6.73449479172476 0.7537
-6.73433349888194 0.7538
-6.73417655125127 0.7539
-6.73400366645272 0.754
-6.73384474017441 0.7541
-6.73370355949144 0.7542
-6.73357876730217 0.7543
-6.73346695919946 0.7544
-6.73335970034573 0.7545
-6.73326838189818 0.7546
-6.73318911617671 0.7547
-6.73314339119223 0.7548
-6.73311235714559 0.7549
-6.73310806997809 0.755
-6.73309360554681 0.7551
-6.73310619131763 0.7552
-6.73313494724597 0.7553
-6.73317431410206 0.7554
-6.73323420050128 0.7555
-6.73331951987295 0.7556
-6.73340714348054 0.7557
-6.73349744249578 0.7558
-6.73357173228174 0.7559
-6.73364235102035 0.756
-6.73371643008318 0.7561
-6.7337743346823 0.7562
-6.73382393320326 0.7563
-6.73385647828249 0.7564
-6.73389830694968 0.7565
-6.73393141126911 0.7566
-6.73395805034995 0.7567
-6.73397748328526 0.7568
-6.73399878336487 0.7569
-6.73399455541401 0.757
-6.73396302915351 0.7571
-6.73390856500344 0.7572
-6.73381264439646 0.7573
-6.73368693152428 0.7574
-6.73355989271328 0.7575
-6.73340324397496 0.7576
-6.73325243873983 0.7577
-6.73309662638286 0.7578
-6.73293717693427 0.7579
-6.73273951997886 0.758
-6.73252017860867 0.7581
-6.73225787786201 0.7582
-6.73198642902016 0.7583
-6.73170803402506 0.7584
-6.73144319699372 0.7585
-6.73115442170899 0.7586
-6.73088260246042 0.7587
-6.7306151174466 0.7588
-6.73037131896888 0.7589
-6.73015547970175 0.759
-6.72996442461262 0.7591
-6.72977417243992 0.7592
-6.7295872356124 0.7593
-6.72941342789611 0.7594
-6.72924644296804 0.7595
-6.72907559306449 0.7596
-6.72891494793453 0.7597
-6.72877467835996 0.7598
-6.72864649863685 0.7599
-6.72854787236981 0.76
-6.72847492457536 0.7601
-6.72842231350624 0.7602
-6.72838348178481 0.7603
-6.72836782619115 0.7604
-6.72836779859728 0.7605
-6.72838616439611 0.7606
-6.72841658049151 0.7607
-6.72845972016039 0.7608
-6.72853343477801 0.7609
-6.72861301132863 0.761
-6.72870660617249 0.7611
-6.72880750792779 0.7612
-6.72893431318103 0.7613
-6.7290665894825 0.7614
-6.72919778816349 0.7615
-6.72933617167785 0.7616
-6.72947266401857 0.7617
-6.72958337281978 0.7618
-6.72971247134812 0.7619
-6.72983970606065 0.762
-6.72994414460176 0.7621
-6.73003119756863 0.7622
-6.73009501282945 0.7623
-6.73014373081068 0.7624
-6.73019784310482 0.7625
-6.73022247276014 0.7626
-6.73022575735781 0.7627
-6.7301972103831 0.7628
-6.73013570428895 0.7629
-6.73005666067503 0.763
-6.72995004446655 0.7631
-6.72982165359515 0.7632
-6.72966535309635 0.7633
-6.72951120544087 0.7634
-6.7293344852175 0.7635
-6.72915502200225 0.7636
-6.72898583388782 0.7637
-6.7288124639828 0.7638
-6.72862155562215 0.7639
-6.72841629404833 0.764
-6.7281988395822 0.7641
-6.72795916012698 0.7642
-6.72771535853693 0.7643
-6.72745647829129 0.7644
-6.72718378884236 0.7645
-6.72690447079515 0.7646
-6.72663901721866 0.7647
-6.72636258108265 0.7648
-6.72608132086592 0.7649
-6.72580792684315 0.765
-6.7255656301888 0.7651
-6.72533839307214 0.7652
-6.72512374690399 0.7653
-6.7249367481485 0.7654
-6.72475322434452 0.7655
-6.72458785998903 0.7656
-6.72443066705044 0.7657
-6.72428704998372 0.7658
-6.72413915955005 0.7659
-6.72400916665089 0.766
-6.72390292552718 0.7661
-6.72381465612086 0.7662
-6.7237524180939 0.7663
-6.72371669142057 0.7664
-6.72371256755737 0.7665
-6.72373166334576 0.7666
-6.72377037170247 0.7667
-6.72382377560026 0.7668
-6.72389461675434 0.7669
-6.7239905323217 0.767
-6.7240893670675 0.7671
-6.72419880156534 0.7672
-6.72431363456111 0.7673
-6.72444771671854 0.7674
-6.72457216687468 0.7675
-6.72467924837934 0.7676
-6.72478750930067 0.7677
-6.72488346961817 0.7678
-6.7249753956618 0.7679
-6.72506409416612 0.768
-6.72513048135431 0.7681
-6.7251682251569 0.7682
-6.72519931581017 0.7683
-6.72523605717187 0.7684
-6.72524813069018 0.7685
-6.72526527356716 0.7686
-6.72527452723884 0.7687
-6.72528667829069 0.7688
-6.72530729071776 0.7689
-6.72531776703352 0.769
-6.72533048462911 0.7691
-6.7253524525822 0.7692
-6.72535799707206 0.7693
-6.72534050043002 0.7694
-6.72529198788561 0.7695
-6.72524211974344 0.7696
-6.72518173695163 0.7697
-6.72510894534157 0.7698
-6.72503876783841 0.7699
-6.72496183831637 0.77
-6.72488044364122 0.7701
-6.72480222226522 0.7702
-6.72471484979044 0.7703
-6.72462072455106 0.7704
-6.72449485661334 0.7705
-6.72437044514893 0.7706
-6.72425215844346 0.7707
-6.72411755225903 0.7708
-6.7239658869615 0.7709
-6.72380587766777 0.771
-6.72364313991501 0.7711
-6.72348669664328 0.7712
-6.7233143614426 0.7713
-6.72315889849458 0.7714
-6.72300092081864 0.7715
-6.72284611491102 0.7716
-6.72272053986051 0.7717
-6.72260518010447 0.7718
-6.72252277750601 0.7719
-6.72243591455168 0.772
-6.72238756879493 0.7721
-6.72236393260166 0.7722
-6.72237347302742 0.7723
-6.72240908322012 0.7724
-6.72245997723133 0.7725
-6.72253355414359 0.7726
-6.72262271158548 0.7727
-6.72272164336326 0.7728
-6.72284540388193 0.7729
-6.72299103185458 0.773
-6.72315891252842 0.7731
-6.72335167488232 0.7732
-6.7235605563577 0.7733
-6.72378788935818 0.7734
-6.72403838754369 0.7735
-6.72429591086566 0.7736
-6.72455368259071 0.7737
-6.72480099544336 0.7738
-6.72503562189523 0.7739
-6.72526480820404 0.774
-6.72549048211156 0.7741
-6.72569679074498 0.7742
-6.72589032105628 0.7743
-6.72605984977404 0.7744
-6.72619509116031 0.7745
-6.7263381139417 0.7746
-6.72644327125723 0.7747
-6.72651578923552 0.7748
-6.72658390574336 0.7749
-6.72663966071611 0.775
-6.72665073518169 0.7751
-6.72661504409228 0.7752
-6.72656947579191 0.7753
-6.7265009187972 0.7754
-6.72640032754828 0.7755
-6.72626840120651 0.7756
-6.72613830868852 0.7757
-6.7259953915627 0.7758
-6.72585949354496 0.7759
-6.72571664560124 0.776
-6.72555930134278 0.7761
-6.72539177355798 0.7762
-6.72521788348862 0.7763
-6.7250171455951 0.7764
-6.72479728740846 0.7765
-6.72456963260217 0.7766
-6.72434225928782 0.7767
-6.7240851737648 0.7768
-6.72379528020527 0.7769
-6.72350106792882 0.777
-6.72321227985271 0.7771
-6.72296067774803 0.7772
-6.72271161187583 0.7773
-6.72246524321852 0.7774
-6.72221828475651 0.7775
-6.72197783756589 0.7776
-6.72172778342449 0.7777
-6.72151638221001 0.7778
-6.72130275199657 0.7779
-6.72112278709674 0.778
-6.72097340738399 0.7781
-6.72083203539981 0.7782
-6.72070261995742 0.7783
-6.72058830222858 0.7784
-6.72047703260426 0.7785
-6.72035707224774 0.7786
-6.72023429675755 0.7787
-6.72011346500221 0.7788
-6.7199823525722 0.7789
-6.7198623686798 0.779
-6.71975783891122 0.7791
-6.71967340182481 0.7792
-6.71959877528773 0.7793
-6.71955188704277 0.7794
-6.71951171980845 0.7795
-6.719457294104 0.7796
-6.71940616078179 0.7797
-6.71935977790177 0.7798
-6.71933918939434 0.7799
-6.71932001348484 0.78
-6.71927382178664 0.7801
-6.71922010798556 0.7802
-6.71917240143431 0.7803
-6.7191040168098 0.7804
-6.71904194835608 0.7805
-6.71898703578599 0.7806
-6.71893608806124 0.7807
-6.71885390198425 0.7808
-6.71876619500821 0.7809
-6.71868819598294 0.781
-6.71862156667878 0.7811
-6.71856130961299 0.7812
-6.71849400865188 0.7813
-6.71843557307251 0.7814
-6.71838256488585 0.7815
-6.7183153187991 0.7816
-6.71825731413662 0.7817
-6.7182246732805 0.7818
-6.71821640637626 0.7819
-6.71822142319489 0.782
-6.71823285693454 0.7821
-6.71822878582356 0.7822
-6.71824402883309 0.7823
-6.71828241434047 0.7824
-6.71834878226385 0.7825
-6.71841092690435 0.7826
-6.71845472641042 0.7827
-6.71846813000383 0.7828
-6.71847495513146 0.7829
-6.71846720993595 0.783
-6.71846131253243 0.7831
-6.71841998335344 0.7832
-6.7183456535751 0.7833
-6.71827126945638 0.7834
-6.71819073417368 0.7835
-6.71808898489181 0.7836
-6.7179620936093 0.7837
-6.71781700999654 0.7838
-6.71767632911538 0.7839
-6.71755609964375 0.784
-6.71741906529442 0.7841
-6.7172876593375 0.7842
-6.71717344984072 0.7843
-6.71706421160235 0.7844
-6.71695772784591 0.7845
-6.71683704195628 0.7846
-6.71676338724026 0.7847
-6.71666724499843 0.7848
-6.71656579599091 0.7849
-6.71648166848541 0.785
-6.71642303717158 0.7851
-6.71635822784106 0.7852
-6.7162651361094 0.7853
-6.71617299390658 0.7854
-6.71609089970912 0.7855
-6.71600020344517 0.7856
-6.71591688564797 0.7857
-6.7158355482369 0.7858
-6.71574517713174 0.7859
-6.71565915046601 0.786
-6.71558032534724 0.7861
-6.71548295742421 0.7862
-6.71536723430491 0.7863
-6.71525381763544 0.7864
-6.71513671071961 0.7865
-6.7150103666496 0.7866
-6.71487274000303 0.7867
-6.71473476748445 0.7868
-6.71460270925389 0.7869
-6.71446832142079 0.787
-6.71433904210789 0.7871
-6.71420993768922 0.7872
-6.71406947887619 0.7873
-6.71392762565187 0.7874
-6.71379160504331 0.7875
-6.71365930809489 0.7876
-6.71352773771994 0.7877
-6.71337593786109 0.7878
-6.7132224984455 0.7879
-6.713090984905 0.788
-6.71295311228994 0.7881
-6.71282441208036 0.7882
-6.71269976638035 0.7883
-6.71260457726118 0.7884
-6.71250921965693 0.7885
-6.71242353747051 0.7886
-6.71233683976798 0.7887
-6.71225282167472 0.7888
-6.71214942541576 0.7889
-6.71205074386159 0.789
-6.71195355597363 0.7891
-6.7118498757604 0.7892
-6.71172141607843 0.7893
-6.71159926803514 0.7894
-6.71146554954595 0.7895
-6.71132311032764 0.7896
-6.71116194476337 0.7897
-6.71098537630708 0.7898
-6.71081839760578 0.7899
-6.71066794925399 0.79
-6.71051961926831 0.7901
-6.7103848164676 0.7902
-6.71027290427092 0.7903
-6.71015699996027 0.7904
-6.71007045984256 0.7905
-6.71000800560652 0.7906
-6.70996179895073 0.7907
-6.70992350372658 0.7908
-6.70990801542382 0.7909
-6.70991492692797 0.791
-6.70993811901891 0.7911
-6.70996400617771 0.7912
-6.71001395253953 0.7913
-6.71008779247497 0.7914
-6.71017747186999 0.7915
-6.71026430621167 0.7916
-6.71038230863158 0.7917
-6.71049574212069 0.7918
-6.71060994292833 0.7919
-6.71071689098269 0.792
-6.71079038582881 0.7921
-6.71081023838193 0.7922
-6.71082081129646 0.7923
-6.71077992793988 0.7924
-6.7107202381266 0.7925
-6.71062650367027 0.7926
-6.7105126819702 0.7927
-6.71039180007919 0.7928
-6.71022694236466 0.7929
-6.71003990876622 0.793
-6.70982235734229 0.7931
-6.70957565347415 0.7932
-6.70931727380533 0.7933
-6.70905310570456 0.7934
-6.70879245493056 0.7935
-6.70850672642288 0.7936
-6.7082300401214 0.7937
-6.70796479149077 0.7938
-6.70771066391137 0.7939
-6.70745773501086 0.794
-6.70719516898849 0.7941
-6.70695392998741 0.7942
-6.70672019628548 0.7943
-6.70648204240003 0.7944
-6.7062612355551 0.7945
-6.70605357528061 0.7946
-6.705860068152 0.7947
-6.70568748010452 0.7948
-6.70554180906851 0.7949
-6.7054291841812 0.795
-6.70532294271196 0.7951
-6.70526904512514 0.7952
-6.70523671241553 0.7953
-6.7052082860412 0.7954
-6.70518429696409 0.7955
-6.70516201236969 0.7956
-6.70516321335439 0.7957
-6.70516363673972 0.7958
-6.70515854985076 0.7959
-6.70515082529809 0.796
-6.7051409551335 0.7961
-6.70513116374368 0.7962
-6.7051298244757 0.7963
-6.70510057027557 0.7964
-6.70508957216027 0.7965
-6.70507825033908 0.7966
-6.70504313315681 0.7967
-6.70500765141126 0.7968
-6.7049755589965 0.7969
-6.7049755666286 0.797
-6.70497356918858 0.7971
-6.70497144087164 0.7972
-6.70497941934512 0.7973
-6.70499338763972 0.7974
-6.70498755519169 0.7975
-6.70500209055263 0.7976
-6.70501709072463 0.7977
-6.70502073001516 0.7978
-6.70503608720454 0.7979
-6.70508577635395 0.798
-6.70515873177581 0.7981
-6.70521476588292 0.7982
-6.70528415281582 0.7983
-6.70537423693406 0.7984
-6.70546735023631 0.7985
-6.70554693474588 0.7986
-6.705625760205 0.7987
-6.70567974307064 0.7988
-6.70573408452305 0.7989
-6.70579340591093 0.799
-6.70581619498699 0.7991
-6.70579836259733 0.7992
-6.70579048199259 0.7993
-6.70575732470124 0.7994
-6.705728337463 0.7995
-6.70569087595468 0.7996
-6.70563258225015 0.7997
-6.7055755788087 0.7998
-6.7055246204086 0.7999
-6.70547058563281 0.8
-6.70539131862275 0.8001
-6.70529432517036 0.8002
-6.70519604107955 0.8003
-6.70508600827715 0.8004
-6.70498472120276 0.8005
-6.70487024642509 0.8006
-6.70478503622009 0.8007
-6.70471457706658 0.8008
-6.70469508527711 0.8009
-6.70470053175413 0.801
-6.70471921592611 0.8011
-6.70471133540495 0.8012
-6.70470272591697 0.8013
-6.70468209941635 0.8014
-6.70465318960169 0.8015
-6.70461997681722 0.8016
-6.70456968957677 0.8017
-6.70451277991914 0.8018
-6.70445507421723 0.8019
-6.70439954328226 0.802
-6.70436835706813 0.8021
-6.70434717285397 0.8022
-6.70430585791145 0.8023
-6.70424399513679 0.8024
-6.7041792124488 0.8025
-6.70412866688325 0.8026
-6.70409074244253 0.8027
-6.70404460724216 0.8028
-6.70398259974539 0.8029
-6.70392289474056 0.803
-6.70384307815248 0.8031
-6.70376278809117 0.8032
-6.70366701770124 0.8033
-6.70359720554853 0.8034
-6.70351507496472 0.8035
-6.70342695264793 0.8036
-6.70335616633448 0.8037
-6.70327393246085 0.8038
-6.70320139025094 0.8039
-6.70313531487989 0.804
-6.70305938021423 0.8041
-6.70298603828641 0.8042
-6.70289589002756 0.8043
-6.70280213289522 0.8044
-6.70270934162849 0.8045
-6.70262571787703 0.8046
-6.70253923517102 0.8047
-6.70243031599504 0.8048
-6.70231729182664 0.8049
-6.7021831802186 0.805
-6.70206001298773 0.8051
-6.70193740652701 0.8052
-6.70179255959523 0.8053
-6.70164054639121 0.8054
-6.70148224322615 0.8055
-6.70131718458292 0.8056
-6.70116589112978 0.8057
-6.70102384453306 0.8058
-6.70086866948465 0.8059
-6.70073517725276 0.806
-6.70061900079863 0.8061
-6.70051453654593 0.8062
-6.70041803880543 0.8063
-6.7003303833826 0.8064
-6.70025949319223 0.8065
-6.70020416009662 0.8066
-6.7001645919614 0.8067
-6.70015160811374 0.8068
-6.70014269165363 0.8069
-6.70015574002819 0.807
-6.7001758005203 0.8071
-6.70020420532698 0.8072
-6.70021359178231 0.8073
-6.70022794546511 0.8074
-6.70024767844453 0.8075
-6.70027025887626 0.8076
-6.70030490410016 0.8077
-6.70034715180392 0.8078
-6.70041106547594 0.8079
-6.70046952288363 0.808
-6.70052237239406 0.8081
-6.70055938381341 0.8082
-6.70059294863385 0.8083
-6.70062537271103 0.8084
-6.70066152302139 0.8085
-6.70070004229362 0.8086
-6.70073301522653 0.8087
-6.70072931271122 0.8088
-6.70072253325319 0.8089
-6.70073608852565 0.809
-6.70077562152222 0.8091
-6.70079312928284 0.8092
-6.70080788539155 0.8093
-6.7008084982125 0.8094
-6.70081204182156 0.8095
-6.70080342739792 0.8096
-6.70079429474645 0.8097
-6.70076888002639 0.8098
-6.70074969426911 0.8099
-6.7007029038482 0.81
-6.7006449203914 0.8101
-6.70059863470437 0.8102
-6.70055260713812 0.8103
-6.70053954646019 0.8104
-6.7005330324324 0.8105
-6.70052690135204 0.8106
-6.70050744403511 0.8107
-6.70046785901473 0.8108
-6.70041858706774 0.8109
-6.70037605132064 0.811
-6.7003253076923 0.8111
-6.70025633443691 0.8112
-6.70018840198313 0.8113
-6.70013435788681 0.8114
-6.70007069766678 0.8115
-6.70001618441173 0.8116
-6.69993168256456 0.8117
-6.69985229679702 0.8118
-6.69977115832474 0.8119
-6.69967537745172 0.812
-6.69956404565049 0.8121
-6.69943727678112 0.8122
-6.69931218097685 0.8123
-6.69917362498573 0.8124
-6.6990253561424 0.8125
-6.69886094853214 0.8126
-6.69867913569699 0.8127
-6.69847318449945 0.8128
-6.69823625751788 0.8129
-6.69800888585738 0.813
-6.69775218309514 0.8131
-6.69749670087149 0.8132
-6.69725961073001 0.8133
-6.69700773762076 0.8134
-6.69674121480741 0.8135
-6.69648320530021 0.8136
-6.69623557771135 0.8137
-6.69597948794104 0.8138
-6.6957288552678 0.8139
-6.69547583931644 0.814
-6.69522834640941 0.8141
-6.6949582348572 0.8142
-6.69467820606716 0.8143
-6.69439265481487 0.8144
-6.6941093787887 0.8145
-6.69385090511198 0.8146
-6.69361944822471 0.8147
-6.69340728206179 0.8148
-6.69322565745339 0.8149
-6.69306118665007 0.815
-6.69288717111314 0.8151
-6.69271158131155 0.8152
-6.69253064520124 0.8153
-6.69238778477702 0.8154
-6.69227392211552 0.8155
-6.69215530135092 0.8156
-6.69205872010062 0.8157
-6.69195723945201 0.8158
-6.69184408693568 0.8159
-6.69175230543081 0.816
-6.69166305091261 0.8161
-6.69160264592925 0.8162
-6.69155272677105 0.8163
-6.69150643187675 0.8164
-6.69147444452766 0.8165
-6.69143170167945 0.8166
-6.69139103381854 0.8167
-6.69136907489181 0.8168
-6.69133634055243 0.8169
-6.6913220906165 0.817
-6.69131813579117 0.8171
-6.69130256307048 0.8172
-6.69126895448379 0.8173
-6.69123280780357 0.8174
-6.69118691516718 0.8175
-6.69115549890154 0.8176
-6.69109457909051 0.8177
-6.69106211747321 0.8178
-6.69100657239164 0.8179
-6.69097796723532 0.818
-6.69095292804087 0.8181
-6.6909423194231 0.8182
-6.69094004671342 0.8183
-6.69091324426323 0.8184
-6.69091287046695 0.8185
-6.69091320735096 0.8186
-6.6908998167349 0.8187
-6.69088213319743 0.8188
-6.69086587434923 0.8189
-6.69083006116141 0.819
-6.69075873421737 0.8191
-6.69068205837144 0.8192
-6.69057596307558 0.8193
-6.69046024496813 0.8194
-6.69037434396677 0.8195
-6.69025976860482 0.8196
-6.69015138612592 0.8197
-6.69003458783667 0.8198
-6.68987726023613 0.8199
-6.68970472264905 0.82
-6.68952656349678 0.8201
-6.6893428484336 0.8202
-6.68915164482123 0.8203
-6.68897062277939 0.8204
-6.68880553161645 0.8205
-6.68864888060299 0.8206
-6.68849480580988 0.8207
-6.68834520004441 0.8208
-6.68823457810699 0.8209
-6.68814049185214 0.821
-6.68805531876452 0.8211
-6.68796650428573 0.8212
-6.68788359483617 0.8213
-6.68781400040098 0.8214
-6.68775217829779 0.8215
-6.68773687010767 0.8216
-6.68774561934909 0.8217
-6.68778571355224 0.8218
-6.68782743046138 0.8219
-6.68785364979382 0.822
-6.68786582922462 0.8221
-6.68788657785389 0.8222
-6.68790226796388 0.8223
-6.68789024508778 0.8224
-6.68787677469134 0.8225
-6.68785676252327 0.8226
-6.68782491165237 0.8227
-6.68779241732648 0.8228
-6.68773917687279 0.8229
-6.6876757581141 0.823
-6.68763588955102 0.8231
-6.6876051674571 0.8232
-6.68756207598571 0.8233
-6.68751159889037 0.8234
-6.68746527723913 0.8235
-6.68741449885943 0.8236
-6.68735252416101 0.8237
-6.68727524789314 0.8238
-6.68717188248827 0.8239
-6.68705784844842 0.824
-6.68694511263582 0.8241
-6.68682846490908 0.8242
-6.68672379452018 0.8243
-6.68663212001899 0.8244
-6.68655001271218 0.8245
-6.68647862440567 0.8246
-6.68640429265099 0.8247
-6.68634520916213 0.8248
-6.68629545911835 0.8249
-6.686266935892 0.825
-6.68625306879124 0.8251
-6.68625695849194 0.8252
-6.68627552980769 0.8253
-6.68630851152339 0.8254
-6.68636953516654 0.8255
-6.6864400605899 0.8256
-6.68651433706023 0.8257
-6.68659737950184 0.8258
-6.68667265825523 0.8259
-6.68676318898736 0.826
-6.68685275169129 0.8261
-6.68695731569278 0.8262
-6.68703777452149 0.8263
-6.68708245506831 0.8264
-6.68709766466983 0.8265
-6.68711071127066 0.8266
-6.68713357968486 0.8267
-6.68715651179477 0.8268
-6.68718161231015 0.8269
-6.68719360430558 0.827
-6.68718772086581 0.8271
-6.68716873801618 0.8272
-6.68714010855243 0.8273
-6.68709260628049 0.8274
-6.68702668935869 0.8275
-6.68696470838461 0.8276
-6.68692205593897 0.8277
-6.68689400005129 0.8278
-6.6868879932858 0.8279
-6.68687905745021 0.828
-6.68686077302951 0.8281
-6.6868721222805 0.8282
-6.68689457580889 0.8283
-6.6869111651588 0.8284
-6.68692868187176 0.8285
-6.68692943998528 0.8286
-6.68695692375711 0.8287
-6.6869708293058 0.8288
-6.68698465448231 0.8289
-6.68699867077946 0.829
-6.68699624412936 0.8291
-6.6869851007796 0.8292
-6.68697352974614 0.8293
-6.68697243818712 0.8294
-6.68696705443738 0.8295
-6.6869572705448 0.8296
-6.68692250230886 0.8297
-6.68687209314194 0.8298
-6.68678363130479 0.8299
-6.68667125319163 0.83
-6.68655650854044 0.8301
-6.68641944475547 0.8302
-6.68627785868561 0.8303
-6.68614596268213 0.8304
-6.68602223006878 0.8305
-6.68589021924887 0.8306
-6.68574654670312 0.8307
-6.6855837702047 0.8308
-6.68540026407814 0.8309
-6.68520703496572 0.831
-6.68500621112229 0.8311
-6.68481088513657 0.8312
-6.68460979152392 0.8313
-6.68439258134243 0.8314
-6.68414885713183 0.8315
-6.6839027970209 0.8316
-6.68363893855276 0.8317
-6.68338755590407 0.8318
-6.68316390768114 0.8319
-6.68294673004719 0.832
-6.68277976537509 0.8321
-6.68262622764142 0.8322
-6.68249581720966 0.8323
-6.68239284272157 0.8324
-6.68231229023307 0.8325
-6.68223819487218 0.8326
-6.68214354596214 0.8327
-6.68206303710099 0.8328
-6.68196520344281 0.8329
-6.68187930150158 0.833
-6.68179850616572 0.8331
-6.6817532847757 0.8332
-6.68172621122249 0.8333
-6.68168187385771 0.8334
-6.68163645272158 0.8335
-6.68157211677762 0.8336
-6.68150390308127 0.8337
-6.68143073877879 0.8338
-6.68135343001979 0.8339
-6.68129747355229 0.834
-6.6812670136224 0.8341
-6.6812327861624 0.8342
-6.68122009552896 0.8343
-6.68122467704071 0.8344
-6.68122046964576 0.8345
-6.68121784160566 0.8346
-6.6812146870983 0.8347
-6.68120020335928 0.8348
-6.68119021463326 0.8349
-6.68119012432269 0.835
-6.68120449917883 0.8351
-6.68121570928012 0.8352
-6.68123364198925 0.8353
-6.68124582372451 0.8354
-6.68123562218082 0.8355
-6.68124456425958 0.8356
-6.68126803942182 0.8357
-6.68130326946106 0.8358
-6.68132171258565 0.8359
-6.68135215897874 0.836
-6.681380521165 0.8361
-6.68141196921 0.8362
-6.68145095134096 0.8363
-6.68145541267453 0.8364
-6.68145878608995 0.8365
-6.68143393061474 0.8366
-6.68138944046968 0.8367
-6.68134908748253 0.8368
-6.68131014271569 0.8369
-6.68125178132244 0.837
-6.68119438689069 0.8371
-6.68112384115887 0.8372
-6.68103531633458 0.8373
-6.68094365713414 0.8374
-6.68087240175182 0.8375
-6.68077027564788 0.8376
-6.68065578640147 0.8377
-6.68056323583302 0.8378
-6.68045737357867 0.8379
-6.68032358224705 0.838
-6.68017166903673 0.8381
-6.68001473605401 0.8382
-6.67986059543212 0.8383
-6.67971857051382 0.8384
-6.67956985345235 0.8385
-6.67943251923152 0.8386
-6.67932153043558 0.8387
-6.67921420384322 0.8388
-6.67911286692529 0.8389
-6.6790567331289 0.839
-6.67902731984537 0.8391
-6.67899104901986 0.8392
-6.67897767025739 0.8393
-6.67899274461538 0.8394
-6.67902883176417 0.8395
-6.6791327560771 0.8396
-6.67924832737496 0.8397
-6.67935987201256 0.8398
-6.67950320950474 0.8399
-6.67966306818192 0.84
-6.67983987630429 0.8401
-6.67997797797073 0.8402
-6.68011251645723 0.8403
-6.68023675417709 0.8404
-6.68034103132975 0.8405
-6.68041424670423 0.8406
-6.68047189600484 0.8407
-6.68052310039494 0.8408
-6.6805652676062 0.8409
-6.68060701887185 0.841
-6.68062312490659 0.8411
-6.68060516673342 0.8412
-6.68058268765094 0.8413
-6.68053316422804 0.8414
-6.68044751190833 0.8415
-6.68034371442255 0.8416
-6.68021813276988 0.8417
-6.68010221689478 0.8418
-6.67996324482238 0.8419
-6.67981369749448 0.842
-6.67966658487066 0.8421
-6.67950028004673 0.8422
-6.67931626079412 0.8423
-6.679130071835 0.8424
-6.67894276692535 0.8425
-6.67875980526099 0.8426
-6.6785735915324 0.8427
-6.67837230252423 0.8428
-6.67817283771359 0.8429
-6.67798149892563 0.843
-6.67781170471195 0.8431
-6.67765691242195 0.8432
-6.67751269460513 0.8433
-6.67739294180213 0.8434
-6.67729477300234 0.8435
-6.67721793479828 0.8436
-6.67715398305021 0.8437
-6.67708499712874 0.8438
-6.67704245186089 0.8439
-6.67700766181887 0.844
-6.67696806583045 0.8441
-6.67693975205794 0.8442
-6.67689231929564 0.8443
-6.67682980039564 0.8444
-6.6767794490714 0.8445
-6.67668963787778 0.8446
-6.67659906056455 0.8447
-6.67651878075347 0.8448
-6.67642613176473 0.8449
-6.67632801140387 0.845
-6.67623478892925 0.8451
-6.67614239765475 0.8452
-6.67606926228725 0.8453
-6.67600976790842 0.8454
-6.67596854176354 0.8455
-6.67590993204569 0.8456
-6.67584296397064 0.8457
-6.67580301454209 0.8458
-6.67575059454398 0.8459
-6.67567712649556 0.846
-6.67559815990749 0.8461
-6.67551445543117 0.8462
-6.67543338419259 0.8463
-6.67533811378474 0.8464
-6.67522033468954 0.8465
-6.67509667002068 0.8466
-6.67497492136553 0.8467
-6.67484373381968 0.8468
-6.67471837151362 0.8469
-6.674599609881 0.847
-6.6744796727686 0.8471
-6.67436994579716 0.8472
-6.67428944832402 0.8473
-6.6742003853029 0.8474
-6.67413509347978 0.8475
-6.67408517765118 0.8476
-6.67405816822446 0.8477
-6.67403119392915 0.8478
-6.67400555612153 0.8479
-6.67399808097446 0.848
-6.67399759731814 0.8481
-6.67401116070377 0.8482
-6.67401501004634 0.8483
-6.67398791500001 0.8484
-6.67394958839119 0.8485
-6.67390271796297 0.8486
-6.67384347845664 0.8487
-6.67376849745996 0.8488
-6.67368205431777 0.8489
-6.67355653349889 0.849
-6.67342160338403 0.8491
-6.67327795758521 0.8492
-6.67313648997829 0.8493
-6.67299698068557 0.8494
-6.67286486752116 0.8495
-6.67274733349064 0.8496
-6.67264992702705 0.8497
-6.6725358534231 0.8498
-6.6724187534614 0.8499
-6.67231052175747 0.85
-6.672188878742 0.8501
-6.67210311467865 0.8502
-6.67204788298323 0.8503
-6.67200512619982 0.8504
-6.67197565706546 0.8505
-6.67199372597752 0.8506
-6.67204063149979 0.8507
-6.67211313215612 0.8508
-6.67218587382231 0.8509
-6.67224521817815 0.851
-6.67229440994273 0.8511
-6.67232309138918 0.8512
-6.67233594853713 0.8513
-6.67235738283325 0.8514
-6.67238188066317 0.8515
-6.67240269050338 0.8516
-6.67241878456029 0.8517
-6.67243564578139 0.8518
-6.67246163244684 0.8519
-6.67248638428705 0.852
-6.67251657195722 0.8521
-6.67253885669856 0.8522
-6.6725814686019 0.8523
-6.67261233793495 0.8524
-6.67265432536337 0.8525
-6.67268980846218 0.8526
-6.67273227257331 0.8527
-6.67278970068069 0.8528
-6.67285683119749 0.8529
-6.67290180422846 0.853
-6.67295603272996 0.8531
-6.67300776232536 0.8532
-6.67304695280592 0.8533
-6.6731104659878 0.8534
-6.67318531568925 0.8535
-6.6732573853871 0.8536
-6.67332509266408 0.8537
-6.67340256573749 0.8538
-6.67341741530292 0.8539
-6.67339726038304 0.854
-6.67335379318494 0.8541
-6.67330204080631 0.8542
-6.67324994956843 0.8543
-6.67320157281129 0.8544
-6.67314095312512 0.8545
-6.6730599202317 0.8546
-6.67296744589089 0.8547
-6.67290186416449 0.8548
-6.67280687134444 0.8549
-6.67273201137268 0.855
-6.67263959362062 0.8551
-6.67256058063409 0.8552
-6.67248420949165 0.8553
-6.67240704482829 0.8554
-6.67235564252089 0.8555
-6.67231838052718 0.8556
-6.67226770028766 0.8557
-6.67223105662833 0.8558
-6.67221639862305 0.8559
-6.67220869366901 0.856
-6.67221965552325 0.8561
-6.67225724504088 0.8562
-6.67229053844443 0.8563
-6.67230450988695 0.8564
-6.67231451118406 0.8565
-6.67231697010894 0.8566
-6.67231300856591 0.8567
-6.67230759494545 0.8568
-6.67231094568576 0.8569
-6.67231671806094 0.857
-6.67233354480556 0.8571
-6.67233990807721 0.8572
-6.67231818345136 0.8573
-6.67230751244203 0.8574
-6.67228170667752 0.8575
-6.67225148715653 0.8576
-6.6721886741153 0.8577
-6.67215521820452 0.8578
-6.6720981030918 0.8579
-6.6720495830659 0.858
-6.67202608087864 0.8581
-6.67203022269108 0.8582
-6.67201709339558 0.8583
-6.67197358383855 0.8584
-6.67193774877399 0.8585
-6.67191674234742 0.8586
-6.67191376692324 0.8587
-6.67194592558684 0.8588
-6.67198306943956 0.8589
-6.67203032584161 0.859
-6.67208371879655 0.8591
-6.67213540744767 0.8592
-6.67219593270117 0.8593
-6.67224392579076 0.8594
-6.67231666485894 0.8595
-6.67240103420518 0.8596
-6.67246795625783 0.8597
-6.67255674370271 0.8598
-6.67265689535988 0.8599
-6.67274300781635 0.86
-6.67284290365812 0.8601
-6.67290823034086 0.8602
-6.67295938793679 0.8603
-6.67299113430363 0.8604
-6.67301221988503 0.8605
-6.67302394134102 0.8606
-6.67303789099856 0.8607
-6.67302213742374 0.8608
-6.67300286220291 0.8609
-6.67297282561069 0.861
-6.67294259623817 0.8611
-6.67287931365617 0.8612
-6.67281335177073 0.8613
-6.67272697739473 0.8614
-6.67261361710941 0.8615
-6.67249424734545 0.8616
-6.67237742479104 0.8617
-6.67227695152717 0.8618
-6.67217370254191 0.8619
-6.6720887582894 0.862
-6.67197713060491 0.8621
-6.67185888936308 0.8622
-6.67172932267368 0.8623
-6.67160246802625 0.8624
-6.67147700539395 0.8625
-6.67139221244906 0.8626
-6.67129044203292 0.8627
-6.67122330052449 0.8628
-6.67115747783504 0.8629
-6.67109361881947 0.863
-6.67106828276221 0.8631
-6.67106365666259 0.8632
-6.67107468255518 0.8633
-6.67109227063967 0.8634
-6.67110390553027 0.8635
-6.67110719291387 0.8636
-6.67110981839987 0.8637
-6.67112305479235 0.8638
-6.67112297385118 0.8639
-6.67111401942412 0.864
-6.67110476770511 0.8641
-6.6710743633935 0.8642
-6.67104541944285 0.8643
-6.67102150481983 0.8644
-6.67096584900526 0.8645
-6.67091877182673 0.8646
-6.67087919254411 0.8647
-6.67081449338687 0.8648
-6.67070296042113 0.8649
-6.67058233540483 0.865
-6.6704132733086 0.8651
-6.67022548037771 0.8652
-6.67002738067846 0.8653
-6.66982272543336 0.8654
-6.66961396922302 0.8655
-6.66940157801812 0.8656
-6.66918448527929 0.8657
-6.66895967179204 0.8658
-6.66872525226906 0.8659
-6.66845189720425 0.866
-6.66816139022256 0.8661
-6.6678663293663 0.8662
-6.66754127304065 0.8663
-6.66721707555245 0.8664
-6.6668814639522 0.8665
-6.66653049397961 0.8666
-6.66617922089018 0.8667
-6.66585681963682 0.8668
-6.66556695424269 0.8669
-6.66529048824163 0.867
-6.66502375271668 0.8671
-6.66478234374884 0.8672
-6.66454340574239 0.8673
-6.66428633029243 0.8674
-6.6640506193106 0.8675
-6.66385747577166 0.8676
-6.66369178954612 0.8677
-6.66353954438724 0.8678
-6.66339381718531 0.8679
-6.66326009674662 0.868
-6.66313540893675 0.8681
-6.66304016635803 0.8682
-6.66299298571901 0.8683
-6.6629430445833 0.8684
-6.66291575730403 0.8685
-6.66291624487678 0.8686
-6.66293888668795 0.8687
-6.66295494482187 0.8688
-6.66299005208109 0.8689
-6.66304348486017 0.869
-6.66310159531163 0.8691
-6.66314137717771 0.8692
-6.66317857267618 0.8693
-6.66320348833942 0.8694
-6.66319265231313 0.8695
-6.66317267562618 0.8696
-6.66315710311762 0.8697
-6.66311623480109 0.8698
-6.66306534516027 0.8699
-6.66302407207359 0.87
-6.66298865722052 0.8701
-6.66290710644082 0.8702
-6.66278709202385 0.8703
-6.66266497797434 0.8704
-6.66255355021448 0.8705
-6.66243900541035 0.8706
-6.66229797497003 0.8707
-6.66216248729333 0.8708
-6.66199939314809 0.8709
-6.66183275878225 0.871
-6.66168515483548 0.8711
-6.66154684076811 0.8712
-6.66143431286288 0.8713
-6.66132560940327 0.8714
-6.66121673165305 0.8715
-6.66112207911102 0.8716
-6.66103893821338 0.8717
-6.66096065479995 0.8718
-6.6608968669666 0.8719
-6.66084428930439 0.872
-6.66080240834622 0.8721
-6.66077151638772 0.8722
-6.66076226755089 0.8723
-6.6607524656378 0.8724
-6.66073797800672 0.8725
-6.660740628856 0.8726
-6.66076606707896 0.8727
-6.66077584138014 0.8728
-6.6607797884312 0.8729
-6.66077722651242 0.873
-6.6607470146156 0.8731
-6.66069373251747 0.8732
-6.66062691171634 0.8733
-6.6605536988106 0.8734
-6.66045426160171 0.8735
-6.66035895125357 0.8736
-6.66028823108288 0.8737
-6.66022279917073 0.8738
-6.66016870606593 0.8739
-6.6601291682971 0.874
-6.66009505170486 0.8741
-6.6600616562607 0.8742
-6.66002300861831 0.8743
-6.6599652245189 0.8744
-6.65991867286816 0.8745
-6.65988603015463 0.8746
-6.65987517346465 0.8747
-6.65987914660359 0.8748
-6.6598751624504 0.8749
-6.65986507467545 0.875
-6.65986881188495 0.8751
-6.65988854435522 0.8752
-6.65991375804792 0.8753
-6.65993357857924 0.8754
-6.65994786999155 0.8755
-6.65993795066952 0.8756
-6.65992682071436 0.8757
-6.6598932340566 0.8758
-6.65986403175899 0.8759
-6.65984120142158 0.876
-6.65981487289389 0.8761
-6.65978665911388 0.8762
-6.65973458068577 0.8763
-6.65969435293417 0.8764
-6.6596495314557 0.8765
-6.65961221027221 0.8766
-6.65960766116508 0.8767
-6.65959127398245 0.8768
-6.65958594327399 0.8769
-6.65959602597405 0.877
-6.6595864699541 0.8771
-6.65957984833729 0.8772
-6.65953503776147 0.8773
-6.65949681961939 0.8774
-6.65942888509186 0.8775
-6.65934890711905 0.8776
-6.65927920360577 0.8777
-6.65917094846527 0.8778
-6.65904898580424 0.8779
-6.6589114599313 0.878
-6.65877887793602 0.8781
-6.65864050576979 0.8782
-6.65850532637287 0.8783
-6.6583690211623 0.8784
-6.65820288278917 0.8785
-6.65799619350133 0.8786
-6.65780514534986 0.8787
-6.65760015510522 0.8788
-6.65739908462279 0.8789
-6.65720906108393 0.879
-6.65703181525534 0.8791
-6.65684041631913 0.8792
-6.65665872244748 0.8793
-6.65648304042976 0.8794
-6.65631518077358 0.8795
-6.6561701150271 0.8796
-6.65603725997507 0.8797
-6.65592742527022 0.8798
-6.65584131592501 0.8799
-6.65575295704759 0.88
-6.65566572518749 0.8801
-6.65561802391777 0.8802
-6.655617537361 0.8803
-6.65562172126823 0.8804
-6.65566059988054 0.8805
-6.65570396779058 0.8806
-6.65575410899654 0.8807
-6.65580527795747 0.8808
-6.65584745372051 0.8809
-6.65586790703544 0.881
-6.65591296343543 0.8811
-6.6559641249438 0.8812
-6.65598980427138 0.8813
-6.65601346322764 0.8814
-6.65604864956917 0.8815
-6.65612334730524 0.8816
-6.65623894309983 0.8817
-6.65635138530511 0.8818
-6.65644044243298 0.8819
-6.65651234641807 0.882
-6.65657776008293 0.8821
-6.6566379559605 0.8822
-6.65666905272937 0.8823
-6.65669685605387 0.8824
-6.6566966239575 0.8825
-6.65665753223916 0.8826
-6.65659651190926 0.8827
-6.65653020027281 0.8828
-6.65644253670816 0.8829
-6.65633403067191 0.883
-6.65621990649739 0.8831
-6.65607837542977 0.8832
-6.65590652269001 0.8833
-6.65570870766889 0.8834
-6.65550573648183 0.8835
-6.65529960949102 0.8836
-6.65511559426586 0.8837
-6.65490220091363 0.8838
-6.65466842257852 0.8839
-6.65443743981104 0.884
-6.65422823451008 0.8841
-6.65404142470423 0.8842
-6.65385987627693 0.8843
-6.65366715112048 0.8844
-6.65348053860537 0.8845
-6.65333919655954 0.8846
-6.65314988625094 0.8847
-6.65296718919258 0.8848
-6.6527844304941 0.8849
-6.65260211369368 0.885
-6.65240646051204 0.8851
-6.65223594719093 0.8852
-6.6520751880468 0.8853
-6.65192643389978 0.8854
-6.65180083272141 0.8855
-6.65169752574829 0.8856
-6.65160429357215 0.8857
-6.65147907976524 0.8858
-6.65132537833109 0.8859
-6.65116527872262 0.886
-6.65101914936423 0.8861
-6.65086446113081 0.8862
-6.65069947371632 0.8863
-6.65051334084718 0.8864
-6.65035480837132 0.8865
-6.65022280438951 0.8866
-6.65010738999812 0.8867
-6.64997558100798 0.8868
-6.64984146531485 0.8869
-6.64970166704865 0.887
-6.64958585559821 0.8871
-6.64947164615443 0.8872
-6.64932654910898 0.8873
-6.64918228899272 0.8874
-6.64900139294768 0.8875
-6.64883399182069 0.8876
-6.64865343337771 0.8877
-6.64846591302041 0.8878
-6.64826616503121 0.8879
-6.64806020799975 0.888
-6.64787069802112 0.8881
-6.64768558684545 0.8882
-6.64753185655587 0.8883
-6.64740803629337 0.8884
-6.64730509682196 0.8885
-6.6472216041543 0.8886
-6.6471278527959 0.8887
-6.64706248735422 0.8888
-6.64697115139604 0.8889
-6.64686768001938 0.889
-6.64674701262853 0.8891
-6.64666727341128 0.8892
-6.64662221526069 0.8893
-6.64659711246084 0.8894
-6.64658318385621 0.8895
-6.64659835574117 0.8896
-6.64659664913686 0.8897
-6.64659699101674 0.8898
-6.64657686936089 0.8899
-6.64655680859993 0.89
-6.64653810395439 0.8901
-6.64652743786988 0.8902
-6.6465135695346 0.8903
-6.64653443775296 0.8904
-6.64656484571594 0.8905
-6.64661360144897 0.8906
-6.64668134957624 0.8907
-6.64677703896285 0.8908
-6.64689715316963 0.8909
-6.64702887966054 0.891
-6.64713134809749 0.8911
-6.64722860282059 0.8912
-6.64734364006192 0.8913
-6.64745241416598 0.8914
-6.64756901130423 0.8915
-6.64771004630172 0.8916
-6.64784067061978 0.8917
-6.64794664015056 0.8918
-6.6480561489547 0.8919
-6.64816275373484 0.892
-6.64827212102102 0.8921
-6.64838693173121 0.8922
-6.64850630940787 0.8923
-6.64864490109876 0.8924
-6.64876682775907 0.8925
-6.64887894067589 0.8926
-6.64895331516466 0.8927
-6.64899324291282 0.8928
-6.64899026708094 0.8929
-6.64893460850669 0.893
-6.64885722218886 0.8931
-6.6487536581205 0.8932
-6.64861536990229 0.8933
-6.64847579576451 0.8934
-6.64829801946481 0.8935
-6.64811202996452 0.8936
-6.64791388748765 0.8937
-6.64771096764935 0.8938
-6.64750005402865 0.8939
-6.64726437016799 0.894
-6.64704610573676 0.8941
-6.6468255996194 0.8942
-6.64658709689001 0.8943
-6.64637384412034 0.8944
-6.64617071638504 0.8945
-6.64594223534794 0.8946
-6.64573809906895 0.8947
-6.64550481936986 0.8948
-6.64527317514822 0.8949
-6.64505529679588 0.895
-6.64484204903942 0.8951
-6.6446615710899 0.8952
-6.64447176137056 0.8953
-6.64427525182668 0.8954
-6.64409088367813 0.8955
-6.64392277006927 0.8956
-6.64376696113262 0.8957
-6.64363655335784 0.8958
-6.64352815251688 0.8959
-6.64345120266462 0.896
-6.64340378277312 0.8961
-6.64337683429699 0.8962
-6.64334614807258 0.8963
-6.64332533659074 0.8964
-6.64331691274191 0.8965
-6.64329454782808 0.8966
-6.64329077458351 0.8967
-6.64327487848789 0.8968
-6.64324103374338 0.8969
-6.64321500683079 0.897
-6.64320173206697 0.8971
-6.64324157018115 0.8972
-6.64326930525078 0.8973
-6.64329049635333 0.8974
-6.64332314952545 0.8975
-6.64336076844683 0.8976
-6.6433805342731 0.8977
-6.64340224408518 0.8978
-6.643420312255 0.8979
-6.64342044680044 0.898
-6.64339848851171 0.8981
-6.64338515253756 0.8982
-6.64338267746833 0.8983
-6.64336908001032 0.8984
-6.64334081956558 0.8985
-6.6433067709436 0.8986
-6.64326295130128 0.8987
-6.64318176713842 0.8988
-6.6431164440035 0.8989
-6.64302994509969 0.899
-6.64294706048249 0.8991
-6.64286953259054 0.8992
-6.64280953813236 0.8993
-6.64277439955362 0.8994
-6.64273566943534 0.8995
-6.64269935181883 0.8996
-6.64269870840968 0.8997
-6.64270553768289 0.8998
-6.64271174138961 0.8999
-6.64273010729995 0.9
-6.64276372326816 0.9001
-6.642804013001 0.9002
-6.64283099588605 0.9003
-6.64289004190669 0.9004
-6.64297842795068 0.9005
-6.64307691568177 0.9006
-6.6432196891172 0.9007
-6.6433577295893 0.9008
-6.64350993204112 0.9009
-6.6436645739106 0.901
-6.64383560812229 0.9011
-6.6440170472318 0.9012
-6.6441975896536 0.9013
-6.64440772839322 0.9014
-6.64463561767428 0.9015
-6.64488912143677 0.9016
-6.64513268780118 0.9017
-6.64536702208635 0.9018
-6.64560173740811 0.9019
-6.64581284291634 0.902
-6.6460289731795 0.9021
-6.64622232904126 0.9022
-6.64639366394806 0.9023
-6.64655264768402 0.9024
-6.64669398951665 0.9025
-6.64682776395975 0.9026
-6.64692592250254 0.9027
-6.6469814253169 0.9028
-6.6470399958304 0.9029
-6.64709844935405 0.903
-6.64713911183449 0.9031
-6.64717523033352 0.9032
-6.64722090464533 0.9033
-6.64726482358267 0.9034
-6.64731084255732 0.9035
-6.64733815997273 0.9036
-6.64736239639423 0.9037
-6.6473501100615 0.9038
-6.64734161729231 0.9039
-6.6473344913935 0.904
-6.64732862400101 0.9041
-6.64731270247239 0.9042
-6.64732672029018 0.9043
-6.64735890012735 0.9044
-6.64738713290154 0.9045
-6.6474397918925 0.9046
-6.64748607336942 0.9047
-6.64756013277442 0.9048
-6.64763962755227 0.9049
-6.64773070748101 0.905
-6.64786335526751 0.9051
-6.6479990618918 0.9052
-6.64811157295864 0.9053
-6.64819172769953 0.9054
-6.64825747392553 0.9055
-6.64828396986007 0.9056
-6.64827721748993 0.9057
-6.64826408125359 0.9058
-6.6482393497945 0.9059
-6.64819286810079 0.906
-6.64812780242839 0.9061
-6.64803951479863 0.9062
-6.64793816142477 0.9063
-6.64781873609595 0.9064
-6.64766967185619 0.9065
-6.64749148888455 0.9066
-6.6472851807378 0.9067
-6.64709328863226 0.9068
-6.64690340496491 0.9069
-6.64672546041562 0.907
-6.64654045352551 0.9071
-6.64636488035521 0.9072
-6.64620652515698 0.9073
-6.64601696353304 0.9074
-6.64583076116166 0.9075
-6.64565316273154 0.9076
-6.64544636955476 0.9077
-6.64522784604157 0.9078
-6.64501095269327 0.9079
-6.64479741993004 0.908
-6.64460966549693 0.9081
-6.64440319329237 0.9082
-6.64420178199636 0.9083
-6.64400069822092 0.9084
-6.64380692019617 0.9085
-6.6435984173284 0.9086
-6.64340550372449 0.9087
-6.64321201968233 0.9088
-6.643051145489 0.9089
-6.64291667085305 0.909
-6.64280717046594 0.9091
-6.64271288850291 0.9092
-6.64261405164233 0.9093
-6.64252546875187 0.9094
-6.64240625606078 0.9095
-6.64230867468348 0.9096
-6.64222757147202 0.9097
-6.64216002065148 0.9098
-6.64211543532269 0.9099
-6.64202503502859 0.91
-6.64192867418205 0.9101
-6.64180580835205 0.9102
-6.64166678990382 0.9103
-6.64152585070803 0.9104
-6.64141535595355 0.9105
-6.64133332290707 0.9106
-6.64126296817383 0.9107
-6.6412036604462 0.9108
-6.64114742873376 0.9109
-6.64112340797435 0.911
-6.64114723381804 0.9111
-6.64116023870127 0.9112
-6.64115239953606 0.9113
-6.64114852070877 0.9114
-6.64113928102294 0.9115
-6.6411505859819 0.9116
-6.64116927550924 0.9117
-6.64116786534025 0.9118
-6.64120423799373 0.9119
-6.64125673868817 0.912
-6.64132662288758 0.9121
-6.64140692642067 0.9122
-6.64148793727904 0.9123
-6.6415487694651 0.9124
-6.6415731172388 0.9125
-6.64159855228083 0.9126
-6.64163593954917 0.9127
-6.64164611798034 0.9128
-6.64165975357278 0.9129
-6.64166084625719 0.913
-6.64163759322561 0.9131
-6.6416036461246 0.9132
-6.64155795063562 0.9133
-6.64149556196794 0.9134
-6.64143963898832 0.9135
-6.64134279385038 0.9136
-6.6412462901662 0.9137
-6.64115992837125 0.9138
-6.64105295899364 0.9139
-6.64094759478612 0.914
-6.6408567858856 0.9141
-6.64073872499164 0.9142
-6.64060428939868 0.9143
-6.64045857047054 0.9144
-6.64032948365715 0.9145
-6.64015275832081 0.9146
-6.63994774918398 0.9147
-6.63974501102098 0.9148
-6.63954254959456 0.9149
-6.63932730610142 0.915
-6.63909644773899 0.9151
-6.63884606298275 0.9152
-6.63861504143236 0.9153
-6.63837318826347 0.9154
-6.63815590708677 0.9155
-6.63792045498626 0.9156
-6.63768297233131 0.9157
-6.63744411331413 0.9158
-6.63719190539962 0.9159
-6.63696626487426 0.916
-6.63672087767338 0.9161
-6.63650384383153 0.9162
-6.63630375986381 0.9163
-6.6361024565015 0.9164
-6.63590541040103 0.9165
-6.63571351031003 0.9166
-6.63555556202133 0.9167
-6.63539204529196 0.9168
-6.63523055513328 0.9169
-6.63506390819489 0.917
-6.63490148120941 0.9171
-6.63471486261675 0.9172
-6.63454873400903 0.9173
-6.63440420845693 0.9174
-6.63428455103412 0.9175
-6.63417339173445 0.9176
-6.63405885981041 0.9177
-6.633971006375 0.9178
-6.63390893140809 0.9179
-6.63387036914997 0.918
-6.63383701926753 0.9181
-6.63378644961668 0.9182
-6.63373391880802 0.9183
-6.633721548615 0.9184
-6.63372708447517 0.9185
-6.63375880591066 0.9186
-6.63378831267678 0.9187
-6.63384389418261 0.9188
-6.63391778154884 0.9189
-6.63399008813751 0.919
-6.63404634208891 0.9191
-6.63409265656191 0.9192
-6.63415901276318 0.9193
-6.63420765194988 0.9194
-6.63428765032967 0.9195
-6.63436281249422 0.9196
-6.6344280862474 0.9197
-6.63449944567849 0.9198
-6.63454754743468 0.9199
-6.63458835262041 0.92
-6.63462873262478 0.9201
-6.63465379793339 0.9202
-6.63469408947652 0.9203
-6.63470410893937 0.9204
-6.63471773321098 0.9205
-6.63471725291807 0.9206
-6.63472336740629 0.9207
-6.63470864371668 0.9208
-6.63467965548832 0.9209
-6.63465675504946 0.921
-6.63465663516223 0.9211
-6.6346472992103 0.9212
-6.63464545443452 0.9213
-6.63464465369506 0.9214
-6.63464237354818 0.9215
-6.63463842368582 0.9216
-6.63463713606209 0.9217
-6.6346160254266 0.9218
-6.63457358283638 0.9219
-6.63452800930532 0.922
-6.63449150027836 0.9221
-6.6344283017883 0.9222
-6.63438006398218 0.9223
-6.63435205371221 0.9224
-6.63428546107111 0.9225
-6.63419617363412 0.9226
-6.63415000489313 0.9227
-6.63411263536333 0.9228
-6.63402796044646 0.9229
-6.6339359648316 0.923
-6.63384575758306 0.9231
-6.63376349280376 0.9232
-6.63371120857452 0.9233
-6.63364772529919 0.9234
-6.63359250203522 0.9235
-6.63358059295721 0.9236
-6.63359491212949 0.9237
-6.63361626315518 0.9238
-6.63365135672028 0.9239
-6.63367521265139 0.924
-6.63370974036624 0.9241
-6.63374741187846 0.9242
-6.63377888692712 0.9243
-6.63377973966528 0.9244
-6.63378945064284 0.9245
-6.6338090912502 0.9246
-6.63382861113503 0.9247
-6.63386895774686 0.9248
-6.63391107848196 0.9249
-6.63397660344986 0.925
-6.63401982028496 0.9251
-6.63408578635549 0.9252
-6.63417598761538 0.9253
-6.63429032287004 0.9254
-6.63440196223697 0.9255
-6.63449123726526 0.9256
-6.63457357595324 0.9257
-6.63466278133184 0.9258
-6.63476109577703 0.9259
-6.63487898817062 0.926
-6.63498597710764 0.9261
-6.63508338306089 0.9262
-6.63520191545275 0.9263
-6.63533843617654 0.9264
-6.63546831638961 0.9265
-6.63558646171589 0.9266
-6.63574619543046 0.9267
-6.63588988427318 0.9268
-6.63599443836095 0.9269
-6.6360913368421 0.927
-6.63617293229503 0.9271
-6.63622246087027 0.9272
-6.63625464577874 0.9273
-6.63624611825421 0.9274
-6.63621421793879 0.9275
-6.63616721222476 0.9276
-6.63609423440588 0.9277
-6.6359709392645 0.9278
-6.63583744127147 0.9279
-6.63567492696969 0.928
-6.63547502855079 0.9281
-6.63524261884286 0.9282
-6.63500179397125 0.9283
-6.63474181926556 0.9284
-6.63448801433272 0.9285
-6.63424717182156 0.9286
-6.6339793950681 0.9287
-6.63369481702641 0.9288
-6.63339817619742 0.9289
-6.63310386231675 0.929
-6.63283633811804 0.9291
-6.63254222846354 0.9292
-6.63223077828014 0.9293
-6.6319225625306 0.9294
-6.63161477416267 0.9295
-6.63129848304665 0.9296
-6.63098729711693 0.9297
-6.63068448517881 0.9298
-6.63040083392068 0.9299
-6.6301282606307 0.93
-6.6298623783283 0.9301
-6.62964642452421 0.9302
-6.62945066859122 0.9303
-6.62926431180378 0.9304
-6.62910571248031 0.9305
-6.62895020857061 0.9306
-6.62882206014746 0.9307
-6.62874979010376 0.9308
-6.62871837390732 0.9309
-6.62873059953389 0.931
-6.62872858891682 0.9311
-6.62872959192189 0.9312
-6.62873004675715 0.9313
-6.62873674395237 0.9314
-6.62874049157652 0.9315
-6.62875371535367 0.9316
-6.62875739000529 0.9317
-6.62876871123142 0.9318
-6.62877922556893 0.9319
-6.62877981046374 0.932
-6.6287781509858 0.9321
-6.62875624596061 0.9322
-6.6287036997229 0.9323
-6.62867068877436 0.9324
-6.62861065985268 0.9325
-6.62850646849526 0.9326
-6.62839071737227 0.9327
-6.62829726415569 0.9328
-6.62820132626509 0.9329
-6.62811587440411 0.933
-6.62802576171982 0.9331
-6.62793245829179 0.9332
-6.62786907627971 0.9333
-6.62780580434664 0.9334
-6.62778276027236 0.9335
-6.62776531040026 0.9336
-6.62775620966327 0.9337
-6.62776662207649 0.9338
-6.62777958097139 0.9339
-6.62779506907504 0.934
-6.62780089041549 0.9341
-6.62779944518022 0.9342
-6.62780510216806 0.9343
-6.62780997150321 0.9344
-6.62782515288638 0.9345
-6.62785517739809 0.9346
-6.6278558480976 0.9347
-6.627861284509 0.9348
-6.6278400378987 0.9349
-6.62783712003764 0.935
-6.62782708173129 0.9351
-6.62781771339403 0.9352
-6.62780148533876 0.9353
-6.62778087699388 0.9354
-6.62776118602532 0.9355
-6.6277436337487 0.9356
-6.62773635792589 0.9357
-6.62770413830541 0.9358
-6.62765903133666 0.9359
-6.62760956720543 0.936
-6.62755760372519 0.9361
-6.62751889966701 0.9362
-6.62744873138553 0.9363
-6.6273547795221 0.9364
-6.62724438090804 0.9365
-6.62712563869499 0.9366
-6.62699680968201 0.9367
-6.62686007423023 0.9368
-6.62671514468458 0.9369
-6.62654559731916 0.937
-6.62639572019616 0.9371
-6.62625351216331 0.9372
-6.6261491135255 0.9373
-6.62605481205002 0.9374
-6.62599091901053 0.9375
-6.62593547840278 0.9376
-6.62591489125602 0.9377
-6.62588978998732 0.9378
-6.62585941852432 0.9379
-6.62584291639569 0.938
-6.62587535708717 0.9381
-6.62592810913402 0.9382
-6.62599223662087 0.9383
-6.62601325852396 0.9384
-6.62602661857242 0.9385
-6.62602159054738 0.9386
-6.62603594599164 0.9387
-6.62607405613887 0.9388
-6.62612772980268 0.9389
-6.62618670487482 0.939
-6.62620711257542 0.9391
-6.62619825221846 0.9392
-6.62613435574215 0.9393
-6.6260641872826 0.9394
-6.62594577166118 0.9395
-6.62581542485129 0.9396
-6.62567655726174 0.9397
-6.62555751599815 0.9398
-6.62542624788797 0.9399
-6.62530609518701 0.94
-6.62515747853108 0.9401
-6.62500799056161 0.9402
-6.62483879634478 0.9403
-6.62466047907897 0.9404
-6.62448632670958 0.9405
-6.6243305586915 0.9406
-6.62415016375198 0.9407
-6.62396754352081 0.9408
-6.62378162462755 0.9409
-6.62357618807488 0.941
-6.62336993968174 0.9411
-6.62317443125248 0.9412
-6.6229843596135 0.9413
-6.62279172785083 0.9414
-6.622634052227 0.9415
-6.6224792458205 0.9416
-6.62231155702167 0.9417
-6.6221724071697 0.9418
-6.62200720005157 0.9419
-6.62184667826724 0.942
-6.62172535969031 0.9421
-6.62160613119762 0.9422
-6.62148013265229 0.9423
-6.62133176895246 0.9424
-6.62120228379643 0.9425
-6.62107807568294 0.9426
-6.62096410393531 0.9427
-6.62083636372897 0.9428
-6.62069243442076 0.9429
-6.62051464942431 0.943
-6.62035242221894 0.9431
-6.62018630867302 0.9432
-6.6200415033747 0.9433
-6.61990722262242 0.9434
-6.61973466134347 0.9435
-6.61955456371695 0.9436
-6.61939226589711 0.9437
-6.61921831833668 0.9438
-6.61901968280601 0.9439
-6.61883854095739 0.944
-6.61868339766096 0.9441
-6.61853409612443 0.9442
-6.61835725531558 0.9443
-6.61819379039046 0.9444
-6.6180289978286 0.9445
-6.61781608590518 0.9446
-6.61759395780656 0.9447
-6.6173648195533 0.9448
-6.61713975197216 0.9449
-6.61694901757974 0.945
-6.6167626804317 0.9451
-6.61656793071363 0.9452
-6.61643004100048 0.9453
-6.61630142808535 0.9454
-6.61618267646016 0.9455
-6.61605248159536 0.9456
-6.61595020323996 0.9457
-6.61583455273673 0.9458
-6.6157418318459 0.9459
-6.61566529128517 0.946
-6.61556330944576 0.9461
-6.61546124084422 0.9462
-6.61532604100001 0.9463
-6.61521071865384 0.9464
-6.61508588818348 0.9465
-6.61495777753926 0.9466
-6.61480696336647 0.9467
-6.614628266106 0.9468
-6.614448665878 0.9469
-6.61425053814314 0.947
-6.61412481194515 0.9471
-6.6139753933507 0.9472
-6.61380531025361 0.9473
-6.61362339788017 0.9474
-6.61348072267287 0.9475
-6.6133596247985 0.9476
-6.61326435405253 0.9477
-6.61319058869674 0.9478
-6.61313535659385 0.9479
-6.61311320104157 0.948
-6.61310774261142 0.9481
-6.61311898165623 0.9482
-6.61316234002215 0.9483
-6.61320164737884 0.9484
-6.61325878352365 0.9485
-6.61330040744414 0.9486
-6.61337650085873 0.9487
-6.6134338240955 0.9488
-6.61344584334689 0.9489
-6.61345225048389 0.949
-6.61344157727154 0.9491
-6.6133916003854 0.9492
-6.61333105263709 0.9493
-6.61334077203949 0.9494
-6.61336031032992 0.9495
-6.61334612644211 0.9496
-6.6133240765081 0.9497
-6.61330981393866 0.9498
-6.61326842753922 0.9499
-6.61324171834564 0.95
-6.61323674626657 0.9501
-6.61322140043071 0.9502
-6.61321171836245 0.9503
-6.61318805534022 0.9504
-6.6131753055502 0.9505
-6.61315096573827 0.9506
-6.61310867659233 0.9507
-6.61310972232296 0.9508
-6.61307258097092 0.9509
-6.61303008591357 0.951
-6.61297649527925 0.9511
-6.61287883808447 0.9512
-6.61276572768387 0.9513
-6.61259538585926 0.9514
-6.61244291305555 0.9515
-6.61226667723355 0.9516
-6.61207493225629 0.9517
-6.6118340444254 0.9518
-6.61155281340651 0.9519
-6.61128186142194 0.952
-6.61099260516004 0.9521
-6.61074737537337 0.9522
-6.61050360745292 0.9523
-6.61028503350551 0.9524
-6.61012257218562 0.9525
-6.61000399092339 0.9526
-6.60988579374237 0.9527
-6.60980511280119 0.9528
-6.60974155793853 0.9529
-6.60969824615213 0.953
-6.6096756064037 0.9531
-6.60970587613035 0.9532
-6.60972698652779 0.9533
-6.60975344776671 0.9534
-6.60983708368713 0.9535
-6.60995593907462 0.9536
-6.61011712703902 0.9537
-6.61032938566193 0.9538
-6.61051636159881 0.9539
-6.61072227036235 0.954
-6.61091273475002 0.9541
-6.61111587942992 0.9542
-6.61132843686149 0.9543
-6.61151778933763 0.9544
-6.61167954391516 0.9545
-6.61184484052685 0.9546
-6.61199792116443 0.9547
-6.61212029816544 0.9548
-6.61221317743594 0.9549
-6.61228174336788 0.955
-6.61232276799402 0.9551
-6.61234728585427 0.9552
-6.61234924718153 0.9553
-6.61231317767398 0.9554
-6.61223830651461 0.9555
-6.61209470395193 0.9556
-6.61190560092654 0.9557
-6.61166784132941 0.9558
-6.61143961542272 0.9559
-6.61119315910844 0.956
-6.61094497680464 0.9561
-6.61070942921913 0.9562
-6.61043429989585 0.9563
-6.61015286758322 0.9564
-6.60983578219931 0.9565
-6.60953854023032 0.9566
-6.60922981353255 0.9567
-6.60891865465763 0.9568
-6.60864433791832 0.9569
-6.60841077639177 0.957
-6.60819781282957 0.9571
-6.60802140108999 0.9572
-6.60788884401292 0.9573
-6.60778581507696 0.9574
-6.60771036579862 0.9575
-6.60768385102577 0.9576
-6.60769446651114 0.9577
-6.60770462166528 0.9578
-6.60774361167837 0.9579
-6.60779645234667 0.958
-6.60784992232591 0.9581
-6.60794373414574 0.9582
-6.6080567888114 0.9583
-6.608195197733 0.9584
-6.6083385907185 0.9585
-6.60851888373491 0.9586
-6.60871503603684 0.9587
-6.60888940864294 0.9588
-6.60909451007177 0.9589
-6.60929068606182 0.959
-6.60949072608898 0.9591
-6.60967076945903 0.9592
-6.60985466288999 0.9593
-6.60999724186925 0.9594
-6.61014838770352 0.9595
-6.6102734405929 0.9596
-6.61039247429373 0.9597
-6.61048138540443 0.9598
-6.61054624274693 0.9599
-6.61064856905166 0.96
-6.61071292326872 0.9601
-6.61075363047698 0.9602
-6.61078960647554 0.9603
-6.61081829880919 0.9604
-6.61084674536924 0.9605
-6.61091694859097 0.9606
-6.61095551976762 0.9607
-6.61094808826561 0.9608
-6.61093157002904 0.9609
-6.61090062227697 0.961
-6.61090364034541 0.9611
-6.61093019680938 0.9612
-6.61093757097841 0.9613
-6.61094170970487 0.9614
-6.61090470627082 0.9615
-6.61085959424352 0.9616
-6.61083067779976 0.9617
-6.61080600303051 0.9618
-6.61079646036244 0.9619
-6.61077157484557 0.962
-6.61076626598447 0.9621
-6.61076287914563 0.9622
-6.61075612774769 0.9623
-6.61077866774705 0.9624
-6.61080235137587 0.9625
-6.61081016342622 0.9626
-6.61076017721626 0.9627
-6.61071460939332 0.9628
-6.6106545555379 0.9629
-6.61058715449952 0.963
-6.6105034781083 0.9631
-6.61038386847042 0.9632
-6.61030524700275 0.9633
-6.61021890616815 0.9634
-6.61014005193701 0.9635
-6.61006241943388 0.9636
-6.60998490799666 0.9637
-6.60989630718751 0.9638
-6.60981793097715 0.9639
-6.60971716085221 0.964
-6.60964865529012 0.9641
-6.60959226927085 0.9642
-6.60954968073355 0.9643
-6.60950643172871 0.9644
-6.60948296295023 0.9645
-6.60944003610235 0.9646
-6.60939713234897 0.9647
-6.60934861682485 0.9648
-6.60931646425624 0.9649
-6.60927420978244 0.965
-6.60921626045342 0.9651
-6.60915066389736 0.9652
-6.60908293471355 0.9653
-6.60900124429183 0.9654
-6.6089391331101 0.9655
-6.60887960976221 0.9656
-6.60881266634908 0.9657
-6.60874030327355 0.9658
-6.60867224106381 0.9659
-6.60856989967807 0.966
-6.6084303324376 0.9661
-6.60828605733128 0.9662
-6.60816790517055 0.9663
-6.60804367300611 0.9664
-6.60789247007765 0.9665
-6.60772214708053 0.9666
-6.60757310838881 0.9667
-6.60741311864361 0.9668
-6.60727677152533 0.9669
-6.60713832434796 0.967
-6.60695571349635 0.9671
-6.60675267077444 0.9672
-6.60654757586495 0.9673
-6.6063210587516 0.9674
-6.60611376108661 0.9675
-6.60592358377041 0.9676
-6.60576357186805 0.9677
-6.60561740192354 0.9678
-6.60547190701457 0.9679
-6.60536557963181 0.968
-6.60525245943819 0.9681
-6.6051089663573 0.9682
-6.60494939700376 0.9683
-6.60477087038942 0.9684
-6.60461720738899 0.9685
-6.60445378662334 0.9686
-6.60431422121242 0.9687
-6.60416334356685 0.9688
-6.60399027418211 0.9689
-6.60381372492331 0.969
-6.60364209215324 0.9691
-6.60345129588937 0.9692
-6.60325225336554 0.9693
-6.60307741942927 0.9694
-6.60293886897499 0.9695
-6.60281663759852 0.9696
-6.60271907231793 0.9697
-6.60264694210897 0.9698
-6.60258037153977 0.9699
-6.60249678814116 0.97
-6.60242512782984 0.9701
-6.60234144540552 0.9702
-6.60222401185665 0.9703
-6.60210952544815 0.9704
-6.60201619745585 0.9705
-6.60193470408441 0.9706
-6.60186587223042 0.9707
-6.60183620579425 0.9708
-6.60183355935275 0.9709
-6.60179420028434 0.971
-6.60175685796777 0.9711
-6.60172935024328 0.9712
-6.60173851844486 0.9713
-6.60176513334303 0.9714
-6.60180898713374 0.9715
-6.60188911272159 0.9716
-6.60195901608363 0.9717
-6.60203155176347 0.9718
-6.60211220408059 0.9719
-6.60217187319602 0.972
-6.60221367478764 0.9721
-6.6022601361959 0.9722
-6.60229186348035 0.9723
-6.60232834879644 0.9724
-6.60230080008969 0.9725
-6.60220976917952 0.9726
-6.60212371698647 0.9727
-6.6020362035861 0.9728
-6.60192414374171 0.9729
-6.60178645180722 0.973
-6.60163164591578 0.9731
-6.60147445959575 0.9732
-6.60131839207627 0.9733
-6.60113943882172 0.9734
-6.60094736184468 0.9735
-6.60073307589998 0.9736
-6.60048426369026 0.9737
-6.60019250692585 0.9738
-6.59989439077371 0.9739
-6.59961477507551 0.974
-6.59935399848388 0.9741
-6.59909108751366 0.9742
-6.59883388288265 0.9743
-6.59859524493325 0.9744
-6.59834759993967 0.9745
-6.59810021504963 0.9746
-6.59787160217077 0.9747
-6.59768140618117 0.9748
-6.5975216695683 0.9749
-6.59740745936128 0.975
-6.59732541768823 0.9751
-6.59726274184288 0.9752
-6.59723462436155 0.9753
-6.59723427638645 0.9754
-6.59724768251708 0.9755
-6.59731159594886 0.9756
-6.59739721892283 0.9757
-6.5974775877781 0.9758
-6.59758507767841 0.9759
-6.59770836030472 0.976
-6.59786211889987 0.9761
-6.59806126618747 0.9762
-6.59824148730541 0.9763
-6.59843774935584 0.9764
-6.59865667148752 0.9765
-6.59886214676796 0.9766
-6.59907325792949 0.9767
-6.59927660130576 0.9768
-6.59950498042031 0.9769
-6.59972642437785 0.977
-6.599894365713 0.9771
-6.60007085124282 0.9772
-6.60022827504014 0.9773
-6.60035556920819 0.9774
-6.60043874097352 0.9775
-6.60046891929755 0.9776
-6.60049882617496 0.9777
-6.60049156089802 0.9778
-6.60047614574564 0.9779
-6.60042865124717 0.978
-6.60038195701236 0.9781
-6.60029063851237 0.9782
-6.60021829470194 0.9783
-6.60016783339456 0.9784
-6.60011914047084 0.9785
-6.60003348160636 0.9786
-6.59994998588892 0.9787
-6.599843741822 0.9788
-6.59967569785706 0.9789
-6.59953326183199 0.979
-6.59941599348255 0.9791
-6.59928670963594 0.9792
-6.59916720834598 0.9793
-6.5990510995131 0.9794
-6.59892862547929 0.9795
-6.59880160124081 0.9796
-6.598674618283 0.9797
-6.59856764586977 0.9798
-6.59846506051201 0.9799
-6.59837595741372 0.98
-6.59828878256138 0.9801
-6.59819744918975 0.9802
-6.59811270753906 0.9803
-6.59805405266669 0.9804
-6.59796688414196 0.9805
-6.59788616395363 0.9806
-6.59778993559749 0.9807
-6.59769246920793 0.9808
-6.5975661579236 0.9809
-6.59748651207316 0.981
-6.5973972341688 0.9811
-6.59729955591044 0.9812
-6.59724530956658 0.9813
-6.5971883338791 0.9814
-6.59712011245198 0.9815
-6.59705169864005 0.9816
-6.59698323046291 0.9817
-6.59693577434346 0.9818
-6.59691424886384 0.9819
-6.59693557269865 0.982
-6.59699508058019 0.9821
-6.59708970461763 0.9822
-6.59719755587704 0.9823
-6.59729866206707 0.9824
-6.59739595830489 0.9825
-6.5974883769599 0.9826
-6.59757738511011 0.9827
-6.59767716759779 0.9828
-6.59777692796794 0.9829
-6.59786449042067 0.983
-6.59794495683636 0.9831
-6.59805956005701 0.9832
-6.59817274270855 0.9833
-6.5982779133666 0.9834
-6.59837734004295 0.9835
-6.59846030023011 0.9836
-6.59850584580029 0.9837
-6.59856265544191 0.9838
-6.59858399660654 0.9839
-6.59859360365865 0.984
-6.59860093714534 0.9841
-6.59858786660546 0.9842
-6.59856229165278 0.9843
-6.59853628354148 0.9844
-6.59849959545362 0.9845
-6.59842037874983 0.9846
-6.59832724740733 0.9847
-6.59825845196365 0.9848
-6.59818795984994 0.9849
-6.59807643832702 0.985
-6.59795182077647 0.9851
-6.59782392754713 0.9852
-6.5976909132272 0.9853
-6.59753519308169 0.9854
-6.59739856509579 0.9855
-6.59722976662421 0.9856
-6.59701822841396 0.9857
-6.59680481586618 0.9858
-6.59661830835568 0.9859
-6.596416063625 0.986
-6.59622231388702 0.9861
-6.59603551026036 0.9862
-6.59585431909721 0.9863
-6.59569851913488 0.9864
-6.59554455840121 0.9865
-6.59540586109452 0.9866
-6.59528003835984 0.9867
-6.59514430312113 0.9868
-6.59498521470078 0.9869
-6.59480619422864 0.987
-6.59461669065222 0.9871
-6.59441022183935 0.9872
-6.59422022435296 0.9873
-6.59401446782263 0.9874
-6.59385741597855 0.9875
-6.59368249823032 0.9876
-6.59354185604556 0.9877
-6.59337659593346 0.9878
-6.59322497264128 0.9879
-6.5930798076727 0.988
-6.59292820052496 0.9881
-6.59274058225258 0.9882
-6.59254663646751 0.9883
-6.59235860576918 0.9884
-6.59216636403303 0.9885
-6.59198371963951 0.9886
-6.5918247705906 0.9887
-6.59169945710091 0.9888
-6.59159717335171 0.9889
-6.591513188061 0.989
-6.59144610538032 0.9891
-6.59138708987492 0.9892
-6.59134618786378 0.9893
-6.59132383536274 0.9894
-6.59129514572689 0.9895
-6.59125816584322 0.9896
-6.59122871793829 0.9897
-6.59120002159073 0.9898
-6.59119977058186 0.9899
-6.59120081232202 0.99
-6.59117806275985 0.9901
-6.59116794066051 0.9902
-6.59115469792641 0.9903
-6.59116290328146 0.9904
-6.59116249740741 0.9905
-6.59115778724991 0.9906
-6.59110040668001 0.9907
-6.59102636011182 0.9908
-6.59091365600342 0.9909
-6.59075889436818 0.991
-6.59056941358782 0.9911
-6.59038368849673 0.9912
-6.59021946190618 0.9913
-6.59001458493472 0.9914
-6.58976843483285 0.9915
-6.58950647993413 0.9916
-6.58922597204015 0.9917
-6.58890338360308 0.9918
-6.58856478688433 0.9919
-6.58826192061199 0.992
-6.58794972696443 0.9921
-6.58766629923205 0.9922
-6.58738039681425 0.9923
-6.58708647433289 0.9924
-6.58677231781295 0.9925
-6.58646256718283 0.9926
-6.58612566324539 0.9927
-6.58577506200975 0.9928
-6.58545316620376 0.9929
-6.58513462840193 0.993
-6.58486268723135 0.9931
-6.58459359178612 0.9932
-6.58434820301285 0.9933
-6.58412935950374 0.9934
-6.58390463667149 0.9935
-6.58372239651249 0.9936
-6.58357570625664 0.9937
-6.58344387444184 0.9938
-6.58332219480589 0.9939
-6.58325718091802 0.994
-6.58323583314537 0.9941
-6.5832024177647 0.9942
-6.58318693314221 0.9943
-6.58324448327832 0.9944
-6.58329565652271 0.9945
-6.58336292110616 0.9946
-6.58343694108504 0.9947
-6.58354655093743 0.9948
-6.58363912461197 0.9949
-6.58371957990141 0.995
-6.5838073831823 0.9951
-6.58388714771604 0.9952
-6.58397032046578 0.9953
-6.58407875464188 0.9954
-6.58424420999815 0.9955
-6.58442942276256 0.9956
-6.5845920966933 0.9957
-6.58476850854073 0.9958
-6.58493857166108 0.9959
-6.58508544704818 0.996
-6.58524062816892 0.9961
-6.58537339414959 0.9962
-6.58547335591552 0.9963
-6.58555048248072 0.9964
-6.58558107139159 0.9965
-6.58559132322276 0.9966
-6.58560379245757 0.9967
-6.58558567324475 0.9968
-6.58550355875088 0.9969
-6.58540997826293 0.997
-6.58528921771753 0.9971
-6.58510344937551 0.9972
-6.58491343455013 0.9973
-6.58468353407998 0.9974
-6.5843816748146 0.9975
-6.58407892510066 0.9976
-6.58377908540916 0.9977
-6.5834474099233 0.9978
-6.58310249123704 0.9979
-6.58272181993166 0.998
-6.58230767348743 0.9981
-6.58187601067695 0.9982
-6.58145109696359 0.9983
-6.58104172114456 0.9984
-6.58066615324372 0.9985
-6.58033094119048 0.9986
-6.58000092763813 0.9987
-6.57969603680987 0.9988
-6.57940177551863 0.9989
-6.57914719946698 0.999
-6.57893014901137 0.9991
-6.57875274554664 0.9992
-6.57859179850347 0.9993
-6.57847227701631 0.9994
-6.57837494997652 0.9995
-6.57827130679329 0.9996
-6.57811548310817 0.9997
-6.57799535929685 0.9998
-6.57790472607784 0.9999
-6.57783095095094 1
