# Fix print output for fix f5
-7.13556399765475 0
-7.13551367103345 0.0001
-7.13545710189751 0.0002
-7.13540057163504 0.0003
-7.13534655467648 0.0004
-7.13528155274005 0.0005
-7.13520069876101 0.0006
-7.13514388470127 0.0007
-7.13510829619164 0.0008
-7.13507549357576 0.0009
-7.13504341950093 0.001
-7.13502588792787 0.0011
-7.1350227395457 0.0012
-7.13501893902523 0.0013
-7.13502814355992 0.0014
-7.13505182504681 0.0015
-7.13508539771219 0.0016
-7.13512265454148 0.0017
-7.13515267108996 0.0018
-7.13517563565197 0.0019
-7.13519359289644 0.002
-7.13520784942876 0.0021
-7.13521130763593 0.0022
-7.13521524312674 0.0023
-7.13522376025312 0.0024
-7.13521349997172 0.0025
-7.13518298613246 0.0026
-7.1351528193385 0.0027
-7.1351261437489 0.0028
-7.13510138637367 0.0029
-7.1350647639191 0.003
-7.13504118579003 0.0031
-7.13501437503935 0.0032
-7.13498041119061 0.0033
-7.1349348032433 0.0034
-7.13487091417456 0.0035
-7.1348016331941 0.0036
-7.13472873336189 0.0037
-7.13465271947779 0.0038
-7.13457749373536 0.0039
-7.13451047989275 0.004
-7.13444254428759 0.0041
-7.13438004500148 0.0042
-7.13433533021878 0.0043
-7.1342948952498 0.0044
-7.13426328678471 0.0045
-7.13422992042078 0.0046
-7.13419887303867 0.0047
-7.13417179252934 0.0048
-7.13415614371544 0.0049
-7.13415453513629 0.005
-7.13415862707936 0.0051
-7.13417517229368 0.0052
-7.134218657443 0.0053
-7.13426435156326 0.0054
-7.13432061828272 0.0055
-7.13438084705254 0.0056
-7.1344425972756 0.0057
-7.13450556375795 0.0058
-7.13457961695 0.0059
-7.13466167171669 0.006
-7.13475548902905 0.0061
-7.13485953676562 0.0062
-7.13495931938254 0.0063
-7.13505678007534 0.0064
-7.13515674989578 0.0065
-7.13525874107321 0.0066
-7.13535415316104 0.0067
-7.13544475658627 0.0068
-7.13552162281027 0.0069
-7.13559377742016 0.007
-7.13564033133339 0.0071
-7.13567646927213 0.0072
-7.13571108999547 0.0073
-7.13575451396333 0.0074
-7.13578645327306 0.0075
-7.13580702428406 0.0076
-7.13581462341352 0.0077
-7.13582621896774 0.0078
-7.13583246254456 0.0079
-7.13582405009772 0.008
-7.13580144957408 0.0081
-7.13577360440186 0.0082
-7.13573223156028 0.0083
-7.1356936167524 0.0084
-7.1356407815223 0.0085
-7.1355930053659 0.0086
-7.13555288172323 0.0087
-7.13551797264529 0.0088
-7.13548661212851 0.0089
-7.13546535793792 0.009
-7.13545718150658 0.0091
-7.13544292012468 0.0092
-7.13543718865264 0.0093
-7.13542691327718 0.0094
-7.13540833645509 0.0095
-7.13540284662954 0.0096
-7.1354000319198 0.0097
-7.13540308218269 0.0098
-7.13541413298226 0.0099
-7.13544156047216 0.01
-7.13546742249714 0.0101
-7.13549131351047 0.0102
-7.13551990743773 0.0103
-7.13554907379921 0.0104
-7.13557249930708 0.0105
-7.13559590894916 0.0106
-7.13561954407658 0.0107
-7.13563901563686 0.0108
-7.13563791618871 0.0109
-7.13562013249952 0.011
-7.13561521587752 0.0111
-7.13559799697078 0.0112
-7.13559410782949 0.0113
-7.13559494656162 0.0114
-7.13559432982174 0.0115
-7.13558655676896 0.0116
-7.13557697138974 0.0117
-7.13553713806237 0.0118
-7.13549908537073 0.0119
-7.13544983638088 0.012
-7.13540725132386 0.0121
-7.13536807107132 0.0122
-7.13533790401995 0.0123
-7.13530069749151 0.0124
-7.13526357159721 0.0125
-7.13522738679044 0.0126
-7.13519573957744 0.0127
-7.13516485487431 0.0128
-7.13513110564696 0.0129
-7.13509745893558 0.013
-7.13506639683675 0.0131
-7.13504038179314 0.0132
-7.13502029871429 0.0133
-7.1349972180821 0.0134
-7.13496394459227 0.0135
-7.13493882030086 0.0136
-7.13492530406595 0.0137
-7.13491068229973 0.0138
-7.13490289393195 0.0139
-7.1349102619829 0.014
-7.13493745475506 0.0141
-7.13497862880339 0.0142
-7.13502138273108 0.0143
-7.13505500252482 0.0144
-7.13509624787731 0.0145
-7.13513589275447 0.0146
-7.13517143370123 0.0147
-7.13521147370357 0.0148
-7.13523930547125 0.0149
-7.13524855439257 0.015
-7.13523958570683 0.0151
-7.13522547121562 0.0152
-7.13521310283612 0.0153
-7.13518578370609 0.0154
-7.13515712439155 0.0155
-7.13511967594805 0.0156
-7.13506549228191 0.0157
-7.13500158116376 0.0158
-7.1349461267519 0.0159
-7.13488403758823 0.016
-7.13481748823771 0.0161
-7.1347561518766 0.0162
-7.13469347876621 0.0163
-7.13463183895397 0.0164
-7.13458388495783 0.0165
-7.1345457734852 0.0166
-7.13451924624869 0.0167
-7.13450470831897 0.0168
-7.13451186569689 0.0169
-7.13453646127867 0.017
-7.13457862146853 0.0171
-7.13461414406414 0.0172
-7.1346478521656 0.0173
-7.13469300726335 0.0174
-7.13472839799281 0.0175
-7.13476212203807 0.0176
-7.13478161965826 0.0177
-7.13480312049538 0.0178
-7.13480971738301 0.0179
-7.13480820689177 0.018
-7.13480567485741 0.0181
-7.13478738776029 0.0182
-7.13476130943527 0.0183
-7.13472568819772 0.0184
-7.13469017301519 0.0185
-7.13465231170389 0.0186
-7.13460546297513 0.0187
-7.13456065029336 0.0188
-7.13450691078025 0.0189
-7.13445218902236 0.019
-7.13441284156054 0.0191
-7.13436057331597 0.0192
-7.13428930261557 0.0193
-7.13421248666844 0.0194
-7.13413416602067 0.0195
-7.13405553976246 0.0196
-7.13396662211663 0.0197
-7.13389852539331 0.0198
-7.13383186286099 0.0199
-7.13377335980758 0.02
-7.13371847760342 0.0201
-7.13367247945228 0.0202
-7.13362776401591 0.0203
-7.13359080154116 0.0204
-7.1335647897181 0.0205
-7.13354282728846 0.0206
-7.13351583636763 0.0207
-7.13349340942991 0.0208
-7.13347500177704 0.0209
-7.13345371295326 0.021
-7.13343150534968 0.0211
-7.13340344939254 0.0212
-7.13336430210151 0.0213
-7.13332494350687 0.0214
-7.13329702819362 0.0215
-7.13324923279308 0.0216
-7.13320000993134 0.0217
-7.133157231631 0.0218
-7.13311500007731 0.0219
-7.13307731971542 0.022
-7.1330470753269 0.0221
-7.13302162431528 0.0222
-7.1330026568365 0.0223
-7.13298915451589 0.0224
-7.13297890953677 0.0225
-7.13297934556165 0.0226
-7.13297816322091 0.0227
-7.1329964214242 0.0228
-7.13303699705244 0.0229
-7.13308963450654 0.023
-7.13315112698731 0.0231
-7.1332118691971 0.0232
-7.13328328771828 0.0233
-7.13335636352266 0.0234
-7.1334241340952 0.0235
-7.13348345857955 0.0236
-7.13353999292321 0.0237
-7.13359162040724 0.0238
-7.1336261066191 0.0239
-7.13364483600234 0.024
-7.13366482480339 0.0241
-7.13367481797632 0.0242
-7.13368421533221 0.0243
-7.13369727189153 0.0244
-7.13370834392888 0.0245
-7.13372315584623 0.0246
-7.13374377848147 0.0247
-7.1337744932821 0.0248
-7.13380230633145 0.0249
-7.1338369931898 0.025
-7.13387650494843 0.0251
-7.13391346844368 0.0252
-7.13394198009269 0.0253
-7.13396177498158 0.0254
-7.13396720388145 0.0255
-7.13398077642109 0.0256
-7.13398536238189 0.0257
-7.13398839320033 0.0258
-7.13399783744649 0.0259
-7.13401656287198 0.026
-7.13404669545848 0.0261
-7.13406822631532 0.0262
-7.13409153543395 0.0263
-7.13412024883084 0.0264
-7.13415376463873 0.0265
-7.13421355231926 0.0266
-7.13430147742195 0.0267
-7.13440129764966 0.0268
-7.13450423333388 0.0269
-7.13461434488019 0.027
-7.13473124532929 0.0271
-7.13484646347438 0.0272
-7.13496237678198 0.0273
-7.13508464569364 0.0274
-7.13521421775101 0.0275
-7.13534694126056 0.0276
-7.13547906909452 0.0277
-7.13561555715679 0.0278
-7.13573641071307 0.0279
-7.13584431261252 0.028
-7.13591962479387 0.0281
-7.13597167735329 0.0282
-7.13600681753112 0.0283
-7.13602408986474 0.0284
-7.13601666161121 0.0285
-7.13599487556597 0.0286
-7.13596663382418 0.0287
-7.13592592493525 0.0288
-7.13587803533583 0.0289
-7.13581856194901 0.029
-7.13574878031598 0.0291
-7.13568043245609 0.0292
-7.13559650255444 0.0293
-7.13550848967604 0.0294
-7.13543413507646 0.0295
-7.13534891672509 0.0296
-7.13525538732171 0.0297
-7.13515836906647 0.0298
-7.13505131765287 0.0299
-7.13493144004922 0.03
-7.13481710684769 0.0301
-7.13470251328991 0.0302
-7.13459847629485 0.0303
-7.13450124026122 0.0304
-7.13440444388388 0.0305
-7.13431229471224 0.0306
-7.13421631837675 0.0307
-7.13413486775141 0.0308
-7.13406736593384 0.0309
-7.13401205181079 0.031
-7.1339610264619 0.0311
-7.13392420884993 0.0312
-7.13389953436161 0.0313
-7.13389194792878 0.0314
-7.13391221273158 0.0315
-7.13394239670382 0.0316
-7.13397390031287 0.0317
-7.1340144461818 0.0318
-7.13406942205557 0.0319
-7.1341307318413 0.032
-7.13420507320702 0.0321
-7.13428205364326 0.0322
-7.13435029266646 0.0323
-7.1344088836427 0.0324
-7.13447127791993 0.0325
-7.13453563808874 0.0326
-7.13460833256679 0.0327
-7.13466997882771 0.0328
-7.13474081363703 0.0329
-7.13480862387463 0.033
-7.13487819523358 0.0331
-7.13494180456138 0.0332
-7.13501059573989 0.0333
-7.13506670278804 0.0334
-7.135109583513 0.0335
-7.13513920683115 0.0336
-7.13515807313139 0.0337
-7.13517134260915 0.0338
-7.13519451416338 0.0339
-7.13521739398136 0.034
-7.13523026300908 0.0341
-7.13522970243881 0.0342
-7.13521079800926 0.0343
-7.13517769443145 0.0344
-7.13511559791574 0.0345
-7.13503927977981 0.0346
-7.134953158968 0.0347
-7.13485466693766 0.0348
-7.13475848208646 0.0349
-7.13467731351956 0.035
-7.1346001220569 0.0351
-7.13452404571848 0.0352
-7.13443591136744 0.0353
-7.13434863762659 0.0354
-7.13426974433945 0.0355
-7.13420222141179 0.0356
-7.13413947941324 0.0357
-7.13408704682314 0.0358
-7.13406322397157 0.0359
-7.1340532990824 0.036
-7.13405648506737 0.0361
-7.13405783280718 0.0362
-7.13408174140429 0.0363
-7.13411507742975 0.0364
-7.13414799861536 0.0365
-7.1341800199954 0.0366
-7.13420775863658 0.0367
-7.13423136382919 0.0368
-7.1342458505294 0.0369
-7.1342493476295 0.037
-7.13424568452708 0.0371
-7.13423182882822 0.0372
-7.134218574939 0.0373
-7.13419567270507 0.0374
-7.13415425927521 0.0375
-7.13411031276382 0.0376
-7.13406184813065 0.0377
-7.13401696921535 0.0378
-7.1339640252586 0.0379
-7.13391305483189 0.038
-7.13385486167359 0.0381
-7.13378857178603 0.0382
-7.1337272324477 0.0383
-7.13367202885267 0.0384
-7.13362726985178 0.0385
-7.13358720063452 0.0386
-7.13354894707917 0.0387
-7.13351047707786 0.0388
-7.13348263929284 0.0389
-7.13345682099976 0.039
-7.13344617489664 0.0391
-7.13342675718916 0.0392
-7.13340846110512 0.0393
-7.13339369012276 0.0394
-7.13337198683445 0.0395
-7.13335338233896 0.0396
-7.13333586924039 0.0397
-7.13332669935647 0.0398
-7.13331925276414 0.0399
-7.13331832051172 0.04
-7.13330865653774 0.0401
-7.13329370563255 0.0402
-7.13328263533906 0.0403
-7.13328020442029 0.0404
-7.13328743244518 0.0405
-7.13329488113037 0.0406
-7.1333010654404 0.0407
-7.13332138461844 0.0408
-7.13334420616214 0.0409
-7.13336564647923 0.041
-7.13338596319034 0.0411
-7.13340863855202 0.0412
-7.13342910796605 0.0413
-7.13344631001105 0.0414
-7.13347048566803 0.0415
-7.13348860164223 0.0416
-7.1335268969135 0.0417
-7.13356779904781 0.0418
-7.13360082234585 0.0419
-7.13363232818356 0.042
-7.13366871907728 0.0421
-7.13371551143123 0.0422
-7.13375764140338 0.0423
-7.13380929776434 0.0424
-7.13386598637852 0.0425
-7.13394354424896 0.0426
-7.13402895952515 0.0427
-7.13412237948474 0.0428
-7.13422120094954 0.0429
-7.13432907831866 0.043
-7.13443656682017 0.0431
-7.13454746853533 0.0432
-7.1346441543908 0.0433
-7.13473963241035 0.0434
-7.13482413300762 0.0435
-7.13489952854079 0.0436
-7.13495883366852 0.0437
-7.1350032527227 0.0438
-7.13502463834714 0.0439
-7.13501709848669 0.044
-7.13499612865641 0.0441
-7.13496402328449 0.0442
-7.13491647037744 0.0443
-7.13487683237862 0.0444
-7.13484527282359 0.0445
-7.13481671507576 0.0446
-7.13478479405371 0.0447
-7.13475794719185 0.0448
-7.1347488901253 0.0449
-7.13473038858913 0.045
-7.13471612278676 0.0451
-7.13472214183089 0.0452
-7.13473272502429 0.0453
-7.13475841150966 0.0454
-7.13478561613237 0.0455
-7.13483882317146 0.0456
-7.13489681845659 0.0457
-7.13496733559478 0.0458
-7.13504413283913 0.0459
-7.13512830299983 0.046
-7.1352188535131 0.0461
-7.13532481649007 0.0462
-7.13543556629018 0.0463
-7.13554567537972 0.0464
-7.13565751415155 0.0465
-7.13577070890687 0.0466
-7.1358976378813 0.0467
-7.13601807825255 0.0468
-7.13612635976674 0.0469
-7.13622383914156 0.047
-7.13630617285235 0.0471
-7.1363723484447 0.0472
-7.13642179864335 0.0473
-7.13646488070835 0.0474
-7.13649020914788 0.0475
-7.13651574142741 0.0476
-7.13653399743598 0.0477
-7.13653086652763 0.0478
-7.13650738551494 0.0479
-7.13647074046541 0.048
-7.13642757170943 0.0481
-7.13636692454924 0.0482
-7.1363007434696 0.0483
-7.13623720023117 0.0484
-7.13616176508595 0.0485
-7.1360932815303 0.0486
-7.13603210730775 0.0487
-7.13597654290151 0.0488
-7.13592184112964 0.0489
-7.13585521489046 0.049
-7.13579143460366 0.0491
-7.13575160851648 0.0492
-7.13571786979862 0.0493
-7.13569103255653 0.0494
-7.13565680894008 0.0495
-7.13561330794643 0.0496
-7.13557080668465 0.0497
-7.13552417393847 0.0498
-7.13548813384865 0.0499
-7.13546194508401 0.05
-7.13544186121809 0.0501
-7.13542173842724 0.0502
-7.13539724788877 0.0503
-7.13538436359041 0.0504
-7.13538197742359 0.0505
-7.13538838648928 0.0506
-7.13539609491567 0.0507
-7.13540075061774 0.0508
-7.13540002481361 0.0509
-7.13540327134307 0.051
-7.1354308543345 0.0511
-7.13546030040316 0.0512
-7.135481156045 0.0513
-7.13550043937228 0.0514
-7.13552025291104 0.0515
-7.13553940476777 0.0516
-7.13553973933146 0.0517
-7.1355389358225 0.0518
-7.13553995084182 0.0519
-7.13551783142647 0.052
-7.13547701773526 0.0521
-7.13541966175457 0.0522
-7.135344571932 0.0523
-7.135255711104 0.0524
-7.13516084376286 0.0525
-7.13506416922169 0.0526
-7.13495705077192 0.0527
-7.13484823000962 0.0528
-7.13473949759006 0.0529
-7.13462427911434 0.053
-7.13449820597937 0.0531
-7.13437803557177 0.0532
-7.13427375895571 0.0533
-7.13416074950212 0.0534
-7.13404937820786 0.0535
-7.13393451128067 0.0536
-7.13382466088343 0.0537
-7.13372375555861 0.0538
-7.13362968742654 0.0539
-7.13354382722428 0.054
-7.13345194296777 0.0541
-7.13335704143472 0.0542
-7.13327886862989 0.0543
-7.13320215817706 0.0544
-7.13312481800468 0.0545
-7.13305334273447 0.0546
-7.13301512118592 0.0547
-7.1329793865134 0.0548
-7.13295919465366 0.0549
-7.13293909134719 0.055
-7.13292792087413 0.0551
-7.1329166703653 0.0552
-7.1329035913132 0.0553
-7.13289264795764 0.0554
-7.13288852984594 0.0555
-7.1328966382085 0.0556
-7.13290556723643 0.0557
-7.13293116526125 0.0558
-7.13296674109911 0.0559
-7.13301863250693 0.056
-7.13306862066548 0.0561
-7.13311947918451 0.0562
-7.13318419991976 0.0563
-7.13325741164871 0.0564
-7.13332363447596 0.0565
-7.1333849887102 0.0566
-7.13343747764992 0.0567
-7.13348887277748 0.0568
-7.13354212105745 0.0569
-7.13358403640231 0.057
-7.13360812829903 0.0571
-7.13363526289116 0.0572
-7.13366292580679 0.0573
-7.13368367107777 0.0574
-7.13370798867082 0.0575
-7.13372703628534 0.0576
-7.13373829450082 0.0577
-7.13374401626203 0.0578
-7.13373660634593 0.0579
-7.13371799367034 0.058
-7.13368183946309 0.0581
-7.13364480630556 0.0582
-7.13361277545353 0.0583
-7.13357569898265 0.0584
-7.13354226172854 0.0585
-7.13351536836008 0.0586
-7.13349976126704 0.0587
-7.13348147390814 0.0588
-7.13347666273169 0.0589
-7.13348439740198 0.059
-7.13350119175528 0.0591
-7.13352691846882 0.0592
-7.1335754597552 0.0593
-7.13361922835259 0.0594
-7.13367407788054 0.0595
-7.13373896442149 0.0596
-7.13380876852528 0.0597
-7.13389386545205 0.0598
-7.13398638097382 0.0599
-7.13408549751156 0.06
-7.13417222097401 0.0601
-7.13426143224474 0.0602
-7.13433924733844 0.0603
-7.13440634962852 0.0604
-7.13445882164778 0.0605
-7.13450067534105 0.0606
-7.13453262088993 0.0607
-7.13455560621871 0.0608
-7.13456493079618 0.0609
-7.13455196723333 0.061
-7.13453038652164 0.0611
-7.13449440244866 0.0612
-7.13443528235145 0.0613
-7.13435987603695 0.0614
-7.1342723130833 0.0615
-7.13418791794821 0.0616
-7.13408986671926 0.0617
-7.13399793396959 0.0618
-7.13389999984981 0.0619
-7.1337923548416 0.062
-7.13368945676183 0.0621
-7.13358820535202 0.0622
-7.13347720752746 0.0623
-7.1333733032189 0.0624
-7.13326652046349 0.0625
-7.13316918635501 0.0626
-7.13308078611754 0.0627
-7.13300721551944 0.0628
-7.13295335181516 0.0629
-7.13290138318387 0.063
-7.13285337222252 0.0631
-7.13281960975568 0.0632
-7.13279887747601 0.0633
-7.13278676895658 0.0634
-7.13279322724095 0.0635
-7.13280641509498 0.0636
-7.13282444433859 0.0637
-7.1328456189446 0.0638
-7.13287407606276 0.0639
-7.13290494840259 0.064
-7.13293859302156 0.0641
-7.13297419931188 0.0642
-7.13302206205817 0.0643
-7.13305575529198 0.0644
-7.13308446612585 0.0645
-7.13309816436972 0.0646
-7.13309586708683 0.0647
-7.1330804411866 0.0648
-7.13308226500494 0.0649
-7.13305997535318 0.065
-7.13302305324648 0.0651
-7.13296660517802 0.0652
-7.13290472220644 0.0653
-7.1328283883108 0.0654
-7.13274665736687 0.0655
-7.13266681251159 0.0656
-7.13258363563048 0.0657
-7.13249829095622 0.0658
-7.1324120832039 0.0659
-7.13232492700232 0.066
-7.13224298066757 0.0661
-7.13215497813536 0.0662
-7.13207447793507 0.0663
-7.13199855567513 0.0664
-7.1319281776791 0.0665
-7.13186584966825 0.0666
-7.13181199524221 0.0667
-7.13176320800981 0.0668
-7.13173374222079 0.0669
-7.13170359250576 0.067
-7.13167134263774 0.0671
-7.13163471692311 0.0672
-7.13160059450581 0.0673
-7.13155740496351 0.0674
-7.13152613427236 0.0675
-7.13149369863148 0.0676
-7.13147036900846 0.0677
-7.13145362215033 0.0678
-7.13144506294735 0.0679
-7.1314502101158 0.068
-7.13144727106338 0.0681
-7.13145287851475 0.0682
-7.13145590008393 0.0683
-7.13146022760891 0.0684
-7.13146233606152 0.0685
-7.13145453413513 0.0686
-7.13143918505442 0.0687
-7.13141077216347 0.0688
-7.13138148967282 0.0689
-7.13134446207649 0.069
-7.13129325358361 0.0691
-7.13124924290396 0.0692
-7.13119999350246 0.0693
-7.1311512957015 0.0694
-7.13111377791946 0.0695
-7.13107649758064 0.0696
-7.13104097702414 0.0697
-7.13100716475706 0.0698
-7.13097018352489 0.0699
-7.13093266655487 0.07
-7.13089539328972 0.0701
-7.13086533917823 0.0702
-7.13083136977618 0.0703
-7.13080843961096 0.0704
-7.13079595066093 0.0705
-7.13079362006915 0.0706
-7.13081061544253 0.0707
-7.13084101474439 0.0708
-7.13088305573061 0.0709
-7.13093775788025 0.071
-7.13100198706187 0.0711
-7.13107440349233 0.0712
-7.13114450949635 0.0713
-7.13122335339142 0.0714
-7.13130163584093 0.0715
-7.13137426769321 0.0716
-7.13143466341777 0.0717
-7.13150071750133 0.0718
-7.13155773327038 0.0719
-7.13160076134548 0.072
-7.13163981854644 0.0721
-7.13165779215191 0.0722
-7.13165181175093 0.0723
-7.13163288189221 0.0724
-7.13161103242508 0.0725
-7.13158579161691 0.0726
-7.13156019328765 0.0727
-7.13154347473884 0.0728
-7.13153772595227 0.0729
-7.13154917290427 0.073
-7.13155629757282 0.0731
-7.13156112961217 0.0732
-7.13156319676291 0.0733
-7.13157018608035 0.0734
-7.13158330327184 0.0735
-7.13159508264337 0.0736
-7.13161586358573 0.0737
-7.13163676536323 0.0738
-7.13166093847864 0.0739
-7.13168963611084 0.074
-7.13171772982649 0.0741
-7.13174962656719 0.0742
-7.13177672480247 0.0743
-7.13178020534775 0.0744
-7.13179313547597 0.0745
-7.13180361380954 0.0746
-7.13181535597694 0.0747
-7.13182505866535 0.0748
-7.13184542556827 0.0749
-7.1318746557463 0.075
-7.13191463597629 0.0751
-7.13195539343493 0.0752
-7.13199774067458 0.0753
-7.13203435591433 0.0754
-7.13205957440435 0.0755
-7.13208355954698 0.0756
-7.13210838737913 0.0757
-7.1321326579754 0.0758
-7.13214746233121 0.0759
-7.13215174292735 0.076
-7.13214283285129 0.0761
-7.13211234552011 0.0762
-7.13207548021551 0.0763
-7.13203823111902 0.0764
-7.13200541826315 0.0765
-7.1319676770051 0.0766
-7.13191026383952 0.0767
-7.13185054199727 0.0768
-7.13177974101294 0.0769
-7.13171476336511 0.077
-7.13164497284731 0.0771
-7.13157518857103 0.0772
-7.13149858902828 0.0773
-7.13142689361226 0.0774
-7.13135052949738 0.0775
-7.13127733620592 0.0776
-7.13121257735756 0.0777
-7.13114817258452 0.0778
-7.13110074794237 0.0779
-7.13106211574975 0.078
-7.13101352870252 0.0781
-7.13097111918633 0.0782
-7.13092600908625 0.0783
-7.13087450952415 0.0784
-7.13081391845783 0.0785
-7.13076362508432 0.0786
-7.13071343859036 0.0787
-7.13066819407498 0.0788
-7.13062605404026 0.0789
-7.13058566105454 0.079
-7.13054372425591 0.0791
-7.13049920779825 0.0792
-7.13045037644429 0.0793
-7.13041073818514 0.0794
-7.13036717790088 0.0795
-7.13031299396928 0.0796
-7.13025760521795 0.0797
-7.13018483096007 0.0798
-7.13011021027688 0.0799
-7.13003679738848 0.08
-7.12994325260394 0.0801
-7.12985534226017 0.0802
-7.12977148558028 0.0803
-7.12969222415679 0.0804
-7.12962370986661 0.0805
-7.12954474735608 0.0806
-7.12947472913329 0.0807
-7.12940149178451 0.0808
-7.12934702740103 0.0809
-7.12931237048462 0.081
-7.12929095777063 0.0811
-7.12928340424893 0.0812
-7.12930185759021 0.0813
-7.12934957076834 0.0814
-7.12941752247336 0.0815
-7.12950571059021 0.0816
-7.12961793535269 0.0817
-7.12974459552138 0.0818
-7.1298839982877 0.0819
-7.13001417846064 0.082
-7.13013879375143 0.0821
-7.13025691444852 0.0822
-7.13036769347009 0.0823
-7.13045982009494 0.0824
-7.13054767502387 0.0825
-7.13061885094691 0.0826
-7.1306836627969 0.0827
-7.13073445927783 0.0828
-7.13077180886311 0.0829
-7.1307817910809 0.083
-7.1307785296468 0.0831
-7.13074799935514 0.0832
-7.13069600867537 0.0833
-7.13063700844734 0.0834
-7.13056055162947 0.0835
-7.13047170899172 0.0836
-7.13036850337784 0.0837
-7.1302662602669 0.0838
-7.1301700853783 0.0839
-7.13006993213868 0.084
-7.12997511962882 0.0841
-7.12988034047715 0.0842
-7.12980851663039 0.0843
-7.12974943508356 0.0844
-7.1297035513875 0.0845
-7.12966546648808 0.0846
-7.1296594643728 0.0847
-7.12965441829282 0.0848
-7.12966675678251 0.0849
-7.12969772429066 0.085
-7.12973974633891 0.0851
-7.12979467299415 0.0852
-7.12984312558226 0.0853
-7.12989526335579 0.0854
-7.12994593546485 0.0855
-7.12998783438618 0.0856
-7.13002657444704 0.0857
-7.13004493029037 0.0858
-7.1300497924848 0.0859
-7.1300588085617 0.086
-7.13006936769832 0.0861
-7.13008187762343 0.0862
-7.13007991028011 0.0863
-7.13007503886464 0.0864
-7.13006107645566 0.0865
-7.13005646054285 0.0866
-7.1300464344904 0.0867
-7.13002661348156 0.0868
-7.12999349730788 0.0869
-7.12996511347534 0.087
-7.1299534034804 0.0871
-7.12993457159712 0.0872
-7.12992979796269 0.0873
-7.12992403896184 0.0874
-7.12992200102978 0.0875
-7.1299181844892 0.0876
-7.12992279943262 0.0877
-7.12993196773907 0.0878
-7.12995202944788 0.0879
-7.129958269034 0.088
-7.12996953768427 0.0881
-7.12998568424882 0.0882
-7.12999361876567 0.0883
-7.13000811509102 0.0884
-7.13002074295024 0.0885
-7.13003274304057 0.0886
-7.13004566659173 0.0887
-7.13005689522186 0.0888
-7.13008192896012 0.0889
-7.13010791877752 0.089
-7.13014200054122 0.0891
-7.13018439274788 0.0892
-7.13022404884838 0.0893
-7.13025654804726 0.0894
-7.13029266588294 0.0895
-7.13033355026428 0.0896
-7.13037955324908 0.0897
-7.13042729055281 0.0898
-7.13048605857364 0.0899
-7.13054327288694 0.09
-7.13060612614397 0.0901
-7.13066608766915 0.0902
-7.13072801109379 0.0903
-7.13078830274903 0.0904
-7.13084395969725 0.0905
-7.1308974969062 0.0906
-7.13095449440523 0.0907
-7.13100794214015 0.0908
-7.13105254681642 0.0909
-7.13108433414268 0.091
-7.13109889659168 0.0911
-7.1311127602065 0.0912
-7.13111530801915 0.0913
-7.13111143491333 0.0914
-7.13111479387927 0.0915
-7.13111735898212 0.0916
-7.13110491336324 0.0917
-7.13107013660931 0.0918
-7.13103020482451 0.0919
-7.13098426851434 0.092
-7.13093439859057 0.0921
-7.13087589028178 0.0922
-7.13082497105459 0.0923
-7.13076946981113 0.0924
-7.13071622352911 0.0925
-7.13069236216334 0.0926
-7.1306662396473 0.0927
-7.13065294405113 0.0928
-7.13065092302076 0.0929
-7.13066204427983 0.093
-7.13066904279383 0.0931
-7.13067849272557 0.0932
-7.1306912243388 0.0933
-7.13069146534556 0.0934
-7.13068067038966 0.0935
-7.13067781805457 0.0936
-7.13067500932342 0.0937
-7.13066215964124 0.0938
-7.13063893399588 0.0939
-7.13061793997982 0.094
-7.13059353602537 0.0941
-7.13056030075144 0.0942
-7.13052483656293 0.0943
-7.13049349057424 0.0944
-7.13046195963073 0.0945
-7.13043285446153 0.0946
-7.13041415237608 0.0947
-7.13038478476343 0.0948
-7.13036139683547 0.0949
-7.1303485418679 0.095
-7.13033404544996 0.0951
-7.13032377030632 0.0952
-7.13031427967139 0.0953
-7.13030367403721 0.0954
-7.13028141573495 0.0955
-7.13025652231348 0.0956
-7.13022976873384 0.0957
-7.13020585905054 0.0958
-7.13017365741488 0.0959
-7.13013443132972 0.096
-7.13009228920973 0.0961
-7.13005596208279 0.0962
-7.1300333469821 0.0963
-7.13000593675945 0.0964
-7.12998182100059 0.0965
-7.1299528580207 0.0966
-7.12991847098543 0.0967
-7.12988221415586 0.0968
-7.12985790029937 0.0969
-7.12982951024518 0.097
-7.12980696394572 0.0971
-7.12977009059945 0.0972
-7.12973218699236 0.0973
-7.12968698757959 0.0974
-7.12963686050591 0.0975
-7.12958297258673 0.0976
-7.12952691291884 0.0977
-7.12947641779589 0.0978
-7.12941821945493 0.0979
-7.12936013123089 0.098
-7.12929448029567 0.0981
-7.12922591814997 0.0982
-7.12915933521068 0.0983
-7.12910601415341 0.0984
-7.12905340252789 0.0985
-7.12898871988811 0.0986
-7.12891363733492 0.0987
-7.12883766651773 0.0988
-7.12875476103393 0.0989
-7.12867801575837 0.099
-7.12859429103344 0.0991
-7.128512106403 0.0992
-7.12842497406136 0.0993
-7.12835330206161 0.0994
-7.12828754600295 0.0995
-7.12822841776522 0.0996
-7.1281737059607 0.0997
-7.12813200350189 0.0998
-7.12809918997317 0.0999
-7.12807397462701 0.1
-7.12805528773852 0.1001
-7.12802993262519 0.1002
-7.12801169861594 0.1003
-7.12798539762589 0.1004
-7.12795287002833 0.1005
-7.12793706434999 0.1006
-7.12793243769645 0.1007
-7.12794094701341 0.1008
-7.12794505739499 0.1009
-7.12794564281372 0.101
-7.12793393753506 0.1011
-7.12792310306861 0.1012
-7.12791748327112 0.1013
-7.12790433714498 0.1014
-7.12789524541711 0.1015
-7.12788795059055 0.1016
-7.12789278476265 0.1017
-7.12789804270431 0.1018
-7.12790842876207 0.1019
-7.12793201118407 0.102
-7.1279683634128 0.1021
-7.12800350965584 0.1022
-7.12805778955438 0.1023
-7.12812310555397 0.1024
-7.1282038648557 0.1025
-7.12829566685795 0.1026
-7.12838212307484 0.1027
-7.12847093066074 0.1028
-7.12856334274841 0.1029
-7.1286559666904 0.103
-7.12874169712468 0.1031
-7.12883218799138 0.1032
-7.12893275260513 0.1033
-7.12904533932742 0.1034
-7.12915816079477 0.1035
-7.12926349260101 0.1036
-7.129375345457 0.1037
-7.12947930309632 0.1038
-7.12957636872702 0.1039
-7.12967018756993 0.104
-7.12976287213983 0.1041
-7.12985860805575 0.1042
-7.12994873034739 0.1043
-7.13004180575953 0.1044
-7.13013177235345 0.1045
-7.1302051574327 0.1046
-7.13026667246149 0.1047
-7.1303285790837 0.1048
-7.13038280794773 0.1049
-7.13043426801803 0.105
-7.13047980529383 0.1051
-7.13050781127699 0.1052
-7.13052506045483 0.1053
-7.13054133449108 0.1054
-7.13056655917033 0.1055
-7.13057339879765 0.1056
-7.13055777493571 0.1057
-7.13051432924426 0.1058
-7.1304591986674 0.1059
-7.13039536021985 0.106
-7.13032755749768 0.1061
-7.13024743606864 0.1062
-7.13014278445754 0.1063
-7.13002647154189 0.1064
-7.12988974679762 0.1065
-7.1297529662794 0.1066
-7.1296201738393 0.1067
-7.12947542414084 0.1068
-7.12932805963514 0.1069
-7.12917499799713 0.107
-7.12903170896839 0.1071
-7.12890924220513 0.1072
-7.12878953145641 0.1073
-7.12868133141022 0.1074
-7.12859400178915 0.1075
-7.1285249072651 0.1076
-7.12846004428865 0.1077
-7.12840676179055 0.1078
-7.1283598031163 0.1079
-7.12831510337845 0.108
-7.12828796015295 0.1081
-7.12826733098469 0.1082
-7.12826428357218 0.1083
-7.12826201166067 0.1084
-7.12826459709827 0.1085
-7.12825673111116 0.1086
-7.12825079477184 0.1087
-7.12823890561379 0.1088
-7.12821603157664 0.1089
-7.12818752675115 0.109
-7.12815857579602 0.1091
-7.12811459984684 0.1092
-7.12805260973652 0.1093
-7.12797398390178 0.1094
-7.12789516210347 0.1095
-7.12781242651207 0.1096
-7.12772963491162 0.1097
-7.12764002715936 0.1098
-7.12756295898005 0.1099
-7.12748823937167 0.11
-7.12741491916453 0.1101
-7.1273585264034 0.1102
-7.12731906630059 0.1103
-7.12728468181879 0.1104
-7.12724860234398 0.1105
-7.127220250929 0.1106
-7.12720143144495 0.1107
-7.12719002095077 0.1108
-7.12717515389343 0.1109
-7.12717670967797 0.111
-7.12718771585357 0.1111
-7.12721722441516 0.1112
-7.12725178790471 0.1113
-7.12728937191018 0.1114
-7.12733651567073 0.1115
-7.12739545136072 0.1116
-7.12746223593309 0.1117
-7.12754385184854 0.1118
-7.12763165388385 0.1119
-7.12772772445533 0.112
-7.12783907316235 0.1121
-7.1279650212025 0.1122
-7.12807930188514 0.1123
-7.12821288181379 0.1124
-7.12835690492714 0.1125
-7.12849085093147 0.1126
-7.12863666261506 0.1127
-7.12876692974217 0.1128
-7.12889340494026 0.1129
-7.12900074795203 0.113
-7.12908550751819 0.1131
-7.12915668916754 0.1132
-7.12920356598666 0.1133
-7.12924588418054 0.1134
-7.12927767942775 0.1135
-7.12929242935217 0.1136
-7.12930630979931 0.1137
-7.12932277860815 0.1138
-7.12933168517537 0.1139
-7.12933011151585 0.114
-7.1293279727002 0.1141
-7.12932286296851 0.1142
-7.1293246201585 0.1143
-7.12932214904066 0.1144
-7.12930603189364 0.1145
-7.12927598568926 0.1146
-7.12925536363041 0.1147
-7.12921545895378 0.1148
-7.12918494393127 0.1149
-7.12914891610186 0.115
-7.12911691012645 0.1151
-7.12909277613569 0.1152
-7.1290707461784 0.1153
-7.12904421999932 0.1154
-7.12901715297004 0.1155
-7.12898702522342 0.1156
-7.1289601982789 0.1157
-7.12893774610941 0.1158
-7.12892706619872 0.1159
-7.12892316159493 0.116
-7.12892283842282 0.1161
-7.12892553245048 0.1162
-7.12893737677429 0.1163
-7.12893560885336 0.1164
-7.12894548473479 0.1165
-7.12895937165902 0.1166
-7.12899780373137 0.1167
-7.12904578454819 0.1168
-7.12911070167044 0.1169
-7.12916667752253 0.117
-7.12922140831687 0.1171
-7.12926609405118 0.1172
-7.12931417230298 0.1173
-7.12936596009956 0.1174
-7.12940122064667 0.1175
-7.12942244373316 0.1176
-7.12942223946232 0.1177
-7.12941555366308 0.1178
-7.12939189871082 0.1179
-7.12934355310021 0.118
-7.12927597182498 0.1181
-7.12919377244548 0.1182
-7.12908437428556 0.1183
-7.12897065707252 0.1184
-7.12886329220947 0.1185
-7.12874968450047 0.1186
-7.128621831089 0.1187
-7.12849019469504 0.1188
-7.12836263849929 0.1189
-7.12825400631612 0.119
-7.12815508565088 0.1191
-7.12806789395992 0.1192
-7.12798620197425 0.1193
-7.12791161466766 0.1194
-7.12784084692012 0.1195
-7.12778206040708 0.1196
-7.12772848064016 0.1197
-7.12768387931926 0.1198
-7.12765006909448 0.1199
-7.12762365699629 0.12
-7.12760357587639 0.1201
-7.12759170038062 0.1202
-7.12759000511046 0.1203
-7.12759148149654 0.1204
-7.12759463111523 0.1205
-7.12759881494557 0.1206
-7.12759934238654 0.1207
-7.12759885663695 0.1208
-7.12758670894537 0.1209
-7.12757810708738 0.121
-7.12758472890197 0.1211
-7.12760122876703 0.1212
-7.1276191053553 0.1213
-7.12764189636325 0.1214
-7.12766337843958 0.1215
-7.12769491620913 0.1216
-7.12773066390568 0.1217
-7.12776748039989 0.1218
-7.12780325978777 0.1219
-7.12783733309094 0.122
-7.12787514137838 0.1221
-7.12790895080489 0.1222
-7.1279507009998 0.1223
-7.12798568311221 0.1224
-7.12803843033115 0.1225
-7.12808111449044 0.1226
-7.12812783242782 0.1227
-7.12815861317533 0.1228
-7.12819100355782 0.1229
-7.12820236275646 0.123
-7.12820023989717 0.1231
-7.128179296099 0.1232
-7.12816746000653 0.1233
-7.12814490250167 0.1234
-7.12810356131197 0.1235
-7.12805005631527 0.1236
-7.12799257487342 0.1237
-7.12791968060155 0.1238
-7.12784060253003 0.1239
-7.12777627963898 0.124
-7.12771309005386 0.1241
-7.12763672891427 0.1242
-7.12756591508583 0.1243
-7.12750421322676 0.1244
-7.12744869789609 0.1245
-7.12741200490522 0.1246
-7.12737849394914 0.1247
-7.12735169218181 0.1248
-7.12732952024061 0.1249
-7.12729801486446 0.125
-7.12726301681955 0.1251
-7.12722940517195 0.1252
-7.12719812660227 0.1253
-7.12716210185873 0.1254
-7.12711421984518 0.1255
-7.12706618479668 0.1256
-7.12701830657662 0.1257
-7.12698085949617 0.1258
-7.12694237210214 0.1259
-7.12691757820139 0.126
-7.12689460850733 0.1261
-7.12688449059587 0.1262
-7.12688261640948 0.1263
-7.12689213047698 0.1264
-7.12689850953045 0.1265
-7.12690182009162 0.1266
-7.12692018204375 0.1267
-7.12693140719566 0.1268
-7.12694355335044 0.1269
-7.12694477510105 0.127
-7.12695212323386 0.1271
-7.12696721158921 0.1272
-7.12698426140464 0.1273
-7.12700706259636 0.1274
-7.12702970072264 0.1275
-7.12703311384189 0.1276
-7.12704025594496 0.1277
-7.12705089769459 0.1278
-7.1270531123836 0.1279
-7.12705725599311 0.128
-7.12707803753834 0.1281
-7.12709991871342 0.1282
-7.12712012004685 0.1283
-7.12715009888843 0.1284
-7.12717895147125 0.1285
-7.12720815557595 0.1286
-7.12723995009632 0.1287
-7.12726995115801 0.1288
-7.12729271255372 0.1289
-7.12731643261696 0.129
-7.12732727174732 0.1291
-7.12734059793931 0.1292
-7.12734810727869 0.1293
-7.12737831719832 0.1294
-7.12741372327763 0.1295
-7.12745032259117 0.1296
-7.12750075153518 0.1297
-7.12755619198544 0.1298
-7.12761850389995 0.1299
-7.12766701206223 0.13
-7.12768085860565 0.1301
-7.12767853074773 0.1302
-7.1276656125395 0.1303
-7.12764553553434 0.1304
-7.1276150486502 0.1305
-7.12757783689517 0.1306
-7.12752241472336 0.1307
-7.12745699055594 0.1308
-7.12738239149046 0.1309
-7.12729752314029 0.131
-7.12722320929997 0.1311
-7.12714924861009 0.1312
-7.12707714391899 0.1313
-7.1270215201808 0.1314
-7.12697852017947 0.1315
-7.12695083034198 0.1316
-7.12692643095334 0.1317
-7.12690657342356 0.1318
-7.12690991967761 0.1319
-7.12692018618143 0.132
-7.12694081866887 0.1321
-7.12696361116149 0.1322
-7.12699044211751 0.1323
-7.12702159609335 0.1324
-7.12706195722006 0.1325
-7.12711798470555 0.1326
-7.12718957964692 0.1327
-7.12727302176333 0.1328
-7.1273588707499 0.1329
-7.12745141293532 0.133
-7.127543481973 0.1331
-7.12762857163482 0.1332
-7.12770810521416 0.1333
-7.12778094556868 0.1334
-7.12785185257438 0.1335
-7.12790558326747 0.1336
-7.12795374776606 0.1337
-7.12798205929539 0.1338
-7.12798595880232 0.1339
-7.12796622466139 0.134
-7.12794196385607 0.1341
-7.12791746054769 0.1342
-7.12788762824092 0.1343
-7.12784924145359 0.1344
-7.12780614808831 0.1345
-7.127747346051 0.1346
-7.1276886927971 0.1347
-7.12762538024026 0.1348
-7.12757899078518 0.1349
-7.12754080956597 0.135
-7.12749809349538 0.1351
-7.12745667689943 0.1352
-7.12744754376126 0.1353
-7.12743973888376 0.1354
-7.12743179154028 0.1355
-7.12743286104917 0.1356
-7.12743970211088 0.1357
-7.12744635778962 0.1358
-7.12746158666405 0.1359
-7.12748949474668 0.136
-7.12752308897112 0.1361
-7.12754796772874 0.1362
-7.12758885972218 0.1363
-7.12761473572911 0.1364
-7.12764317119394 0.1365
-7.12767739277412 0.1366
-7.12771368088913 0.1367
-7.12775483379115 0.1368
-7.12779856058437 0.1369
-7.12785283558091 0.137
-7.12790409800592 0.1371
-7.12794087606459 0.1372
-7.12797027821327 0.1373
-7.1279866392672 0.1374
-7.12799790332458 0.1375
-7.12799124419686 0.1376
-7.1279673404476 0.1377
-7.1279276004094 0.1378
-7.12788840338958 0.1379
-7.12784900291297 0.138
-7.12781114169267 0.1381
-7.12778533079639 0.1382
-7.12776662268693 0.1383
-7.12776550176656 0.1384
-7.12775752088824 0.1385
-7.12775598114109 0.1386
-7.12775346457966 0.1387
-7.12776074616372 0.1388
-7.12778441692747 0.1389
-7.12782276196472 0.139
-7.12785955433151 0.1391
-7.12789924808906 0.1392
-7.12792456242466 0.1393
-7.12793306795671 0.1394
-7.12794279460568 0.1395
-7.12795550105692 0.1396
-7.12795428352311 0.1397
-7.12794203638463 0.1398
-7.12791098480806 0.1399
-7.12787259679999 0.14
-7.12783464358915 0.1401
-7.12779534221132 0.1402
-7.12774442076763 0.1403
-7.12769567368702 0.1404
-7.12763381417585 0.1405
-7.12757285469821 0.1406
-7.12751532661526 0.1407
-7.12745877848039 0.1408
-7.12740861002844 0.1409
-7.12735915832625 0.141
-7.12731665250413 0.1411
-7.12727934938672 0.1412
-7.12725669045373 0.1413
-7.12722399175873 0.1414
-7.12721119282045 0.1415
-7.12718441630182 0.1416
-7.12715951081358 0.1417
-7.12713676931459 0.1418
-7.12710472402443 0.1419
-7.12706823953436 0.142
-7.1270327658683 0.1421
-7.12698645655604 0.1422
-7.1269309564118 0.1423
-7.12687472472874 0.1424
-7.12682624473682 0.1425
-7.12677094300116 0.1426
-7.12670282430952 0.1427
-7.12663132938913 0.1428
-7.12655437211952 0.1429
-7.12648200501362 0.143
-7.12640676975324 0.1431
-7.12633085662654 0.1432
-7.12626402177275 0.1433
-7.12620491677537 0.1434
-7.12614568851065 0.1435
-7.12609938088369 0.1436
-7.1260679057794 0.1437
-7.12604505204556 0.1438
-7.12603238467274 0.1439
-7.12604562758515 0.144
-7.12605445392775 0.1441
-7.1260639105997 0.1442
-7.12608010492771 0.1443
-7.12611557171166 0.1444
-7.12616808931375 0.1445
-7.12622767463717 0.1446
-7.12629923759908 0.1447
-7.12636590538216 0.1448
-7.12644729115273 0.1449
-7.12653532024017 0.145
-7.12661405498108 0.1451
-7.12670657234144 0.1452
-7.12681416107229 0.1453
-7.12693543156436 0.1454
-7.1270480644357 0.1455
-7.12715685801797 0.1456
-7.1272728362136 0.1457
-7.12738925673929 0.1458
-7.12750671437625 0.1459
-7.12760931831856 0.146
-7.12771051733184 0.1461
-7.12780634192561 0.1462
-7.12790075467318 0.1463
-7.12799669608489 0.1464
-7.12807243833959 0.1465
-7.12814979948192 0.1466
-7.12821867644522 0.1467
-7.12827322041886 0.1468
-7.12833282422447 0.1469
-7.12840842080717 0.147
-7.12847644020827 0.1471
-7.12853222223889 0.1472
-7.12857806454521 0.1473
-7.12861473936942 0.1474
-7.12864541133836 0.1475
-7.12867183015258 0.1476
-7.12869416094301 0.1477
-7.12870137658295 0.1478
-7.1287088188134 0.1479
-7.12868755283546 0.148
-7.12864330847813 0.1481
-7.12858731242804 0.1482
-7.12852718076568 0.1483
-7.12846712055154 0.1484
-7.12841305163148 0.1485
-7.12834631000392 0.1486
-7.12828550492133 0.1487
-7.12822648162969 0.1488
-7.12816567965203 0.1489
-7.12810899917427 0.149
-7.12804238178018 0.1491
-7.12796997864806 0.1492
-7.1279005919091 0.1493
-7.12782884592444 0.1494
-7.127765487751 0.1495
-7.12769583666043 0.1496
-7.12761432745585 0.1497
-7.12752166389263 0.1498
-7.12742908147393 0.1499
-7.12735190053541 0.15
-7.1272571658989 0.1501
-7.12714919721483 0.1502
-7.12705317396724 0.1503
-7.12695750747662 0.1504
-7.1268515989361 0.1505
-7.1267568448769 0.1506
-7.12665825031865 0.1507
-7.12657505315357 0.1508
-7.12649315757677 0.1509
-7.12641364489287 0.151
-7.12634103370655 0.1511
-7.12626337339243 0.1512
-7.12619208129815 0.1513
-7.12610843249469 0.1514
-7.12603356670603 0.1515
-7.12595562279342 0.1516
-7.12587289822978 0.1517
-7.12578695029492 0.1518
-7.12570438816444 0.1519
-7.12562370784632 0.152
-7.12554220671864 0.1521
-7.12545384087955 0.1522
-7.12537867721246 0.1523
-7.12531551982408 0.1524
-7.12525944833487 0.1525
-7.12522912641112 0.1526
-7.12519609269991 0.1527
-7.12517809037883 0.1528
-7.12516818853057 0.1529
-7.12516170942235 0.153
-7.12517601638001 0.1531
-7.12520946578997 0.1532
-7.12524606537708 0.1533
-7.12528047666516 0.1534
-7.12533460103063 0.1535
-7.12538493739372 0.1536
-7.12544568100571 0.1537
-7.12551364547826 0.1538
-7.12558464093206 0.1539
-7.12564487289856 0.154
-7.12571587896292 0.1541
-7.12578484694013 0.1542
-7.12584195672334 0.1543
-7.12588278963402 0.1544
-7.12591585983646 0.1545
-7.12591980651827 0.1546
-7.12591313003157 0.1547
-7.12590603099534 0.1548
-7.12588501550468 0.1549
-7.12586363713792 0.155
-7.12583635068417 0.1551
-7.12579717813945 0.1552
-7.12576783028136 0.1553
-7.1257434474249 0.1554
-7.12573293978415 0.1555
-7.12571992427625 0.1556
-7.12571299874649 0.1557
-7.12571997959877 0.1558
-7.12573853015986 0.1559
-7.12577006693271 0.156
-7.12580527483375 0.1561
-7.12585411019477 0.1562
-7.12590469682491 0.1563
-7.12596640952383 0.1564
-7.12603805608877 0.1565
-7.12610692806793 0.1566
-7.12617467771637 0.1567
-7.12623638316563 0.1568
-7.12629817376 0.1569
-7.12636260704799 0.157
-7.12641699560579 0.1571
-7.12645892155168 0.1572
-7.12648955259219 0.1573
-7.12651792568008 0.1574
-7.12654277660653 0.1575
-7.12656164596032 0.1576
-7.12657868344642 0.1577
-7.12658017574095 0.1578
-7.12656715597242 0.1579
-7.12655852689891 0.158
-7.12656031868307 0.1581
-7.12655570459269 0.1582
-7.12654782498612 0.1583
-7.12654664938633 0.1584
-7.12654225816845 0.1585
-7.12653692651494 0.1586
-7.12652687181051 0.1587
-7.12651035206008 0.1588
-7.12648706263343 0.1589
-7.12645750817426 0.159
-7.12641731205298 0.1591
-7.12636993062536 0.1592
-7.12631972218407 0.1593
-7.12627216876275 0.1594
-7.12622025199086 0.1595
-7.12617079301947 0.1596
-7.12611718310966 0.1597
-7.12608167435959 0.1598
-7.12605017333243 0.1599
-7.12603165646225 0.16
-7.12599420622732 0.1601
-7.12595779731312 0.1602
-7.12592362005786 0.1603
-7.1258882995942 0.1604
-7.12585606699791 0.1605
-7.12582696402278 0.1606
-7.1258044845686 0.1607
-7.125779893002 0.1608
-7.12574983280418 0.1609
-7.1257177641512 0.161
-7.12568264899929 0.1611
-7.12564618047241 0.1612
-7.12561413291539 0.1613
-7.12560582806977 0.1614
-7.12561295948539 0.1615
-7.12562896871558 0.1616
-7.12565189228195 0.1617
-7.12568439562251 0.1618
-7.12573682521225 0.1619
-7.12578779255999 0.162
-7.12585149033454 0.1621
-7.12590324703608 0.1622
-7.12593889435726 0.1623
-7.12597850921719 0.1624
-7.12601150978981 0.1625
-7.12605730980218 0.1626
-7.12611269781421 0.1627
-7.1261912491076 0.1628
-7.12627244990473 0.1629
-7.1263586809132 0.163
-7.12643235074559 0.1631
-7.12650303085318 0.1632
-7.12656389100355 0.1633
-7.12661174678583 0.1634
-7.12664698772986 0.1635
-7.1266911705565 0.1636
-7.12672704334538 0.1637
-7.12676855752356 0.1638
-7.12679213094476 0.1639
-7.12679456071605 0.164
-7.12679792242737 0.1641
-7.12680779427951 0.1642
-7.12680835995352 0.1643
-7.12679231813467 0.1644
-7.12675802685467 0.1645
-7.12672024497649 0.1646
-7.12666367212467 0.1647
-7.12659905713346 0.1648
-7.12653466300347 0.1649
-7.12646390764683 0.165
-7.12638046058478 0.1651
-7.12629436058356 0.1652
-7.12621003590603 0.1653
-7.12613175026299 0.1654
-7.12605515741437 0.1655
-7.1259756238734 0.1656
-7.12590370977113 0.1657
-7.12583761063935 0.1658
-7.12577466347863 0.1659
-7.1257249267938 0.166
-7.12569486143308 0.1661
-7.12566559529044 0.1662
-7.12564330157869 0.1663
-7.12562486213664 0.1664
-7.12561602533284 0.1665
-7.12560990246982 0.1666
-7.12561559648673 0.1667
-7.12562792524851 0.1668
-7.12563174405545 0.1669
-7.12562504492783 0.167
-7.12563162601 0.1671
-7.125635494126 0.1672
-7.12563649748052 0.1673
-7.12564666758994 0.1674
-7.12566231142575 0.1675
-7.12567869227882 0.1676
-7.1256964420155 0.1677
-7.12571643192196 0.1678
-7.12573592033699 0.1679
-7.12575558924739 0.168
-7.12575729807204 0.1681
-7.12575043373828 0.1682
-7.12574617029927 0.1683
-7.12574437919745 0.1684
-7.12574178309474 0.1685
-7.12574026279891 0.1686
-7.12572282491052 0.1687
-7.1257095558525 0.1688
-7.12569545274571 0.1689
-7.12567860881668 0.169
-7.12566535988813 0.1691
-7.125630167025 0.1692
-7.12559217309367 0.1693
-7.12555035977458 0.1694
-7.12550559591321 0.1695
-7.12545981849968 0.1696
-7.12541897176298 0.1697
-7.12536621389023 0.1698
-7.12531313243819 0.1699
-7.1252592934314 0.17
-7.12520816109381 0.1701
-7.12514932614127 0.1702
-7.12507850489499 0.1703
-7.12499026649134 0.1704
-7.12489883719766 0.1705
-7.12481862869904 0.1706
-7.12474779670876 0.1707
-7.12468100587609 0.1708
-7.12460487147058 0.1709
-7.12452888153257 0.171
-7.12445821339185 0.1711
-7.12438944168642 0.1712
-7.1243240621371 0.1713
-7.12427453916428 0.1714
-7.12423886228801 0.1715
-7.12420795412929 0.1716
-7.12418108351406 0.1717
-7.12417777236888 0.1718
-7.124190764423 0.1719
-7.12420913317798 0.172
-7.12425172014675 0.1721
-7.12429998680744 0.1722
-7.12434908106728 0.1723
-7.12441512376919 0.1724
-7.12448486941498 0.1725
-7.12457806870771 0.1726
-7.12468649902521 0.1727
-7.12480642684724 0.1728
-7.12491602985713 0.1729
-7.12501219744081 0.173
-7.12509808596825 0.1731
-7.12518304320594 0.1732
-7.12526223080271 0.1733
-7.1253092883291 0.1734
-7.12535092437015 0.1735
-7.12538340083388 0.1736
-7.12541201378356 0.1737
-7.12543865274031 0.1738
-7.12546295996455 0.1739
-7.12547237012654 0.174
-7.12547720272325 0.1741
-7.125483053456 0.1742
-7.12548215514138 0.1743
-7.12549059653774 0.1744
-7.12550627783146 0.1745
-7.12551409191975 0.1746
-7.1255213977162 0.1747
-7.12553503025835 0.1748
-7.12553015635203 0.1749
-7.12551365888434 0.175
-7.12548351014046 0.1751
-7.12546148171604 0.1752
-7.12544322232058 0.1753
-7.12541349517969 0.1754
-7.12537812223369 0.1755
-7.12533802270354 0.1756
-7.1252984447712 0.1757
-7.12526730284884 0.1758
-7.12522912621208 0.1759
-7.12519313399255 0.176
-7.12517150094898 0.1761
-7.12516871884481 0.1762
-7.12516240306782 0.1763
-7.12517000216724 0.1764
-7.1251828893376 0.1765
-7.12518984852162 0.1766
-7.12520796906351 0.1767
-7.12523220564534 0.1768
-7.1252509491888 0.1769
-7.12526488895783 0.177
-7.12526784883756 0.1771
-7.12524933047782 0.1772
-7.12524595701392 0.1773
-7.12523059544015 0.1774
-7.1252099330235 0.1775
-7.1251764029826 0.1776
-7.12512159690614 0.1777
-7.12506414620811 0.1778
-7.12500286661929 0.1779
-7.12493757296998 0.178
-7.12486842999393 0.1781
-7.12478767018323 0.1782
-7.12469235313353 0.1783
-7.12458061801255 0.1784
-7.12446773856561 0.1785
-7.12436456449195 0.1786
-7.12426829054906 0.1787
-7.12416663570291 0.1788
-7.12405768122446 0.1789
-7.12395726814305 0.179
-7.12386352305461 0.1791
-7.12376634742616 0.1792
-7.12366597502778 0.1793
-7.12356988341332 0.1794
-7.12347468015004 0.1795
-7.12337229975608 0.1796
-7.12326119686405 0.1797
-7.12314895224286 0.1798
-7.12304688998192 0.1799
-7.12294023328554 0.18
-7.12283441843746 0.1801
-7.12271855836519 0.1802
-7.12262102140369 0.1803
-7.1225207148962 0.1804
-7.12243051533699 0.1805
-7.12234188904194 0.1806
-7.12226588113117 0.1807
-7.12221110759115 0.1808
-7.12216205048546 0.1809
-7.12211064557077 0.181
-7.12206565558463 0.1811
-7.12202536028235 0.1812
-7.12197826942694 0.1813
-7.12193236069513 0.1814
-7.12189100305323 0.1815
-7.12185666087376 0.1816
-7.12181667033585 0.1817
-7.12177523300248 0.1818
-7.12173247513947 0.1819
-7.12169416744802 0.182
-7.1216676131428 0.1821
-7.12164375955182 0.1822
-7.12163605553449 0.1823
-7.12163711400115 0.1824
-7.1216402762779 0.1825
-7.1216505405889 0.1826
-7.12166186329974 0.1827
-7.12165986035449 0.1828
-7.1216563583197 0.1829
-7.12165097560459 0.183
-7.12164620960126 0.1831
-7.12166739372647 0.1832
-7.12170219756389 0.1833
-7.12174827854914 0.1834
-7.12178452276546 0.1835
-7.12182602855039 0.1836
-7.12186431784474 0.1837
-7.12189808069998 0.1838
-7.121934789598 0.1839
-7.12198016932609 0.184
-7.12203060563754 0.1841
-7.12208763505744 0.1842
-7.12214243728681 0.1843
-7.12217913404489 0.1844
-7.1222151412678 0.1845
-7.12224277181732 0.1846
-7.1222653122176 0.1847
-7.12229021452358 0.1848
-7.1223245140822 0.1849
-7.1223591726942 0.185
-7.12237843206794 0.1851
-7.1223954337215 0.1852
-7.12240968125087 0.1853
-7.12240735929667 0.1854
-7.12240045635742 0.1855
-7.12237241981596 0.1856
-7.12233106660532 0.1857
-7.12228712987235 0.1858
-7.12223724599091 0.1859
-7.12218876959557 0.186
-7.12212936142692 0.1861
-7.12206530708566 0.1862
-7.12199267223198 0.1863
-7.12192382278105 0.1864
-7.12186147094059 0.1865
-7.12180457096867 0.1866
-7.12175604188008 0.1867
-7.12170947970603 0.1868
-7.12167029676723 0.1869
-7.12164750216298 0.187
-7.12163976730331 0.1871
-7.12163550908531 0.1872
-7.12164605427161 0.1873
-7.12165829387896 0.1874
-7.12167746189171 0.1875
-7.12170891364971 0.1876
-7.12174975309257 0.1877
-7.12178152101045 0.1878
-7.12180633514758 0.1879
-7.12183135420379 0.188
-7.1218718608855 0.1881
-7.12191227420288 0.1882
-7.12195513625152 0.1883
-7.12200051645884 0.1884
-7.12204515318143 0.1885
-7.12207096820536 0.1886
-7.12209513251987 0.1887
-7.12211625689065 0.1888
-7.12213842310249 0.1889
-7.12214511601403 0.189
-7.12214750243911 0.1891
-7.12213739011247 0.1892
-7.12212139160285 0.1893
-7.12210540728961 0.1894
-7.12209904868235 0.1895
-7.12209021924183 0.1896
-7.12206850801394 0.1897
-7.12204440034584 0.1898
-7.12201835346629 0.1899
-7.12199739479493 0.19
-7.12199462186657 0.1901
-7.12197809635713 0.1902
-7.12195946691345 0.1903
-7.12193162495476 0.1904
-7.1218924994744 0.1905
-7.12186475104099 0.1906
-7.12183142354812 0.1907
-7.12180673091059 0.1908
-7.12180234056041 0.1909
-7.12179936555418 0.191
-7.1217921347719 0.1911
-7.12178821739753 0.1912
-7.12179700278506 0.1913
-7.12180422565226 0.1914
-7.1217983550574 0.1915
-7.12178749230335 0.1916
-7.12179680426675 0.1917
-7.12181132622691 0.1918
-7.12184789582399 0.1919
-7.1219056713792 0.192
-7.12194287390711 0.1921
-7.12198843834692 0.1922
-7.1220362385475 0.1923
-7.12207270298554 0.1924
-7.12212857775259 0.1925
-7.12218515717291 0.1926
-7.12222539514581 0.1927
-7.12226245289146 0.1928
-7.12230570584861 0.1929
-7.12234861999899 0.193
-7.1223865683258 0.1931
-7.12243292095831 0.1932
-7.12247449225236 0.1933
-7.122499172187 0.1934
-7.12251760929198 0.1935
-7.12253008020235 0.1936
-7.12253986396666 0.1937
-7.12253861174311 0.1938
-7.12253735175189 0.1939
-7.12253540183315 0.194
-7.12252942322992 0.1941
-7.12251636473645 0.1942
-7.12251971461478 0.1943
-7.12254394056042 0.1944
-7.12258527369299 0.1945
-7.12264018554676 0.1946
-7.12270758457072 0.1947
-7.1227737759212 0.1948
-7.12283974924882 0.1949
-7.12290717600684 0.195
-7.1229694214446 0.1951
-7.12303149185671 0.1952
-7.12310558333248 0.1953
-7.12317295961498 0.1954
-7.12324263226829 0.1955
-7.1233010873965 0.1956
-7.12335617813585 0.1957
-7.12341263236356 0.1958
-7.12347180528755 0.1959
-7.12352344117803 0.196
-7.12356337534052 0.1961
-7.12359808446331 0.1962
-7.12361655749318 0.1963
-7.12361910307491 0.1964
-7.12361223230104 0.1965
-7.12358805116977 0.1966
-7.12354918197849 0.1967
-7.12349424669593 0.1968
-7.12344686956181 0.1969
-7.12338632296588 0.197
-7.12331915184705 0.1971
-7.12325748111288 0.1972
-7.12318792153998 0.1973
-7.12311695148635 0.1974
-7.12305517991972 0.1975
-7.12299734050499 0.1976
-7.12294461766485 0.1977
-7.12290066241492 0.1978
-7.12287469439553 0.1979
-7.12286709228644 0.198
-7.12287622316727 0.1981
-7.12289380073369 0.1982
-7.12294315858572 0.1983
-7.12301488487103 0.1984
-7.12308547916925 0.1985
-7.12317591148831 0.1986
-7.12328339168892 0.1987
-7.12339271025445 0.1988
-7.12350972843825 0.1989
-7.12363164197352 0.199
-7.12376883914533 0.1991
-7.12388029512423 0.1992
-7.12398422755759 0.1993
-7.12407881329051 0.1994
-7.12417114688947 0.1995
-7.12425957426648 0.1996
-7.12434331547472 0.1997
-7.1244202195066 0.1998
-7.12449459982017 0.1999
-7.12456673625614 0.2
-7.12462813150315 0.2001
-7.12468130972811 0.2002
-7.12473991320226 0.2003
-7.12479119105031 0.2004
-7.1248487652547 0.2005
-7.12489235843004 0.2006
-7.12493448172235 0.2007
-7.12497762988325 0.2008
-7.12502070961372 0.2009
-7.1250607323203 0.201
-7.12510372445219 0.2011
-7.12514400688251 0.2012
-7.12519119035069 0.2013
-7.12522567052843 0.2014
-7.12525456460248 0.2015
-7.12525920198982 0.2016
-7.12525943711123 0.2017
-7.12523845511726 0.2018
-7.12519881617036 0.2019
-7.12515432576726 0.202
-7.1251090263441 0.2021
-7.125046544175 0.2022
-7.12497136237841 0.2023
-7.12488261676204 0.2024
-7.12477602136423 0.2025
-7.12465978019766 0.2026
-7.12453873007803 0.2027
-7.12440267046615 0.2028
-7.12424715006363 0.2029
-7.1240897001494 0.203
-7.12394559071272 0.2031
-7.12381400945622 0.2032
-7.12369578304281 0.2033
-7.12357771967335 0.2034
-7.12347628440275 0.2035
-7.12337047228332 0.2036
-7.12328247358359 0.2037
-7.12322647651589 0.2038
-7.12318795329759 0.2039
-7.1231562438941 0.204
-7.12314767850789 0.2041
-7.12315431905561 0.2042
-7.12318201178582 0.2043
-7.12321223392058 0.2044
-7.12324532182545 0.2045
-7.12328929793321 0.2046
-7.12334188233074 0.2047
-7.12338607444718 0.2048
-7.12342235305888 0.2049
-7.12344189468727 0.205
-7.12344790565833 0.2051
-7.12346294633931 0.2052
-7.12346003282213 0.2053
-7.12345456565917 0.2054
-7.1234275368402 0.2055
-7.12339274620574 0.2056
-7.1233522449519 0.2057
-7.12332170353584 0.2058
-7.1232818236051 0.2059
-7.12324522367019 0.206
-7.12321309347874 0.2061
-7.1232050015483 0.2062
-7.12319595194344 0.2063
-7.12319220426703 0.2064
-7.12317813135399 0.2065
-7.12317281578364 0.2066
-7.1231843009684 0.2067
-7.12320932652148 0.2068
-7.12322996834175 0.2069
-7.12325443457468 0.207
-7.12326908558441 0.2071
-7.12328540499234 0.2072
-7.12330137050875 0.2073
-7.12330898424001 0.2074
-7.12332251014708 0.2075
-7.12333017663243 0.2076
-7.12333240738431 0.2077
-7.12333208556524 0.2078
-7.12333807531176 0.2079
-7.12334196181071 0.208
-7.12334988879923 0.2081
-7.123359402207 0.2082
-7.12337822948665 0.2083
-7.1233998620347 0.2084
-7.12342785680849 0.2085
-7.12345037517047 0.2086
-7.12348007289163 0.2087
-7.12350197687589 0.2088
-7.12352540379365 0.2089
-7.12354571269174 0.209
-7.12356473246281 0.2091
-7.12358117792812 0.2092
-7.12357710707284 0.2093
-7.12356096034062 0.2094
-7.12353780013801 0.2095
-7.12349766597515 0.2096
-7.12343642500367 0.2097
-7.12336538002003 0.2098
-7.12328793770184 0.2099
-7.12320700753404 0.21
-7.12311818671294 0.2101
-7.12303496881676 0.2102
-7.12295184462944 0.2103
-7.1228743081786 0.2104
-7.12279039070062 0.2105
-7.1227053365616 0.2106
-7.12260797356159 0.2107
-7.12252171316877 0.2108
-7.12244601581867 0.2109
-7.12237251796266 0.211
-7.12229579658478 0.2111
-7.12223215894075 0.2112
-7.12218303548885 0.2113
-7.12213682198476 0.2114
-7.12207955848936 0.2115
-7.122029831882 0.2116
-7.12197609724964 0.2117
-7.12193218169132 0.2118
-7.12189516126517 0.2119
-7.12185745312455 0.212
-7.12182614574004 0.2121
-7.12179441052678 0.2122
-7.1217831807558 0.2123
-7.12176373386205 0.2124
-7.12175190339369 0.2125
-7.12175565373584 0.2126
-7.12177681604708 0.2127
-7.12181223182787 0.2128
-7.12184747054301 0.2129
-7.12190301078681 0.213
-7.12195610385412 0.2131
-7.12201642226861 0.2132
-7.1220930555162 0.2133
-7.12215583974679 0.2134
-7.12220678890708 0.2135
-7.12225348937183 0.2136
-7.12230574840045 0.2137
-7.1223420711289 0.2138
-7.12238996711387 0.2139
-7.12241887073751 0.214
-7.12242990564493 0.2141
-7.12242557473586 0.2142
-7.12241318056396 0.2143
-7.12238502536898 0.2144
-7.12235362686582 0.2145
-7.12232737319311 0.2146
-7.1223070822903 0.2147
-7.12228859542036 0.2148
-7.12227276838367 0.2149
-7.12226036581111 0.215
-7.1222457450955 0.2151
-7.1222216815517 0.2152
-7.12218305822878 0.2153
-7.12214077464201 0.2154
-7.12210065053446 0.2155
-7.12206199693696 0.2156
-7.12201353674782 0.2157
-7.12196345052575 0.2158
-7.12190784748444 0.2159
-7.12184592781705 0.216
-7.12178201617503 0.2161
-7.12172799305179 0.2162
-7.12167116211116 0.2163
-7.12161774449646 0.2164
-7.12158366170949 0.2165
-7.12156012238501 0.2166
-7.12155231350465 0.2167
-7.12155982366526 0.2168
-7.12156035222034 0.2169
-7.12155343329536 0.217
-7.12155311136156 0.2171
-7.121559437957 0.2172
-7.12157722946769 0.2173
-7.12159810409924 0.2174
-7.12161023588333 0.2175
-7.12162603876331 0.2176
-7.12163802051692 0.2177
-7.12165643572768 0.2178
-7.12165962502732 0.2179
-7.12165516109788 0.218
-7.12164314644925 0.2181
-7.1216170925303 0.2182
-7.12158475938871 0.2183
-7.12155952707767 0.2184
-7.12153230878817 0.2185
-7.12150477706389 0.2186
-7.12147961638072 0.2187
-7.12145604321297 0.2188
-7.12143824121681 0.2189
-7.12142410473505 0.219
-7.12141542345427 0.2191
-7.12140666991281 0.2192
-7.1213990615451 0.2193
-7.12139339915537 0.2194
-7.12139473472402 0.2195
-7.12140498247052 0.2196
-7.12140618516543 0.2197
-7.1214078692498 0.2198
-7.12141378789522 0.2199
-7.12140728518897 0.22
-7.12141153645279 0.2201
-7.12141559228505 0.2202
-7.12143120934075 0.2203
-7.12144811143571 0.2204
-7.12146074713424 0.2205
-7.12148437216556 0.2206
-7.12152206910837 0.2207
-7.12155938380471 0.2208
-7.12159204826476 0.2209
-7.12162129069254 0.221
-7.12166019894036 0.2211
-7.12168376685909 0.2212
-7.12172038075078 0.2213
-7.12177536887139 0.2214
-7.12183037683727 0.2215
-7.12189207557437 0.2216
-7.1219612654903 0.2217
-7.12204417269349 0.2218
-7.12211227436363 0.2219
-7.12216863335685 0.222
-7.12222023131185 0.2221
-7.12226146654615 0.2222
-7.12227657426342 0.2223
-7.12228615804534 0.2224
-7.12229198677508 0.2225
-7.1223082247028 0.2226
-7.12232628217051 0.2227
-7.12234811965039 0.2228
-7.12235412183153 0.2229
-7.12235275002243 0.223
-7.12234905750683 0.2231
-7.12235027898847 0.2232
-7.12234581463685 0.2233
-7.12233637995931 0.2234
-7.12232754303714 0.2235
-7.12231335957943 0.2236
-7.12229928110601 0.2237
-7.12228651023352 0.2238
-7.12228196428372 0.2239
-7.12227590678817 0.224
-7.12226764253067 0.2241
-7.12225211283231 0.2242
-7.12222476624287 0.2243
-7.12219729185276 0.2244
-7.12215902622434 0.2245
-7.12212029064215 0.2246
-7.12208284913869 0.2247
-7.12204661077881 0.2248
-7.12200597489545 0.2249
-7.12197540256654 0.225
-7.12194031737965 0.2251
-7.1219072759769 0.2252
-7.12188331815676 0.2253
-7.12184114735829 0.2254
-7.12181871664037 0.2255
-7.12181318184395 0.2256
-7.12181392778711 0.2257
-7.12181160339847 0.2258
-7.12181544557721 0.2259
-7.12181608944518 0.226
-7.12183977504775 0.2261
-7.12187065673918 0.2262
-7.12191472960012 0.2263
-7.1219629511195 0.2264
-7.12201600174549 0.2265
-7.12206977844791 0.2266
-7.12211825391315 0.2267
-7.12216015037675 0.2268
-7.12221215247422 0.2269
-7.12225318746784 0.227
-7.12229311297217 0.2271
-7.12232544853742 0.2272
-7.12237530134845 0.2273
-7.12242167628657 0.2274
-7.12246417766235 0.2275
-7.12249354081541 0.2276
-7.12251599820755 0.2277
-7.12252433672985 0.2278
-7.12252365459015 0.2279
-7.12251360650349 0.228
-7.12248044055074 0.2281
-7.12243809234671 0.2282
-7.12239057260214 0.2283
-7.12233052015686 0.2284
-7.12226825932061 0.2285
-7.12219705321922 0.2286
-7.1221459158256 0.2287
-7.12209903048151 0.2288
-7.12205338813755 0.2289
-7.122000965355 0.229
-7.12194439235746 0.2291
-7.1218991107445 0.2292
-7.12186794558998 0.2293
-7.12185116257613 0.2294
-7.12183360048165 0.2295
-7.12182173348288 0.2296
-7.12181184301747 0.2297
-7.12180613645117 0.2298
-7.12180502011094 0.2299
-7.12181777469942 0.23
-7.12184120346601 0.2301
-7.1218853078064 0.2302
-7.12193761660699 0.2303
-7.12198626850422 0.2304
-7.12203926613641 0.2305
-7.12208832490149 0.2306
-7.12214383441464 0.2307
-7.12218911488691 0.2308
-7.1222286475253 0.2309
-7.12225967171184 0.231
-7.12229600867175 0.2311
-7.12232767009244 0.2312
-7.12234494506133 0.2313
-7.12235470763637 0.2314
-7.12236736146696 0.2315
-7.12237060859372 0.2316
-7.12235426248937 0.2317
-7.12232766900613 0.2318
-7.12229262787478 0.2319
-7.12225052121381 0.232
-7.12221055723209 0.2321
-7.12216165367018 0.2322
-7.12210011876964 0.2323
-7.12202596638958 0.2324
-7.12194041616689 0.2325
-7.12184900458977 0.2326
-7.12174541457031 0.2327
-7.12162172158643 0.2328
-7.12151663385021 0.2329
-7.12139827433576 0.233
-7.12128142817795 0.2331
-7.12115184669928 0.2332
-7.12103073355371 0.2333
-7.12090926941604 0.2334
-7.12079870743032 0.2335
-7.12067376067719 0.2336
-7.12055179612798 0.2337
-7.12043057749445 0.2338
-7.12030303616922 0.2339
-7.12019189793572 0.234
-7.12009074918772 0.2341
-7.12000564981438 0.2342
-7.11992022070584 0.2343
-7.11984197049826 0.2344
-7.11977938744165 0.2345
-7.11972978003378 0.2346
-7.11968977434463 0.2347
-7.11965231780605 0.2348
-7.11962594175212 0.2349
-7.1196210978429 0.235
-7.11962210990404 0.2351
-7.11962945661289 0.2352
-7.11963672342222 0.2353
-7.11963573019457 0.2354
-7.11963804981862 0.2355
-7.11966091772352 0.2356
-7.11967535607292 0.2357
-7.11969678507185 0.2358
-7.11972060082756 0.2359
-7.11974331596156 0.236
-7.11977628684853 0.2361
-7.11979605624598 0.2362
-7.11981013360184 0.2363
-7.11982286185343 0.2364
-7.11983081086523 0.2365
-7.11986703955786 0.2366
-7.11989606677783 0.2367
-7.11992983850633 0.2368
-7.11996663916201 0.2369
-7.11999863685052 0.237
-7.1200362055348 0.2371
-7.12007624624882 0.2372
-7.12013031308034 0.2373
-7.12017948155875 0.2374
-7.12023228283512 0.2375
-7.120282710027 0.2376
-7.12032267806917 0.2377
-7.12035648129364 0.2378
-7.12039343758456 0.2379
-7.12043555864596 0.238
-7.12048305332345 0.2381
-7.12053079884717 0.2382
-7.1205813419396 0.2383
-7.12063852174928 0.2384
-7.12069740329022 0.2385
-7.12075677546515 0.2386
-7.12082998550815 0.2387
-7.12091685053624 0.2388
-7.12100294968083 0.2389
-7.12109705742803 0.239
-7.12118725951577 0.2391
-7.12128230847319 0.2392
-7.12137223500778 0.2393
-7.12146715961259 0.2394
-7.12155600222104 0.2395
-7.12164003035963 0.2396
-7.12171895716893 0.2397
-7.12178626069912 0.2398
-7.12184565733039 0.2399
-7.12190237094649 0.24
-7.12193854279436 0.2401
-7.12196215096304 0.2402
-7.12196790719968 0.2403
-7.12195884938369 0.2404
-7.12194380199582 0.2405
-7.12190622371433 0.2406
-7.12185160429254 0.2407
-7.12178191904508 0.2408
-7.12169295712209 0.2409
-7.12160701318066 0.241
-7.12150549241582 0.2411
-7.121385995954 0.2412
-7.1212514772764 0.2413
-7.1211130973855 0.2414
-7.120975248835 0.2415
-7.12083174534123 0.2416
-7.1206994594574 0.2417
-7.12058639025827 0.2418
-7.1204967426517 0.2419
-7.12042311889804 0.242
-7.12037238370679 0.2421
-7.12032651952066 0.2422
-7.12027438963992 0.2423
-7.120232641374 0.2424
-7.12019889584479 0.2425
-7.12016132509084 0.2426
-7.12011182978531 0.2427
-7.12005814274112 0.2428
-7.12002298820491 0.2429
-7.11997870861713 0.243
-7.11995236862337 0.2431
-7.11992166883075 0.2432
-7.1199019970143 0.2433
-7.11987993735709 0.2434
-7.11986608605213 0.2435
-7.11984723268725 0.2436
-7.11981094232099 0.2437
-7.11977267912342 0.2438
-7.11972704030983 0.2439
-7.11968199018731 0.244
-7.11962612509253 0.2441
-7.1195675708726 0.2442
-7.11948488516369 0.2443
-7.11939606689319 0.2444
-7.11930815167113 0.2445
-7.11921392046711 0.2446
-7.11911221253651 0.2447
-7.11900461516438 0.2448
-7.11887956170823 0.2449
-7.11874883102262 0.245
-7.1186261178029 0.2451
-7.11850066618802 0.2452
-7.11840528830027 0.2453
-7.11831660507806 0.2454
-7.1182304741063 0.2455
-7.11816268498163 0.2456
-7.11811605237133 0.2457
-7.11808331919924 0.2458
-7.11806252405186 0.2459
-7.11806791595367 0.246
-7.11809251585488 0.2461
-7.11813906079825 0.2462
-7.11819973439305 0.2463
-7.11829274476473 0.2464
-7.11839445340371 0.2465
-7.11849599117594 0.2466
-7.11860763803925 0.2467
-7.11871045064945 0.2468
-7.11882540462083 0.2469
-7.1189483718086 0.247
-7.11907095610273 0.2471
-7.11919621059799 0.2472
-7.1193164066267 0.2473
-7.11943773322558 0.2474
-7.11955050731596 0.2475
-7.11964053505008 0.2476
-7.11971056201943 0.2477
-7.11976144540599 0.2478
-7.11979574329962 0.2479
-7.11982402252776 0.248
-7.11983740835869 0.2481
-7.1198545302294 0.2482
-7.11985054371551 0.2483
-7.11982714712774 0.2484
-7.1198026699869 0.2485
-7.11978711374122 0.2486
-7.11975927607312 0.2487
-7.11972267971451 0.2488
-7.11968828686245 0.2489
-7.11966356317714 0.249
-7.11964430791182 0.2491
-7.11962985310823 0.2492
-7.11962072816012 0.2493
-7.11961887799768 0.2494
-7.11960651647599 0.2495
-7.11959438608358 0.2496
-7.11958095079932 0.2497
-7.11958393557414 0.2498
-7.11958540696162 0.2499
-7.11958479981663 0.25
-7.11958435622684 0.2501
-7.11957333879123 0.2502
-7.11955839045863 0.2503
-7.11953539266365 0.2504
-7.11949648245516 0.2505
-7.11945341005428 0.2506
-7.11941819378274 0.2507
-7.11937874217481 0.2508
-7.11934185124266 0.2509
-7.11928842059892 0.251
-7.11923269845117 0.2511
-7.11917709887579 0.2512
-7.11911644835844 0.2513
-7.11906304674535 0.2514
-7.11899941249925 0.2515
-7.11894480078005 0.2516
-7.11890692625555 0.2517
-7.11886265544094 0.2518
-7.11882074915678 0.2519
-7.11878574930569 0.252
-7.11875330202872 0.2521
-7.11873742748514 0.2522
-7.11873013019371 0.2523
-7.11875249597692 0.2524
-7.11879270369429 0.2525
-7.11883656490401 0.2526
-7.11889235410661 0.2527
-7.11895335820333 0.2528
-7.11900631295881 0.2529
-7.11906081234022 0.253
-7.11910370378085 0.2531
-7.11914198945743 0.2532
-7.119184818802 0.2533
-7.11923116149454 0.2534
-7.1192817059799 0.2535
-7.11930991100835 0.2536
-7.11932563949367 0.2537
-7.11932274927917 0.2538
-7.11928959906447 0.2539
-7.11923914543651 0.254
-7.11919589611485 0.2541
-7.11913967253244 0.2542
-7.11907835360822 0.2543
-7.11901520282811 0.2544
-7.11895507393442 0.2545
-7.11888664479266 0.2546
-7.11880613518366 0.2547
-7.11871698041626 0.2548
-7.11863411399686 0.2549
-7.11854054317004 0.255
-7.11843269489776 0.2551
-7.11832046615803 0.2552
-7.11821567892167 0.2553
-7.1181086591072 0.2554
-7.11801488987938 0.2555
-7.11793199474347 0.2556
-7.11784565064929 0.2557
-7.11776186349417 0.2558
-7.11766467186102 0.2559
-7.11757113785623 0.256
-7.1174746887419 0.2561
-7.11737714190422 0.2562
-7.11729291488005 0.2563
-7.11723478094937 0.2564
-7.11717681560029 0.2565
-7.11712394732688 0.2566
-7.11707352155386 0.2567
-7.11702914791697 0.2568
-7.11697348731003 0.2569
-7.11692696998717 0.257
-7.11688509333869 0.2571
-7.11683504074314 0.2572
-7.1167835537934 0.2573
-7.11673322123957 0.2574
-7.11669190897826 0.2575
-7.11665823731643 0.2576
-7.11664110116455 0.2577
-7.11662552686685 0.2578
-7.11661374797033 0.2579
-7.11661507279061 0.258
-7.11661838826247 0.2581
-7.11662821666284 0.2582
-7.11663596137892 0.2583
-7.11665903650563 0.2584
-7.11670061370433 0.2585
-7.11674363805858 0.2586
-7.11679496019117 0.2587
-7.11685501586297 0.2588
-7.11692299891805 0.2589
-7.116992198339 0.259
-7.11707904117022 0.2591
-7.11717616444675 0.2592
-7.11727139567091 0.2593
-7.11736499100307 0.2594
-7.11747596733499 0.2595
-7.11758876062095 0.2596
-7.11771736122778 0.2597
-7.11786367259507 0.2598
-7.11802133992875 0.2599
-7.11816405895041 0.26
-7.11829799839606 0.2601
-7.11843333516885 0.2602
-7.11856237675244 0.2603
-7.11869489239934 0.2604
-7.11881399347568 0.2605
-7.11892405686791 0.2606
-7.11902610401988 0.2607
-7.11911581221162 0.2608
-7.11918674714366 0.2609
-7.11925894552775 0.261
-7.11932326878576 0.2611
-7.11936868060888 0.2612
-7.11940568382537 0.2613
-7.11944401096992 0.2614
-7.1194836280423 0.2615
-7.11952097222053 0.2616
-7.11956387002306 0.2617
-7.11961559452509 0.2618
-7.11965745608435 0.2619
-7.1197073207945 0.262
-7.11976150890714 0.2621
-7.11980821744972 0.2622
-7.11985970885899 0.2623
-7.11991700026438 0.2624
-7.11998186461654 0.2625
-7.12004341457868 0.2626
-7.12008125279272 0.2627
-7.12011828001113 0.2628
-7.12015293118101 0.2629
-7.12019640405529 0.263
-7.12022307749949 0.2631
-7.12025624957589 0.2632
-7.12027603220576 0.2633
-7.12027368372778 0.2634
-7.1202536404186 0.2635
-7.12022034657752 0.2636
-7.12016521268567 0.2637
-7.12007575437516 0.2638
-7.1199776482064 0.2639
-7.11986613741918 0.264
-7.11974117878384 0.2641
-7.11961330165851 0.2642
-7.11946892237926 0.2643
-7.11930982306674 0.2644
-7.11913362407809 0.2645
-7.11897841531391 0.2646
-7.11881469332374 0.2647
-7.11862825342249 0.2648
-7.11845428390606 0.2649
-7.11829044838218 0.265
-7.11814075417842 0.2651
-7.11799941972745 0.2652
-7.11787963555859 0.2653
-7.11777281975691 0.2654
-7.11766203065518 0.2655
-7.11757136814307 0.2656
-7.11748159138405 0.2657
-7.11738908229812 0.2658
-7.11731362979244 0.2659
-7.11725513148608 0.266
-7.11719939039461 0.2661
-7.1171542344397 0.2662
-7.11710324061283 0.2663
-7.1170591464531 0.2664
-7.11701809550079 0.2665
-7.1169915595222 0.2666
-7.11698802774293 0.2667
-7.11699659867711 0.2668
-7.1170044511352 0.2669
-7.11701147393031 0.267
-7.11702354903737 0.2671
-7.11702565838673 0.2672
-7.11702934755478 0.2673
-7.11702096447589 0.2674
-7.11700076044841 0.2675
-7.11696964255203 0.2676
-7.1169228942389 0.2677
-7.11686406800244 0.2678
-7.11680688495807 0.2679
-7.11673747338259 0.268
-7.11666268595318 0.2681
-7.11657241172454 0.2682
-7.11647715607911 0.2683
-7.11638596207501 0.2684
-7.11628149159888 0.2685
-7.11617908995334 0.2686
-7.11608893482411 0.2687
-7.11600463142532 0.2688
-7.11591887751744 0.2689
-7.11582892198925 0.269
-7.11576000197431 0.2691
-7.11569546324716 0.2692
-7.11562016587395 0.2693
-7.11554813920211 0.2694
-7.11546809389871 0.2695
-7.11538649941616 0.2696
-7.11531183860801 0.2697
-7.11524098734009 0.2698
-7.11517672967812 0.2699
-7.11511219893122 0.27
-7.11504158959405 0.2701
-7.11496483397081 0.2702
-7.11488052741524 0.2703
-7.11479255558351 0.2704
-7.1147283533224 0.2705
-7.1146750376417 0.2706
-7.11463023069651 0.2707
-7.11460570339986 0.2708
-7.1146106801411 0.2709
-7.11463509012775 0.271
-7.11466675947092 0.2711
-7.11471237600359 0.2712
-7.11476178654341 0.2713
-7.11481915762641 0.2714
-7.11487981143993 0.2715
-7.11492828839467 0.2716
-7.11498351406299 0.2717
-7.11504818838496 0.2718
-7.11512648433654 0.2719
-7.11521879368784 0.272
-7.11532086870634 0.2721
-7.11541787040716 0.2722
-7.11552624754415 0.2723
-7.115643079398 0.2724
-7.11576204886398 0.2725
-7.11588077716296 0.2726
-7.11600993447898 0.2727
-7.11610896800719 0.2728
-7.11620937469406 0.2729
-7.11630897400137 0.273
-7.11638600660068 0.2731
-7.11645179113521 0.2732
-7.11650549982728 0.2733
-7.11655046586239 0.2734
-7.11658401758741 0.2735
-7.11660350999615 0.2736
-7.11660480087782 0.2737
-7.11658179067869 0.2738
-7.11655883893883 0.2739
-7.11653250047308 0.274
-7.1165118577609 0.2741
-7.11647718833664 0.2742
-7.11644163230207 0.2743
-7.11638651792628 0.2744
-7.11633278929393 0.2745
-7.11628784033279 0.2746
-7.1162550499384 0.2747
-7.11624393007928 0.2748
-7.11625242996408 0.2749
-7.11627558586393 0.275
-7.11631182004585 0.2751
-7.11635886014491 0.2752
-7.11641351717086 0.2753
-7.11647047013389 0.2754
-7.11653002475899 0.2755
-7.11658995431199 0.2756
-7.11663912973792 0.2757
-7.11668281184398 0.2758
-7.11673783197369 0.2759
-7.11679602654043 0.276
-7.11685683458056 0.2761
-7.11692068122681 0.2762
-7.11696680246675 0.2763
-7.11701299805447 0.2764
-7.11705238776215 0.2765
-7.11709109755271 0.2766
-7.1171294137163 0.2767
-7.11715676369955 0.2768
-7.11717000039974 0.2769
-7.11719366978961 0.277
-7.11721239522165 0.2771
-7.11723599186458 0.2772
-7.11726350137393 0.2773
-7.11729243541381 0.2774
-7.11733324657797 0.2775
-7.11737674173779 0.2776
-7.11742202345083 0.2777
-7.11746909470247 0.2778
-7.11750360154294 0.2779
-7.11753967485143 0.278
-7.11757493310451 0.2781
-7.11762500798313 0.2782
-7.11767505447353 0.2783
-7.11771931808621 0.2784
-7.11775980613004 0.2785
-7.11780870567632 0.2786
-7.11786831870816 0.2787
-7.11792134181348 0.2788
-7.11797225869163 0.2789
-7.11802093487326 0.279
-7.11807086517244 0.2791
-7.1180996359545 0.2792
-7.11812394458259 0.2793
-7.11813096056608 0.2794
-7.11812471928241 0.2795
-7.11810891102638 0.2796
-7.11807238284173 0.2797
-7.11802426799486 0.2798
-7.11796192358341 0.2799
-7.11789281051296 0.28
-7.11780957950778 0.2801
-7.11770751818458 0.2802
-7.11758940644997 0.2803
-7.11745805918688 0.2804
-7.11732455616938 0.2805
-7.11720540411504 0.2806
-7.11707324549948 0.2807
-7.11694251475364 0.2808
-7.11681033451817 0.2809
-7.11666452224593 0.281
-7.11651851829925 0.2811
-7.11635373549382 0.2812
-7.11620013246867 0.2813
-7.11604324323865 0.2814
-7.11589073059508 0.2815
-7.11577042407884 0.2816
-7.11564938128971 0.2817
-7.11553408083885 0.2818
-7.11543120860609 0.2819
-7.11533176545502 0.282
-7.11525929991358 0.2821
-7.11521134486319 0.2822
-7.11517868710524 0.2823
-7.11517312237892 0.2824
-7.11518916735402 0.2825
-7.11520067317975 0.2826
-7.1152379442124 0.2827
-7.1152822739231 0.2828
-7.11532480193519 0.2829
-7.11537676572275 0.283
-7.11544420310288 0.2831
-7.11551979627465 0.2832
-7.11559222752982 0.2833
-7.11567701474597 0.2834
-7.11575119337806 0.2835
-7.11581952839245 0.2836
-7.11589769598516 0.2837
-7.11596450553155 0.2838
-7.11603066028851 0.2839
-7.11608290754345 0.284
-7.11612087896503 0.2841
-7.11613231280572 0.2842
-7.11612221951787 0.2843
-7.11611495154341 0.2844
-7.11611041652877 0.2845
-7.11610997100321 0.2846
-7.11610909573875 0.2847
-7.11610057277143 0.2848
-7.11609505713049 0.2849
-7.11608989372601 0.285
-7.11608108468246 0.2851
-7.11607237453134 0.2852
-7.11606862649742 0.2853
-7.11606880335178 0.2854
-7.11605354483282 0.2855
-7.11604640790474 0.2856
-7.11604465597538 0.2857
-7.11605470723331 0.2858
-7.11606251519867 0.2859
-7.11607147456695 0.286
-7.11607004845778 0.2861
-7.11605787963644 0.2862
-7.11604192574144 0.2863
-7.11602715154461 0.2864
-7.11599438988257 0.2865
-7.11594915757349 0.2866
-7.11589029695074 0.2867
-7.11581087061888 0.2868
-7.11572143237747 0.2869
-7.11563923543253 0.287
-7.11553724724969 0.2871
-7.11542302705686 0.2872
-7.11532425631108 0.2873
-7.11522419518026 0.2874
-7.11513117050492 0.2875
-7.11504887804234 0.2876
-7.11497222916815 0.2877
-7.11488876223596 0.2878
-7.11480705803153 0.2879
-7.11472464335972 0.288
-7.11465396448667 0.2881
-7.11458012388876 0.2882
-7.11452552973265 0.2883
-7.11447407717177 0.2884
-7.11441554366163 0.2885
-7.11438590418163 0.2886
-7.11435681680057 0.2887
-7.11432763286315 0.2888
-7.11431539708198 0.2889
-7.11431857113862 0.289
-7.11432782573844 0.2891
-7.11434250242044 0.2892
-7.11436651006047 0.2893
-7.11438988062069 0.2894
-7.11442977165426 0.2895
-7.11447110809463 0.2896
-7.11450594269645 0.2897
-7.11452989779731 0.2898
-7.11454686343014 0.2899
-7.1145608410375 0.29
-7.11457661689532 0.2901
-7.11457684418437 0.2902
-7.11458945349042 0.2903
-7.1146065279113 0.2904
-7.11462925873125 0.2905
-7.11464926234795 0.2906
-7.11466740939255 0.2907
-7.11468758688449 0.2908
-7.11471249464931 0.2909
-7.11473733463353 0.291
-7.11475113373758 0.2911
-7.11476314009455 0.2912
-7.11478874779947 0.2913
-7.11480627580226 0.2914
-7.11482681819726 0.2915
-7.11485889037878 0.2916
-7.11489956938744 0.2917
-7.11494266850457 0.2918
-7.11497914444849 0.2919
-7.11501877982475 0.292
-7.11504256011679 0.2921
-7.11507441478229 0.2922
-7.11510576087387 0.2923
-7.11512184771292 0.2924
-7.11513268909864 0.2925
-7.11513480350137 0.2926
-7.1151484981973 0.2927
-7.11516468420438 0.2928
-7.11516904217808 0.2929
-7.11517465818203 0.293
-7.11518321844488 0.2931
-7.1151904126378 0.2932
-7.1151873047871 0.2933
-7.11518362229377 0.2934
-7.11517036871462 0.2935
-7.11516243410422 0.2936
-7.11512084192962 0.2937
-7.11506675237105 0.2938
-7.11502614072801 0.2939
-7.11497246578415 0.294
-7.114904871118 0.2941
-7.11484277858358 0.2942
-7.11477743411112 0.2943
-7.11473237335838 0.2944
-7.11469259697342 0.2945
-7.11466006259328 0.2946
-7.11462387935614 0.2947
-7.1145868480457 0.2948
-7.1145407734135 0.2949
-7.11449693000235 0.295
-7.11446902651443 0.2951
-7.11444476819243 0.2952
-7.11441723179334 0.2953
-7.11438001826768 0.2954
-7.1143231941968 0.2955
-7.11425474014574 0.2956
-7.11417498690498 0.2957
-7.11409645339167 0.2958
-7.11401528853087 0.2959
-7.11392862524456 0.296
-7.11385329430825 0.2961
-7.11378956093324 0.2962
-7.11371702471598 0.2963
-7.1136485496784 0.2964
-7.11358211201003 0.2965
-7.11351782620899 0.2966
-7.11346636492335 0.2967
-7.11340769096625 0.2968
-7.11337045523906 0.2969
-7.11333360781124 0.297
-7.11329242847457 0.2971
-7.11325258693172 0.2972
-7.11320806386721 0.2973
-7.11316667104908 0.2974
-7.11313519675098 0.2975
-7.11311210452392 0.2976
-7.11309717498169 0.2977
-7.11308886413718 0.2978
-7.11306818237937 0.2979
-7.11304907463725 0.298
-7.11305388963371 0.2981
-7.11304976419803 0.2982
-7.11304735170529 0.2983
-7.1130673496985 0.2984
-7.11310903750632 0.2985
-7.11314683000427 0.2986
-7.11318880659721 0.2987
-7.11324361604739 0.2988
-7.11330568722488 0.2989
-7.1133768138041 0.299
-7.11344614419669 0.2991
-7.11349836558256 0.2992
-7.11355018796595 0.2993
-7.11360063152684 0.2994
-7.11365736129935 0.2995
-7.11371047767717 0.2996
-7.11375761718782 0.2997
-7.11378736542037 0.2998
-7.1138055505141 0.2999
-7.11381663312557 0.3
-7.11383325208111 0.3001
-7.11384648223607 0.3002
-7.11385397593777 0.3003
-7.1138613203032 0.3004
-7.11388617156363 0.3005
-7.11391015353088 0.3006
-7.11393216903656 0.3007
-7.11395299300711 0.3008
-7.11396085853622 0.3009
-7.11396800968632 0.301
-7.11397362442821 0.3011
-7.11398186253673 0.3012
-7.1139938484483 0.3013
-7.11400707745634 0.3014
-7.11400803784564 0.3015
-7.11400626583617 0.3016
-7.11401216502882 0.3017
-7.11401858390816 0.3018
-7.1140219701282 0.3019
-7.11403628259869 0.302
-7.11407485568221 0.3021
-7.11414537249864 0.3022
-7.11423576975958 0.3023
-7.11435041049059 0.3024
-7.11448088256676 0.3025
-7.11461977063584 0.3026
-7.1147554446313 0.3027
-7.11490102485976 0.3028
-7.11506742288771 0.3029
-7.11522889505002 0.303
-7.11537734530841 0.3031
-7.11550960418551 0.3032
-7.11562743033866 0.3033
-7.11574026408191 0.3034
-7.11584057840598 0.3035
-7.11591684025529 0.3036
-7.1159931054408 0.3037
-7.11606080601483 0.3038
-7.11613403206588 0.3039
-7.11619157469597 0.304
-7.11623359030365 0.3041
-7.11628571846006 0.3042
-7.11631889022535 0.3043
-7.11633207000825 0.3044
-7.11633213990517 0.3045
-7.11632214368933 0.3046
-7.11629226368128 0.3047
-7.11626525297847 0.3048
-7.11622743457137 0.3049
-7.11617529808809 0.305
-7.11612028782167 0.3051
-7.11604564334759 0.3052
-7.11595533920417 0.3053
-7.11584842376673 0.3054
-7.11573333790235 0.3055
-7.11561153528521 0.3056
-7.11549526854274 0.3057
-7.11537413930097 0.3058
-7.11525467054897 0.3059
-7.11514308629298 0.306
-7.11502968251035 0.3061
-7.11492112222646 0.3062
-7.11480739207942 0.3063
-7.11468087392697 0.3064
-7.11454807604611 0.3065
-7.11441875814054 0.3066
-7.11429361351601 0.3067
-7.1141893251578 0.3068
-7.11409747482992 0.3069
-7.11402020868785 0.307
-7.11397155907533 0.3071
-7.11393836381514 0.3072
-7.11392336776137 0.3073
-7.11390927092242 0.3074
-7.11390371953556 0.3075
-7.11391140531863 0.3076
-7.11392906603336 0.3077
-7.11395286253234 0.3078
-7.11399676533092 0.3079
-7.11404409873405 0.308
-7.11407671687183 0.3081
-7.11411046696335 0.3082
-7.11413761541904 0.3083
-7.11416499136143 0.3084
-7.11418740915779 0.3085
-7.11419414250516 0.3086
-7.11419410804793 0.3087
-7.11418292950111 0.3088
-7.11415595934321 0.3089
-7.11412241094748 0.309
-7.11408827437863 0.3091
-7.11404593221599 0.3092
-7.11401163085101 0.3093
-7.1139500835465 0.3094
-7.11387822399883 0.3095
-7.11381014976069 0.3096
-7.11373583784945 0.3097
-7.11365618868609 0.3098
-7.11357116439589 0.3099
-7.11349880988128 0.31
-7.1134277671318 0.3101
-7.11336264313984 0.3102
-7.1133238791384 0.3103
-7.11327772327818 0.3104
-7.11323987075259 0.3105
-7.11319734964075 0.3106
-7.11316574222256 0.3107
-7.11312897136703 0.3108
-7.11310947444043 0.3109
-7.11309406143709 0.311
-7.11308030539059 0.3111
-7.11306236596464 0.3112
-7.11303683610556 0.3113
-7.11301142706751 0.3114
-7.11299780539806 0.3115
-7.11299297872101 0.3116
-7.11298716435657 0.3117
-7.11296735409183 0.3118
-7.11295253555864 0.3119
-7.11293804841207 0.312
-7.11293507916989 0.3121
-7.11294294789804 0.3122
-7.11295543164244 0.3123
-7.11296473098398 0.3124
-7.11296411309617 0.3125
-7.11295773183125 0.3126
-7.11294158788912 0.3127
-7.11291132213539 0.3128
-7.11287482839178 0.3129
-7.11282842747034 0.313
-7.11276704122537 0.3131
-7.11271856791511 0.3132
-7.11268488190572 0.3133
-7.11266047776467 0.3134
-7.11263345624618 0.3135
-7.11259662365006 0.3136
-7.11255361697992 0.3137
-7.11251579531689 0.3138
-7.11247045767971 0.3139
-7.11242153337917 0.314
-7.11237415445076 0.3141
-7.11232698567933 0.3142
-7.1122856278188 0.3143
-7.1122552949672 0.3144
-7.11223228760806 0.3145
-7.11222312835145 0.3146
-7.11221865652367 0.3147
-7.11222940937884 0.3148
-7.11226644544271 0.3149
-7.11230974914744 0.315
-7.11236021650553 0.3151
-7.11240500685402 0.3152
-7.11245706751083 0.3153
-7.11249615614978 0.3154
-7.11253316971741 0.3155
-7.11255371028531 0.3156
-7.11256927177522 0.3157
-7.11258529099282 0.3158
-7.11258437215547 0.3159
-7.11257829223141 0.316
-7.11255164804377 0.3161
-7.11250575023196 0.3162
-7.11244358913604 0.3163
-7.11237523882092 0.3164
-7.11230837501941 0.3165
-7.11222010991417 0.3166
-7.11213238938697 0.3167
-7.11203909528815 0.3168
-7.11195401155279 0.3169
-7.11186843254283 0.317
-7.11178419829435 0.3171
-7.11169368861325 0.3172
-7.11160352824277 0.3173
-7.11151459872173 0.3174
-7.11142586781712 0.3175
-7.11133917348118 0.3176
-7.11125597646221 0.3177
-7.11118204091428 0.3178
-7.11112131560127 0.3179
-7.11107313611192 0.318
-7.11103695765001 0.3181
-7.11099564775929 0.3182
-7.11096736675892 0.3183
-7.11094602883228 0.3184
-7.11091563840271 0.3185
-7.11088885182904 0.3186
-7.11087738334188 0.3187
-7.11088308574254 0.3188
-7.11089528706024 0.3189
-7.11089560502074 0.319
-7.11088626048607 0.3191
-7.11087145655921 0.3192
-7.11085506370379 0.3193
-7.11083513635952 0.3194
-7.11081530952789 0.3195
-7.11079386071709 0.3196
-7.1107578501411 0.3197
-7.1107185361976 0.3198
-7.1106824472125 0.3199
-7.1106485741912 0.32
-7.11060777130933 0.3201
-7.11056982304491 0.3202
-7.11052433647761 0.3203
-7.11047928503968 0.3204
-7.1104270398813 0.3205
-7.11038851835522 0.3206
-7.11036142730287 0.3207
-7.11034462203557 0.3208
-7.11033191685979 0.3209
-7.11031957772334 0.321
-7.11029786581903 0.3211
-7.11027383468443 0.3212
-7.11025922613082 0.3213
-7.11025527510575 0.3214
-7.11026515016644 0.3215
-7.1102832618985 0.3216
-7.11030583554562 0.3217
-7.11031902287569 0.3218
-7.11033416573719 0.3219
-7.11034090631166 0.322
-7.1103440253944 0.3221
-7.11035205481405 0.3222
-7.11033809116401 0.3223
-7.11031446956622 0.3224
-7.11028466364158 0.3225
-7.11022946001573 0.3226
-7.11016974613474 0.3227
-7.11010468916057 0.3228
-7.11003385356112 0.3229
-7.10997646827946 0.323
-7.1099290385064 0.3231
-7.10988375614115 0.3232
-7.10983320797994 0.3233
-7.1097952928164 0.3234
-7.10975990372198 0.3235
-7.1097268343084 0.3236
-7.10970199110499 0.3237
-7.10967650474235 0.3238
-7.10964102245283 0.3239
-7.10960964234432 0.324
-7.10957969060714 0.3241
-7.10954121920804 0.3242
-7.1095127126658 0.3243
-7.10947987002044 0.3244
-7.10944234373231 0.3245
-7.10940724315165 0.3246
-7.10937190278933 0.3247
-7.10933352517121 0.3248
-7.10930499824957 0.3249
-7.10928667292209 0.325
-7.10927031896969 0.3251
-7.10924305605469 0.3252
-7.10922325422368 0.3253
-7.10919646614496 0.3254
-7.10917885745515 0.3255
-7.10915908874169 0.3256
-7.10914288507616 0.3257
-7.10912783310637 0.3258
-7.10910982025243 0.3259
-7.10908135197332 0.326
-7.10906851623325 0.3261
-7.10905683048662 0.3262
-7.10903903135824 0.3263
-7.10903122371426 0.3264
-7.10903420081235 0.3265
-7.10904528210346 0.3266
-7.10905667494169 0.3267
-7.10907748626206 0.3268
-7.10911114440138 0.3269
-7.10915045957405 0.327
-7.10919591148185 0.3271
-7.10923421911137 0.3272
-7.1092784266569 0.3273
-7.10931380366496 0.3274
-7.10936525650004 0.3275
-7.10941797848954 0.3276
-7.10945637107327 0.3277
-7.10948065495567 0.3278
-7.10950683013411 0.3279
-7.10954346316133 0.328
-7.10958251077241 0.3281
-7.1096388609363 0.3282
-7.10970900744044 0.3283
-7.10978939913365 0.3284
-7.10987707092867 0.3285
-7.10996766029308 0.3286
-7.1100765930436 0.3287
-7.11015927153158 0.3288
-7.11023363846108 0.3289
-7.11030955929288 0.329
-7.11036894528049 0.3291
-7.11041185365066 0.3292
-7.11044292513488 0.3293
-7.11046096693941 0.3294
-7.11048728853779 0.3295
-7.1105191529292 0.3296
-7.11054745317553 0.3297
-7.11057405738097 0.3298
-7.11059031778702 0.3299
-7.11058914455212 0.33
-7.11058970576573 0.3301
-7.1105975734032 0.3302
-7.11061819491195 0.3303
-7.11064940817356 0.3304
-7.11068231710915 0.3305
-7.1107075132741 0.3306
-7.11073506161768 0.3307
-7.11076892240095 0.3308
-7.11080092707615 0.3309
-7.11083023404143 0.331
-7.11084791926737 0.3311
-7.11084999292253 0.3312
-7.11085458207769 0.3313
-7.11085568249894 0.3314
-7.11086118178162 0.3315
-7.11085446195614 0.3316
-7.11082680822024 0.3317
-7.11079855690944 0.3318
-7.11076460671748 0.3319
-7.11074548802213 0.332
-7.11073604866412 0.3321
-7.11073818518093 0.3322
-7.11073310561094 0.3323
-7.11074439246186 0.3324
-7.11075532941905 0.3325
-7.11075887023821 0.3326
-7.11076787135843 0.3327
-7.11077742418076 0.3328
-7.11078126838968 0.3329
-7.11078362473108 0.333
-7.11077827857677 0.3331
-7.11077005018557 0.3332
-7.11076959123165 0.3333
-7.11074910914921 0.3334
-7.11072732488693 0.3335
-7.1106869946099 0.3336
-7.11064783610456 0.3337
-7.11060038902035 0.3338
-7.11055137937564 0.3339
-7.11050096629207 0.334
-7.11045433486798 0.3341
-7.11041003438276 0.3342
-7.11035859690008 0.3343
-7.11028862099375 0.3344
-7.11021492680749 0.3345
-7.11013175227274 0.3346
-7.11003639661666 0.3347
-7.10993748625562 0.3348
-7.10981977445667 0.3349
-7.10970844030124 0.335
-7.10959205447917 0.3351
-7.1094809278859 0.3352
-7.10938095397909 0.3353
-7.10929165141608 0.3354
-7.10919658756868 0.3355
-7.1091125983266 0.3356
-7.1090345777944 0.3357
-7.10894525022337 0.3358
-7.10886170516469 0.3359
-7.10878794400516 0.336
-7.10872840102501 0.3361
-7.1086875413843 0.3362
-7.1086606386466 0.3363
-7.10862789025908 0.3364
-7.10859889505335 0.3365
-7.10856421542795 0.3366
-7.10853902884376 0.3367
-7.10852077007705 0.3368
-7.10853219999494 0.3369
-7.1085555916509 0.337
-7.10860672656566 0.3371
-7.10866545845731 0.3372
-7.10872655280012 0.3373
-7.10878819972587 0.3374
-7.10884590284927 0.3375
-7.10890441499631 0.3376
-7.1089524856452 0.3377
-7.10899235232429 0.3378
-7.10903971135722 0.3379
-7.10908947178222 0.338
-7.10914322838159 0.3381
-7.1092035511917 0.3382
-7.10926036178229 0.3383
-7.10932105420945 0.3384
-7.10937110549768 0.3385
-7.10941612738471 0.3386
-7.10945329024443 0.3387
-7.10947206729512 0.3388
-7.10948319625332 0.3389
-7.10946941362023 0.339
-7.10943197903597 0.3391
-7.10939891681525 0.3392
-7.10936957282154 0.3393
-7.10934227938951 0.3394
-7.10930703365535 0.3395
-7.10925239002706 0.3396
-7.10920593486353 0.3397
-7.10914157929902 0.3398
-7.10907583975407 0.3399
-7.10901537792643 0.34
-7.1089671313236 0.3401
-7.10893905214353 0.3402
-7.10891316592134 0.3403
-7.1088807007191 0.3404
-7.10884157610258 0.3405
-7.10880158142953 0.3406
-7.10877333311536 0.3407
-7.10875690513006 0.3408
-7.1087421916933 0.3409
-7.1087487127596 0.341
-7.10876495853804 0.3411
-7.10879901537357 0.3412
-7.10884967523963 0.3413
-7.10891187290986 0.3414
-7.1089948726636 0.3415
-7.10907804449736 0.3416
-7.1091792008746 0.3417
-7.10929586685953 0.3418
-7.10942682472128 0.3419
-7.10958034851136 0.342
-7.10975004943793 0.3421
-7.10991796941702 0.3422
-7.1100815377657 0.3423
-7.11022722220198 0.3424
-7.11036363414173 0.3425
-7.1104809366021 0.3426
-7.11058136468238 0.3427
-7.11066504289912 0.3428
-7.11073566745783 0.3429
-7.11080406466433 0.343
-7.11086168746633 0.3431
-7.11090400621789 0.3432
-7.11094447321278 0.3433
-7.11097199402499 0.3434
-7.11097793124749 0.3435
-7.11098171480169 0.3436
-7.11098879620305 0.3437
-7.11100416146499 0.3438
-7.1110281283952 0.3439
-7.11105576677424 0.344
-7.1110749287515 0.3441
-7.1111081129963 0.3442
-7.11111115302688 0.3443
-7.11110782079959 0.3444
-7.11109963861644 0.3445
-7.11106396032788 0.3446
-7.1110150716681 0.3447
-7.11093353145565 0.3448
-7.11084118937945 0.3449
-7.11074397721072 0.345
-7.11063929511371 0.3451
-7.11051775234943 0.3452
-7.11039694058603 0.3453
-7.11027229828415 0.3454
-7.11016098292421 0.3455
-7.11005390596864 0.3456
-7.10993003204124 0.3457
-7.10981308042479 0.3458
-7.10969831029222 0.3459
-7.10955980486267 0.346
-7.10942229830735 0.3461
-7.10928232895622 0.3462
-7.10914667842829 0.3463
-7.10900772471069 0.3464
-7.10887885517304 0.3465
-7.10875676814357 0.3466
-7.10863048511813 0.3467
-7.1085068891526 0.3468
-7.1083916385356 0.3469
-7.1082844714325 0.347
-7.10818087293203 0.3471
-7.10807622702584 0.3472
-7.10798062841868 0.3473
-7.10787733990686 0.3474
-7.10778158999024 0.3475
-7.10770238783342 0.3476
-7.10763959086348 0.3477
-7.10758835234055 0.3478
-7.10753660869448 0.3479
-7.10750193072018 0.348
-7.10749198116758 0.3481
-7.1074864190962 0.3482
-7.10748810083613 0.3483
-7.10749876043311 0.3484
-7.10752209459667 0.3485
-7.10756121350077 0.3486
-7.10761373485581 0.3487
-7.10767433146274 0.3488
-7.10774328450222 0.3489
-7.10781330716394 0.349
-7.10787040015242 0.3491
-7.10791744476957 0.3492
-7.10797625448345 0.3493
-7.1080303009004 0.3494
-7.10806307302711 0.3495
-7.10809099889338 0.3496
-7.10811030776264 0.3497
-7.10812248378099 0.3498
-7.1081284186479 0.3499
-7.1081285776743 0.35
-7.10810623267607 0.3501
-7.10807250403096 0.3502
-7.10803873367529 0.3503
-7.10800901115951 0.3504
-7.10799980819467 0.3505
-7.10798358840808 0.3506
-7.1079496920171 0.3507
-7.10789364997171 0.3508
-7.10782780876207 0.3509
-7.10775846588757 0.351
-7.10770065072681 0.3511
-7.10762575905498 0.3512
-7.10754019851315 0.3513
-7.10743567408396 0.3514
-7.10731963091277 0.3515
-7.10719975698512 0.3516
-7.10708747634655 0.3517
-7.10698470461926 0.3518
-7.10691539272314 0.3519
-7.10685107584574 0.352
-7.10680180655591 0.3521
-7.10675687596031 0.3522
-7.10672315387431 0.3523
-7.10670022801325 0.3524
-7.10667254667897 0.3525
-7.10665176874753 0.3526
-7.1066441164331 0.3527
-7.10664183612367 0.3528
-7.10665439405561 0.3529
-7.10667150575273 0.353
-7.10670966925383 0.3531
-7.10673996686387 0.3532
-7.10677106873686 0.3533
-7.10680531809595 0.3534
-7.10684144668769 0.3535
-7.10685961771652 0.3536
-7.10686853224722 0.3537
-7.10686176851159 0.3538
-7.10684937900816 0.3539
-7.1068388575077 0.354
-7.10680057346682 0.3541
-7.1067576759066 0.3542
-7.1066991851996 0.3543
-7.10662291009633 0.3544
-7.10651519775905 0.3545
-7.10640380292934 0.3546
-7.10629846388587 0.3547
-7.10620052665475 0.3548
-7.10612213695934 0.3549
-7.10606568906416 0.355
-7.10601360508451 0.3551
-7.10596391775844 0.3552
-7.10593347819193 0.3553
-7.10592738669342 0.3554
-7.10593950578697 0.3555
-7.10596926193275 0.3556
-7.10602483504181 0.3557
-7.10608784136307 0.3558
-7.10616279247125 0.3559
-7.10623708844032 0.356
-7.10632500318569 0.3561
-7.10640674500545 0.3562
-7.10649209837088 0.3563
-7.1065875009524 0.3564
-7.10668250118403 0.3565
-7.10676378494063 0.3566
-7.10681976578883 0.3567
-7.10686838927056 0.3568
-7.10690021078728 0.3569
-7.10693564726355 0.357
-7.10696518010116 0.3571
-7.10698880559026 0.3572
-7.10700672884969 0.3573
-7.10702654107103 0.3574
-7.10704102020992 0.3575
-7.10704747317454 0.3576
-7.1070583771853 0.3577
-7.10706418432458 0.3578
-7.10706789781938 0.3579
-7.10707183306472 0.358
-7.10706434782576 0.3581
-7.10706342850764 0.3582
-7.10707038009941 0.3583
-7.10707956150342 0.3584
-7.10709457718337 0.3585
-7.10709763400661 0.3586
-7.10710239719178 0.3587
-7.10711086659597 0.3588
-7.10712195726288 0.3589
-7.10714034216441 0.359
-7.10715459502498 0.3591
-7.10716286528481 0.3592
-7.10718393082329 0.3593
-7.10721769706232 0.3594
-7.10726201622886 0.3595
-7.10730918470623 0.3596
-7.1073594140262 0.3597
-7.10740559181326 0.3598
-7.10746688743098 0.3599
-7.10750482241398 0.36
-7.10753773606216 0.3601
-7.10758140323223 0.3602
-7.10762279029409 0.3603
-7.10765257351535 0.3604
-7.10767429216927 0.3605
-7.10768352149323 0.3606
-7.10767808363477 0.3607
-7.10767351630946 0.3608
-7.10767188832505 0.3609
-7.10767283843036 0.361
-7.1076731309857 0.3611
-7.10766077061917 0.3612
-7.10763469023814 0.3613
-7.10761411345497 0.3614
-7.10759392993284 0.3615
-7.10757483002828 0.3616
-7.10755588099283 0.3617
-7.10753330678378 0.3618
-7.10751104504564 0.3619
-7.10746380415652 0.362
-7.10740654967308 0.3621
-7.10735606755813 0.3622
-7.10730455461545 0.3623
-7.10726150628031 0.3624
-7.10721109952975 0.3625
-7.10717256018787 0.3626
-7.10713224374179 0.3627
-7.10708995458564 0.3628
-7.1070427094256 0.3629
-7.1069882898787 0.363
-7.10692279735428 0.3631
-7.10685621848198 0.3632
-7.10679311534817 0.3633
-7.10673698049714 0.3634
-7.10667873216379 0.3635
-7.10661845375468 0.3636
-7.1065705077082 0.3637
-7.10652591213196 0.3638
-7.10647853702729 0.3639
-7.10641198351696 0.364
-7.10634490124994 0.3641
-7.10627785723541 0.3642
-7.1062020412159 0.3643
-7.10612155827487 0.3644
-7.10604836023733 0.3645
-7.10598340897268 0.3646
-7.10591013600546 0.3647
-7.10584100293151 0.3648
-7.1057911007226 0.3649
-7.10575196691516 0.365
-7.10570887151904 0.3651
-7.10568143503941 0.3652
-7.10566339423684 0.3653
-7.10564720427059 0.3654
-7.10562811454921 0.3655
-7.10559416928883 0.3656
-7.10556603863969 0.3657
-7.10554732513239 0.3658
-7.10553335459014 0.3659
-7.1055136551101 0.366
-7.10548611469113 0.3661
-7.10546426744787 0.3662
-7.10546921608633 0.3663
-7.10547918585891 0.3664
-7.10548970510557 0.3665
-7.10550881624779 0.3666
-7.10553502652187 0.3667
-7.10557568522492 0.3668
-7.10561949102368 0.3669
-7.10565362398495 0.367
-7.10570152499709 0.3671
-7.10574835650883 0.3672
-7.10578777951653 0.3673
-7.10581514305863 0.3674
-7.10584409115848 0.3675
-7.10585900831615 0.3676
-7.10588426005345 0.3677
-7.10590036961471 0.3678
-7.10591794306701 0.3679
-7.10594989862419 0.368
-7.10598618267093 0.3681
-7.10600529346161 0.3682
-7.10602059931683 0.3683
-7.10604067412786 0.3684
-7.10605040056017 0.3685
-7.10605452557558 0.3686
-7.10606476706239 0.3687
-7.1060638111671 0.3688
-7.10604774833721 0.3689
-7.10601174833717 0.369
-7.10595845239968 0.3691
-7.10589568165473 0.3692
-7.10582923806911 0.3693
-7.105772479496 0.3694
-7.10571584049402 0.3695
-7.10565191065811 0.3696
-7.10557239777988 0.3697
-7.10549249041962 0.3698
-7.10540458590376 0.3699
-7.10530636442642 0.37
-7.10520735001208 0.3701
-7.1051002402451 0.3702
-7.10499362246523 0.3703
-7.1048630915907 0.3704
-7.10474170259597 0.3705
-7.10462986668026 0.3706
-7.10453020228474 0.3707
-7.10447006967272 0.3708
-7.10442533643915 0.3709
-7.10438783453717 0.371
-7.1043656798874 0.3711
-7.10437201269189 0.3712
-7.1043886382388 0.3713
-7.10441776688906 0.3714
-7.10446059769611 0.3715
-7.10449501998567 0.3716
-7.1045488445052 0.3717
-7.10462464075249 0.3718
-7.1047152085686 0.3719
-7.10481007619846 0.372
-7.10491442032049 0.3721
-7.10503907323238 0.3722
-7.10515878913954 0.3723
-7.10526796335195 0.3724
-7.10537411209652 0.3725
-7.10545908861323 0.3726
-7.10553648387078 0.3727
-7.10560275680484 0.3728
-7.10565461968275 0.3729
-7.10568742009179 0.373
-7.10569482383012 0.3731
-7.10568679647033 0.3732
-7.10566484262106 0.3733
-7.10562443805121 0.3734
-7.10558471729757 0.3735
-7.10553161391624 0.3736
-7.10545267306701 0.3737
-7.10536380364976 0.3738
-7.10526498922206 0.3739
-7.10516235694089 0.374
-7.10504790896658 0.3741
-7.10492537204795 0.3742
-7.10480247271852 0.3743
-7.10467696677829 0.3744
-7.10453640066741 0.3745
-7.10439797178552 0.3746
-7.10424733897967 0.3747
-7.10410059912773 0.3748
-7.10394952998264 0.3749
-7.10379766853326 0.375
-7.1036574154748 0.3751
-7.1035323271339 0.3752
-7.10339558583881 0.3753
-7.10324886940094 0.3754
-7.10313009822759 0.3755
-7.10301647079259 0.3756
-7.10293256458975 0.3757
-7.10287611793353 0.3758
-7.10283742230817 0.3759
-7.10282459822321 0.376
-7.10282026438016 0.3761
-7.10280866519529 0.3762
-7.10279900958213 0.3763
-7.10277780872286 0.3764
-7.10277420424402 0.3765
-7.10278431999665 0.3766
-7.10278347823462 0.3767
-7.10278813664374 0.3768
-7.10278443845756 0.3769
-7.10277432134491 0.377
-7.10277078026123 0.3771
-7.10276618166147 0.3772
-7.10274644947933 0.3773
-7.10274250642011 0.3774
-7.10274723984207 0.3775
-7.1027237348593 0.3776
-7.10269505652575 0.3777
-7.10265394211861 0.3778
-7.10260979293341 0.3779
-7.10257194851625 0.378
-7.10252896272287 0.3781
-7.10249361450871 0.3782
-7.10245510661465 0.3783
-7.10244419810868 0.3784
-7.10244341738226 0.3785
-7.10246078726003 0.3786
-7.10251568173011 0.3787
-7.10259280442622 0.3788
-7.10267949266026 0.3789
-7.10278283646143 0.379
-7.10289512346147 0.3791
-7.10301863325859 0.3792
-7.10318198114705 0.3793
-7.10335095970998 0.3794
-7.10352899898775 0.3795
-7.10372111919729 0.3796
-7.10390493649529 0.3797
-7.10408953147827 0.3798
-7.10429564531475 0.3799
-7.10449624283531 0.38
-7.10468205378079 0.3801
-7.1048586207823 0.3802
-7.10501640390052 0.3803
-7.10515220015941 0.3804
-7.10527825347468 0.3805
-7.1053947605872 0.3806
-7.10550421534013 0.3807
-7.10559057439063 0.3808
-7.10564857048555 0.3809
-7.10567867624419 0.381
-7.10569023990685 0.3811
-7.1056784754638 0.3812
-7.10565491842671 0.3813
-7.1056159374272 0.3814
-7.10556691486229 0.3815
-7.10551299969475 0.3816
-7.10544185473922 0.3817
-7.10539596147495 0.3818
-7.10535293785882 0.3819
-7.105310051127 0.382
-7.10526886588221 0.3821
-7.1052503784428 0.3822
-7.10522831592065 0.3823
-7.10519218093025 0.3824
-7.10516169623345 0.3825
-7.1051302818813 0.3826
-7.10510338962845 0.3827
-7.1050674047805 0.3828
-7.10502772726754 0.3829
-7.1049901607217 0.383
-7.10497000013136 0.3831
-7.10494019958368 0.3832
-7.10490317088668 0.3833
-7.10486657735125 0.3834
-7.10482864017338 0.3835
-7.10481384993841 0.3836
-7.10480249660289 0.3837
-7.10480559766303 0.3838
-7.10481768129634 0.3839
-7.10483237539432 0.384
-7.10484080546997 0.3841
-7.10485757578981 0.3842
-7.10487355326875 0.3843
-7.10489435418261 0.3844
-7.10491597754231 0.3845
-7.10493541689738 0.3846
-7.10496205743384 0.3847
-7.1049922146129 0.3848
-7.10501010453735 0.3849
-7.10502110124408 0.385
-7.10502193816495 0.3851
-7.10500664702174 0.3852
-7.10497321704299 0.3853
-7.10492017214895 0.3854
-7.10484211456431 0.3855
-7.10474683036572 0.3856
-7.10463694383704 0.3857
-7.10450941836376 0.3858
-7.10435854746133 0.3859
-7.10419852815153 0.386
-7.10403228427937 0.3861
-7.10386716683801 0.3862
-7.10370441721584 0.3863
-7.10355128169548 0.3864
-7.10339769445965 0.3865
-7.10325828967426 0.3866
-7.10313468343972 0.3867
-7.10302023450548 0.3868
-7.10290395086385 0.3869
-7.10280302913906 0.387
-7.10271366580946 0.3871
-7.10263231052827 0.3872
-7.10256903338606 0.3873
-7.10251938692542 0.3874
-7.10247062860693 0.3875
-7.10243402490436 0.3876
-7.10241238106692 0.3877
-7.10241248710193 0.3878
-7.10241461555368 0.3879
-7.10242988305686 0.388
-7.10245216417676 0.3881
-7.10247471087304 0.3882
-7.10250007391369 0.3883
-7.10252915468377 0.3884
-7.10255603586929 0.3885
-7.10259103341097 0.3886
-7.10262147263035 0.3887
-7.1026428969402 0.3888
-7.10266226294621 0.3889
-7.10268480149622 0.389
-7.10269779566401 0.3891
-7.10270012451269 0.3892
-7.10270032921143 0.3893
-7.10270289183701 0.3894
-7.10269350903457 0.3895
-7.10268893444679 0.3896
-7.10267146703034 0.3897
-7.10264502474811 0.3898
-7.10261417473128 0.3899
-7.10259691179893 0.39
-7.10257154662631 0.3901
-7.10255604664447 0.3902
-7.10254263112281 0.3903
-7.10252937463148 0.3904
-7.10252735671104 0.3905
-7.10251908881899 0.3906
-7.10250105919968 0.3907
-7.10247788656265 0.3908
-7.10245266710701 0.3909
-7.1024139691635 0.391
-7.10236694113711 0.3911
-7.10231653603673 0.3912
-7.10224447265611 0.3913
-7.10218574630666 0.3914
-7.10213946104695 0.3915
-7.10210667860961 0.3916
-7.10209083419533 0.3917
-7.10208340639292 0.3918
-7.10209485490307 0.3919
-7.10211679950302 0.392
-7.10216678714385 0.3921
-7.10223824211716 0.3922
-7.10231175908346 0.3923
-7.10239468609096 0.3924
-7.10248605423724 0.3925
-7.10257584156639 0.3926
-7.10267493572565 0.3927
-7.10276658803867 0.3928
-7.1028538500211 0.3929
-7.10292985637043 0.393
-7.10298912524406 0.3931
-7.10302944726387 0.3932
-7.10306327197647 0.3933
-7.10310293587731 0.3934
-7.1031298699246 0.3935
-7.10314502048378 0.3936
-7.10313906171724 0.3937
-7.10310409728801 0.3938
-7.10305991908113 0.3939
-7.10300309221959 0.394
-7.10291871426992 0.3941
-7.10280981691426 0.3942
-7.10268756779908 0.3943
-7.10256018279192 0.3944
-7.10244306410546 0.3945
-7.10232942373905 0.3946
-7.10221315691967 0.3947
-7.10210828038818 0.3948
-7.10201422042541 0.3949
-7.10192995366179 0.395
-7.1018566593686 0.3951
-7.10178488216645 0.3952
-7.10172198225026 0.3953
-7.10168183975569 0.3954
-7.10166233181929 0.3955
-7.10167106878529 0.3956
-7.10171124754375 0.3957
-7.10176695036153 0.3958
-7.1018418064639 0.3959
-7.10193535883185 0.396
-7.10203862588969 0.3961
-7.1021547356779 0.3962
-7.10226890755327 0.3963
-7.10239633137577 0.3964
-7.10250897019902 0.3965
-7.10260712567246 0.3966
-7.10269084410611 0.3967
-7.10275623110624 0.3968
-7.10280226219633 0.3969
-7.10283431352345 0.397
-7.10284218499418 0.3971
-7.10284686587825 0.3972
-7.10283586687382 0.3973
-7.10280303830662 0.3974
-7.10276835774453 0.3975
-7.10274476584252 0.3976
-7.10270083858422 0.3977
-7.10265216337889 0.3978
-7.1025876041895 0.3979
-7.10252798125812 0.398
-7.10246198342152 0.3981
-7.10237842003459 0.3982
-7.10230348900153 0.3983
-7.10222391437451 0.3984
-7.10213412533526 0.3985
-7.10203346739903 0.3986
-7.10193645339146 0.3987
-7.1018416621863 0.3988
-7.10175295998455 0.3989
-7.10166922213598 0.399
-7.10159967792256 0.3991
-7.10154057189408 0.3992
-7.10150279873698 0.3993
-7.10147877241855 0.3994
-7.10146204227888 0.3995
-7.10146706554852 0.3996
-7.10149084201936 0.3997
-7.10152555228989 0.3998
-7.1015755758087 0.3999
-7.10163826180496 0.4
-7.10170160605367 0.4001
-7.10177428664042 0.4002
-7.10186136667516 0.4003
-7.10195401982042 0.4004
-7.10204703099704 0.4005
-7.10215211806844 0.4006
-7.10224844121707 0.4007
-7.10233745110821 0.4008
-7.10241646407299 0.4009
-7.10248717547938 0.401
-7.10254196213177 0.4011
-7.10257736791305 0.4012
-7.10260186514184 0.4013
-7.1026223973838 0.4014
-7.10262944823381 0.4015
-7.10264655476055 0.4016
-7.10265061695848 0.4017
-7.10264528255904 0.4018
-7.10263774885911 0.4019
-7.1026371570171 0.402
-7.10264960236126 0.4021
-7.10267334972365 0.4022
-7.10269258621019 0.4023
-7.10272933796318 0.4024
-7.10276913620664 0.4025
-7.10281259729178 0.4026
-7.10286321987128 0.4027
-7.10292514492053 0.4028
-7.10299413189615 0.4029
-7.10307396850672 0.403
-7.10314492332117 0.4031
-7.10322004518994 0.4032
-7.10330381468683 0.4033
-7.10337314661128 0.4034
-7.10343124916632 0.4035
-7.10345472423091 0.4036
-7.10346420178568 0.4037
-7.10345318101246 0.4038
-7.10343403907165 0.4039
-7.10340945162089 0.404
-7.10335887849722 0.4041
-7.10330369628125 0.4042
-7.10323299149997 0.4043
-7.10315795010354 0.4044
-7.10308577806089 0.4045
-7.1029910964956 0.4046
-7.1029034561411 0.4047
-7.10281827684397 0.4048
-7.10273387761161 0.4049
-7.10265665966993 0.405
-7.10257807439408 0.4051
-7.10251472284083 0.4052
-7.10246533215907 0.4053
-7.10241444478158 0.4054
-7.10236210051952 0.4055
-7.1023083198676 0.4056
-7.10224763304949 0.4057
-7.10219239230762 0.4058
-7.10215044762951 0.4059
-7.10210347722491 0.406
-7.10205050108623 0.4061
-7.10199314676228 0.4062
-7.10193418474322 0.4063
-7.10187264845333 0.4064
-7.10179547271578 0.4065
-7.10171781178022 0.4066
-7.10163290052837 0.4067
-7.10154977069978 0.4068
-7.10147975301739 0.4069
-7.10140184362817 0.407
-7.10132921887259 0.4071
-7.10124106377285 0.4072
-7.10114952027114 0.4073
-7.10105786097159 0.4074
-7.10096859589434 0.4075
-7.10088725507288 0.4076
-7.10080849250581 0.4077
-7.10073383833784 0.4078
-7.10066170752983 0.4079
-7.1005982626805 0.408
-7.10054422994488 0.4081
-7.10047571423441 0.4082
-7.10041713441678 0.4083
-7.10035687731925 0.4084
-7.10030146003915 0.4085
-7.10025756716797 0.4086
-7.10021854651353 0.4087
-7.10018227775177 0.4088
-7.10015857008946 0.4089
-7.1001453134176 0.409
-7.10011544152939 0.4091
-7.10008975161248 0.4092
-7.10005757043134 0.4093
-7.10001986401198 0.4094
-7.09999067423568 0.4095
-7.09996642690324 0.4096
-7.09993679191104 0.4097
-7.09989272322427 0.4098
-7.09985093455615 0.4099
-7.09978953589128 0.41
-7.0997239473561 0.4101
-7.09965394945635 0.4102
-7.09957411596615 0.4103
-7.09951525597343 0.4104
-7.09945163802971 0.4105
-7.09938448021748 0.4106
-7.09931392717311 0.4107
-7.09922465677072 0.4108
-7.09914200558858 0.4109
-7.09908283069111 0.411
-7.09901636987464 0.4111
-7.09896540686496 0.4112
-7.09892010378674 0.4113
-7.09887678553949 0.4114
-7.09884116667025 0.4115
-7.09881120759042 0.4116
-7.09877272515359 0.4117
-7.09874247590713 0.4118
-7.09871016186143 0.4119
-7.09867125530438 0.412
-7.09863773207813 0.4121
-7.09861221115302 0.4122
-7.09857634466078 0.4123
-7.09853278771678 0.4124
-7.09850347867808 0.4125
-7.09848489881839 0.4126
-7.09847492402232 0.4127
-7.09847006877942 0.4128
-7.09846328218891 0.4129
-7.09846611186782 0.413
-7.09846675440515 0.4131
-7.0984678644141 0.4132
-7.09846403664488 0.4133
-7.09847348357872 0.4134
-7.09847391524573 0.4135
-7.09849592813216 0.4136
-7.09852813310813 0.4137
-7.09855079684128 0.4138
-7.09856720231832 0.4139
-7.09856507454042 0.414
-7.09855896496108 0.4141
-7.09854410094227 0.4142
-7.09852193177662 0.4143
-7.09847997742862 0.4144
-7.09843229289839 0.4145
-7.0983769687222 0.4146
-7.09830128926213 0.4147
-7.09822600872054 0.4148
-7.09815526180034 0.4149
-7.09808883519949 0.415
-7.09800737681261 0.4151
-7.09792860429493 0.4152
-7.09786043419341 0.4153
-7.09781182565209 0.4154
-7.097778526888 0.4155
-7.09776052658107 0.4156
-7.09776221322392 0.4157
-7.09776763809713 0.4158
-7.09777031899398 0.4159
-7.09777361610219 0.416
-7.09776571280279 0.4161
-7.0977537111721 0.4162
-7.09774977566852 0.4163
-7.09775704541983 0.4164
-7.09776186045998 0.4165
-7.09776726830615 0.4166
-7.09777273953937 0.4167
-7.0977780399586 0.4168
-7.09778202444085 0.4169
-7.09779376044857 0.417
-7.09781021397333 0.4171
-7.09783401864008 0.4172
-7.0978580548838 0.4173
-7.09789372705825 0.4174
-7.0979374289517 0.4175
-7.09798121447263 0.4176
-7.0980294481543 0.4177
-7.09808253700061 0.4178
-7.09812997153972 0.4179
-7.09818198612156 0.418
-7.09823209344429 0.4181
-7.09827662747498 0.4182
-7.09832687629123 0.4183
-7.09836912207084 0.4184
-7.09841040731766 0.4185
-7.09844061688319 0.4186
-7.09845227989635 0.4187
-7.09846906773914 0.4188
-7.09846082491211 0.4189
-7.09842639590952 0.419
-7.09837870331149 0.4191
-7.09829591470554 0.4192
-7.0982231824169 0.4193
-7.098129135742 0.4194
-7.09802070527594 0.4195
-7.09790919098898 0.4196
-7.09778539132787 0.4197
-7.09763750842891 0.4198
-7.09750527621336 0.4199
-7.09737655017817 0.42
-7.09725013755121 0.4201
-7.09713237854328 0.4202
-7.09702441041244 0.4203
-7.09692474369964 0.4204
-7.09684454358321 0.4205
-7.09678580860838 0.4206
-7.09674032691944 0.4207
-7.09671758296 0.4208
-7.09671262435966 0.4209
-7.09672019655886 0.421
-7.09673878711203 0.4211
-7.09675620334421 0.4212
-7.09677568884692 0.4213
-7.09677290725579 0.4214
-7.09675532801778 0.4215
-7.09672902851312 0.4216
-7.09668746059712 0.4217
-7.09662809723592 0.4218
-7.09656682709904 0.4219
-7.09649070120601 0.422
-7.09640863379208 0.4221
-7.09633779918865 0.4222
-7.09625998729417 0.4223
-7.09621228387951 0.4224
-7.09616399452906 0.4225
-7.09612576583157 0.4226
-7.09611767281878 0.4227
-7.09612365846954 0.4228
-7.0961286963543 0.4229
-7.09615420393344 0.423
-7.09620586074547 0.4231
-7.09626941292725 0.4232
-7.09636657005594 0.4233
-7.09647789288339 0.4234
-7.09659167299197 0.4235
-7.09668798614477 0.4236
-7.09678503431881 0.4237
-7.09689217467171 0.4238
-7.09699646761718 0.4239
-7.09709774384023 0.424
-7.09718976491687 0.4241
-7.09727467382738 0.4242
-7.09735314296994 0.4243
-7.09742425134944 0.4244
-7.09749769741638 0.4245
-7.09756275195673 0.4246
-7.09760708455667 0.4247
-7.09765541231601 0.4248
-7.09768894849171 0.4249
-7.09770933724313 0.425
-7.09771274537885 0.4251
-7.09769752822842 0.4252
-7.09765033919895 0.4253
-7.09757645976049 0.4254
-7.09747084589585 0.4255
-7.09733701693392 0.4256
-7.09717627323338 0.4257
-7.09699078002883 0.4258
-7.09679235038106 0.4259
-7.09658998609781 0.426
-7.09637111077365 0.4261
-7.09615548573665 0.4262
-7.09592131518341 0.4263
-7.09570084510273 0.4264
-7.09546282012127 0.4265
-7.09524020316469 0.4266
-7.09501596258008 0.4267
-7.09482214349717 0.4268
-7.09464996848464 0.4269
-7.09449110977421 0.427
-7.09435875452417 0.4271
-7.09424103259533 0.4272
-7.09416429338541 0.4273
-7.09410557088713 0.4274
-7.09407854710244 0.4275
-7.09407882863494 0.4276
-7.09409066185424 0.4277
-7.09412512236876 0.4278
-7.09418778424519 0.4279
-7.09427285878772 0.428
-7.09435935046313 0.4281
-7.09444872881021 0.4282
-7.09454105302244 0.4283
-7.09463296547405 0.4284
-7.09474280592835 0.4285
-7.09485085555322 0.4286
-7.09494475094067 0.4287
-7.09501831313586 0.4288
-7.09507180214359 0.4289
-7.09509735620776 0.429
-7.09511256933702 0.4291
-7.09510653620034 0.4292
-7.09508812456928 0.4293
-7.0950462821137 0.4294
-7.09499995066227 0.4295
-7.0949473079173 0.4296
-7.09488484703736 0.4297
-7.09481251610305 0.4298
-7.09473661371842 0.4299
-7.09465538443442 0.43
-7.09459004951884 0.4301
-7.09453253380023 0.4302
-7.09448966721319 0.4303
-7.09443865899315 0.4304
-7.09440450681622 0.4305
-7.09437358453017 0.4306
-7.09435367016378 0.4307
-7.0943409519992 0.4308
-7.09432966209229 0.4309
-7.09433277187956 0.431
-7.09435204806766 0.4311
-7.09438795645131 0.4312
-7.09443512843821 0.4313
-7.09447906122835 0.4314
-7.09453063724791 0.4315
-7.09458889175259 0.4316
-7.09463886027543 0.4317
-7.09469598431093 0.4318
-7.09475121827794 0.4319
-7.09481387692751 0.432
-7.09487871575964 0.4321
-7.09493776225443 0.4322
-7.09498801689556 0.4323
-7.0950312612507 0.4324
-7.09507814514899 0.4325
-7.09512764344192 0.4326
-7.09517960996701 0.4327
-7.09523894341435 0.4328
-7.09528740521294 0.4329
-7.09532372784281 0.433
-7.09537389041007 0.4331
-7.09540961956486 0.4332
-7.09544688917554 0.4333
-7.09547937119535 0.4334
-7.09551025072244 0.4335
-7.09553991645267 0.4336
-7.09558182058413 0.4337
-7.09561879184315 0.4338
-7.09565365168594 0.4339
-7.0956880882627 0.434
-7.09571452087119 0.4341
-7.09572451633914 0.4342
-7.09571189085117 0.4343
-7.09568014046094 0.4344
-7.09564907285593 0.4345
-7.09561522628582 0.4346
-7.09555948394498 0.4347
-7.09549767848667 0.4348
-7.09544166102255 0.4349
-7.0953833467813 0.435
-7.09532529064128 0.4351
-7.09526060058521 0.4352
-7.09519217617964 0.4353
-7.09512134105437 0.4354
-7.09505139471846 0.4355
-7.09498453391074 0.4356
-7.09492848929652 0.4357
-7.09486906631259 0.4358
-7.09481526279988 0.4359
-7.09476801463282 0.436
-7.09472425425841 0.4361
-7.09467932552388 0.4362
-7.094635812191 0.4363
-7.09457786028018 0.4364
-7.09452117945097 0.4365
-7.09446908826085 0.4366
-7.09441375055844 0.4367
-7.09436142744586 0.4368
-7.09430206821263 0.4369
-7.09424392567024 0.437
-7.0941862313909 0.4371
-7.09413950479777 0.4372
-7.0940766114841 0.4373
-7.09401887212287 0.4374
-7.09395706153221 0.4375
-7.09392320129049 0.4376
-7.09391383409737 0.4377
-7.09390770404082 0.4378
-7.09391420759941 0.4379
-7.09393230570691 0.438
-7.09397328041783 0.4381
-7.0940007117206 0.4382
-7.09404690991198 0.4383
-7.09408947185878 0.4384
-7.09413677348436 0.4385
-7.09418442950246 0.4386
-7.09421990837453 0.4387
-7.09426159420211 0.4388
-7.09430560948235 0.4389
-7.09433283141952 0.439
-7.0943603183723 0.4391
-7.09438746842376 0.4392
-7.09442185382798 0.4393
-7.09444042877699 0.4394
-7.09447157348735 0.4395
-7.09450999074175 0.4396
-7.0945235436929 0.4397
-7.09452027183436 0.4398
-7.09450372628603 0.4399
-7.09447991058086 0.44
-7.09445884885561 0.4401
-7.0944591660573 0.4402
-7.09446292967245 0.4403
-7.09446471588436 0.4404
-7.09445611248466 0.4405
-7.09444024297221 0.4406
-7.09441299934734 0.4407
-7.09437705293459 0.4408
-7.09432436640914 0.4409
-7.09425949442653 0.441
-7.09417720834905 0.4411
-7.09411202395828 0.4412
-7.09405471607331 0.4413
-7.09400777851603 0.4414
-7.0939703565936 0.4415
-7.09394048075899 0.4416
-7.09390119476786 0.4417
-7.09385956702589 0.4418
-7.09380514104504 0.4419
-7.09374635800047 0.442
-7.09370393339398 0.4421
-7.09365814691237 0.4422
-7.09361285993672 0.4423
-7.09357037553215 0.4424
-7.09352667943693 0.4425
-7.09348791927672 0.4426
-7.09345822473564 0.4427
-7.09342968196865 0.4428
-7.09338976504425 0.4429
-7.0933679081961 0.443
-7.09333804828991 0.4431
-7.09331433792482 0.4432
-7.09329553542517 0.4433
-7.09327745055339 0.4434
-7.09324696284715 0.4435
-7.09321065717817 0.4436
-7.09317741234027 0.4437
-7.09314172315358 0.4438
-7.09310420884937 0.4439
-7.09305626240576 0.444
-7.09300915755121 0.4441
-7.09296846014611 0.4442
-7.09291449978387 0.4443
-7.09285802693016 0.4444
-7.09280625255319 0.4445
-7.0927742928035 0.4446
-7.09273447623204 0.4447
-7.09270519115891 0.4448
-7.09267174977497 0.4449
-7.09263245683515 0.445
-7.09259588325212 0.4451
-7.09256114180994 0.4452
-7.09252279514043 0.4453
-7.09250010283313 0.4454
-7.09248171458602 0.4455
-7.09247188094355 0.4456
-7.09248788191727 0.4457
-7.09249348580742 0.4458
-7.09250530266695 0.4459
-7.09252550608533 0.446
-7.09255684196112 0.4461
-7.0925902933626 0.4462
-7.09262061578799 0.4463
-7.09265427640868 0.4464
-7.09269686218369 0.4465
-7.09274513277187 0.4466
-7.09279495614864 0.4467
-7.09285658970759 0.4468
-7.09291799926588 0.4469
-7.09297605967661 0.447
-7.09302668746278 0.4471
-7.09306880071539 0.4472
-7.09309293684978 0.4473
-7.09313286776503 0.4474
-7.09315992412079 0.4475
-7.09317433915503 0.4476
-7.09317654961216 0.4477
-7.09316299266283 0.4478
-7.0931336313758 0.4479
-7.09311008926163 0.448
-7.09309994232108 0.4481
-7.09308418959557 0.4482
-7.09306359897683 0.4483
-7.09305660057527 0.4484
-7.09304511062295 0.4485
-7.09301880552392 0.4486
-7.09299445448052 0.4487
-7.09295521550216 0.4488
-7.09292101233343 0.4489
-7.09288477898136 0.449
-7.09283829866996 0.4491
-7.09278499902175 0.4492
-7.09271653154623 0.4493
-7.09266564535744 0.4494
-7.09263125678302 0.4495
-7.09258188969449 0.4496
-7.09251366556183 0.4497
-7.09244017509263 0.4498
-7.09235426564887 0.4499
-7.09224893167117 0.45
-7.0921413232921 0.4501
-7.0920353645841 0.4502
-7.09191664287472 0.4503
-7.09181776356366 0.4504
-7.09171390628058 0.4505
-7.09161574664499 0.4506
-7.09152762842596 0.4507
-7.09144024538932 0.4508
-7.091342375881 0.4509
-7.09121703341494 0.451
-7.09109325508747 0.4511
-7.09097020971325 0.4512
-7.09085338104212 0.4513
-7.09074485478062 0.4514
-7.09064162456944 0.4515
-7.09055940072384 0.4516
-7.09050437784655 0.4517
-7.09046452324118 0.4518
-7.09044086299101 0.4519
-7.09043300105044 0.452
-7.09044756592052 0.4521
-7.09047844194372 0.4522
-7.09053203453882 0.4523
-7.0905853675242 0.4524
-7.09066006606614 0.4525
-7.09073541971895 0.4526
-7.09081185602 0.4527
-7.09089787932433 0.4528
-7.09099655398092 0.4529
-7.09109453085835 0.453
-7.09119464966581 0.4531
-7.09128813323132 0.4532
-7.09138062221727 0.4533
-7.09146884941008 0.4534
-7.09154112248604 0.4535
-7.09158881740365 0.4536
-7.09163625984261 0.4537
-7.09167322288306 0.4538
-7.09169654484083 0.4539
-7.0917199002695 0.454
-7.09172122195791 0.4541
-7.09170119993304 0.4542
-7.0916682978443 0.4543
-7.09162482691837 0.4544
-7.0915726202106 0.4545
-7.09151043663021 0.4546
-7.09143760533565 0.4547
-7.09136104015104 0.4548
-7.09128961167994 0.4549
-7.09120171798779 0.455
-7.09112579486197 0.4551
-7.09104995026084 0.4552
-7.09099397010529 0.4553
-7.09094921271157 0.4554
-7.09090873394868 0.4555
-7.0908603681289 0.4556
-7.09082415116759 0.4557
-7.0908047932165 0.4558
-7.09080742583745 0.4559
-7.09079245582584 0.456
-7.09078362631531 0.4561
-7.0907759788869 0.4562
-7.09075803449237 0.4563
-7.09075107971865 0.4564
-7.09074806766828 0.4565
-7.09073165641776 0.4566
-7.09071820543915 0.4567
-7.09070911467397 0.4568
-7.09069911697846 0.4569
-7.09068815346434 0.457
-7.09067963568624 0.4571
-7.09069308041523 0.4572
-7.09070177121709 0.4573
-7.09072227728238 0.4574
-7.09075520513401 0.4575
-7.09079791185729 0.4576
-7.09085068387501 0.4577
-7.09090371493621 0.4578
-7.0909553139586 0.4579
-7.09101889134588 0.458
-7.09108145518409 0.4581
-7.09115260778752 0.4582
-7.09121875190476 0.4583
-7.0912840162656 0.4584
-7.09135607482677 0.4585
-7.09141905765003 0.4586
-7.09147478634307 0.4587
-7.09151168187109 0.4588
-7.09154439247356 0.4589
-7.09156265504668 0.459
-7.09158145054338 0.4591
-7.09157836685604 0.4592
-7.09156288720922 0.4593
-7.09153866276544 0.4594
-7.09149652104248 0.4595
-7.09144798947375 0.4596
-7.09138686214291 0.4597
-7.09131982070877 0.4598
-7.09125989175022 0.4599
-7.09119552950039 0.46
-7.09112922327148 0.4601
-7.09106182930068 0.4602
-7.09099435147071 0.4603
-7.09094427406814 0.4604
-7.09089101333585 0.4605
-7.09083032888819 0.4606
-7.09076673207519 0.4607
-7.09070396160563 0.4608
-7.0906414131301 0.4609
-7.09056163165663 0.461
-7.09048073100293 0.4611
-7.09040901489255 0.4612
-7.09033631229041 0.4613
-7.09026739851789 0.4614
-7.09021391698449 0.4615
-7.09016559439911 0.4616
-7.09011812045086 0.4617
-7.09007604916047 0.4618
-7.0900325762355 0.4619
-7.08999173707831 0.462
-7.08995666128768 0.4621
-7.08993055922827 0.4622
-7.08989705608637 0.4623
-7.0898530963321 0.4624
-7.0897987634142 0.4625
-7.08974996170961 0.4626
-7.08970700082089 0.4627
-7.08967034388462 0.4628
-7.08963249076474 0.4629
-7.0895857712484 0.463
-7.08956417780291 0.4631
-7.08955546667201 0.4632
-7.0895545775363 0.4633
-7.08956109751297 0.4634
-7.08957311569732 0.4635
-7.08959027276423 0.4636
-7.08959970008747 0.4637
-7.08959193716979 0.4638
-7.0895967536012 0.4639
-7.08958804014072 0.464
-7.0895715606933 0.4641
-7.089549991502 0.4642
-7.0895255711419 0.4643
-7.08949424031391 0.4644
-7.08946210127882 0.4645
-7.08941569925498 0.4646
-7.08937459020413 0.4647
-7.08931674772779 0.4648
-7.08925161558161 0.4649
-7.08918400291054 0.465
-7.08911668813878 0.4651
-7.08905183239646 0.4652
-7.08897402737682 0.4653
-7.08890582902293 0.4654
-7.0888335416465 0.4655
-7.08875024179131 0.4656
-7.08865884182935 0.4657
-7.08854818598713 0.4658
-7.08843223557716 0.4659
-7.08832736091869 0.466
-7.08822526866569 0.4661
-7.08811263969324 0.4662
-7.08800126908299 0.4663
-7.08790123524096 0.4664
-7.08779870089863 0.4665
-7.08769291979291 0.4666
-7.0875992377498 0.4667
-7.08751666249721 0.4668
-7.08744479219485 0.4669
-7.08737329937055 0.467
-7.08730785883419 0.4671
-7.08723817574226 0.4672
-7.08716164561476 0.4673
-7.08710299499873 0.4674
-7.08704837377529 0.4675
-7.08700374180927 0.4676
-7.08697911926246 0.4677
-7.08697744340434 0.4678
-7.08698971481793 0.4679
-7.08701773250629 0.468
-7.08705126975987 0.4681
-7.08709783927857 0.4682
-7.0871388478599 0.4683
-7.08718873969123 0.4684
-7.08723339392995 0.4685
-7.08724864345045 0.4686
-7.08724412352705 0.4687
-7.08722558041121 0.4688
-7.08718526961533 0.4689
-7.08713688631648 0.469
-7.08708854198962 0.4691
-7.08703258499384 0.4692
-7.08695932306828 0.4693
-7.08687050692135 0.4694
-7.08677458640187 0.4695
-7.08666268802803 0.4696
-7.08656644227433 0.4697
-7.08646866688143 0.4698
-7.08639004831261 0.4699
-7.08630485659868 0.47
-7.08621332322168 0.4701
-7.08612988160105 0.4702
-7.08606210031153 0.4703
-7.08599297693424 0.4704
-7.08591451610869 0.4705
-7.08584117301186 0.4706
-7.08576014857801 0.4707
-7.08565765868474 0.4708
-7.08555323126807 0.4709
-7.08546364373699 0.471
-7.0853924716538 0.4711
-7.08533933372579 0.4712
-7.08528963996089 0.4713
-7.08522981294591 0.4714
-7.08518419270729 0.4715
-7.08514855366843 0.4716
-7.08513203079749 0.4717
-7.08513927871491 0.4718
-7.08515845189282 0.4719
-7.08520810877197 0.472
-7.08527313212851 0.4721
-7.08535156041081 0.4722
-7.08543220791961 0.4723
-7.08551864375817 0.4724
-7.08561504356306 0.4725
-7.08573322412288 0.4726
-7.08584942925005 0.4727
-7.08596952587128 0.4728
-7.08609858022107 0.4729
-7.08622180124604 0.473
-7.08633400595671 0.4731
-7.08643591178738 0.4732
-7.08652707011667 0.4733
-7.08661148423677 0.4734
-7.08670641961239 0.4735
-7.08676916645762 0.4736
-7.08681478182476 0.4737
-7.08685437365039 0.4738
-7.08690303227981 0.4739
-7.08693853459865 0.474
-7.08695410492114 0.4741
-7.08695338245658 0.4742
-7.08694262579198 0.4743
-7.08691235526197 0.4744
-7.08686841769163 0.4745
-7.08682362880946 0.4746
-7.08677028113018 0.4747
-7.08671724699643 0.4748
-7.08664279702532 0.4749
-7.0865658119396 0.475
-7.08648900309696 0.4751
-7.08640844817129 0.4752
-7.08633074824817 0.4753
-7.08624771853203 0.4754
-7.08616389783219 0.4755
-7.08608789888481 0.4756
-7.08601455191235 0.4757
-7.08596131960071 0.4758
-7.08591671687803 0.4759
-7.08589062879697 0.476
-7.08587549880359 0.4761
-7.08586612873742 0.4762
-7.08589417363048 0.4763
-7.08591571823192 0.4764
-7.08593871736163 0.4765
-7.08596641896132 0.4766
-7.08599291169022 0.4767
-7.08602647083668 0.4768
-7.08605737293689 0.4769
-7.08609585550127 0.477
-7.08611865764774 0.4771
-7.08613072621011 0.4772
-7.08614366010524 0.4773
-7.08613216528285 0.4774
-7.08611956302576 0.4775
-7.08609838916339 0.4776
-7.08606635417348 0.4777
-7.08601502339319 0.4778
-7.08595480410169 0.4779
-7.08589255329499 0.478
-7.08581431173266 0.4781
-7.08570372243608 0.4782
-7.08557572305214 0.4783
-7.08542831348369 0.4784
-7.08527556375121 0.4785
-7.08512289362178 0.4786
-7.08496910114828 0.4787
-7.08479698706897 0.4788
-7.08460577121276 0.4789
-7.08442827451238 0.479
-7.08426061258831 0.4791
-7.08408937735739 0.4792
-7.0839201383126 0.4793
-7.08374589024998 0.4794
-7.0835727695565 0.4795
-7.08340805587944 0.4796
-7.08323618591277 0.4797
-7.08306809791714 0.4798
-7.08291471317769 0.4799
-7.08277958944946 0.48
-7.08266536716731 0.4801
-7.0825578949263 0.4802
-7.08245447100587 0.4803
-7.08237859349141 0.4804
-7.08232972176746 0.4805
-7.08228176766987 0.4806
-7.08223066269771 0.4807
-7.08219317284368 0.4808
-7.08215887766959 0.4809
-7.08216915777729 0.481
-7.08218758975539 0.4811
-7.08222808849975 0.4812
-7.08226857798277 0.4813
-7.08233707172878 0.4814
-7.08242500061715 0.4815
-7.08250567946569 0.4816
-7.08259015214729 0.4817
-7.08268129320494 0.4818
-7.08279135393201 0.4819
-7.08291371398059 0.482
-7.0830318431225 0.4821
-7.08316181508606 0.4822
-7.08327481988901 0.4823
-7.08338811457393 0.4824
-7.08349346804845 0.4825
-7.08357492880528 0.4826
-7.08362930652299 0.4827
-7.08366363631132 0.4828
-7.08367939240427 0.4829
-7.08369206868752 0.483
-7.08368268158429 0.4831
-7.08366265389472 0.4832
-7.08362167889967 0.4833
-7.08356884821279 0.4834
-7.08351442452923 0.4835
-7.08343994921821 0.4836
-7.0833388130247 0.4837
-7.08320965397556 0.4838
-7.08307204352187 0.4839
-7.08293883207443 0.484
-7.08279898604206 0.4841
-7.0826713858072 0.4842
-7.08254829781996 0.4843
-7.08243304131398 0.4844
-7.08232874462921 0.4845
-7.08223820573641 0.4846
-7.08216307421849 0.4847
-7.08210586525187 0.4848
-7.08206800952485 0.4849
-7.08204322352408 0.485
-7.08200681482763 0.4851
-7.08198550717216 0.4852
-7.08197354923878 0.4853
-7.08197965045501 0.4854
-7.08200865894924 0.4855
-7.08205978392123 0.4856
-7.08211325345122 0.4857
-7.08216035320601 0.4858
-7.08221153095657 0.4859
-7.08226386333259 0.486
-7.08229868585519 0.4861
-7.0823351171138 0.4862
-7.08236467040047 0.4863
-7.08237140058357 0.4864
-7.08237115092739 0.4865
-7.08235521841369 0.4866
-7.082315485953 0.4867
-7.08226784993114 0.4868
-7.08220041679842 0.4869
-7.08211270046611 0.487
-7.08201816229599 0.4871
-7.08190459665244 0.4872
-7.08179411795847 0.4873
-7.08168169634392 0.4874
-7.08155423086929 0.4875
-7.08142192906089 0.4876
-7.0812975286585 0.4877
-7.08118120808311 0.4878
-7.08109063219642 0.4879
-7.08100971319828 0.488
-7.08095695434137 0.4881
-7.08090781242763 0.4882
-7.08086379959952 0.4883
-7.08080591758064 0.4884
-7.08075494056539 0.4885
-7.08071140355617 0.4886
-7.08066901248943 0.4887
-7.08064200186404 0.4888
-7.08060642239908 0.4889
-7.08055731314079 0.489
-7.08050573271108 0.4891
-7.08043760555865 0.4892
-7.08038547336406 0.4893
-7.08033146879556 0.4894
-7.08027418066474 0.4895
-7.08023028223928 0.4896
-7.08017912961307 0.4897
-7.0801321168059 0.4898
-7.08010619083728 0.4899
-7.08007160042506 0.49
-7.08004065498978 0.4901
-7.08002582824211 0.4902
-7.08001622789554 0.4903
-7.08003580419168 0.4904
-7.08005968891311 0.4905
-7.08010891039985 0.4906
-7.08015769530537 0.4907
-7.08021025639577 0.4908
-7.08027261636624 0.4909
-7.08031732022562 0.491
-7.08035793022625 0.4911
-7.08040575949848 0.4912
-7.08044370434063 0.4913
-7.08045797718022 0.4914
-7.08047306612671 0.4915
-7.08046804042191 0.4916
-7.08043970140761 0.4917
-7.08038794513674 0.4918
-7.08033265520518 0.4919
-7.08025173670058 0.492
-7.08015933384441 0.4921
-7.08007562822411 0.4922
-7.07998509160342 0.4923
-7.07990646407759 0.4924
-7.07982077105896 0.4925
-7.07974149796225 0.4926
-7.07966906250577 0.4927
-7.07960369171889 0.4928
-7.07958555992464 0.4929
-7.07958205689421 0.493
-7.07959396017125 0.4931
-7.0796194975296 0.4932
-7.07963908611847 0.4933
-7.07966787336638 0.4934
-7.07970373241647 0.4935
-7.07975340934137 0.4936
-7.07980193678453 0.4937
-7.07983790242968 0.4938
-7.07988779233859 0.4939
-7.07993410362407 0.494
-7.07999360944815 0.4941
-7.08006338340577 0.4942
-7.08014127237546 0.4943
-7.08021286935129 0.4944
-7.08027847139831 0.4945
-7.08033835000696 0.4946
-7.08037715227504 0.4947
-7.08040517204135 0.4948
-7.08042317995456 0.4949
-7.08042731138873 0.495
-7.08042264158829 0.4951
-7.08040105016642 0.4952
-7.08036534738707 0.4953
-7.08033705801226 0.4954
-7.08030159926034 0.4955
-7.0802756578375 0.4956
-7.08027712818368 0.4957
-7.08027127317242 0.4958
-7.0802628546416 0.4959
-7.08026223632449 0.496
-7.08025232525214 0.4961
-7.08024742272833 0.4962
-7.08025034096546 0.4963
-7.0802520848033 0.4964
-7.08026416721331 0.4965
-7.08027555401039 0.4966
-7.08027616429736 0.4967
-7.08027401576588 0.4968
-7.08026329063386 0.4969
-7.08023768249039 0.497
-7.08020414621885 0.4971
-7.08016681828791 0.4972
-7.08012959473306 0.4973
-7.08011561237135 0.4974
-7.08010387697996 0.4975
-7.08008961345205 0.4976
-7.08007841645579 0.4977
-7.08007480723631 0.4978
-7.08006254060025 0.4979
-7.08003758655325 0.498
-7.07998899287386 0.4981
-7.07994453730263 0.4982
-7.07989422972526 0.4983
-7.07983252584421 0.4984
-7.07976759535707 0.4985
-7.07969360623887 0.4986
-7.0796233299455 0.4987
-7.0795541985934 0.4988
-7.07947720195326 0.4989
-7.07940625302978 0.499
-7.07933684824436 0.4991
-7.07928345590212 0.4992
-7.07922448332111 0.4993
-7.07917182241557 0.4994
-7.07912258401139 0.4995
-7.07908275943266 0.4996
-7.07903713971226 0.4997
-7.078997360976 0.4998
-7.07895914443698 0.4999
-7.07894217209041 0.5
-7.07893600036226 0.5001
-7.07891889556354 0.5002
-7.07892172208733 0.5003
-7.07894948152141 0.5004
-7.078981859052 0.5005
-7.07903164982117 0.5006
-7.07909080933276 0.5007
-7.0791375943583 0.5008
-7.07918091266956 0.5009
-7.07919481630378 0.501
-7.07920546104511 0.5011
-7.07920405646749 0.5012
-7.07920115199052 0.5013
-7.07918719100084 0.5014
-7.07915078946384 0.5015
-7.07910823492055 0.5016
-7.07905170853612 0.5017
-7.07899713580666 0.5018
-7.07894063266582 0.5019
-7.07886340019841 0.502
-7.07876928504368 0.5021
-7.07866579779193 0.5022
-7.07855627841398 0.5023
-7.07845773821765 0.5024
-7.07835699866273 0.5025
-7.0782696883354 0.5026
-7.07819400684187 0.5027
-7.07811911357037 0.5028
-7.07805341491035 0.5029
-7.07800585949809 0.503
-7.07796774726427 0.5031
-7.07792107636168 0.5032
-7.07790946900883 0.5033
-7.07789285896761 0.5034
-7.07787668598697 0.5035
-7.07787440855254 0.5036
-7.07790018388017 0.5037
-7.0779245848693 0.5038
-7.0779668267963 0.5039
-7.07801197977103 0.504
-7.07805327346148 0.5041
-7.07810655325253 0.5042
-7.07814529833224 0.5043
-7.07818721452629 0.5044
-7.07820948734876 0.5045
-7.07822104815275 0.5046
-7.0782476494616 0.5047
-7.07826957226451 0.5048
-7.0783010186516 0.5049
-7.0783463665965 0.505
-7.07837906946816 0.5051
-7.07841019659964 0.5052
-7.07842275505095 0.5053
-7.0784298385725 0.5054
-7.0784414932358 0.5055
-7.07846057964035 0.5056
-7.07848208863751 0.5057
-7.07847810998509 0.5058
-7.07847442013627 0.5059
-7.07848253427298 0.506
-7.07849256674975 0.5061
-7.07849025614239 0.5062
-7.07848883109388 0.5063
-7.07847015423282 0.5064
-7.07843620767334 0.5065
-7.078373327602 0.5066
-7.07831612235061 0.5067
-7.07824829584696 0.5068
-7.07816622132869 0.5069
-7.07805781946779 0.507
-7.07794786287728 0.5071
-7.07783994055842 0.5072
-7.07773680157168 0.5073
-7.07760329994365 0.5074
-7.07748245789632 0.5075
-7.07736408264359 0.5076
-7.07725003068586 0.5077
-7.07714089066991 0.5078
-7.07703410687297 0.5079
-7.07693671638536 0.508
-7.0768505665283 0.5081
-7.07676819839612 0.5082
-7.07667691209294 0.5083
-7.07658402658347 0.5084
-7.07648619598457 0.5085
-7.07639918578591 0.5086
-7.07633650427295 0.5087
-7.07627512279047 0.5088
-7.07621371703631 0.5089
-7.07617262902976 0.509
-7.07613330090581 0.5091
-7.07610360117078 0.5092
-7.07605637519477 0.5093
-7.07601719103134 0.5094
-7.07600006957589 0.5095
-7.07597962588057 0.5096
-7.07597936973078 0.5097
-7.07597288658834 0.5098
-7.07595168324069 0.5099
-7.07591849523711 0.51
-7.07587247788195 0.5101
-7.07582589579441 0.5102
-7.07576442815149 0.5103
-7.07569246846292 0.5104
-7.07559755291741 0.5105
-7.07550233160551 0.5106
-7.07538783301759 0.5107
-7.07527379408944 0.5108
-7.07517765403403 0.5109
-7.07508721728731 0.511
-7.0750084156512 0.5111
-7.07493243069392 0.5112
-7.07487900613686 0.5113
-7.07483879443724 0.5114
-7.07481154773305 0.5115
-7.07480331750186 0.5116
-7.07480784294827 0.5117
-7.07481070216217 0.5118
-7.074822499951 0.5119
-7.07484795023299 0.512
-7.07490317457271 0.5121
-7.07496877976529 0.5122
-7.07502912928803 0.5123
-7.07509555986193 0.5124
-7.07515918198278 0.5125
-7.07520414010534 0.5126
-7.07524251793422 0.5127
-7.07526059878183 0.5128
-7.0752726645743 0.5129
-7.07526183558939 0.513
-7.07524132580729 0.5131
-7.07521251191434 0.5132
-7.07519220127604 0.5133
-7.07516511496632 0.5134
-7.07514018122842 0.5135
-7.07511059113585 0.5136
-7.07509763673236 0.5137
-7.0750818252326 0.5138
-7.07505960809813 0.5139
-7.07502788792694 0.514
-7.07501511721311 0.5141
-7.07499897489445 0.5142
-7.07499451811679 0.5143
-7.07499341602242 0.5144
-7.07499905380029 0.5145
-7.07501077939495 0.5146
-7.07502969306878 0.5147
-7.07506602296519 0.5148
-7.07510865747631 0.5149
-7.07515352848046 0.515
-7.0751817450541 0.5151
-7.07522529561568 0.5152
-7.07526246933478 0.5153
-7.07529264525358 0.5154
-7.07533934682133 0.5155
-7.07539627484537 0.5156
-7.07545600346995 0.5157
-7.07551831777929 0.5158
-7.0755879926938 0.5159
-7.07565461293214 0.516
-7.07573567646735 0.5161
-7.07581232132113 0.5162
-7.07588872903011 0.5163
-7.07595816231467 0.5164
-7.07602188123849 0.5165
-7.07608363860427 0.5166
-7.07614671880174 0.5167
-7.07620107563687 0.5168
-7.07622967902913 0.5169
-7.07623684148888 0.517
-7.07624026579672 0.5171
-7.0762368195535 0.5172
-7.07624381812601 0.5173
-7.07627132678045 0.5174
-7.07628704470454 0.5175
-7.07628032528906 0.5176
-7.07627722232871 0.5177
-7.07627180102885 0.5178
-7.07625068333715 0.5179
-7.07622788072581 0.518
-7.07620102611507 0.5181
-7.07616118290283 0.5182
-7.07611036698435 0.5183
-7.07604449758803 0.5184
-7.07597877936624 0.5185
-7.07592014669544 0.5186
-7.07584514295757 0.5187
-7.07576397291134 0.5188
-7.0756741983772 0.5189
-7.07558687352843 0.519
-7.07550576519922 0.5191
-7.07541837742275 0.5192
-7.07533673704568 0.5193
-7.07525136185573 0.5194
-7.07518887417442 0.5195
-7.07513574670903 0.5196
-7.07509302056309 0.5197
-7.07505748576883 0.5198
-7.07502912235913 0.5199
-7.07501325353894 0.52
-7.07498692088234 0.5201
-7.07495843804474 0.5202
-7.07493483337505 0.5203
-7.07490014105036 0.5204
-7.0748754356266 0.5205
-7.07486406873863 0.5206
-7.0748652073331 0.5207
-7.07488126264923 0.5208
-7.07490628476094 0.5209
-7.07493793623143 0.521
-7.07495020692718 0.5211
-7.07495257629032 0.5212
-7.0749385142837 0.5213
-7.07491398070397 0.5214
-7.07487339097621 0.5215
-7.07482102280377 0.5216
-7.0747622464322 0.5217
-7.07472442624426 0.5218
-7.07468173953771 0.5219
-7.07461184147012 0.522
-7.07453348148944 0.5221
-7.07444814352748 0.5222
-7.07436992588958 0.5223
-7.07430444184792 0.5224
-7.07421386605668 0.5225
-7.07412754323809 0.5226
-7.07405064054646 0.5227
-7.07397286697015 0.5228
-7.0738725508255 0.5229
-7.07376071699123 0.523
-7.07364215685219 0.5231
-7.07352376427226 0.5232
-7.07340718910129 0.5233
-7.07330485156641 0.5234
-7.07320057298814 0.5235
-7.07309252105895 0.5236
-7.07297296285897 0.5237
-7.07287664969447 0.5238
-7.07278663587418 0.5239
-7.07273149238026 0.524
-7.07271495273321 0.5241
-7.07273346995241 0.5242
-7.07276452014574 0.5243
-7.07278869962849 0.5244
-7.07282261946245 0.5245
-7.07287822796878 0.5246
-7.07293587539119 0.5247
-7.0730125635163 0.5248
-7.07308151267178 0.5249
-7.07314973572889 0.525
-7.07321290547063 0.5251
-7.07323193697674 0.5252
-7.07324097436891 0.5253
-7.07323460102739 0.5254
-7.07322393211034 0.5255
-7.07320855819165 0.5256
-7.07316326908754 0.5257
-7.07309010904761 0.5258
-7.07299924422863 0.5259
-7.07286712779057 0.526
-7.07271622098577 0.5261
-7.07255036356773 0.5262
-7.07235454582244 0.5263
-7.07213922525842 0.5264
-7.07191486946179 0.5265
-7.07169715118941 0.5266
-7.07149123548763 0.5267
-7.07130544980492 0.5268
-7.07113113343826 0.5269
-7.07097118334653 0.527
-7.0708620599702 0.5271
-7.07077295381494 0.5272
-7.07071551046387 0.5273
-7.07067928340382 0.5274
-7.07069066990327 0.5275
-7.07074599782808 0.5276
-7.07082895839271 0.5277
-7.07093527031304 0.5278
-7.07105692477408 0.5279
-7.07120599960403 0.528
-7.07136799967127 0.5281
-7.07152356332519 0.5282
-7.07167371106951 0.5283
-7.07181860060261 0.5284
-7.07195059521236 0.5285
-7.07205209101942 0.5286
-7.07212607511069 0.5287
-7.07218195132355 0.5288
-7.07221461246858 0.5289
-7.07222374705356 0.529
-7.0722094408135 0.5291
-7.07217765420309 0.5292
-7.07213481260897 0.5293
-7.07204474950579 0.5294
-7.07194096917493 0.5295
-7.07183362883143 0.5296
-7.07174126654272 0.5297
-7.07166114527391 0.5298
-7.07160173790896 0.5299
-7.07157029188347 0.53
-7.07156052166593 0.5301
-7.07156142043697 0.5302
-7.07159476661982 0.5303
-7.07162287248911 0.5304
-7.07166102918417 0.5305
-7.07171248255619 0.5306
-7.07175875632665 0.5307
-7.07179941017329 0.5308
-7.071815685216 0.5309
-7.0718167857998 0.531
-7.07183959071568 0.5311
-7.07185857730565 0.5312
-7.07185429845966 0.5313
-7.07185148293475 0.5314
-7.07182697168999 0.5315
-7.07177244303385 0.5316
-7.07171760433335 0.5317
-7.07165610107063 0.5318
-7.07158095211008 0.5319
-7.07149178869774 0.532
-7.07138564380301 0.5321
-7.07128133609351 0.5322
-7.07118767915795 0.5323
-7.07110320701329 0.5324
-7.07102898012282 0.5325
-7.07093832708108 0.5326
-7.07084258892509 0.5327
-7.07074875259656 0.5328
-7.07065138125943 0.5329
-7.07057392537126 0.533
-7.07050929753268 0.5331
-7.07043810189468 0.5332
-7.07035711244427 0.5333
-7.07028742445849 0.5334
-7.07022703933246 0.5335
-7.07014406549719 0.5336
-7.07007332035216 0.5337
-7.07001264307616 0.5338
-7.06993645819869 0.5339
-7.06986783419279 0.534
-7.06980765658594 0.5341
-7.0697446434908 0.5342
-7.06967202576406 0.5343
-7.06958552496425 0.5344
-7.069498407988 0.5345
-7.06939485725294 0.5346
-7.06929177333971 0.5347
-7.0691736299309 0.5348
-7.06903849865946 0.5349
-7.06890575837326 0.535
-7.06878044567021 0.5351
-7.06863157389749 0.5352
-7.06848591154818 0.5353
-7.0683359816384 0.5354
-7.06817487291453 0.5355
-7.0680040059615 0.5356
-7.06783222123559 0.5357
-7.06767172015421 0.5358
-7.06749964518014 0.5359
-7.06732848682628 0.536
-7.06715884965228 0.5361
-7.0670045652133 0.5362
-7.06686842646222 0.5363
-7.06672041935111 0.5364
-7.06658424448043 0.5365
-7.06647778989631 0.5366
-7.06636900285384 0.5367
-7.06627264722084 0.5368
-7.06618851193146 0.5369
-7.06611212550337 0.537
-7.06604931460102 0.5371
-7.06600267543964 0.5372
-7.06599259956134 0.5373
-7.06599795939525 0.5374
-7.06601461771668 0.5375
-7.06606367917716 0.5376
-7.06614486400551 0.5377
-7.06623439891255 0.5378
-7.06632083685835 0.5379
-7.06640692424209 0.538
-7.06648648718029 0.5381
-7.0665509015602 0.5382
-7.06663097193957 0.5383
-7.06672445961357 0.5384
-7.06680848056841 0.5385
-7.06689728912138 0.5386
-7.06698427740035 0.5387
-7.06703668889863 0.5388
-7.06709468893714 0.5389
-7.06713263136789 0.539
-7.06716100688096 0.5391
-7.06718448838125 0.5392
-7.06719634928883 0.5393
-7.06718673956127 0.5394
-7.06715765626607 0.5395
-7.06710359920261 0.5396
-7.06703100066019 0.5397
-7.06693030788347 0.5398
-7.0668180252959 0.5399
-7.06669097286374 0.54
-7.06654570925981 0.5401
-7.06639955021314 0.5402
-7.06625349717363 0.5403
-7.06610305493512 0.5404
-7.06595530955686 0.5405
-7.06581373853351 0.5406
-7.06569187288315 0.5407
-7.06557434002245 0.5408
-7.06547812615562 0.5409
-7.06542760465865 0.541
-7.06539793605708 0.5411
-7.06538001838623 0.5412
-7.06537438238377 0.5413
-7.06538892387244 0.5414
-7.06541199237079 0.5415
-7.0654511028032 0.5416
-7.06550064713836 0.5417
-7.06556820996009 0.5418
-7.06562800975257 0.5419
-7.06569815692785 0.542
-7.06578279625816 0.5421
-7.06586999282503 0.5422
-7.06596306802981 0.5423
-7.0660340867817 0.5424
-7.06610086796641 0.5425
-7.06616986988433 0.5426
-7.0662245788234 0.5427
-7.06628492447118 0.5428
-7.06633806148462 0.5429
-7.06637645387878 0.543
-7.06639828050754 0.5431
-7.06638649144648 0.5432
-7.06637575362179 0.5433
-7.06635330425146 0.5434
-7.06635189131376 0.5435
-7.06634970438236 0.5436
-7.06635213460703 0.5437
-7.06635045619703 0.5438
-7.06632157257029 0.5439
-7.066283432139 0.544
-7.06625518399603 0.5441
-7.06624385687507 0.5442
-7.06624303961138 0.5443
-7.06622418827505 0.5444
-7.06619203304411 0.5445
-7.06615977081795 0.5446
-7.06610364869195 0.5447
-7.06603907931518 0.5448
-7.06596566011833 0.5449
-7.06588544598495 0.545
-7.0657980613093 0.5451
-7.0657107801846 0.5452
-7.06562024349189 0.5453
-7.06552631771073 0.5454
-7.0654177524183 0.5455
-7.06532355832213 0.5456
-7.06525513460398 0.5457
-7.06518859773381 0.5458
-7.06511975363615 0.5459
-7.06506435226554 0.546
-7.06501545008949 0.5461
-7.06495602379654 0.5462
-7.06491182098515 0.5463
-7.06485986888562 0.5464
-7.06480996498488 0.5465
-7.06474526189019 0.5466
-7.06469076585539 0.5467
-7.06463163349777 0.5468
-7.06459044478007 0.5469
-7.06455794717968 0.547
-7.06452498647409 0.5471
-7.06448609288761 0.5472
-7.06446762930489 0.5473
-7.06445297100654 0.5474
-7.0644481008885 0.5475
-7.06446670781137 0.5476
-7.06449972508832 0.5477
-7.06453934967011 0.5478
-7.0645649675817 0.5479
-7.06458503209061 0.548
-7.06460155553022 0.5481
-7.06461230805416 0.5482
-7.06462083332099 0.5483
-7.06462510236705 0.5484
-7.06460856699931 0.5485
-7.06459627876781 0.5486
-7.06457860270308 0.5487
-7.06455123570877 0.5488
-7.06451346729344 0.5489
-7.06446241633172 0.549
-7.06439948968704 0.5491
-7.06432618336044 0.5492
-7.06423083600417 0.5493
-7.06410990341698 0.5494
-7.06398530550728 0.5495
-7.06385744535282 0.5496
-7.06373159024283 0.5497
-7.06359128259192 0.5498
-7.06345132806243 0.5499
-7.06329739723531 0.55
-7.06313764323016 0.5501
-7.06297547475852 0.5502
-7.06282669058454 0.5503
-7.06268131947498 0.5504
-7.06253225916651 0.5505
-7.06238351607469 0.5506
-7.06222107801118 0.5507
-7.06205151259704 0.5508
-7.06188021570436 0.5509
-7.06170788320218 0.551
-7.06155201120337 0.5511
-7.06140125191978 0.5512
-7.06125049370149 0.5513
-7.06112808774857 0.5514
-7.06100805808177 0.5515
-7.06089537538899 0.5516
-7.06080224079103 0.5517
-7.06072975702862 0.5518
-7.06068266976589 0.5519
-7.06065103231408 0.552
-7.06061615973053 0.5521
-7.06058839881049 0.5522
-7.06057896501823 0.5523
-7.06058493409274 0.5524
-7.06060293437705 0.5525
-7.06065385274725 0.5526
-7.06069312059847 0.5527
-7.06072707474781 0.5528
-7.06077554886545 0.5529
-7.06085177405663 0.553
-7.06095019811199 0.5531
-7.06104648820029 0.5532
-7.0611523095695 0.5533
-7.06126146167355 0.5534
-7.06136105357514 0.5535
-7.06143876524621 0.5536
-7.06153207857382 0.5537
-7.06163035396808 0.5538
-7.06171061522464 0.5539
-7.06177632951941 0.554
-7.06185831961993 0.5541
-7.06191714818136 0.5542
-7.06198329535338 0.5543
-7.06204165855163 0.5544
-7.06208363531508 0.5545
-7.06213153687691 0.5546
-7.06217899489202 0.5547
-7.06221917649027 0.5548
-7.06225541269756 0.5549
-7.06227953648508 0.555
-7.06230082084073 0.5551
-7.06231756076876 0.5552
-7.06234617345286 0.5553
-7.06238282984057 0.5554
-7.06240790962474 0.5555
-7.06241534183296 0.5556
-7.06240731680329 0.5557
-7.06239259530596 0.5558
-7.06237210567009 0.5559
-7.06234533443599 0.556
-7.06230581692864 0.5561
-7.06228593897206 0.5562
-7.06225649394939 0.5563
-7.06221541811234 0.5564
-7.06217054183643 0.5565
-7.06212072393531 0.5566
-7.06207889718883 0.5567
-7.06202923871934 0.5568
-7.06195875218335 0.5569
-7.06187919142963 0.557
-7.06179085132999 0.5571
-7.06172086948157 0.5572
-7.06163928991408 0.5573
-7.06157129444213 0.5574
-7.06148850560602 0.5575
-7.06141225246851 0.5576
-7.06135367863513 0.5577
-7.06130135419233 0.5578
-7.06127492793233 0.5579
-7.06125509070857 0.558
-7.06126027686371 0.5581
-7.06125747805112 0.5582
-7.06126647080548 0.5583
-7.06129470600198 0.5584
-7.06134580918831 0.5585
-7.06141102126641 0.5586
-7.06149168394263 0.5587
-7.06156113850186 0.5588
-7.06165263865941 0.5589
-7.06177535524337 0.559
-7.06191744364994 0.5591
-7.06206051326247 0.5592
-7.06220600806589 0.5593
-7.06235555695619 0.5594
-7.06248711209195 0.5595
-7.06261052118347 0.5596
-7.06270349572686 0.5597
-7.06280152856007 0.5598
-7.06288459985643 0.5599
-7.06296159389402 0.56
-7.06300216258846 0.5601
-7.06303470340903 0.5602
-7.06305135001755 0.5603
-7.06306133226533 0.5604
-7.06305216311433 0.5605
-7.06300686743925 0.5606
-7.06296011963402 0.5607
-7.06289804768924 0.5608
-7.06280978046103 0.5609
-7.06268051500589 0.561
-7.06252767420968 0.5611
-7.0623618805409 0.5612
-7.06217854159569 0.5613
-7.06196240547796 0.5614
-7.06174090758352 0.5615
-7.06152350886277 0.5616
-7.06129860656591 0.5617
-7.06105995010759 0.5618
-7.06083085115377 0.5619
-7.06061337748761 0.562
-7.06041902260126 0.5621
-7.06022849240144 0.5622
-7.06005418595783 0.5623
-7.05988261992465 0.5624
-7.05972372422556 0.5625
-7.05958156171664 0.5626
-7.05946216636676 0.5627
-7.0593477594699 0.5628
-7.05925822321917 0.5629
-7.05918824079584 0.563
-7.05914660322485 0.5631
-7.05912039161447 0.5632
-7.0591125674357 0.5633
-7.0591141617865 0.5634
-7.05910627767213 0.5635
-7.05909878912305 0.5636
-7.05910282155538 0.5637
-7.05911210640695 0.5638
-7.05912421816584 0.5639
-7.05914239130143 0.564
-7.05917358507359 0.5641
-7.05919793505039 0.5642
-7.05921697746728 0.5643
-7.05921527369355 0.5644
-7.05921976944795 0.5645
-7.05922216766551 0.5646
-7.05923560170654 0.5647
-7.05923756648081 0.5648
-7.05923703899946 0.5649
-7.05923909840559 0.565
-7.05924017954712 0.5651
-7.05923291806912 0.5652
-7.05921464003102 0.5653
-7.05918621529968 0.5654
-7.0591739046847 0.5655
-7.05915462677537 0.5656
-7.05912689915247 0.5657
-7.05910546724755 0.5658
-7.05910156214491 0.5659
-7.0590989088022 0.566
-7.0591019053968 0.5661
-7.05910210761143 0.5662
-7.05911756791928 0.5663
-7.05915638282344 0.5664
-7.05921325737785 0.5665
-7.05927879680704 0.5666
-7.05936000244175 0.5667
-7.05943433201695 0.5668
-7.05952586685961 0.5669
-7.05963643855889 0.567
-7.05977059959435 0.5671
-7.05990967481023 0.5672
-7.06006430732771 0.5673
-7.06022628998891 0.5674
-7.06037545473519 0.5675
-7.06052102626105 0.5676
-7.0606623711726 0.5677
-7.06079746671243 0.5678
-7.0609423850163 0.5679
-7.06107698008832 0.568
-7.06120856419897 0.5681
-7.06132202012699 0.5682
-7.06139742866387 0.5683
-7.06146478396966 0.5684
-7.06150331390858 0.5685
-7.06152370589819 0.5686
-7.0615110228893 0.5687
-7.06146136330673 0.5688
-7.06139453376141 0.5689
-7.06130095460584 0.569
-7.06118250559105 0.5691
-7.0610326309857 0.5692
-7.06085642855909 0.5693
-7.06068497835254 0.5694
-7.060499300335 0.5695
-7.0603309518351 0.5696
-7.06016557732944 0.5697
-7.0600021534101 0.5698
-7.05983768498235 0.5699
-7.05969355396041 0.57
-7.05957315428767 0.5701
-7.059458843582 0.5702
-7.05935339560613 0.5703
-7.05925007601079 0.5704
-7.05915591435042 0.5705
-7.05908094958296 0.5706
-7.05904005629758 0.5707
-7.05901612415548 0.5708
-7.05901340187309 0.5709
-7.0590052951153 0.571
-7.05898940484133 0.5711
-7.05896679932187 0.5712
-7.05893860526076 0.5713
-7.05889550373622 0.5714
-7.058846320053 0.5715
-7.05879620542065 0.5716
-7.05872084699649 0.5717
-7.05862755938842 0.5718
-7.05851106966297 0.5719
-7.05837276493171 0.572
-7.05822305677807 0.5721
-7.05805802788241 0.5722
-7.05788155499824 0.5723
-7.05770921418372 0.5724
-7.05753523051722 0.5725
-7.05738362608055 0.5726
-7.0572365987183 0.5727
-7.05710662757473 0.5728
-7.05698510475379 0.5729
-7.0568909257622 0.573
-7.05678584665154 0.5731
-7.05668366433455 0.5732
-7.05659139977844 0.5733
-7.056527028211 0.5734
-7.05646751979157 0.5735
-7.05640699823632 0.5736
-7.05635980090871 0.5737
-7.0563153431974 0.5738
-7.05629328891034 0.5739
-7.05628473986911 0.574
-7.05630621907104 0.5741
-7.05633665968856 0.5742
-7.05637236196393 0.5743
-7.05640374185579 0.5744
-7.05642813663335 0.5745
-7.05648317673269 0.5746
-7.05655032497532 0.5747
-7.05660860211629 0.5748
-7.05664741382304 0.5749
-7.05667494907688 0.575
-7.05668083910042 0.5751
-7.05667153787721 0.5752
-7.05665214121117 0.5753
-7.05664262506485 0.5754
-7.05661724475354 0.5755
-7.05655522820894 0.5756
-7.05644680524397 0.5757
-7.05632771136876 0.5758
-7.0561961025053 0.5759
-7.05604451178456 0.576
-7.05589285711356 0.5761
-7.05575592921342 0.5762
-7.05561427109208 0.5763
-7.05547777382494 0.5764
-7.05534879240537 0.5765
-7.0552330110029 0.5766
-7.05515076330839 0.5767
-7.05510890489838 0.5768
-7.05507362170789 0.5769
-7.05507216407323 0.577
-7.05510824083885 0.5771
-7.05515131001338 0.5772
-7.05522964329547 0.5773
-7.05532773139814 0.5774
-7.05544762950693 0.5775
-7.05558578939957 0.5776
-7.05574108971439 0.5777
-7.0558839878741 0.5778
-7.05602982585725 0.5779
-7.05618437302967 0.578
-7.05631473233306 0.5781
-7.05644087366596 0.5782
-7.05655012469335 0.5783
-7.05665463820361 0.5784
-7.05674557892092 0.5785
-7.05680265995451 0.5786
-7.05682597381032 0.5787
-7.05679151319441 0.5788
-7.05673520315412 0.5789
-7.05664536910565 0.579
-7.05651245871749 0.5791
-7.05635856825148 0.5792
-7.05616084477586 0.5793
-7.05594443400373 0.5794
-7.05571306161967 0.5795
-7.05545247236552 0.5796
-7.05521600996227 0.5797
-7.05498059601481 0.5798
-7.05475744435209 0.5799
-7.0545532566229 0.58
-7.05436316390475 0.5801
-7.05417825858535 0.5802
-7.05398879734579 0.5803
-7.05380322200116 0.5804
-7.05365544052679 0.5805
-7.05351094825678 0.5806
-7.05336227023591 0.5807
-7.05323011495754 0.5808
-7.05309170197812 0.5809
-7.05297919921911 0.581
-7.052865446089 0.5811
-7.05275076331633 0.5812
-7.05264958929613 0.5813
-7.05255023561896 0.5814
-7.05245294662741 0.5815
-7.05235612667268 0.5816
-7.05224887917289 0.5817
-7.05213723943913 0.5818
-7.05202952340815 0.5819
-7.05193324933694 0.582
-7.05186180602684 0.5821
-7.05180877251373 0.5822
-7.0517712860422 0.5823
-7.05174540866402 0.5824
-7.0517228343274 0.5825
-7.05170924001672 0.5826
-7.05170706537835 0.5827
-7.0517243993449 0.5828
-7.05174826030068 0.5829
-7.05178788858975 0.583
-7.0518256373492 0.5831
-7.05187592354805 0.5832
-7.05192594614133 0.5833
-7.05197355321349 0.5834
-7.05200350134176 0.5835
-7.05203567574918 0.5836
-7.05206766651703 0.5837
-7.05209823394609 0.5838
-7.05210921252197 0.5839
-7.05210593940327 0.584
-7.05207207226428 0.5841
-7.05203586286645 0.5842
-7.05199615693918 0.5843
-7.05194297536732 0.5844
-7.05188029534513 0.5845
-7.05181941452201 0.5846
-7.05176300764976 0.5847
-7.05169550494756 0.5848
-7.05163968254028 0.5849
-7.0515916422207 0.585
-7.05154989726738 0.5851
-7.05150881859143 0.5852
-7.05146743899145 0.5853
-7.05144315649254 0.5854
-7.051445137492 0.5855
-7.05146814517297 0.5856
-7.05151122077636 0.5857
-7.05156296728185 0.5858
-7.05164534079806 0.5859
-7.05174685229836 0.586
-7.05185600568593 0.5861
-7.05194931518708 0.5862
-7.05206096092597 0.5863
-7.0521466297047 0.5864
-7.05222802845456 0.5865
-7.05230969252623 0.5866
-7.05239274836595 0.5867
-7.0524725470428 0.5868
-7.05256216687725 0.5869
-7.05265625671079 0.587
-7.05272631764872 0.5871
-7.05281125198384 0.5872
-7.05290051181664 0.5873
-7.05298032813927 0.5874
-7.05306915925499 0.5875
-7.05314761534212 0.5876
-7.05320194096276 0.5877
-7.05325376881088 0.5878
-7.05329458698616 0.5879
-7.05331722750579 0.588
-7.05331398711437 0.5881
-7.05328151848469 0.5882
-7.05322483469126 0.5883
-7.05313585168206 0.5884
-7.05303262272098 0.5885
-7.05290005870213 0.5886
-7.052731237105 0.5887
-7.05253430424354 0.5888
-7.05233575467304 0.5889
-7.05213865205335 0.589
-7.05191464077305 0.5891
-7.05169266329721 0.5892
-7.05146208026125 0.5893
-7.0512377060032 0.5894
-7.05102454768461 0.5895
-7.05080756032088 0.5896
-7.05061584611974 0.5897
-7.0504684131116 0.5898
-7.05033539854924 0.5899
-7.05023974098382 0.59
-7.05016506633034 0.5901
-7.05012415409701 0.5902
-7.05012039765924 0.5903
-7.05014490809127 0.5904
-7.05022183252274 0.5905
-7.05033884961489 0.5906
-7.05047602843848 0.5907
-7.05063491527904 0.5908
-7.05081445553267 0.5909
-7.05101412947718 0.591
-7.05120222807241 0.5911
-7.05139325499042 0.5912
-7.05158077762694 0.5913
-7.05178699371733 0.5914
-7.0519899292559 0.5915
-7.05218387058375 0.5916
-7.05237939114298 0.5917
-7.05253508672472 0.5918
-7.05267423621027 0.5919
-7.05278831529385 0.592
-7.05288255255318 0.5921
-7.05293439930216 0.5922
-7.05294570940299 0.5923
-7.05287816763539 0.5924
-7.05278142217196 0.5925
-7.05265755964489 0.5926
-7.05250181119454 0.5927
-7.05232806939974 0.5928
-7.05213091245372 0.5929
-7.05192412556162 0.593
-7.05170807505194 0.5931
-7.05150484901714 0.5932
-7.05130991779046 0.5933
-7.05112615574896 0.5934
-7.05096621958543 0.5935
-7.05083052814959 0.5936
-7.05073510391141 0.5937
-7.05067595675685 0.5938
-7.05062129371583 0.5939
-7.05058681281709 0.594
-7.05056680202958 0.5941
-7.0505695858533 0.5942
-7.05060747633821 0.5943
-7.05066754529857 0.5944
-7.05074836971388 0.5945
-7.05085195135054 0.5946
-7.05096028099393 0.5947
-7.05107485321496 0.5948
-7.05117974347019 0.5949
-7.05128042420705 0.595
-7.05137640041442 0.5951
-7.05144696609783 0.5952
-7.05151732385443 0.5953
-7.05155938994508 0.5954
-7.05157984202118 0.5955
-7.051586057177 0.5956
-7.0515708628372 0.5957
-7.05152241472724 0.5958
-7.05147084248232 0.5959
-7.05138473849299 0.596
-7.05128721373654 0.5961
-7.05116892311869 0.5962
-7.05103960597331 0.5963
-7.05089412462341 0.5964
-7.05075361636769 0.5965
-7.05061141385646 0.5966
-7.05045806108178 0.5967
-7.05030874859477 0.5968
-7.05017359879954 0.5969
-7.05004409967123 0.597
-7.04989605677756 0.5971
-7.0497688225962 0.5972
-7.0496360936853 0.5973
-7.04952909872249 0.5974
-7.04942334143855 0.5975
-7.0493315610145 0.5976
-7.04923492553416 0.5977
-7.04914511390841 0.5978
-7.04905282324091 0.5979
-7.04897405986402 0.598
-7.04889375275654 0.5981
-7.04883982865089 0.5982
-7.04879813773592 0.5983
-7.04876309596039 0.5984
-7.04873441070739 0.5985
-7.04870713805891 0.5986
-7.04870585428555 0.5987
-7.04871220014659 0.5988
-7.04873556528451 0.5989
-7.04875727939776 0.599
-7.04878941986405 0.5991
-7.04883118169765 0.5992
-7.04887551362043 0.5993
-7.0489107136024 0.5994
-7.04897037735302 0.5995
-7.04903829203615 0.5996
-7.04910474053624 0.5997
-7.04917526074385 0.5998
-7.04922722600045 0.5999
-7.04926612432245 0.6
-7.04929308669405 0.6001
-7.0493059083634 0.6002
-7.04928118484966 0.6003
-7.04924056158693 0.6004
-7.04918307362745 0.6005
-7.04912942321158 0.6006
-7.04907709442834 0.6007
-7.04904163858543 0.6008
-7.04900464321247 0.6009
-7.04896537428318 0.601
-7.04892891656234 0.6011
-7.04888988452671 0.6012
-7.04884792274784 0.6013
-7.04878997672453 0.6014
-7.04874341404054 0.6015
-7.04868194999772 0.6016
-7.04862248745731 0.6017
-7.04857809437971 0.6018
-7.04853390992931 0.6019
-7.04849579292632 0.602
-7.04844435643799 0.6021
-7.04838468804542 0.6022
-7.04831711574566 0.6023
-7.04823354468545 0.6024
-7.04816169841916 0.6025
-7.04808862246876 0.6026
-7.04798994875195 0.6027
-7.04790083091167 0.6028
-7.04782293020833 0.6029
-7.04773432609216 0.603
-7.04765728991585 0.6031
-7.04759454379187 0.6032
-7.04753359798064 0.6033
-7.0474728726706 0.6034
-7.04741535462027 0.6035
-7.04738010425394 0.6036
-7.04737005486116 0.6037
-7.04734238171856 0.6038
-7.04730093068985 0.6039
-7.04724579436799 0.604
-7.04719866356721 0.6041
-7.04714341160308 0.6042
-7.04710472744069 0.6043
-7.04708563498841 0.6044
-7.04709891576827 0.6045
-7.04712528504876 0.6046
-7.0471531254326 0.6047
-7.04718932880317 0.6048
-7.04724284333412 0.6049
-7.04728343772904 0.605
-7.04731183339276 0.6051
-7.04733250437803 0.6052
-7.04737768662512 0.6053
-7.04741728103926 0.6054
-7.04744019051474 0.6055
-7.04746177852664 0.6056
-7.04747520690921 0.6057
-7.04747197180535 0.6058
-7.04746287406491 0.6059
-7.04745830863482 0.606
-7.04746254034374 0.6061
-7.04747177261707 0.6062
-7.04748954258799 0.6063
-7.04753620485209 0.6064
-7.0476102525143 0.6065
-7.04769721534702 0.6066
-7.04782811035897 0.6067
-7.04797760309032 0.6068
-7.04811159919311 0.6069
-7.04822495419917 0.607
-7.04834917989921 0.6071
-7.04845957544642 0.6072
-7.04857509040863 0.6073
-7.0486777567134 0.6074
-7.04879211035738 0.6075
-7.04892524971361 0.6076
-7.04903678285755 0.6077
-7.04911969777875 0.6078
-7.04917766831881 0.6079
-7.04922878016061 0.608
-7.04925119221733 0.6081
-7.04926785555386 0.6082
-7.04928091543865 0.6083
-7.04925947956319 0.6084
-7.04922000237481 0.6085
-7.04916791245327 0.6086
-7.04906678651678 0.6087
-7.04893493934046 0.6088
-7.04876070449547 0.6089
-7.04858548117483 0.609
-7.04839078193154 0.6091
-7.04818596448749 0.6092
-7.04795609339849 0.6093
-7.04773341249282 0.6094
-7.0475124803103 0.6095
-7.04731371537277 0.6096
-7.04710601021015 0.6097
-7.04688454897846 0.6098
-7.04668220397557 0.6099
-7.04649844432993 0.61
-7.04633159074089 0.6101
-7.04618164315804 0.6102
-7.04606415895712 0.6103
-7.04597620703077 0.6104
-7.04591002503845 0.6105
-7.04586431417365 0.6106
-7.04582267939595 0.6107
-7.04578360490185 0.6108
-7.04576357303131 0.6109
-7.04574575376886 0.611
-7.0457434156362 0.6111
-7.04577031867269 0.6112
-7.04580478171351 0.6113
-7.04581907769487 0.6114
-7.04581607602499 0.6115
-7.04583641003458 0.6116
-7.04585898869727 0.6117
-7.04588642336374 0.6118
-7.0459306544149 0.6119
-7.04598757799549 0.612
-7.04602556311798 0.6121
-7.04606521537527 0.6122
-7.04610145718503 0.6123
-7.04613248597757 0.6124
-7.04616796860169 0.6125
-7.04620611943528 0.6126
-7.04624742207148 0.6127
-7.04626738232096 0.6128
-7.04629330427249 0.6129
-7.04629384068678 0.613
-7.04628733488535 0.6131
-7.04625945745019 0.6132
-7.04621468986103 0.6133
-7.04616825301161 0.6134
-7.04609991655177 0.6135
-7.04603007728212 0.6136
-7.04594169384105 0.6137
-7.04583909529696 0.6138
-7.04573039896785 0.6139
-7.04563144053004 0.614
-7.04555613079573 0.6141
-7.04549147427607 0.6142
-7.04543978766846 0.6143
-7.04540671596464 0.6144
-7.04539854204873 0.6145
-7.04541486408437 0.6146
-7.04543068554674 0.6147
-7.04546135002186 0.6148
-7.04550169433562 0.6149
-7.04553028850947 0.615
-7.04555999672407 0.6151
-7.04559065741694 0.6152
-7.04561217450262 0.6153
-7.04562819206236 0.6154
-7.04563529454649 0.6155
-7.04562074218439 0.6156
-7.04559030463029 0.6157
-7.04554111728765 0.6158
-7.04548949029881 0.6159
-7.04541911191427 0.616
-7.04534868533315 0.6161
-7.04527845286992 0.6162
-7.04521099933202 0.6163
-7.04513976340811 0.6164
-7.04506427844558 0.6165
-7.0449651350929 0.6166
-7.04485477164392 0.6167
-7.04471306081771 0.6168
-7.04456557669902 0.6169
-7.04439495260724 0.617
-7.0441962663487 0.6171
-7.04399864139689 0.6172
-7.04381752804519 0.6173
-7.04361500560538 0.6174
-7.04341086016547 0.6175
-7.04321229854083 0.6176
-7.04304564989829 0.6177
-7.04289165258292 0.6178
-7.04274047091289 0.6179
-7.04259057399572 0.618
-7.04247401449404 0.6181
-7.04238590002906 0.6182
-7.04231445715612 0.6183
-7.04225794271092 0.6184
-7.04221798558303 0.6185
-7.04218520559014 0.6186
-7.04215873245103 0.6187
-7.04213825354453 0.6188
-7.0421397917934 0.6189
-7.04214602325889 0.619
-7.04216866366482 0.6191
-7.04219669457171 0.6192
-7.04221323164037 0.6193
-7.04222565387421 0.6194
-7.04224108768378 0.6195
-7.04224076656975 0.6196
-7.04225623731624 0.6197
-7.04226459940453 0.6198
-7.04225060828314 0.6199
-7.0422156087968 0.62
-7.04215974860858 0.6201
-7.04212981795723 0.6202
-7.04209354780359 0.6203
-7.04203883429043 0.6204
-7.04199297990585 0.6205
-7.04192646968737 0.6206
-7.04187990395401 0.6207
-7.04182589042922 0.6208
-7.04178052748693 0.6209
-7.04173807885662 0.621
-7.04171942762991 0.6211
-7.04170078257229 0.6212
-7.04171236254921 0.6213
-7.04173871641582 0.6214
-7.04177035097925 0.6215
-7.04183811605957 0.6216
-7.04192845200187 0.6217
-7.04204823748305 0.6218
-7.04217427484226 0.6219
-7.04230771325923 0.622
-7.0424364047791 0.6221
-7.04257581275312 0.6222
-7.04274651918458 0.6223
-7.04292449159876 0.6224
-7.0431038410719 0.6225
-7.04327021677587 0.6226
-7.0434311192795 0.6227
-7.04356750104375 0.6228
-7.04370323759717 0.6229
-7.04383116340066 0.623
-7.0439642471109 0.6231
-7.04408549656885 0.6232
-7.04420251733815 0.6233
-7.04430132588948 0.6234
-7.04439482057734 0.6235
-7.04446605244187 0.6236
-7.04453201288145 0.6237
-7.04457137494356 0.6238
-7.04458620935454 0.6239
-7.04459297363599 0.624
-7.04459458600212 0.6241
-7.04458281248209 0.6242
-7.0445734650468 0.6243
-7.04453358742488 0.6244
-7.0444793267521 0.6245
-7.04442119610475 0.6246
-7.04435061587363 0.6247
-7.04425673374064 0.6248
-7.04415265006111 0.6249
-7.04403656247875 0.625
-7.04391847658884 0.6251
-7.04379941544814 0.6252
-7.04369267338463 0.6253
-7.04360355266384 0.6254
-7.04352601472601 0.6255
-7.0434501827546 0.6256
-7.04339349984312 0.6257
-7.04333517047403 0.6258
-7.04326191056831 0.6259
-7.04322363508889 0.626
-7.04320535205165 0.6261
-7.04320024347221 0.6262
-7.04319598902876 0.6263
-7.04320055174982 0.6264
-7.04318413278969 0.6265
-7.04315297656595 0.6266
-7.04310826728634 0.6267
-7.04304354027516 0.6268
-7.04298683694725 0.6269
-7.04292906681825 0.627
-7.04288207995857 0.6271
-7.04284259399809 0.6272
-7.04279346943165 0.6273
-7.0427704093359 0.6274
-7.04272566285421 0.6275
-7.04265663832867 0.6276
-7.042593968311 0.6277
-7.04253628505665 0.6278
-7.04247524479129 0.6279
-7.04243291467222 0.628
-7.04241672864062 0.6281
-7.04238160750948 0.6282
-7.04234819903716 0.6283
-7.04233344647027 0.6284
-7.04235026953438 0.6285
-7.04237811602179 0.6286
-7.04244503879846 0.6287
-7.04250772611971 0.6288
-7.04261017984511 0.6289
-7.04272658222853 0.629
-7.04282793286341 0.6291
-7.04290888961488 0.6292
-7.04300996769899 0.6293
-7.04310149231309 0.6294
-7.0432008506035 0.6295
-7.04329189507853 0.6296
-7.04337949935011 0.6297
-7.04346520334202 0.6298
-7.04355788288109 0.6299
-7.04362986525119 0.63
-7.04369434092546 0.6301
-7.0437527712996 0.6302
-7.04382192892408 0.6303
-7.04387493345407 0.6304
-7.0439032357181 0.6305
-7.04392427347523 0.6306
-7.04393863011448 0.6307
-7.04395649101942 0.6308
-7.04398900840376 0.6309
-7.04402131700318 0.631
-7.04406092615634 0.6311
-7.04411577428409 0.6312
-7.04417667080713 0.6313
-7.04424181833549 0.6314
-7.04428994167348 0.6315
-7.04433154975065 0.6316
-7.04436492259012 0.6317
-7.04440506199166 0.6318
-7.04445483703214 0.6319
-7.04451902195922 0.632
-7.04457139118789 0.6321
-7.0446115618429 0.6322
-7.04465357455842 0.6323
-7.0446808703477 0.6324
-7.04468649980653 0.6325
-7.04468214073526 0.6326
-7.04467165277104 0.6327
-7.04463481532627 0.6328
-7.04458936109322 0.6329
-7.04452327395628 0.633
-7.04442693735932 0.6331
-7.04433007312065 0.6332
-7.0441913032637 0.6333
-7.0440374889807 0.6334
-7.04390308652106 0.6335
-7.04377795476039 0.6336
-7.04366674813206 0.6337
-7.04356209366967 0.6338
-7.04347063418037 0.6339
-7.04340161631024 0.634
-7.0433379258719 0.6341
-7.04329953211365 0.6342
-7.04326582942319 0.6343
-7.04325069418243 0.6344
-7.043227306772 0.6345
-7.04322372623246 0.6346
-7.04323047229426 0.6347
-7.04325595804567 0.6348
-7.04327873993008 0.6349
-7.04328018451506 0.635
-7.04324360516677 0.6351
-7.04318713835526 0.6352
-7.04313029401561 0.6353
-7.04306403277732 0.6354
-7.04298273928023 0.6355
-7.04290512095994 0.6356
-7.04281171149351 0.6357
-7.04272161625857 0.6358
-7.04263205379643 0.6359
-7.04256260838142 0.636
-7.04249462833693 0.6361
-7.04242158218265 0.6362
-7.04234643342167 0.6363
-7.04228332388468 0.6364
-7.0422030613979 0.6365
-7.04211967430317 0.6366
-7.04202015639778 0.6367
-7.04192107163827 0.6368
-7.04180602632242 0.6369
-7.0416844100738 0.637
-7.04156247078698 0.6371
-7.04143974699399 0.6372
-7.04133449356291 0.6373
-7.04124728733787 0.6374
-7.04119317729442 0.6375
-7.04114133336295 0.6376
-7.04106766642884 0.6377
-7.04101730969577 0.6378
-7.04096484406955 0.6379
-7.04090880327108 0.638
-7.04086276245828 0.6381
-7.04082742866518 0.6382
-7.04078651611467 0.6383
-7.0407734247428 0.6384
-7.04073499861808 0.6385
-7.0406926157803 0.6386
-7.04065995179361 0.6387
-7.04063680318432 0.6388
-7.04061283770735 0.6389
-7.04057561832149 0.639
-7.04054732955519 0.6391
-7.04050133922497 0.6392
-7.04046234645083 0.6393
-7.04041928615033 0.6394
-7.04038811570158 0.6395
-7.04036873957948 0.6396
-7.04036212236376 0.6397
-7.04033796135299 0.6398
-7.0403079221369 0.6399
-7.04027307573151 0.64
-7.04023607257155 0.6401
-7.04020703551883 0.6402
-7.04018918318453 0.6403
-7.04018895451935 0.6404
-7.04017426929365 0.6405
-7.04014067576001 0.6406
-7.04011621741746 0.6407
-7.04010368494746 0.6408
-7.04009867663741 0.6409
-7.04009772407934 0.641
-7.04008845587488 0.6411
-7.04007091491967 0.6412
-7.04004466638401 0.6413
-7.04002234551536 0.6414
-7.03999918881161 0.6415
-7.03999476096422 0.6416
-7.03999658693 0.6417
-7.04001315657131 0.6418
-7.04003351094518 0.6419
-7.04005407545672 0.642
-7.04008593562152 0.6421
-7.04009473898835 0.6422
-7.04009112004524 0.6423
-7.0400729271197 0.6424
-7.04004595980462 0.6425
-7.0400116907421 0.6426
-7.03997036463801 0.6427
-7.03993704644404 0.6428
-7.03990052061862 0.6429
-7.03985567484176 0.643
-7.03978663388185 0.6431
-7.03971287118331 0.6432
-7.03964837819327 0.6433
-7.03959993959416 0.6434
-7.03952519070865 0.6435
-7.03946006166021 0.6436
-7.03940067522109 0.6437
-7.03932940820834 0.6438
-7.03928528863972 0.6439
-7.03925645532873 0.644
-7.03922371085711 0.6441
-7.03919800863919 0.6442
-7.03917239698342 0.6443
-7.03915008233003 0.6444
-7.0391285565471 0.6445
-7.03911588045292 0.6446
-7.03907811600824 0.6447
-7.03904705542664 0.6448
-7.03902547755473 0.6449
-7.03899007233188 0.645
-7.03898382901084 0.6451
-7.03897855021911 0.6452
-7.03899323755221 0.6453
-7.03902465529045 0.6454
-7.03907455886338 0.6455
-7.03912476145984 0.6456
-7.03917957191271 0.6457
-7.03925763798699 0.6458
-7.03933098870919 0.6459
-7.03942778767785 0.646
-7.03955032605522 0.6461
-7.03968403610819 0.6462
-7.03982354082073 0.6463
-7.03994674196124 0.6464
-7.04006569830267 0.6465
-7.04016257259254 0.6466
-7.04024314761763 0.6467
-7.04031562657111 0.6468
-7.04037875381376 0.6469
-7.04043625481315 0.647
-7.04047221916486 0.6471
-7.04049870470825 0.6472
-7.04050053956574 0.6473
-7.04047971739352 0.6474
-7.04044852539339 0.6475
-7.04039168179485 0.6476
-7.04032818266069 0.6477
-7.04025509675134 0.6478
-7.04015448831516 0.6479
-7.04004394941068 0.648
-7.03994354501506 0.6481
-7.03983916082081 0.6482
-7.03972112065429 0.6483
-7.03961222055256 0.6484
-7.03951585616846 0.6485
-7.03942313760494 0.6486
-7.03933564090239 0.6487
-7.03926830690767 0.6488
-7.03919743466068 0.6489
-7.03912528042455 0.649
-7.03907791556096 0.6491
-7.03905709223572 0.6492
-7.03905215375235 0.6493
-7.03907011754204 0.6494
-7.03911439954154 0.6495
-7.03918773023913 0.6496
-7.0392589161725 0.6497
-7.03933142179081 0.6498
-7.03939628045996 0.6499
-7.03944374119889 0.65
-7.03949160499506 0.6501
-7.03952282476902 0.6502
-7.03955213607038 0.6503
-7.03955997782661 0.6504
-7.0395522876888 0.6505
-7.03953537719404 0.6506
-7.03951037907201 0.6507
-7.03947111190299 0.6508
-7.03943220785544 0.6509
-7.03939391874654 0.651
-7.03933285575946 0.6511
-7.03926984353873 0.6512
-7.03921529553994 0.6513
-7.03915769001384 0.6514
-7.03911726019231 0.6515
-7.03908234055458 0.6516
-7.03902836935742 0.6517
-7.03899796811366 0.6518
-7.03895429022303 0.6519
-7.03892470005462 0.652
-7.03889726587411 0.6521
-7.03887250799313 0.6522
-7.03884093201663 0.6523
-7.0388081093868 0.6524
-7.03877556452455 0.6525
-7.03874751734945 0.6526
-7.03871520679765 0.6527
-7.03869452000508 0.6528
-7.03866154660532 0.6529
-7.03861158666969 0.653
-7.03856838768559 0.6531
-7.03853343995042 0.6532
-7.0385217357319 0.6533
-7.03848393166178 0.6534
-7.03845536138656 0.6535
-7.03844109589909 0.6536
-7.03845438784734 0.6537
-7.03845051270264 0.6538
-7.03845809184976 0.6539
-7.03847573478611 0.654
-7.03850445786181 0.6541
-7.03854970455887 0.6542
-7.03859854890645 0.6543
-7.03865878236142 0.6544
-7.03871216295345 0.6545
-7.03874316849956 0.6546
-7.03875823705544 0.6547
-7.03874349501109 0.6548
-7.03873788938382 0.6549
-7.03872275268772 0.655
-7.03869527242497 0.6551
-7.03866650519227 0.6552
-7.03864396831617 0.6553
-7.03859557586197 0.6554
-7.0385207840291 0.6555
-7.03843468210244 0.6556
-7.03833987795409 0.6557
-7.03821941005197 0.6558
-7.03809682034256 0.6559
-7.03795381537758 0.656
-7.03779829109016 0.6561
-7.03761330266835 0.6562
-7.03743749195532 0.6563
-7.03728589804661 0.6564
-7.03711755471543 0.6565
-7.0369364101036 0.6566
-7.03677944929664 0.6567
-7.03663340277086 0.6568
-7.0364844847927 0.6569
-7.03634687243815 0.657
-7.03620014593112 0.6571
-7.03604885438126 0.6572
-7.03591326700855 0.6573
-7.03581355825107 0.6574
-7.03573769571776 0.6575
-7.03568876082889 0.6576
-7.03565340257397 0.6577
-7.03563206360906 0.6578
-7.03563919261377 0.6579
-7.03567890511428 0.658
-7.03575853721705 0.6581
-7.03586070781736 0.6582
-7.03597249706235 0.6583
-7.03610041190997 0.6584
-7.03624721657146 0.6585
-7.03641385961208 0.6586
-7.03659549096305 0.6587
-7.03678868392606 0.6588
-7.03700152778744 0.6589
-7.03722707549603 0.659
-7.03743528064661 0.6591
-7.03764067791141 0.6592
-7.03781887575028 0.6593
-7.03797850225289 0.6594
-7.03809882594124 0.6595
-7.03818005169647 0.6596
-7.03824905698673 0.6597
-7.0383025345897 0.6598
-7.03832716557052 0.6599
-7.03830445314296 0.66
-7.03825358418785 0.6601
-7.03818096386603 0.6602
-7.03809213604888 0.6603
-7.03798078628049 0.6604
-7.03784677711629 0.6605
-7.03768870096521 0.6606
-7.03752571734811 0.6607
-7.03736339137454 0.6608
-7.03721720033448 0.6609
-7.03705632189196 0.661
-7.03691385961914 0.6611
-7.03679507492004 0.6612
-7.0366915268069 0.6613
-7.03661909564713 0.6614
-7.03656646835219 0.6615
-7.03654769739012 0.6616
-7.03654829366975 0.6617
-7.0365779769731 0.6618
-7.03663864048052 0.6619
-7.03672464481142 0.662
-7.03682627146664 0.6621
-7.03693593142775 0.6622
-7.03705473559664 0.6623
-7.03717386638704 0.6624
-7.03728601424243 0.6625
-7.03738132433616 0.6626
-7.03746661511569 0.6627
-7.03754665331316 0.6628
-7.03761453180089 0.6629
-7.03765471827341 0.663
-7.03768634419212 0.6631
-7.03771033603346 0.6632
-7.03773765800972 0.6633
-7.03775084441156 0.6634
-7.03775454366058 0.6635
-7.03775598896733 0.6636
-7.03773449238002 0.6637
-7.03770793930537 0.6638
-7.03765645887797 0.6639
-7.03759669813792 0.664
-7.03752583869414 0.6641
-7.03742629119534 0.6642
-7.03733779834552 0.6643
-7.03723317177891 0.6644
-7.03714712736907 0.6645
-7.0370527915394 0.6646
-7.0369722835807 0.6647
-7.0369036323737 0.6648
-7.03684935266592 0.6649
-7.03680368253629 0.665
-7.03675031040607 0.6651
-7.03671283913981 0.6652
-7.03667623212073 0.6653
-7.03665469360706 0.6654
-7.03662605756922 0.6655
-7.0365834452596 0.6656
-7.03655315000989 0.6657
-7.03651620130312 0.6658
-7.03649113039698 0.6659
-7.03647111435119 0.666
-7.03645399032843 0.6661
-7.03644227083808 0.6662
-7.03641950513443 0.6663
-7.03640298272735 0.6664
-7.03638653529971 0.6665
-7.03635238878811 0.6666
-7.03633687160067 0.6667
-7.03635151490238 0.6668
-7.03635704405892 0.6669
-7.03636304198972 0.667
-7.03635921095594 0.6671
-7.03637814951954 0.6672
-7.03638134464261 0.6673
-7.0363691641083 0.6674
-7.03635471756938 0.6675
-7.03633539831081 0.6676
-7.03629748952409 0.6677
-7.03624593526341 0.6678
-7.03619808000168 0.6679
-7.03614469244405 0.668
-7.03609950554767 0.6681
-7.03602984614106 0.6682
-7.03595871355893 0.6683
-7.03590453952374 0.6684
-7.03584892421762 0.6685
-7.03579621355354 0.6686
-7.03573743496441 0.6687
-7.03568413269598 0.6688
-7.03565758115339 0.6689
-7.03566341580022 0.669
-7.03566860077435 0.6691
-7.03571141400965 0.6692
-7.03575529107155 0.6693
-7.035818924187 0.6694
-7.03590249814636 0.6695
-7.03598820648511 0.6696
-7.03607413596455 0.6697
-7.03615638989153 0.6698
-7.03623474630507 0.6699
-7.03629775218113 0.67
-7.03633555159513 0.6701
-7.03638364840485 0.6702
-7.03640366231618 0.6703
-7.03642006902389 0.6704
-7.03641325734463 0.6705
-7.03636361446889 0.6706
-7.03629398813555 0.6707
-7.0362087722443 0.6708
-7.03611588414578 0.6709
-7.03599153927272 0.671
-7.03584534841764 0.6711
-7.03568123867767 0.6712
-7.03549959682545 0.6713
-7.03531053128931 0.6714
-7.03512619561886 0.6715
-7.03491124861287 0.6716
-7.03468354175382 0.6717
-7.03445017215317 0.6718
-7.03425257998383 0.6719
-7.03404019892896 0.672
-7.03383600126758 0.6721
-7.03364490330215 0.6722
-7.03346587574409 0.6723
-7.03330536940042 0.6724
-7.03315963500064 0.6725
-7.03304312478162 0.6726
-7.03295176437665 0.6727
-7.03287780861136 0.6728
-7.03280667187393 0.6729
-7.03277021000459 0.673
-7.03275592414484 0.6731
-7.03275547119102 0.6732
-7.03277022678967 0.6733
-7.03280396155225 0.6734
-7.03283724407694 0.6735
-7.03288515540563 0.6736
-7.03293155181661 0.6737
-7.03297227886507 0.6738
-7.03301194688602 0.6739
-7.03302940259072 0.674
-7.03305005140637 0.6741
-7.03308900865632 0.6742
-7.03314358733422 0.6743
-7.03319448049399 0.6744
-7.03325171461092 0.6745
-7.03331355498418 0.6746
-7.03333256193124 0.6747
-7.03331719368229 0.6748
-7.03329275638882 0.6749
-7.03326892565409 0.675
-7.03325671260005 0.6751
-7.03324860898436 0.6752
-7.03324116191708 0.6753
-7.03325576844518 0.6754
-7.03326674644498 0.6755
-7.03330221256235 0.6756
-7.03335666992066 0.6757
-7.03342441602322 0.6758
-7.03350702803797 0.6759
-7.03359721097278 0.676
-7.03370226587136 0.6761
-7.0337791146675 0.6762
-7.03388204722932 0.6763
-7.03400984961769 0.6764
-7.03413793888183 0.6765
-7.03426197129036 0.6766
-7.03437971963907 0.6767
-7.03450652733837 0.6768
-7.03463039458771 0.6769
-7.03477568090682 0.677
-7.03493479900861 0.6771
-7.03510708521239 0.6772
-7.03528788511992 0.6773
-7.03547669900036 0.6774
-7.03565971380112 0.6775
-7.03585025332643 0.6776
-7.03603633794695 0.6777
-7.03621117833323 0.6778
-7.03635556833208 0.6779
-7.03647028826585 0.678
-7.03656783031023 0.6781
-7.03662746758678 0.6782
-7.03666482774409 0.6783
-7.03665291031495 0.6784
-7.0366306222691 0.6785
-7.03657950757941 0.6786
-7.03649065710447 0.6787
-7.03635624188014 0.6788
-7.03619034910479 0.6789
-7.0359874817483 0.679
-7.03574476903551 0.6791
-7.03545935075432 0.6792
-7.03513734572994 0.6793
-7.03480722912038 0.6794
-7.03447340643351 0.6795
-7.03417121010384 0.6796
-7.03384274510085 0.6797
-7.03352214784275 0.6798
-7.03322111682213 0.6799
-7.03292939176783 0.68
-7.03266788735862 0.6801
-7.03242822585405 0.6802
-7.03220884820823 0.6803
-7.03200233841988 0.6804
-7.03181176730648 0.6805
-7.03163208356578 0.6806
-7.03146972078686 0.6807
-7.03134507753667 0.6808
-7.03122107877477 0.6809
-7.03112598542205 0.681
-7.03104344358896 0.6811
-7.03098720559016 0.6812
-7.03095937024851 0.6813
-7.03096492997633 0.6814
-7.03098498057876 0.6815
-7.03101875215887 0.6816
-7.03107465486672 0.6817
-7.03114033891635 0.6818
-7.03122322264278 0.6819
-7.03131934031848 0.682
-7.03140273074159 0.6821
-7.03148749303267 0.6822
-7.03158568464453 0.6823
-7.03169077014648 0.6824
-7.03178064311188 0.6825
-7.03184411403781 0.6826
-7.03190325498782 0.6827
-7.03194888391844 0.6828
-7.03198083728712 0.6829
-7.03198932520194 0.683
-7.03196068311216 0.6831
-7.03192754805634 0.6832
-7.03188171208621 0.6833
-7.03183926685504 0.6834
-7.03178456863543 0.6835
-7.03172610203632 0.6836
-7.03165867387123 0.6837
-7.03160179738138 0.6838
-7.03156445757246 0.6839
-7.03155606536783 0.684
-7.03156667672077 0.6841
-7.03155793655453 0.6842
-7.0315785472581 0.6843
-7.03160010908023 0.6844
-7.03162646458529 0.6845
-7.03165658826639 0.6846
-7.03170749438657 0.6847
-7.03177488831496 0.6848
-7.03184129089079 0.6849
-7.03189491910796 0.685
-7.03194523127743 0.6851
-7.03201388823111 0.6852
-7.03209412359372 0.6853
-7.03216858225452 0.6854
-7.03225461515254 0.6855
-7.03234130788876 0.6856
-7.03241799404162 0.6857
-7.0324846288012 0.6858
-7.03256964097374 0.6859
-7.03264152886746 0.686
-7.03269424930552 0.6861
-7.03273147487509 0.6862
-7.03273845930328 0.6863
-7.03273564453686 0.6864
-7.03273779333381 0.6865
-7.03273831541994 0.6866
-7.032741837602 0.6867
-7.03273423485833 0.6868
-7.03269272545566 0.6869
-7.0326494081933 0.687
-7.03256814346637 0.6871
-7.03249255649902 0.6872
-7.03242114495753 0.6873
-7.03237704233917 0.6874
-7.03234428376568 0.6875
-7.03231983878934 0.6876
-7.03232461570421 0.6877
-7.03234510790749 0.6878
-7.03239279880673 0.6879
-7.03245842090727 0.688
-7.03253951274599 0.6881
-7.03260819581814 0.6882
-7.03267518772969 0.6883
-7.03272980510894 0.6884
-7.03277417016451 0.6885
-7.03281813079281 0.6886
-7.03286020609725 0.6887
-7.03287561238277 0.6888
-7.03290977916134 0.6889
-7.03294986898803 0.689
-7.03297927399746 0.6891
-7.03301149120901 0.6892
-7.03300844753574 0.6893
-7.03298307268266 0.6894
-7.03294196463433 0.6895
-7.03285857450444 0.6896
-7.03277738493717 0.6897
-7.03266039406393 0.6898
-7.0325396503816 0.6899
-7.03240063723107 0.69
-7.03223194929142 0.6901
-7.03202667816375 0.6902
-7.03181708790259 0.6903
-7.03161277687469 0.6904
-7.03137923457568 0.6905
-7.03112757003475 0.6906
-7.03089956190005 0.6907
-7.0306700523216 0.6908
-7.03046717648288 0.6909
-7.03029584264549 0.691
-7.03014771146318 0.6911
-7.03004281281513 0.6912
-7.02995753808919 0.6913
-7.02987960960323 0.6914
-7.02982328232051 0.6915
-7.02978294525276 0.6916
-7.02977356782445 0.6917
-7.02976721597663 0.6918
-7.02976796067751 0.6919
-7.02978998478393 0.692
-7.0298054686003 0.6921
-7.02982047671114 0.6922
-7.02981883537093 0.6923
-7.02981444133912 0.6924
-7.02979320282829 0.6925
-7.02974826751592 0.6926
-7.02970110901102 0.6927
-7.02959272541524 0.6928
-7.02947396055388 0.6929
-7.02934374638133 0.693
-7.02919006328917 0.6931
-7.02903375647715 0.6932
-7.02887659855693 0.6933
-7.02869666888326 0.6934
-7.02853868105274 0.6935
-7.02839417840716 0.6936
-7.0282752443242 0.6937
-7.02817077233582 0.6938
-7.02807017977472 0.6939
-7.02797027889502 0.694
-7.02787604643233 0.6941
-7.02778708736994 0.6942
-7.02769967319767 0.6943
-7.02760082111078 0.6944
-7.02752356802715 0.6945
-7.02742551132345 0.6946
-7.02732663126172 0.6947
-7.02723781127272 0.6948
-7.0271805330053 0.6949
-7.0271530017389 0.695
-7.0271620234085 0.6951
-7.02719159143456 0.6952
-7.02724020504051 0.6953
-7.02729300473463 0.6954
-7.02736846831886 0.6955
-7.0274766828189 0.6956
-7.02758302841196 0.6957
-7.02768181675089 0.6958
-7.02779334566729 0.6959
-7.02792209765069 0.696
-7.02806472969923 0.6961
-7.02821162379373 0.6962
-7.02834750208737 0.6963
-7.02847862454583 0.6964
-7.02862091884971 0.6965
-7.02877159524148 0.6966
-7.02891155188093 0.6967
-7.02905460694826 0.6968
-7.02919263592114 0.6969
-7.02931316301156 0.697
-7.0294202508745 0.6971
-7.02949529329695 0.6972
-7.02952848871123 0.6973
-7.02954309287888 0.6974
-7.0295473476334 0.6975
-7.02952372402381 0.6976
-7.02950549087581 0.6977
-7.02946644290447 0.6978
-7.02941971572439 0.6979
-7.02935315519535 0.698
-7.02927041470466 0.6981
-7.02919020067078 0.6982
-7.02908891029211 0.6983
-7.02898076657239 0.6984
-7.0288458714223 0.6985
-7.02872297192454 0.6986
-7.02862016859283 0.6987
-7.02853909505872 0.6988
-7.02849330858052 0.6989
-7.02846992687638 0.699
-7.02842616568803 0.6991
-7.02839852118176 0.6992
-7.02836316628449 0.6993
-7.02835045974209 0.6994
-7.02835607175046 0.6995
-7.02837711858828 0.6996
-7.0284270847213 0.6997
-7.02848511710838 0.6998
-7.02855052670895 0.6999
-7.02861288216064 0.7
-7.02869292645415 0.7001
-7.02876674989814 0.7002
-7.02887195420836 0.7003
-7.02899864691432 0.7004
-7.02912004772156 0.7005
-7.02923304321283 0.7006
-7.02934876784356 0.7007
-7.02948342671139 0.7008
-7.02962605466864 0.7009
-7.02977135403148 0.701
-7.02991997224381 0.7011
-7.0300379986354 0.7012
-7.03014673728186 0.7013
-7.03023753183564 0.7014
-7.0303410106743 0.7015
-7.03043621204187 0.7016
-7.0305011483263 0.7017
-7.03055269427123 0.7018
-7.03061897344657 0.7019
-7.03066732015735 0.702
-7.03068723773551 0.7021
-7.03066453304089 0.7022
-7.03061950131152 0.7023
-7.03054573576953 0.7024
-7.03047608815775 0.7025
-7.03041291288248 0.7026
-7.03033036539884 0.7027
-7.03021908590162 0.7028
-7.03009490456953 0.7029
-7.02995977686532 0.703
-7.02982291544677 0.7031
-7.02967696048305 0.7032
-7.02950346462535 0.7033
-7.02933391771865 0.7034
-7.02914284954222 0.7035
-7.02896871790844 0.7036
-7.02879493908959 0.7037
-7.02861408038731 0.7038
-7.02844271300869 0.7039
-7.02828371551617 0.704
-7.02811329801885 0.7041
-7.0279501423993 0.7042
-7.02778445819639 0.7043
-7.02764954890592 0.7044
-7.02751866850507 0.7045
-7.02740236469633 0.7046
-7.02732257662872 0.7047
-7.0272750654182 0.7048
-7.02725067480779 0.7049
-7.02726903879252 0.705
-7.02728604671223 0.7051
-7.02735863224657 0.7052
-7.02744467971308 0.7053
-7.02751446665617 0.7054
-7.02759162699867 0.7055
-7.02768589975811 0.7056
-7.02780314238629 0.7057
-7.02791015223445 0.7058
-7.0280092862789 0.7059
-7.02810455540866 0.706
-7.02819889262339 0.7061
-7.02827764047548 0.7062
-7.02836903503851 0.7063
-7.02844926602372 0.7064
-7.02850544464467 0.7065
-7.02853453010914 0.7066
-7.02854890557668 0.7067
-7.02854335600162 0.7068
-7.02848834356725 0.7069
-7.02842815768819 0.707
-7.02836257757991 0.7071
-7.02828520653345 0.7072
-7.02818710463364 0.7073
-7.02808273188945 0.7074
-7.02796958436167 0.7075
-7.02782085182507 0.7076
-7.02765182101072 0.7077
-7.0274713894863 0.7078
-7.0272983884914 0.7079
-7.02711920766079 0.708
-7.02691293153714 0.7081
-7.02667563970188 0.7082
-7.02646006390859 0.7083
-7.02624840978381 0.7084
-7.02602906593775 0.7085
-7.02582147759171 0.7086
-7.02565606379722 0.7087
-7.02550832657721 0.7088
-7.02537415050476 0.7089
-7.02523063611495 0.709
-7.02511661467945 0.7091
-7.02501586987504 0.7092
-7.02492462364972 0.7093
-7.02486200690418 0.7094
-7.02481606374477 0.7095
-7.02479357199537 0.7096
-7.02483270685986 0.7097
-7.02490474516644 0.7098
-7.02498050584 0.7099
-7.02507426144177 0.71
-7.02517240159943 0.7101
-7.02531467440246 0.7102
-7.02546104554533 0.7103
-7.02560420429059 0.7104
-7.02573599820085 0.7105
-7.02586565818248 0.7106
-7.02599537274359 0.7107
-7.0261244005147 0.7108
-7.02625403522271 0.7109
-7.02636590032347 0.711
-7.02649032966897 0.7111
-7.02660406127711 0.7112
-7.02671110375183 0.7113
-7.02680655421464 0.7114
-7.02688056678573 0.7115
-7.02692837032435 0.7116
-7.02696894844513 0.7117
-7.02699874208067 0.7118
-7.02701262659614 0.7119
-7.02701540475354 0.712
-7.02700358077697 0.7121
-7.02699045261093 0.7122
-7.02697904361712 0.7123
-7.02697813052656 0.7124
-7.02695791856569 0.7125
-7.02690430025357 0.7126
-7.02682281380229 0.7127
-7.02673930875974 0.7128
-7.02666488827256 0.7129
-7.0265882522675 0.713
-7.02649641808082 0.7131
-7.0263902313388 0.7132
-7.02626316049455 0.7133
-7.02613913868878 0.7134
-7.02601623745525 0.7135
-7.02588983380014 0.7136
-7.02578821480555 0.7137
-7.02569483446042 0.7138
-7.02561470108928 0.7139
-7.02552198527452 0.714
-7.02541974962565 0.7141
-7.0253212016619 0.7142
-7.02523615062897 0.7143
-7.02518161239185 0.7144
-7.02512337730753 0.7145
-7.02507066094895 0.7146
-7.02502570630591 0.7147
-7.02500099909244 0.7148
-7.02500691203856 0.7149
-7.02501401841337 0.715
-7.02503813508935 0.7151
-7.02508196600066 0.7152
-7.02516650159636 0.7153
-7.02526155371301 0.7154
-7.02536449467863 0.7155
-7.02544063657479 0.7156
-7.02550823127716 0.7157
-7.02557314707023 0.7158
-7.02565192519696 0.7159
-7.02572331078194 0.716
-7.02576015630153 0.7161
-7.02577880846877 0.7162
-7.02577239197445 0.7163
-7.02573810802267 0.7164
-7.02568942336087 0.7165
-7.02560280309181 0.7166
-7.02549831684907 0.7167
-7.02538826794656 0.7168
-7.02528228359406 0.7169
-7.02517650104354 0.717
-7.02507529801572 0.7171
-7.02495757460621 0.7172
-7.02487730283593 0.7173
-7.02478568469423 0.7174
-7.02469346242813 0.7175
-7.0245928200111 0.7176
-7.02450192180381 0.7177
-7.02440800300986 0.7178
-7.02431384121895 0.7179
-7.02423669352279 0.718
-7.02417676117021 0.7181
-7.02411683009172 0.7182
-7.02407390865675 0.7183
-7.0240375742043 0.7184
-7.02399595933057 0.7185
-7.02396582534902 0.7186
-7.02395657697533 0.7187
-7.02396057836118 0.7188
-7.02396640726329 0.7189
-7.02396228431389 0.719
-7.02393691030843 0.7191
-7.0239105033399 0.7192
-7.0239026354014 0.7193
-7.0238859694275 0.7194
-7.02386953165029 0.7195
-7.02385845913178 0.7196
-7.02385686316996 0.7197
-7.02388109035574 0.7198
-7.02392699161543 0.7199
-7.0239811232596 0.72
-7.02407295043436 0.7201
-7.02419006589177 0.7202
-7.02433419110903 0.7203
-7.0244885867468 0.7204
-7.02467827050888 0.7205
-7.02489924420682 0.7206
-7.02512256530816 0.7207
-7.02534627926491 0.7208
-7.02555948710657 0.7209
-7.02577379417288 0.721
-7.02597896087175 0.7211
-7.02616001269954 0.7212
-7.02632781280528 0.7213
-7.02645909950047 0.7214
-7.02658088834778 0.7215
-7.02668468877884 0.7216
-7.02674830424438 0.7217
-7.02677648246407 0.7218
-7.02678360077034 0.7219
-7.02674558156177 0.722
-7.02670573857846 0.7221
-7.02662073947147 0.7222
-7.02652977083317 0.7223
-7.02643543275543 0.7224
-7.02634668765576 0.7225
-7.02625070705153 0.7226
-7.02614801631993 0.7227
-7.02605703105469 0.7228
-7.0259424553544 0.7229
-7.02580997888304 0.723
-7.02566228820593 0.7231
-7.02548746152198 0.7232
-7.02530179869766 0.7233
-7.02513409875001 0.7234
-7.02498043048556 0.7235
-7.02484050280577 0.7236
-7.02470272033389 0.7237
-7.02454872517107 0.7238
-7.02442993186444 0.7239
-7.02431605809077 0.724
-7.02421594724579 0.7241
-7.02412154813142 0.7242
-7.02406333530254 0.7243
-7.02400206406141 0.7244
-7.02395431128628 0.7245
-7.02390533085515 0.7246
-7.02384632780714 0.7247
-7.02380906045892 0.7248
-7.02379758008774 0.7249
-7.02380860105854 0.725
-7.02383496249686 0.7251
-7.02385348807582 0.7252
-7.02389164956206 0.7253
-7.02396059401997 0.7254
-7.02404215046185 0.7255
-7.02414213538995 0.7256
-7.02426206410873 0.7257
-7.02436094346366 0.7258
-7.02446762518707 0.7259
-7.02458062646711 0.726
-7.0246908482707 0.7261
-7.02479266513834 0.7262
-7.02490083025938 0.7263
-7.02501350508451 0.7264
-7.02511139075005 0.7265
-7.02516949985525 0.7266
-7.02519850588839 0.7267
-7.02520360167072 0.7268
-7.02516596495374 0.7269
-7.02509580447471 0.727
-7.02500438447174 0.7271
-7.02490676559315 0.7272
-7.02479000463022 0.7273
-7.02464901670363 0.7274
-7.02449033756305 0.7275
-7.0243139120919 0.7276
-7.02413779547303 0.7277
-7.02396668389559 0.7278
-7.02379026193552 0.7279
-7.02362704858361 0.728
-7.0234418574996 0.7281
-7.02328450315792 0.7282
-7.02312121372753 0.7283
-7.02296632597749 0.7284
-7.02284932188482 0.7285
-7.02273040349722 0.7286
-7.02260773812763 0.7287
-7.02248769070419 0.7288
-7.02237099327055 0.7289
-7.0222682520261 0.729
-7.02218271595127 0.7291
-7.02210229739654 0.7292
-7.0220291479931 0.7293
-7.02196328647131 0.7294
-7.02189755204942 0.7295
-7.02182261479135 0.7296
-7.02175238715104 0.7297
-7.0216631563544 0.7298
-7.02157719899805 0.7299
-7.02147621121831 0.73
-7.0213555673393 0.7301
-7.02125732454593 0.7302
-7.02116679582991 0.7303
-7.02106678988097 0.7304
-7.02097984557759 0.7305
-7.02089739411478 0.7306
-7.02082715245165 0.7307
-7.02076121481008 0.7308
-7.02068049306803 0.7309
-7.02057294008165 0.731
-7.02045557750346 0.7311
-7.02032271429606 0.7312
-7.0201547693201 0.7313
-7.01997043264587 0.7314
-7.01978286696342 0.7315
-7.01961788917202 0.7316
-7.01943736942511 0.7317
-7.01924927362661 0.7318
-7.019061150382 0.7319
-7.01892880691505 0.732
-7.01882414726277 0.7321
-7.01873201049305 0.7322
-7.01867797780564 0.7323
-7.01866483801512 0.7324
-7.01865149298304 0.7325
-7.01866832589295 0.7326
-7.01869017395456 0.7327
-7.01873731831788 0.7328
-7.01878572088733 0.7329
-7.01882706173902 0.733
-7.0188527209682 0.7331
-7.01889931789333 0.7332
-7.01894302055472 0.7333
-7.01898384791795 0.7334
-7.01903439536115 0.7335
-7.01906769542239 0.7336
-7.01910472159338 0.7337
-7.01913644130388 0.7338
-7.01915668463287 0.7339
-7.01916615518183 0.734
-7.01916444282744 0.7341
-7.01916813584338 0.7342
-7.01917406150796 0.7343
-7.01917292089456 0.7344
-7.01918885190859 0.7345
-7.01920439605608 0.7346
-7.01922076123475 0.7347
-7.01925068238459 0.7348
-7.01926955185969 0.7349
-7.01925645276823 0.735
-7.0192341862879 0.7351
-7.0192315604956 0.7352
-7.01924355754045 0.7353
-7.01924918503591 0.7354
-7.01923223946957 0.7355
-7.01922246457153 0.7356
-7.01917912482734 0.7357
-7.01912984830951 0.7358
-7.01909145179344 0.7359
-7.01903379422512 0.736
-7.01898074882135 0.7361
-7.01891784264953 0.7362
-7.0188534899277 0.7363
-7.01877911148284 0.7364
-7.01870699700696 0.7365
-7.01863536834097 0.7366
-7.01856559256629 0.7367
-7.0184982131744 0.7368
-7.01845511529311 0.7369
-7.01841314248653 0.737
-7.01838467954051 0.7371
-7.01841724525741 0.7372
-7.01846547844164 0.7373
-7.01855208406263 0.7374
-7.01866370517335 0.7375
-7.01879857324048 0.7376
-7.01896707421561 0.7377
-7.01913749031619 0.7378
-7.01930631960666 0.7379
-7.01948425303124 0.738
-7.0196228488253 0.7381
-7.01975999019514 0.7382
-7.01988092878137 0.7383
-7.01997118312565 0.7384
-7.02002431959133 0.7385
-7.02007954838847 0.7386
-7.02015743658786 0.7387
-7.02024632679035 0.7388
-7.02034932471214 0.7389
-7.02046519101682 0.739
-7.02058224930902 0.7391
-7.02070419913753 0.7392
-7.02082582949896 0.7393
-7.02096336380383 0.7394
-7.02109577172776 0.7395
-7.0212551372419 0.7396
-7.02139212508631 0.7397
-7.02151713618956 0.7398
-7.02161660088677 0.7399
-7.02170502450787 0.74
-7.0217933602007 0.7401
-7.0218721859277 0.7402
-7.02192023800264 0.7403
-7.02197722395408 0.7404
-7.02203822252187 0.7405
-7.02209748388886 0.7406
-7.02212762574084 0.7407
-7.0221544464516 0.7408
-7.02218180274999 0.7409
-7.0222140934002 0.741
-7.02220949053442 0.7411
-7.02221586849328 0.7412
-7.02220181667138 0.7413
-7.02219878104031 0.7414
-7.02218379320796 0.7415
-7.02214426923772 0.7416
-7.0221022839645 0.7417
-7.02206522932063 0.7418
-7.0220251039539 0.7419
-7.02199038708998 0.742
-7.02194134597641 0.7421
-7.02188926235453 0.7422
-7.0218307699491 0.7423
-7.02176689313946 0.7424
-7.02168080437943 0.7425
-7.02156530176026 0.7426
-7.02144525015187 0.7427
-7.02130736815378 0.7428
-7.02116536148121 0.7429
-7.02103304285548 0.743
-7.02090768810725 0.7431
-7.02076292054976 0.7432
-7.02062621371181 0.7433
-7.02047338913512 0.7434
-7.02033008481057 0.7435
-7.02018713558507 0.7436
-7.02004876856617 0.7437
-7.01990428888691 0.7438
-7.01975894417823 0.7439
-7.0196157222196 0.744
-7.01950274513305 0.7441
-7.01937145596257 0.7442
-7.0192500315147 0.7443
-7.0191277075929 0.7444
-7.01901827971541 0.7445
-7.01889546083446 0.7446
-7.01877606135461 0.7447
-7.01866717070628 0.7448
-7.01853327134621 0.7449
-7.01838705412245 0.745
-7.01825321417537 0.7451
-7.01814047996592 0.7452
-7.01804536494098 0.7453
-7.01794821568033 0.7454
-7.01788289537335 0.7455
-7.01782691272554 0.7456
-7.01777526670551 0.7457
-7.01772401507127 0.7458
-7.01768482979898 0.7459
-7.0176711297331 0.746
-7.01765779695927 0.7461
-7.01766377752544 0.7462
-7.01769022466654 0.7463
-7.01771651663745 0.7464
-7.01774625306898 0.7465
-7.01776068414979 0.7466
-7.01778793928726 0.7467
-7.01778771570336 0.7468
-7.0177871303033 0.7469
-7.01778596477366 0.747
-7.01775594018028 0.7471
-7.01773563800367 0.7472
-7.01770816764478 0.7473
-7.01768464100357 0.7474
-7.0176240106019 0.7475
-7.01755339606277 0.7476
-7.01747663746765 0.7477
-7.01735271513733 0.7478
-7.01720838858876 0.7479
-7.0170677520739 0.748
-7.01691890477318 0.7481
-7.01677958321317 0.7482
-7.01659991713236 0.7483
-7.016438042794 0.7484
-7.01630146265388 0.7485
-7.01619346992807 0.7486
-7.01610099154213 0.7487
-7.01601253189505 0.7488
-7.01594627493507 0.7489
-7.01587061568527 0.749
-7.01579435516764 0.7491
-7.01573514756814 0.7492
-7.01568634018307 0.7493
-7.01564378160572 0.7494
-7.01563680665763 0.7495
-7.01562044486395 0.7496
-7.01563005298761 0.7497
-7.01565700464617 0.7498
-7.01569604251429 0.7499
-7.01572999029497 0.75
-7.01578785817915 0.7501
-7.0158768185497 0.7502
-7.01594560149009 0.7503
-7.01603789290493 0.7504
-7.01613097535699 0.7505
-7.01622533632877 0.7506
-7.01632411907211 0.7507
-7.01642516186969 0.7508
-7.01654125333152 0.7509
-7.01665375566159 0.751
-7.01675900266433 0.7511
-7.01684892543919 0.7512
-7.01690651788296 0.7513
-7.01696902705725 0.7514
-7.01699639243707 0.7515
-7.01699672188867 0.7516
-7.01700676619849 0.7517
-7.01703075799001 0.7518
-7.01703865830701 0.7519
-7.01704011410651 0.752
-7.01705990670267 0.7521
-7.01707998103032 0.7522
-7.01712159192537 0.7523
-7.01716352203902 0.7524
-7.01718724695048 0.7525
-7.01720391184927 0.7526
-7.01724672537196 0.7527
-7.01729701098994 0.7528
-7.01734509555929 0.7529
-7.01737177715176 0.753
-7.01739908212109 0.7531
-7.01741676668811 0.7532
-7.01741583181888 0.7533
-7.01741746697158 0.7534
-7.01741204293653 0.7535
-7.01743630082317 0.7536
-7.01746018449641 0.7537
-7.01747917194306 0.7538
-7.01751234440845 0.7539
-7.01753202005809 0.754
-7.01753735575481 0.7541
-7.01754468343432 0.7542
-7.0175515393659 0.7543
-7.01756325746859 0.7544
-7.01757076343813 0.7545
-7.01759418857024 0.7546
-7.01762137334858 0.7547
-7.01764891459561 0.7548
-7.01769401218236 0.7549
-7.01771642974843 0.755
-7.01773024069923 0.7551
-7.01774790978606 0.7552
-7.01775538174764 0.7553
-7.01775090126238 0.7554
-7.01772475460386 0.7555
-7.01769073850874 0.7556
-7.01763908798236 0.7557
-7.01757816683652 0.7558
-7.01750011585136 0.7559
-7.01743475338714 0.756
-7.01737010848181 0.7561
-7.01731172363824 0.7562
-7.0172182097756 0.7563
-7.01711362060428 0.7564
-7.01698150262658 0.7565
-7.01683480552333 0.7566
-7.01668029763603 0.7567
-7.01652002516884 0.7568
-7.01635603550896 0.7569
-7.01620411326333 0.757
-7.01607131991804 0.7571
-7.01594386451032 0.7572
-7.01581058274088 0.7573
-7.01570776017891 0.7574
-7.01561565298583 0.7575
-7.01555472066724 0.7576
-7.01552353660975 0.7577
-7.0154826732201 0.7578
-7.01545494074933 0.7579
-7.01541994189107 0.758
-7.01539597015491 0.7581
-7.01536131773865 0.7582
-7.01532055463126 0.7583
-7.0152882361697 0.7584
-7.01525121343416 0.7585
-7.01521598902303 0.7586
-7.01517651970567 0.7587
-7.0151459025369 0.7588
-7.01510693288463 0.7589
-7.01506946668971 0.759
-7.01499642902278 0.7591
-7.01491759896856 0.7592
-7.01483933079543 0.7593
-7.01473394228301 0.7594
-7.01463047995901 0.7595
-7.01452911084967 0.7596
-7.01443885963174 0.7597
-7.01433384114537 0.7598
-7.01424949974373 0.7599
-7.01417630107002 0.76
-7.0140988370223 0.7601
-7.01403427299439 0.7602
-7.01400190152521 0.7603
-7.01399087985392 0.7604
-7.01402364625084 0.7605
-7.01409638889973 0.7606
-7.01419193575639 0.7607
-7.01428716220869 0.7608
-7.01441680856587 0.7609
-7.01455707742843 0.761
-7.01470957222929 0.7611
-7.01486025080951 0.7612
-7.01500431596779 0.7613
-7.01516421940486 0.7614
-7.01532767192944 0.7615
-7.01548690335383 0.7616
-7.01564099352139 0.7617
-7.0157861868422 0.7618
-7.01593265961426 0.7619
-7.01604507810781 0.762
-7.01612728784676 0.7621
-7.01617357786659 0.7622
-7.01618623872222 0.7623
-7.01620914546504 0.7624
-7.01621441481362 0.7625
-7.01617918793824 0.7626
-7.01614017671475 0.7627
-7.01611147285919 0.7628
-7.01607874753953 0.7629
-7.01606264484764 0.763
-7.01604374340279 0.7631
-7.01602645469534 0.7632
-7.01598773719401 0.7633
-7.01593957350774 0.7634
-7.01585516796436 0.7635
-7.01578923785886 0.7636
-7.01572063584528 0.7637
-7.01564770672991 0.7638
-7.01558486851462 0.7639
-7.01554529412327 0.764
-7.0154902363821 0.7641
-7.01540894597592 0.7642
-7.01536586064487 0.7643
-7.01532502487498 0.7644
-7.01529157897802 0.7645
-7.01525468737375 0.7646
-7.01521783611163 0.7647
-7.01519691544304 0.7648
-7.01516020853862 0.7649
-7.01512862421487 0.765
-7.01510591882659 0.7651
-7.01507278097417 0.7652
-7.01503917073289 0.7653
-7.01502155083132 0.7654
-7.01502035217599 0.7655
-7.01500883071274 0.7656
-7.01499296916376 0.7657
-7.01497525678595 0.7658
-7.01495992158409 0.7659
-7.01493575336118 0.766
-7.01489893125347 0.7661
-7.01484251878919 0.7662
-7.01476602879399 0.7663
-7.01472604452498 0.7664
-7.01468464776447 0.7665
-7.01463329189258 0.7666
-7.0145767798474 0.7667
-7.01452791965174 0.7668
-7.01449110448447 0.7669
-7.014455967835 0.767
-7.01440190404097 0.7671
-7.01433628753338 0.7672
-7.01425853607417 0.7673
-7.01418650479892 0.7674
-7.01411049707458 0.7675
-7.0140413234235 0.7676
-7.01394407304056 0.7677
-7.01385749298518 0.7678
-7.01377404490444 0.7679
-7.0136775913109 0.768
-7.01358192028929 0.7681
-7.01350690237528 0.7682
-7.01343838120364 0.7683
-7.01338916944967 0.7684
-7.01334713230357 0.7685
-7.01330121629437 0.7686
-7.01325441449677 0.7687
-7.01321613168375 0.7688
-7.01320026678962 0.7689
-7.01322652403843 0.769
-7.01326587748523 0.7691
-7.01331769806735 0.7692
-7.01337461601028 0.7693
-7.01343840314383 0.7694
-7.01351251673729 0.7695
-7.01359459278048 0.7696
-7.01367697471795 0.7697
-7.01375478489989 0.7698
-7.0138183276866 0.7699
-7.01385340710219 0.77
-7.01390964097831 0.7701
-7.01396374381677 0.7702
-7.01400826725776 0.7703
-7.01402692734941 0.7704
-7.01403847734452 0.7705
-7.01402818731014 0.7706
-7.01401429334922 0.7707
-7.01401329965664 0.7708
-7.01395548423315 0.7709
-7.01389488913288 0.771
-7.01380892621734 0.7711
-7.01372974141882 0.7712
-7.01363729982507 0.7713
-7.01354246400959 0.7714
-7.01344751370203 0.7715
-7.01334572095416 0.7716
-7.01323898627245 0.7717
-7.01316119832053 0.7718
-7.01311858949262 0.7719
-7.01306861002226 0.772
-7.01301932107129 0.7721
-7.01296535933092 0.7722
-7.01291711395444 0.7723
-7.01287819974709 0.7724
-7.01285323639887 0.7725
-7.01285016060487 0.7726
-7.0128524112655 0.7727
-7.01288797230902 0.7728
-7.01294821161425 0.7729
-7.0130254730366 0.773
-7.01313650789823 0.7731
-7.01325626084711 0.7732
-7.01338449405675 0.7733
-7.01350674194087 0.7734
-7.01363393576267 0.7735
-7.01375549915929 0.7736
-7.013870497199 0.7737
-7.01398458724165 0.7738
-7.01411310930703 0.7739
-7.01423505281337 0.774
-7.01433152001685 0.7741
-7.01442009927795 0.7742
-7.01449362705819 0.7743
-7.01456393461883 0.7744
-7.01464100766224 0.7745
-7.01470280643962 0.7746
-7.01477124661457 0.7747
-7.01484214186264 0.7748
-7.01492422146101 0.7749
-7.01498737305513 0.775
-7.0150081276805 0.7751
-7.01501649706017 0.7752
-7.01501603996952 0.7753
-7.01502092973405 0.7754
-7.015029095044 0.7755
-7.0150268735145 0.7756
-7.01501150610526 0.7757
-7.01497485950067 0.7758
-7.0149138252183 0.7759
-7.01483839855705 0.776
-7.01474284810964 0.7761
-7.01464085503018 0.7762
-7.01453587262239 0.7763
-7.01440649261593 0.7764
-7.01425188235885 0.7765
-7.01407973424477 0.7766
-7.0139111047765 0.7767
-7.0137176635866 0.7768
-7.01350888646394 0.7769
-7.01331387269215 0.777
-7.01311407968645 0.7771
-7.01293004305536 0.7772
-7.01274347843918 0.7773
-7.01258770455641 0.7774
-7.01244341705144 0.7775
-7.01231996667949 0.7776
-7.01222031520742 0.7777
-7.01214267565603 0.7778
-7.01209728963888 0.7779
-7.01208702902842 0.778
-7.01208977006739 0.7781
-7.01210463928924 0.7782
-7.01214778638205 0.7783
-7.01220051507823 0.7784
-7.01224114168702 0.7785
-7.0123057520456 0.7786
-7.01236880930015 0.7787
-7.01246611572279 0.7788
-7.01258942818773 0.7789
-7.01269717495132 0.779
-7.01281851969612 0.7791
-7.01293271900091 0.7792
-7.01303342868207 0.7793
-7.01313946716013 0.7794
-7.01324601787133 0.7795
-7.01334335066833 0.7796
-7.01342484650195 0.7797
-7.01349669581804 0.7798
-7.01359897705661 0.7799
-7.01371017782368 0.78
-7.0138024463879 0.7801
-7.01389314395082 0.7802
-7.0140181278223 0.7803
-7.01414657440375 0.7804
-7.01426462323294 0.7805
-7.01436891648162 0.7806
-7.01444657350576 0.7807
-7.01450860849864 0.7808
-7.01454789381691 0.7809
-7.01456225166203 0.781
-7.01456428885962 0.7811
-7.01456490677074 0.7812
-7.01457169187867 0.7813
-7.01458130563947 0.7814
-7.0146016566021 0.7815
-7.0146472435196 0.7816
-7.01470355540699 0.7817
-7.01478217289718 0.7818
-7.01485496879362 0.7819
-7.01496467867108 0.782
-7.01505036381737 0.7821
-7.01513104486357 0.7822
-7.01520334393657 0.7823
-7.01526683955751 0.7824
-7.01530291072708 0.7825
-7.01531896892352 0.7826
-7.01531239682825 0.7827
-7.01530421476013 0.7828
-7.01530358397309 0.7829
-7.01530645346561 0.783
-7.01530723886198 0.7831
-7.01525843978246 0.7832
-7.01518444479378 0.7833
-7.01508868264121 0.7834
-7.01496822338989 0.7835
-7.01485065108513 0.7836
-7.01471642281878 0.7837
-7.01456093964562 0.7838
-7.01436681501965 0.7839
-7.01416403035926 0.784
-7.0139553306229 0.7841
-7.01371575623178 0.7842
-7.01348361369256 0.7843
-7.01324689451172 0.7844
-7.01300795911079 0.7845
-7.01276978516501 0.7846
-7.01252597642115 0.7847
-7.01230095145964 0.7848
-7.0120798249566 0.7849
-7.01185035953753 0.785
-7.0116103750818 0.7851
-7.01139081315458 0.7852
-7.01116097963151 0.7853
-7.01094251451062 0.7854
-7.01073984650769 0.7855
-7.01054753759772 0.7856
-7.01036730929279 0.7857
-7.01022120402026 0.7858
-7.01009046628838 0.7859
-7.00998223412673 0.786
-7.00986078242872 0.7861
-7.0097440964131 0.7862
-7.00964903032263 0.7863
-7.00956924121036 0.7864
-7.0094988341554 0.7865
-7.00944089029511 0.7866
-7.00939511594216 0.7867
-7.00936688730764 0.7868
-7.0093517723245 0.7869
-7.00934017486767 0.787
-7.00935429993113 0.7871
-7.00935508976352 0.7872
-7.00938864660366 0.7873
-7.00946736506377 0.7874
-7.00957036428594 0.7875
-7.00965206136407 0.7876
-7.00973651180557 0.7877
-7.00980504343562 0.7878
-7.00985728816518 0.7879
-7.0098878811626 0.788
-7.00991689650284 0.7881
-7.00993325854366 0.7882
-7.00993691846134 0.7883
-7.00991685264024 0.7884
-7.00988757289967 0.7885
-7.00984821027674 0.7886
-7.00981848240151 0.7887
-7.00979399651202 0.7888
-7.00976206188204 0.7889
-7.00972817971558 0.789
-7.00969873251844 0.7891
-7.0096472943685 0.7892
-7.00959817311697 0.7893
-7.00954732963227 0.7894
-7.0094841642333 0.7895
-7.00941023328807 0.7896
-7.0093509459382 0.7897
-7.00928965566352 0.7898
-7.00924490894508 0.7899
-7.00922326983997 0.79
-7.00922762959246 0.7901
-7.00924312624814 0.7902
-7.00927812860249 0.7903
-7.009337783354 0.7904
-7.00942262000243 0.7905
-7.00952606639881 0.7906
-7.00963360484975 0.7907
-7.00974171378622 0.7908
-7.00985935337584 0.7909
-7.00997170921995 0.791
-7.01008012606531 0.7911
-7.01017859092939 0.7912
-7.01023970639647 0.7913
-7.0103064673945 0.7914
-7.01039559343054 0.7915
-7.01048066494519 0.7916
-7.01056280556737 0.7917
-7.01066420274963 0.7918
-7.01071761714642 0.7919
-7.01076233169024 0.792
-7.01078807989996 0.7921
-7.01078189252598 0.7922
-7.0107689743438 0.7923
-7.01075751392066 0.7924
-7.01073077963734 0.7925
-7.01070704006586 0.7926
-7.01068384656757 0.7927
-7.01068552394972 0.7928
-7.01068825133023 0.7929
-7.01069604381035 0.793
-7.01069530758859 0.7931
-7.01069410366918 0.7932
-7.01069093821309 0.7933
-7.01070444248406 0.7934
-7.01071843045381 0.7935
-7.01072007634234 0.7936
-7.01071560844219 0.7937
-7.01072086236385 0.7938
-7.01073834808744 0.7939
-7.01075315420172 0.794
-7.01073604782135 0.7941
-7.01071149761691 0.7942
-7.01068047289604 0.7943
-7.01065259065009 0.7944
-7.0106516110907 0.7945
-7.01063362995857 0.7946
-7.01060447796741 0.7947
-7.01056062550422 0.7948
-7.01051374359913 0.7949
-7.0104775141957 0.795
-7.0104509800229 0.7951
-7.01044303207285 0.7952
-7.01042731946078 0.7953
-7.01040889625769 0.7954
-7.01042450643342 0.7955
-7.01042089550884 0.7956
-7.01041860402977 0.7957
-7.01041241309827 0.7958
-7.01039050339184 0.7959
-7.01035561931942 0.796
-7.01032144051922 0.7961
-7.0102909713825 0.7962
-7.01028704263181 0.7963
-7.01031985709341 0.7964
-7.01035949187912 0.7965
-7.01039458769944 0.7966
-7.01044827568847 0.7967
-7.0104812954266 0.7968
-7.01053807257019 0.7969
-7.01060140654995 0.797
-7.01066881593236 0.7971
-7.01072110552656 0.7972
-7.01077690033788 0.7973
-7.01083461720662 0.7974
-7.01088920238285 0.7975
-7.01093942549899 0.7976
-7.01099567428789 0.7977
-7.01105147348666 0.7978
-7.01109372970045 0.7979
-7.01113275279085 0.798
-7.01118071409944 0.7981
-7.01124734846743 0.7982
-7.01129968704238 0.7983
-7.01134712318516 0.7984
-7.01139184402603 0.7985
-7.01142849736975 0.7986
-7.01143835696344 0.7987
-7.0114259274573 0.7988
-7.01138842518891 0.7989
-7.01133194750548 0.799
-7.01126520805731 0.7991
-7.01117700049387 0.7992
-7.01107796226161 0.7993
-7.01096180619841 0.7994
-7.01084295480426 0.7995
-7.01069903168177 0.7996
-7.01054538440854 0.7997
-7.01037611551553 0.7998
-7.01018636976649 0.7999
-7.01000179517543 0.8
-7.00979856011127 0.8001
-7.00959059025777 0.8002
-7.00936531137667 0.8003
-7.00916930312976 0.8004
-7.00893786525137 0.8005
-7.00868352175634 0.8006
-7.00840306904206 0.8007
-7.00811650122846 0.8008
-7.00781602967296 0.8009
-7.00747682179405 0.801
-7.00711761919094 0.8011
-7.00677465140534 0.8012
-7.00643541010811 0.8013
-7.00611154193758 0.8014
-7.0058081217899 0.8015
-7.00553528004674 0.8016
-7.00529925589087 0.8017
-7.00510901474287 0.8018
-7.004915259057 0.8019
-7.0047473488873 0.802
-7.0046355608896 0.8021
-7.00457980665762 0.8022
-7.00454313587394 0.8023
-7.00449859452567 0.8024
-7.00445761315209 0.8025
-7.00446190840336 0.8026
-7.00448310900633 0.8027
-7.00452656150334 0.8028
-7.00460523182555 0.8029
-7.00469671375555 0.803
-7.00479043149779 0.8031
-7.00490896113068 0.8032
-7.0050079335875 0.8033
-7.00509756732397 0.8034
-7.00516736216708 0.8035
-7.00523268629023 0.8036
-7.00529104077732 0.8037
-7.00533810385583 0.8038
-7.00539000729048 0.8039
-7.0054412474696 0.804
-7.00548898844432 0.8041
-7.00551515778349 0.8042
-7.00554667611661 0.8043
-7.0055855840401 0.8044
-7.00560667049017 0.8045
-7.00561708360927 0.8046
-7.00563358197731 0.8047
-7.00566340315596 0.8048
-7.00569276308521 0.8049
-7.00573409766521 0.805
-7.00577846759351 0.8051
-7.0058255965155 0.8052
-7.00584317373923 0.8053
-7.00583510528273 0.8054
-7.00581764984831 0.8055
-7.00579286411619 0.8056
-7.00576935188427 0.8057
-7.00573194961519 0.8058
-7.0056703335923 0.8059
-7.00561187892393 0.806
-7.00555993672492 0.8061
-7.00551745228421 0.8062
-7.00545863297888 0.8063
-7.00538794541356 0.8064
-7.00534220644533 0.8065
-7.00531355859242 0.8066
-7.00531028296261 0.8067
-7.00530697662251 0.8068
-7.00528701532646 0.8069
-7.00529225967491 0.807
-7.00531887977948 0.8071
-7.00537144430992 0.8072
-7.00544977957749 0.8073
-7.00555954983222 0.8074
-7.00567768436704 0.8075
-7.00580278876927 0.8076
-7.00592825097272 0.8077
-7.00603231673581 0.8078
-7.00612134403141 0.8079
-7.00618375494303 0.808
-7.00624244597563 0.8081
-7.00630361578154 0.8082
-7.00633594369815 0.8083
-7.00635224869224 0.8084
-7.00635122040486 0.8085
-7.006330929671 0.8086
-7.00630406746701 0.8087
-7.00625797069383 0.8088
-7.00618885857679 0.8089
-7.00611017059746 0.809
-7.00602249527334 0.8091
-7.00593266626512 0.8092
-7.00587235996883 0.8093
-7.0058156775062 0.8094
-7.00577292725622 0.8095
-7.00574588557415 0.8096
-7.00574975723884 0.8097
-7.00576575803328 0.8098
-7.0057807553615 0.8099
-7.00577717589819 0.81
-7.00579251661838 0.8101
-7.005829500358 0.8102
-7.00586257814935 0.8103
-7.00592325937629 0.8104
-7.00598945718993 0.8105
-7.00607808763377 0.8106
-7.00617057453724 0.8107
-7.00625435839241 0.8108
-7.00635975756776 0.8109
-7.00644776947255 0.811
-7.0065529398459 0.8111
-7.00666073465751 0.8112
-7.00676089981138 0.8113
-7.00685459433823 0.8114
-7.00693526571633 0.8115
-7.00702752364179 0.8116
-7.00710408719222 0.8117
-7.00719345043157 0.8118
-7.00726635307116 0.8119
-7.00732510208088 0.812
-7.00738712329612 0.8121
-7.00740256418593 0.8122
-7.00738477238665 0.8123
-7.0073462234188 0.8124
-7.00730235290543 0.8125
-7.00724651710688 0.8126
-7.00716842147258 0.8127
-7.00711402991799 0.8128
-7.0070530077341 0.8129
-7.00696341583133 0.813
-7.00688071153272 0.8131
-7.00680561268559 0.8132
-7.00674298697004 0.8133
-7.00667346580022 0.8134
-7.00662317035105 0.8135
-7.00658005549373 0.8136
-7.0065305787809 0.8137
-7.00645290200983 0.8138
-7.00638099986627 0.8139
-7.00633429948513 0.814
-7.00629495489828 0.8141
-7.00627271802209 0.8142
-7.00626223105472 0.8143
-7.00626416976306 0.8144
-7.00628598087915 0.8145
-7.00630434001324 0.8146
-7.00633718784527 0.8147
-7.00638232407983 0.8148
-7.00644101557721 0.8149
-7.00651890015096 0.815
-7.00659762120208 0.8151
-7.00672211099002 0.8152
-7.00685898766669 0.8153
-7.00696070308298 0.8154
-7.00705002108992 0.8155
-7.00712218691147 0.8156
-7.00717979413288 0.8157
-7.00722664276101 0.8158
-7.00727194385906 0.8159
-7.00728311917559 0.816
-7.00724962377253 0.8161
-7.00719708350425 0.8162
-7.00713971733193 0.8163
-7.00707723894599 0.8164
-7.00700588291387 0.8165
-7.00693090922401 0.8166
-7.0068366151186 0.8167
-7.00674503404329 0.8168
-7.00664699109358 0.8169
-7.00655588334034 0.817
-7.00643302035269 0.8171
-7.00631685881028 0.8172
-7.00623036375444 0.8173
-7.00619086353658 0.8174
-7.00613445306298 0.8175
-7.00607954019474 0.8176
-7.0060317025271 0.8177
-7.0059839677753 0.8178
-7.005948349812 0.8179
-7.00594779769479 0.818
-7.00595280515597 0.8181
-7.00595436687779 0.8182
-7.00595436427315 0.8183
-7.0059461158169 0.8184
-7.00590115715474 0.8185
-7.00584831004173 0.8186
-7.00579215401698 0.8187
-7.00572816776771 0.8188
-7.00564054250038 0.8189
-7.00552002413281 0.819
-7.00542086059559 0.8191
-7.00529420018347 0.8192
-7.00514860605608 0.8193
-7.00500940836539 0.8194
-7.00485723592055 0.8195
-7.0047105915318 0.8196
-7.00457298822891 0.8197
-7.0044312640379 0.8198
-7.00427191570039 0.8199
-7.00413721165149 0.82
-7.00400833404725 0.8201
-7.00391174661523 0.8202
-7.00383029701386 0.8203
-7.00373329445845 0.8204
-7.00365367447323 0.8205
-7.0036165541736 0.8206
-7.00357427613549 0.8207
-7.00355462756121 0.8208
-7.00355678074286 0.8209
-7.00357327928477 0.821
-7.00362981388641 0.8211
-7.00371898930965 0.8212
-7.00382817033017 0.8213
-7.00395552018742 0.8214
-7.00407630581752 0.8215
-7.00420129085707 0.8216
-7.00434286441934 0.8217
-7.0045319002066 0.8218
-7.00472595850026 0.8219
-7.00490092363712 0.822
-7.00506222668617 0.8221
-7.00518387096919 0.8222
-7.00530776160569 0.8223
-7.00544219474963 0.8224
-7.00552720223839 0.8225
-7.00558257258448 0.8226
-7.00562012421535 0.8227
-7.00562906859686 0.8228
-7.0056313561089 0.8229
-7.00562097050444 0.823
-7.00558469225884 0.8231
-7.00554318072775 0.8232
-7.00549085710146 0.8233
-7.00542167717495 0.8234
-7.00534906839972 0.8235
-7.00528430800046 0.8236
-7.00520077236761 0.8237
-7.0051130548201 0.8238
-7.00503632218564 0.8239
-7.00497182098279 0.824
-7.00492734304552 0.8241
-7.00489120280027 0.8242
-7.00485783322541 0.8243
-7.00485567225605 0.8244
-7.00487439022382 0.8245
-7.00492503390919 0.8246
-7.00497491209188 0.8247
-7.0050580008397 0.8248
-7.00514897566447 0.8249
-7.00525089992135 0.825
-7.00535984084621 0.8251
-7.00546914498964 0.8252
-7.00556183065544 0.8253
-7.00565385240692 0.8254
-7.0057259188091 0.8255
-7.00577735127163 0.8256
-7.00581323211374 0.8257
-7.00583250049686 0.8258
-7.0058324666318 0.8259
-7.00578978493383 0.826
-7.00573508152645 0.8261
-7.00564947226406 0.8262
-7.00553831956717 0.8263
-7.00541931724041 0.8264
-7.00529941837175 0.8265
-7.00515929644584 0.8266
-7.00500245052932 0.8267
-7.00481723022756 0.8268
-7.00466977087506 0.8269
-7.00450991025637 0.827
-7.0043407073331 0.8271
-7.00418294746736 0.8272
-7.00400345688155 0.8273
-7.00382569710487 0.8274
-7.00364468795064 0.8275
-7.00346540630903 0.8276
-7.00328704223515 0.8277
-7.0031502427266 0.8278
-7.00304551530965 0.8279
-7.00296294563998 0.828
-7.00288448827567 0.8281
-7.00282614238183 0.8282
-7.00277678724428 0.8283
-7.00272985040224 0.8284
-7.00269936076459 0.8285
-7.00269974639284 0.8286
-7.00273648447651 0.8287
-7.00277612722927 0.8288
-7.00281926133383 0.8289
-7.00287734147985 0.829
-7.00295846471226 0.8291
-7.00303186401978 0.8292
-7.00311788003402 0.8293
-7.00316653633126 0.8294
-7.00322815557881 0.8295
-7.00326408627559 0.8296
-7.00331976799869 0.8297
-7.00340754075738 0.8298
-7.00350629701185 0.8299
-7.0035994200582 0.83
-7.00370380541266 0.8301
-7.00382003229915 0.8302
-7.00394186225893 0.8303
-7.00407652552745 0.8304
-7.00420584298263 0.8305
-7.00434839902365 0.8306
-7.00445392165348 0.8307
-7.00453535996319 0.8308
-7.00462404650169 0.8309
-7.00468043760136 0.831
-7.00470173424677 0.8311
-7.00472654444517 0.8312
-7.00474695200704 0.8313
-7.00475663595441 0.8314
-7.0047611993178 0.8315
-7.00474185654442 0.8316
-7.00471356121319 0.8317
-7.0046658581084 0.8318
-7.00460393401674 0.8319
-7.00449926002478 0.832
-7.0043607497565 0.8321
-7.00419147248655 0.8322
-7.00398122748906 0.8323
-7.00376202483127 0.8324
-7.00352280510696 0.8325
-7.00328159774074 0.8326
-7.00303942388754 0.8327
-7.00280357085075 0.8328
-7.00258423431144 0.8329
-7.00236620635179 0.833
-7.00213737600719 0.8331
-7.0019196025528 0.8332
-7.00172253225341 0.8333
-7.00153274954446 0.8334
-7.00133773732909 0.8335
-7.00115914849234 0.8336
-7.00098997616125 0.8337
-7.00082809149821 0.8338
-7.00065231170707 0.8339
-7.00050763011882 0.834
-7.00038528331914 0.8341
-7.0002793756242 0.8342
-7.00018573888523 0.8343
-7.00010391610794 0.8344
-7.00002186983915 0.8345
-6.99997835047758 0.8346
-6.99995229924433 0.8347
-6.99990437293113 0.8348
-6.99989812004509 0.8349
-6.99991327772637 0.835
-6.99993972048267 0.8351
-6.99996290402867 0.8352
-7.00000275484823 0.8353
-7.0000402247932 0.8354
-7.00007466961181 0.8355
-7.00012847681104 0.8356
-7.00018168726366 0.8357
-7.00022472497896 0.8358
-7.00025852672389 0.8359
-7.00027407861559 0.836
-7.00027169132363 0.8361
-7.00023549665011 0.8362
-7.00018945285576 0.8363
-7.00013996586297 0.8364
-7.00006406393133 0.8365
-6.99992951109544 0.8366
-6.99978941649157 0.8367
-6.99963690509165 0.8368
-6.99945167207329 0.8369
-6.99923074049906 0.837
-6.99896881608637 0.8371
-6.99868599167586 0.8372
-6.99841637868031 0.8373
-6.99816738368672 0.8374
-6.99792320133564 0.8375
-6.99766682450317 0.8376
-6.99744964924795 0.8377
-6.99721359014945 0.8378
-6.99699395661197 0.8379
-6.99678482826634 0.838
-6.9966296090655 0.8381
-6.99652707468787 0.8382
-6.99644097348819 0.8383
-6.99639024700493 0.8384
-6.99631738525744 0.8385
-6.99625098380503 0.8386
-6.99620622180562 0.8387
-6.99619612688833 0.8388
-6.99620139673688 0.8389
-6.99623316829065 0.839
-6.99629008878908 0.8391
-6.99638173243781 0.8392
-6.99649002360854 0.8393
-6.99656220267956 0.8394
-6.99662851604366 0.8395
-6.99671550862839 0.8396
-6.99682556945176 0.8397
-6.99697224172936 0.8398
-6.99712561747494 0.8399
-6.99726947184462 0.84
-6.99738593214473 0.8401
-6.99747703241956 0.8402
-6.99754757995393 0.8403
-6.99757538629111 0.8404
-6.99756899604726 0.8405
-6.99755542297332 0.8406
-6.99750213682773 0.8407
-6.99744010786056 0.8408
-6.99733944706108 0.8409
-6.99719508653737 0.841
-6.99700329315377 0.8411
-6.99678074691261 0.8412
-6.99652435988891 0.8413
-6.99625923805769 0.8414
-6.9959863739985 0.8415
-6.99571239263598 0.8416
-6.99542803745751 0.8417
-6.9951733985354 0.8418
-6.99493201824623 0.8419
-6.99472948776267 0.842
-6.99455546866562 0.8421
-6.99441530585951 0.8422
-6.99431906712467 0.8423
-6.99428530498062 0.8424
-6.99427071241456 0.8425
-6.99428294975591 0.8426
-6.994317787344 0.8427
-6.99436304032832 0.8428
-6.99441783509216 0.8429
-6.99447079557176 0.843
-6.99456473740766 0.8431
-6.99468251067946 0.8432
-6.99477667455831 0.8433
-6.99489072766713 0.8434
-6.99499450643172 0.8435
-6.99510006973634 0.8436
-6.9952161908126 0.8437
-6.99533016482776 0.8438
-6.99544553312871 0.8439
-6.9955696240313 0.844
-6.99564849514633 0.8441
-6.99573447591076 0.8442
-6.99580787111479 0.8443
-6.99585651150087 0.8444
-6.99590903679998 0.8445
-6.99598144425548 0.8446
-6.99605547218929 0.8447
-6.99613245653806 0.8448
-6.99623370450727 0.8449
-6.99634077364735 0.845
-6.99642201082859 0.8451
-6.99648022540394 0.8452
-6.99654766824131 0.8453
-6.99661769713924 0.8454
-6.9966948862302 0.8455
-6.99677452630756 0.8456
-6.99688099311376 0.8457
-6.99697651036531 0.8458
-6.99708611419254 0.8459
-6.99720284003476 0.846
-6.99733586680721 0.8461
-6.9974868027673 0.8462
-6.99763044082457 0.8463
-6.99778202857547 0.8464
-6.99791477424445 0.8465
-6.99803621534987 0.8466
-6.99816710296192 0.8467
-6.99827887448645 0.8468
-6.99836649241743 0.8469
-6.99841198824307 0.847
-6.99842658475432 0.8471
-6.99843449337388 0.8472
-6.99841703788797 0.8473
-6.99836239510824 0.8474
-6.99828860467717 0.8475
-6.99821004931203 0.8476
-6.99809681517354 0.8477
-6.99799643215479 0.8478
-6.99792056838523 0.8479
-6.99784140719776 0.848
-6.99775362964575 0.8481
-6.99767986996028 0.8482
-6.99761830467654 0.8483
-6.99755684493413 0.8484
-6.99749631286225 0.8485
-6.99744264576638 0.8486
-6.99736013471583 0.8487
-6.99730858554239 0.8488
-6.99727099277659 0.8489
-6.99725677084011 0.849
-6.99727536875013 0.8491
-6.99727784706755 0.8492
-6.99727424515495 0.8493
-6.99728430591784 0.8494
-6.99727175753592 0.8495
-6.99727169381505 0.8496
-6.99729730784935 0.8497
-6.99731207626235 0.8498
-6.99732314766365 0.8499
-6.99732779262605 0.85
-6.9973164636411 0.8501
-6.99729510933831 0.8502
-6.99726072880275 0.8503
-6.99720517431289 0.8504
-6.99713103461774 0.8505
-6.99703304437951 0.8506
-6.99693203916242 0.8507
-6.99683545712538 0.8508
-6.99674053493508 0.8509
-6.99663016261004 0.851
-6.9964969929325 0.8511
-6.99638683106822 0.8512
-6.99627592587717 0.8513
-6.9961683110286 0.8514
-6.99604374952735 0.8515
-6.99593697707246 0.8516
-6.99582454524495 0.8517
-6.99571139089343 0.8518
-6.9956173155411 0.8519
-6.995526926821 0.852
-6.99543225528924 0.8521
-6.99536662410643 0.8522
-6.995323424324 0.8523
-6.99529727206121 0.8524
-6.99528417565689 0.8525
-6.99526842802404 0.8526
-6.99527842945594 0.8527
-6.99530192802415 0.8528
-6.99534367031189 0.8529
-6.99540030885066 0.853
-6.99546662121827 0.8531
-6.99553994380278 0.8532
-6.99558976554718 0.8533
-6.99564052452857 0.8534
-6.99566165896062 0.8535
-6.99565326442816 0.8536
-6.99563279873646 0.8537
-6.99560331087267 0.8538
-6.99558638609837 0.8539
-6.9955462027275 0.854
-6.9955291045941 0.8541
-6.99552251961554 0.8542
-6.99551143868995 0.8543
-6.99549517524432 0.8544
-6.99548922355199 0.8545
-6.99547741295179 0.8546
-6.9954719598615 0.8547
-6.99543712792148 0.8548
-6.99539401870729 0.8549
-6.99535616237751 0.855
-6.99534934888987 0.8551
-6.99533765308681 0.8552
-6.99529415780549 0.8553
-6.99524133545886 0.8554
-6.99517890069205 0.8555
-6.99509744938898 0.8556
-6.99503025439973 0.8557
-6.99495809486445 0.8558
-6.99485793162561 0.8559
-6.99475938381364 0.856
-6.99463076164995 0.8561
-6.99452323646386 0.8562
-6.99437986762892 0.8563
-6.99424007109077 0.8564
-6.99407518044843 0.8565
-6.99387510364352 0.8566
-6.99366717797736 0.8567
-6.99343539825368 0.8568
-6.99321467610674 0.8569
-6.99298360555327 0.857
-6.99275769251809 0.8571
-6.9925226330013 0.8572
-6.99224052507081 0.8573
-6.99194482248477 0.8574
-6.991657486805 0.8575
-6.99137103116989 0.8576
-6.99108691118492 0.8577
-6.99079763071462 0.8578
-6.99051264333513 0.8579
-6.99025878129952 0.858
-6.99003216884931 0.8581
-6.98981412675265 0.8582
-6.98963515645834 0.8583
-6.98948973030259 0.8584
-6.98936575630947 0.8585
-6.98924067942649 0.8586
-6.98913487245925 0.8587
-6.98903049569054 0.8588
-6.98895695906244 0.8589
-6.98893243810461 0.859
-6.98891967330726 0.8591
-6.98891535684478 0.8592
-6.98894083296305 0.8593
-6.9889880786694 0.8594
-6.98905633685293 0.8595
-6.98913241244292 0.8596
-6.98922379647671 0.8597
-6.98931154697009 0.8598
-6.98939869037146 0.8599
-6.98945393185589 0.86
-6.98949801304989 0.8601
-6.98954304057589 0.8602
-6.98959254221351 0.8603
-6.9896084012555 0.8604
-6.98961361629613 0.8605
-6.98962782265396 0.8606
-6.98963814177798 0.8607
-6.98966720716667 0.8608
-6.98967514865081 0.8609
-6.98967530285936 0.861
-6.98965755683663 0.8611
-6.98965397484181 0.8612
-6.98965592047008 0.8613
-6.98966343453792 0.8614
-6.98968393290305 0.8615
-6.98972051275791 0.8616
-6.9897755669835 0.8617
-6.9898732037177 0.8618
-6.98993853303409 0.8619
-6.99005495974876 0.862
-6.99015779633987 0.8621
-6.99029160860683 0.8622
-6.99041138546464 0.8623
-6.99052851134882 0.8624
-6.99064773078355 0.8625
-6.99075915493662 0.8626
-6.99086610527392 0.8627
-6.99095290360194 0.8628
-6.99102802678617 0.8629
-6.99112057821795 0.863
-6.99120907544501 0.8631
-6.99130242283371 0.8632
-6.99142086937753 0.8633
-6.99151271212322 0.8634
-6.99159872371768 0.8635
-6.99168218590962 0.8636
-6.9917337487984 0.8637
-6.99177943768191 0.8638
-6.99185063881518 0.8639
-6.99189176395397 0.864
-6.99191637828292 0.8641
-6.99192054947202 0.8642
-6.99194288823517 0.8643
-6.99195575769179 0.8644
-6.99197893149077 0.8645
-6.99198945141322 0.8646
-6.99201035482506 0.8647
-6.99199513219744 0.8648
-6.99199912207261 0.8649
-6.99198725654018 0.865
-6.99196204263988 0.8651
-6.9919345156813 0.8652
-6.99188917919325 0.8653
-6.99183459977003 0.8654
-6.99178230702906 0.8655
-6.99172756736461 0.8656
-6.99167743721213 0.8657
-6.99160433770661 0.8658
-6.99152040283545 0.8659
-6.99141196220943 0.866
-6.9912857655522 0.8661
-6.99118363067685 0.8662
-6.99110010361326 0.8663
-6.99100463489597 0.8664
-6.99090675168325 0.8665
-6.99079875221088 0.8666
-6.99068653861458 0.8667
-6.99060423284011 0.8668
-6.99055826171669 0.8669
-6.99052664762295 0.867
-6.99046401307764 0.8671
-6.99040754607523 0.8672
-6.99035388398356 0.8673
-6.99032183199187 0.8674
-6.99028047531356 0.8675
-6.99025759742835 0.8676
-6.99021352066249 0.8677
-6.99015573436028 0.8678
-6.9900722078285 0.8679
-6.9899559569423 0.868
-6.9898220814862 0.8681
-6.98965496679311 0.8682
-6.98946977242696 0.8683
-6.98928841048831 0.8684
-6.98909878919513 0.8685
-6.98890232715517 0.8686
-6.98869754327172 0.8687
-6.9884711345167 0.8688
-6.98822451847677 0.8689
-6.98798708680204 0.869
-6.98772892075525 0.8691
-6.98747296251199 0.8692
-6.98722529667718 0.8693
-6.98698629026994 0.8694
-6.98678931713264 0.8695
-6.98663949575481 0.8696
-6.98655912805291 0.8697
-6.98649908404649 0.8698
-6.98645611742564 0.8699
-6.98643483392436 0.87
-6.986451892867 0.8701
-6.98649868743049 0.8702
-6.98656601751435 0.8703
-6.98666818043946 0.8704
-6.98680517147169 0.8705
-6.98694425791699 0.8706
-6.98706915301016 0.8707
-6.98724637749379 0.8708
-6.98741219025322 0.8709
-6.98755689621023 0.871
-6.98769917239474 0.8711
-6.98785048872997 0.8712
-6.98801304136246 0.8713
-6.98816743261433 0.8714
-6.98831446492777 0.8715
-6.98848012544301 0.8716
-6.98863101129578 0.8717
-6.98874770154674 0.8718
-6.98883903592415 0.8719
-6.98890239738021 0.872
-6.98896023485191 0.8721
-6.98901075258787 0.8722
-6.9890552377877 0.8723
-6.98911178242665 0.8724
-6.98916741127784 0.8725
-6.98920641574678 0.8726
-6.98923459972914 0.8727
-6.98929220238171 0.8728
-6.98930234654289 0.8729
-6.98929574486834 0.873
-6.98928240070033 0.8731
-6.98926022860712 0.8732
-6.98921351205815 0.8733
-6.98913471345474 0.8734
-6.98903524149108 0.8735
-6.98893336911695 0.8736
-6.98879058456885 0.8737
-6.98864212575559 0.8738
-6.98848427392832 0.8739
-6.98831654301689 0.874
-6.98816530949536 0.8741
-6.98802799554293 0.8742
-6.98789258524284 0.8743
-6.98773696788879 0.8744
-6.98758989527889 0.8745
-6.98745192656828 0.8746
-6.98734044438476 0.8747
-6.9872208374024 0.8748
-6.98709801775736 0.8749
-6.98699228731194 0.875
-6.98687633761808 0.8751
-6.9867441147217 0.8752
-6.98659118503752 0.8753
-6.98641669668852 0.8754
-6.9862647838136 0.8755
-6.98613757967064 0.8756
-6.98602409782271 0.8757
-6.9859116272171 0.8758
-6.98580503782298 0.8759
-6.9857256902872 0.876
-6.98567563277297 0.8761
-6.98565934031253 0.8762
-6.98566936587451 0.8763
-6.98570271278932 0.8764
-6.98572519293159 0.8765
-6.9857415113382 0.8766
-6.98575040745545 0.8767
-6.98575775125569 0.8768
-6.9857631358365 0.8769
-6.98576865402694 0.877
-6.9857655946141 0.8771
-6.98575237990666 0.8772
-6.98572918373605 0.8773
-6.98569657460698 0.8774
-6.98565451421936 0.8775
-6.98562021203734 0.8776
-6.9855669331147 0.8777
-6.98551343180604 0.8778
-6.98544637313737 0.8779
-6.98538200241453 0.878
-6.98534914956972 0.8781
-6.98530915576933 0.8782
-6.98526853526187 0.8783
-6.98522662791562 0.8784
-6.98519662241435 0.8785
-6.98518430608215 0.8786
-6.98518011702762 0.8787
-6.98517724835958 0.8788
-6.98512984044913 0.8789
-6.98511089187745 0.879
-6.98511279824748 0.8791
-6.98510255008419 0.8792
-6.98511760032786 0.8793
-6.98515272919341 0.8794
-6.98516382038896 0.8795
-6.98517757693595 0.8796
-6.9851873095381 0.8797
-6.98520562469079 0.8798
-6.9852513340054 0.8799
-6.98528117966698 0.88
-6.98527487519585 0.8801
-6.98525192648908 0.8802
-6.98521180946049 0.8803
-6.98518796245397 0.8804
-6.98516645516431 0.8805
-6.98509663388494 0.8806
-6.98503052213055 0.8807
-6.98495416620106 0.8808
-6.98488099599122 0.8809
-6.98478961758293 0.881
-6.98469431128588 0.8811
-6.98460090059386 0.8812
-6.98451004211689 0.8813
-6.98441401809893 0.8814
-6.98431373373885 0.8815
-6.98422067389525 0.8816
-6.98414287241326 0.8817
-6.98407191774617 0.8818
-6.98402103528305 0.8819
-6.98398892136756 0.882
-6.98397942427598 0.8821
-6.98398056999338 0.8822
-6.98399097510491 0.8823
-6.98401232050273 0.8824
-6.9840358838886 0.8825
-6.98406402879846 0.8826
-6.98414080269981 0.8827
-6.98423325554898 0.8828
-6.98436955390963 0.8829
-6.9845295331836 0.883
-6.98469770481938 0.8831
-6.98488335868248 0.8832
-6.98502480534748 0.8833
-6.98517382234197 0.8834
-6.98530901806929 0.8835
-6.98542701266717 0.8836
-6.98553500038704 0.8837
-6.98563642602619 0.8838
-6.98571553211515 0.8839
-6.98576813798502 0.884
-6.9858192160926 0.8841
-6.98585120699973 0.8842
-6.98583836034599 0.8843
-6.98580920619504 0.8844
-6.98573356985689 0.8845
-6.98567873736629 0.8846
-6.98563814827514 0.8847
-6.98559417492784 0.8848
-6.98555982237076 0.8849
-6.98550879951593 0.885
-6.98548230932757 0.8851
-6.98542329463605 0.8852
-6.98534863455436 0.8853
-6.98526544222664 0.8854
-6.98518985664089 0.8855
-6.98510361317587 0.8856
-6.98502922119599 0.8857
-6.98493730089655 0.8858
-6.98485085193723 0.8859
-6.98476918516742 0.886
-6.98470971046754 0.8861
-6.98464649457256 0.8862
-6.98459096981542 0.8863
-6.98452085890252 0.8864
-6.98445954826229 0.8865
-6.98436256311926 0.8866
-6.9842706733037 0.8867
-6.98419346685058 0.8868
-6.98409524908194 0.8869
-6.98400799688142 0.887
-6.9838782864015 0.8871
-6.98373080123765 0.8872
-6.98358610615784 0.8873
-6.98341889248521 0.8874
-6.98323069056382 0.8875
-6.98303659817096 0.8876
-6.98286835821462 0.8877
-6.98271398904493 0.8878
-6.98255681927404 0.8879
-6.9824280658324 0.888
-6.98229283273626 0.8881
-6.98220251170808 0.8882
-6.98210060766183 0.8883
-6.98199014084298 0.8884
-6.98187545649292 0.8885
-6.98176819418825 0.8886
-6.98168530618317 0.8887
-6.98160550274171 0.8888
-6.98155106548957 0.8889
-6.98151267115639 0.889
-6.98152711026827 0.8891
-6.98156007156162 0.8892
-6.98162815979594 0.8893
-6.98172646828706 0.8894
-6.98187661906744 0.8895
-6.98205482272506 0.8896
-6.98223978106736 0.8897
-6.98243054553895 0.8898
-6.98261089939715 0.8899
-6.98280572273597 0.89
-6.9830080818324 0.8901
-6.98322824120302 0.8902
-6.98343567090864 0.8903
-6.98363499873981 0.8904
-6.98380539901522 0.8905
-6.98391124260728 0.8906
-6.98399382597066 0.8907
-6.98404914820482 0.8908
-6.98408339277245 0.8909
-6.98411108083128 0.891
-6.9841035894047 0.8911
-6.98404038263193 0.8912
-6.98394653475986 0.8913
-6.98384138493191 0.8914
-6.98375876989013 0.8915
-6.98371809027688 0.8916
-6.98368678455089 0.8917
-6.98364574136986 0.8918
-6.98362471828822 0.8919
-6.98364117875048 0.892
-6.98365462120188 0.8921
-6.98366092468535 0.8922
-6.98368731810812 0.8923
-6.98372983860171 0.8924
-6.98377174138381 0.8925
-6.98379780702116 0.8926
-6.98380610036979 0.8927
-6.98379118691769 0.8928
-6.98375440889528 0.8929
-6.98372471788468 0.893
-6.98367778920374 0.8931
-6.9836045491677 0.8932
-6.98353186384289 0.8933
-6.98345408735227 0.8934
-6.98335044418232 0.8935
-6.9832529869875 0.8936
-6.98316660765509 0.8937
-6.98307352465804 0.8938
-6.98297179731571 0.8939
-6.98288178733936 0.894
-6.98280868898993 0.8941
-6.98275022209313 0.8942
-6.98268683549675 0.8943
-6.98262324871125 0.8944
-6.98255040891156 0.8945
-6.98250367666263 0.8946
-6.98245583088562 0.8947
-6.98244551053251 0.8948
-6.98241960536012 0.8949
-6.98242093944442 0.895
-6.98242353723051 0.8951
-6.9824065243661 0.8952
-6.98239305891163 0.8953
-6.98239225468096 0.8954
-6.98240946030192 0.8955
-6.98239059018297 0.8956
-6.98239668322901 0.8957
-6.9824093434715 0.8958
-6.98242312155447 0.8959
-6.98244827085412 0.896
-6.98248961693985 0.8961
-6.98252832133531 0.8962
-6.98254610930449 0.8963
-6.98257287365627 0.8964
-6.98259835942767 0.8965
-6.98265179418406 0.8966
-6.98270038299803 0.8967
-6.98275417376504 0.8968
-6.98283285451747 0.8969
-6.98291450819867 0.897
-6.98295424197333 0.8971
-6.98296831704284 0.8972
-6.98294863529195 0.8973
-6.98289836423362 0.8974
-6.98278809582295 0.8975
-6.98263464184388 0.8976
-6.98247081202353 0.8977
-6.98229180084213 0.8978
-6.98209373362985 0.8979
-6.98187907271992 0.898
-6.98165529453602 0.8981
-6.98139788595609 0.8982
-6.98114164970091 0.8983
-6.98088193847718 0.8984
-6.98063258504442 0.8985
-6.98038510347094 0.8986
-6.98015213784294 0.8987
-6.97993549388293 0.8988
-6.97971625072758 0.8989
-6.97951466889634 0.899
-6.97931172490165 0.8991
-6.97910642875315 0.8992
-6.97892531912148 0.8993
-6.97877613357857 0.8994
-6.97865681864451 0.8995
-6.97852642674636 0.8996
-6.9784299786111 0.8997
-6.97835027080244 0.8998
-6.97831979540112 0.8999
-6.97830176143393 0.9
-6.97829464289828 0.9001
-6.97829391045518 0.9002
-6.97834774781811 0.9003
-6.97844345775381 0.9004
-6.97858131240728 0.9005
-6.97877276050519 0.9006
-6.97899975982738 0.9007
-6.97925166897389 0.9008
-6.97950656291679 0.9009
-6.97976836518818 0.901
-6.98002110553222 0.9011
-6.98025107426111 0.9012
-6.98048663368953 0.9013
-6.98072590898714 0.9014
-6.98096994193437 0.9015
-6.98123941780741 0.9016
-6.98148520568776 0.9017
-6.98169770253969 0.9018
-6.98187542712926 0.9019
-6.98200517168251 0.902
-6.98210580395808 0.9021
-6.98214583316237 0.9022
-6.98213954409811 0.9023
-6.98208417578989 0.9024
-6.98199184542367 0.9025
-6.98186838205796 0.9026
-6.98171706914964 0.9027
-6.98155580105995 0.9028
-6.98139668366827 0.9029
-6.98125144022055 0.903
-6.98107670800943 0.9031
-6.98089241450621 0.9032
-6.98073503675896 0.9033
-6.98059949482978 0.9034
-6.98048497424475 0.9035
-6.98039705397001 0.9036
-6.98029018236944 0.9037
-6.98019943977826 0.9038
-6.98013502648368 0.9039
-6.98007753850378 0.904
-6.98002547164693 0.9041
-6.97997758348388 0.9042
-6.97991815453073 0.9043
-6.9798997339598 0.9044
-6.97986542531331 0.9045
-6.97984444700711 0.9046
-6.97980022088831 0.9047
-6.97973185779411 0.9048
-6.97966503154175 0.9049
-6.97957549662998 0.905
-6.97947378234867 0.9051
-6.97934082422866 0.9052
-6.97920974841098 0.9053
-6.97906330805503 0.9054
-6.97891194463838 0.9055
-6.9787316650556 0.9056
-6.97853764739888 0.9057
-6.97833115396826 0.9058
-6.97813781826303 0.9059
-6.9779379249779 0.906
-6.97776516598385 0.9061
-6.97759782495882 0.9062
-6.97746208689072 0.9063
-6.97734114164782 0.9064
-6.97723505145909 0.9065
-6.97715746472641 0.9066
-6.97707166141672 0.9067
-6.97698201799396 0.9068
-6.97694061315495 0.9069
-6.97688128744101 0.907
-6.97681863424288 0.9071
-6.97680075823254 0.9072
-6.97683139198718 0.9073
-6.97686964226594 0.9074
-6.97695329724095 0.9075
-6.97704576376255 0.9076
-6.97715622345785 0.9077
-6.97728894652566 0.9078
-6.97746158629991 0.9079
-6.9776695480182 0.908
-6.97789827430434 0.9081
-6.97815729067263 0.9082
-6.97843855966971 0.9083
-6.97871262834304 0.9084
-6.97896931785341 0.9085
-6.97922584245159 0.9086
-6.97949383069224 0.9087
-6.97975709040259 0.9088
-6.97999626903143 0.9089
-6.9802023195812 0.909
-6.98039423237295 0.9091
-6.9805601796684 0.9092
-6.9806947683411 0.9093
-6.98079747381591 0.9094
-6.98084495895461 0.9095
-6.98084589753449 0.9096
-6.98082490025535 0.9097
-6.98072974754298 0.9098
-6.9805816691931 0.9099
-6.98039444324902 0.91
-6.98017957835865 0.9101
-6.97990275284941 0.9102
-6.97960130129566 0.9103
-6.97928429702748 0.9104
-6.97894278292589 0.9105
-6.97861191215585 0.9106
-6.97828146541408 0.9107
-6.97797720703718 0.9108
-6.97767148687359 0.9109
-6.97735193296484 0.911
-6.97704864237399 0.9111
-6.97679247675552 0.9112
-6.97653764022506 0.9113
-6.97631408999497 0.9114
-6.97608327230271 0.9115
-6.97588977213607 0.9116
-6.97570651283722 0.9117
-6.97553688226078 0.9118
-6.97540258994162 0.9119
-6.97532266011219 0.912
-6.975276470842 0.9121
-6.97523190544262 0.9122
-6.97520414316359 0.9123
-6.97521737475364 0.9124
-6.97525661963624 0.9125
-6.9752958777084 0.9126
-6.97530494069054 0.9127
-6.97533516294441 0.9128
-6.97537506043937 0.9129
-6.97541829332367 0.913
-6.9755075566295 0.9131
-6.97562957590241 0.9132
-6.9757593364257 0.9133
-6.97590181257494 0.9134
-6.97604954506492 0.9135
-6.97619243278062 0.9136
-6.97632458907924 0.9137
-6.97648288753013 0.9138
-6.97663826641493 0.9139
-6.97681278912334 0.914
-6.97700919409992 0.9141
-6.97718774566087 0.9142
-6.97737060894637 0.9143
-6.97755480621173 0.9144
-6.9777478250714 0.9145
-6.97792104784223 0.9146
-6.97808738341717 0.9147
-6.97827105216856 0.9148
-6.9784390078513 0.9149
-6.97859756985347 0.915
-6.97874157735668 0.9151
-6.97890469165732 0.9152
-6.97906230716753 0.9153
-6.97919120390908 0.9154
-6.97932693390666 0.9155
-6.9794605432287 0.9156
-6.97956503901494 0.9157
-6.97961861896353 0.9158
-6.97964007001661 0.9159
-6.97963373968391 0.916
-6.97961501965316 0.9161
-6.97959462245205 0.9162
-6.9795523873877 0.9163
-6.97947374527198 0.9164
-6.97938127287687 0.9165
-6.97926422249441 0.9166
-6.97913089937465 0.9167
-6.978966205391 0.9168
-6.97877513146715 0.9169
-6.97855367397117 0.917
-6.97833261598412 0.9171
-6.97808134010539 0.9172
-6.97779574984642 0.9173
-6.9774821315828 0.9174
-6.97716597750641 0.9175
-6.97688003783338 0.9176
-6.97661867941871 0.9177
-6.97632324676689 0.9178
-6.97602486996847 0.9179
-6.97573582380727 0.918
-6.97542181678882 0.9181
-6.97509444281824 0.9182
-6.97478440174354 0.9183
-6.97446765887762 0.9184
-6.97412098316774 0.9185
-6.97378617630318 0.9186
-6.97346381661902 0.9187
-6.97312249363163 0.9188
-6.97279455297284 0.9189
-6.97244391714146 0.919
-6.9721174220536 0.9191
-6.97180389798767 0.9192
-6.971527218914 0.9193
-6.97128744451006 0.9194
-6.97107064246095 0.9195
-6.97088516759383 0.9196
-6.97076293876004 0.9197
-6.97069200922376 0.9198
-6.97065458589766 0.9199
-6.97065835067819 0.92
-6.97070715089742 0.9201
-6.97078244642328 0.9202
-6.97090595275887 0.9203
-6.97105018690157 0.9204
-6.97121769354632 0.9205
-6.97141873325358 0.9206
-6.97162412849208 0.9207
-6.97180851182971 0.9208
-6.9719652901072 0.9209
-6.97208268327073 0.921
-6.97217902452987 0.9211
-6.97225983773623 0.9212
-6.97232324746172 0.9213
-6.97235488702519 0.9214
-6.97235675412971 0.9215
-6.97231433619332 0.9216
-6.97222245253695 0.9217
-6.97213378689234 0.9218
-6.97204602272607 0.9219
-6.97191986304233 0.922
-6.97176165482737 0.9221
-6.9715877914494 0.9222
-6.9714116326804 0.9223
-6.97123903604056 0.9224
-6.97107281908794 0.9225
-6.97091293504693 0.9226
-6.9707771356737 0.9227
-6.97065494952669 0.9228
-6.97057183733644 0.9229
-6.97054124718935 0.923
-6.97054127733757 0.9231
-6.97054117446214 0.9232
-6.97055670388343 0.9233
-6.97058984871961 0.9234
-6.97064582577779 0.9235
-6.97073586347428 0.9236
-6.9708409024271 0.9237
-6.97098799127372 0.9238
-6.97113572736207 0.9239
-6.97125935826155 0.924
-6.97138371331687 0.9241
-6.97146490130255 0.9242
-6.97151926073887 0.9243
-6.97155769902716 0.9244
-6.97157192573276 0.9245
-6.97157669687541 0.9246
-6.97159198320029 0.9247
-6.97161970796468 0.9248
-6.97162811184268 0.9249
-6.97162855244878 0.925
-6.9716287908568 0.9251
-6.97162145798517 0.9252
-6.97159483775734 0.9253
-6.97156142785466 0.9254
-6.97152802990685 0.9255
-6.97150319623894 0.9256
-6.97145110096785 0.9257
-6.97140712728052 0.9258
-6.97137019027011 0.9259
-6.97135973607688 0.926
-6.9713549424915 0.9261
-6.97131752434953 0.9262
-6.97126091509943 0.9263
-6.97122034814189 0.9264
-6.97121642937132 0.9265
-6.97119281830337 0.9266
-6.97118301806686 0.9267
-6.97118082247309 0.9268
-6.9711723031061 0.9269
-6.97118376812439 0.927
-6.97119370551301 0.9271
-6.97120903416471 0.9272
-6.97122829722895 0.9273
-6.97123136844299 0.9274
-6.97125540854958 0.9275
-6.97128677478978 0.9276
-6.97128796932497 0.9277
-6.97127881033508 0.9278
-6.97124331340786 0.9279
-6.9711989618336 0.928
-6.97115612532787 0.9281
-6.97107633964922 0.9282
-6.97099189803331 0.9283
-6.97089463619815 0.9284
-6.9707957036474 0.9285
-6.97070535861737 0.9286
-6.97062270344386 0.9287
-6.9705321121229 0.9288
-6.97043741917461 0.9289
-6.97033560192393 0.929
-6.97020562473795 0.9291
-6.97008473945909 0.9292
-6.96996989932402 0.9293
-6.96983108858306 0.9294
-6.9696851584959 0.9295
-6.96952922541834 0.9296
-6.96943944329687 0.9297
-6.9693474935709 0.9298
-6.96924951834614 0.9299
-6.96914180727835 0.93
-6.96905723870645 0.9301
-6.96899764304207 0.9302
-6.96897357325089 0.9303
-6.96893114946934 0.9304
-6.96889096540659 0.9305
-6.96885609962601 0.9306
-6.9688124612117 0.9307
-6.96875076559884 0.9308
-6.96871355651132 0.9309
-6.96869165470393 0.931
-6.9686758057036 0.9311
-6.96864817759442 0.9312
-6.96861963316671 0.9313
-6.96859518579047 0.9314
-6.96855537036522 0.9315
-6.96852166342033 0.9316
-6.96847490226298 0.9317
-6.96843933995407 0.9318
-6.96839502079564 0.9319
-6.9683565211745 0.932
-6.96831491004615 0.9321
-6.96827880349492 0.9322
-6.96824884075435 0.9323
-6.96824763528669 0.9324
-6.96825526176247 0.9325
-6.96822691688537 0.9326
-6.96822036521697 0.9327
-6.96823660387631 0.9328
-6.96825748265088 0.9329
-6.96826728847032 0.933
-6.96823521387682 0.9331
-6.96820702166003 0.9332
-6.96816836126626 0.9333
-6.96814149089655 0.9334
-6.96810377104692 0.9335
-6.9680625751219 0.9336
-6.96800687574805 0.9337
-6.96797162664088 0.9338
-6.96797826447122 0.9339
-6.96798903704529 0.934
-6.96800934137659 0.9341
-6.96804062007649 0.9342
-6.96807120712765 0.9343
-6.96808474964978 0.9344
-6.968093692955 0.9345
-6.9680981811384 0.9346
-6.96810301066214 0.9347
-6.96810662612178 0.9348
-6.96809369780374 0.9349
-6.96805900461696 0.935
-6.96800128743 0.9351
-6.96795888523306 0.9352
-6.96789951779343 0.9353
-6.96786268109257 0.9354
-6.96783051228003 0.9355
-6.96782357949629 0.9356
-6.9678241379001 0.9357
-6.96782485254651 0.9358
-6.96783350441995 0.9359
-6.9678210137501 0.936
-6.96777162962861 0.9361
-6.96771833341835 0.9362
-6.9676649870464 0.9363
-6.96762198726849 0.9364
-6.96759576463837 0.9365
-6.96754565339991 0.9366
-6.96750828104339 0.9367
-6.96751849929782 0.9368
-6.96752332843972 0.9369
-6.96753617490799 0.937
-6.96755566632802 0.9371
-6.9675602538687 0.9372
-6.96756430070632 0.9373
-6.96759069320345 0.9374
-6.96761445506561 0.9375
-6.96761993875625 0.9376
-6.96761039908881 0.9377
-6.9676132547367 0.9378
-6.96759158114285 0.9379
-6.96757688833587 0.938
-6.9675549716458 0.9381
-6.96753281217971 0.9382
-6.96750400782954 0.9383
-6.96747738856173 0.9384
-6.96744673155717 0.9385
-6.96741605299405 0.9386
-6.96736870833151 0.9387
-6.96730562703822 0.9388
-6.96723598454799 0.9389
-6.96713869351369 0.939
-6.96710428276372 0.9391
-6.96708801082281 0.9392
-6.9670377258526 0.9393
-6.96701633100357 0.9394
-6.96701315443075 0.9395
-6.96701312999503 0.9396
-6.96705054016967 0.9397
-6.96709612554428 0.9398
-6.96716750451228 0.9399
-6.96725966160384 0.94
-6.96733906033897 0.9401
-6.96740996791754 0.9402
-6.96746368662768 0.9403
-6.96749095165639 0.9404
-6.96749760754875 0.9405
-6.96753164176079 0.9406
-6.96751286487769 0.9407
-6.96749848420824 0.9408
-6.96745918242181 0.9409
-6.96738218733825 0.941
-6.96727081594909 0.9411
-6.96716315104612 0.9412
-6.96703971913247 0.9413
-6.96693848206839 0.9414
-6.96682876861891 0.9415
-6.96669761687763 0.9416
-6.9665669481715 0.9417
-6.96646563292688 0.9418
-6.96637785595312 0.9419
-6.96629859396454 0.942
-6.96620920776221 0.9421
-6.96611271042913 0.9422
-6.9660164483215 0.9423
-6.9658865132658 0.9424
-6.96577360082565 0.9425
-6.96564811233369 0.9426
-6.96554944496246 0.9427
-6.96545801838527 0.9428
-6.96533817012658 0.9429
-6.96520004522538 0.943
-6.96506153279798 0.9431
-6.96493623160551 0.9432
-6.96481745278418 0.9433
-6.96471702385343 0.9434
-6.96461256666854 0.9435
-6.96447928311884 0.9436
-6.96436565823655 0.9437
-6.96425191636696 0.9438
-6.96416739679599 0.9439
-6.96409134546535 0.944
-6.9639937125873 0.9441
-6.96393620944838 0.9442
-6.96386008908369 0.9443
-6.96376952284742 0.9444
-6.96369243475818 0.9445
-6.96361797476809 0.9446
-6.9635817634427 0.9447
-6.96353406088364 0.9448
-6.96349730790364 0.9449
-6.96347042230977 0.945
-6.96342934258486 0.9451
-6.96341070906012 0.9452
-6.9634045684633 0.9453
-6.96339615008382 0.9454
-6.96336444870339 0.9455
-6.9633196231539 0.9456
-6.9632750391789 0.9457
-6.9632074687183 0.9458
-6.96314363671173 0.9459
-6.96306936957321 0.946
-6.96299485015133 0.9461
-6.96291146937338 0.9462
-6.96283908768048 0.9463
-6.96272230919349 0.9464
-6.96261434558481 0.9465
-6.96249241262402 0.9466
-6.96238761623519 0.9467
-6.96228182065998 0.9468
-6.96217427081996 0.9469
-6.96207704883956 0.947
-6.96200699541111 0.9471
-6.96196073932569 0.9472
-6.96191952201265 0.9473
-6.96187117497132 0.9474
-6.96183916037501 0.9475
-6.96179906654633 0.9476
-6.96172569407595 0.9477
-6.96168256533141 0.9478
-6.96160274482771 0.9479
-6.96151711007795 0.948
-6.9614068386422 0.9481
-6.96130836115131 0.9482
-6.96120325367943 0.9483
-6.96110653823422 0.9484
-6.96101424661723 0.9485
-6.96089632150806 0.9486
-6.96080211158063 0.9487
-6.96069746294649 0.9488
-6.96060998939269 0.9489
-6.96051210819417 0.949
-6.96043782484689 0.9491
-6.96033855243186 0.9492
-6.96021372214564 0.9493
-6.96010376669031 0.9494
-6.95999177581547 0.9495
-6.95988342393795 0.9496
-6.95979137536073 0.9497
-6.9596777473393 0.9498
-6.9595944461614 0.9499
-6.95956049660234 0.95
-6.9595342258521 0.9501
-6.95951619974608 0.9502
-6.95950575924802 0.9503
-6.95949600122416 0.9504
-6.95953213677687 0.9505
-6.95958579860196 0.9506
-6.95964361600289 0.9507
-6.9596969754486 0.9508
-6.9597448338399 0.9509
-6.95983441794128 0.951
-6.95995463903556 0.9511
-6.96012632870457 0.9512
-6.96034195414124 0.9513
-6.9605741464568 0.9514
-6.96080288188271 0.9515
-6.96101441169367 0.9516
-6.9612258780414 0.9517
-6.96142761995227 0.9518
-6.9616360280347 0.9519
-6.96189202412445 0.952
-6.96213540183053 0.9521
-6.96238016917471 0.9522
-6.96259313345752 0.9523
-6.96278521637292 0.9524
-6.96295488697148 0.9525
-6.9630926144881 0.9526
-6.96321567908112 0.9527
-6.96329854514028 0.9528
-6.96336048279028 0.9529
-6.963407255745 0.953
-6.96344764733688 0.9531
-6.96344882779726 0.9532
-6.96341372142512 0.9533
-6.96334737232793 0.9534
-6.96325659556919 0.9535
-6.96315730765999 0.9536
-6.963071673694 0.9537
-6.96295349977367 0.9538
-6.96280828580022 0.9539
-6.96264923436701 0.954
-6.96252449040947 0.9541
-6.96238416655383 0.9542
-6.96219367463178 0.9543
-6.96200306223332 0.9544
-6.9618031870193 0.9545
-6.96161549388732 0.9546
-6.96139205360171 0.9547
-6.96116519793194 0.9548
-6.96091488623802 0.9549
-6.96066197148865 0.955
-6.96042056185685 0.9551
-6.96021346920038 0.9552
-6.95999450219299 0.9553
-6.95977134220748 0.9554
-6.95952433461841 0.9555
-6.95927225690412 0.9556
-6.95900819650788 0.9557
-6.95873873392579 0.9558
-6.95850434860886 0.9559
-6.95826760957884 0.956
-6.95804032604477 0.9561
-6.95781517031013 0.9562
-6.95761824930642 0.9563
-6.95747308777987 0.9564
-6.95734248781384 0.9565
-6.95720667769009 0.9566
-6.9570593448842 0.9567
-6.95689337282903 0.9568
-6.95667933169662 0.9569
-6.95649415250512 0.957
-6.95631096157818 0.9571
-6.95610403869186 0.9572
-6.95584726902906 0.9573
-6.95559984554545 0.9574
-6.95538568331552 0.9575
-6.95518312753606 0.9576
-6.95502818863339 0.9577
-6.95488285574749 0.9578
-6.95476576951722 0.9579
-6.95465048055043 0.958
-6.95457186283944 0.9581
-6.95448786122844 0.9582
-6.95442284166091 0.9583
-6.95436069915315 0.9584
-6.95432741805488 0.9585
-6.95426586872108 0.9586
-6.9542055477247 0.9587
-6.95419719142942 0.9588
-6.95421223896079 0.9589
-6.95427666022166 0.959
-6.95437981365094 0.9591
-6.95454752461507 0.9592
-6.95473744180413 0.9593
-6.95496712193703 0.9594
-6.95526979695232 0.9595
-6.95557823409883 0.9596
-6.9559062584843 0.9597
-6.95625783905147 0.9598
-6.95661167796179 0.9599
-6.95695689044684 0.96
-6.95731523094143 0.9601
-6.95769051146 0.9602
-6.95805070081161 0.9603
-6.95839641079685 0.9604
-6.95870959778678 0.9605
-6.95899211898157 0.9606
-6.95924754831305 0.9607
-6.95948892435132 0.9608
-6.95969032314999 0.9609
-6.95982576341503 0.961
-6.95992587496913 0.9611
-6.95997568547738 0.9612
-6.96002122308159 0.9613
-6.96005077972691 0.9614
-6.96008787548654 0.9615
-6.96014196395286 0.9616
-6.96017446345388 0.9617
-6.96019936909185 0.9618
-6.9602123863664 0.9619
-6.96022828126822 0.962
-6.96022389795958 0.9621
-6.96021671145126 0.9622
-6.96020909869917 0.9623
-6.9601991684177 0.9624
-6.96017052448431 0.9625
-6.96016103684889 0.9626
-6.96015845112291 0.9627
-6.9601174617906 0.9628
-6.96005449408791 0.9629
-6.9600048516471 0.963
-6.95991757063639 0.9631
-6.95983647114905 0.9632
-6.95972694196188 0.9633
-6.9596246032742 0.9634
-6.95954457115822 0.9635
-6.95946086728728 0.9636
-6.95937764450361 0.9637
-6.9592710138333 0.9638
-6.95910324605649 0.9639
-6.95894218379742 0.964
-6.95879164696461 0.9641
-6.95863375594281 0.9642
-6.95845997222152 0.9643
-6.95827367051812 0.9644
-6.95807414088611 0.9645
-6.95787139141654 0.9646
-6.95768841235353 0.9647
-6.95750311664798 0.9648
-6.95731745153555 0.9649
-6.95716456386925 0.965
-6.95704233209295 0.9651
-6.95692331053904 0.9652
-6.9568460038604 0.9653
-6.95677854023638 0.9654
-6.95670956900613 0.9655
-6.95662541769732 0.9656
-6.95653717621945 0.9657
-6.95648095145579 0.9658
-6.95640252653921 0.9659
-6.95633956236924 0.966
-6.95628195507693 0.9661
-6.95626690710152 0.9662
-6.9562508887675 0.9663
-6.95625320997579 0.9664
-6.95629185301766 0.9665
-6.95637452070117 0.9666
-6.95648066290818 0.9667
-6.95659712169063 0.9668
-6.95676259952308 0.9669
-6.95692569246439 0.967
-6.95708597130212 0.9671
-6.95723887364495 0.9672
-6.95741585570065 0.9673
-6.95762737914 0.9674
-6.95783900761695 0.9675
-6.95805119977478 0.9676
-6.95828704153723 0.9677
-6.95852313407231 0.9678
-6.95870660125375 0.9679
-6.95886921929323 0.968
-6.95901407097876 0.9681
-6.95912235106719 0.9682
-6.95920548273488 0.9683
-6.95927690643783 0.9684
-6.95932460097326 0.9685
-6.95933235379707 0.9686
-6.95931127368133 0.9687
-6.95928125905326 0.9688
-6.95923503784915 0.9689
-6.95915883459101 0.969
-6.9590627087999 0.9691
-6.95897982586394 0.9692
-6.95886535324974 0.9693
-6.95872235883964 0.9694
-6.9585774169218 0.9695
-6.95845219750608 0.9696
-6.95830666336376 0.9697
-6.95818191490807 0.9698
-6.9580604794455 0.9699
-6.95794555214571 0.97
-6.95779518533219 0.9701
-6.95763999291523 0.9702
-6.95749704829143 0.9703
-6.95733951135757 0.9704
-6.95719316749382 0.9705
-6.95702301446085 0.9706
-6.95685141449226 0.9707
-6.95668531015481 0.9708
-6.95652969203771 0.9709
-6.95638384096954 0.971
-6.95621838396123 0.9711
-6.95602684033021 0.9712
-6.95583048869399 0.9713
-6.9556067706328 0.9714
-6.9554097766562 0.9715
-6.95524835894137 0.9716
-6.95509292210271 0.9717
-6.95494754059521 0.9718
-6.95476900447856 0.9719
-6.95459766009222 0.972
-6.9544682152639 0.9721
-6.95434059328684 0.9722
-6.95423120317125 0.9723
-6.9541402759407 0.9724
-6.95407133940033 0.9725
-6.95404276105366 0.9726
-6.9540337843524 0.9727
-6.95400069094154 0.9728
-6.95399142478105 0.9729
-6.95397274227461 0.973
-6.95398772520257 0.9731
-6.95400648647462 0.9732
-6.95403304033679 0.9733
-6.95403419087919 0.9734
-6.95402870365517 0.9735
-6.95402332096108 0.9736
-6.95399721823171 0.9737
-6.95398923442553 0.9738
-6.95394601614398 0.9739
-6.95389361626101 0.974
-6.95384068207889 0.9741
-6.95379639077479 0.9742
-6.95374432550857 0.9743
-6.95371845132049 0.9744
-6.95368542387539 0.9745
-6.95368582255548 0.9746
-6.95370505647789 0.9747
-6.95376731261157 0.9748
-6.95381921647928 0.9749
-6.95387244374593 0.975
-6.95391271280278 0.9751
-6.95392446069133 0.9752
-6.95393390973141 0.9753
-6.95393785623629 0.9754
-6.953943221938 0.9755
-6.95393589523265 0.9756
-6.95391522330962 0.9757
-6.95389434297603 0.9758
-6.95386373243684 0.9759
-6.95383839425878 0.976
-6.953818023943 0.9761
-6.95377860672301 0.9762
-6.95374095311313 0.9763
-6.95372540163623 0.9764
-6.95372018700551 0.9765
-6.95371672779911 0.9766
-6.95370956257957 0.9767
-6.9536710114223 0.9768
-6.95363533501623 0.9769
-6.95360100841492 0.977
-6.9535945929018 0.9771
-6.95355764785673 0.9772
-6.95352463964371 0.9773
-6.95351792585141 0.9774
-6.95347602093649 0.9775
-6.95339637091426 0.9776
-6.95329178686725 0.9777
-6.95316534128085 0.9778
-6.95307877188995 0.9779
-6.9530097906391 0.978
-6.95291017816976 0.9781
-6.95279681556828 0.9782
-6.95266495029935 0.9783
-6.95252226296359 0.9784
-6.95238388165173 0.9785
-6.95222762101053 0.9786
-6.9520227088631 0.9787
-6.95181384710875 0.9788
-6.9516123589941 0.9789
-6.9513851459643 0.979
-6.95116109445694 0.9791
-6.95093377462976 0.9792
-6.95070345543779 0.9793
-6.95048146843939 0.9794
-6.95025660347387 0.9795
-6.95001012009202 0.9796
-6.94978566597896 0.9797
-6.9495438806573 0.9798
-6.94926831476006 0.9799
-6.94897699541721 0.98
-6.94872441484845 0.9801
-6.94846655889149 0.9802
-6.94820797836723 0.9803
-6.94792382449019 0.9804
-6.94764266636703 0.9805
-6.94735912300773 0.9806
-6.94706092690663 0.9807
-6.94677193697587 0.9808
-6.94649225504995 0.9809
-6.94620987377646 0.981
-6.94595802771486 0.9811
-6.94571998199937 0.9812
-6.94551147053792 0.9813
-6.94531208345843 0.9814
-6.94511110817866 0.9815
-6.94494147191259 0.9816
-6.94481256488117 0.9817
-6.94471989074787 0.9818
-6.94467554913372 0.9819
-6.94465189433323 0.982
-6.94466803665511 0.9821
-6.94471378821031 0.9822
-6.94479057288498 0.9823
-6.94489212156815 0.9824
-6.94505534403553 0.9825
-6.94524398289669 0.9826
-6.94545494249713 0.9827
-6.94567779710048 0.9828
-6.94590218798924 0.9829
-6.94616036767762 0.983
-6.94640207096592 0.9831
-6.9466466640984 0.9832
-6.94689912845948 0.9833
-6.94716613765827 0.9834
-6.94746332078925 0.9835
-6.94776000319843 0.9836
-6.94808166624038 0.9837
-6.94839378719853 0.9838
-6.94871076870826 0.9839
-6.94903224860057 0.984
-6.94936100800308 0.9841
-6.94965916168126 0.9842
-6.94992713096814 0.9843
-6.95017114757722 0.9844
-6.95037634684891 0.9845
-6.95053619270122 0.9846
-6.95067243865214 0.9847
-6.95078545444156 0.9848
-6.95084701550145 0.9849
-6.95086168924829 0.985
-6.95083430732933 0.9851
-6.95077438698146 0.9852
-6.95068108947585 0.9853
-6.95058269665892 0.9854
-6.9504611515175 0.9855
-6.95030246368983 0.9856
-6.9501518845739 0.9857
-6.95001193085272 0.9858
-6.94993575902539 0.9859
-6.94987628205766 0.986
-6.94981012575399 0.9861
-6.94972373707049 0.9862
-6.94964892335587 0.9863
-6.94958300052957 0.9864
-6.94953796070202 0.9865
-6.9494912715919 0.9866
-6.94944589887241 0.9867
-6.94945258630087 0.9868
-6.94946428558925 0.9869
-6.94951931211777 0.987
-6.94956152431327 0.9871
-6.949605716475 0.9872
-6.94966227341955 0.9873
-6.94973094277547 0.9874
-6.94983760876482 0.9875
-6.94996990087848 0.9876
-6.95012008252713 0.9877
-6.95029996591551 0.9878
-6.95047556004905 0.9879
-6.95065144966947 0.988
-6.95081877467341 0.9881
-6.95098899849618 0.9882
-6.95118018997317 0.9883
-6.95132558591069 0.9884
-6.95146459483116 0.9885
-6.95159456518584 0.9886
-6.95172102486723 0.9887
-6.95183347342845 0.9888
-6.95192980688682 0.9889
-6.95201156361871 0.989
-6.9520810182565 0.9891
-6.95219934585107 0.9892
-6.95228936848203 0.9893
-6.95237726878364 0.9894
-6.95246304447478 0.9895
-6.95252516775098 0.9896
-6.95256932119524 0.9897
-6.95258112654997 0.9898
-6.95258992256795 0.9899
-6.95255516302372 0.99
-6.95251069901383 0.9901
-6.95245584024252 0.9902
-6.95239637881463 0.9903
-6.95236213688731 0.9904
-6.95233270802566 0.9905
-6.9523030146426 0.9906
-6.95230356750076 0.9907
-6.95230305269126 0.9908
-6.95226598074841 0.9909
-6.95224966059971 0.991
-6.9522213781272 0.9911
-6.95220917844215 0.9912
-6.95219963556101 0.9913
-6.95215750769477 0.9914
-6.95211305332156 0.9915
-6.95204509524847 0.9916
-6.95194444824526 0.9917
-6.95183048137441 0.9918
-6.95175325002031 0.9919
-6.95164290587551 0.992
-6.95154317696818 0.9921
-6.95144335788712 0.9922
-6.95134541806324 0.9923
-6.95123408724577 0.9924
-6.95113849873679 0.9925
-6.95101762085557 0.9926
-6.95085499468003 0.9927
-6.95067182575463 0.9928
-6.95049148058537 0.9929
-6.95030673998403 0.993
-6.95011656502191 0.9931
-6.94995193813632 0.9932
-6.9498453510195 0.9933
-6.94974834075512 0.9934
-6.94969565183464 0.9935
-6.94964120022277 0.9936
-6.94962388478877 0.9937
-6.94958997603787 0.9938
-6.94956526475513 0.9939
-6.94954528170334 0.994
-6.94952199733661 0.9941
-6.94950358104693 0.9942
-6.94954092702562 0.9943
-6.94957118748211 0.9944
-6.94957830536265 0.9945
-6.94959808616271 0.9946
-6.94960224141979 0.9947
-6.94963554233388 0.9948
-6.94965895508626 0.9949
-6.94970091318232 0.995
-6.94974374351235 0.9951
-6.94974220370809 0.9952
-6.94973235587165 0.9953
-6.94974858615668 0.9954
-6.94972526539185 0.9955
-6.94969620978147 0.9956
-6.94968102767987 0.9957
-6.94966391905917 0.9958
-6.94962015365514 0.9959
-6.94955519587005 0.996
-6.94947076914873 0.9961
-6.94937218245671 0.9962
-6.94922698890686 0.9963
-6.94908618549325 0.9964
-6.94895593234517 0.9965
-6.94878247132936 0.9966
-6.94855978580971 0.9967
-6.94830375075867 0.9968
-6.94804793461609 0.9969
-6.94777943873519 0.997
-6.94747698163912 0.9971
-6.94716667511702 0.9972
-6.94686600539911 0.9973
-6.94659846221045 0.9974
-6.94635545798261 0.9975
-6.94613817975277 0.9976
-6.94592805175523 0.9977
-6.94576090825575 0.9978
-6.94561681195402 0.9979
-6.94547630951376 0.998
-6.9453416548729 0.9981
-6.94522003850862 0.9982
-6.94509842246937 0.9983
-6.94496952256825 0.9984
-6.94483973460045 0.9985
-6.9447017535979 0.9986
-6.94459215021824 0.9987
-6.94450261721688 0.9988
-6.94443899279891 0.9989
-6.94434796143702 0.999
-6.94425078967174 0.9991
-6.94413756142762 0.9992
-6.94403588568513 0.9993
-6.94395889861147 0.9994
-6.94390369005037 0.9995
-6.94384446842786 0.9996
-6.94378239736575 0.9997
-6.943724916475 0.9998
-6.94365659193316 0.9999
-6.94356479285006 1
